id;numero;rep;nom_voie;code_postal;code_insee;nom_commune;nom_ancienne_commune;nom_ld;lon;lat
59390_9hs0wa_00002;2;;Rue du Clair Marais;59176;59390;Masny;;;3.203071;50.349094
59390_9hs0wa_00003;3;;Rue du Clair Marais;59176;59390;Masny;;;3.203005;50.348735
59390_9hs0wa_00005;5;;Rue du Clair Marais;59176;59390;Masny;;;3.203089;50.348731
59390_9hs0wa_00007;7;;Rue du Clair Marais;59176;59390;Masny;;;3.203173;50.348727
59390_9hs0wa_00017;17;;Rue du Clair Marais;59176;59390;Masny;;;3.203189;50.349066
59390_9hs0wa_00006;6;;Rue du Clair Marais;59176;59390;Masny;;;3.203085;50.349122
59390_9hs0wa_00013;13;;Rue du Clair Marais;59176;59390;Masny;;;3.203428;50.348716
59390_9hs0wa_00019;19;;Rue du Clair Marais;59176;59390;Masny;;;3.203189;50.349066
59390_9hs0wa_00039;39;;Rue du Clair Marais;59176;59390;Masny;;;3.203217;50.349144
59390_ymjdyq_00005;5;;Residence la Chapelle;59176;59390;Masny;;;3.203452;50.340727
59390_ymjdyq_00008;8;;Residence la Chapelle;59176;59390;Masny;;;3.203543;50.340994
59390_ymjdyq_00009;9;;Residence la Chapelle;59176;59390;Masny;;;3.203442;50.340965
59390_fbrma1_00008;8;;Rue du Coron Chinois;59176;59390;Masny;;;3.201439;50.343856
59390_fbrma1_00012;12;;Rue du Coron Chinois;59176;59390;Masny;;;3.202115;50.343688
59390_cvth6e_00052;52;;Place du General de Gaulle;59176;59390;Masny;;;3.200175;50.346118
59390_0380_00001;1;;Rue de la Fabrique;59176;59390;Masny;;;3.19975;50.343779
59390_0380_00003;3;;Rue de la Fabrique;59176;59390;Masny;;;3.199799;50.343835
59390_0380_00004;4;;Rue de la Fabrique;59176;59390;Masny;;;3.201725;50.345182
59390_0380_00005;5;;Rue de la Fabrique;59176;59390;Masny;;;3.2015;50.344826
59390_0380_00008;8;;Rue de la Fabrique;59176;59390;Masny;;;3.201534;50.343992
59390_0380_00013;13;;Rue de la Fabrique;59176;59390;Masny;;;3.200668;50.3446
59390_0380_00016;16;;Rue de la Fabrique;59176;59390;Masny;;;3.201456;50.34358
59390_0380_00025;25;;Rue de la Fabrique;59176;59390;Masny;;;3.201177;50.344335
59390_0380_00028;28;;Rue de la Fabrique;59176;59390;Masny;;;3.201701;50.342622
59390_0380_00030;30;;Rue de la Fabrique;59176;59390;Masny;;;3.201896;50.342109
59390_0380_00034;34;;Rue de la Fabrique;59176;59390;Masny;;;3.202117;50.341582
59390_9hs0wa_00029;29;;Rue du Clair Marais;59176;59390;Masny;;;3.203506;50.349103
59390_9hs0wa_00035;35;;Rue du Clair Marais;59176;59390;Masny;;;3.203506;50.349103
59390_ymjdyq_00001;1;;Residence la Chapelle;59176;59390;Masny;;;3.202994;50.340141
59390_ymjdyq_00002;2;;Residence la Chapelle;59176;59390;Masny;;;3.202787;50.340366
59390_ymjdyq_00004;4;;Residence la Chapelle;59176;59390;Masny;;;3.203309;50.34061
59390_ymjdyq_00007;7;;Residence la Chapelle;59176;59390;Masny;;;3.203725;50.340906
59390_ymjdyq_00011;11;;Residence la Chapelle;59176;59390;Masny;;;3.202709;50.340818
59390_fbrma1_00010;10;;Rue du Coron Chinois;59176;59390;Masny;;;3.201777;50.343772
59390_fbrma1_00012_bis;12;bis;Rue du Coron Chinois;59176;59390;Masny;;;3.202284;50.343647
59390_0380_00012;12;;Rue de la Fabrique;59176;59390;Masny;;;3.201984;50.343869
59390_0380_00020;20;;Rue de la Fabrique;59176;59390;Masny;;;3.201497;50.343295
59390_0380_00024;24;;Rue de la Fabrique;59176;59390;Masny;;;3.201586;50.34296
59390_0380_00033;33;;Rue de la Fabrique;59176;59390;Masny;;;3.20115;50.343323
59390_0380_00037;37;;Rue de la Fabrique;59176;59390;Masny;;;3.201392;50.343006
59390_0380_00039;39;;Rue de la Fabrique;59176;59390;Masny;;;3.200108;50.342864
59390_9hs0wa_00004;4;;Rue du Clair Marais;59176;59390;Masny;;;3.203071;50.349094
59390_9hs0wa_00008;8;;Rue du Clair Marais;59176;59390;Masny;;;3.203085;50.349122
59390_9hs0wa_00015;15;;Rue du Clair Marais;59176;59390;Masny;;;3.203189;50.349066
59390_9hs0wa_00021;21;;Rue du Clair Marais;59176;59390;Masny;;;3.203453;50.349029
59390_9hs0wa_00027;27;;Rue du Clair Marais;59176;59390;Masny;;;3.203818;50.349303
59390_9hs0wa_00031;31;;Rue du Clair Marais;59176;59390;Masny;;;3.203506;50.349103
59390_ymjdyq_00003;3;;Residence la Chapelle;59176;59390;Masny;;;3.20275;50.340497
59390_ymjdyq_00007_bis;7;bis;Residence la Chapelle;59176;59390;Masny;;;3.203725;50.340907
59390_fbrma1_00014;14;;Rue du Coron Chinois;59176;59390;Masny;;;3.202453;50.343605
59390_fbrma1_00010_bis;10;bis;Rue du Coron Chinois;59176;59390;Masny;;;3.201946;50.34373
59390_fbrma1_00008_bis;8;bis;Rue du Coron Chinois;59176;59390;Masny;;;3.201608;50.343814
59390_cvth6e_00054;54;;Place du General de Gaulle;59176;59390;Masny;;;3.200175;50.346118
59390_0380_00006;6;;Rue de la Fabrique;59176;59390;Masny;;;3.201492;50.344092
59390_0380_00007;7;;Rue de la Fabrique;59176;59390;Masny;;;3.201478;50.344746
59390_0380_00010;10;;Rue de la Fabrique;59176;59390;Masny;;;3.201778;50.343925
59390_0380_00011;11;;Rue de la Fabrique;59176;59390;Masny;;;3.200868;50.344507
59390_0380_00014;14;;Rue de la Fabrique;59176;59390;Masny;;;3.202162;50.343813
59390_0380_00015;15;;Rue de la Fabrique;59176;59390;Masny;;;3.200485;50.344654
59390_0380_00017;17;;Rue de la Fabrique;59176;59390;Masny;;;3.200371;50.34457
59390_0380_00021;21;;Rue de la Fabrique;59176;59390;Masny;;;3.200569;50.344436
59390_0380_00023;23;;Rue de la Fabrique;59176;59390;Masny;;;3.200824;50.344422
59390_0380_00027;27;;Rue de la Fabrique;59176;59390;Masny;;;3.20106;50.344137
59390_0380_00031;31;;Rue de la Fabrique;59176;59390;Masny;;;3.201274;50.343612
59390_0380_00032;32;;Rue de la Fabrique;59176;59390;Masny;;;3.202009;50.341836
59390_0380_00038;38;;Rue de la Fabrique;59176;59390;Masny;;;3.202337;50.341125
59390_0380_00041;41;;Rue de la Fabrique;59176;59390;Masny;;;3.200122;50.342864
59390_9hs0wa_00001;1;;Rue du Clair Marais;59176;59390;Masny;;;3.202675;50.348685
59390_9hs0wa_00009;9;;Rue du Clair Marais;59176;59390;Masny;;;3.203259;50.348724
59390_9hs0wa_00011;11;;Rue du Clair Marais;59176;59390;Masny;;;3.203343;50.34872
59390_9hs0wa_00023;23;;Rue du Clair Marais;59176;59390;Masny;;;3.203612;50.349004
59390_9hs0wa_00025;25;;Rue du Clair Marais;59176;59390;Masny;;;3.203766;50.349199
59390_9hs0wa_00033;33;;Rue du Clair Marais;59176;59390;Masny;;;3.203506;50.349103
59390_9hs0wa_00037;37;;Rue du Clair Marais;59176;59390;Masny;;;3.203217;50.349144
59390_ymjdyq_00006;6;;Residence la Chapelle;59176;59390;Masny;;;3.203676;50.340849
59390_ymjdyq_00010;10;;Residence la Chapelle;59176;59390;Masny;;;3.203312;50.340821
59390_cvth6e_00056;56;;Place du General de Gaulle;59176;59390;Masny;;;3.200175;50.346118
59390_0380_00002;2;;Rue de la Fabrique;59176;59390;Masny;;;3.201743;50.345258
59390_0380_00009;9;;Rue de la Fabrique;59176;59390;Masny;;;3.201193;50.344427
59390_0380_00018;18;;Rue de la Fabrique;59176;59390;Masny;;;3.201461;50.343514
59390_0380_00019;19;;Rue de la Fabrique;59176;59390;Masny;;;3.200402;50.344458
59390_0380_00022;22;;Rue de la Fabrique;59176;59390;Masny;;;3.201547;50.343095
59390_0380_00026;26;;Rue de la Fabrique;59176;59390;Masny;;;3.201642;50.342782
59390_0380_00029;29;;Rue de la Fabrique;59176;59390;Masny;;;3.201271;50.343922
59390_0380_00035;35;;Rue de la Fabrique;59176;59390;Masny;;;3.201359;50.343094
59390_0380_00036;36;;Rue de la Fabrique;59176;59390;Masny;;;3.202219;50.341341
59390_0380_00051;51;;Rue de la Fabrique;59176;59390;Masny;;;3.2017;50.340692
59390_0550_00005;5;;Rue Jean Ferrat;59176;59390;Masny;;;3.200513;50.33972
59390_0550_00008;8;;Rue Jean Ferrat;59176;59390;Masny;;;3.199541;50.339815
59390_0550_00009;9;;Rue Jean Ferrat;59176;59390;Masny;;;3.199474;50.339584
59390_0550_00011;11;;Rue Jean Ferrat;59176;59390;Masny;;;3.199932;50.339559
59390_0550_00014;14;;Rue Jean Ferrat;59176;59390;Masny;;;3.200629;50.339447
59390_0550_00015;15;;Rue Jean Ferrat;59176;59390;Masny;;;3.200855;50.339409
59390_0550_00018;18;;Rue Jean Ferrat;59176;59390;Masny;;;3.20178;50.339493
59390_0550_00022;22;;Rue Jean Ferrat;59176;59390;Masny;;;3.201314;50.339063
59390_0550_00024;24;;Rue Jean Ferrat;59176;59390;Masny;;;3.200715;50.339212
59390_0550_00026;26;;Rue Jean Ferrat;59176;59390;Masny;;;3.200198;50.339294
59390_0550_00031;31;;Rue Jean Ferrat;59176;59390;Masny;;;3.199032;50.339556
59390_edcol4_00005;5;;Rue du Capitaine We Nixon;59176;59390;Masny;;;3.200507;50.345295
59390_edcol4_00009;9;;Rue du Capitaine We Nixon;59176;59390;Masny;;;3.200128;50.344824
59390_edcol4_00014;14;;Rue du Capitaine We Nixon;59176;59390;Masny;;;3.199971;50.345457
59390_edcol4_00015;15;;Rue du Capitaine We Nixon;59176;59390;Masny;;;3.200118;50.345646
59390_0530_00001;1;;Avenue du 8 Mai 1945;59176;59390;Masny;;;3.204742;50.336288
59390_0530_00002;2;;Avenue du 8 Mai 1945;59176;59390;Masny;;;3.204081;50.336694
59390_0530_00004;4;;Avenue du 8 Mai 1945;59176;59390;Masny;;;3.203983;50.336705
59390_0530_00051;51;;Avenue du 8 Mai 1945;59176;59390;Masny;;;3.188513;50.338376
59390_0530_00053;53;;Avenue du 8 Mai 1945;59176;59390;Masny;;;3.188378;50.338391
59390_0530_00065;65;;Avenue du 8 Mai 1945;59176;59390;Masny;;;3.186906;50.33857
59390_0530_00066;66;;Avenue du 8 Mai 1945;59176;59390;Masny;;;3.197397;50.337492
59390_0530_00067;67;;Avenue du 8 Mai 1945;59176;59390;Masny;;;3.186313;50.338636
59390_0530_00073;73;;Avenue du 8 Mai 1945;59176;59390;Masny;;;3.185812;50.338697
59390_0530_00074;74;;Avenue du 8 Mai 1945;59176;59390;Masny;;;3.190528;50.338304
59390_0530_00075;75;;Avenue du 8 Mai 1945;59176;59390;Masny;;;3.185694;50.33871
59390_0530_00077;77;;Avenue du 8 Mai 1945;59176;59390;Masny;;;3.185568;50.338726
59390_0380_00043;43;;Rue de la Fabrique;59176;59390;Masny;;;3.200136;50.342864
59390_0380_00047;47;;Rue de la Fabrique;59176;59390;Masny;;;3.201832;50.341843
59390_0380_00055;55;;Rue de la Fabrique;59176;59390;Masny;;;3.201862;50.34052
59390_0380_00010_bis;10;bis;Rue de la Fabrique;59176;59390;Masny;;;3.201826;50.343879
59390_0550_00001;1;;Rue Jean Ferrat;59176;59390;Masny;;;3.201618;50.339729
59390_0550_00002;2;;Rue Jean Ferrat;59176;59390;Masny;;;3.201388;50.339756
59390_0550_00003;3;;Rue Jean Ferrat;59176;59390;Masny;;;3.201171;50.339786
59390_0550_00006;6;;Rue Jean Ferrat;59176;59390;Masny;;;3.200102;50.339761
59390_0550_00010;10;;Rue Jean Ferrat;59176;59390;Masny;;;3.19969;50.339586
59390_0550_00013;13;;Rue Jean Ferrat;59176;59390;Masny;;;3.20043;50.339439
59390_0550_00025;25;;Rue Jean Ferrat;59176;59390;Masny;;;3.200442;50.339256
59390_0550_00032;32;;Rue Jean Ferrat;59176;59390;Masny;;;3.199094;50.33969
59390_edcol4_00003;3;;Rue du Capitaine We Nixon;59176;59390;Masny;;;3.200914;50.345178
59390_edcol4_00007;7;;Rue du Capitaine We Nixon;59176;59390;Masny;;;3.200364;50.345138
59390_edcol4_00010;10;;Rue du Capitaine We Nixon;59176;59390;Masny;;;3.199856;50.344879
59390_2xf9pd_00080;80;;Rue Vanin;59176;59390;Masny;;;3.20619;50.35039
59390_0530_00007;7;;Avenue du 8 Mai 1945;59176;59390;Masny;;;3.202013;50.336785
59390_0530_00008;8;;Avenue du 8 Mai 1945;59176;59390;Masny;;;3.202323;50.33716
59390_0530_00010;10;;Avenue du 8 Mai 1945;59176;59390;Masny;;;3.202337;50.33716
59390_0530_00013;13;;Avenue du 8 Mai 1945;59176;59390;Masny;;;3.20123;50.336879
59390_0530_00014;14;;Avenue du 8 Mai 1945;59176;59390;Masny;;;3.202365;50.33716
59390_0530_00016;16;;Avenue du 8 Mai 1945;59176;59390;Masny;;;3.202379;50.33716
59390_0530_00031;31;;Avenue du 8 Mai 1945;59176;59390;Masny;;;3.19904;50.337142
59390_0530_00033;33;;Avenue du 8 Mai 1945;59176;59390;Masny;;;3.198612;50.337192
59390_0530_00035;35;;Avenue du 8 Mai 1945;59176;59390;Masny;;;3.198234;50.337236
59390_0530_00037;37;;Avenue du 8 Mai 1945;59176;59390;Masny;;;3.197864;50.33728
59390_0530_00039;39;;Avenue du 8 Mai 1945;59176;59390;Masny;;;3.181893;50.339328
59390_0530_00059;59;;Avenue du 8 Mai 1945;59176;59390;Masny;;;3.187273;50.338522
59390_0530_00060;60;;Avenue du 8 Mai 1945;59176;59390;Masny;;;3.198971;50.337308
59390_0530_00063;63;;Avenue du 8 Mai 1945;59176;59390;Masny;;;3.187063;50.338548
59390_0530_00069;69;;Avenue du 8 Mai 1945;59176;59390;Masny;;;3.186106;50.338661
59390_0530_00072;72;;Avenue du 8 Mai 1945;59176;59390;Masny;;;3.190629;50.338292
59390_0530_00076;76;;Avenue du 8 Mai 1945;59176;59390;Masny;;;3.190413;50.338318
59390_0530_00079;79;;Avenue du 8 Mai 1945;59176;59390;Masny;;;3.185382;50.338748
59390_0530_00081;81;;Avenue du 8 Mai 1945;59176;59390;Masny;;;3.185198;50.33877
59390_0530_00082;82;;Avenue du 8 Mai 1945;59176;59390;Masny;;;3.189812;50.338457
59390_0380_00053;53;;Rue de la Fabrique;59176;59390;Masny;;;3.201997;50.340363
59390_0380_00014_bis;14;bis;Rue de la Fabrique;59176;59390;Masny;;;3.202233;50.343766
59390_0550_00017;17;;Rue Jean Ferrat;59176;59390;Masny;;;3.201282;50.339385
59390_0550_00019;19;;Rue Jean Ferrat;59176;59390;Masny;;;3.201468;50.339285
59390_0550_00020;20;;Rue Jean Ferrat;59176;59390;Masny;;;3.201434;50.339195
59390_0550_00021;21;;Rue Jean Ferrat;59176;59390;Masny;;;3.201355;50.33916
59390_0550_00023;23;;Rue Jean Ferrat;59176;59390;Masny;;;3.20104;50.339077
59390_0550_00029;29;;Rue Jean Ferrat;59176;59390;Masny;;;3.199378;50.339422
59390_edcol4_00001;1;;Rue du Capitaine We Nixon;59176;59390;Masny;;;3.2014;50.345074
59390_edcol4_00002;2;;Rue du Capitaine We Nixon;59176;59390;Masny;;;3.201152;50.345128
59390_edcol4_00006;6;;Rue du Capitaine We Nixon;59176;59390;Masny;;;3.200283;50.345358
59390_edcol4_00008;8;;Rue du Capitaine We Nixon;59176;59390;Masny;;;3.200241;50.344999
59390_edcol4_00012;12;;Rue du Capitaine We Nixon;59176;59390;Masny;;;3.199793;50.345193
59390_8zftj0_00001;1;;Rue des Cerisiers;59176;59390;Masny;;;3.194411;50.339442
59390_0380_00045;45;;Rue de la Fabrique;59176;59390;Masny;;;3.20015;50.342864
59390_0380_00049;49;;Rue de la Fabrique;59176;59390;Masny;;;3.199991;50.340807
59390_0380_00057;57;;Rue de la Fabrique;59176;59390;Masny;;;3.201997;50.340363
59390_0380_00008_bis;8;bis;Rue de la Fabrique;59176;59390;Masny;;;3.201628;50.343933
59390_0380_00012_bis;12;bis;Rue de la Fabrique;59176;59390;Masny;;;3.202035;50.34382
59390_0380_00002_a;2;a;Rue de la Fabrique;59176;59390;Masny;;;3.201795;50.345279
59390_0380_00028_a;28;a;Rue de la Fabrique;59176;59390;Masny;;;3.201742;50.342503
59390_0550_00004;4;;Rue Jean Ferrat;59176;59390;Masny;;;3.200958;50.339813
59390_0550_00007;7;;Rue Jean Ferrat;59176;59390;Masny;;;3.199811;50.339833
59390_0550_00012;12;;Rue Jean Ferrat;59176;59390;Masny;;;3.20021;50.339532
59390_0550_00016;16;;Rue Jean Ferrat;59176;59390;Masny;;;3.201069;50.339397
59390_0550_00027;27;;Rue Jean Ferrat;59176;59390;Masny;;;3.199907;50.339343
59390_0550_00028;28;;Rue Jean Ferrat;59176;59390;Masny;;;3.199643;50.339387
59390_0550_00030;30;;Rue Jean Ferrat;59176;59390;Masny;;;3.199114;50.339338
59390_0550_00033;33;;Rue Jean Ferrat;59176;59390;Masny;;;3.199097;50.339841
59390_edcol4_00004;4;;Rue du Capitaine We Nixon;59176;59390;Masny;;;3.2007;50.345241
59390_edcol4_00011;11;;Rue du Capitaine We Nixon;59176;59390;Masny;;;3.199588;50.344937
59390_edcol4_00013;13;;Rue du Capitaine We Nixon;59176;59390;Masny;;;3.199872;50.345359
59390_0530_00005;5;;Avenue du 8 Mai 1945;59176;59390;Masny;;;3.203482;50.336591
59390_0530_00011;11;;Avenue du 8 Mai 1945;59176;59390;Masny;;;3.201442;50.336852
59390_0530_00015;15;;Avenue du 8 Mai 1945;59176;59390;Masny;;;3.201131;50.336891
59390_0530_00017;17;;Avenue du 8 Mai 1945;59176;59390;Masny;;;3.201051;50.336901
59390_0530_00021;21;;Avenue du 8 Mai 1945;59176;59390;Masny;;;3.200881;50.33692
59390_0530_00023;23;;Avenue du 8 Mai 1945;59176;59390;Masny;;;3.200797;50.336929
59390_0530_00027;27;;Avenue du 8 Mai 1945;59176;59390;Masny;;;3.200568;50.336958
59390_0530_00029;29;;Avenue du 8 Mai 1945;59176;59390;Masny;;;3.199989;50.33703
59390_0530_00056;56;;Avenue du 8 Mai 1945;59176;59390;Masny;;;3.201164;50.33794
59390_0530_00061;61;;Avenue du 8 Mai 1945;59176;59390;Masny;;;3.187172;50.338535
59390_0530_00068;68;;Avenue du 8 Mai 1945;59176;59390;Masny;;;3.187686;50.33847
59390_0530_00071;71;;Avenue du 8 Mai 1945;59176;59390;Masny;;;3.185947;50.33868
59390_0530_00080;80;;Avenue du 8 Mai 1945;59176;59390;Masny;;;3.190075;50.338448
59390_0530_00087;87;;Avenue du 8 Mai 1945;59176;59390;Masny;;;3.18472;50.338828
59390_0530_00089;89;;Avenue du 8 Mai 1945;59176;59390;Masny;;;3.184636;50.338838
59390_0530_00003;3;;Avenue du 8 Mai 1945;59176;59390;Masny;;;3.204309;50.336468
59390_0530_00006;6;;Avenue du 8 Mai 1945;59176;59390;Masny;;;3.202309;50.33716
59390_0530_00009;9;;Avenue du 8 Mai 1945;59176;59390;Masny;;;3.201656;50.336829
59390_0530_00012;12;;Avenue du 8 Mai 1945;59176;59390;Masny;;;3.202351;50.33716
59390_0530_00019;19;;Avenue du 8 Mai 1945;59176;59390;Masny;;;3.200968;50.336909
59390_0530_00025;25;;Avenue du 8 Mai 1945;59176;59390;Masny;;;3.200716;50.33694
59390_0530_00057;57;;Avenue du 8 Mai 1945;59176;59390;Masny;;;3.187406;50.338507
59390_0530_00058;58;;Avenue du 8 Mai 1945;59176;59390;Masny;;;3.19902;50.337294
59390_0530_00062;62;;Avenue du 8 Mai 1945;59176;59390;Masny;;;3.198328;50.337381
59390_0530_00064;64;;Avenue du 8 Mai 1945;59176;59390;Masny;;;3.19778;50.337445
59390_0530_00070;70;;Avenue du 8 Mai 1945;59176;59390;Masny;;;3.190781;50.338274
59390_0530_00078;78;;Avenue du 8 Mai 1945;59176;59390;Masny;;;3.190231;50.338339
59390_0530_00083;83;;Avenue du 8 Mai 1945;59176;59390;Masny;;;3.185011;50.338788
59390_0530_00084;84;;Avenue du 8 Mai 1945;59176;59390;Masny;;;3.189561;50.338419
59390_0530_00085;85;;Avenue du 8 Mai 1945;59176;59390;Masny;;;3.184873;50.338809
59390_0530_00086;86;;Avenue du 8 Mai 1945;59176;59390;Masny;;;3.189419;50.338436
59390_0530_00088;88;;Avenue du 8 Mai 1945;59176;59390;Masny;;;3.189275;50.338453
59390_0530_00091;91;;Avenue du 8 Mai 1945;59176;59390;Masny;;;3.184543;50.338849
59390_0530_00090;90;;Avenue du 8 Mai 1945;59176;59390;Masny;;;3.189122;50.338472
59390_0530_00092;92;;Avenue du 8 Mai 1945;59176;59390;Masny;;;3.188977;50.338488
59390_0530_00094;94;;Avenue du 8 Mai 1945;59176;59390;Masny;;;3.188827;50.338506
59390_0530_00099;99;;Avenue du 8 Mai 1945;59176;59390;Masny;;;3.183864;50.338928
59390_0530_00101;101;;Avenue du 8 Mai 1945;59176;59390;Masny;;;3.183699;50.338947
59390_0530_00107;107;;Avenue du 8 Mai 1945;59176;59390;Masny;;;3.183186;50.339006
59390_0530_00109;109;;Avenue du 8 Mai 1945;59176;59390;Masny;;;3.182949;50.339033
59390_0530_00112;112;;Avenue du 8 Mai 1945;59176;59390;Masny;;;3.186807;50.338744
59390_0530_00115;115;;Avenue du 8 Mai 1945;59176;59390;Masny;;;3.182485;50.339087
59390_0530_00116;116;;Avenue du 8 Mai 1945;59176;59390;Masny;;;3.186222;50.338823
59390_0530_00119;119;;Avenue du 8 Mai 1945;59176;59390;Masny;;;3.182204;50.33912
59390_0530_00120;120;;Avenue du 8 Mai 1945;59176;59390;Masny;;;3.184675;50.339004
59390_0530_00125;125;;Avenue du 8 Mai 1945;59176;59390;Masny;;;3.18158;50.339191
59390_0530_00126;126;;Avenue du 8 Mai 1945;59176;59390;Masny;;;3.182531;50.339241
59390_0530_00051_bis;51;bis;Avenue du 8 Mai 1945;59176;59390;Masny;;;3.188513;50.338376
59390_0530_00002_b;2;b;Avenue du 8 Mai 1945;59176;59390;Masny;;;3.204635;50.336638
59390_0530_00082_b;82;b;Avenue du 8 Mai 1945;59176;59390;Masny;;;3.189812;50.338457
59390_0530_00066_b;66;b;Avenue du 8 Mai 1945;59176;59390;Masny;;;3.191399;50.33819
59390_0530_00058_e;58;e;Avenue du 8 Mai 1945;59176;59390;Masny;;;3.19902;50.337295
59390_0530_00124_a;124;a;Avenue du 8 Mai 1945;59176;59390;Masny;;;3.182938;50.339196
59390_0530_00100;100;;Avenue du 8 Mai 1945;59176;59390;Masny;;;3.188381;50.338558
59390_0530_00106;106;;Avenue du 8 Mai 1945;59176;59390;Masny;;;3.187687;50.33864
59390_0530_00113;113;;Avenue du 8 Mai 1945;59176;59390;Masny;;;3.182619;50.339071
59390_0530_00114;114;;Avenue du 8 Mai 1945;59176;59390;Masny;;;3.186519;50.338778
59390_0530_00082_c;82;c;Avenue du 8 Mai 1945;59176;59390;Masny;;;3.189812;50.338457
59390_0530_00093;93;;Avenue du 8 Mai 1945;59176;59390;Masny;;;3.18445;50.338859
59390_0530_00095;95;;Avenue du 8 Mai 1945;59176;59390;Masny;;;3.184218;50.338887
59390_0530_00096;96;;Avenue du 8 Mai 1945;59176;59390;Masny;;;3.188684;50.338523
59390_0530_00097;97;;Avenue du 8 Mai 1945;59176;59390;Masny;;;3.184063;50.338905
59390_0530_00098;98;;Avenue du 8 Mai 1945;59176;59390;Masny;;;3.188537;50.338541
59390_0530_00102;102;;Avenue du 8 Mai 1945;59176;59390;Masny;;;3.188241;50.338575
59390_0530_00103;103;;Avenue du 8 Mai 1945;59176;59390;Masny;;;3.183595;50.338959
59390_0530_00104;104;;Avenue du 8 Mai 1945;59176;59390;Masny;;;3.187934;50.33862
59390_0530_00105;105;;Avenue du 8 Mai 1945;59176;59390;Masny;;;3.183423;50.338978
59390_0530_00108;108;;Avenue du 8 Mai 1945;59176;59390;Masny;;;3.187494;50.338662
59390_0530_00111;111;;Avenue du 8 Mai 1945;59176;59390;Masny;;;3.182761;50.339055
59390_0530_00123;123;;Avenue du 8 Mai 1945;59176;59390;Masny;;;3.181959;50.339148
59390_0530_00085_bis;85;bis;Avenue du 8 Mai 1945;59176;59390;Masny;;;3.185025;50.338774
59390_0530_00056_bis;56;bis;Avenue du 8 Mai 1945;59176;59390;Masny;;;3.198879;50.337313
59390_0530_00058_a;58;a;Avenue du 8 Mai 1945;59176;59390;Masny;;;3.198312;50.337383
59390_0530_00068_bis;68;bis;Avenue du 8 Mai 1945;59176;59390;Masny;;;3.2049;50.336549
59390_0530_00082_a;82;a;Avenue du 8 Mai 1945;59176;59390;Masny;;;3.190025;50.338374
59390_0530_00066_c;66;c;Avenue du 8 Mai 1945;59176;59390;Masny;;;3.192797;50.338045
59390_0530_00099_a;99;a;Avenue du 8 Mai 1945;59176;59390;Masny;;;3.183866;50.338929
59390_0530_00058_b;58;b;Avenue du 8 Mai 1945;59176;59390;Masny;;;3.19902;50.337295
59390_0530_00075_bis;75;bis;Avenue du 8 Mai 1945;59176;59390;Masny;;;3.185973;50.338669
59390_0530_00002_c;2;c;Avenue du 8 Mai 1945;59176;59390;Masny;;;3.204531;50.336815
59390_0530_00065_bis;65;bis;Avenue du 8 Mai 1945;59176;59390;Masny;;;3.18638;50.338624
59390_0580_00001;1;;Rue Jules Caffart;59176;59390;Masny;;;3.201651;50.349934
59390_0530_00110;110;;Avenue du 8 Mai 1945;59176;59390;Masny;;;3.187237;50.338691
59390_0530_00117;117;;Avenue du 8 Mai 1945;59176;59390;Masny;;;3.182343;50.339103
59390_0530_00118;118;;Avenue du 8 Mai 1945;59176;59390;Masny;;;3.184809;50.338988
59390_0530_00121;121;;Avenue du 8 Mai 1945;59176;59390;Masny;;;3.182068;50.339135
59390_0530_00122;122;;Avenue du 8 Mai 1945;59176;59390;Masny;;;3.183289;50.339149
59390_0530_00124;124;;Avenue du 8 Mai 1945;59176;59390;Masny;;;3.182938;50.339196
59390_0530_00127;127;;Avenue du 8 Mai 1945;59176;59390;Masny;;;3.181359;50.33922
59390_0530_00128;128;;Avenue du 8 Mai 1945;59176;59390;Masny;;;3.18226;50.33932
59390_0530_00109_a;109;a;Avenue du 8 Mai 1945;59176;59390;Masny;;;3.182989;50.339022
59390_0530_00122_bis;122;bis;Avenue du 8 Mai 1945;59176;59390;Masny;;;3.183287;50.339149
59390_0530_00109_b;109;b;Avenue du 8 Mai 1945;59176;59390;Masny;;;3.183556;50.338963
59390_0530_00002_a;2;a;Avenue du 8 Mai 1945;59176;59390;Masny;;;3.204572;50.336928
59390_0530_00058_d;58;d;Avenue du 8 Mai 1945;59176;59390;Masny;;;3.197665;50.337464
59390_0530_00058_c;58;c;Avenue du 8 Mai 1945;59176;59390;Masny;;;3.19902;50.337295
59390_0580_00012;12;;Rue Jules Caffart;59176;59390;Masny;;;3.202718;50.351467
59390_0580_00006;6;;Rue Jules Caffart;59176;59390;Masny;;;3.202604;50.351309
59390_0580_00015;15;;Rue Jules Caffart;59176;59390;Masny;;;3.201974;50.350732
59390_0580_00040;40;;Rue Jules Caffart;59176;59390;Masny;;;3.203069;50.352268
59390_0580_00046;46;;Rue Jules Caffart;59176;59390;Masny;;;3.203184;50.352567
59390_0580_00055;55;;Rue Jules Caffart;59176;59390;Masny;;;3.202864;50.352182
59390_0580_00060;60;;Rue Jules Caffart;59176;59390;Masny;;;3.203357;50.353079
59390_0580_00065;65;;Rue Jules Caffart;59176;59390;Masny;;;3.203091;50.352786
59390_0580_00067;67;;Rue Jules Caffart;59176;59390;Masny;;;3.203178;50.352953
59390_0580_00009_bis;9;bis;Rue Jules Caffart;59176;59390;Masny;;;3.201845;50.350422
59390_0400_00001;1;;Rue Fauqueux;59176;59390;Masny;;;3.200363;50.346065
59390_0400_00003;3;;Rue Fauqueux;59176;59390;Masny;;;3.200438;50.3465
59390_0400_00004;4;;Rue Fauqueux;59176;59390;Masny;;;3.200129;50.346335
59390_0400_00011;11;;Rue Fauqueux;59176;59390;Masny;;;3.200525;50.346844
59390_0400_00014;14;;Rue Fauqueux;59176;59390;Masny;;;3.200258;50.346837
59390_0400_00021;21;;Rue Fauqueux;59176;59390;Masny;;;3.20064;50.347238
59390_0400_00022;22;;Rue Fauqueux;59176;59390;Masny;;;3.200543;50.347477
59390_0400_00031;31;;Rue Fauqueux;59176;59390;Masny;;;3.20077;50.347545
59390_0400_00032;32;;Rue Fauqueux;59176;59390;Masny;;;3.200939;50.348329
59390_0400_00033;33;;Rue Fauqueux;59176;59390;Masny;;;3.200807;50.347618
59390_0400_00043;43;;Rue Fauqueux;59176;59390;Masny;;;3.20108;50.34811
59390_0400_00044;44;;Rue Fauqueux;59176;59390;Masny;;;3.201027;50.348895
59390_0400_00052;52;;Rue Fauqueux;59176;59390;Masny;;;3.201354;50.349029
59390_0400_00059;59;;Rue Fauqueux;59176;59390;Masny;;;3.201499;50.348794
59390_0400_00069;69;;Rue Fauqueux;59176;59390;Masny;;;3.201849;50.34932
59390_0400_00073;73;;Rue Fauqueux;59176;59390;Masny;;;3.201982;50.349536
59390_0400_00075;75;;Rue Fauqueux;59176;59390;Masny;;;3.202057;50.349658
59390_0400_00038_e;38;e;Rue Fauqueux;59176;59390;Masny;;;3.20112;50.348433
59390_0400_00024_bis;24;bis;Rue Fauqueux;59176;59390;Masny;;;3.200673;50.347772
59390_0400_00020_bis;20;bis;Rue Fauqueux;59176;59390;Masny;;;3.200042;50.347409
59390_0535_00008;8;;Rue Jacques Prevert;59176;59390;Masny;;;3.185606;50.334946
59390_0160_00003;3;;Rue de Compiegne;59176;59390;Masny;;;3.195189;50.337422
59390_0160_00005;5;;Rue de Compiegne;59176;59390;Masny;;;3.194884;50.337457
59390_0160_00007;7;;Rue de Compiegne;59176;59390;Masny;;;3.194684;50.33748
59390_0160_00011;11;;Rue de Compiegne;59176;59390;Masny;;;3.193906;50.337571
59390_0160_00025;25;;Rue de Compiegne;59176;59390;Masny;;;3.191381;50.337872
59390_0160_00031;31;;Rue de Compiegne;59176;59390;Masny;;;3.190517;50.337969
59390_0022_00002;2;;Rue Franklin;59176;59390;Masny;;;3.183382;50.340517
59390_0022_00003;3;;Rue Franklin;59176;59390;Masny;;;3.18313;50.34063
59390_0022_00008;8;;Rue Franklin;59176;59390;Masny;;;3.183395;50.341122
59390_0525_00003;3;;Rue Henri Dunant;59176;59390;Masny;;;3.192773;50.338301
59390_0525_00004;4;;Rue Henri Dunant;59176;59390;Masny;;;3.192833;50.3389
59390_0580_00007;7;;Rue Jules Caffart;59176;59390;Masny;;;3.201531;50.350295
59390_0580_00013;13;;Rue Jules Caffart;59176;59390;Masny;;;3.201947;50.350671
59390_0580_00016;16;;Rue Jules Caffart;59176;59390;Masny;;;3.202802;50.351628
59390_0580_00018;18;;Rue Jules Caffart;59176;59390;Masny;;;3.202843;50.35171
59390_0580_00023;23;;Rue Jules Caffart;59176;59390;Masny;;;3.202336;50.351253
59390_0580_00024;24;;Rue Jules Caffart;59176;59390;Masny;;;3.202905;50.351853
59390_0580_00025;25;;Rue Jules Caffart;59176;59390;Masny;;;3.202391;50.351322
59390_0580_00032;32;;Rue Jules Caffart;59176;59390;Masny;;;3.202989;50.35206
59390_0580_00035;35;;Rue Jules Caffart;59176;59390;Masny;;;3.202615;50.351612
59390_0580_00036;36;;Rue Jules Caffart;59176;59390;Masny;;;3.203023;50.352144
59390_0580_00038;38;;Rue Jules Caffart;59176;59390;Masny;;;3.203041;50.352189
59390_0580_00039;39;;Rue Jules Caffart;59176;59390;Masny;;;3.202744;50.351801
59390_0580_00043;43;;Rue Jules Caffart;59176;59390;Masny;;;3.202813;50.351964
59390_0580_00044;44;;Rue Jules Caffart;59176;59390;Masny;;;3.203142;50.352457
59390_0580_00049;49;;Rue Jules Caffart;59176;59390;Masny;;;3.202735;50.351842
59390_0580_00064;64;;Rue Jules Caffart;59176;59390;Masny;;;3.203393;50.353188
59390_0580_00002_b;2;b;Rue Jules Caffart;59176;59390;Masny;;;3.202435;50.35046
59390_0580_00023_bis;23;bis;Rue Jules Caffart;59176;59390;Masny;;;3.20234;50.351178
59390_0580_00002_c;2;c;Rue Jules Caffart;59176;59390;Masny;;;3.202614;50.351087
59390_0400_00005;5;;Rue Fauqueux;59176;59390;Masny;;;3.200462;50.346589
59390_0400_00007;7;;Rue Fauqueux;59176;59390;Masny;;;3.200479;50.346662
59390_0400_00010;10;;Rue Fauqueux;59176;59390;Masny;;;3.200199;50.346621
59390_0400_00015;15;;Rue Fauqueux;59176;59390;Masny;;;3.200546;50.34693
59390_0400_00017;17;;Rue Fauqueux;59176;59390;Masny;;;3.200579;50.347071
59390_0400_00018;18;;Rue Fauqueux;59176;59390;Masny;;;3.200375;50.347148
59390_0400_00024;24;;Rue Fauqueux;59176;59390;Masny;;;3.200612;50.347631
59390_0400_00029;29;;Rue Fauqueux;59176;59390;Masny;;;3.200714;50.347439
59390_0400_00034;34;;Rue Fauqueux;59176;59390;Masny;;;3.200991;50.348416
59390_0400_00036;36;;Rue Fauqueux;59176;59390;Masny;;;3.201035;50.34849
59390_0400_00038;38;;Rue Fauqueux;59176;59390;Masny;;;3.201148;50.348645
59390_0400_00065;65;;Rue Fauqueux;59176;59390;Masny;;;3.201688;50.349071
59390_0400_00001_bis;1;bis;Rue Fauqueux;59176;59390;Masny;;;3.200363;50.346065
59390_0400_00006_b;6;b;Rue Fauqueux;59176;59390;Masny;;;3.200186;50.346323
59390_0400_00038_b;38;b;Rue Fauqueux;59176;59390;Masny;;;3.20112;50.348433
59390_0400_00006_a;6;a;Rue Fauqueux;59176;59390;Masny;;;3.200224;50.346454
59390_0400_00038_d;38;d;Rue Fauqueux;59176;59390;Masny;;;3.20112;50.348433
59390_0525_00005;5;;Rue Henri Dunant;59176;59390;Masny;;;3.193031;50.338678
59390_0525_00010;10;;Rue Henri Dunant;59176;59390;Masny;;;3.192393;50.339091
59390_0525_00011;11;;Rue Henri Dunant;59176;59390;Masny;;;3.193781;50.339018
59390_0525_00013;13;;Rue Henri Dunant;59176;59390;Masny;;;3.193655;50.339046
59390_0525_00019;19;;Rue Henri Dunant;59176;59390;Masny;;;3.19388;50.339461
59390_0525_00021;21;;Rue Henri Dunant;59176;59390;Masny;;;3.194165;50.339467
59390_0525_00026;26;;Rue Henri Dunant;59176;59390;Masny;;;3.192243;50.33951
59390_0525_00027;27;;Rue Henri Dunant;59176;59390;Masny;;;3.193813;50.339971
59390_0525_00032;32;;Rue Henri Dunant;59176;59390;Masny;;;3.192435;50.339755
59390_0525_00034;34;;Rue Henri Dunant;59176;59390;Masny;;;3.192614;50.339791
59390_0400_00038_h;38;h;Rue Fauqueux;59176;59390;Masny;;;3.201098;50.348399
59390_0400_00038_c;38;c;Rue Fauqueux;59176;59390;Masny;;;3.20112;50.348433
59390_0400_00038_g;38;g;Rue Fauqueux;59176;59390;Masny;;;3.20112;50.348433
59390_0400_00065_bis;65;bis;Rue Fauqueux;59176;59390;Masny;;;3.201716;50.349132
59390_0400_00075_bis;75;bis;Rue Fauqueux;59176;59390;Masny;;;3.202033;50.349606
59390_0400_00048_b;48;b;Rue Fauqueux;59176;59390;Masny;;;3.201375;50.348812
59390_0400_00038_j;38;j;Rue Fauqueux;59176;59390;Masny;;;3.20112;50.348433
59390_0535_00001;1;;Rue Jacques Prevert;59176;59390;Masny;;;3.185607;50.334687
59390_0160_00015;15;;Rue de Compiegne;59176;59390;Masny;;;3.193424;50.337627
59390_0160_00019;19;;Rue de Compiegne;59176;59390;Masny;;;3.192923;50.337687
59390_0160_00033;33;;Rue de Compiegne;59176;59390;Masny;;;3.190118;50.338018
59390_0022_00006;6;;Rue Franklin;59176;59390;Masny;;;3.183326;50.34102
59390_0022_00063;63;;Rue Franklin;59176;59390;Masny;;;3.183228;50.340334
59390_0022_00065;65;;Rue Franklin;59176;59390;Masny;;;3.182995;50.340566
59390_0525_00006;6;;Rue Henri Dunant;59176;59390;Masny;;;3.192644;50.33904
59390_0525_00012;12;;Rue Henri Dunant;59176;59390;Masny;;;3.192363;50.338995
59390_0525_00016;16;;Rue Henri Dunant;59176;59390;Masny;;;3.19215;50.339135
59390_0525_00018;18;;Rue Henri Dunant;59176;59390;Masny;;;3.192049;50.339155
59390_0525_00020;20;;Rue Henri Dunant;59176;59390;Masny;;;3.191766;50.339286
59390_0525_00023;23;;Rue Henri Dunant;59176;59390;Masny;;;3.194313;50.339851
59390_0525_00024;24;;Rue Henri Dunant;59176;59390;Masny;;;3.19212;50.339541
59390_0525_00042;42;;Rue Henri Dunant;59176;59390;Masny;;;3.193252;50.340106
59390_0525_00004_a;4;a;Rue Henri Dunant;59176;59390;Masny;;;3.192992;50.338882
59390_0760_00001;1;;Rue de Nanteuil;59176;59390;Masny;;;3.190263;50.335244
59390_0760_00002;2;;Rue de Nanteuil;59176;59390;Masny;;;3.190364;50.335342
59390_0760_00003;3;;Rue de Nanteuil;59176;59390;Masny;;;3.190078;50.335264
59390_0580_00002;2;;Rue Jules Caffart;59176;59390;Masny;;;3.202504;50.351196
59390_0580_00004;4;;Rue Jules Caffart;59176;59390;Masny;;;3.202549;50.351264
59390_0580_00008;8;;Rue Jules Caffart;59176;59390;Masny;;;3.202632;50.351342
59390_0580_00011;11;;Rue Jules Caffart;59176;59390;Masny;;;3.201895;50.350549
59390_0580_00014;14;;Rue Jules Caffart;59176;59390;Masny;;;3.202762;50.351553
59390_0580_00017;17;;Rue Jules Caffart;59176;59390;Masny;;;3.202029;50.350823
59390_0580_00026;26;;Rue Jules Caffart;59176;59390;Masny;;;3.202926;50.351905
59390_0580_00028;28;;Rue Jules Caffart;59176;59390;Masny;;;3.202947;50.351958
59390_0580_00030;30;;Rue Jules Caffart;59176;59390;Masny;;;3.202966;50.352004
59390_0580_00031;31;;Rue Jules Caffart;59176;59390;Masny;;;3.202498;50.351453
59390_0580_00042;42;;Rue Jules Caffart;59176;59390;Masny;;;3.203118;50.352394
59390_0580_00045;45;;Rue Jules Caffart;59176;59390;Masny;;;3.202844;50.352046
59390_0580_00053;53;;Rue Jules Caffart;59176;59390;Masny;;;3.20283;50.352087
59390_0580_00066;66;;Rue Jules Caffart;59176;59390;Masny;;;3.203453;50.353374
59390_0580_00068;68;;Rue Jules Caffart;59176;59390;Masny;;;3.203467;50.353482
59390_0580_00069;69;;Rue Jules Caffart;59176;59390;Masny;;;3.203159;50.353003
59390_0400_00006;6;;Rue Fauqueux;59176;59390;Masny;;;3.200147;50.346398
59390_0400_00016;16;;Rue Fauqueux;59176;59390;Masny;;;3.200322;50.347012
59390_0400_00019;19;;Rue Fauqueux;59176;59390;Masny;;;3.200616;50.347174
59390_0400_00023;23;;Rue Fauqueux;59176;59390;Masny;;;3.201185;50.347244
59390_0400_00025;25;;Rue Fauqueux;59176;59390;Masny;;;3.200663;50.347296
59390_0400_00035;35;;Rue Fauqueux;59176;59390;Masny;;;3.200833;50.347665
59390_0400_00039;39;;Rue Fauqueux;59176;59390;Masny;;;3.200933;50.347858
59390_0400_00042;42;;Rue Fauqueux;59176;59390;Masny;;;3.20136;50.34879
59390_0400_00045;45;;Rue Fauqueux;59176;59390;Masny;;;3.201122;50.348179
59390_0400_00048;48;;Rue Fauqueux;59176;59390;Masny;;;3.201296;50.348925
59390_0400_00049;49;;Rue Fauqueux;59176;59390;Masny;;;3.201175;50.348261
59390_0400_00051;51;;Rue Fauqueux;59176;59390;Masny;;;3.201227;50.348345
59390_0400_00053;53;;Rue Fauqueux;59176;59390;Masny;;;3.20128;50.34843
59390_0400_00055;55;;Rue Fauqueux;59176;59390;Masny;;;3.201336;50.348519
59390_0400_00056;56;;Rue Fauqueux;59176;59390;Masny;;;3.201417;50.349292
59390_0400_00061;61;;Rue Fauqueux;59176;59390;Masny;;;3.201559;50.348874
59390_0400_00071;71;;Rue Fauqueux;59176;59390;Masny;;;3.2019;50.349402
59390_0580_00003;3;;Rue Jules Caffart;59176;59390;Masny;;;3.201691;50.350005
59390_0580_00005;5;;Rue Jules Caffart;59176;59390;Masny;;;3.201749;50.350163
59390_0580_00009;9;;Rue Jules Caffart;59176;59390;Masny;;;3.201789;50.350288
59390_0580_00010;10;;Rue Jules Caffart;59176;59390;Masny;;;3.202664;50.35138
59390_0580_00020;20;;Rue Jules Caffart;59176;59390;Masny;;;3.202867;50.351764
59390_0580_00022;22;;Rue Jules Caffart;59176;59390;Masny;;;3.202888;50.351811
59390_0580_00033;33;;Rue Jules Caffart;59176;59390;Masny;;;3.202574;50.351561
59390_0580_00034;34;;Rue Jules Caffart;59176;59390;Masny;;;3.203004;50.352098
59390_0580_00037;37;;Rue Jules Caffart;59176;59390;Masny;;;3.202684;50.351741
59390_0580_00041;41;;Rue Jules Caffart;59176;59390;Masny;;;3.202057;50.352051
59390_0580_00048;48;;Rue Jules Caffart;59176;59390;Masny;;;3.203237;50.352702
59390_0580_00051;51;;Rue Jules Caffart;59176;59390;Masny;;;3.202786;50.351964
59390_0580_00054;54;;Rue Jules Caffart;59176;59390;Masny;;;3.203301;50.352895
59390_0580_00056;56;;Rue Jules Caffart;59176;59390;Masny;;;3.203332;50.352998
59390_0580_00057;57;;Rue Jules Caffart;59176;59390;Masny;;;3.202911;50.352312
59390_0580_00058;58;;Rue Jules Caffart;59176;59390;Masny;;;3.203345;50.353038
59390_0580_00059;59;;Rue Jules Caffart;59176;59390;Masny;;;3.202965;50.352457
59390_0580_00061;61;;Rue Jules Caffart;59176;59390;Masny;;;3.203022;50.352602
59390_0580_00062;62;;Rue Jules Caffart;59176;59390;Masny;;;3.203372;50.353123
59390_0580_00063;63;;Rue Jules Caffart;59176;59390;Masny;;;3.203063;50.352711
59390_0580_00070;70;;Rue Jules Caffart;59176;59390;Masny;;;3.20348;50.353512
59390_0580_00002_a;2;a;Rue Jules Caffart;59176;59390;Masny;;;3.202178;50.350164
59390_0580_00037_bis;37;bis;Rue Jules Caffart;59176;59390;Masny;;;3.202211;50.351913
59390_0400_00002;2;;Rue Fauqueux;59176;59390;Masny;;;3.200113;50.346289
59390_0400_00008;8;;Rue Fauqueux;59176;59390;Masny;;;3.200174;50.346511
59390_0400_00009;9;;Rue Fauqueux;59176;59390;Masny;;;3.200502;50.346751
59390_0400_00020;20;;Rue Fauqueux;59176;59390;Masny;;;3.200433;50.347267
59390_0400_00026;26;;Rue Fauqueux;59176;59390;Masny;;;3.200728;50.347913
59390_0400_00028;28;;Rue Fauqueux;59176;59390;Masny;;;3.200788;50.348057
59390_0400_00030;30;;Rue Fauqueux;59176;59390;Masny;;;3.200857;50.348191
59390_0400_00037;37;;Rue Fauqueux;59176;59390;Masny;;;3.200862;50.347721
59390_0400_00041;41;;Rue Fauqueux;59176;59390;Masny;;;3.200931;50.347952
59390_0400_00054;54;;Rue Fauqueux;59176;59390;Masny;;;3.20138;50.349133
59390_0400_00057;57;;Rue Fauqueux;59176;59390;Masny;;;3.201457;50.348721
59390_0400_00063;63;;Rue Fauqueux;59176;59390;Masny;;;3.201628;50.348979
59390_0400_00067;67;;Rue Fauqueux;59176;59390;Masny;;;3.201822;50.34913
59390_0400_00038_i;38;i;Rue Fauqueux;59176;59390;Masny;;;3.201125;50.348438
59390_0400_00010_bis;10;bis;Rue Fauqueux;59176;59390;Masny;;;3.199801;50.346771
59390_0400_00038_a;38;a;Rue Fauqueux;59176;59390;Masny;;;3.20112;50.348433
59390_0400_00030_bis;30;bis;Rue Fauqueux;59176;59390;Masny;;;3.200937;50.348163
59390_0400_00041_bis;41;bis;Rue Fauqueux;59176;59390;Masny;;;3.201129;50.347951
59390_0535_00003;3;;Rue Jacques Prevert;59176;59390;Masny;;;3.18573;50.334767
59390_0535_00009;9;;Rue Jacques Prevert;59176;59390;Masny;;;3.185702;50.335137
59390_0535_00010;10;;Rue Jacques Prevert;59176;59390;Masny;;;3.185719;50.33507
59390_0160_00001;1;;Rue de Compiegne;59176;59390;Masny;;;3.195343;50.337403
59390_0400_00048_a;48;a;Rue Fauqueux;59176;59390;Masny;;;3.201438;50.348909
59390_0400_00037_a;37;a;Rue Fauqueux;59176;59390;Masny;;;3.200891;50.347763
59390_0400_00038_f;38;f;Rue Fauqueux;59176;59390;Masny;;;3.20112;50.348433
59390_0535_00002;2;;Rue Jacques Prevert;59176;59390;Masny;;;3.185509;50.334745
59390_0535_00004;4;;Rue Jacques Prevert;59176;59390;Masny;;;3.185552;50.334811
59390_0535_00005;5;;Rue Jacques Prevert;59176;59390;Masny;;;3.185747;50.334872
59390_0535_00006;6;;Rue Jacques Prevert;59176;59390;Masny;;;3.185583;50.334887
59390_0535_00007;7;;Rue Jacques Prevert;59176;59390;Masny;;;3.185836;50.334938
59390_0160_00009;9;;Rue de Compiegne;59176;59390;Masny;;;3.194102;50.337548
59390_0160_00013;13;;Rue de Compiegne;59176;59390;Masny;;;3.19362;50.337605
59390_0160_00021;21;;Rue de Compiegne;59176;59390;Masny;;;3.191963;50.337803
59390_0160_00023;23;;Rue de Compiegne;59176;59390;Masny;;;3.191795;50.337823
59390_0160_00027;27;;Rue de Compiegne;59176;59390;Masny;;;3.191206;50.337892
59390_0022_00001;1;;Rue Franklin;59176;59390;Masny;;;3.183477;50.340476
59390_0022_00004;4;;Rue Franklin;59176;59390;Masny;;;3.183156;50.340771
59390_0022_00007;7;;Rue Franklin;59176;59390;Masny;;;3.183333;50.341045
59390_0525_00008;8;;Rue Henri Dunant;59176;59390;Masny;;;3.192575;50.338965
59390_0525_00009;9;;Rue Henri Dunant;59176;59390;Masny;;;3.193749;50.338922
59390_0525_00014;14;;Rue Henri Dunant;59176;59390;Masny;;;3.19218;50.339135
59390_0525_00017;17;;Rue Henri Dunant;59176;59390;Masny;;;3.193592;50.339536
59390_0525_00022;22;;Rue Henri Dunant;59176;59390;Masny;;;3.191864;50.339469
59390_0525_00029;29;;Rue Henri Dunant;59176;59390;Masny;;;3.193559;50.340032
59390_0525_00030;30;;Rue Henri Dunant;59176;59390;Masny;;;3.192427;50.339663
59390_0525_00040;40;;Rue Henri Dunant;59176;59390;Masny;;;3.192951;50.340179
59390_0525_00044;44;;Rue Henri Dunant;59176;59390;Masny;;;3.193285;50.339714
59390_0525_00046;46;;Rue Henri Dunant;59176;59390;Masny;;;3.193139;50.339531
59390_0525_00048;48;;Rue Henri Dunant;59176;59390;Masny;;;3.193216;50.339311
59390_0525_00004_b;4;b;Rue Henri Dunant;59176;59390;Masny;;;3.192992;50.338882
59390_0160_00017;17;;Rue de Compiegne;59176;59390;Masny;;;3.193107;50.337666
59390_0160_00029;29;;Rue de Compiegne;59176;59390;Masny;;;3.190701;50.337948
59390_0160_00035;35;;Rue de Compiegne;59176;59390;Masny;;;3.189942;50.338039
59390_0022_00005;5;;Rue Franklin;59176;59390;Masny;;;3.183284;50.340958
59390_0022_00009;9;;Rue Franklin;59176;59390;Masny;;;3.183532;50.341318
59390_0525_00002;2;;Rue Henri Dunant;59176;59390;Masny;;;3.192862;50.338995
59390_0525_00007;7;;Rue Henri Dunant;59176;59390;Masny;;;3.193481;50.338981
59390_0525_00015;15;;Rue Henri Dunant;59176;59390;Masny;;;3.193403;50.339101
59390_0525_00025;25;;Rue Henri Dunant;59176;59390;Masny;;;3.194064;50.33991
59390_0525_00028;28;;Rue Henri Dunant;59176;59390;Masny;;;3.192038;50.339785
59390_0525_00036;36;;Rue Henri Dunant;59176;59390;Masny;;;3.192599;50.339869
59390_0525_00038;38;;Rue Henri Dunant;59176;59390;Masny;;;3.192617;50.340177
59390_0760_00012;12;;Rue de Nanteuil;59176;59390;Masny;;;3.189255;50.335529
59390_0760_00004;4;;Rue de Nanteuil;59176;59390;Masny;;;3.19019;50.335362
59390_0760_00015;15;;Rue de Nanteuil;59176;59390;Masny;;;3.188787;50.335551
59390_0760_00019;19;;Rue de Nanteuil;59176;59390;Masny;;;3.188409;50.335664
59390_0760_00023;23;;Rue de Nanteuil;59176;59390;Masny;;;3.187963;50.335823
59390_0760_00031;31;;Rue de Nanteuil;59176;59390;Masny;;;3.187219;50.336103
59390_0760_00033;33;;Rue de Nanteuil;59176;59390;Masny;;;3.186984;50.336205
59390_0760_00035;35;;Rue de Nanteuil;59176;59390;Masny;;;3.186859;50.336263
59390_0760_00036;36;;Rue de Nanteuil;59176;59390;Masny;;;3.186654;50.336496
59390_0600_00006;6;;Rue Copernic;59176;59390;Masny;;;3.184857;50.342196
59390_0600_00011;11;;Rue Copernic;59176;59390;Masny;;;3.185023;50.34205
59390_0600_00012;12;;Rue Copernic;59176;59390;Masny;;;3.184634;50.342121
59390_0600_00014;14;;Rue Copernic;59176;59390;Masny;;;3.184228;50.341986
59390_0600_00017;17;;Rue Copernic;59176;59390;Masny;;;3.184055;50.34185
59390_0320_00005;5;;Rue D Erchin;59176;59390;Masny;;;3.20012;50.336782
59390_0760_00013;13;;Rue de Nanteuil;59176;59390;Masny;;;3.188938;50.335506
59390_0760_00014;14;;Rue de Nanteuil;59176;59390;Masny;;;3.188975;50.335612
59390_0760_00017;17;;Rue de Nanteuil;59176;59390;Masny;;;3.188505;50.335635
59390_0760_00018;18;;Rue de Nanteuil;59176;59390;Masny;;;3.188501;50.335755
59390_0760_00021;21;;Rue de Nanteuil;59176;59390;Masny;;;3.18813;50.335762
59390_0760_00027;27;;Rue de Nanteuil;59176;59390;Masny;;;3.187611;50.335953
59390_0760_00028;28;;Rue de Nanteuil;59176;59390;Masny;;;3.187515;50.336113
59390_0760_00040;40;;Rue de Nanteuil;59176;59390;Masny;;;3.186272;50.336671
59390_0600_00002;2;;Rue Copernic;59176;59390;Masny;;;3.185514;50.342043
59390_0600_00004;4;;Rue Copernic;59176;59390;Masny;;;3.185071;50.342133
59390_0600_00007;7;;Rue Copernic;59176;59390;Masny;;;3.184763;50.342213
59390_0600_00016;16;;Rue Copernic;59176;59390;Masny;;;3.184111;50.341895
59390_0600_00018;18;;Rue Copernic;59176;59390;Masny;;;3.184;50.341807
59390_0320_00001;1;;Rue D Erchin;59176;59390;Masny;;;3.200267;50.336938
59390_0320_00002;2;;Rue D Erchin;59176;59390;Masny;;;3.200043;50.336849
59390_0320_00003;3;;Rue D Erchin;59176;59390;Masny;;;3.200223;50.336887
59390_0320_00004;4;;Rue D Erchin;59176;59390;Masny;;;3.199933;50.336727
59390_0760_00005;5;;Rue de Nanteuil;59176;59390;Masny;;;3.189828;50.335292
59390_0760_00007;7;;Rue de Nanteuil;59176;59390;Masny;;;3.18971;50.335306
59390_0760_00009;9;;Rue de Nanteuil;59176;59390;Masny;;;3.189326;50.335391
59390_0760_00011;11;;Rue de Nanteuil;59176;59390;Masny;;;3.189216;50.335423
59390_0760_00022;22;;Rue de Nanteuil;59176;59390;Masny;;;3.18805;50.335915
59390_0760_00024;24;;Rue de Nanteuil;59176;59390;Masny;;;3.187896;50.335972
59390_0760_00029;29;;Rue de Nanteuil;59176;59390;Masny;;;3.187345;50.336051
59390_0760_00030;30;;Rue de Nanteuil;59176;59390;Masny;;;3.18715;50.336262
59390_0760_00037;37;;Rue de Nanteuil;59176;59390;Masny;;;3.186646;50.336362
59390_0760_00038;38;;Rue de Nanteuil;59176;59390;Masny;;;3.186392;50.336616
59390_0760_00041;41;;Rue de Nanteuil;59176;59390;Masny;;;3.186247;50.336548
59390_0760_00043;43;;Rue de Nanteuil;59176;59390;Masny;;;3.186145;50.336595
59390_0600_00001;1;;Rue Copernic;59176;59390;Masny;;;3.185635;50.342091
59390_0600_00003;3;;Rue Copernic;59176;59390;Masny;;;3.184112;50.342245
59390_0600_00009;9;;Rue Copernic;59176;59390;Masny;;;3.185162;50.341985
59390_0600_00010;10;;Rue Copernic;59176;59390;Masny;;;3.18486;50.342001
59390_0600_00013;13;;Rue Copernic;59176;59390;Masny;;;3.184471;50.342105
59390_0760_00006;6;;Rue de Nanteuil;59176;59390;Masny;;;3.189924;50.335391
59390_0760_00008;8;;Rue de Nanteuil;59176;59390;Masny;;;3.189803;50.335405
59390_0760_00010;10;;Rue de Nanteuil;59176;59390;Masny;;;3.189414;50.33547
59390_0760_00016;16;;Rue de Nanteuil;59176;59390;Masny;;;3.188825;50.335657
59390_0760_00020;20;;Rue de Nanteuil;59176;59390;Masny;;;3.188352;50.335806
59390_0760_00025;25;;Rue de Nanteuil;59176;59390;Masny;;;3.187717;50.335914
59390_0760_00026;26;;Rue de Nanteuil;59176;59390;Masny;;;3.187629;50.336071
59390_0760_00032;32;;Rue de Nanteuil;59176;59390;Masny;;;3.187004;50.336334
59390_0760_00034;34;;Rue de Nanteuil;59176;59390;Masny;;;3.186795;50.33643
59390_0760_00039;39;;Rue de Nanteuil;59176;59390;Masny;;;3.186487;50.336436
59390_0600_00005;5;;Rue Copernic;59176;59390;Masny;;;3.184959;50.34217
59390_0600_00008;8;;Rue Copernic;59176;59390;Masny;;;3.184621;50.342224
59390_0600_00015;15;;Rue Copernic;59176;59390;Masny;;;3.184163;50.341935
59390_0600_00019;19;;Rue Copernic;59176;59390;Masny;;;3.183928;50.341749
59390_0600_00020;20;;Rue Copernic;59176;59390;Masny;;;3.18376;50.34161
59390_0320_00009;9;;Rue D Erchin;59176;59390;Masny;;;3.199831;50.336449
59390_0320_00008;8;;Rue D Erchin;59176;59390;Masny;;;3.199732;50.336508
59390_0320_00012;12;;Rue D Erchin;59176;59390;Masny;;;3.199508;50.33627
59390_0320_00016;16;;Rue D Erchin;59176;59390;Masny;;;3.199355;50.336119
59390_0320_00018;18;;Rue D Erchin;59176;59390;Masny;;;3.199207;50.335975
59390_0320_00020;20;;Rue D Erchin;59176;59390;Masny;;;3.199071;50.335846
59390_0320_00021;21;;Rue D Erchin;59176;59390;Masny;;;3.199179;50.335779
59390_0320_00023;23;;Rue D Erchin;59176;59390;Masny;;;3.199109;50.33571
59390_0320_00062;62;;Rue D Erchin;59176;59390;Masny;;;3.195639;50.333028
59390_1040_00001;1;;Rue de Senlis;59176;59390;Masny;;;3.192654;50.33626
59390_1040_00005;5;;Rue de Senlis;59176;59390;Masny;;;3.191152;50.336435
59390_1040_00010;10;;Rue de Senlis;59176;59390;Masny;;;3.190069;50.336745
59390_1040_00012;12;;Rue de Senlis;59176;59390;Masny;;;3.189967;50.336768
59390_1040_00014;14;;Rue de Senlis;59176;59390;Masny;;;3.189552;50.336866
59390_1040_00017;17;;Rue de Senlis;59176;59390;Masny;;;3.189496;50.336758
59390_1040_00020;20;;Rue de Senlis;59176;59390;Masny;;;3.18869;50.337083
59390_1040_00027;27;;Rue de Senlis;59176;59390;Masny;;;3.188332;50.337054
59390_0320_00011;11;;Rue D Erchin;59176;59390;Masny;;;3.199537;50.336125
59390_0320_00013;13;;Rue D Erchin;59176;59390;Masny;;;3.199465;50.336058
59390_0320_00017;17;;Rue D Erchin;59176;59390;Masny;;;3.199326;50.335917
59390_0320_00025;25;;Rue D Erchin;59176;59390;Masny;;;3.199009;50.335617
59390_0320_00058;58;;Rue D Erchin;59176;59390;Masny;;;3.195885;50.333173
59390_0320_00060;60;;Rue D Erchin;59176;59390;Masny;;;3.195763;50.3331
59390_0320_00064;64;;Rue D Erchin;59176;59390;Masny;;;3.195534;50.332966
59390_0320_00009_bis;9;bis;Rue D Erchin;59176;59390;Masny;;;3.199695;50.336292
59390_0320_00028_t;28;t;Rue D Erchin;59176;59390;Masny;;;3.198114;50.335526
59390_1040_00004;4;;Rue de Senlis;59176;59390;Masny;;;3.191053;50.336561
59390_1040_00006;6;;Rue de Senlis;59176;59390;Masny;;;3.190736;50.336611
59390_1040_00009;9;;Rue de Senlis;59176;59390;Masny;;;3.190681;50.336508
59390_1040_00021;21;;Rue de Senlis;59176;59390;Masny;;;3.188988;50.336885
59390_1040_00022;22;;Rue de Senlis;59176;59390;Masny;;;3.188009;50.337253
59390_1040_00025;25;;Rue de Senlis;59176;59390;Masny;;;3.188453;50.337024
59390_0320_00006;6;;Rue D Erchin;59176;59390;Masny;;;3.199828;50.336613
59390_0320_00007;7;;Rue D Erchin;59176;59390;Masny;;;3.200068;50.336721
59390_0320_00014;14;;Rue D Erchin;59176;59390;Masny;;;3.199438;50.336201
59390_0320_00019;19;;Rue D Erchin;59176;59390;Masny;;;3.199255;50.335852
59390_0320_00022;22;;Rue D Erchin;59176;59390;Masny;;;3.19896;50.33574
59390_0320_00024;24;;Rue D Erchin;59176;59390;Masny;;;3.19889;50.335672
59390_0320_00026;26;;Rue D Erchin;59176;59390;Masny;;;3.198762;50.335549
59390_0320_00121;121;;Rue D Erchin;59176;59390;Masny;;;3.187493;50.328203
59390_0320_00135;135;;Rue D Erchin;59176;59390;Masny;;;3.183956;50.325982
59390_0320_00028_q;28;q;Rue D Erchin;59176;59390;Masny;;;3.198437;50.335419
59390_0320_00028_b;28;b;Rue D Erchin;59176;59390;Masny;;;3.198338;50.335423
59390_1040_00002;2;;Rue de Senlis;59176;59390;Masny;;;3.191234;50.336535
59390_1040_00003;3;;Rue de Senlis;59176;59390;Masny;;;3.192498;50.336279
59390_1040_00007;7;;Rue de Senlis;59176;59390;Masny;;;3.190972;50.33646
59390_1040_00013;13;;Rue de Senlis;59176;59390;Masny;;;3.190016;50.336637
59390_1040_00016;16;;Rue de Senlis;59176;59390;Masny;;;3.189377;50.336907
59390_1040_00019;19;;Rue de Senlis;59176;59390;Masny;;;3.189325;50.336799
59390_1040_00023;23;;Rue de Senlis;59176;59390;Masny;;;3.188827;50.336926
59390_0320_00010;10;;Rue D Erchin;59176;59390;Masny;;;3.199655;50.336422
59390_0320_00015;15;;Rue D Erchin;59176;59390;Masny;;;3.199385;50.335977
59390_0320_00027;27;;Rue D Erchin;59176;59390;Masny;;;3.198834;50.33546
59390_0320_00028;28;;Rue D Erchin;59176;59390;Masny;;;3.19629;50.333508
59390_0320_00029;29;;Rue D Erchin;59176;59390;Masny;;;3.198668;50.335316
59390_0320_00127;127;;Rue D Erchin;59176;59390;Masny;;;3.186349;50.327668
59390_0320_00028_a;28;a;Rue D Erchin;59176;59390;Masny;;;3.198525;50.33533
59390_1040_00008;8;;Rue de Senlis;59176;59390;Masny;;;3.190617;50.336631
59390_1040_00011;11;;Rue de Senlis;59176;59390;Masny;;;3.190566;50.336528
59390_1040_00015;15;;Rue de Senlis;59176;59390;Masny;;;3.189899;50.336664
59390_1040_00018;18;;Rue de Senlis;59176;59390;Masny;;;3.188847;50.337041
59390_1040_00024;24;;Rue de Senlis;59176;59390;Masny;;;3.187848;50.337324
59390_1040_00026;26;;Rue de Senlis;59176;59390;Masny;;;3.187636;50.337394
59390_1040_00028;28;;Rue de Senlis;59176;59390;Masny;;;3.187473;50.337448
59390_1040_00032;32;;Rue de Senlis;59176;59390;Masny;;;3.187108;50.337568
59390_1040_00035;35;;Rue de Senlis;59176;59390;Masny;;;3.186994;50.337479
59390_1040_00033;33;;Rue de Senlis;59176;59390;Masny;;;3.187148;50.337429
59390_0315_00002;2;;Avenue de l'Epinette;59176;59390;Masny;;;3.2044;50.345411
59390_0315_00006;6;;Avenue de l'Epinette;59176;59390;Masny;;;3.205042;50.347592
59390_0315_00008;8;;Avenue de l'Epinette;59176;59390;Masny;;;3.20507;50.347685
59390_0315_00009;9;;Avenue de l'Epinette;59176;59390;Masny;;;3.204791;50.346314
59390_0315_00014;14;;Avenue de l'Epinette;59176;59390;Masny;;;3.205157;50.347964
59390_0315_00023;23;;Avenue de l'Epinette;59176;59390;Masny;;;3.205113;50.347172
59390_0315_00025;25;;Avenue de l'Epinette;59176;59390;Masny;;;3.205262;50.347349
59390_0315_00029;29;;Avenue de l'Epinette;59176;59390;Masny;;;3.205526;50.347706
59390_0315_00030;30;;Avenue de l'Epinette;59176;59390;Masny;;;3.205383;50.348702
59390_0315_00031;31;;Avenue de l'Epinette;59176;59390;Masny;;;3.205311;50.347992
59390_0315_00033;33;;Avenue de l'Epinette;59176;59390;Masny;;;3.205357;50.348137
59390_0315_00038;38;;Avenue de l'Epinette;59176;59390;Masny;;;3.205497;50.349071
59390_0315_00040;40;;Avenue de l'Epinette;59176;59390;Masny;;;3.205524;50.349161
59390_0315_00051;51;;Avenue de l'Epinette;59176;59390;Masny;;;3.205615;50.348975
59390_0315_00059;59;;Avenue de l'Epinette;59176;59390;Masny;;;3.205729;50.34934
59390_0315_00061;61;;Avenue de l'Epinette;59176;59390;Masny;;;3.205782;50.34951
59390_0315_00004_c;4;c;Avenue de l'Epinette;59176;59390;Masny;;;3.204531;50.346956
59390_1040_00037;37;;Rue de Senlis;59176;59390;Masny;;;3.19027;50.336606
59390_0315_00005;5;;Avenue de l'Epinette;59176;59390;Masny;;;3.204644;50.345825
59390_0315_00010;10;;Avenue de l'Epinette;59176;59390;Masny;;;3.205098;50.347775
59390_0315_00012;12;;Avenue de l'Epinette;59176;59390;Masny;;;3.205127;50.347869
59390_0315_00013;13;;Avenue de l'Epinette;59176;59390;Masny;;;3.204878;50.346595
59390_0315_00015;15;;Avenue de l'Epinette;59176;59390;Masny;;;3.204912;50.346704
59390_0315_00017;17;;Avenue de l'Epinette;59176;59390;Masny;;;3.204944;50.34681
59390_0315_00018;18;;Avenue de l'Epinette;59176;59390;Masny;;;3.205212;50.348149
59390_0315_00022;22;;Avenue de l'Epinette;59176;59390;Masny;;;3.20527;50.348335
59390_0315_00035;35;;Avenue de l'Epinette;59176;59390;Masny;;;3.205387;50.348234
59390_0315_00039;39;;Avenue de l'Epinette;59176;59390;Masny;;;3.205442;50.348413
59390_0315_00048;48;;Avenue de l'Epinette;59176;59390;Masny;;;3.204559;50.346956
59390_0315_00049;49;;Avenue de l'Epinette;59176;59390;Masny;;;3.205587;50.34888
59390_0315_00053;53;;Avenue de l'Epinette;59176;59390;Masny;;;3.205644;50.349065
59390_0315_00057;57;;Avenue de l'Epinette;59176;59390;Masny;;;3.205701;50.349251
59390_0315_00004_h;4;h;Avenue de l'Epinette;59176;59390;Masny;;;3.204545;50.346956
59390_0315_00002_bis;2;bis;Avenue de l'Epinette;59176;59390;Masny;;;3.204289;50.345702
59390_1040_00029;29;;Rue de Senlis;59176;59390;Masny;;;3.187616;50.337275
59390_0315_00003;3;;Avenue de l'Epinette;59176;59390;Masny;;;3.204586;50.345581
59390_0315_00007;7;;Avenue de l'Epinette;59176;59390;Masny;;;3.204715;50.346069
59390_0315_00011;11;;Avenue de l'Epinette;59176;59390;Masny;;;3.204845;50.346486
59390_0315_00016;16;;Avenue de l'Epinette;59176;59390;Masny;;;3.205184;50.348053
59390_0315_00020;20;;Avenue de l'Epinette;59176;59390;Masny;;;3.205242;50.348243
59390_0315_00026;26;;Avenue de l'Epinette;59176;59390;Masny;;;3.205326;50.348517
59390_0315_00027;27;;Avenue de l'Epinette;59176;59390;Masny;;;3.2054;50.347512
59390_0315_00036;36;;Avenue de l'Epinette;59176;59390;Masny;;;3.205468;50.348981
59390_0315_00037;37;;Avenue de l'Epinette;59176;59390;Masny;;;3.205415;50.348324
59390_0315_00041;41;;Avenue de l'Epinette;59176;59390;Masny;;;3.20547;50.348506
59390_0315_00042;42;;Avenue de l'Epinette;59176;59390;Masny;;;3.205436;50.349331
59390_0315_00043;43;;Avenue de l'Epinette;59176;59390;Masny;;;3.2055;50.3486
59390_0315_00047;47;;Avenue de l'Epinette;59176;59390;Masny;;;3.205557;50.348787
59390_0315_00055;55;;Avenue de l'Epinette;59176;59390;Masny;;;3.205672;50.349158
59390_0315_00004_a;4;a;Avenue de l'Epinette;59176;59390;Masny;;;3.204531;50.346956
59390_1040_00030;30;;Rue de Senlis;59176;59390;Masny;;;3.187254;50.33752
59390_1040_00031;31;;Rue de Senlis;59176;59390;Masny;;;3.187444;50.337332
59390_0315_00001;1;;Avenue de l'Epinette;59176;59390;Masny;;;3.204537;50.345345
59390_0315_00004;4;;Avenue de l'Epinette;59176;59390;Masny;;;3.204598;50.346176
59390_0315_00019;19;;Avenue de l'Epinette;59176;59390;Masny;;;3.204974;50.346903
59390_0315_00021;21;;Avenue de l'Epinette;59176;59390;Masny;;;3.205005;50.347005
59390_0315_00024;24;;Avenue de l'Epinette;59176;59390;Masny;;;3.205299;50.348428
59390_0315_00028;28;;Avenue de l'Epinette;59176;59390;Masny;;;3.205353;50.348606
59390_0315_00032;32;;Avenue de l'Epinette;59176;59390;Masny;;;3.20541;50.348792
59390_0315_00034;34;;Avenue de l'Epinette;59176;59390;Masny;;;3.205438;50.348883
59390_0315_00045;45;;Avenue de l'Epinette;59176;59390;Masny;;;3.205529;50.348692
59390_0315_00004_e;4;e;Avenue de l'Epinette;59176;59390;Masny;;;3.204531;50.346956
59390_0220_00007;7;;Rue de Creil;59176;59390;Masny;;;3.189186;50.334626
59390_0220_00009;9;;Rue de Creil;59176;59390;Masny;;;3.189045;50.334383
59390_0220_00011;11;;Rue de Creil;59176;59390;Masny;;;3.189004;50.334317
59390_0220_00017;17;;Rue de Creil;59176;59390;Masny;;;3.188794;50.333983
59390_0020_00001;1;;Rue de Beauvais;59176;59390;Masny;;;3.188175;50.334681
59390_0020_00003;3;;Rue de Beauvais;59176;59390;Masny;;;3.188242;50.334751
59390_0020_00004;4;;Rue de Beauvais;59176;59390;Masny;;;3.18873;50.334634
59390_0020_00006;6;;Rue de Beauvais;59176;59390;Masny;;;3.188524;50.334686
59390_0020_00009;9;;Rue de Beauvais;59176;59390;Masny;;;3.186477;50.335314
59390_0020_00014;14;;Rue de Beauvais;59176;59390;Masny;;;3.188341;50.335263
59390_0020_00019;19;;Rue de Beauvais;59176;59390;Masny;;;3.185764;50.335503
59390_0020_00022;22;;Rue de Beauvais;59176;59390;Masny;;;3.187553;50.335016
59390_0020_00029;29;;Rue de Beauvais;59176;59390;Masny;;;3.185904;50.339363
59390_0020_00035;35;;Rue de Beauvais;59176;59390;Masny;;;3.185456;50.336223
59390_0020_00036;36;;Rue de Beauvais;59176;59390;Masny;;;3.187171;50.335235
59390_0020_00042;42;;Rue de Beauvais;59176;59390;Masny;;;3.186744;50.335343
59390_0220_00016;16;;Rue de Creil;59176;59390;Masny;;;3.1883;50.333382
59390_0220_00021;21;;Rue de Creil;59176;59390;Masny;;;3.18878;50.333383
59390_0020_00016;16;;Rue de Beauvais;59176;59390;Masny;;;3.188126;50.335146
59390_0020_00017;17;;Rue de Beauvais;59176;59390;Masny;;;3.18588;50.335466
59390_0020_00024;24;;Rue de Beauvais;59176;59390;Masny;;;3.187601;50.335102
59390_0020_00027;27;;Rue de Beauvais;59176;59390;Masny;;;3.185039;50.335706
59390_0020_00033;33;;Rue de Beauvais;59176;59390;Masny;;;3.185292;50.336058
59390_0020_00037;37;;Rue de Beauvais;59176;59390;Masny;;;3.185651;50.336427
59390_0315_00004_f;4;f;Avenue de l'Epinette;59176;59390;Masny;;;3.204517;50.346956
59390_0315_00004_b;4;b;Avenue de l'Epinette;59176;59390;Masny;;;3.204589;50.346752
59390_0220_00003;3;;Rue de Creil;59176;59390;Masny;;;3.18933;50.334855
59390_0220_00004;4;;Rue de Creil;59176;59390;Masny;;;3.189208;50.334909
59390_0220_00013;13;;Rue de Creil;59176;59390;Masny;;;3.188919;50.334182
59390_0220_00019_c;19;c;Rue de Creil;59176;59390;Masny;;;3.189132;50.333338
59390_0220_00019_d;19;d;Rue de Creil;59176;59390;Masny;;;3.18901;50.333229
59390_0220_00019_b;19;b;Rue de Creil;59176;59390;Masny;;;3.189186;50.333417
59390_0020_00002;2;;Rue de Beauvais;59176;59390;Masny;;;3.188883;50.334594
59390_0020_00005;5;;Rue de Beauvais;59176;59390;Masny;;;3.186162;50.336973
59390_0020_00008;8;;Rue de Beauvais;59176;59390;Masny;;;3.188367;50.334725
59390_0020_00015;15;;Rue de Beauvais;59176;59390;Masny;;;3.186076;50.335417
59390_0020_00018;18;;Rue de Beauvais;59176;59390;Masny;;;3.187985;50.334823
59390_0020_00020;20;;Rue de Beauvais;59176;59390;Masny;;;3.18788;50.334849
59390_0020_00028;28;;Rue de Beauvais;59176;59390;Masny;;;3.18772;50.335304
59390_0020_00031;31;;Rue de Beauvais;59176;59390;Masny;;;3.185035;50.3358
59390_0020_00039;39;;Rue de Beauvais;59176;59390;Masny;;;3.185715;50.336762
59390_0020_00040;40;;Rue de Beauvais;59176;59390;Masny;;;3.186875;50.335309
59390_0020_00041;41;;Rue de Beauvais;59176;59390;Masny;;;3.185872;50.337022
59390_0020_00043;43;;Rue de Beauvais;59176;59390;Masny;;;3.187251;50.33798
59390_0315_00004_d;4;d;Avenue de l'Epinette;59176;59390;Masny;;;3.204531;50.346956
59390_0315_00004_g;4;g;Avenue de l'Epinette;59176;59390;Masny;;;3.204531;50.346956
59390_0220_00001;1;;Rue de Creil;59176;59390;Masny;;;3.189405;50.334975
59390_0220_00002;2;;Rue de Creil;59176;59390;Masny;;;3.189255;50.334985
59390_0220_00005;5;;Rue de Creil;59176;59390;Masny;;;3.189252;50.33473
59390_0220_00014;14;;Rue de Creil;59176;59390;Masny;;;3.188368;50.333498
59390_0220_00015;15;;Rue de Creil;59176;59390;Masny;;;3.188877;50.334116
59390_0220_00019;19;;Rue de Creil;59176;59390;Masny;;;3.188754;50.333919
59390_0220_00023;23;;Rue de Creil;59176;59390;Masny;;;3.18865;50.333416
59390_0220_00019_a;19;a;Rue de Creil;59176;59390;Masny;;;3.189217;50.333498
59390_0020_00010;10;;Rue de Beauvais;59176;59390;Masny;;;3.188719;50.335067
59390_0020_00011;11;;Rue de Beauvais;59176;59390;Masny;;;3.186382;50.335338
59390_0020_00012;12;;Rue de Beauvais;59176;59390;Masny;;;3.188554;50.335187
59390_0020_00013;13;;Rue de Beauvais;59176;59390;Masny;;;3.186179;50.33539
59390_0020_00021;21;;Rue de Beauvais;59176;59390;Masny;;;3.185622;50.335538
59390_0020_00023;23;;Rue de Beauvais;59176;59390;Masny;;;3.185478;50.335575
59390_0020_00025;25;;Rue de Beauvais;59176;59390;Masny;;;3.185235;50.335644
59390_0020_00026;26;;Rue de Beauvais;59176;59390;Masny;;;3.187837;50.335197
59390_0020_00038;38;;Rue de Beauvais;59176;59390;Masny;;;3.187016;50.335274
59390_0023_00001;1;;Rue de la Bequette;59176;59390;Masny;;;3.204234;50.345907
59390_0020_00045;45;;Rue de Beauvais;59176;59390;Masny;;;3.187572;50.338199
59390_0023_00005;5;;Rue de la Bequette;59176;59390;Masny;;;3.203683;50.346065
59390_0023_00008;8;;Rue de la Bequette;59176;59390;Masny;;;3.20316;50.346082
59390_0023_00009;9;;Rue de la Bequette;59176;59390;Masny;;;3.203122;50.346228
59390_0023_00011;11;;Rue de la Bequette;59176;59390;Masny;;;3.202138;50.346686
59390_0023_00012;12;;Rue de la Bequette;59176;59390;Masny;;;3.202631;50.346283
59390_0023_00019;19;;Rue de la Bequette;59176;59390;Masny;;;3.20227;50.347037
59390_0023_00021;21;;Rue de la Bequette;59176;59390;Masny;;;3.202297;50.347107
59390_0023_00025;25;;Rue de la Bequette;59176;59390;Masny;;;3.20235;50.347254
59390_0023_00029;29;;Rue de la Bequette;59176;59390;Masny;;;3.202437;50.347484
59390_0023_00030;30;;Rue de la Bequette;59176;59390;Masny;;;3.202176;50.347108
59390_0023_00031;31;;Rue de la Bequette;59176;59390;Masny;;;3.202505;50.347666
59390_0023_00034;34;;Rue de la Bequette;59176;59390;Masny;;;3.202243;50.347283
59390_0023_00017_a;17;a;Rue de la Bequette;59176;59390;Masny;;;3.202251;50.346478
59390_0307_00001;1;;Rue Jenner;59176;59390;Masny;;;3.184243;50.340926
59390_0307_00005;5;;Rue Jenner;59176;59390;Masny;;;3.184008;50.341109
59390_0980_00002;2;;Rue de Saint - Just;59176;59390;Masny;;;3.193899;50.334313
59390_0020_00046;46;;Rue de Beauvais;59176;59390;Masny;;;3.18748;50.338032
59390_0023_00002;2;;Rue de la Bequette;59176;59390;Masny;;;3.203996;50.345842
59390_0023_00015;15;;Rue de la Bequette;59176;59390;Masny;;;3.202202;50.346857
59390_0023_00018;18;;Rue de la Bequette;59176;59390;Masny;;;3.202003;50.34657
59390_0023_00027;27;;Rue de la Bequette;59176;59390;Masny;;;3.202383;50.34734
59390_0023_00032;32;;Rue de la Bequette;59176;59390;Masny;;;3.202211;50.3472
59390_0023_00036;36;;Rue de la Bequette;59176;59390;Masny;;;3.202277;50.347373
59390_0023_00011_bis;11;bis;Rue de la Bequette;59176;59390;Masny;;;3.203152;50.346227
59390_0307_00002;2;;Rue Jenner;59176;59390;Masny;;;3.184173;50.34098
59390_0307_00009;9;;Rue Jenner;59176;59390;Masny;;;3.184027;50.34126
59390_0980_00004;4;;Rue de Saint - Just;59176;59390;Masny;;;3.193966;50.334419
59390_0020_00044;44;;Rue de Beauvais;59176;59390;Masny;;;3.186623;50.335374
59390_0020_00408;408;;Rue de Beauvais;59176;59390;Masny;;;3.186222;50.337615
59390_0020_00046_a;46;a;Rue de Beauvais;59176;59390;Masny;;;3.186439;50.337109
59390_0023_00004;4;;Rue de la Bequette;59176;59390;Masny;;;3.203712;50.345924
59390_0023_00007;7;;Rue de la Bequette;59176;59390;Masny;;;3.203394;50.346149
59390_0023_00010;10;;Rue de la Bequette;59176;59390;Masny;;;3.202891;50.346208
59390_0023_00014;14;;Rue de la Bequette;59176;59390;Masny;;;3.202343;50.346367
59390_0023_00016;16;;Rue de la Bequette;59176;59390;Masny;;;3.202112;50.34645
59390_0023_00020;20;;Rue de la Bequette;59176;59390;Masny;;;3.202002;50.346645
59390_0023_00023;23;;Rue de la Bequette;59176;59390;Masny;;;3.202324;50.347182
59390_0023_00028;28;;Rue de la Bequette;59176;59390;Masny;;;3.202139;50.347009
59390_0023_00033;33;;Rue de la Bequette;59176;59390;Masny;;;3.202567;50.347832
59390_0023_00038;38;;Rue de la Bequette;59176;59390;Masny;;;3.202312;50.347464
59390_0023_00040;40;;Rue de la Bequette;59176;59390;Masny;;;3.202343;50.347547
59390_0307_00003;3;;Rue Jenner;59176;59390;Masny;;;3.184116;50.341025
59390_0307_00004;4;;Rue Jenner;59176;59390;Masny;;;3.184066;50.341065
59390_0307_00006;6;;Rue Jenner;59176;59390;Masny;;;3.183943;50.341161
59390_0980_00001;1;;Rue de Saint - Just;59176;59390;Masny;;;3.193728;50.334265
59390_0980_00003;3;;Rue de Saint - Just;59176;59390;Masny;;;3.193813;50.334396
59390_0020_00048;48;;Rue de Beauvais;59176;59390;Masny;;;3.18767;50.338167
59390_0020_00041_bis;41;bis;Rue de Beauvais;59176;59390;Masny;;;3.186364;50.337186
59390_0020_00046_b;46;b;Rue de Beauvais;59176;59390;Masny;;;3.187772;50.338254
59390_0020_00043_bis;43;bis;Rue de Beauvais;59176;59390;Masny;;;3.187405;50.338072
59390_0023_00003;3;;Rue de la Bequette;59176;59390;Masny;;;3.20395;50.345988
59390_0023_00006;6;;Rue de la Bequette;59176;59390;Masny;;;3.203438;50.346002
59390_0023_00013;13;;Rue de la Bequette;59176;59390;Masny;;;3.202177;50.346792
59390_0023_00017;17;;Rue de la Bequette;59176;59390;Masny;;;3.202234;50.346943
59390_0023_00022;22;;Rue de la Bequette;59176;59390;Masny;;;3.202038;50.346742
59390_0023_00024;24;;Rue de la Bequette;59176;59390;Masny;;;3.202072;50.346829
59390_0023_00026;26;;Rue de la Bequette;59176;59390;Masny;;;3.202106;50.346922
59390_0023_00035;35;;Rue de la Bequette;59176;59390;Masny;;;3.202628;50.347993
59390_0023_00009_bis;9;bis;Rue de la Bequette;59176;59390;Masny;;;3.202831;50.346316
59390_0023_00009_ter;9;ter;Rue de la Bequette;59176;59390;Masny;;;3.202637;50.346463
59390_0307_00007;7;;Rue Jenner;59176;59390;Masny;;;3.183757;50.341306
59390_0307_00008;8;;Rue Jenner;59176;59390;Masny;;;3.183764;50.341473
59390_0980_00006;6;;Rue de Saint - Just;59176;59390;Masny;;;3.194076;50.334595
59390_0980_00009;9;;Rue de Saint - Just;59176;59390;Masny;;;3.193996;50.334695
59390_0980_00007;7;;Rue de Saint - Just;59176;59390;Masny;;;3.193813;50.334396
59390_0980_00014;14;;Rue de Saint - Just;59176;59390;Masny;;;3.194761;50.335028
59390_0980_00020;20;;Rue de Saint - Just;59176;59390;Masny;;;3.194812;50.334571
59390_0980_00023;23;;Rue de Saint - Just;59176;59390;Masny;;;3.194785;50.335106
59390_0980_00037;37;;Rue de Saint - Just;59176;59390;Masny;;;3.194834;50.334397
59390_0360_00006;6;;Rue Eugene Bailly;59176;59390;Masny;;;3.202817;50.353677
59390_0710_00001;1;;Rue Modeste Buisset;59176;59390;Masny;;;3.201101;50.351631
59390_0710_00004;4;;Rue Modeste Buisset;59176;59390;Masny;;;3.201037;50.351839
59390_0710_00006;6;;Rue Modeste Buisset;59176;59390;Masny;;;3.200945;50.351898
59390_0710_00007;7;;Rue Modeste Buisset;59176;59390;Masny;;;3.200783;50.351831
59390_0710_00008;8;;Rue Modeste Buisset;59176;59390;Masny;;;3.200858;50.351952
59390_0710_00017;17;;Rue Modeste Buisset;59176;59390;Masny;;;3.200221;50.352184
59390_0710_00024;24;;Rue Modeste Buisset;59176;59390;Masny;;;3.200216;50.35236
59390_0710_00031;31;;Rue Modeste Buisset;59176;59390;Masny;;;3.199479;50.352652
59390_0710_00033;33;;Rue Modeste Buisset;59176;59390;Masny;;;3.199367;50.352723
59390_0710_00037;37;;Rue Modeste Buisset;59176;59390;Masny;;;3.199123;50.352867
59390_0710_00045;45;;Rue Modeste Buisset;59176;59390;Masny;;;3.196779;50.354359
59390_0710_00001_a;1;a;Rue Modeste Buisset;59176;59390;Masny;;;3.201642;50.351214
59390_0340_00006;6;;Rue d'Ermenonville;59176;59390;Masny;;;3.190326;50.336016
59390_0340_00026;26;;Rue d'Ermenonville;59176;59390;Masny;;;3.187308;50.336849
59390_0340_00031;31;;Rue d'Ermenonville;59176;59390;Masny;;;3.187288;50.336753
59390_0980_00011;11;;Rue de Saint - Just;59176;59390;Masny;;;3.194046;50.334773
59390_0980_00012;12;;Rue de Saint - Just;59176;59390;Masny;;;3.194306;50.334962
59390_0980_00016;16;;Rue de Saint - Just;59176;59390;Masny;;;3.194916;50.334988
59390_0980_00019;19;;Rue de Saint - Just;59176;59390;Masny;;;3.194332;50.335229
59390_0980_00021;21;;Rue de Saint - Just;59176;59390;Masny;;;3.194639;50.335143
59390_0980_00035;35;;Rue de Saint - Just;59176;59390;Masny;;;3.194928;50.334546
59390_0980_00041;41;;Rue de Saint - Just;59176;59390;Masny;;;3.194674;50.334138
59390_0980_00043;43;;Rue de Saint - Just;59176;59390;Masny;;;3.194611;50.334037
59390_0360_00004;4;;Rue Eugene Bailly;59176;59390;Masny;;;3.202826;50.353554
59390_0360_00007;7;;Rue Eugene Bailly;59176;59390;Masny;;;3.202951;50.353433
59390_0360_00009;9;;Rue Eugene Bailly;59176;59390;Masny;;;3.202972;50.353516
59390_0710_00012;12;;Rue Modeste Buisset;59176;59390;Masny;;;3.200682;50.352065
59390_0710_00013;13;;Rue Modeste Buisset;59176;59390;Masny;;;3.200405;50.352062
59390_0710_00016;16;;Rue Modeste Buisset;59176;59390;Masny;;;3.200498;50.352181
59390_0710_00023;23;;Rue Modeste Buisset;59176;59390;Masny;;;3.199901;50.352385
59390_0710_00026;26;;Rue Modeste Buisset;59176;59390;Masny;;;3.200036;50.352475
59390_0710_00029;29;;Rue Modeste Buisset;59176;59390;Masny;;;3.199579;50.352588
59390_0710_00039;39;;Rue Modeste Buisset;59176;59390;Masny;;;3.19899;50.352946
59390_0710_00040;40;;Rue Modeste Buisset;59176;59390;Masny;;;3.199143;50.353033
59390_0710_00047;47;;Rue Modeste Buisset;59176;59390;Masny;;;3.196242;50.353948
59390_0710_00052;52;;Rue Modeste Buisset;59176;59390;Masny;;;3.196496;50.354712
59390_0710_00001_b;1;b;Rue Modeste Buisset;59176;59390;Masny;;;3.201136;50.351642
59390_0940_00002;2;;Rue de Ribecourt;59176;59390;Masny;;;3.19416;50.337189
59390_0940_00003;3;;Rue de Ribecourt;59176;59390;Masny;;;3.194108;50.336775
59390_0940_00005;5;;Rue de Ribecourt;59176;59390;Masny;;;3.193827;50.3367
59390_0940_00007;7;;Rue de Ribecourt;59176;59390;Masny;;;3.193649;50.336622
59390_0340_00001;1;;Rue d'Ermenonville;59176;59390;Masny;;;3.190665;50.335863
59390_0340_00004;4;;Rue d'Ermenonville;59176;59390;Masny;;;3.190605;50.335983
59390_0340_00008;8;;Rue d'Ermenonville;59176;59390;Masny;;;3.190215;50.336029
59390_0340_00017;17;;Rue d'Ermenonville;59176;59390;Masny;;;3.188826;50.336236
59390_0340_00022;22;;Rue d'Ermenonville;59176;59390;Masny;;;3.188133;50.336575
59390_0340_00023;23;;Rue d'Ermenonville;59176;59390;Masny;;;3.188239;50.336422
59390_0340_00028;28;;Rue d'Ermenonville;59176;59390;Masny;;;3.187148;50.336939
59390_0340_00032;32;;Rue d'Ermenonville;59176;59390;Masny;;;3.186687;50.337119
59390_0340_00033;33;;Rue d'Ermenonville;59176;59390;Masny;;;3.186859;50.336921
59390_0980_00005;5;;Rue de Saint - Just;59176;59390;Masny;;;3.193813;50.334396
59390_0980_00008;8;;Rue de Saint - Just;59176;59390;Masny;;;3.194128;50.334678
59390_0980_00010;10;;Rue de Saint - Just;59176;59390;Masny;;;3.19423;50.334842
59390_0980_00013;13;;Rue de Saint - Just;59176;59390;Masny;;;3.194118;50.33489
59390_0980_00015;15;;Rue de Saint - Just;59176;59390;Masny;;;3.194181;50.334991
59390_0980_00022;22;;Rue de Saint - Just;59176;59390;Masny;;;3.194682;50.334362
59390_0980_00025;25;;Rue de Saint - Just;59176;59390;Masny;;;3.195114;50.335021
59390_0980_00027;27;;Rue de Saint - Just;59176;59390;Masny;;;3.19524;50.334989
59390_0980_00029;29;;Rue de Saint - Just;59176;59390;Masny;;;3.195123;50.334861
59390_0980_00031;31;;Rue de Saint - Just;59176;59390;Masny;;;3.195058;50.334755
59390_0980_00039;39;;Rue de Saint - Just;59176;59390;Masny;;;3.194766;50.334287
59390_0980_00007_bis;7;bis;Rue de Saint - Just;59176;59390;Masny;;;3.193813;50.334396
59390_0360_00002;2;;Rue Eugene Bailly;59176;59390;Masny;;;3.202871;50.35323
59390_0360_00011;11;;Rue Eugene Bailly;59176;59390;Masny;;;3.202996;50.353607
59390_0360_00013;13;;Rue Eugene Bailly;59176;59390;Masny;;;3.203023;50.353683
59390_0710_00005;5;;Rue Modeste Buisset;59176;59390;Masny;;;3.200881;50.351769
59390_0710_00010;10;;Rue Modeste Buisset;59176;59390;Masny;;;3.20077;50.352008
59390_0710_00011;11;;Rue Modeste Buisset;59176;59390;Masny;;;3.200555;50.351974
59390_0710_00019;19;;Rue Modeste Buisset;59176;59390;Masny;;;3.20012;50.352248
59390_0710_00020;20;;Rue Modeste Buisset;59176;59390;Masny;;;3.200335;50.352285
59390_0710_00022;22;;Rue Modeste Buisset;59176;59390;Masny;;;3.200276;50.352322
59390_0710_00025;25;;Rue Modeste Buisset;59176;59390;Masny;;;3.199798;50.352451
59390_0710_00027;27;;Rue Modeste Buisset;59176;59390;Masny;;;3.199694;50.352516
59390_0710_00028;28;;Rue Modeste Buisset;59176;59390;Masny;;;3.19994;50.352536
59390_0710_00030;30;;Rue Modeste Buisset;59176;59390;Masny;;;3.199852;50.352592
59390_0710_00036;36;;Rue Modeste Buisset;59176;59390;Masny;;;3.199591;50.352757
59390_0710_00038;38;;Rue Modeste Buisset;59176;59390;Masny;;;3.199344;50.352908
59390_0710_00002_bis;2;bis;Rue Modeste Buisset;59176;59390;Masny;;;3.201491;50.351531
59390_0940_00004;4;;Rue de Ribecourt;59176;59390;Masny;;;3.194136;50.337107
59390_0340_00005;5;;Rue d'Ermenonville;59176;59390;Masny;;;3.190237;50.335913
59390_0340_00012;12;;Rue d'Ermenonville;59176;59390;Masny;;;3.189562;50.336162
59390_0340_00014;14;;Rue d'Ermenonville;59176;59390;Masny;;;3.189181;50.336259
59390_0340_00016;16;;Rue d'Ermenonville;59176;59390;Masny;;;3.18902;50.336299
59390_0340_00020;20;;Rue d'Ermenonville;59176;59390;Masny;;;3.188486;50.336462
59390_0340_00021;21;;Rue d'Ermenonville;59176;59390;Masny;;;3.188441;50.336357
59390_0340_00025;25;;Rue d'Ermenonville;59176;59390;Masny;;;3.187959;50.336511
59390_0340_00027;27;;Rue d'Ermenonville;59176;59390;Masny;;;3.187844;50.336548
59390_0980_00017;17;;Rue de Saint - Just;59176;59390;Masny;;;3.194179;50.335267
59390_0980_00018;18;;Rue de Saint - Just;59176;59390;Masny;;;3.19486;50.334649
59390_0980_00024;24;;Rue de Saint - Just;59176;59390;Masny;;;3.194633;50.334282
59390_0980_00033;33;;Rue de Saint - Just;59176;59390;Masny;;;3.194992;50.334649
59390_0360_00003;3;;Rue Eugene Bailly;59176;59390;Masny;;;3.203204;50.353193
59390_0360_00005;5;;Rue Eugene Bailly;59176;59390;Masny;;;3.203005;50.353244
59390_0710_00002;2;;Rue Modeste Buisset;59176;59390;Masny;;;3.201134;50.351779
59390_0710_00003;3;;Rue Modeste Buisset;59176;59390;Masny;;;3.200996;50.351697
59390_0710_00009;9;;Rue Modeste Buisset;59176;59390;Masny;;;3.200659;50.351909
59390_0710_00014;14;;Rue Modeste Buisset;59176;59390;Masny;;;3.200591;50.352123
59390_0710_00015;15;;Rue Modeste Buisset;59176;59390;Masny;;;3.200312;50.352128
59390_0710_00018;18;;Rue Modeste Buisset;59176;59390;Masny;;;3.200405;50.352241
59390_0710_00021;21;;Rue Modeste Buisset;59176;59390;Masny;;;3.200008;50.352318
59390_0710_00032;32;;Rue Modeste Buisset;59176;59390;Masny;;;3.199759;50.352651
59390_0710_00034;34;;Rue Modeste Buisset;59176;59390;Masny;;;3.199673;50.352705
59390_0710_00035;35;;Rue Modeste Buisset;59176;59390;Masny;;;3.199237;50.352805
59390_0710_00041;41;;Rue Modeste Buisset;59176;59390;Masny;;;3.198906;50.352998
59390_0710_00046;46;;Rue Modeste Buisset;59176;59390;Masny;;;3.197758;50.353874
59390_0710_00057;57;;Rue Modeste Buisset;59176;59390;Masny;;;3.194065;50.356191
59390_0940_00001;1;;Rue de Ribecourt;59176;59390;Masny;;;3.194219;50.336762
59390_0340_00002;2;;Rue d'Ermenonville;59176;59390;Masny;;;3.190779;50.335963
59390_0340_00003;3;;Rue d'Ermenonville;59176;59390;Masny;;;3.190492;50.335883
59390_0340_00007;7;;Rue d'Ermenonville;59176;59390;Masny;;;3.190098;50.335929
59390_0340_00009;9;;Rue d'Ermenonville;59176;59390;Masny;;;3.18971;50.336006
59390_0340_00010;10;;Rue d'Ermenonville;59176;59390;Masny;;;3.189734;50.336118
59390_0340_00011;11;;Rue d'Ermenonville;59176;59390;Masny;;;3.189576;50.336041
59390_0340_00013;13;;Rue d'Ermenonville;59176;59390;Masny;;;3.189273;50.336117
59390_0340_00015;15;;Rue d'Ermenonville;59176;59390;Masny;;;3.189078;50.336169
59390_0340_00018;18;;Rue d'Ermenonville;59176;59390;Masny;;;3.18865;50.33641
59390_0340_00019;19;;Rue d'Ermenonville;59176;59390;Masny;;;3.188684;50.336279
59390_0340_00024;24;;Rue d'Ermenonville;59176;59390;Masny;;;3.187976;50.336628
59390_0340_00029;29;;Rue d'Ermenonville;59176;59390;Masny;;;3.187407;50.336707
59390_0340_00030;30;;Rue d'Ermenonville;59176;59390;Masny;;;3.186834;50.337061
59390_0340_00035;35;;Rue d'Ermenonville;59176;59390;Masny;;;3.186622;50.337034
59390_0839_00005;5;;Rue Pablo Picasso;59176;59390;Masny;;;3.186257;50.339187
59390_0839_00004;4;;Rue Pablo Picasso;59176;59390;Masny;;;3.186126;50.338971
59390_0839_00010;10;;Rue Pablo Picasso;59176;59390;Masny;;;3.186629;50.339254
59390_0839_00014;14;;Rue Pablo Picasso;59176;59390;Masny;;;3.187052;50.339482
59390_1100_00006;6;;Rue Suzanne Lannoy;59176;59390;Masny;;;3.200005;50.34601
59390_1100_00007;7;;Rue Suzanne Lannoy;59176;59390;Masny;;;3.198928;50.346541
59390_1100_00010;10;;Rue Suzanne Lannoy;59176;59390;Masny;;;3.199607;50.346166
59390_1100_00013;13;;Rue Suzanne Lannoy;59176;59390;Masny;;;3.198616;50.346651
59390_1100_00014;14;;Rue Suzanne Lannoy;59176;59390;Masny;;;3.199149;50.34635
59390_1100_00018;18;;Rue Suzanne Lannoy;59176;59390;Masny;;;3.198915;50.346443
59390_1100_00020;20;;Rue Suzanne Lannoy;59176;59390;Masny;;;3.198462;50.346614
59390_1100_00027;27;;Rue Suzanne Lannoy;59176;59390;Masny;;;3.197794;50.346733
59390_0839_00013;13;;Rue Pablo Picasso;59176;59390;Masny;;;3.187484;50.339854
59390_1100_00001;1;;Rue Suzanne Lannoy;59176;59390;Masny;;;3.19928;50.346444
59390_1100_00008;8;;Rue Suzanne Lannoy;59176;59390;Masny;;;3.199833;50.346077
59390_1100_00029;29;;Rue Suzanne Lannoy;59176;59390;Masny;;;3.197415;50.346611
59390_0839_00006;6;;Rue Pablo Picasso;59176;59390;Masny;;;3.186282;50.339067
59390_0839_00008;8;;Rue Pablo Picasso;59176;59390;Masny;;;3.186591;50.339226
59390_0839_00016;16;;Rue Pablo Picasso;59176;59390;Masny;;;3.187148;50.339535
59390_1100_00002;2;;Rue Suzanne Lannoy;59176;59390;Masny;;;3.200259;50.34591
59390_1100_00009;9;;Rue Suzanne Lannoy;59176;59390;Masny;;;3.19878;50.346592
59390_1100_00011;11;;Rue Suzanne Lannoy;59176;59390;Masny;;;3.198708;50.346619
59390_1100_00015;15;;Rue Suzanne Lannoy;59176;59390;Masny;;;3.198406;50.34672
59390_1100_00023;23;;Rue Suzanne Lannoy;59176;59390;Masny;;;3.198162;50.346836
59390_1100_00028;28;;Rue Suzanne Lannoy;59176;59390;Masny;;;3.197847;50.346674
59390_0839_00001;1;;Rue Pablo Picasso;59176;59390;Masny;;;3.185923;50.339004
59390_0839_00003;3;;Rue Pablo Picasso;59176;59390;Masny;;;3.186173;50.339141
59390_0839_00007;7;;Rue Pablo Picasso;59176;59390;Masny;;;3.1865;50.339321
59390_0839_00009;9;;Rue Pablo Picasso;59176;59390;Masny;;;3.186603;50.339376
59390_0839_00011;11;;Rue Pablo Picasso;59176;59390;Masny;;;3.187394;50.339804
59390_0839_00012;12;;Rue Pablo Picasso;59176;59390;Masny;;;3.186722;50.339297
59390_0839_00018;18;;Rue Pablo Picasso;59176;59390;Masny;;;3.187675;50.339728
59390_1100_00003;3;;Rue Suzanne Lannoy;59176;59390;Masny;;;3.19919;50.346439
59390_1100_00005;5;;Rue Suzanne Lannoy;59176;59390;Masny;;;3.199026;50.346502
59390_1100_00012;12;;Rue Suzanne Lannoy;59176;59390;Masny;;;3.199296;50.34629
59390_1100_00016;16;;Rue Suzanne Lannoy;59176;59390;Masny;;;3.199044;50.346397
59390_1100_00017;17;;Rue Suzanne Lannoy;59176;59390;Masny;;;3.198266;50.346763
59390_1100_00021;21;;Rue Suzanne Lannoy;59176;59390;Masny;;;3.198233;50.346898
59390_1100_00025;25;;Rue Suzanne Lannoy;59176;59390;Masny;;;3.198023;50.346789
59390_1100_00026;26;;Rue Suzanne Lannoy;59176;59390;Masny;;;3.198342;50.34666
59390_1100_00044;44;;Rue Suzanne Lannoy;59176;59390;Masny;;;3.196138;50.345859
59390_1100_00016_bis;16;bis;Rue Suzanne Lannoy;59176;59390;Masny;;;3.198924;50.346245
59390_1100_00018_bis;18;bis;Rue Suzanne Lannoy;59176;59390;Masny;;;3.198791;50.346493
59390_1100_00038_bis;38;bis;Rue Suzanne Lannoy;59176;59390;Masny;;;3.197848;50.346089
59390_0653_00020;20;;Rue Louise Michel;59176;59390;Masny;;;3.200191;50.343244
59390_0653_00024;24;;Rue Louise Michel;59176;59390;Masny;;;3.200022;50.343407
59390_0653_00028;28;;Rue Louise Michel;59176;59390;Masny;;;3.199756;50.343403
59390_0460_00011;11;;Rue de Froissy;59176;59390;Masny;;;3.186363;50.334376
59390_0460_00043;43;;Rue de Froissy;59176;59390;Masny;;;3.18508;50.33526
59390_0460_00033_bis;33;bis;Rue de Froissy;59176;59390;Masny;;;3.184805;50.33479
59390_0460_00017_a;17;a;Rue de Froissy;59176;59390;Masny;;;3.185662;50.334212
59390_0250_00017;17;;Rue de la Croisette;59176;59390;Masny;;;3.204609;50.349455
59390_0250_00037;37;;Rue de la Croisette;59176;59390;Masny;;;3.204264;50.348538
59390_0250_00041;41;;Rue de la Croisette;59176;59390;Masny;;;3.204196;50.34836
59390_0250_00064;64;;Rue de la Croisette;59176;59390;Masny;;;3.202134;50.348355
59390_0040_00018;18;;Rue de Bresles;59176;59390;Masny;;;3.19201;50.333159
59390_1214_00001;1;;Rue Mozart;59176;59390;Masny;;;3.18972;50.339297
59390_0008_00001;1;;Rue de l'Arbrisseau;59176;59390;Masny;;;3.20472;50.347422
59390_0008_00010;10;;Rue de l'Arbrisseau;59176;59390;Masny;;;3.204116;50.347141
59390_0008_00014;14;;Rue de l'Arbrisseau;59176;59390;Masny;;;3.204201;50.347264
59390_0037_00001;1;;Rue du Bosquet;59176;59390;Masny;;;3.202143;50.345414
59390_0037_00011;11;;Rue du Bosquet;59176;59390;Masny;;;3.203524;50.345175
59390_0037_00001_ter;1;ter;Rue du Bosquet;59176;59390;Masny;;;3.20233;50.345363
59390_0587_00029;29;;Rue Jules Mousseron;59176;59390;Masny;;;3.186761;50.341661
59390_0587_00053;53;;Rue Jules Mousseron;59176;59390;Masny;;;3.186527;50.341515
59390_0587_00097;97;;Rue Jules Mousseron;59176;59390;Masny;;;3.186087;50.341249
59390_0587_00109;109;;Rue Jules Mousseron;59176;59390;Masny;;;3.185947;50.341163
59390_0587_00124;124;;Rue Jules Mousseron;59176;59390;Masny;;;3.185657;50.341179
59390_0587_00138;138;;Rue Jules Mousseron;59176;59390;Masny;;;3.185509;50.341094
59390_0587_00177;177;;Rue Jules Mousseron;59176;59390;Masny;;;3.185198;50.340741
59390_0587_00190;190;;Rue Jules Mousseron;59176;59390;Masny;;;3.184984;50.340803
59390_0587_00199;199;;Rue Jules Mousseron;59176;59390;Masny;;;3.185007;50.340642
59390_0587_00238;238;;Rue Jules Mousseron;59176;59390;Masny;;;3.184451;50.340526
59390_0587_00282;282;;Rue Jules Mousseron;59176;59390;Masny;;;3.183991;50.340288
59390_0587_00348;348;;Rue Jules Mousseron;59176;59390;Masny;;;3.183206;50.339862
59390_0570_00001;1;;Rue Jonquiere;59176;59390;Masny;;;3.204241;50.346673
59390_0570_00009;9;;Rue Jonquiere;59176;59390;Masny;;;3.203846;50.34679
59390_0570_00016;16;;Rue Jonquiere;59176;59390;Masny;;;3.203425;50.34659
59390_0509_00014;14;;Rue Verdi;59176;59390;Masny;;;3.189681;50.339122
59390_0509_00016;16;;Rue Verdi;59176;59390;Masny;;;3.190012;50.339045
59390_0509_00021;21;;Rue Verdi;59176;59390;Masny;;;3.19052;50.339102
59390_0120_00001;1;;Rue Chopin;59176;59390;Masny;;;3.188363;50.338977
59390_0120_00005;5;;Rue Chopin;59176;59390;Masny;;;3.188641;50.338942
59390_0120_00009;9;;Rue Chopin;59176;59390;Masny;;;3.188934;50.338907
59390_1160_00003;3;;Rue de Varsovie;59176;59390;Masny;;;3.185391;50.339046
59390_1160_00009;9;;Rue de Varsovie;59176;59390;Masny;;;3.185576;50.339492
59390_0860_00006;6;;Rue de Pierrefonds;59176;59390;Masny;;;3.191826;50.337292
59390_1100_00031;31;;Rue Suzanne Lannoy;59176;59390;Masny;;;3.197279;50.346559
59390_1100_00035;35;;Rue Suzanne Lannoy;59176;59390;Masny;;;3.196979;50.346441
59390_1100_00038;38;;Rue Suzanne Lannoy;59176;59390;Masny;;;3.197282;50.346489
59390_1100_00040;40;;Rue Suzanne Lannoy;59176;59390;Masny;;;3.197008;50.34637
59390_1100_00043_a;43;a;Rue Suzanne Lannoy;59176;59390;Masny;;;3.19516;50.34542
59390_0653_00008;8;;Rue Louise Michel;59176;59390;Masny;;;3.200756;50.343431
59390_0653_00016;16;;Rue Louise Michel;59176;59390;Masny;;;3.200322;50.343413
59390_0460_00016;16;;Rue de Froissy;59176;59390;Masny;;;3.185909;50.334574
59390_0460_00033;33;;Rue de Froissy;59176;59390;Masny;;;3.184954;50.334735
59390_0250_00005;5;;Rue de la Croisette;59176;59390;Masny;;;3.205251;50.349667
59390_0250_00019;19;;Rue de la Croisette;59176;59390;Masny;;;3.204574;50.349363
59390_0250_00029;29;;Rue de la Croisette;59176;59390;Masny;;;3.204401;50.348904
59390_0250_00049;49;;Rue de la Croisette;59176;59390;Masny;;;3.203503;50.348135
59390_0250_00057;57;;Rue de la Croisette;59176;59390;Masny;;;3.202935;50.348221
59390_0040_00003;3;;Rue de Bresles;59176;59390;Masny;;;3.190946;50.333522
59390_0040_00007;7;;Rue de Bresles;59176;59390;Masny;;;3.191356;50.333419
59390_0040_00009;9;;Rue de Bresles;59176;59390;Masny;;;3.19152;50.333377
59390_0040_00014;14;;Rue de Bresles;59176;59390;Masny;;;3.191697;50.33324
59390_0040_00022;22;;Rue de Bresles;59176;59390;Masny;;;3.192462;50.333028
59390_0040_00026;26;;Rue de Bresles;59176;59390;Masny;;;3.192212;50.333191
59390_0008_00006;6;;Rue de l'Arbrisseau;59176;59390;Masny;;;3.204292;50.347125
59390_0037_00013;13;;Rue du Bosquet;59176;59390;Masny;;;3.203688;50.345148
59390_0037_00022;22;;Rue du Bosquet;59176;59390;Masny;;;3.206121;50.344366
59390_0587_00031;31;;Rue Jules Mousseron;59176;59390;Masny;;;3.186704;50.341624
59390_0587_00046;46;;Rue Jules Mousseron;59176;59390;Masny;;;3.186457;50.341661
59390_0587_00060;60;;Rue Jules Mousseron;59176;59390;Masny;;;3.186316;50.341576
59390_0587_00073;73;;Rue Jules Mousseron;59176;59390;Masny;;;3.18632;50.341391
59390_0587_00075;75;;Rue Jules Mousseron;59176;59390;Masny;;;3.186258;50.341354
59390_0587_00085;85;;Rue Jules Mousseron;59176;59390;Masny;;;3.186198;50.341317
59390_0587_00088;88;;Rue Jules Mousseron;59176;59390;Masny;;;3.186032;50.341403
59390_0587_00129;129;;Rue Jules Mousseron;59176;59390;Masny;;;3.185751;50.341047
59390_0587_00187;187;;Rue Jules Mousseron;59176;59390;Masny;;;3.185135;50.340708
59390_0587_00204;204;;Rue Jules Mousseron;59176;59390;Masny;;;3.184833;50.340723
59390_0587_00231;231;;Rue Jules Mousseron;59176;59390;Masny;;;3.184664;50.340463
59390_0587_00256;256;;Rue Jules Mousseron;59176;59390;Masny;;;3.184219;50.340406
59390_0587_00286;286;;Rue Jules Mousseron;59176;59390;Masny;;;3.18392;50.340251
59390_0587_00382;382;;Rue Jules Mousseron;59176;59390;Masny;;;3.182683;50.339558
59390_0570_00007;7;;Rue Jonquiere;59176;59390;Masny;;;3.203942;50.346761
59390_0570_00012;12;;Rue Jonquiere;59176;59390;Masny;;;3.203563;50.346607
59390_0570_00028;28;;Rue Jonquiere;59176;59390;Masny;;;3.203211;50.347417
59390_0570_00032;32;;Rue Jonquiere;59176;59390;Masny;;;3.203413;50.348018
59390_0509_00010;10;;Rue Verdi;59176;59390;Masny;;;3.189157;50.339144
59390_0120_00013;13;;Rue Chopin;59176;59390;Masny;;;3.189234;50.338872
59390_1160_00005;5;;Rue de Varsovie;59176;59390;Masny;;;3.185507;50.339326
59390_1160_00007;7;;Rue de Varsovie;59176;59390;Masny;;;3.185544;50.339414
59390_0860_00012;12;;Rue de Pierrefonds;59176;59390;Masny;;;3.191065;50.337382
59390_1100_00033;33;;Rue Suzanne Lannoy;59176;59390;Masny;;;3.197131;50.346503
59390_1100_00049;49;;Rue Suzanne Lannoy;59176;59390;Masny;;;3.194397;50.345549
59390_1100_00041_a;41;a;Rue Suzanne Lannoy;59176;59390;Masny;;;3.195408;50.345553
59390_1100_00049_b;49;b;Rue Suzanne Lannoy;59176;59390;Masny;;;3.194367;50.344962
59390_0653_00012;12;;Rue Louise Michel;59176;59390;Masny;;;3.200573;50.343418
59390_0910_00002;2;;Rue du Presbytere;59176;59390;Masny;;;3.200297;50.35032
59390_0460_00019;19;;Rue de Froissy;59176;59390;Masny;;;3.185995;50.334329
59390_0460_00023;23;;Rue de Froissy;59176;59390;Masny;;;3.185686;50.334549
59390_0460_00029;29;;Rue de Froissy;59176;59390;Masny;;;3.185266;50.334656
59390_0250_00011;11;;Rue de la Croisette;59176;59390;Masny;;;3.204844;50.349684
59390_0250_00015;15;;Rue de la Croisette;59176;59390;Masny;;;3.204643;50.349546
59390_0250_00025;25;;Rue de la Croisette;59176;59390;Masny;;;3.204472;50.349092
59390_0250_00027;27;;Rue de la Croisette;59176;59390;Masny;;;3.204437;50.348999
59390_0250_00031;31;;Rue de la Croisette;59176;59390;Masny;;;3.20437;50.34882
59390_0250_00039;39;;Rue de la Croisette;59176;59390;Masny;;;3.20423;50.348451
59390_0250_00053;53;;Rue de la Croisette;59176;59390;Masny;;;3.20322;50.348178
59390_0250_00066;66;;Rue de la Croisette;59176;59390;Masny;;;3.202026;50.348486
59390_0040_00005;5;;Rue de Bresles;59176;59390;Masny;;;3.19122;50.333453
59390_0040_00011;11;;Rue de Bresles;59176;59390;Masny;;;3.191679;50.333337
59390_1214_00003;3;;Rue Mozart;59176;59390;Masny;;;3.188661;50.339315
59390_0037_00005;5;;Rue du Bosquet;59176;59390;Masny;;;3.202843;50.345281
59390_0037_00026;26;;Rue du Bosquet;59176;59390;Masny;;;3.206859;50.343933
59390_0587_00017;17;;Rue Jules Mousseron;59176;59390;Masny;;;3.186895;50.341743
59390_0587_00041;41;;Rue Jules Mousseron;59176;59390;Masny;;;3.186645;50.341587
59390_0587_00102;102;;Rue Jules Mousseron;59176;59390;Masny;;;3.185883;50.341313
59390_0587_00142;142;;Rue Jules Mousseron;59176;59390;Masny;;;3.185441;50.341056
59390_0587_00157;157;;Rue Jules Mousseron;59176;59390;Masny;;;3.185426;50.340862
59390_0587_00175;175;;Rue Jules Mousseron;59176;59390;Masny;;;3.185271;50.34078
59390_0587_00219;219;;Rue Jules Mousseron;59176;59390;Masny;;;3.184793;50.340531
59390_0587_00243;243;;Rue Jules Mousseron;59176;59390;Masny;;;3.184529;50.340393
59390_0587_00270;270;;Rue Jules Mousseron;59176;59390;Masny;;;3.18407;50.340329
59390_0587_00378_bis;378;bis;Rue Jules Mousseron;59176;59390;Masny;;;3.182163;50.339876
59390_0570_00020_bis;20;bis;Rue Jonquiere;59176;59390;Masny;;;3.203141;50.346952
59390_0509_00002;2;;Rue Verdi;59176;59390;Masny;;;3.189596;50.339317
59390_0509_00012;12;;Rue Verdi;59176;59390;Masny;;;3.189588;50.339347
59390_0509_00018;18;;Rue Verdi;59176;59390;Masny;;;3.190861;50.339028
59390_0120_00017;17;;Rue Chopin;59176;59390;Masny;;;3.189526;50.33884
59390_1100_00042;42;;Rue Suzanne Lannoy;59176;59390;Masny;;;3.196367;50.345997
59390_1100_00046;46;;Rue Suzanne Lannoy;59176;59390;Masny;;;3.194933;50.345142
59390_1100_00053;53;;Rue Suzanne Lannoy;59176;59390;Masny;;;3.193759;50.344634
59390_1100_00049_c;49;c;Rue Suzanne Lannoy;59176;59390;Masny;;;3.194648;50.345119
59390_0653_00004;4;;Rue Louise Michel;59176;59390;Masny;;;3.200756;50.343431
59390_0910_00007;7;;Rue du Presbytere;59176;59390;Masny;;;3.200865;50.350097
59390_0910_00011;11;;Rue du Presbytere;59176;59390;Masny;;;3.200449;50.350404
59390_0460_00001;1;;Rue de Froissy;59176;59390;Masny;;;3.186977;50.334229
59390_0460_00014;14;;Rue de Froissy;59176;59390;Masny;;;3.185997;50.334551
59390_0460_00027;27;;Rue de Froissy;59176;59390;Masny;;;3.185373;50.334628
59390_0460_00031;31;;Rue de Froissy;59176;59390;Masny;;;3.185067;50.334706
59390_0460_00035;35;;Rue de Froissy;59176;59390;Masny;;;3.18484;50.334903
59390_0460_00039;39;;Rue de Froissy;59176;59390;Masny;;;3.184956;50.335088
59390_0250_00001;1;;Rue de la Croisette;59176;59390;Masny;;;3.205509;50.349627
59390_0250_00003;3;;Rue de la Croisette;59176;59390;Masny;;;3.205392;50.349645
59390_0250_00007;7;;Rue de la Croisette;59176;59390;Masny;;;3.205119;50.349688
59390_0250_00009;9;;Rue de la Croisette;59176;59390;Masny;;;3.204963;50.349702
59390_0250_00013;13;;Rue de la Croisette;59176;59390;Masny;;;3.204727;50.349639
59390_0250_00021;21;;Rue de la Croisette;59176;59390;Masny;;;3.20454;50.349274
59390_0250_00023;23;;Rue de la Croisette;59176;59390;Masny;;;3.204505;50.349181
59390_0250_00033;33;;Rue de la Croisette;59176;59390;Masny;;;3.204335;50.348725
59390_0250_00035;35;;Rue de la Croisette;59176;59390;Masny;;;3.204298;50.34863
59390_0250_00045;45;;Rue de la Croisette;59176;59390;Masny;;;3.203792;50.348091
59390_0040_00001;1;;Rue de Bresles;59176;59390;Masny;;;3.190843;50.333548
59390_0008_00003;3;;Rue de l'Arbrisseau;59176;59390;Masny;;;3.204167;50.347532
59390_0037_00003;3;;Rue du Bosquet;59176;59390;Masny;;;3.202592;50.345319
59390_0037_00007;7;;Rue du Bosquet;59176;59390;Masny;;;3.203106;50.345236
59390_0037_00009;9;;Rue du Bosquet;59176;59390;Masny;;;3.203348;50.345202
59390_0037_00015;15;;Rue du Bosquet;59176;59390;Masny;;;3.203838;50.345119
59390_0037_00016_bis;16;bis;Rue du Bosquet;59176;59390;Masny;;;3.205737;50.344056
59390_0587_00154;154;;Rue Jules Mousseron;59176;59390;Masny;;;3.185366;50.341013
59390_0587_00224;224;;Rue Jules Mousseron;59176;59390;Masny;;;3.184601;50.340604
59390_0587_00252;252;;Rue Jules Mousseron;59176;59390;Masny;;;3.184296;50.340445
59390_0587_00266;266;;Rue Jules Mousseron;59176;59390;Masny;;;3.184146;50.340367
59390_0587_00316;316;;Rue Jules Mousseron;59176;59390;Masny;;;3.183519;50.340108
59390_0587_00398;398;;Rue Jules Mousseron;59176;59390;Masny;;;3.182522;50.339462
59390_0587_00409;409;;Rue Jules Mousseron;59176;59390;Masny;;;3.182726;50.339482
59390_0570_00003;3;;Rue Jonquiere;59176;59390;Masny;;;3.204127;50.346708
59390_0570_00005;5;;Rue Jonquiere;59176;59390;Masny;;;3.204029;50.346736
59390_0570_00020;20;;Rue Jonquiere;59176;59390;Masny;;;3.20345;50.346739
59390_0570_00024;24;;Rue Jonquiere;59176;59390;Masny;;;3.203115;50.347152
59390_0509_00004;4;;Rue Verdi;59176;59390;Masny;;;3.188643;50.339225
59390_0509_00006;6;;Rue Verdi;59176;59390;Masny;;;3.188843;50.339201
59390_0509_00008;8;;Rue Verdi;59176;59390;Masny;;;3.189033;50.339178
59390_0120_00020;20;;Rue Chopin;59176;59390;Masny;;;3.190827;50.338751
59390_1160_00001;1;;Rue de Varsovie;59176;59390;Masny;;;3.185356;50.338968
59390_0860_00002;2;;Rue de Pierrefonds;59176;59390;Masny;;;3.193456;50.337103
59390_0860_00004;4;;Rue de Pierrefonds;59176;59390;Masny;;;3.193293;50.337122
59390_0860_00008;8;;Rue de Pierrefonds;59176;59390;Masny;;;3.191636;50.337315
59390_0860_00010;10;;Rue de Pierrefonds;59176;59390;Masny;;;3.19125;50.337361
59390_0860_00014;14;;Rue de Pierrefonds;59176;59390;Masny;;;3.19055;50.337444
59390_0860_00022;22;;Rue de Pierrefonds;59176;59390;Masny;;;3.188365;50.337538
59390_0860_00020;20;;Rue de Pierrefonds;59176;59390;Masny;;;3.189806;50.337532
59390_0860_00007_bis;7;bis;Rue de Pierrefonds;59176;59390;Masny;;;3.191345;50.337251
59390_0920_00010;10;;Rue de Rethondes;59176;59390;Masny;;;3.193449;50.33539
59390_0920_00014;14;;Rue de Rethondes;59176;59390;Masny;;;3.19318;50.33506
59390_0920_00018;18;;Rue de Rethondes;59176;59390;Masny;;;3.192687;50.334858
59390_0920_00024;24;;Rue de Rethondes;59176;59390;Masny;;;3.192736;50.334274
59390_0920_00030;30;;Rue de Rethondes;59176;59390;Masny;;;3.192503;50.333897
59390_0920_00032;32;;Rue de Rethondes;59176;59390;Masny;;;3.192443;50.333798
59390_0920_00035;35;;Rue de Rethondes;59176;59390;Masny;;;3.193112;50.334643
59390_0440_00007;7;;Rue des Freres Martel;59176;59390;Masny;;;3.201944;50.354
59390_0440_00029_bis;29;bis;Rue des Freres Martel;59176;59390;Masny;;;3.19981;50.353836
59390_0440_00008_bis;8;bis;Rue des Freres Martel;59176;59390;Masny;;;3.201587;50.354202
59390_0260_00003;3;;Rue de Cuvilly;59176;59390;Masny;;;3.189939;50.334549
59390_0260_00009;9;;Rue de Cuvilly;59176;59390;Masny;;;3.190143;50.334709
59390_0260_00021;21;;Rue de Cuvilly;59176;59390;Masny;;;3.19081;50.334549
59390_0260_00025;25;;Rue de Cuvilly;59176;59390;Masny;;;3.190687;50.334353
59390_0260_00039;39;;Rue de Cuvilly;59176;59390;Masny;;;3.191648;50.334209
59390_1120_00026;26;;Rue de Thourotte;59176;59390;Masny;;;3.193985;50.334006
59390_1120_00034;34;;Rue de Thourotte;59176;59390;Masny;;;3.194427;50.33356
59390_0483_00025;25;;Rue Galilee;59176;59390;Masny;;;3.184174;50.341264
59390_0560_00004;4;;Rue Jean Lutas;59176;59390;Masny;;;3.202686;50.339693
59390_0560_00008;8;;Rue Jean Lutas;59176;59390;Masny;;;3.202514;50.339473
59390_0560_00015;15;;Rue Jean Lutas;59176;59390;Masny;;;3.202205;50.339177
59390_0300_00003;3;;Rue Demouveau;59176;59390;Masny;;;3.202741;50.350982
59390_0300_00011;11;;Rue Demouveau;59176;59390;Masny;;;3.2036;50.351246
59390_0882_00005;5;;Rue Platon;59176;59390;Masny;;;3.184102;50.339421
59390_0882_00008;8;;Rue Platon;59176;59390;Masny;;;3.184601;50.339483
59390_0882_00010;10;;Rue Platon;59176;59390;Masny;;;3.184698;50.339537
59390_0480_00006;6;;Rue Gabriel Peri;59176;59390;Masny;;;3.200583;50.345816
59390_0480_00028;28;;Rue Gabriel Peri;59176;59390;Masny;;;3.20155;50.345551
59390_1140_00002;2;;Rue de la Tour;59176;59390;Masny;;;3.198511;50.354297
59390_1140_00006;6;;Rue de la Tour;59176;59390;Masny;;;3.19818;50.354669
59390_1140_00014;14;;Rue de la Tour;59176;59390;Masny;;;3.197044;50.354819
59390_1140_00017;17;;Rue de la Tour;59176;59390;Masny;;;3.197275;50.354633
59390_0860_00029;29;;Rue de Pierrefonds;59176;59390;Masny;;;3.188786;50.337536
59390_0920_00006;6;;Rue de Rethondes;59176;59390;Masny;;;3.193644;50.335659
59390_0920_00012;12;;Rue de Rethondes;59176;59390;Masny;;;3.193367;50.335272
59390_0920_00022;22;;Rue de Rethondes;59176;59390;Masny;;;3.192787;50.334355
59390_0920_00028;28;;Rue de Rethondes;59176;59390;Masny;;;3.192564;50.333995
59390_0920_00039;39;;Rue de Rethondes;59176;59390;Masny;;;3.192982;50.334438
59390_0440_00004;4;;Rue des Freres Martel;59176;59390;Masny;;;3.202083;50.35406
59390_0440_00013;13;;Rue des Freres Martel;59176;59390;Masny;;;3.201267;50.354199
59390_0440_00019;19;;Rue des Freres Martel;59176;59390;Masny;;;3.20098;50.354282
59390_0440_00031;31;;Rue des Freres Martel;59176;59390;Masny;;;3.199252;50.35352
59390_0680_00001;1;;Rue Mazurier;59176;59390;Masny;;;3.202103;50.349833
59390_0680_00003;3;;Rue Mazurier;59176;59390;Masny;;;3.202427;50.349883
59390_0680_00005;5;;Rue Mazurier;59176;59390;Masny;;;3.202215;50.349775
59390_0680_00007;7;;Rue Mazurier;59176;59390;Masny;;;3.202512;50.349976
59390_0680_00015;15;;Rue Mazurier;59176;59390;Masny;;;3.202531;50.3499
59390_0680_00023;23;;Rue Mazurier;59176;59390;Masny;;;3.203089;50.349827
59390_0260_00011;11;;Rue de Cuvilly;59176;59390;Masny;;;3.190085;50.334617
59390_0260_00013;13;;Rue de Cuvilly;59176;59390;Masny;;;3.190133;50.334276
59390_0260_00015;15;;Rue de Cuvilly;59176;59390;Masny;;;3.190262;50.334243
59390_0260_00019;19;;Rue de Cuvilly;59176;59390;Masny;;;3.190715;50.33457
59390_1120_00008;8;;Rue de Thourotte;59176;59390;Masny;;;3.193603;50.334103
59390_1120_00038;38;;Rue de Thourotte;59176;59390;Masny;;;3.194295;50.333351
59390_1120_00052;52;;Rue de Thourotte;59176;59390;Masny;;;3.195026;50.333288
59390_0290_00016;16;;Place Daniel Balavoine;59176;59390;Masny;;;3.186939;50.339978
59390_0483_00010;10;;Rue Galilee;59176;59390;Masny;;;3.185204;50.341711
59390_0483_00013;13;;Rue Galilee;59176;59390;Masny;;;3.184829;50.341496
59390_0560_00012;12;;Rue Jean Lutas;59176;59390;Masny;;;3.20233;50.339297
59390_0300_00007;7;;Rue Demouveau;59176;59390;Masny;;;3.20312;50.350897
59390_0300_00018;18;;Rue Demouveau;59176;59390;Masny;;;3.204672;50.350474
59390_0300_00022;22;;Rue Demouveau;59176;59390;Masny;;;3.205106;50.35038
59390_0300_00015_bis;15;bis;Rue Demouveau;59176;59390;Masny;;;3.204428;50.350623
59390_0480_00010;10;;Rue Gabriel Peri;59176;59390;Masny;;;3.200941;50.345726
59390_0480_00012;12;;Rue Gabriel Peri;59176;59390;Masny;;;3.201021;50.345703
59390_0480_00019;19;;Rue Gabriel Peri;59176;59390;Masny;;;3.201882;50.34553
59390_0500_00002;2;;Rue de Grandvilliers;59176;59390;Masny;;;3.186358;50.334929
59390_0720_00032;32;;Route de Monchecourt;59176;59390;Masny;;;3.206021;50.329977
59390_0860_00016;16;;Rue de Pierrefonds;59176;59390;Masny;;;3.190374;50.337465
59390_0860_00018;18;;Rue de Pierrefonds;59176;59390;Masny;;;3.189975;50.337512
59390_0860_00025;25;;Rue de Pierrefonds;59176;59390;Masny;;;3.189204;50.337486
59390_0920_00004;4;;Rue de Rethondes;59176;59390;Masny;;;3.194149;50.336251
59390_0920_00016;16;;Rue de Rethondes;59176;59390;Masny;;;3.193081;50.335013
59390_0920_00020;20;;Rue de Rethondes;59176;59390;Masny;;;3.192861;50.334871
59390_0920_00026;26;;Rue de Rethondes;59176;59390;Masny;;;3.192632;50.334104
59390_0920_00016_a;16;a;Rue de Rethondes;59176;59390;Masny;;;3.191267;50.335869
59390_0440_00021;21;;Rue des Freres Martel;59176;59390;Masny;;;3.200804;50.354332
59390_0440_00027;27;;Rue des Freres Martel;59176;59390;Masny;;;3.199734;50.353998
59390_0680_00011;11;;Rue Mazurier;59176;59390;Masny;;;3.202471;50.349783
59390_0800_00006;6;;Rue des Noailles;59176;59390;Masny;;;3.190169;50.333721
59390_0260_00005;5;;Rue de Cuvilly;59176;59390;Masny;;;3.19;50.334647
59390_0260_00017;17;;Rue de Cuvilly;59176;59390;Masny;;;3.190654;50.334472
59390_0260_00031;31;;Rue de Cuvilly;59176;59390;Masny;;;3.19149;50.334129
59390_1120_00022;22;;Rue de Thourotte;59176;59390;Masny;;;3.193608;50.333647
59390_1120_00030;30;;Rue de Thourotte;59176;59390;Masny;;;3.194289;50.333928
59390_1120_00044;44;;Rue de Thourotte;59176;59390;Masny;;;3.19468;50.333148
59390_1120_00060;60;;Rue de Thourotte;59176;59390;Masny;;;3.194983;50.333758
59390_1120_00068;68;;Rue de Thourotte;59176;59390;Masny;;;3.195752;50.333562
59390_0290_00004;4;;Place Daniel Balavoine;59176;59390;Masny;;;3.185513;50.340136
59390_0290_00006;6;;Place Daniel Balavoine;59176;59390;Masny;;;3.185684;50.340352
59390_0290_00012;12;;Place Daniel Balavoine;59176;59390;Masny;;;3.186535;50.340686
59390_0290_00018;18;;Place Daniel Balavoine;59176;59390;Masny;;;3.186325;50.339671
59390_0483_00002;2;;Rue Galilee;59176;59390;Masny;;;3.18574;50.342014
59390_0483_00017;17;;Rue Galilee;59176;59390;Masny;;;3.184327;50.341212
59390_0483_00021;21;;Rue Galilee;59176;59390;Masny;;;3.184893;50.341674
59390_0882_00001;1;;Rue Platon;59176;59390;Masny;;;3.183995;50.339115
59390_0480_00001;1;;Rue Gabriel Peri;59176;59390;Masny;;;3.200363;50.346065
59390_0640_00002;2;;Rue Lassigny;59176;59390;Masny;;;3.189583;50.334213
59390_0920_00002;2;;Rue de Rethondes;59176;59390;Masny;;;3.194242;50.33636
59390_0920_00008;8;;Rue de Rethondes;59176;59390;Masny;;;3.193565;50.335551
59390_0440_00002;2;;Rue des Freres Martel;59176;59390;Masny;;;3.202518;50.353936
59390_0440_00009;9;;Rue des Freres Martel;59176;59390;Masny;;;3.201584;50.354109
59390_0440_00011;11;;Rue des Freres Martel;59176;59390;Masny;;;3.201406;50.354159
59390_0440_00015;15;;Rue des Freres Martel;59176;59390;Masny;;;3.201177;50.354225
59390_0440_00017;17;;Rue des Freres Martel;59176;59390;Masny;;;3.201097;50.354248
59390_0440_00023;23;;Rue des Freres Martel;59176;59390;Masny;;;3.200708;50.35436
59390_0440_00012_b;12;b;Rue des Freres Martel;59176;59390;Masny;;;3.201547;50.354522
59390_0800_00003;3;;Rue des Noailles;59176;59390;Masny;;;3.190302;50.333694
59390_0260_00001;1;;Rue de Cuvilly;59176;59390;Masny;;;3.189877;50.33445
59390_0260_00007;7;;Rue de Cuvilly;59176;59390;Masny;;;3.190058;50.33474
59390_0260_00023;23;;Rue de Cuvilly;59176;59390;Masny;;;3.190749;50.334453
59390_1120_00002;2;;Rue de Thourotte;59176;59390;Masny;;;3.193036;50.334249
59390_1120_00016;16;;Rue de Thourotte;59176;59390;Masny;;;3.193385;50.333457
59390_0290_00008;8;;Place Daniel Balavoine;59176;59390;Masny;;;3.185922;50.340503
59390_0290_00010;10;;Place Daniel Balavoine;59176;59390;Masny;;;3.186352;50.340576
59390_0290_00014;14;;Place Daniel Balavoine;59176;59390;Masny;;;3.186989;50.340331
59390_0483_00006;6;;Rue Galilee;59176;59390;Masny;;;3.185479;50.341867
59390_0560_00020;20;;Rue Jean Lutas;59176;59390;Masny;;;3.202125;50.33894
59390_0560_00007_bis;7;bis;Rue Jean Lutas;59176;59390;Masny;;;3.202593;50.339576
59390_0882_00012;12;;Rue Platon;59176;59390;Masny;;;3.184899;50.339649
59390_0882_00015;15;;Rue Platon;59176;59390;Masny;;;3.184927;50.339801
59390_0480_00015;15;;Rue Gabriel Peri;59176;59390;Masny;;;3.201577;50.345634
59390_0500_00007;7;;Rue de Grandvilliers;59176;59390;Masny;;;3.18626;50.334548
59390_0640_00006;6;;Rue Lassigny;59176;59390;Masny;;;3.189391;50.333914
59390_1140_00010;10;;Rue de la Tour;59176;59390;Masny;;;3.197487;50.354658
59390_0663_00003;3;;Rue Beethoven;59176;59390;Masny;;;3.188178;50.339631
59390_0663_00011;11;;Rue Beethoven;59176;59390;Masny;;;3.188166;50.339017
59390_0540_00002;2;;Rue de la Jauderaie;59176;59390;Masny;;;3.203067;50.35416
59390_0540_00014;14;;Rue de la Jauderaie;59176;59390;Masny;;;3.204018;50.355329
59390_0540_00019;19;;Rue de la Jauderaie;59176;59390;Masny;;;3.20343;50.354778
59390_0240_00003;3;;Rue Crevecoeur;59176;59390;Masny;;;3.18718;50.334593
59390_0520_00021;21;;Rue des Hallots;59176;59390;Masny;;;3.204191;50.337226
59390_0520_00139;139;;Rue des Hallots;59176;59390;Masny;;;3.204353;50.337321
59390_0522_00002;2;;Rue Andersen;59176;59390;Masny;;;3.183184;50.339699
59390_0311_00004;4;;Rue Emile Zola;59176;59390;Masny;;;3.186414;50.335595
59390_0820_00007;7;;Place de Noyon;59176;59390;Masny;;;3.193426;50.336485
59390_0082_00002;2;;Rue du Cpt William Eric Nixon;59176;59390;Masny;;;3.201199;50.345266
59390_0082_00007;7;;Rue du Cpt William Eric Nixon;59176;59390;Masny;;;3.200142;50.345198
59390_1021_00003;3;;Hameau de Sebastopol;59176;59390;Masny;;;3.193153;50.326067
59390_1140_00011_a;11;a;Rue de la Tour;59176;59390;Masny;;;3.19805;50.354075
59390_0540_00016;16;;Rue de la Jauderaie;59176;59390;Masny;;;3.204213;50.35542
59390_0540_00029;29;;Rue de la Jauderaie;59176;59390;Masny;;;3.203895;50.355188
59390_0540_00033;33;;Rue de la Jauderaie;59176;59390;Masny;;;3.204262;50.35536
59390_0540_00004_bis;4;bis;Rue de la Jauderaie;59176;59390;Masny;;;3.203203;50.35449
59390_1180_00003;3;;Rue Verberie;59176;59390;Masny;;;3.193658;50.336074
59390_0520_00145;145;;Rue des Hallots;59176;59390;Masny;;;3.204151;50.337173
59390_0522_00010;10;;Rue Andersen;59176;59390;Masny;;;3.183868;50.33945
59390_0082_00015;15;;Rue du Cpt William Eric Nixon;59176;59390;Masny;;;3.199951;50.345686
59390_0541_00004;4;;Place Jean Baptiste Clement;59176;59390;Masny;;;3.200063;50.343825
59390_0541_00008;8;;Place Jean Baptiste Clement;59176;59390;Masny;;;3.200229;50.343801
59390_a070_00005;5;;Residence de la Chapelle Rue J Lutas;59176;59390;Masny;;;3.203453;50.340727
59390_0540_00004;4;;Rue de la Jauderaie;59176;59390;Masny;;;3.202715;50.354468
59390_0540_00023;23;;Rue de la Jauderaie;59176;59390;Masny;;;3.203525;50.354946
59390_0540_00016_bis;16;bis;Rue de la Jauderaie;59176;59390;Masny;;;3.204412;50.35541
59390_0100_00004;4;;Rue de Chantilly;59176;59390;Masny;;;3.191865;50.336555
59390_0820_00003;3;;Place de Noyon;59176;59390;Masny;;;3.19284;50.336445
59390_0820_00005;5;;Place de Noyon;59176;59390;Masny;;;3.193097;50.33664
59390_0060_00003;3;;Place de Breteuil;59176;59390;Masny;;;3.192675;50.337287
59390_1192_00004;4;;Rue Van Gogh;59176;59390;Masny;;;3.186973;50.3397
59390_0082_00011;11;;Rue du Cpt William Eric Nixon;59176;59390;Masny;;;3.199594;50.344939
59390_a070_00001;1;;Residence de la Chapelle Rue J Lutas;59176;59390;Masny;;;3.202834;50.340175
59390_a070_00009;9;;Residence de la Chapelle Rue J Lutas;59176;59390;Masny;;;3.203443;50.340965
59390_0663_00007;7;;Rue Beethoven;59176;59390;Masny;;;3.18821;50.339163
59390_0663_00015;15;;Rue Beethoven;59176;59390;Masny;;;3.188109;50.33882
59390_0540_00006;6;;Rue de la Jauderaie;59176;59390;Masny;;;3.203277;50.354678
59390_0540_00008;8;;Rue de la Jauderaie;59176;59390;Masny;;;3.203317;50.354775
59390_0540_00010;10;;Rue de la Jauderaie;59176;59390;Masny;;;3.203537;50.355078
59390_0540_00012;12;;Rue de la Jauderaie;59176;59390;Masny;;;3.203832;50.355234
59390_0540_00025;25;;Rue de la Jauderaie;59176;59390;Masny;;;3.203645;50.355046
59390_0540_00016_ter;16;ter;Rue de la Jauderaie;59176;59390;Masny;;;3.204412;50.35541
59390_0100_00008;8;;Rue de Chantilly;59176;59390;Masny;;;3.191792;50.336156
59390_0522_00006;6;;Rue Andersen;59176;59390;Masny;;;3.183511;50.339661
59390_1185_00001;1;;Rue Victor Hugo;59176;59390;Masny;;;3.187484;50.335296
59390_0820_00001;1;;Place de Noyon;59176;59390;Masny;;;3.192913;50.336203
59390_0369_00004;4;;Rue Eugene Pottier;59176;59390;Masny;;;3.200787;50.343213
59390_0420_00002;2;;Rue Formerie;59176;59390;Masny;;;3.18887;50.33373
59390_0541_00012;12;;Place Jean Baptiste Clement;59176;59390;Masny;;;3.200347;50.343932
59390_0541_00019;19;;Place Jean Baptiste Clement;59176;59390;Masny;;;3.200271;50.344066
59390_1100_00034;34;;Rue Suzanne Lannoy;59176;59390;Masny;;;3.197497;50.346562
59390_1100_00039;39;;Rue Suzanne Lannoy;59176;59390;Masny;;;3.196902;50.346401
59390_1100_00047;47;;Rue Suzanne Lannoy;59176;59390;Masny;;;3.194288;50.345628
59390_0653_00001;1;;Rue Louise Michel;59176;59390;Masny;;;3.19975;50.343779
59390_0653_00011;11;;Rue Louise Michel;59176;59390;Masny;;;3.199828;50.34421
59390_0653_00015;15;;Rue Louise Michel;59176;59390;Masny;;;3.200047;50.344145
59390_0653_00019;19;;Rue Louise Michel;59176;59390;Masny;;;3.200401;50.343518
59390_0653_00023;23;;Rue Louise Michel;59176;59390;Masny;;;3.200134;50.343512
59390_0653_00025;25;;Rue Louise Michel;59176;59390;Masny;;;3.200591;50.343952
59390_0910_00003;3;;Rue du Presbytere;59176;59390;Masny;;;3.200901;50.349812
59390_0910_00001_bis;1;bis;Rue du Presbytere;59176;59390;Masny;;;3.201021;50.349525
59390_0460_00041;41;;Rue de Froissy;59176;59390;Masny;;;3.184997;50.335152
59390_0250_00014;14;;Rue de la Croisette;59176;59390;Masny;;;3.204566;50.349024
59390_0250_00026;26;;Rue de la Croisette;59176;59390;Masny;;;3.20436;50.348479
59390_1100_00045;45;;Rue Suzanne Lannoy;59176;59390;Masny;;;3.19496;50.345312
59390_1100_00003_bis;3;bis;Rue Suzanne Lannoy;59176;59390;Masny;;;3.199715;50.34622
59390_1100_00027_bis;27;bis;Rue Suzanne Lannoy;59176;59390;Masny;;;3.197548;50.346674
59390_0653_00026;26;;Rue Louise Michel;59176;59390;Masny;;;3.199855;50.343404
59390_0910_00001;1;;Rue du Presbytere;59176;59390;Masny;;;3.201094;50.349507
59390_0460_00015;15;;Rue de Froissy;59176;59390;Masny;;;3.185983;50.334148
59390_0460_00028;28;;Rue de Froissy;59176;59390;Masny;;;3.184976;50.334907
59390_0460_00045;45;;Rue de Froissy;59176;59390;Masny;;;3.185119;50.335332
59390_0250_00020;20;;Rue de la Croisette;59176;59390;Masny;;;3.204465;50.348756
59390_0250_00024;24;;Rue de la Croisette;59176;59390;Masny;;;3.204393;50.348567
59390_0250_00055;55;;Rue de la Croisette;59176;59390;Masny;;;3.203081;50.3482
59390_0250_00065;65;;Rue de la Croisette;59176;59390;Masny;;;3.202159;50.34844
59390_0008_00002;2;;Rue de l'Arbrisseau;59176;59390;Masny;;;3.204354;50.347275
59390_0008_00008;8;;Rue de l'Arbrisseau;59176;59390;Masny;;;3.204201;50.347139
59390_0037_00001_bis;1;bis;Rue du Bosquet;59176;59390;Masny;;;3.202172;50.34558
59390_0587_00043;43;;Rue Jules Mousseron;59176;59390;Masny;;;3.186586;50.341551
59390_0587_00143;143;;Rue Jules Mousseron;59176;59390;Masny;;;3.185555;50.340935
59390_0587_00228;228;;Rue Jules Mousseron;59176;59390;Masny;;;3.184525;50.340564
59390_0587_00255;255;;Rue Jules Mousseron;59176;59390;Masny;;;3.184391;50.340321
59390_0587_00285;285;;Rue Jules Mousseron;59176;59390;Masny;;;3.183992;50.340164
59390_0587_00334;334;;Rue Jules Mousseron;59176;59390;Masny;;;3.183443;50.339998
59390_0587_00392;392;;Rue Jules Mousseron;59176;59390;Masny;;;3.182407;50.339399
59390_0587_00304_b;304;b;Rue Jules Mousseron;59176;59390;Masny;;;3.183527;50.340213
59390_0920_00005;5;;Rue de Rethondes;59176;59390;Masny;;;3.194859;50.336842
59390_0920_00013;13;;Rue de Rethondes;59176;59390;Masny;;;3.194435;50.336337
59390_0440_00008;8;;Rue des Freres Martel;59176;59390;Masny;;;3.20179;50.354146
59390_0440_00033;33;;Rue des Freres Martel;59176;59390;Masny;;;3.199049;50.353342
59390_0260_00006;6;;Rue de Cuvilly;59176;59390;Masny;;;3.190969;50.333968
59390_0260_00018;18;;Rue de Cuvilly;59176;59390;Masny;;;3.19049;50.334222
59390_0260_00037;37;;Rue de Cuvilly;59176;59390;Masny;;;3.191697;50.334292
59390_1120_00001;1;;Rue de Thourotte;59176;59390;Masny;;;3.194156;50.334059
59390_1100_00030;30;;Rue Suzanne Lannoy;59176;59390;Masny;;;3.197757;50.346645
59390_1100_00043;43;;Rue Suzanne Lannoy;59176;59390;Masny;;;3.195513;50.345625
59390_1100_00055;55;;Rue Suzanne Lannoy;59176;59390;Masny;;;3.19354;50.344537
59390_1100_00041_b;41;b;Rue Suzanne Lannoy;59176;59390;Masny;;;3.195641;50.345692
59390_0653_00003;3;;Rue Louise Michel;59176;59390;Masny;;;3.201104;50.343523
59390_0653_00005;5;;Rue Louise Michel;59176;59390;Masny;;;3.199872;50.343915
59390_0653_00007;7;;Rue Louise Michel;59176;59390;Masny;;;3.199914;50.343967
59390_0653_00021;21;;Rue Louise Michel;59176;59390;Masny;;;3.20035;50.344035
59390_0653_00029;29;;Rue Louise Michel;59176;59390;Masny;;;3.201124;50.343524
59390_0460_00017;17;;Rue de Froissy;59176;59390;Masny;;;3.185947;50.334089
59390_0460_00034;34;;Rue de Froissy;59176;59390;Masny;;;3.185171;50.335219
59390_0250_00002;2;;Rue de la Croisette;59176;59390;Masny;;;3.205562;50.349293
59390_0250_00030;30;;Rue de la Croisette;59176;59390;Masny;;;3.204291;50.348294
59390_1100_00039_bis;39;bis;Rue Suzanne Lannoy;59176;59390;Masny;;;3.196823;50.346353
59390_0653_00027;27;;Rue Louise Michel;59176;59390;Masny;;;3.201124;50.343524
59390_0460_00013;13;;Rue de Froissy;59176;59390;Masny;;;3.186263;50.334401
59390_0460_00030;30;;Rue de Froissy;59176;59390;Masny;;;3.185017;50.334975
59390_0460_00017_c;17;c;Rue de Froissy;59176;59390;Masny;;;3.186977;50.334229
59390_0250_00010;10;;Rue de la Croisette;59176;59390;Masny;;;3.204636;50.349209
59390_0250_00018;18;;Rue de la Croisette;59176;59390;Masny;;;3.204498;50.348845
59390_1100_00032;32;;Rue Suzanne Lannoy;59176;59390;Masny;;;3.197635;50.346606
59390_1100_00045_b;45;b;Rue Suzanne Lannoy;59176;59390;Masny;;;3.194409;50.345662
59390_0653_00018;18;;Rue Louise Michel;59176;59390;Masny;;;3.200286;50.343224
59390_0910_00009;9;;Rue du Presbytere;59176;59390;Masny;;;3.200866;50.35034
59390_0460_00037;37;;Rue de Froissy;59176;59390;Masny;;;3.184881;50.334969
59390_0250_00016;16;;Rue de la Croisette;59176;59390;Masny;;;3.204532;50.348933
59390_0250_00036;36;;Rue de la Croisette;59176;59390;Masny;;;3.204189;50.348021
59390_0250_00040;40;;Rue de la Croisette;59176;59390;Masny;;;3.204118;50.347835
59390_0040_00006;6;;Rue de Bresles;59176;59390;Masny;;;3.190672;50.333411
59390_0040_00024;24;;Rue de Bresles;59176;59390;Masny;;;3.192514;50.333111
59390_1214_00002;2;;Rue Mozart;59176;59390;Masny;;;3.189596;50.339317
59390_0037_00028;28;;Rue du Bosquet;59176;59390;Masny;;;3.206061;50.343619
59390_0587_00030;30;;Rue Jules Mousseron;59176;59390;Masny;;;3.186605;50.341751
59390_0587_00055;55;;Rue Jules Mousseron;59176;59390;Masny;;;3.186458;50.341474
59390_0587_00087;87;;Rue Jules Mousseron;59176;59390;Masny;;;3.186143;50.341283
59390_0587_00099;99;;Rue Jules Mousseron;59176;59390;Masny;;;3.186011;50.341202
59390_0587_00111;111;;Rue Jules Mousseron;59176;59390;Masny;;;3.185884;50.341125
59390_0587_00180;180;;Rue Jules Mousseron;59176;59390;Masny;;;3.185058;50.340843
59390_0587_00242;242;;Rue Jules Mousseron;59176;59390;Masny;;;3.184375;50.340486
59390_0570_00006;6;;Rue Jonquiere;59176;59390;Masny;;;3.204113;50.346627
59390_0570_00034;34;;Rue Jonquiere;59176;59390;Masny;;;3.203384;50.347889
59390_0509_00007;7;;Rue Verdi;59176;59390;Masny;;;3.189001;50.339275
59390_0120_00003;3;;Rue Chopin;59176;59390;Masny;;;3.188497;50.33896
59390_0120_00011;11;;Rue Chopin;59176;59390;Masny;;;3.189088;50.338892
59390_0120_00019;19;;Rue Chopin;59176;59390;Masny;;;3.189665;50.338823
59390_0860_00009;9;;Rue de Pierrefonds;59176;59390;Masny;;;3.190916;50.337298
59390_0860_00013;13;;Rue de Pierrefonds;59176;59390;Masny;;;3.190452;50.33734
59390_0860_00027;27;;Rue de Pierrefonds;59176;59390;Masny;;;3.189041;50.337506
59390_0680_00019;19;;Rue Mazurier;59176;59390;Masny;;;3.202508;50.349708
59390_0260_00002;2;;Rue de Cuvilly;59176;59390;Masny;;;3.190654;50.334046
59390_0260_00014;14;;Rue de Cuvilly;59176;59390;Masny;;;3.191774;50.33377
59390_0260_00022;22;;Rue de Cuvilly;59176;59390;Masny;;;3.190608;50.334193
59390_0260_00033;33;;Rue de Cuvilly;59176;59390;Masny;;;3.191557;50.334237
59390_1120_00003;3;;Rue de Thourotte;59176;59390;Masny;;;3.194357;50.334009
59390_1120_00032;32;;Rue de Thourotte;59176;59390;Masny;;;3.194436;50.33389
59390_1120_00050;50;;Rue de Thourotte;59176;59390;Masny;;;3.195149;50.333256
59390_1120_00058;58;;Rue de Thourotte;59176;59390;Masny;;;3.194827;50.333797
59390_1120_00062;62;;Rue de Thourotte;59176;59390;Masny;;;3.195145;50.333716
59390_0290_00011;11;;Place Daniel Balavoine;59176;59390;Masny;;;3.186421;50.340624
59390_0483_00003;3;;Rue Galilee;59176;59390;Masny;;;3.185675;50.341978
59390_0483_00011;11;;Rue Galilee;59176;59390;Masny;;;3.18497;50.341575
59390_0483_00015;15;;Rue Galilee;59176;59390;Masny;;;3.184475;50.341296
59390_0483_00019;19;;Rue Galilee;59176;59390;Masny;;;3.185031;50.341751
59390_0560_00006;6;;Rue Jean Lutas;59176;59390;Masny;;;3.202624;50.339593
59390_0300_00004;4;;Rue Demouveau;59176;59390;Masny;;;3.202991;50.350828
59390_0300_00010;10;;Rue Demouveau;59176;59390;Masny;;;3.203919;50.350628
59390_0300_00025;25;;Rue Demouveau;59176;59390;Masny;;;3.205956;50.350306
59390_0480_00011;11;;Rue Gabriel Peri;59176;59390;Masny;;;3.201404;50.345685
59390_0480_00016;16;;Rue Gabriel Peri;59176;59390;Masny;;;3.201164;50.345671
59390_0480_00026;26;;Rue Gabriel Peri;59176;59390;Masny;;;3.201461;50.345576
59390_0500_00001;1;;Rue de Grandvilliers;59176;59390;Masny;;;3.18643;50.334824
59390_0640_00008;8;;Rue Lassigny;59176;59390;Masny;;;3.18934;50.333834
59390_1140_00016;16;;Rue de la Tour;59176;59390;Masny;;;3.196948;50.354939
59390_0663_00001;1;;Rue Beethoven;59176;59390;Masny;;;3.187808;50.339736
59390_0540_00005;5;;Rue de la Jauderaie;59176;59390;Masny;;;3.203171;50.354085
59390_0540_00018;18;;Rue de la Jauderaie;59176;59390;Masny;;;3.204412;50.35541
59390_0540_00024_bis;24;bis;Rue de la Jauderaie;59176;59390;Masny;;;3.204027;50.354556
59390_0520_00147;147;;Rue des Hallots;59176;59390;Masny;;;3.204112;50.337114
59390_0522_00001;1;;Rue Andersen;59176;59390;Masny;;;3.184041;50.339079
59390_0522_00003;3;;Rue Andersen;59176;59390;Masny;;;3.183544;50.339819
59390_0522_00007;7;;Rue Andersen;59176;59390;Masny;;;3.18391;50.339529
59390_1185_00002;2;;Rue Victor Hugo;59176;59390;Masny;;;3.187991;50.335366
59390_0820_00008;8;;Place de Noyon;59176;59390;Masny;;;3.193395;50.336382
59390_1100_00036;36;;Rue Suzanne Lannoy;59176;59390;Masny;;;3.197393;50.346529
59390_1100_00045_a;45;a;Rue Suzanne Lannoy;59176;59390;Masny;;;3.194554;50.345524
59390_0653_00006;6;;Rue Louise Michel;59176;59390;Masny;;;3.200128;50.343802
59390_0653_00014;14;;Rue Louise Michel;59176;59390;Masny;;;3.200406;50.343414
59390_0653_00022;22;;Rue Louise Michel;59176;59390;Masny;;;3.200107;50.343408
59390_0460_00021;21;;Rue de Froissy;59176;59390;Masny;;;3.186032;50.33439
59390_0460_00032;32;;Rue de Froissy;59176;59390;Masny;;;3.185134;50.335159
59390_0250_00012;12;;Rue de la Croisette;59176;59390;Masny;;;3.2046;50.349116
59390_0250_00047;47;;Rue de la Croisette;59176;59390;Masny;;;3.203655;50.348112
59390_0040_00002;2;;Rue de Bresles;59176;59390;Masny;;;3.190345;50.333494
59390_0040_00010;10;;Rue de Bresles;59176;59390;Masny;;;3.19127;50.333349
59390_0040_00016;16;;Rue de Bresles;59176;59390;Masny;;;3.191851;50.3332
59390_0008_00016;16;;Rue de l'Arbrisseau;59176;59390;Masny;;;3.204225;50.347332
59390_0037_00004;4;;Rue du Bosquet;59176;59390;Masny;;;3.204514;50.344869
59390_0037_00016;16;;Rue du Bosquet;59176;59390;Masny;;;3.205667;50.344458
59390_0507_00003;3;;Rue Guiscard;59176;59390;Masny;;;3.189443;50.337625
59390_0369_00008;8;;Rue Eugene Pottier;59176;59390;Masny;;;3.200789;50.342996
59390_0010_00001;1;;Place de l'Aubette;59176;59390;Masny;;;3.204213;50.347657
59390_0541_00002;2;;Place Jean Baptiste Clement;59176;59390;Masny;;;3.199923;50.343877
59390_0541_00021;21;;Place Jean Baptiste Clement;59176;59390;Masny;;;3.200346;50.344038
59390_0541_00025;25;;Place Jean Baptiste Clement;59176;59390;Masny;;;3.200548;50.343963
59390_a070_00002;2;;Residence de la Chapelle Rue J Lutas;59176;59390;Masny;;;3.202788;50.340366
59390_a070_00006;6;;Residence de la Chapelle Rue J Lutas;59176;59390;Masny;;;3.203676;50.340849
59390_1021_00001;1;;Hameau de Sebastopol;59176;59390;Masny;;;3.193147;50.326228
59390_1021_00005;5;;Hameau de Sebastopol;59176;59390;Masny;;;3.193119;50.325878
59390_0587_00074;74;;Rue Jules Mousseron;59176;59390;Masny;;;3.186172;50.341487
59390_0587_00131;131;;Rue Jules Mousseron;59176;59390;Masny;;;3.185677;50.341006
59390_0587_00208;208;;Rue Jules Mousseron;59176;59390;Masny;;;3.184762;50.340684
59390_0509_00003;3;;Rue Verdi;59176;59390;Masny;;;3.188661;50.339315
59390_0509_00011;11;;Rue Verdi;59176;59390;Masny;;;3.189372;50.33924
59390_0860_00017;17;;Rue de Pierrefonds;59176;59390;Masny;;;3.190024;50.33739
59390_0860_00021;21;;Rue de Pierrefonds;59176;59390;Masny;;;3.189608;50.337438
59390_0920_00001;1;;Rue de Rethondes;59176;59390;Masny;;;3.194994;50.337105
59390_0920_00021;21;;Rue de Rethondes;59176;59390;Masny;;;3.193941;50.335753
59390_0920_00029;29;;Rue de Rethondes;59176;59390;Masny;;;3.193624;50.335049
59390_0920_00033;33;;Rue de Rethondes;59176;59390;Masny;;;3.19318;50.334751
59390_0440_00012_a;12;a;Rue des Freres Martel;59176;59390;Masny;;;3.202283;50.356437
59390_0680_00002;2;;Rue Mazurier;59176;59390;Masny;;;3.202046;50.349767
59390_0680_00006;6;;Rue Mazurier;59176;59390;Masny;;;3.202788;50.349671
59390_0800_00001;1;;Rue des Noailles;59176;59390;Masny;;;3.190357;50.333784
59390_0800_00004;4;;Rue des Noailles;59176;59390;Masny;;;3.190301;50.333935
59390_0260_00027;27;;Rue de Cuvilly;59176;59390;Masny;;;3.190625;50.334253
59390_0260_00041;41;;Rue de Cuvilly;59176;59390;Masny;;;3.191698;50.333879
59390_1120_00014;14;;Rue de Thourotte;59176;59390;Masny;;;3.193435;50.333537
59390_1120_00018;18;;Rue de Thourotte;59176;59390;Masny;;;3.193484;50.333447
59390_1120_00046;46;;Rue de Thourotte;59176;59390;Masny;;;3.194851;50.333123
59390_1120_00054;54;;Rue de Thourotte;59176;59390;Masny;;;3.194733;50.333354
59390_1120_00066;66;;Rue de Thourotte;59176;59390;Masny;;;3.195598;50.333601
59390_0290_00003;3;;Place Daniel Balavoine;59176;59390;Masny;;;3.18539;50.34006
59390_0290_00007;7;;Place Daniel Balavoine;59176;59390;Masny;;;3.185756;50.34042
59390_0483_00023;23;;Rue Galilee;59176;59390;Masny;;;3.184555;50.341482
59390_0300_00002;2;;Rue Demouveau;59176;59390;Masny;;;3.202575;50.350844
59390_0300_00006;6;;Rue Demouveau;59176;59390;Masny;;;3.203337;50.350849
59390_0882_00002;2;;Rue Platon;59176;59390;Masny;;;3.184183;50.339102
59390_0882_00013;13;;Rue Platon;59176;59390;Masny;;;3.184831;50.339748
59390_0500_00004;4;;Rue de Grandvilliers;59176;59390;Masny;;;3.18632;50.334867
59390_0720_00002;2;;Route de Monchecourt;59176;59390;Masny;;;3.204734;50.336018
59390_0720_00001_ter;1;ter;Route de Monchecourt;59176;59390;Masny;;;3.204903;50.335779
59390_0663_00009;9;;Rue Beethoven;59176;59390;Masny;;;3.188187;50.339086
59390_0540_00024;24;;Rue de la Jauderaie;59176;59390;Masny;;;3.204028;50.354557
59390_0100_00006;6;;Rue de Chantilly;59176;59390;Masny;;;3.191783;50.336283
59390_0522_00005;5;;Rue Andersen;59176;59390;Masny;;;3.183632;50.339738
59390_0311_00005;5;;Rue Emile Zola;59176;59390;Masny;;;3.186436;50.335843
59390_0311_00008;8;;Rue Emile Zola;59176;59390;Masny;;;3.186591;50.335747
59390_0820_00004;4;;Place de Noyon;59176;59390;Masny;;;3.192859;50.336571
59390_0541_00007;7;;Place Jean Baptiste Clement;59176;59390;Masny;;;3.199915;50.343967
59390_1100_00041_t;41;t;Rue Suzanne Lannoy;59176;59390;Masny;;;3.195866;50.345818
59390_1100_00049_a;49;a;Rue Suzanne Lannoy;59176;59390;Masny;;;3.195408;50.345553
59390_0653_00009;9;;Rue Louise Michel;59176;59390;Masny;;;3.199975;50.344034
59390_0653_00013;13;;Rue Louise Michel;59176;59390;Masny;;;3.200622;50.343745
59390_0653_00017;17;;Rue Louise Michel;59176;59390;Masny;;;3.200131;50.344116
59390_0460_00025;25;;Rue de Froissy;59176;59390;Masny;;;3.185579;50.334576
59390_0250_00006;6;;Rue de la Croisette;59176;59390;Masny;;;3.204707;50.349397
59390_0250_00022;22;;Rue de la Croisette;59176;59390;Masny;;;3.20443;50.348662
59390_1120_00006;6;;Rue de Thourotte;59176;59390;Masny;;;3.19345;50.334142
59390_1120_00040;40;;Rue de Thourotte;59176;59390;Masny;;;3.194252;50.333278
59390_0290_00001;1;;Place Daniel Balavoine;59176;59390;Masny;;;3.185549;50.339727
59390_0483_00005;5;;Rue Galilee;59176;59390;Masny;;;3.185543;50.341904
59390_0483_00007;7;;Rue Galilee;59176;59390;Masny;;;3.185415;50.341832
59390_0483_00009;9;;Rue Galilee;59176;59390;Masny;;;3.185283;50.341757
59390_0560_00002;2;;Rue Jean Lutas;59176;59390;Masny;;;3.202747;50.33979
59390_0560_00014;14;;Rue Jean Lutas;59176;59390;Masny;;;3.202243;50.339214
59390_0560_00001_bis;1;bis;Rue Jean Lutas;59176;59390;Masny;;;3.202958;50.339856
59390_0300_00008;8;;Rue Demouveau;59176;59390;Masny;;;3.203755;50.350667
59390_0300_00014;14;;Rue Demouveau;59176;59390;Masny;;;3.204149;50.350578
59390_0300_00019;19;;Rue Demouveau;59176;59390;Masny;;;3.204828;50.350544
59390_0300_00023;23;;Rue Demouveau;59176;59390;Masny;;;3.205805;50.350338
59390_0300_00019_b;19;b;Rue Demouveau;59176;59390;Masny;;;3.205603;50.350693
59390_0882_00004;4;;Rue Platon;59176;59390;Masny;;;3.184189;50.339185
59390_0882_00006;6;;Rue Platon;59176;59390;Masny;;;3.184504;50.339429
59390_0882_00017;17;;Rue Platon;59176;59390;Masny;;;3.185017;50.339851
59390_0480_00003;3;;Rue Gabriel Peri;59176;59390;Masny;;;3.200974;50.346044
59390_0480_00008;8;;Rue Gabriel Peri;59176;59390;Masny;;;3.200769;50.345769
59390_0480_00014;14;;Rue Gabriel Peri;59176;59390;Masny;;;3.201087;50.345684
59390_0480_00020;20;;Rue Gabriel Peri;59176;59390;Masny;;;3.201281;50.345629
59390_0640_00004;4;;Rue Lassigny;59176;59390;Masny;;;3.189528;50.334125
59390_1140_00004;4;;Rue de la Tour;59176;59390;Masny;;;3.198329;50.354362
59390_1140_00012;12;;Rue de la Tour;59176;59390;Masny;;;3.197525;50.354991
59390_0540_00013;13;;Rue de la Jauderaie;59176;59390;Masny;;;3.203365;50.354593
59390_0540_00029_bis;29;bis;Rue de la Jauderaie;59176;59390;Masny;;;3.2042;50.355078
59390_0100_00002;2;;Rue de Chantilly;59176;59390;Masny;;;3.191898;50.336673
59390_0520_00137;137;;Rue des Hallots;59176;59390;Masny;;;3.204359;50.337383
59390_0522_00009;9;;Rue Andersen;59176;59390;Masny;;;3.184004;50.33946
59390_0311_00001;1;;Rue Emile Zola;59176;59390;Masny;;;3.186189;50.335544
59390_1192_00002;2;;Rue Van Gogh;59176;59390;Masny;;;3.186884;50.339766
59390_0082_00005;5;;Rue du Cpt William Eric Nixon;59176;59390;Masny;;;3.20055;50.345418
59390_0082_00010;10;;Rue du Cpt William Eric Nixon;59176;59390;Masny;;;3.199887;50.345002
59390_0541_00011;11;;Place Jean Baptiste Clement;59176;59390;Masny;;;3.199835;50.344222
59390_a070_00004;4;;Residence de la Chapelle Rue J Lutas;59176;59390;Masny;;;3.20331;50.340611
59390_a070_00008;8;;Residence de la Chapelle Rue J Lutas;59176;59390;Masny;;;3.203543;50.340994
59390_a070_00010;10;;Residence de la Chapelle Rue J Lutas;59176;59390;Masny;;;3.203314;50.340822
59390_1100_00041;41;;Rue Suzanne Lannoy;59176;59390;Masny;;;3.196622;50.346248
59390_1100_00051;51;;Rue Suzanne Lannoy;59176;59390;Masny;;;3.193914;50.344707
59390_0653_00002;2;;Rue Louise Michel;59176;59390;Masny;;;3.199922;50.343877
59390_0653_00010;10;;Rue Louise Michel;59176;59390;Masny;;;3.200263;50.343838
59390_0460_00009;9;;Rue de Froissy;59176;59390;Masny;;;3.186977;50.334229
59390_0460_00017_b;17;b;Rue de Froissy;59176;59390;Masny;;;3.185594;50.334235
59390_0250_00004;4;;Rue de la Croisette;59176;59390;Masny;;;3.204743;50.349494
59390_0250_00008;8;;Rue de la Croisette;59176;59390;Masny;;;3.204672;50.349307
59390_0250_00028;28;;Rue de la Croisette;59176;59390;Masny;;;3.204328;50.348391
59390_0250_00032;32;;Rue de la Croisette;59176;59390;Masny;;;3.204258;50.348207
59390_0037_00008;8;;Rue du Bosquet;59176;59390;Masny;;;3.204894;50.344733
59390_0037_00012;12;;Rue du Bosquet;59176;59390;Masny;;;3.20531;50.344562
59390_0587_00158;158;;Rue Jules Mousseron;59176;59390;Masny;;;3.18529;50.340969
59390_0587_00194;194;;Rue Jules Mousseron;59176;59390;Masny;;;3.184909;50.340763
59390_0587_00269;269;;Rue Jules Mousseron;59176;59390;Masny;;;3.184256;50.34025
59390_0570_00002;2;;Rue Jonquiere;59176;59390;Masny;;;3.204514;50.346512
59390_0570_00010;10;;Rue Jonquiere;59176;59390;Masny;;;3.203612;50.346681
59390_0570_00018;18;;Rue Jonquiere;59176;59390;Masny;;;3.203426;50.346672
59390_0570_00026;26;;Rue Jonquiere;59176;59390;Masny;;;3.203189;50.347378
59390_0509_00015;15;;Rue Verdi;59176;59390;Masny;;;3.189667;50.339204
59390_0509_00019;19;;Rue Verdi;59176;59390;Masny;;;3.19004;50.339159
59390_1160_00002;2;;Rue de Varsovie;59176;59390;Masny;;;3.185565;50.339037
59390_1160_00006;6;;Rue de Varsovie;59176;59390;Masny;;;3.185709;50.339385
59390_0860_00001;1;;Rue de Pierrefonds;59176;59390;Masny;;;3.193672;50.33696
59390_0860_00005;5;;Rue de Pierrefonds;59176;59390;Masny;;;3.193064;50.337033
59390_0920_00009;9;;Rue de Rethondes;59176;59390;Masny;;;3.194685;50.336631
59390_0920_00017;17;;Rue de Rethondes;59176;59390;Masny;;;3.194194;50.336056
59390_0920_00025;25;;Rue de Rethondes;59176;59390;Masny;;;3.193682;50.335461
59390_0920_00041;41;;Rue de Rethondes;59176;59390;Masny;;;3.19321;50.334988
59390_0440_00003;3;;Rue des Freres Martel;59176;59390;Masny;;;3.202238;50.353917
59390_0440_00012;12;;Rue des Freres Martel;59176;59390;Masny;;;3.201547;50.354522
59390_0440_00016;16;;Rue des Freres Martel;59176;59390;Masny;;;3.200949;50.354372
59390_0440_00020;20;;Rue des Freres Martel;59176;59390;Masny;;;3.200566;50.354478
59390_0440_00025;25;;Rue des Freres Martel;59176;59390;Masny;;;3.199902;50.354145
59390_0680_00013;13;;Rue Mazurier;59176;59390;Masny;;;3.202624;50.349734
59390_0541_00009;9;;Place Jean Baptiste Clement;59176;59390;Masny;;;3.199976;50.344035
59390_0541_00013;13;;Place Jean Baptiste Clement;59176;59390;Masny;;;3.199933;50.344184
59390_0260_00010;10;;Rue de Cuvilly;59176;59390;Masny;;;3.191448;50.333852
59390_1120_00010;10;;Rue de Thourotte;59176;59390;Masny;;;3.193589;50.333784
59390_1120_00024;24;;Rue de Thourotte;59176;59390;Masny;;;3.193673;50.33375
59390_0290_00015;15;;Place Daniel Balavoine;59176;59390;Masny;;;3.187043;50.34019
59390_0290_00019;19;;Place Daniel Balavoine;59176;59390;Masny;;;3.18621;50.339657
59390_0483_00001;1;;Rue Galilee;59176;59390;Masny;;;3.185799;50.342048
59390_0560_00010;10;;Rue Jean Lutas;59176;59390;Masny;;;3.202421;50.339385
59390_0300_00016;16;;Rue Demouveau;59176;59390;Masny;;;3.204426;50.35052
59390_0300_00021;21;;Rue Demouveau;59176;59390;Masny;;;3.20571;50.35053
59390_0300_00007_bis;7;bis;Rue Demouveau;59176;59390;Masny;;;3.20312;50.350897
59390_0882_00009;9;;Rue Platon;59176;59390;Masny;;;3.18437;50.33949
59390_0480_00018;18;;Rue Gabriel Peri;59176;59390;Masny;;;3.20122;50.345646
59390_0480_00007_ter;7;ter;Rue Gabriel Peri;59176;59390;Masny;;;3.201778;50.345577
59390_1140_00008;8;;Rue de la Tour;59176;59390;Masny;;;3.197922;50.354725
59390_0540_00001;1;;Rue de la Jauderaie;59176;59390;Masny;;;3.203076;50.35381
59390_0540_00009;9;;Rue de la Jauderaie;59176;59390;Masny;;;3.203269;50.35434
59390_0540_00031;31;;Rue de la Jauderaie;59176;59390;Masny;;;3.203991;50.355234
59390_0100_00002_bis;2;bis;Rue de Chantilly;59176;59390;Masny;;;3.192016;50.336968
59390_1180_00001;1;;Rue Verberie;59176;59390;Masny;;;3.193552;50.336172
59390_0520_00018;18;;Rue des Hallots;59176;59390;Masny;;;3.204303;50.337402
59390_0520_00143;143;;Rue des Hallots;59176;59390;Masny;;;3.204282;50.337204
59390_0311_00003;3;;Rue Emile Zola;59176;59390;Masny;;;3.186327;50.335639
59390_1185_00005;5;;Rue Victor Hugo;59176;59390;Masny;;;3.1876;50.335491
59390_0082_00003;3;;Rue du Cpt William Eric Nixon;59176;59390;Masny;;;3.200984;50.345271
59390_0082_00008;8;;Rue du Cpt William Eric Nixon;59176;59390;Masny;;;3.200026;50.345091
59390_0082_00013;13;;Rue du Cpt William Eric Nixon;59176;59390;Masny;;;3.200033;50.345307
59390_0541_00005;5;;Place Jean Baptiste Clement;59176;59390;Masny;;;3.199873;50.343916
59390_0541_00017;17;;Place Jean Baptiste Clement;59176;59390;Masny;;;3.200135;50.344114
59390_0250_00059;59;;Rue de la Croisette;59176;59390;Masny;;;3.202666;50.348279
59390_0040_00008;8;;Rue de Bresles;59176;59390;Masny;;;3.190834;50.333369
59390_0040_00020;20;;Rue de Bresles;59176;59390;Masny;;;3.192169;50.333119
59390_0037_00006;6;;Rue du Bosquet;59176;59390;Masny;;;3.204657;50.34482
59390_0037_00024;24;;Rue du Bosquet;59176;59390;Masny;;;3.206557;50.344284
59390_0037_00002_bis;2;bis;Rue du Bosquet;59176;59390;Masny;;;3.203957;50.34445
59390_0587_00019;19;;Rue Jules Mousseron;59176;59390;Masny;;;3.186829;50.341703
59390_0587_00078;78;;Rue Jules Mousseron;59176;59390;Masny;;;3.186098;50.341444
59390_0587_00106;106;;Rue Jules Mousseron;59176;59390;Masny;;;3.185814;50.34127
59390_0587_00201;201;;Rue Jules Mousseron;59176;59390;Masny;;;3.184931;50.340602
59390_0587_00304;304;;Rue Jules Mousseron;59176;59390;Masny;;;3.183562;50.340275
59390_0587_00400;400;;Rue Jules Mousseron;59176;59390;Masny;;;3.182153;50.339476
59390_0570_00004;4;;Rue Jonquiere;59176;59390;Masny;;;3.204228;50.346594
59390_0570_00030;30;;Rue Jonquiere;59176;59390;Masny;;;3.203271;50.347581
59390_0509_00013;13;;Rue Verdi;59176;59390;Masny;;;3.189488;50.339225
59390_0509_00017;17;;Rue Verdi;59176;59390;Masny;;;3.189854;50.339182
59390_0120_00021;21;;Rue Chopin;59176;59390;Masny;;;3.19011;50.338672
59390_0860_00015;15;;Rue de Pierrefonds;59176;59390;Masny;;;3.19029;50.337359
59390_0920_00003;3;;Rue de Rethondes;59176;59390;Masny;;;3.194955;50.336998
59390_0920_00011;11;;Rue de Rethondes;59176;59390;Masny;;;3.194602;50.336533
59390_0920_00037;37;;Rue de Rethondes;59176;59390;Masny;;;3.193035;50.334522
59390_0440_00001;1;;Rue des Freres Martel;59176;59390;Masny;;;3.202377;50.353875
59390_0440_00006;6;;Rue des Freres Martel;59176;59390;Masny;;;3.201919;50.354108
59390_0680_00009;9;;Rue Mazurier;59176;59390;Masny;;;3.202387;50.3498
59390_0680_00021;21;;Rue Mazurier;59176;59390;Masny;;;3.202764;50.349685
59390_0800_00002;2;;Rue des Noailles;59176;59390;Masny;;;3.190344;50.334005
59390_0260_00004;4;;Rue de Cuvilly;59176;59390;Masny;;;3.190808;50.33401
59390_0260_00020;20;;Rue de Cuvilly;59176;59390;Masny;;;3.192178;50.333758
59390_0260_00043;43;;Rue de Cuvilly;59176;59390;Masny;;;3.191824;50.333847
59390_1120_00012;12;;Rue de Thourotte;59176;59390;Masny;;;3.193544;50.333712
59390_1120_00028;28;;Rue de Thourotte;59176;59390;Masny;;;3.194131;50.333968
59390_1120_00064;64;;Rue de Thourotte;59176;59390;Masny;;;3.195305;50.333676
59390_0483_00004;4;;Rue Galilee;59176;59390;Masny;;;3.185605;50.341939
59390_0483_00016;16;;Rue Galilee;59176;59390;Masny;;;3.184395;50.34125
59390_0483_00018;18;;Rue Galilee;59176;59390;Masny;;;3.18426;50.341172
59390_0560_00003;3;;Rue Jean Lutas;59176;59390;Masny;;;3.202717;50.339744
59390_0560_00007;7;;Rue Jean Lutas;59176;59390;Masny;;;3.202561;50.339518
59390_0560_00011;11;;Rue Jean Lutas;59176;59390;Masny;;;3.202378;50.339343
59390_0250_00038;38;;Rue de la Croisette;59176;59390;Masny;;;3.204153;50.347929
59390_0250_00067;67;;Rue de la Croisette;59176;59390;Masny;;;3.201701;50.348593
59390_0008_00012;12;;Rue de l'Arbrisseau;59176;59390;Masny;;;3.204142;50.347209
59390_0037_00002;2;;Rue du Bosquet;59176;59390;Masny;;;3.20406;50.344979
59390_0587_00176;176;;Rue Jules Mousseron;59176;59390;Masny;;;3.185134;50.340884
59390_0587_00221;221;;Rue Jules Mousseron;59176;59390;Masny;;;3.184722;50.340493
59390_0587_00233;233;;Rue Jules Mousseron;59176;59390;Masny;;;3.184592;50.340426
59390_0587_00271;271;;Rue Jules Mousseron;59176;59390;Masny;;;3.184196;50.340219
59390_0570_00014;14;;Rue Jonquiere;59176;59390;Masny;;;3.203536;50.346533
59390_0570_00022;22;;Rue Jonquiere;59176;59390;Masny;;;3.203099;50.347053
59390_0509_00005;5;;Rue Verdi;59176;59390;Masny;;;3.188812;50.339295
59390_0120_00015;15;;Rue Chopin;59176;59390;Masny;;;3.189381;50.338855
59390_0860_00007;7;;Rue de Pierrefonds;59176;59390;Masny;;;3.19288;50.337055
59390_0860_00031;31;;Rue de Pierrefonds;59176;59390;Masny;;;3.188626;50.337555
59390_0920_00023;23;;Rue de Rethondes;59176;59390;Masny;;;3.193798;50.335626
59390_0920_00027;27;;Rue de Rethondes;59176;59390;Masny;;;3.193569;50.335315
59390_0440_00014;14;;Rue des Freres Martel;59176;59390;Masny;;;3.201238;50.354307
59390_0680_00017;17;;Rue Mazurier;59176;59390;Masny;;;3.202459;50.349754
59390_0260_00012;12;;Rue de Cuvilly;59176;59390;Masny;;;3.191611;50.333811
59390_0260_00016;16;;Rue de Cuvilly;59176;59390;Masny;;;3.191936;50.333729
59390_0260_00024;24;;Rue de Cuvilly;59176;59390;Masny;;;3.190608;50.334193
59390_1120_00048;48;;Rue de Thourotte;59176;59390;Masny;;;3.195051;50.333118
59390_1120_00056;56;;Rue de Thourotte;59176;59390;Masny;;;3.194558;50.333399
59390_0290_00002;2;;Place Daniel Balavoine;59176;59390;Masny;;;3.185418;50.33985
59390_0290_00009;9;;Place Daniel Balavoine;59176;59390;Masny;;;3.18603;50.340537
59390_0290_00017;17;;Place Daniel Balavoine;59176;59390;Masny;;;3.186987;50.340012
59390_0483_00008;8;;Rue Galilee;59176;59390;Masny;;;3.185351;50.341795
59390_0483_00014;14;;Rue Galilee;59176;59390;Masny;;;3.184759;50.341455
59390_0560_00001;1;;Rue Jean Lutas;59176;59390;Masny;;;3.202777;50.339838
59390_0560_00005;5;;Rue Jean Lutas;59176;59390;Masny;;;3.202655;50.339643
59390_0040_00004;4;;Rue de Bresles;59176;59390;Masny;;;3.190516;50.333451
59390_0040_00012;12;;Rue de Bresles;59176;59390;Masny;;;3.191451;50.333305
59390_0040_00028;28;;Rue de Bresles;59176;59390;Masny;;;3.192083;50.333225
59390_0008_00004;4;;Rue de l'Arbrisseau;59176;59390;Masny;;;3.204531;50.346956
59390_0587_00064;64;;Rue Jules Mousseron;59176;59390;Masny;;;3.186239;50.341529
59390_0587_00128;128;;Rue Jules Mousseron;59176;59390;Masny;;;3.185584;50.341137
59390_0587_00141;141;;Rue Jules Mousseron;59176;59390;Masny;;;3.185618;50.340972
59390_0587_00155;155;;Rue Jules Mousseron;59176;59390;Masny;;;3.185495;50.340901
59390_0587_00189;189;;Rue Jules Mousseron;59176;59390;Masny;;;3.185067;50.340673
59390_0587_00245;245;;Rue Jules Mousseron;59176;59390;Masny;;;3.184462;50.340358
59390_0587_00257;257;;Rue Jules Mousseron;59176;59390;Masny;;;3.184324;50.340285
59390_0509_00009;9;;Rue Verdi;59176;59390;Masny;;;3.18917;50.339263
59390_0509_00023;23;;Rue Verdi;59176;59390;Masny;;;3.1907;50.339082
59390_1160_00008;8;;Rue de Varsovie;59176;59390;Masny;;;3.185746;50.339474
59390_0860_00011;11;;Rue de Pierrefonds;59176;59390;Masny;;;3.19099;50.337279
59390_0860_00019;19;;Rue de Pierrefonds;59176;59390;Masny;;;3.189877;50.337408
59390_0860_00023;23;;Rue de Pierrefonds;59176;59390;Masny;;;3.189465;50.337456
59390_0920_00015;15;;Rue de Rethondes;59176;59390;Masny;;;3.194347;50.336235
59390_0440_00018;18;;Rue des Freres Martel;59176;59390;Masny;;;3.200756;50.354425
59390_0800_00008;8;;Rue des Noailles;59176;59390;Masny;;;3.190111;50.333629
59390_0260_00008;8;;Rue de Cuvilly;59176;59390;Masny;;;3.191126;50.333928
59390_1120_00004;4;;Rue de Thourotte;59176;59390;Masny;;;3.193161;50.334217
59390_0483_00012;12;;Rue Galilee;59176;59390;Masny;;;3.184898;50.341535
59390_0483_00020;20;;Rue Galilee;59176;59390;Masny;;;3.184962;50.341711
59390_0483_00024;24;;Rue Galilee;59176;59390;Masny;;;3.184454;50.341424
59390_0560_00009;9;;Rue Jean Lutas;59176;59390;Masny;;;3.202472;50.339434
59390_0250_00034;34;;Rue de la Croisette;59176;59390;Masny;;;3.204221;50.348108
59390_0250_00043;43;;Rue de la Croisette;59176;59390;Masny;;;3.203925;50.34807
59390_0250_00051;51;;Rue de la Croisette;59176;59390;Masny;;;3.20337;50.348155
59390_1214_00004;4;;Rue Mozart;59176;59390;Masny;;;3.188643;50.339225
59390_0037_00010;10;;Rue du Bosquet;59176;59390;Masny;;;3.205066;50.344663
59390_0037_00014;14;;Rue du Bosquet;59176;59390;Masny;;;3.205425;50.344518
59390_0587_00034;34;;Rue Jules Mousseron;59176;59390;Masny;;;3.186529;50.341705
59390_0587_00050;50;;Rue Jules Mousseron;59176;59390;Masny;;;3.186387;50.341618
59390_0587_00092;92;;Rue Jules Mousseron;59176;59390;Masny;;;3.185956;50.341357
59390_0587_00378;378;;Rue Jules Mousseron;59176;59390;Masny;;;3.182979;50.33973
59390_0587_00304_a;304;a;Rue Jules Mousseron;59176;59390;Masny;;;3.183818;50.340183
59390_0570_00008;8;;Rue Jonquiere;59176;59390;Masny;;;3.203992;50.346662
59390_0509_00001;1;;Rue Verdi;59176;59390;Masny;;;3.18972;50.339297
59390_0120_00007;7;;Rue Chopin;59176;59390;Masny;;;3.18878;50.338926
59390_1160_00004;4;;Rue de Varsovie;59176;59390;Masny;;;3.185677;50.339305
59390_0860_00003;3;;Rue de Pierrefonds;59176;59390;Masny;;;3.193496;50.336981
59390_0920_00007;7;;Rue de Rethondes;59176;59390;Masny;;;3.194773;50.336735
59390_0920_00019;19;;Rue de Rethondes;59176;59390;Masny;;;3.194086;50.335923
59390_0920_00031;31;;Rue de Rethondes;59176;59390;Masny;;;3.193396;50.335027
59390_0440_00010;10;;Rue des Freres Martel;59176;59390;Masny;;;3.201465;50.354241
59390_0440_00022;22;;Rue des Freres Martel;59176;59390;Masny;;;3.200457;50.354503
59390_0440_00029;29;;Rue des Freres Martel;59176;59390;Masny;;;3.199574;50.353808
59390_0440_00002_a;2;a;Rue des Freres Martel;59176;59390;Masny;;;3.202749;50.353863
59390_0440_00029_ter;29;ter;Rue des Freres Martel;59176;59390;Masny;;;3.200204;50.35422
59390_0680_00004;4;;Rue Mazurier;59176;59390;Masny;;;3.202466;50.349695
59390_0260_00029;29;;Rue de Cuvilly;59176;59390;Masny;;;3.191429;50.334031
59390_0260_00035;35;;Rue de Cuvilly;59176;59390;Masny;;;3.19162;50.334338
59390_1120_00020;20;;Rue de Thourotte;59176;59390;Masny;;;3.193544;50.333544
59390_1120_00036;36;;Rue de Thourotte;59176;59390;Masny;;;3.194365;50.33346
59390_1120_00042;42;;Rue de Thourotte;59176;59390;Masny;;;3.194424;50.33322
59390_0290_00005;5;;Place Daniel Balavoine;59176;59390;Masny;;;3.185552;50.340203
59390_0290_00013;13;;Place Daniel Balavoine;59176;59390;Masny;;;3.186777;50.34052
59390_0290_00020;20;;Place Daniel Balavoine;59176;59390;Masny;;;3.1861;50.339657
59390_0483_00022;22;;Rue Galilee;59176;59390;Masny;;;3.1848;50.341597
59390_0300_00020;20;;Rue Demouveau;59176;59390;Masny;;;3.20488;50.350429
59390_0300_00015;15;;Rue Demouveau;59176;59390;Masny;;;3.20371;50.350785
59390_0300_00024;24;;Rue Demouveau;59176;59390;Masny;;;3.205352;50.350326
59390_0882_00007;7;;Rue Platon;59176;59390;Masny;;;3.184234;50.339424
59390_0882_00011;11;;Rue Platon;59176;59390;Masny;;;3.184747;50.339701
59390_0480_00009;9;;Rue Gabriel Peri;59176;59390;Masny;;;3.201239;50.345734
59390_0500_00003;3;;Rue de Grandvilliers;59176;59390;Masny;;;3.186385;50.334752
59390_0640_00003;3;;Rue Lassigny;59176;59390;Masny;;;3.189745;50.334047
59390_1140_00003;3;;Rue de la Tour;59176;59390;Masny;;;3.199101;50.353974
59390_0540_00027;27;;Rue de la Jauderaie;59176;59390;Masny;;;3.203752;50.355112
59390_0540_00008_bis;8;bis;Rue de la Jauderaie;59176;59390;Masny;;;3.203384;50.354905
59390_0240_00001;1;;Rue Crevecoeur;59176;59390;Masny;;;3.187061;50.334462
59390_1180_00002;2;;Rue Verberie;59176;59390;Masny;;;3.193491;50.336038
59390_0520_00019;19;;Rue des Hallots;59176;59390;Masny;;;3.204266;50.337343
59390_0300_00019_a;19;a;Rue Demouveau;59176;59390;Masny;;;3.205181;50.350467
59390_0882_00014;14;;Rue Platon;59176;59390;Masny;;;3.184994;50.339701
59390_0480_00024;24;;Rue Gabriel Peri;59176;59390;Masny;;;3.201402;50.345593
59390_0720_00001;1;;Route de Monchecourt;59176;59390;Masny;;;3.20439;50.335902
59390_0720_00004;4;;Route de Monchecourt;59176;59390;Masny;;;3.205727;50.334113
59390_0720_00001_bis;1;bis;Route de Monchecourt;59176;59390;Masny;;;3.204903;50.335779
59390_1140_00011;11;;Rue de la Tour;59176;59390;Masny;;;3.198078;50.35434
59390_0540_00021;21;;Rue de la Jauderaie;59176;59390;Masny;;;3.203467;50.354854
59390_0100_00007;7;;Rue de Chantilly;59176;59390;Masny;;;3.191913;50.336156
59390_0522_00004;4;;Rue Andersen;59176;59390;Masny;;;3.184202;50.33929
59390_0560_00016;16;;Rue Jean Lutas;59176;59390;Masny;;;3.202147;50.339122
59390_0300_00005;5;;Rue Demouveau;59176;59390;Masny;;;3.20287;50.350954
59390_0300_00009;9;;Rue Demouveau;59176;59390;Masny;;;3.203278;50.350866
59390_0882_00019;19;;Rue Platon;59176;59390;Masny;;;3.185109;50.339902
59390_0480_00002;2;;Rue Gabriel Peri;59176;59390;Masny;;;3.200244;50.345942
59390_0480_00007;7;;Rue Gabriel Peri;59176;59390;Masny;;;3.201538;50.346227
59390_0480_00017;17;;Rue Gabriel Peri;59176;59390;Masny;;;3.201707;50.345596
59390_0640_00005;5;;Rue Lassigny;59176;59390;Masny;;;3.189618;50.33384
59390_1140_00007;7;;Rue de la Tour;59176;59390;Masny;;;3.1989;50.354044
59390_1140_00013;13;;Rue de la Tour;59176;59390;Masny;;;3.19788;50.354412
59390_1140_00015;15;;Rue de la Tour;59176;59390;Masny;;;3.197585;50.35452
59390_1140_00009_a;9;a;Rue de la Tour;59176;59390;Masny;;;3.19858;50.354173
59390_0663_00005;5;;Rue Beethoven;59176;59390;Masny;;;3.188235;50.339543
59390_0540_00003;3;;Rue de la Jauderaie;59176;59390;Masny;;;3.203122;50.35396
59390_0540_00007;7;;Rue de la Jauderaie;59176;59390;Masny;;;3.203209;50.354183
59390_0540_00011;11;;Rue de la Jauderaie;59176;59390;Masny;;;3.203332;50.354506
59390_0540_00015;15;;Rue de la Jauderaie;59176;59390;Masny;;;3.203396;50.354708
59390_0540_00009_bis;9;bis;Rue de la Jauderaie;59176;59390;Masny;;;3.203667;50.354333
59390_0100_00001;1;;Rue de Chantilly;59176;59390;Masny;;;3.192057;50.33665
59390_0100_00003;3;;Rue de Chantilly;59176;59390;Masny;;;3.192024;50.336536
59390_0100_00009;9;;Rue de Chantilly;59176;59390;Masny;;;3.19187;50.335972
59390_0240_00213;213;;Rue Crevecoeur;59176;59390;Masny;;;3.187465;50.334858
59390_1180_00004;4;;Rue Verberie;59176;59390;Masny;;;3.193587;50.335948
59390_0560_00013;13;;Rue Jean Lutas;59176;59390;Masny;;;3.202286;50.339255
59390_0300_00001;1;;Rue Demouveau;59176;59390;Masny;;;3.202547;50.351024
59390_0882_00003;3;;Rue Platon;59176;59390;Masny;;;3.184202;50.33929
59390_0882_00016;16;;Rue Platon;59176;59390;Masny;;;3.185088;50.339753
59390_0480_00005;5;;Rue Gabriel Peri;59176;59390;Masny;;;3.200947;50.345819
59390_0480_00013;13;;Rue Gabriel Peri;59176;59390;Masny;;;3.201477;50.345663
59390_0480_00007_bis;7;bis;Rue Gabriel Peri;59176;59390;Masny;;;3.201778;50.345577
59390_0500_00005;5;;Rue de Grandvilliers;59176;59390;Masny;;;3.186299;50.334607
59390_0640_00001;1;;Rue Lassigny;59176;59390;Masny;;;3.189815;50.334161
59390_0640_00007;7;;Rue Lassigny;59176;59390;Masny;;;3.189568;50.333761
59390_1140_00001;1;;Rue de la Tour;59176;59390;Masny;;;3.199235;50.353926
59390_1140_00005;5;;Rue de la Tour;59176;59390;Masny;;;3.199004;50.354008
59390_1140_00009;9;;Rue de la Tour;59176;59390;Masny;;;3.198788;50.354083
59390_0663_00013;13;;Rue Beethoven;59176;59390;Masny;;;3.18814;50.338931
59390_0100_00005;5;;Rue de Chantilly;59176;59390;Masny;;;3.191946;50.336266
59390_0520_00141;141;;Rue des Hallots;59176;59390;Masny;;;3.204224;50.337287
59390_0520_00149;149;;Rue des Hallots;59176;59390;Masny;;;3.20409;50.337079
59390_0522_00008;8;;Rue Andersen;59176;59390;Masny;;;3.183707;50.339515
59390_0820_00002;2;;Place de Noyon;59176;59390;Masny;;;3.193015;50.336302
59390_0820_00006;6;;Place de Noyon;59176;59390;Masny;;;3.193238;50.336624
59390_0060_00001;1;;Place de Breteuil;59176;59390;Masny;;;3.192696;50.337362
59390_0082_00004;4;;Rue du Cpt William Eric Nixon;59176;59390;Masny;;;3.200783;50.345363
59390_0082_00012;12;;Rue du Cpt William Eric Nixon;59176;59390;Masny;;;3.199929;50.34514
59390_0082_00014;14;;Rue du Cpt William Eric Nixon;59176;59390;Masny;;;3.200117;50.345438
59390_0541_00001;1;;Place Jean Baptiste Clement;59176;59390;Masny;;;3.19975;50.343779
59390_0541_00003;3;;Place Jean Baptiste Clement;59176;59390;Masny;;;3.199799;50.343835
59390_0311_00002;2;;Rue Emile Zola;59176;59390;Masny;;;3.186301;50.335517
59390_0311_00006;6;;Rue Emile Zola;59176;59390;Masny;;;3.18652;50.335669
59390_1185_00003;3;;Rue Victor Hugo;59176;59390;Masny;;;3.187552;50.335411
59390_0369_00010;10;;Rue Eugene Pottier;59176;59390;Masny;;;3.200859;50.342972
59390_0082_00001;1;;Rue du Cpt William Eric Nixon;59176;59390;Masny;;;3.201445;50.345151
59390_0541_00023;23;;Place Jean Baptiste Clement;59176;59390;Masny;;;3.200477;50.343992
59390_1192_00003;3;;Rue Van Gogh;59176;59390;Masny;;;3.186825;50.33963
59390_0420_00004;4;;Rue Formerie;59176;59390;Masny;;;3.188979;50.333702
59390_0082_00009;9;;Rue du Cpt William Eric Nixon;59176;59390;Masny;;;3.200008;50.344972
59390_0541_00010;10;;Place Jean Baptiste Clement;59176;59390;Masny;;;3.200264;50.343839
59390_a070_00003;3;;Residence de la Chapelle Rue J Lutas;59176;59390;Masny;;;3.20275;50.340498
59390_a070_00007;7;;Residence de la Chapelle Rue J Lutas;59176;59390;Masny;;;3.203726;50.340907
59390_1192_00001;1;;Rue Van Gogh;59176;59390;Masny;;;3.186735;50.339699
59390_0507_00001;1;;Rue Guiscard;59176;59390;Masny;;;3.189521;50.337941
59390_0369_00002;2;;Rue Eugene Pottier;59176;59390;Masny;;;3.199922;50.343877
59390_0369_00006;6;;Rue Eugene Pottier;59176;59390;Masny;;;3.200785;50.343159
59390_0541_00006;6;;Place Jean Baptiste Clement;59176;59390;Masny;;;3.200129;50.343802
59390_0541_00015;15;;Place Jean Baptiste Clement;59176;59390;Masny;;;3.200054;50.344144
59390_a070_00011;11;;Residence de la Chapelle Rue J Lutas;59176;59390;Masny;;;3.202716;50.34071
