id;numero;rep;nom_voie;code_postal;code_insee;nom_commune;nom_ancienne_commune;nom_ld;lon;lat
83046_5xrba3_00670;670;;Route d’Entrecasteaux;83570;83046;Cotignac;;;6.15349;43.52526
83046_5xrba3_01084;1084;;Route d’Entrecasteaux;83570;83046;Cotignac;;;6.156919;43.523159
83046_5xrba3_01149;1149;;Route d’Entrecasteaux;83570;83046;Cotignac;;;6.157526;43.522811
83046_5xrba3_01710;1710;;Route d’Entrecasteaux;83570;83046;Cotignac;;;6.162986;43.519916
83046_5xrba3_01804;1804;;Route d’Entrecasteaux;83570;83046;Cotignac;;;6.164148;43.519678
83046_5xrba3_02170;2170;;Route d’Entrecasteaux;83570;83046;Cotignac;;;6.167408;43.518326
83046_5xrba3_00530;530;;Route d’Entrecasteaux;83570;83046;Cotignac;;;6.152384;43.526234
83046_5xrba3_02044;2044;;Route d’Entrecasteaux;83570;83046;Cotignac;;;6.166099;43.519072
83046_5xrba3_02083;2083;;Route d’Entrecasteaux;83570;83046;Cotignac;;;6.166405;43.518917
83046_5xrba3_02202;2202;;Route d’Entrecasteaux;83570;83046;Cotignac;;;6.167638;43.518212
83046_5xrba3_00566;566;;Route d’Entrecasteaux;83570;83046;Cotignac;;;6.152638;43.52599
83046_5xrba3_00886;886;;Route d’Entrecasteaux;83570;83046;Cotignac;;;6.155442;43.524408
83046_5xrba3_01341;1341;;Route d’Entrecasteaux;83570;83046;Cotignac;;;6.159332;43.521728
83046_5xrba3_01509;1509;;Route d’Entrecasteaux;83570;83046;Cotignac;;;6.16221;43.521193
83046_5xrba3_01377;1377;;Route d’Entrecasteaux;83570;83046;Cotignac;;;6.159707;43.521566
83046_5xrba3_01481;1481;;Route d’Entrecasteaux;83570;83046;Cotignac;;;6.160828;43.521245
83046_9xv8tm_02057;2057;;Ferrusse;83570;83046;Cotignac;;;6.147825;43.532205
83046_kygu4o_04358;4358;;Route de Barjols;83570;83046;Cotignac;;;6.132918;43.544313
83046_schtbu_00009;9;;Rue de l’Horloge;83570;83046;Cotignac;;;6.14922;43.529175
83046_x7t0ki_02450;2450;;le Bouillidou;83570;83046;Cotignac;;;6.172286;43.522224
83046_p2qarr_01451;1451;;Allee de la Colle;83570;83046;Cotignac;;;6.154282;43.519034
83046_cmzkox_00001;1;;le Derroc;83570;83046;Cotignac;;;6.140875;43.530261
83046_cmzkox_04257;4257;;le Derroc;83570;83046;Cotignac;;;6.135042;43.527703
83046_5xrba3_02348;2348;;Route d’Entrecasteaux;83570;83046;Cotignac;;;6.16913;43.517415
83046_w4iezp_02736;2736;;Route de Montfort;83570;83046;Cotignac;;;6.158572;43.510847
83046_w4iezp_02808;2808;;Route de Montfort;83570;83046;Cotignac;;;6.157508;43.510713
83046_w4iezp_04540;4540;;Route de Montfort;83570;83046;Cotignac;;;6.143456;43.499521
83046_schtbu_00005;5;;Rue de l’Horloge;83570;83046;Cotignac;;;6.149039;43.529209
83046_p2qarr_01481;1481;;Allee de la Colle;83570;83046;Cotignac;;;6.153875;43.518592
83046_5xrba3_00516;516;;Route d’Entrecasteaux;83570;83046;Cotignac;;;6.152359;43.526414
83046_5xrba3_00652;652;;Route d’Entrecasteaux;83570;83046;Cotignac;;;6.153324;43.525379
83046_5xrba3_01626;1626;;Route d’Entrecasteaux;83570;83046;Cotignac;;;6.162201;43.520403
83046_5xrba3_01803;1803;;Route d’Entrecasteaux;83570;83046;Cotignac;;;6.164055;43.519759
83046_5xrba3_02080;2080;;Route d’Entrecasteaux;83570;83046;Cotignac;;;6.16649;43.519254
83046_5xrba3_02172;2172;;Route d’Entrecasteaux;83570;83046;Cotignac;;;6.167423;43.518318
83046_5xrba3_02265;2265;;Route d’Entrecasteaux;83570;83046;Cotignac;;;6.168549;43.517879
83046_w4iezp_02726;2726;;Route de Montfort;83570;83046;Cotignac;;;6.158669;43.510852
83046_w4iezp_04060;4060;;Route de Montfort;83570;83046;Cotignac;;;6.146442;43.503171
83046_schtbu_00001;1;;Rue de l’Horloge;83570;83046;Cotignac;;;6.14904;43.529291
83046_5xrba3_01269;1269;;Route d’Entrecasteaux;83570;83046;Cotignac;;;6.158605;43.522096
83046_5xrba3_01507;1507;;Route d’Entrecasteaux;83570;83046;Cotignac;;;6.16112;43.521188
83046_5xrba3_01834;1834;;Route d’Entrecasteaux;83570;83046;Cotignac;;;6.164514;43.519676
83046_p2qarr_01489;1489;;Allee de la Colle;83570;83046;Cotignac;;;6.153958;43.518575
83046_8cxvuo_02541;2541;;Blen;83570;83046;Cotignac;;;6.169422;43.518651
83046_wub7y9_00634;634;;Lauron;83570;83046;Cotignac;;;6.152304;43.525129
83046_u9izcg_02981;2981;;Les Oupaloux;83570;83046;Cotignac;;;6.15639;43.509425
83046_gnm8m1_03155;3155;;Riviere;83570;83046;Cotignac;;;6.160784;43.506571
83046_4ci01o_02038;2038;;Route Sillans D22;83570;83046;Cotignac;;;6.148406;43.532103
83046_5xrba3_00824;824;;Route d’Entrecasteaux;83570;83046;Cotignac;;;6.154927;43.524808
83046_5xrba3_01020;1020;;Route d’Entrecasteaux;83570;83046;Cotignac;;;6.156392;43.52372
83046_5xrba3_01267;1267;;Route d’Entrecasteaux;83570;83046;Cotignac;;;6.158586;43.522107
83046_5xrba3_01438;1438;;Route d’Entrecasteaux;83570;83046;Cotignac;;;6.160398;43.521289
83046_5xrba3_01833;1833;;Route d’Entrecasteaux;83570;83046;Cotignac;;;6.164401;43.519756
83046_5xrba3_02504;2504;;Route d’Entrecasteaux;83570;83046;Cotignac;;;6.170641;43.516531
83046_5xrba3_02658;2658;;Route d’Entrecasteaux;83570;83046;Cotignac;;;6.171528;43.51551
83046_4ci01o_02977;2977;;Route Sillans D22;83570;83046;Cotignac;;;6.156663;43.509708
83046_4ci01o_04365;4365;;Route Sillans D22;83570;83046;Cotignac;;;6.15946;43.544023
83046_0034_01096;1096;;Chemin de Correns;83570;83046;Cotignac;;;6.151718;43.521247
83046_0034_01413;1413;;Chemin de Correns;83570;83046;Cotignac;;;6.151359;43.519101
83046_0034_01463;1463;;Chemin de Correns;83570;83046;Cotignac;;;6.150837;43.518981
83046_0034_01778;1778;;Chemin de Correns;83570;83046;Cotignac;;;6.149238;43.516525
83046_0034_02452;2452;;Chemin de Correns;83570;83046;Cotignac;;;6.144779;43.511912
83046_w4iezp_02776;2776;;Route de Montfort;83570;83046;Cotignac;;;6.157995;43.510812
83046_w4iezp_03184;3184;;Route de Montfort;83570;83046;Cotignac;;;6.153738;43.508924
83046_w4iezp_03304;3304;;Route de Montfort;83570;83046;Cotignac;;;6.152657;43.508129
83046_schtbu_00006;6;;Rue de l’Horloge;83570;83046;Cotignac;;;6.148926;43.529176
83046_p2qarr_01402;1402;;Allee de la Colle;83570;83046;Cotignac;;;6.153094;43.51851
83046_p2qarr_01452;1452;;Allee de la Colle;83570;83046;Cotignac;;;6.153521;43.518673
83046_ev7sko_04138;4138;;Nestuby;83570;83046;Cotignac;;;6.14294;43.506823
83046_5xrba3_02267;2267;;Route d’Entrecasteaux;83570;83046;Cotignac;;;6.168565;43.517873
83046_5xrba3_02346;2346;;Route d’Entrecasteaux;83570;83046;Cotignac;;;6.169119;43.517425
83046_5xrba3_04355;4355;;Route d’Entrecasteaux;83570;83046;Cotignac;;;6.1851;43.512093
83046_5xrba3_04737;4737;;Route d’Entrecasteaux;83570;83046;Cotignac;;;6.193298;43.515708
83046_kygu4o_03333;3333;;Route de Barjols;83570;83046;Cotignac;;;6.139127;43.536687
83046_kygu4o_03680;3680;;Route de Barjols;83570;83046;Cotignac;;;6.140438;43.534919
83046_w4iezp_02732;2732;;Route de Montfort;83570;83046;Cotignac;;;6.15861;43.51085
83046_w4iezp_02777;2777;;Route de Montfort;83570;83046;Cotignac;;;6.157892;43.510718
83046_w4iezp_03667;3667;;Route de Montfort;83570;83046;Cotignac;;;6.149185;43.506054
83046_schtbu_00002_bis;2;bis;Rue de l’Horloge;83570;83046;Cotignac;;;6.148926;43.529176
83046_p2qarr_01041;1041;;Allee de la Colle;83570;83046;Cotignac;;;6.153038;43.518579
83046_cmzkox_03030;3030;;le Derroc;83570;83046;Cotignac;;;6.138347;43.528392
83046_ev7sko_04181;4181;;Nestuby;83570;83046;Cotignac;;;6.136438;43.500637
83046_dalt4m_04033;4033;;Caillade;83570;83046;Cotignac;;;6.148008;43.50865
83046_ndaqx9_01151;1151;;La Colle;83570;83046;Cotignac;;;6.149702;43.52258
83046_4acqcg_04474;4474;;La Condamine;83570;83046;Cotignac;;;6.174751;43.502751
83046_u9izcg_02758;2758;;Les Oupaloux;83570;83046;Cotignac;;;6.15787;43.509473
83046_h9nynb_03622;3622;;Le Castellas;83570;83046;Cotignac;;;6.129707;43.51466
83046_ndaqx9_00012;12;;La Colle;83570;83046;Cotignac;;;6.150448;43.520405
83046_wub7y9_00001;1;;Lauron;83570;83046;Cotignac;;;6.154148;43.524197
83046_wub7y9_00652;652;;Lauron;83570;83046;Cotignac;;;6.153261;43.524929
83046_32zsil_00007;7;;Moscou;83570;83046;Cotignac;;;6.159775;43.54461
83046_0034_02663;2663;;Chemin de Correns;83570;83046;Cotignac;;;6.143357;43.510286
83046_0034_02749;2749;;Chemin de Correns;83570;83046;Cotignac;;;6.142106;43.508882
83046_0034_03019;3019;;Chemin de Correns;83570;83046;Cotignac;;;6.14155;43.50742
83046_0034_03344;3344;;Chemin de Correns;83570;83046;Cotignac;;;6.13874;43.506241
83046_0034_04374;4374;;Chemin de Correns;83570;83046;Cotignac;;;6.13005;43.499979
83046_0097_03291;3291;;Chemin Loup a Loup;83570;83046;Cotignac;;;6.152841;43.508801
83046_0053_02904;2904;;Chemin du Flaquier;83570;83046;Cotignac;;;6.17333;43.518655
83046_0053_03082;3082;;Chemin du Flaquier;83570;83046;Cotignac;;;6.175076;43.518948
83046_u9izcg_02979;2979;;Les Oupaloux;83570;83046;Cotignac;;;6.155988;43.509598
83046_n5x9mr_04032;4032;;Les Plantiers;83570;83046;Cotignac;;;6.148802;43.548425
83046_4ci01o_02746;2746;;Route Sillans D22;83570;83046;Cotignac;;;6.157469;43.508626
83046_4ci01o_04206;4206;;Route Sillans D22;83570;83046;Cotignac;;;6.15796;43.542581
83046_0034_01267;1267;;Chemin de Correns;83570;83046;Cotignac;;;6.152605;43.519847
83046_0190_04251;4251;;Chemin de Caillade;83570;83046;Cotignac;;;6.144117;43.507524
83046_0034_01786;1786;;Chemin de Correns;83570;83046;Cotignac;;;6.149055;43.516256
83046_0034_01984;1984;;Chemin de Correns;83570;83046;Cotignac;;;6.148145;43.514948
83046_0034_02551;2551;;Chemin de Correns;83570;83046;Cotignac;;;6.144169;43.511114
83046_0034_02744;2744;;Chemin de Correns;83570;83046;Cotignac;;;6.142755;43.509681
83046_0034_03117;3117;;Chemin de Correns;83570;83046;Cotignac;;;6.140643;43.506316
83046_0034_03342;3342;;Chemin de Correns;83570;83046;Cotignac;;;6.138763;43.506237
83046_0034_03622;3622;;Chemin de Correns;83570;83046;Cotignac;;;6.135667;43.505274
83046_0034_04120;4120;;Chemin de Correns;83570;83046;Cotignac;;;6.131977;43.501654
83046_0034_04334;4334;;Chemin de Correns;83570;83046;Cotignac;;;6.130137;43.500031
83046_0034_04377;4377;;Chemin de Correns;83570;83046;Cotignac;;;6.131434;43.49963
83046_0034_04476;4476;;Chemin de Correns;83570;83046;Cotignac;;;6.129034;43.499426
83046_0097_03801;3801;;Chemin Loup a Loup;83570;83046;Cotignac;;;6.152032;43.509344
83046_63nvd7_01121;1121;;Le Plan;83570;83046;Cotignac;;;6.15459;43.520728
83046_suprya_04733;4733;;Terrisse;83570;83046;Cotignac;;;6.19354;43.514099
83046_4ci01o_00964;964;;Route Sillans D22;83570;83046;Cotignac;;;6.155096;43.528415
83046_9xv8tm_01822;1822;;Ferrusse;83570;83046;Cotignac;;;6.147825;43.532205
83046_0034_00967;967;;Chemin de Correns;83570;83046;Cotignac;;;6.151572;43.521607
83046_0034_01144;1144;;Chemin de Correns;83570;83046;Cotignac;;;6.150987;43.522781
83046_0034_01232;1232;;Chemin de Correns;83570;83046;Cotignac;;;6.152457;43.520192
83046_0034_01510;1510;;Chemin de Correns;83570;83046;Cotignac;;;6.150572;43.518573
83046_0034_01831;1831;;Chemin de Correns;83570;83046;Cotignac;;;6.148861;43.515844
83046_0034_01957;1957;;Chemin de Correns;83570;83046;Cotignac;;;6.148327;43.515101
83046_0034_01976;1976;;Chemin de Correns;83570;83046;Cotignac;;;6.148167;43.514993
83046_0034_02250;2250;;Chemin de Correns;83570;83046;Cotignac;;;6.146661;43.512942
83046_x7t0ki_02154;2154;;le Bouillidou;83570;83046;Cotignac;;;6.172286;43.522224
83046_x7t0ki_02452;2452;;le Bouillidou;83570;83046;Cotignac;;;6.172286;43.522224
83046_6x8o9j_00008;8;;Espace du Bicentenaire;83570;83046;Cotignac;;;6.151528;43.526107
83046_cmzkox_00300;300;;le Derroc;83570;83046;Cotignac;;;6.140492;43.529863
83046_31vooq_01779;1779;;Blain;83570;83046;Cotignac;;;6.163959;43.519411
83046_of87ap_01889;1889;;La Buissiere;83570;83046;Cotignac;;;6.148253;43.517331
83046_ndaqx9_01784;1784;;La Colle;83570;83046;Cotignac;;;6.147823;43.516199
83046_aigo0u_00001;1;;Fourniguie;83570;83046;Cotignac;;;6.159701;43.51735
83046_0034_03906;3906;;Chemin de Correns;83570;83046;Cotignac;;;6.133158;43.50332
83046_0034_04130;4130;;Chemin de Correns;83570;83046;Cotignac;;;6.131941;43.501602
83046_0034_04685;4685;;Chemin de Correns;83570;83046;Cotignac;;;6.126176;43.498327
83046_0384_03811;3811;;Chemin des Plantiers;83570;83046;Cotignac;;;6.147903;43.546787
83046_0097_00002_f;2;f;Chemin Loup a Loup;83570;83046;Cotignac;;;6.152645;43.508932
83046_0053_02985;2985;;Chemin du Flaquier;83570;83046;Cotignac;;;6.175881;43.516269
83046_0190_04212;4212;;Chemin de Caillade;83570;83046;Cotignac;;;6.144609;43.507258
83046_5xrba3_00562;562;;Route d’Entrecasteaux;83570;83046;Cotignac;;;6.152613;43.526023
83046_5xrba3_00608;608;;Route d’Entrecasteaux;83570;83046;Cotignac;;;6.152948;43.525683
83046_5xrba3_01222;1222;;Route d’Entrecasteaux;83570;83046;Cotignac;;;6.158031;43.522346
83046_5xrba3_02205;2205;;Route d’Entrecasteaux;83570;83046;Cotignac;;;6.167807;43.518205
83046_5xrba3_02345;2345;;Route d’Entrecasteaux;83570;83046;Cotignac;;;6.16911;43.517559
83046_5xrba3_04020;4020;;Route d’Entrecasteaux;83570;83046;Cotignac;;;6.185434;43.512113
83046_5xrba3_04959;4959;;Route d’Entrecasteaux;83570;83046;Cotignac;;;6.1851;43.512093
83046_9xv8tm_01828;1828;;Ferrusse;83570;83046;Cotignac;;;6.147825;43.532205
83046_kygu4o_03526;3526;;Route de Barjols;83570;83046;Cotignac;;;6.140438;43.534919
83046_kygu4o_04713;4713;;Route de Barjols;83570;83046;Cotignac;;;6.129941;43.546588
83046_w4iezp_02800;2800;;Route de Montfort;83570;83046;Cotignac;;;6.157568;43.510731
83046_w4iezp_02881;2881;;Route de Montfort;83570;83046;Cotignac;;;6.156855;43.510359
83046_w4iezp_04539;4539;;Route de Montfort;83570;83046;Cotignac;;;6.143501;43.499411
83046_p2qarr_01401;1401;;Allee de la Colle;83570;83046;Cotignac;;;6.153038;43.518579
83046_j11w2o_01250;1250;;L'Azenas;83570;83046;Cotignac;;;6.159543;43.523458
83046_lih4j7_00001;1;;Chaudon;83570;83046;Cotignac;;;6.164839;43.515383
83046_9lnq2x_01507;1507;;Les Fabres;83570;83046;Cotignac;;;6.16184;43.521107
83046_lpk83h_02036;2036;;Marlin;83570;83046;Cotignac;;;6.165516;43.521595
83046_u9izcg_02766;2766;;Les Oupaloux;83570;83046;Cotignac;;;6.158374;43.508154
83046_4ci01o_02979;2979;;Route Sillans D22;83570;83046;Cotignac;;;6.156366;43.509415
83046_bxezm8_00085;85;;Quartier Cucuron;83570;83046;Cotignac;;;6.12128;43.526904
83046_0034_01091;1091;;Chemin de Correns;83570;83046;Cotignac;;;6.150253;43.521825
83046_0034_01095;1095;;Chemin de Correns;83570;83046;Cotignac;;;6.151815;43.521283
83046_0034_01486;1486;;Chemin de Correns;83570;83046;Cotignac;;;6.150582;43.518617
83046_0053_02725;2725;;Chemin du Flaquier;83570;83046;Cotignac;;;6.172215;43.517246
83046_0053_03183;3183;;Chemin du Flaquier;83570;83046;Cotignac;;;6.176831;43.517277
83046_iosgk0_04632;4632;;Le Village;83570;83046;Cotignac;;;6.148056;43.513013
83046_0034_01064;1064;;Chemin de Correns;83570;83046;Cotignac;;;6.149716;43.521877
83046_0034_01093;1093;;Chemin de Correns;83570;83046;Cotignac;;;6.15013;43.522391
83046_0034_01151;1151;;Chemin de Correns;83570;83046;Cotignac;;;6.14978;43.522694
83046_0034_01154;1154;;Chemin de Correns;83570;83046;Cotignac;;;6.152005;43.520791
83046_0034_01488;1488;;Chemin de Correns;83570;83046;Cotignac;;;6.150634;43.518807
83046_0034_01629;1629;;Chemin de Correns;83570;83046;Cotignac;;;6.149746;43.517435
83046_0190_03972;3972;;Chemin de Caillade;83570;83046;Cotignac;;;6.146513;43.505802
83046_0190_04192;4192;;Chemin de Caillade;83570;83046;Cotignac;;;6.144722;43.507173
83046_0136_00005;5;;Rue Pas Perdu;83570;83046;Cotignac;;;6.148728;43.528461
83046_0034_02191;2191;;Chemin de Correns;83570;83046;Cotignac;;;6.148085;43.514119
83046_0034_02253;2253;;Chemin de Correns;83570;83046;Cotignac;;;6.145065;43.510306
83046_0034_02347;2347;;Chemin de Correns;83570;83046;Cotignac;;;6.148085;43.514119
83046_0034_02844;2844;;Chemin de Correns;83570;83046;Cotignac;;;6.142102;43.509016
83046_0034_03630;3630;;Chemin de Correns;83570;83046;Cotignac;;;6.135461;43.505206
83046_0034_04890;4890;;Chemin de Correns;83570;83046;Cotignac;;;6.133114;43.504768
83046_0097_03371;3371;;Chemin Loup a Loup;83570;83046;Cotignac;;;6.152132;43.509277
83046_0053_02780;2780;;Chemin du Flaquier;83570;83046;Cotignac;;;6.173367;43.515906
83046_0190_03912;3912;;Chemin de Caillade;83570;83046;Cotignac;;;6.147031;43.505464
83046_0190_04004;4004;;Chemin de Caillade;83570;83046;Cotignac;;;6.14626;43.505994
83046_5xrba3_00829;829;;Route d’Entrecasteaux;83570;83046;Cotignac;;;6.155081;43.524485
83046_0034_01780;1780;;Chemin de Correns;83570;83046;Cotignac;;;6.14923;43.516512
83046_0034_01829;1829;;Chemin de Correns;83570;83046;Cotignac;;;6.149081;43.516113
83046_0034_02297;2297;;Chemin de Correns;83570;83046;Cotignac;;;6.148085;43.514119
83046_0034_02652;2652;;Chemin de Correns;83570;83046;Cotignac;;;6.143065;43.510077
83046_0034_03170;3170;;Chemin de Correns;83570;83046;Cotignac;;;6.14178;43.508688
83046_0034_03346;3346;;Chemin de Correns;83570;83046;Cotignac;;;6.138716;43.506241
83046_0034_03500;3500;;Chemin de Correns;83570;83046;Cotignac;;;6.135696;43.505566
83046_0034_03628;3628;;Chemin de Correns;83570;83046;Cotignac;;;6.135474;43.505213
83046_0034_04392;4392;;Chemin de Correns;83570;83046;Cotignac;;;6.129791;43.499822
83046_0034_04687;4687;;Chemin de Correns;83570;83046;Cotignac;;;6.126973;43.498876
83046_0053_02693;2693;;Chemin du Flaquier;83570;83046;Cotignac;;;6.172734;43.516821
83046_7j7elc_01341;1341;;La Bauquiere;83570;83046;Cotignac;;;6.159808;43.521973
83046_4acqcg_04301;4301;;La Condamine;83570;83046;Cotignac;;;6.165771;43.499586
83046_2ew7kn_02965;2965;;Le Flaquier;83570;83046;Cotignac;;;6.173479;43.519776
83046_480sqf_02785;2785;;Gourlon;83570;83046;Cotignac;;;6.163878;43.51025
83046_9ryceo_02035;2035;;Les Plaines;83570;83046;Cotignac;;;6.147191;43.531329
83046_gnm8m1_03161;3161;;Riviere;83570;83046;Cotignac;;;6.160204;43.506117
83046_4ci01o_01314;1314;;Route Sillans D22;83570;83046;Cotignac;;;6.153587;43.530854
83046_4ci01o_02150;2150;;Route Sillans D22;83570;83046;Cotignac;;;6.146682;43.5325
83046_4ci01o_02808;2808;;Route Sillans D22;83570;83046;Cotignac;;;6.157019;43.511156
83046_4ci01o_02880;2880;;Route Sillans D22;83570;83046;Cotignac;;;6.156988;43.510108
83046_0190_03672;3672;;Chemin de Caillade;83570;83046;Cotignac;;;6.146214;43.506033
83046_0190_04285;4285;;Chemin de Caillade;83570;83046;Cotignac;;;6.143845;43.50784
83046_0034_01014;1014;;Chemin de Correns;83570;83046;Cotignac;;;6.151744;43.521199
83046_0034_01180;1180;;Chemin de Correns;83570;83046;Cotignac;;;6.150481;43.523083
83046_0034_01199;1199;;Chemin de Correns;83570;83046;Cotignac;;;6.152372;43.520515
83046_0034_01784;1784;;Chemin de Correns;83570;83046;Cotignac;;;6.147794;43.516152
83046_0034_02203;2203;;Chemin de Correns;83570;83046;Cotignac;;;6.148127;43.514159
83046_5xrba3_01727;1727;;Route d’Entrecasteaux;83570;83046;Cotignac;;;6.163251;43.51986
83046_5xrba3_02079;2079;;Route d’Entrecasteaux;83570;83046;Cotignac;;;6.166865;43.519432
83046_5xrba3_02551;2551;;Route d’Entrecasteaux;83570;83046;Cotignac;;;6.171029;43.516379
83046_5xrba3_03080;3080;;Route d’Entrecasteaux;83570;83046;Cotignac;;;6.17443;43.513175
83046_9xv8tm_01007;1007;;Ferrusse;83570;83046;Cotignac;;;6.147825;43.532205
83046_w4iezp_02981;2981;;Route de Montfort;83570;83046;Cotignac;;;6.155875;43.509819
83046_w4iezp_03498;3498;;Route de Montfort;83570;83046;Cotignac;;;6.150886;43.506961
83046_p2qarr_01457;1457;;Allee de la Colle;83570;83046;Cotignac;;;6.153668;43.518716
83046_cmzkox_02600;2600;;le Derroc;83570;83046;Cotignac;;;6.142122;43.531524
83046_cmzkox_02710;2710;;le Derroc;83570;83046;Cotignac;;;6.139291;43.53049
83046_ev7sko_04122;4122;;Nestuby;83570;83046;Cotignac;;;6.131275;43.501324
83046_31vooq_02044;2044;;Blain;83570;83046;Cotignac;;;6.166197;43.518754
83046_8cxvuo_02089;2089;;Blen;83570;83046;Cotignac;;;6.167349;43.520419
83046_ndaqx9_01153;1153;;La Colle;83570;83046;Cotignac;;;6.149655;43.522224
83046_2ew7kn_02760;2760;;Le Flaquier;83570;83046;Cotignac;;;6.172075;43.517736
83046_u9izcg_02934;2934;;Les Oupaloux;83570;83046;Cotignac;;;6.158827;43.508117
83046_gnm8m1_02784;2784;;Riviere;83570;83046;Cotignac;;;6.164864;43.508905
83046_4ci01o_01426;1426;;Route Sillans D22;83570;83046;Cotignac;;;6.152414;43.5306
83046_4ci01o_02775;2775;;Route Sillans D22;83570;83046;Cotignac;;;6.157597;43.509982
83046_0034_01021;1021;;Chemin de Correns;83570;83046;Cotignac;;;6.151572;43.521607
83046_0034_01667;1667;;Chemin de Correns;83570;83046;Cotignac;;;6.149745;43.517469
83046_0034_01701;1701;;Chemin de Correns;83570;83046;Cotignac;;;6.149712;43.517159
83046_0034_01982;1982;;Chemin de Correns;83570;83046;Cotignac;;;6.14815;43.514959
83046_0034_02060;2060;;Chemin de Correns;83570;83046;Cotignac;;;6.148059;43.514226
83046_0034_03352;3352;;Chemin de Correns;83570;83046;Cotignac;;;6.138588;43.50624
83046_0034_03620;3620;;Chemin de Correns;83570;83046;Cotignac;;;6.13569;43.505276
83046_0097_03370;3370;;Chemin Loup a Loup;83570;83046;Cotignac;;;6.152141;43.509271
83046_0034_02695;2695;;Chemin de Correns;83570;83046;Cotignac;;;6.143094;43.509951
83046_0034_03074;3074;;Chemin de Correns;83570;83046;Cotignac;;;6.141812;43.508721
83046_0034_04372;4372;;Chemin de Correns;83570;83046;Cotignac;;;6.13005;43.499979
83046_0034_04405;4405;;Chemin de Correns;83570;83046;Cotignac;;;6.129836;43.499744
83046_0034_04904;4904;;Chemin de Correns;83570;83046;Cotignac;;;6.130959;43.504029
83046_0384_04030;4030;;Chemin des Plantiers;83570;83046;Cotignac;;;6.147903;43.546787
83046_0053_02758;2758;;Chemin du Flaquier;83570;83046;Cotignac;;;6.172544;43.517519
83046_0053_02979;2979;;Chemin du Flaquier;83570;83046;Cotignac;;;6.175686;43.516635
83046_0053_03301;3301;;Chemin du Flaquier;83570;83046;Cotignac;;;6.179929;43.517258
83046_0053_03351;3351;;Chemin du Flaquier;83570;83046;Cotignac;;;6.177301;43.520622
83046_8cxvuo_00001;1;;Blen;83570;83046;Cotignac;;;6.169782;43.517455
83046_9lnq2x_01701;1701;;Les Fabres;83570;83046;Cotignac;;;6.163569;43.52151
83046_mxapb4_00976;976;;Les Jardins;83570;83046;Cotignac;;;6.146749;43.527838
83046_lpk83h_01833;1833;;Marlin;83570;83046;Cotignac;;;6.164747;43.519982
83046_r6n01i_01881;1881;;Maunas;83570;83046;Cotignac;;;6.160624;43.517381
83046_u9izcg_02932;2932;;Les Oupaloux;83570;83046;Cotignac;;;6.15832;43.507726
83046_4ci01o_03304;3304;;Route Sillans D22;83570;83046;Cotignac;;;6.151674;43.507953
83046_0053_03751;3751;;Chemin du Flaquier;83570;83046;Cotignac;;;6.181861;43.520087
83046_0190_03983;3983;;Chemin de Caillade;83570;83046;Cotignac;;;6.146418;43.50587
83046_0190_04230;4230;;Chemin de Caillade;83570;83046;Cotignac;;;6.144297;43.5075
83046_0136_00004;4;;Rue Pas Perdu;83570;83046;Cotignac;;;6.148813;43.528345
83046_0034_01459;1459;;Chemin de Correns;83570;83046;Cotignac;;;6.15087;43.518999
83046_0034_01490;1490;;Chemin de Correns;83570;83046;Cotignac;;;6.148901;43.517934
83046_0034_01776;1776;;Chemin de Correns;83570;83046;Cotignac;;;6.149055;43.516256
83046_0034_01843;1843;;Chemin de Correns;83570;83046;Cotignac;;;6.148767;43.515732
83046_0034_01974;1974;;Chemin de Correns;83570;83046;Cotignac;;;6.148171;43.515003
83046_0034_01980;1980;;Chemin de Correns;83570;83046;Cotignac;;;6.148156;43.51497
83046_0034_02300;2300;;Chemin de Correns;83570;83046;Cotignac;;;6.145918;43.512567
83046_0034_02411;2411;;Chemin de Correns;83570;83046;Cotignac;;;6.145112;43.512003
83046_0034_02553;2553;;Chemin de Correns;83570;83046;Cotignac;;;6.144157;43.5111
83046_0034_03350;3350;;Chemin de Correns;83570;83046;Cotignac;;;6.138667;43.506241
83046_0034_03356;3356;;Chemin de Correns;83570;83046;Cotignac;;;6.1376;43.506822
83046_0034_04103;4103;;Chemin de Correns;83570;83046;Cotignac;;;6.132142;43.501714
83046_0034_04680;4680;;Chemin de Correns;83570;83046;Cotignac;;;6.126782;43.498985
83046_0097_00011;11;;Chemin Loup a Loup;83570;83046;Cotignac;;;6.152976;43.50871
83046_0097_03300;3300;;Chemin Loup a Loup;83570;83046;Cotignac;;;6.152761;43.508855
83046_0053_02582;2582;;Chemin du Flaquier;83570;83046;Cotignac;;;6.172064;43.516174
83046_0053_02711;2711;;Chemin du Flaquier;83570;83046;Cotignac;;;6.172136;43.51714
83046_0053_02824;2824;;Chemin du Flaquier;83570;83046;Cotignac;;;6.172897;43.518035
83046_5xrba3_04404;4404;;Route d’Entrecasteaux;83570;83046;Cotignac;;;6.185434;43.512113
83046_9xv8tm_00929;929;;Ferrusse;83570;83046;Cotignac;;;6.147825;43.532205
83046_9xv8tm_01824;1824;;Ferrusse;83570;83046;Cotignac;;;6.147825;43.532205
83046_kygu4o_03558;3558;;Route de Barjols;83570;83046;Cotignac;;;6.140565;43.535716
83046_w4iezp_02730;2730;;Route de Montfort;83570;83046;Cotignac;;;6.15863;43.51085
83046_x7t0ki_02560;2560;;le Bouillidou;83570;83046;Cotignac;;;6.172286;43.522224
83046_cmzkox_02638;2638;;le Derroc;83570;83046;Cotignac;;;6.141152;43.531619
83046_cmzkox_03080;3080;;le Derroc;83570;83046;Cotignac;;;6.139974;43.529591
83046_ev7sko_04651;4651;;Nestuby;83570;83046;Cotignac;;;6.141737;43.503804
83046_5xrba3_02344;2344;;Route d’Entrecasteaux;83570;83046;Cotignac;;;6.169109;43.517435
83046_5xrba3_02958;2958;;Route d’Entrecasteaux;83570;83046;Cotignac;;;6.173018;43.51356
83046_5xrba3_03191;3191;;Route d’Entrecasteaux;83570;83046;Cotignac;;;6.175722;43.512868
83046_5xrba3_03991;3991;;Route d’Entrecasteaux;83570;83046;Cotignac;;;6.185114;43.512098
83046_kygu4o_03257;3257;;Route de Barjols;83570;83046;Cotignac;;;6.139664;43.536173
83046_w4iezp_02977;2977;;Route de Montfort;83570;83046;Cotignac;;;6.155915;43.509841
83046_w4iezp_03302;3302;;Route de Montfort;83570;83046;Cotignac;;;6.152673;43.508143
83046_w4iezp_03500;3500;;Route de Montfort;83570;83046;Cotignac;;;6.150867;43.506951
83046_w4iezp_04249;4249;;Route de Montfort;83570;83046;Cotignac;;;6.145505;43.501704
83046_5xrba3_00913;913;;Route d’Entrecasteaux;83570;83046;Cotignac;;;6.15582;43.524418
83046_5xrba3_01022;1022;;Route d’Entrecasteaux;83570;83046;Cotignac;;;6.156397;43.523706
83046_5xrba3_01194;1194;;Route d’Entrecasteaux;83570;83046;Cotignac;;;6.157805;43.522504
83046_5xrba3_00586;586;;Route d’Entrecasteaux;83570;83046;Cotignac;;;6.152777;43.525835
83046_5xrba3_01379;1379;;Route d’Entrecasteaux;83570;83046;Cotignac;;;6.159728;43.521558
83046_5xrba3_02531;2531;;Route d’Entrecasteaux;83570;83046;Cotignac;;;6.170868;43.516489
83046_9xv8tm_01820;1820;;Ferrusse;83570;83046;Cotignac;;;6.147825;43.532205
83046_9xv8tm_01826;1826;;Ferrusse;83570;83046;Cotignac;;;6.147825;43.532205
83046_w4iezp_02856;2856;;Route de Montfort;83570;83046;Cotignac;;;6.15695;43.510498
83046_w4iezp_03186;3186;;Route de Montfort;83570;83046;Cotignac;;;6.153717;43.508915
83046_iu9i7i_00300;300;;Les des Rocs;83570;83046;Cotignac;;;6.144239;43.528366
83046_cmzkox_02664;2664;;le Derroc;83570;83046;Cotignac;;;6.141636;43.530697
83046_ndaqx9_00001;1;;La Colle;83570;83046;Cotignac;;;6.151862;43.520769
83046_ndaqx9_04016;4016;;La Colle;83570;83046;Cotignac;;;6.152998;43.517179
83046_2ew7kn_02954;2954;;Le Flaquier;83570;83046;Cotignac;;;6.174173;43.51872
83046_aigo0u_01654;1654;;Fourniguie;83570;83046;Cotignac;;;6.157631;43.5177
83046_mxapb4_00015;15;;Les Jardins;83570;83046;Cotignac;;;6.146575;43.528762
83046_lpk83h_02038;2038;;Marlin;83570;83046;Cotignac;;;6.164706;43.52145
83046_u9izcg_02930;2930;;Les Oupaloux;83570;83046;Cotignac;;;6.159104;43.507832
83046_5xrba3_00495;495;;Route d’Entrecasteaux;83570;83046;Cotignac;;;6.152323;43.526646
83046_5xrba3_00532;532;;Route d’Entrecasteaux;83570;83046;Cotignac;;;6.152442;43.526276
83046_5xrba3_00634;634;;Route d’Entrecasteaux;83570;83046;Cotignac;;;6.153168;43.525503
83046_5xrba3_01094;1094;;Route d’Entrecasteaux;83570;83046;Cotignac;;;6.156996;43.523098
83046_5xrba3_01373;1373;;Route d’Entrecasteaux;83570;83046;Cotignac;;;6.159665;43.521581
83046_5xrba3_02093;2093;;Route d’Entrecasteaux;83570;83046;Cotignac;;;6.167199;43.519229
83046_5xrba3_03082;3082;;Route d’Entrecasteaux;83570;83046;Cotignac;;;6.174451;43.513169
83046_5xrba3_03421;3421;;Route d’Entrecasteaux;83570;83046;Cotignac;;;6.178412;43.512682
83046_kygu4o_03106;3106;;Route de Barjols;83570;83046;Cotignac;;;6.140465;43.534884
83046_w4iezp_02979;2979;;Route de Montfort;83570;83046;Cotignac;;;6.155896;43.50983
83046_schtbu_00004;4;;Rue de l’Horloge;83570;83046;Cotignac;;;6.148926;43.529176
83046_x7t0ki_02361;2361;;le Bouillidou;83570;83046;Cotignac;;;6.172286;43.522224
83046_p2qarr_01405;1405;;Allee de la Colle;83570;83046;Cotignac;;;6.15306;43.518591
83046_ev7sko_04058;4058;;Nestuby;83570;83046;Cotignac;;;6.145963;43.503762
83046_ds0g39_00001;1;;Le Bessillon;83570;83046;Cotignac;;;6.125588;43.535449
83046_31vooq_02282;2282;;Blain;83570;83046;Cotignac;;;6.168375;43.517289
83046_u9izcg_03677;3677;;Les Oupaloux;83570;83046;Cotignac;;;6.161384;43.502585
83046_4ci01o_01342;1342;;Route Sillans D22;83570;83046;Cotignac;;;6.152813;43.530498
83046_4ci01o_02032;2032;;Route Sillans D22;83570;83046;Cotignac;;;6.148199;43.531618
83046_5xrba3_01614;1614;;Route d’Entrecasteaux;83570;83046;Cotignac;;;6.162096;43.520477
83046_5xrba3_01703;1703;;Route d’Entrecasteaux;83570;83046;Cotignac;;;6.162916;43.520067
83046_5xrba3_02089;2089;;Route d’Entrecasteaux;83570;83046;Cotignac;;;6.166642;43.518802
83046_5xrba3_02204;2204;;Route d’Entrecasteaux;83570;83046;Cotignac;;;6.167656;43.5182
83046_5xrba3_03877;3877;;Route d’Entrecasteaux;83570;83046;Cotignac;;;6.183752;43.511765
83046_5xrba3_04733;4733;;Route d’Entrecasteaux;83570;83046;Cotignac;;;6.1851;43.512093
83046_kygu4o_03158;3158;;Route de Barjols;83570;83046;Cotignac;;;6.140438;43.534919
83046_kygu4o_03710;3710;;Route de Barjols;83570;83046;Cotignac;;;6.140438;43.534919
83046_w4iezp_02724;2724;;Route de Montfort;83570;83046;Cotignac;;;6.158688;43.510853
83046_5xrba3_01915;1915;;Route d’Entrecasteaux;83570;83046;Cotignac;;;6.165316;43.519814
83046_5xrba3_02095;2095;;Route d’Entrecasteaux;83570;83046;Cotignac;;;6.166657;43.518796
83046_5xrba3_02282;2282;;Route d’Entrecasteaux;83570;83046;Cotignac;;;6.168435;43.517835
83046_5xrba3_03382;3382;;Route d’Entrecasteaux;83570;83046;Cotignac;;;6.178068;43.512691
83046_9xv8tm_00204;204;;Ferrusse;83570;83046;Cotignac;;;6.146239;43.532056
83046_kygu4o_02514;2514;;Route de Barjols;83570;83046;Cotignac;;;6.144618;43.536202
83046_kygu4o_03577;3577;;Route de Barjols;83570;83046;Cotignac;;;6.137682;43.538666
83046_4ci01o_02228;2228;;Route Sillans D22;83570;83046;Cotignac;;;6.156395;43.512714
83046_4ci01o_02846;2846;;Route Sillans D22;83570;83046;Cotignac;;;6.148508;43.53717
83046_4ci01o_03186;3186;;Route Sillans D22;83570;83046;Cotignac;;;6.153407;43.509704
83046_0034_01153;1153;;Chemin de Correns;83570;83046;Cotignac;;;6.149501;43.522365
83046_0034_02021;2021;;Chemin de Correns;83570;83046;Cotignac;;;6.148136;43.514388
83046_0034_02201;2201;;Chemin de Correns;83570;83046;Cotignac;;;6.148127;43.514159
83046_0034_02349;2349;;Chemin de Correns;83570;83046;Cotignac;;;6.148091;43.514125
83046_w4iezp_04419;4419;;Route de Montfort;83570;83046;Cotignac;;;6.144229;43.500398
83046_cmzkox_02910;2910;;le Derroc;83570;83046;Cotignac;;;6.140755;43.529659
83046_cmzkox_03082;3082;;le Derroc;83570;83046;Cotignac;;;6.139751;43.529183
83046_j11w2o_01180;1180;;L'Azenas;83570;83046;Cotignac;;;6.158904;43.523207
83046_31vooq_02204;2204;;Blain;83570;83046;Cotignac;;;6.1674;43.517598
83046_480sqf_00009;9;;Gourlon;83570;83046;Cotignac;;;6.163704;43.513249
83046_0034_03354;3354;;Chemin de Correns;83570;83046;Cotignac;;;6.137806;43.505983
83046_0034_04105;4105;;Chemin de Correns;83570;83046;Cotignac;;;6.13205;43.50158
83046_0034_04394;4394;;Chemin de Correns;83570;83046;Cotignac;;;6.129774;43.49981
83046_0097_02734;2734;;Chemin Loup a Loup;83570;83046;Cotignac;;;6.152566;43.508986
83046_0097_03480;3480;;Chemin Loup a Loup;83570;83046;Cotignac;;;6.151206;43.509952
83046_0097_03720;3720;;Chemin Loup a Loup;83570;83046;Cotignac;;;6.149478;43.51173
83046_0053_02930;2930;;Chemin du Flaquier;83570;83046;Cotignac;;;6.176665;43.515774
83046_0053_02967;2967;;Chemin du Flaquier;83570;83046;Cotignac;;;6.173721;43.519174
83046_4ci01o_01316;1316;;Route Sillans D22;83570;83046;Cotignac;;;6.153407;43.530684
83046_4ci01o_02090;2090;;Route Sillans D22;83570;83046;Cotignac;;;6.14669;43.531932
83046_4ci01o_02730;2730;;Route Sillans D22;83570;83046;Cotignac;;;6.156549;43.512413
83046_4ci01o_02981;2981;;Route Sillans D22;83570;83046;Cotignac;;;6.156072;43.509595
83046_w4iezp_02734;2734;;Route de Montfort;83570;83046;Cotignac;;;6.158592;43.510848
83046_4ci01o_02736;2736;;Route Sillans D22;83570;83046;Cotignac;;;6.157745;43.512634
83046_4ci01o_02771;2771;;Route Sillans D22;83570;83046;Cotignac;;;6.157212;43.509818
83046_4ci01o_04060;4060;;Route Sillans D22;83570;83046;Cotignac;;;6.145184;43.504468
83046_0034_01051;1051;;Chemin de Correns;83570;83046;Cotignac;;;6.151572;43.521607
83046_0034_01089;1089;;Chemin de Correns;83570;83046;Cotignac;;;6.150382;43.522096
83046_0034_01197;1197;;Chemin de Correns;83570;83046;Cotignac;;;6.152361;43.52053
83046_0034_01660;1660;;Chemin de Correns;83570;83046;Cotignac;;;6.14964;43.517597
83046_0034_01744;1744;;Chemin de Correns;83570;83046;Cotignac;;;6.149475;43.516909
83046_0034_01845;1845;;Chemin de Correns;83570;83046;Cotignac;;;6.148995;43.516001
83046_0034_02555;2555;;Chemin de Correns;83570;83046;Cotignac;;;6.144145;43.511086
83046_w4iezp_02871;2871;;Route de Montfort;83570;83046;Cotignac;;;6.156958;43.510407
83046_w4iezp_04058;4058;;Route de Montfort;83570;83046;Cotignac;;;6.146451;43.503186
83046_schtbu_00003;3;;Rue de l’Horloge;83570;83046;Cotignac;;;6.149043;43.529253
83046_8cxvuo_01064;1064;;Blen;83570;83046;Cotignac;;;6.169395;43.51778
83046_4acqcg_04050;4050;;La Condamine;83570;83046;Cotignac;;;6.165456;43.502578
83046_2ew7kn_02711;2711;;Le Flaquier;83570;83046;Cotignac;;;6.171732;43.516982
83046_0034_03168;3168;;Chemin de Correns;83570;83046;Cotignac;;;6.14178;43.508689
83046_0034_03215;3215;;Chemin de Correns;83570;83046;Cotignac;;;6.140241;43.506048
83046_0034_03618;3618;;Chemin de Correns;83570;83046;Cotignac;;;6.135711;43.505279
83046_0034_03624;3624;;Chemin de Correns;83570;83046;Cotignac;;;6.135645;43.505271
83046_0034_03900;3900;;Chemin de Correns;83570;83046;Cotignac;;;6.132935;43.5031
83046_0034_04900;4900;;Chemin de Correns;83570;83046;Cotignac;;;6.131441;43.50343
83046_0097_03650;3650;;Chemin Loup a Loup;83570;83046;Cotignac;;;6.149776;43.511353
83046_0053_02770;2770;;Chemin du Flaquier;83570;83046;Cotignac;;;6.172298;43.517188
83046_0053_03327;3327;;Chemin du Flaquier;83570;83046;Cotignac;;;6.177114;43.520409
83046_u9izcg_03370;3370;;Les Oupaloux;83570;83046;Cotignac;;;6.154608;43.507844
83046_63nvd7_01063;1063;;Le Plan;83570;83046;Cotignac;;;6.153658;43.521397
83046_suprya_00002;2;;Terrisse;83570;83046;Cotignac;;;6.189317;43.515014
83046_4ci01o_01826;1826;;Route Sillans D22;83570;83046;Cotignac;;;6.149184;43.531122
83046_4ci01o_02035;2035;;Route Sillans D22;83570;83046;Cotignac;;;6.147075;43.531111
83046_4ci01o_02777;2777;;Route Sillans D22;83570;83046;Cotignac;;;6.158009;43.51025
83046_4ci01o_02849;2849;;Route Sillans D22;83570;83046;Cotignac;;;6.147151;43.537493
83046_4ci01o_03305;3305;;Route Sillans D22;83570;83046;Cotignac;;;6.149413;43.540835
83046_4ci01o_04485;4485;;Route Sillans D22;83570;83046;Cotignac;;;6.161165;43.547278
83046_0034_00402;402;;Chemin de Correns;83570;83046;Cotignac;;;6.131729;43.502894
83046_0034_01005;1005;;Chemin de Correns;83570;83046;Cotignac;;;6.150778;43.521859
83046_0034_01120;1120;;Chemin de Correns;83570;83046;Cotignac;;;6.150569;43.522446
83046_0034_01461;1461;;Chemin de Correns;83570;83046;Cotignac;;;6.15085;43.518993
83046_0053_03640;3640;;Chemin du Flaquier;83570;83046;Cotignac;;;6.181305;43.515737
83046_0190_03875;3875;;Chemin de Caillade;83570;83046;Cotignac;;;6.147389;43.505233
83046_0190_04046;4046;;Chemin de Caillade;83570;83046;Cotignac;;;6.145894;43.506272
83046_0190_04340;4340;;Chemin de Caillade;83570;83046;Cotignac;;;6.14377;43.508556
83046_0034_01833;1833;;Chemin de Correns;83570;83046;Cotignac;;;6.149148;43.516209
83046_0034_01978;1978;;Chemin de Correns;83570;83046;Cotignac;;;6.148161;43.514981
83046_0034_03172;3172;;Chemin de Correns;83570;83046;Cotignac;;;6.141779;43.508687
83046_0034_03348;3348;;Chemin de Correns;83570;83046;Cotignac;;;6.138691;43.506241
83046_0034_03902;3902;;Chemin de Correns;83570;83046;Cotignac;;;6.133192;43.503343
83046_0034_04101;4101;;Chemin de Correns;83570;83046;Cotignac;;;6.132148;43.501724
83046_0097_02736;2736;;Chemin Loup a Loup;83570;83046;Cotignac;;;6.152321;43.509149
83046_0053_02709;2709;;Chemin du Flaquier;83570;83046;Cotignac;;;6.17402;43.51681
83046_0053_02928;2928;;Chemin du Flaquier;83570;83046;Cotignac;;;6.17529;43.515971
83046_0053_03102;3102;;Chemin du Flaquier;83570;83046;Cotignac;;;6.1779;43.516147
83046_0053_03297;3297;;Chemin du Flaquier;83570;83046;Cotignac;;;6.178775;43.517729
83046_0053_03353;3353;;Chemin du Flaquier;83570;83046;Cotignac;;;6.17732;43.520633
83046_0190_00070;70;;Chemin de Caillade;83570;83046;Cotignac;;;6.14284;43.509628
83046_0190_04159;4159;;Chemin de Caillade;83570;83046;Cotignac;;;6.145026;43.506504
83046_0136_00003;3;;Rue Pas Perdu;83570;83046;Cotignac;;;6.148705;43.528361
83046_0034_01231;1231;;Chemin de Correns;83570;83046;Cotignac;;;6.152533;43.520274
83046_0034_01700;1700;;Chemin de Correns;83570;83046;Cotignac;;;6.14962;43.51726
83046_0034_01774;1774;;Chemin de Correns;83570;83046;Cotignac;;;6.149256;43.51655
83046_0034_01857;1857;;Chemin de Correns;83570;83046;Cotignac;;;6.148767;43.515732
83046_0034_02566;2566;;Chemin de Correns;83570;83046;Cotignac;;;6.143642;43.510717
83046_0034_03358;3358;;Chemin de Correns;83570;83046;Cotignac;;;6.136957;43.506989
83046_0034_04906;4906;;Chemin de Correns;83570;83046;Cotignac;;;6.130959;43.504902
83046_0097_00003;3;;Chemin Loup a Loup;83570;83046;Cotignac;;;6.153009;43.50869
83046_0097_03560;3560;;Chemin Loup a Loup;83570;83046;Cotignac;;;6.150562;43.510474
83046_0097_03680;3680;;Chemin Loup a Loup;83570;83046;Cotignac;;;6.149708;43.511441
83046_0053_02760;2760;;Chemin du Flaquier;83570;83046;Cotignac;;;6.172555;43.517535
83046_0053_02963;2963;;Chemin du Flaquier;83570;83046;Cotignac;;;6.173676;43.519177
83046_0190_04304;4304;;Chemin de Caillade;83570;83046;Cotignac;;;6.143833;43.508024
83046_0136_00008;8;;Rue Pas Perdu;83570;83046;Cotignac;;;6.14883;43.528413
83046_5xrba3_00980;980;;Route d’Entrecasteaux;83570;83046;Cotignac;;;6.156284;43.52402
83046_5xrba3_01147;1147;;Route d’Entrecasteaux;83570;83046;Cotignac;;;6.157507;43.522825
83046_5xrba3_01701;1701;;Route d’Entrecasteaux;83570;83046;Cotignac;;;6.162898;43.520078
83046_kygu4o_02534;2534;;Route de Barjols;83570;83046;Cotignac;;;6.140438;43.534919
83046_w4iezp_02775;2775;;Route de Montfort;83570;83046;Cotignac;;;6.157905;43.510719
83046_w4iezp_03901;3901;;Route de Montfort;83570;83046;Cotignac;;;6.147478;43.504483
83046_x7t0ki_02558;2558;;le Bouillidou;83570;83046;Cotignac;;;6.172286;43.522224
83046_dalt4m_04212;4212;;Caillade;83570;83046;Cotignac;;;6.145092;43.507308
83046_ndaqx9_01984;1984;;La Colle;83570;83046;Cotignac;;;6.147071;43.515443
83046_480sqf_02895;2895;;Gourlon;83570;83046;Cotignac;;;6.164845;43.510683
83046_5xrba3_01375;1375;;Route d’Entrecasteaux;83570;83046;Cotignac;;;6.159686;43.521573
83046_5xrba3_01381;1381;;Route d’Entrecasteaux;83570;83046;Cotignac;;;6.159748;43.521551
83046_5xrba3_01505;1505;;Route d’Entrecasteaux;83570;83046;Cotignac;;;6.161096;43.521189
83046_5xrba3_01896;1896;;Route d’Entrecasteaux;83570;83046;Cotignac;;;6.165258;43.519703
83046_5xrba3_02091;2091;;Route d’Entrecasteaux;83570;83046;Cotignac;;;6.167457;43.519573
83046_5xrba3_02174;2174;;Route d’Entrecasteaux;83570;83046;Cotignac;;;6.167437;43.518312
83046_5xrba3_02280;2280;;Route d’Entrecasteaux;83570;83046;Cotignac;;;6.168417;43.517843
83046_5xrba3_03831;3831;;Route d’Entrecasteaux;83570;83046;Cotignac;;;6.183196;43.511705
83046_kygu4o_03671;3671;;Route de Barjols;83570;83046;Cotignac;;;6.137302;43.539429
83046_w4iezp_02728;2728;;Route de Montfort;83570;83046;Cotignac;;;6.158649;43.510851
83046_schtbu_00002;2;;Rue de l’Horloge;83570;83046;Cotignac;;;6.148926;43.529176
83046_schtbu_00007;7;;Rue de l’Horloge;83570;83046;Cotignac;;;6.14909;43.529196
83046_x7t0ki_02152;2152;;le Bouillidou;83570;83046;Cotignac;;;6.172286;43.522224
83046_p2qarr_01491;1491;;Allee de la Colle;83570;83046;Cotignac;;;6.15398;43.518567
83046_cmzkox_03084;3084;;le Derroc;83570;83046;Cotignac;;;6.138716;43.529528
83046_31vooq_02346;2346;;Blain;83570;83046;Cotignac;;;6.168929;43.517038
83046_4ncsfq_03976;3976;;Gassière;83570;83046;Cotignac;;;6.176768;43.505064
83046_wub7y9_00641;641;;Lauron;83570;83046;Cotignac;;;6.152023;43.526464
83046_u9izcg_03421;3421;;Les Oupaloux;83570;83046;Cotignac;;;6.157945;43.50732
83046_63nvd7_01501;1501;;Le Plan;83570;83046;Cotignac;;;6.156566;43.519535
83046_egzkh3_00009;9;;Les Verdares;83570;83046;Cotignac;;;6.147549;43.525122
83046_4ci01o_00886;886;;Route Sillans D22;83570;83046;Cotignac;;;6.153732;43.528185
83046_4ci01o_02001;2001;;Route Sillans D22;83570;83046;Cotignac;;;6.147615;43.531289
83046_4ci01o_02040;2040;;Route Sillans D22;83570;83046;Cotignac;;;6.14774;43.532658
83046_4ci01o_02234;2234;;Route Sillans D22;83570;83046;Cotignac;;;6.162653;43.51494
83046_0034_00970;970;;Chemin de Correns;83570;83046;Cotignac;;;6.151702;43.521273
83046_0034_01367;1367;;Chemin de Correns;83570;83046;Cotignac;;;6.151856;43.519175
83046_0034_01492;1492;;Chemin de Correns;83570;83046;Cotignac;;;6.150545;43.518457
83046_0034_01972;1972;;Chemin de Correns;83570;83046;Cotignac;;;6.148175;43.515015
83046_0034_02834;2834;;Chemin de Correns;83570;83046;Cotignac;;;6.142167;43.509084
83046_0034_02956;2956;;Chemin de Correns;83570;83046;Cotignac;;;6.141851;43.50876
83046_0034_03213;3213;;Chemin de Correns;83570;83046;Cotignac;;;6.140256;43.506056
83046_0034_03904;3904;;Chemin de Correns;83570;83046;Cotignac;;;6.132924;43.503082
83046_0034_04506;4506;;Chemin de Correns;83570;83046;Cotignac;;;6.123277;43.497278
83046_0097_03286;3286;;Chemin Loup a Loup;83570;83046;Cotignac;;;6.152885;43.508772
83046_0097_03480_bis;3480;bis;Chemin Loup a Loup;83570;83046;Cotignac;;;6.151187;43.509969
83046_0053_02802;2802;;Chemin du Flaquier;83570;83046;Cotignac;;;6.172782;43.517866
83046_0053_02965;2965;;Chemin du Flaquier;83570;83046;Cotignac;;;6.173699;43.519176
83046_0053_03075;3075;;Chemin du Flaquier;83570;83046;Cotignac;;;6.176288;43.516284
83046_0053_03100;3100;;Chemin du Flaquier;83570;83046;Cotignac;;;6.177603;43.515688
83046_h9nynb_00001;1;;Le Castellas;83570;83046;Cotignac;;;6.133217;43.518027
83046_ndaqx9_01294;1294;;La Colle;83570;83046;Cotignac;;;6.156192;43.518014
83046_u9izcg_02768;2768;;Les Oupaloux;83570;83046;Cotignac;;;6.158946;43.508955
83046_gnm8m1_00001;1;;Riviere;83570;83046;Cotignac;;;6.165193;43.512322
83046_4ci01o_00012;12;;Route Sillans D22;83570;83046;Cotignac;;;6.153372;43.528587
83046_4ci01o_02732;2732;;Route Sillans D22;83570;83046;Cotignac;;;6.157261;43.512171
83046_4ci01o_04058;4058;;Route Sillans D22;83570;83046;Cotignac;;;6.145984;43.503769
83046_4ci01o_04484;4484;;Route Sillans D22;83570;83046;Cotignac;;;6.159998;43.544381
83046_ckvg8u_03774;3774;;Chemin de Saint-Hermentaire;83570;83046;Cotignac;;;6.172015;43.532833
83046_0190_03932;3932;;Chemin de Caillade;83570;83046;Cotignac;;;6.146874;43.505567
83046_0190_04033;4033;;Chemin de Caillade;83570;83046;Cotignac;;;6.145895;43.506273
83046_0136_00001;1;;Rue Pas Perdu;83570;83046;Cotignac;;;6.148691;43.528317
83046_0136_00007;7;;Rue Pas Perdu;83570;83046;Cotignac;;;6.14876;43.528581
83046_0136_00009;9;;Rue Pas Perdu;83570;83046;Cotignac;;;6.148784;43.52867
83046_0034_01066;1066;;Chemin de Correns;83570;83046;Cotignac;;;6.151116;43.521521
83046_0034_01092;1092;;Chemin de Correns;83570;83046;Cotignac;;;6.150686;43.522317
83046_0034_01127;1127;;Chemin de Correns;83570;83046;Cotignac;;;6.152542;43.520267
83046_0034_01150;1150;;Chemin de Correns;83570;83046;Cotignac;;;6.151979;43.52082
83046_0034_01274;1274;;Chemin de Correns;83570;83046;Cotignac;;;6.149334;43.523382
83046_0034_01675;1675;;Chemin de Correns;83570;83046;Cotignac;;;6.1497;43.517126
83046_0034_03212;3212;;Chemin de Correns;83570;83046;Cotignac;;;6.140094;43.506076
83046_0034_03554;3554;;Chemin de Correns;83570;83046;Cotignac;;;6.137492;43.506082
83046_0034_03626;3626;;Chemin de Correns;83570;83046;Cotignac;;;6.135399;43.505167
83046_4ci01o_02734;2734;;Route Sillans D22;83570;83046;Cotignac;;;6.157864;43.513288
83046_4ci01o_02871;2871;;Route Sillans D22;83570;83046;Cotignac;;;6.157324;43.510305
83046_4ci01o_03667;3667;;Route Sillans D22;83570;83046;Cotignac;;;6.149172;43.505779
83046_4ci01o_04121;4121;;Route Sillans D22;83570;83046;Cotignac;;;6.157809;43.54399
83046_0034_01148;1148;;Chemin de Correns;83570;83046;Cotignac;;;6.152288;43.520461
83046_0034_01152;1152;;Chemin de Correns;83570;83046;Cotignac;;;6.151992;43.520806
83046_0034_01195;1195;;Chemin de Correns;83570;83046;Cotignac;;;6.15235;43.520545
83046_0034_01265;1265;;Chemin de Correns;83570;83046;Cotignac;;;6.152608;43.519858
83046_0034_01855;1855;;Chemin de Correns;83570;83046;Cotignac;;;6.148893;43.515269
83046_0034_02230;2230;;Chemin de Correns;83570;83046;Cotignac;;;6.145942;43.513261
83046_0034_02450;2450;;Chemin de Correns;83570;83046;Cotignac;;;6.144794;43.511924
83046_0034_02564;2564;;Chemin de Correns;83570;83046;Cotignac;;;6.143642;43.510717
83046_0034_04028;4028;;Chemin de Correns;83570;83046;Cotignac;;;6.132564;43.50251
83046_0034_04122;4122;;Chemin de Correns;83570;83046;Cotignac;;;6.131985;43.501666
83046_0034_04222;4222;;Chemin de Correns;83570;83046;Cotignac;;;6.130387;43.501641
83046_0034_01857_bis;1857;bis;Chemin de Correns;83570;83046;Cotignac;;;6.148767;43.515732
83046_0384_04051;4051;;Chemin des Plantiers;83570;83046;Cotignac;;;6.147903;43.546787
83046_0097_03607;3607;;Chemin Loup a Loup;83570;83046;Cotignac;;;6.15022;43.5108
83046_0097_03677;3677;;Chemin Loup a Loup;83570;83046;Cotignac;;;6.149686;43.51131
83046_0053_02925;2925;;Chemin du Flaquier;83570;83046;Cotignac;;;6.175238;43.517242
83046_0053_03137;3137;;Chemin du Flaquier;83570;83046;Cotignac;;;6.175644;43.519154
83046_0053_03293;3293;;Chemin du Flaquier;83570;83046;Cotignac;;;6.178519;43.51734
83046_0053_03585;3585;;Chemin du Flaquier;83570;83046;Cotignac;;;6.179875;43.520203
83046_31vooq_01794;1794;;Blain;83570;83046;Cotignac;;;6.161886;43.519721
83046_dalt4m_00070;70;;Caillade;83570;83046;Cotignac;;;6.14574;43.515898
83046_ndaqx9_01060;1060;;La Colle;83570;83046;Cotignac;;;6.152535;43.521621
83046_u9izcg_03300;3300;;Les Oupaloux;83570;83046;Cotignac;;;6.157092;43.508766
83046_4ci01o_01981;1981;;Route Sillans D22;83570;83046;Cotignac;;;6.148062;43.531082
83046_4ci01o_02033;2033;;Route Sillans D22;83570;83046;Cotignac;;;6.147398;43.530863
83046_4ci01o_02740;2740;;Route Sillans D22;83570;83046;Cotignac;;;6.157667;43.508846
83046_0190_03876;3876;;Chemin de Caillade;83570;83046;Cotignac;;;6.14738;43.505238
83046_0190_04130;4130;;Chemin de Caillade;83570;83046;Cotignac;;;6.145212;43.506772
83046_0190_04161;4161;;Chemin de Caillade;83570;83046;Cotignac;;;6.14467;43.507083
83046_0190_04210;4210;;Chemin de Caillade;83570;83046;Cotignac;;;6.14445;43.507381
83046_0190_04333;4333;;Chemin de Caillade;83570;83046;Cotignac;;;6.143562;43.508242
83046_0034_00170;170;;Chemin de Correns;83570;83046;Cotignac;;;6.148556;43.516796
83046_0034_01589;1589;;Chemin de Correns;83570;83046;Cotignac;;;6.150118;43.518079
83046_0034_02062;2062;;Chemin de Correns;83570;83046;Cotignac;;;6.148044;43.514211
83046_0034_02585;2585;;Chemin de Correns;83570;83046;Cotignac;;;6.143913;43.51083
83046_0034_02942;2942;;Chemin de Correns;83570;83046;Cotignac;;;6.141773;43.508681
83046_0034_03242;3242;;Chemin de Correns;83570;83046;Cotignac;;;6.139522;43.506725
83046_0034_03632;3632;;Chemin de Correns;83570;83046;Cotignac;;;6.135448;43.505198
83046_0034_04026;4026;;Chemin de Correns;83570;83046;Cotignac;;;6.132572;43.502522
83046_0034_04131;4131;;Chemin de Correns;83570;83046;Cotignac;;;6.132026;43.501549
83046_0097_03393;3393;;Chemin Loup a Loup;83570;83046;Cotignac;;;6.151937;43.509407
83046_0097_03651;3651;;Chemin Loup a Loup;83570;83046;Cotignac;;;6.149829;43.51191
83046_0097_03681;3681;;Chemin Loup a Loup;83570;83046;Cotignac;;;6.149931;43.511002
83046_0053_02771;2771;;Chemin du Flaquier;83570;83046;Cotignac;;;6.171292;43.518375
83046_0053_02954;2954;;Chemin du Flaquier;83570;83046;Cotignac;;;6.173963;43.518959
83046_0136_00018;18;;Rue Pas Perdu;83570;83046;Cotignac;;;6.148876;43.52859
83046_0006_00642;642;;Traverse de l’Aire des Fourches;83570;83046;Cotignac;;;6.153513;43.525756
83046_0143_00003;3;;Rue de la Puade;83570;83046;Cotignac;;;6.150506;43.531869
83046_0032_01092;1092;;Chemin de la Colle;83570;83046;Cotignac;;;6.150757;43.522336
83046_0006_00599;599;;Traverse de l’Aire des Fourches;83570;83046;Cotignac;;;6.153254;43.526103
83046_0006_00690;690;;Traverse de l’Aire des Fourches;83570;83046;Cotignac;;;6.153636;43.525399
83046_0143_00010;10;;Rue de la Puade;83570;83046;Cotignac;;;6.150357;43.531483
83046_0143_00004_bis;4;bis;Rue de la Puade;83570;83046;Cotignac;;;6.150102;43.530292
83046_0143_00006_bis;6;bis;Rue de la Puade;83570;83046;Cotignac;;;6.150159;43.530385
83046_0032_01265;1265;;Chemin de la Colle;83570;83046;Cotignac;;;6.153475;43.519251
83046_0136_00010;10;;Rue Pas Perdu;83570;83046;Cotignac;;;6.148836;43.528447
83046_0006_00526;526;;Traverse de l’Aire des Fourches;83570;83046;Cotignac;;;6.152639;43.526267
83046_0006_00534;534;;Traverse de l’Aire des Fourches;83570;83046;Cotignac;;;6.152751;43.526196
83046_0143_00008;8;;Rue de la Puade;83570;83046;Cotignac;;;6.150403;43.531075
83046_0136_00016;16;;Rue Pas Perdu;83570;83046;Cotignac;;;6.148869;43.528563
83046_0006_00775;775;;Traverse de l’Aire des Fourches;83570;83046;Cotignac;;;6.15458;43.525395
83046_0143_00002;2;;Rue de la Puade;83570;83046;Cotignac;;;6.150021;43.530159
83046_0143_00016;16;;Rue de la Puade;83570;83046;Cotignac;;;6.150357;43.531483
83046_0136_00012;12;;Rue Pas Perdu;83570;83046;Cotignac;;;6.148853;43.528505
83046_0136_00016_a;16;a;Rue Pas Perdu;83570;83046;Cotignac;;;6.148861;43.528537
83046_0006_00544;544;;Traverse de l’Aire des Fourches;83570;83046;Cotignac;;;6.152784;43.526167
83046_0143_00002_bis;2;bis;Rue de la Puade;83570;83046;Cotignac;;;6.150021;43.530159
83046_0032_01984;1984;;Chemin de la Colle;83570;83046;Cotignac;;;6.152555;43.516131
83046_0032_03432;3432;;Chemin de la Colle;83570;83046;Cotignac;;;6.15414;43.511977
83046_0032_03434;3434;;Chemin de la Colle;83570;83046;Cotignac;;;6.153629;43.511681
83046_0032_03588;3588;;Chemin de la Colle;83570;83046;Cotignac;;;6.153715;43.513267
83046_0032_03709;3709;;Chemin de la Colle;83570;83046;Cotignac;;;6.152989;43.514233
83046_0032_03798;3798;;Chemin de la Colle;83570;83046;Cotignac;;;6.153286;43.514931
83046_0032_04043;4043;;Chemin de la Colle;83570;83046;Cotignac;;;6.152548;43.516502
83046_0032_04044;4044;;Chemin de la Colle;83570;83046;Cotignac;;;6.150744;43.517372
83046_0032_00001_f;1;f;Chemin de la Colle;83570;83046;Cotignac;;;6.152203;43.519256
83046_0246_01058;1058;;Route de Carces;83570;83046;Cotignac;;;6.153397;43.521139
83046_0246_01064;1064;;Route de Carces;83570;83046;Cotignac;;;6.153433;43.521091
83046_0246_01162;1162;;Route de Carces;83570;83046;Cotignac;;;6.154073;43.520344
83046_0246_01298;1298;;Route de Carces;83570;83046;Cotignac;;;6.154915;43.519823
83046_0246_01731;1731;;Route de Carces;83570;83046;Cotignac;;;6.160006;43.517582
83046_0246_01788;1788;;Route de Carces;83570;83046;Cotignac;;;6.160412;43.517172
83046_0246_02700;2700;;Route de Carces;83570;83046;Cotignac;;;6.159717;43.509571
83046_0246_02739;2739;;Route de Carces;83570;83046;Cotignac;;;6.15998;43.509121
83046_0246_02762;2762;;Route de Carces;83570;83046;Cotignac;;;6.159891;43.509011
83046_0246_02787;2787;;Route de Carces;83570;83046;Cotignac;;;6.160017;43.508719
83046_0246_03677;3677;;Route de Carces;83570;83046;Cotignac;;;6.161336;43.502476
83046_0246_04162;4162;;Route de Carces;83570;83046;Cotignac;;;6.162992;43.496978
83046_0246_04325;4325;;Route de Carces;83570;83046;Cotignac;;;6.163207;43.495613
83046_0038_00575;575;;Chemin Notre Dame;83570;83046;Cotignac;;;6.149315;43.525144
83046_0038_00787;787;;Chemin Notre Dame;83570;83046;Cotignac;;;6.149297;43.525172
83046_0038_01347;1347;;Chemin Notre Dame;83570;83046;Cotignac;;;6.147469;43.522394
83046_0038_01575;1575;;Chemin Notre Dame;83570;83046;Cotignac;;;6.148116;43.520537
83046_0038_01805;1805;;Chemin Notre Dame;83570;83046;Cotignac;;;6.147301;43.519475
83046_0038_01891;1891;;Chemin Notre Dame;83570;83046;Cotignac;;;6.146013;43.519705
83046_0038_02570;2570;;Chemin Notre Dame;83570;83046;Cotignac;;;6.144483;43.522357
83046_0427_01348;1348;;Chemin de Salernes;83570;83046;Cotignac;;;6.160757;43.522836
83046_0427_01564;1564;;Chemin de Salernes;83570;83046;Cotignac;;;6.163093;43.523493
83046_0427_02038;2038;;Chemin de Salernes;83570;83046;Cotignac;;;6.168226;43.523614
83046_0065_00014;14;;Cours Gambetta;83570;83046;Cotignac;;;6.149374;43.527214
83046_0065_00024;24;;Cours Gambetta;83570;83046;Cotignac;;;6.149197;43.527596
83046_0065_00027;27;;Cours Gambetta;83570;83046;Cotignac;;;6.149198;43.527557
83046_0065_00043;43;;Cours Gambetta;83570;83046;Cotignac;;;6.149172;43.527933
83046_0144_00015;15;;Rue du Rocher;83570;83046;Cotignac;;;6.149332;43.529951
83046_0196_01484;1484;;Chemin de la Ralaye;83570;83046;Cotignac;;;6.157148;43.52179
83046_0026_00001;1;;Rue de la Cadelle;83570;83046;Cotignac;;;6.151121;43.528359
83046_0026_00004;4;;Rue de la Cadelle;83570;83046;Cotignac;;;6.151249;43.528355
83046_0026_00009;9;;Rue de la Cadelle;83570;83046;Cotignac;;;6.151651;43.529839
83046_0026_00005_bis;5;bis;Rue de la Cadelle;83570;83046;Cotignac;;;6.151264;43.529278
83046_0199_03932;3932;;Chemin du Périgoulier;83570;83046;Cotignac;;;6.149569;43.507639
83046_0199_04317_bis;4317;bis;Chemin du Périgoulier;83570;83046;Cotignac;;;6.14719;43.510951
83046_0014_00005;5;;Rue de l’Arenier;83570;83046;Cotignac;;;6.148834;43.527258
83046_0132_00001;1;;Chemin des Oupaloux;83570;83046;Cotignac;;;6.153725;43.507922
83046_0094_01998;1998;;Chemin Louis XIV;83570;83046;Cotignac;;;6.147554;43.515749
83046_0094_02127;2127;;Chemin Louis XIV;83570;83046;Cotignac;;;6.146406;43.516547
83046_0110_00008;8;;Rue des Maréchaux;83570;83046;Cotignac;;;6.150126;43.52978
83046_0110_00016;16;;Rue des Maréchaux;83570;83046;Cotignac;;;6.150113;43.52936
83046_0110_00023;23;;Rue des Maréchaux;83570;83046;Cotignac;;;6.150159;43.529563
83046_0110_00037;37;;Rue des Maréchaux;83570;83046;Cotignac;;;6.15013;43.529189
83046_0038_01091;1091;;Chemin Notre Dame;83570;83046;Cotignac;;;6.146177;43.524546
83046_0038_01291;1291;;Chemin Notre Dame;83570;83046;Cotignac;;;6.147242;43.522851
83046_0038_01340;1340;;Chemin Notre Dame;83570;83046;Cotignac;;;6.147894;43.521079
83046_0038_01512;1512;;Chemin Notre Dame;83570;83046;Cotignac;;;6.147896;43.521076
83046_0141_00010;10;;Rue du Plan Giraud;83570;83046;Cotignac;;;6.151348;43.529809
83046_0141_00018;18;;Rue du Plan Giraud;83570;83046;Cotignac;;;6.150995;43.530252
83046_0427_01124;1124;;Chemin de Salernes;83570;83046;Cotignac;;;6.158041;43.523334
83046_0427_01344;1344;;Chemin de Salernes;83570;83046;Cotignac;;;6.161035;43.522912
83046_0427_01434;1434;;Chemin de Salernes;83570;83046;Cotignac;;;6.1624;43.522683
83046_0165_02027;2027;;Route de Sillans;83570;83046;Cotignac;;;6.147044;43.531593
83046_0165_04121;4121;;Route de Sillans;83570;83046;Cotignac;;;6.15824;43.543348
83046_0017_04951;4951;;Chemin de la Colle d’Auban;83570;83046;Cotignac;;;6.150993;43.497776
83046_0005_01037;1037;;Impasse de l’Aire des Fourches;83570;83046;Cotignac;;;6.153569;43.527174
83046_0021_01005;1005;;Traverse de la Colle;83570;83046;Cotignac;;;6.151218;43.521893
83046_0170_00005_bis;5;bis;Rue de la Victoire;83570;83046;Cotignac;;;6.149756;43.527681
83046_0260_03991;3991;;Chemin du Clos du Ruou;83570;83046;Cotignac;;;6.157214;43.500546
83046_0006_00426;426;;Traverse de l’Aire des Fourches;83570;83046;Cotignac;;;6.152784;43.526167
83046_0006_00598;598;;Traverse de l’Aire des Fourches;83570;83046;Cotignac;;;6.153271;43.526002
83046_0006_00650;650;;Traverse de l’Aire des Fourches;83570;83046;Cotignac;;;6.153533;43.525693
83046_0006_00656;656;;Traverse de l’Aire des Fourches;83570;83046;Cotignac;;;6.153462;43.525613
83046_0006_00940;940;;Traverse de l’Aire des Fourches;83570;83046;Cotignac;;;6.153382;43.526045
83046_0143_00006;6;;Rue de la Puade;83570;83046;Cotignac;;;6.150325;43.530682
83046_0032_03229;3229;;Chemin de la Colle;83570;83046;Cotignac;;;6.153972;43.510116
83046_0032_03687;3687;;Chemin de la Colle;83570;83046;Cotignac;;;6.153142;43.514089
83046_0032_04016;4016;;Chemin de la Colle;83570;83046;Cotignac;;;6.152871;43.517156
83046_0032_04018;4018;;Chemin de la Colle;83570;83046;Cotignac;;;6.152923;43.517231
83046_0032_04098;4098;;Chemin de la Colle;83570;83046;Cotignac;;;6.153797;43.517481
83046_0032_04156;4156;;Chemin de la Colle;83570;83046;Cotignac;;;6.153344;43.517916
83046_0246_00827;827;;Route de Carces;83570;83046;Cotignac;;;6.151604;43.522593
83046_0246_01063;1063;;Route de Carces;83570;83046;Cotignac;;;6.153559;43.521535
83046_0246_01121;1121;;Route de Carces;83570;83046;Cotignac;;;6.153859;43.52068
83046_0246_01895;1895;;Route de Carces;83570;83046;Cotignac;;;6.160943;43.516274
83046_0246_01994;1994;;Route de Carces;83570;83046;Cotignac;;;6.15623;43.518
83046_0246_02366;2366;;Route de Carces;83570;83046;Cotignac;;;6.160742;43.512357
83046_0246_02518;2518;;Route de Carces;83570;83046;Cotignac;;;6.159895;43.511201
83046_0246_02845;2845;;Route de Carces;83570;83046;Cotignac;;;6.159995;43.508222
83046_0246_03155;3155;;Route de Carces;83570;83046;Cotignac;;;6.160348;43.505468
83046_0246_03751;3751;;Route de Carces;83570;83046;Cotignac;;;6.161784;43.500355
83046_0038_00003;3;;Chemin Notre Dame;83570;83046;Cotignac;;;6.14822;43.520584
83046_0038_01303;1303;;Chemin Notre Dame;83570;83046;Cotignac;;;6.147469;43.522394
83046_0038_01621;1621;;Chemin Notre Dame;83570;83046;Cotignac;;;6.148115;43.520537
83046_0141_00012;12;;Rue du Plan Giraud;83570;83046;Cotignac;;;6.151343;43.529829
83046_0141_00010_bis;10;bis;Rue du Plan Giraud;83570;83046;Cotignac;;;6.151346;43.529819
83046_0427_01155;1155;;Chemin de Salernes;83570;83046;Cotignac;;;6.158626;43.52317
83046_0427_01270;1270;;Chemin de Salernes;83570;83046;Cotignac;;;6.159907;43.522722
83046_0427_03264;3264;;Chemin de Salernes;83570;83046;Cotignac;;;6.180819;43.528947
83046_0427_04101;4101;;Chemin de Salernes;83570;83046;Cotignac;;;6.186258;43.534765
83046_0142_00020;20;;Rue Pra de Pé;83570;83046;Cotignac;;;6.148688;43.528701
83046_0142_00033;33;;Rue Pra de Pé;83570;83046;Cotignac;;;6.146901;43.527978
83046_0065_00010;10;;Cours Gambetta;83570;83046;Cotignac;;;6.149315;43.527007
83046_0065_00003_bis;3;bis;Cours Gambetta;83570;83046;Cotignac;;;6.14936;43.526827
83046_0131_04107;4107;;Impasse des Oliviers;83570;83046;Cotignac;;;6.152165;43.503265
83046_0144_00007;7;;Rue du Rocher;83570;83046;Cotignac;;;6.148825;43.529756
83046_0069_00001;1;;Rue Clemenceau;83570;83046;Cotignac;;;6.150221;43.527659
83046_0069_00006;6;;Rue Clemenceau;83570;83046;Cotignac;;;6.150221;43.527659
83046_0198_00021;21;;Rue Saint Sebastien;83570;83046;Cotignac;;;6.15123;43.527976
83046_0199_04127;4127;;Chemin du Périgoulier;83570;83046;Cotignac;;;6.149071;43.509362
83046_0133_02746;2746;;Chemin de Bonne Pale;83570;83046;Cotignac;;;6.141602;43.518913
83046_0083_03370;3370;;Chemin de la Lauve;83570;83046;Cotignac;;;6.13983;43.537012
83046_0083_03680;3680;;Chemin de la Lauve;83570;83046;Cotignac;;;6.142224;43.536086
83046_0132_03320;3320;;Chemin des Oupaloux;83570;83046;Cotignac;;;6.153786;43.50788
83046_0132_04112;4112;;Chemin des Oupaloux;83570;83046;Cotignac;;;6.15524;43.506717
83046_0025_00004;4;;Rue Bonaventure;83570;83046;Cotignac;;;6.150201;43.527153
83046_0110_00029;29;;Rue des Maréchaux;83570;83046;Cotignac;;;6.150222;43.529401
83046_0295_00006;6;;Chemin des Ecoles;83570;83046;Cotignac;;;6.152455;43.529159
83046_0295_00001_bis;1;bis;Chemin des Ecoles;83570;83046;Cotignac;;;6.151566;43.52777
83046_0038_00776;776;;Chemin Notre Dame;83570;83046;Cotignac;;;6.147952;43.524758
83046_0038_01925;1925;;Chemin Notre Dame;83570;83046;Cotignac;;;6.145783;43.520281
83046_0141_00021;21;;Rue du Plan Giraud;83570;83046;Cotignac;;;6.150544;43.530048
83046_0141_00034;34;;Rue du Plan Giraud;83570;83046;Cotignac;;;6.150153;43.529984
83046_0427_01625;1625;;Chemin de Salernes;83570;83046;Cotignac;;;6.163286;43.523653
83046_0427_02034;2034;;Chemin de Salernes;83570;83046;Cotignac;;;6.167386;43.522956
83046_0165_01524;1524;;Route de Sillans;83570;83046;Cotignac;;;6.151297;43.531482
83046_0165_02454;2454;;Route de Sillans;83570;83046;Cotignac;;;6.1459;43.534723
83046_0017_04810;4810;;Chemin de la Colle d’Auban;83570;83046;Cotignac;;;6.149214;43.498172
83046_0100_00010;10;;Place de la Mairie;83570;83046;Cotignac;;;6.148989;43.528981
83046_0160_00020;20;;Rue Saint-joseph;83570;83046;Cotignac;;;6.149535;43.52681
83046_0260_04288;4288;;Chemin du Clos du Ruou;83570;83046;Cotignac;;;6.156936;43.497904
83046_0136_00014;14;;Rue Pas Perdu;83570;83046;Cotignac;;;6.148861;43.528534
83046_0143_00014;14;;Rue de la Puade;83570;83046;Cotignac;;;6.150357;43.531483
83046_0143_00010_bis;10;bis;Rue de la Puade;83570;83046;Cotignac;;;6.150357;43.531483
83046_0032_01180;1180;;Chemin de la Colle;83570;83046;Cotignac;;;6.15048;43.523134
83046_0032_01784;1784;;Chemin de la Colle;83570;83046;Cotignac;;;6.152555;43.516131
83046_0032_03283;3283;;Chemin de la Colle;83570;83046;Cotignac;;;6.153714;43.510661
83046_0032_03329;3329;;Chemin de la Colle;83570;83046;Cotignac;;;6.153735;43.510553
83046_0032_03395;3395;;Chemin de la Colle;83570;83046;Cotignac;;;6.153528;43.511622
83046_0032_03397;3397;;Chemin de la Colle;83570;83046;Cotignac;;;6.153524;43.511639
83046_0032_03485;3485;;Chemin de la Colle;83570;83046;Cotignac;;;6.153508;43.512406
83046_0032_03801;3801;;Chemin de la Colle;83570;83046;Cotignac;;;6.153114;43.515002
83046_0032_03912;3912;;Chemin de la Colle;83570;83046;Cotignac;;;6.152719;43.515924
83046_0032_04037;4037;;Chemin de la Colle;83570;83046;Cotignac;;;6.152548;43.5165
83046_0032_01294_f;1294;f;Chemin de la Colle;83570;83046;Cotignac;;;6.153308;43.518055
83046_0246_00621;621;;Route de Carces;83570;83046;Cotignac;;;6.150133;43.524139
83046_0246_00829;829;;Route de Carces;83570;83046;Cotignac;;;6.151622;43.523339
83046_0246_01501;1501;;Route de Carces;83570;83046;Cotignac;;;6.157483;43.518558
83046_0246_01980;1980;;Route de Carces;83570;83046;Cotignac;;;6.160404;43.515897
83046_0246_02235;2235;;Route de Carces;83570;83046;Cotignac;;;6.161462;43.513413
83046_0246_02756;2756;;Route de Carces;83570;83046;Cotignac;;;6.15988;43.509065
83046_0246_03160;3160;;Route de Carces;83570;83046;Cotignac;;;6.160212;43.505493
83046_0246_03161;3161;;Route de Carces;83570;83046;Cotignac;;;6.160345;43.505471
83046_0246_03783;3783;;Route de Carces;83570;83046;Cotignac;;;6.161756;43.500073
83046_0038_00001;1;;Chemin Notre Dame;83570;83046;Cotignac;;;6.147845;43.521534
83046_0038_01045;1045;;Chemin Notre Dame;83570;83046;Cotignac;;;6.14606;43.524926
83046_0141_00003;3;;Rue du Plan Giraud;83570;83046;Cotignac;;;6.151217;43.529889
83046_0141_00008;8;;Rue du Plan Giraud;83570;83046;Cotignac;;;6.151346;43.529751
83046_0141_00019;19;;Rue du Plan Giraud;83570;83046;Cotignac;;;6.150566;43.530085
83046_0141_00018_bis;18;bis;Rue du Plan Giraud;83570;83046;Cotignac;;;6.150606;43.530255
83046_0427_00990;990;;Chemin de Salernes;83570;83046;Cotignac;;;6.156855;43.523578
83046_0427_01096;1096;;Chemin de Salernes;83570;83046;Cotignac;;;6.157838;43.52339
83046_0427_01276;1276;;Chemin de Salernes;83570;83046;Cotignac;;;6.159958;43.522711
83046_0427_01420;1420;;Chemin de Salernes;83570;83046;Cotignac;;;6.161749;43.522986
83046_0427_01754;1754;;Chemin de Salernes;83570;83046;Cotignac;;;6.165134;43.522968
83046_0427_03964;3964;;Chemin de Salernes;83570;83046;Cotignac;;;6.185214;43.533837
83046_0142_00004;4;;Rue Pra de Pé;83570;83046;Cotignac;;;6.148662;43.52896
83046_0142_00012;12;;Rue Pra de Pé;83570;83046;Cotignac;;;6.148685;43.52874
83046_0142_00025;25;;Rue Pra de Pé;83570;83046;Cotignac;;;6.147956;43.528469
83046_0065_00018;18;;Cours Gambetta;83570;83046;Cotignac;;;6.149541;43.527514
83046_0196_01281;1281;;Chemin de la Ralaye;83570;83046;Cotignac;;;6.158124;43.521945
83046_0196_01375;1375;;Chemin de la Ralaye;83570;83046;Cotignac;;;6.159386;43.521478
83046_0198_00004;4;;Rue Saint Sebastien;83570;83046;Cotignac;;;6.150596;43.528391
83046_0198_00007;7;;Rue Saint Sebastien;83570;83046;Cotignac;;;6.151076;43.528318
83046_0199_04033;4033;;Chemin du Périgoulier;83570;83046;Cotignac;;;6.149222;43.508507
83046_0199_04317;4317;;Chemin du Périgoulier;83570;83046;Cotignac;;;6.148924;43.511156
83046_0199_04498;4498;;Chemin du Périgoulier;83570;83046;Cotignac;;;6.149248;43.512805
83046_0199_04631;4631;;Chemin du Périgoulier;83570;83046;Cotignac;;;6.148218;43.513607
83046_0094_02822;2822;;Chemin Louis XIV;83570;83046;Cotignac;;;6.14577;43.517822
83046_0025_00001_bis;1;bis;Rue Bonaventure;83570;83046;Cotignac;;;6.15017;43.52723
83046_0110_00003;3;;Rue des Maréchaux;83570;83046;Cotignac;;;6.150513;43.529998
83046_0110_00019;19;;Rue des Maréchaux;83570;83046;Cotignac;;;6.150168;43.529645
83046_0105_00003;3;;Rue du Marais;83570;83046;Cotignac;;;6.14974;43.528539
83046_0105_00022;22;;Rue du Marais;83570;83046;Cotignac;;;6.149635;43.528509
83046_0105_00027;27;;Rue du Marais;83570;83046;Cotignac;;;6.149794;43.528548
83046_0105_00031;31;;Rue du Marais;83570;83046;Cotignac;;;6.149867;43.528382
83046_0090_00009;9;;Rue Léon Gérard;83570;83046;Cotignac;;;6.149315;43.528128
83046_0038_00762;762;;Chemin Notre Dame;83570;83046;Cotignac;;;6.147564;43.525055
83046_0038_00898;898;;Chemin Notre Dame;83570;83046;Cotignac;;;6.146716;43.525366
83046_0038_01605;1605;;Chemin Notre Dame;83570;83046;Cotignac;;;6.148115;43.520537
83046_0038_01640;1640;;Chemin Notre Dame;83570;83046;Cotignac;;;6.147824;43.519779
83046_0038_01875;1875;;Chemin Notre Dame;83570;83046;Cotignac;;;6.145858;43.519754
83046_0141_00013;13;;Rue du Plan Giraud;83570;83046;Cotignac;;;6.150851;43.530246
83046_0141_00029;29;;Rue du Plan Giraud;83570;83046;Cotignac;;;6.149924;43.529915
83046_0427_01349;1349;;Chemin de Salernes;83570;83046;Cotignac;;;6.160732;43.522915
83046_0427_01426;1426;;Chemin de Salernes;83570;83046;Cotignac;;;6.162393;43.523115
83046_0090_00012;12;;Rue Léon Gérard;83570;83046;Cotignac;;;6.149386;43.528059
83046_0165_00964;964;;Route de Sillans;83570;83046;Cotignac;;;6.154031;43.528099
83046_0017_04595;4595;;Chemin de la Colle d’Auban;83570;83046;Cotignac;;;6.147882;43.499487
83046_0055_03733;3733;;Chemin Eissalettes Orientales;83570;83046;Cotignac;;;6.18236;43.513216
83046_0100_00002;2;;Place de la Mairie;83570;83046;Cotignac;;;6.148831;43.529008
83046_0100_00007;7;;Place de la Mairie;83570;83046;Cotignac;;;6.148893;43.529078
83046_0021_01153;1153;;Traverse de la Colle;83570;83046;Cotignac;;;6.151218;43.521893
83046_0160_00005;5;;Rue Saint-joseph;83570;83046;Cotignac;;;6.15;43.526959
83046_0260_04125;4125;;Chemin du Clos du Ruou;83570;83046;Cotignac;;;6.157105;43.49938
83046_0143_00001;1;;Rue de la Puade;83570;83046;Cotignac;;;6.149988;43.530302
83046_0143_00004;4;;Rue de la Puade;83570;83046;Cotignac;;;6.150113;43.530312
83046_0143_00012;12;;Rue de la Puade;83570;83046;Cotignac;;;6.150354;43.531201
83046_0032_01120;1120;;Chemin de la Colle;83570;83046;Cotignac;;;6.150535;43.522424
83046_0032_01294;1294;;Chemin de la Colle;83570;83046;Cotignac;;;6.152223;43.519219
83046_0032_01489;1489;;Chemin de la Colle;83570;83046;Cotignac;;;6.153306;43.518056
83046_0032_03205;3205;;Chemin de la Colle;83570;83046;Cotignac;;;6.154143;43.509907
83046_0032_03294;3294;;Chemin de la Colle;83570;83046;Cotignac;;;6.15385;43.510538
83046_0032_03330;3330;;Chemin de la Colle;83570;83046;Cotignac;;;6.15376;43.510994
83046_0032_03495;3495;;Chemin de la Colle;83570;83046;Cotignac;;;6.153519;43.512489
83046_0032_03561;3561;;Chemin de la Colle;83570;83046;Cotignac;;;6.153325;43.513321
83046_0032_03828;3828;;Chemin de la Colle;83570;83046;Cotignac;;;6.153135;43.515133
83046_0032_04035;4035;;Chemin de la Colle;83570;83046;Cotignac;;;6.152548;43.516499
83046_0246_00535;535;;Route de Carces;83570;83046;Cotignac;;;6.159679;43.508504
83046_0246_01031;1031;;Route de Carces;83570;83046;Cotignac;;;6.153331;43.5214
83046_0246_01894;1894;;Route de Carces;83570;83046;Cotignac;;;6.160855;43.516363
83046_0246_02232;2232;;Route de Carces;83570;83046;Cotignac;;;6.161369;43.513458
83046_0246_02746;2746;;Route de Carces;83570;83046;Cotignac;;;6.15986;43.509152
83046_0246_02763;2763;;Route de Carces;83570;83046;Cotignac;;;6.158351;43.509299
83046_0246_02768;2768;;Route de Carces;83570;83046;Cotignac;;;6.159897;43.508961
83046_0246_02843;2843;;Route de Carces;83570;83046;Cotignac;;;6.159997;43.508239
83046_0246_02934;2934;;Route de Carces;83570;83046;Cotignac;;;6.159829;43.507478
83046_0246_02949;2949;;Route de Carces;83570;83046;Cotignac;;;6.159923;43.507266
83046_0246_03144;3144;;Route de Carces;83570;83046;Cotignac;;;6.160148;43.505603
83046_0246_03355;3355;;Route de Carces;83570;83046;Cotignac;;;6.160733;43.503785
83046_0246_03361;3361;;Route de Carces;83570;83046;Cotignac;;;6.160706;43.503736
83046_0246_03685;3685;;Route de Carces;83570;83046;Cotignac;;;6.161486;43.501878
83046_0038_00774;774;;Chemin Notre Dame;83570;83046;Cotignac;;;6.14735;43.525209
83046_0038_01251;1251;;Chemin Notre Dame;83570;83046;Cotignac;;;6.147083;43.523106
83046_0141_00016;16;;Rue du Plan Giraud;83570;83046;Cotignac;;;6.151178;43.530113
83046_0141_00024;24;;Rue du Plan Giraud;83570;83046;Cotignac;;;6.150478;43.530129
83046_0141_00027;27;;Rue du Plan Giraud;83570;83046;Cotignac;;;6.150194;43.52991
83046_0141_00032;32;;Rue du Plan Giraud;83570;83046;Cotignac;;;6.150237;43.530019
83046_0427_01690;1690;;Chemin de Salernes;83570;83046;Cotignac;;;6.164409;43.523386
83046_0142_00007;7;;Rue Pra de Pé;83570;83046;Cotignac;;;6.148792;43.528769
83046_0142_00015;15;;Rue Pra de Pé;83570;83046;Cotignac;;;6.148634;43.528612
83046_0065_00001;1;;Cours Gambetta;83570;83046;Cotignac;;;6.14936;43.526827
83046_0065_00004;4;;Cours Gambetta;83570;83046;Cotignac;;;6.149517;43.526681
83046_0065_00037;37;;Cours Gambetta;83570;83046;Cotignac;;;6.149195;43.527747
83046_0144_00003;3;;Rue du Rocher;83570;83046;Cotignac;;;6.148493;43.52963
83046_0198_00012;12;;Rue Saint Sebastien;83570;83046;Cotignac;;;6.150909;43.528314
83046_0198_00018;18;;Rue Saint Sebastien;83570;83046;Cotignac;;;6.151307;43.52805
83046_0199_03787;3787;;Chemin du Périgoulier;83570;83046;Cotignac;;;6.148684;43.506422
83046_0199_04429;4429;;Chemin du Périgoulier;83570;83046;Cotignac;;;6.148803;43.512078
83046_0133_02412;2412;;Chemin de Bonne Pale;83570;83046;Cotignac;;;6.144608;43.518752
83046_0014_00011;11;;Rue de l’Arenier;83570;83046;Cotignac;;;6.14859;43.527321
83046_0280_03067;3067;;Chemin du Defens;83570;83046;Cotignac;;;6.174488;43.531729
83046_0132_03444;3444;;Chemin des Oupaloux;83570;83046;Cotignac;;;6.154751;43.507121
83046_0094_02287;2287;;Chemin Louis XIV;83570;83046;Cotignac;;;6.145328;43.517694
83046_0110_00011;11;;Rue des Maréchaux;83570;83046;Cotignac;;;6.150298;43.529823
83046_0295_00003;3;;Chemin des Ecoles;83570;83046;Cotignac;;;6.152419;43.529074
83046_0295_00012;12;;Chemin des Ecoles;83570;83046;Cotignac;;;6.151988;43.530187
83046_0295_00651;651;;Chemin des Ecoles;83570;83046;Cotignac;;;6.152559;43.529383
83046_0090_00004;4;;Rue Léon Gérard;83570;83046;Cotignac;;;6.149311;43.528045
83046_0038_02600;2600;;Chemin Notre Dame;83570;83046;Cotignac;;;6.141316;43.524157
83046_0141_00006;6;;Rue du Plan Giraud;83570;83046;Cotignac;;;6.151348;43.529716
83046_0141_00026;26;;Rue du Plan Giraud;83570;83046;Cotignac;;;6.150467;43.530116
83046_0141_00016_ter;16;ter;Rue du Plan Giraud;83570;83046;Cotignac;;;6.151056;43.530206
83046_0141_00020_bis;20;bis;Rue du Plan Giraud;83570;83046;Cotignac;;;6.150665;43.530292
83046_0427_01058;1058;;Chemin de Salernes;83570;83046;Cotignac;;;6.157336;43.523545
83046_0427_01240;1240;;Chemin de Salernes;83570;83046;Cotignac;;;6.159396;43.522842
83046_0427_01272;1272;;Chemin de Salernes;83570;83046;Cotignac;;;6.159924;43.522718
83046_0427_01692;1692;;Chemin de Salernes;83570;83046;Cotignac;;;6.164421;43.523374
83046_0090_00027;27;;Rue Léon Gérard;83570;83046;Cotignac;;;6.149216;43.52815
83046_0090_00027_j;27;j;Rue Léon Gérard;83570;83046;Cotignac;;;6.149245;43.528116
83046_0165_01314;1314;;Route de Sillans;83570;83046;Cotignac;;;6.153615;43.530536
83046_0165_01342;1342;;Route de Sillans;83570;83046;Cotignac;;;6.154031;43.528099
83046_0165_02034;2034;;Route de Sillans;83570;83046;Cotignac;;;6.147008;43.531609
83046_0165_02081;2081;;Route de Sillans;83570;83046;Cotignac;;;6.146489;43.531741
83046_0165_04485;4485;;Route de Sillans;83570;83046;Cotignac;;;6.159777;43.545053
83046_0005_00940;940;;Impasse de l’Aire des Fourches;83570;83046;Cotignac;;;6.154386;43.526938
83046_0170_00004;4;;Rue de la Victoire;83570;83046;Cotignac;;;6.149909;43.527615
83046_0160_00012;12;;Rue Saint-joseph;83570;83046;Cotignac;;;6.149995;43.526879
83046_0260_03430;3430;;Chemin du Clos du Ruou;83570;83046;Cotignac;;;6.159649;43.504001
83046_0427_03870;3870;;Chemin de Salernes;83570;83046;Cotignac;;;6.168177;43.532072
83046_0142_00002;2;;Rue Pra de Pé;83570;83046;Cotignac;;;6.148656;43.529015
83046_0142_00018;18;;Rue Pra de Pé;83570;83046;Cotignac;;;6.148688;43.528701
83046_0142_00031;31;;Rue Pra de Pé;83570;83046;Cotignac;;;6.147127;43.528131
83046_0065_00006;6;;Cours Gambetta;83570;83046;Cotignac;;;6.149493;43.526761
83046_0065_00019;19;;Cours Gambetta;83570;83046;Cotignac;;;6.149279;43.527152
83046_0065_00045;45;;Cours Gambetta;83570;83046;Cotignac;;;6.149125;43.528029
83046_0131_04057;4057;;Impasse des Oliviers;83570;83046;Cotignac;;;6.152165;43.503265
83046_0260_04776;4776;;Chemin du Clos du Ruou;83570;83046;Cotignac;;;6.155907;43.494449
83046_0247_04081;4081;;Chemin de Caseneuve;83570;83046;Cotignac;;;6.143036;43.546416
83046_0040_00001;1;;Rue des 2 Places;83570;83046;Cotignac;;;6.149388;43.529048
83046_0040_00006;6;;Rue des 2 Places;83570;83046;Cotignac;;;6.149464;43.528978
83046_0126_04651;4651;;Chemin de Nestuby;83570;83046;Cotignac;;;6.142317;43.503677
83046_0008_00003;3;;Rue d'Antoine;83570;83046;Cotignac;;;6.15048;43.526779
83046_0029_04100;4100;;Impasse de Caillade;83570;83046;Cotignac;;;6.145089;43.506258
83046_0029_04325;4325;;Impasse de Caillade;83570;83046;Cotignac;;;6.147551;43.510005
83046_0029_04629;4629;;Impasse de Caillade;83570;83046;Cotignac;;;6.145227;43.508445
83046_0024_00698;698;;Avenue Hubert Blanc;83570;83046;Cotignac;;;6.152815;43.524972
83046_0024_00861;861;;Avenue Hubert Blanc;83570;83046;Cotignac;;;6.154441;43.524166
83046_0068_00002;2;;Place Georges Blanc;83570;83046;Cotignac;;;6.149454;43.529295
83046_0070_00004;4;;Grand Rue;83570;83046;Cotignac;;;6.149037;43.528743
83046_0070_00005_b;5;b;Grand Rue;83570;83046;Cotignac;;;6.149071;43.528252
83046_0264_00012;12;;Chemin Colle de Pierre;83570;83046;Cotignac;;;6.155689;43.52928
83046_0264_00017;17;;Chemin Colle de Pierre;83570;83046;Cotignac;;;6.156248;43.529115
83046_0264_00020;20;;Chemin Colle de Pierre;83570;83046;Cotignac;;;6.156501;43.529004
83046_0058_01530;1530;;Chemin du Fourniguie Nord;83570;83046;Cotignac;;;6.157851;43.517807
83046_0060_00007;7;;Rue Gabriel Philis;83570;83046;Cotignac;;;6.150317;43.528736
83046_0056_02582;2582;;Chemin Eissalettes Occidentales;83570;83046;Cotignac;;;6.171999;43.516311
83046_0056_02979;2979;;Chemin Eissalettes Occidentales;83570;83046;Cotignac;;;6.174819;43.516208
83046_0039_01423;1423;;Chemin du Clos Notre Dame;83570;83046;Cotignac;;;6.14848;43.521606
83046_0039_01635;1635;;Chemin du Clos Notre Dame;83570;83046;Cotignac;;;6.150415;43.520366
83046_0290_02618;2618;;Chemin du Derroc;83570;83046;Cotignac;;;6.141966;43.531864
83046_0290_02879;2879;;Chemin du Derroc;83570;83046;Cotignac;;;6.143097;43.532936
83046_0290_03030;3030;;Chemin du Derroc;83570;83046;Cotignac;;;6.140601;43.529159
83046_0380_04484;4484;;Chemin de Pecounillier;83570;83046;Cotignac;;;6.184779;43.508534
83046_0270_04701;4701;;Chemin de la Condamine;83570;83046;Cotignac;;;6.169548;43.501762
83046_0092_04111;4111;;Chemin Libellule;83570;83046;Cotignac;;;6.148376;43.503123
83046_0142_00010;10;;Rue Pra de Pé;83570;83046;Cotignac;;;6.148679;43.528797
83046_0038_01276;1276;;Chemin Notre Dame;83570;83046;Cotignac;;;6.146179;43.524538
83046_0038_01639;1639;;Chemin Notre Dame;83570;83046;Cotignac;;;6.148115;43.520537
83046_0141_00002;2;;Rue du Plan Giraud;83570;83046;Cotignac;;;6.151458;43.529636
83046_0141_00009;9;;Rue du Plan Giraud;83570;83046;Cotignac;;;6.151136;43.530029
83046_0141_00022;22;;Rue du Plan Giraud;83570;83046;Cotignac;;;6.150606;43.530255
83046_0427_01242;1242;;Chemin de Salernes;83570;83046;Cotignac;;;6.159488;43.522818
83046_0427_01278;1278;;Chemin de Salernes;83570;83046;Cotignac;;;6.159975;43.522706
83046_0427_01565;1565;;Chemin de Salernes;83570;83046;Cotignac;;;6.163018;43.523553
83046_0427_04118;4118;;Chemin de Salernes;83570;83046;Cotignac;;;6.186416;43.53479
83046_0142_00003;3;;Rue Pra de Pé;83570;83046;Cotignac;;;6.148785;43.52882
83046_0142_00016;16;;Rue Pra de Pé;83570;83046;Cotignac;;;6.148199;43.528587
83046_0142_00027;27;;Rue Pra de Pé;83570;83046;Cotignac;;;6.1476;43.528423
83046_0065_00005;5;;Cours Gambetta;83570;83046;Cotignac;;;6.149419;43.526627
83046_0065_00031;31;;Cours Gambetta;83570;83046;Cotignac;;;6.149195;43.52759
83046_0065_00035_bis;35;bis;Cours Gambetta;83570;83046;Cotignac;;;6.149195;43.527747
83046_0150_00001;1;;Rue Saint-jean;83570;83046;Cotignac;;;6.150901;43.526625
83046_0150_00010;10;;Rue Saint-jean;83570;83046;Cotignac;;;6.151023;43.526564
83046_0150_00016;16;;Rue Saint-jean;83570;83046;Cotignac;;;6.149891;43.52637
83046_0093_00015;15;;Place de la Liberte;83570;83046;Cotignac;;;6.149755;43.528964
83046_0066_03745;3745;;Chemin de Gassiere;83570;83046;Cotignac;;;6.17268;43.507273
83046_0166_04733;4733;;Chemin de Basse Terrisse;83570;83046;Cotignac;;;6.193383;43.512501
83046_0253_03275;3275;;Impasse des Chenes;83570;83046;Cotignac;;;6.156061;43.508445
83046_0253_03390;3390;;Impasse des Chenes;83570;83046;Cotignac;;;6.157072;43.507669
83046_0464_03211;3211;;Chemin de la Font de Tuf;83570;83046;Cotignac;;;6.176968;43.532
83046_b009_00018;18;;la Basse Combe;83570;83046;Cotignac;;;6.153564;43.529333
83046_0028_01274;1274;;Ancien Chemin de Salernes;83570;83046;Cotignac;;;6.159903;43.522485
83046_0028_01344;1344;;Ancien Chemin de Salernes;83570;83046;Cotignac;;;6.161345;43.522365
83046_0050_00001;1;;Rue des Ecoles;83570;83046;Cotignac;;;6.151796;43.528145
83046_0111_00010;10;;Place Xavier Marin;83570;83046;Cotignac;;;6.149674;43.528924
83046_0111_00033;33;;Place Xavier Marin;83570;83046;Cotignac;;;6.150222;43.529263
83046_0142_00013;13;;Rue Pra de Pé;83570;83046;Cotignac;;;6.148667;43.528616
83046_0065_00003;3;;Cours Gambetta;83570;83046;Cotignac;;;6.14936;43.526827
83046_0065_00013;13;;Cours Gambetta;83570;83046;Cotignac;;;6.149314;43.527015
83046_0027_00015;15;;Rue de Caux;83570;83046;Cotignac;;;6.149318;43.528817
83046_0300_01707;1707;;Impasse des Fabres;83570;83046;Cotignac;;;6.163199;43.52064
83046_0135_00802;802;;Chemin Paradis;83570;83046;Cotignac;;;6.155475;43.524827
83046_0135_00920;920;;Chemin Paradis;83570;83046;Cotignac;;;6.156044;43.524932
83046_0167_00762;762;;Impasse des Verdares;83570;83046;Cotignac;;;6.147695;43.523923
83046_0040_00018;18;;Rue des 2 Places;83570;83046;Cotignac;;;6.149909;43.529054
83046_0008_00009;9;;Rue d'Antoine;83570;83046;Cotignac;;;6.149959;43.526689
83046_0235_02600;2600;;Impasse de Blen;83570;83046;Cotignac;;;6.169576;43.519123
83046_0070_00026;26;;Grand Rue;83570;83046;Cotignac;;;6.148972;43.528215
83046_0058_01658;1658;;Chemin du Fourniguie Nord;83570;83046;Cotignac;;;6.157809;43.517364
83046_0060_00003;3;;Rue Gabriel Philis;83570;83046;Cotignac;;;6.150191;43.528854
83046_0060_00016;16;;Rue Gabriel Philis;83570;83046;Cotignac;;;6.150337;43.528565
83046_0290_02945;2945;;Chemin du Derroc;83570;83046;Cotignac;;;6.141447;43.529443
83046_0290_03084;3084;;Chemin du Derroc;83570;83046;Cotignac;;;6.140613;43.529161
83046_0265_04249;4249;;Chemin du Collet de Choucou;83570;83046;Cotignac;;;6.185004;43.513324
83046_0270_00843;843;;Chemin de la Condamine;83570;83046;Cotignac;;;6.170293;43.500536
83046_0270_04117;4117;;Chemin de la Condamine;83570;83046;Cotignac;;;6.16815;43.506835
83046_0270_04399;4399;;Chemin de la Condamine;83570;83046;Cotignac;;;6.169329;43.504414
83046_b063_03874;3874;;Condamine Longue;83570;83046;Cotignac;;;6.150616;43.544758
83046_0120_00004;4;;Rue des Nais;83570;83046;Cotignac;;;6.150166;43.527967
83046_0098_02887;2887;;Chemin de Bellevue;83570;83046;Cotignac;;;6.165048;43.511278
83046_b043_00001;1;;Clos de Roucas;83570;83046;Cotignac;;;6.149933;43.50432
83046_b096_00001;1;;Loup à Loup;83570;83046;Cotignac;;;6.157205;43.51108
83046_b096_03480;3480;;Loup à Loup;83570;83046;Cotignac;;;6.15153;43.510416
83046_b106_01347;1347;;Notre Dame;83570;83046;Cotignac;;;6.149207;43.522005
83046_b123_00003;3;;Pra de Pé;83570;83046;Cotignac;;;6.148815;43.528818
83046_b149_00002;2;;Ville Haute;83570;83046;Cotignac;;;6.150032;43.530025
83046_0007_03903;3903;;Chemin du Camp d'Andriou;83570;83046;Cotignac;;;6.178507;43.50794
83046_0138_00008;8;;Rue Pierrevel;83570;83046;Cotignac;;;6.148827;43.528395
83046_0144_00006;6;;Rue du Rocher;83570;83046;Cotignac;;;6.149364;43.529884
83046_0196_01279;1279;;Chemin de la Ralaye;83570;83046;Cotignac;;;6.158756;43.521699
83046_0196_01285;1285;;Chemin de la Ralaye;83570;83046;Cotignac;;;6.158098;43.521922
83046_0196_01739;1739;;Chemin de la Ralaye;83570;83046;Cotignac;;;6.161251;43.519025
83046_0069_00004;4;;Rue Clemenceau;83570;83046;Cotignac;;;6.15076;43.52702
83046_0198_00009;9;;Rue Saint Sebastien;83570;83046;Cotignac;;;6.151158;43.528261
83046_0198_00001_f;1;f;Rue Saint Sebastien;83570;83046;Cotignac;;;6.151076;43.528318
83046_0026_00002;2;;Rue de la Cadelle;83570;83046;Cotignac;;;6.15147;43.529548
83046_0026_00010;10;;Rue de la Cadelle;83570;83046;Cotignac;;;6.15147;43.529548
83046_0199_04180;4180;;Chemin du Périgoulier;83570;83046;Cotignac;;;6.14914;43.509854
83046_0199_04580;4580;;Chemin du Périgoulier;83570;83046;Cotignac;;;6.14838;43.513459
83046_0199_04642;4642;;Chemin du Périgoulier;83570;83046;Cotignac;;;6.148259;43.51388
83046_0014_00002;2;;Rue de l’Arenier;83570;83046;Cotignac;;;6.149067;43.527565
83046_0280_03429;3429;;Chemin du Defens;83570;83046;Cotignac;;;6.174488;43.531729
83046_0427_02040;2040;;Chemin de Salernes;83570;83046;Cotignac;;;6.168243;43.523621
83046_0427_04001;4001;;Chemin de Salernes;83570;83046;Cotignac;;;6.184662;43.533595
83046_0142_00005;5;;Rue Pra de Pé;83570;83046;Cotignac;;;6.14879;43.528788
83046_0142_00021;21;;Rue Pra de Pé;83570;83046;Cotignac;;;6.148504;43.528583
83046_0065_00035;35;;Cours Gambetta;83570;83046;Cotignac;;;6.149191;43.527601
83046_0144_00004;4;;Rue du Rocher;83570;83046;Cotignac;;;6.148838;43.529671
83046_0260_04464;4464;;Chemin du Clos du Ruou;83570;83046;Cotignac;;;6.15696;43.496295
83046_0260_04702;4702;;Chemin du Clos du Ruou;83570;83046;Cotignac;;;6.156109;43.494627
83046_0027_00005;5;;Rue de Caux;83570;83046;Cotignac;;;6.149202;43.528368
83046_0027_00010;10;;Rue de Caux;83570;83046;Cotignac;;;6.149327;43.528278
83046_0300_01701;1701;;Impasse des Fabres;83570;83046;Cotignac;;;6.163133;43.520241
83046_0247_04620;4620;;Chemin de Caseneuve;83570;83046;Cotignac;;;6.140162;43.550575
83046_0008_00011_bis;11;bis;Rue d'Antoine;83570;83046;Cotignac;;;6.149589;43.526625
83046_0024_00501;501;;Avenue Hubert Blanc;83570;83046;Cotignac;;;6.15185;43.526406
83046_0024_00634;634;;Avenue Hubert Blanc;83570;83046;Cotignac;;;6.152331;43.5254
83046_0068_00006;6;;Place Georges Blanc;83570;83046;Cotignac;;;6.149463;43.52934
83046_0080_00001;1;;Place Joseph Sigaud;83570;83046;Cotignac;;;6.150448;43.526869
83046_0070_00001;1;;Grand Rue;83570;83046;Cotignac;;;6.149185;43.528916
83046_0264_01298;1298;;Chemin Colle de Pierre;83570;83046;Cotignac;;;6.160846;43.533571
83046_0264_01518;1518;;Chemin Colle de Pierre;83570;83046;Cotignac;;;6.154753;43.531041
83046_0264_01724;1724;;Chemin Colle de Pierre;83570;83046;Cotignac;;;6.159321;43.535655
83046_0058_01664;1664;;Chemin du Fourniguie Nord;83570;83046;Cotignac;;;6.15783;43.517295
83046_0056_02784;2784;;Chemin Eissalettes Occidentales;83570;83046;Cotignac;;;6.17261;43.516015
83046_0039_01542;1542;;Chemin du Clos Notre Dame;83570;83046;Cotignac;;;6.149327;43.520699
83046_0039_01785;1785;;Chemin du Clos Notre Dame;83570;83046;Cotignac;;;6.14924;43.523176
83046_0139_04405;4405;;Chemin de Pont Frac;83570;83046;Cotignac;;;6.132397;43.499951
83046_0290_02445;2445;;Chemin du Derroc;83570;83046;Cotignac;;;6.143138;43.532995
83046_0290_02680;2680;;Chemin du Derroc;83570;83046;Cotignac;;;6.141351;43.531258
83046_0380_04690;4690;;Chemin de Pecounillier;83570;83046;Cotignac;;;6.183827;43.506826
83046_0098_02893;2893;;Chemin de Bellevue;83570;83046;Cotignac;;;6.165626;43.511315
83046_0098_03349;3349;;Chemin de Bellevue;83570;83046;Cotignac;;;6.167064;43.512781
83046_0098_03449;3449;;Chemin de Bellevue;83570;83046;Cotignac;;;6.166165;43.512638
83046_0038_00760;760;;Chemin Notre Dame;83570;83046;Cotignac;;;6.147669;43.525119
83046_0038_00785;785;;Chemin Notre Dame;83570;83046;Cotignac;;;6.149297;43.525172
83046_0038_01092;1092;;Chemin Notre Dame;83570;83046;Cotignac;;;6.146179;43.524538
83046_0038_01620;1620;;Chemin Notre Dame;83570;83046;Cotignac;;;6.147889;43.519833
83046_0141_00005;5;;Rue du Plan Giraud;83570;83046;Cotignac;;;6.151239;43.529803
83046_0141_00030;30;;Rue du Plan Giraud;83570;83046;Cotignac;;;6.150402;43.530078
83046_0141_00033;33;;Rue du Plan Giraud;83570;83046;Cotignac;;;6.149849;43.530046
83046_0427_01627;1627;;Chemin de Salernes;83570;83046;Cotignac;;;6.16329;43.523654
83046_0427_01814;1814;;Chemin de Salernes;83570;83046;Cotignac;;;6.165314;43.522923
83046_0427_03688;3688;;Chemin de Salernes;83570;83046;Cotignac;;;6.182601;43.532256
83046_0142_00008;8;;Rue Pra de Pé;83570;83046;Cotignac;;;6.148661;43.528876
83046_0142_00011;11;;Rue Pra de Pé;83570;83046;Cotignac;;;6.148701;43.528622
83046_0065_00009;9;;Cours Gambetta;83570;83046;Cotignac;;;6.149342;43.526906
83046_0098_03834;3834;;Chemin de Bellevue;83570;83046;Cotignac;;;6.167917;43.511347
83046_0051_00001;1;;Place de l'Eglise;83570;83046;Cotignac;;;6.149001;43.528065
83046_0435_03491;3491;;Chemin de la Source Saint Martin;83570;83046;Cotignac;;;6.137956;43.531915
83046_0435_03903;3903;;Chemin de la Source Saint Martin;83570;83046;Cotignac;;;6.134564;43.529123
83046_0387_03114;3114;;Chemin des Pouverels;83570;83046;Cotignac;;;6.153239;43.535275
83046_0258_03763;3763;;Impasse du Clos de Roucas;83570;83046;Cotignac;;;6.157514;43.504752
83046_0094_02164;2164;;Chemin Louis XIV;83570;83046;Cotignac;;;6.146304;43.516849
83046_0105_00025;25;;Rue du Marais;83570;83046;Cotignac;;;6.149959;43.528679
83046_0093_00023;23;;Place de la Liberte;83570;83046;Cotignac;;;6.14985;43.528824
83046_0015_00003;3;;Rue d'Arcole;83570;83046;Cotignac;;;6.150003;43.527458
83046_0108_01888;1888;;Chemin du Maunas;83570;83046;Cotignac;;;6.161953;43.517395
83046_0253_03113;3113;;Impasse des Chenes;83570;83046;Cotignac;;;6.154515;43.509101
83046_0409_04010;4010;;Chemin de Rivauguier;83570;83046;Cotignac;;;6.185053;43.520307
83046_0031_01294;1294;;Impasse de la Colle;83570;83046;Cotignac;;;6.15118;43.520015
83046_0146_00003;3;;Rue des Ribbes;83570;83046;Cotignac;;;6.150027;43.526046
83046_0018_00001;1;;Rue Arnaud de Cotignac;83570;83046;Cotignac;;;6.148515;43.528907
83046_0028_01566;1566;;Ancien Chemin de Salernes;83570;83046;Cotignac;;;6.163334;43.523585
83046_0111_00006;6;;Place Xavier Marin;83570;83046;Cotignac;;;6.149526;43.528942
83046_0112_00004;4;;Rue Melchior Pastour;83570;83046;Cotignac;;;6.148461;43.529499
83046_b043_03759;3759;;Clos de Roucas;83570;83046;Cotignac;;;6.151099;43.506036
83046_b060_00009;9;;Combe Basse;83570;83046;Cotignac;;;6.151987;43.529707
83046_b096_00011;11;;Loup à Loup;83570;83046;Cotignac;;;6.155921;43.511098
83046_b096_02734;2734;;Loup à Loup;83570;83046;Cotignac;;;6.157862;43.513277
83046_b150_00029;29;;Plan de Giraud;83570;83046;Cotignac;;;6.149938;43.529884
83046_0059_02266;2266;;Chemin du Fourniguie Sud;83570;83046;Cotignac;;;6.157476;43.514875
83046_0196_01482;1482;;Chemin de la Ralaye;83570;83046;Cotignac;;;6.157644;43.521585
83046_0198_00014;14;;Rue Saint Sebastien;83570;83046;Cotignac;;;6.151034;43.528239
83046_0026_00007;7;;Rue de la Cadelle;83570;83046;Cotignac;;;6.151342;43.529537
83046_0199_04495;4495;;Chemin du Périgoulier;83570;83046;Cotignac;;;6.146351;43.509287
83046_0083_03671;3671;;Chemin de la Lauve;83570;83046;Cotignac;;;6.14223;43.536017
83046_0142_00010_bis;10;bis;Rue Pra de Pé;83570;83046;Cotignac;;;6.148675;43.528812
83046_0065_00007;7;;Cours Gambetta;83570;83046;Cotignac;;;6.149352;43.526866
83046_0065_00023;23;;Cours Gambetta;83570;83046;Cotignac;;;6.149224;43.527384
83046_0065_00029;29;;Cours Gambetta;83570;83046;Cotignac;;;6.149197;43.527584
83046_0065_00001_f;1;f;Cours Gambetta;83570;83046;Cotignac;;;6.149562;43.526517
83046_0027_00001_b;1;b;Rue de Caux;83570;83046;Cotignac;;;6.149201;43.528374
83046_0040_00009;9;;Rue des 2 Places;83570;83046;Cotignac;;;6.149629;43.528973
83046_0126_04451;4451;;Chemin de Nestuby;83570;83046;Cotignac;;;6.143027;43.502063
83046_0024_00816;816;;Avenue Hubert Blanc;83570;83046;Cotignac;;;6.153019;43.524155
83046_0070_00009;9;;Grand Rue;83570;83046;Cotignac;;;6.149076;43.528246
83046_0070_00012;12;;Grand Rue;83570;83046;Cotignac;;;6.149012;43.528623
83046_0070_00017;17;;Grand Rue;83570;83046;Cotignac;;;6.149086;43.528232
83046_0070_00020;20;;Grand Rue;83570;83046;Cotignac;;;6.148974;43.528434
83046_0264_00009;9;;Chemin Colle de Pierre;83570;83046;Cotignac;;;6.15518;43.529209
83046_0264_01356;1356;;Chemin Colle de Pierre;83570;83046;Cotignac;;;6.161888;43.534592
83046_0127_04181;4181;;Impasse de Nestuby;83570;83046;Cotignac;;;6.144846;43.505591
83046_0060_00012;12;;Rue Gabriel Philis;83570;83046;Cotignac;;;6.150224;43.528694
83046_0056_03075;3075;;Chemin Eissalettes Occidentales;83570;83046;Cotignac;;;6.175888;43.516058
83046_0056_03301;3301;;Chemin Eissalettes Occidentales;83570;83046;Cotignac;;;6.178414;43.517031
83046_0039_01091;1091;;Chemin du Clos Notre Dame;83570;83046;Cotignac;;;6.149433;43.521466
83046_0039_01915;1915;;Chemin du Clos Notre Dame;83570;83046;Cotignac;;;6.147861;43.517383
83046_0450_01100;1100;;Chemin des Tours;83570;83046;Cotignac;;;6.147539;43.530092
83046_0265_04283;4283;;Chemin du Collet de Choucou;83570;83046;Cotignac;;;6.184818;43.513568
83046_0419_03375;3375;;Chemin Saint Joseph;83570;83046;Cotignac;;;6.138721;43.535904
83046_0419_03540;3540;;Chemin Saint Joseph;83570;83046;Cotignac;;;6.135595;43.535815
83046_0092_04330;4330;;Chemin Libellule;83570;83046;Cotignac;;;6.150487;43.502261
83046_0038_00522;522;;Chemin Notre Dame;83570;83046;Cotignac;;;6.148064;43.524722
83046_0038_01345;1345;;Chemin Notre Dame;83570;83046;Cotignac;;;6.147469;43.522394
83046_0038_01472;1472;;Chemin Notre Dame;83570;83046;Cotignac;;;6.148045;43.520986
83046_0038_01920;1920;;Chemin Notre Dame;83570;83046;Cotignac;;;6.145778;43.520242
83046_0141_00014;14;;Rue du Plan Giraud;83570;83046;Cotignac;;;6.151306;43.529946
83046_0141_00017;17;;Rue du Plan Giraud;83570;83046;Cotignac;;;6.150586;43.530115
83046_0141_00031_bis;31;bis;Rue du Plan Giraud;83570;83046;Cotignac;;;6.149849;43.530046
83046_0427_01078;1078;;Chemin de Salernes;83570;83046;Cotignac;;;6.157468;43.523249
83046_0427_01346;1346;;Chemin de Salernes;83570;83046;Cotignac;;;6.161042;43.522914
83046_0427_03960;3960;;Chemin de Salernes;83570;83046;Cotignac;;;6.185175;43.533813
83046_0142_00016_bis;16;bis;Rue Pra de Pé;83570;83046;Cotignac;;;6.148214;43.528589
83046_0131_03840;3840;;Impasse des Oliviers;83570;83046;Cotignac;;;6.152165;43.503265
83046_0098_03734;3734;;Chemin de Bellevue;83570;83046;Cotignac;;;6.167044;43.511665
83046_0051_00007;7;;Place de l'Eglise;83570;83046;Cotignac;;;6.148993;43.528031
83046_0435_03231;3231;;Chemin de la Source Saint Martin;83570;83046;Cotignac;;;6.122264;43.512289
83046_0137_03630;3630;;Chemin de Peyrane;83570;83046;Cotignac;;;6.164518;43.505628
83046_0137_04301;4301;;Chemin de Peyrane;83570;83046;Cotignac;;;6.168601;43.506361
83046_0210_01180;1180;;Chemin de l’Azenas;83570;83046;Cotignac;;;6.158712;43.5235
83046_0066_03976;3976;;Chemin de Gassiere;83570;83046;Cotignac;;;6.174657;43.506235
83046_0253_03365;3365;;Impasse des Chenes;83570;83046;Cotignac;;;6.156914;43.507879
83046_0409_04575;4575;;Chemin de Rivauguier;83570;83046;Cotignac;;;6.191254;43.521317
83046_0023_04777;4777;;Impasse de la Colle d’Auban;83570;83046;Cotignac;;;6.150107;43.499389
83046_0031_01358;1358;;Impasse de la Colle;83570;83046;Cotignac;;;6.150908;43.51988
83046_0031_01455_a;1455;a;Impasse de la Colle;83570;83046;Cotignac;;;6.150194;43.519648
83046_0140_00001_bis;1;bis;Rue de la Placette;83570;83046;Cotignac;;;6.149754;43.529688
83046_0275_04400;4400;;Chemin de Cucuron;83570;83046;Cotignac;;;6.130857;43.526472
83046_0038_00896;896;;Chemin Notre Dame;83570;83046;Cotignac;;;6.146733;43.525352
83046_0038_01889;1889;;Chemin Notre Dame;83570;83046;Cotignac;;;6.14581;43.519831
83046_0141_00025;25;;Rue du Plan Giraud;83570;83046;Cotignac;;;6.150288;43.52995
83046_0141_00014_bis;14;bis;Rue du Plan Giraud;83570;83046;Cotignac;;;6.151255;43.530035
83046_0427_00004;4;;Chemin de Salernes;83570;83046;Cotignac;;;6.157173;43.523488
83046_0427_01204;1204;;Chemin de Salernes;83570;83046;Cotignac;;;6.158919;43.522996
83046_0427_01422;1422;;Chemin de Salernes;83570;83046;Cotignac;;;6.161683;43.522979
83046_0427_01427;1427;;Chemin de Salernes;83570;83046;Cotignac;;;6.162237;43.523164
83046_0427_02036;2036;;Chemin de Salernes;83570;83046;Cotignac;;;6.168208;43.523607
83046_0142_00019;19;;Rue Pra de Pé;83570;83046;Cotignac;;;6.148556;43.528596
83046_0142_00001_f;1;f;Rue Pra de Pé;83570;83046;Cotignac;;;6.148798;43.528722
83046_0065_00015;15;;Cours Gambetta;83570;83046;Cotignac;;;6.149312;43.527024
83046_0065_00021;21;;Cours Gambetta;83570;83046;Cotignac;;;6.149218;43.527422
83046_0065_00026;26;;Cours Gambetta;83570;83046;Cotignac;;;6.149331;43.527975
83046_0065_00041;41;;Cours Gambetta;83570;83046;Cotignac;;;6.149182;43.527863
83046_0131_04122;4122;;Impasse des Oliviers;83570;83046;Cotignac;;;6.152165;43.503265
83046_0210_01381;1381;;Chemin de l’Azenas;83570;83046;Cotignac;;;6.161004;43.523887
83046_0258_03773;3773;;Impasse du Clos de Roucas;83570;83046;Cotignac;;;6.15741;43.504705
83046_0150_00020;20;;Rue Saint-jean;83570;83046;Cotignac;;;6.149747;43.526352
83046_0095_03650;3650;;Allee Loup a Loup;83570;83046;Cotignac;;;6.153733;43.513595
83046_0095_03798;3798;;Allee Loup a Loup;83570;83046;Cotignac;;;6.155243;43.513261
83046_0230_01794;1794;;Chemin de Blain;83570;83046;Cotignac;;;6.163786;43.518964
83046_0230_01876;1876;;Chemin de Blain;83570;83046;Cotignac;;;6.163786;43.518964
83046_0054_00012;12;;Rue des Escaillons;83570;83046;Cotignac;;;6.144179;43.529339
83046_0015_00009;9;;Rue d'Arcole;83570;83046;Cotignac;;;6.149796;43.527435
83046_0077_04084;4084;;Chemin des Jonquiers;83570;83046;Cotignac;;;6.13533;43.541479
83046_0140_00004;4;;Rue de la Placette;83570;83046;Cotignac;;;6.149627;43.529326
83046_0140_00008;8;;Rue de la Placette;83570;83046;Cotignac;;;6.149754;43.529688
83046_0252_02161;2161;;Chemin de la Chap Saint Martin;83570;83046;Cotignac;;;6.145689;43.532131
83046_0496_03681;3681;;Chemin de Val Bonnette;83570;83046;Cotignac;;;6.179769;43.512002
83046_0242_02144;2144;;Chemin du Bouillidou;83570;83046;Cotignac;;;6.168469;43.521853
83046_0271_04050;4050;;Traverse de la Condamine;83570;83046;Cotignac;;;6.164282;43.503493
83046_0010_00005;5;;Rue de l'Araignée;83570;83046;Cotignac;;;6.14885;43.527223
83046_0028_01210;1210;;Ancien Chemin de Salernes;83570;83046;Cotignac;;;6.159147;43.522827
83046_0028_01420;1420;;Ancien Chemin de Salernes;83570;83046;Cotignac;;;6.161599;43.522773
83046_0028_01563;1563;;Ancien Chemin de Salernes;83570;83046;Cotignac;;;6.162178;43.52331
83046_0028_01754;1754;;Ancien Chemin de Salernes;83570;83046;Cotignac;;;6.164551;43.5223
83046_0075_00001;1;;Avenue Jean Moulin;83570;83046;Cotignac;;;6.151316;43.527102
83046_0096_03685;3685;;Impasse Loup à Loup;83570;83046;Cotignac;;;6.151148;43.511685
83046_b003_00940;940;;L'Aire des Fourches;83570;83046;Cotignac;;;6.154202;43.527054
83046_b025_04174;4174;;Camp d'Andriou;83570;83046;Cotignac;;;6.176148;43.507435
83046_b044_04157;4157;;Clos de Ruou;83570;83046;Cotignac;;;6.152613;43.499991
83046_b044_04434;4434;;Clos de Ruou;83570;83046;Cotignac;;;6.161437;43.495938
83046_b047_04667;4667;;Colle d'Auban;83570;83046;Cotignac;;;6.148745;43.499612
83046_b049_00001;1;;La Colle de Pierre Meridio;83570;83046;Cotignac;;;6.15622;43.532304
83046_b096_00014;14;;Loup à Loup;83570;83046;Cotignac;;;6.155898;43.510614
83046_0030_00005;5;;Rue Clastre;83570;83046;Cotignac;;;6.149087;43.529278
83046_0460_00768;768;;Chemin de Troublen;83570;83046;Cotignac;;;6.147294;43.52382
83046_0242_02558;2558;;Chemin du Bouillidou;83570;83046;Cotignac;;;6.171452;43.520888
83046_0028_02038;2038;;Ancien Chemin de Salernes;83570;83046;Cotignac;;;6.165573;43.521748
83046_0096_03677;3677;;Impasse Loup à Loup;83570;83046;Cotignac;;;6.150703;43.511651
83046_0111_00020;20;;Place Xavier Marin;83570;83046;Cotignac;;;6.149958;43.529231
83046_0145_00009;9;;Rue Saint Antoine;83570;83046;Cotignac;;;6.149865;43.526739
83046_b043_03771;3771;;Clos de Roucas;83570;83046;Cotignac;;;6.151898;43.50539
83046_b069_03100;3100;;Eissalletes Occidentales;83570;83046;Cotignac;;;6.178042;43.515008
83046_b070_03991;3991;;Eissalletes Orientales;83570;83046;Cotignac;;;6.18477;43.512533
83046_b106_00003;3;;Notre Dame;83570;83046;Cotignac;;;6.149339;43.520653
83046_b123_00016;16;;Pra de Pé;83570;83046;Cotignac;;;6.148172;43.528613
83046_b137_03491;3491;;Saint Martin;83570;83046;Cotignac;;;6.137816;43.531777
83046_b138_00014;14;;Saint Sébastien;83570;83046;Cotignac;;;6.15086;43.528237
83046_0144_00009;9;;Rue du Rocher;83570;83046;Cotignac;;;6.149223;43.529904
83046_0198_00001;1;;Rue Saint Sebastien;83570;83046;Cotignac;;;6.150491;43.528466
83046_0198_00006;6;;Rue Saint Sebastien;83570;83046;Cotignac;;;6.150693;43.528389
83046_0198_00019;19;;Rue Saint Sebastien;83570;83046;Cotignac;;;6.151473;43.527791
83046_0199_03785;3785;;Chemin du Périgoulier;83570;83046;Cotignac;;;6.148676;43.506409
83046_0199_04031;4031;;Chemin du Périgoulier;83570;83046;Cotignac;;;6.149227;43.508491
83046_0199_04062;4062;;Chemin du Périgoulier;83570;83046;Cotignac;;;6.149267;43.508796
83046_0199_04325;4325;;Chemin du Périgoulier;83570;83046;Cotignac;;;6.148928;43.511085
83046_0133_02546;2546;;Chemin de Bonne Pale;83570;83046;Cotignac;;;6.143814;43.519347
83046_0014_00002_bis;2;bis;Rue de l’Arenier;83570;83046;Cotignac;;;6.149045;43.5274
83046_0280_03490;3490;;Chemin du Defens;83570;83046;Cotignac;;;6.174488;43.531729
83046_0132_03338;3338;;Chemin des Oupaloux;83570;83046;Cotignac;;;6.153928;43.507772
83046_0110_00002;2;;Rue des Maréchaux;83570;83046;Cotignac;;;6.150301;43.529917
83046_0110_00010;10;;Rue des Maréchaux;83570;83046;Cotignac;;;6.150135;43.52979
83046_0110_00013;13;;Rue des Maréchaux;83570;83046;Cotignac;;;6.150261;43.529784
83046_0110_00021;21;;Rue des Maréchaux;83570;83046;Cotignac;;;6.150207;43.52943
83046_0199_03791;3791;;Chemin du Périgoulier;83570;83046;Cotignac;;;6.148767;43.506559
83046_0133_02345;2345;;Chemin de Bonne Pale;83570;83046;Cotignac;;;6.141287;43.518708
83046_0133_02748;2748;;Chemin de Bonne Pale;83570;83046;Cotignac;;;6.14139;43.518962
83046_0025_00003;3;;Rue Bonaventure;83570;83046;Cotignac;;;6.149904;43.527193
83046_0110_00005;5;;Rue des Maréchaux;83570;83046;Cotignac;;;6.150333;43.529849
83046_0110_00033;33;;Rue des Maréchaux;83570;83046;Cotignac;;;6.150225;43.529312
83046_0014_00009;9;;Rue de l’Arenier;83570;83046;Cotignac;;;6.148724;43.527275
83046_0280_03820;3820;;Chemin du Defens;83570;83046;Cotignac;;;6.174488;43.531729
83046_0132_03863;3863;;Chemin des Oupaloux;83570;83046;Cotignac;;;6.158394;43.504428
83046_0094_00219;219;;Chemin Louis XIV;83570;83046;Cotignac;;;6.146271;43.517168
83046_0094_02018;2018;;Chemin Louis XIV;83570;83046;Cotignac;;;6.147383;43.515871
83046_0094_02322;2322;;Chemin Louis XIV;83570;83046;Cotignac;;;6.1452;43.51795
83046_0025_00006;6;;Rue Bonaventure;83570;83046;Cotignac;;;6.149799;43.527096
83046_0110_00018;18;;Rue des Maréchaux;83570;83046;Cotignac;;;6.150112;43.529388
83046_0110_00041;41;;Rue des Maréchaux;83570;83046;Cotignac;;;6.150024;43.529114
83046_0105_00019;19;;Rue du Marais;83570;83046;Cotignac;;;6.14984;43.528892
83046_0105_00029;29;;Rue du Marais;83570;83046;Cotignac;;;6.14974;43.528539
83046_0295_00001;1;;Chemin des Ecoles;83570;83046;Cotignac;;;6.151889;43.528082
83046_0295_00003_bis;3;bis;Chemin des Ecoles;83570;83046;Cotignac;;;6.152079;43.528303
83046_0090_00007_a;7;a;Rue Léon Gérard;83570;83046;Cotignac;;;6.149583;43.528211
83046_0165_01522;1522;;Route de Sillans;83570;83046;Cotignac;;;6.1497;43.531453
83046_0165_04365;4365;;Route de Sillans;83570;83046;Cotignac;;;6.159752;43.545052
83046_0144_00008;8;;Rue du Rocher;83570;83046;Cotignac;;;6.149849;43.530046
83046_0196_01335;1335;;Chemin de la Ralaye;83570;83046;Cotignac;;;6.15762;43.521558
83046_0196_01607;1607;;Chemin de la Ralaye;83570;83046;Cotignac;;;6.159513;43.519854
83046_0069_00004_bis;4;bis;Rue Clemenceau;83570;83046;Cotignac;;;6.150731;43.527053
83046_0198_00008;8;;Rue Saint Sebastien;83570;83046;Cotignac;;;6.150796;43.528372
83046_0026_00001_bis;1;bis;Rue de la Cadelle;83570;83046;Cotignac;;;6.151192;43.528478
83046_0199_03789;3789;;Chemin du Périgoulier;83570;83046;Cotignac;;;6.148692;43.506435
83046_0199_03810;3810;;Chemin du Périgoulier;83570;83046;Cotignac;;;6.148935;43.506636
83046_0199_04357;4357;;Chemin du Périgoulier;83570;83046;Cotignac;;;6.148903;43.5114
83046_0032_01551;1551;;Chemin de la Colle;83570;83046;Cotignac;;;6.154411;43.531675
83046_0032_03257;3257;;Chemin de la Colle;83570;83046;Cotignac;;;6.153839;43.510326
83046_0032_03331;3331;;Chemin de la Colle;83570;83046;Cotignac;;;6.153634;43.511068
83046_0032_03388;3388;;Chemin de la Colle;83570;83046;Cotignac;;;6.153666;43.511487
83046_0032_03598;3598;;Chemin de la Colle;83570;83046;Cotignac;;;6.15372;43.51335
83046_0032_03727;3727;;Chemin de la Colle;83570;83046;Cotignac;;;6.15301;43.514398
83046_0032_03824;3824;;Chemin de la Colle;83570;83046;Cotignac;;;6.153158;43.515106
83046_0032_03826;3826;;Chemin de la Colle;83570;83046;Cotignac;;;6.153062;43.51522
83046_0032_04033;4033;;Chemin de la Colle;83570;83046;Cotignac;;;6.152548;43.516498
83046_0032_04038;4038;;Chemin de la Colle;83570;83046;Cotignac;;;6.152748;43.516973
83046_0032_04251;4251;;Chemin de la Colle;83570;83046;Cotignac;;;6.152568;43.518647
83046_0014_00004;4;;Rue de l’Arenier;83570;83046;Cotignac;;;6.148801;43.527339
83046_0090_00002;2;;Rue Léon Gérard;83570;83046;Cotignac;;;6.149437;43.528067
83046_0165_02846;2846;;Route de Sillans;83570;83046;Cotignac;;;6.147515;43.537715
83046_0005_00980;980;;Impasse de l’Aire des Fourches;83570;83046;Cotignac;;;6.153928;43.527344
83046_0021_00967;967;;Traverse de la Colle;83570;83046;Cotignac;;;6.151003;43.522018
83046_0198_00003;3;;Rue Saint Sebastien;83570;83046;Cotignac;;;6.15061;43.528471
83046_0199_04060;4060;;Chemin du Périgoulier;83570;83046;Cotignac;;;6.149272;43.508777
83046_0032_03201;3201;;Chemin de la Colle;83570;83046;Cotignac;;;6.154163;43.509882
83046_0032_03590;3590;;Chemin de la Colle;83570;83046;Cotignac;;;6.153716;43.513284
83046_0133_02400;2400;;Chemin de Bonne Pale;83570;83046;Cotignac;;;6.144608;43.518752
83046_0133_02446;2446;;Chemin de Bonne Pale;83570;83046;Cotignac;;;6.144608;43.518752
83046_0083_03360;3360;;Chemin de la Lauve;83570;83046;Cotignac;;;6.139794;43.536942
83046_0132_03370;3370;;Chemin des Oupaloux;83570;83046;Cotignac;;;6.154179;43.507579
83046_0094_02162;2162;;Chemin Louis XIV;83570;83046;Cotignac;;;6.146445;43.516665
83046_0110_00004;4;;Rue des Maréchaux;83570;83046;Cotignac;;;6.150241;43.529888
83046_0110_00012;12;;Rue des Maréchaux;83570;83046;Cotignac;;;6.150053;43.529607
83046_0110_00025;25;;Rue des Maréchaux;83570;83046;Cotignac;;;6.15018;43.529482
83046_0110_00039;39;;Rue des Maréchaux;83570;83046;Cotignac;;;6.150084;43.529146
83046_0105_00030;30;;Rue du Marais;83570;83046;Cotignac;;;6.149823;43.528276
83046_0295_00005;5;;Chemin des Ecoles;83570;83046;Cotignac;;;6.152471;43.529197
83046_0160_00004;4;;Rue Saint-joseph;83570;83046;Cotignac;;;6.150485;43.526958
83046_0160_00007;7;;Rue Saint-joseph;83570;83046;Cotignac;;;6.149513;43.526889
83046_0260_03820;3820;;Chemin du Clos du Ruou;83570;83046;Cotignac;;;6.157059;43.502529
83046_0094_01957;1957;;Chemin Louis XIV;83570;83046;Cotignac;;;6.147578;43.515618
83046_0025_00005;5;;Rue Bonaventure;83570;83046;Cotignac;;;6.149453;43.527125
83046_0025_00010;10;;Rue Bonaventure;83570;83046;Cotignac;;;6.149474;43.527047
83046_0110_00020;20;;Rue des Maréchaux;83570;83046;Cotignac;;;6.149977;43.529188
83046_0110_00031;31;;Rue des Maréchaux;83570;83046;Cotignac;;;6.150225;43.529312
83046_0105_00020;20;;Rue du Marais;83570;83046;Cotignac;;;6.149782;43.528664
83046_0295_00008;8;;Chemin des Ecoles;83570;83046;Cotignac;;;6.152455;43.529159
83046_0295_00641;641;;Chemin des Ecoles;83570;83046;Cotignac;;;6.152559;43.529383
83046_0160_00016;16;;Rue Saint-joseph;83570;83046;Cotignac;;;6.149761;43.526842
83046_0260_04248;4248;;Chemin du Clos du Ruou;83570;83046;Cotignac;;;6.157102;43.499885
83046_0260_04329;4329;;Chemin du Clos du Ruou;83570;83046;Cotignac;;;6.158867;43.497267
83046_0260_04600;4600;;Chemin du Clos du Ruou;83570;83046;Cotignac;;;6.15677;43.495573
83046_0260_04756;4756;;Chemin du Clos du Ruou;83570;83046;Cotignac;;;6.156064;43.494582
83046_0027_00016;16;;Rue de Caux;83570;83046;Cotignac;;;6.149443;43.5287
83046_0247_04083;4083;;Chemin de Caseneuve;83570;83046;Cotignac;;;6.14303;43.546433
83046_0008_00013;13;;Rue d'Antoine;83570;83046;Cotignac;;;6.150261;43.526777
83046_0032_04253;4253;;Chemin de la Colle;83570;83046;Cotignac;;;6.152113;43.518678
83046_0246_00473;473;;Route de Carces;83570;83046;Cotignac;;;6.149484;43.525326
83046_0246_00475;475;;Route de Carces;83570;83046;Cotignac;;;6.149502;43.525313
83046_0246_00831;831;;Route de Carces;83570;83046;Cotignac;;;6.151635;43.522571
83046_0246_01062;1062;;Route de Carces;83570;83046;Cotignac;;;6.153421;43.521107
83046_0246_01068;1068;;Route de Carces;83570;83046;Cotignac;;;6.153456;43.521059
83046_0246_01625;1625;;Route de Carces;83570;83046;Cotignac;;;6.158758;43.518086
83046_0246_01852;1852;;Route de Carces;83570;83046;Cotignac;;;6.161072;43.517008
83046_0246_02035;2035;;Route de Carces;83570;83046;Cotignac;;;6.16266;43.514805
83046_0246_02063;2063;;Route de Carces;83570;83046;Cotignac;;;6.160224;43.515394
83046_0246_02266;2266;;Route de Carces;83570;83046;Cotignac;;;6.161205;43.513173
83046_0246_02601;2601;;Route de Carces;83570;83046;Cotignac;;;6.159758;43.510433
83046_0246_02603;2603;;Route de Carces;83570;83046;Cotignac;;;6.159753;43.510417
83046_0246_02740;2740;;Route de Carces;83570;83046;Cotignac;;;6.159844;43.509197
83046_0246_03202;3202;;Route de Carces;83570;83046;Cotignac;;;6.160458;43.505023
83046_0246_03255;3255;;Route de Carces;83570;83046;Cotignac;;;6.160734;43.504696
83046_0246_03910;3910;;Route de Carces;83570;83046;Cotignac;;;6.161518;43.499005
83046_0024_00492;492;;Avenue Hubert Blanc;83570;83046;Cotignac;;;6.151966;43.526632
83046_0024_00606;606;;Avenue Hubert Blanc;83570;83046;Cotignac;;;6.152186;43.525614
83046_0024_00737;737;;Avenue Hubert Blanc;83570;83046;Cotignac;;;6.153248;43.524694
83046_0070_00023;23;;Grand Rue;83570;83046;Cotignac;;;6.149086;43.528232
83046_0264_01315;1315;;Chemin Colle de Pierre;83570;83046;Cotignac;;;6.161902;43.534216
83046_0027_00009;9;;Rue de Caux;83570;83046;Cotignac;;;6.149216;43.528546
83046_0008_00004;4;;Rue d'Antoine;83570;83046;Cotignac;;;6.150768;43.526747
83046_0246_00825;825;;Route de Carces;83570;83046;Cotignac;;;6.15159;43.522604
83046_0246_01066;1066;;Route de Carces;83570;83046;Cotignac;;;6.153444;43.521075
83046_0246_02238;2238;;Route de Carces;83570;83046;Cotignac;;;6.161339;43.513407
83046_0246_02758;2758;;Route de Carces;83570;83046;Cotignac;;;6.159884;43.509047
83046_0246_02789;2789;;Route de Carces;83570;83046;Cotignac;;;6.160018;43.508702
83046_0246_02930;2930;;Route de Carces;83570;83046;Cotignac;;;6.159832;43.507512
83046_0246_03084;3084;;Route de Carces;83570;83046;Cotignac;;;6.159931;43.506023
83046_0246_03157;3157;;Route de Carces;83570;83046;Cotignac;;;6.160325;43.505505
83046_0246_03159;3159;;Route de Carces;83570;83046;Cotignac;;;6.160336;43.505488
83046_0024_00658;658;;Avenue Hubert Blanc;83570;83046;Cotignac;;;6.152513;43.52524
83046_0315_04743;4743;;Chemin des Grives;83570;83046;Cotignac;;;6.116101;43.547761
83046_0068_00013;13;;Place Georges Blanc;83570;83046;Cotignac;;;6.149317;43.529112
83046_0080_00004;4;;Place Joseph Sigaud;83570;83046;Cotignac;;;6.150691;43.526612
83046_0070_00007;7;;Grand Rue;83570;83046;Cotignac;;;6.149074;43.528249
83046_0070_00018;18;;Grand Rue;83570;83046;Cotignac;;;6.148972;43.528215
83046_0070_00019_bis;19;bis;Grand Rue;83570;83046;Cotignac;;;6.149086;43.528232
83046_0264_00015;15;;Chemin Colle de Pierre;83570;83046;Cotignac;;;6.156178;43.529189
83046_0058_01666;1666;;Chemin du Fourniguie Nord;83570;83046;Cotignac;;;6.157815;43.517283
83046_0060_00008;8;;Rue Gabriel Philis;83570;83046;Cotignac;;;6.150095;43.528812
83046_0039_01347;1347;;Chemin du Clos Notre Dame;83570;83046;Cotignac;;;6.149161;43.521983
83046_0039_01805;1805;;Chemin du Clos Notre Dame;83570;83046;Cotignac;;;6.14924;43.523176
83046_0290_02455;2455;;Chemin du Derroc;83570;83046;Cotignac;;;6.143087;43.53292
83046_0290_02710;2710;;Chemin du Derroc;83570;83046;Cotignac;;;6.141187;43.531084
83046_0380_04331;4331;;Chemin de Pecounillier;83570;83046;Cotignac;;;6.185777;43.509608
83046_0265_04137;4137;;Chemin du Collet de Choucou;83570;83046;Cotignac;;;6.185683;43.512568
83046_0098_03822;3822;;Chemin de Bellevue;83570;83046;Cotignac;;;6.165634;43.510228
83046_0435_03232;3232;;Chemin de la Source Saint Martin;83570;83046;Cotignac;;;6.122145;43.512273
83046_0387_03070;3070;;Chemin des Pouverels;83570;83046;Cotignac;;;6.153239;43.535275
83046_0258_03765;3765;;Impasse du Clos de Roucas;83570;83046;Cotignac;;;6.157493;43.504742
83046_0066_03975;3975;;Chemin de Gassiere;83570;83046;Cotignac;;;6.177232;43.505582
83046_0253_03990;3990;;Impasse des Chenes;83570;83046;Cotignac;;;6.157072;43.507669
83046_0023_04477;4477;;Impasse de la Colle d’Auban;83570;83046;Cotignac;;;6.150139;43.500475
83046_0140_00013;13;;Rue de la Placette;83570;83046;Cotignac;;;6.149754;43.529688
83046_b100_03054;3054;;Mère de Dieu;83570;83046;Cotignac;;;6.164635;43.508989
83046_0127_04250;4250;;Impasse de Nestuby;83570;83046;Cotignac;;;6.144043;43.505433
83046_0039_01251;1251;;Chemin du Clos Notre Dame;83570;83046;Cotignac;;;6.149322;43.522991
83046_0039_01893;1893;;Chemin du Clos Notre Dame;83570;83046;Cotignac;;;6.148299;43.517753
83046_0290_02830;2830;;Chemin du Derroc;83570;83046;Cotignac;;;6.140448;43.53022
83046_0380_04700;4700;;Chemin de Pecounillier;83570;83046;Cotignac;;;6.183838;43.50658
83046_0419_03333;3333;;Chemin Saint Joseph;83570;83046;Cotignac;;;6.13909;43.536112
83046_0419_03880;3880;;Chemin Saint Joseph;83570;83046;Cotignac;;;6.132908;43.534789
83046_0092_04170;4170;;Chemin Libellule;83570;83046;Cotignac;;;6.148885;43.502796
83046_b063_03945;3945;;Condamine Longue;83570;83046;Cotignac;;;6.150616;43.544758
83046_0120_00003;3;;Rue des Nais;83570;83046;Cotignac;;;6.150302;43.527865
83046_0120_00004_bis;4;bis;Rue des Nais;83570;83046;Cotignac;;;6.15033;43.527964
83046_0098_02958;2958;;Chemin de Bellevue;83570;83046;Cotignac;;;6.169857;43.514481
83046_0098_03422;3422;;Chemin de Bellevue;83570;83046;Cotignac;;;6.166001;43.512798
83046_0051_00005;5;;Place de l'Eglise;83570;83046;Cotignac;;;6.148993;43.528031
83046_0435_03423;3423;;Chemin de la Source Saint Martin;83570;83046;Cotignac;;;6.124141;43.511621
83046_0137_04250;4250;;Chemin de Peyrane;83570;83046;Cotignac;;;6.164518;43.505628
83046_0150_00002;2;;Rue Saint-jean;83570;83046;Cotignac;;;6.151023;43.526564
83046_0150_00002_ter;2;ter;Rue Saint-jean;83570;83046;Cotignac;;;6.150735;43.526498
83046_0095_03681;3681;;Allee Loup a Loup;83570;83046;Cotignac;;;6.153733;43.513595
83046_0093_00013;13;;Place de la Liberte;83570;83046;Cotignac;;;6.149755;43.528964
83046_0015_00005;5;;Rue d'Arcole;83570;83046;Cotignac;;;6.149747;43.527431
83046_0108_01852;1852;;Chemin du Maunas;83570;83046;Cotignac;;;6.161953;43.517395
83046_0166_04790;4790;;Chemin de Basse Terrisse;83570;83046;Cotignac;;;6.19359;43.511425
83046_0166_04795;4795;;Chemin de Basse Terrisse;83570;83046;Cotignac;;;6.193505;43.512395
83046_0253_03326;3326;;Impasse des Chenes;83570;83046;Cotignac;;;6.156496;43.508045
83046_0023_04865;4865;;Impasse de la Colle d’Auban;83570;83046;Cotignac;;;6.151062;43.499552
83046_0031_01360;1360;;Impasse de la Colle;83570;83046;Cotignac;;;6.150862;43.519831
83046_0252_02149;2149;;Chemin de la Chap Saint Martin;83570;83046;Cotignac;;;6.145779;43.53209
83046_0252_02600;2600;;Chemin de la Chap Saint Martin;83570;83046;Cotignac;;;6.143564;43.533429
83046_0033_00010;10;;Rue de la Combe Basse;83570;83046;Cotignac;;;6.151863;43.530002
83046_0146_00008;8;;Rue des Ribbes;83570;83046;Cotignac;;;6.149534;43.526462
83046_0242_02142;2142;;Chemin du Bouillidou;83570;83046;Cotignac;;;6.168937;43.522312
83046_0016_00009;9;;Rue Arnaud;83570;83046;Cotignac;;;6.14868;43.528787
83046_0028_02036;2036;;Ancien Chemin de Salernes;83570;83046;Cotignac;;;6.16719;43.522079
83046_0028_02042;2042;;Ancien Chemin de Salernes;83570;83046;Cotignac;;;6.164564;43.521611
83046_0096_03683;3683;;Impasse Loup à Loup;83570;83046;Cotignac;;;6.151148;43.511685
83046_0111_00039;39;;Place Xavier Marin;83570;83046;Cotignac;;;6.150134;43.529105
83046_0028_01276;1276;;Ancien Chemin de Salernes;83570;83046;Cotignac;;;6.161012;43.521962
83046_0028_01424;1424;;Ancien Chemin de Salernes;83570;83046;Cotignac;;;6.162803;43.522176
83046_0050_00006;6;;Rue des Ecoles;83570;83046;Cotignac;;;6.152571;43.528812
83046_0096_04001;4001;;Impasse Loup à Loup;83570;83046;Cotignac;;;6.152083;43.511446
83046_0112_00015;15;;Rue Melchior Pastour;83570;83046;Cotignac;;;6.149273;43.529997
83046_0180_00041;41;;Place Xavier Marius;83570;83046;Cotignac;;;6.150053;43.529083
83046_b037_02222;2222;;Claou de Roux;83570;83046;Cotignac;;;6.127867;43.543096
83046_0295_00004;4;;Chemin des Ecoles;83570;83046;Cotignac;;;6.152358;43.528596
83046_0295_00010;10;;Chemin des Ecoles;83570;83046;Cotignac;;;6.152455;43.529159
83046_0295_00014;14;;Chemin des Ecoles;83570;83046;Cotignac;;;6.152455;43.529159
83046_0090_00013;13;;Rue Léon Gérard;83570;83046;Cotignac;;;6.14935;43.528134
83046_0165_01297;1297;;Route de Sillans;83570;83046;Cotignac;;;6.153855;43.530233
83046_0165_01318;1318;;Route de Sillans;83570;83046;Cotignac;;;6.154031;43.528099
83046_0165_01822;1822;;Route de Sillans;83570;83046;Cotignac;;;6.149121;43.531536
83046_0165_02033;2033;;Route de Sillans;83570;83046;Cotignac;;;6.146984;43.531618
83046_0017_04708;4708;;Chemin de la Colle d’Auban;83570;83046;Cotignac;;;6.149496;43.5003
83046_0005_00777;777;;Impasse de l’Aire des Fourches;83570;83046;Cotignac;;;6.154411;43.525608
83046_0005_00992_bis;992;bis;Impasse de l’Aire des Fourches;83570;83046;Cotignac;;;6.154007;43.527297
83046_0100_00011;11;;Place de la Mairie;83570;83046;Cotignac;;;6.149059;43.529051
83046_0144_00013;13;;Rue du Rocher;83570;83046;Cotignac;;;6.149223;43.529904
83046_0196_01283;1283;;Chemin de la Ralaye;83570;83046;Cotignac;;;6.158111;43.521933
83046_0073_00016;16;;Rue des Jardins;83570;83046;Cotignac;;;6.146706;43.528544
83046_0026_00003;3;;Rue de la Cadelle;83570;83046;Cotignac;;;6.151192;43.528478
83046_0026_00006;6;;Rue de la Cadelle;83570;83046;Cotignac;;;6.15147;43.529548
83046_0199_04177;4177;;Chemin du Périgoulier;83570;83046;Cotignac;;;6.149028;43.509885
83046_0199_04632;4632;;Chemin du Périgoulier;83570;83046;Cotignac;;;6.148263;43.513861
83046_0032_01268;1268;;Chemin de la Colle;83570;83046;Cotignac;;;6.151663;43.5196
83046_0032_01553;1553;;Chemin de la Colle;83570;83046;Cotignac;;;6.153604;43.531729
83046_0032_03163;3163;;Chemin de la Colle;83570;83046;Cotignac;;;6.154347;43.509627
83046_0032_03256;3256;;Chemin de la Colle;83570;83046;Cotignac;;;6.15393;43.510377
83046_0032_03296;3296;;Chemin de la Colle;83570;83046;Cotignac;;;6.153816;43.510707
83046_0032_03325;3325;;Chemin de la Colle;83570;83046;Cotignac;;;6.153644;43.511018
83046_0032_03430;3430;;Chemin de la Colle;83570;83046;Cotignac;;;6.153589;43.512165
83046_0032_03440;3440;;Chemin de la Colle;83570;83046;Cotignac;;;6.153572;43.511916
83046_0032_03470;3470;;Chemin de la Colle;83570;83046;Cotignac;;;6.153591;43.512174
83046_0032_03504;3504;;Chemin de la Colle;83570;83046;Cotignac;;;6.15363;43.512497
83046_0032_03505;3505;;Chemin de la Colle;83570;83046;Cotignac;;;6.15353;43.512605
83046_0032_03728;3728;;Chemin de la Colle;83570;83046;Cotignac;;;6.153104;43.514347
83046_0032_04031;4031;;Chemin de la Colle;83570;83046;Cotignac;;;6.152549;43.516497
83046_0032_04041;4041;;Chemin de la Colle;83570;83046;Cotignac;;;6.152548;43.516501
83046_0090_00005;5;;Rue Léon Gérard;83570;83046;Cotignac;;;6.149574;43.528172
83046_0090_00008;8;;Rue Léon Gérard;83570;83046;Cotignac;;;6.149363;43.528054
83046_0090_00016;16;;Rue Léon Gérard;83570;83046;Cotignac;;;6.149422;43.528065
83046_0165_02038;2038;;Route de Sillans;83570;83046;Cotignac;;;6.147378;43.531454
83046_0165_02150;2150;;Route de Sillans;83570;83046;Cotignac;;;6.14598;43.53215
83046_0017_04207;4207;;Chemin de la Colle d’Auban;83570;83046;Cotignac;;;6.147926;43.49886
83046_0017_04866;4866;;Chemin de la Colle d’Auban;83570;83046;Cotignac;;;6.149829;43.498009
83046_0100_00003;3;;Place de la Mairie;83570;83046;Cotignac;;;6.148844;43.529086
83046_0100_00006;6;;Place de la Mairie;83570;83046;Cotignac;;;6.148894;43.528996
83046_0021_01091;1091;;Traverse de la Colle;83570;83046;Cotignac;;;6.15069;43.522098
83046_0170_00003;3;;Rue de la Victoire;83570;83046;Cotignac;;;6.149913;43.527696
83046_0170_00006;6;;Rue de la Victoire;83570;83046;Cotignac;;;6.14976;43.527599
83046_0198_00011;11;;Rue Saint Sebastien;83570;83046;Cotignac;;;6.151244;43.528161
83046_0198_00015;15;;Rue Saint Sebastien;83570;83046;Cotignac;;;6.151371;43.527934
83046_0198_00020;20;;Rue Saint Sebastien;83570;83046;Cotignac;;;6.151116;43.528169
83046_0198_00024;24;;Rue Saint Sebastien;83570;83046;Cotignac;;;6.151116;43.528169
83046_0199_04478;4478;;Chemin du Périgoulier;83570;83046;Cotignac;;;6.146486;43.509576
83046_0199_04601;4601;;Chemin du Périgoulier;83570;83046;Cotignac;;;6.145571;43.508819
83046_0032_03415;3415;;Chemin de la Colle;83570;83046;Cotignac;;;6.153491;43.511797
83046_0032_03946;3946;;Chemin de la Colle;83570;83046;Cotignac;;;6.152663;43.516202
83046_0032_04014;4014;;Chemin de la Colle;83570;83046;Cotignac;;;6.152661;43.516782
83046_0032_04045;4045;;Chemin de la Colle;83570;83046;Cotignac;;;6.152548;43.516503
83046_0032_04053;4053;;Chemin de la Colle;83570;83046;Cotignac;;;6.152547;43.516507
83046_0014_00003_bis;3;bis;Rue de l’Arenier;83570;83046;Cotignac;;;6.148945;43.527275
83046_0280_03774;3774;;Chemin du Defens;83570;83046;Cotignac;;;6.174488;43.531729
83046_0132_01089;1089;;Chemin des Oupaloux;83570;83046;Cotignac;;;6.15321;43.508483
83046_0025_00001;1;;Rue Bonaventure;83570;83046;Cotignac;;;6.150356;43.527255
83046_0110_00007;7;;Rue des Maréchaux;83570;83046;Cotignac;;;6.150388;43.529891
83046_0105_00024;24;;Rue du Marais;83570;83046;Cotignac;;;6.149645;43.528496
83046_0260_02707;2707;;Chemin du Clos du Ruou;83570;83046;Cotignac;;;6.160444;43.491769
83046_0260_04056;4056;;Chemin du Clos du Ruou;83570;83046;Cotignac;;;6.157127;43.500002
83046_0027_00002;2;;Rue de Caux;83570;83046;Cotignac;;;6.149164;43.528136
83046_0027_00001_a;1;a;Rue de Caux;83570;83046;Cotignac;;;6.149219;43.528258
83046_0300_01703;1703;;Impasse des Fabres;83570;83046;Cotignac;;;6.163133;43.520241
83046_0247_03691;3691;;Chemin de Caseneuve;83570;83046;Cotignac;;;6.145867;43.543936
83046_0135_00839;839;;Chemin Paradis;83570;83046;Cotignac;;;6.155192;43.524923
83046_0040_00007;7;;Rue des 2 Places;83570;83046;Cotignac;;;6.149625;43.52906
83046_0040_00014;14;;Rue des 2 Places;83570;83046;Cotignac;;;6.149828;43.529018
83046_0126_04461;4461;;Chemin de Nestuby;83570;83046;Cotignac;;;6.143726;43.502395
83046_0126_04650;4650;;Chemin de Nestuby;83570;83046;Cotignac;;;6.142388;43.503755
83046_0246_01060;1060;;Route de Carces;83570;83046;Cotignac;;;6.153409;43.521123
83046_0246_01530;1530;;Route de Carces;83570;83046;Cotignac;;;6.15514;43.51972
83046_0246_01896;1896;;Route de Carces;83570;83046;Cotignac;;;6.16085;43.516347
83046_0246_03085;3085;;Route de Carces;83570;83046;Cotignac;;;6.160099;43.505907
83046_0246_03430;3430;;Route de Carces;83570;83046;Cotignac;;;6.160632;43.50308
83046_0246_03667;3667;;Route de Carces;83570;83046;Cotignac;;;6.161526;43.501084
83046_0246_03687;3687;;Route de Carces;83570;83046;Cotignac;;;6.161591;43.500911
83046_0246_03740;3740;;Route de Carces;83570;83046;Cotignac;;;6.161614;43.501469
83046_0029_04221;4221;;Impasse de Caillade;83570;83046;Cotignac;;;6.143978;43.505151
83046_0029_04495;4495;;Impasse de Caillade;83570;83046;Cotignac;;;6.146277;43.509386
83046_0068_00005;5;;Place Georges Blanc;83570;83046;Cotignac;;;6.149239;43.529283
83046_0264_00023;23;;Chemin Colle de Pierre;83570;83046;Cotignac;;;6.156931;43.529113
83046_0060_00004;4;;Rue Gabriel Philis;83570;83046;Cotignac;;;6.149997;43.528958
83046_0060_00011;11;;Rue Gabriel Philis;83570;83046;Cotignac;;;6.150457;43.52855
83046_0056_02925;2925;;Chemin Eissalettes Occidentales;83570;83046;Cotignac;;;6.174305;43.516352
83046_0056_02954;2954;;Chemin Eissalettes Occidentales;83570;83046;Cotignac;;;6.174568;43.516307
83046_0290_02545;2545;;Chemin du Derroc;83570;83046;Cotignac;;;6.143195;43.532704
83046_0380_04035;4035;;Chemin de Pecounillier;83570;83046;Cotignac;;;6.184961;43.511636
83046_0270_04119;4119;;Chemin de la Condamine;83570;83046;Cotignac;;;6.168166;43.506823
83046_0270_04250;4250;;Chemin de la Condamine;83570;83046;Cotignac;;;6.168985;43.505795
83046_0092_04327;4327;;Chemin Libellule;83570;83046;Cotignac;;;6.150437;43.502343
83046_0098_02891;2891;;Chemin de Bellevue;83570;83046;Cotignac;;;6.165508;43.510927
83046_0098_03510;3510;;Chemin de Bellevue;83570;83046;Cotignac;;;6.166331;43.512082
83046_0137_03701;3701;;Chemin de Peyrane;83570;83046;Cotignac;;;6.164379;43.505441
83046_0210_01190;1190;;Chemin de l’Azenas;83570;83046;Cotignac;;;6.158826;43.523522
83046_0150_00008;8;;Rue Saint-jean;83570;83046;Cotignac;;;6.150174;43.526419
83046_0150_00018;18;;Rue Saint-jean;83570;83046;Cotignac;;;6.149813;43.526357
83046_0093_00018;18;;Place de la Liberte;83570;83046;Cotignac;;;6.149725;43.528744
83046_0015_00002;2;;Rue d'Arcole;83570;83046;Cotignac;;;6.149406;43.527318
83046_0075_00002;2;;Avenue Jean Moulin;83570;83046;Cotignac;;;6.151231;43.526697
83046_0111_00009;9;;Place Xavier Marin;83570;83046;Cotignac;;;6.149711;43.529035
83046_0111_00014;14;;Place Xavier Marin;83570;83046;Cotignac;;;6.149792;43.528974
83046_0111_00031;31;;Place Xavier Marin;83570;83046;Cotignac;;;6.150245;43.529312
83046_b025_02658;2658;;Camp d'Andriou;83570;83046;Cotignac;;;6.171296;43.515047
83046_b043_03502;3502;;Clos de Roucas;83570;83046;Cotignac;;;6.150289;43.506991
83046_b043_03763;3763;;Clos de Roucas;83570;83046;Cotignac;;;6.152563;43.504677
83046_0014_00001;1;;Rue de l’Arenier;83570;83046;Cotignac;;;6.149052;43.527287
83046_0014_00013;13;;Rue de l’Arenier;83570;83046;Cotignac;;;6.148556;43.527337
83046_0132_04160;4160;;Chemin des Oupaloux;83570;83046;Cotignac;;;6.16028;43.49855
83046_0094_02199;2199;;Chemin Louis XIV;83570;83046;Cotignac;;;6.145881;43.517034
83046_0110_00015;15;;Rue des Maréchaux;83570;83046;Cotignac;;;6.150223;43.529743
83046_0110_00024;24;;Rue des Maréchaux;83570;83046;Cotignac;;;6.149968;43.529184
83046_0105_00026_bis;26;bis;Rue du Marais;83570;83046;Cotignac;;;6.149783;43.528327
83046_0027_00012;12;;Rue de Caux;83570;83046;Cotignac;;;6.149311;43.52839
83046_0135_00784;784;;Chemin Paradis;83570;83046;Cotignac;;;6.155818;43.525319
83046_0167_00728;728;;Impasse des Verdares;83570;83046;Cotignac;;;6.148021;43.52409
83046_0167_00766;766;;Impasse des Verdares;83570;83046;Cotignac;;;6.147659;43.523903
83046_0040_00004;4;;Rue des 2 Places;83570;83046;Cotignac;;;6.149295;43.528955
83046_0235_02432;2432;;Impasse de Blen;83570;83046;Cotignac;;;6.169819;43.517825
83046_0235_02653;2653;;Impasse de Blen;83570;83046;Cotignac;;;6.168846;43.519229
83046_0246_00670;670;;Route de Carces;83570;83046;Cotignac;;;6.149552;43.523889
83046_0246_01010;1010;;Route de Carces;83570;83046;Cotignac;;;6.153165;43.521459
83046_0246_01292;1292;;Route de Carces;83570;83046;Cotignac;;;6.154909;43.519826
83046_0246_01294;1294;;Route de Carces;83570;83046;Cotignac;;;6.154911;43.519825
83046_0246_01831;1831;;Route de Carces;83570;83046;Cotignac;;;6.159858;43.518151
83046_0246_01898;1898;;Route de Carces;83570;83046;Cotignac;;;6.160847;43.516331
83046_0246_02742;2742;;Route de Carces;83570;83046;Cotignac;;;6.15985;43.509182
83046_0246_02760;2760;;Route de Carces;83570;83046;Cotignac;;;6.159887;43.509029
83046_0246_02764;2764;;Route de Carces;83570;83046;Cotignac;;;6.159894;43.508993
83046_0246_02766;2766;;Route de Carces;83570;83046;Cotignac;;;6.159895;43.508976
83046_0246_02841;2841;;Route de Carces;83570;83046;Cotignac;;;6.159998;43.508257
83046_0246_02932;2932;;Route de Carces;83570;83046;Cotignac;;;6.159831;43.507495
83046_0024_00842;842;;Avenue Hubert Blanc;83570;83046;Cotignac;;;6.153336;43.524073
83046_0070_00002;2;;Grand Rue;83570;83046;Cotignac;;;6.149076;43.528928
83046_0070_00010;10;;Grand Rue;83570;83046;Cotignac;;;6.149036;43.528742
83046_0070_00015;15;;Grand Rue;83570;83046;Cotignac;;;6.149084;43.528235
83046_0264_00007;7;;Chemin Colle de Pierre;83570;83046;Cotignac;;;6.154892;43.529168
83046_0264_00010;10;;Chemin Colle de Pierre;83570;83046;Cotignac;;;6.155367;43.529231
83046_0264_00018;18;;Chemin Colle de Pierre;83570;83046;Cotignac;;;6.156286;43.529083
83046_0264_01496;1496;;Chemin Colle de Pierre;83570;83046;Cotignac;;;6.159202;43.534664
83046_0264_01551;1551;;Chemin Colle de Pierre;83570;83046;Cotignac;;;6.159539;43.53457
83046_0127_04138;4138;;Impasse de Nestuby;83570;83046;Cotignac;;;6.145087;43.505847
83046_0058_01596;1596;;Chemin du Fourniguie Nord;83570;83046;Cotignac;;;6.157855;43.5178
83046_0058_01662;1662;;Chemin du Fourniguie Nord;83570;83046;Cotignac;;;6.157847;43.517307
83046_0060_00018;18;;Rue Gabriel Philis;83570;83046;Cotignac;;;6.15037;43.52848
83046_0056_02550;2550;;Chemin Eissalettes Occidentales;83570;83046;Cotignac;;;6.172607;43.516018
83046_0056_03100;3100;;Chemin Eissalettes Occidentales;83570;83046;Cotignac;;;6.176184;43.516008
83046_0056_03297;3297;;Chemin Eissalettes Occidentales;83570;83046;Cotignac;;;6.178376;43.517013
83046_0039_01575;1575;;Chemin du Clos Notre Dame;83570;83046;Cotignac;;;6.149492;43.52046
83046_0039_01625;1625;;Chemin du Clos Notre Dame;83570;83046;Cotignac;;;6.149477;43.51997
83046_0450_02051;2051;;Chemin des Tours;83570;83046;Cotignac;;;6.147539;43.530092
83046_0450_02221;2221;;Chemin des Tours;83570;83046;Cotignac;;;6.146618;43.529197
83046_0290_02947;2947;;Chemin du Derroc;83570;83046;Cotignac;;;6.141631;43.529526
83046_0290_03021;3021;;Chemin du Derroc;83570;83046;Cotignac;;;6.141042;43.529203
83046_0265_04280;4280;;Chemin du Collet de Choucou;83570;83046;Cotignac;;;6.184933;43.513583
83046_0419_04525;4525;;Chemin Saint Joseph;83570;83046;Cotignac;;;6.126355;43.533484
83046_0270_04843;4843;;Chemin de la Condamine;83570;83046;Cotignac;;;6.169759;43.500594
83046_0051_00002;2;;Place de l'Eglise;83570;83046;Cotignac;;;6.14906;43.528055
83046_0435_04001;4001;;Chemin de la Source Saint Martin;83570;83046;Cotignac;;;6.130479;43.522202
83046_0210_01341;1341;;Chemin de l’Azenas;83570;83046;Cotignac;;;6.160375;43.52358
83046_0258_03771;3771;;Impasse du Clos de Roucas;83570;83046;Cotignac;;;6.157431;43.504714
83046_0490_00001;1;;Chemin du Clos de Vachoun;83570;83046;Cotignac;;;6.143392;43.496909
83046_0230_01845;1845;;Chemin de Blain;83570;83046;Cotignac;;;6.163786;43.518964
83046_0054_00004;4;;Rue des Escaillons;83570;83046;Cotignac;;;6.148316;43.528954
83046_0066_02784;2784;;Chemin de Gassiere;83570;83046;Cotignac;;;6.174672;43.506227
83046_0253_03293;3293;;Impasse des Chenes;83570;83046;Cotignac;;;6.156207;43.508342
83046_0212_04546;4546;;Chemin de Barrette Rouge;83570;83046;Cotignac;;;6.126481;43.525385
83046_0023_04718;4718;;Impasse de la Colle d’Auban;83570;83046;Cotignac;;;6.149328;43.499195
83046_0031_01464;1464;;Impasse de la Colle;83570;83046;Cotignac;;;6.151157;43.519687
83046_0140_00001;1;;Rue de la Placette;83570;83046;Cotignac;;;6.149754;43.529688
83046_0140_00006;6;;Rue de la Placette;83570;83046;Cotignac;;;6.149488;43.529303
83046_0275_04570;4570;;Chemin de Cucuron;83570;83046;Cotignac;;;6.130857;43.526472
83046_0242_02154;2154;;Chemin du Bouillidou;83570;83046;Cotignac;;;6.168356;43.523118
83046_0271_03630;3630;;Traverse de la Condamine;83570;83046;Cotignac;;;6.163871;43.502695
83046_0205_04748;4748;;Traverse de la Colle d’Auban;83570;83046;Cotignac;;;6.149592;43.500945
83046_0028_01124;1124;;Ancien Chemin de Salernes;83570;83046;Cotignac;;;6.158008;43.523211
83046_0028_01270;1270;;Ancien Chemin de Salernes;83570;83046;Cotignac;;;6.160508;43.522504
83046_0028_01350;1350;;Ancien Chemin de Salernes;83570;83046;Cotignac;;;6.161141;43.522823
83046_0028_01565;1565;;Ancien Chemin de Salernes;83570;83046;Cotignac;;;6.162407;43.523649
83046_0028_01627;1627;;Ancien Chemin de Salernes;83570;83046;Cotignac;;;6.163268;43.524084
83046_0090_00006;6;;Rue Léon Gérard;83570;83046;Cotignac;;;6.149285;43.52804
83046_0090_00011;11;;Rue Léon Gérard;83570;83046;Cotignac;;;6.149851;43.528239
83046_0090_00014;14;;Rue Léon Gérard;83570;83046;Cotignac;;;6.149914;43.528169
83046_0165_02032;2032;;Route de Sillans;83570;83046;Cotignac;;;6.147378;43.531454
83046_0165_02090;2090;;Route de Sillans;83570;83046;Cotignac;;;6.146444;43.531861
83046_0055_03898;3898;;Chemin Eissalettes Orientales;83570;83046;Cotignac;;;6.18236;43.513216
83046_0100_00005;5;;Place de la Mairie;83570;83046;Cotignac;;;6.148784;43.529097
83046_0100_00012;12;;Place de la Mairie;83570;83046;Cotignac;;;6.149029;43.528975
83046_0170_00005;5;;Rue de la Victoire;83570;83046;Cotignac;;;6.149798;43.527684
83046_0160_00010;10;;Rue Saint-joseph;83570;83046;Cotignac;;;6.150154;43.526904
83046_b044_04700;4700;;Clos de Ruou;83570;83046;Cotignac;;;6.154759;43.495598
83046_b096_03801;3801;;Loup à Loup;83570;83046;Cotignac;;;6.156767;43.513045
83046_0030_00002;2;;Rue Clastre;83570;83046;Cotignac;;;6.149144;43.529344
83046_0263_03602;3602;;Chemin de la Colle de l'Anderete;83570;83046;Cotignac;;;6.179402;43.52264
83046_0246_04436;4436;;Route de Carces;83570;83046;Cotignac;;;6.162988;43.496996
83046_0038_00758;758;;Chemin Notre Dame;83570;83046;Cotignac;;;6.147764;43.525143
83046_0038_01274;1274;;Chemin Notre Dame;83570;83046;Cotignac;;;6.146179;43.524538
83046_0038_01301;1301;;Chemin Notre Dame;83570;83046;Cotignac;;;6.147275;43.522785
83046_0038_01927;1927;;Chemin Notre Dame;83570;83046;Cotignac;;;6.145785;43.520296
83046_0141_00004;4;;Rue du Plan Giraud;83570;83046;Cotignac;;;6.151348;43.529681
83046_0427_01210;1210;;Chemin de Salernes;83570;83046;Cotignac;;;6.15899;43.522978
83046_0295_00004_bis;4;bis;Chemin des Ecoles;83570;83046;Cotignac;;;6.152471;43.529197
83046_0165_00755;755;;Route de Sillans;83570;83046;Cotignac;;;6.153854;43.53022
83046_0165_01328;1328;;Route de Sillans;83570;83046;Cotignac;;;6.153415;43.530497
83046_0165_02849;2849;;Route de Sillans;83570;83046;Cotignac;;;6.146572;43.531798
83046_0021_01089;1089;;Traverse de la Colle;83570;83046;Cotignac;;;6.15036;43.522152
83046_0170_00008;8;;Rue de la Victoire;83570;83046;Cotignac;;;6.149511;43.527577
83046_b047_04820;4820;;Colle d'Auban;83570;83046;Cotignac;;;6.150533;43.499052
83046_b053_04249;4249;;Le Collet de Choucou;83570;83046;Cotignac;;;6.184866;43.513262
83046_b086_01953;1953;;La Gorge de Regaillon;83570;83046;Cotignac;;;6.165344;43.526078
83046_b096_00099;99;;Loup à Loup;83570;83046;Cotignac;;;6.156655;43.511162
83046_b096_02736;2736;;Loup à Loup;83570;83046;Cotignac;;;6.157323;43.513065
83046_b106_01303;1303;;Notre Dame;83570;83046;Cotignac;;;6.148065;43.522236
83046_b138_00001;1;;Saint Sébastien;83570;83046;Cotignac;;;6.152046;43.528874
83046_b149_00009;9;;Ville Haute;83570;83046;Cotignac;;;6.149763;43.529259
83046_0007_04174;4174;;Chemin du Camp d'Andriou;83570;83046;Cotignac;;;6.175901;43.506269
83046_0246_04160;4160;;Route de Carces;83570;83046;Cotignac;;;6.162989;43.496994
83046_0038_00573;573;;Chemin Notre Dame;83570;83046;Cotignac;;;6.149306;43.525159
83046_0038_00900;900;;Chemin Notre Dame;83570;83046;Cotignac;;;6.142779;43.526931
83046_0038_01625;1625;;Chemin Notre Dame;83570;83046;Cotignac;;;6.148115;43.520537
83046_0141_00028;28;;Rue du Plan Giraud;83570;83046;Cotignac;;;6.150458;43.530103
83046_0141_00031;31;;Rue du Plan Giraud;83570;83046;Cotignac;;;6.149849;43.530046
83046_0141_00016_bis;16;bis;Rue du Plan Giraud;83570;83046;Cotignac;;;6.151117;43.530159
83046_0141_00033_bis;33;bis;Rue du Plan Giraud;83570;83046;Cotignac;;;6.149531;43.529941
83046_0090_00001;1;;Rue Léon Gérard;83570;83046;Cotignac;;;6.149245;43.528116
83046_0090_00004_bis;4;bis;Rue Léon Gérard;83570;83046;Cotignac;;;6.149328;43.528048
83046_0165_01286;1286;;Route de Sillans;83570;83046;Cotignac;;;6.154031;43.528099
83046_0165_04210;4210;;Route de Sillans;83570;83046;Cotignac;;;6.158677;43.543989
83046_0017_04520;4520;;Chemin de la Colle d’Auban;83570;83046;Cotignac;;;6.147144;43.49999
83046_0017_04656;4656;;Chemin de la Colle d’Auban;83570;83046;Cotignac;;;6.147905;43.498989
83046_0021_01151;1151;;Traverse de la Colle;83570;83046;Cotignac;;;6.151218;43.521893
83046_b043_04419;4419;;Clos de Roucas;83570;83046;Cotignac;;;6.145281;43.500299
83046_b066_03429;3429;;Le Défens Meridional;83570;83046;Cotignac;;;6.175694;43.531759
83046_b070_00002;2;;Eissalletes Orientales;83570;83046;Cotignac;;;6.184106;43.514171
83046_b096_00003;3;;Loup à Loup;83570;83046;Cotignac;;;6.155214;43.510457
83046_b096_00013;13;;Loup à Loup;83570;83046;Cotignac;;;6.155476;43.51073
83046_b123_00001;1;;Pra de Pé;83570;83046;Cotignac;;;6.148635;43.528116
83046_b123_00008;8;;Pra de Pé;83570;83046;Cotignac;;;6.148624;43.528875
83046_b137_02445;2445;;Saint Martin;83570;83046;Cotignac;;;6.143175;43.532683
83046_0310_01953;1953;;Chemin de la Gorge de Regaillon;83570;83046;Cotignac;;;6.165324;43.526055
83046_0138_00012;12;;Rue Pierrevel;83570;83046;Cotignac;;;6.14883;43.528498
83046_0038_00766;766;;Chemin Notre Dame;83570;83046;Cotignac;;;6.148071;43.52472
83046_0038_01423;1423;;Chemin Notre Dame;83570;83046;Cotignac;;;6.147566;43.521841
83046_0038_01542;1542;;Chemin Notre Dame;83570;83046;Cotignac;;;6.148001;43.520818
83046_0141_00007;7;;Rue du Plan Giraud;83570;83046;Cotignac;;;6.151215;43.529893
83046_0141_00015;15;;Rue du Plan Giraud;83570;83046;Cotignac;;;6.150718;43.530218
83046_0141_00020;20;;Rue du Plan Giraud;83570;83046;Cotignac;;;6.150777;43.53034
83046_0427_01138;1138;;Chemin de Salernes;83570;83046;Cotignac;;;6.158203;43.523288
83046_0427_01350;1350;;Chemin de Salernes;83570;83046;Cotignac;;;6.160771;43.522839
83046_0165_01426;1426;;Route de Sillans;83570;83046;Cotignac;;;6.1497;43.531453
83046_0165_01826;1826;;Route de Sillans;83570;83046;Cotignac;;;6.149514;43.532168
83046_0165_02040;2040;;Route de Sillans;83570;83046;Cotignac;;;6.146946;43.531634
83046_0017_04897;4897;;Chemin de la Colle d’Auban;83570;83046;Cotignac;;;6.150288;43.497971
83046_0005_00776;776;;Impasse de l’Aire des Fourches;83570;83046;Cotignac;;;6.154716;43.525454
83046_0005_00960;960;;Impasse de l’Aire des Fourches;83570;83046;Cotignac;;;6.154345;43.527106
83046_0055_03421;3421;;Chemin Eissalettes Orientales;83570;83046;Cotignac;;;6.18236;43.513216
83046_0100_00009;9;;Place de la Mairie;83570;83046;Cotignac;;;6.149145;43.529101
83046_0160_00006;6;;Rue Saint-joseph;83570;83046;Cotignac;;;6.150362;43.526938
83046_b044_04248;4248;;Clos de Ruou;83570;83046;Cotignac;;;6.15423;43.498688
83046_b149_00001;1;;Ville Haute;83570;83046;Cotignac;;;6.14809;43.529332
83046_0007_03382;3382;;Chemin du Camp d'Andriou;83570;83046;Cotignac;;;6.178913;43.514551
83046_0246_04434;4434;;Route de Carces;83570;83046;Cotignac;;;6.162988;43.496996
83046_0038_00505;505;;Chemin Notre Dame;83570;83046;Cotignac;;;6.149306;43.525159
83046_0038_00894;894;;Chemin Notre Dame;83570;83046;Cotignac;;;6.146749;43.525338
83046_0038_01785;1785;;Chemin Notre Dame;83570;83046;Cotignac;;;6.145868;43.519737
83046_0038_01915;1915;;Chemin Notre Dame;83570;83046;Cotignac;;;6.145772;43.520205
83046_0141_00011;11;;Rue du Plan Giraud;83570;83046;Cotignac;;;6.150993;43.530137
83046_0141_00023;23;;Rue du Plan Giraud;83570;83046;Cotignac;;;6.150586;43.530115
83046_0141_00003_bis;3;bis;Rue du Plan Giraud;83570;83046;Cotignac;;;6.151217;43.529889
83046_0427_01000;1000;;Chemin de Salernes;83570;83046;Cotignac;;;6.156753;43.523729
83046_0427_01274;1274;;Chemin de Salernes;83570;83046;Cotignac;;;6.159941;43.522714
83046_0427_01280;1280;;Chemin de Salernes;83570;83046;Cotignac;;;6.159992;43.522702
83046_0260_03863;3863;;Chemin du Clos du Ruou;83570;83046;Cotignac;;;6.156972;43.501547
83046_0260_04250;4250;;Chemin du Clos du Ruou;83570;83046;Cotignac;;;6.157102;43.499884
83046_0027_00011;11;;Rue de Caux;83570;83046;Cotignac;;;6.149247;43.528725
83046_0027_00004_a;4;a;Rue de Caux;83570;83046;Cotignac;;;6.149164;43.528136
83046_0300_01727;1727;;Impasse des Fabres;83570;83046;Cotignac;;;6.163133;43.520241
83046_0040_00002;2;;Rue des 2 Places;83570;83046;Cotignac;;;6.149246;43.528954
83046_0040_00005;5;;Rue des 2 Places;83570;83046;Cotignac;;;6.149552;43.529061
83046_0235_02369;2369;;Impasse de Blen;83570;83046;Cotignac;;;6.169295;43.517448
83046_0029_04140;4140;;Impasse de Caillade;83570;83046;Cotignac;;;6.144644;43.506064
83046_0160_00018;18;;Rue Saint-joseph;83570;83046;Cotignac;;;6.149843;43.526853
83046_0260_04157;4157;;Chemin du Clos du Ruou;83570;83046;Cotignac;;;6.157052;43.499103
83046_0027_00004;4;;Rue de Caux;83570;83046;Cotignac;;;6.149216;43.528149
83046_0027_00001_c;1;c;Rue de Caux;83570;83046;Cotignac;;;6.14918;43.52838
83046_0247_04046;4046;;Chemin de Caseneuve;83570;83046;Cotignac;;;6.141728;43.549477
83046_0135_00001;1;;Chemin Paradis;83570;83046;Cotignac;;;6.156894;43.525002
83046_0024_00461;461;;Avenue Hubert Blanc;83570;83046;Cotignac;;;6.152447;43.525423
83046_0027_00001;1;;Rue de Caux;83570;83046;Cotignac;;;6.149104;43.528207
83046_0027_00014;14;;Rue de Caux;83570;83046;Cotignac;;;6.149316;43.528503
83046_0040_00016;16;;Rue des 2 Places;83570;83046;Cotignac;;;6.14985;43.529028
83046_0126_04648;4648;;Chemin de Nestuby;83570;83046;Cotignac;;;6.142367;43.503786
83046_0008_00001;1;;Rue d'Antoine;83570;83046;Cotignac;;;6.150295;43.526748
83046_0260_03494;3494;;Chemin du Clos du Ruou;83570;83046;Cotignac;;;6.153798;43.506122
83046_0260_04466;4466;;Chemin du Clos du Ruou;83570;83046;Cotignac;;;6.155752;43.498668
83046_0260_04700;4700;;Chemin du Clos du Ruou;83570;83046;Cotignac;;;6.156451;43.494873
83046_0135_00785;785;;Chemin Paradis;83570;83046;Cotignac;;;6.154821;43.5252
83046_0135_00001_f;1;f;Chemin Paradis;83570;83046;Cotignac;;;6.156044;43.524932
83046_0167_00729;729;;Impasse des Verdares;83570;83046;Cotignac;;;6.147901;43.524136
83046_0040_00010;10;;Rue des 2 Places;83570;83046;Cotignac;;;6.149587;43.528985
83046_0126_04138;4138;;Chemin de Nestuby;83570;83046;Cotignac;;;6.143161;43.507196
83046_0008_00007;7;;Rue d'Antoine;83570;83046;Cotignac;;;6.149959;43.526689
83046_0235_02541;2541;;Impasse de Blen;83570;83046;Cotignac;;;6.169461;43.518573
83046_0029_04250;4250;;Impasse de Caillade;83570;83046;Cotignac;;;6.143358;43.50557
83046_0029_04560;4560;;Impasse de Caillade;83570;83046;Cotignac;;;6.145589;43.509166
83046_0427_01566;1566;;Chemin de Salernes;83570;83046;Cotignac;;;6.163248;43.523552
83046_0142_00006;6;;Rue Pra de Pé;83570;83046;Cotignac;;;6.148659;43.528916
83046_0142_00017;17;;Rue Pra de Pé;83570;83046;Cotignac;;;6.148601;43.528607
83046_0142_00023;23;;Rue Pra de Pé;83570;83046;Cotignac;;;6.148212;43.528506
83046_0065_00008;8;;Cours Gambetta;83570;83046;Cotignac;;;6.149555;43.526951
83046_0065_00022;22;;Cours Gambetta;83570;83046;Cotignac;;;6.149197;43.527596
83046_0065_00039;39;;Cours Gambetta;83570;83046;Cotignac;;;6.149189;43.527819
83046_0024_00604;604;;Avenue Hubert Blanc;83570;83046;Cotignac;;;6.152177;43.525629
83046_0315_04585;4585;;Chemin des Grives;83570;83046;Cotignac;;;6.116101;43.547761
83046_0070_00024;24;;Grand Rue;83570;83046;Cotignac;;;6.148972;43.528215
83046_0264_00016;16;;Chemin Colle de Pierre;83570;83046;Cotignac;;;6.156214;43.529152
83046_0264_01422;1422;;Chemin Colle de Pierre;83570;83046;Cotignac;;;6.154447;43.530668
83046_0264_01562;1562;;Chemin Colle de Pierre;83570;83046;Cotignac;;;6.159473;43.534653
83046_0127_04140;4140;;Impasse de Nestuby;83570;83046;Cotignac;;;6.145071;43.505837
83046_0058_01654;1654;;Chemin du Fourniguie Nord;83570;83046;Cotignac;;;6.157873;43.517361
83046_0058_01660;1660;;Chemin du Fourniguie Nord;83570;83046;Cotignac;;;6.157853;43.517321
83046_0060_00001;1;;Rue Gabriel Philis;83570;83046;Cotignac;;;6.150045;43.529078
83046_0060_00009;9;;Rue Gabriel Philis;83570;83046;Cotignac;;;6.150444;43.528587
83046_0060_00014;14;;Rue Gabriel Philis;83570;83046;Cotignac;;;6.150288;43.528635
83046_0056_02709;2709;;Chemin Eissalettes Occidentales;83570;83046;Cotignac;;;6.171956;43.516415
83046_0039_01620;1620;;Chemin du Clos Notre Dame;83570;83046;Cotignac;;;6.149969;43.520244
83046_0290_02514;2514;;Chemin du Derroc;83570;83046;Cotignac;;;6.142668;43.532541
83046_0290_02724;2724;;Chemin du Derroc;83570;83046;Cotignac;;;6.141146;43.530978
83046_0270_03054;3054;;Chemin de la Condamine;83570;83046;Cotignac;;;6.165267;43.508498
83046_0120_00001;1;;Rue des Nais;83570;83046;Cotignac;;;6.15024;43.527911
83046_0120_00002_bis;2;bis;Rue des Nais;83570;83046;Cotignac;;;6.150262;43.52801
83046_0098_03253;3253;;Chemin de Bellevue;83570;83046;Cotignac;;;6.167109;43.513828
83046_0098_03451;3451;;Chemin de Bellevue;83570;83046;Cotignac;;;6.166169;43.512622
83046_0144_00005;5;;Rue du Rocher;83570;83046;Cotignac;;;6.148698;43.52971
83046_0196_01293;1293;;Chemin de la Ralaye;83570;83046;Cotignac;;;6.158046;43.521877
83046_0196_01793;1793;;Chemin de la Ralaye;83570;83046;Cotignac;;;6.161095;43.518893
83046_0069_00002;2;;Rue Clemenceau;83570;83046;Cotignac;;;6.150805;43.526971
83046_0198_00002;2;;Rue Saint Sebastien;83570;83046;Cotignac;;;6.15052;43.528384
83046_0198_00005;5;;Rue Saint Sebastien;83570;83046;Cotignac;;;6.150842;43.528446
83046_0198_00010;10;;Rue Saint Sebastien;83570;83046;Cotignac;;;6.15085;43.528343
83046_0198_00017;17;;Rue Saint Sebastien;83570;83046;Cotignac;;;6.151429;43.527855
83046_0198_00023;23;;Rue Saint Sebastien;83570;83046;Cotignac;;;6.15155;43.527656
83046_0198_00014_bis;14;bis;Rue Saint Sebastien;83570;83046;Cotignac;;;6.150953;43.528287
83046_0427_01424;1424;;Chemin de Salernes;83570;83046;Cotignac;;;6.162402;43.523117
83046_0427_01694;1694;;Chemin de Salernes;83570;83046;Cotignac;;;6.164433;43.523363
83046_0427_04085;4085;;Chemin de Salernes;83570;83046;Cotignac;;;6.186159;43.534661
83046_0142_00001;1;;Rue Pra de Pé;83570;83046;Cotignac;;;6.148773;43.528876
83046_0142_00014;14;;Rue Pra de Pé;83570;83046;Cotignac;;;6.148685;43.52874
83046_0142_00029;29;;Rue Pra de Pé;83570;83046;Cotignac;;;6.147379;43.52832
83046_0065_00002;2;;Cours Gambetta;83570;83046;Cotignac;;;6.149475;43.526247
83046_0065_00002_bis;2;bis;Cours Gambetta;83570;83046;Cotignac;;;6.149194;43.525979
83046_0024_00688;688;;Avenue Hubert Blanc;83570;83046;Cotignac;;;6.152739;43.525039
83046_0024_00728;728;;Avenue Hubert Blanc;83570;83046;Cotignac;;;6.153034;43.524769
83046_0068_00004_bis;4;bis;Place Georges Blanc;83570;83046;Cotignac;;;6.149463;43.52934
83046_0070_00005;5;;Grand Rue;83570;83046;Cotignac;;;6.149123;43.528615
83046_0070_00021;21;;Grand Rue;83570;83046;Cotignac;;;6.149086;43.528232
83046_0264_00013;13;;Chemin Colle de Pierre;83570;83046;Cotignac;;;6.155887;43.529301
83046_0264_00021;21;;Chemin Colle de Pierre;83570;83046;Cotignac;;;6.156695;43.529021
83046_0127_04221;4221;;Impasse de Nestuby;83570;83046;Cotignac;;;6.144466;43.505427
83046_0060_00006;6;;Rue Gabriel Philis;83570;83046;Cotignac;;;6.15005;43.528862
83046_0290_02970;2970;;Chemin du Derroc;83570;83046;Cotignac;;;6.141208;43.529327
83046_0290_03082;3082;;Chemin du Derroc;83570;83046;Cotignac;;;6.140613;43.529161
83046_0419_03514;3514;;Chemin Saint Joseph;83570;83046;Cotignac;;;6.13708;43.535539
83046_0270_04205;4205;;Chemin de la Condamine;83570;83046;Cotignac;;;6.168948;43.506228
83046_0270_04474;4474;;Chemin de la Condamine;83570;83046;Cotignac;;;6.169281;43.503793
83046_0092_04109;4109;;Chemin Libellule;83570;83046;Cotignac;;;6.14836;43.50313
83046_0092_04257;4257;;Chemin Libellule;83570;83046;Cotignac;;;6.149753;43.502486
83046_0098_02842;2842;;Chemin de Bellevue;83570;83046;Cotignac;;;6.171372;43.514036
83046_0065_00017;17;;Cours Gambetta;83570;83046;Cotignac;;;6.149292;43.527102
83046_0065_00033;33;;Cours Gambetta;83570;83046;Cotignac;;;6.149197;43.527596
83046_0024_00860;860;;Avenue Hubert Blanc;83570;83046;Cotignac;;;6.153999;43.523828
83046_0080_00009;9;;Place Joseph Sigaud;83570;83046;Cotignac;;;6.150342;43.526672
83046_0070_00026_bis;26;bis;Grand Rue;83570;83046;Cotignac;;;6.148972;43.528215
83046_0264_01114;1114;;Chemin Colle de Pierre;83570;83046;Cotignac;;;6.160951;43.533129
83046_0264_01515;1515;;Chemin Colle de Pierre;83570;83046;Cotignac;;;6.159983;43.534565
83046_0039_01472;1472;;Chemin du Clos Notre Dame;83570;83046;Cotignac;;;6.149138;43.521182
83046_0039_01637;1637;;Chemin du Clos Notre Dame;83570;83046;Cotignac;;;6.14924;43.523176
83046_0039_01891;1891;;Chemin du Clos Notre Dame;83570;83046;Cotignac;;;6.14829;43.517317
83046_0290_02664;2664;;Chemin du Derroc;83570;83046;Cotignac;;;6.141495;43.531344
83046_0380_04488;4488;;Chemin de Pecounillier;83570;83046;Cotignac;;;6.183869;43.508413
83046_0380_04702;4702;;Chemin de Pecounillier;83570;83046;Cotignac;;;6.18384;43.50657
83046_0265_04282;4282;;Chemin du Collet de Choucou;83570;83046;Cotignac;;;6.184921;43.513598
83046_0265_04286;4286;;Chemin du Collet de Choucou;83570;83046;Cotignac;;;6.18491;43.513613
83046_0419_04400;4400;;Chemin Saint Joseph;83570;83046;Cotignac;;;6.126732;43.534418
83046_b063_03765;3765;;Condamine Longue;83570;83046;Cotignac;;;6.150616;43.544758
83046_0427_01953;1953;;Chemin de Salernes;83570;83046;Cotignac;;;6.167349;43.52331
83046_0427_02042;2042;;Chemin de Salernes;83570;83046;Cotignac;;;6.16826;43.523624
83046_0427_03712;3712;;Chemin de Salernes;83570;83046;Cotignac;;;6.18271;43.532454
83046_0142_00009;9;;Rue Pra de Pé;83570;83046;Cotignac;;;6.148803;43.528678
83046_0142_00002_bis;2;bis;Rue Pra de Pé;83570;83046;Cotignac;;;6.148658;43.528918
83046_0065_00011;11;;Cours Gambetta;83570;83046;Cotignac;;;6.149332;43.526946
83046_0065_00025;25;;Cours Gambetta;83570;83046;Cotignac;;;6.149201;43.527511
83046_0065_00004_bis;4;bis;Cours Gambetta;83570;83046;Cotignac;;;6.149475;43.526247
83046_0144_00001;1;;Rue du Rocher;83570;83046;Cotignac;;;6.148393;43.529583
83046_0068_00004;4;;Place Georges Blanc;83570;83046;Cotignac;;;6.149523;43.529338
83046_0070_00008;8;;Grand Rue;83570;83046;Cotignac;;;6.149036;43.528744
83046_0070_00013;13;;Grand Rue;83570;83046;Cotignac;;;6.149081;43.528239
83046_0070_00016;16;;Grand Rue;83570;83046;Cotignac;;;6.148971;43.528216
83046_0264_00008;8;;Chemin Colle de Pierre;83570;83046;Cotignac;;;6.15511;43.529193
83046_0060_00016_a;16;a;Rue Gabriel Philis;83570;83046;Cotignac;;;6.150323;43.528603
83046_0056_02928;2928;;Chemin Eissalettes Occidentales;83570;83046;Cotignac;;;6.17425;43.516258
83046_0056_02990;2990;;Chemin Eissalettes Occidentales;83570;83046;Cotignac;;;6.174847;43.516064
83046_0056_03102;3102;;Chemin Eissalettes Occidentales;83570;83046;Cotignac;;;6.176203;43.516012
83046_0039_00134;134;;Chemin du Clos Notre Dame;83570;83046;Cotignac;;;6.14866;43.52265
83046_0098_02895;2895;;Chemin de Bellevue;83570;83046;Cotignac;;;6.164701;43.510829
83046_0144_00004_bis;4;bis;Rue du Rocher;83570;83046;Cotignac;;;6.149145;43.529782
83046_0026_00005;5;;Rue de la Cadelle;83570;83046;Cotignac;;;6.151292;43.529424
83046_0026_00008;8;;Rue de la Cadelle;83570;83046;Cotignac;;;6.15147;43.529548
83046_0039_01345;1345;;Chemin du Clos Notre Dame;83570;83046;Cotignac;;;6.149198;43.522148
83046_0039_01920;1920;;Chemin du Clos Notre Dame;83570;83046;Cotignac;;;6.146852;43.517512
83046_0450_02170;2170;;Chemin des Tours;83570;83046;Cotignac;;;6.147539;43.530092
83046_0290_02310;2310;;Chemin du Derroc;83570;83046;Cotignac;;;6.14084;43.528577
83046_0290_02937;2937;;Chemin du Derroc;83570;83046;Cotignac;;;6.143097;43.532936
83046_0380_04044;4044;;Chemin de Pecounillier;83570;83046;Cotignac;;;6.184907;43.511523
83046_0144_00011;11;;Rue du Rocher;83570;83046;Cotignac;;;6.149288;43.529912
83046_0196_01480;1480;;Chemin de la Ralaye;83570;83046;Cotignac;;;6.157699;43.521637
83046_0198_00013;13;;Rue Saint Sebastien;83570;83046;Cotignac;;;6.151331;43.528011
83046_0258_03767;3767;;Impasse du Clos de Roucas;83570;83046;Cotignac;;;6.157472;43.504733
83046_0258_04112;4112;;Impasse du Clos de Roucas;83570;83046;Cotignac;;;6.153876;43.503173
83046_0150_00012_bis;12;bis;Rue Saint-jean;83570;83046;Cotignac;;;6.149974;43.526384
83046_0230_01779;1779;;Chemin de Blain;83570;83046;Cotignac;;;6.163786;43.518964
83046_0054_00008;8;;Rue des Escaillons;83570;83046;Cotignac;;;6.147657;43.52879
83046_0066_03978;3978;;Chemin de Gassiere;83570;83046;Cotignac;;;6.174674;43.506225
83046_0253_03375;3375;;Impasse des Chenes;83570;83046;Cotignac;;;6.156977;43.507837
83046_0023_04705;4705;;Impasse de la Colle d’Auban;83570;83046;Cotignac;;;6.149171;43.499175
83046_0199_04319;4319;;Chemin du Périgoulier;83570;83046;Cotignac;;;6.148922;43.511172
83046_0199_04629;4629;;Chemin du Périgoulier;83570;83046;Cotignac;;;6.145383;43.508419
83046_0014_00003;3;;Rue de l’Arenier;83570;83046;Cotignac;;;6.14897;43.527278
83046_0132_03315;3315;;Chemin des Oupaloux;83570;83046;Cotignac;;;6.153725;43.507922
83046_0132_03494;3494;;Chemin des Oupaloux;83570;83046;Cotignac;;;6.155278;43.506688
83046_0094_02194;2194;;Chemin Louis XIV;83570;83046;Cotignac;;;6.146046;43.517032
83046_0025_00008;8;;Rue Bonaventure;83570;83046;Cotignac;;;6.149684;43.527079
83046_0110_00017;17;;Rue des Maréchaux;83570;83046;Cotignac;;;6.150196;43.529695
83046_0146_00002;2;;Rue des Ribbes;83570;83046;Cotignac;;;6.150089;43.526012
83046_0242_02361;2361;;Chemin du Bouillidou;83570;83046;Cotignac;;;6.172232;43.52226
83046_0028_01278;1278;;Ancien Chemin de Salernes;83570;83046;Cotignac;;;6.160339;43.522261
83046_0050_00004;4;;Rue des Ecoles;83570;83046;Cotignac;;;6.152399;43.528596
83046_0096_03681;3681;;Impasse Loup à Loup;83570;83046;Cotignac;;;6.151245;43.511297
83046_0111_00024;24;;Place Xavier Marin;83570;83046;Cotignac;;;6.149872;43.529188
83046_b018_01875;1875;;Bonne Pale;83570;83046;Cotignac;;;6.146102;43.518538
83046_b044_04163;4163;;Clos de Ruou;83570;83046;Cotignac;;;6.15261;43.500477
83046_b047_00001;1;;Colle d'Auban;83570;83046;Cotignac;;;6.149399;43.498967
83046_0110_00027;27;;Rue des Maréchaux;83570;83046;Cotignac;;;6.150199;43.529443
83046_0110_00035;35;;Rue des Maréchaux;83570;83046;Cotignac;;;6.1502;43.529272
83046_0105_00023;23;;Rue du Marais;83570;83046;Cotignac;;;6.149858;43.528797
83046_0105_00026;26;;Rue du Marais;83570;83046;Cotignac;;;6.149717;43.528414
83046_0105_00033;33;;Rue du Marais;83570;83046;Cotignac;;;6.149923;43.528311
83046_0005_00775;775;;Impasse de l’Aire des Fourches;83570;83046;Cotignac;;;6.154607;43.525469
83046_0055_03877;3877;;Chemin Eissalettes Orientales;83570;83046;Cotignac;;;6.180894;43.512817
83046_b070_03877;3877;;Eissalletes Orientales;83570;83046;Cotignac;;;6.180671;43.514192
83046_b123_00014;14;;Pra de Pé;83570;83046;Cotignac;;;6.148461;43.528667
83046_b138_00003;3;;Saint Sébastien;83570;83046;Cotignac;;;6.150635;43.52851
83046_b149_00019;19;;Ville Haute;83570;83046;Cotignac;;;6.149702;43.530075
83046_0410_03211;3211;;Impasse de Rivauguier;83570;83046;Cotignac;;;6.177837;43.5331
83046_0007_01811;1811;;Chemin du Camp d'Andriou;83570;83046;Cotignac;;;6.176918;43.509247
83046_0138_00018;18;;Rue Pierrevel;83570;83046;Cotignac;;;6.148884;43.528623
83046_0098_03771;3771;;Chemin de Bellevue;83570;83046;Cotignac;;;6.166174;43.510342
83046_0435_03225;3225;;Chemin de la Source Saint Martin;83570;83046;Cotignac;;;6.12228;43.512338
83046_0435_03285;3285;;Chemin de la Source Saint Martin;83570;83046;Cotignac;;;6.12252;43.511914
83046_0435_04003;4003;;Chemin de la Source Saint Martin;83570;83046;Cotignac;;;6.123445;43.507884
83046_0210_01250;1250;;Chemin de l’Azenas;83570;83046;Cotignac;;;6.159521;43.523569
83046_0150_00004;4;;Rue Saint-jean;83570;83046;Cotignac;;;6.151023;43.526564
83046_0150_00014;14;;Rue Saint-jean;83570;83046;Cotignac;;;6.149965;43.526383
83046_0093_00021;21;;Place de la Liberte;83570;83046;Cotignac;;;6.149799;43.528899
83046_0015_00004;4;;Rue d'Arcole;83570;83046;Cotignac;;;6.149817;43.527356
83046_0166_04793;4793;;Chemin de Basse Terrisse;83570;83046;Cotignac;;;6.193673;43.511366
83046_0253_03179;3179;;Impasse des Chenes;83570;83046;Cotignac;;;6.155154;43.508832
83046_0253_03300;3300;;Impasse des Chenes;83570;83046;Cotignac;;;6.15638;43.508121
83046_0023_04778;4778;;Impasse de la Colle d’Auban;83570;83046;Cotignac;;;6.150051;43.499297
83046_0031_01455_b;1455;b;Impasse de la Colle;83570;83046;Cotignac;;;6.15009;43.519462
83046_0140_00002;2;;Rue de la Placette;83570;83046;Cotignac;;;6.149694;43.529337
83046_0199_04112;4112;;Chemin du Périgoulier;83570;83046;Cotignac;;;6.149193;43.509246
83046_0133_02414;2414;;Chemin de Bonne Pale;83570;83046;Cotignac;;;6.144608;43.518752
83046_0133_02551;2551;;Chemin de Bonne Pale;83570;83046;Cotignac;;;6.143836;43.519431
83046_0083_03376;3376;;Chemin de la Lauve;83570;83046;Cotignac;;;6.139852;43.537055
83046_0014_00004_bis;4;bis;Rue de l’Arenier;83570;83046;Cotignac;;;6.148801;43.527339
83046_0094_02292;2292;;Chemin Louis XIV;83570;83046;Cotignac;;;6.145418;43.517743
83046_0110_00001;1;;Rue des Maréchaux;83570;83046;Cotignac;;;6.150544;43.530048
83046_0110_00009;9;;Rue des Maréchaux;83570;83046;Cotignac;;;6.150247;43.529769
83046_0110_00022;22;;Rue des Maréchaux;83570;83046;Cotignac;;;6.150015;43.529213
83046_0140_00025;25;;Rue de la Placette;83570;83046;Cotignac;;;6.150228;43.529916
83046_0252_02157;2157;;Chemin de la Chap Saint Martin;83570;83046;Cotignac;;;6.145692;43.532129
83046_0496_03583;3583;;Chemin de Val Bonnette;83570;83046;Cotignac;;;6.179769;43.512002
83046_0033_00003;3;;Rue de la Combe Basse;83570;83046;Cotignac;;;6.152517;43.529742
83046_0146_00010;10;;Rue des Ribbes;83570;83046;Cotignac;;;6.149942;43.526107
83046_0071_02700;2700;;Chemin de Gourlon;83570;83046;Cotignac;;;6.163674;43.510093
83046_0010_00002;2;;Rue de l'Araignée;83570;83046;Cotignac;;;6.148842;43.527418
83046_0028_01564;1564;;Ancien Chemin de Salernes;83570;83046;Cotignac;;;6.163277;43.522783
83046_0096_02211;2211;;Impasse Loup à Loup;83570;83046;Cotignac;;;6.150454;43.511671
83046_0111_00003;3;;Place Xavier Marin;83570;83046;Cotignac;;;6.149429;43.529079
83046_0111_00041;41;;Place Xavier Marin;83570;83046;Cotignac;;;6.150044;43.529084
83046_b003_00775;775;;L'Aire des Fourches;83570;83046;Cotignac;;;6.154335;43.525536
83046_b043_03371;3371;;Clos de Roucas;83570;83046;Cotignac;;;6.15168;43.509011
83046_b043_03767;3767;;Clos de Roucas;83570;83046;Cotignac;;;6.152219;43.504256
83046_b044_00001;1;;Clos de Ruou;83570;83046;Cotignac;;;6.156145;43.493785
83046_0295_00002;2;;Chemin des Ecoles;83570;83046;Cotignac;;;6.152455;43.529159
83046_0090_00007;7;;Rue Léon Gérard;83570;83046;Cotignac;;;6.149701;43.5282
83046_0090_00010;10;;Rue Léon Gérard;83570;83046;Cotignac;;;6.14986;43.528159
83046_0090_00531;531;;Rue Léon Gérard;83570;83046;Cotignac;;;6.150238;43.528391
83046_0165_02077;2077;;Route de Sillans;83570;83046;Cotignac;;;6.146572;43.531798
83046_0017_04605;4605;;Chemin de la Colle d’Auban;83570;83046;Cotignac;;;6.14786;43.49942
83046_b070_00001;1;;Eissalletes Orientales;83570;83046;Cotignac;;;6.184106;43.514171
83046_b096_00016;16;;Loup à Loup;83570;83046;Cotignac;;;6.156309;43.510509
83046_b096_03681;3681;;Loup à Loup;83570;83046;Cotignac;;;6.151481;43.511261
83046_b106_01345;1345;;Notre Dame;83570;83046;Cotignac;;;6.149212;43.522241
83046_b106_01891;1891;;Notre Dame;83570;83046;Cotignac;;;6.148769;43.517408
83046_0030_00001;1;;Rue Clastre;83570;83046;Cotignac;;;6.149153;43.529295
83046_0059_02291;2291;;Chemin du Fourniguie Sud;83570;83046;Cotignac;;;6.159092;43.514765
83046_0098_03848;3848;;Chemin de Bellevue;83570;83046;Cotignac;;;6.165409;43.510077
83046_0435_03817;3817;;Chemin de la Source Saint Martin;83570;83046;Cotignac;;;6.124624;43.50914
83046_0137_04050;4050;;Chemin de Peyrane;83570;83046;Cotignac;;;6.164684;43.504337
83046_0258_03759;3759;;Impasse du Clos de Roucas;83570;83046;Cotignac;;;6.157555;43.50477
83046_0054_00001;1;;Rue des Escaillons;83570;83046;Cotignac;;;6.144179;43.529339
83046_0015_00007;7;;Rue d'Arcole;83570;83046;Cotignac;;;6.149568;43.527414
83046_0031_01341;1341;;Impasse de la Colle;83570;83046;Cotignac;;;6.151359;43.519515
83046_0031_01425;1425;;Impasse de la Colle;83570;83046;Cotignac;;;6.150632;43.519257
83046_0199_03708;3708;;Chemin du Périgoulier;83570;83046;Cotignac;;;6.148936;43.506636
83046_0199_04019;4019;;Chemin du Périgoulier;83570;83046;Cotignac;;;6.149259;43.508393
83046_0199_04359;4359;;Chemin du Périgoulier;83570;83046;Cotignac;;;6.148827;43.511933
83046_0280_03380;3380;;Chemin du Defens;83570;83046;Cotignac;;;6.174488;43.531729
83046_0132_03350;3350;;Chemin des Oupaloux;83570;83046;Cotignac;;;6.154023;43.507699
83046_0252_02455;2455;;Chemin de la Chap Saint Martin;83570;83046;Cotignac;;;6.145656;43.532155
83046_0242_02560;2560;;Chemin du Bouillidou;83570;83046;Cotignac;;;6.171272;43.520343
83046_0010_00007;7;;Rue de l'Araignée;83570;83046;Cotignac;;;6.148771;43.527235
83046_0028_01242;1242;;Ancien Chemin de Salernes;83570;83046;Cotignac;;;6.158856;43.522507
83046_0028_01348;1348;;Ancien Chemin de Salernes;83570;83046;Cotignac;;;6.161965;43.522488
83046_0028_01349;1349;;Ancien Chemin de Salernes;83570;83046;Cotignac;;;6.16122;43.523262
83046_0028_01426;1426;;Ancien Chemin de Salernes;83570;83046;Cotignac;;;6.162829;43.521824
83046_0028_01639;1639;;Ancien Chemin de Salernes;83570;83046;Cotignac;;;6.163369;43.524716
83046_0028_01814;1814;;Ancien Chemin de Salernes;83570;83046;Cotignac;;;6.165231;43.522857
83046_0112_00006;6;;Rue Melchior Pastour;83570;83046;Cotignac;;;6.148565;43.529555
83046_0110_00021_bis;21;bis;Rue des Maréchaux;83570;83046;Cotignac;;;6.150183;43.529674
83046_0295_00011;11;;Chemin des Ecoles;83570;83046;Cotignac;;;6.152677;43.529564
83046_0165_00886;886;;Route de Sillans;83570;83046;Cotignac;;;6.153689;43.528712
83046_0165_01820;1820;;Route de Sillans;83570;83046;Cotignac;;;6.1497;43.531453
83046_0165_02001;2001;;Route de Sillans;83570;83046;Cotignac;;;6.147347;43.531467
83046_0165_02845;2845;;Route de Sillans;83570;83046;Cotignac;;;6.146572;43.531798
83046_0165_04206;4206;;Route de Sillans;83570;83046;Cotignac;;;6.158663;43.543957
83046_0017_04748;4748;;Chemin de la Colle d’Auban;83570;83046;Cotignac;;;6.149381;43.500888
83046_0005_00904;904;;Impasse de l’Aire des Fourches;83570;83046;Cotignac;;;6.154509;43.526619
83046_0005_00992;992;;Impasse de l’Aire des Fourches;83570;83046;Cotignac;;;6.154022;43.527287
83046_b047_04778;4778;;Colle d'Auban;83570;83046;Cotignac;;;6.149932;43.498921
83046_b060_00006;6;;Combe Basse;83570;83046;Cotignac;;;6.152289;43.530459
83046_b096_00002;2;;Loup à Loup;83570;83046;Cotignac;;;6.155322;43.511118
83046_b142_01891;1891;;Val Bonnette;83570;83046;Cotignac;;;6.183446;43.510469
83046_0051_00003;3;;Place de l'Eglise;83570;83046;Cotignac;;;6.148993;43.528031
83046_0137_03461;3461;;Chemin de Peyrane;83570;83046;Cotignac;;;6.162218;43.504225
83046_0210_01155;1155;;Chemin de l’Azenas;83570;83046;Cotignac;;;6.15845;43.52339
83046_0095_03590;3590;;Allee Loup a Loup;83570;83046;Cotignac;;;6.154419;43.513476
83046_0095_03801;3801;;Allee Loup a Loup;83570;83046;Cotignac;;;6.156544;43.513097
83046_0093_00017;17;;Place de la Liberte;83570;83046;Cotignac;;;6.149755;43.528964
83046_0066_02700;2700;;Chemin de Gassiere;83570;83046;Cotignac;;;6.174672;43.506227
83046_0066_03685;3685;;Chemin de Gassiere;83570;83046;Cotignac;;;6.171785;43.507713
83046_0212_04392;4392;;Chemin de Barrette Rouge;83570;83046;Cotignac;;;6.144756;43.522709
83046_0409_04085;4085;;Chemin de Rivauguier;83570;83046;Cotignac;;;6.185493;43.520806
83046_0140_00005;5;;Rue de la Placette;83570;83046;Cotignac;;;6.149935;43.529778
83046_0199_03793;3793;;Chemin du Périgoulier;83570;83046;Cotignac;;;6.148799;43.50661
83046_0199_04560;4560;;Chemin du Périgoulier;83570;83046;Cotignac;;;6.148429;43.513303
83046_0133_01875;1875;;Chemin de Bonne Pale;83570;83046;Cotignac;;;6.145822;43.518528
83046_0014_00007;7;;Rue de l’Arenier;83570;83046;Cotignac;;;6.148799;43.527254
83046_0280_03772;3772;;Chemin du Defens;83570;83046;Cotignac;;;6.174488;43.531729
83046_0094_00033;33;;Chemin Louis XIV;83570;83046;Cotignac;;;6.148196;43.515171
83046_0094_02059;2059;;Chemin Louis XIV;83570;83046;Cotignac;;;6.146914;43.516077
83046_0025_00002;2;;Rue Bonaventure;83570;83046;Cotignac;;;6.149953;43.527117
83046_0110_00006;6;;Rue des Maréchaux;83570;83046;Cotignac;;;6.150212;43.529874
83046_0110_00014;14;;Rue des Maréchaux;83570;83046;Cotignac;;;6.150047;43.529561
83046_0028_01138;1138;;Ancien Chemin de Salernes;83570;83046;Cotignac;;;6.158266;43.523087
83046_0028_04001;4001;;Ancien Chemin de Salernes;83570;83046;Cotignac;;;6.183465;43.534017
83046_0111_00007;7;;Place Xavier Marin;83570;83046;Cotignac;;;6.149629;43.529074
83046_0111_00016;16;;Place Xavier Marin;83570;83046;Cotignac;;;6.150083;43.529358
83046_b039_00001;1;;Claou de Vachoun;83570;83046;Cotignac;;;6.143392;43.496909
83046_0295_00007;7;;Chemin des Ecoles;83570;83046;Cotignac;;;6.152535;43.529346
83046_0295_00783;783;;Chemin des Ecoles;83570;83046;Cotignac;;;6.152559;43.529383
83046_0295_00003_ter;3;ter;Chemin des Ecoles;83570;83046;Cotignac;;;6.152048;43.528267
83046_0090_00003;3;;Rue Léon Gérard;83570;83046;Cotignac;;;6.149263;43.528119
83046_0090_00015;15;;Rue Léon Gérard;83570;83046;Cotignac;;;6.149368;43.528138
83046_0165_01316;1316;;Route de Sillans;83570;83046;Cotignac;;;6.154031;43.528099
83046_0165_01341;1341;;Route de Sillans;83570;83046;Cotignac;;;6.15369;43.530538
83046_0165_02035;2035;;Route de Sillans;83570;83046;Cotignac;;;6.146998;43.531613
83046_0165_04484;4484;;Route de Sillans;83570;83046;Cotignac;;;6.161175;43.544627
83046_b096_00005;5;;Loup à Loup;83570;83046;Cotignac;;;6.155063;43.51092
83046_b096_02738;2738;;Loup à Loup;83570;83046;Cotignac;;;6.157582;43.513597
83046_b136_00008;8;;Saint Joseph;83570;83046;Cotignac;;;6.150254;43.526843
83046_0254_00558;558;;Chemin du Clos de Barrile;83570;83046;Cotignac;;;6.127439;43.544753
83046_0100_00013;13;;Place de la Mairie;83570;83046;Cotignac;;;6.149291;43.529085
83046_0021_01093;1093;;Traverse de la Colle;83570;83046;Cotignac;;;6.151218;43.521893
83046_0170_00002;2;;Rue de la Victoire;83570;83046;Cotignac;;;6.150059;43.52763
83046_0260_04163;4163;;Chemin du Clos du Ruou;83570;83046;Cotignac;;;6.157041;43.499051
83046_0260_04552;4552;;Chemin du Clos du Ruou;83570;83046;Cotignac;;;6.15677;43.495573
83046_0027_00014_bis;14;bis;Rue de Caux;83570;83046;Cotignac;;;6.149342;43.528615
83046_0167_00694;694;;Impasse des Verdares;83570;83046;Cotignac;;;6.148386;43.524209
83046_0167_00768;768;;Impasse des Verdares;83570;83046;Cotignac;;;6.147645;43.523894
83046_0040_00012;12;;Rue des 2 Places;83570;83046;Cotignac;;;6.149755;43.528964
83046_0235_02531;2531;;Impasse de Blen;83570;83046;Cotignac;;;6.171121;43.51671
83046_0029_04478;4478;;Impasse de Caillade;83570;83046;Cotignac;;;6.146601;43.509477
83046_0024_00633;633;;Avenue Hubert Blanc;83570;83046;Cotignac;;;6.152445;43.525424
83046_0024_00750;750;;Avenue Hubert Blanc;83570;83046;Cotignac;;;6.152938;43.524156
83046_0264_00011;11;;Chemin Colle de Pierre;83570;83046;Cotignac;;;6.155583;43.529274
83046_0264_00019;19;;Chemin Colle de Pierre;83570;83046;Cotignac;;;6.156434;43.529006
83046_0264_00022;22;;Chemin Colle de Pierre;83570;83046;Cotignac;;;6.156794;43.529063
83046_0264_01328;1328;;Chemin Colle de Pierre;83570;83046;Cotignac;;;6.154152;43.530761
83046_0100_00001;1;;Place de la Mairie;83570;83046;Cotignac;;;6.14879;43.529095
83046_0260_04058;4058;;Chemin du Clos du Ruou;83570;83046;Cotignac;;;6.157127;43.500001
83046_0027_00013;13;;Rue de Caux;83570;83046;Cotignac;;;6.149345;43.528749
83046_0027_00017;17;;Rue de Caux;83570;83046;Cotignac;;;6.149472;43.528831
83046_0300_01729;1729;;Impasse des Fabres;83570;83046;Cotignac;;;6.163133;43.520241
83046_0135_00871;871;;Chemin Paradis;83570;83046;Cotignac;;;6.155519;43.52491
83046_0126_04383;4383;;Chemin de Nestuby;83570;83046;Cotignac;;;6.14435;43.501889
83046_0008_00011;11;;Rue d'Antoine;83570;83046;Cotignac;;;6.149589;43.526625
83046_0235_02651;2651;;Impasse de Blen;83570;83046;Cotignac;;;6.16883;43.519218
83046_0315_04813;4813;;Chemin des Grives;83570;83046;Cotignac;;;6.116101;43.547761
83046_0070_00003;3;;Grand Rue;83570;83046;Cotignac;;;6.149147;43.528731
83046_0070_00011;11;;Grand Rue;83570;83046;Cotignac;;;6.149079;43.528242
83046_0070_00022;22;;Grand Rue;83570;83046;Cotignac;;;6.148966;43.528398
83046_0264_00014;14;;Chemin Colle de Pierre;83570;83046;Cotignac;;;6.15613;43.529222
83046_0100_00008;8;;Place de la Mairie;83570;83046;Cotignac;;;6.148894;43.528996
83046_0170_00007;7;;Rue de la Victoire;83570;83046;Cotignac;;;6.149513;43.527658
83046_0160_00008;8;;Rue Saint-joseph;83570;83046;Cotignac;;;6.15024;43.526918
83046_0160_00014;14;;Rue Saint-joseph;83570;83046;Cotignac;;;6.149974;43.526874
83046_0260_04348;4348;;Chemin du Clos du Ruou;83570;83046;Cotignac;;;6.153966;43.498644
83046_0027_00003;3;;Rue de Caux;83570;83046;Cotignac;;;6.149187;43.528434
83046_0300_01705;1705;;Impasse des Fabres;83570;83046;Cotignac;;;6.162982;43.521343
83046_0126_04633;4633;;Chemin de Nestuby;83570;83046;Cotignac;;;6.142413;43.503543
83046_0029_04246;4246;;Impasse de Caillade;83570;83046;Cotignac;;;6.148494;43.510109
83046_0029_04601;4601;;Impasse de Caillade;83570;83046;Cotignac;;;6.145498;43.508829
83046_0068_00007;7;;Place Georges Blanc;83570;83046;Cotignac;;;6.149217;43.529324
83046_0070_00019;19;;Grand Rue;83570;83046;Cotignac;;;6.149062;43.528317
83046_0070_00005_a;5;a;Grand Rue;83570;83046;Cotignac;;;6.149138;43.528728
83046_0264_01495;1495;;Chemin Colle de Pierre;83570;83046;Cotignac;;;6.154709;43.528962
83046_0100_00004;4;;Place de la Mairie;83570;83046;Cotignac;;;6.148872;43.529001
83046_0160_00001;1;;Rue Saint-joseph;83570;83046;Cotignac;;;6.150541;43.527049
83046_0260_03370;3370;;Chemin du Clos du Ruou;83570;83046;Cotignac;;;6.154605;43.507935
83046_0260_03694;3694;;Chemin du Clos du Ruou;83570;83046;Cotignac;;;6.157224;43.503013
83046_0260_04712;4712;;Chemin du Clos du Ruou;83570;83046;Cotignac;;;6.156374;43.494808
83046_0027_00006;6;;Rue de Caux;83570;83046;Cotignac;;;6.149311;43.528174
83046_0247_04446;4446;;Chemin de Caseneuve;83570;83046;Cotignac;;;6.143002;43.546772
83046_0135_00749;749;;Chemin Paradis;83570;83046;Cotignac;;;6.154821;43.5252
83046_0040_00003;3;;Rue des 2 Places;83570;83046;Cotignac;;;6.149478;43.529061
83046_0040_00008;8;;Rue des 2 Places;83570;83046;Cotignac;;;6.149629;43.528973
83046_0008_00002;2;;Rue d'Antoine;83570;83046;Cotignac;;;6.150803;43.526753
83046_0008_00005;5;;Rue d'Antoine;83570;83046;Cotignac;;;6.150219;43.526733
83046_0024_00592;592;;Avenue Hubert Blanc;83570;83046;Cotignac;;;6.152126;43.525726
83046_0024_00726;726;;Avenue Hubert Blanc;83570;83046;Cotignac;;;6.153033;43.524554
83046_0315_04180;4180;;Chemin des Grives;83570;83046;Cotignac;;;6.116101;43.547761
83046_0080_00002;2;;Place Joseph Sigaud;83570;83046;Cotignac;;;6.150342;43.526672
83046_0070_00006;6;;Grand Rue;83570;83046;Cotignac;;;6.149056;43.528835
83046_0070_00014;14;;Grand Rue;83570;83046;Cotignac;;;6.149;43.528559
83046_0070_00024_bis;24;bis;Grand Rue;83570;83046;Cotignac;;;6.148972;43.528215
83046_0127_04100;4100;;Impasse de Nestuby;83570;83046;Cotignac;;;6.145485;43.506097
83046_0107_01935;1935;;Impasse du Maunas;83570;83046;Cotignac;;;6.162391;43.516316
83046_0056_02930;2930;;Chemin Eissalettes Occidentales;83570;83046;Cotignac;;;6.174274;43.516263
83046_0056_02985;2985;;Chemin Eissalettes Occidentales;83570;83046;Cotignac;;;6.174858;43.516173
83046_0056_03590;3590;;Chemin Eissalettes Occidentales;83570;83046;Cotignac;;;6.181229;43.516662
83046_0039_01605;1605;;Chemin du Clos Notre Dame;83570;83046;Cotignac;;;6.14924;43.523176
83046_0039_01640;1640;;Chemin du Clos Notre Dame;83570;83046;Cotignac;;;6.150402;43.520132
83046_0450_02108;2108;;Chemin des Tours;83570;83046;Cotignac;;;6.147539;43.530092
83046_0380_04704;4704;;Chemin de Pecounillier;83570;83046;Cotignac;;;6.183842;43.50656
83046_0265_04284;4284;;Chemin du Collet de Choucou;83570;83046;Cotignac;;;6.18491;43.513613
83046_0419_03516;3516;;Chemin Saint Joseph;83570;83046;Cotignac;;;6.137058;43.535538
83046_0098_03600;3600;;Chemin de Bellevue;83570;83046;Cotignac;;;6.167008;43.511639
83046_0051_00001_bis;1;bis;Place de l'Eglise;83570;83046;Cotignac;;;6.148993;43.528031
83046_0258_03171;3171;;Impasse du Clos de Roucas;83570;83046;Cotignac;;;6.1517;43.505368
83046_0490_00001_f;1;f;Chemin du Clos de Vachoun;83570;83046;Cotignac;;;6.145487;43.497215
83046_0066_03974;3974;;Chemin de Gassiere;83570;83046;Cotignac;;;6.174641;43.506246
83046_0166_04792;4792;;Chemin de Basse Terrisse;83570;83046;Cotignac;;;6.193397;43.51238
83046_0023_04667;4667;;Impasse de la Colle d’Auban;83570;83046;Cotignac;;;6.148736;43.499287
83046_0060_00010;10;;Rue Gabriel Philis;83570;83046;Cotignac;;;6.15016;43.528752
83046_0060_00013;13;;Rue Gabriel Philis;83570;83046;Cotignac;;;6.150444;43.528587
83046_0056_02693;2693;;Chemin Eissalettes Occidentales;83570;83046;Cotignac;;;6.171821;43.51646
83046_0139_04830;4830;;Chemin de Pont Frac;83570;83046;Cotignac;;;6.132397;43.499951
83046_0290_02532;2532;;Chemin du Derroc;83570;83046;Cotignac;;;6.142531;43.53243
83046_0290_02980;2980;;Chemin du Derroc;83570;83046;Cotignac;;;6.141132;43.52927
83046_0290_03080;3080;;Chemin du Derroc;83570;83046;Cotignac;;;6.140613;43.529161
83046_0265_04138;4138;;Chemin du Collet de Choucou;83570;83046;Cotignac;;;6.185792;43.512593
83046_0098_02889;2889;;Chemin de Bellevue;83570;83046;Cotignac;;;6.164251;43.510891
83046_0098_03359;3359;;Chemin de Bellevue;83570;83046;Cotignac;;;6.166197;43.513353
83046_0435_03305;3305;;Chemin de la Source Saint Martin;83570;83046;Cotignac;;;6.122759;43.511854
83046_0150_00012;12;;Rue Saint-jean;83570;83046;Cotignac;;;6.150042;43.526396
83046_0095_03677;3677;;Allee Loup a Loup;83570;83046;Cotignac;;;6.153733;43.513595
83046_0015_00001;1;;Rue d'Arcole;83570;83046;Cotignac;;;6.15017;43.527478
83046_0015_00006;6;;Rue d'Arcole;83570;83046;Cotignac;;;6.149544;43.52733
83046_0253_03226;3226;;Impasse des Chenes;83570;83046;Cotignac;;;6.155972;43.508396
83046_0023_04820;4820;;Impasse de la Colle d’Auban;83570;83046;Cotignac;;;6.150566;43.499385
83046_0031_01296;1296;;Impasse de la Colle;83570;83046;Cotignac;;;6.15187;43.520315
83046_0140_00003;3;;Rue de la Placette;83570;83046;Cotignac;;;6.1501;43.529866
83046_0140_00009;9;;Rue de la Placette;83570;83046;Cotignac;;;6.149748;43.529255
83046_b009_00002;2;;la Basse Combe;83570;83046;Cotignac;;;6.152817;43.52977
83046_0205_04595;4595;;Traverse de la Colle d’Auban;83570;83046;Cotignac;;;6.147857;43.499689
83046_0031_01455_c;1455;c;Impasse de la Colle;83570;83046;Cotignac;;;6.150106;43.519105
83046_0140_00027;27;;Rue de la Placette;83570;83046;Cotignac;;;6.150147;43.529882
83046_0033_00002;2;;Rue de la Combe Basse;83570;83046;Cotignac;;;6.152733;43.529794
83046_0028_01346;1346;;Ancien Chemin de Salernes;83570;83046;Cotignac;;;6.161598;43.521932
83046_0264_01553;1553;;Chemin Colle de Pierre;83570;83046;Cotignac;;;6.159515;43.534571
83046_0127_04141;4141;;Impasse de Nestuby;83570;83046;Cotignac;;;6.145179;43.505799
83046_0058_01656;1656;;Chemin du Fourniguie Nord;83570;83046;Cotignac;;;6.157866;43.517348
83046_0058_01665;1665;;Chemin du Fourniguie Nord;83570;83046;Cotignac;;;6.157848;43.517196
83046_0060_00002;2;;Rue Gabriel Philis;83570;83046;Cotignac;;;6.149991;43.528966
83046_0060_00005;5;;Rue Gabriel Philis;83570;83046;Cotignac;;;6.150246;43.528803
83046_0039_01291;1291;;Chemin du Clos Notre Dame;83570;83046;Cotignac;;;6.149124;43.522659
83046_0039_01512;1512;;Chemin du Clos Notre Dame;83570;83046;Cotignac;;;6.149166;43.520839
83046_0380_04486;4486;;Chemin de Pecounillier;83570;83046;Cotignac;;;6.184769;43.50852
83046_0270_03729;3729;;Chemin de la Condamine;83570;83046;Cotignac;;;6.165758;43.509627
83046_0270_04179;4179;;Chemin de la Condamine;83570;83046;Cotignac;;;6.168788;43.506386
83046_0270_04541;4541;;Chemin de la Condamine;83570;83046;Cotignac;;;6.169433;43.503176
83046_0092_04318;4318;;Chemin Libellule;83570;83046;Cotignac;;;6.150399;43.502186
83046_0098_02785;2785;;Chemin de Bellevue;83570;83046;Cotignac;;;6.164232;43.510343
83046_0098_03032;3032;;Chemin de Bellevue;83570;83046;Cotignac;;;6.169371;43.514661
83046_0098_03773;3773;;Chemin de Bellevue;83570;83046;Cotignac;;;6.166154;43.510334
83046_0051_00004;4;;Place de l'Eglise;83570;83046;Cotignac;;;6.148807;43.528346
83046_0435_03711;3711;;Chemin de la Source Saint Martin;83570;83046;Cotignac;;;6.12539;43.509785
83046_0435_04905;4905;;Chemin de la Source Saint Martin;83570;83046;Cotignac;;;6.123445;43.507884
83046_0387_03120;3120;;Chemin des Pouverels;83570;83046;Cotignac;;;6.153239;43.535275
83046_0137_04117;4117;;Chemin de Peyrane;83570;83046;Cotignac;;;6.167623;43.506836
83046_0210_01100;1100;;Chemin de l’Azenas;83570;83046;Cotignac;;;6.158757;43.523334
83046_0210_01321;1321;;Chemin de l’Azenas;83570;83046;Cotignac;;;6.160396;43.523587
83046_0150_00006;6;;Rue Saint-jean;83570;83046;Cotignac;;;6.150579;43.526488
83046_0066_03306;3306;;Chemin de Gassiere;83570;83046;Cotignac;;;6.16912;43.508407
83046_0066_04476;4476;;Chemin de Gassiere;83570;83046;Cotignac;;;6.177893;43.503969
83046_0253_03294;3294;;Impasse des Chenes;83570;83046;Cotignac;;;6.156347;43.508143
83046_0253_03377;3377;;Impasse des Chenes;83570;83046;Cotignac;;;6.156991;43.507828
83046_0212_04257;4257;;Chemin de Barrette Rouge;83570;83046;Cotignac;;;6.144802;43.522793
83046_0077_04085;4085;;Chemin des Jonquiers;83570;83046;Cotignac;;;6.13533;43.541479
83046_0252_02274;2274;;Chemin de la Chap Saint Martin;83570;83046;Cotignac;;;6.143564;43.533429
83046_0275_04270;4270;;Chemin de Cucuron;83570;83046;Cotignac;;;6.130857;43.526472
83046_0146_00006;6;;Rue des Ribbes;83570;83046;Cotignac;;;6.149534;43.526462
83046_0242_02452;2452;;Chemin du Bouillidou;83570;83046;Cotignac;;;6.170441;43.521079
83046_0028_01096;1096;;Ancien Chemin de Salernes;83570;83046;Cotignac;;;6.157703;43.523035
83046_0028_01240;1240;;Ancien Chemin de Salernes;83570;83046;Cotignac;;;6.159436;43.522373
83046_0058_01587;1587;;Chemin du Fourniguie Nord;83570;83046;Cotignac;;;6.157941;43.517875
83046_0056_03104;3104;;Chemin Eissalettes Occidentales;83570;83046;Cotignac;;;6.177103;43.516466
83046_0039_01889;1889;;Chemin du Clos Notre Dame;83570;83046;Cotignac;;;6.148571;43.517399
83046_0450_01007;1007;;Chemin des Tours;83570;83046;Cotignac;;;6.14995;43.531383
83046_0290_02638;2638;;Chemin du Derroc;83570;83046;Cotignac;;;6.141705;43.531466
83046_0290_02800;2800;;Chemin du Derroc;83570;83046;Cotignac;;;6.140701;43.53041
83046_0290_02910;2910;;Chemin du Derroc;83570;83046;Cotignac;;;6.141047;43.529691
83046_0380_04219;4219;;Chemin de Pecounillier;83570;83046;Cotignac;;;6.186182;43.510519
83046_0419_03882;3882;;Chemin Saint Joseph;83570;83046;Cotignac;;;6.132884;43.53479
83046_0092_04100;4100;;Chemin Libellule;83570;83046;Cotignac;;;6.147986;43.50313
83046_0092_04557;4557;;Chemin Libellule;83570;83046;Cotignac;;;6.150416;43.502351
83046_0120_00002;2;;Rue des Nais;83570;83046;Cotignac;;;6.15033;43.527964
83046_0098_03842;3842;;Chemin de Bellevue;83570;83046;Cotignac;;;6.165444;43.510123
83046_0258_03769;3769;;Impasse du Clos de Roucas;83570;83046;Cotignac;;;6.157452;43.504724
83046_0258_03790;3790;;Impasse du Clos de Roucas;83570;83046;Cotignac;;;6.157143;43.504678
83046_0150_00002_bis;2;bis;Rue Saint-jean;83570;83046;Cotignac;;;6.150826;43.526495
83046_0230_01804;1804;;Chemin de Blain;83570;83046;Cotignac;;;6.163898;43.518642
83046_0054_00006;6;;Rue des Escaillons;83570;83046;Cotignac;;;6.148037;43.528878
83046_0093_00011;11;;Place de la Liberte;83570;83046;Cotignac;;;6.149755;43.528964
83046_0093_00019;19;;Place de la Liberte;83570;83046;Cotignac;;;6.149771;43.528949
83046_0108_01800;1800;;Chemin du Maunas;83570;83046;Cotignac;;;6.161953;43.517395
83046_0409_04555;4555;;Chemin de Rivauguier;83570;83046;Cotignac;;;6.19111;43.52143
83046_0031_01434;1434;;Impasse de la Colle;83570;83046;Cotignac;;;6.150779;43.519667
83046_0033_00651;651;;Rue de la Combe Basse;83570;83046;Cotignac;;;6.151891;43.530079
83046_0242_02150;2150;;Chemin du Bouillidou;83570;83046;Cotignac;;;6.16862;43.521443
83046_0010_00003;3;;Rue de l'Araignée;83570;83046;Cotignac;;;6.148948;43.527212
83046_0028_01272;1272;;Ancien Chemin de Salernes;83570;83046;Cotignac;;;6.160071;43.522453
83046_0050_00011;11;;Rue des Ecoles;83570;83046;Cotignac;;;6.152584;43.529612
83046_b025_02664;2664;;Camp d'Andriou;83570;83046;Cotignac;;;6.170621;43.515163
83046_b043_03708;3708;;Clos de Roucas;83570;83046;Cotignac;;;6.149414;43.5066
83046_b043_04107;4107;;Clos de Roucas;83570;83046;Cotignac;;;6.151944;43.503805
83046_b044_04436;4436;;Clos de Ruou;83570;83046;Cotignac;;;6.16009;43.494093
83046_b069_02709;2709;;Eissalletes Occidentales;83570;83046;Cotignac;;;6.174034;43.516939
83046_b086_01688;1688;;La Gorge de Regaillon;83570;83046;Cotignac;;;6.165176;43.523187
83046_b096_00125;125;;Loup à Loup;83570;83046;Cotignac;;;6.161228;43.509419
83046_b106_00001;1;;Notre Dame;83570;83046;Cotignac;;;6.148826;43.521908
83046_b123_00002;2;;Pra de Pé;83570;83046;Cotignac;;;6.14863;43.52901
83046_b142_00001;1;;Val Bonnette;83570;83046;Cotignac;;;6.185347;43.510685
83046_b149_00003;3;;Ville Haute;83570;83046;Cotignac;;;6.150091;43.530105
83046_0460_00728;728;;Chemin de Troublen;83570;83046;Cotignac;;;6.147337;43.524174
83046_0059_02047;2047;;Chemin du Fourniguie Sud;83570;83046;Cotignac;;;6.160079;43.514853
83046_0138_00010;10;;Rue Pierrevel;83570;83046;Cotignac;;;6.148831;43.528444
83046_0028_01666;1666;;Ancien Chemin de Salernes;83570;83046;Cotignac;;;6.164324;43.523178
83046_0028_02040;2040;;Ancien Chemin de Salernes;83570;83046;Cotignac;;;6.165246;43.522158
83046_0050_00003;3;;Rue des Ecoles;83570;83046;Cotignac;;;6.151713;43.528376
83046_0111_00018;18;;Place Xavier Marin;83570;83046;Cotignac;;;6.150056;43.529309
83046_b043_00022;22;;Clos de Roucas;83570;83046;Cotignac;;;6.151856;43.50803
83046_b044_04056;4056;;Clos de Ruou;83570;83046;Cotignac;;;6.154402;43.500607
83046_b053_04137;4137;;Le Collet de Choucou;83570;83046;Cotignac;;;6.185301;43.512656
83046_b096_00012;12;;Loup à Loup;83570;83046;Cotignac;;;6.155647;43.510886
83046_b096_03650;3650;;Loup à Loup;83570;83046;Cotignac;;;6.150104;43.511383
83046_b126_00001;1;;Puits de Durandy;83570;83046;Cotignac;;;6.177211;43.503677
83046_b149_00031;31;;Ville Haute;83570;83046;Cotignac;;;6.149989;43.52998
83046_0030_00007;7;;Rue Clastre;83570;83046;Cotignac;;;6.149056;43.529261
83046_0028_01422;1422;;Ancien Chemin de Salernes;83570;83046;Cotignac;;;6.162418;43.523006
83046_0028_01567;1567;;Ancien Chemin de Salernes;83570;83046;Cotignac;;;6.162713;43.524132
83046_0096_03650;3650;;Impasse Loup à Loup;83570;83046;Cotignac;;;6.150595;43.511186
83046_0111_00012;12;;Place Xavier Marin;83570;83046;Cotignac;;;6.149731;43.528949
83046_0111_00037;37;;Place Xavier Marin;83570;83046;Cotignac;;;6.150189;43.529143
83046_0112_00005;5;;Rue Melchior Pastour;83570;83046;Cotignac;;;6.149028;43.529863
83046_0145_00001;1;;Rue Saint Antoine;83570;83046;Cotignac;;;6.150254;43.526843
83046_b010_04792;4792;;Basse Terrisse;83570;83046;Cotignac;;;6.190723;43.505426
83046_b047_04058;4058;;Colle d'Auban;83570;83046;Cotignac;;;6.153647;43.499869
83046_b106_01805;1805;;Notre Dame;83570;83046;Cotignac;;;6.148805;43.518284
83046_0007_03905;3905;;Chemin du Camp d'Andriou;83570;83046;Cotignac;;;6.176007;43.507473
83046_0028_01427;1427;;Ancien Chemin de Salernes;83570;83046;Cotignac;;;6.162309;43.523014
83046_0096_04000;4000;;Impasse Loup à Loup;83570;83046;Cotignac;;;6.152078;43.511867
83046_0111_00005;5;;Place Xavier Marin;83570;83046;Cotignac;;;6.149542;43.529085
83046_b070_03421;3421;;Eissalletes Orientales;83570;83046;Cotignac;;;6.17905;43.512875
83046_b096_00004;4;;Loup à Loup;83570;83046;Cotignac;;;6.155898;43.510614
83046_b137_03232;3232;;Saint Martin;83570;83046;Cotignac;;;6.1413;43.53313
