id;numero;rep;nom_voie;code_postal;code_insee;nom_commune;nom_ancienne_commune;nom_ld;lon;lat
81233_0089_00983;983;;Route de la Sémadié;81120;81233;Terre-de-Bancalié;Terre-Clapier;;2.313887;43.862977
81233_0019_09376;9376;;Route d'Alban;81120;81233;Terre-de-Bancalié;Terre-Clapier;;2.321744;43.856158
81233_0143_01280;1280;;Chemin du Cayla;81120;81233;Terre-de-Bancalié;Le Travet;;2.343512;43.798878
81233_0108_00012;12;;Chemin de Razisse;81120;81233;Terre-de-Bancalié;Le Travet;;2.336489;43.806058
81233_0123_00101;101;;Chemin des Ecoliers;81120;81233;Terre-de-Bancalié;Saint-Antonin-de-Lacalm;;2.305713;43.785358
81233_0069_00591;591;;Chemin de la Garenne;81120;81233;Terre-de-Bancalié;Ronel;;2.216648;43.822038
81233_0033_00292;292;;Chemin de Calvayrac;81120;81233;Terre-de-Bancalié;Terre-Clapier;;2.298361;43.843649
81233_a003_00009;9;;Lotissement Les Fluorines;81120;81233;Terre-de-Bancalié;Saint-Lieux-Lafenasse;;2.232139;43.768155
81233_0077_00003;3;;Rue de La Micalié;81120;81233;Terre-de-Bancalié;Le Travet;;2.331649;43.807794
81233_0091_00692;692;;Chemin de La Thomazié;81120;81233;Terre-de-Bancalié;Saint-Antonin-de-Lacalm;;2.311465;43.804622
81233_0133_00088;88;;Rue des Orchidées;81120;81233;Terre-de-Bancalié;Saint-Antonin-de-Lacalm;;2.306123;43.785814
81233_0136_00210;210;;Route du Barrage;81120;81233;Terre-de-Bancalié;Saint-Antonin-de-Lacalm;;2.304347;43.786183
81233_0059_03960;3960;;Route de La Cassagné;81120;81233;Terre-de-Bancalié;Roumégoux;;2.275961;43.80424
81233_0138_00644;644;;Chemin du Buc;81120;81233;Terre-de-Bancalié;Roumégoux;;2.285846;43.818865
81233_0167_00685;685;;Chemin la Fédial;81120;81233;Terre-de-Bancalié;Saint-Lieux-Lafenasse;;2.243876;43.765337
81233_sph8u4_00194;194;;Hameau de Pendariès;81120;81233;Terre-de-Bancalié;Ronel;;2.213925;43.803713
81233_0063_00671;671;;Chemin de la Combe;81120;81233;Terre-de-Bancalié;Saint-Lieux-Lafenasse;;2.244482;43.789192
81233_35twc8_00001;1;;Lotissement du Plo;81120;81233;Terre-de-Bancalié;Roumégoux;;2.26162;43.801617
81233_0009_00001;1;;Rue des Ecoles;81120;81233;Terre-de-Bancalié;Saint-Lieux-Lafenasse;;2.229225;43.767811
81233_0136_00569;569;;Route du Barrage;81120;81233;Terre-de-Bancalié;Saint-Antonin-de-Lacalm;;2.30003;43.785639
81233_0025_00430;430;;Chemin de Bans;81120;81233;Terre-de-Bancalié;Terre-Clapier;;2.324604;43.853163
81233_0098_00053;53;;Rue de Loumette;81120;81233;Terre-de-Bancalié;Saint-Antonin-de-Lacalm;;2.303011;43.786657
81233_0089_00479;479;;Route de la Sémadié;81120;81233;Terre-de-Bancalié;Terre-Clapier;;2.316994;43.859215
81233_0020_00006;6;;Rue des Léonciens;81120;81233;Terre-de-Bancalié;Saint-Lieux-Lafenasse;;2.240059;43.784979
81233_a001_00019;19;;Lotissement la Chênaie;81120;81233;Terre-de-Bancalié;Ronel;;2.228781;43.814982
81233_arjp21_00108;108;;Lotissement des Vignes;81120;81233;Terre-de-Bancalié;Terre-Clapier;;2.29798;43.85583
81233_0009_00006;6;;Rue des Ecoles;81120;81233;Terre-de-Bancalié;Saint-Lieux-Lafenasse;;2.229154;43.768067
81233_0059_00096;96;;Route de La Cassagné;81120;81233;Terre-de-Bancalié;Saint-Antonin-de-Lacalm;;2.305219;43.786567
81233_0097_00285;285;;Chemin de Lévessenq;81120;81233;Terre-de-Bancalié;Roumégoux;;2.279786;43.810674
81233_0087_00264;264;;Route de la Sale;81120;81233;Terre-de-Bancalié;Ronel;;2.221608;43.817497
81233_z24u09_00001;1;;Lotissement les Garrigues;81120;81233;Terre-de-Bancalié;Ronel;;2.228141;43.815194
81233_0019_00017;17;;Route d'Alban;81120;81233;Terre-de-Bancalié;Saint-Lieux-Lafenasse;;2.254978;43.790936
81233_0057_01947;1947;;Route de la Brunié;81120;81233;Terre-de-Bancalié;Terre-Clapier;;2.283616;43.85455
81233_0019_09250;9250;;Route d'Alban;81120;81233;Terre-de-Bancalié;Terre-Clapier;;2.320321;43.855748
81233_0047_00034;34;;Rue de l'Hôtel de Ville;81120;81233;Terre-de-Bancalié;Roumégoux;;2.264167;43.799902
81233_0019_09131;9131;;Route d'Alban;81120;81233;Terre-de-Bancalié;Terre-Clapier;;2.318852;43.855378
81233_0019_00022;22;;Route d'Alban;81120;81233;Terre-de-Bancalié;Saint-Lieux-Lafenasse;;2.245659;43.783462
81233_0141_01200;1200;;Chemin du Cap de Coste;81120;81233;Terre-de-Bancalié;Saint-Antonin-de-Lacalm;;2.325242;43.79048
81233_y4pcz3_00673;673;;Hameau de Champagnol;81120;81233;Terre-de-Bancalié;Roumégoux;;2.274741;43.821075
81233_0098_00034;34;;Rue de Loumette;81120;81233;Terre-de-Bancalié;Saint-Antonin-de-Lacalm;;2.303081;43.786465
81233_0117_00361;361;;Chemin de Testet;81120;81233;Terre-de-Bancalié;Saint-Antonin-de-Lacalm;;2.27004;43.77474
81233_0013_00005;5;;Rue des Jardins;81120;81233;Terre-de-Bancalié;Saint-Lieux-Lafenasse;;2.229732;43.768037
81233_0050_00227;227;;Chemin de La Barthié;81120;81233;Terre-de-Bancalié;Ronel;;2.209018;43.814973
81233_0115_00728;728;;Route de Siès;81120;81233;Terre-de-Bancalié;Saint-Lieux-Lafenasse;;2.229983;43.784774
81233_0113_00875;875;;Route de Saint-Salvy;81120;81233;Terre-de-Bancalié;Terre-Clapier;;2.303128;43.854318
81233_0090_00487;487;;Chemin de La Tabourdié;81120;81233;Terre-de-Bancalié;Saint-Antonin-de-Lacalm;;2.307514;43.796304
81233_0137_00342;342;;Chemin du Bousquet;81120;81233;Terre-de-Bancalié;Saint-Lieux-Lafenasse;;2.24416;43.785465
81233_0036_01244;1244;;Route de Cornevent;81120;81233;Terre-de-Bancalié;Saint-Lieux-Lafenasse;;2.25045;43.768924
81233_0156_00022;22;;Chemin du Puech de La Peyre;81120;81233;Terre-de-Bancalié;Roumégoux;;2.265059;43.799738
81233_z24u09_00002;2;;Lotissement les Garrigues;81120;81233;Terre-de-Bancalié;Ronel;;2.228133;43.81535
81233_0004_00027_bis;27;bis;Avenue Augustin Malroux;81120;81233;Terre-de-Bancalié;Saint-Lieux-Lafenasse;;2.230465;43.767552
81233_a001_00022;22;;Lotissement la Chênaie;81120;81233;Terre-de-Bancalié;Ronel;;2.228235;43.814991
81233_0164_01251;1251;;Chemin du Truel;81120;81233;Terre-de-Bancalié;Terre-Clapier;;2.294265;43.852498
81233_0135_01516;1516;;Chemin des Vignals;81120;81233;Terre-de-Bancalié;Le Travet;;2.308718;43.816143
81233_imlcal_00147;147;;Hameau de l'Abeillé;81120;81233;Terre-de-Bancalié;Roumégoux;;2.261371;43.808412
81233_0130_00029;29;;Place des Marronniers;81120;81233;Terre-de-Bancalié;Saint-Antonin-de-Lacalm;;2.307017;43.786316
81233_0039_00322;322;;Route de Dénat;81120;81233;Terre-de-Bancalié;Ronel;;2.218265;43.812687
81233_0134_00102;102;;Chemin des Taxous;81120;81233;Terre-de-Bancalié;Saint-Antonin-de-Lacalm;;2.288639;43.765231
81233_0057_02009;2009;;Route de la Brunié;81120;81233;Terre-de-Bancalié;Terre-Clapier;;2.284013;43.85503
81233_0156_00072;72;;Chemin du Puech de La Peyre;81120;81233;Terre-de-Bancalié;Roumégoux;;2.265668;43.799731
81233_0036_03774;3774;;Route de Cornevent;81120;81233;Terre-de-Bancalié;Saint-Antonin-de-Lacalm;;2.264188;43.771071
81233_0004_00022;22;;Avenue Augustin Malroux;81120;81233;Terre-de-Bancalié;Saint-Lieux-Lafenasse;;2.228917;43.767576
81233_0138_00450;450;;Chemin du Buc;81120;81233;Terre-de-Bancalié;Roumégoux;;2.28442;43.820206
81233_0036_00509;509;;Route de Cornevent;81120;81233;Terre-de-Bancalié;Saint-Lieux-Lafenasse;;2.24099;43.770351
81233_0023_02770;2770;;Route d'Albi;81120;81233;Terre-de-Bancalié;Terre-Clapier;;2.275936;43.855163
81233_0022_00233;233;;Chemin de Borio Novo;81120;81233;Terre-de-Bancalié;;;2.235129;43.819696
81233_0057_00062;62;;Route de la Brunié;81120;81233;Terre-de-Bancalié;Terre-Clapier;;2.297586;43.841286
81233_0108_01519;1519;;Chemin de Razisse;81120;81233;Terre-de-Bancalié;Le Travet;;2.347406;43.804561
81233_0108_00007;7;;Chemin de Razisse;81120;81233;Terre-de-Bancalié;Le Travet;;2.33652;43.806151
81233_n8uhw2_00120;120;;Hameau de Saint-Martial;81120;81233;Terre-de-Bancalié;Ronel;;2.224205;43.814603
81233_0128_00051;51;;Chemin des Lavoirs;81120;81233;Terre-de-Bancalié;Terre-Clapier;;2.300273;43.855011
81233_0071_00139;139;;Chemin de La Guiraudié;81120;81233;Terre-de-Bancalié;Roumégoux;;2.23666;43.80737
81233_0155_01324;1324;;Route du Puech;81120;81233;Terre-de-Bancalié;Ronel;;2.211242;43.81709
81233_0138_00534;534;;Chemin du Buc;81120;81233;Terre-de-Bancalié;Roumégoux;;2.285078;43.819617
81233_0161_00070;70;;Route du Travet;81120;81233;Terre-de-Bancalié;Saint-Antonin-de-Lacalm;;2.307238;43.786857
81233_0014_00004;4;;Rue du Lavoir;81120;81233;Terre-de-Bancalié;Saint-Lieux-Lafenasse;;2.229241;43.76719
81233_0124_00031;31;;Rue des Fleurs;81120;81233;Terre-de-Bancalié;Saint-Antonin-de-Lacalm;;2.288772;43.762473
81233_0089_00749;749;;Route de la Sémadié;81120;81233;Terre-de-Bancalié;Terre-Clapier;;2.314672;43.861061
81233_0019_00005;5;;Route d'Alban;81120;81233;Terre-de-Bancalié;Saint-Lieux-Lafenasse;;2.241941;43.784218
81233_a001_00009;9;;Lotissement la Chênaie;81120;81233;Terre-de-Bancalié;Ronel;;2.229043;43.81425
81233_0019_00873;873;;Route d'Alban;81120;81233;Terre-de-Bancalié;Roumégoux;;2.26603;43.800155
81233_0019_00006;6;;Route d'Alban;81120;81233;Terre-de-Bancalié;Saint-Lieux-Lafenasse;;2.241149;43.784312
81233_0021_00018;18;;Chemin de Pébréou;81120;81233;Terre-de-Bancalié;Saint-Lieux-Lafenasse;;2.237396;43.785268
81233_0089_00591;591;;Route de la Sémadié;81120;81233;Terre-de-Bancalié;Terre-Clapier;;2.315824;43.859915
81233_0124_00062;62;;Rue des Fleurs;81120;81233;Terre-de-Bancalié;Saint-Antonin-de-Lacalm;;2.289067;43.762163
81233_0083_00323;323;;Chemin de La Ricardié;81120;81233;Terre-de-Bancalié;Saint-Antonin-de-Lacalm;;2.311114;43.79715
81233_0132_00055;55;;Impasse des Mouillères;81120;81233;Terre-de-Bancalié;Saint-Antonin-de-Lacalm;;2.307606;43.7881
81233_0142_00149;149;;Rue du Cavaillé;81120;81233;Terre-de-Bancalié;Saint-Antonin-de-Lacalm;;2.289076;43.762612
81233_0012_00013;13;;Place Jacques Durand;81120;81233;Terre-de-Bancalié;Saint-Lieux-Lafenasse;;2.229351;43.768243
81233_0080_00060;60;;Chemin de La Peyrade;81120;81233;Terre-de-Bancalié;Le Travet;;2.3337;43.808791
81233_0048_00385;385;;Chemin de La Bancalié;81120;81233;Terre-de-Bancalié;Saint-Antonin-de-Lacalm;;2.28807;43.805335
81233_a002_00009_bis;9;bis;Lotissement Las Planes;81120;81233;Terre-de-Bancalié;Saint-Lieux-Lafenasse;;2.233378;43.768844
81233_0009_00021;21;;Rue des Ecoles;81120;81233;Terre-de-Bancalié;Saint-Lieux-Lafenasse;;2.229149;43.76908
81233_0156_00138;138;;Chemin du Puech de La Peyre;81120;81233;Terre-de-Bancalié;Roumégoux;;2.266518;43.79975
81233_0012_00011;11;;Place Jacques Durand;81120;81233;Terre-de-Bancalié;Saint-Lieux-Lafenasse;;2.229561;43.768343
81233_0161_00039;39;;Route du Travet;81120;81233;Terre-de-Bancalié;Saint-Antonin-de-Lacalm;;2.3068;43.786856
81233_wvvncd_00026;26;;Hameau de La Ricardié;81120;81233;Terre-de-Bancalié;Saint-Antonin-de-Lacalm;;2.311301;43.796724
81233_0104_00116;116;;Chemin de Notre Dame;81120;81233;Terre-de-Bancalié;Roumégoux;;2.271299;43.80385
81233_0004_00017;17;;Avenue Augustin Malroux;81120;81233;Terre-de-Bancalié;Saint-Lieux-Lafenasse;;2.229019;43.76763
81233_0144_00011;11;;Chemin du Château de Ronel;81120;81233;Terre-de-Bancalié;Ronel;;2.215412;43.805812
81233_0106_00048;48;;Chemin de Plégade;81120;81233;Terre-de-Bancalié;Terre-Clapier;;2.29059;43.832422
81233_0070_02202;2202;;Chemin de La Ginestarié;81120;81233;Terre-de-Bancalié;Saint-Antonin-de-Lacalm;;2.284937;43.794083
81233_0020_00008_bis;8;bis;Rue des Léonciens;81120;81233;Terre-de-Bancalié;Saint-Lieux-Lafenasse;;2.23974;43.785005
81233_0043_01623;1623;;Chemin de Fonnègre;81120;81233;Terre-de-Bancalié;Saint-Antonin-de-Lacalm;;2.287974;43.771818
81233_goovp8_00003;3;;Rue du Château d'Eau;81120;81233;Terre-de-Bancalié;Saint-Lieux-Lafenasse;;2.233032;43.767692
81233_0009_00004;4;;Rue des Ecoles;81120;81233;Terre-de-Bancalié;Saint-Lieux-Lafenasse;;2.229164;43.767955
81233_0132_00057;57;;Impasse des Mouillères;81120;81233;Terre-de-Bancalié;Saint-Antonin-de-Lacalm;;2.307401;43.788238
81233_0059_00139;139;;Route de La Cassagné;81120;81233;Terre-de-Bancalié;Saint-Antonin-de-Lacalm;;2.304668;43.786527
81233_0019_00799;799;;Route d'Alban;81120;81233;Terre-de-Bancalié;Roumégoux;;2.265196;43.79993
81233_0066_01064;1064;;Chemin de la Fabrié;81120;81233;Terre-de-Bancalié;Saint-Lieux-Lafenasse;;2.237905;43.777173
81233_0083_00809;809;;Chemin de La Ricardié;81120;81233;Terre-de-Bancalié;Saint-Antonin-de-Lacalm;;2.307151;43.800408
81233_a003_00007;7;;Lotissement Les Fluorines;81120;81233;Terre-de-Bancalié;Saint-Lieux-Lafenasse;;2.232105;43.768062
81233_0088_00065;65;;Chemin de la Salvanié;81120;81233;Terre-de-Bancalié;Saint-Lieux-Lafenasse;;2.235844;43.76781
81233_0019_05565;5565;;Route d'Alban;81120;81233;Terre-de-Bancalié;Terre-Clapier;;2.289787;43.832359
81233_0164_01123;1123;;Chemin du Truel;81120;81233;Terre-de-Bancalié;Terre-Clapier;;2.295594;43.851851
81233_0079_00011;11;;Chemin de La Moulinotte;81120;81233;Terre-de-Bancalié;Saint-Antonin-de-Lacalm;;2.28844;43.764062
81233_0132_00056;56;;Impasse des Mouillères;81120;81233;Terre-de-Bancalié;Saint-Antonin-de-Lacalm;;2.30805;43.787989
81233_0092_00325;325;;Chemin de La Verdussié;81120;81233;Terre-de-Bancalié;Saint-Antonin-de-Lacalm;;2.26944;43.781134
81233_0088_00403;403;;Chemin de la Salvanié;81120;81233;Terre-de-Bancalié;Saint-Lieux-Lafenasse;;2.235906;43.764795
81233_0004_00002;2;;Avenue Augustin Malroux;81120;81233;Terre-de-Bancalié;Saint-Lieux-Lafenasse;;2.226937;43.768476
81233_0002_00005;5;;Rue de la Rivière;81120;81233;Terre-de-Bancalié;Saint-Lieux-Lafenasse;;2.227173;43.767654
81233_0106_00076;76;;Chemin de Plégade;81120;81233;Terre-de-Bancalié;Terre-Clapier;;2.290925;43.832434
81233_0044_01812;1812;;Route de Gourdou;81120;81233;Terre-de-Bancalié;Ronel;;2.198695;43.794262
81233_0077_00009;9;;Rue de La Micalié;81120;81233;Terre-de-Bancalié;Le Travet;;2.332677;43.807515
81233_0108_00002;2;;Chemin de Razisse;81120;81233;Terre-de-Bancalié;Le Travet;;2.334562;43.806788
81233_0002_00017;17;;Rue de la Rivière;81120;81233;Terre-de-Bancalié;Saint-Lieux-Lafenasse;;2.228849;43.767312
81233_0004_00022_bis;22;bis;Avenue Augustin Malroux;81120;81233;Terre-de-Bancalié;Saint-Lieux-Lafenasse;;2.229175;43.767472
81233_0047_00406;406;;Rue de l'Hôtel de Ville;81120;81233;Terre-de-Bancalié;Roumégoux;;2.261409;43.802469
81233_0138_00151;151;;Chemin du Buc;81120;81233;Terre-de-Bancalié;Roumégoux;;2.282431;43.822462
81233_0136_00029;29;;Route du Barrage;81120;81233;Terre-de-Bancalié;Saint-Antonin-de-Lacalm;;2.306465;43.786435
81233_0113_01208;1208;;Route de Saint-Salvy;81120;81233;Terre-de-Bancalié;Terre-Clapier;;2.300437;43.855737
81233_0144_00582;582;;Chemin du Château de Ronel;81120;81233;Terre-de-Bancalié;Ronel;;2.222366;43.805778
81233_0051_02439;2439;;Route de la Bezolle;81120;81233;Terre-de-Bancalié;Ronel;;2.214286;43.831956
81233_sph8u4_00183;183;;Hameau de Pendariès;81120;81233;Terre-de-Bancalié;Ronel;;2.213666;43.803673
81233_0121_01944;1944;;Route des Carrières;81120;81233;Terre-de-Bancalié;Saint-Antonin-de-Lacalm;;2.288263;43.76282
81233_0004_00014;14;;Avenue Augustin Malroux;81120;81233;Terre-de-Bancalié;Saint-Lieux-Lafenasse;;2.228465;43.767779
81233_0027_00549;549;;Chemin de Bel Soleil;81120;81233;Terre-de-Bancalié;Saint-Antonin-de-Lacalm;;2.275994;43.770796
81233_0156_00227;227;;Chemin du Puech de La Peyre;81120;81233;Terre-de-Bancalié;Roumégoux;;2.26761;43.799774
81233_0008_00008;8;;Rue Droite;81120;81233;Terre-de-Bancalié;Saint-Lieux-Lafenasse;;2.229632;43.76777
81233_0044_01619;1619;;Route de Gourdou;81120;81233;Terre-de-Bancalié;Ronel;;2.199671;43.795877
81233_0004_00021;21;;Avenue Augustin Malroux;81120;81233;Terre-de-Bancalié;Saint-Lieux-Lafenasse;;2.229512;43.767486
81233_0057_01974;1974;;Route de la Brunié;81120;81233;Terre-de-Bancalié;Terre-Clapier;;2.283952;43.854807
81233_0099_00420;420;;Chemin de Maguelonne;81120;81233;Terre-de-Bancalié;Terre-Clapier;;2.280587;43.854595
81233_0023_00227;227;;Route d'Albi;81120;81233;Terre-de-Bancalié;Terre-Clapier;;2.294943;43.840883
81233_0059_04056;4056;;Route de La Cassagné;81120;81233;Terre-de-Bancalié;Roumégoux;;2.275173;43.805006
81233_eirbx3_00364;364;;Chemin de La Métairie Neuve;81120;81233;Terre-de-Bancalié;Saint-Antonin-de-Lacalm;;2.303827;43.782719
81233_0031_00016;16;;Route de Blima;81120;81233;Terre-de-Bancalié;Ronel;;2.214249;43.805231
81233_0057_00099;99;;Route de la Brunié;81120;81233;Terre-de-Bancalié;Terre-Clapier;;2.297127;43.84157
81233_0087_00234;234;;Route de la Sale;81120;81233;Terre-de-Bancalié;Ronel;;2.221753;43.817273
81233_a001_00012;12;;Lotissement la Chênaie;81120;81233;Terre-de-Bancalié;Ronel;;2.228911;43.814882
81233_n8uhw2_00046;46;;Hameau de Saint-Martial;81120;81233;Terre-de-Bancalié;Ronel;;2.225045;43.814339
81233_0002_00006;6;;Rue de la Rivière;81120;81233;Terre-de-Bancalié;Saint-Lieux-Lafenasse;;2.227102;43.767573
81233_0019_00063;63;;Route d'Alban;81120;81233;Terre-de-Bancalié;Roumégoux;;2.260845;43.794678
81233_0130_00025;25;;Place des Marronniers;81120;81233;Terre-de-Bancalié;Saint-Antonin-de-Lacalm;;2.306607;43.7863
81233_0024_00573;573;;Chemin d'Avisou;81120;81233;Terre-de-Bancalié;Roumégoux;;2.251501;43.796712
81233_0113_01011;1011;;Route de Saint-Salvy;81120;81233;Terre-de-Bancalié;Terre-Clapier;;2.301686;43.854881
81233_0009_00029;29;;Rue des Ecoles;81120;81233;Terre-de-Bancalié;Saint-Lieux-Lafenasse;;2.228491;43.770206
81233_0155_01274;1274;;Route du Puech;81120;81233;Terre-de-Bancalié;Ronel;;2.211777;43.816829
81233_a001_00020;20;;Lotissement la Chênaie;81120;81233;Terre-de-Bancalié;Ronel;;2.227721;43.814635
81233_0054_00307;307;;Chemin de La Borie;81120;81233;Terre-de-Bancalié;Roumégoux;;2.266128;43.804153
81233_y4pcz3_00489;489;;Hameau de Champagnol;81120;81233;Terre-de-Bancalié;Roumégoux;;2.272605;43.821045
81233_0121_00119;119;;Route des Carrières;81120;81233;Terre-de-Bancalié;Saint-Antonin-de-Lacalm;;2.2761;43.762315
81233_0166_00025;25;;Place Joseph Briol;81120;81233;Terre-de-Bancalié;Saint-Antonin-de-Lacalm;;2.288923;43.762877
81233_0155_00470;470;;Route du Puech;81120;81233;Terre-de-Bancalié;Ronel;;2.218074;43.814088
81233_0019_03932;3932;;Route d'Alban;81120;81233;Terre-de-Bancalié;Roumégoux;;2.280923;43.822553
81233_0059_04082;4082;;Route de La Cassagné;81120;81233;Terre-de-Bancalié;Roumégoux;;2.275079;43.805216
81233_0047_00135;135;;Rue de l'Hôtel de Ville;81120;81233;Terre-de-Bancalié;Roumégoux;;2.263133;43.800414
81233_0063_00592;592;;Chemin de la Combe;81120;81233;Terre-de-Bancalié;Saint-Lieux-Lafenasse;;2.245433;43.788974
81233_0147_00164;164;;Chemin du Domaine;81120;81233;Terre-de-Bancalié;Ronel;;2.189649;43.798269
81233_0061_00146;146;;Chemin de la Cézié;81120;81233;Terre-de-Bancalié;Terre-Clapier;;2.292333;43.860658
81233_arjp21_00077;77;;Lotissement des Vignes;81120;81233;Terre-de-Bancalié;Terre-Clapier;;2.298301;43.855983
81233_0071_00141;141;;Chemin de La Guiraudié;81120;81233;Terre-de-Bancalié;Roumégoux;;2.236634;43.80735
81233_0114_00077;77;;Route de Saint-Simon;81120;81233;Terre-de-Bancalié;Terre-Clapier;;2.312553;43.850043
81233_0121_04340;4340;;Route des Carrières;81120;81233;Terre-de-Bancalié;Saint-Antonin-de-Lacalm;;2.310595;43.761704
81233_0013_00004;4;;Rue des Jardins;81120;81233;Terre-de-Bancalié;Saint-Lieux-Lafenasse;;2.229649;43.768048
81233_0007_00010;10;;Rue de la Croix;81120;81233;Terre-de-Bancalié;Saint-Lieux-Lafenasse;;2.230123;43.769773
81233_0136_00188;188;;Route du Barrage;81120;81233;Terre-de-Bancalié;Saint-Antonin-de-Lacalm;;2.304604;43.786199
81233_0008_00010;10;;Rue Droite;81120;81233;Terre-de-Bancalié;Saint-Lieux-Lafenasse;;2.229686;43.767838
81233_0020_00002;2;;Rue des Léonciens;81120;81233;Terre-de-Bancalié;Saint-Lieux-Lafenasse;;2.240506;43.784725
81233_0014_00006;6;;Rue du Lavoir;81120;81233;Terre-de-Bancalié;Saint-Lieux-Lafenasse;;2.229325;43.767184
81233_0014_00002;2;;Rue du Lavoir;81120;81233;Terre-de-Bancalié;Saint-Lieux-Lafenasse;;2.229164;43.767201
81233_0003_00004;4;;Rue du Pont Vieux;81120;81233;Terre-de-Bancalié;Saint-Lieux-Lafenasse;;2.228962;43.767283
81233_0155_01152;1152;;Route du Puech;81120;81233;Terre-de-Bancalié;Ronel;;2.213089;43.816626
81233_0004_00009;9;;Avenue Augustin Malroux;81120;81233;Terre-de-Bancalié;Saint-Lieux-Lafenasse;;2.228564;43.767819
81233_0084_00159;159;;Chemin de La Rigaudié;81120;81233;Terre-de-Bancalié;Roumégoux;;2.262086;43.793219
81233_0117_00278;278;;Chemin de Testet;81120;81233;Terre-de-Bancalié;Saint-Antonin-de-Lacalm;;2.270843;43.775253
81233_0129_00062;62;;Rue des Lilas;81120;81233;Terre-de-Bancalié;Saint-Antonin-de-Lacalm;;2.308012;43.786451
81233_0057_00096;96;;Route de la Brunié;81120;81233;Terre-de-Bancalié;Terre-Clapier;;2.297337;43.841559
81233_0033_00188;188;;Chemin de Calvayrac;81120;81233;Terre-de-Bancalié;Terre-Clapier;;2.298958;43.842813
81233_0111_00048;48;;Place de Roumégoux;81120;81233;Terre-de-Bancalié;Roumégoux;;2.261299;43.803589
81233_n8uhw2_00126;126;;Hameau de Saint-Martial;81120;81233;Terre-de-Bancalié;Ronel;;2.223856;43.814627
81233_0057_00286;286;;Route de la Brunié;81120;81233;Terre-de-Bancalié;Terre-Clapier;;2.295749;43.842799
81233_0074_00009;9;;Rue de la Mairie;81120;81233;Terre-de-Bancalié;Le Travet;;2.330714;43.808052
81233_0117_00273;273;;Chemin de Testet;81120;81233;Terre-de-Bancalié;Saint-Antonin-de-Lacalm;;2.270944;43.775166
81233_0146_00721;721;;Chemin du Coussoulet;81120;81233;Terre-de-Bancalié;Saint-Lieux-Lafenasse;;2.241524;43.762754
81233_0048_00464;464;;Chemin de La Bancalié;81120;81233;Terre-de-Bancalié;Saint-Antonin-de-Lacalm;;2.288835;43.805843
81233_0020_00012;12;;Rue des Léonciens;81120;81233;Terre-de-Bancalié;Saint-Lieux-Lafenasse;;2.239872;43.784759
81233_0019_01026;1026;;Route d'Alban;81120;81233;Terre-de-Bancalié;Roumégoux;;2.267596;43.800966
81233_0077_00010;10;;Rue de La Micalié;81120;81233;Terre-de-Bancalié;Le Travet;;2.332739;43.807428
81233_0136_01204;1204;;Route du Barrage;81120;81233;Terre-de-Bancalié;Saint-Antonin-de-Lacalm;;2.292717;43.783602
81233_0009_00021_bis;21;bis;Rue des Ecoles;81120;81233;Terre-de-Bancalié;Saint-Lieux-Lafenasse;;2.229157;43.769187
81233_0155_00346;346;;Route du Puech;81120;81233;Terre-de-Bancalié;Ronel;;2.21955;43.814019
81233_0128_00081;81;;Chemin des Lavoirs;81120;81233;Terre-de-Bancalié;Terre-Clapier;;2.300417;43.855249
81233_0016_00001;1;;Chemin du Stade;81120;81233;Terre-de-Bancalié;Saint-Lieux-Lafenasse;;2.231328;43.768156
81233_sph8u4_00192;192;;Hameau de Pendariès;81120;81233;Terre-de-Bancalié;Ronel;;2.213891;43.803679
81233_0073_00282;282;;Chemin de La Magrié;81120;81233;Terre-de-Bancalié;Le Travet;;2.334118;43.812843
81233_a003_00011;11;;Lotissement Les Fluorines;81120;81233;Terre-de-Bancalié;Saint-Lieux-Lafenasse;;2.232069;43.768299
81233_0111_00056;56;;Place de Roumégoux;81120;81233;Terre-de-Bancalié;Roumégoux;;2.261037;43.803015
81233_0009_00012;12;;Rue des Ecoles;81120;81233;Terre-de-Bancalié;Saint-Lieux-Lafenasse;;2.228499;43.770585
81233_0104_00046;46;;Chemin de Notre Dame;81120;81233;Terre-de-Bancalié;Roumégoux;;2.270566;43.804156
81233_0039_00324;324;;Route de Dénat;81120;81233;Terre-de-Bancalié;Ronel;;2.21823;43.812698
81233_0057_00209;209;;Route de la Brunié;81120;81233;Terre-de-Bancalié;Terre-Clapier;;2.296376;43.842284
81233_0039_00282;282;;Route de Dénat;81120;81233;Terre-de-Bancalié;Ronel;;2.218776;43.812522
81233_0013_00009;9;;Rue des Jardins;81120;81233;Terre-de-Bancalié;Saint-Lieux-Lafenasse;;2.229994;43.767975
81233_a001_00004;4;;Lotissement la Chênaie;81120;81233;Terre-de-Bancalié;Ronel;;2.228346;43.814038
81233_0137_00348;348;;Chemin du Bousquet;81120;81233;Terre-de-Bancalié;Saint-Lieux-Lafenasse;;2.244134;43.785527
81233_0110_00006;6;;Place de Ronel;81120;81233;Terre-de-Bancalié;Ronel;;2.224689;43.81412
81233_0057_00160;160;;Route de la Brunié;81120;81233;Terre-de-Bancalié;Terre-Clapier;;2.296794;43.841974
81233_0156_00109;109;;Chemin du Puech de La Peyre;81120;81233;Terre-de-Bancalié;Roumégoux;;2.266129;43.799816
81233_35twc8_00003;3;;Lotissement du Plo;81120;81233;Terre-de-Bancalié;Roumégoux;;2.261295;43.801416
81233_0155_00148;148;;Route du Puech;81120;81233;Terre-de-Bancalié;Ronel;;2.221846;43.81382
81233_0111_00040;40;;Place de Roumégoux;81120;81233;Terre-de-Bancalié;Roumégoux;;2.261473;43.803077
81233_0126_00169;169;;Chemin des Goutines;81120;81233;Terre-de-Bancalié;Terre-Clapier;;2.291704;43.825429
81233_0093_01612;1612;;Chemin de Labeillé;81120;81233;Terre-de-Bancalié;Roumégoux;;2.262064;43.815621
81233_0023_00245;245;;Route d'Albi;81120;81233;Terre-de-Bancalié;Terre-Clapier;;2.295014;43.841033
81233_0152_00210;210;;Chemin du Pic de la Vergne;81120;81233;Terre-de-Bancalié;Saint-Lieux-Lafenasse;;2.235596;43.770475
81233_0086_00643;643;;Chemin de la Sagne;81120;81233;Terre-de-Bancalié;Saint-Lieux-Lafenasse;;2.241357;43.789591
81233_0057_01907;1907;;Route de la Brunié;81120;81233;Terre-de-Bancalié;Terre-Clapier;;2.28391;43.854275
81233_0057_01978;1978;;Route de la Brunié;81120;81233;Terre-de-Bancalié;Terre-Clapier;;2.283984;43.85486
81233_0042_00425;425;;Chemin de Feniès;81120;81233;Terre-de-Bancalié;Saint-Antonin-de-Lacalm;;2.28561;43.789043
81233_wvvncd_00050;50;;Hameau de La Ricardié;81120;81233;Terre-de-Bancalié;Saint-Antonin-de-Lacalm;;2.311126;43.796828
81233_0122_00122;122;;Route des Chênes;81120;81233;Terre-de-Bancalié;Saint-Lieux-Lafenasse;;2.23535;43.769465
81233_0104_00238;238;;Chemin de Notre Dame;81120;81233;Terre-de-Bancalié;Roumégoux;;2.272782;43.804184
81233_0089_01215;1215;;Route de la Sémadié;81120;81233;Terre-de-Bancalié;Terre-Clapier;;2.314012;43.864884
81233_0056_01430;1430;;Route de la Braillé;81120;81233;Terre-de-Bancalié;Saint-Lieux-Lafenasse;;2.218911;43.788399
81233_n8uhw2_00166;166;;Hameau de Saint-Martial;81120;81233;Terre-de-Bancalié;Ronel;;2.223756;43.814366
81233_0004_00015;15;;Avenue Augustin Malroux;81120;81233;Terre-de-Bancalié;Saint-Lieux-Lafenasse;;2.228756;43.767731
81233_0090_00465;465;;Chemin de La Tabourdié;81120;81233;Terre-de-Bancalié;Saint-Antonin-de-Lacalm;;2.307927;43.796191
81233_0106_00134;134;;Chemin de Plégade;81120;81233;Terre-de-Bancalié;Terre-Clapier;;2.291668;43.832552
81233_0096_00006;6;;Route de Lempery;81120;81233;Terre-de-Bancalié;Le Travet;;2.327117;43.808608
81233_0136_00104;104;;Route du Barrage;81120;81233;Terre-de-Bancalié;Saint-Antonin-de-Lacalm;;2.305645;43.786261
81233_0126_00215;215;;Chemin des Goutines;81120;81233;Terre-de-Bancalié;Terre-Clapier;;2.292193;43.825231
81233_0167_00147;147;;Chemin la Fédial;81120;81233;Terre-de-Bancalié;Saint-Lieux-Lafenasse;;2.238714;43.768538
81233_0019_00011;11;;Route d'Alban;81120;81233;Terre-de-Bancalié;Saint-Lieux-Lafenasse;;2.243118;43.783882
81233_a002_00009;9;;Lotissement Las Planes;81120;81233;Terre-de-Bancalié;Saint-Lieux-Lafenasse;;2.233283;43.768791
81233_0057_01949;1949;;Route de la Brunié;81120;81233;Terre-de-Bancalié;Terre-Clapier;;2.283607;43.85456
81233_0127_01298;1298;;Route des Grèzes;81120;81233;Terre-de-Bancalié;Ronel;;2.221104;43.824589
81233_0021_00012;12;;Chemin de Pébréou;81120;81233;Terre-de-Bancalié;Saint-Lieux-Lafenasse;;2.237936;43.78502
81233_0091_00676;676;;Chemin de La Thomazié;81120;81233;Terre-de-Bancalié;Saint-Antonin-de-Lacalm;;2.311655;43.804666
81233_0019_00015;15;;Route d'Alban;81120;81233;Terre-de-Bancalié;Saint-Lieux-Lafenasse;;2.24947;43.784516
81233_0051_01574;1574;;Route de la Bezolle;81120;81233;Terre-de-Bancalié;Ronel;;2.222907;43.827297
81233_0040_00006;6;;Chemin de Falhiès;81120;81233;Terre-de-Bancalié;Le Travet;;2.333444;43.807958
81233_0116_00004;4;;Route de Teillet;81120;81233;Terre-de-Bancalié;Le Travet;;2.331355;43.80929
81233_0020_00014;14;;Rue des Léonciens;81120;81233;Terre-de-Bancalié;Saint-Lieux-Lafenasse;;2.239991;43.784727
81233_0113_00877;877;;Route de Saint-Salvy;81120;81233;Terre-de-Bancalié;Terre-Clapier;;2.303122;43.854302
81233_0108_00013;13;;Chemin de Razisse;81120;81233;Terre-de-Bancalié;Le Travet;;2.337782;43.805351
81233_a001_00007;7;;Lotissement la Chênaie;81120;81233;Terre-de-Bancalié;Ronel;;2.228969;43.813987
81233_0136_01434;1434;;Route du Barrage;81120;81233;Terre-de-Bancalié;Saint-Antonin-de-Lacalm;;2.290495;43.782302
81233_y4pcz3_00487;487;;Hameau de Champagnol;81120;81233;Terre-de-Bancalié;Roumégoux;;2.272606;43.821158
81233_0111_00010;10;;Place de Roumégoux;81120;81233;Terre-de-Bancalié;Roumégoux;;2.26135;43.802775
81233_0090_00410;410;;Chemin de La Tabourdié;81120;81233;Terre-de-Bancalié;Saint-Antonin-de-Lacalm;;2.308491;43.795918
81233_0124_00060;60;;Rue des Fleurs;81120;81233;Terre-de-Bancalié;Saint-Antonin-de-Lacalm;;2.289002;43.762219
81233_0139_00428;428;;Chemin du Buguet;81120;81233;Terre-de-Bancalié;Saint-Antonin-de-Lacalm;;2.296952;43.781048
81233_0096_00385;385;;Route de Lempery;81120;81233;Terre-de-Bancalié;Le Travet;;2.32404;43.808468
81233_0108_00005_bis;5;bis;Chemin de Razisse;81120;81233;Terre-de-Bancalié;Le Travet;;2.336156;43.806329
81233_0161_00081;81;;Route du Travet;81120;81233;Terre-de-Bancalié;Saint-Antonin-de-Lacalm;;2.307323;43.786985
81233_0138_00025;25;;Chemin du Buc;81120;81233;Terre-de-Bancalié;Roumégoux;;2.281875;43.823452
81233_0052_00005;5;;Chemin de La Biale;81120;81233;Terre-de-Bancalié;Le Travet;;2.328153;43.808954
81233_a003_00004;4;;Lotissement Les Fluorines;81120;81233;Terre-de-Bancalié;Saint-Lieux-Lafenasse;;2.23184;43.768084
81233_0019_00004;4;;Route d'Alban;81120;81233;Terre-de-Bancalié;Saint-Lieux-Lafenasse;;2.240763;43.784413
81233_0004_00006;6;;Avenue Augustin Malroux;81120;81233;Terre-de-Bancalié;Saint-Lieux-Lafenasse;;2.227684;43.768128
81233_0059_03767;3767;;Route de La Cassagné;81120;81233;Terre-de-Bancalié;Roumégoux;;2.277043;43.802821
81233_0151_00391;391;;Chemin du Petit Domaine;81120;81233;Terre-de-Bancalié;Ronel;;2.189838;43.799913
81233_0142_00169;169;;Rue du Cavaillé;81120;81233;Terre-de-Bancalié;Saint-Antonin-de-Lacalm;;2.289227;43.762481
81233_0052_00003;3;;Chemin de La Biale;81120;81233;Terre-de-Bancalié;Le Travet;;2.328373;43.808861
81233_0009_00016;16;;Rue des Ecoles;81120;81233;Terre-de-Bancalié;Saint-Lieux-Lafenasse;;2.228605;43.771466
81233_0109_00178;178;;Route de Réalmont;81120;81233;Terre-de-Bancalié;Ronel;;2.222583;43.813377
81233_0037_01735;1735;;Chemin de Costes Auriès;81120;81233;Terre-de-Bancalié;Le Travet;;2.328311;43.794556
81233_0165_00194;194;;Chemin du Verdier;81120;81233;Terre-de-Bancalié;Le Travet;;2.328559;43.812215
81233_35twc8_00004;4;;Lotissement du Plo;81120;81233;Terre-de-Bancalié;Roumégoux;;2.261201;43.801438
81233_0089_01453;1453;;Route de la Sémadié;81120;81233;Terre-de-Bancalié;Terre-Clapier;;2.314029;43.864615
81233_0123_00108;108;;Chemin des Ecoliers;81120;81233;Terre-de-Bancalié;Saint-Antonin-de-Lacalm;;2.305314;43.785257
81233_0113_00247;247;;Route de Saint-Salvy;81120;81233;Terre-de-Bancalié;Terre-Clapier;;2.309749;43.851894
81233_a003_00010;10;;Lotissement Les Fluorines;81120;81233;Terre-de-Bancalié;Saint-Lieux-Lafenasse;;2.232135;43.768186
81233_0101_00032;32;;Route de Marliaves;81120;81233;Terre-de-Bancalié;Saint-Lieux-Lafenasse;;2.220928;43.770984
81233_0019_05637;5637;;Route d'Alban;81120;81233;Terre-de-Bancalié;Terre-Clapier;;2.290284;43.83288
81233_0019_07273;7273;;Route d'Alban;81120;81233;Terre-de-Bancalié;Terre-Clapier;;2.303071;43.843328
81233_0115_05001;5001;;Route de Siès;81120;81233;Terre-de-Bancalié;Roumégoux;;2.245763;43.815062
81233_0032_00437;437;;Chemin de Bordeneuve;81120;81233;Terre-de-Bancalié;Saint-Lieux-Lafenasse;;2.223849;43.795482
81233_0087_00198;198;;Route de la Sale;81120;81233;Terre-de-Bancalié;Ronel;;2.221909;43.816974
81233_0032_00289;289;;Chemin de Bordeneuve;81120;81233;Terre-de-Bancalié;Saint-Lieux-Lafenasse;;2.22239;43.796244
81233_0066_01038;1038;;Chemin de la Fabrié;81120;81233;Terre-de-Bancalié;Saint-Lieux-Lafenasse;;2.237631;43.777175
81233_0009_00019;19;;Rue des Ecoles;81120;81233;Terre-de-Bancalié;Saint-Lieux-Lafenasse;;2.229038;43.768862
81233_0164_01051;1051;;Chemin du Truel;81120;81233;Terre-de-Bancalié;Terre-Clapier;;2.296261;43.851414
81233_0073_00276;276;;Chemin de La Magrié;81120;81233;Terre-de-Bancalié;Le Travet;;2.333721;43.812451
81233_0071_00161;161;;Chemin de La Guiraudié;81120;81233;Terre-de-Bancalié;Roumégoux;;2.236338;43.808459
81233_z24u09_00008;8;;Lotissement les Garrigues;81120;81233;Terre-de-Bancalié;Ronel;;2.228602;43.815889
81233_0019_00863;863;;Route d'Alban;81120;81233;Terre-de-Bancalié;Roumégoux;;2.265926;43.800121
81233_0156_00181;181;;Chemin du Puech de La Peyre;81120;81233;Terre-de-Bancalié;Roumégoux;;2.267048;43.799863
81233_a001_00008;8;;Lotissement la Chênaie;81120;81233;Terre-de-Bancalié;Ronel;;2.229043;43.81402
81233_0021_00022;22;;Chemin de Pébréou;81120;81233;Terre-de-Bancalié;Saint-Lieux-Lafenasse;;2.236525;43.785545
81233_0134_00042;42;;Chemin des Taxous;81120;81233;Terre-de-Bancalié;Saint-Antonin-de-Lacalm;;2.288471;43.764703
81233_0138_00521;521;;Chemin du Buc;81120;81233;Terre-de-Bancalié;Roumégoux;;2.28503;43.819744
81233_0031_00009;9;;Route de Blima;81120;81233;Terre-de-Bancalié;Ronel;;2.214239;43.805029
81233_0030_00023;23;;Rue de Bétou;81120;81233;Terre-de-Bancalié;Roumégoux;;2.263338;43.799881
81233_718hzm_00005;5;;Impasse de la Téoulière;81120;81233;Terre-de-Bancalié;Roumégoux;;2.275725;43.819894
81233_n8uhw2_00016;16;;Hameau de Saint-Martial;81120;81233;Terre-de-Bancalié;Ronel;;2.225392;43.814262
81233_0044_00925;925;;Route de Gourdou;81120;81233;Terre-de-Bancalié;Ronel;;2.199746;43.799785
81233_0076_00001;1;;Place de La Micalié;81120;81233;Terre-de-Bancalié;Le Travet;;2.333682;43.807399
81233_0108_00010;10;;Chemin de Razisse;81120;81233;Terre-de-Bancalié;Le Travet;;2.336368;43.806112
81233_0057_00125;125;;Route de la Brunié;81120;81233;Terre-de-Bancalié;Terre-Clapier;;2.296998;43.841692
81233_0003_00005;5;;Rue du Pont Vieux;81120;81233;Terre-de-Bancalié;Saint-Lieux-Lafenasse;;2.229014;43.767474
81233_0063_00627;627;;Chemin de la Combe;81120;81233;Terre-de-Bancalié;Saint-Lieux-Lafenasse;;2.244957;43.789006
81233_0142_00117;117;;Rue du Cavaillé;81120;81233;Terre-de-Bancalié;Saint-Antonin-de-Lacalm;;2.288723;43.762733
81233_0136_01328;1328;;Route du Barrage;81120;81233;Terre-de-Bancalié;Saint-Antonin-de-Lacalm;;2.291445;43.782932
81233_0119_00286;286;;Chemin Trivalotte;81120;81233;Terre-de-Bancalié;Roumégoux;;2.277961;43.824807
81233_0059_00086;86;;Route de La Cassagné;81120;81233;Terre-de-Bancalié;Saint-Antonin-de-Lacalm;;2.305337;43.786577
81233_0009_00023;23;;Rue des Ecoles;81120;81233;Terre-de-Bancalié;Saint-Lieux-Lafenasse;;2.229046;43.769395
81233_0039_00967;967;;Route de Dénat;81120;81233;Terre-de-Bancalié;Ronel;;2.211747;43.815142
81233_0007_00004;4;;Rue de la Croix;81120;81233;Terre-de-Bancalié;Saint-Lieux-Lafenasse;;2.229902;43.770006
81233_0038_00502;502;;Chemin Coulon;81120;81233;Terre-de-Bancalié;Roumégoux;;2.269123;43.810048
81233_0077_00008;8;;Rue de La Micalié;81120;81233;Terre-de-Bancalié;Le Travet;;2.332311;43.807507
81233_0113_01097;1097;;Route de Saint-Salvy;81120;81233;Terre-de-Bancalié;Terre-Clapier;;2.30056;43.854891
81233_n8uhw2_00239;239;;Hameau de Saint-Martial;81120;81233;Terre-de-Bancalié;Ronel;;2.223253;43.815358
81233_0144_00009;9;;Chemin du Château de Ronel;81120;81233;Terre-de-Bancalié;Ronel;;2.215384;43.805788
81233_0143_00002;2;;Chemin du Cayla;81120;81233;Terre-de-Bancalié;Le Travet;;2.333882;43.806978
81233_0003_00006;6;;Rue du Pont Vieux;81120;81233;Terre-de-Bancalié;Saint-Lieux-Lafenasse;;2.228985;43.76733
81233_0142_00254;254;;Rue du Cavaillé;81120;81233;Terre-de-Bancalié;Saint-Antonin-de-Lacalm;;2.289611;43.761741
81233_0020_00010;10;;Rue des Léonciens;81120;81233;Terre-de-Bancalié;Saint-Lieux-Lafenasse;;2.239698;43.784822
81233_0039_00284;284;;Route de Dénat;81120;81233;Terre-de-Bancalié;Ronel;;2.218696;43.812559
81233_0156_00255;255;;Chemin du Puech de La Peyre;81120;81233;Terre-de-Bancalié;Roumégoux;;2.267952;43.799695
81233_0155_00677;677;;Route du Puech;81120;81233;Terre-de-Bancalié;Ronel;;2.216434;43.815497
81233_0108_00018;18;;Chemin de Razisse;81120;81233;Terre-de-Bancalié;Le Travet;;2.337223;43.805767
81233_a001_00005;5;;Lotissement la Chênaie;81120;81233;Terre-de-Bancalié;Ronel;;2.228444;43.813968
81233_0038_00590;590;;Chemin Coulon;81120;81233;Terre-de-Bancalié;Roumégoux;;2.269159;43.810791
81233_z24u09_00007;7;;Lotissement les Garrigues;81120;81233;Terre-de-Bancalié;Ronel;;2.228532;43.815996
81233_0119_00356;356;;Chemin Trivalotte;81120;81233;Terre-de-Bancalié;Roumégoux;;2.277122;43.824707
81233_0164_00739;739;;Chemin du Truel;81120;81233;Terre-de-Bancalié;Terre-Clapier;;2.298857;43.849359
81233_0019_00016;16;;Route d'Alban;81120;81233;Terre-de-Bancalié;Saint-Lieux-Lafenasse;;2.243288;43.783696
81233_0020_00016;16;;Rue des Léonciens;81120;81233;Terre-de-Bancalié;Saint-Lieux-Lafenasse;;2.240068;43.784705
81233_0106_02582;2582;;Chemin de Plégade;81120;81233;Terre-de-Bancalié;Terre-Clapier;;2.314055;43.831744
81233_sph8u4_00159;159;;Hameau de Pendariès;81120;81233;Terre-de-Bancalié;Ronel;;2.213704;43.803424
81233_0081_00761;761;;Chemin de la Ratarié;81120;81233;Terre-de-Bancalié;Ronel;;2.199726;43.803247
81233_0047_00149;149;;Rue de l'Hôtel de Ville;81120;81233;Terre-de-Bancalié;Roumégoux;;2.262986;43.800482
81233_0164_01190;1190;;Chemin du Truel;81120;81233;Terre-de-Bancalié;Terre-Clapier;;2.294814;43.852453
81233_j7zccg_00003;3;;Lotissement de la Carabenié;81120;81233;Terre-de-Bancalié;Ronel;;2.212288;43.816369
81233_0004_00028;28;;Avenue Augustin Malroux;81120;81233;Terre-de-Bancalié;Saint-Lieux-Lafenasse;;2.229591;43.767388
81233_0135_01622;1622;;Chemin des Vignals;81120;81233;Terre-de-Bancalié;Le Travet;;2.307618;43.81672
81233_0004_00025;25;;Avenue Augustin Malroux;81120;81233;Terre-de-Bancalié;Saint-Lieux-Lafenasse;;2.229934;43.767477
81233_0142_00201;201;;Rue du Cavaillé;81120;81233;Terre-de-Bancalié;Saint-Antonin-de-Lacalm;;2.289383;43.762187
81233_0167_00072;72;;Chemin la Fédial;81120;81233;Terre-de-Bancalié;Saint-Lieux-Lafenasse;;2.237916;43.768828
81233_0158_00019;19;;Place du Sacré Choeur;81120;81233;Terre-de-Bancalié;Saint-Antonin-de-Lacalm;;2.307854;43.78719
81233_0040_00003;3;;Chemin de Falhiès;81120;81233;Terre-de-Bancalié;Le Travet;;2.33313;43.808352
81233_0049_00072;72;;Chemin de la Barrabié;81120;81233;Terre-de-Bancalié;Ronel;;2.220842;43.81761
81233_0004_00024;24;;Avenue Augustin Malroux;81120;81233;Terre-de-Bancalié;Saint-Lieux-Lafenasse;;2.229275;43.767453
81233_0079_00587;587;;Chemin de La Moulinotte;81120;81233;Terre-de-Bancalié;Saint-Antonin-de-Lacalm;;2.282651;43.765957
81233_0092_00293;293;;Chemin de La Verdussié;81120;81233;Terre-de-Bancalié;Saint-Antonin-de-Lacalm;;2.269655;43.781408
81233_0113_01370;1370;;Route de Saint-Salvy;81120;81233;Terre-de-Bancalié;Terre-Clapier;;2.298589;43.856333
81233_0035_01581;1581;;Chemin de Combecave;81120;81233;Terre-de-Bancalié;Roumégoux;;2.289244;43.813773
81233_0127_00406;406;;Route des Grèzes;81120;81233;Terre-de-Bancalié;Ronel;;2.223891;43.818842
81233_0063_00886;886;;Chemin de la Combe;81120;81233;Terre-de-Bancalié;Saint-Lieux-Lafenasse;;2.244482;43.788254
81233_0111_00044;44;;Place de Roumégoux;81120;81233;Terre-de-Bancalié;Roumégoux;;2.261344;43.803183
81233_0126_00213;213;;Chemin des Goutines;81120;81233;Terre-de-Bancalié;Terre-Clapier;;2.29224;43.825372
81233_0136_00520;520;;Route du Barrage;81120;81233;Terre-de-Bancalié;Saint-Antonin-de-Lacalm;;2.299913;43.786012
81233_0128_00008;8;;Chemin des Lavoirs;81120;81233;Terre-de-Bancalié;Terre-Clapier;;2.300417;43.854788
81233_z24u09_00011;11;;Lotissement les Garrigues;81120;81233;Terre-de-Bancalié;Ronel;;2.228303;43.815525
81233_0136_00046;46;;Route du Barrage;81120;81233;Terre-de-Bancalié;Saint-Antonin-de-Lacalm;;2.306326;43.786327
81233_0041_00890;890;;Route de Fauch;81120;81233;Terre-de-Bancalié;Ronel;;2.233949;43.815852
81233_0064_01326;1326;;Chemin de La Combié;81120;81233;Terre-de-Bancalié;Saint-Antonin-de-Lacalm;;2.285896;43.757095
81233_0002_00002;2;;Rue de la Rivière;81120;81233;Terre-de-Bancalié;Saint-Lieux-Lafenasse;;2.227187;43.76789
81233_0106_02369;2369;;Chemin de Plégade;81120;81233;Terre-de-Bancalié;Terre-Clapier;;2.311551;43.832557
81233_0018_00002;2;;Rue de l'église;81120;81233;Terre-de-Bancalié;Saint-Lieux-Lafenasse;;2.229796;43.768305
81233_a001_00021;21;;Lotissement la Chênaie;81120;81233;Terre-de-Bancalié;Ronel;;2.228129;43.814903
81233_0108_00015;15;;Chemin de Razisse;81120;81233;Terre-de-Bancalié;Le Travet;;2.338477;43.805322
81233_0013_00012;12;;Rue des Jardins;81120;81233;Terre-de-Bancalié;Saint-Lieux-Lafenasse;;2.230526;43.767895
81233_0023_02772;2772;;Route d'Albi;81120;81233;Terre-de-Bancalié;Terre-Clapier;;2.275927;43.855191
81233_0112_02394;2394;;Côte de Rouzade;81120;81233;Terre-de-Bancalié;Saint-Lieux-Lafenasse;;2.239641;43.783836
81233_0146_00444;444;;Chemin du Coussoulet;81120;81233;Terre-de-Bancalié;Saint-Lieux-Lafenasse;;2.238852;43.763716
81233_0113_00879;879;;Route de Saint-Salvy;81120;81233;Terre-de-Bancalié;Terre-Clapier;;2.303101;43.854304
81233_0023_02774;2774;;Route d'Albi;81120;81233;Terre-de-Bancalié;Terre-Clapier;;2.275916;43.855233
81233_0047_00225;225;;Rue de l'Hôtel de Ville;81120;81233;Terre-de-Bancalié;Roumégoux;;2.262489;43.801059
81233_0160_00182;182;;Chemin du Travers de la Bole;81120;81233;Terre-de-Bancalié;Terre-Clapier;;2.305751;43.855104
81233_0164_01186;1186;;Chemin du Truel;81120;81233;Terre-de-Bancalié;Terre-Clapier;;2.295049;43.852419
81233_35twc8_00002;2;;Lotissement du Plo;81120;81233;Terre-de-Bancalié;Roumégoux;;2.261541;43.801577
81233_0030_00084;84;;Rue de Bétou;81120;81233;Terre-de-Bancalié;Roumégoux;;2.262687;43.800501
81233_0007_00002;2;;Rue de la Croix;81120;81233;Terre-de-Bancalié;Saint-Lieux-Lafenasse;;2.229448;43.769384
81233_0077_00004_bis;4;bis;Rue de La Micalié;81120;81233;Terre-de-Bancalié;Le Travet;;2.331922;43.807611
81233_0019_09202;9202;;Route d'Alban;81120;81233;Terre-de-Bancalié;Terre-Clapier;;2.31979;43.855575
81233_0047_00123;123;;Rue de l'Hôtel de Ville;81120;81233;Terre-de-Bancalié;Roumégoux;;2.263252;43.800345
81233_0013_00002;2;;Rue des Jardins;81120;81233;Terre-de-Bancalié;Saint-Lieux-Lafenasse;;2.229468;43.76817
81233_0057_00098;98;;Route de la Brunié;81120;81233;Terre-de-Bancalié;Terre-Clapier;;2.297321;43.841576
81233_0057_00024;24;;Route de la Brunié;81120;81233;Terre-de-Bancalié;Terre-Clapier;;2.297905;43.841067
81233_0115_04875;4875;;Route de Siès;81120;81233;Terre-de-Bancalié;Roumégoux;;2.243818;43.814161
81233_0158_00029;29;;Place du Sacré Choeur;81120;81233;Terre-de-Bancalié;Saint-Antonin-de-Lacalm;;2.307962;43.787268
81233_0019_07949;7949;;Route d'Alban;81120;81233;Terre-de-Bancalié;Terre-Clapier;;2.308742;43.847816
81233_a002_00008;8;;Lotissement Las Planes;81120;81233;Terre-de-Bancalié;Saint-Lieux-Lafenasse;;2.233564;43.768776
81233_0108_00024;24;;Chemin de Razisse;81120;81233;Terre-de-Bancalié;Le Travet;;2.339577;43.804468
81233_0059_00174;174;;Route de La Cassagné;81120;81233;Terre-de-Bancalié;Saint-Antonin-de-Lacalm;;2.304283;43.786687
81233_0110_00010;10;;Place de Ronel;81120;81233;Terre-de-Bancalié;Ronel;;2.224159;43.813798
81233_0115_05270;5270;;Route de Siès;81120;81233;Terre-de-Bancalié;Roumégoux;;2.247753;43.817006
81233_0047_00414;414;;Rue de l'Hôtel de Ville;81120;81233;Terre-de-Bancalié;Roumégoux;;2.261359;43.802535
81233_0057_01873;1873;;Route de la Brunié;81120;81233;Terre-de-Bancalié;Terre-Clapier;;2.284183;43.854049
81233_y4pcz3_00173;173;;Hameau de Champagnol;81120;81233;Terre-de-Bancalié;Roumégoux;;2.275704;43.819561
81233_0019_01401;1401;;Route d'Alban;81120;81233;Terre-de-Bancalié;Roumégoux;;2.269747;43.803951
81233_0003_00008;8;;Rue du Pont Vieux;81120;81233;Terre-de-Bancalié;Saint-Lieux-Lafenasse;;2.229066;43.767436
81233_0150_00332;332;;Chemin du Mas d'Abrial;81120;81233;Terre-de-Bancalié;Le Travet;;2.304651;43.823006
81233_0047_00388;388;;Rue de l'Hôtel de Ville;81120;81233;Terre-de-Bancalié;Roumégoux;;2.261536;43.802352
81233_0038_00548;548;;Chemin Coulon;81120;81233;Terre-de-Bancalié;Roumégoux;;2.269003;43.810528
81233_0113_01372;1372;;Route de Saint-Salvy;81120;81233;Terre-de-Bancalié;Terre-Clapier;;2.298546;43.856352
81233_0112_00989;989;;Côte de Rouzade;81120;81233;Terre-de-Bancalié;Saint-Lieux-Lafenasse;;2.227927;43.778095
81233_0108_00016;16;;Chemin de Razisse;81120;81233;Terre-de-Bancalié;Le Travet;;2.337124;43.805804
81233_0042_00423;423;;Chemin de Feniès;81120;81233;Terre-de-Bancalié;Saint-Antonin-de-Lacalm;;2.285626;43.789073
81233_0019_06981;6981;;Route d'Alban;81120;81233;Terre-de-Bancalié;Terre-Clapier;;2.29996;43.841882
81233_0052_00001;1;;Chemin de La Biale;81120;81233;Terre-de-Bancalié;Le Travet;;2.328793;43.808637
81233_0122_00022;22;;Route des Chênes;81120;81233;Terre-de-Bancalié;Saint-Lieux-Lafenasse;;2.235547;43.768583
81233_0015_00084;84;;Chemin du Moulin;81120;81233;Terre-de-Bancalié;Saint-Lieux-Lafenasse;;2.232544;43.76718
81233_n8uhw2_00161;161;;Hameau de Saint-Martial;81120;81233;Terre-de-Bancalié;Ronel;;2.223522;43.814683
81233_0067_00112;112;;Chemin de la Ferrarié;81120;81233;Terre-de-Bancalié;Terre-Clapier;;2.289292;43.859692
81233_0027_00510;510;;Chemin de Bel Soleil;81120;81233;Terre-de-Bancalié;Saint-Antonin-de-Lacalm;;2.275682;43.77125
81233_0057_01918;1918;;Route de la Brunié;81120;81233;Terre-de-Bancalié;Terre-Clapier;;2.283937;43.854473
81233_35twc8_00006;6;;Lotissement du Plo;81120;81233;Terre-de-Bancalié;Roumégoux;;2.261483;43.801646
81233_0158_00005;5;;Place du Sacré Choeur;81120;81233;Terre-de-Bancalié;Saint-Antonin-de-Lacalm;;2.307755;43.787101
81233_0161_01108;1108;;Route du Travet;81120;81233;Terre-de-Bancalié;Saint-Antonin-de-Lacalm;;2.312905;43.794162
81233_0028_00400;400;;Chemin de Bel-Soleil haut;81120;81233;Terre-de-Bancalié;Saint-Antonin-de-Lacalm;;2.273755;43.770188
81233_0110_00004;4;;Place de Ronel;81120;81233;Terre-de-Bancalié;Ronel;;2.224885;43.814064
81233_0016_00003;3;;Chemin du Stade;81120;81233;Terre-de-Bancalié;Saint-Lieux-Lafenasse;;2.231575;43.768982
81233_0106_02371;2371;;Chemin de Plégade;81120;81233;Terre-de-Bancalié;Terre-Clapier;;2.311574;43.832583
81233_0121_01937;1937;;Route des Carrières;81120;81233;Terre-de-Bancalié;Saint-Antonin-de-Lacalm;;2.288168;43.762744
81233_0124_00035;35;;Rue des Fleurs;81120;81233;Terre-de-Bancalié;Saint-Antonin-de-Lacalm;;2.288868;43.762446
81233_0142_00151;151;;Rue du Cavaillé;81120;81233;Terre-de-Bancalié;Saint-Antonin-de-Lacalm;;2.289094;43.762595
81233_0019_07361;7361;;Route d'Alban;81120;81233;Terre-de-Bancalié;Terre-Clapier;;2.303992;43.843751
81233_0152_00016;16;;Chemin du Pic de la Vergne;81120;81233;Terre-de-Bancalié;Saint-Lieux-Lafenasse;;2.237131;43.769172
81233_0166_00036;36;;Place Joseph Briol;81120;81233;Terre-de-Bancalié;Saint-Antonin-de-Lacalm;;2.288893;43.763044
81233_0089_01175;1175;;Route de la Sémadié;81120;81233;Terre-de-Bancalié;Terre-Clapier;;2.314046;43.864527
81233_0105_00247;247;;Chemin de Pialoux;81120;81233;Terre-de-Bancalié;Ronel;;2.200096;43.813921
81233_0007_00008;8;;Rue de la Croix;81120;81233;Terre-de-Bancalié;Saint-Lieux-Lafenasse;;2.230123;43.769748
81233_0066_00840;840;;Chemin de la Fabrié;81120;81233;Terre-de-Bancalié;Saint-Lieux-Lafenasse;;2.235449;43.776442
81233_0143_01149;1149;;Chemin du Cayla;81120;81233;Terre-de-Bancalié;Le Travet;;2.342197;43.799496
81233_0132_00005;5;;Impasse des Mouillères;81120;81233;Terre-de-Bancalié;Saint-Antonin-de-Lacalm;;2.308171;43.787529
81233_0004_00032;32;;Avenue Augustin Malroux;81120;81233;Terre-de-Bancalié;Saint-Lieux-Lafenasse;;2.22987;43.767383
81233_0023_02665;2665;;Route d'Albi;81120;81233;Terre-de-Bancalié;Terre-Clapier;;2.275962;43.85418
81233_0046_00003;3;;Place de l'Eglise;81120;81233;Terre-de-Bancalié;Le Travet;;2.329808;43.808389
81233_0019_07825;7825;;Route d'Alban;81120;81233;Terre-de-Bancalié;Terre-Clapier;;2.307802;43.846954
81233_0065_00600;600;;Chemin de la Crouzatié;81120;81233;Terre-de-Bancalié;Saint-Lieux-Lafenasse;;2.243239;43.796685
81233_0081_00792;792;;Chemin de la Ratarié;81120;81233;Terre-de-Bancalié;Ronel;;2.199419;43.803437
81233_0155_00561;561;;Route du Puech;81120;81233;Terre-de-Bancalié;Ronel;;2.217429;43.814703
81233_0164_01188;1188;;Chemin du Truel;81120;81233;Terre-de-Bancalié;Terre-Clapier;;2.294956;43.852407
81233_y4pcz3_00453;453;;Hameau de Champagnol;81120;81233;Terre-de-Bancalié;Roumégoux;;2.273014;43.821096
81233_0054_00272;272;;Chemin de La Borie;81120;81233;Terre-de-Bancalié;Roumégoux;;2.266593;43.804242
81233_0078_00145;145;;Chemin de la Mirgatié;81120;81233;Terre-de-Bancalié;Ronel;;2.208477;43.797353
81233_0097_00238;238;;Chemin de Lévessenq;81120;81233;Terre-de-Bancalié;Roumégoux;;2.280767;43.810023
81233_0164_00553;553;;Chemin du Truel;81120;81233;Terre-de-Bancalié;Terre-Clapier;;2.300497;43.84793
81233_0111_00052;52;;Place de Roumégoux;81120;81233;Terre-de-Bancalié;Roumégoux;;2.261065;43.803171
81233_0088_00043;43;;Chemin de la Salvanié;81120;81233;Terre-de-Bancalié;Saint-Lieux-Lafenasse;;2.235745;43.767973
81233_0004_00011;11;;Avenue Augustin Malroux;81120;81233;Terre-de-Bancalié;Saint-Lieux-Lafenasse;;2.228617;43.767795
81233_0019_06979;6979;;Route d'Alban;81120;81233;Terre-de-Bancalié;Terre-Clapier;;2.300003;43.841859
81233_0142_00098;98;;Rue du Cavaillé;81120;81233;Terre-de-Bancalié;Saint-Antonin-de-Lacalm;;2.288564;43.76287
81233_0108_00017;17;;Chemin de Razisse;81120;81233;Terre-de-Bancalié;Le Travet;;2.340133;43.804431
81233_0004_00027;27;;Avenue Augustin Malroux;81120;81233;Terre-de-Bancalié;Saint-Lieux-Lafenasse;;2.230257;43.767521
81233_0074_00001;1;;Rue de la Mairie;81120;81233;Terre-de-Bancalié;Le Travet;;2.329026;43.808511
81233_0150_00504;504;;Chemin du Mas d'Abrial;81120;81233;Terre-de-Bancalié;Le Travet;;2.305547;43.82332
81233_imlcal_00001;1;;Hameau de l'Abeillé;81120;81233;Terre-de-Bancalié;Roumégoux;;2.263064;43.808402
81233_0116_01694;1694;;Route de Teillet;81120;81233;Terre-de-Bancalié;Le Travet;;2.327432;43.822711
81233_0109_00454;454;;Route de Réalmont;81120;81233;Terre-de-Bancalié;Ronel;;2.221516;43.811603
81233_0093_01692;1692;;Chemin de Labeillé;81120;81233;Terre-de-Bancalié;Roumégoux;;2.258069;43.815772
81233_0002_00003;3;;Rue de la Rivière;81120;81233;Terre-de-Bancalié;Saint-Lieux-Lafenasse;;2.227193;43.767725
81233_0047_00416;416;;Rue de l'Hôtel de Ville;81120;81233;Terre-de-Bancalié;Roumégoux;;2.261337;43.802576
81233_0108_00001;1;;Chemin de Razisse;81120;81233;Terre-de-Bancalié;Le Travet;;2.33474;43.806794
81233_0019_06597;6597;;Route d'Alban;81120;81233;Terre-de-Bancalié;Terre-Clapier;;2.296086;43.839959
81233_0127_01299;1299;;Route des Grèzes;81120;81233;Terre-de-Bancalié;Ronel;;2.220679;43.824817
81233_a001_00014;14;;Lotissement la Chênaie;81120;81233;Terre-de-Bancalié;Ronel;;2.228855;43.815181
81233_0033_00104;104;;Chemin de Calvayrac;81120;81233;Terre-de-Bancalié;Terre-Clapier;;2.299786;43.842634
81233_0113_03570;3570;;Route de Saint-Salvy;81120;81233;Terre-de-Bancalié;Terre-Clapier;;2.278007;43.860489
81233_0079_05052;5052;;Chemin de La Moulinotte;81120;81233;Terre-de-Bancalié;Saint-Antonin-de-Lacalm;;2.315881;43.766825
81233_0059_00102;102;;Route de La Cassagné;81120;81233;Terre-de-Bancalié;Saint-Antonin-de-Lacalm;;2.305123;43.786569
81233_0092_00327;327;;Chemin de La Verdussié;81120;81233;Terre-de-Bancalié;Saint-Antonin-de-Lacalm;;2.269397;43.781105
81233_0021_00015;15;;Chemin de Pébréou;81120;81233;Terre-de-Bancalié;Saint-Lieux-Lafenasse;;2.236789;43.785331
81233_0074_00002;2;;Rue de la Mairie;81120;81233;Terre-de-Bancalié;Le Travet;;2.329052;43.808434
81233_0078_00146;146;;Chemin de la Mirgatié;81120;81233;Terre-de-Bancalié;Ronel;;2.208324;43.797381
81233_0155_00527;527;;Route du Puech;81120;81233;Terre-de-Bancalié;Ronel;;2.217593;43.814452
81233_0077_00014;14;;Rue de La Micalié;81120;81233;Terre-de-Bancalié;Le Travet;;2.333278;43.807294
81233_0039_00801;801;;Route de Dénat;81120;81233;Terre-de-Bancalié;Ronel;;2.213333;43.814305
81233_sph8u4_00181;181;;Hameau de Pendariès;81120;81233;Terre-de-Bancalié;Ronel;;2.213421;43.803657
81233_0162_00033;33;;Place du Trivalou;81120;81233;Terre-de-Bancalié;Terre-Clapier;;2.290846;43.832737
81233_0019_06983;6983;;Route d'Alban;81120;81233;Terre-de-Bancalié;Terre-Clapier;;2.299927;43.841909
81233_0009_00019_bis;19;bis;Rue des Ecoles;81120;81233;Terre-de-Bancalié;Saint-Lieux-Lafenasse;;2.229089;43.768909
81233_0095_00134;134;;Chemin Latour;81120;81233;Terre-de-Bancalié;Roumégoux;;2.280394;43.819629
81233_0029_00040;40;;Impasse de Bernagoy;81120;81233;Terre-de-Bancalié;Roumégoux;;2.264151;43.800124
81233_0038_00544;544;;Chemin Coulon;81120;81233;Terre-de-Bancalié;Roumégoux;;2.269716;43.81047
81233_0015_00064;64;;Chemin du Moulin;81120;81233;Terre-de-Bancalié;Saint-Lieux-Lafenasse;;2.232325;43.767257
81233_0154_00588;588;;Chemin du Pradelas;81120;81233;Terre-de-Bancalié;Ronel;;2.20796;43.804301
81233_0155_01418;1418;;Route du Puech;81120;81233;Terre-de-Bancalié;Ronel;;2.21018;43.817474
81233_0093_00553;553;;Chemin de Labeillé;81120;81233;Terre-de-Bancalié;Roumégoux;;2.265248;43.807833
81233_0087_00275;275;;Route de la Sale;81120;81233;Terre-de-Bancalié;Ronel;;2.221521;43.817625
81233_0123_00024;24;;Chemin des Ecoliers;81120;81233;Terre-de-Bancalié;Saint-Antonin-de-Lacalm;;2.305039;43.785963
81233_0089_01083;1083;;Route de la Sémadié;81120;81233;Terre-de-Bancalié;Terre-Clapier;;2.314448;43.863844
81233_0136_00103;103;;Route du Barrage;81120;81233;Terre-de-Bancalié;Saint-Antonin-de-Lacalm;;2.305682;43.786181
81233_0087_00339;339;;Route de la Sale;81120;81233;Terre-de-Bancalié;Ronel;;2.222277;43.817933
81233_a001_00018;18;;Lotissement la Chênaie;81120;81233;Terre-de-Bancalié;Ronel;;2.228167;43.814277
81233_0039_01152;1152;;Route de Dénat;81120;81233;Terre-de-Bancalié;Ronel;;2.210759;43.816659
81233_0019_00007;7;;Route d'Alban;81120;81233;Terre-de-Bancalié;Saint-Lieux-Lafenasse;;2.242236;43.784116
81233_0076_00002;2;;Place de La Micalié;81120;81233;Terre-de-Bancalié;Le Travet;;2.333594;43.807286
81233_0003_00001;1;;Rue du Pont Vieux;81120;81233;Terre-de-Bancalié;Saint-Lieux-Lafenasse;;2.2289;43.767205
81233_0019_06679;6679;;Route d'Alban;81120;81233;Terre-de-Bancalié;Terre-Clapier;;2.29697;43.840431
81233_0019_00013;13;;Route d'Alban;81120;81233;Terre-de-Bancalié;Saint-Lieux-Lafenasse;;2.249443;43.784495
81233_0070_00808;808;;Chemin de La Ginestarié;81120;81233;Terre-de-Bancalié;Saint-Antonin-de-Lacalm;;2.275074;43.788462
81233_0161_00976;976;;Route du Travet;81120;81233;Terre-de-Bancalié;Saint-Antonin-de-Lacalm;;2.312129;43.793129
81233_a002_00012;12;;Lotissement Las Planes;81120;81233;Terre-de-Bancalié;Saint-Lieux-Lafenasse;;2.235113;43.76851
81233_a003_00001;1;;Lotissement Les Fluorines;81120;81233;Terre-de-Bancalié;Saint-Lieux-Lafenasse;;2.231878;43.768326
81233_0070_00878;878;;Chemin de La Ginestarié;81120;81233;Terre-de-Bancalié;Saint-Antonin-de-Lacalm;;2.275557;43.788656
81233_0089_00579;579;;Route de la Sémadié;81120;81233;Terre-de-Bancalié;Terre-Clapier;;2.316014;43.859783
81233_0009_00013;13;;Rue des Ecoles;81120;81233;Terre-de-Bancalié;Saint-Lieux-Lafenasse;;2.228935;43.768672
81233_0121_01986;1986;;Route des Carrières;81120;81233;Terre-de-Bancalié;Saint-Antonin-de-Lacalm;;2.288168;43.76319
81233_0070_00806;806;;Chemin de La Ginestarié;81120;81233;Terre-de-Bancalié;Saint-Antonin-de-Lacalm;;2.275071;43.7884
81233_0111_00042;42;;Place de Roumégoux;81120;81233;Terre-de-Bancalié;Roumégoux;;2.261462;43.80317
81233_0030_00050;50;;Rue de Bétou;81120;81233;Terre-de-Bancalié;Roumégoux;;2.262894;43.800264
81233_0105_00191;191;;Chemin de Pialoux;81120;81233;Terre-de-Bancalié;Ronel;;2.200773;43.813762
81233_0019_05686;5686;;Route d'Alban;81120;81233;Terre-de-Bancalié;Terre-Clapier;;2.290916;43.833196
81233_wvvncd_00041;41;;Hameau de La Ricardié;81120;81233;Terre-de-Bancalié;Saint-Antonin-de-Lacalm;;2.311123;43.796713
81233_0012_00016;16;;Place Jacques Durand;81120;81233;Terre-de-Bancalié;Saint-Lieux-Lafenasse;;2.229094;43.768433
81233_0109_03103;3103;;Route de Réalmont;81120;81233;Terre-de-Bancalié;Ronel;;2.211101;43.795831
81233_0059_00276;276;;Route de La Cassagné;81120;81233;Terre-de-Bancalié;Saint-Antonin-de-Lacalm;;2.303245;43.787087
81233_0004_00026;26;;Avenue Augustin Malroux;81120;81233;Terre-de-Bancalié;Saint-Lieux-Lafenasse;;2.229499;43.767392
81233_0126_00130;130;;Chemin des Goutines;81120;81233;Terre-de-Bancalié;Terre-Clapier;;2.291286;43.825583
81233_0155_00455;455;;Route du Puech;81120;81233;Terre-de-Bancalié;Ronel;;2.218173;43.813914
81233_0077_00015;15;;Rue de La Micalié;81120;81233;Terre-de-Bancalié;Le Travet;;2.333098;43.807405
81233_a003_00003;3;;Lotissement Les Fluorines;81120;81233;Terre-de-Bancalié;Saint-Lieux-Lafenasse;;2.231827;43.768114
81233_0047_00431;431;;Rue de l'Hôtel de Ville;81120;81233;Terre-de-Bancalié;Roumégoux;;2.261197;43.802649
81233_goovp8_00006;6;;Rue du Château d'Eau;81120;81233;Terre-de-Bancalié;Saint-Lieux-Lafenasse;;2.233181;43.76757
81233_0013_00010;10;;Rue des Jardins;81120;81233;Terre-de-Bancalié;Saint-Lieux-Lafenasse;;2.230152;43.767934
81233_0046_00005;5;;Place de l'Eglise;81120;81233;Terre-de-Bancalié;Le Travet;;2.329882;43.808377
81233_0082_00759;759;;Chemin de La Renaudié;81120;81233;Terre-de-Bancalié;Saint-Antonin-de-Lacalm;;2.292612;43.776537
81233_0074_00012;12;;Rue de la Mairie;81120;81233;Terre-de-Bancalié;Le Travet;;2.330624;43.808003
81233_z24u09_00003;3;;Lotissement les Garrigues;81120;81233;Terre-de-Bancalié;Ronel;;2.228267;43.815629
81233_0089_01545;1545;;Route de la Sémadié;81120;81233;Terre-de-Bancalié;Terre-Clapier;;2.313332;43.866844
81233_0009_00017;17;;Rue des Ecoles;81120;81233;Terre-de-Bancalié;Saint-Lieux-Lafenasse;;2.229007;43.768816
81233_0099_00205;205;;Chemin de Maguelonne;81120;81233;Terre-de-Bancalié;Terre-Clapier;;2.281103;43.852764
81233_0013_00015;15;;Rue des Jardins;81120;81233;Terre-de-Bancalié;Saint-Lieux-Lafenasse;;2.230663;43.767905
81233_n8uhw2_00139;139;;Hameau de Saint-Martial;81120;81233;Terre-de-Bancalié;Ronel;;2.223672;43.814512
81233_0057_00102;102;;Route de la Brunié;81120;81233;Terre-de-Bancalié;Terre-Clapier;;2.297254;43.841619
81233_0019_00065;65;;Route d'Alban;81120;81233;Terre-de-Bancalié;Roumégoux;;2.260486;43.794732
81233_0019_04087;4087;;Route d'Alban;81120;81233;Terre-de-Bancalié;Roumégoux;;2.281366;43.824034
81233_0004_00040;40;;Avenue Augustin Malroux;81120;81233;Terre-de-Bancalié;Saint-Lieux-Lafenasse;;2.231016;43.767542
81233_0019_06673;6673;;Route d'Alban;81120;81233;Terre-de-Bancalié;Terre-Clapier;;2.296724;43.840418
81233_a002_00005;5;;Lotissement Las Planes;81120;81233;Terre-de-Bancalié;Saint-Lieux-Lafenasse;;2.233729;43.768241
81233_0085_01753;1753;;Route de La Roque;81120;81233;Terre-de-Bancalié;Saint-Antonin-de-Lacalm;;2.325163;43.787294
81233_0023_02035;2035;;Route d'Albi;81120;81233;Terre-de-Bancalié;Terre-Clapier;;2.281765;43.85092
81233_0121_02042;2042;;Route des Carrières;81120;81233;Terre-de-Bancalié;Saint-Antonin-de-Lacalm;;2.288382;43.763612
81233_a001_00017;17;;Lotissement la Chênaie;81120;81233;Terre-de-Bancalié;Ronel;;2.228828;43.814735
81233_0019_00002;2;;Route d'Alban;81120;81233;Terre-de-Bancalié;Saint-Lieux-Lafenasse;;2.240433;43.784474
81233_0057_01794;1794;;Route de la Brunié;81120;81233;Terre-de-Bancalié;Terre-Clapier;;2.284824;43.853496
81233_0058_02360;2360;;Chemin de La Capparié;81120;81233;Terre-de-Bancalié;Saint-Antonin-de-Lacalm;;2.307018;43.77031
81233_0012_00010;10;;Place Jacques Durand;81120;81233;Terre-de-Bancalié;Saint-Lieux-Lafenasse;;2.229556;43.768476
81233_wvvncd_00015;15;;Hameau de La Ricardié;81120;81233;Terre-de-Bancalié;Saint-Antonin-de-Lacalm;;2.311472;43.796707
81233_0121_01891;1891;;Route des Carrières;81120;81233;Terre-de-Bancalié;Saint-Antonin-de-Lacalm;;2.288361;43.762338
81233_0140_00259;259;;Chemin du Canal;81120;81233;Terre-de-Bancalié;Saint-Lieux-Lafenasse;;2.226699;43.767372
81233_0109_01320;1320;;Route de Réalmont;81120;81233;Terre-de-Bancalié;Ronel;;2.21499;43.805746
81233_0004_00019;19;;Avenue Augustin Malroux;81120;81233;Terre-de-Bancalié;Saint-Lieux-Lafenasse;;2.229287;43.767531
81233_0135_02720;2720;;Chemin des Vignals;81120;81233;Terre-de-Bancalié;Saint-Antonin-de-Lacalm;;2.296772;43.815263
81233_0083_00851;851;;Chemin de La Ricardié;81120;81233;Terre-de-Bancalié;Saint-Antonin-de-Lacalm;;2.306688;43.80055
81233_0040_00005;5;;Chemin de Falhiès;81120;81233;Terre-de-Bancalié;Le Travet;;2.332853;43.808742
81233_0155_01365;1365;;Route du Puech;81120;81233;Terre-de-Bancalié;Ronel;;2.210723;43.817189
81233_0012_00008;8;;Place Jacques Durand;81120;81233;Terre-de-Bancalié;Saint-Lieux-Lafenasse;;2.229732;43.768664
81233_0039_00682;682;;Route de Dénat;81120;81233;Terre-de-Bancalié;Ronel;;2.21469;43.813427
81233_0129_00010;10;;Rue des Lilas;81120;81233;Terre-de-Bancalié;Saint-Antonin-de-Lacalm;;2.307425;43.7862
81233_0044_01617;1617;;Route de Gourdou;81120;81233;Terre-de-Bancalié;Ronel;;2.19966;43.795926
81233_0079_00591;591;;Chemin de La Moulinotte;81120;81233;Terre-de-Bancalié;Saint-Antonin-de-Lacalm;;2.282806;43.765786
81233_0167_00430;430;;Chemin la Fédial;81120;81233;Terre-de-Bancalié;Saint-Lieux-Lafenasse;;2.240549;43.766367
81233_0004_00034;34;;Avenue Augustin Malroux;81120;81233;Terre-de-Bancalié;Saint-Lieux-Lafenasse;;2.230021;43.76741
81233_0042_00421;421;;Chemin de Feniès;81120;81233;Terre-de-Bancalié;Saint-Antonin-de-Lacalm;;2.285639;43.789093
81233_0089_01082;1082;;Route de la Sémadié;81120;81233;Terre-de-Bancalié;Terre-Clapier;;2.314551;43.863774
81233_arjp21_00002;2;;Lotissement des Vignes;81120;81233;Terre-de-Bancalié;Terre-Clapier;;2.297714;43.856606
81233_0119_00388;388;;Chemin Trivalotte;81120;81233;Terre-de-Bancalié;Roumégoux;;2.276484;43.824658
81233_0129_00210;210;;Rue des Lilas;81120;81233;Terre-de-Bancalié;Saint-Antonin-de-Lacalm;;2.309456;43.78726
81233_0129_00129;129;;Rue des Lilas;81120;81233;Terre-de-Bancalié;Saint-Antonin-de-Lacalm;;2.308576;43.786875
81233_a002_00014;14;;Lotissement Las Planes;81120;81233;Terre-de-Bancalié;Saint-Lieux-Lafenasse;;2.23438;43.76823
81233_0111_00054;54;;Place de Roumégoux;81120;81233;Terre-de-Bancalié;Roumégoux;;2.260967;43.803109
81233_a001_00002;2;;Lotissement la Chênaie;81120;81233;Terre-de-Bancalié;Ronel;;2.227799;43.81438
81233_0070_02924;2924;;Chemin de La Ginestarié;81120;81233;Terre-de-Bancalié;Saint-Antonin-de-Lacalm;;2.289578;43.78866
81233_0029_00020;20;;Impasse de Bernagoy;81120;81233;Terre-de-Bancalié;Roumégoux;;2.264479;43.799807
81233_a002_00004;4;;Lotissement Las Planes;81120;81233;Terre-de-Bancalié;Saint-Lieux-Lafenasse;;2.233781;43.768698
81233_0087_00373;373;;Route de la Sale;81120;81233;Terre-de-Bancalié;Ronel;;2.222672;43.817766
81233_0108_00009;9;;Chemin de Razisse;81120;81233;Terre-de-Bancalié;Le Travet;;2.336688;43.806059
81233_0161_00054;54;;Route du Travet;81120;81233;Terre-de-Bancalié;Saint-Antonin-de-Lacalm;;2.307054;43.786825
81233_0125_00033;33;;Chemin des Garrigues;81120;81233;Terre-de-Bancalié;Ronel;;2.227028;43.814187
81233_0019_02429;2429;;Route d'Alban;81120;81233;Terre-de-Bancalié;Roumégoux;;2.277545;43.810685
81233_0019_00704;704;;Route d'Alban;81120;81233;Terre-de-Bancalié;Roumégoux;;2.264346;43.799427
81233_0112_00932;932;;Côte de Rouzade;81120;81233;Terre-de-Bancalié;Saint-Lieux-Lafenasse;;2.227217;43.777943
81233_0050_00223;223;;Chemin de La Barthié;81120;81233;Terre-de-Bancalié;Ronel;;2.209929;43.814814
81233_0029_00070;70;;Impasse de Bernagoy;81120;81233;Terre-de-Bancalié;Roumégoux;;2.263789;43.800118
81233_0120_00245;245;;Chemin de Verdusse;81120;81233;Terre-de-Bancalié;Roumégoux;;2.228223;43.802747
81233_0077_00017;17;;Rue de La Micalié;81120;81233;Terre-de-Bancalié;Le Travet;;2.333329;43.807401
81233_0029_00035;35;;Impasse de Bernagoy;81120;81233;Terre-de-Bancalié;Roumégoux;;2.264145;43.800044
81233_0044_01052;1052;;Route de Gourdou;81120;81233;Terre-de-Bancalié;Ronel;;2.1984;43.800418
81233_0142_00291;291;;Rue du Cavaillé;81120;81233;Terre-de-Bancalié;Saint-Antonin-de-Lacalm;;2.289876;43.761482
81233_0104_00044;44;;Chemin de Notre Dame;81120;81233;Terre-de-Bancalié;Roumégoux;;2.270536;43.804163
81233_0115_04871;4871;;Route de Siès;81120;81233;Terre-de-Bancalié;Roumégoux;;2.244954;43.813991
81233_0075_00400;400;;Chemin de La Maynouvié;81120;81233;Terre-de-Bancalié;Saint-Antonin-de-Lacalm;;2.303068;43.805008
81233_0144_01158;1158;;Chemin du Château de Ronel;81120;81233;Terre-de-Bancalié;Roumégoux;;2.22751;43.806359
81233_0142_00075;75;;Rue du Cavaillé;81120;81233;Terre-de-Bancalié;Saint-Antonin-de-Lacalm;;2.28863;43.763071
81233_0039_00214;214;;Route de Dénat;81120;81233;Terre-de-Bancalié;Ronel;;2.219311;43.812025
81233_z24u09_00010;10;;Lotissement les Garrigues;81120;81233;Terre-de-Bancalié;Ronel;;2.228626;43.815621
81233_0057_01910;1910;;Route de la Brunié;81120;81233;Terre-de-Bancalié;Terre-Clapier;;2.284077;43.854388
81233_0037_01691;1691;;Chemin de Costes Auriès;81120;81233;Terre-de-Bancalié;Le Travet;;2.328641;43.794253
81233_0019_01365;1365;;Route d'Alban;81120;81233;Terre-de-Bancalié;Roumégoux;;2.269529;43.803663
81233_0155_00449;449;;Route du Puech;81120;81233;Terre-de-Bancalié;Ronel;;2.218312;43.813888
81233_0019_00020;20;;Route d'Alban;81120;81233;Terre-de-Bancalié;Saint-Lieux-Lafenasse;;2.24363;43.783652
81233_0108_00020;20;;Chemin de Razisse;81120;81233;Terre-de-Bancalié;Le Travet;;2.337674;43.805388
81233_0106_02375;2375;;Chemin de Plégade;81120;81233;Terre-de-Bancalié;Terre-Clapier;;2.311781;43.832578
81233_0046_00001;1;;Place de l'Eglise;81120;81233;Terre-de-Bancalié;Le Travet;;2.329795;43.808355
81233_0026_00420;420;;Chemin de Barrau;81120;81233;Terre-de-Bancalié;Ronel;;2.199046;43.809593
81233_z24u09_00005;5;;Lotissement les Garrigues;81120;81233;Terre-de-Bancalié;Ronel;;2.22829;43.815999
81233_0013_00001;1;;Rue des Jardins;81120;81233;Terre-de-Bancalié;Saint-Lieux-Lafenasse;;2.229529;43.768167
81233_0058_01326;1326;;Chemin de La Capparié;81120;81233;Terre-de-Bancalié;Saint-Antonin-de-Lacalm;;2.312963;43.776271
81233_0130_00028;28;;Place des Marronniers;81120;81233;Terre-de-Bancalié;Saint-Antonin-de-Lacalm;;2.307146;43.786187
81233_0105_00151;151;;Chemin de Pialoux;81120;81233;Terre-de-Bancalié;Ronel;;2.201165;43.81365
81233_0164_01184;1184;;Chemin du Truel;81120;81233;Terre-de-Bancalié;Terre-Clapier;;2.295146;43.852457
81233_0019_08813;8813;;Route d'Alban;81120;81233;Terre-de-Bancalié;Terre-Clapier;;2.315597;43.853737
81233_0013_00013;13;;Rue des Jardins;81120;81233;Terre-de-Bancalié;Saint-Lieux-Lafenasse;;2.230573;43.767914
81233_a002_00002;2;;Lotissement Las Planes;81120;81233;Terre-de-Bancalié;Saint-Lieux-Lafenasse;;2.233844;43.768107
81233_0057_00183;183;;Route de la Brunié;81120;81233;Terre-de-Bancalié;Terre-Clapier;;2.296552;43.842084
81233_0044_01482;1482;;Route de Gourdou;81120;81233;Terre-de-Bancalié;Ronel;;2.194704;43.797508
81233_0111_00020;20;;Place de Roumégoux;81120;81233;Terre-de-Bancalié;Roumégoux;;2.26136;43.802853
81233_a001_00013;13;;Lotissement la Chênaie;81120;81233;Terre-de-Bancalié;Ronel;;2.228897;43.815061
81233_0004_00002_bis;2;bis;Avenue Augustin Malroux;81120;81233;Terre-de-Bancalié;Saint-Lieux-Lafenasse;;2.227092;43.768447
81233_0047_00355;355;;Rue de l'Hôtel de Ville;81120;81233;Terre-de-Bancalié;Roumégoux;;2.261736;43.802088
81233_0108_00005;5;;Chemin de Razisse;81120;81233;Terre-de-Bancalié;Le Travet;;2.336183;43.806316
81233_0012_00003;3;;Place Jacques Durand;81120;81233;Terre-de-Bancalié;Saint-Lieux-Lafenasse;;2.229797;43.769052
81233_0132_00022;22;;Impasse des Mouillères;81120;81233;Terre-de-Bancalié;Saint-Antonin-de-Lacalm;;2.308384;43.787672
81233_0004_00031;31;;Avenue Augustin Malroux;81120;81233;Terre-de-Bancalié;Saint-Lieux-Lafenasse;;2.230867;43.767601
81233_y4pcz3_00357;357;;Hameau de Champagnol;81120;81233;Terre-de-Bancalié;Roumégoux;;2.274042;43.820684
81233_0002_00004;4;;Rue de la Rivière;81120;81233;Terre-de-Bancalié;Saint-Lieux-Lafenasse;;2.227141;43.767984
81233_0114_00060;60;;Route de Saint-Simon;81120;81233;Terre-de-Bancalié;Terre-Clapier;;2.312305;43.850093
81233_0033_00294;294;;Chemin de Calvayrac;81120;81233;Terre-de-Bancalié;Terre-Clapier;;2.298077;43.843999
81233_0004_00020;20;;Avenue Augustin Malroux;81120;81233;Terre-de-Bancalié;Saint-Lieux-Lafenasse;;2.228833;43.767607
81233_0036_00331;331;;Route de Cornevent;81120;81233;Terre-de-Bancalié;Saint-Lieux-Lafenasse;;2.238916;43.76986
81233_0039_00354;354;;Route de Dénat;81120;81233;Terre-de-Bancalié;Ronel;;2.217922;43.812759
81233_0106_00142;142;;Chemin de Plégade;81120;81233;Terre-de-Bancalié;Terre-Clapier;;2.291798;43.832232
81233_718hzm_00004;4;;Impasse de la Téoulière;81120;81233;Terre-de-Bancalié;Roumégoux;;2.276058;43.820222
81233_0058_00960;960;;Chemin de La Capparié;81120;81233;Terre-de-Bancalié;Saint-Antonin-de-Lacalm;;2.313608;43.779822
81233_0155_00560;560;;Route du Puech;81120;81233;Terre-de-Bancalié;Ronel;;2.217546;43.814767
81233_0081_00781;781;;Chemin de la Ratarié;81120;81233;Terre-de-Bancalié;Ronel;;2.199493;43.803309
81233_0133_00059;59;;Rue des Orchidées;81120;81233;Terre-de-Bancalié;Saint-Antonin-de-Lacalm;;2.305621;43.785817
81233_0039_01154;1154;;Route de Dénat;81120;81233;Terre-de-Bancalié;Ronel;;2.21073;43.81671
81233_0057_00410;410;;Route de la Brunié;81120;81233;Terre-de-Bancalié;Terre-Clapier;;2.294812;43.843672
81233_j7zccg_00005;5;;Lotissement de la Carabenié;81120;81233;Terre-de-Bancalié;Ronel;;2.211746;43.816247
81233_0113_01055;1055;;Route de Saint-Salvy;81120;81233;Terre-de-Bancalié;Terre-Clapier;;2.301164;43.854956
81233_0127_00408;408;;Route des Grèzes;81120;81233;Terre-de-Bancalié;Ronel;;2.223858;43.818869
81233_0013_00011;11;;Rue des Jardins;81120;81233;Terre-de-Bancalié;Saint-Lieux-Lafenasse;;2.23014;43.76796
81233_a001_00003;3;;Lotissement la Chênaie;81120;81233;Terre-de-Bancalié;Ronel;;2.228052;43.814221
81233_0038_00507;507;;Chemin Coulon;81120;81233;Terre-de-Bancalié;Roumégoux;;2.269054;43.810072
81233_0059_03833;3833;;Route de La Cassagné;81120;81233;Terre-de-Bancalié;Roumégoux;;2.276585;43.80332
81233_arjp21_00068;68;;Lotissement des Vignes;81120;81233;Terre-de-Bancalié;Terre-Clapier;;2.298211;43.856082
81233_0136_00010;10;;Route du Barrage;81120;81233;Terre-de-Bancalié;Saint-Antonin-de-Lacalm;;2.306341;43.786606
81233_0155_00382;382;;Route du Puech;81120;81233;Terre-de-Bancalié;Ronel;;2.219095;43.814091
81233_0098_00051;51;;Rue de Loumette;81120;81233;Terre-de-Bancalié;Saint-Antonin-de-Lacalm;;2.303001;43.78662
81233_0031_00186;186;;Route de Blima;81120;81233;Terre-de-Bancalié;Ronel;;2.212937;43.806375
81233_0094_00108;108;;Chemin de Labessarié;81120;81233;Terre-de-Bancalié;Roumégoux;;2.244876;43.808383
81233_0097_00201;201;;Chemin de Lévessenq;81120;81233;Terre-de-Bancalié;Roumégoux;;2.279976;43.81012
81233_0113_01105;1105;;Route de Saint-Salvy;81120;81233;Terre-de-Bancalié;Terre-Clapier;;2.300533;43.854987
81233_n8uhw2_00128;128;;Hameau de Saint-Martial;81120;81233;Terre-de-Bancalié;Ronel;;2.223781;43.814586
81233_0107_00783;783;;Chemin de Ramaillou;81120;81233;Terre-de-Bancalié;Terre-Clapier;;2.316987;43.866083
81233_0155_00453;453;;Route du Puech;81120;81233;Terre-de-Bancalié;Ronel;;2.21821;43.813899
81233_n8uhw2_00098;98;;Hameau de Saint-Martial;81120;81233;Terre-de-Bancalié;Ronel;;2.22447;43.814485
81233_y4pcz3_00428;428;;Hameau de Champagnol;81120;81233;Terre-de-Bancalié;Roumégoux;;2.27332;43.821104
81233_0038_00546;546;;Chemin Coulon;81120;81233;Terre-de-Bancalié;Roumégoux;;2.269243;43.810595
81233_0143_00004;4;;Chemin du Cayla;81120;81233;Terre-de-Bancalié;Le Travet;;2.334;43.80654
81233_0011_00035;35;;Chemin de La Girmanette;81120;81233;Terre-de-Bancalié;Saint-Lieux-Lafenasse;;2.226635;43.769044
81233_0156_00090;90;;Chemin du Puech de La Peyre;81120;81233;Terre-de-Bancalié;Roumégoux;;2.265903;43.799739
81233_0155_00984;984;;Route du Puech;81120;81233;Terre-de-Bancalié;Ronel;;2.214294;43.817802
81233_0057_01914;1914;;Route de la Brunié;81120;81233;Terre-de-Bancalié;Terre-Clapier;;2.284072;43.854437
81233_0059_00215;215;;Route de La Cassagné;81120;81233;Terre-de-Bancalié;Saint-Antonin-de-Lacalm;;2.303786;43.78669
81233_a001_00016;16;;Lotissement la Chênaie;81120;81233;Terre-de-Bancalié;Ronel;;2.228255;43.814217
81233_0102_00409;409;;Chemin de Naudet;81120;81233;Terre-de-Bancalié;Ronel;;2.212365;43.820118
81233_0009_00011;11;;Rue des Ecoles;81120;81233;Terre-de-Bancalié;Saint-Lieux-Lafenasse;;2.228947;43.76856
81233_0047_00022;22;;Rue de l'Hôtel de Ville;81120;81233;Terre-de-Bancalié;Roumégoux;;2.264285;43.799795
81233_0021_00016;16;;Chemin de Pébréou;81120;81233;Terre-de-Bancalié;Saint-Lieux-Lafenasse;;2.237441;43.785263
81233_0031_00212;212;;Route de Blima;81120;81233;Terre-de-Bancalié;Ronel;;2.212722;43.806531
81233_0079_00589;589;;Chemin de La Moulinotte;81120;81233;Terre-de-Bancalié;Saint-Antonin-de-Lacalm;;2.28289;43.765844
81233_0113_00953;953;;Route de Saint-Salvy;81120;81233;Terre-de-Bancalié;Terre-Clapier;;2.301852;43.8547
81233_0019_07827;7827;;Route d'Alban;81120;81233;Terre-de-Bancalié;Terre-Clapier;;2.307824;43.846961
81233_0031_00231;231;;Route de Blima;81120;81233;Terre-de-Bancalié;Ronel;;2.212448;43.806577
81233_0123_00014;14;;Chemin des Ecoliers;81120;81233;Terre-de-Bancalié;Saint-Antonin-de-Lacalm;;2.304947;43.786037
81233_0163_03196;3196;;Route du Trivalou;81120;81233;Terre-de-Bancalié;Terre-Clapier;;2.289786;43.832669
81233_0073_00352;352;;Chemin de La Magrié;81120;81233;Terre-de-Bancalié;Le Travet;;2.334044;43.813077
81233_0108_01437;1437;;Chemin de Razisse;81120;81233;Terre-de-Bancalié;Le Travet;;2.346412;43.804507
81233_0047_00210;210;;Rue de l'Hôtel de Ville;81120;81233;Terre-de-Bancalié;Roumégoux;;2.262677;43.801001
81233_0155_00451;451;;Route du Puech;81120;81233;Terre-de-Bancalié;Ronel;;2.218304;43.813873
81233_0105_00249;249;;Chemin de Pialoux;81120;81233;Terre-de-Bancalié;Ronel;;2.20009;43.813961
81233_0058_01266;1266;;Chemin de La Capparié;81120;81233;Terre-de-Bancalié;Saint-Antonin-de-Lacalm;;2.312826;43.776798
81233_0059_03962;3962;;Route de La Cassagné;81120;81233;Terre-de-Bancalié;Roumégoux;;2.275916;43.804831
81233_0164_01182;1182;;Chemin du Truel;81120;81233;Terre-de-Bancalié;Terre-Clapier;;2.295068;43.852373
81233_0136_00018;18;;Route du Barrage;81120;81233;Terre-de-Bancalié;Saint-Antonin-de-Lacalm;;2.306332;43.786533
81233_0012_00004;4;;Place Jacques Durand;81120;81233;Terre-de-Bancalié;Saint-Lieux-Lafenasse;;2.229805;43.768861
81233_0155_00958;958;;Route du Puech;81120;81233;Terre-de-Bancalié;Ronel;;2.214534;43.817582
81233_0037_01626;1626;;Chemin de Costes Auriès;81120;81233;Terre-de-Bancalié;Le Travet;;2.329363;43.793873
81233_0167_00205;205;;Chemin la Fédial;81120;81233;Terre-de-Bancalié;Saint-Lieux-Lafenasse;;2.239113;43.76808
81233_0101_00319;319;;Route de Marliaves;81120;81233;Terre-de-Bancalié;Saint-Lieux-Lafenasse;;2.219791;43.768713
81233_0033_00208;208;;Chemin de Calvayrac;81120;81233;Terre-de-Bancalié;Terre-Clapier;;2.298936;43.842995
81233_a002_00013;13;;Lotissement Las Planes;81120;81233;Terre-de-Bancalié;Saint-Lieux-Lafenasse;;2.23471;43.768343
81233_0161_02089;2089;;Route du Travet;81120;81233;Terre-de-Bancalié;Saint-Antonin-de-Lacalm;;2.31915;43.801629
81233_0116_00001;1;;Route de Teillet;81120;81233;Terre-de-Bancalié;Le Travet;;2.330938;43.80811
81233_0019_08815;8815;;Route d'Alban;81120;81233;Terre-de-Bancalié;Terre-Clapier;;2.315709;43.853792
81233_a001_00006;6;;Lotissement la Chênaie;81120;81233;Terre-de-Bancalié;Ronel;;2.228651;43.813881
81233_0106_00132;132;;Chemin de Plégade;81120;81233;Terre-de-Bancalié;Terre-Clapier;;2.291635;43.832547
81233_0108_00011;11;;Chemin de Razisse;81120;81233;Terre-de-Bancalié;Le Travet;;2.336871;43.805991
81233_0118_01401;1401;;Route de Travanet;81120;81233;Terre-de-Bancalié;Saint-Lieux-Lafenasse;;2.251274;43.761984
81233_0019_00009;9;;Route d'Alban;81120;81233;Terre-de-Bancalié;Saint-Lieux-Lafenasse;;2.242654;43.784022
81233_0036_03250;3250;;Route de Cornevent;81120;81233;Terre-de-Bancalié;Saint-Antonin-de-Lacalm;;2.258668;43.768867
81233_0023_02623;2623;;Route d'Albi;81120;81233;Terre-de-Bancalié;Terre-Clapier;;2.276052;43.853932
81233_0157_00179;179;;Chemin du Riou de l'Aze;81120;81233;Terre-de-Bancalié;Saint-Antonin-de-Lacalm;;2.311291;43.763051
81233_0002_00009;9;;Rue de la Rivière;81120;81233;Terre-de-Bancalié;Saint-Lieux-Lafenasse;;2.227613;43.76739
81233_0101_00030;30;;Route de Marliaves;81120;81233;Terre-de-Bancalié;Saint-Lieux-Lafenasse;;2.220936;43.771012
81233_0127_00410;410;;Route des Grèzes;81120;81233;Terre-de-Bancalié;Ronel;;2.223832;43.818897
81233_goovp8_00002;2;;Rue du Château d'Eau;81120;81233;Terre-de-Bancalié;Saint-Lieux-Lafenasse;;2.23224;43.767565
81233_0019_00012;12;;Route d'Alban;81120;81233;Terre-de-Bancalié;Saint-Lieux-Lafenasse;;2.242718;43.783877
81233_0009_00008;8;;Rue des Ecoles;81120;81233;Terre-de-Bancalié;Saint-Lieux-Lafenasse;;2.229081;43.768183
81233_0138_00556;556;;Chemin du Buc;81120;81233;Terre-de-Bancalié;Roumégoux;;2.285157;43.819427
81233_0019_04085;4085;;Route d'Alban;81120;81233;Terre-de-Bancalié;Roumégoux;;2.281393;43.824011
81233_0123_00103;103;;Chemin des Ecoliers;81120;81233;Terre-de-Bancalié;Saint-Antonin-de-Lacalm;;2.305758;43.785308
81233_0004_00001;1;;Avenue Augustin Malroux;81120;81233;Terre-de-Bancalié;Saint-Lieux-Lafenasse;;2.228623;43.768859
81233_0008_00003;3;;Rue Droite;81120;81233;Terre-de-Bancalié;Saint-Lieux-Lafenasse;;2.229467;43.767786
81233_0058_00784;784;;Chemin de La Capparié;81120;81233;Terre-de-Bancalié;Saint-Antonin-de-Lacalm;;2.313267;43.780189
81233_0164_00346;346;;Chemin du Truel;81120;81233;Terre-de-Bancalié;Terre-Clapier;;2.302356;43.846927
81233_0057_00097;97;;Route de la Brunié;81120;81233;Terre-de-Bancalié;Terre-Clapier;;2.297134;43.84155
81233_0159_00311;311;;Chemin du Suquet;81120;81233;Terre-de-Bancalié;Terre-Clapier;;2.29813;43.860427
81233_goovp8_00004;4;;Rue du Château d'Eau;81120;81233;Terre-de-Bancalié;Saint-Lieux-Lafenasse;;2.232961;43.767558
81233_0136_00284;284;;Route du Barrage;81120;81233;Terre-de-Bancalié;Saint-Antonin-de-Lacalm;;2.303423;43.786162
81233_0030_00076;76;;Rue de Bétou;81120;81233;Terre-de-Bancalié;Roumégoux;;2.262742;43.800445
81233_0146_00198;198;;Chemin du Coussoulet;81120;81233;Terre-de-Bancalié;Saint-Lieux-Lafenasse;;2.236561;43.765156
81233_0013_00017;17;;Rue des Jardins;81120;81233;Terre-de-Bancalié;Saint-Lieux-Lafenasse;;2.23079;43.767891
81233_0167_00213;213;;Chemin la Fédial;81120;81233;Terre-de-Bancalié;Saint-Lieux-Lafenasse;;2.239785;43.76795
81233_0008_00001;1;;Rue Droite;81120;81233;Terre-de-Bancalié;Saint-Lieux-Lafenasse;;2.229366;43.767746
81233_0113_00881;881;;Route de Saint-Salvy;81120;81233;Terre-de-Bancalié;Terre-Clapier;;2.3031;43.854321
81233_0021_00026;26;;Chemin de Pébréou;81120;81233;Terre-de-Bancalié;Saint-Lieux-Lafenasse;;2.236541;43.785533
81233_0059_04139;4139;;Route de La Cassagné;81120;81233;Terre-de-Bancalié;Roumégoux;;2.274566;43.805582
81233_0164_01430;1430;;Chemin du Truel;81120;81233;Terre-de-Bancalié;Terre-Clapier;;2.292293;43.853529
81233_sph8u4_00185;185;;Hameau de Pendariès;81120;81233;Terre-de-Bancalié;Ronel;;2.213696;43.803701
81233_0116_01320;1320;;Route de Teillet;81120;81233;Terre-de-Bancalié;Le Travet;;2.327973;43.819395
81233_0031_00800;800;;Route de Blima;81120;81233;Terre-de-Bancalié;Ronel;;2.206534;43.809165
81233_0143_00001;1;;Chemin du Cayla;81120;81233;Terre-de-Bancalié;Le Travet;;2.334048;43.806637
81233_0144_00584;584;;Chemin du Château de Ronel;81120;81233;Terre-de-Bancalié;Ronel;;2.222393;43.805777
81233_0009_00015;15;;Rue des Ecoles;81120;81233;Terre-de-Bancalié;Saint-Lieux-Lafenasse;;2.228948;43.768731
81233_0144_01122;1122;;Chemin du Château de Ronel;81120;81233;Terre-de-Bancalié;Roumégoux;;2.227269;43.806078
81233_n8uhw2_00171;171;;Hameau de Saint-Martial;81120;81233;Terre-de-Bancalié;Ronel;;2.223406;43.814771
81233_0021_00020;20;;Chemin de Pébréou;81120;81233;Terre-de-Bancalié;Saint-Lieux-Lafenasse;;2.236533;43.785539
81233_0041_00750;750;;Route de Fauch;81120;81233;Terre-de-Bancalié;Ronel;;2.232208;43.81559
81233_y4pcz3_00392;392;;Hameau de Champagnol;81120;81233;Terre-de-Bancalié;Roumégoux;;2.27379;43.820985
81233_0135_01288;1288;;Chemin des Vignals;81120;81233;Terre-de-Bancalié;Saint-Antonin-de-Lacalm;;2.310811;43.81476
81233_0056_01432;1432;;Route de la Braillé;81120;81233;Terre-de-Bancalié;Saint-Lieux-Lafenasse;;2.218641;43.788319
81233_0012_00009;9;;Place Jacques Durand;81120;81233;Terre-de-Bancalié;Saint-Lieux-Lafenasse;;2.229715;43.768561
81233_0142_00146;146;;Rue du Cavaillé;81120;81233;Terre-de-Bancalié;Saint-Antonin-de-Lacalm;;2.288842;43.762535
81233_0050_00267;267;;Chemin de La Barthié;81120;81233;Terre-de-Bancalié;Ronel;;2.208358;43.815009
81233_0074_00002_bis;2;bis;Rue de la Mairie;81120;81233;Terre-de-Bancalié;Le Travet;;2.329052;43.808434
81233_0089_00028;28;;Route de la Sémadié;81120;81233;Terre-de-Bancalié;Terre-Clapier;;2.319234;43.855701
81233_0134_00100;100;;Chemin des Taxous;81120;81233;Terre-de-Bancalié;Saint-Antonin-de-Lacalm;;2.288612;43.7652
81233_0002_00015;15;;Rue de la Rivière;81120;81233;Terre-de-Bancalié;Saint-Lieux-Lafenasse;;2.228731;43.767337
81233_0155_00167;167;;Route du Puech;81120;81233;Terre-de-Bancalié;Ronel;;2.221605;43.813746
81233_0070_02204;2204;;Chemin de La Ginestarié;81120;81233;Terre-de-Bancalié;Saint-Antonin-de-Lacalm;;2.285006;43.794053
81233_0149_00199;199;;Route du Lézert;81120;81233;Terre-de-Bancalié;Terre-Clapier;;2.289762;43.830694
81233_a001_00010;10;;Lotissement la Chênaie;81120;81233;Terre-de-Bancalié;Ronel;;2.228999;43.814499
81233_imlcal_00045;45;;Hameau de l'Abeillé;81120;81233;Terre-de-Bancalié;Roumégoux;;2.262445;43.808448
81233_0008_00004;4;;Rue Droite;81120;81233;Terre-de-Bancalié;Saint-Lieux-Lafenasse;;2.229371;43.767719
81233_goovp8_00008;8;;Rue du Château d'Eau;81120;81233;Terre-de-Bancalié;Saint-Lieux-Lafenasse;;2.233962;43.767753
81233_0009_00005;5;;Rue des Ecoles;81120;81233;Terre-de-Bancalié;Saint-Lieux-Lafenasse;;2.229139;43.767968
81233_0057_00158;158;;Route de la Brunié;81120;81233;Terre-de-Bancalié;Terre-Clapier;;2.296817;43.841959
81233_0042_00222;222;;Chemin de Feniès;81120;81233;Terre-de-Bancalié;Saint-Antonin-de-Lacalm;;2.287447;43.788969
81233_0158_00053;53;;Place du Sacré Choeur;81120;81233;Terre-de-Bancalié;Saint-Antonin-de-Lacalm;;2.308062;43.787441
81233_0008_00002;2;;Rue Droite;81120;81233;Terre-de-Bancalié;Saint-Lieux-Lafenasse;;2.229305;43.767682
81233_0096_00375;375;;Route de Lempery;81120;81233;Terre-de-Bancalié;Le Travet;;2.324161;43.808486
81233_0123_00052;52;;Chemin des Ecoliers;81120;81233;Terre-de-Bancalié;Saint-Antonin-de-Lacalm;;2.305152;43.785768
81233_35twc8_00005;5;;Lotissement du Plo;81120;81233;Terre-de-Bancalié;Roumégoux;;2.261156;43.801471
81233_0056_01428;1428;;Route de la Braillé;81120;81233;Terre-de-Bancalié;Saint-Lieux-Lafenasse;;2.218387;43.788528
81233_0050_00349;349;;Chemin de La Barthié;81120;81233;Terre-de-Bancalié;Ronel;;2.207465;43.814743
81233_0009_00010;10;;Rue des Ecoles;81120;81233;Terre-de-Bancalié;Saint-Lieux-Lafenasse;;2.229095;43.769551
81233_0090_00498;498;;Chemin de La Tabourdié;81120;81233;Terre-de-Bancalié;Saint-Antonin-de-Lacalm;;2.307751;43.796463
81233_0161_01032;1032;;Route du Travet;81120;81233;Terre-de-Bancalié;Saint-Antonin-de-Lacalm;;2.312439;43.793567
81233_0055_00778;778;;Chemin de la Borie Neuve;81120;81233;Terre-de-Bancalié;Terre-Clapier;;2.307574;43.828404
81233_goovp8_00012;12;;Rue du Château d'Eau;81120;81233;Terre-de-Bancalié;Saint-Lieux-Lafenasse;;2.234879;43.768043
81233_0097_00173;173;;Chemin de Lévessenq;81120;81233;Terre-de-Bancalié;Roumégoux;;2.279638;43.81021
81233_718hzm_00001;1;;Impasse de la Téoulière;81120;81233;Terre-de-Bancalié;Roumégoux;;2.275234;43.820243
81233_0154_00010;10;;Chemin du Pradelas;81120;81233;Terre-de-Bancalié;Ronel;;2.214287;43.804547
81233_0155_00044;44;;Route du Puech;81120;81233;Terre-de-Bancalié;Ronel;;2.223068;43.814075
81233_n8uhw2_00093;93;;Hameau de Saint-Martial;81120;81233;Terre-de-Bancalié;Ronel;;2.223679;43.814086
81233_0057_02091;2091;;Route de la Brunié;81120;81233;Terre-de-Bancalié;Terre-Clapier;;2.284564;43.855525
81233_0155_00619;619;;Route du Puech;81120;81233;Terre-de-Bancalié;Ronel;;2.216969;43.815106
81233_0106_00032;32;;Chemin de Plégade;81120;81233;Terre-de-Bancalié;Terre-Clapier;;2.290375;43.832425
81233_0030_00075;75;;Rue de Bétou;81120;81233;Terre-de-Bancalié;Roumégoux;;2.26252;43.800354
81233_0004_00010;10;;Avenue Augustin Malroux;81120;81233;Terre-de-Bancalié;Saint-Lieux-Lafenasse;;2.228208;43.767895
81233_0085_00223;223;;Route de La Roque;81120;81233;Terre-de-Bancalié;Saint-Antonin-de-Lacalm;;2.312812;43.787334
81233_0091_00707;707;;Chemin de La Thomazié;81120;81233;Terre-de-Bancalié;Saint-Antonin-de-Lacalm;;2.310736;43.804545
81233_0121_02044;2044;;Route des Carrières;81120;81233;Terre-de-Bancalié;Saint-Antonin-de-Lacalm;;2.28841;43.763663
81233_0124_00055;55;;Rue des Fleurs;81120;81233;Terre-de-Bancalié;Saint-Antonin-de-Lacalm;;2.289028;43.762346
81233_0094_00106;106;;Chemin de Labessarié;81120;81233;Terre-de-Bancalié;Roumégoux;;2.24456;43.808533
81233_0079_00181;181;;Chemin de La Moulinotte;81120;81233;Terre-de-Bancalié;Saint-Antonin-de-Lacalm;;2.287118;43.76517
81233_0139_00569;569;;Chemin du Buguet;81120;81233;Terre-de-Bancalié;Saint-Antonin-de-Lacalm;;2.298049;43.780135
81233_0070_02986;2986;;Chemin de La Ginestarié;81120;81233;Terre-de-Bancalié;Saint-Antonin-de-Lacalm;;2.290004;43.788192
81233_0091_00703;703;;Chemin de La Thomazié;81120;81233;Terre-de-Bancalié;Saint-Antonin-de-Lacalm;;2.311394;43.804513
81233_0133_00077;77;;Rue des Orchidées;81120;81233;Terre-de-Bancalié;Saint-Antonin-de-Lacalm;;2.305847;43.785834
81233_0019_00018;18;;Route d'Alban;81120;81233;Terre-de-Bancalié;Saint-Lieux-Lafenasse;;2.243601;43.783662
81233_0009_00014;14;;Rue des Ecoles;81120;81233;Terre-de-Bancalié;Saint-Lieux-Lafenasse;;2.228529;43.771232
81233_0021_00028;28;;Chemin de Pébréou;81120;81233;Terre-de-Bancalié;Saint-Lieux-Lafenasse;;2.236145;43.785738
81233_0097_00137;137;;Chemin de Lévessenq;81120;81233;Terre-de-Bancalié;Roumégoux;;2.279214;43.810179
81233_0004_00008;8;;Avenue Augustin Malroux;81120;81233;Terre-de-Bancalié;Saint-Lieux-Lafenasse;;2.227949;43.768011
81233_0083_00253;253;;Chemin de La Ricardié;81120;81233;Terre-de-Bancalié;Saint-Antonin-de-Lacalm;;2.311784;43.796688
81233_wvvncd_00097;97;;Hameau de La Ricardié;81120;81233;Terre-de-Bancalié;Saint-Antonin-de-Lacalm;;2.310648;43.797027
81233_0049_00321;321;;Chemin de la Barrabié;81120;81233;Terre-de-Bancalié;Ronel;;2.218826;43.81904
81233_0049_00089;89;;Chemin de la Barrabié;81120;81233;Terre-de-Bancalié;Ronel;;2.220583;43.817626
81233_0044_01811;1811;;Route de Gourdou;81120;81233;Terre-de-Bancalié;Ronel;;2.198858;43.79421
81233_0009_00003;3;;Rue des Ecoles;81120;81233;Terre-de-Bancalié;Saint-Lieux-Lafenasse;;2.229187;43.767872
81233_0051_01066;1066;;Route de la Bezolle;81120;81233;Terre-de-Bancalié;Ronel;;2.227328;43.822629
81233_0152_00138;138;;Chemin du Pic de la Vergne;81120;81233;Terre-de-Bancalié;Saint-Lieux-Lafenasse;;2.235888;43.770232
81233_0077_00006;6;;Rue de La Micalié;81120;81233;Terre-de-Bancalié;Le Travet;;2.332168;43.807558
81233_0155_00446;446;;Route du Puech;81120;81233;Terre-de-Bancalié;Ronel;;2.218315;43.814036
81233_y4pcz3_00417;417;;Hameau de Champagnol;81120;81233;Terre-de-Bancalié;Roumégoux;;2.273444;43.820988
81233_0045_00035;35;;Chemin de Gourgouriat;81120;81233;Terre-de-Bancalié;Le Travet;;2.328782;43.808169
81233_0073_00194;194;;Chemin de La Magrié;81120;81233;Terre-de-Bancalié;Le Travet;;2.33427;43.81239
81233_0113_03566;3566;;Route de Saint-Salvy;81120;81233;Terre-de-Bancalié;Terre-Clapier;;2.278056;43.860462
81233_0051_01532;1532;;Route de la Bezolle;81120;81233;Terre-de-Bancalié;Ronel;;2.222857;43.826733
81233_goovp8_00010;10;;Rue du Château d'Eau;81120;81233;Terre-de-Bancalié;Saint-Lieux-Lafenasse;;2.23448;43.767923
81233_0083_00292;292;;Chemin de La Ricardié;81120;81233;Terre-de-Bancalié;Saint-Antonin-de-Lacalm;;2.31146;43.796986
81233_0155_00471;471;;Route du Puech;81120;81233;Terre-de-Bancalié;Ronel;;2.217984;43.81401
81233_0080_00268;268;;Chemin de La Peyrade;81120;81233;Terre-de-Bancalié;Le Travet;;2.334843;43.80926
81233_0029_00018;18;;Impasse de Bernagoy;81120;81233;Terre-de-Bancalié;Roumégoux;;2.264471;43.799804
81233_0154_00560;560;;Chemin du Pradelas;81120;81233;Terre-de-Bancalié;Ronel;;2.208392;43.804325
81233_0102_00437;437;;Chemin de Naudet;81120;81233;Terre-de-Bancalié;Ronel;;2.212362;43.820415
81233_0092_00329;329;;Chemin de La Verdussié;81120;81233;Terre-de-Bancalié;Saint-Antonin-de-Lacalm;;2.269376;43.781056
81233_0037_01654;1654;;Chemin de Costes Auriès;81120;81233;Terre-de-Bancalié;Le Travet;;2.329067;43.794045
81233_0002_00010;10;;Rue de la Rivière;81120;81233;Terre-de-Bancalié;Saint-Lieux-Lafenasse;;2.228761;43.76731
81233_0079_00593;593;;Chemin de La Moulinotte;81120;81233;Terre-de-Bancalié;Saint-Antonin-de-Lacalm;;2.282677;43.765833
81233_0011_00084;84;;Chemin de La Girmanette;81120;81233;Terre-de-Bancalié;Saint-Lieux-Lafenasse;;2.227143;43.769295
81233_0155_00447;447;;Route du Puech;81120;81233;Terre-de-Bancalié;Ronel;;2.218333;43.813916
81233_0079_03710;3710;;Chemin de La Moulinotte;81120;81233;Terre-de-Bancalié;Saint-Antonin-de-Lacalm;;2.302296;43.764421
81233_0122_00061;61;;Route des Chênes;81120;81233;Terre-de-Bancalié;Saint-Lieux-Lafenasse;;2.235381;43.768915
81233_0152_00018;18;;Chemin du Pic de la Vergne;81120;81233;Terre-de-Bancalié;Saint-Lieux-Lafenasse;;2.236575;43.769121
81233_eirbx3_00319;319;;Chemin de La Métairie Neuve;81120;81233;Terre-de-Bancalié;Saint-Antonin-de-Lacalm;;2.303764;43.783526
81233_0004_00038;38;;Avenue Augustin Malroux;81120;81233;Terre-de-Bancalié;Saint-Lieux-Lafenasse;;2.230678;43.767479
81233_0051_01578;1578;;Route de la Bezolle;81120;81233;Terre-de-Bancalié;Ronel;;2.222446;43.827021
81233_a003_00012_bis;12;bis;Lotissement Les Fluorines;81120;81233;Terre-de-Bancalié;Saint-Lieux-Lafenasse;;2.232316;43.76872
81233_0039_00969;969;;Route de Dénat;81120;81233;Terre-de-Bancalié;Ronel;;2.211717;43.815179
81233_0047_00345;345;;Rue de l'Hôtel de Ville;81120;81233;Terre-de-Bancalié;Roumégoux;;2.261788;43.802044
81233_0019_06553;6553;;Route d'Alban;81120;81233;Terre-de-Bancalié;Terre-Clapier;;2.295683;43.839657
81233_0047_00046;46;;Rue de l'Hôtel de Ville;81120;81233;Terre-de-Bancalié;Roumégoux;;2.264051;43.799962
81233_0041_00929;929;;Route de Fauch;81120;81233;Terre-de-Bancalié;Ronel;;2.234352;43.816054
81233_0136_00034;34;;Route du Barrage;81120;81233;Terre-de-Bancalié;Saint-Antonin-de-Lacalm;;2.306389;43.786386
81233_0129_00024;24;;Rue des Lilas;81120;81233;Terre-de-Bancalié;Saint-Antonin-de-Lacalm;;2.307619;43.786253
81233_0002_00008;8;;Rue de la Rivière;81120;81233;Terre-de-Bancalié;Saint-Lieux-Lafenasse;;2.228587;43.767312
81233_0111_00046;46;;Place de Roumégoux;81120;81233;Terre-de-Bancalié;Roumégoux;;2.26122;43.80314
81233_0004_00023;23;;Avenue Augustin Malroux;81120;81233;Terre-de-Bancalié;Saint-Lieux-Lafenasse;;2.229658;43.767466
81233_0004_00013;13;;Avenue Augustin Malroux;81120;81233;Terre-de-Bancalié;Saint-Lieux-Lafenasse;;2.228664;43.767773
81233_0034_00268;268;;Chemin de Carragnes;81120;81233;Terre-de-Bancalié;Ronel;;2.209682;43.801515
81233_0131_00170;170;;Chemin des Mauquètes;81120;81233;Terre-de-Bancalié;Saint-Antonin-de-Lacalm;;2.321173;43.808601
81233_718hzm_00003;3;;Impasse de la Téoulière;81120;81233;Terre-de-Bancalié;Roumégoux;;2.276058;43.820567
81233_0019_00008;8;;Route d'Alban;81120;81233;Terre-de-Bancalié;Saint-Lieux-Lafenasse;;2.24142;43.784237
81233_0085_03215;3215;;Route de La Roque;81120;81233;Terre-de-Bancalié;Saint-Antonin-de-Lacalm;;2.316481;43.768664
81233_0020_00008;8;;Rue des Léonciens;81120;81233;Terre-de-Bancalié;Saint-Lieux-Lafenasse;;2.239825;43.785035
81233_0004_00003;3;;Avenue Augustin Malroux;81120;81233;Terre-de-Bancalié;Saint-Lieux-Lafenasse;;2.227946;43.76856
81233_0037_01526;1526;;Chemin de Costes Auriès;81120;81233;Terre-de-Bancalié;Le Travet;;2.329235;43.794239
81233_0039_00803;803;;Route de Dénat;81120;81233;Terre-de-Bancalié;Ronel;;2.213281;43.814345
81233_0004_00007;7;;Avenue Augustin Malroux;81120;81233;Terre-de-Bancalié;Saint-Lieux-Lafenasse;;2.228428;43.768149
81233_0126_00194;194;;Chemin des Goutines;81120;81233;Terre-de-Bancalié;Terre-Clapier;;2.291946;43.825265
81233_0089_01057;1057;;Route de la Sémadié;81120;81233;Terre-de-Bancalié;Terre-Clapier;;2.314076;43.863254
81233_0044_00917;917;;Route de Gourdou;81120;81233;Terre-de-Bancalié;Ronel;;2.199719;43.799708
81233_0012_00014;14;;Place Jacques Durand;81120;81233;Terre-de-Bancalié;Saint-Lieux-Lafenasse;;2.229242;43.768312
81233_0092_00381;381;;Chemin de La Verdussié;81120;81233;Terre-de-Bancalié;Saint-Antonin-de-Lacalm;;2.268949;43.780813
81233_0009_00025;25;;Rue des Ecoles;81120;81233;Terre-de-Bancalié;Saint-Lieux-Lafenasse;;2.228849;43.769716
81233_0136_05103;5103;;Route du Barrage;81120;81233;Terre-de-Bancalié;Saint-Antonin-de-Lacalm;;2.261426;43.777738
81233_0019_00003;3;;Route d'Alban;81120;81233;Terre-de-Bancalié;Saint-Lieux-Lafenasse;;2.241424;43.784362
81233_0036_05353;5353;;Route de Cornevent;81120;81233;Terre-de-Bancalié;Saint-Antonin-de-Lacalm;;2.279142;43.77891
81233_0070_00729;729;;Chemin de La Ginestarié;81120;81233;Terre-de-Bancalié;Saint-Antonin-de-Lacalm;;2.274389;43.788049
81233_0115_01781;1781;;Route de Siès;81120;81233;Terre-de-Bancalié;Saint-Lieux-Lafenasse;;2.234501;43.793054
81233_0019_09200;9200;;Route d'Alban;81120;81233;Terre-de-Bancalié;Terre-Clapier;;2.319731;43.855554
81233_0019_00067;67;;Route d'Alban;81120;81233;Terre-de-Bancalié;Roumégoux;;2.26046;43.794738
81233_0144_01591;1591;;Chemin du Château de Ronel;81120;81233;Terre-de-Bancalié;Roumégoux;;2.231625;43.806069
81233_0019_00014;14;;Route d'Alban;81120;81233;Terre-de-Bancalié;Saint-Lieux-Lafenasse;;2.243204;43.783733
81233_0136_00118;118;;Route du Barrage;81120;81233;Terre-de-Bancalié;Saint-Antonin-de-Lacalm;;2.30548;43.786252
81233_0019_06595;6595;;Route d'Alban;81120;81233;Terre-de-Bancalié;Terre-Clapier;;2.296064;43.839941
81233_0012_00012;12;;Place Jacques Durand;81120;81233;Terre-de-Bancalié;Saint-Lieux-Lafenasse;;2.229495;43.768285
81233_a003_00012;12;;Lotissement Les Fluorines;81120;81233;Terre-de-Bancalié;Saint-Lieux-Lafenasse;;2.232046;43.768378
81233_0085_02383;2383;;Route de La Roque;81120;81233;Terre-de-Bancalié;Saint-Antonin-de-Lacalm;;2.317471;43.774199
81233_0115_04873;4873;;Route de Siès;81120;81233;Terre-de-Bancalié;Roumégoux;;2.244357;43.814292
81233_0138_00700;700;;Chemin du Buc;81120;81233;Terre-de-Bancalié;Roumégoux;;2.28618;43.818442
81233_0051_01576;1576;;Route de la Bezolle;81120;81233;Terre-de-Bancalié;Ronel;;2.222732;43.827207
81233_0003_00002;2;;Rue du Pont Vieux;81120;81233;Terre-de-Bancalié;Saint-Lieux-Lafenasse;;2.228914;43.767141
81233_j7zccg_00002;2;;Lotissement de la Carabenié;81120;81233;Terre-de-Bancalié;Ronel;;2.211905;43.816056
81233_0033_00106;106;;Chemin de Calvayrac;81120;81233;Terre-de-Bancalié;Terre-Clapier;;2.299685;43.842778
81233_tubymk_00001;1;;Place des Boulistes;81120;81233;Terre-de-Bancalié;Saint-Lieux-Lafenasse;;2.23083;43.768656
81233_0062_00461;461;;Chemin de la Collinière;81120;81233;Terre-de-Bancalié;Saint-Lieux-Lafenasse;;2.217963;43.78588
81233_n8uhw2_00064;64;;Hameau de Saint-Martial;81120;81233;Terre-de-Bancalié;Ronel;;2.224825;43.814397
81233_a002_00007;7;;Lotissement Las Planes;81120;81233;Terre-de-Bancalié;Saint-Lieux-Lafenasse;;2.233359;43.768721
81233_0064_01328;1328;;Chemin de La Combié;81120;81233;Terre-de-Bancalié;Saint-Antonin-de-Lacalm;;2.28594;43.75708
81233_a002_00011;11;;Lotissement Las Planes;81120;81233;Terre-de-Bancalié;Saint-Lieux-Lafenasse;;2.234949;43.768676
81233_0100_00323;323;;Chemin de Mansou;81120;81233;Terre-de-Bancalié;Saint-Lieux-Lafenasse;;2.2163;43.791866
81233_0115_04483;4483;;Route de Siès;81120;81233;Terre-de-Bancalié;Roumégoux;;2.244012;43.810652
81233_0165_00008;8;;Chemin du Verdier;81120;81233;Terre-de-Bancalié;Le Travet;;2.330477;43.811535
81233_0004_00012;12;;Avenue Augustin Malroux;81120;81233;Terre-de-Bancalié;Saint-Lieux-Lafenasse;;2.228372;43.767821
81233_0002_00011;11;;Rue de la Rivière;81120;81233;Terre-de-Bancalié;Saint-Lieux-Lafenasse;;2.228625;43.767387
81233_0161_00996;996;;Route du Travet;81120;81233;Terre-de-Bancalié;Saint-Antonin-de-Lacalm;;2.312238;43.793287
81233_0126_00139;139;;Chemin des Goutines;81120;81233;Terre-de-Bancalié;Terre-Clapier;;2.291792;43.825809
81233_0009_00009;9;;Rue des Ecoles;81120;81233;Terre-de-Bancalié;Saint-Lieux-Lafenasse;;2.228954;43.768317
81233_0077_00012;12;;Rue de La Micalié;81120;81233;Terre-de-Bancalié;Le Travet;;2.332934;43.807382
81233_0044_01507;1507;;Route de Gourdou;81120;81233;Terre-de-Bancalié;Ronel;;2.198511;43.796515
81233_0060_00021;21;;Chemin de la Caylarié;81120;81233;Terre-de-Bancalié;;;2.207233;43.791185
81233_y4pcz3_00426;426;;Hameau de Champagnol;81120;81233;Terre-de-Bancalié;Roumégoux;;2.273768;43.821204
81233_0030_00083;83;;Rue de Bétou;81120;81233;Terre-de-Bancalié;Roumégoux;;2.262604;43.800463
81233_0004_00018;18;;Avenue Augustin Malroux;81120;81233;Terre-de-Bancalié;Saint-Lieux-Lafenasse;;2.228711;43.767667
81233_0167_00683;683;;Chemin la Fédial;81120;81233;Terre-de-Bancalié;Saint-Lieux-Lafenasse;;2.243756;43.765875
81233_0058_00782;782;;Chemin de La Capparié;81120;81233;Terre-de-Bancalié;Saint-Antonin-de-Lacalm;;2.313306;43.780305
81233_0106_00010;10;;Chemin de Plégade;81120;81233;Terre-de-Bancalié;Terre-Clapier;;2.290117;43.832439
81233_0010_00001;1;;Impasse des Fleurs;81120;81233;Terre-de-Bancalié;Saint-Lieux-Lafenasse;;2.230063;43.767717
81233_0111_00050;50;;Place de Roumégoux;81120;81233;Terre-de-Bancalié;Roumégoux;;2.26087;43.803334
81233_0144_02162;2162;;Chemin du Château de Ronel;81120;81233;Terre-de-Bancalié;Roumégoux;;2.236983;43.805868
81233_0070_02692;2692;;Chemin de La Ginestarié;81120;81233;Terre-de-Bancalié;Saint-Antonin-de-Lacalm;;2.287914;43.790365
81233_0113_01148;1148;;Route de Saint-Salvy;81120;81233;Terre-de-Bancalié;Terre-Clapier;;2.300933;43.855334
81233_0019_06675;6675;;Route d'Alban;81120;81233;Terre-de-Bancalié;Terre-Clapier;;2.296741;43.840437
81233_0077_00002;2;;Rue de La Micalié;81120;81233;Terre-de-Bancalié;Le Travet;;2.330919;43.807887
81233_0136_01958;1958;;Route du Barrage;81120;81233;Terre-de-Bancalié;Saint-Antonin-de-Lacalm;;2.285507;43.782905
81233_0072_00703;703;;Chemin de la Lioure;81120;81233;Terre-de-Bancalié;Saint-Lieux-Lafenasse;;2.245872;43.781168
81233_0123_00097;97;;Chemin des Ecoliers;81120;81233;Terre-de-Bancalié;Saint-Antonin-de-Lacalm;;2.305405;43.785406
81233_0153_01191;1191;;Route du Pont du Lézert;81120;81233;Terre-de-Bancalié;Terre-Clapier;;2.304613;43.839908
81233_0093_00684;684;;Chemin de Labeillé;81120;81233;Terre-de-Bancalié;Roumégoux;;2.264729;43.808837
81233_0079_01165;1165;;Chemin de La Moulinotte;81120;81233;Terre-de-Bancalié;Saint-Antonin-de-Lacalm;;2.282411;43.76928
81233_0012_00015;15;;Place Jacques Durand;81120;81233;Terre-de-Bancalié;Saint-Lieux-Lafenasse;;2.229184;43.768369
81233_imlcal_00003;3;;Hameau de l'Abeillé;81120;81233;Terre-de-Bancalié;Roumégoux;;2.26318;43.808251
81233_0084_00157;157;;Chemin de La Rigaudié;81120;81233;Terre-de-Bancalié;Roumégoux;;2.262066;43.793196
81233_0026_00423;423;;Chemin de Barrau;81120;81233;Terre-de-Bancalié;Ronel;;2.198891;43.809165
81233_0116_01692;1692;;Route de Teillet;81120;81233;Terre-de-Bancalié;Le Travet;;2.327433;43.82269
81233_0167_00686;686;;Chemin la Fédial;81120;81233;Terre-de-Bancalié;Saint-Lieux-Lafenasse;;2.24391;43.765244
81233_0148_00232;232;;Chemin du Garriguet;81120;81233;Terre-de-Bancalié;Saint-Antonin-de-Lacalm;;2.320578;43.798798
81233_0040_00002;2;;Chemin de Falhiès;81120;81233;Terre-de-Bancalié;Le Travet;;2.333623;43.807516
81233_0047_00331;331;;Rue de l'Hôtel de Ville;81120;81233;Terre-de-Bancalié;Roumégoux;;2.26191;43.801925
81233_0013_00018;18;;Rue des Jardins;81120;81233;Terre-de-Bancalié;Saint-Lieux-Lafenasse;;2.230997;43.767846
81233_0138_00547;547;;Chemin du Buc;81120;81233;Terre-de-Bancalié;Roumégoux;;2.285218;43.819548
81233_0110_00002;2;;Place de Ronel;81120;81233;Terre-de-Bancalié;Ronel;;2.224895;43.814062
81233_0049_00051;51;;Chemin de la Barrabié;81120;81233;Terre-de-Bancalié;Ronel;;2.220911;43.81739
81233_0083_00337;337;;Chemin de La Ricardié;81120;81233;Terre-de-Bancalié;Saint-Antonin-de-Lacalm;;2.311005;43.797237
81233_0113_00258;258;;Route de Saint-Salvy;81120;81233;Terre-de-Bancalié;Terre-Clapier;;2.309662;43.852029
81233_0014_00003;3;;Rue du Lavoir;81120;81233;Terre-de-Bancalié;Saint-Lieux-Lafenasse;;2.229214;43.767225
81233_0069_00589;589;;Chemin de la Garenne;81120;81233;Terre-de-Bancalié;Ronel;;2.216647;43.822045
81233_0036_01242;1242;;Route de Cornevent;81120;81233;Terre-de-Bancalié;Saint-Lieux-Lafenasse;;2.250154;43.769024
81233_0031_00267;267;;Route de Blima;81120;81233;Terre-de-Bancalié;Ronel;;2.212062;43.806788
81233_0106_02373;2373;;Chemin de Plégade;81120;81233;Terre-de-Bancalié;Terre-Clapier;;2.311603;43.83257
81233_0138_00086;86;;Chemin du Buc;81120;81233;Terre-de-Bancalié;Roumégoux;;2.281938;43.822911
81233_0143_01268;1268;;Chemin du Cayla;81120;81233;Terre-de-Bancalié;Le Travet;;2.343395;43.798972
81233_a003_00015;15;;Lotissement Les Fluorines;81120;81233;Terre-de-Bancalié;Saint-Lieux-Lafenasse;;2.231964;43.76905
81233_0002_00007;7;;Rue de la Rivière;81120;81233;Terre-de-Bancalié;Saint-Lieux-Lafenasse;;2.227447;43.767397
81233_z24u09_00006;6;;Lotissement les Garrigues;81120;81233;Terre-de-Bancalié;Ronel;;2.228406;43.816038
81233_0034_00160;160;;Chemin de Carragnes;81120;81233;Terre-de-Bancalié;Ronel;;2.210544;43.800784
81233_0112_02184;2184;;Côte de Rouzade;81120;81233;Terre-de-Bancalié;Saint-Lieux-Lafenasse;;2.237262;43.783329
81233_z24u09_00004;4;;Lotissement les Garrigues;81120;81233;Terre-de-Bancalié;Ronel;;2.228246;43.815903
81233_0155_00465;465;;Route du Puech;81120;81233;Terre-de-Bancalié;Ronel;;2.21807;43.813964
81233_a002_00001;1;;Lotissement Las Planes;81120;81233;Terre-de-Bancalié;Saint-Lieux-Lafenasse;;2.233751;43.767947
81233_0002_00001;1;;Rue de la Rivière;81120;81233;Terre-de-Bancalié;Saint-Lieux-Lafenasse;;2.227246;43.767987
81233_0098_00063;63;;Rue de Loumette;81120;81233;Terre-de-Bancalié;Saint-Antonin-de-Lacalm;;2.30302;43.78672
81233_0155_00090;90;;Route du Puech;81120;81233;Terre-de-Bancalié;Ronel;;2.222516;43.813953
81233_0127_01038;1038;;Route des Grèzes;81120;81233;Terre-de-Bancalié;Ronel;;2.220265;43.822401
81233_j7zccg_00001;1;;Lotissement de la Carabenié;81120;81233;Terre-de-Bancalié;Ronel;;2.211594;43.816159
81233_0022_00232;232;;Chemin de Borio Novo;81120;81233;Terre-de-Bancalié;;;2.235258;43.819725
81233_0004_00010_bis;10;bis;Avenue Augustin Malroux;81120;81233;Terre-de-Bancalié;Saint-Lieux-Lafenasse;;2.22828;43.767861
81233_y4pcz3_00773;773;;Hameau de Champagnol;81120;81233;Terre-de-Bancalié;Roumégoux;;2.276058;43.821025
81233_0012_00006;6;;Place Jacques Durand;81120;81233;Terre-de-Bancalié;Saint-Lieux-Lafenasse;;2.229745;43.768735
81233_0151_00389;389;;Chemin du Petit Domaine;81120;81233;Terre-de-Bancalié;Ronel;;2.189767;43.799933
81233_0026_00421;421;;Chemin de Barrau;81120;81233;Terre-de-Bancalié;Ronel;;2.198938;43.809167
81233_0123_00099;99;;Chemin des Ecoliers;81120;81233;Terre-de-Bancalié;Saint-Antonin-de-Lacalm;;2.305492;43.785393
81233_a003_00002;2;;Lotissement Les Fluorines;81120;81233;Terre-de-Bancalié;Saint-Lieux-Lafenasse;;2.231873;43.768211
81233_0087_00324;324;;Route de la Sale;81120;81233;Terre-de-Bancalié;Ronel;;2.222091;43.817775
81233_0123_00015;15;;Chemin des Ecoliers;81120;81233;Terre-de-Bancalié;Saint-Antonin-de-Lacalm;;2.305046;43.786057
81233_0068_00890;890;;Chemin de La Foun Del Rous;81120;81233;Terre-de-Bancalié;Le Travet;;2.316379;43.822533
81233_0145_00397;397;;Chemin du Clapier Bas;81120;81233;Terre-de-Bancalié;Le Travet;;2.309619;43.81791
81233_0130_00026;26;;Place des Marronniers;81120;81233;Terre-de-Bancalié;Saint-Antonin-de-Lacalm;;2.306653;43.786127
81233_0057_00287;287;;Route de la Brunié;81120;81233;Terre-de-Bancalié;Terre-Clapier;;2.295702;43.842738
81233_0059_00120;120;;Route de La Cassagné;81120;81233;Terre-de-Bancalié;Saint-Antonin-de-Lacalm;;2.304911;43.786567
81233_0019_04089;4089;;Route d'Alban;81120;81233;Terre-de-Bancalié;Roumégoux;;2.281143;43.824275
81233_0037_01622;1622;;Chemin de Costes Auriès;81120;81233;Terre-de-Bancalié;Le Travet;;2.32939;43.793852
81233_0071_00143;143;;Chemin de La Guiraudié;81120;81233;Terre-de-Bancalié;Roumégoux;;2.236604;43.807361
81233_0156_00303;303;;Chemin du Puech de La Peyre;81120;81233;Terre-de-Bancalié;Roumégoux;;2.268506;43.799561
81233_0064_01270;1270;;Chemin de La Combié;81120;81233;Terre-de-Bancalié;Saint-Antonin-de-Lacalm;;2.285265;43.757142
81233_0050_00225;225;;Chemin de La Barthié;81120;81233;Terre-de-Bancalié;Ronel;;2.209249;43.814912
81233_0019_06677;6677;;Route d'Alban;81120;81233;Terre-de-Bancalié;Terre-Clapier;;2.296944;43.84042
81233_0009_00031;31;;Rue des Ecoles;81120;81233;Terre-de-Bancalié;Saint-Lieux-Lafenasse;;2.228483;43.771496
81233_0125_00221;221;;Chemin des Garrigues;81120;81233;Terre-de-Bancalié;Ronel;;2.229135;43.813517
81233_0019_00010_bis;10;bis;Route d'Alban;81120;81233;Terre-de-Bancalié;Saint-Lieux-Lafenasse;;2.242176;43.784016
81233_0019_05606;5606;;Route d'Alban;81120;81233;Terre-de-Bancalié;Terre-Clapier;;2.290191;43.83261
81233_a003_00013_bis;13;bis;Lotissement Les Fluorines;81120;81233;Terre-de-Bancalié;Saint-Lieux-Lafenasse;;2.232357;43.768867
81233_arjp21_00109;109;;Lotissement des Vignes;81120;81233;Terre-de-Bancalié;Terre-Clapier;;2.297976;43.855721
81233_0162_00018;18;;Place du Trivalou;81120;81233;Terre-de-Bancalié;Terre-Clapier;;2.291063;43.832634
81233_a003_00017;17;;Lotissement Les Fluorines;81120;81233;Terre-de-Bancalié;Saint-Lieux-Lafenasse;;2.231807;43.768538
81233_0083_00529;529;;Chemin de La Ricardié;81120;81233;Terre-de-Bancalié;Saint-Antonin-de-Lacalm;;2.309559;43.798597
81233_goovp8_00001;1;;Rue du Château d'Eau;81120;81233;Terre-de-Bancalié;Saint-Lieux-Lafenasse;;2.232923;43.767694
81233_n8uhw2_00231;231;;Hameau de Saint-Martial;81120;81233;Terre-de-Bancalié;Ronel;;2.223694;43.815238
81233_0113_01103;1103;;Route de Saint-Salvy;81120;81233;Terre-de-Bancalié;Terre-Clapier;;2.300471;43.854957
81233_0133_00086;86;;Rue des Orchidées;81120;81233;Terre-de-Bancalié;Saint-Antonin-de-Lacalm;;2.305979;43.785757
81233_0076_00003;3;;Place de La Micalié;81120;81233;Terre-de-Bancalié;Le Travet;;2.333842;43.807218
81233_0136_00516;516;;Route du Barrage;81120;81233;Terre-de-Bancalié;Saint-Antonin-de-Lacalm;;2.300049;43.785978
81233_0164_01236;1236;;Chemin du Truel;81120;81233;Terre-de-Bancalié;Terre-Clapier;;2.294459;43.85244
81233_0144_01160;1160;;Chemin du Château de Ronel;81120;81233;Terre-de-Bancalié;Roumégoux;;2.227545;43.806419
81233_0058_00786;786;;Chemin de La Capparié;81120;81233;Terre-de-Bancalié;Saint-Antonin-de-Lacalm;;2.313325;43.780149
81233_0167_00187;187;;Chemin la Fédial;81120;81233;Terre-de-Bancalié;Saint-Lieux-Lafenasse;;2.238988;43.768189
81233_0004_00033;33;;Avenue Augustin Malroux;81120;81233;Terre-de-Bancalié;Saint-Lieux-Lafenasse;;2.230967;43.767618
81233_0087_00025;25;;Route de la Sale;81120;81233;Terre-de-Bancalié;Ronel;;2.222997;43.815655
81233_0034_00243;243;;Chemin de Carragnes;81120;81233;Terre-de-Bancalié;Ronel;;2.20974;43.801272
81233_0128_00027;27;;Chemin des Lavoirs;81120;81233;Terre-de-Bancalié;Terre-Clapier;;2.300229;43.854783
81233_0009_00007;7;;Rue des Ecoles;81120;81233;Terre-de-Bancalié;Saint-Lieux-Lafenasse;;2.228994;43.768123
81233_0156_00159;159;;Chemin du Puech de La Peyre;81120;81233;Terre-de-Bancalié;Roumégoux;;2.266773;43.799839
81233_0079_00023;23;;Chemin de La Moulinotte;81120;81233;Terre-de-Bancalié;Saint-Antonin-de-Lacalm;;2.288437;43.764166
81233_0136_01182;1182;;Route du Barrage;81120;81233;Terre-de-Bancalié;Saint-Antonin-de-Lacalm;;2.292967;43.783681
81233_0031_00798;798;;Route de Blima;81120;81233;Terre-de-Bancalié;Ronel;;2.206563;43.809155
81233_0033_00084;84;;Chemin de Calvayrac;81120;81233;Terre-de-Bancalié;Terre-Clapier;;2.299999;43.842567
81233_0064_01330;1330;;Chemin de La Combié;81120;81233;Terre-de-Bancalié;Saint-Antonin-de-Lacalm;;2.285979;43.75707
81233_0020_00005;5;;Rue des Léonciens;81120;81233;Terre-de-Bancalié;Saint-Lieux-Lafenasse;;2.24025;43.784743
81233_0042_00220;220;;Chemin de Feniès;81120;81233;Terre-de-Bancalié;Saint-Antonin-de-Lacalm;;2.287455;43.788995
81233_0136_00102;102;;Route du Barrage;81120;81233;Terre-de-Bancalié;Saint-Antonin-de-Lacalm;;2.305682;43.786259
81233_0130_00027;27;;Place des Marronniers;81120;81233;Terre-de-Bancalié;Saint-Antonin-de-Lacalm;;2.306821;43.786293
81233_0012_00005;5;;Place Jacques Durand;81120;81233;Terre-de-Bancalié;Saint-Lieux-Lafenasse;;2.229766;43.768812
81233_goovp8_00016;16;;Rue du Château d'Eau;81120;81233;Terre-de-Bancalié;Saint-Lieux-Lafenasse;;2.235289;43.768213
81233_0004_00004;4;;Avenue Augustin Malroux;81120;81233;Terre-de-Bancalié;Saint-Lieux-Lafenasse;;2.227552;43.768189
81233_0021_00013;13;;Chemin de Pébréou;81120;81233;Terre-de-Bancalié;Saint-Lieux-Lafenasse;;2.236927;43.785283
81233_0019_09157;9157;;Route d'Alban;81120;81233;Terre-de-Bancalié;Terre-Clapier;;2.319135;43.855466
81233_0032_00263;263;;Chemin de Bordeneuve;81120;81233;Terre-de-Bancalié;Saint-Lieux-Lafenasse;;2.222047;43.796311
81233_0091_00678;678;;Chemin de La Thomazié;81120;81233;Terre-de-Bancalié;Saint-Antonin-de-Lacalm;;2.311599;43.804647
81233_0121_01909;1909;;Route des Carrières;81120;81233;Terre-de-Bancalié;Saint-Antonin-de-Lacalm;;2.288286;43.762489
81233_0070_03024;3024;;Chemin de La Ginestarié;81120;81233;Terre-de-Bancalié;Saint-Antonin-de-Lacalm;;2.290282;43.787921
81233_0039_00986;986;;Route de Dénat;81120;81233;Terre-de-Bancalié;Ronel;;2.211791;43.815381
81233_0057_00100;100;;Route de la Brunié;81120;81233;Terre-de-Bancalié;Terre-Clapier;;2.297284;43.841604
81233_0014_00001;1;;Rue du Lavoir;81120;81233;Terre-de-Bancalié;Saint-Lieux-Lafenasse;;2.229102;43.767228
81233_0004_00030;30;;Avenue Augustin Malroux;81120;81233;Terre-de-Bancalié;Saint-Lieux-Lafenasse;;2.229732;43.767375
81233_0053_00324;324;;Chemin de la Blanquière;81120;81233;Terre-de-Bancalié;Ronel;;2.210973;43.821929
81233_0023_02033;2033;;Route d'Albi;81120;81233;Terre-de-Bancalié;Terre-Clapier;;2.281812;43.850915
81233_0059_03976;3976;;Route de La Cassagné;81120;81233;Terre-de-Bancalié;Roumégoux;;2.275832;43.804429
81233_0039_00356;356;;Route de Dénat;81120;81233;Terre-de-Bancalié;Ronel;;2.217838;43.812767
81233_0144_00013;13;;Chemin du Château de Ronel;81120;81233;Terre-de-Bancalié;Ronel;;2.215423;43.80578
81233_0031_00253;253;;Route de Blima;81120;81233;Terre-de-Bancalié;Ronel;;2.212346;43.806751
81233_0152_00074;74;;Chemin du Pic de la Vergne;81120;81233;Terre-de-Bancalié;Saint-Lieux-Lafenasse;;2.236584;43.769948
81233_0036_00634;634;;Route de Cornevent;81120;81233;Terre-de-Bancalié;Saint-Lieux-Lafenasse;;2.242529;43.770528
81233_0036_00086;86;;Route de Cornevent;81120;81233;Terre-de-Bancalié;Saint-Lieux-Lafenasse;;2.236436;43.768741
81233_0149_00431;431;;Route du Lézert;81120;81233;Terre-de-Bancalié;Terre-Clapier;;2.290494;43.828578
81233_0057_01920;1920;;Route de la Brunié;81120;81233;Terre-de-Bancalié;Terre-Clapier;;2.283798;43.85446
81233_0112_00991;991;;Côte de Rouzade;81120;81233;Terre-de-Bancalié;Saint-Lieux-Lafenasse;;2.227943;43.778097
81233_0034_00158;158;;Chemin de Carragnes;81120;81233;Terre-de-Bancalié;Ronel;;2.210559;43.800771
81233_0134_00012;12;;Chemin des Taxous;81120;81233;Terre-de-Bancalié;Saint-Antonin-de-Lacalm;;2.28847;43.764439
81233_j7zccg_00004;4;;Lotissement de la Carabenié;81120;81233;Terre-de-Bancalié;Ronel;;2.212391;43.816319
81233_0009_00002;2;;Rue des Ecoles;81120;81233;Terre-de-Bancalié;Saint-Lieux-Lafenasse;;2.229249;43.767901
81233_0142_00328;328;;Rue du Cavaillé;81120;81233;Terre-de-Bancalié;Saint-Antonin-de-Lacalm;;2.290151;43.761218
81233_0059_00119;119;;Route de La Cassagné;81120;81233;Terre-de-Bancalié;Saint-Antonin-de-Lacalm;;2.304936;43.786464
81233_0109_01318;1318;;Route de Réalmont;81120;81233;Terre-de-Bancalié;Ronel;;2.215014;43.805794
81233_0019_05665;5665;;Route d'Alban;81120;81233;Terre-de-Bancalié;Terre-Clapier;;2.290472;43.83309
81233_0033_00296;296;;Chemin de Calvayrac;81120;81233;Terre-de-Bancalié;Terre-Clapier;;2.298041;43.844018
81233_0009_00027;27;;Rue des Ecoles;81120;81233;Terre-de-Bancalié;Saint-Lieux-Lafenasse;;2.228708;43.769921
81233_0136_00020;20;;Route du Barrage;81120;81233;Terre-de-Bancalié;Saint-Antonin-de-Lacalm;;2.306335;43.786512
81233_0040_00001;1;;Chemin de Falhiès;81120;81233;Terre-de-Bancalié;Le Travet;;2.333432;43.807712
81233_0136_01329;1329;;Route du Barrage;81120;81233;Terre-de-Bancalié;Saint-Antonin-de-Lacalm;;2.291552;43.782861
81233_0058_00780;780;;Chemin de La Capparié;81120;81233;Terre-de-Bancalié;Saint-Antonin-de-Lacalm;;2.313437;43.780225
81233_0093_00033;33;;Chemin de Labeillé;81120;81233;Terre-de-Bancalié;Roumégoux;;2.269695;43.804505
81233_0152_00140;140;;Chemin du Pic de la Vergne;81120;81233;Terre-de-Bancalié;Saint-Lieux-Lafenasse;;2.235855;43.77026
81233_0021_00014;14;;Chemin de Pébréou;81120;81233;Terre-de-Bancalié;Saint-Lieux-Lafenasse;;2.237661;43.785114
81233_a002_00009_ter;9;ter;Lotissement Las Planes;81120;81233;Terre-de-Bancalié;Saint-Lieux-Lafenasse;;2.233431;43.768844
81233_0019_00010;10;;Route d'Alban;81120;81233;Terre-de-Bancalié;Saint-Lieux-Lafenasse;;2.241656;43.784161
81233_0112_01008;1008;;Côte de Rouzade;81120;81233;Terre-de-Bancalié;Saint-Lieux-Lafenasse;;2.228158;43.778021
81233_0090_00497;497;;Chemin de La Tabourdié;81120;81233;Terre-de-Bancalié;Saint-Antonin-de-Lacalm;;2.307667;43.796411
81233_z24u09_00009;9;;Lotissement les Garrigues;81120;81233;Terre-de-Bancalié;Ronel;;2.228683;43.815728
81233_0108_00022;22;;Chemin de Razisse;81120;81233;Terre-de-Bancalié;Le Travet;;2.338319;43.805028
81233_0019_00024;24;;Route d'Alban;81120;81233;Terre-de-Bancalié;Saint-Lieux-Lafenasse;;2.245714;43.783464
81233_a003_00008;8;;Lotissement Les Fluorines;81120;81233;Terre-de-Bancalié;Saint-Lieux-Lafenasse;;2.23212;43.768078
81233_0061_00039;39;;Chemin de la Cézié;81120;81233;Terre-de-Bancalié;Terre-Clapier;;2.292741;43.859503
81233_0037_01582;1582;;Chemin de Costes Auriès;81120;81233;Terre-de-Bancalié;Le Travet;;2.329692;43.79356
81233_0059_03961;3961;;Route de La Cassagné;81120;81233;Terre-de-Bancalié;Roumégoux;;2.275775;43.80431
81233_0096_00002;2;;Route de Lempery;81120;81233;Terre-de-Bancalié;Le Travet;;2.328632;43.808532
81233_0019_01403;1403;;Route d'Alban;81120;81233;Terre-de-Bancalié;Roumégoux;;2.269765;43.803978
81233_0056_01436;1436;;Route de la Braillé;81120;81233;Terre-de-Bancalié;Saint-Lieux-Lafenasse;;2.219071;43.788192
81233_0145_00382;382;;Chemin du Clapier Bas;81120;81233;Terre-de-Bancalié;Le Travet;;2.309828;43.817991
81233_0012_00001_bis;1;bis;Place Jacques Durand;81120;81233;Terre-de-Bancalié;Saint-Lieux-Lafenasse;;2.229424;43.769151
81233_0019_06985;6985;;Route d'Alban;81120;81233;Terre-de-Bancalié;Terre-Clapier;;2.29989;43.841931
81233_0129_00052;52;;Rue des Lilas;81120;81233;Terre-de-Bancalié;Saint-Antonin-de-Lacalm;;2.307903;43.786397
81233_0013_00008;8;;Rue des Jardins;81120;81233;Terre-de-Bancalié;Saint-Lieux-Lafenasse;;2.229905;43.767938
81233_0097_00260;260;;Chemin de Lévessenq;81120;81233;Terre-de-Bancalié;Roumégoux;;2.280459;43.810259
81233_0007_00006;6;;Rue de la Croix;81120;81233;Terre-de-Bancalié;Saint-Lieux-Lafenasse;;2.229951;43.769399
81233_0097_00283;283;;Chemin de Lévessenq;81120;81233;Terre-de-Bancalié;Roumégoux;;2.280124;43.81049
81233_0064_00260;260;;Chemin de La Combié;81120;81233;Terre-de-Bancalié;Saint-Antonin-de-Lacalm;;2.28657;43.761101
81233_0129_00042;42;;Rue des Lilas;81120;81233;Terre-de-Bancalié;Saint-Antonin-de-Lacalm;;2.307797;43.78634
81233_0103_00068;68;;Chemin Naudou;81120;81233;Terre-de-Bancalié;Roumégoux;;2.278965;43.821416
81233_a003_00006;6;;Lotissement Les Fluorines;81120;81233;Terre-de-Bancalié;Saint-Lieux-Lafenasse;;2.231943;43.768023
81233_y4pcz3_00491;491;;Hameau de Champagnol;81120;81233;Terre-de-Bancalié;Roumégoux;;2.272316;43.82092
81233_0004_00016;16;;Avenue Augustin Malroux;81120;81233;Terre-de-Bancalié;Saint-Lieux-Lafenasse;;2.228593;43.767721
81233_0085_03061;3061;;Route de La Roque;81120;81233;Terre-de-Bancalié;Saint-Antonin-de-Lacalm;;2.317545;43.76969
81233_0033_00157;157;;Chemin de Calvayrac;81120;81233;Terre-de-Bancalié;Terre-Clapier;;2.299113;43.842591
81233_0074_00004_bis;4;bis;Rue de la Mairie;81120;81233;Terre-de-Bancalié;Le Travet;;2.329385;43.808358
81233_0168_00235;235;;Chemin la Teulière;81120;81233;Terre-de-Bancalié;Saint-Lieux-Lafenasse;;2.225293;43.78264
81233_0113_03568;3568;;Route de Saint-Salvy;81120;81233;Terre-de-Bancalié;Terre-Clapier;;2.278042;43.860478
81233_0079_04646;4646;;Chemin de La Moulinotte;81120;81233;Terre-de-Bancalié;Saint-Antonin-de-Lacalm;;2.312065;43.764434
81233_a001_00011;11;;Lotissement la Chênaie;81120;81233;Terre-de-Bancalié;Ronel;;2.228996;43.814557
81233_0108_00003;3;;Chemin de Razisse;81120;81233;Terre-de-Bancalié;Le Travet;;2.335329;43.806612
81233_n8uhw2_00124;124;;Hameau de Saint-Martial;81120;81233;Terre-de-Bancalié;Ronel;;2.223719;43.814688
81233_0167_00211;211;;Chemin la Fédial;81120;81233;Terre-de-Bancalié;Saint-Lieux-Lafenasse;;2.239824;43.768015
81233_0013_00007;7;;Rue des Jardins;81120;81233;Terre-de-Bancalié;Saint-Lieux-Lafenasse;;2.2299;43.767986
81233_0142_00441;441;;Rue du Cavaillé;81120;81233;Terre-de-Bancalié;Saint-Antonin-de-Lacalm;;2.291284;43.760649
81233_0070_02902;2902;;Chemin de La Ginestarié;81120;81233;Terre-de-Bancalié;Saint-Antonin-de-Lacalm;;2.289417;43.788823
81233_0066_00838;838;;Chemin de la Fabrié;81120;81233;Terre-de-Bancalié;Saint-Lieux-Lafenasse;;2.235388;43.776405
81233_0133_00020;20;;Rue des Orchidées;81120;81233;Terre-de-Bancalié;Saint-Antonin-de-Lacalm;;2.305308;43.786035
81233_0032_00190;190;;Chemin de Bordeneuve;81120;81233;Terre-de-Bancalié;Saint-Lieux-Lafenasse;;2.221189;43.796332
81233_a003_00014;14;;Lotissement Les Fluorines;81120;81233;Terre-de-Bancalié;Saint-Lieux-Lafenasse;;2.232175;43.768962
81233_0135_01537;1537;;Chemin des Vignals;81120;81233;Terre-de-Bancalié;Saint-Antonin-de-Lacalm;;2.308371;43.816217
81233_0019_06633;6633;;Route d'Alban;81120;81233;Terre-de-Bancalié;Terre-Clapier;;2.296434;43.840179
81233_0166_00007;7;;Place Joseph Briol;81120;81233;Terre-de-Bancalié;Saint-Antonin-de-Lacalm;;2.288893;43.762726
81233_0074_00004;4;;Rue de la Mairie;81120;81233;Terre-de-Bancalié;Le Travet;;2.329386;43.808357
81233_0149_00221;221;;Route du Lézert;81120;81233;Terre-de-Bancalié;Terre-Clapier;;2.289801;43.830497
81233_0121_02123;2123;;Route des Carrières;81120;81233;Terre-de-Bancalié;Saint-Antonin-de-Lacalm;;2.289034;43.763989
81233_0029_00041;41;;Impasse de Bernagoy;81120;81233;Terre-de-Bancalié;Roumégoux;;2.264077;43.800085
81233_0130_00029_bis;29;bis;Place des Marronniers;81120;81233;Terre-de-Bancalié;Saint-Antonin-de-Lacalm;;2.307058;43.786313
81233_0167_00215;215;;Chemin la Fédial;81120;81233;Terre-de-Bancalié;Saint-Lieux-Lafenasse;;2.239898;43.767744
81233_0072_00648;648;;Chemin de la Lioure;81120;81233;Terre-de-Bancalié;Saint-Lieux-Lafenasse;;2.246598;43.781373
81233_a001_00001;1;;Lotissement la Chênaie;81120;81233;Terre-de-Bancalié;Ronel;;2.227638;43.814479
81233_0144_01124;1124;;Chemin du Château de Ronel;81120;81233;Terre-de-Bancalié;Roumégoux;;2.22729;43.806101
81233_goovp8_00014;14;;Rue du Château d'Eau;81120;81233;Terre-de-Bancalié;Saint-Lieux-Lafenasse;;2.235069;43.768125
81233_0123_00059;59;;Chemin des Ecoliers;81120;81233;Terre-de-Bancalié;Saint-Antonin-de-Lacalm;;2.305276;43.785733
81233_0155_00046;46;;Route du Puech;81120;81233;Terre-de-Bancalié;Ronel;;2.223037;43.814069
81233_0077_00004;4;;Rue de La Micalié;81120;81233;Terre-de-Bancalié;Le Travet;;2.331872;43.807634
81233_0155_01301;1301;;Route du Puech;81120;81233;Terre-de-Bancalié;Ronel;;2.211438;43.816894
81233_0059_00046;46;;Route de La Cassagné;81120;81233;Terre-de-Bancalié;Saint-Antonin-de-Lacalm;;2.305813;43.786664
81233_0004_00005;5;;Avenue Augustin Malroux;81120;81233;Terre-de-Bancalié;Saint-Lieux-Lafenasse;;2.228451;43.768398
81233_0012_00001;1;;Place Jacques Durand;81120;81233;Terre-de-Bancalié;Saint-Lieux-Lafenasse;;2.22936;43.769212
81233_0031_00357;357;;Route de Blima;81120;81233;Terre-de-Bancalié;Ronel;;2.211337;43.807364
81233_0012_00007;7;;Place Jacques Durand;81120;81233;Terre-de-Bancalié;Saint-Lieux-Lafenasse;;2.229643;43.768681
81233_0019_00028;28;;Route d'Alban;81120;81233;Terre-de-Bancalié;Saint-Lieux-Lafenasse;;2.252617;43.782912
81233_0047_00009;9;;Rue de l'Hôtel de Ville;81120;81233;Terre-de-Bancalié;Roumégoux;;2.264288;43.799676
81233_0012_00002;2;;Place Jacques Durand;81120;81233;Terre-de-Bancalié;Saint-Lieux-Lafenasse;;2.229625;43.769035
81233_0031_00251;251;;Route de Blima;81120;81233;Terre-de-Bancalié;Ronel;;2.212363;43.806741
81233_0109_01156;1156;;Route de Réalmont;81120;81233;Terre-de-Bancalié;Ronel;;2.21664;43.806717
81233_0155_00212;212;;Route du Puech;81120;81233;Terre-de-Bancalié;Ronel;;2.221077;43.813869
81233_0042_00209;209;;Chemin de Feniès;81120;81233;Terre-de-Bancalié;Saint-Antonin-de-Lacalm;;2.287576;43.789087
81233_0054_00215;215;;Chemin de La Borie;81120;81233;Terre-de-Bancalié;Roumégoux;;2.266733;43.80393
81233_0021_00011;11;;Chemin de Pébréou;81120;81233;Terre-de-Bancalié;Saint-Lieux-Lafenasse;;2.237531;43.78508
81233_0019_06551;6551;;Route d'Alban;81120;81233;Terre-de-Bancalié;Terre-Clapier;;2.295665;43.839639
81233_0091_00705;705;;Chemin de La Thomazié;81120;81233;Terre-de-Bancalié;Saint-Antonin-de-Lacalm;;2.310807;43.804631
81233_n8uhw2_00122;122;;Hameau de Saint-Martial;81120;81233;Terre-de-Bancalié;Ronel;;2.224096;43.814785
81233_0101_00323;323;;Route de Marliaves;81120;81233;Terre-de-Bancalié;Saint-Lieux-Lafenasse;;2.219703;43.768657
81233_a003_00016;16;;Lotissement Les Fluorines;81120;81233;Terre-de-Bancalié;Saint-Lieux-Lafenasse;;2.231889;43.768853
81233_0058_02358;2358;;Chemin de La Capparié;81120;81233;Terre-de-Bancalié;Saint-Antonin-de-Lacalm;;2.306957;43.770248
81233_0101_00317;317;;Route de Marliaves;81120;81233;Terre-de-Bancalié;Saint-Lieux-Lafenasse;;2.219791;43.768713
81233_0164_00835;835;;Chemin du Truel;81120;81233;Terre-de-Bancalié;Terre-Clapier;;2.298153;43.850037
81233_a002_00010;10;;Lotissement Las Planes;81120;81233;Terre-de-Bancalié;Saint-Lieux-Lafenasse;;2.23443;43.768659
81233_0021_00024;24;;Chemin de Pébréou;81120;81233;Terre-de-Bancalié;Saint-Lieux-Lafenasse;;2.236515;43.785547
81233_0020_00018;18;;Rue des Léonciens;81120;81233;Terre-de-Bancalié;Saint-Lieux-Lafenasse;;2.24017;43.784497
81233_0070_01785;1785;;Chemin de La Ginestarié;81120;81233;Terre-de-Bancalié;Saint-Antonin-de-Lacalm;;2.282323;43.793653
81233_0127_01213;1213;;Route des Grèzes;81120;81233;Terre-de-Bancalié;Ronel;;2.220654;43.8239
81233_0136_00226;226;;Route du Barrage;81120;81233;Terre-de-Bancalié;Saint-Antonin-de-Lacalm;;2.304131;43.786172
81233_0059_00108;108;;Route de La Cassagné;81120;81233;Terre-de-Bancalié;Saint-Antonin-de-Lacalm;;2.305046;43.786552
81233_718hzm_00002;2;;Impasse de la Téoulière;81120;81233;Terre-de-Bancalié;Roumégoux;;2.275378;43.820593
81233_0057_01909;1909;;Route de la Brunié;81120;81233;Terre-de-Bancalié;Terre-Clapier;;2.283886;43.854286
81233_0057_01844;1844;;Route de la Brunié;81120;81233;Terre-de-Bancalié;Terre-Clapier;;2.284459;43.853853
81233_0131_00149;149;;Chemin des Mauquètes;81120;81233;Terre-de-Bancalié;Saint-Antonin-de-Lacalm;;2.321211;43.808366
81233_0056_01434;1434;;Route de la Braillé;81120;81233;Terre-de-Bancalié;Saint-Lieux-Lafenasse;;2.218984;43.788134
81233_0040_00004;4;;Chemin de Falhiès;81120;81233;Terre-de-Bancalié;Le Travet;;2.333549;43.807684
81233_0019_06525;6525;;Route d'Alban;81120;81233;Terre-de-Bancalié;Terre-Clapier;;2.295493;43.839459
81233_0168_00177;177;;Chemin la Teulière;81120;81233;Terre-de-Bancalié;Saint-Lieux-Lafenasse;;2.225022;43.782174
81233_0049_00091;91;;Chemin de la Barrabié;81120;81233;Terre-de-Bancalié;Ronel;;2.220561;43.817655
81233_a002_00003;3;;Lotissement Las Planes;81120;81233;Terre-de-Bancalié;Saint-Lieux-Lafenasse;;2.233725;43.768106
81233_y4pcz3_00241;241;;Hameau de Champagnol;81120;81233;Terre-de-Bancalié;Roumégoux;;2.275113;43.819997
81233_0056_01435;1435;;Route de la Braillé;81120;81233;Terre-de-Bancalié;Saint-Lieux-Lafenasse;;2.219333;43.788175
81233_0031_00254;254;;Route de Blima;81120;81233;Terre-de-Bancalié;Ronel;;2.212409;43.806831
81233_0108_00019;19;;Chemin de Razisse;81120;81233;Terre-de-Bancalié;Le Travet;;2.341161;43.804247
81233_0074_00010;10;;Rue de la Mairie;81120;81233;Terre-de-Bancalié;Le Travet;;2.330282;43.808109
81233_0152_00104;104;;Chemin du Pic de la Vergne;81120;81233;Terre-de-Bancalié;Saint-Lieux-Lafenasse;;2.235985;43.769596
81233_0077_00013;13;;Rue de La Micalié;81120;81233;Terre-de-Bancalié;Le Travet;;2.332815;43.807464
81233_0136_01202;1202;;Route du Barrage;81120;81233;Terre-de-Bancalié;Saint-Antonin-de-Lacalm;;2.292749;43.783613
81233_0070_02944;2944;;Chemin de La Ginestarié;81120;81233;Terre-de-Bancalié;Saint-Antonin-de-Lacalm;;2.289713;43.788514
81233_imlcal_00055;55;;Hameau de l'Abeillé;81120;81233;Terre-de-Bancalié;Roumégoux;;2.26242;43.808606
81233_0019_05880;5880;;Route d'Alban;81120;81233;Terre-de-Bancalié;Terre-Clapier;;2.292035;43.834656
81233_a003_00005;5;;Lotissement Les Fluorines;81120;81233;Terre-de-Bancalié;Saint-Lieux-Lafenasse;;2.231906;43.76804
81233_a002_00006;6;;Lotissement Las Planes;81120;81233;Terre-de-Bancalié;Saint-Lieux-Lafenasse;;2.233733;43.76874
81233_0013_00019;19;;Rue des Jardins;81120;81233;Terre-de-Bancalié;Saint-Lieux-Lafenasse;;2.23099;43.767876
81233_0122_00105;105;;Route des Chênes;81120;81233;Terre-de-Bancalié;Saint-Lieux-Lafenasse;;2.235297;43.769302
81233_0070_02738;2738;;Chemin de La Ginestarié;81120;81233;Terre-de-Bancalié;Saint-Antonin-de-Lacalm;;2.288055;43.789024
81233_0156_00301;301;;Chemin du Puech de La Peyre;81120;81233;Terre-de-Bancalié;Roumégoux;;2.26847;43.799569
81233_0113_00933;933;;Route de Saint-Salvy;81120;81233;Terre-de-Bancalié;Terre-Clapier;;2.302515;43.854579
81233_0136_00063;63;;Route du Barrage;81120;81233;Terre-de-Bancalié;Saint-Antonin-de-Lacalm;;2.306176;43.78621
81233_0136_00128;128;;Route du Barrage;81120;81233;Terre-de-Bancalié;Saint-Antonin-de-Lacalm;;2.30535;43.786241
81233_0129_00085;85;;Rue des Lilas;81120;81233;Terre-de-Bancalié;Saint-Antonin-de-Lacalm;;2.308152;43.786596
81233_0093_00682;682;;Chemin de Labeillé;81120;81233;Terre-de-Bancalié;Roumégoux;;2.264757;43.808816
81233_0156_00345;345;;Chemin du Puech de La Peyre;81120;81233;Terre-de-Bancalié;Roumégoux;;2.269048;43.799438
81233_0164_00737;737;;Chemin du Truel;81120;81233;Terre-de-Bancalié;Terre-Clapier;;2.298879;43.849328
81233_n8uhw2_00211;211;;Hameau de Saint-Martial;81120;81233;Terre-de-Bancalié;Ronel;;2.22332;43.815102
81233_0009_00033;33;;Rue des Ecoles;81120;81233;Terre-de-Bancalié;Saint-Lieux-Lafenasse;;2.228555;43.772077
81233_0023_02667;2667;;Route d'Albi;81120;81233;Terre-de-Bancalié;Terre-Clapier;;2.275958;43.854216
81233_0020_00002_bis;2;bis;Rue des Léonciens;81120;81233;Terre-de-Bancalié;Saint-Lieux-Lafenasse;;2.240419;43.784773
81233_0113_01247;1247;;Route de Saint-Salvy;81120;81233;Terre-de-Bancalié;Terre-Clapier;;2.299948;43.855829
81233_a001_00015;15;;Lotissement la Chênaie;81120;81233;Terre-de-Bancalié;Ronel;;2.228906;43.814327
81233_0109_03101;3101;;Route de Réalmont;81120;81233;Terre-de-Bancalié;Ronel;;2.210431;43.796351
