id;numero;rep;nom_voie;code_postal;code_insee;nom_commune;nom_ancienne_commune;nom_ld;lon;lat
69141_p697d2_00059;59;;Allée de la Chartreuse;69440;69141;Mornant;;;4.677442;45.614814
69141_0503_00006;6;;Rue des Rossignols;69440;69141;Mornant;;;4.668304;45.612441
69141_zbye4a_00012;12;;Allée des Oliviers;69440;69141;Mornant;;;4.677418;45.62182
69141_0720_00001;1;;Rue de Waldwisse;69440;69141;Mornant;;;4.669801;45.621303
69141_0720_00024;24;;Rue de Waldwisse;69440;69141;Mornant;;;4.669483;45.62183
69141_0600_00041;41;;Rue du Verdelet;69440;69141;Mornant;;;4.675876;45.61676
69141_0436_00005;5;;Chemin de l'Orémus;69440;69141;Mornant;;;4.66978;45.613561
69141_0003_00258;258;;Rue de l'Abbaye;69440;69141;Mornant;;;4.674296;45.61315
69141_0505_00003;3;;Allée des Rouges Gorges;69440;69141;Mornant;;;4.666587;45.612629
69141_0432_00080;80;;Route des Ollagnons;69440;69141;Mornant;;;4.675731;45.621222
69141_0048_00083;83;;Chemin de Bartolaise;69440;69141;Mornant;;;4.697949;45.607407
69141_0243_00043;43;;Rue Capitaine Francois Garbit;69440;69141;Mornant;;;4.706442;45.620354
69141_0511_00021;21;;Chemin de la Salette;69440;69141;Mornant;;;4.677188;45.620097
69141_0351_00171;171;;Rue Louis Guillaumond;69440;69141;Mornant;;;4.678931;45.618343
69141_0213_00005;5;;Allée des Fauvettes;69440;69141;Mornant;;;4.664701;45.61216
69141_0511_00493;493;;Chemin de la Salette;69440;69141;Mornant;;;4.682864;45.620193
69141_0188_00697;697;;Chemin de la Civaude;69440;69141;Mornant;;;4.681383;45.612303
69141_0321_00007;7;;Rue de la Liberté;69440;69141;Mornant;;;4.6706;45.619901
69141_0051_00005;5;;Rue de Belfort;69440;69141;Mornant;;;4.670506;45.619165
69141_0511_00011;11;;Chemin de la Salette;69440;69141;Mornant;;;4.676953;45.620131
69141_0600_00120;120;;Rue du Verdelet;69440;69141;Mornant;;;4.676808;45.617045
69141_0580_00016;16;;Rue des Verchères;69440;69141;Mornant;;;4.670799;45.620337
69141_0042_00642;642;;Chemin des Arches;69440;69141;Mornant;;;4.67438;45.6278
69141_0064_00056;56;;Chemin du Bois;69440;69141;Mornant;;;4.65865;45.618197
69141_0540_00023;23;;Avenue du Souvenir;69440;69141;Mornant;;;4.673416;45.621149
69141_qjq0vk_00064;64;;Allée des Tuileries;69440;69141;Mornant;;;4.670649;45.624167
69141_0265_00447;447;;Route de Givors;69440;69141;Mornant;;;4.676929;45.610851
69141_0003_00524;524;;Rue de l'Abbaye;69440;69141;Mornant;;;4.677008;45.612081
69141_qjeueu_00068;68;;Allée du Vercors;69440;69141;Mornant;;;4.680637;45.612891
69141_0641_00285;285;;Route du Vernay;69440;69141;Mornant;;;4.695613;45.621476
69141_0445_00007;7;;Allée des Pinsons;69440;69141;Mornant;;;4.667033;45.611723
69141_0500_00003;3;;Rue Ronsard;69440;69141;Mornant;;;4.67533;45.617785
69141_0003_00690;690;;Rue de l'Abbaye;69440;69141;Mornant;;;4.677982;45.610759
69141_vzrytm_00281;281;;Allée Marie Thélisson;69440;69141;Mornant;;;4.678331;45.615586
69141_jo5yw5_00075;75;;Allée Saint Vincent;69440;69141;Mornant;;;4.682114;45.619595
69141_ouf04h_00174;174;;Allée de l'Oisans;69440;69141;Mornant;;;4.678433;45.615179
69141_p697d2_00068;68;;Allée de la Chartreuse;69440;69141;Mornant;;;4.677716;45.614738
69141_0060_00001;1;;Rue Boiron;69440;69141;Mornant;;;4.672527;45.618662
69141_0380_00005;5;;Place de la Mairie;69440;69141;Mornant;;;4.670999;45.619456
69141_0375_00587;587;;Rue de la Maison Rose;69440;69141;Mornant;;;4.701615;45.61997
69141_0686_00051;51;;Chemin du Vieux Moulin;69440;69141;Mornant;;;4.677269;45.606026
69141_0224_00507;507;;Route de la Fillonnière;69440;69141;Mornant;;;4.65063;45.614262
69141_0080_00029;29;;Rue Bourgchanain;69440;69141;Mornant;;;4.671701;45.616277
69141_0560_00001;1;;Place Saint Pierre;69440;69141;Mornant;;;4.670991;45.619162
69141_0442_00549;549;;Chemin du Peu;69440;69141;Mornant;;;4.684964;45.615674
69141_0264_00012;12;;Chemin de Germany;69440;69141;Mornant;;;4.678358;45.617683
69141_0066_01422;1422;;Route du Bois;69440;69141;Mornant;;;4.656504;45.615651
69141_0207_00002;2;;Rue Etienne Morillon;69440;69141;Mornant;;;4.669383;45.614404
69141_0437_00007;7;;Rue Jean Palluy;69440;69141;Mornant;;;4.672074;45.617029
69141_0195_00130;130;;Chemin Claudine Brunet;69440;69141;Mornant;;;4.651033;45.613106
69141_0130_00065;65;;Route de Chablenas;69440;69141;Mornant;;;4.68508;45.619515
69141_0243_00068;68;;Rue Capitaine Francois Garbit;69440;69141;Mornant;;;4.706211;45.619993
69141_0437_00004_b;4;b;Rue Jean Palluy;69440;69141;Mornant;;;4.672179;45.61727
69141_0440_00001_bis;1;bis;Rue Patrin;69440;69141;Mornant;;;4.67009;45.619187
69141_0183_00821;821;;Route de Chaussan;69440;69141;Mornant;;;4.657027;45.626944
69141_0351_00005;5;;Rue Louis Guillaumond;69440;69141;Mornant;;;4.678304;45.61902
69141_0243_00027;27;;Rue Capitaine Francois Garbit;69440;69141;Mornant;;;4.706717;45.620307
69141_0185_00003;3;;Rue du Château;69440;69141;Mornant;;;4.671478;45.618706
69141_0053_00201;201;;Route de Bellevue;69440;69141;Mornant;;;4.670616;45.614185
69141_0200_00040;40;;Rue du Docteur Carrez;69440;69141;Mornant;;;4.672604;45.621741
69141_cpbwn6_00054;54;;Allée Maurice Nude;69440;69141;Mornant;;;4.650246;45.61628
69141_0265_00311;311;;Route de Givors;69440;69141;Mornant;;;4.676055;45.61179
69141_0271_00001;1;;Rue de Hartford;69440;69141;Mornant;;;4.667187;45.622358
69141_0336_01415;1415;;Route du Logis Neuf;69440;69141;Mornant;;;4.687442;45.616472
69141_0511_00191;191;;Chemin de la Salette;69440;69141;Mornant;;;4.679155;45.620007
69141_ouf04h_00105;105;;Allée de l'Oisans;69440;69141;Mornant;;;4.678569;45.614677
69141_0660_00014_bis;14;bis;Rue Victor Hugo;69440;69141;Mornant;;;4.673398;45.618096
69141_0257_00152;152;;Chemin de la Guillotière;69440;69141;Mornant;;;4.680978;45.613741
69141_0048_00074;74;;Chemin de Bartolaise;69440;69141;Mornant;;;4.697844;45.607514
69141_0090_00007;7;;Chemin du Lavoir;69440;69141;Mornant;;;4.665225;45.624422
69141_0263_00168;168;;Rue de la Grange Dodieu;69440;69141;Mornant;;;4.67338;45.623373
69141_0129_00371;371;;Chemin de Chablenas;69440;69141;Mornant;;;4.693504;45.62634
69141_0620_00011;11;;Impasse du Verdelet;69440;69141;Mornant;;;4.677472;45.616475
69141_0269_00144;144;;Chemin du Granit;69440;69141;Mornant;;;4.678402;45.605867
69141_0090_00004;4;;Chemin du Lavoir;69440;69141;Mornant;;;4.665876;45.624545
69141_idl1vr_01177;1177;;Route de Beauvallon;69440;69141;Mornant;;;4.699461;45.611356
69141_0312_00001;1;;Rue des Lazaristes;69440;69141;Mornant;;;4.673735;45.616752
69141_0263_00091;91;;Rue de la Grange Dodieu;69440;69141;Mornant;;;4.672654;45.62291
69141_0508_00774;774;;Route de Saint Sorlin;69440;69141;Mornant;;;4.661525;45.621901
69141_0382_00081;81;;Chemin de la Marconnière;69440;69141;Mornant;;;4.678063;45.607672
69141_0020_00008;8;;Boulevard des Aqueducs;69440;69141;Mornant;;;4.669378;45.61957
69141_0375_00607;607;;Rue de la Maison Rose;69440;69141;Mornant;;;4.701978;45.620239
69141_yg8esw_00002;2;;Allée Domaine de Beauvallon;69440;69141;Mornant;;;4.676423;45.614521
69141_0014_00398;398;;Chemin de l’Ancienne Voie Ferrée;69440;69141;Mornant;;;4.679975;45.605175
69141_5hxtu0_00005;5;;Rue des Alouettes;69440;69141;Mornant;;;4.666011;45.613277
69141_0320_00011;11;;Place de la Liberté;69440;69141;Mornant;;;4.671275;45.619706
69141_gv0gi7_00054;54;;Allée de la Meije;69440;69141;Mornant;;;4.681081;45.61956
69141_0157_00055;55;;Route de Chassagny;69440;69141;Mornant;;;4.696629;45.608873
69141_0190_00010;10;;Avenue de la Condamine;69440;69141;Mornant;;;4.668646;45.613124
69141_0197_00003;3;;Allée des Coteaux;69440;69141;Mornant;;;4.676387;45.612842
69141_qrmkze_00032;32;;Impasse des Quatre Saisons;69440;69141;Mornant;;;4.66542;45.625832
69141_2vbeui_00080;80;;Allée de l'Ermitage;69440;69141;Mornant;;;4.678034;45.612808
69141_0720_00032;32;;Rue de Waldwisse;69440;69141;Mornant;;;4.669487;45.622111
69141_0106_00420;420;;Chemin des Cariasses;69440;69141;Mornant;;;4.663104;45.626402
69141_0391_00003;3;;Allée des Moineaux;69440;69141;Mornant;;;4.666362;45.611837
69141_idl1vr_01500;1500;;Route de Beauvallon;69440;69141;Mornant;;;4.696305;45.609416
69141_0480_00018;18;;Rue de la République;69440;69141;Mornant;;;4.671524;45.618453
69141_0090_00013;13;;Chemin du Lavoir;69440;69141;Mornant;;;4.664949;45.624844
69141_0375_00560;560;;Rue de la Maison Rose;69440;69141;Mornant;;;4.701692;45.619764
69141_5k2va2_00073;73;;Allée des Collines;69440;69141;Mornant;;;4.675148;45.613047
69141_0300_00006;6;;Rue Joseph Venet;69440;69141;Mornant;;;4.670982;45.618658
69141_4onxvo_00032;32;;Impasse du Viaduc;69440;69141;Mornant;;;4.680064;45.609746
69141_0381_00204;204;;Chemin du Mayne;69440;69141;Mornant;;;4.669408;45.618204
69141_0641_00286;286;;Route du Vernay;69440;69141;Mornant;;;4.695494;45.621427
69141_0263_00073;73;;Rue de la Grange Dodieu;69440;69141;Mornant;;;4.672538;45.622762
69141_0003_00160;160;;Rue de l'Abbaye;69440;69141;Mornant;;;4.674524;45.614101
69141_v934cv_00017;17;;Allée de la Tarentaise;69440;69141;Mornant;;;4.665858;45.625561
69141_0300_00012;12;;Rue Joseph Venet;69440;69141;Mornant;;;4.671119;45.618302
69141_yg8esw_00003;3;;Allée Domaine de Beauvallon;69440;69141;Mornant;;;4.676398;45.614436
69141_v934cv_00023;23;;Allée de la Tarentaise;69440;69141;Mornant;;;4.665972;45.625613
69141_0420_00010;10;;Rue Montel;69440;69141;Mornant;;;4.672215;45.61841
69141_0048_00089;89;;Chemin de Bartolaise;69440;69141;Mornant;;;4.697932;45.607334
69141_0742_00020;20;;Rue Joseph Marie Jacquard;69440;69141;Mornant;;;4.705357;45.621619
69141_0431_00035;35;;Allée des Ollagnons;69440;69141;Mornant;;;4.676227;45.6232
69141_0660_00022;22;;Rue Victor Hugo;69440;69141;Mornant;;;4.673863;45.617644
69141_jtn5ce_00009;9;;Allée Camille CLAUDEL;69440;69141;Mornant;;;4.679846;45.616653
69141_0425_00008;8;;Allée des Monts du Lyonnais;69440;69141;Mornant;;;4.665879;45.622784
69141_0135_00049;49;;Chemin de la Chalonnière;69440;69141;Mornant;;;4.679379;45.613642
69141_y90wqy_00026;26;;Allée des Vendanges;69440;69141;Mornant;;;4.676788;45.616721
69141_0350_00003;3;;Allée Louis Calaferte;69440;69141;Mornant;;;4.668359;45.620864
69141_0263_00083;83;;Rue de la Grange Dodieu;69440;69141;Mornant;;;4.672579;45.622847
69141_0568_00001;1;;Rue de la Tour Ronde;69440;69141;Mornant;;;4.671384;45.619057
69141_0198_00134;134;;Chemin de la Cote;69440;69141;Mornant;;;4.698926;45.606486
69141_0746_00099;99;;Impasse de la Pavière;69440;69141;Mornant;;;4.679976;45.608594
69141_0275_00023;23;;Rue Jean Condamin;69440;69141;Mornant;;;4.673527;45.61886
69141_0275_00015;15;;Rue Jean Condamin;69440;69141;Mornant;;;4.673183;45.618808
69141_0503_00011;11;;Rue des Rossignols;69440;69141;Mornant;;;4.668667;45.611842
69141_0320_00019;19;;Place de la Liberté;69440;69141;Mornant;;;4.671455;45.619218
69141_0520_00015;15;;Rue Serpaton;69440;69141;Mornant;;;4.674684;45.619774
69141_0250_00106;106;;Rue Frédéric Monin;69440;69141;Mornant;;;4.704779;45.619634
69141_0720_00040;40;;Rue de Waldwisse;69440;69141;Mornant;;;4.669145;45.622419
69141_j2871u_00113;113;;Allée Thollot;69440;69141;Mornant;;;4.67105;45.612041
69141_0336_01455;1455;;Route du Logis Neuf;69440;69141;Mornant;;;4.687579;45.616788
69141_0503_00041;41;;Rue des Rossignols;69440;69141;Mornant;;;4.665829;45.611476
69141_0263_00005;5;;Rue de la Grange Dodieu;69440;69141;Mornant;;;4.672316;45.622994
69141_vzrytm_00227;227;;Allée Marie Thélisson;69440;69141;Mornant;;;4.678658;45.615818
69141_0106_00335;335;;Chemin des Cariasses;69440;69141;Mornant;;;4.663764;45.625548
69141_jo5yw5_00071;71;;Allée Saint Vincent;69440;69141;Mornant;;;4.682044;45.619524
69141_0473_00004;4;;Rue Porte du Nord;69440;69141;Mornant;;;4.671103;45.619194
69141_0310_00115;115;;Chemin du Laud;69440;69141;Mornant;;;4.676869;45.620306
69141_0183_00382;382;;Route de Chaussan;69440;69141;Mornant;;;4.662135;45.625404
69141_0641_00287;287;;Route du Vernay;69440;69141;Mornant;;;4.695702;45.621522
69141_0746_00051;51;;Impasse de la Pavière;69440;69141;Mornant;;;4.680628;45.608521
69141_98m931_00001;1;;Place Claudius DUSSURGEY;69440;69141;Mornant;;;4.672022;45.620653
69141_vuepem_00063;63;;Impasse des Sources;69440;69141;Mornant;;;4.678978;45.604522
69141_0268_00457;457;;Chemin de la Grande Pavière;69440;69141;Mornant;;;4.678407;45.605271
69141_0042_00644;644;;Chemin des Arches;69440;69141;Mornant;;;4.674338;45.627886
69141_0020_00006;6;;Boulevard des Aqueducs;69440;69141;Mornant;;;4.669564;45.619552
69141_0442_00521;521;;Chemin du Peu;69440;69141;Mornant;;;4.684679;45.615856
69141_0553_00394;394;;Chemin du Stade;69440;69141;Mornant;;;4.675618;45.621902
69141_5i1tgh_00084;84;;Impasse de la Grange Dodieu;69440;69141;Mornant;;;4.673608;45.622207
69141_zbye4a_00008;8;;Allée des Oliviers;69440;69141;Mornant;;;4.677341;45.621847
69141_0261_01460;1460;;Boulevard du Général de Gaulle;69440;69141;Mornant;;;4.670823;45.61566
69141_0568_00001_bis;1;bis;Rue de la Tour Ronde;69440;69141;Mornant;;;4.671459;45.619058
69141_idl1vr_01644;1644;;Route de Beauvallon;69440;69141;Mornant;;;4.694917;45.608536
69141_0195_00231;231;;Chemin Claudine Brunet;69440;69141;Mornant;;;4.651325;45.611985
69141_vzrytm_00121;121;;Allée Marie Thélisson;69440;69141;Mornant;;;4.677552;45.615957
69141_vzrytm_00077;77;;Allée Marie Thélisson;69440;69141;Mornant;;;4.676976;45.615793
69141_0047_00052;52;;Montée des Balmes;69440;69141;Mornant;;;4.667979;45.620364
69141_0066_00823;823;;Route du Bois;69440;69141;Mornant;;;4.6569;45.617277
69141_vzrytm_00413;413;;Allée Marie Thélisson;69440;69141;Mornant;;;4.676802;45.614982
69141_0466_00004;4;;Boulevard du Pilat;69440;69141;Mornant;;;4.675594;45.617418
69141_0135_00084;84;;Chemin de la Chalonnière;69440;69141;Mornant;;;4.67976;45.6139
69141_0440_00011;11;;Rue Patrin;69440;69141;Mornant;;;4.670182;45.618891
69141_vzrytm_00255;255;;Allée Marie Thélisson;69440;69141;Mornant;;;4.678683;45.615583
69141_0573_00173;173;;Chemin de La Trillonnière;69440;69141;Mornant;;;4.672933;45.613676
69141_0640_00011;11;;Avenue de Verdun;69440;69141;Mornant;;;4.670217;45.622584
69141_0720_00022;22;;Rue de Waldwisse;69440;69141;Mornant;;;4.669568;45.621799
69141_0224_00365;365;;Route de la Fillonnière;69440;69141;Mornant;;;4.652302;45.614053
69141_0198_00016;16;;Chemin de la Cote;69440;69141;Mornant;;;4.699457;45.607441
69141_0006_00039;39;;Chemin de l'Aérium;69440;69141;Mornant;;;4.679851;45.607342
69141_0275_00031;31;;Rue Jean Condamin;69440;69141;Mornant;;;4.677055;45.618356
69141_9ihs1e_00040;40;;Impasse des Cerisiers;69440;69141;Mornant;;;4.677215;45.605594
69141_g8qk9s_00065;65;;Allée du Mornantet;69440;69141;Mornant;;;4.679162;45.608167
69141_0360_00010;10;;Rue de Lyon;69440;69141;Mornant;;;4.671895;45.61899
69141_0425_00005;5;;Allée des Monts du Lyonnais;69440;69141;Mornant;;;4.666233;45.622664
69141_n175fj_00059;59;;Allée Claudia Thollet;69440;69141;Mornant;;;4.674706;45.623441
69141_yg8esw_00010;10;;Allée Domaine de Beauvallon;69440;69141;Mornant;;;4.675792;45.614016
69141_azaouo_00003;3;;Impasse Lucie Aubrac;69440;69141;Mornant;;;4.674707;45.620667
69141_yvfht8_00049;49;;Allée du Lautaret;69440;69141;Mornant;;;4.677506;45.612012
69141_0380_00003;3;;Place de la Mairie;69440;69141;Mornant;;;4.670646;45.619335
69141_0064_00060;60;;Chemin du Bois;69440;69141;Mornant;;;4.658541;45.618283
69141_0509_00004;4;;Allée Sainte Agathe;69440;69141;Mornant;;;4.667746;45.623216
69141_0511_00644;644;;Chemin de la Salette;69440;69141;Mornant;;;4.68446;45.619573
69141_0420_00013;13;;Rue Montel;69440;69141;Mornant;;;4.671931;45.61806
69141_0336_00060;60;;Route du Logis Neuf;69440;69141;Mornant;;;4.695122;45.609288
69141_0201_00232;232;;Route de Corsonat;69440;69141;Mornant;;;4.658261;45.605501
69141_0245_00002;2;;Rue François Oriol;69440;69141;Mornant;;;4.667407;45.623891
69141_lh9ipf_00001;1;;Cour de la Cité;69440;69141;Mornant;;;4.669969;45.621207
69141_0426_00108;108;;Chemin du Moulin;69440;69141;Mornant;;;4.657413;45.626617
69141_0135_00485;485;;Chemin de la Chalonnière;69440;69141;Mornant;;;4.682189;45.616955
69141_0305_00005;5;;Allée de Kignan;69440;69141;Mornant;;;4.666077;45.622374
69141_ouf04h_00172;172;;Allée de l'Oisans;69440;69141;Mornant;;;4.6785;45.615108
69141_0200_00005;5;;Rue du Docteur Carrez;69440;69141;Mornant;;;4.674614;45.62043
69141_0689_00005;5;;Chemin du Vieux Puits;69440;69141;Mornant;;;4.684301;45.618946
69141_0259_00006;6;;Impasse de la Gare;69440;69141;Mornant;;;4.673901;45.618499
69141_0432_00150;150;;Route des Ollagnons;69440;69141;Mornant;;;4.676043;45.6218
69141_0540_00020;20;;Avenue du Souvenir;69440;69141;Mornant;;;4.673693;45.620827
69141_0250_00227;227;;Rue Frédéric Monin;69440;69141;Mornant;;;4.706234;45.619081
69141_0280_00003;3;;Rue Jean Schielin;69440;69141;Mornant;;;4.673887;45.615922
69141_0300_00008;8;;Rue Joseph Venet;69440;69141;Mornant;;;4.670986;45.618552
69141_0053_01492;1492;;Route de Bellevue;69440;69141;Mornant;;;4.666952;45.604339
69141_vuepem_00023;23;;Impasse des Sources;69440;69141;Mornant;;;4.679462;45.604507
69141_0420_00006;6;;Rue Montel;69440;69141;Mornant;;;4.672273;45.618604
69141_0720_00008;8;;Rue de Waldwisse;69440;69141;Mornant;;;4.669666;45.621589
69141_0047_00049;49;;Montée des Balmes;69440;69141;Mornant;;;4.668057;45.620427
69141_0003_00169;169;;Rue de l'Abbaye;69440;69141;Mornant;;;4.674651;45.614006
69141_mntnta_00027;27;;Allée des Chats;69440;69141;Mornant;;;4.680243;45.618743
69141_0196_00032;32;;Allée de la Côte Florentin;69440;69141;Mornant;;;4.663503;45.625473
69141_0743_00080;80;;Chemin de Grand Val;69440;69141;Mornant;;;4.664493;45.631127
69141_vzrytm_00039;39;;Allée Marie Thélisson;69440;69141;Mornant;;;4.676596;45.615566
69141_0106_00676;676;;Chemin des Cariasses;69440;69141;Mornant;;;4.660188;45.627478
69141_0275_00032;32;;Rue Jean Condamin;69440;69141;Mornant;;;4.676619;45.61832
69141_0269_00084;84;;Chemin du Granit;69440;69141;Mornant;;;4.677935;45.60578
69141_0213_00003;3;;Allée des Fauvettes;69440;69141;Mornant;;;4.664813;45.612037
69141_0135_00369;369;;Chemin de la Chalonnière;69440;69141;Mornant;;;4.681203;45.616106
69141_0501_00125;125;;Route de Rontalon;69440;69141;Mornant;;;4.666968;45.625867
69141_8j3wwo_00025;25;;Allée Georges FANTON;69440;69141;Mornant;;;4.669927;45.614097
69141_0188_00023;23;;Chemin de la Civaude;69440;69141;Mornant;;;4.675534;45.616233
69141_0078_00002;2;;Allée de Chavanne;69440;69141;Mornant;;;4.665259;45.617083
69141_0060_00021_bis;21;bis;Rue Boiron;69440;69141;Mornant;;;4.673048;45.616218
69141_0185_00015;15;;Rue du Château;69440;69141;Mornant;;;4.671252;45.618504
69141_0310_00221;221;;Chemin du Laud;69440;69141;Mornant;;;4.67703;45.621242
69141_0188_00735;735;;Chemin de la Civaude;69440;69141;Mornant;;;4.681922;45.611908
69141_jtn5ce_00057;57;;Allée Camille CLAUDEL;69440;69141;Mornant;;;4.680368;45.616533
69141_0320_00021;21;;Place de la Liberté;69440;69141;Mornant;;;4.671662;45.619114
69141_0053_00171;171;;Route de Bellevue;69440;69141;Mornant;;;4.670293;45.614691
69141_0197_00014;14;;Allée des Coteaux;69440;69141;Mornant;;;4.676196;45.61331
69141_0464_00004;4;;Place Pierre Dupont;69440;69141;Mornant;;;4.673189;45.618608
69141_0193_00170;170;;Chemin des Côtes;69440;69141;Mornant;;;4.649184;45.612343
69141_0192_00144;144;;Chemin de la Côte Champier;69440;69141;Mornant;;;4.680243;45.610841
69141_0183_00251;251;;Route de Chaussan;69440;69141;Mornant;;;4.663475;45.624646
69141_0240_00005;5;;Rue des Fossés;69440;69141;Mornant;;;4.6709;45.61835
69141_0442_00614;614;;Chemin du Peu;69440;69141;Mornant;;;4.68544;45.615153
69141_0432_00211;211;;Route des Ollagnons;69440;69141;Mornant;;;4.676289;45.622293
69141_0560_00005_bis;5;bis;Place Saint Pierre;69440;69141;Mornant;;;4.670745;45.619187
69141_0183_00614;614;;Route de Chaussan;69440;69141;Mornant;;;4.659543;45.626425
69141_0129_00093;93;;Chemin de Chablenas;69440;69141;Mornant;;;4.69296;45.623982
69141_0746_00088;88;;Impasse de la Pavière;69440;69141;Mornant;;;4.680143;45.608647
69141_0553_00054;54;;Chemin du Stade;69440;69141;Mornant;;;4.676488;45.618984
69141_0640_00023;23;;Avenue de Verdun;69440;69141;Mornant;;;4.672131;45.621363
69141_0509_00002_bis;2;bis;Allée Sainte Agathe;69440;69141;Mornant;;;4.667866;45.623313
69141_idl1vr_00054;54;;Route de Beauvallon;69440;69141;Mornant;;;4.709404;45.618245
69141_0157_00216;216;;Route de Chassagny;69440;69141;Mornant;;;4.698304;45.608061
69141_0505_00008;8;;Allée des Rouges Gorges;69440;69141;Mornant;;;4.666217;45.612659
69141_0190_00003;3;;Avenue de la Condamine;69440;69141;Mornant;;;4.670015;45.613155
69141_0420_00008_bis;8;bis;Rue Montel;69440;69141;Mornant;;;4.672043;45.618596
69141_0271_00011;11;;Rue de Hartford;69440;69141;Mornant;;;4.668528;45.6212
69141_0192_00193;193;;Chemin de la Côte Champier;69440;69141;Mornant;;;4.680068;45.610408
69141_0503_00015;15;;Rue des Rossignols;69440;69141;Mornant;;;4.668591;45.611424
69141_0503_00009_bis;9;bis;Rue des Rossignols;69440;69141;Mornant;;;4.669059;45.612145
69141_idl1vr_04882;4882;;Route de Beauvallon;69440;69141;Mornant;;;4.665791;45.588933
69141_0267_00006;6;;Allée des Grives;69440;69141;Mornant;;;4.667569;45.613671
69141_0485_00071;71;;Chemin du Reservoir;69440;69141;Mornant;;;4.662889;45.633382
69141_0106_00287;287;;Chemin des Cariasses;69440;69141;Mornant;;;4.664382;45.625664
69141_0441_00059;59;;Allée de la Petite Plaine;69440;69141;Mornant;;;4.657443;45.615718
69141_0126_00033;33;;Impasse des Cedres;69440;69141;Mornant;;;4.685848;45.618316
69141_0100_00010;10;;Rue CAREMI;69440;69141;Mornant;;;4.670542;45.618637
69141_0067_00033;33;;Chemin du Bois Joli;69440;69141;Mornant;;;4.657861;45.627407
69141_0384_00001;1;;Allée des Mésanges;69440;69141;Mornant;;;4.66842;45.611962
69141_0280_00006;6;;Rue Jean Schielin;69440;69141;Mornant;;;4.673275;45.615807
69141_0502_00427;427;;Route du Rosséon;69440;69141;Mornant;;;4.683578;45.61903
69141_0640_00012;12;;Avenue de Verdun;69440;69141;Mornant;;;4.670062;45.622491
69141_0580_00005;5;;Rue des Verchères;69440;69141;Mornant;;;4.670658;45.620132
69141_0660_00005;5;;Rue Victor Hugo;69440;69141;Mornant;;;4.673377;45.618359
69141_0478_02608;2608;;Route de Ravel;69440;69141;Mornant;;;4.704891;45.622417
69141_0065_00150;150;;Rue du Petit Bois;69440;69141;Mornant;;;4.702157;45.622917
69141_0503_00010;10;;Rue des Rossignols;69440;69141;Mornant;;;4.668388;45.61157
69141_0188_00932;932;;Chemin de la Civaude;69440;69141;Mornant;;;4.683541;45.610553
69141_0400_00075;75;;Impasse de Monteclare;69440;69141;Mornant;;;4.675389;45.615461
69141_0198_00101;101;;Chemin de la Cote;69440;69141;Mornant;;;4.699526;45.606807
69141_0336_01133;1133;;Route du Logis Neuf;69440;69141;Mornant;;;4.687285;45.614349
69141_0375_00095;95;;Rue de la Maison Rose;69440;69141;Mornant;;;4.702288;45.617114
69141_0275_00012;12;;Rue Jean Condamin;69440;69141;Mornant;;;4.673492;45.61879
69141_0243_00368;368;;Rue Capitaine Francois Garbit;69440;69141;Mornant;;;4.705126;45.617534
69141_0553_00518;518;;Chemin du Stade;69440;69141;Mornant;;;4.674681;45.622805
69141_0192_00104;104;;Chemin de la Côte Champier;69440;69141;Mornant;;;4.680352;45.611005
69141_0700_00006;6;;Rue Villeneuve;69440;69141;Mornant;;;4.670405;45.620289
69141_0080_00028;28;;Rue Bourgchanain;69440;69141;Mornant;;;4.67094;45.616887
69141_0553_00694;694;;Chemin du Stade;69440;69141;Mornant;;;4.674005;45.624338
69141_0077_00001;1;;Allée de Cenade;69440;69141;Mornant;;;4.665144;45.625322
69141_0106_00406;406;;Chemin des Cariasses;69440;69141;Mornant;;;4.663023;45.626076
69141_0182_00054;54;;Chemin du Château d'Eau;69440;69141;Mornant;;;4.650637;45.615021
69141_0213_00004;4;;Allée des Fauvettes;69440;69141;Mornant;;;4.664604;45.612535
69141_0478_03080;3080;;Route de Ravel;69440;69141;Mornant;;;4.70861;45.619213
69141_0257_00043;43;;Chemin de la Guillotière;69440;69141;Mornant;;;4.679582;45.615129
69141_azaouo_00001;1;;Impasse Lucie Aubrac;69440;69141;Mornant;;;4.674768;45.620592
69141_0060_00008;8;;Rue Boiron;69440;69141;Mornant;;;4.67259;45.618502
69141_0700_00003;3;;Rue Villeneuve;69440;69141;Mornant;;;4.670379;45.620215
69141_5hxtu0_00009;9;;Rue des Alouettes;69440;69141;Mornant;;;4.665377;45.612772
69141_0600_00238;238;;Rue du Verdelet;69440;69141;Mornant;;;4.677869;45.6178
69141_0200_00036;36;;Rue du Docteur Carrez;69440;69141;Mornant;;;4.672795;45.621654
69141_ug9nd2_00038;38;;Allée des Blés Dorés;69440;69141;Mornant;;;4.680285;45.606112
69141_idl1vr_00752;752;;Route de Beauvallon;69440;69141;Mornant;;;4.703115;45.614042
69141_0743_00104;104;;Chemin de Grand Val;69440;69141;Mornant;;;4.664594;45.631333
69141_kr9q4d_00038;38;;Allée des Aravis;69440;69141;Mornant;;;4.680394;45.619955
69141_idl1vr_01041;1041;;Route de Beauvallon;69440;69141;Mornant;;;4.701517;45.611283
69141_0321_00005;5;;Rue de la Liberté;69440;69141;Mornant;;;4.670601;45.619762
69141_0351_00089;89;;Rue Louis Guillaumond;69440;69141;Mornant;;;4.678298;45.618968
69141_5i1tgh_00061;61;;Impasse de la Grange Dodieu;69440;69141;Mornant;;;4.673289;45.622479
69141_0275_00030;30;;Rue Jean Condamin;69440;69141;Mornant;;;4.676479;45.618349
69141_0320_00008;8;;Place de la Liberté;69440;69141;Mornant;;;4.67152;45.619892
69141_0220_00003;3;;Rue des Fifres;69440;69141;Mornant;;;4.672246;45.619348
69141_0200_00054;54;;Rue du Docteur Carrez;69440;69141;Mornant;;;4.671484;45.622648
69141_ug9nd2_00045;45;;Allée des Blés Dorés;69440;69141;Mornant;;;4.680159;45.606072
69141_0391_00009;9;;Allée des Moineaux;69440;69141;Mornant;;;4.66606;45.611616
69141_0360_00003;3;;Rue de Lyon;69440;69141;Mornant;;;4.671821;45.619113
69141_0224_00394;394;;Route de la Fillonnière;69440;69141;Mornant;;;4.65203;45.614146
69141_0243_00526;526;;Rue Capitaine Francois Garbit;69440;69141;Mornant;;;4.704747;45.616301
69141_0047_00033;33;;Montée des Balmes;69440;69141;Mornant;;;4.667889;45.620532
69141_0437_00005_b;5;b;Rue Jean Palluy;69440;69141;Mornant;;;4.671972;45.616757
69141_0269_00054;54;;Chemin du Granit;69440;69141;Mornant;;;4.677799;45.605503
69141_0360_00005;5;;Rue de Lyon;69440;69141;Mornant;;;4.671903;45.619065
69141_0129_00103;103;;Chemin de Chablenas;69440;69141;Mornant;;;4.693175;45.624451
69141_0502_00527;527;;Route du Rosséon;69440;69141;Mornant;;;4.684961;45.61907
69141_0003_00432;432;;Rue de l'Abbaye;69440;69141;Mornant;;;4.676131;45.612563
69141_0375_00117;117;;Rue de la Maison Rose;69440;69141;Mornant;;;4.702288;45.616712
69141_0200_00007;7;;Rue du Docteur Carrez;69440;69141;Mornant;;;4.674462;45.620597
69141_0066_00788;788;;Route du Bois;69440;69141;Mornant;;;4.657254;45.617386
69141_0441_00050;50;;Allée de la Petite Plaine;69440;69141;Mornant;;;4.657427;45.615602
69141_0120_00008;8;;Place Carnot;69440;69141;Mornant;;;4.671421;45.618315
69141_oahife_00149;149;;Allée du Clos;69440;69141;Mornant;;;4.668343;45.625052
69141_0269_00049;49;;Chemin du Granit;69440;69141;Mornant;;;4.677691;45.60548
69141_0383_00008;8;;Allée Mathoeus Fournereau;69440;69141;Mornant;;;4.666311;45.623099
69141_0192_00030;30;;Chemin de la Côte Champier;69440;69141;Mornant;;;4.680414;45.611793
69141_0351_00098;98;;Rue Louis Guillaumond;69440;69141;Mornant;;;4.677996;45.618926
69141_jtn5ce_00128;128;;Allée Camille CLAUDEL;69440;69141;Mornant;;;4.680892;45.616006
69141_0213_00006;6;;Allée des Fauvettes;69440;69141;Mornant;;;4.664584;45.612753
69141_0700_00025;25;;Rue Villeneuve;69440;69141;Mornant;;;4.670325;45.621761
69141_0700_00019;19;;Rue Villeneuve;69440;69141;Mornant;;;4.670102;45.621513
69141_0568_00006;6;;Rue de la Tour Ronde;69440;69141;Mornant;;;4.671621;45.618921
69141_0047_00015;15;;Montée des Balmes;69440;69141;Mornant;;;4.667468;45.620417
69141_0720_00036;36;;Rue de Waldwisse;69440;69141;Mornant;;;4.669295;45.622156
69141_0268_00389;389;;Chemin de la Grande Pavière;69440;69141;Mornant;;;4.678854;45.605844
69141_2vbeui_00076;76;;Allée de l'Ermitage;69440;69141;Mornant;;;4.678239;45.612985
69141_0014_00028;28;;Chemin de l’Ancienne Voie Ferrée;69440;69141;Mornant;;;4.681191;45.607912
69141_0573_00353;353;;Chemin de La Trillonnière;69440;69141;Mornant;;;4.674284;45.612389
69141_ef1lhz_00091;91;;Impasse Jean ZAY;69440;69141;Mornant;;;4.677272;45.606537
69141_0520_00007_b;7;b;Rue Serpaton;69440;69141;Mornant;;;4.673916;45.619079
69141_y90wqy_00044;44;;Allée des Vendanges;69440;69141;Mornant;;;4.67691;45.616586
69141_0220_00017;17;;Rue des Fifres;69440;69141;Mornant;;;4.672807;45.619053
69141_0351_00011;11;;Rue Louis Guillaumond;69440;69141;Mornant;;;4.678692;45.618437
69141_0185_00004;4;;Rue du Château;69440;69141;Mornant;;;4.67141;45.618586
69141_0106_00739;739;;Chemin des Cariasses;69440;69141;Mornant;;;4.659197;45.627025
69141_0300_00003;3;;Rue Joseph Venet;69440;69141;Mornant;;;4.671174;45.618426
69141_0188_00312;312;;Chemin de la Civaude;69440;69141;Mornant;;;4.677305;45.613869
69141_0660_00030;30;;Rue Victor Hugo;69440;69141;Mornant;;;4.674743;45.616931
69141_0640_00006;6;;Avenue de Verdun;69440;69141;Mornant;;;4.669712;45.62276
69141_0200_00022;22;;Rue du Docteur Carrez;69440;69141;Mornant;;;4.67408;45.621864
69141_0440_00015;15;;Rue Patrin;69440;69141;Mornant;;;4.67004;45.618768
69141_0224_00469;469;;Route de la Fillonnière;69440;69141;Mornant;;;4.651053;45.614059
69141_0351_00019;19;;Rue Louis Guillaumond;69440;69141;Mornant;;;4.678306;45.619606
69141_0106_00484;484;;Chemin des Cariasses;69440;69141;Mornant;;;4.66261;45.626801
69141_0540_00014;14;;Avenue du Souvenir;69440;69141;Mornant;;;4.673073;45.620491
69141_0564_00001;1;;Chemin de la Tannerie;69440;69141;Mornant;;;4.668117;45.618796
69141_0509_00007;7;;Allée Sainte Agathe;69440;69141;Mornant;;;4.667386;45.622739
69141_0279_00010;10;;Impasse Jean Schielin;69440;69141;Mornant;;;4.673303;45.615381
69141_0053_00345;345;;Route de Bellevue;69440;69141;Mornant;;;4.671132;45.613343
69141_0660_00030_c;30;c;Rue Victor Hugo;69440;69141;Mornant;;;4.674766;45.616679
69141_5hxtu0_00007;7;;Rue des Alouettes;69440;69141;Mornant;;;4.665446;45.61313
69141_2vbeui_00079;79;;Allée de l'Ermitage;69440;69141;Mornant;;;4.678196;45.612791
69141_ef1lhz_00024;24;;Impasse Jean ZAY;69440;69141;Mornant;;;4.678142;45.606148
69141_0194_00136;136;;Chemin de Colora;69440;69141;Mornant;;;4.661402;45.624862
69141_vuepem_00051;51;;Impasse des Sources;69440;69141;Mornant;;;4.679132;45.604552
69141_0060_00015;15;;Rue Boiron;69440;69141;Mornant;;;4.672892;45.617806
69141_0189_00111;111;;Chemin des Chênes;69440;69141;Mornant;;;4.661731;45.628033
69141_ekomop_00104;104;;Impasse du Mûrier;69440;69141;Mornant;;;4.660895;45.637383
69141_0436_00007;7;;Chemin de l'Orémus;69440;69141;Mornant;;;4.669861;45.612834
69141_0700_00013;13;;Rue Villeneuve;69440;69141;Mornant;;;4.670034;45.620582
69141_0003_00741;741;;Rue de l'Abbaye;69440;69141;Mornant;;;4.678624;45.610435
69141_0140_00010;10;;Rue Chambry;69440;69141;Mornant;;;4.672506;45.617775
69141_0353_00081;81;;Chemin du Luet;69440;69141;Mornant;;;4.692075;45.615906
69141_0065_00275;275;;Rue du Petit Bois;69440;69141;Mornant;;;4.700926;45.623344
69141_0360_00015;15;;Rue de Lyon;69440;69141;Mornant;;;4.672222;45.618838
69141_aj6pum_00042;42;;Allée du Mont Blanc;69440;69141;Mornant;;;4.679617;45.620733
69141_0426_00030_b;30;b;Chemin du Moulin;69440;69141;Mornant;;;4.657969;45.626679
69141_0240_00010;10;;Rue des Fossés;69440;69141;Mornant;;;4.670873;45.618324
69141_0321_00002;2;;Rue de la Liberté;69440;69141;Mornant;;;4.670666;45.619542
69141_yg8esw_00007;7;;Allée Domaine de Beauvallon;69440;69141;Mornant;;;4.675777;45.614285
69141_0380_00009;9;;Place de la Mairie;69440;69141;Mornant;;;4.670834;45.619566
69141_0426_00030_d;30;d;Chemin du Moulin;69440;69141;Mornant;;;4.658111;45.626546
69141_0003_00342;342;;Rue de l'Abbaye;69440;69141;Mornant;;;4.674981;45.612695
69141_0700_00011;11;;Rue Villeneuve;69440;69141;Mornant;;;4.670095;45.6205
69141_0042_00393;393;;Chemin des Arches;69440;69141;Mornant;;;4.672291;45.626039
69141_0700_00023;23;;Rue Villeneuve;69440;69141;Mornant;;;4.670269;45.621675
69141_0259_00002_bis;2;bis;Impasse de la Gare;69440;69141;Mornant;;;4.674034;45.618593
69141_0188_00106;106;;Chemin de la Civaude;69440;69141;Mornant;;;4.675966;45.615547
69141_qcanpc_00058;58;;Allée des Charmes;69440;69141;Mornant;;;4.662182;45.62853
69141_ouf04h_00059;59;;Allée de l'Oisans;69440;69141;Mornant;;;4.67901;45.614385
69141_0188_01119;1119;;Chemin de la Civaude;69440;69141;Mornant;;;4.685822;45.611983
69141_0140_00007;7;;Rue Chambry;69440;69141;Mornant;;;4.672092;45.617975
69141_0560_00010;10;;Place Saint Pierre;69440;69141;Mornant;;;4.670658;45.618946
69141_0741_00165;165;;Rue Barthelemy Thimonnier;69440;69141;Mornant;;;4.707388;45.618917
69141_0426_00030_h;30;h;Chemin du Moulin;69440;69141;Mornant;;;4.657675;45.626731
69141_77fuyu_00054;54;;Allée de la Vanoise;69440;69141;Mornant;;;4.679776;45.621796
69141_0620_00005;5;;Impasse du Verdelet;69440;69141;Mornant;;;4.677837;45.616928
69141_0224_00195;195;;Route de la Fillonnière;69440;69141;Mornant;;;4.654538;45.615093
69141_8j3wwo_00041;41;;Allée Georges FANTON;69440;69141;Mornant;;;4.670092;45.61398
69141_0375_00440;440;;Rue de la Maison Rose;69440;69141;Mornant;;;4.700702;45.618851
69141_0660_00008;8;;Rue Victor Hugo;69440;69141;Mornant;;;4.673311;45.618372
69141_0350_00001;1;;Allée Louis Calaferte;69440;69141;Mornant;;;4.668049;45.620952
69141_0213_00013;13;;Allée des Fauvettes;69440;69141;Mornant;;;4.66413;45.612222
69141_0250_00140;140;;Rue Frédéric Monin;69440;69141;Mornant;;;4.70515;45.619415
69141_mntnta_00038;38;;Allée des Chats;69440;69141;Mornant;;;4.680362;45.618825
69141_0540_00019;19;;Avenue du Souvenir;69440;69141;Mornant;;;4.673526;45.620877
69141_0375_00750;750;;Rue de la Maison Rose;69440;69141;Mornant;;;4.703263;45.620936
69141_0744_00152;152;;Chemin de la Grange à Gonin;69440;69141;Mornant;;;4.664289;45.605992
69141_0042_00640;640;;Chemin des Arches;69440;69141;Mornant;;;4.674421;45.627719
69141_0106_00615;615;;Chemin des Cariasses;69440;69141;Mornant;;;4.660833;45.627144
69141_0741_00182;182;;Rue Barthelemy Thimonnier;69440;69141;Mornant;;;4.70712;45.618857
69141_j2871u_00119;119;;Allée Thollot;69440;69141;Mornant;;;4.671436;45.611943
69141_0700_00021;21;;Rue Villeneuve;69440;69141;Mornant;;;4.670183;45.621586
69141_0188_00831;831;;Chemin de la Civaude;69440;69141;Mornant;;;4.682858;45.611641
69141_0046_00003;3;;Rue de l’Asile;69440;69141;Mornant;;;4.672011;45.619227
69141_vuepem_00064;64;;Impasse des Sources;69440;69141;Mornant;;;4.678947;45.604583
69141_0747_00400;400;;Route de Cœur;69440;69141;Mornant;;;4.66216;45.609791
69141_0640_00018;18;;Avenue de Verdun;69440;69141;Mornant;;;4.670844;45.621832
69141_0188_00633;633;;Chemin de la Civaude;69440;69141;Mornant;;;4.680467;45.612189
69141_0255_00399;399;;Rue de la Garenniere;69440;69141;Mornant;;;4.700388;45.619802
69141_0207_00001;1;;Rue Etienne Morillon;69440;69141;Mornant;;;4.668765;45.613936
69141_0503_00008;8;;Rue des Rossignols;69440;69141;Mornant;;;4.668426;45.612299
69141_0006_00102;102;;Chemin de l'Aérium;69440;69141;Mornant;;;4.679202;45.607359
69141_0060_00036;36;;Rue Boiron;69440;69141;Mornant;;;4.672485;45.615966
69141_0192_00149;149;;Chemin de la Côte Champier;69440;69141;Mornant;;;4.680391;45.610764
69141_0508_00626;626;;Route de Saint Sorlin;69440;69141;Mornant;;;4.662793;45.621531
69141_0351_00120;120;;Rue Louis Guillaumond;69440;69141;Mornant;;;4.677699;45.61873
69141_0680_00010;10;;Impasse Victor Hugo;69440;69141;Mornant;;;4.673402;45.618026
69141_0360_00012;12;;Rue de Lyon;69440;69141;Mornant;;;4.671962;45.61892
69141_v3eho2_00001;1;;Montée des Collégiens;69440;69141;Mornant;;;4.667921;45.619808
69141_0351_00002_b;2;b;Rue Louis Guillaumond;69440;69141;Mornant;;;4.677524;45.618736
69141_0640_00036;36;;Avenue de Verdun;69440;69141;Mornant;;;4.672472;45.620525
69141_0300_00005;5;;Rue Joseph Venet;69440;69141;Mornant;;;4.671196;45.618384
69141_0571_00264;264;;Chemin des Treynassieres;69440;69141;Mornant;;;4.694156;45.613412
69141_0620_00015;15;;Impasse du Verdelet;69440;69141;Mornant;;;4.677265;45.616667
69141_0660_00017_b;17;b;Rue Victor Hugo;69440;69141;Mornant;;;4.674268;45.617591
69141_0438_00311;311;;Avenue du Pays Mornantais;69440;69141;Mornant;;;4.673292;45.625157
69141_0347_00002;2;;Rue des Loriots;69440;69141;Mornant;;;4.668387;45.61364
69141_0310_00200;200;;Chemin du Laud;69440;69141;Mornant;;;4.677154;45.621051
69141_0207_00004;4;;Rue Etienne Morillon;69440;69141;Mornant;;;4.669075;45.614269
69141_0503_00035;35;;Rue des Rossignols;69440;69141;Mornant;;;4.666574;45.611159
69141_0066_01362;1362;;Route du Bois;69440;69141;Mornant;;;4.656567;45.615978
69141_0340_00002;2;;Rue de la Loire;69440;69141;Mornant;;;4.671016;45.616717
69141_0305_00004;4;;Allée de Kignan;69440;69141;Mornant;;;4.666142;45.622307
69141_0014_00368;368;;Chemin de l’Ancienne Voie Ferrée;69440;69141;Mornant;;;4.680187;45.605342
69141_mntnta_00069;69;;Allée des Chats;69440;69141;Mornant;;;4.680327;45.619137
69141_y90wqy_00052;52;;Allée des Vendanges;69440;69141;Mornant;;;4.67696;45.616523
69141_0268_00436;436;;Chemin de la Grande Pavière;69440;69141;Mornant;;;4.678532;45.605607
69141_0580_00012;12;;Rue des Verchères;69440;69141;Mornant;;;4.67097;45.620236
69141_0320_00015;15;;Place de la Liberté;69440;69141;Mornant;;;4.671163;45.619453
69141_0446_00001;1;;Allée des Pins;69440;69141;Mornant;;;4.674295;45.622296
69141_0540_00017;17;;Avenue du Souvenir;69440;69141;Mornant;;;4.673228;45.620648
69141_0003_00676;676;;Rue de l'Abbaye;69440;69141;Mornant;;;4.677858;45.610858
69141_0720_00016;16;;Rue de Waldwisse;69440;69141;Mornant;;;4.669651;45.621811
69141_0264_00101;101;;Chemin de Germany;69440;69141;Mornant;;;4.679046;45.617232
69141_0197_00013;13;;Allée des Coteaux;69440;69141;Mornant;;;4.67595;45.613383
69141_0468_00003;3;;Place de la Poste;69440;69141;Mornant;;;4.672327;45.620012
69141_0747_00576;576;;Route de Cœur;69440;69141;Mornant;;;4.661002;45.608313
69141_0321_00006;6;;Rue de la Liberté;69440;69141;Mornant;;;4.670679;45.619661
69141_0432_00347;347;;Route des Ollagnons;69440;69141;Mornant;;;4.677038;45.623357
69141_0660_00011;11;;Rue Victor Hugo;69440;69141;Mornant;;;4.673562;45.618164
69141_0425_00006;6;;Allée des Monts du Lyonnais;69440;69141;Mornant;;;4.666128;45.622707
69141_0060_00019_bis;19;bis;Rue Boiron;69440;69141;Mornant;;;4.673045;45.616614
69141_0014_00352;352;;Chemin de l’Ancienne Voie Ferrée;69440;69141;Mornant;;;4.679917;45.605527
69141_0120_00007;7;;Place Carnot;69440;69141;Mornant;;;4.671407;45.618239
69141_0432_00857;857;;Route des Ollagnons;69440;69141;Mornant;;;4.680552;45.627135
69141_0747_00470;470;;Route de Cœur;69440;69141;Mornant;;;4.66143;45.609214
69141_0143_00060;60;;Chemin du Champ;69440;69141;Mornant;;;4.664495;45.626482
69141_0129_00314;314;;Chemin de Chablenas;69440;69141;Mornant;;;4.693744;45.626252
69141_7mic5w_00038;38;;Impasse des Étoiles;69440;69141;Mornant;;;4.660574;45.627734
69141_0080_00022_ter;22;ter;Rue Bourgchanain;69440;69141;Mornant;;;4.670895;45.61734
69141_yg8esw_00021;21;;Allée Domaine de Beauvallon;69440;69141;Mornant;;;4.675628;45.61435
69141_0220_00002;2;;Rue des Fifres;69440;69141;Mornant;;;4.672244;45.619305
69141_0580_00020;20;;Rue des Verchères;69440;69141;Mornant;;;4.67063;45.620166
69141_0501_00185;185;;Route de Rontalon;69440;69141;Mornant;;;4.666646;45.62632
69141_0188_00551;551;;Chemin de la Civaude;69440;69141;Mornant;;;4.679866;45.612746
69141_0478_02708;2708;;Route de Ravel;69440;69141;Mornant;;;4.705691;45.621443
69141_0080_00023;23;;Rue Bourgchanain;69440;69141;Mornant;;;4.671045;45.61703
69141_my3533_00040;40;;Impasse des Ecrins;69440;69141;Mornant;;;4.679528;45.612273
69141_0640_00002_c;2;c;Avenue de Verdun;69440;69141;Mornant;;;4.669053;45.623002
69141_0042_00001;1;;Chemin des Arches;69440;69141;Mornant;;;4.671076;45.622728
69141_4onxvo_00196;196;;Impasse du Viaduc;69440;69141;Mornant;;;4.681244;45.610746
69141_0640_00004_ter;4;ter;Avenue de Verdun;69440;69141;Mornant;;;4.669829;45.622503
69141_0182_00288;288;;Chemin du Château d'Eau;69440;69141;Mornant;;;4.648997;45.616296
69141_0444_00006;6;;Allée Pierre Combet Descombes;69440;69141;Mornant;;;4.667533;45.621437
69141_0509_00003_bis;3;bis;Allée Sainte Agathe;69440;69141;Mornant;;;4.667818;45.622629
69141_5hxtu0_00020;20;;Rue des Alouettes;69440;69141;Mornant;;;4.665117;45.612716
69141_0106_00051;51;;Chemin des Cariasses;69440;69141;Mornant;;;4.666498;45.624496
69141_0640_00042;42;;Avenue de Verdun;69440;69141;Mornant;;;4.672504;45.62043
69141_0126_00061;61;;Impasse des Cedres;69440;69141;Mornant;;;4.685825;45.618247
69141_y90wqy_00008;8;;Allée des Vendanges;69440;69141;Mornant;;;4.676633;45.616889
69141_0460_00010;10;;Rue des Petits Terreaux;69440;69141;Mornant;;;4.670337;45.618969
69141_0300_00001;1;;Rue Joseph Venet;69440;69141;Mornant;;;4.671011;45.61861
69141_0190_00008;8;;Avenue de la Condamine;69440;69141;Mornant;;;4.668879;45.613155
69141_0060_00005;5;;Rue Boiron;69440;69141;Mornant;;;4.672768;45.618463
69141_0580_00008;8;;Rue des Verchères;69440;69141;Mornant;;;4.671097;45.620202
69141_0471_00392;392;;Chemin des Pinattes;69440;69141;Mornant;;;4.651195;45.625395
69141_0432_00284;284;;Route des Ollagnons;69440;69141;Mornant;;;4.676636;45.622901
69141_0503_00009;9;;Rue des Rossignols;69440;69141;Mornant;;;4.668685;45.612058
69141_0310_00387;387;;Chemin du Laud;69440;69141;Mornant;;;4.677274;45.622721
69141_0271_00003;3;;Rue de Hartford;69440;69141;Mornant;;;4.667639;45.622034
69141_0268_00335;335;;Chemin de la Grande Pavière;69440;69141;Mornant;;;4.679183;45.606247
69141_0185_00008;8;;Rue du Château;69440;69141;Mornant;;;4.671336;45.618546
69141_0220_00010;10;;Rue des Fifres;69440;69141;Mornant;;;4.672534;45.619147
69141_0224_00478;478;;Route de la Fillonnière;69440;69141;Mornant;;;4.650945;45.614152
69141_0320_00002;2;;Place de la Liberté;69440;69141;Mornant;;;4.671837;45.619315
69141_0382_00023;23;;Chemin de la Marconnière;69440;69141;Mornant;;;4.678918;45.607518
69141_0189_00077;77;;Chemin des Chênes;69440;69141;Mornant;;;4.661902;45.628049
69141_0060_00018_ter;18;ter;Rue Boiron;69440;69141;Mornant;;;4.673018;45.617231
69141_0053_01500;1500;;Route de Bellevue;69440;69141;Mornant;;;4.667088;45.604185
69141_0014_00382;382;;Chemin de l’Ancienne Voie Ferrée;69440;69141;Mornant;;;4.679815;45.605306
69141_ekomop_00088;88;;Impasse du Mûrier;69440;69141;Mornant;;;4.661017;45.637432
69141_0445_00008;8;;Allée des Pinsons;69440;69141;Mornant;;;4.667049;45.611656
69141_0271_00012;12;;Rue de Hartford;69440;69141;Mornant;;;4.668808;45.621124
69141_0640_00026;26;;Avenue de Verdun;69440;69141;Mornant;;;4.671818;45.620959
69141_0720_00023;23;;Rue de Waldwisse;69440;69141;Mornant;;;4.668409;45.623337
69141_0720_00013;13;;Rue de Waldwisse;69440;69141;Mornant;;;4.668968;45.622473
69141_0100_00003;3;;Rue CAREMI;69440;69141;Mornant;;;4.670654;45.61869
69141_0375_00600;600;;Rue de la Maison Rose;69440;69141;Mornant;;;4.701847;45.620153
69141_0746_00098;98;;Impasse de la Pavière;69440;69141;Mornant;;;4.680053;45.608659
69141_0442_00646;646;;Chemin du Peu;69440;69141;Mornant;;;4.685665;45.614947
69141_0660_00017_a;17;a;Rue Victor Hugo;69440;69141;Mornant;;;4.674152;45.617689
69141_0600_00044;44;;Rue du Verdelet;69440;69141;Mornant;;;4.675993;45.616653
69141_0198_00105;105;;Chemin de la Cote;69440;69141;Mornant;;;4.699103;45.606675
69141_0560_00009;9;;Place Saint Pierre;69440;69141;Mornant;;;4.670638;45.619005
69141_0523_00123;123;;Chemin de Sevas;69440;69141;Mornant;;;4.678436;45.621031
69141_jo5yw5_00011;11;;Allée Saint Vincent;69440;69141;Mornant;;;4.681909;45.618993
69141_dpeo2m_00066;66;;Allée Alfred Lemoine;69440;69141;Mornant;;;4.667087;45.624984
69141_9ihs1e_00034;34;;Impasse des Cerisiers;69440;69141;Mornant;;;4.677223;45.605668
69141_0106_00267;267;;Chemin des Cariasses;69440;69141;Mornant;;;4.664692;45.625672
69141_0080_00032;32;;Rue Bourgchanain;69440;69141;Mornant;;;4.671177;45.61673
69141_0383_00010;10;;Allée Mathoeus Fournereau;69440;69141;Mornant;;;4.666286;45.623165
69141_yg8esw_00001;1;;Allée Domaine de Beauvallon;69440;69141;Mornant;;;4.676439;45.614591
69141_2whtxs_00004;4;;Passage des Fifres;69440;69141;Mornant;;;4.672834;45.619187
69141_0268_00062;62;;Chemin de la Grande Pavière;69440;69141;Mornant;;;4.680761;45.608316
69141_0400_00003;3;;Impasse de Monteclare;69440;69141;Mornant;;;4.674921;45.61599
69141_0003_00252;252;;Rue de l'Abbaye;69440;69141;Mornant;;;4.67419;45.613318
69141_0042_00156;156;;Chemin des Arches;69440;69141;Mornant;;;4.6713;45.62405
69141_gv0gi7_00063;63;;Allée de la Meije;69440;69141;Mornant;;;4.681215;45.619479
69141_0720_00038_bis;38;bis;Rue de Waldwisse;69440;69141;Mornant;;;4.669202;45.622284
69141_n175fj_00017;17;;Allée Claudia Thollet;69440;69141;Mornant;;;4.674274;45.623435
69141_0466_00007;7;;Boulevard du Pilat;69440;69141;Mornant;;;4.673929;45.614511
69141_0469_00047;47;;Chemin du Pré-d'Arnas;69440;69141;Mornant;;;4.663308;45.628794
69141_0006_00160;160;;Chemin de l'Aérium;69440;69141;Mornant;;;4.679248;45.606848
69141_0436_00004;4;;Chemin de l'Orémus;69440;69141;Mornant;;;4.669615;45.612117
69141_0720_00011;11;;Rue de Waldwisse;69440;69141;Mornant;;;4.669209;45.62209
69141_0383_00002;2;;Allée Mathoeus Fournereau;69440;69141;Mornant;;;4.666558;45.622914
69141_0478_02916;2916;;Route de Ravel;69440;69141;Mornant;;;4.707182;45.620129
69141_0jze75_00008;8;;Impasse du Docteur CARREZ;69440;69141;Mornant;;;4.67487;45.621343
69141_0267_00008;8;;Allée des Grives;69440;69141;Mornant;;;4.667056;45.613446
69141_0200_00003;3;;Rue du Docteur Carrez;69440;69141;Mornant;;;4.674775;45.620434
69141_0336_00067;67;;Route du Logis Neuf;69440;69141;Mornant;;;4.694987;45.609248
69141_0523_00013;13;;Chemin de Sevas;69440;69141;Mornant;;;4.677396;45.620252
69141_zbye4a_00079;79;;Allée des Oliviers;69440;69141;Mornant;;;4.678102;45.62149
69141_qjq0vk_00013;13;;Allée des Tuileries;69440;69141;Mornant;;;4.67098;45.623734
69141_0351_00093;93;;Rue Louis Guillaumond;69440;69141;Mornant;;;4.678506;45.618952
69141_0310_00002;2;;Chemin du Laud;69440;69141;Mornant;;;4.676667;45.619259
69141_n9ijwt_00028;28;;Allée Belledonne;69440;69141;Mornant;;;4.677863;45.613631
69141_nzjd45_00082;82;;Impasse de l'Abbaye;69440;69141;Mornant;;;4.678799;45.611155
69141_0090_00009;9;;Chemin du Lavoir;69440;69141;Mornant;;;4.664955;45.624538
69141_0432_01276;1276;;Route des Ollagnons;69440;69141;Mornant;;;4.683824;45.630197
69141_0336_00069;69;;Route du Logis Neuf;69440;69141;Mornant;;;4.694953;45.609276
69141_0077_00002;2;;Allée de Cenade;69440;69141;Mornant;;;4.665011;45.625267
69141_y4775w_00094;94;;Chemin Dousson;69440;69141;Mornant;;;4.641142;45.611437
69141_0143_00305;305;;Chemin du Champ;69440;69141;Mornant;;;4.66332;45.628231
69141_0375_00727;727;;Rue de la Maison Rose;69440;69141;Mornant;;;4.702282;45.620498
69141_0384_00007;7;;Allée des Mésanges;69440;69141;Mornant;;;4.668266;45.611893
69141_0391_00001;1;;Allée des Moineaux;69440;69141;Mornant;;;4.666186;45.611598
69141_0375_00420;420;;Rue de la Maison Rose;69440;69141;Mornant;;;4.700961;45.618417
69141_0006_00119;119;;Chemin de l'Aérium;69440;69141;Mornant;;;4.679269;45.607171
69141_5hxtu0_00017;17;;Rue des Alouettes;69440;69141;Mornant;;;4.665423;45.61213
69141_0184_00004;4;;Impasse du Château;69440;69141;Mornant;;;4.671651;45.618749
69141_0106_00387;387;;Chemin des Cariasses;69440;69141;Mornant;;;4.663169;45.625911
69141_0746_00087;87;;Impasse de la Pavière;69440;69141;Mornant;;;4.680246;45.608481
69141_mntnta_00037;37;;Allée des Chats;69440;69141;Mornant;;;4.68026;45.618854
69141_0272_00002;2;;Allée des Hirondelles;69440;69141;Mornant;;;4.66489;45.611726
69141_0391_00008;8;;Allée des Moineaux;69440;69141;Mornant;;;4.666256;45.611798
69141_0503_00039;39;;Rue des Rossignols;69440;69141;Mornant;;;4.666027;45.611318
69141_0271_00004;4;;Rue de Hartford;69440;69141;Mornant;;;4.667759;45.62168
69141_oahife_00140;140;;Allée du Clos;69440;69141;Mornant;;;4.66839;45.625187
69141_vzrytm_00241;241;;Allée Marie Thélisson;69440;69141;Mornant;;;4.678747;45.615681
69141_0511_00354;354;;Chemin de la Salette;69440;69141;Mornant;;;4.680988;45.62008
69141_0375_00810;810;;Rue de la Maison Rose;69440;69141;Mornant;;;4.703687;45.621479
69141_0224_00618;618;;Route de la Fillonnière;69440;69141;Mornant;;;4.649452;45.614278
69141_0720_00009;9;;Rue de Waldwisse;69440;69141;Mornant;;;4.669254;45.62203
69141_0321_00001;1;;Rue de la Liberté;69440;69141;Mornant;;;4.670597;45.619586
69141_0742_00080;80;;Rue Joseph Marie Jacquard;69440;69141;Mornant;;;4.70479;45.621258
69141_0511_00348;348;;Chemin de la Salette;69440;69141;Mornant;;;4.680929;45.620124
69141_0224_00619;619;;Route de la Fillonnière;69440;69141;Mornant;;;4.649414;45.614169
69141_0207_00013;13;;Rue Etienne Morillon;69440;69141;Mornant;;;4.669221;45.613505
69141_0106_00315;315;;Chemin des Cariasses;69440;69141;Mornant;;;4.663998;45.625657
69141_0553_00563;563;;Chemin du Stade;69440;69141;Mornant;;;4.674282;45.623049
69141_0263_00109;109;;Rue de la Grange Dodieu;69440;69141;Mornant;;;4.672831;45.623061
69141_0437_00010;10;;Rue Jean Palluy;69440;69141;Mornant;;;4.671946;45.61736
69141_dpeo2m_00071;71;;Allée Alfred Lemoine;69440;69141;Mornant;;;4.667208;45.624935
69141_y90wqy_00012;12;;Allée des Vendanges;69440;69141;Mornant;;;4.676666;45.616837
69141_0540_00007;7;;Avenue du Souvenir;69440;69141;Mornant;;;4.672404;45.62036
69141_0200_00004;4;;Rue du Docteur Carrez;69440;69141;Mornant;;;4.675064;45.62053
69141_0432_00027;27;;Route des Ollagnons;69440;69141;Mornant;;;4.675411;45.620705
69141_0620_00006;6;;Impasse du Verdelet;69440;69141;Mornant;;;4.677647;45.616981
69141_0265_00481;481;;Route de Givors;69440;69141;Mornant;;;4.677459;45.610415
69141_0640_00024;24;;Avenue de Verdun;69440;69141;Mornant;;;4.671698;45.62108
69141_0020_00010_bis;10;bis;Boulevard des Aqueducs;69440;69141;Mornant;;;4.669202;45.620217
69141_0353_00032;32;;Chemin du Luet;69440;69141;Mornant;;;4.692476;45.616211
69141_0143_00363;363;;Chemin du Champ;69440;69141;Mornant;;;4.663787;45.628603
69141_0188_00942;942;;Chemin de la Civaude;69440;69141;Mornant;;;4.684022;45.610896
69141_0446_00012;12;;Allée des Pins;69440;69141;Mornant;;;4.674251;45.622203
69141_vzrytm_00361;361;;Allée Marie Thélisson;69440;69141;Mornant;;;4.677505;45.615325
69141_0336_00100;100;;Route du Logis Neuf;69440;69141;Mornant;;;4.694717;45.609466
69141_0351_00107;107;;Rue Louis Guillaumond;69440;69141;Mornant;;;4.678413;45.618827
69141_0136_00003;3;;Impasse de la Chalonnière;69440;69141;Mornant;;;4.679893;45.615556
69141_0207_00014;14;;Rue Etienne Morillon;69440;69141;Mornant;;;4.668455;45.613702
69141_0066_01259;1259;;Route du Bois;69440;69141;Mornant;;;4.655479;45.616594
69141_jrrfuz_00002;2;;Passage de la Gare;69440;69141;Mornant;;;4.676077;45.618838
69141_0511_00448;448;;Chemin de la Salette;69440;69141;Mornant;;;4.68218;45.619989
69141_0460_00005;5;;Rue des Petits Terreaux;69440;69141;Mornant;;;4.670379;45.618941
69141_0353_00086;86;;Chemin du Luet;69440;69141;Mornant;;;4.692021;45.615978
69141_0042_00480;480;;Chemin des Arches;69440;69141;Mornant;;;4.673174;45.626577
69141_0003_00777;777;;Rue de l'Abbaye;69440;69141;Mornant;;;4.678727;45.610177
69141_0460_00016;16;;Rue des Petits Terreaux;69440;69141;Mornant;;;4.670339;45.618732
69141_zbye4a_00032;32;;Allée des Oliviers;69440;69141;Mornant;;;4.677608;45.621755
69141_0640_00010_ter;10;ter;Avenue de Verdun;69440;69141;Mornant;;;4.670913;45.621515
69141_0080_00003;3;;Rue Bourgchanain;69440;69141;Mornant;;;4.671022;45.617956
69141_0198_00115;115;;Chemin de la Cote;69440;69141;Mornant;;;4.699023;45.606585
69141_0305_00003;3;;Allée de Kignan;69440;69141;Mornant;;;4.666332;45.622278
69141_0340_00006;6;;Rue de la Loire;69440;69141;Mornant;;;4.670819;45.616361
69141_0257_00073;73;;Chemin de la Guillotière;69440;69141;Mornant;;;4.679226;45.615132
69141_0523_00119;119;;Chemin de Sevas;69440;69141;Mornant;;;4.678614;45.620752
69141_0080_00024_bis;24;bis;Rue Bourgchanain;69440;69141;Mornant;;;4.67094;45.616968
69141_0224_00401;401;;Route de la Fillonnière;69440;69141;Mornant;;;4.651905;45.614016
69141_0046_00004;4;;Rue de l’Asile;69440;69141;Mornant;;;4.672044;45.619204
69141_0553_00348;348;;Chemin du Stade;69440;69141;Mornant;;;4.675923;45.621547
69141_0380_00006;6;;Place de la Mairie;69440;69141;Mornant;;;4.670975;45.619568
69141_0427_01216;1216;;Chemin de Moulin Perret;69440;69141;Mornant;;;4.65812;45.639453
69141_0395_00001;1;;Rue Monseigneur Chaize;69440;69141;Mornant;;;4.671232;45.61869
69141_0553_00155;155;;Chemin du Stade;69440;69141;Mornant;;;4.676549;45.619907
69141_0266_00101;101;;Allée des Grandes Vignes;69440;69141;Mornant;;;4.679506;45.611315
69141_0472_00841;841;;Route de la Plaine;69440;69141;Mornant;;;4.660712;45.614317
69141_0106_00305;305;;Chemin des Cariasses;69440;69141;Mornant;;;4.664158;45.625653
69141_0560_00003;3;;Place Saint Pierre;69440;69141;Mornant;;;4.670895;45.61919
69141_0106_00511;511;;Chemin des Cariasses;69440;69141;Mornant;;;4.661918;45.626604
69141_ouf04h_00116;116;;Allée de l'Oisans;69440;69141;Mornant;;;4.678528;45.614796
69141_0067_00081;81;;Chemin du Bois Joli;69440;69141;Mornant;;;4.657243;45.627374
69141_0746_00092;92;;Impasse de la Pavière;69440;69141;Mornant;;;4.680126;45.608726
69141_0420_00012;12;;Rue Montel;69440;69141;Mornant;;;4.672157;45.61831
69141_0321_00004;4;;Rue de la Liberté;69440;69141;Mornant;;;4.670666;45.61959
69141_0195_00223;223;;Chemin Claudine Brunet;69440;69141;Mornant;;;4.651331;45.612199
69141_0270_00006;6;;Rue Henri IV;69440;69141;Mornant;;;4.670313;45.61956
69141_0220_00012_bis;12;bis;Rue des Fifres;69440;69141;Mornant;;;4.672726;45.619009
69141_0468_00001;1;;Place de la Poste;69440;69141;Mornant;;;4.672179;45.619679
69141_0501_00273;273;;Route de Rontalon;69440;69141;Mornant;;;4.666018;45.626988
69141_0189_00100;100;;Chemin des Chênes;69440;69141;Mornant;;;4.661909;45.628166
69141_0553_00129;129;;Chemin du Stade;69440;69141;Mornant;;;4.676512;45.619668
69141_0502_00067;67;;Route du Rosséon;69440;69141;Mornant;;;4.679344;45.618174
69141_0053_00347;347;;Route de Bellevue;69440;69141;Mornant;;;4.671329;45.613587
69141_0432_00051;51;;Route des Ollagnons;69440;69141;Mornant;;;4.675532;45.620988
69141_0274_00003;3;;Allée Jeanne Bardey;69440;69141;Mornant;;;4.666983;45.622814
69141_0275_00028;28;;Rue Jean Condamin;69440;69141;Mornant;;;4.675762;45.618501
69141_0502_00223;223;;Route du Rosséon;69440;69141;Mornant;;;4.68103;45.618832
69141_0140_00003;3;;Rue Chambry;69440;69141;Mornant;;;4.671637;45.61809
69141_0466_00011;11;;Boulevard du Pilat;69440;69141;Mornant;;;4.673419;45.614115
69141_0425_00004;4;;Allée des Monts du Lyonnais;69440;69141;Mornant;;;4.666344;45.622629
69141_0060_00017;17;;Rue Boiron;69440;69141;Mornant;;;4.672928;45.617682
69141_0213_00021;21;;Allée des Fauvettes;69440;69141;Mornant;;;4.664263;45.612908
69141_0350_00004;4;;Allée Louis Calaferte;69440;69141;Mornant;;;4.668304;45.620792
69141_0271_00001_bis;1;bis;Rue de Hartford;69440;69141;Mornant;;;4.667047;45.622442
69141_0506_00008;8;;Allée du Rosséon;69440;69141;Mornant;;;4.686189;45.618638
69141_0320_00014;14;;Place de la Liberté;69440;69141;Mornant;;;4.671188;45.619511
69141_0440_00017;17;;Rue Patrin;69440;69141;Mornant;;;4.670103;45.618683
69141_0143_00258;258;;Chemin du Champ;69440;69141;Mornant;;;4.663382;45.627912
69141_0641_00232;232;;Route du Vernay;69440;69141;Mornant;;;4.694894;45.621627
69141_0340_00004;4;;Rue de la Loire;69440;69141;Mornant;;;4.670914;45.616552
69141_0188_00398;398;;Chemin de la Civaude;69440;69141;Mornant;;;4.678311;45.613656
69141_0690_00090;90;;Chemin des Villardes;69440;69141;Mornant;;;4.676243;45.596839
69141_5hxtu0_00016;16;;Rue des Alouettes;69440;69141;Mornant;;;4.665207;45.613132
69141_0426_00030_f;30;f;Chemin du Moulin;69440;69141;Mornant;;;4.657667;45.626787
69141_0471_00472;472;;Chemin des Pinattes;69440;69141;Mornant;;;4.651293;45.626215
69141_0053_01516;1516;;Route de Bellevue;69440;69141;Mornant;;;4.666835;45.603613
69141_0200_00030;30;;Rue du Docteur Carrez;69440;69141;Mornant;;;4.673178;45.621538
69141_5i1tgh_00032;32;;Impasse de la Grange Dodieu;69440;69141;Mornant;;;4.67292;45.622501
69141_5hxtu0_00004;4;;Rue des Alouettes;69440;69141;Mornant;;;4.666592;45.613228
69141_0275_00016;16;;Rue Jean Condamin;69440;69141;Mornant;;;4.673805;45.618789
69141_0188_00114;114;;Chemin de la Civaude;69440;69141;Mornant;;;4.675779;45.615322
69141_0446_00002;2;;Allée des Pins;69440;69141;Mornant;;;4.674202;45.622599
69141_3qlms1_00040;40;;Allée Louis PASTEUR;69440;69141;Mornant;;;4.667774;45.625508
69141_jtn5ce_00085;85;;Allée Camille CLAUDEL;69440;69141;Mornant;;;4.680585;45.616367
69141_0213_00009;9;;Allée des Fauvettes;69440;69141;Mornant;;;4.664332;45.612141
69141_0047_00013;13;;Montée des Balmes;69440;69141;Mornant;;;4.667552;45.620389
69141_0195_00010;10;;Chemin Claudine Brunet;69440;69141;Mornant;;;4.650951;45.613924
69141_0320_00013;13;;Place de la Liberté;69440;69141;Mornant;;;4.671206;45.619562
69141_0106_00403;403;;Chemin des Cariasses;69440;69141;Mornant;;;4.662557;45.625726
69141_0060_00009;9;;Rue Boiron;69440;69141;Mornant;;;4.672878;45.618275
69141_0460_00001_ter;1;ter;Rue des Petits Terreaux;69440;69141;Mornant;;;4.670392;45.619028
69141_0220_00009;9;;Rue des Fifres;69440;69141;Mornant;;;4.672486;45.619221
69141_0042_00590;590;;Chemin des Arches;69440;69141;Mornant;;;4.673927;45.627274
69141_0437_00005_a;5;a;Rue Jean Palluy;69440;69141;Mornant;;;4.672055;45.616703
69141_0197_00010;10;;Allée des Coteaux;69440;69141;Mornant;;;4.676498;45.613272
69141_0540_00013;13;;Avenue du Souvenir;69440;69141;Mornant;;;4.672576;45.620363
69141_0188_00073;73;;Chemin de la Civaude;69440;69141;Mornant;;;4.675975;45.61586
69141_0336_00590;590;;Route du Logis Neuf;69440;69141;Mornant;;;4.688685;45.610959
69141_y90wqy_00030;30;;Allée des Vendanges;69440;69141;Mornant;;;4.676812;45.616688
69141_0660_00004;4;;Rue Victor Hugo;69440;69141;Mornant;;;4.673169;45.618465
69141_0224_00957;957;;Route de la Fillonnière;69440;69141;Mornant;;;4.646358;45.612284
69141_0432_00064;64;;Route des Ollagnons;69440;69141;Mornant;;;4.675833;45.621046
69141_0573_00187;187;;Chemin de La Trillonnière;69440;69141;Mornant;;;4.673025;45.613566
69141_0437_00008;8;;Rue Jean Palluy;69440;69141;Mornant;;;4.672178;45.617368
69141_0640_00002_b;2;b;Avenue de Verdun;69440;69141;Mornant;;;4.667915;45.624029
69141_5i1tgh_00075;75;;Impasse de la Grange Dodieu;69440;69141;Mornant;;;4.673473;45.622451
69141_0305_00002;2;;Allée de Kignan;69440;69141;Mornant;;;4.666474;45.622247
69141_2whtxs_00003;3;;Passage des Fifres;69440;69141;Mornant;;;4.672778;45.619198
69141_0320_00005;5;;Place de la Liberté;69440;69141;Mornant;;;4.671974;45.619575
69141_0198_00080;80;;Chemin de la Cote;69440;69141;Mornant;;;4.6991;45.606901
69141_0188_00422;422;;Chemin de la Civaude;69440;69141;Mornant;;;4.678557;45.613486
69141_0080_00018;18;;Rue Bourgchanain;69440;69141;Mornant;;;4.670876;45.617563
69141_0066_01278;1278;;Route du Bois;69440;69141;Mornant;;;4.655678;45.6164
69141_0135_00422;422;;Chemin de la Chalonnière;69440;69141;Mornant;;;4.681831;45.616435
69141_0560_00011;11;;Place Saint Pierre;69440;69141;Mornant;;;4.670646;45.618887
69141_0014_00092;92;;Chemin de l’Ancienne Voie Ferrée;69440;69141;Mornant;;;4.681492;45.607408
69141_0265_00303;303;;Route de Givors;69440;69141;Mornant;;;4.675839;45.611973
69141_0320_00001;1;;Place de la Liberté;69440;69141;Mornant;;;4.671732;45.619226
69141_0440_00009;9;;Rue Patrin;69440;69141;Mornant;;;4.670191;45.618944
69141_0188_00587;587;;Chemin de la Civaude;69440;69141;Mornant;;;4.68049;45.612855
69141_0432_00087;87;;Route des Ollagnons;69440;69141;Mornant;;;4.675649;45.621312
69141_0553_00288;288;;Chemin du Stade;69440;69141;Mornant;;;4.676312;45.621073
69141_0066_01402;1402;;Route du Bois;69440;69141;Mornant;;;4.656591;45.615854
69141_0255_00164;164;;Rue de la Garenniere;69440;69141;Mornant;;;4.702557;45.618258
69141_0060_00003;3;;Rue Boiron;69440;69141;Mornant;;;4.6727;45.618549
69141_0042_00497;497;;Chemin des Arches;69440;69141;Mornant;;;4.673179;45.626769
69141_zbye4a_00023;23;;Allée des Oliviers;69440;69141;Mornant;;;4.677434;45.621723
69141_0042_00169;169;;Chemin des Arches;69440;69141;Mornant;;;4.671201;45.624198
69141_usaw00_00001;1;;Passage de l'Arc;69440;69141;Mornant;;;4.669999;45.621086
69141_0056_00370;370;;Chemin du Bénégras;69440;69141;Mornant;;;4.644001;45.615551
69141_0188_00365;365;;Chemin de la Civaude;69440;69141;Mornant;;;4.67812;45.613945
69141_0720_00014;14;;Rue de Waldwisse;69440;69141;Mornant;;;4.669545;45.621727
69141_5sof1q_00009;9;;Rue Noël DELORME;69440;69141;Mornant;;;4.669036;45.619435
69141_0275_00026;26;;Rue Jean Condamin;69440;69141;Mornant;;;4.67552;45.618516
69141_0080_00012;12;;Rue Bourgchanain;69440;69141;Mornant;;;4.670937;45.617782
69141_0600_00046;46;;Rue du Verdelet;69440;69141;Mornant;;;4.676085;45.616593
69141_0432_00166;166;;Route des Ollagnons;69440;69141;Mornant;;;4.676519;45.621723
69141_0508_00475;475;;Route de Saint Sorlin;69440;69141;Mornant;;;4.665149;45.620766
69141_ug9nd2_00019;19;;Allée des Blés Dorés;69440;69141;Mornant;;;4.680461;45.60598
69141_j2871u_00125;125;;Allée Thollot;69440;69141;Mornant;;;4.671041;45.611967
69141_0184_00002;2;;Impasse du Château;69440;69141;Mornant;;;4.671568;45.618776
69141_idl1vr_01604;1604;;Route de Beauvallon;69440;69141;Mornant;;;4.695307;45.608768
69141_5hxtu0_00022;22;;Rue des Alouettes;69440;69141;Mornant;;;4.66516;45.612461
69141_vzrytm_00019;19;;Allée Marie Thélisson;69440;69141;Mornant;;;4.676401;45.615462
69141_qjeueu_00137;137;;Allée du Vercors;69440;69141;Mornant;;;4.681033;45.613307
69141_0501_01278;1278;;Route de Rontalon;69440;69141;Mornant;;;4.664458;45.635413
69141_0129_00376;376;;Chemin de Chablenas;69440;69141;Mornant;;;4.693634;45.626382
69141_0351_00167;167;;Rue Louis Guillaumond;69440;69141;Mornant;;;4.678684;45.618411
69141_0274_00005;5;;Allée Jeanne Bardey;69440;69141;Mornant;;;4.667109;45.622722
69141_j2871u_00201;201;;Allée Thollot;69440;69141;Mornant;;;4.670181;45.611744
69141_0188_00717;717;;Chemin de la Civaude;69440;69141;Mornant;;;4.681488;45.612031
69141_0120_00001;1;;Place Carnot;69440;69141;Mornant;;;4.67124;45.618289
69141_0259_00002_ter;2;ter;Impasse de la Gare;69440;69141;Mornant;;;4.673975;45.618567
69141_0003_00751;751;;Rue de l'Abbaye;69440;69141;Mornant;;;4.678879;45.610392
69141_0053_01502;1502;;Route de Bellevue;69440;69141;Mornant;;;4.666972;45.604019
69141_vzrytm_00397;397;;Allée Marie Thélisson;69440;69141;Mornant;;;4.677177;45.61509
69141_0272_00009;9;;Allée des Hirondelles;69440;69141;Mornant;;;4.664499;45.611419
69141_0432_00518;518;;Route des Ollagnons;69440;69141;Mornant;;;4.678229;45.624647
69141_0445_00001;1;;Allée des Pinsons;69440;69141;Mornant;;;4.666976;45.611331
69141_0047_00026;26;;Montée des Balmes;69440;69141;Mornant;;;4.667874;45.620319
69141_0720_00004;4;;Rue de Waldwisse;69440;69141;Mornant;;;4.669749;45.62146
69141_n175fj_00060;60;;Allée Claudia Thollet;69440;69141;Mornant;;;4.674734;45.623407
69141_0192_00070;70;;Chemin de la Côte Champier;69440;69141;Mornant;;;4.680378;45.61144
69141_cpbwn6_00094;94;;Allée Maurice Nude;69440;69141;Mornant;;;4.650238;45.616711
69141_0466_00005;5;;Boulevard du Pilat;69440;69141;Mornant;;;4.673768;45.614776
69141_0360_00006;6;;Rue de Lyon;69440;69141;Mornant;;;4.671818;45.619036
69141_98m931_00002;2;;Place Claudius DUSSURGEY;69440;69141;Mornant;;;4.672105;45.620589
69141_0502_01357;1357;;Route du Rosséon;69440;69141;Mornant;;;4.694239;45.615911
69141_0014_00234;234;;Chemin de l’Ancienne Voie Ferrée;69440;69141;Mornant;;;4.680726;45.606442
69141_0264_00539;539;;Chemin de Germany;69440;69141;Mornant;;;4.682844;45.614437
69141_0080_00015;15;;Rue Bourgchanain;69440;69141;Mornant;;;4.670932;45.61753
69141_0261_01287;1287;;Boulevard du Général de Gaulle;69440;69141;Mornant;;;4.669393;45.616674
69141_0391_00004;4;;Allée des Moineaux;69440;69141;Mornant;;;4.666306;45.611997
69141_0511_00224;224;;Chemin de la Salette;69440;69141;Mornant;;;4.679548;45.620105
69141_0003_00697;697;;Rue de l'Abbaye;69440;69141;Mornant;;;4.678077;45.610733
69141_0501_00127;127;;Route de Rontalon;69440;69141;Mornant;;;4.666745;45.625624
69141_0321_00005_bis;5;bis;Rue de la Liberté;69440;69141;Mornant;;;4.670596;45.619831
69141_0188_00521;521;;Chemin de la Civaude;69440;69141;Mornant;;;4.680312;45.613413
69141_0523_00047;47;;Chemin de Sevas;69440;69141;Mornant;;;4.677846;45.620398
69141_0660_00013;13;;Rue Victor Hugo;69440;69141;Mornant;;;4.673635;45.618065
69141_0382_00055;55;;Chemin de la Marconnière;69440;69141;Mornant;;;4.678474;45.60764
69141_0391_00002;2;;Allée des Moineaux;69440;69141;Mornant;;;4.666473;45.611727
69141_0700_00005;5;;Rue Villeneuve;69440;69141;Mornant;;;4.670323;45.620275
69141_qrmkze_00038;38;;Impasse des Quatre Saisons;69440;69141;Mornant;;;4.665515;45.625903
69141_0201_00230;230;;Route de Corsonat;69440;69141;Mornant;;;4.658599;45.605523
69141_0250_00063;63;;Rue Frédéric Monin;69440;69141;Mornant;;;4.704572;45.619941
69141_0743_00110;110;;Chemin de Grand Val;69440;69141;Mornant;;;4.664596;45.63144
69141_dpeo2m_00009;9;;Allée Alfred Lemoine;69440;69141;Mornant;;;4.667307;45.62516
69141_0573_00205;205;;Chemin de La Trillonnière;69440;69141;Mornant;;;4.673149;45.613431
69141_4onxvo_00081;81;;Impasse du Viaduc;69440;69141;Mornant;;;4.680579;45.609934
69141_0506_00003;3;;Allée du Rosséon;69440;69141;Mornant;;;4.686305;45.618637
69141_0250_00031;31;;Rue Frédéric Monin;69440;69141;Mornant;;;4.704253;45.620209
69141_0580_00006;6;;Rue des Verchères;69440;69141;Mornant;;;4.67127;45.620099
69141_0442_00120;120;;Chemin du Peu;69440;69141;Mornant;;;4.680359;45.6174
69141_0053_00090;90;;Route de Bellevue;69440;69141;Mornant;;;4.669946;45.615077
69141_0207_00018;18;;Rue Etienne Morillon;69440;69141;Mornant;;;4.668679;45.613524
69141_0106_00488;488;;Chemin des Cariasses;69440;69141;Mornant;;;4.662205;45.626519
69141_0140_00001_bis;1;bis;Rue Chambry;69440;69141;Mornant;;;4.671542;45.618114
69141_0568_00015;15;;Rue de la Tour Ronde;69440;69141;Mornant;;;4.671781;45.618907
69141_0640_00035;35;;Avenue de Verdun;69440;69141;Mornant;;;4.673766;45.620082
69141_0360_00004;4;;Rue de Lyon;69440;69141;Mornant;;;4.671762;45.619067
69141_0600_00136;136;;Rue du Verdelet;69440;69141;Mornant;;;4.676961;45.617142
69141_0540_00001;1;;Avenue du Souvenir;69440;69141;Mornant;;;4.672257;45.620276
69141_0640_00033;33;;Avenue de Verdun;69440;69141;Mornant;;;4.67356;45.620034
69141_0003_00107;107;;Rue de l'Abbaye;69440;69141;Mornant;;;4.674765;45.614565
69141_0136_00005;5;;Impasse de la Chalonnière;69440;69141;Mornant;;;4.679682;45.615727
69141_j2871u_00072;72;;Allée Thollot;69440;69141;Mornant;;;4.670569;45.612122
69141_vzrytm_00407;407;;Allée Marie Thélisson;69440;69141;Mornant;;;4.677014;45.614951
69141_0321_00014;14;;Rue de la Liberté;69440;69141;Mornant;;;4.670596;45.620058
69141_0275_00013;13;;Rue Jean Condamin;69440;69141;Mornant;;;4.673073;45.618805
69141_0269_00038;38;;Chemin du Granit;69440;69141;Mornant;;;4.677739;45.60523
69141_0460_00002;2;;Rue des Petits Terreaux;69440;69141;Mornant;;;4.670413;45.61924
69141_0080_00013;13;;Rue Bourgchanain;69440;69141;Mornant;;;4.670946;45.617581
69141_0200_00032;32;;Rue du Docteur Carrez;69440;69141;Mornant;;;4.673056;45.621582
69141_0053_00203;203;;Route de Bellevue;69440;69141;Mornant;;;4.670603;45.61413
69141_0640_00031;31;;Avenue de Verdun;69440;69141;Mornant;;;4.673332;45.62016
69141_yvfht8_00019;19;;Allée du Lautaret;69440;69141;Mornant;;;4.677242;45.612221
69141_0321_00012;12;;Rue de la Liberté;69440;69141;Mornant;;;4.670678;45.619876
69141_0220_00004;4;;Rue des Fifres;69440;69141;Mornant;;;4.672314;45.619261
69141_0003_00168;168;;Rue de l'Abbaye;69440;69141;Mornant;;;4.674482;45.614036
69141_0188_00585;585;;Chemin de la Civaude;69440;69141;Mornant;;;4.680306;45.612739
69141_0446_00006;6;;Allée des Pins;69440;69141;Mornant;;;4.674103;45.622368
69141_0006_00071;71;;Chemin de l'Aérium;69440;69141;Mornant;;;4.679567;45.607406
69141_0213_00007;7;;Allée des Fauvettes;69440;69141;Mornant;;;4.664589;45.61228
69141_0192_00123;123;;Chemin de la Côte Champier;69440;69141;Mornant;;;4.680481;45.610975
69141_0442_00040;40;;Chemin du Peu;69440;69141;Mornant;;;4.679371;45.617671
69141_0382_00161;161;;Chemin de la Marconnière;69440;69141;Mornant;;;4.677024;45.607961
69141_0468_00004;4;;Place de la Poste;69440;69141;Mornant;;;4.672186;45.62003
69141_0480_00013;13;;Rue de la République;69440;69141;Mornant;;;4.671465;45.618357
69141_0268_00505;505;;Chemin de la Grande Pavière;69440;69141;Mornant;;;4.678665;45.604702
69141_0640_00021;21;;Avenue de Verdun;69440;69141;Mornant;;;4.671705;45.621357
69141_0135_00112;112;;Chemin de la Chalonnière;69440;69141;Mornant;;;4.679865;45.614136
69141_0188_00318;318;;Chemin de la Civaude;69440;69141;Mornant;;;4.677555;45.614097
69141_0243_00521;521;;Rue Capitaine Francois Garbit;69440;69141;Mornant;;;4.704913;45.616385
69141_0129_00414;414;;Chemin de Chablenas;69440;69141;Mornant;;;4.693481;45.626553
69141_0432_00170;170;;Route des Ollagnons;69440;69141;Mornant;;;4.676738;45.621731
69141_0640_00006;6;;Avenue de Verdun;69440;69141;Mornant;;;4.669943;45.622406
69141_0271_00010;10;;Rue de Hartford;69440;69141;Mornant;;;4.668638;45.621056
69141_0425_00002;2;;Allée des Monts du Lyonnais;69440;69141;Mornant;;;4.666628;45.622574
69141_0573_00315;315;;Chemin de La Trillonnière;69440;69141;Mornant;;;4.673926;45.61264
69141_0266_00086;86;;Allée des Grandes Vignes;69440;69141;Mornant;;;4.679527;45.611593
69141_0060_00040;40;;Rue Boiron;69440;69141;Mornant;;;4.672359;45.615643
69141_0641_00264;264;;Route du Vernay;69440;69141;Mornant;;;4.695287;45.621518
69141_0188_00300;300;;Chemin de la Civaude;69440;69141;Mornant;;;4.677354;45.614181
69141_0360_00002;2;;Rue de Lyon;69440;69141;Mornant;;;4.671716;45.619092
69141_0084_00013;13;;Allée des Bouvreuils;69440;69141;Mornant;;;4.665576;45.612415
69141_0380_00011;11;;Place de la Mairie;69440;69141;Mornant;;;4.670716;45.619492
69141_0385_00176;176;;Route de Marcellat;69440;69141;Mornant;;;4.659879;45.641221
69141_0700_00012;12;;Rue Villeneuve;69440;69141;Mornant;;;4.670033;45.621351
69141_y4775w_00106;106;;Chemin Dousson;69440;69141;Mornant;;;4.641007;45.611488
69141_0263_00186;186;;Rue de la Grange Dodieu;69440;69141;Mornant;;;4.673511;45.623523
69141_0143_00289;289;;Chemin du Champ;69440;69141;Mornant;;;4.663155;45.628135
69141_0224_00142;142;;Route de la Fillonnière;69440;69141;Mornant;;;4.654681;45.615309
69141_0431_00026;26;;Allée des Ollagnons;69440;69141;Mornant;;;4.67648;45.623237
69141_0395_00005;5;;Rue Monseigneur Chaize;69440;69141;Mornant;;;4.67124;45.618604
69141_72v14n_00055;55;;Allée des Frères Lumière;69440;69141;Mornant;;;4.670748;45.624771
69141_0048_00135;135;;Chemin de Bartolaise;69440;69141;Mornant;;;4.697268;45.607561
69141_0320_00006;6;;Place de la Liberté;69440;69141;Mornant;;;4.671713;45.619742
69141_0720_00038;38;;Rue de Waldwisse;69440;69141;Mornant;;;4.669254;45.622231
69141_0272_00001;1;;Allée des Hirondelles;69440;69141;Mornant;;;4.665204;45.611747
69141_0257_00053;53;;Chemin de la Guillotière;69440;69141;Mornant;;;4.679481;45.615192
69141_0469_00082;82;;Chemin du Pré-d'Arnas;69440;69141;Mornant;;;4.662942;45.628994
69141_0135_00029;29;;Chemin de la Chalonnière;69440;69141;Mornant;;;4.679278;45.613516
69141_0420_00005;5;;Rue Montel;69440;69141;Mornant;;;4.672253;45.618323
69141_0560_00015;15;;Place Saint Pierre;69440;69141;Mornant;;;4.671303;45.61907
69141_0460_00003;3;;Rue des Petits Terreaux;69440;69141;Mornant;;;4.670387;45.618994
69141_0568_00012;12;;Rue de la Tour Ronde;69440;69141;Mornant;;;4.671788;45.618859
69141_0312_00004;4;;Rue des Lazaristes;69440;69141;Mornant;;;4.674082;45.616283
69141_0270_00001;1;;Rue Henri IV;69440;69141;Mornant;;;4.670439;45.619525
69141_0641_00310;310;;Route du Vernay;69440;69141;Mornant;;;4.695565;45.62132
69141_gv0gi7_00015;15;;Allée de la Meije;69440;69141;Mornant;;;4.681262;45.619891
69141_0275_00003;3;;Rue Jean Condamin;69440;69141;Mornant;;;4.672462;45.618823
69141_0271_00002_bis;2;bis;Rue de Hartford;69440;69141;Mornant;;;4.667561;45.62195
69141_vzrytm_00366;366;;Allée Marie Thélisson;69440;69141;Mornant;;;4.677368;45.615357
69141_0157_00231;231;;Route de Chassagny;69440;69141;Mornant;;;4.698559;45.608031
69141_0347_00001;1;;Rue des Loriots;69440;69141;Mornant;;;4.66832;45.613478
69141_0310_00145;145;;Chemin du Laud;69440;69141;Mornant;;;4.676904;45.620616
69141_0060_00006;6;;Rue Boiron;69440;69141;Mornant;;;4.672467;45.61862
69141_0446_00016;16;;Allée des Pins;69440;69141;Mornant;;;4.674455;45.622157
69141_0140_00001;1;;Rue Chambry;69440;69141;Mornant;;;4.671479;45.618116
69141_0442_00440;440;;Chemin du Peu;69440;69141;Mornant;;;4.683715;45.616153
69141_0436_00006_a;6;a;Chemin de l'Orémus;69440;69141;Mornant;;;4.669502;45.611708
69141_0553_00379;379;;Chemin du Stade;69440;69141;Mornant;;;4.675591;45.621742
69141_mntnta_00011;11;;Allée des Chats;69440;69141;Mornant;;;4.680278;45.618582
69141_0255_00374;374;;Rue de la Garenniere;69440;69141;Mornant;;;4.700462;45.619481
69141_ouf04h_00100;100;;Allée de l'Oisans;69440;69141;Mornant;;;4.678677;45.614697
69141_vzrytm_00097;97;;Allée Marie Thélisson;69440;69141;Mornant;;;4.677169;45.615911
69141_0104_00089;89;;Chemin du Calichet;69440;69141;Mornant;;;4.660438;45.626455
69141_0080_00007;7;;Rue Bourgchanain;69440;69141;Mornant;;;4.671007;45.617759
69141_0523_00097;97;;Chemin de Sevas;69440;69141;Mornant;;;4.678393;45.620641
69141_0066_01244;1244;;Route du Bois;69440;69141;Mornant;;;4.655186;45.616584
69141_0207_00007;7;;Rue Etienne Morillon;69440;69141;Mornant;;;4.668722;45.613601
69141_0500_00007;7;;Rue Ronsard;69440;69141;Mornant;;;4.675027;45.617923
69141_0187_00047;47;;Chemin de Chavanne;69440;69141;Mornant;;;4.669555;45.615676
69141_0320_00017;17;;Place de la Liberté;69440;69141;Mornant;;;4.671161;45.619315
69141_0060_00022;22;;Rue Boiron;69440;69141;Mornant;;;4.673182;45.616961
69141_0440_00004;4;;Rue Patrin;69440;69141;Mornant;;;4.670364;45.618323
69141_0198_00053;53;;Chemin de la Cote;69440;69141;Mornant;;;4.699335;45.607085
69141_0540_00002;2;;Avenue du Souvenir;69440;69141;Mornant;;;4.672539;45.620139
69141_0420_00003;3;;Rue Montel;69440;69141;Mornant;;;4.672295;45.61842
69141_jo5yw5_00047;47;;Allée Saint Vincent;69440;69141;Mornant;;;4.682003;45.61931
69141_0620_00009;9;;Impasse du Verdelet;69440;69141;Mornant;;;4.677601;45.616613
69141_nyllcq_00008;8;;Impasse des Canuts;69440;69141;Mornant;;;4.670311;45.621407
69141_mntnta_00026;26;;Allée des Chats;69440;69141;Mornant;;;4.680339;45.618721
69141_usaw00_00006;6;;Passage de l'Arc;69440;69141;Mornant;;;4.670225;45.620724
69141_0425_00009;9;;Allée des Monts du Lyonnais;69440;69141;Mornant;;;4.665953;45.622859
69141_3qlms1_00039;39;;Allée Louis PASTEUR;69440;69141;Mornant;;;4.667715;45.625461
69141_0266_00182;182;;Allée des Grandes Vignes;69440;69141;Mornant;;;4.679294;45.610624
69141_0060_00026;26;;Rue Boiron;69440;69141;Mornant;;;4.672925;45.61672
69141_0264_00507;507;;Chemin de Germany;69440;69141;Mornant;;;4.682555;45.614647
69141_0188_00480;480;;Chemin de la Civaude;69440;69141;Mornant;;;4.679137;45.613164
69141_vzrytm_00109;109;;Allée Marie Thélisson;69440;69141;Mornant;;;4.677279;45.615988
69141_0143_00139;139;;Chemin du Champ;69440;69141;Mornant;;;4.663753;45.626866
69141_0207_00012;12;;Rue Etienne Morillon;69440;69141;Mornant;;;4.668457;45.613883
69141_0553_00730;730;;Chemin du Stade;69440;69141;Mornant;;;4.673427;45.624472
69141_idl1vr_02278;2278;;Route de Beauvallon;69440;69141;Mornant;;;4.688568;45.604389
69141_0580_00001;1;;Rue des Verchères;69440;69141;Mornant;;;4.671254;45.62004
69141_v934cv_00040;40;;Allée de la Tarentaise;69440;69141;Mornant;;;4.666082;45.625703
69141_0188_00026;26;;Chemin de la Civaude;69440;69141;Mornant;;;4.675429;45.616204
69141_0466_00010;10;;Boulevard du Pilat;69440;69141;Mornant;;;4.675332;45.616863
69141_3ihd27_00074;74;;Allée des Bauges;69440;69141;Mornant;;;4.679238;45.621867
69141_0188_00413;413;;Chemin de la Civaude;69440;69141;Mornant;;;4.678559;45.613615
69141_0660_00010;10;;Rue Victor Hugo;69440;69141;Mornant;;;4.673376;45.61832
69141_8j3wwo_00038;38;;Allée Georges FANTON;69440;69141;Mornant;;;4.669969;45.61396
69141_0245_00007;7;;Rue François Oriol;69440;69141;Mornant;;;4.666587;45.623616
69141_0257_00094;94;;Chemin de la Guillotière;69440;69141;Mornant;;;4.680751;45.614218
69141_0014_00208;208;;Chemin de l’Ancienne Voie Ferrée;69440;69141;Mornant;;;4.681414;45.606476
69141_v934cv_00007;7;;Allée de la Tarentaise;69440;69141;Mornant;;;4.665754;45.625505
69141_0182_00144;144;;Chemin du Château d'Eau;69440;69141;Mornant;;;4.650762;45.615293
69141_0503_00033;33;;Rue des Rossignols;69440;69141;Mornant;;;4.666891;45.611047
69141_0157_00031;31;;Route de Chassagny;69440;69141;Mornant;;;4.696358;45.608973
69141_0020_00010_ter;10;ter;Boulevard des Aqueducs;69440;69141;Mornant;;;4.669102;45.620331
69141_0660_00026;26;;Rue Victor Hugo;69440;69141;Mornant;;;4.674213;45.617433
69141_0271_00009;9;;Rue de Hartford;69440;69141;Mornant;;;4.668123;45.621393
69141_0259_00005;5;;Impasse de la Gare;69440;69141;Mornant;;;4.674072;45.618226
69141_0259_00003;3;;Impasse de la Gare;69440;69141;Mornant;;;4.674242;45.618327
69141_0440_00027;27;;Rue Patrin;69440;69141;Mornant;;;4.6708;45.618047
69141_0511_00590;590;;Chemin de la Salette;69440;69141;Mornant;;;4.683869;45.619825
69141_0503_00019;19;;Rue des Rossignols;69440;69141;Mornant;;;4.668449;45.611225
69141_0060_00024;24;;Rue Boiron;69440;69141;Mornant;;;4.673092;45.616793
69141_0500_00001;1;;Rue Ronsard;69440;69141;Mornant;;;4.675552;45.617668
69141_0383_00006;6;;Allée Mathoeus Fournereau;69440;69141;Mornant;;;4.666391;45.623037
69141_0540_00004_a;4;a;Avenue du Souvenir;69440;69141;Mornant;;;4.672745;45.620065
69141_0427_00519;519;;Chemin de Moulin Perret;69440;69141;Mornant;;;4.654711;45.633791
69141_0268_00060;60;;Chemin de la Grande Pavière;69440;69141;Mornant;;;4.680808;45.608375
69141_0553_00484;484;;Chemin du Stade;69440;69141;Mornant;;;4.67528;45.622581
69141_0048_00091;91;;Chemin de Bartolaise;69440;69141;Mornant;;;4.697866;45.607089
69141_0220_00005;5;;Rue des Fifres;69440;69141;Mornant;;;4.672346;45.619306
69141_my3533_00078;78;;Impasse des Ecrins;69440;69141;Mornant;;;4.679174;45.612032
69141_0680_00022;22;;Impasse Victor Hugo;69440;69141;Mornant;;;4.673247;45.617816
69141_jrrfuz_00003;3;;Passage de la Gare;69440;69141;Mornant;;;4.676008;45.618874
69141_0065_00230;230;;Rue du Petit Bois;69440;69141;Mornant;;;4.701409;45.623007
69141_0437_00002;2;;Rue Jean Palluy;69440;69141;Mornant;;;4.672456;45.617068
69141_0271_00016;16;;Rue de Hartford;69440;69141;Mornant;;;4.669347;45.621365
69141_0243_00665;665;;Rue Capitaine Francois Garbit;69440;69141;Mornant;;;4.703423;45.615647
69141_0272_00007;7;;Allée des Hirondelles;69440;69141;Mornant;;;4.664651;45.611487
69141_0640_00030;30;;Avenue de Verdun;69440;69141;Mornant;;;4.67223;45.620669
69141_0440_00019;19;;Rue Patrin;69440;69141;Mornant;;;4.670221;45.618533
69141_0259_00001;1;;Impasse de la Gare;69440;69141;Mornant;;;4.674156;45.618702
69141_0200_00008;8;;Rue du Docteur Carrez;69440;69141;Mornant;;;4.674598;45.620589
69141_0003_00500;500;;Rue de l'Abbaye;69440;69141;Mornant;;;4.676842;45.612255
69141_j2871u_00077;77;;Allée Thollot;69440;69141;Mornant;;;4.670683;45.61216
69141_0066_01311;1311;;Route du Bois;69440;69141;Mornant;;;4.656021;45.616375
69141_0502_02070;2070;;Route du Rosséon;69440;69141;Mornant;;;4.703178;45.614377
69141_0080_00001_bis;1;bis;Rue Bourgchanain;69440;69141;Mornant;;;4.671058;45.618028
69141_0347_00010;10;;Rue des Loriots;69440;69141;Mornant;;;4.667628;45.613052
69141_0520_00009_a;9;a;Rue Serpaton;69440;69141;Mornant;;;4.673723;45.619505
69141_0502_00521;521;;Route du Rosséon;69440;69141;Mornant;;;4.684806;45.619045
69141_0620_00005_bis;5;bis;Impasse du Verdelet;69440;69141;Mornant;;;4.677974;45.616852
69141_qjeueu_00071;71;;Allée du Vercors;69440;69141;Mornant;;;4.680694;45.612974
69141_0053_00038;38;;Route de Bellevue;69440;69141;Mornant;;;4.670051;45.615572
69141_0157_00105;105;;Route de Chassagny;69440;69141;Mornant;;;4.697157;45.608654
69141_0480_00011_bis;11;bis;Rue de la République;69440;69141;Mornant;;;4.671662;45.618397
69141_0384_00002;2;;Allée des Mésanges;69440;69141;Mornant;;;4.66826;45.611951
69141_kr9q4d_00053;53;;Allée des Aravis;69440;69141;Mornant;;;4.680484;45.619815
69141_0188_00525;525;;Chemin de la Civaude;69440;69141;Mornant;;;4.68049;45.613519
69141_0197_00008;8;;Allée des Coteaux;69440;69141;Mornant;;;4.676545;45.613222
69141_0507_00321;321;;Route de Saint-Laurent-d’Agny;69440;69141;Mornant;;;4.669816;45.627293
69141_0264_00034;34;;Chemin de Germany;69440;69141;Mornant;;;4.678436;45.617594
69141_0190_00006;6;;Avenue de la Condamine;69440;69141;Mornant;;;4.669161;45.61321
69141_0641_00226;226;;Route du Vernay;69440;69141;Mornant;;;4.694804;45.621707
69141_0065_00198;198;;Rue du Petit Bois;69440;69141;Mornant;;;4.701613;45.622619
69141_0660_00030_b;30;b;Rue Victor Hugo;69440;69141;Mornant;;;4.674889;45.616493
69141_fcx2bs_00031;31;;Impasse des Erables;69440;69141;Mornant;;;4.678058;45.607911
69141_0268_00159;159;;Chemin de la Grande Pavière;69440;69141;Mornant;;;4.680557;45.607319
69141_5hxtu0_00006;6;;Rue des Alouettes;69440;69141;Mornant;;;4.666359;45.61333
69141_0269_00008;8;;Chemin du Granit;69440;69141;Mornant;;;4.677796;45.60515
69141_cpbwn6_00146;146;;Allée Maurice Nude;69440;69141;Mornant;;;4.650265;45.617151
69141_0553_00220;220;;Chemin du Stade;69440;69141;Mornant;;;4.676567;45.620478
69141_0444_00002;2;;Allée Pierre Combet Descombes;69440;69141;Mornant;;;4.667327;45.621733
69141_0106_00554_a;554;a;Chemin des Cariasses;69440;69141;Mornant;;;4.661649;45.627112
69141_cpbwn6_00014;14;;Allée Maurice Nude;69440;69141;Mornant;;;4.65028;45.615959
69141_0106_00478;478;;Chemin des Cariasses;69440;69141;Mornant;;;4.662493;45.62661
69141_0500_00004;4;;Rue Ronsard;69440;69141;Mornant;;;4.674577;45.617471
69141_0269_00143;143;;Chemin du Granit;69440;69141;Mornant;;;4.678406;45.606054
69141_0660_00001;1;;Rue Victor Hugo;69440;69141;Mornant;;;4.673272;45.618454
69141_0720_00007_bis;7;bis;Rue de Waldwisse;69440;69141;Mornant;;;4.669303;45.6219
69141_0437_00004;4;;Rue Jean Palluy;69440;69141;Mornant;;;4.671965;45.617147
69141_0183_00620;620;;Route de Chaussan;69440;69141;Mornant;;;4.659435;45.626436
69141_0003_00636;636;;Rue de l'Abbaye;69440;69141;Mornant;;;4.677569;45.611172
69141_0440_00025;25;;Rue Patrin;69440;69141;Mornant;;;4.670708;45.618083
69141_0480_00016;16;;Rue de la République;69440;69141;Mornant;;;4.671623;45.618525
69141_0268_00616;616;;Chemin de la Grande Pavière;69440;69141;Mornant;;;4.677318;45.604137
69141_0080_00020;20;;Rue Bourgchanain;69440;69141;Mornant;;;4.670871;45.617521
69141_0042_00534;534;;Chemin des Arches;69440;69141;Mornant;;;4.673806;45.626772
69141_0570_00381;381;;Rue des Transporteurs;69440;69141;Mornant;;;4.705707;45.616666
69141_0508_01274;1274;;Route de Saint Sorlin;69440;69141;Mornant;;;4.655123;45.622483
69141_0503_00007;7;;Rue des Rossignols;69440;69141;Mornant;;;4.668616;45.612241
69141_0188_00532;532;;Chemin de la Civaude;69440;69141;Mornant;;;4.679117;45.612459
69141_0261_00090;90;;Boulevard du Général de Gaulle;69440;69141;Mornant;;;4.666612;45.624049
69141_0720_00005;5;;Rue de Waldwisse;69440;69141;Mornant;;;4.669484;45.621632
69141_0090_00001;1;;Chemin du Lavoir;69440;69141;Mornant;;;4.665837;45.624437
69141_0560_00016;16;;Place Saint Pierre;69440;69141;Mornant;;;4.671214;45.619109
69141_0640_00022;22;;Avenue de Verdun;69440;69141;Mornant;;;4.671277;45.621385
69141_0157_00237;237;;Route de Chassagny;69440;69141;Mornant;;;4.699238;45.607857
69141_0190_00001;1;;Avenue de la Condamine;69440;69141;Mornant;;;4.670415;45.613202
69141_0188_00049;49;;Chemin de la Civaude;69440;69141;Mornant;;;4.675756;45.616096
69141_0184_00001;1;;Impasse du Château;69440;69141;Mornant;;;4.671528;45.618815
69141_0503_00002;2;;Rue des Rossignols;69440;69141;Mornant;;;4.668282;45.612819
69141_0jze75_00002;2;;Impasse du Docteur CARREZ;69440;69141;Mornant;;;4.674565;45.621093
69141_0472_01114;1114;;Route de la Plaine;69440;69141;Mornant;;;4.657394;45.614969
69141_0065_00035;35;;Rue du Petit Bois;69440;69141;Mornant;;;4.703062;45.623713
69141_0080_00024;24;;Rue Bourgchanain;69440;69141;Mornant;;;4.671011;45.61699
69141_0090_00005;5;;Chemin du Lavoir;69440;69141;Mornant;;;4.665308;45.624418
69141_j2871u_00153;153;;Allée Thollot;69440;69141;Mornant;;;4.670623;45.611879
69141_0442_00132;132;;Chemin du Peu;69440;69141;Mornant;;;4.680504;45.617347
69141_0350_00002;2;;Allée Louis Calaferte;69440;69141;Mornant;;;4.668072;45.620901
69141_0523_00155;155;;Chemin de Sevas;69440;69141;Mornant;;;4.678931;45.620972
69141_0265_00403;403;;Route de Givors;69440;69141;Mornant;;;4.676589;45.611223
69141_0150_00002;2;;Impasse des Chapeliers;69440;69141;Mornant;;;4.671116;45.617497
69141_0480_00012;12;;Rue de la République;69440;69141;Mornant;;;4.671736;45.618599
69141_0437_00005_d;5;d;Rue Jean Palluy;69440;69141;Mornant;;;4.671798;45.616832
69141_0006_00098;98;;Chemin de l'Aérium;69440;69141;Mornant;;;4.679215;45.607427
69141_0580_00014;14;;Rue des Verchères;69440;69141;Mornant;;;4.670846;45.620306
69141_0197_00015;15;;Allée des Coteaux;69440;69141;Mornant;;;4.676036;45.613409
69141_0720_00011_bis;11;bis;Rue de Waldwisse;69440;69141;Mornant;;;4.669143;45.622213
69141_0157_00239;239;;Route de Chassagny;69440;69141;Mornant;;;4.699323;45.607795
69141_0511_00408;408;;Chemin de la Salette;69440;69141;Mornant;;;4.681691;45.61998
69141_0188_00387;387;;Chemin de la Civaude;69440;69141;Mornant;;;4.67831;45.613777
69141_0191_00058;58;;Allée de la Civaude;69440;69141;Mornant;;;4.676808;45.613795
69141_0502_00329;329;;Route du Rosséon;69440;69141;Mornant;;;4.682522;45.61896
69141_0120_00003;3;;Place Carnot;69440;69141;Mornant;;;4.671156;45.61813
69141_idl1vr_01651;1651;;Route de Beauvallon;69440;69141;Mornant;;;4.695037;45.608394
69141_0485_00073;73;;Chemin du Reservoir;69440;69141;Mornant;;;4.662792;45.633294
69141_0195_00006;6;;Chemin Claudine Brunet;69440;69141;Mornant;;;4.650932;45.614025
69141_vzrytm_00223;223;;Allée Marie Thélisson;69440;69141;Mornant;;;4.678538;45.615866
69141_0189_00135;135;;Chemin des Chênes;69440;69141;Mornant;;;4.66138;45.628038
69141_0182_00286;286;;Chemin du Château d'Eau;69440;69141;Mornant;;;4.648986;45.616541
69141_0553_00455;455;;Chemin du Stade;69440;69141;Mornant;;;4.67502;45.62229
69141_0265_00333;333;;Route de Givors;69440;69141;Mornant;;;4.676197;45.611647
69141_0351_00002_c;2;c;Rue Louis Guillaumond;69440;69141;Mornant;;;4.676917;45.618865
69141_0720_00007;7;;Rue de Waldwisse;69440;69141;Mornant;;;4.66942;45.621779
69141_ug9nd2_00037;37;;Allée des Blés Dorés;69440;69141;Mornant;;;4.680249;45.606049
69141_0523_00103;103;;Chemin de Sevas;69440;69141;Mornant;;;4.678171;45.620876
69141_0686_00082;82;;Chemin du Vieux Moulin;69440;69141;Mornant;;;4.676947;45.606206
69141_p7njsh_00052;52;;Allée Georges FLACHY;69440;69141;Mornant;;;4.65594;45.61547
69141_0014_00328;328;;Chemin de l’Ancienne Voie Ferrée;69440;69141;Mornant;;;4.680457;45.605625
69141_0426_00030_g;30;g;Chemin du Moulin;69440;69141;Mornant;;;4.657671;45.626761
69141_0066_00744;744;;Route du Bois;69440;69141;Mornant;;;4.657859;45.617485
69141_7mic5w_00018;18;;Impasse des Étoiles;69440;69141;Mornant;;;4.660354;45.627605
69141_0143_00056;56;;Chemin du Champ;69440;69141;Mornant;;;4.664269;45.62622
69141_0480_00014;14;;Rue de la République;69440;69141;Mornant;;;4.671687;45.618573
69141_0460_00004;4;;Rue des Petits Terreaux;69440;69141;Mornant;;;4.670392;45.619168
69141_0200_00020;20;;Rue du Docteur Carrez;69440;69141;Mornant;;;4.673939;45.621551
69141_0420_00009;9;;Rue Montel;69440;69141;Mornant;;;4.672146;45.618212
69141_0321_00009;9;;Rue de la Liberté;69440;69141;Mornant;;;4.670563;45.619986
69141_0192_00183;183;;Chemin de la Côte Champier;69440;69141;Mornant;;;4.680157;45.610617
69141_0077_00005;5;;Allée de Cenade;69440;69141;Mornant;;;4.665471;45.625388
69141_0188_00350;350;;Chemin de la Civaude;69440;69141;Mornant;;;4.677885;45.613916
69141_0420_00011;11;;Rue Montel;69440;69141;Mornant;;;4.672048;45.61813
69141_0120_00006;6;;Place Carnot;69440;69141;Mornant;;;4.67139;45.618187
69141_0720_00020;20;;Rue de Waldwisse;69440;69141;Mornant;;;4.669633;45.621891
69141_0553_00502;502;;Chemin du Stade;69440;69141;Mornant;;;4.674927;45.622749
69141_0060_00023;23;;Rue Boiron;69440;69141;Mornant;;;4.67265;45.616048
69141_0275_00018;18;;Rue Jean Condamin;69440;69141;Mornant;;;4.673908;45.618776
69141_qrmkze_00043;43;;Impasse des Quatre Saisons;69440;69141;Mornant;;;4.665466;45.625947
69141_0460_00012;12;;Rue des Petits Terreaux;69440;69141;Mornant;;;4.670329;45.618922
69141_idl1vr_01528;1528;;Route de Beauvallon;69440;69141;Mornant;;;4.695978;45.609202
69141_0600_00149;149;;Rue du Verdelet;69440;69141;Mornant;;;4.677051;45.617299
69141_0432_00644;644;;Route des Ollagnons;69440;69141;Mornant;;;4.679119;45.625479
69141_usaw00_00003;3;;Passage de l'Arc;69440;69141;Mornant;;;4.670121;45.620989
69141_3ihd27_00063;63;;Allée des Bauges;69440;69141;Mornant;;;4.679292;45.62176
69141_0462_00003;3;;Impasse Pierre Charve;69440;69141;Mornant;;;4.67319;45.618232
69141_jtn5ce_00096;96;;Allée Camille CLAUDEL;69440;69141;Mornant;;;4.680599;45.616212
69141_idl1vr_00380;380;;Route de Beauvallon;69440;69141;Mornant;;;4.706898;45.616577
69141_0189_00019;19;;Chemin des Chênes;69440;69141;Mornant;;;4.662875;45.628056
69141_0466_00008;8;;Boulevard du Pilat;69440;69141;Mornant;;;4.675421;45.617044
69141_0720_00021;21;;Rue de Waldwisse;69440;69141;Mornant;;;4.668576;45.623086
69141_0020_00010;10;;Boulevard des Aqueducs;69440;69141;Mornant;;;4.668915;45.61994
69141_0540_00021;21;;Avenue du Souvenir;69440;69141;Mornant;;;4.67374;45.621051
69141_0340_00001;1;;Rue de la Loire;69440;69141;Mornant;;;4.670856;45.616381
69141_0053_00349;349;;Route de Bellevue;69440;69141;Mornant;;;4.671441;45.613714
69141_0188_00704;704;;Chemin de la Civaude;69440;69141;Mornant;;;4.681148;45.611468
69141_0201_00231;231;;Route de Corsonat;69440;69141;Mornant;;;4.658229;45.605055
69141_0425_00007;7;;Allée des Monts du Lyonnais;69440;69141;Mornant;;;4.665916;45.62271
69141_0336_01087;1087;;Route du Logis Neuf;69440;69141;Mornant;;;4.687357;45.613783
69141_0003_00593;593;;Rue de l'Abbaye;69440;69141;Mornant;;;4.677699;45.611424
69141_0275_00011;11;;Rue Jean Condamin;69440;69141;Mornant;;;4.672947;45.618803
69141_0501_02161;2161;;Route de Rontalon;69440;69141;Mornant;;;4.656832;45.640728
69141_0432_00190;190;;Route des Ollagnons;69440;69141;Mornant;;;4.676241;45.622073
69141_0568_00009;9;;Rue de la Tour Ronde;69440;69141;Mornant;;;4.671621;45.618975
69141_0573_00347;347;;Chemin de La Trillonnière;69440;69141;Mornant;;;4.67421;45.612415
69141_0106_00862;862;;Chemin des Cariasses;69440;69141;Mornant;;;4.658442;45.627035
69141_0060_00010;10;;Rue Boiron;69440;69141;Mornant;;;4.672688;45.618396
69141_0060_00020;20;;Rue Boiron;69440;69141;Mornant;;;4.673213;45.617197
69141_0505_00009;9;;Allée des Rouges Gorges;69440;69141;Mornant;;;4.666344;45.612532
69141_0106_00555;555;;Chemin des Cariasses;69440;69141;Mornant;;;4.661458;45.626834
69141_0106_00554_c;554;c;Chemin des Cariasses;69440;69141;Mornant;;;4.661887;45.627265
69141_0440_00001;1;;Rue Patrin;69440;69141;Mornant;;;4.670186;45.61925
69141_0051_00003;3;;Rue de Belfort;69440;69141;Mornant;;;4.670537;45.619135
69141_0130_00025;25;;Route de Chablenas;69440;69141;Mornant;;;4.685398;45.619204
69141_0066_01352;1352;;Route du Bois;69440;69141;Mornant;;;4.656245;45.616149
69141_0620_00012;12;;Impasse du Verdelet;69440;69141;Mornant;;;4.677277;45.616602
69141_0437_00003;3;;Rue Jean Palluy;69440;69141;Mornant;;;4.672656;45.616695
69141_0446_00004;4;;Allée des Pins;69440;69141;Mornant;;;4.674159;45.622495
69141_0106_00629;629;;Chemin des Cariasses;69440;69141;Mornant;;;4.660679;45.627207
69141_0375_00770;770;;Rue de la Maison Rose;69440;69141;Mornant;;;4.703447;45.621124
69141_0310_00237;237;;Chemin du Laud;69440;69141;Mornant;;;4.67708;45.621383
69141_0442_00180;180;;Chemin du Peu;69440;69141;Mornant;;;4.681132;45.617329
69141_0106_00392;392;;Chemin des Cariasses;69440;69141;Mornant;;;4.663199;45.625996
69141_0220_00008;8;;Rue des Fifres;69440;69141;Mornant;;;4.672426;45.619194
69141_0188_00009;9;;Chemin de la Civaude;69440;69141;Mornant;;;4.675346;45.61639
69141_hubr8o_00001;1;;Passage Francis GIROUD;69440;69141;Mornant;;;4.671572;45.618387
69141_0640_00020;20;;Avenue de Verdun;69440;69141;Mornant;;;4.67107;45.621618
69141_0003_00449;449;;Rue de l'Abbaye;69440;69141;Mornant;;;4.677379;45.613031
69141_0395_00009;9;;Rue Monseigneur Chaize;69440;69141;Mornant;;;4.671163;45.618613
69141_0351_00002_a;2;a;Rue Louis Guillaumond;69440;69141;Mornant;;;4.677645;45.61852
69141_0640_00010_bis;10;bis;Avenue de Verdun;69440;69141;Mornant;;;4.670625;45.621711
69141_0442_00336;336;;Chemin du Peu;69440;69141;Mornant;;;4.682638;45.616724
69141_0140_00002;2;;Rue Chambry;69440;69141;Mornant;;;4.671648;45.618048
69141_usaw00_00002;2;;Passage de l'Arc;69440;69141;Mornant;;;4.670096;45.621045
69141_0700_00008;8;;Rue Villeneuve;69440;69141;Mornant;;;4.670317;45.620382
69141_0267_00004;4;;Allée des Grives;69440;69141;Mornant;;;4.668094;45.613673
69141_0381_00121;121;;Chemin du Mayne;69440;69141;Mornant;;;4.66991;45.618344
69141_0157_00380;380;;Route de Chassagny;69440;69141;Mornant;;;4.69986;45.607468
69141_viu01h_00089;89;;Impasse du Vieux Chêne;69440;69141;Mornant;;;4.678551;45.612472
69141_0442_00314;314;;Chemin du Peu;69440;69141;Mornant;;;4.682501;45.616905
69141_0468_00002;2;;Place de la Poste;69440;69141;Mornant;;;4.672332;45.619857
69141_0480_00024;24;;Rue de la République;69440;69141;Mornant;;;4.671295;45.618323
69141_0106_00045;45;;Chemin des Cariasses;69440;69141;Mornant;;;4.666543;45.624453
69141_0480_00002;2;;Rue de la République;69440;69141;Mornant;;;4.671987;45.618784
69141_0271_00008;8;;Rue de Hartford;69440;69141;Mornant;;;4.668422;45.621079
69141_0446_00014;14;;Allée des Pins;69440;69141;Mornant;;;4.674338;45.622177
69141_0207_00015;15;;Rue Etienne Morillon;69440;69141;Mornant;;;4.669347;45.613348
69141_0189_00054;54;;Chemin des Chênes;69440;69141;Mornant;;;4.662441;45.628163
69141_0257_00087;87;;Chemin de la Guillotière;69440;69141;Mornant;;;4.679065;45.615023
69141_qcanpc_00082;82;;Allée des Charmes;69440;69141;Mornant;;;4.66252;45.628629
69141_0523_00050;50;;Chemin de Sevas;69440;69141;Mornant;;;4.677946;45.620357
69141_usaw00_00004;4;;Passage de l'Arc;69440;69141;Mornant;;;4.670145;45.620912
69141_0425_00003;3;;Allée des Monts du Lyonnais;69440;69141;Mornant;;;4.666483;45.622601
69141_yg8esw_00019;19;;Allée Domaine de Beauvallon;69440;69141;Mornant;;;4.675641;45.614102
69141_0742_00170;170;;Rue Joseph Marie Jacquard;69440;69141;Mornant;;;4.704091;45.620555
69141_0185_00001;1;;Rue du Château;69440;69141;Mornant;;;4.671397;45.618775
69141_0243_00649;649;;Rue Capitaine Francois Garbit;69440;69141;Mornant;;;4.704155;45.615866
69141_0006_00120;120;;Chemin de l'Aérium;69440;69141;Mornant;;;4.679196;45.607202
69141_0391_00006;6;;Allée des Moineaux;69440;69141;Mornant;;;4.665985;45.611935
69141_0600_00063;63;;Rue du Verdelet;69440;69141;Mornant;;;4.676117;45.616838
69141_0200_00042;42;;Rue du Docteur Carrez;69440;69141;Mornant;;;4.672513;45.621778
69141_0272_00011;11;;Allée des Hirondelles;69440;69141;Mornant;;;4.664315;45.61136
69141_0480_00012;12;;Rue de la République;69440;69141;Mornant;;;4.671687;45.618573
69141_0188_00088;88;;Chemin de la Civaude;69440;69141;Mornant;;;4.675827;45.615724
69141_mntnta_00061;61;;Allée des Chats;69440;69141;Mornant;;;4.680283;45.619042
69141_kr9q4d_00028;28;;Allée des Aravis;69440;69141;Mornant;;;4.680404;45.620076
69141_0305_00001_bis;1;bis;Allée de Kignan;69440;69141;Mornant;;;4.666553;45.622253
69141_zbye4a_00088;88;;Allée des Oliviers;69440;69141;Mornant;;;4.678255;45.62152
69141_0275_00001;1;;Rue Jean Condamin;69440;69141;Mornant;;;4.672345;45.618824
69141_0466_00001;1;;Boulevard du Pilat;69440;69141;Mornant;;;4.676025;45.617668
69141_0053_03373;3373;;Route de Bellevue;69440;69141;Mornant;;;4.665453;45.589794
69141_0129_00448;448;;Chemin de Chablenas;69440;69141;Mornant;;;4.693257;45.627005
69141_0689_00018;18;;Chemin du Vieux Puits;69440;69141;Mornant;;;4.684178;45.618803
69141_0640_00002_a;2;a;Avenue de Verdun;69440;69141;Mornant;;;4.667875;45.624189
69141_idl1vr_01039;1039;;Route de Beauvallon;69440;69141;Mornant;;;4.701414;45.611453
69141_0540_00005;5;;Avenue du Souvenir;69440;69141;Mornant;;;4.672353;45.620352
69141_0509_00006;6;;Allée Sainte Agathe;69440;69141;Mornant;;;4.667413;45.622937
69141_0700_00017;17;;Rue Villeneuve;69440;69141;Mornant;;;4.669843;45.621194
69141_0263_00204;204;;Rue de la Grange Dodieu;69440;69141;Mornant;;;4.673583;45.623678
69141_2vbeui_00029;29;;Allée de l'Ermitage;69440;69141;Mornant;;;4.678618;45.613125
69141_j2871u_00218;218;;Allée Thollot;69440;69141;Mornant;;;4.669995;45.611783
69141_0741_00223;223;;Rue Barthelemy Thimonnier;69440;69141;Mornant;;;4.70698;45.618623
69141_0641_00331;331;;Route du Vernay;69440;69141;Mornant;;;4.695813;45.621228
69141_n9ijwt_00040;40;;Allée Belledonne;69440;69141;Mornant;;;4.677726;45.613544
69141_0157_00318;318;;Route de Chassagny;69440;69141;Mornant;;;4.699341;45.607579
69141_0185_00007;7;;Rue du Château;69440;69141;Mornant;;;4.671476;45.618596
69141_0505_00010;10;;Allée des Rouges Gorges;69440;69141;Mornant;;;4.666457;45.612474
69141_ubdeu1_00011;11;;Impasse de Germany;69440;69141;Mornant;;;4.67927;45.617092
69141_0700_00007_bis;7;bis;Rue Villeneuve;69440;69141;Mornant;;;4.670257;45.620327
69141_0395_00003;3;;Rue Monseigneur Chaize;69440;69141;Mornant;;;4.671258;45.618608
69141_0080_00027_ter;27;ter;Rue Bourgchanain;69440;69141;Mornant;;;4.671519;45.616623
69141_0279_00002;2;;Impasse Jean Schielin;69440;69141;Mornant;;;4.673053;45.615363
69141_5hxtu0_00019;19;;Rue des Alouettes;69440;69141;Mornant;;;4.665567;45.61186
69141_0432_00066;66;;Route des Ollagnons;69440;69141;Mornant;;;4.67589;45.621071
69141_idl1vr_04730;4730;;Route de Beauvallon;69440;69141;Mornant;;;4.666667;45.589596
69141_0660_00012_bis;12;bis;Rue Victor Hugo;69440;69141;Mornant;;;4.673467;45.618188
69141_0747_00460;460;;Route de Cœur;69440;69141;Mornant;;;4.66165;45.609349
69141_0090_00010;10;;Chemin du Lavoir;69440;69141;Mornant;;;4.665932;45.625028
69141_0510_00136;136;;Rue Sainte Barbe;69440;69141;Mornant;;;4.67142;45.626757
69141_0006_00132;132;;Chemin de l'Aérium;69440;69141;Mornant;;;4.679191;45.607125
69141_0520_00017;17;;Rue Serpaton;69440;69141;Mornant;;;4.674733;45.619839
69141_yg8esw_00018;18;;Allée Domaine de Beauvallon;69440;69141;Mornant;;;4.675651;45.614009
69141_0741_00150;150;;Rue Barthelemy Thimonnier;69440;69141;Mornant;;;4.707424;45.619055
69141_0275_00028_bis;28;bis;Rue Jean Condamin;69440;69141;Mornant;;;4.675896;45.618366
69141_0432_00091;91;;Route des Ollagnons;69440;69141;Mornant;;;4.675666;45.621377
69141_0195_00084;84;;Chemin Claudine Brunet;69440;69141;Mornant;;;4.650993;45.613321
69141_0501_00436;436;;Route de Rontalon;69440;69141;Mornant;;;4.66594;45.627518
69141_idl1vr_01591;1591;;Route de Beauvallon;69440;69141;Mornant;;;4.69554;45.608777
69141_0126_00063;63;;Impasse des Cedres;69440;69141;Mornant;;;4.685955;45.618128
69141_0438_00276;276;;Avenue du Pays Mornantais;69440;69141;Mornant;;;4.67234;45.625041
69141_0220_00014;14;;Rue des Fifres;69440;69141;Mornant;;;4.672734;45.618936
69141_0502_00505;505;;Route du Rosséon;69440;69141;Mornant;;;4.684655;45.619048
69141_0048_00057;57;;Chemin de Bartolaise;69440;69141;Mornant;;;4.697991;45.60763
69141_0080_00008;8;;Rue Bourgchanain;69440;69141;Mornant;;;4.67096;45.617858
69141_0432_00275;275;;Route des Ollagnons;69440;69141;Mornant;;;4.676504;45.622825
69141_0014_00344;344;;Chemin de l’Ancienne Voie Ferrée;69440;69141;Mornant;;;4.679869;45.605665
69141_0268_00728;728;;Chemin de la Grande Pavière;69440;69141;Mornant;;;4.677239;45.603443
69141_0188_00479;479;;Chemin de la Civaude;69440;69141;Mornant;;;4.679254;45.613254
69141_0384_00003;3;;Allée des Mésanges;69440;69141;Mornant;;;4.66796;45.611942
69141_sqrkwp_00148;148;;Chemin des Aulagnes;69440;69141;Mornant;;;4.680178;45.624379
69141_0053_00261;261;;Route de Bellevue;69440;69141;Mornant;;;4.670787;45.613723
69141_0275_00024;24;;Rue Jean Condamin;69440;69141;Mornant;;;4.674988;45.618615
69141_0200_00034;34;;Rue du Docteur Carrez;69440;69141;Mornant;;;4.672913;45.621622
69141_0136_00002;2;;Impasse de la Chalonnière;69440;69141;Mornant;;;4.680105;45.61551
69141_3ihd27_00069;69;;Allée des Bauges;69440;69141;Mornant;;;4.679136;45.621815
69141_0194_00048;48;;Chemin de Colora;69440;69141;Mornant;;;4.662634;45.625008
69141_0220_00012;12;;Rue des Fifres;69440;69141;Mornant;;;4.672664;45.619096
69141_0077_00004;4;;Allée de Cenade;69440;69141;Mornant;;;4.665209;45.625213
69141_0064_00028;28;;Chemin du Bois;69440;69141;Mornant;;;4.658661;45.617876
69141_0196_00058;58;;Allée de la Côte Florentin;69440;69141;Mornant;;;4.66327;45.625338
69141_0503_00029;29;;Rue des Rossignols;69440;69141;Mornant;;;4.667335;45.610779
69141_0143_00311;311;;Chemin du Champ;69440;69141;Mornant;;;4.663213;45.628379
69141_0264_00629;629;;Chemin de Germany;69440;69141;Mornant;;;4.683841;45.613982
69141_0360_00011;11;;Rue de Lyon;69440;69141;Mornant;;;4.672024;45.618941
69141_0136_00009;9;;Impasse de la Chalonnière;69440;69141;Mornant;;;4.679375;45.616183
69141_0573_00339;339;;Chemin de La Trillonnière;69440;69141;Mornant;;;4.674126;45.612463
69141_0300_00014;14;;Rue Joseph Venet;69440;69141;Mornant;;;4.671128;45.618243
69141_0060_00014;14;;Rue Boiron;69440;69141;Mornant;;;4.672712;45.617804
69141_0090_00003;3;;Chemin du Lavoir;69440;69141;Mornant;;;4.665753;45.624409
69141_0540_00006_bis;6;bis;Avenue du Souvenir;69440;69141;Mornant;;;4.673121;45.620462
69141_0391_00005;5;;Allée des Moineaux;69440;69141;Mornant;;;4.666145;45.61202
69141_0213_00008;8;;Allée des Fauvettes;69440;69141;Mornant;;;4.664508;45.612865
69141_viu01h_00180;180;;Impasse du Vieux Chêne;69440;69141;Mornant;;;4.678459;45.611839
69141_0266_00114;114;;Allée des Grandes Vignes;69440;69141;Mornant;;;4.679382;45.611281
69141_0442_00040_a;40;a;Chemin du Peu;69440;69141;Mornant;;;4.678917;45.617699
69141_0047_00061;61;;Montée des Balmes;69440;69141;Mornant;;;4.668182;45.620353
69141_0266_00145;145;;Allée des Grandes Vignes;69440;69141;Mornant;;;4.679449;45.611091
69141_0382_00037;37;;Chemin de la Marconnière;69440;69141;Mornant;;;4.678783;45.607577
69141_0460_00008;8;;Rue des Petits Terreaux;69440;69141;Mornant;;;4.670369;45.619042
69141_0183_00252;252;;Route de Chaussan;69440;69141;Mornant;;;4.663555;45.624716
69141_0640_00037;37;;Avenue de Verdun;69440;69141;Mornant;;;4.673772;45.620016
69141_0380_00010;10;;Place de la Mairie;69440;69141;Mornant;;;4.670796;45.619483
69141_fcx2bs_00018;18;;Impasse des Erables;69440;69141;Mornant;;;4.678243;45.607878
69141_0060_00020_bis;20;bis;Rue Boiron;69440;69141;Mornant;;;4.673281;45.617101
69141_0523_00082;82;;Chemin de Sevas;69440;69141;Mornant;;;4.678288;45.620497
69141_0224_00697;697;;Route de la Fillonnière;69440;69141;Mornant;;;4.648776;45.613828
69141_0220_00010_bis;10;bis;Rue des Fifres;69440;69141;Mornant;;;4.672585;45.619124
69141_0066_00780;780;;Route du Bois;69440;69141;Mornant;;;4.657273;45.617485
69141_0570_00371;371;;Rue des Transporteurs;69440;69141;Mornant;;;4.705868;45.616778
69141_0003_00584;584;;Rue de l'Abbaye;69440;69141;Mornant;;;4.677321;45.611596
69141_2whtxs_00005;5;;Passage des Fifres;69440;69141;Mornant;;;4.672826;45.619252
69141_0250_00101;101;;Rue Frédéric Monin;69440;69141;Mornant;;;4.704805;45.619814
69141_0188_00936;936;;Chemin de la Civaude;69440;69141;Mornant;;;4.683809;45.610989
69141_0263_00009;9;;Rue de la Grange Dodieu;69440;69141;Mornant;;;4.67231;45.62291
69141_idl1vr_01555;1555;;Route de Beauvallon;69440;69141;Mornant;;;4.695923;45.608981
69141_0700_00014;14;;Rue Villeneuve;69440;69141;Mornant;;;4.670279;45.621541
69141_0130_00061;61;;Route de Chablenas;69440;69141;Mornant;;;4.685002;45.619361
69141_0264_00504;504;;Chemin de Germany;69440;69141;Mornant;;;4.682365;45.614536
69141_0743_00077;77;;Chemin de Grand Val;69440;69141;Mornant;;;4.664238;45.631182
69141_0742_00120;120;;Rue Joseph Marie Jacquard;69440;69141;Mornant;;;4.70441;45.620802
69141_0006_00060;60;;Chemin de l'Aérium;69440;69141;Mornant;;;4.67961;45.607503
69141_azaouo_00006;6;;Impasse Lucie Aubrac;69440;69141;Mornant;;;4.674765;45.620732
69141_0540_00009;9;;Avenue du Souvenir;69440;69141;Mornant;;;4.672458;45.620326
69141_0432_00222;222;;Route des Ollagnons;69440;69141;Mornant;;;4.676485;45.622357
69141_0620_00003;3;;Impasse du Verdelet;69440;69141;Mornant;;;4.677698;45.61703
69141_0568_00002;2;;Rue de la Tour Ronde;69440;69141;Mornant;;;4.671371;45.619019
69141_0620_00007;7;;Impasse du Verdelet;69440;69141;Mornant;;;4.677768;45.616703
69141_ug9nd2_00068;68;;Allée des Blés Dorés;69440;69141;Mornant;;;4.679909;45.606195
69141_0426_00030_e;30;e;Chemin du Moulin;69440;69141;Mornant;;;4.6578;45.626711
69141_0184_00003;3;;Impasse du Château;69440;69141;Mornant;;;4.67167;45.618778
69141_0272_00008;8;;Allée des Hirondelles;69440;69141;Mornant;;;4.664193;45.611487
69141_0700_00010;10;;Rue Villeneuve;69440;69141;Mornant;;;4.669932;45.621267
69141_0468_00007;7;;Place de la Poste;69440;69141;Mornant;;;4.672049;45.619885
69141_0511_00492;492;;Chemin de la Salette;69440;69141;Mornant;;;4.682724;45.620101
69141_0384_00005;5;;Allée des Mésanges;69440;69141;Mornant;;;4.667772;45.611878
69141_0080_00020_bis;20;bis;Rue Bourgchanain;69440;69141;Mornant;;;4.670865;45.617489
69141_0220_00011;11;;Rue des Fifres;69440;69141;Mornant;;;4.672596;45.619181
69141_0640_00027;27;;Avenue de Verdun;69440;69141;Mornant;;;4.672681;45.620583
69141_0640_00010;10;;Avenue de Verdun;69440;69141;Mornant;;;4.670122;45.622187
69141_0573_00151;151;;Chemin de La Trillonnière;69440;69141;Mornant;;;4.672829;45.613864
69141_viu01h_00160;160;;Impasse du Vieux Chêne;69440;69141;Mornant;;;4.678286;45.61197
69141_0003_00583;583;;Rue de l'Abbaye;69440;69141;Mornant;;;4.677507;45.611659
69141_0440_00013;13;;Rue Patrin;69440;69141;Mornant;;;4.670177;45.618865
69141_0104_00067;67;;Chemin du Calichet;69440;69141;Mornant;;;4.660597;45.626618
69141_g8qk9s_00043;43;;Allée du Mornantet;69440;69141;Mornant;;;4.678972;45.607996
69141_0508_01269;1269;;Route de Saint Sorlin;69440;69141;Mornant;;;4.655043;45.62236
69141_0090_00002;2;;Chemin du Lavoir;69440;69141;Mornant;;;4.666085;45.624623
69141_0245_00004;4;;Rue François Oriol;69440;69141;Mornant;;;4.667274;45.623911
69141_0640_00004;4;;Avenue de Verdun;69440;69141;Mornant;;;4.669555;45.622663
69141_0213_00015;15;;Allée des Fauvettes;69440;69141;Mornant;;;4.664238;45.612356
69141_0003_00135;135;;Rue de l'Abbaye;69440;69141;Mornant;;;4.674776;45.614292
69141_0065_00245;245;;Rue du Petit Bois;69440;69141;Mornant;;;4.701248;45.623125
69141_5hxtu0_00001;1;;Rue des Alouettes;69440;69141;Mornant;;;4.666661;45.613108
69141_0268_00480;480;;Chemin de la Grande Pavière;69440;69141;Mornant;;;4.678221;45.605252
69141_0270_00008;8;;Rue Henri IV;69440;69141;Mornant;;;4.670173;45.61946
69141_0437_00012;12;;Rue Jean Palluy;69440;69141;Mornant;;;4.672544;45.617497
69141_0523_00114;114;;Chemin de Sevas;69440;69141;Mornant;;;4.678605;45.620652
69141_0436_00008;8;;Chemin de l'Orémus;69440;69141;Mornant;;;4.669609;45.611575
69141_2vbeui_00096;96;;Allée de l'Ermitage;69440;69141;Mornant;;;4.677791;45.612638
69141_0280_00005;5;;Rue Jean Schielin;69440;69141;Mornant;;;4.673571;45.615784
69141_0466_00001_bis;1;bis;Boulevard du Pilat;69440;69141;Mornant;;;4.675628;45.617124
69141_0520_00009_b;9;b;Rue Serpaton;69440;69141;Mornant;;;4.673693;45.619393
69141_0620_00002;2;;Impasse du Verdelet;69440;69141;Mornant;;;4.677391;45.617169
69141_0268_00145;145;;Chemin de la Grande Pavière;69440;69141;Mornant;;;4.680633;45.607541
69141_0003_00663;663;;Rue de l'Abbaye;69440;69141;Mornant;;;4.677889;45.61101
69141_my3533_00062;62;;Impasse des Ecrins;69440;69141;Mornant;;;4.679316;45.612141
69141_ubdeu1_00029;29;;Impasse de Germany;69440;69141;Mornant;;;4.679476;45.617221
69141_0065_00040;40;;Rue du Petit Bois;69440;69141;Mornant;;;4.703143;45.623536
69141_0188_00600;600;;Chemin de la Civaude;69440;69141;Mornant;;;4.680096;45.612327
69141_0600_00020;20;;Rue du Verdelet;69440;69141;Mornant;;;4.675685;45.616605
69141_0275_00024_bis;24;bis;Rue Jean Condamin;69440;69141;Mornant;;;4.675362;45.618553
69141_0523_00140;140;;Chemin de Sevas;69440;69141;Mornant;;;4.6789;45.620802
69141_0200_00002;2;;Rue du Docteur Carrez;69440;69141;Mornant;;;4.6753;45.620578
69141_0265_01051;1051;;Route de Givors;69440;69141;Mornant;;;4.68414;45.607423
69141_0520_00013;13;;Rue Serpaton;69440;69141;Mornant;;;4.674602;45.61969
69141_0197_00005;5;;Allée des Coteaux;69440;69141;Mornant;;;4.676416;45.612943
69141_0640_00058;58;;Avenue de Verdun;69440;69141;Mornant;;;4.675377;45.619268
69141_0347_00006;6;;Rue des Loriots;69440;69141;Mornant;;;4.667876;45.61323
69141_0360_00016;16;;Rue de Lyon;69440;69141;Mornant;;;4.672213;45.618778
69141_0003_00620;620;;Rue de l'Abbaye;69440;69141;Mornant;;;4.677437;45.611273
69141_0507_00514;514;;Route de Saint-Laurent-d’Agny;69440;69141;Mornant;;;4.67166;45.628742
69141_0200_00011;11;;Rue du Docteur Carrez;69440;69141;Mornant;;;4.674435;45.621004
69141_0271_00001_ter;1;ter;Rue de Hartford;69440;69141;Mornant;;;4.667305;45.62225
69141_0271_00015;15;;Rue de Hartford;69440;69141;Mornant;;;4.669086;45.621383
69141_0080_00006;6;;Rue Bourgchanain;69440;69141;Mornant;;;4.670963;45.617901
69141_0003_00226;226;;Rue de l'Abbaye;69440;69141;Mornant;;;4.674217;45.613537
69141_0641_00259;259;;Route du Vernay;69440;69141;Mornant;;;4.695394;45.621562
69141_0198_00099;99;;Chemin de la Cote;69440;69141;Mornant;;;4.699234;45.606722
69141_0391_00007;7;;Allée des Moineaux;69440;69141;Mornant;;;4.665898;45.611801
69141_0720_00042;42;;Rue de Waldwisse;69440;69141;Mornant;;;4.668857;45.622851
69141_0384_00004;4;;Allée des Mésanges;69440;69141;Mornant;;;4.667791;45.611945
69141_lh9ipf_00004;4;;Cour de la Cité;69440;69141;Mornant;;;4.670103;45.621162
69141_0460_00014;14;;Rue des Petits Terreaux;69440;69141;Mornant;;;4.670317;45.618874
69141_0183_00398;398;;Route de Chaussan;69440;69141;Mornant;;;4.661967;45.625496
69141_0468_00005;5;;Place de la Poste;69440;69141;Mornant;;;4.672057;45.620061
69141_0700_00013_bis;13;bis;Rue Villeneuve;69440;69141;Mornant;;;4.670001;45.620641
69141_0275_00022_bis;22;bis;Rue Jean Condamin;69440;69141;Mornant;;;4.674552;45.618694
69141_0568_00019;19;;Rue de la Tour Ronde;69440;69141;Mornant;;;4.671922;45.618889
69141_0188_00046;46;;Chemin de la Civaude;69440;69141;Mornant;;;4.675589;45.616045
69141_0507_00479;479;;Route de Saint-Laurent-d’Agny;69440;69141;Mornant;;;4.670957;45.628525
69141_0437_00005_c;5;c;Rue Jean Palluy;69440;69141;Mornant;;;4.671893;45.61679
69141_0508_01488;1488;;Route de Saint Sorlin;69440;69141;Mornant;;;4.652564;45.622241
69141_0255_00281;281;;Rue de la Garenniere;69440;69141;Mornant;;;4.701526;45.619097
69141_idl1vr_00188;188;;Route de Beauvallon;69440;69141;Mornant;;;4.7089;45.617932
69141_0268_00205;205;;Chemin de la Grande Pavière;69440;69141;Mornant;;;4.680359;45.606945
69141_0187_00649;649;;Chemin de Chavanne;69440;69141;Mornant;;;4.663451;45.617392
69141_0480_00009;9;;Rue de la République;69440;69141;Mornant;;;4.671757;45.618541
69141_qjeueu_00122;122;;Allée du Vercors;69440;69141;Mornant;;;4.681118;45.613178
69141_0060_00025;25;;Rue Boiron;69440;69141;Mornant;;;4.672418;45.615483
69141_0351_00111;111;;Rue Louis Guillaumond;69440;69141;Mornant;;;4.678391;45.618795
69141_0250_00005;5;;Rue Frédéric Monin;69440;69141;Mornant;;;4.703538;45.620692
69141_0207_00022;22;;Rue Etienne Morillon;69440;69141;Mornant;;;4.668958;45.613531
69141_0660_00017_c;17;c;Rue Victor Hugo;69440;69141;Mornant;;;4.674388;45.617481
69141_0051_00007;7;;Rue de Belfort;69440;69141;Mornant;;;4.670464;45.619208
69141_0292_00053;53;;Rue du Jonan;69440;69141;Mornant;;;4.70233;45.614879
69141_0426_00030;30;;Chemin du Moulin;69440;69141;Mornant;;;4.65849;45.626568
69141_idl1vr_01015;1015;;Route de Beauvallon;69440;69141;Mornant;;;4.700981;45.612363
69141_0213_00017;17;;Allée des Fauvettes;69440;69141;Mornant;;;4.664484;45.61255
69141_0268_00487;487;;Chemin de la Grande Pavière;69440;69141;Mornant;;;4.678161;45.60513
69141_0264_00595;595;;Chemin de Germany;69440;69141;Mornant;;;4.683475;45.614153
69141_0640_00038;38;;Avenue de Verdun;69440;69141;Mornant;;;4.672583;45.620434
69141_0380_00008;8;;Place de la Mairie;69440;69141;Mornant;;;4.670873;45.619467
69141_0268_00185;185;;Chemin de la Grande Pavière;69440;69141;Mornant;;;4.68051;45.607175
69141_0480_00003;3;;Rue de la République;69440;69141;Mornant;;;4.671947;45.61867
69141_0224_00649;649;;Route de la Fillonnière;69440;69141;Mornant;;;4.649249;45.614073
69141_0336_01487;1487;;Route du Logis Neuf;69440;69141;Mornant;;;4.687686;45.617079
69141_0540_00018;18;;Avenue du Souvenir;69440;69141;Mornant;;;4.67329;45.620616
69141_0747_00442;442;;Route de Cœur;69440;69141;Mornant;;;4.662081;45.609465
69141_0502_00575;575;;Route du Rosséon;69440;69141;Mornant;;;4.685521;45.618978
69141_0066_00784_a;784;a;Route du Bois;69440;69141;Mornant;;;4.657049;45.617563
69141_0189_00110;110;;Chemin des Chênes;69440;69141;Mornant;;;4.661736;45.628201
69141_0188_00047;47;;Chemin de la Civaude;69440;69141;Mornant;;;4.67571;45.616149
69141_0003_00550;550;;Rue de l'Abbaye;69440;69141;Mornant;;;4.677135;45.611869
69141_gv0gi7_00039;39;;Allée de la Meije;69440;69141;Mornant;;;4.681246;45.619692
69141_0470_00001;1;;Rue du Puits de la Forge;69440;69141;Mornant;;;4.671351;45.618069
69141_0065_00210;210;;Rue du Petit Bois;69440;69141;Mornant;;;4.701819;45.622469
69141_0240_00003;3;;Rue des Fossés;69440;69141;Mornant;;;4.670811;45.618371
69141_0446_00018;18;;Allée des Pins;69440;69141;Mornant;;;4.6746;45.622116
69141_0689_00032;32;;Chemin du Vieux Puits;69440;69141;Mornant;;;4.684228;45.618724
69141_0060_00007;7;;Rue Boiron;69440;69141;Mornant;;;4.672812;45.618389
69141_0468_00008;8;;Place de la Poste;69440;69141;Mornant;;;4.671952;45.619842
69141_5hxtu0_00008;8;;Rue des Alouettes;69440;69141;Mornant;;;4.665967;45.61337
69141_8j3wwo_00027;27;;Allée Georges FANTON;69440;69141;Mornant;;;4.669973;45.614152
69141_0640_00010;10;;Avenue de Verdun;69440;69141;Mornant;;;4.669946;45.622583
69141_0689_00017;17;;Chemin du Vieux Puits;69440;69141;Mornant;;;4.684301;45.618844
69141_0274_00004;4;;Allée Jeanne Bardey;69440;69141;Mornant;;;4.667048;45.622766
69141_qjq0vk_00057;57;;Allée des Tuileries;69440;69141;Mornant;;;4.670575;45.624035
69141_0250_00260;260;;Rue Frédéric Monin;69440;69141;Mornant;;;4.706522;45.618918
69141_0130_00011;11;;Route de Chablenas;69440;69141;Mornant;;;4.685417;45.619087
69141_yg8esw_00015;15;;Allée Domaine de Beauvallon;69440;69141;Mornant;;;4.675837;45.613723
69141_0066_00692;692;;Route du Bois;69440;69141;Mornant;;;4.658451;45.617616
69141_usaw00_00005;5;;Passage de l'Arc;69440;69141;Mornant;;;4.670186;45.620823
69141_7c2xet_00489;489;;Chemin du Bernard;69440;69141;Mornant;;;4.674871;45.608101
69141_0060_00012;12;;Rue Boiron;69440;69141;Mornant;;;4.67273;45.618311
69141_0143_00251;251;;Chemin du Champ;69440;69141;Mornant;;;4.663333;45.627794
69141_0640_00052;52;;Avenue de Verdun;69440;69141;Mornant;;;4.67495;45.61935
69141_0207_00005;5;;Rue Etienne Morillon;69440;69141;Mornant;;;4.668499;45.613653
69141_0420_00008;8;;Rue Montel;69440;69141;Mornant;;;4.672263;45.618524
69141_0264_00060;60;;Chemin de Germany;69440;69141;Mornant;;;4.678516;45.617515
69141_0197_00006;6;;Allée des Coteaux;69440;69141;Mornant;;;4.676603;45.613166
69141_0520_00007_a;7;a;Rue Serpaton;69440;69141;Mornant;;;4.67386;45.619035
69141_0720_00010;10;;Rue de Waldwisse;69440;69141;Mornant;;;4.669629;45.621639
69141_0503_00014;14;;Rue des Rossignols;69440;69141;Mornant;;;4.668123;45.611138
69141_vzrytm_00125;125;;Allée Marie Thélisson;69440;69141;Mornant;;;4.677629;45.61591
69141_1italm_00067;67;;Allée des Vergers;69440;69141;Mornant;;;4.680228;45.619721
69141_0347_00008;8;;Rue des Loriots;69440;69141;Mornant;;;4.667766;45.613134
69141_1italm_00004;4;;Allée des Vergers;69440;69141;Mornant;;;4.680222;45.620244
69141_0268_00273;273;;Chemin de la Grande Pavière;69440;69141;Mornant;;;4.679741;45.606487
69141_0503_00027;27;;Rue des Rossignols;69440;69141;Mornant;;;4.667629;45.610796
69141_ef1lhz_00044;44;;Impasse Jean ZAY;69440;69141;Mornant;;;4.67785;45.606351
69141_0190_00018;18;;Avenue de la Condamine;69440;69141;Mornant;;;4.667808;45.613028
69141_0640_00016;16;;Avenue de Verdun;69440;69141;Mornant;;;4.671677;45.620905
69141_0080_00026;26;;Rue Bourgchanain;69440;69141;Mornant;;;4.6709;45.616932
69141_0275_00008_bis;8;bis;Rue Jean Condamin;69440;69141;Mornant;;;4.673415;45.618727
69141_p697d2_00025;25;;Allée de la Chartreuse;69440;69141;Mornant;;;4.677131;45.61464
69141_5hxtu0_00012;12;;Rue des Alouettes;69440;69141;Mornant;;;4.665539;45.613385
69141_0272_00010;10;;Allée des Hirondelles;69440;69141;Mornant;;;4.664182;45.61143
69141_0437_00006;6;;Rue Jean Palluy;69440;69141;Mornant;;;4.671979;45.617402
69141_dpeo2m_00040;40;;Allée Alfred Lemoine;69440;69141;Mornant;;;4.666955;45.625224
69141_jrrfuz_00001;1;;Passage de la Gare;69440;69141;Mornant;;;4.675955;45.618749
69141_0320_00020;20;;Place de la Liberté;69440;69141;Mornant;;;4.671577;45.619163
69141_0320_00003;3;;Place de la Liberté;69440;69141;Mornant;;;4.67192;45.619395
69141_0300_00004;4;;Rue Joseph Venet;69440;69141;Mornant;;;4.670843;45.618783
69141_0640_00007;7;;Avenue de Verdun;69440;69141;Mornant;;;4.669752;45.623263
69141_0198_00074;74;;Chemin de la Cote;69440;69141;Mornant;;;4.699128;45.606962
69141_0136_00004;4;;Impasse de la Chalonnière;69440;69141;Mornant;;;4.679874;45.615693
69141_aj6pum_00034;34;;Allée du Mont Blanc;69440;69141;Mornant;;;4.679652;45.620634
69141_0746_00111;111;;Impasse de la Pavière;69440;69141;Mornant;;;4.679651;45.608524
69141_0336_01146;1146;;Route du Logis Neuf;69440;69141;Mornant;;;4.687795;45.6142
69141_0263_00099;99;;Rue de la Grange Dodieu;69440;69141;Mornant;;;4.672719;45.622965
69141_0741_00071;71;;Rue Barthelemy Thimonnier;69440;69141;Mornant;;;4.708341;45.618591
69141_idl1vr_00038;38;;Route de Beauvallon;69440;69141;Mornant;;;4.709555;45.618403
69141_idl1vr_01546;1546;;Route de Beauvallon;69440;69141;Mornant;;;4.695801;45.609077
69141_0553_00430;430;;Chemin du Stade;69440;69141;Mornant;;;4.675351;45.62217
69141_mntnta_00070;70;;Allée des Chats;69440;69141;Mornant;;;4.680416;45.619127
69141_ekomop_00084;84;;Impasse du Mûrier;69440;69141;Mornant;;;4.660965;45.637533
69141_0375_00800;800;;Rue de la Maison Rose;69440;69141;Mornant;;;4.703816;45.621374
69141_0442_00400;400;;Chemin du Peu;69440;69141;Mornant;;;4.683212;45.616323
69141_0720_00019;19;;Rue de Waldwisse;69440;69141;Mornant;;;4.668725;45.622839
69141_0060_00013;13;;Rue Boiron;69440;69141;Mornant;;;4.67289;45.617938
69141_0201_00229;229;;Route de Corsonat;69440;69141;Mornant;;;4.65924;45.606208
69141_0003_00394;394;;Rue de l'Abbaye;69440;69141;Mornant;;;4.675641;45.612593
69141_y4775w_00158;158;;Chemin Dousson;69440;69141;Mornant;;;4.640466;45.611712
69141_s1mztg_00046;46;;Allée des Trois Monts;69440;69141;Mornant;;;4.67584;45.614747
69141_0200_00024;24;;Rue du Docteur Carrez;69440;69141;Mornant;;;4.673673;45.621413
69141_0523_00011;11;;Chemin de Sevas;69440;69141;Mornant;;;4.677474;45.620204
69141_0640_00012;12;;Avenue de Verdun;69440;69141;Mornant;;;4.671155;45.621292
69141_0436_00010;10;;Chemin de l'Orémus;69440;69141;Mornant;;;4.669689;45.611316
69141_0268_00591;591;;Chemin de la Grande Pavière;69440;69141;Mornant;;;4.677543;45.60441
69141_ekomop_00068;68;;Impasse du Mûrier;69440;69141;Mornant;;;4.661246;45.637598
69141_0467_00001;1;;Impasse de la Poste;69440;69141;Mornant;;;4.672632;45.619779
69141_0268_00451;451;;Chemin de la Grande Pavière;69440;69141;Mornant;;;4.678699;45.605244
69141_0120_00005;5;;Place Carnot;69440;69141;Mornant;;;4.671374;45.618139
69141_0188_00279;279;;Chemin de la Civaude;69440;69141;Mornant;;;4.677182;45.614333
69141_0275_00010;10;;Rue Jean Condamin;69440;69141;Mornant;;;4.67347;45.618701
69141_s1mztg_00020;20;;Allée des Trois Monts;69440;69141;Mornant;;;4.676096;45.614901
69141_0014_00354;354;;Chemin de l’Ancienne Voie Ferrée;69440;69141;Mornant;;;4.679726;45.605609
69141_0310_00040;40;;Chemin du Laud;69440;69141;Mornant;;;4.67678;45.619632
69141_0130_00032;32;;Route de Chablenas;69440;69141;Mornant;;;4.685461;45.619806
69141_0194_00070;70;;Chemin de Colora;69440;69141;Mornant;;;4.662142;45.62506
69141_0275_00022;22;;Rue Jean Condamin;69440;69141;Mornant;;;4.67431;45.618753
69141_ouf04h_00085;85;;Allée de l'Oisans;69440;69141;Mornant;;;4.678763;45.614551
69141_0320_00004;4;;Place de la Liberté;69440;69141;Mornant;;;4.672027;45.619539
69141_0100_00004;4;;Rue CAREMI;69440;69141;Mornant;;;4.670624;45.618777
69141_0189_00150;150;;Chemin des Chênes;69440;69141;Mornant;;;4.661141;45.628099
69141_0560_00008;8;;Place Saint Pierre;69440;69141;Mornant;;;4.670594;45.619074
69141_5i1tgh_00024;24;;Impasse de la Grange Dodieu;69440;69141;Mornant;;;4.672804;45.622555
69141_0183_00761;761;;Route de Chaussan;69440;69141;Mornant;;;4.65751;45.62684
69141_0640_00037;37;;Avenue de Verdun;69440;69141;Mornant;;;4.674482;45.61973
69141_zbye4a_00041;41;;Allée des Oliviers;69440;69141;Mornant;;;4.677673;45.621646
69141_0051_00001;1;;Rue de Belfort;69440;69141;Mornant;;;4.67057;45.619094
69141_qjq0vk_00069;69;;Allée des Tuileries;69440;69141;Mornant;;;4.670458;45.62411
69141_0560_00005;5;;Place Saint Pierre;69440;69141;Mornant;;;4.670798;45.61921
69141_0188_00025;25;;Chemin de la Civaude;69440;69141;Mornant;;;4.675597;45.616178
69141_mntnta_00054;54;;Allée des Chats;69440;69141;Mornant;;;4.680374;45.618969
69141_0568_00005;5;;Rue de la Tour Ronde;69440;69141;Mornant;;;4.671532;45.619005
69141_0620_00004;4;;Impasse du Verdelet;69440;69141;Mornant;;;4.677476;45.61709
69141_0264_00153;153;;Chemin de Germany;69440;69141;Mornant;;;4.679462;45.616883
69141_j2871u_00056;56;;Allée Thollot;69440;69141;Mornant;;;4.670401;45.612199
69141_82hqih_00015;15;;Allée des Bambous;69440;69141;Mornant;;;4.677492;45.605001
69141_0255_00169;169;;Rue de la Garenniere;69440;69141;Mornant;;;4.702581;45.618487
69141_0383_00009;9;;Allée Mathoeus Fournereau;69440;69141;Mornant;;;4.666186;45.623052
69141_0080_00027;27;;Rue Bourgchanain;69440;69141;Mornant;;;4.671206;45.616783
69141_0264_00062;62;;Chemin de Germany;69440;69141;Mornant;;;4.678609;45.617431
69141_0383_00004;4;;Allée Mathoeus Fournereau;69440;69141;Mornant;;;4.666474;45.622977
69141_0275_00029;29;;Rue Jean Condamin;69440;69141;Mornant;;;4.676886;45.618401
69141_0432_00179;179;;Route des Ollagnons;69440;69141;Mornant;;;4.676099;45.622074
69141_0501_00199;199;;Route de Rontalon;69440;69141;Mornant;;;4.666345;45.626273
69141_0640_00032;32;;Avenue de Verdun;69440;69141;Mornant;;;4.672434;45.620592
69141_0320_00009;9;;Place de la Liberté;69440;69141;Mornant;;;4.671368;45.619898
69141_vzrytm_00066;66;;Allée Marie Thélisson;69440;69141;Mornant;;;4.67696;45.615647
69141_0360_00007;7;;Rue de Lyon;69440;69141;Mornant;;;4.671956;45.619019
69141_0503_00016;16;;Rue des Rossignols;69440;69141;Mornant;;;4.667802;45.610985
69141_nyllcq_00002;2;;Impasse des Canuts;69440;69141;Mornant;;;4.670184;45.621444
69141_jtn5ce_00064;64;;Allée Camille CLAUDEL;69440;69141;Mornant;;;4.68034;45.616436
69141_0060_00030;30;;Rue Boiron;69440;69141;Mornant;;;4.672568;45.616278
69141_0472_01054;1054;;Route de la Plaine;69440;69141;Mornant;;;4.658125;45.614791
69141_0080_00010;10;;Rue Bourgchanain;69440;69141;Mornant;;;4.670948;45.617823
69141_0511_00650;650;;Chemin de la Salette;69440;69141;Mornant;;;4.684271;45.619397
69141_0064_00222;222;;Chemin du Bois;69440;69141;Mornant;;;4.65853;45.618622
69141_0003_00447;447;;Rue de l'Abbaye;69440;69141;Mornant;;;4.677105;45.61314
69141_0560_00012;12;;Place Saint Pierre;69440;69141;Mornant;;;4.67131;45.618868
69141_0106_00401;401;;Chemin des Cariasses;69440;69141;Mornant;;;4.66301;45.625972
69141_0523_00192;192;;Chemin de Sevas;69440;69141;Mornant;;;4.679438;45.621134
69141_0523_00083;83;;Chemin de Sevas;69440;69141;Mornant;;;4.678241;45.62057
69141_0540_00011;11;;Avenue du Souvenir;69440;69141;Mornant;;;4.672505;45.620343
69141_0106_00745;745;;Chemin des Cariasses;69440;69141;Mornant;;;4.659302;45.627432
69141_0200_00012;12;;Rue du Docteur Carrez;69440;69141;Mornant;;;4.674613;45.620887
69141_0360_00013;13;;Rue de Lyon;69440;69141;Mornant;;;4.672112;45.618855
69141_idl1vr_01590;1590;;Route de Beauvallon;69440;69141;Mornant;;;4.695447;45.608842
69141_0446_00024;24;;Allée des Pins;69440;69141;Mornant;;;4.674486;45.622444
69141_g8qk9s_00074;74;;Allée du Mornantet;69440;69141;Mornant;;;4.679368;45.608178
69141_0320_00007;7;;Place de la Liberté;69440;69141;Mornant;;;4.671603;45.619836
69141_0140_00012;12;;Rue Chambry;69440;69141;Mornant;;;4.672598;45.617727
69141_0264_00083;83;;Chemin de Germany;69440;69141;Mornant;;;4.678909;45.617363
69141_0271_00014;14;;Rue de Hartford;69440;69141;Mornant;;;4.669088;45.62127
69141_p697d2_00063;63;;Allée de la Chartreuse;69440;69141;Mornant;;;4.677823;45.614943
69141_0213_00001;1;;Allée des Fauvettes;69440;69141;Mornant;;;4.66509;45.612184
69141_2whtxs_00002;2;;Passage des Fifres;69440;69141;Mornant;;;4.672795;45.619117
69141_0501_00136;136;;Route de Rontalon;69440;69141;Mornant;;;4.66695;45.626083
69141_0553_00419;419;;Chemin du Stade;69440;69141;Mornant;;;4.674983;45.621872
69141_0188_00598;598;;Chemin de la Civaude;69440;69141;Mornant;;;4.679966;45.612414
69141_0263_00102;102;;Rue de la Grange Dodieu;69440;69141;Mornant;;;4.67279;45.622957
69141_0275_00008;8;;Rue Jean Condamin;69440;69141;Mornant;;;4.673297;45.618784
69141_0442_00144;144;;Chemin du Peu;69440;69141;Mornant;;;4.680659;45.617317
69141_0511_00538;538;;Chemin de la Salette;69440;69141;Mornant;;;4.683296;45.620004
69141_0220_00007;7;;Rue des Fifres;69440;69141;Mornant;;;4.67238;45.619264
69141_0066_01459;1459;;Route du Bois;69440;69141;Mornant;;;4.656535;45.615424
69141_0441_00060;60;;Allée de la Petite Plaine;69440;69141;Mornant;;;4.657903;45.615565
69141_0382_00006;6;;Chemin de la Marconnière;69440;69141;Mornant;;;4.679122;45.607595
69141_0620_00011_bis;11;bis;Impasse du Verdelet;69440;69141;Mornant;;;4.677357;45.616459
69141_0292_00175;175;;Rue du Jonan;69440;69141;Mornant;;;4.701056;45.615569
69141_0213_00010;10;;Allée des Fauvettes;69440;69141;Mornant;;;4.664528;45.612972
69141_0432_00244;244;;Route des Ollagnons;69440;69141;Mornant;;;4.676512;45.622556
69141_0188_00530;530;;Chemin de la Civaude;69440;69141;Mornant;;;4.67923;45.612601
69141_0266_00054;54;;Allée des Grandes Vignes;69440;69141;Mornant;;;4.679779;45.611777
69141_0502_01073;1073;;Route du Rosséon;69440;69141;Mornant;;;4.691466;45.617251
69141_0501_01318;1318;;Route de Rontalon;69440;69141;Mornant;;;4.664538;45.63576
69141_0060_00023_bis;23;bis;Rue Boiron;69440;69141;Mornant;;;4.672649;45.615735
69141_0380_00007;7;;Place de la Mairie;69440;69141;Mornant;;;4.670936;45.619462
69141_0201_00234;234;;Route de Corsonat;69440;69141;Mornant;;;4.658057;45.605455
69141_0432_00032;32;;Route des Ollagnons;69440;69141;Mornant;;;4.675617;45.620845
69141_0003_00081;81;;Rue de l'Abbaye;69440;69141;Mornant;;;4.674662;45.614784
69141_sqrkwp_00106;106;;Chemin des Aulagnes;69440;69141;Mornant;;;4.679714;45.624465
69141_0375_00450;450;;Rue de la Maison Rose;69440;69141;Mornant;;;4.700853;45.618999
69141_0640_00046;46;;Avenue de Verdun;69440;69141;Mornant;;;4.67345;45.619912
69141_j2871u_00219;219;;Allée Thollot;69440;69141;Mornant;;;4.669971;45.611702
69141_0053_00422;422;;Route de Bellevue;69440;69141;Mornant;;;4.671627;45.612375
69141_77fuyu_00025;25;;Allée de la Vanoise;69440;69141;Mornant;;;4.679968;45.621567
69141_0053_00259;259;;Route de Bellevue;69440;69141;Mornant;;;4.670764;45.613779
69141_0467_00003;3;;Impasse de la Poste;69440;69141;Mornant;;;4.672638;45.619695
69141_0511_00141;141;;Chemin de la Salette;69440;69141;Mornant;;;4.6786;45.619843
69141_0660_00016;16;;Rue Victor Hugo;69440;69141;Mornant;;;4.67353;45.617674
69141_0048_00095;95;;Chemin de Bartolaise;69440;69141;Mornant;;;4.697794;45.607386
69141_0084_00015;15;;Allée des Bouvreuils;69440;69141;Mornant;;;4.665738;45.612306
69141_0720_00040_bis;40;bis;Rue de Waldwisse;69440;69141;Mornant;;;4.66904;45.622574
69141_3ihd27_00035;35;;Allée des Bauges;69440;69141;Mornant;;;4.679469;45.62154
69141_0003_00563;563;;Rue de l'Abbaye;69440;69141;Mornant;;;4.677306;45.611818
69141_0268_00414;414;;Chemin de la Grande Pavière;69440;69141;Mornant;;;4.678753;45.605901
69141_0053_00414;414;;Route de Bellevue;69440;69141;Mornant;;;4.67157;45.612467
69141_0272_00006;6;;Allée des Hirondelles;69440;69141;Mornant;;;4.664292;45.61152
69141_0600_00058;58;;Rue du Verdelet;69440;69141;Mornant;;;4.676547;45.616243
69141_0436_00002;2;;Chemin de l'Orémus;69440;69141;Mornant;;;4.669681;45.613032
69141_0441_00001;1;;Allée de la Petite Plaine;69440;69141;Mornant;;;4.656761;45.61597
69141_y4775w_00133;133;;Chemin Dousson;69440;69141;Mornant;;;4.64069;45.611575
69141_0480_00020;20;;Rue de la République;69440;69141;Mornant;;;4.671379;45.618446
69141_0189_00142;142;;Chemin des Chênes;69440;69141;Mornant;;;4.661202;45.628531
69141_0136_00001;1;;Impasse de la Chalonnière;69440;69141;Mornant;;;4.680111;45.615408
69141_ubdeu1_00017;17;;Impasse de Germany;69440;69141;Mornant;;;4.679368;45.617149
69141_0257_00055;55;;Chemin de la Guillotière;69440;69141;Mornant;;;4.679402;45.615143
69141_0224_00223;223;;Route de la Fillonnière;69440;69141;Mornant;;;4.653784;45.614855
69141_0460_00007;7;;Rue des Petits Terreaux;69440;69141;Mornant;;;4.670375;45.618891
69141_0438_00050;50;;Avenue du Pays Mornantais;69440;69141;Mornant;;;4.669803;45.62588
69141_0207_00010;10;;Rue Etienne Morillon;69440;69141;Mornant;;;4.668629;45.613845
69141_0641_00202;202;;Route du Vernay;69440;69141;Mornant;;;4.694541;45.621815
69141_0188_00669;669;;Chemin de la Civaude;69440;69141;Mornant;;;4.680819;45.612081
69141_0080_00034;34;;Rue Bourgchanain;69440;69141;Mornant;;;4.671223;45.616664
69141_sqrkwp_00142;142;;Chemin des Aulagnes;69440;69141;Mornant;;;4.680092;45.624302
69141_82hqih_00025;25;;Allée des Bambous;69440;69141;Mornant;;;4.677363;45.604949
69141_g8qk9s_00064;64;;Allée du Mornantet;69440;69141;Mornant;;;4.679212;45.608103
69141_0191_00064;64;;Allée de la Civaude;69440;69141;Mornant;;;4.677234;45.613534
69141_sqrkwp_00122;122;;Chemin des Aulagnes;69440;69141;Mornant;;;4.679855;45.624379
69141_idl1vr_01539;1539;;Route de Beauvallon;69440;69141;Mornant;;;4.696048;45.609089
69141_0744_00213;213;;Chemin de la Grange à Gonin;69440;69141;Mornant;;;4.664109;45.605587
69141_0353_00226;226;;Chemin du Luet;69440;69141;Mornant;;;4.69072;45.615512
69141_0440_00006;6;;Rue Patrin;69440;69141;Mornant;;;4.670406;45.618257
69141_0700_00004;4;;Rue Villeneuve;69440;69141;Mornant;;;4.670452;45.62022
69141_0263_00139;139;;Rue de la Grange Dodieu;69440;69141;Mornant;;;4.67303;45.623255
69141_0185_00011;11;;Rue du Château;69440;69141;Mornant;;;4.671411;45.618513
69141_0080_00005;5;;Rue Bourgchanain;69440;69141;Mornant;;;4.671044;45.617816
69141_0660_00030_a;30;a;Rue Victor Hugo;69440;69141;Mornant;;;4.67447;45.616274
69141_0511_00163;163;;Chemin de la Salette;69440;69141;Mornant;;;4.678873;45.619885
69141_0106_00590;590;;Chemin des Cariasses;69440;69141;Mornant;;;4.661176;45.6271
69141_0509_00002;2;;Allée Sainte Agathe;69440;69141;Mornant;;;4.668074;45.623462
69141_aj6pum_00025;25;;Allée du Mont Blanc;69440;69141;Mornant;;;4.679601;45.620539
69141_0224_00518;518;;Route de la Fillonnière;69440;69141;Mornant;;;4.650576;45.6144
69141_0047_00023;23;;Montée des Balmes;69440;69141;Mornant;;;4.66776;45.620368
69141_0420_00001;1;;Rue Montel;69440;69141;Mornant;;;4.672316;45.618502
69141_0224_00138;138;;Route de la Fillonnière;69440;69141;Mornant;;;4.654748;45.615326
69141_0520_00002;2;;Rue Serpaton;69440;69141;Mornant;;;4.674248;45.619266
69141_0505_00007;7;;Allée des Rouges Gorges;69440;69141;Mornant;;;4.666008;45.61278
69141_yg8esw_00005;5;;Allée Domaine de Beauvallon;69440;69141;Mornant;;;4.676277;45.614299
69141_0600_00189;189;;Rue du Verdelet;69440;69141;Mornant;;;4.67739;45.617515
69141_0120_00004;4;;Place Carnot;69440;69141;Mornant;;;4.671261;45.6181
69141_0509_00001;1;;Allée Sainte Agathe;69440;69141;Mornant;;;4.667984;45.623269
69141_nyllcq_00004;4;;Impasse des Canuts;69440;69141;Mornant;;;4.670225;45.621417
69141_0194_00050;50;;Chemin de Colora;69440;69141;Mornant;;;4.662522;45.624997
69141_0503_00017;17;;Rue des Rossignols;69440;69141;Mornant;;;4.66853;45.61129
69141_0553_00421;421;;Chemin du Stade;69440;69141;Mornant;;;4.674933;45.621948
69141_0189_00160;160;;Chemin des Chênes;69440;69141;Mornant;;;4.661007;45.628066
69141_qjq0vk_00070;70;;Allée des Tuileries;69440;69141;Mornant;;;4.670502;45.624172
69141_0503_00005_bis;5;bis;Rue des Rossignols;69440;69141;Mornant;;;4.668947;45.612441
69141_qjeueu_00118;118;;Allée du Vercors;69440;69141;Mornant;;;4.681118;45.613117
69141_0689_00039;39;;Chemin du Vieux Puits;69440;69141;Mornant;;;4.684355;45.618703
69141_0053_00351;351;;Route de Bellevue;69440;69141;Mornant;;;4.67139;45.613745
69141_0078_00066;66;;Allée de Chavanne;69440;69141;Mornant;;;4.665066;45.617687
69141_0360_00009;9;;Rue de Lyon;69440;69141;Mornant;;;4.672002;45.618975
69141_0264_00210;210;;Chemin de Germany;69440;69141;Mornant;;;4.679867;45.616344
69141_0641_00319;319;;Route du Vernay;69440;69141;Mornant;;;4.695651;45.621239
69141_0440_00021;21;;Rue Patrin;69440;69141;Mornant;;;4.670304;45.618438
69141_0047_00041;41;;Montée des Balmes;69440;69141;Mornant;;;4.668;45.620453
69141_0264_00278;278;;Chemin de Germany;69440;69141;Mornant;;;4.680304;45.615908
69141_0446_00010;10;;Allée des Pins;69440;69141;Mornant;;;4.674176;45.622225
69141_0720_00015;15;;Rue de Waldwisse;69440;69141;Mornant;;;4.668885;45.622612
69141_0442_00040_b;40;b;Chemin du Peu;69440;69141;Mornant;;;4.679116;45.617546
69141_0014_00384;384;;Chemin de l’Ancienne Voie Ferrée;69440;69141;Mornant;;;4.679617;45.605402
69141_0440_00007;7;;Rue Patrin;69440;69141;Mornant;;;4.670141;45.618974
69141_0047_00011;11;;Montée des Balmes;69440;69141;Mornant;;;4.667606;45.620372
69141_0375_00430;430;;Rue de la Maison Rose;69440;69141;Mornant;;;4.700635;45.619068
69141_0501_00161;161;;Route de Rontalon;69440;69141;Mornant;;;4.666712;45.626053
69141_0540_00015;15;;Avenue du Souvenir;69440;69141;Mornant;;;4.672918;45.620556
69141_0066_01456;1456;;Route du Bois;69440;69141;Mornant;;;4.656441;45.615247
69141_5hxtu0_00014;14;;Rue des Alouettes;69440;69141;Mornant;;;4.665288;45.613222
69141_0080_00011;11;;Rue Bourgchanain;69440;69141;Mornant;;;4.671224;45.617618
69141_0060_00021;21;;Rue Boiron;69440;69141;Mornant;;;4.672913;45.616301
69141_0462_00005;5;;Impasse Pierre Charve;69440;69141;Mornant;;;4.673221;45.61818
69141_0469_00973;973;;Chemin du Pré-d'Arnas;69440;69141;Mornant;;;4.653064;45.632537
69141_0003_00853;853;;Rue de l'Abbaye;69440;69141;Mornant;;;4.67951;45.609776
69141_0385_00268;268;;Route de Marcellat;69440;69141;Mornant;;;4.66056;45.641876
69141_0250_00367;367;;Rue Frédéric Monin;69440;69141;Mornant;;;4.706926;45.618545
69141_0051_00002;2;;Rue de Belfort;69440;69141;Mornant;;;4.670548;45.619191
69141_0400_00050;50;;Impasse de Monteclare;69440;69141;Mornant;;;4.675122;45.615607
69141_0351_00013;13;;Rue Louis Guillaumond;69440;69141;Mornant;;;4.67907;45.6183
69141_0305_00006;6;;Allée de Kignan;69440;69141;Mornant;;;4.666189;45.622438
69141_0245_00005;5;;Rue François Oriol;69440;69141;Mornant;;;4.666972;45.623709
69141_0381_00074;74;;Chemin du Mayne;69440;69141;Mornant;;;4.669691;45.618668
69141_0265_00469;469;;Route de Givors;69440;69141;Mornant;;;4.677305;45.610591
69141_0380_00001;1;;Place de la Mairie;69440;69141;Mornant;;;4.670482;45.61939
69141_0048_00130;130;;Chemin de Bartolaise;69440;69141;Mornant;;;4.697358;45.607583
69141_0224_00829;829;;Route de la Fillonnière;69440;69141;Mornant;;;4.647275;45.613097
69141_yg8esw_00008;8;;Allée Domaine de Beauvallon;69440;69141;Mornant;;;4.675767;45.614222
69141_0130_00745;745;;Route de Chablenas;69440;69141;Mornant;;;4.69216;45.622805
69141_5i1tgh_00078;78;;Impasse de la Grange Dodieu;69440;69141;Mornant;;;4.673405;45.622324
69141_0065_00250;250;;Rue du Petit Bois;69440;69141;Mornant;;;4.701042;45.623052
69141_0006_00088;88;;Chemin de l'Aérium;69440;69141;Mornant;;;4.679318;45.607555
69141_0426_00030_c;30;c;Chemin du Moulin;69440;69141;Mornant;;;4.65791;45.626692
69141_0310_00250;250;;Chemin du Laud;69440;69141;Mornant;;;4.677282;45.621618
69141_vzrytm_00428;428;;Allée Marie Thélisson;69440;69141;Mornant;;;4.676629;45.6152
69141_0106_00865;865;;Chemin des Cariasses;69440;69141;Mornant;;;4.658602;45.627065
69141_0207_00006;6;;Rue Etienne Morillon;69440;69141;Mornant;;;4.66874;45.613969
69141_0067_00127;127;;Chemin du Bois Joli;69440;69141;Mornant;;;4.656667;45.627517
69141_0505_00005;5;;Allée des Rouges Gorges;69440;69141;Mornant;;;4.666177;45.612867
69141_ef1lhz_00126;126;;Impasse Jean ZAY;69440;69141;Mornant;;;4.677221;45.606694
69141_0660_00012;12;;Rue Victor Hugo;69440;69141;Mornant;;;4.673429;45.618245
69141_0506_00020;20;;Allée du Rosséon;69440;69141;Mornant;;;4.686138;45.618533
69141_0060_00018;18;;Rue Boiron;69440;69141;Mornant;;;4.672894;45.617323
69141_kr9q4d_00010;10;;Allée des Aravis;69440;69141;Mornant;;;4.680445;45.62021
69141_0511_00076;76;;Chemin de la Salette;69440;69141;Mornant;;;4.677797;45.619911
69141_0188_00673;673;;Chemin de la Civaude;69440;69141;Mornant;;;4.680982;45.61206
69141_0640_00016;16;;Avenue de Verdun;69440;69141;Mornant;;;4.669888;45.622051
69141_0264_00256;256;;Chemin de Germany;69440;69141;Mornant;;;4.680151;45.61607
69141_0580_00010;10;;Rue des Verchères;69440;69141;Mornant;;;4.671014;45.620164
69141_0200_00001;1;;Rue du Docteur Carrez;69440;69141;Mornant;;;4.675123;45.620488
69141_0268_00068;68;;Chemin de la Grande Pavière;69440;69141;Mornant;;;4.680694;45.60814
69141_0564_00002;2;;Chemin de la Tannerie;69440;69141;Mornant;;;4.668471;45.618384
69141_0188_00101;101;;Chemin de la Civaude;69440;69141;Mornant;;;4.676239;45.615809
69141_0053_00416;416;;Route de Bellevue;69440;69141;Mornant;;;4.671385;45.612424
69141_0427_00039;39;;Chemin de Moulin Perret;69440;69141;Mornant;;;4.6538;45.629674
69141_0503_00023;23;;Rue des Rossignols;69440;69141;Mornant;;;4.668133;45.611029
69141_0720_00012;12;;Rue de Waldwisse;69440;69141;Mornant;;;4.669576;45.621682
69141_0140_00008;8;;Rue Chambry;69440;69141;Mornant;;;4.672072;45.617925
69141_0385_00076;76;;Route de Marcellat;69440;69141;Mornant;;;4.65904;45.64036
69141_0520_00003;3;;Rue Serpaton;69440;69141;Mornant;;;4.673815;45.618939
69141_0265_00305;305;;Route de Givors;69440;69141;Mornant;;;4.675906;45.6119
69141_0381_00411;411;;Chemin du Mayne;69440;69141;Mornant;;;4.670341;45.616603
69141_0264_00520;520;;Chemin de Germany;69440;69141;Mornant;;;4.682489;45.614402
69141_0100_00002;2;;Rue CAREMI;69440;69141;Mornant;;;4.670631;45.618822
69141_0501_00271;271;;Route de Rontalon;69440;69141;Mornant;;;4.665707;45.62673
69141_0263_00130;130;;Rue de la Grange Dodieu;69440;69141;Mornant;;;4.673037;45.623143
69141_ug9nd2_00014;14;;Allée des Blés Dorés;69440;69141;Mornant;;;4.680561;45.606018
69141_0745_00058;58;;Passage de la Grande Pavière;69440;69141;Mornant;;;4.680923;45.606807
69141_0183_00220;220;;Route de Chaussan;69440;69141;Mornant;;;4.663843;45.624562
69141_0523_00183;183;;Chemin de Sevas;69440;69141;Mornant;;;4.679213;45.62114
69141_0266_00150;150;;Allée des Grandes Vignes;69440;69141;Mornant;;;4.679316;45.611061
69141_j2871u_00057;57;;Allée Thollot;69440;69141;Mornant;;;4.670465;45.612261
69141_0264_00536;536;;Chemin de Germany;69440;69141;Mornant;;;4.68268;45.614336
69141_0188_00707;707;;Chemin de la Civaude;69440;69141;Mornant;;;4.682138;45.612774
69141_0468_00006;6;;Place de la Poste;69440;69141;Mornant;;;4.672041;45.620005
69141_0135_00149;149;;Chemin de la Chalonnière;69440;69141;Mornant;;;4.679854;45.614537
69141_0640_00041;41;;Avenue de Verdun;69440;69141;Mornant;;;4.676073;45.619273
69141_0224_01026;1026;;Route de la Fillonnière;69440;69141;Mornant;;;4.644984;45.611267
69141_0568_00017;17;;Rue de la Tour Ronde;69440;69141;Mornant;;;4.671868;45.618901
69141_0501_00328;328;;Route de Rontalon;69440;69141;Mornant;;;4.665462;45.627889
69141_0660_00009;9;;Rue Victor Hugo;69440;69141;Mornant;;;4.67352;45.61822
69141_0106_00554_b;554;b;Chemin des Cariasses;69440;69141;Mornant;;;4.661765;45.627313
69141_0106_00542;542;;Chemin des Cariasses;69440;69141;Mornant;;;4.661669;45.62683
69141_0150_00003;3;;Impasse des Chapeliers;69440;69141;Mornant;;;4.671112;45.61754
69141_0188_00764;764;;Chemin de la Civaude;69440;69141;Mornant;;;4.681992;45.611776
69141_0500_00002;2;;Rue Ronsard;69440;69141;Mornant;;;4.6749;45.617705
69141_0275_00007;7;;Rue Jean Condamin;69440;69141;Mornant;;;4.672673;45.618802
69141_0520_00007_c;7;c;Rue Serpaton;69440;69141;Mornant;;;4.673981;45.619124
69141_0188_00103;103;;Chemin de la Civaude;69440;69141;Mornant;;;4.676489;45.615909
69141_0460_00006;6;;Rue des Petits Terreaux;69440;69141;Mornant;;;4.670377;45.619107
69141_0600_00196;196;;Rue du Verdelet;69440;69141;Mornant;;;4.67753;45.617504
69141_0275_00033;33;;Rue Jean Condamin;69440;69141;Mornant;;;4.676651;45.61845
69141_0255_00072;72;;Rue de la Garenniere;69440;69141;Mornant;;;4.702606;45.617736
69141_0472_01000;1000;;Route de la Plaine;69440;69141;Mornant;;;4.658701;45.614636
69141_0198_00027;27;;Chemin de la Cote;69440;69141;Mornant;;;4.699524;45.607421
69141_0080_00025;25;;Rue Bourgchanain;69440;69141;Mornant;;;4.671095;45.616938
69141_0240_00001;1;;Rue des Fossés;69440;69141;Mornant;;;4.670728;45.618383
69141_0640_00009_bis;9;bis;Avenue de Verdun;69440;69141;Mornant;;;4.670109;45.622673
69141_0509_00001_bis;1;bis;Allée Sainte Agathe;69440;69141;Mornant;;;4.667833;45.623138
69141_0183_00602;602;;Route de Chaussan;69440;69141;Mornant;;;4.659661;45.626354
69141_0100_00007;7;;Rue CAREMI;69440;69141;Mornant;;;4.670548;45.618573
69141_0188_00934;934;;Chemin de la Civaude;69440;69141;Mornant;;;4.683501;45.610452
69141_0275_00004;4;;Rue Jean Condamin;69440;69141;Mornant;;;4.672645;45.618748
69141_0143_00370;370;;Chemin du Champ;69440;69141;Mornant;;;4.663971;45.628589
69141_0400_00022;22;;Impasse de Monteclare;69440;69141;Mornant;;;4.674913;45.615806
69141_0143_00306;306;;Chemin du Champ;69440;69141;Mornant;;;4.663361;45.628202
69141_0466_00009;9;;Boulevard du Pilat;69440;69141;Mornant;;;4.673611;45.614682
69141_0321_00011;11;;Rue de la Liberté;69440;69141;Mornant;;;4.670534;45.620042
69141_0090_00006;6;;Chemin du Lavoir;69440;69141;Mornant;;;4.665128;45.624779
69141_0185_00005;5;;Rue du Château;69440;69141;Mornant;;;4.671474;45.61865
69141_0060_00042;42;;Rue Boiron;69440;69141;Mornant;;;4.671907;45.616024
69141_0400_00047;47;;Impasse de Monteclare;69440;69141;Mornant;;;4.675214;45.615686
69141_0503_00031;31;;Rue des Rossignols;69440;69141;Mornant;;;4.667095;45.610909
69141_0269_00122;122;;Chemin du Granit;69440;69141;Mornant;;;4.678172;45.605969
69141_0660_00007;7;;Rue Victor Hugo;69440;69141;Mornant;;;4.673458;45.618282
69141_0265_00461;461;;Route de Givors;69440;69141;Mornant;;;4.677247;45.61067
69141_nyllcq_00006;6;;Impasse des Canuts;69440;69141;Mornant;;;4.670252;45.621396
69141_0469_00161;161;;Chemin du Pré-d'Arnas;69440;69141;Mornant;;;4.661967;45.62921
69141_0255_00428;428;;Rue de la Garenniere;69440;69141;Mornant;;;4.700138;45.61977
69141_0351_00009;9;;Rue Louis Guillaumond;69440;69141;Mornant;;;4.678553;45.618806
69141_0520_00005;5;;Rue Serpaton;69440;69141;Mornant;;;4.673855;45.618988
69141_0351_00175;175;;Rue Louis Guillaumond;69440;69141;Mornant;;;4.678961;45.618277
69141_0272_00005;5;;Allée des Hirondelles;69440;69141;Mornant;;;4.664906;45.611607
69141_0080_00022_bis;22;bis;Rue Bourgchanain;69440;69141;Mornant;;;4.670882;45.61738
69141_0560_00002;2;;Place Saint Pierre;69440;69141;Mornant;;;4.670947;45.619179
69141_0446_00020;20;;Allée des Pins;69440;69141;Mornant;;;4.674579;45.622249
69141_0200_00044;44;;Rue du Docteur Carrez;69440;69141;Mornant;;;4.672378;45.621851
69141_s1mztg_00019;19;;Allée des Trois Monts;69440;69141;Mornant;;;4.676181;45.614838
69141_0700_00009_bis;9;bis;Rue Villeneuve;69440;69141;Mornant;;;4.669832;45.620379
69141_0505_00006;6;;Allée des Rouges Gorges;69440;69141;Mornant;;;4.665999;45.61286
69141_8j3wwo_00094;94;;Allée Georges FANTON;69440;69141;Mornant;;;4.670275;45.613507
69141_0196_00022;22;;Allée de la Côte Florentin;69440;69141;Mornant;;;4.663626;45.625546
69141_0743_00192;192;;Chemin de Grand Val;69440;69141;Mornant;;;4.66511;45.632109
69141_jo5yw5_00081;81;;Allée Saint Vincent;69440;69141;Mornant;;;4.682213;45.619574
69141_0220_00001;1;;Rue des Fifres;69440;69141;Mornant;;;4.672106;45.619457
69141_0502_00553;553;;Route du Rosséon;69440;69141;Mornant;;;4.685271;45.619019
69141_0060_00029;29;;Rue Boiron;69440;69141;Mornant;;;4.671164;45.616229
69141_0060_00011;11;;Rue Boiron;69440;69141;Mornant;;;4.672904;45.618048
69141_lh9ipf_00003;3;;Cour de la Cité;69440;69141;Mornant;;;4.670084;45.62125
69141_0511_00491;491;;Chemin de la Salette;69440;69141;Mornant;;;4.682781;45.620236
69141_j2871u_00030;30;;Allée Thollot;69440;69141;Mornant;;;4.670119;45.612331
69141_0336_01612;1612;;Route du Logis Neuf;69440;69141;Mornant;;;4.687453;45.618249
69141_0265_00001;1;;Route de Givors;69440;69141;Mornant;;;4.673411;45.613933
69141_0263_00144;144;;Rue de la Grange Dodieu;69440;69141;Mornant;;;4.673148;45.623238
69141_0310_00246;246;;Chemin du Laud;69440;69141;Mornant;;;4.677203;45.621457
69141_0568_00010;10;;Rue de la Tour Ronde;69440;69141;Mornant;;;4.671718;45.618882
69141_0440_00017_bis;17;bis;Rue Patrin;69440;69141;Mornant;;;4.670165;45.618616
69141_0060_00034;34;;Rue Boiron;69440;69141;Mornant;;;4.672507;45.616074
69141_72v14n_00054;54;;Allée des Frères Lumière;69440;69141;Mornant;;;4.67078;45.62483
69141_0444_00005;5;;Allée Pierre Combet Descombes;69440;69141;Mornant;;;4.667516;45.621359
69141_0503_00012;12;;Rue des Rossignols;69440;69141;Mornant;;;4.668234;45.611192
69141_0193_00350;350;;Chemin des Côtes;69440;69141;Mornant;;;4.651051;45.611445
69141_0381_00365;365;;Chemin du Mayne;69440;69141;Mornant;;;4.670033;45.617015
69141_fcx2bs_00036;36;;Impasse des Erables;69440;69141;Mornant;;;4.678079;45.608012
69141_0640_00035;35;;Avenue de Verdun;69440;69141;Mornant;;;4.673921;45.619978
69141_0266_00042;42;;Allée des Grandes Vignes;69440;69141;Mornant;;;4.680025;45.611962
69141_0469_00880;880;;Chemin du Pré-d'Arnas;69440;69141;Mornant;;;4.654046;45.632095
69141_0243_00148;148;;Rue Capitaine Francois Garbit;69440;69141;Mornant;;;4.705798;45.619447
69141_0188_00782;782;;Chemin de la Civaude;69440;69141;Mornant;;;4.68222;45.611694
69141_qjeueu_00022;22;;Allée du Vercors;69440;69141;Mornant;;;4.680292;45.612569
69141_0189_00146;146;;Chemin des Chênes;69440;69141;Mornant;;;4.661075;45.628428
69141_0268_00732;732;;Chemin de la Grande Pavière;69440;69141;Mornant;;;4.67714;45.603417
69141_1italm_00040;40;;Allée des Vergers;69440;69141;Mornant;;;4.680168;45.619968
69141_0660_00015;15;;Rue Victor Hugo;69440;69141;Mornant;;;4.67375;45.617971
69141_0267_00001;1;;Allée des Grives;69440;69141;Mornant;;;4.668022;45.613806
69141_0553_00674;674;;Chemin du Stade;69440;69141;Mornant;;;4.673669;45.623999
69141_0213_00012;12;;Allée des Fauvettes;69440;69141;Mornant;;;4.664344;45.612976
69141_0511_00225;225;;Chemin de la Salette;69440;69141;Mornant;;;4.679479;45.620203
69141_0444_00003;3;;Allée Pierre Combet Descombes;69440;69141;Mornant;;;4.667396;45.621591
69141_0280_00004;4;;Rue Jean Schielin;69440;69141;Mornant;;;4.673649;45.615949
69141_0263_00013;13;;Rue de la Grange Dodieu;69440;69141;Mornant;;;4.672216;45.622818
69141_0268_00507;507;;Chemin de la Grande Pavière;69440;69141;Mornant;;;4.678359;45.60468
69141_0503_00005;5;;Rue des Rossignols;69440;69141;Mornant;;;4.668552;45.61248
69141_0600_00074;74;;Rue du Verdelet;69440;69141;Mornant;;;4.676301;45.616817
69141_0275_00014;14;;Rue Jean Condamin;69440;69141;Mornant;;;4.673647;45.618798
69141_0193_00020;20;;Chemin des Côtes;69440;69141;Mornant;;;4.647615;45.613183
69141_0126_00009;9;;Impasse des Cedres;69440;69141;Mornant;;;4.685912;45.618717
69141_0553_00395;395;;Chemin du Stade;69440;69141;Mornant;;;4.675479;45.62184
69141_0263_00090;90;;Rue de la Grange Dodieu;69440;69141;Mornant;;;4.672696;45.622872
69141_0047_00035;35;;Montée des Balmes;69440;69141;Mornant;;;4.667826;45.620555
69141_0564_00003;3;;Chemin de la Tannerie;69440;69141;Mornant;;;4.668364;45.618184
69141_0442_00257;257;;Chemin du Peu;69440;69141;Mornant;;;4.682133;45.617356
69141_qjeueu_00092;92;;Allée du Vercors;69440;69141;Mornant;;;4.680963;45.612883
69141_ouf04h_00040;40;;Allée de l'Oisans;69440;69141;Mornant;;;4.679306;45.614382
69141_0505_00004;4;;Allée des Rouges Gorges;69440;69141;Mornant;;;4.666261;45.612711
69141_0553_00548;548;;Chemin du Stade;69440;69141;Mornant;;;4.674574;45.623024
69141_0194_00119;119;;Chemin de Colora;69440;69141;Mornant;;;4.661653;45.624882
69141_hubr8o_00003;3;;Passage Francis GIROUD;69440;69141;Mornant;;;4.671634;45.618353
69141_0200_00010;10;;Rue du Docteur Carrez;69440;69141;Mornant;;;4.674654;45.620819
69141_0135_00391;391;;Chemin de la Chalonnière;69440;69141;Mornant;;;4.681454;45.616307
69141_0568_00013;13;;Rue de la Tour Ronde;69440;69141;Mornant;;;4.671701;45.618944
69141_0320_00018;18;;Place de la Liberté;69440;69141;Mornant;;;4.671305;45.619269
69141_0157_00235;235;;Route de Chassagny;69440;69141;Mornant;;;4.699091;45.607809
69141_n9ijwt_00042;42;;Allée Belledonne;69440;69141;Mornant;;;4.677678;45.61357
69141_0640_00029;29;;Avenue de Verdun;69440;69141;Mornant;;;4.673018;45.620377
69141_2whtxs_00001;1;;Passage des Fifres;69440;69141;Mornant;;;4.672769;45.619159
69141_0140_00005;5;;Rue Chambry;69440;69141;Mornant;;;4.67175;45.61808
69141_0305_00001;1;;Allée de Kignan;69440;69141;Mornant;;;4.666643;45.62231
69141_0077_00003;3;;Allée de Cenade;69440;69141;Mornant;;;4.665021;45.625193
69141_0264_00534;534;;Chemin de Germany;69440;69141;Mornant;;;4.6829;45.614567
69141_0266_00073;73;;Allée des Grandes Vignes;69440;69141;Mornant;;;4.679779;45.611644
69141_0660_00002;2;;Rue Victor Hugo;69440;69141;Mornant;;;4.673186;45.618525
69141_0080_00014;14;;Rue Bourgchanain;69440;69141;Mornant;;;4.670912;45.617697
69141_0200_00026;26;;Rue du Docteur Carrez;69440;69141;Mornant;;;4.673466;45.621477
69141_0431_00013;13;;Allée des Ollagnons;69440;69141;Mornant;;;4.676521;45.623105
69141_zbye4a_00063;63;;Allée des Oliviers;69440;69141;Mornant;;;4.677925;45.621567
69141_0185_00002;2;;Rue du Château;69440;69141;Mornant;;;4.671417;45.618743
69141_0275_00006_bis;6;bis;Rue Jean Condamin;69440;69141;Mornant;;;4.672746;45.618755
69141_0720_00011_ter;11;ter;Rue de Waldwisse;69440;69141;Mornant;;;4.669032;45.622357
69141_0264_00132;132;;Chemin de Germany;69440;69141;Mornant;;;4.679208;45.61696
69141_0143_00053;53;;Chemin du Champ;69440;69141;Mornant;;;4.664215;45.626153
69141_vzrytm_00051;51;;Allée Marie Thélisson;69440;69141;Mornant;;;4.676726;45.615639
69141_0471_00821;821;;Chemin des Pinattes;69440;69141;Mornant;;;4.654195;45.628784
69141_0383_00011;11;;Allée Mathoeus Fournereau;69440;69141;Mornant;;;4.666214;45.623134
69141_0540_00016;16;;Avenue du Souvenir;69440;69141;Mornant;;;4.673136;45.620539
69141_0395_00007;7;;Rue Monseigneur Chaize;69440;69141;Mornant;;;4.671212;45.618604
69141_0200_00014;14;;Rue du Docteur Carrez;69440;69141;Mornant;;;4.674385;45.621163
69141_0680_00016;16;;Impasse Victor Hugo;69440;69141;Mornant;;;4.673388;45.617935
69141_0312_00002;2;;Rue des Lazaristes;69440;69141;Mornant;;;4.673396;45.616881
69141_0460_00018;18;;Rue des Petits Terreaux;69440;69141;Mornant;;;4.670352;45.618667
69141_0640_00033;33;;Avenue de Verdun;69440;69141;Mornant;;;4.673923;45.620149
69141_1italm_00089;89;;Allée des Vergers;69440;69141;Mornant;;;4.680201;45.619525
69141_0259_00004;4;;Impasse de la Gare;69440;69141;Mornant;;;4.673905;45.618541
69141_0462_00001;1;;Impasse Pierre Charve;69440;69141;Mornant;;;4.673196;45.618397
69141_0553_00409;409;;Chemin du Stade;69440;69141;Mornant;;;4.67539;45.621959
69141_0568_00013_bis;13;bis;Rue de la Tour Ronde;69440;69141;Mornant;;;4.671753;45.618925
69141_0501_00130;130;;Route de Rontalon;69440;69141;Mornant;;;4.667036;45.625992
69141_0047_00053;53;;Montée des Balmes;69440;69141;Mornant;;;4.668122;45.620376
69141_0720_00030;30;;Rue de Waldwisse;69440;69141;Mornant;;;4.669416;45.622054
69141_0080_00030;30;;Rue Bourgchanain;69440;69141;Mornant;;;4.670999;45.616864
69141_0353_00055;55;;Chemin du Luet;69440;69141;Mornant;;;4.692425;45.61608
69141_0080_00016;16;;Rue Bourgchanain;69440;69141;Mornant;;;4.67089;45.617619
69141_0748_00047;47;;Chemin des Grandes Terres;69440;69141;Mornant;;;4.652266;45.622031
69141_0106_00144;144;;Chemin des Cariasses;69440;69141;Mornant;;;4.666032;45.625272
69141_0420_00009_bis;9;bis;Rue Montel;69440;69141;Mornant;;;4.672099;45.61817
69141_0660_00003;3;;Rue Victor Hugo;69440;69141;Mornant;;;4.673328;45.618408
69141_0501_00243;243;;Route de Rontalon;69440;69141;Mornant;;;4.666295;45.626786
69141_0442_00066;66;;Chemin du Peu;69440;69141;Mornant;;;4.67969;45.617565
69141_0380_00012;12;;Place de la Mairie;69440;69141;Mornant;;;4.670573;45.619525
69141_0060_00004;4;;Rue Boiron;69440;69141;Mornant;;;4.672516;45.618578
69141_0503_00037;37;;Rue des Rossignols;69440;69141;Mornant;;;4.666301;45.611206
69141_0003_00188;188;;Rue de l'Abbaye;69440;69141;Mornant;;;4.674383;45.613849
69141_0300_00002;2;;Rue Joseph Venet;69440;69141;Mornant;;;4.67073;45.618831
69141_0560_00006;6;;Place Saint Pierre;69440;69141;Mornant;;;4.670703;45.619164
69141_0480_00022;22;;Rue de la République;69440;69141;Mornant;;;4.671321;45.618424
69141_yg8esw_00009;9;;Allée Domaine de Beauvallon;69440;69141;Mornant;;;4.675802;45.614086
69141_0501_01442;1442;;Route de Rontalon;69440;69141;Mornant;;;4.663905;45.636887
69141_5sof1q_00018;18;;Rue Noël DELORME;69440;69141;Mornant;;;4.667172;45.620411
69141_0573_00088;88;;Chemin de La Trillonnière;69440;69141;Mornant;;;4.67234;45.614339
69141_0450_00003;3;;Impasse du Petit Champ;69440;69141;Mornant;;;4.666845;45.624926
69141_0120_00002;2;;Place Carnot;69440;69141;Mornant;;;4.671109;45.618173
69141_0106_00472;472;;Chemin des Cariasses;69440;69141;Mornant;;;4.662323;45.626446
69141_0268_00427;427;;Chemin de la Grande Pavière;69440;69141;Mornant;;;4.678577;45.605464
69141_0310_00459;459;;Chemin du Laud;69440;69141;Mornant;;;4.677231;45.623316
69141_3qlms1_00022;22;;Allée Louis PASTEUR;69440;69141;Mornant;;;4.66783;45.625343
69141_0106_00713;713;;Chemin des Cariasses;69440;69141;Mornant;;;4.659703;45.627407
69141_0580_00004;4;;Rue des Verchères;69440;69141;Mornant;;;4.671334;45.620053
69141_0060_00044;44;;Rue Boiron;69440;69141;Mornant;;;4.671158;45.616415
69141_0080_00022;22;;Rue Bourgchanain;69440;69141;Mornant;;;4.670872;45.617456
69141_9ihs1e_00044;44;;Impasse des Cerisiers;69440;69141;Mornant;;;4.67722;45.605488
69141_0441_00032;32;;Allée de la Petite Plaine;69440;69141;Mornant;;;4.657109;45.615807
69141_0207_00011;11;;Rue Etienne Morillon;69440;69141;Mornant;;;4.668987;45.613577
69141_0442_00468;468;;Chemin du Peu;69440;69141;Mornant;;;4.684024;45.61601
69141_0197_00012;12;;Allée des Coteaux;69440;69141;Mornant;;;4.676362;45.613304
69141_0jze75_00006;6;;Impasse du Docteur CARREZ;69440;69141;Mornant;;;4.674948;45.621327
69141_0360_00014;14;;Rue de Lyon;69440;69141;Mornant;;;4.672105;45.618805
69141_5hxtu0_00010;10;;Rue des Alouettes;69440;69141;Mornant;;;4.665682;45.61349
69141_0106_00455;455;;Chemin des Cariasses;69440;69141;Mornant;;;4.662445;45.62626
69141_7mic5w_00047;47;;Impasse des Étoiles;69440;69141;Mornant;;;4.660767;45.6277
69141_0257_00077;77;;Chemin de la Guillotière;69440;69141;Mornant;;;4.679129;45.61507
69141_0472_01115;1115;;Route de la Plaine;69440;69141;Mornant;;;4.657397;45.614873
69141_805u2m_00005;5;;Impasse du Passage Étroit;69440;69141;Mornant;;;4.670818;45.618436
69141_0464_00001;1;;Place Pierre Dupont;69440;69141;Mornant;;;4.673248;45.61866
69141_0200_00033;33;;Rue du Docteur Carrez;69440;69141;Mornant;;;4.672508;45.621629
69141_0506_00013;13;;Allée du Rosséon;69440;69141;Mornant;;;4.68626;45.618557
69141_0056_00067;67;;Chemin du Bénégras;69440;69141;Mornant;;;4.646747;45.613707
69141_0431_00036;36;;Allée des Ollagnons;69440;69141;Mornant;;;4.676152;45.623353
69141_0135_00277;277;;Chemin de la Chalonnière;69440;69141;Mornant;;;4.680447;45.615538
69141_0195_00057;57;;Chemin Claudine Brunet;69440;69141;Mornant;;;4.651043;45.613564
69141_0375_00300;300;;Rue de la Maison Rose;69440;69141;Mornant;;;4.701604;45.617804
69141_0257_00059;59;;Chemin de la Guillotière;69440;69141;Mornant;;;4.679391;45.615243
69141_0271_00006;6;;Rue de Hartford;69440;69141;Mornant;;;4.668002;45.621205
69141_0450_00005;5;;Impasse du Petit Champ;69440;69141;Mornant;;;4.666783;45.625047
69141_0573_00217;217;;Chemin de La Trillonnière;69440;69141;Mornant;;;4.673218;45.613332
69141_0003_00129;129;;Rue de l'Abbaye;69440;69141;Mornant;;;4.675063;45.614413
69141_0478_03014;3014;;Route de Ravel;69440;69141;Mornant;;;4.708279;45.619392
69141_0200_00028;28;;Rue du Docteur Carrez;69440;69141;Mornant;;;4.673277;45.621509
69141_0478_02648;2648;;Route de Ravel;69440;69141;Mornant;;;4.705317;45.622108
69141_0188_00410;410;;Chemin de la Civaude;69440;69141;Mornant;;;4.678146;45.613292
69141_0640_00004;4;;Avenue de Verdun;69440;69141;Mornant;;;4.669222;45.623109
69141_yg8esw_00016;16;;Allée Domaine de Beauvallon;69440;69141;Mornant;;;4.675769;45.61381
69141_0747_00378;378;;Route de Cœur;69440;69141;Mornant;;;4.662154;45.609586
69141_0478_03000;3000;;Route de Ravel;69440;69141;Mornant;;;4.707925;45.619606
69141_0502_01800;1800;;Route du Rosséon;69440;69141;Mornant;;;4.699915;45.614803
69141_0553_00597;597;;Chemin du Stade;69440;69141;Mornant;;;4.673998;45.623339
69141_0641_00293;293;;Route du Vernay;69440;69141;Mornant;;;4.695708;45.621421
69141_0213_00019;19;;Allée des Fauvettes;69440;69141;Mornant;;;4.66445;45.612734
69141_0240_00004;4;;Rue des Fossés;69440;69141;Mornant;;;4.670663;45.618369
69141_0060_00018_bis;18;bis;Rue Boiron;69440;69141;Mornant;;;4.672896;45.617264
69141_0460_00001;1;;Rue des Petits Terreaux;69440;69141;Mornant;;;4.670439;45.619173
69141_0445_00004;4;;Allée des Pinsons;69440;69141;Mornant;;;4.667527;45.611686
69141_idl1vr_00252;252;;Route de Beauvallon;69440;69141;Mornant;;;4.707799;45.617421
69141_0207_00003;3;;Rue Etienne Morillon;69440;69141;Mornant;;;4.668676;45.61381
69141_0568_00014;14;;Rue de la Tour Ronde;69440;69141;Mornant;;;4.671905;45.618825
69141_yvfht8_00035;35;;Allée du Lautaret;69440;69141;Mornant;;;4.677408;45.612112
69141_mntnta_00017;17;;Allée des Chats;69440;69141;Mornant;;;4.680237;45.618657
69141_805u2m_00003;3;;Impasse du Passage Étroit;69440;69141;Mornant;;;4.670903;45.618432
69141_0187_00496;496;;Chemin de Chavanne;69440;69141;Mornant;;;4.665109;45.617133
69141_0743_00174;174;;Chemin de Grand Val;69440;69141;Mornant;;;4.665117;45.631748
69141_0275_00005;5;;Rue Jean Condamin;69440;69141;Mornant;;;4.672569;45.61881
69141_0540_00003;3;;Avenue du Souvenir;69440;69141;Mornant;;;4.672324;45.620291
69141_0274_00001;1;;Allée Jeanne Bardey;69440;69141;Mornant;;;4.666864;45.622922
69141_0460_00009;9;;Rue des Petits Terreaux;69440;69141;Mornant;;;4.670376;45.618837
69141_0460_00001_bis;1;bis;Rue des Petits Terreaux;69440;69141;Mornant;;;4.670419;45.619118
69141_0380_00002;2;;Place de la Mairie;69440;69141;Mornant;;;4.670558;45.619322
69141_0188_00612;612;;Chemin de la Civaude;69440;69141;Mornant;;;4.68019;45.612247
69141_0140_00002_bis;2;bis;Rue Chambry;69440;69141;Mornant;;;4.671714;45.618035
69141_0467_00007;7;;Impasse de la Poste;69440;69141;Mornant;;;4.672556;45.619411
69141_0250_00026;26;;Rue Frédéric Monin;69440;69141;Mornant;;;4.703702;45.620345
69141_0080_00017;17;;Rue Bourgchanain;69440;69141;Mornant;;;4.670957;45.617316
69141_idl1vr_04176;4176;;Route de Beauvallon;69440;69141;Mornant;;;4.671791;45.593001
69141_0196_00053;53;;Allée de la Côte Florentin;69440;69141;Mornant;;;4.663402;45.625307
69141_idl1vr_01606;1606;;Route de Beauvallon;69440;69141;Mornant;;;4.69513;45.608657
69141_0259_00002;2;;Impasse de la Gare;69440;69141;Mornant;;;4.674075;45.618676
69141_0336_00055;55;;Route du Logis Neuf;69440;69141;Mornant;;;4.695125;45.609188
69141_0321_00008;8;;Rue de la Liberté;69440;69141;Mornant;;;4.670688;45.619751
69141_0320_00012;12;;Place de la Liberté;69440;69141;Mornant;;;4.671236;45.619647
69141_0207_00008;8;;Rue Etienne Morillon;69440;69141;Mornant;;;4.668692;45.613926
69141_0640_00039;39;;Avenue de Verdun;69440;69141;Mornant;;;4.676168;45.619386
69141_0274_00002;2;;Allée Jeanne Bardey;69440;69141;Mornant;;;4.666936;45.622874
69141_0520_00011;11;;Rue Serpaton;69440;69141;Mornant;;;4.674519;45.619604
69141_0446_00022;22;;Allée des Pins;69440;69141;Mornant;;;4.674583;45.62234
69141_0257_00009;9;;Chemin de la Guillotière;69440;69141;Mornant;;;4.679881;45.614893
69141_nzjd45_00095;95;;Impasse de l'Abbaye;69440;69141;Mornant;;;4.678564;45.61126
69141_qjq0vk_00019;19;;Allée des Tuileries;69440;69141;Mornant;;;4.670909;45.623793
69141_g8qk9s_00026;26;;Allée du Mornantet;69440;69141;Mornant;;;4.678917;45.607853
69141_0192_00131;131;;Chemin de la Côte Champier;69440;69141;Mornant;;;4.680455;45.610898
69141_0046_00002;2;;Rue de l’Asile;69440;69141;Mornant;;;4.672002;45.619179
69141_g8qk9s_00080;80;;Allée du Mornantet;69440;69141;Mornant;;;4.679315;45.60826
69141_82hqih_00050;50;;Allée des Bambous;69440;69141;Mornant;;;4.677051;45.604802
69141_0106_00405;405;;Chemin des Cariasses;69440;69141;Mornant;;;4.662391;45.625851
69141_0382_00243;243;;Chemin de la Marconnière;69440;69141;Mornant;;;4.676384;45.608289
69141_0264_00084;84;;Chemin de Germany;69440;69141;Mornant;;;4.678834;45.617303
69141_0600_00133;133;;Rue du Verdelet;69440;69141;Mornant;;;4.676854;45.617172
69141_0213_00002;2;;Allée des Fauvettes;69440;69141;Mornant;;;4.664618;45.612375
69141_5hxtu0_00011;11;;Rue des Alouettes;69440;69141;Mornant;;;4.665302;45.612504
69141_0502_00231;231;;Route du Rosséon;69440;69141;Mornant;;;4.681189;45.618843
69141_yg8esw_00011;11;;Allée Domaine de Beauvallon;69440;69141;Mornant;;;4.675913;45.613836
69141_0660_00020;20;;Rue Victor Hugo;69440;69141;Mornant;;;4.673897;45.617727
69141_p697d2_00080;80;;Allée de la Chartreuse;69440;69141;Mornant;;;4.677906;45.614828
69141_0501_00205;205;;Route de Rontalon;69440;69141;Mornant;;;4.666479;45.626438
69141_idl1vr_00584;584;;Route de Beauvallon;69440;69141;Mornant;;;4.704732;45.615211
69141_0257_00074;74;;Chemin de la Guillotière;69440;69141;Mornant;;;4.680636;45.614379
69141_0255_00234;234;;Rue de la Garenniere;69440;69141;Mornant;;;4.701843;45.618645
69141_idl1vr_00300;300;;Route de Beauvallon;69440;69141;Mornant;;;4.707597;45.617053
69141_0197_00016;16;;Allée des Coteaux;69440;69141;Mornant;;;4.676189;45.613461
69141_0351_00007;7;;Rue Louis Guillaumond;69440;69141;Mornant;;;4.678642;45.618945
69141_1italm_00090;90;;Allée des Vergers;69440;69141;Mornant;;;4.680101;45.619526
69141_0189_00070;70;;Chemin des Chênes;69440;69141;Mornant;;;4.66226;45.628154
69141_0351_00115;115;;Rue Louis Guillaumond;69440;69141;Mornant;;;4.678387;45.618759
69141_0272_00004;4;;Allée des Hirondelles;69440;69141;Mornant;;;4.664528;45.611524
69141_0506_00038;38;;Allée du Rosséon;69440;69141;Mornant;;;4.686323;45.618387
69141_vuepem_00034;34;;Impasse des Sources;69440;69141;Mornant;;;4.679353;45.6046
69141_0446_00008;8;;Allée des Pins;69440;69141;Mornant;;;4.674019;45.622266
69141_0188_00013;13;;Chemin de la Civaude;69440;69141;Mornant;;;4.67546;45.616304
69141_0450_00001;1;;Impasse du Petit Champ;69440;69141;Mornant;;;4.667116;45.624613
69141_yg8esw_00020;20;;Allée Domaine de Beauvallon;69440;69141;Mornant;;;4.675618;45.614241
69141_0553_00490;490;;Chemin du Stade;69440;69141;Mornant;;;4.674908;45.622609
69141_0188_00500;500;;Chemin de la Civaude;69440;69141;Mornant;;;4.679296;45.613039
69141_0060_00027;27;;Rue Boiron;69440;69141;Mornant;;;4.671585;45.616202
69141_azaouo_00005;5;;Impasse Lucie Aubrac;69440;69141;Mornant;;;4.674689;45.620726
69141_0080_00019;19;;Rue Bourgchanain;69440;69141;Mornant;;;4.67096;45.617243
69141_0090_00015;15;;Chemin du Lavoir;69440;69141;Mornant;;;4.665833;45.625091
69141_0060_00031;31;;Rue Boiron;69440;69141;Mornant;;;4.670768;45.616086
69141_0053_03471;3471;;Route de Bellevue;69440;69141;Mornant;;;4.665421;45.589178
69141_0720_00018;18;;Rue de Waldwisse;69440;69141;Mornant;;;4.669724;45.62189
69141_0080_00004;4;;Rue Bourgchanain;69440;69141;Mornant;;;4.670997;45.618037
69141_0560_00013;13;;Place Saint Pierre;69440;69141;Mornant;;;4.671346;45.618912
69141_0197_00009;9;;Allée des Coteaux;69440;69141;Mornant;;;4.67628;45.61315
69141_0268_00315;315;;Chemin de la Grande Pavière;69440;69141;Mornant;;;4.679335;45.606317
69141_0190_00019;19;;Avenue de la Condamine;69440;69141;Mornant;;;4.667816;45.612899
69141_0275_00020;20;;Rue Jean Condamin;69440;69141;Mornant;;;4.674042;45.618765
69141_vzrytm_00098;98;;Allée Marie Thélisson;69440;69141;Mornant;;;4.677276;45.615841
69141_0640_00013;13;;Avenue de Verdun;69440;69141;Mornant;;;4.670358;45.622467
69141_0568_00008;8;;Rue de la Tour Ronde;69440;69141;Mornant;;;4.671676;45.618899
69141_0047_00060;60;;Montée des Balmes;69440;69141;Mornant;;;4.668122;45.620303
69141_0351_00116;116;;Rue Louis Guillaumond;69440;69141;Mornant;;;4.677082;45.618882
69141_0266_00149;149;;Allée des Grandes Vignes;69440;69141;Mornant;;;4.67945;45.611003
69141_0351_00099;99;;Rue Louis Guillaumond;69440;69141;Mornant;;;4.678428;45.618872
69141_0640_00004_bis;4;bis;Avenue de Verdun;69440;69141;Mornant;;;4.669744;45.622588
69141_5k2va2_00020;20;;Allée des Collines;69440;69141;Mornant;;;4.675966;45.612831
69141_0143_00002;2;;Chemin du Champ;69440;69141;Mornant;;;4.664682;45.625902
69141_0436_00006_b;6;b;Chemin de l'Orémus;69440;69141;Mornant;;;4.669375;45.611714
69141_8j3wwo_00063;63;;Allée Georges FANTON;69440;69141;Mornant;;;4.670191;45.613788
69141_idl1vr_01049;1049;;Route de Beauvallon;69440;69141;Mornant;;;4.700001;45.611721
69141_0106_00434;434;;Chemin des Cariasses;69440;69141;Mornant;;;4.662728;45.626223
69141_0640_00008;8;;Avenue de Verdun;69440;69141;Mornant;;;4.669854;45.622661
69141_0053_00267;267;;Route de Bellevue;69440;69141;Mornant;;;4.670805;45.613675
69141_0310_00130;130;;Chemin du Laud;69440;69141;Mornant;;;4.676996;45.620423
69141_0580_00018;18;;Rue des Verchères;69440;69141;Mornant;;;4.670811;45.620216
69141_0053_00420;420;;Route de Bellevue;69440;69141;Mornant;;;4.671486;45.612353
69141_0501_01055;1055;;Route de Rontalon;69440;69141;Mornant;;;4.663584;45.633565
69141_0188_00272;272;;Chemin de la Civaude;69440;69141;Mornant;;;4.676983;45.61428
69141_0689_00055;55;;Chemin du Vieux Puits;69440;69141;Mornant;;;4.684475;45.618692
69141_0136_00007;7;;Impasse de la Chalonnière;69440;69141;Mornant;;;4.679591;45.616013
69141_0198_00039;39;;Chemin de la Cote;69440;69141;Mornant;;;4.699373;45.607145
69141_0445_00002;2;;Allée des Pinsons;69440;69141;Mornant;;;4.667105;45.611467
69141_yg8esw_00012;12;;Allée Domaine de Beauvallon;69440;69141;Mornant;;;4.675948;45.613782
69141_0502_00563;563;;Route du Rosséon;69440;69141;Mornant;;;4.685366;45.619006
69141_0600_00064;64;;Rue du Verdelet;69440;69141;Mornant;;;4.676376;45.616516
69141_0280_00001;1;;Rue Jean Schielin;69440;69141;Mornant;;;4.67411;45.615957
69141_0067_00025;25;;Chemin du Bois Joli;69440;69141;Mornant;;;4.657965;45.627388
69141_0191_00038;38;;Allée de la Civaude;69440;69141;Mornant;;;4.676748;45.614004
69141_0380_00004;4;;Place de la Mairie;69440;69141;Mornant;;;4.670735;45.619346
69141_0264_00304;304;;Chemin de Germany;69440;69141;Mornant;;;4.680417;45.615767
69141_0560_00004;4;;Place Saint Pierre;69440;69141;Mornant;;;4.670858;45.619216
69141_0157_00211;211;;Route de Chassagny;69440;69141;Mornant;;;4.698308;45.60817
69141_0275_00006;6;;Rue Jean Condamin;69440;69141;Mornant;;;4.672879;45.618744
69141_0503_00018;18;;Rue des Rossignols;69440;69141;Mornant;;;4.667381;45.610876
69141_0106_00120;120;;Chemin des Cariasses;69440;69141;Mornant;;;4.666151;45.62507
69141_0243_00515;515;;Rue Capitaine Francois Garbit;69440;69141;Mornant;;;4.705065;45.616472
69141_0420_00002;2;;Rue Montel;69440;69141;Mornant;;;4.672274;45.618719
69141_0271_00007;7;;Rue de Hartford;69440;69141;Mornant;;;4.668057;45.621604
69141_0431_00030;30;;Allée des Ollagnons;69440;69141;Mornant;;;4.676364;45.623287
69141_viu01h_00132;132;;Impasse du Vieux Chêne;69440;69141;Mornant;;;4.678101;45.612231
69141_0640_00014;14;;Avenue de Verdun;69440;69141;Mornant;;;4.670043;45.622244
69141_0192_00098;98;;Chemin de la Côte Champier;69440;69141;Mornant;;;4.680321;45.611114
69141_0275_00009;9;;Rue Jean Condamin;69440;69141;Mornant;;;4.672817;45.618798
69141_0442_00235;235;;Chemin du Peu;69440;69141;Mornant;;;4.681854;45.617381
69141_4onxvo_00148;148;;Impasse du Viaduc;69440;69141;Mornant;;;4.681058;45.610338
69141_0502_00373;373;;Route du Rosséon;69440;69141;Mornant;;;4.683046;45.618968
69141_0470_00003;3;;Rue du Puits de la Forge;69440;69141;Mornant;;;4.67124;45.617942
69141_0375_00077;77;;Rue de la Maison Rose;69440;69141;Mornant;;;4.703247;45.615765
69141_0437_00010;10;;Rue Jean Palluy;69440;69141;Mornant;;;4.672526;45.617419
69141_0553_00662;662;;Chemin du Stade;69440;69141;Mornant;;;4.673711;45.623891
69141_0143_00095;95;;Chemin du Champ;69440;69141;Mornant;;;4.663922;45.626482
69141_0261_01374;1374;;Boulevard du Général de Gaulle;69440;69141;Mornant;;;4.670013;45.616067
69141_0360_00001;1;;Rue de Lyon;69440;69141;Mornant;;;4.671752;45.619155
69141_0375_00419;419;;Rue de la Maison Rose;69440;69141;Mornant;;;4.700432;45.618879
69141_0640_00050;50;;Avenue de Verdun;69440;69141;Mornant;;;4.674589;45.619401
69141_0300_00001_bis;1;bis;Rue Joseph Venet;69440;69141;Mornant;;;4.671054;45.61855
69141_0553_00363;363;;Chemin du Stade;69440;69141;Mornant;;;4.675722;45.621604
69141_0381_00419;419;;Chemin du Mayne;69440;69141;Mornant;;;4.670546;45.616315
69141_0509_00005;5;;Allée Sainte Agathe;69440;69141;Mornant;;;4.667586;45.62253
69141_0502_00581;581;;Route du Rosséon;69440;69141;Mornant;;;4.685748;45.618915
69141_0570_00030;30;;Rue des Transporteurs;69440;69141;Mornant;;;4.709371;45.618743
69141_ekomop_00080;80;;Impasse du Mûrier;69440;69141;Mornant;;;4.661017;45.637567
69141_vzrytm_00135;135;;Allée Marie Thélisson;69440;69141;Mornant;;;4.677826;45.61577
69141_0445_00003;3;;Allée des Pinsons;69440;69141;Mornant;;;4.667405;45.611649
69141_0511_00162;162;;Chemin de la Salette;69440;69141;Mornant;;;4.678891;45.61979
69141_5k2va2_00058;58;;Allée des Collines;69440;69141;Mornant;;;4.675663;45.613264
69141_0268_00503;503;;Chemin de la Grande Pavière;69440;69141;Mornant;;;4.678613;45.604867
69141_hejcrb_00002;2;;Rue des Veloutiers;69440;69141;Mornant;;;4.671894;45.615744
69141_0014_00080;80;;Chemin de l’Ancienne Voie Ferrée;69440;69141;Mornant;;;4.681386;45.607502
69141_0271_00002;2;;Rue de Hartford;69440;69141;Mornant;;;4.667214;45.623347
69141_0240_00008;8;;Rue des Fossés;69440;69141;Mornant;;;4.67075;45.618341
69141_0266_00164;164;;Allée des Grandes Vignes;69440;69141;Mornant;;;4.679201;45.610972
69141_0744_00065;65;;Chemin de la Grange à Gonin;69440;69141;Mornant;;;4.664776;45.606498
69141_0060_00016;16;;Rue Boiron;69440;69141;Mornant;;;4.672788;45.617659
69141_y4775w_00115;115;;Chemin Dousson;69440;69141;Mornant;;;4.640831;45.611432
69141_0640_00039;39;;Avenue de Verdun;69440;69141;Mornant;;;4.674346;45.619619
69141_0065_00191;191;;Rue du Petit Bois;69440;69141;Mornant;;;4.702021;45.622499
69141_0135_00429;429;;Chemin de la Chalonnière;69440;69141;Mornant;;;4.681773;45.616539
69141_0446_00026;26;;Allée des Pins;69440;69141;Mornant;;;4.674422;45.622519
69141_0279_00008;8;;Impasse Jean Schielin;69440;69141;Mornant;;;4.673486;45.615323
69141_0503_00043;43;;Rue des Rossignols;69440;69141;Mornant;;;4.665597;45.611647
69141_0135_00045;45;;Chemin de la Chalonnière;69440;69141;Mornant;;;4.679337;45.613576
69141_jo5yw5_00107;107;;Allée Saint Vincent;69440;69141;Mornant;;;4.682517;45.619477
69141_5i1tgh_00080;80;;Impasse de la Grange Dodieu;69440;69141;Mornant;;;4.673485;45.622363
69141_kr9q4d_00054;54;;Allée des Aravis;69440;69141;Mornant;;;4.68037;45.619814
69141_0275_00019;19;;Rue Jean Condamin;69440;69141;Mornant;;;4.673405;45.618868
69141_qcanpc_00068;68;;Allée des Charmes;69440;69141;Mornant;;;4.662256;45.628602
69141_0213_00011;11;;Allée des Fauvettes;69440;69141;Mornant;;;4.664148;45.61214
69141_5hxtu0_00018;18;;Rue des Alouettes;69440;69141;Mornant;;;4.665111;45.612931
69141_0003_00598;598;;Rue de l'Abbaye;69440;69141;Mornant;;;4.677376;45.611473
69141_0432_00990;990;;Route des Ollagnons;69440;69141;Mornant;;;4.681783;45.628038
69141_ouf04h_00163;163;;Allée de l'Oisans;69440;69141;Mornant;;;4.678289;45.615099
69141_0381_00335;335;;Chemin du Mayne;69440;69141;Mornant;;;4.669973;45.617214
69141_0467_00005;5;;Impasse de la Poste;69440;69141;Mornant;;;4.67266;45.619437
69141_3qlms1_00047;47;;Allée Louis PASTEUR;69440;69141;Mornant;;;4.66765;45.625522
69141_lh9ipf_00002;2;;Cour de la Cité;69440;69141;Mornant;;;4.670036;45.621217
69141_0245_00003;3;;Rue François Oriol;69440;69141;Mornant;;;4.667184;45.623681
69141_0686_00020;20;;Chemin du Vieux Moulin;69440;69141;Mornant;;;4.677627;45.605916
69141_0080_00021;21;;Rue Bourgchanain;69440;69141;Mornant;;;4.670985;45.617174
69141_0047_00037;37;;Montée des Balmes;69440;69141;Mornant;;;4.667769;45.620588
69141_0192_00045;45;;Chemin de la Côte Champier;69440;69141;Mornant;;;4.680548;45.611664
69141_0240_00006;6;;Rue des Fossés;69440;69141;Mornant;;;4.670713;45.618353
69141_0200_00018;18;;Rue du Docteur Carrez;69440;69141;Mornant;;;4.673901;45.621414
69141_0197_00007;7;;Allée des Coteaux;69440;69141;Mornant;;;4.67637;45.613063
69141_0700_00009;9;;Rue Villeneuve;69440;69141;Mornant;;;4.670155;45.620457
69141_ouf04h_00032;32;;Allée de l'Oisans;69440;69141;Mornant;;;4.679398;45.614353
69141_0189_00095;95;;Chemin des Chênes;69440;69141;Mornant;;;4.66181;45.628044
69141_0351_00047;47;;Rue Louis Guillaumond;69440;69141;Mornant;;;4.678263;45.619357
69141_0271_00013;13;;Rue de Hartford;69440;69141;Mornant;;;4.668749;45.621264
69141_0053_01497;1497;;Route de Bellevue;69440;69141;Mornant;;;4.667673;45.604116
69141_0200_00006;6;;Rue du Docteur Carrez;69440;69141;Mornant;;;4.674904;45.620516
69141_0511_00686;686;;Chemin de la Salette;69440;69141;Mornant;;;4.685;45.619654
69141_0080_00001;1;;Rue Bourgchanain;69440;69141;Mornant;;;4.671069;45.618075
69141_0020_00004;4;;Boulevard des Aqueducs;69440;69141;Mornant;;;4.670012;45.619448
69141_0351_00173;173;;Rue Louis Guillaumond;69440;69141;Mornant;;;4.678972;45.618306
69141_0553_00544;544;;Chemin du Stade;69440;69141;Mornant;;;4.674719;45.623104
69141_0720_00017;17;;Rue de Waldwisse;69440;69141;Mornant;;;4.668308;45.622707
69141_0351_00010;10;;Rue Louis Guillaumond;69440;69141;Mornant;;;4.678212;45.619705
69141_0269_00062;62;;Chemin du Granit;69440;69141;Mornant;;;4.677845;45.605653
69141_0501_00106;106;;Route de Rontalon;69440;69141;Mornant;;;4.667157;45.625876
69141_0571_00124;124;;Chemin des Treynassieres;69440;69141;Mornant;;;4.693733;45.614733
69141_idl1vr_04776;4776;;Route de Beauvallon;69440;69141;Mornant;;;4.666032;45.589072
69141_0188_00118;118;;Chemin de la Civaude;69440;69141;Mornant;;;4.676072;45.615324
69141_0420_00014;14;;Rue Montel;69440;69141;Mornant;;;4.67194;45.618145
69141_0268_00512;512;;Chemin de la Grande Pavière;69440;69141;Mornant;;;4.678055;45.605148
69141_0573_00233;233;;Chemin de La Trillonnière;69440;69141;Mornant;;;4.6733;45.613197
69141_0442_00329;329;;Chemin du Peu;69440;69141;Mornant;;;4.682708;45.616834
69141_3qlms1_00050;50;;Allée Louis PASTEUR;69440;69141;Mornant;;;4.667677;45.625572
69141_idl1vr_01135;1135;;Route de Beauvallon;69440;69141;Mornant;;;4.699744;45.61155
69141_0476_00041;41;;Chemin du Rampeau;69440;69141;Mornant;;;4.682827;45.617383
69141_yg8esw_00004;4;;Allée Domaine de Beauvallon;69440;69141;Mornant;;;4.676474;45.614334
69141_0279_00004;4;;Impasse Jean Schielin;69440;69141;Mornant;;;4.673259;45.615194
69141_0250_00030;30;;Rue Frédéric Monin;69440;69141;Mornant;;;4.704132;45.620133
69141_0255_00178;178;;Rue de la Garenniere;69440;69141;Mornant;;;4.702271;45.61839
69141_0jze75_00004;4;;Impasse du Docteur CARREZ;69440;69141;Mornant;;;4.674936;45.621204
69141_0464_00002;2;;Place Pierre Dupont;69440;69141;Mornant;;;4.673143;45.618691
69141_idl1vr_01531;1531;;Route de Beauvallon;69440;69141;Mornant;;;4.696156;45.60918
69141_0143_00179;179;;Chemin du Champ;69440;69141;Mornant;;;4.663592;45.62721
69141_0014_00232;232;;Chemin de l’Ancienne Voie Ferrée;69440;69141;Mornant;;;4.681015;45.606341
69141_0220_00019;19;;Rue des Fifres;69440;69141;Mornant;;;4.672784;45.618989
69141_0427_00251;251;;Chemin de Moulin Perret;69440;69141;Mornant;;;4.654232;45.631521
69141_jtn5ce_00027;27;;Allée Camille CLAUDEL;69440;69141;Mornant;;;4.68008;45.616758
69141_0568_00004;4;;Rue de la Tour Ronde;69440;69141;Mornant;;;4.671537;45.618949
69141_0136_00011;11;;Impasse de la Chalonnière;69440;69141;Mornant;;;4.679143;45.616279
69141_0224_00092;92;;Route de la Fillonnière;69440;69141;Mornant;;;4.655326;45.615301
69141_yg8esw_00013;13;;Allée Domaine de Beauvallon;69440;69141;Mornant;;;4.676099;45.613701
69141_0748_00083;83;;Chemin des Grandes Terres;69440;69141;Mornant;;;4.65232;45.621418
69141_yg8esw_00014;14;;Allée Domaine de Beauvallon;69440;69141;Mornant;;;4.675908;45.613628
69141_0259_00008;8;;Impasse de la Gare;69440;69141;Mornant;;;4.674057;45.618385
69141_0640_00031;31;;Avenue de Verdun;69440;69141;Mornant;;;4.673763;45.620242
69141_idl1vr_01045;1045;;Route de Beauvallon;69440;69141;Mornant;;;4.701736;45.61127
69141_0510_00112;112;;Rue Sainte Barbe;69440;69141;Mornant;;;4.671278;45.626422
69141_0741_00148;148;;Rue Barthelemy Thimonnier;69440;69141;Mornant;;;4.707664;45.619059
69141_0197_00001;1;;Allée des Coteaux;69440;69141;Mornant;;;4.676269;45.61276
69141_0042_00646;646;;Chemin des Arches;69440;69141;Mornant;;;4.674267;45.627939
69141_0320_00016;16;;Place de la Liberté;69440;69141;Mornant;;;4.67105;45.619344
69141_0478_02736;2736;;Route de Ravel;69440;69141;Mornant;;;4.706181;45.620891
69141_0255_00196;196;;Rue de la Garenniere;69440;69141;Mornant;;;4.702398;45.61852
69141_0470_00002;2;;Rue du Puits de la Forge;69440;69141;Mornant;;;4.671213;45.617989
69141_0440_00005;5;;Rue Patrin;69440;69141;Mornant;;;4.670012;45.619047
69141_sqrkwp_00081;81;;Chemin des Aulagnes;69440;69141;Mornant;;;4.679456;45.624524
69141_0250_00148;148;;Rue Frédéric Monin;69440;69141;Mornant;;;4.705185;45.619582
69141_0064_00076;76;;Chemin du Bois;69440;69141;Mornant;;;4.65867;45.618306
69141_nzjd45_00079;79;;Impasse de l'Abbaye;69440;69141;Mornant;;;4.678456;45.611058
69141_0106_00084;84;;Chemin des Cariasses;69440;69141;Mornant;;;4.666371;45.624786
69141_0135_00105;105;;Chemin de la Chalonnière;69440;69141;Mornant;;;4.679721;45.614103
69141_0385_00104;104;;Route de Marcellat;69440;69141;Mornant;;;4.659326;45.640667
69141_0106_00703;703;;Chemin des Cariasses;69440;69141;Mornant;;;4.659877;45.627404
69141_0720_00034;34;;Rue de Waldwisse;69440;69141;Mornant;;;4.669446;45.622134
69141_0268_00080;80;;Chemin de la Grande Pavière;69440;69141;Mornant;;;4.680695;45.607969
69141_0014_00109;109;;Chemin de l’Ancienne Voie Ferrée;69440;69141;Mornant;;;4.681697;45.607288
69141_0462_00004;4;;Impasse Pierre Charve;69440;69141;Mornant;;;4.673113;45.618272
69141_p7njsh_00062;62;;Allée Georges FLACHY;69440;69141;Mornant;;;4.656105;45.615536
69141_0275_00025;25;;Rue Jean Condamin;69440;69141;Mornant;;;4.673636;45.618846
69141_0280_00008;8;;Rue Jean Schielin;69440;69141;Mornant;;;4.672904;45.615546
69141_0136_00013;13;;Impasse de la Chalonnière;69440;69141;Mornant;;;4.679159;45.616369
69141_77fuyu_00090;90;;Allée de la Vanoise;69440;69141;Mornant;;;4.67955;45.622107
69141_72v14n_00025;25;;Allée des Frères Lumière;69440;69141;Mornant;;;4.671135;45.624708
69141_0506_00033;33;;Allée du Rosséon;69440;69141;Mornant;;;4.686351;45.61842
69141_0476_00104;104;;Chemin du Rampeau;69440;69141;Mornant;;;4.683725;45.61737
69141_0444_00004;4;;Allée Pierre Combet Descombes;69440;69141;Mornant;;;4.667371;45.62141
69141_0272_00003;3;;Allée des Hirondelles;69440;69141;Mornant;;;4.665078;45.611685
69141_0384_00006;6;;Allée des Mésanges;69440;69141;Mornant;;;4.667849;45.611791
69141_0220_00021;21;;Rue des Fifres;69440;69141;Mornant;;;4.672773;45.618872
69141_0269_00140;140;;Chemin du Granit;69440;69141;Mornant;;;4.678459;45.605921
69141_0503_00003;3;;Rue des Rossignols;69440;69141;Mornant;;;4.668496;45.612618
69141_0064_00108;108;;Chemin du Bois;69440;69141;Mornant;;;4.658258;45.618598
69141_0066_01306;1306;;Route du Bois;69440;69141;Mornant;;;4.655976;45.616268
69141_0446_00028;28;;Allée des Pins;69440;69141;Mornant;;;4.674342;45.622581
69141_0014_00440;440;;Chemin de l’Ancienne Voie Ferrée;69440;69141;Mornant;;;4.679739;45.604747
69141_0464_00003;3;;Place Pierre Dupont;69440;69141;Mornant;;;4.673245;45.618599
69141_9ynia8_00044;44;;Petit Chemin de la Côte;69440;69141;Mornant;;;4.69907;45.607261
69141_0150_00005;5;;Impasse des Chapeliers;69440;69141;Mornant;;;4.671249;45.617467
69141_0257_00144;144;;Chemin de la Guillotière;69440;69141;Mornant;;;4.680956;45.613922
69141_0680_00001;1;;Impasse Victor Hugo;69440;69141;Mornant;;;4.673559;45.618046
69141_0207_00009;9;;Rue Etienne Morillon;69440;69141;Mornant;;;4.668802;45.613574
69141_0640_00032;32;;Avenue de Verdun;69440;69141;Mornant;;;4.672267;45.62061
69141_0194_00318;318;;Chemin de Colora;69440;69141;Mornant;;;4.66082;45.624247
69141_0183_00218;218;;Route de Chaussan;69440;69141;Mornant;;;4.664059;45.624748
69141_5hxtu0_00002;2;;Rue des Alouettes;69440;69141;Mornant;;;4.666934;45.613123
69141_0441_00053;53;;Allée de la Petite Plaine;69440;69141;Mornant;;;4.65737;45.615783
69141_my3533_00108;108;;Impasse des Ecrins;69440;69141;Mornant;;;4.678928;45.611828
69141_0060_00002;2;;Rue Boiron;69440;69141;Mornant;;;4.672395;45.61867
69141_0143_00315;315;;Chemin du Champ;69440;69141;Mornant;;;4.663352;45.628334
69141_0269_00145;145;;Chemin du Granit;69440;69141;Mornant;;;4.678562;45.606018
69141_0268_00519;519;;Chemin de la Grande Pavière;69440;69141;Mornant;;;4.677999;45.604876
69141_0476_00057;57;;Chemin du Rampeau;69440;69141;Mornant;;;4.683064;45.617404
69141_0200_00016;16;;Rue du Docteur Carrez;69440;69141;Mornant;;;4.674184;45.62124
69141_0568_00003;3;;Rue de la Tour Ronde;69440;69141;Mornant;;;4.671475;45.619019
69141_0066_01345;1345;;Route du Bois;69440;69141;Mornant;;;4.656456;45.616149
69141_0067_00097;97;;Chemin du Bois Joli;69440;69141;Mornant;;;4.657029;45.627421
69141_0240_00002;2;;Rue des Fossés;69440;69141;Mornant;;;4.670547;45.618419
69141_0425_00001;1;;Allée des Monts du Lyonnais;69440;69141;Mornant;;;4.666641;45.622473
69141_jtn5ce_00012;12;;Allée Camille CLAUDEL;69440;69141;Mornant;;;4.67994;45.616626
69141_0351_00150;150;;Rue Louis Guillaumond;69440;69141;Mornant;;;4.67781;45.618481
69141_0336_00058;58;;Route du Logis Neuf;69440;69141;Mornant;;;4.695201;45.609244
69141_0382_00135;135;;Chemin de la Marconnière;69440;69141;Mornant;;;4.67746;45.6077
69141_0100_00005;5;;Rue CAREMI;69440;69141;Mornant;;;4.670607;45.618606
69141_0188_00720;720;;Chemin de la Civaude;69440;69141;Mornant;;;4.68161;45.611897
69141_qe5zfv_00260;260;;Chemin du Lac;69440;69141;Mornant;;;4.650542;45.609089
69141_0436_00001;1;;Chemin de l'Orémus;69440;69141;Mornant;;;4.669562;45.614373
69141_8j3wwo_00091;91;;Allée Georges FANTON;69440;69141;Mornant;;;4.6703;45.613608
69141_0100_00006;6;;Rue CAREMI;69440;69141;Mornant;;;4.67062;45.618735
69141_0640_00030;30;;Avenue de Verdun;69440;69141;Mornant;;;4.67235;45.620639
69141_0400_00100;100;;Impasse de Monteclare;69440;69141;Mornant;;;4.67551;45.615233
69141_ef1lhz_00027;27;;Impasse Jean ZAY;69440;69141;Mornant;;;4.677957;45.606206
69141_0320_00010;10;;Place de la Liberté;69440;69141;Mornant;;;4.671323;45.619814
69141_fcx2bs_00035;35;;Impasse des Erables;69440;69141;Mornant;;;4.67795;45.607953
69141_0480_00001;1;;Rue de la République;69440;69141;Mornant;;;4.672022;45.618769
69141_0197_00011;11;;Allée des Coteaux;69440;69141;Mornant;;;4.67618;45.613224
69141_0157_00454;454;;Route de Chassagny;69440;69141;Mornant;;;4.700961;45.60721
69141_0580_00002;2;;Rue des Verchères;69440;69141;Mornant;;;4.671428;45.620005
69141_0183_00194;194;;Route de Chaussan;69440;69141;Mornant;;;4.664104;45.624419
69141_0106_00128;128;;Chemin des Cariasses;69440;69141;Mornant;;;4.666092;45.625127
69141_0553_00540;540;;Chemin du Stade;69440;69141;Mornant;;;4.674834;45.623088
69141_0700_00001;1;;Rue Villeneuve;69440;69141;Mornant;;;4.670437;45.620156
69141_0140_00004;4;;Rue Chambry;69440;69141;Mornant;;;4.671862;45.618
69141_0437_00006;6;;Rue Jean Palluy;69440;69141;Mornant;;;4.672108;45.617277
69141_0271_00005;5;;Rue de Hartford;69440;69141;Mornant;;;4.667821;45.621735
69141_0700_00007;7;;Rue Villeneuve;69440;69141;Mornant;;;4.670207;45.620284
69141_kr9q4d_00031;31;;Allée des Aravis;69440;69141;Mornant;;;4.680507;45.619989
69141_0200_00038;38;;Rue du Docteur Carrez;69440;69141;Mornant;;;4.672669;45.621712
69141_0066_00784_b;784;b;Route du Bois;69440;69141;Mornant;;;4.657198;45.61765
69141_0266_00208;208;;Allée des Grandes Vignes;69440;69141;Mornant;;;4.679318;45.610473
69141_yg8esw_00017;17;;Allée Domaine de Beauvallon;69440;69141;Mornant;;;4.675719;45.613885
69141_0183_00837;837;;Route de Chaussan;69440;69141;Mornant;;;4.656766;45.626998
69141_0440_00003;3;;Rue Patrin;69440;69141;Mornant;;;4.670052;45.619124
69141_0200_00009;9;;Rue du Docteur Carrez;69440;69141;Mornant;;;4.674476;45.620707
69141_0353_00223;223;;Chemin du Luet;69440;69141;Mornant;;;4.690538;45.61532
69141_0188_00341;341;;Chemin de la Civaude;69440;69141;Mornant;;;4.677882;45.614085
69141_8j3wwo_00033;33;;Allée Georges FANTON;69440;69141;Mornant;;;4.670071;45.614125
69141_0660_00014;14;;Rue Victor Hugo;69440;69141;Mornant;;;4.673481;45.618135
69141_0080_00002;2;;Rue Bourgchanain;69440;69141;Mornant;;;4.67103;45.618109
69141_0243_00550;550;;Rue Capitaine Francois Garbit;69440;69141;Mornant;;;4.704248;45.616161
69141_0432_00255;255;;Route des Ollagnons;69440;69141;Mornant;;;4.676454;45.622684
69141_0321_00003;3;;Rue de la Liberté;69440;69141;Mornant;;;4.670613;45.619685
69141_0047_00058;58;;Montée des Balmes;69440;69141;Mornant;;;4.668075;45.620328
69141_0437_00005;5;;Rue Jean Palluy;69440;69141;Mornant;;;4.672153;45.616758
69141_0640_00025;25;;Avenue de Verdun;69440;69141;Mornant;;;4.67247;45.620786
69141_0478_02960;2960;;Route de Ravel;69440;69141;Mornant;;;4.707583;45.619839
69141_0640_00034;34;;Avenue de Verdun;69440;69141;Mornant;;;4.672452;45.62055
69141_0268_00551;551;;Chemin de la Grande Pavière;69440;69141;Mornant;;;4.678072;45.604558
69141_0268_00392;392;;Chemin de la Grande Pavière;69440;69141;Mornant;;;4.678754;45.606049
69141_0471_00014;14;;Chemin des Pinattes;69440;69141;Mornant;;;4.652061;45.622299
69141_0143_00073;73;;Chemin du Champ;69440;69141;Mornant;;;4.664077;45.62632
69141_0292_00050;50;;Rue du Jonan;69440;69141;Mornant;;;4.702418;45.61478
69141_0720_00028;28;;Rue de Waldwisse;69440;69141;Mornant;;;4.669407;45.621967
69141_0066_00702;702;;Route du Bois;69440;69141;Mornant;;;4.658202;45.617588
69141_0381_00417;417;;Chemin du Mayne;69440;69141;Mornant;;;4.67039;45.616539
69141_0503_00021;21;;Rue des Rossignols;69440;69141;Mornant;;;4.668278;45.611116
69141_0501_00059;59;;Route de Rontalon;69440;69141;Mornant;;;4.667337;45.625354
69141_0640_00048;48;;Avenue de Verdun;69440;69141;Mornant;;;4.673699;45.619795
69141_0744_00238;238;;Chemin de la Grange à Gonin;69440;69141;Mornant;;;4.663892;45.605461
69141_0197_00002;2;;Allée des Coteaux;69440;69141;Mornant;;;4.67662;45.61304
69141_0198_00097;97;;Chemin de la Cote;69440;69141;Mornant;;;4.699151;45.606849
69141_0442_00182;182;;Chemin du Peu;69440;69141;Mornant;;;4.681117;45.617036
69141_0503_00001;1;;Rue des Rossignols;69440;69141;Mornant;;;4.66846;45.612867
69141_0080_00027_bis;27;bis;Rue Bourgchanain;69440;69141;Mornant;;;4.671398;45.616635
69141_0480_00005;5;;Rue de la République;69440;69141;Mornant;;;4.671808;45.618569
69141_0275_00024_a;24;a;Rue Jean Condamin;69440;69141;Mornant;;;4.675192;45.618573
69141_0263_00001;1;;Rue de la Grange Dodieu;69440;69141;Mornant;;;4.672072;45.622882
69141_hejcrb_00001;1;;Rue des Veloutiers;69440;69141;Mornant;;;4.67203;45.615432
69141_0268_00295;295;;Chemin de la Grande Pavière;69440;69141;Mornant;;;4.679579;45.606264
69141_0505_00001;1;;Allée des Rouges Gorges;69440;69141;Mornant;;;4.666838;45.612747
69141_0520_00021;21;;Rue Serpaton;69440;69141;Mornant;;;4.674975;45.620021
69141_0220_00013;13;;Rue des Fifres;69440;69141;Mornant;;;4.672697;45.619122
69141_0432_01216;1216;;Route des Ollagnons;69440;69141;Mornant;;;4.682927;45.629443
69141_0427_00734;734;;Chemin de Moulin Perret;69440;69141;Mornant;;;4.655874;45.63556
69141_0060_00028;28;;Rue Boiron;69440;69141;Mornant;;;4.672695;45.616452
69141_0014_00158;158;;Chemin de l’Ancienne Voie Ferrée;69440;69141;Mornant;;;4.681641;45.606838
69141_0720_00026;26;;Rue de Waldwisse;69440;69141;Mornant;;;4.669473;45.621873
69141_0300_00010;10;;Rue Joseph Venet;69440;69141;Mornant;;;4.671127;45.618437
69141_0471_00398;398;;Chemin des Pinattes;69440;69141;Mornant;;;4.651006;45.625831
69141_0243_00114;114;;Rue Capitaine Francois Garbit;69440;69141;Mornant;;;4.705903;45.619701
69141_0382_00143;143;;Chemin de la Marconnière;69440;69141;Mornant;;;4.677267;45.60786
69141_0257_00033;33;;Chemin de la Guillotière;69440;69141;Mornant;;;4.679628;45.615004
69141_p7njsh_00035;35;;Allée Georges FLACHY;69440;69141;Mornant;;;4.655755;45.615577
69141_0480_00010;10;;Rue de la République;69440;69141;Mornant;;;4.671793;45.61862
69141_0501_00163;163;;Route de Rontalon;69440;69141;Mornant;;;4.666716;45.626139
69141_u3kigd_00060;60;;Allée Louis REY;69440;69141;Mornant;;;4.675018;45.613502
69141_0640_00008;8;;Avenue de Verdun;69440;69141;Mornant;;;4.669791;45.621997
69141_dpeo2m_00052;52;;Allée Alfred Lemoine;69440;69141;Mornant;;;4.66701;45.625096
69141_0480_00008;8;;Rue de la République;69440;69141;Mornant;;;4.67185;45.618649
69141_0042_00455;455;;Chemin des Arches;69440;69141;Mornant;;;4.672753;45.626508
69141_0640_00009;9;;Avenue de Verdun;69440;69141;Mornant;;;4.669973;45.622741
69141_0275_00017;17;;Rue Jean Condamin;69440;69141;Mornant;;;4.673286;45.618831
69141_0266_00189;189;;Allée des Grandes Vignes;69440;69141;Mornant;;;4.679404;45.610739
69141_3qlms1_00012;12;;Allée Louis PASTEUR;69440;69141;Mornant;;;4.667727;45.625299
69141_cpbwn6_00155;155;;Allée Maurice Nude;69440;69141;Mornant;;;4.650152;45.617316
69141_0444_00001;1;;Allée Pierre Combet Descombes;69440;69141;Mornant;;;4.667285;45.621908
69141_0183_00216;216;;Route de Chaussan;69440;69141;Mornant;;;4.664177;45.624868
69141_0188_00062;62;;Chemin de la Civaude;69440;69141;Mornant;;;4.675689;45.615933
69141_0255_00369;369;;Rue de la Garenniere;69440;69141;Mornant;;;4.700669;45.619606
69141_0240_00012;12;;Rue des Fossés;69440;69141;Mornant;;;4.670981;45.618328
69141_0445_00009;9;;Allée des Pinsons;69440;69141;Mornant;;;4.666868;45.611395
69141_qrmkze_00021;21;;Impasse des Quatre Saisons;69440;69141;Mornant;;;4.665192;45.625845
69141_0640_00029;29;;Avenue de Verdun;69440;69141;Mornant;;;4.673414;45.620253
69141_0080_00009;9;;Rue Bourgchanain;69440;69141;Mornant;;;4.671046;45.617699
69141_0580_00003;3;;Rue des Verchères;69440;69141;Mornant;;;4.670833;45.620154
69141_0720_00006;6;;Rue de Waldwisse;69440;69141;Mornant;;;4.669722;45.621529
69141_0700_00002;2;;Rue Villeneuve;69440;69141;Mornant;;;4.67051;45.620159
69141_0560_00014;14;;Place Saint Pierre;69440;69141;Mornant;;;4.671312;45.618989
69141_0200_00050;50;;Rue du Docteur Carrez;69440;69141;Mornant;;;4.671871;45.622199
69141_8j3wwo_00029;29;;Allée Georges FANTON;69440;69141;Mornant;;;4.670011;45.614177
69141_0190_00005;5;;Avenue de la Condamine;69440;69141;Mornant;;;4.669313;45.613062
69141_0509_00003;3;;Allée Sainte Agathe;69440;69141;Mornant;;;4.667501;45.622897
69141_0641_00336;336;;Route du Vernay;69440;69141;Mornant;;;4.695813;45.621151
69141_0270_00002;2;;Rue Henri IV;69440;69141;Mornant;;;4.670474;45.619546
69141_0431_00061;61;;Allée des Ollagnons;69440;69141;Mornant;;;4.675941;45.623197
69141_0185_00009;9;;Rue du Château;69440;69141;Mornant;;;4.671467;45.618537
69141_0660_00024;24;;Rue Victor Hugo;69440;69141;Mornant;;;4.674152;45.617565
69141_0660_00006;6;;Rue Victor Hugo;69440;69141;Mornant;;;4.673239;45.6184
69141_0511_00206;206;;Chemin de la Salette;69440;69141;Mornant;;;4.679374;45.619982
69141_0143_00020;20;;Chemin du Champ;69440;69141;Mornant;;;4.664579;45.625978
69141_0060_00038;38;;Rue Boiron;69440;69141;Mornant;;;4.672524;45.615845
69141_0143_00117;117;;Chemin du Champ;69440;69141;Mornant;;;4.663833;45.626681
69141_0520_00001;1;;Rue Serpaton;69440;69141;Mornant;;;4.673768;45.618889
69141_0100_00008;8;;Rue CAREMI;69440;69141;Mornant;;;4.670561;45.618698
69141_0743_00176;176;;Chemin de Grand Val;69440;69141;Mornant;;;4.664947;45.63165
69141_aj6pum_00016;16;;Allée du Mont Blanc;69440;69141;Mornant;;;4.679715;45.620477
69141_0266_00215;215;;Allée des Grandes Vignes;69440;69141;Mornant;;;4.679756;45.610378
69141_vzrytm_00341;341;;Allée Marie Thélisson;69440;69141;Mornant;;;4.677694;45.615439
69141_0090_00011;11;;Chemin du Lavoir;69440;69141;Mornant;;;4.664901;45.6247
69141_0437_00004_a;4;a;Rue Jean Palluy;69440;69141;Mornant;;;4.672043;45.617178
69141_0224_00334;334;;Route de la Fillonnière;69440;69141;Mornant;;;4.652589;45.614373
69141_0268_00536;536;;Chemin de la Grande Pavière;69440;69141;Mornant;;;4.677651;45.604818
69141_0503_00013;13;;Rue des Rossignols;69440;69141;Mornant;;;4.668618;45.611626
69141_0553_00494;494;;Chemin du Stade;69440;69141;Mornant;;;4.67542;45.622679
69141_0420_00007;7;;Rue Montel;69440;69141;Mornant;;;4.672208;45.618271
69141_0568_00011;11;;Rue de la Tour Ronde;69440;69141;Mornant;;;4.671659;45.618959
69141_0046_00006;6;;Rue de l’Asile;69440;69141;Mornant;;;4.67209;45.619246
69141_0560_00007;7;;Place Saint Pierre;69440;69141;Mornant;;;4.670648;45.619128
69141_0466_00006;6;;Boulevard du Pilat;69440;69141;Mornant;;;4.675519;45.617266
69141_0188_00511;511;;Chemin de la Civaude;69440;69141;Mornant;;;4.679508;45.613029
69141_s1mztg_00047;47;;Allée des Trois Monts;69440;69141;Mornant;;;4.675906;45.614671
69141_0310_00197;197;;Chemin du Laud;69440;69141;Mornant;;;4.676978;45.621032
69141_0438_00105;105;;Avenue du Pays Mornantais;69440;69141;Mornant;;;4.670543;45.625883
69141_0382_00139;139;;Chemin de la Marconnière;69440;69141;Mornant;;;4.677454;45.607771
69141_0442_00184;184;;Chemin du Peu;69440;69141;Mornant;;;4.680874;45.616827
69141_0060_00032;32;;Rue Boiron;69440;69141;Mornant;;;4.672536;45.616207
69141_0445_00005;5;;Allée des Pinsons;69440;69141;Mornant;;;4.667403;45.611787
69141_0442_00094;94;;Chemin du Peu;69440;69141;Mornant;;;4.680037;45.617469
69141_u3kigd_00063;63;;Allée Louis REY;69440;69141;Mornant;;;4.67516;45.613536
69141_0520_00019;19;;Rue Serpaton;69440;69141;Mornant;;;4.67488;45.619963
69141_77fuyu_00081;81;;Allée de la Vanoise;69440;69141;Mornant;;;4.679596;45.621999
69141_0197_00004;4;;Allée des Coteaux;69440;69141;Mornant;;;4.67661;45.613094
69141_0279_00006;6;;Impasse Jean Schielin;69440;69141;Mornant;;;4.67343;45.615157
69141_0700_00015;15;;Rue Villeneuve;69440;69141;Mornant;;;4.669936;45.620868
69141_0310_00230;230;;Chemin du Laud;69440;69141;Mornant;;;4.677191;45.621315
69141_0188_00501;501;;Chemin de la Civaude;69440;69141;Mornant;;;4.679435;45.613101
69141_0446_00003;3;;Allée des Pins;69440;69141;Mornant;;;4.674384;45.622432
69141_0067_00021;21;;Chemin du Bois Joli;69440;69141;Mornant;;;4.658025;45.627406
69141_0042_00057;57;;Chemin des Arches;69440;69141;Mornant;;;4.671043;45.623179
69141_0198_00031;31;;Chemin de la Cote;69440;69141;Mornant;;;4.69946;45.607247
69141_0426_00030_a;30;a;Chemin du Moulin;69440;69141;Mornant;;;4.658234;45.626585
69141_0051_00004;4;;Rue de Belfort;69440;69141;Mornant;;;4.670466;45.619291
69141_0060_00042_bis;42;bis;Rue Boiron;69440;69141;Mornant;;;4.671771;45.616235
69141_0440_00002;2;;Rue Patrin;69440;69141;Mornant;;;4.6702;45.618467
69141_3qlms1_00026;26;;Allée Louis PASTEUR;69440;69141;Mornant;;;4.667896;45.625403
69141_0042_00269;269;;Chemin des Arches;69440;69141;Mornant;;;4.671657;45.625026
69141_0600_00002;2;;Rue du Verdelet;69440;69141;Mornant;;;4.675466;45.616517
69141_0224_00394_bis;394;bis;Route de la Fillonnière;69440;69141;Mornant;;;4.652382;45.614521
69141_0006_00063;63;;Chemin de l'Aérium;69440;69141;Mornant;;;4.6797;45.607361
69141_0426_00130;130;;Chemin du Moulin;69440;69141;Mornant;;;4.657211;45.626512
69141_0640_00028;28;;Avenue de Verdun;69440;69141;Mornant;;;4.672304;45.620684
69141_0106_00342;342;;Chemin des Cariasses;69440;69141;Mornant;;;4.663719;45.62577
69141_5hxtu0_00003;3;;Rue des Alouettes;69440;69141;Mornant;;;4.666469;45.613192
69141_0224_00034;34;;Route de la Fillonnière;69440;69141;Mornant;;;4.65608;45.615144
69141_0126_00011;11;;Impasse des Cedres;69440;69141;Mornant;;;4.686035;45.618629
69141_0135_00072;72;;Chemin de la Chalonnière;69440;69141;Mornant;;;4.6797;45.613794
69141_0268_00403;403;;Chemin de la Grande Pavière;69440;69141;Mornant;;;4.678729;45.605742
69141_0150_00001;1;;Impasse des Chapeliers;69440;69141;Mornant;;;4.671017;45.617526
69141_0056_00371;371;;Chemin du Bénégras;69440;69141;Mornant;;;4.643785;45.615502
69141_5sof1q_00011;11;;Rue Noël DELORME;69440;69141;Mornant;;;4.667739;45.620148
69141_0445_00006;6;;Allée des Pinsons;69440;69141;Mornant;;;4.667245;45.611735
69141_0243_00661;661;;Rue Capitaine Francois Garbit;69440;69141;Mornant;;;4.703699;45.615598
69141_0192_00162;162;;Chemin de la Côte Champier;69440;69141;Mornant;;;4.680059;45.610735
69141_0060_00019;19;;Rue Boiron;69440;69141;Mornant;;;4.673449;45.617079
69141_u3kigd_00016;16;;Allée Louis REY;69440;69141;Mornant;;;4.674667;45.613773
69141_0540_00015_bis;15;bis;Avenue du Souvenir;69440;69141;Mornant;;;4.67302;45.620612
69141_5k2va2_00055;55;;Allée des Collines;69440;69141;Mornant;;;4.675601;45.613024
69141_zbye4a_00078;78;;Allée des Oliviers;69440;69141;Mornant;;;4.678139;45.621557
69141_hejcrb_00003;3;;Rue des Veloutiers;69440;69141;Mornant;;;4.672085;45.615304
69141_0503_00004;4;;Rue des Rossignols;69440;69141;Mornant;;;4.668237;45.61263
69141_0641_00318;318;;Route du Vernay;69440;69141;Mornant;;;4.695428;45.621158
69141_0351_00001;1;;Rue Louis Guillaumond;69440;69141;Mornant;;;4.678473;45.619322
69141_0336_01631;1631;;Route du Logis Neuf;69440;69141;Mornant;;;4.687233;45.618257
69141_0268_00239;239;;Chemin de la Grande Pavière;69440;69141;Mornant;;;4.680037;45.606745
69141_0570_00185;185;;Rue des Transporteurs;69440;69141;Mornant;;;4.708591;45.618288
69141_0264_00172;172;;Chemin de Germany;69440;69141;Mornant;;;4.679498;45.616663
69141_0469_00115;115;;Chemin du Pré-d'Arnas;69440;69141;Mornant;;;4.662481;45.629046
69141_0090_00008;8;;Chemin du Lavoir;69440;69141;Mornant;;;4.665506;45.624894
69141_0620_00001;1;;Impasse du Verdelet;69440;69141;Mornant;;;4.677298;45.617344
69141_0135_00093;93;;Chemin de la Chalonnière;69440;69141;Mornant;;;4.679665;45.61403
69141_0261_00727;727;;Boulevard du Général de Gaulle;69440;69141;Mornant;;;4.6671;45.619219
69141_0511_00210;210;;Chemin de la Salette;69440;69141;Mornant;;;4.679466;45.620021
69141_0540_00006_ter;6;ter;Avenue du Souvenir;69440;69141;Mornant;;;4.673199;45.620496
69141_0523_00071;71;;Chemin de Sevas;69440;69141;Mornant;;;4.678097;45.620527
69141_0466_00003;3;;Boulevard du Pilat;69440;69141;Mornant;;;4.675513;45.616881
69141_0640_00005;5;;Avenue de Verdun;69440;69141;Mornant;;;4.66951;45.623412
69141_0469_00081;81;;Chemin du Pré-d'Arnas;69440;69141;Mornant;;;4.662912;45.628911
69141_0503_00025;25;;Rue des Rossignols;69440;69141;Mornant;;;4.667831;45.610895
69141_0157_00390;390;;Route de Chassagny;69440;69141;Mornant;;;4.700265;45.6074
69141_0505_00002;2;;Allée des Rouges Gorges;69440;69141;Mornant;;;4.666727;45.612685
69141_idl1vr_00030;30;;Route de Beauvallon;69440;69141;Mornant;;;4.709584;45.618637
69141_0207_00020;20;;Rue Etienne Morillon;69440;69141;Mornant;;;4.668856;45.613512
69141_ef1lhz_00088;88;;Impasse Jean ZAY;69440;69141;Mornant;;;4.6774;45.606592
69141_0420_00004;4;;Rue Montel;69440;69141;Mornant;;;4.67228;45.618662
69141_0135_00146;146;;Chemin de la Chalonnière;69440;69141;Mornant;;;4.679952;45.61442
69141_0066_01430;1430;;Route du Bois;69440;69141;Mornant;;;4.656461;45.615596
69141_my3533_00081;81;;Impasse des Ecrins;69440;69141;Mornant;;;4.679231;45.611949
69141_0130_00063;63;;Route de Chablenas;69440;69141;Mornant;;;4.685025;45.619429
69141_0553_00342;342;;Chemin du Stade;69440;69141;Mornant;;;4.675985;45.621512
69141_0336_00998;998;;Route du Logis Neuf;69440;69141;Mornant;;;4.686883;45.613097
69141_0473_00001;1;;Rue Porte du Nord;69440;69141;Mornant;;;4.671227;45.619262
69141_0432_00382;382;;Route des Ollagnons;69440;69141;Mornant;;;4.677409;45.623604
69141_0480_00006;6;;Rue de la République;69440;69141;Mornant;;;4.671904;45.618691
69141_0003_00829;829;;Rue de l'Abbaye;69440;69141;Mornant;;;4.679265;45.609916
69141_0243_00367;367;;Rue Capitaine Francois Garbit;69440;69141;Mornant;;;4.705415;45.617713
69141_0480_00011;11;;Rue de la République;69440;69141;Mornant;;;4.67171;45.618503
69141_0440_00023;23;;Rue Patrin;69440;69141;Mornant;;;4.670628;45.618126
69141_0321_00010;10;;Rue de la Liberté;69440;69141;Mornant;;;4.670691;45.619805
69141_0501_00152;152;;Route de Rontalon;69440;69141;Mornant;;;4.666872;45.626191
69141_0720_00002;2;;Rue de Waldwisse;69440;69141;Mornant;;;4.669821;45.621408
69141_0143_00036;36;;Chemin du Champ;69440;69141;Mornant;;;4.664422;45.626106
69141_0266_00210;210;;Allée des Grandes Vignes;69440;69141;Mornant;;;4.679525;45.610435
69141_kr9q4d_00045;45;;Allée des Aravis;69440;69141;Mornant;;;4.680491;45.619885
69141_yg8esw_00006;6;;Allée Domaine de Beauvallon;69440;69141;Mornant;;;4.676119;45.614278
69141_idl1vr_04688;4688;;Route de Beauvallon;69440;69141;Mornant;;;4.667119;45.589846
69141_0540_00008;8;;Avenue du Souvenir;69440;69141;Mornant;;;4.673337;45.620568
69141_0106_00554;554;;Chemin des Cariasses;69440;69141;Mornant;;;4.661552;45.626906
69141_0568_00007;7;;Rue de la Tour Ronde;69440;69141;Mornant;;;4.671577;45.61899
