id;numero;rep;nom_voie;code_postal;code_insee;nom_commune;nom_ancienne_commune;nom_ld;lon;lat
13096_0190_00002;2;;Place de l’Estrambord;13460;13096;Saintes-Maries-de-la-Mer;;;4.428179;43.454584
13096_0555_00014;14;;Rue des Pénitents Blancs;13460;13096;Saintes-Maries-de-la-Mer;;;4.428364;43.451355
13096_0601_00867;867;;Route d'Arles;13460;13096;Saintes-Maries-de-la-Mer;;;4.419402;43.462201
13096_i1u69o_00007_bis;7;bis;Carriero Dou Miejournau;13460;13096;Saintes-Maries-de-la-Mer;;;4.434566;43.455848
13096_0080_00018;18;;Place de la Brise;13460;13096;Saintes-Maries-de-la-Mer;;;4.432924;43.452536
13096_7d0l45_00002;2;;Carriero Dou Vent Dou Souleu;13460;13096;Saintes-Maries-de-la-Mer;;;4.434305;43.455872
13096_0601_01765;1765;;Route d'Arles;13460;13096;Saintes-Maries-de-la-Mer;;;4.414645;43.468838
13096_0260_00010;10;;Rue François Medina;13460;13096;Saintes-Maries-de-la-Mer;;;4.432899;43.455454
13096_0720_00006;6;;Place du Vovo;13460;13096;Saintes-Maries-de-la-Mer;;;4.428055;43.454985
13096_0037_00016;16;;Avenue Riquette Aubanel;13460;13096;Saintes-Maries-de-la-Mer;;;4.417051;43.449984
13096_4tmyoh_00006;6;;Traverse Henri Ourliac;13460;13096;Saintes-Maries-de-la-Mer;;;4.430146;43.456616
13096_q11xov_01319;1319;;Route de Balarin (RD38C);13460;13096;Saintes-Maries-de-la-Mer;;;4.388092;43.552516
13096_0311_00197;197;;Chemin Haut des Launes;13460;13096;Saintes-Maries-de-la-Mer;;;4.406403;43.471573
13096_0265_00013;13;;Avenue Frédéric Mistral;13460;13096;Saintes-Maries-de-la-Mer;;;4.426526;43.451298
13096_0601_01357;1357;;Route d'Arles;13460;13096;Saintes-Maries-de-la-Mer;;;4.41724;43.465936
13096_0517_00028;28;;Rue Noune Judlin;13460;13096;Saintes-Maries-de-la-Mer;;;4.430632;43.456664
13096_0265_00028_bis;28;bis;Avenue Frédéric Mistral;13460;13096;Saintes-Maries-de-la-Mer;;;4.427519;43.452633
13096_0601_01849;1849;;Route d'Arles;13460;13096;Saintes-Maries-de-la-Mer;;;4.414119;43.469518
13096_0095_00034;34;;Rue Camille Pelletan;13460;13096;Saintes-Maries-de-la-Mer;;;4.432177;43.452351
13096_2y5i2q_00316;316;;Route de Pin Fourcat;13460;13096;Saintes-Maries-de-la-Mer;;;4.382436;43.487175
13096_0226_00027;27;;Rue Fanfonne Guillerme;13460;13096;Saintes-Maries-de-la-Mer;;;4.430885;43.457106
13096_0065_00004;4;;Rue di Biou;13460;13096;Saintes-Maries-de-la-Mer;;;4.428385;43.454385
13096_0430_00028;28;;Rue Louis Pasteur;13460;13096;Saintes-Maries-de-la-Mer;;;4.43172;43.452063
13096_0175_00015;15;;Rue Emile Ripert;13460;13096;Saintes-Maries-de-la-Mer;;;4.429052;43.453564
13096_scrkfd_00417;417;;Chemin du Mas d'Icard;13460;13096;Saintes-Maries-de-la-Mer;;;4.377377;43.499092
13096_0061_00871;871;;Chemin Bas de Dromard;13460;13096;Saintes-Maries-de-la-Mer;;;4.4015;43.473097
13096_r99tmk_00006;6;;Carriero Di Courrejou;13460;13096;Saintes-Maries-de-la-Mer;;;4.429354;43.455497
13096_0037_00021;21;;Avenue Riquette Aubanel;13460;13096;Saintes-Maries-de-la-Mer;;;4.415866;43.450483
13096_0365_00008_bis;8;bis;Rue Joanin Audibert;13460;13096;Saintes-Maries-de-la-Mer;;;4.429501;43.453116
13096_0365_00009;9;;Rue Joanin Audibert;13460;13096;Saintes-Maries-de-la-Mer;;;4.429443;43.453311
13096_0517_00010;10;;Rue Noune Judlin;13460;13096;Saintes-Maries-de-la-Mer;;;4.429909;43.45687
13096_0355_00021;21;;Rue Jean Roche;13460;13096;Saintes-Maries-de-la-Mer;;;4.430998;43.451737
13096_0690_00018;18;;Avenue Théodore Aubanel;13460;13096;Saintes-Maries-de-la-Mer;;;4.42444;43.450186
13096_0443_00001;1;;Rue Marcel Carrière;13460;13096;Saintes-Maries-de-la-Mer;;;4.433361;43.454957
13096_0435_00016;16;;Chemin des Macreuses;13460;13096;Saintes-Maries-de-la-Mer;;;4.422671;43.450275
13096_0430_00019_bis;19;bis;Rue Louis Pasteur;13460;13096;Saintes-Maries-de-la-Mer;;;4.431471;43.452169
13096_0555_00011;11;;Rue des Pénitents Blancs;13460;13096;Saintes-Maries-de-la-Mer;;;4.428306;43.451395
13096_0339_00006;6;;Place Jean XXIII;13460;13096;Saintes-Maries-de-la-Mer;;;4.428137;43.451425
13096_0086_00046;46;;Chemin des Cabanes de Cambon;13460;13096;Saintes-Maries-de-la-Mer;;;4.374175;43.517139
13096_0010_00002;2;;Impasse des Aigrettes;13460;13096;Saintes-Maries-de-la-Mer;;;4.425252;43.453349
13096_0400_00008_bis;8;bis;Rue des Launes;13460;13096;Saintes-Maries-de-la-Mer;;;4.425068;43.450874
13096_vak3dh_00813;813;;Route du Château d'Avignon;13460;13096;Saintes-Maries-de-la-Mer;;;4.406417;43.552665
13096_0582_00076;76;;Chemin du Pont Blanc;13460;13096;Saintes-Maries-de-la-Mer;;;4.425875;43.456824
13096_0435_00018;18;;Chemin des Macreuses;13460;13096;Saintes-Maries-de-la-Mer;;;4.423241;43.450477
13096_0715_00005_bis;5;bis;Rue Victor Hugo;13460;13096;Saintes-Maries-de-la-Mer;;;4.428539;43.450869
13096_0175_00020;20;;Rue Emile Ripert;13460;13096;Saintes-Maries-de-la-Mer;;;4.42917;43.453467
13096_91s7of_00001;1;;Carriero Dou Levant;13460;13096;Saintes-Maries-de-la-Mer;;;4.435619;43.456178
13096_0sx9gy_00624;624;;Route du Domaine d'Astouin;13460;13096;Saintes-Maries-de-la-Mer;;;4.36807;43.530496
13096_p5xe2o_00001;1;;Carriero de Brasinvert;13460;13096;Saintes-Maries-de-la-Mer;;;4.429833;43.457597
13096_0205_00001;1;;Rue de l’Etang;13460;13096;Saintes-Maries-de-la-Mer;;;4.425612;43.452791
13096_0sx9gy_00641;641;;Route du Domaine d'Astouin;13460;13096;Saintes-Maries-de-la-Mer;;;4.36792;43.530359
13096_0450_00021;21;;Rue Marcel Pagnol;13460;13096;Saintes-Maries-de-la-Mer;;;4.433026;43.45596
13096_0339_00001;1;;Place Jean XXIII;13460;13096;Saintes-Maries-de-la-Mer;;;4.427847;43.451456
13096_0400_00018;18;;Rue des Launes;13460;13096;Saintes-Maries-de-la-Mer;;;4.425244;43.452307
13096_0574_00440;440;;Hameau de Pioch Badet;13460;13096;Saintes-Maries-de-la-Mer;;;4.401027;43.525299
13096_0420_00005;5;;Rue Léon Gambetta;13460;13096;Saintes-Maries-de-la-Mer;;;4.430542;43.451006
13096_0226_00007;7;;Rue Fanfonne Guillerme;13460;13096;Saintes-Maries-de-la-Mer;;;4.430279;43.45735
13096_0355_00023;23;;Rue Jean Roche;13460;13096;Saintes-Maries-de-la-Mer;;;4.431191;43.451709
13096_fs4mge_00003;3;;Avenue Jacques Chirac;13460;13096;Saintes-Maries-de-la-Mer;;;4.427819;43.453405
13096_0555_00016;16;;Rue des Pénitents Blancs;13460;13096;Saintes-Maries-de-la-Mer;;;4.428377;43.451421
13096_0345_00031;31;;Rue Jean Jaurès;13460;13096;Saintes-Maries-de-la-Mer;;;4.426403;43.453211
13096_0495_00007;7;;Place Mireille;13460;13096;Saintes-Maries-de-la-Mer;;;4.428361;43.452532
13096_0300_00886;886;;Draille de Grazier;13460;13096;Saintes-Maries-de-la-Mer;;;4.381935;43.520162
13096_0090_04410;4410;;Route de Cacharel;13460;13096;Saintes-Maries-de-la-Mer;;;4.438427;43.492489
13096_0265_00025;25;;Avenue Frédéric Mistral;13460;13096;Saintes-Maries-de-la-Mer;;;4.426686;43.451925
13096_0086_00389;389;;Chemin des Cabanes de Cambon;13460;13096;Saintes-Maries-de-la-Mer;;;4.375126;43.520076
13096_0348_00373;373;;Chemin Bas des Launes;13460;13096;Saintes-Maries-de-la-Mer;;;4.413691;43.467456
13096_0010_00003_bis;3;bis;Impasse des Aigrettes;13460;13096;Saintes-Maries-de-la-Mer;;;4.425415;43.453402
13096_fs4mge_00026_bis;26;bis;Avenue Jacques Chirac;13460;13096;Saintes-Maries-de-la-Mer;;;4.427561;43.45476
13096_0405_00027;27;;Draille de Lavergne;13460;13096;Saintes-Maries-de-la-Mer;;;4.402382;43.522754
13096_0265_00059;59;;Avenue Frédéric Mistral;13460;13096;Saintes-Maries-de-la-Mer;;;4.427727;43.452976
13096_0345_00007;7;;Rue Jean Jaurès;13460;13096;Saintes-Maries-de-la-Mer;;;4.425531;43.451198
13096_2y5i2q_07539;7539;;Route de Pin Fourcat;13460;13096;Saintes-Maries-de-la-Mer;;;4.347454;43.540912
13096_0355_00002_bis;2;bis;Rue Jean Roche;13460;13096;Saintes-Maries-de-la-Mer;;;4.430383;43.451689
13096_0185_00005;5;;Place Esprit Pioch;13460;13096;Saintes-Maries-de-la-Mer;;;4.427103;43.452106
13096_0495_00009;9;;Place Mireille;13460;13096;Saintes-Maries-de-la-Mer;;;4.428488;43.452487
13096_0601_08522;8522;;Route d'Arles;13460;13096;Saintes-Maries-de-la-Mer;;;4.401072;43.526399
13096_0450_00019;19;;Rue Marcel Pagnol;13460;13096;Saintes-Maries-de-la-Mer;;;4.432936;43.455924
13096_0420_00001;1;;Rue Léon Gambetta;13460;13096;Saintes-Maries-de-la-Mer;;;4.42963;43.451008
13096_0472_00011;11;;Avenue des Massoucles;13460;13096;Saintes-Maries-de-la-Mer;;;4.42968;43.455603
13096_0401_00002;2;;Chemin des Petites Launes;13460;13096;Saintes-Maries-de-la-Mer;;;4.427253;43.45439
13096_91s7of_00016;16;;Carriero Dou Levant;13460;13096;Saintes-Maries-de-la-Mer;;;4.434248;43.456181
13096_0555_00023;23;;Rue des Pénitents Blancs;13460;13096;Saintes-Maries-de-la-Mer;;;4.42842;43.451729
13096_0250_00003_bis;3;bis;Rue de la Ferrade;13460;13096;Saintes-Maries-de-la-Mer;;;4.43155;43.454034
13096_f6emwu_00249;249;;Chemin de Barrachine;13460;13096;Saintes-Maries-de-la-Mer;;;4.427857;43.459258
13096_0555_00025;25;;Rue des Pénitents Blancs;13460;13096;Saintes-Maries-de-la-Mer;;;4.428429;43.451755
13096_0250_00001_bis;1;bis;Rue de la Ferrade;13460;13096;Saintes-Maries-de-la-Mer;;;4.431751;43.454037
13096_0350_00003;3;;Place Jean Moulin;13460;13096;Saintes-Maries-de-la-Mer;;;4.428724;43.455518
13096_i1u69o_00004;4;;Carriero Dou Miejournau;13460;13096;Saintes-Maries-de-la-Mer;;;4.434648;43.455601
13096_0450_00005;5;;Rue Marcel Pagnol;13460;13096;Saintes-Maries-de-la-Mer;;;4.432281;43.455633
13096_0355_00008;8;;Rue Jean Roche;13460;13096;Saintes-Maries-de-la-Mer;;;4.430896;43.451633
13096_0175_00010;10;;Rue Emile Ripert;13460;13096;Saintes-Maries-de-la-Mer;;;4.428916;43.453376
13096_0300_00103;103;;Draille de Grazier;13460;13096;Saintes-Maries-de-la-Mer;;;4.37538;43.516924
13096_j5ilax_00002;2;;Placo Di Peto Carrado;13460;13096;Saintes-Maries-de-la-Mer;;;4.42933;43.45741
13096_0116_00001;1;;Carriero Dou Pounentau;13460;13096;Saintes-Maries-de-la-Mer;;;4.434851;43.45589
13096_0550_00004;4;;Rue des Pêcheurs;13460;13096;Saintes-Maries-de-la-Mer;;;4.42803;43.452089
13096_0540_00011;11;;Rue Paul Peyron;13460;13096;Saintes-Maries-de-la-Mer;;;4.427355;43.450756
13096_0305_00007;7;;Rue du Grenier à Sel;13460;13096;Saintes-Maries-de-la-Mer;;;4.427827;43.450888
13096_0690_00030;30;;Avenue Théodore Aubanel;13460;13096;Saintes-Maries-de-la-Mer;;;4.423504;43.450088
13096_o1l0w6_00001;1;;Passage de Bauduc;13460;13096;Saintes-Maries-de-la-Mer;;;4.429705;43.455888
13096_0380_00001;1;;Place Jousé d’Arbaud;13460;13096;Saintes-Maries-de-la-Mer;;;4.427429;43.451573
13096_0090_08579;8579;;Route de Cacharel;13460;13096;Saintes-Maries-de-la-Mer;;;4.407122;43.521288
13096_0095_00021;21;;Rue Camille Pelletan;13460;13096;Saintes-Maries-de-la-Mer;;;4.432224;43.452445
13096_0635_00003;3;;Rue Roger Delagnes;13460;13096;Saintes-Maries-de-la-Mer;;;4.431427;43.453404
13096_0550_00016;16;;Rue des Pêcheurs;13460;13096;Saintes-Maries-de-la-Mer;;;4.427747;43.452156
13096_0420_00012;12;;Rue Léon Gambetta;13460;13096;Saintes-Maries-de-la-Mer;;;4.430069;43.45085
13096_0086_00294;294;;Chemin des Cabanes de Cambon;13460;13096;Saintes-Maries-de-la-Mer;;;4.374879;43.519249
13096_0061_01456;1456;;Chemin Bas de Dromard;13460;13096;Saintes-Maries-de-la-Mer;;;4.395063;43.471502
13096_i1u69o_00013;13;;Carriero Dou Miejournau;13460;13096;Saintes-Maries-de-la-Mer;;;4.434554;43.455734
13096_i1u69o_00007;7;;Carriero Dou Miejournau;13460;13096;Saintes-Maries-de-la-Mer;;;4.434574;43.455869
13096_0555_00007;7;;Rue des Pénitents Blancs;13460;13096;Saintes-Maries-de-la-Mer;;;4.428298;43.4513
13096_0601_02497;2497;;Route d'Arles;13460;13096;Saintes-Maries-de-la-Mer;;;4.409379;43.474278
13096_0355_00011_ter;11;ter;Rue Jean Roche;13460;13096;Saintes-Maries-de-la-Mer;;;4.429959;43.45185
13096_0715_00003;3;;Rue Victor Hugo;13460;13096;Saintes-Maries-de-la-Mer;;;4.428652;43.450822
13096_0472_00020;20;;Avenue des Massoucles;13460;13096;Saintes-Maries-de-la-Mer;;;4.427622;43.456274
13096_91s7of_00008;8;;Carriero Dou Levant;13460;13096;Saintes-Maries-de-la-Mer;;;4.434549;43.456153
13096_fs4mge_00034;34;;Avenue Jacques Chirac;13460;13096;Saintes-Maries-de-la-Mer;;;4.4275;43.455101
13096_0150_00014;14;;Rue Corneille;13460;13096;Saintes-Maries-de-la-Mer;;;4.426806;43.45137
13096_0355_00019;19;;Rue Jean Roche;13460;13096;Saintes-Maries-de-la-Mer;;;4.430894;43.451743
13096_0601_04290;4290;;Route d'Arles;13460;13096;Saintes-Maries-de-la-Mer;;;4.404568;43.489656
13096_0345_00030;30;;Rue Jean Jaurès;13460;13096;Saintes-Maries-de-la-Mer;;;4.427388;43.453888
13096_0037_00011;11;;Avenue Riquette Aubanel;13460;13096;Saintes-Maries-de-la-Mer;;;4.418659;43.449833
13096_0335_00007_bis;7;bis;Rue Jarjaie;13460;13096;Saintes-Maries-de-la-Mer;;;4.427299;43.453148
13096_0620_00010;10;;Avenue de la République;13460;13096;Saintes-Maries-de-la-Mer;;;4.429152;43.452063
13096_0020_00014;14;;Rue Alphonse Daudet;13460;13096;Saintes-Maries-de-la-Mer;;;4.425383;43.45103
13096_0250_00011;11;;Rue de la Ferrade;13460;13096;Saintes-Maries-de-la-Mer;;;4.431346;43.45433
13096_0250_00001;1;;Rue de la Ferrade;13460;13096;Saintes-Maries-de-la-Mer;;;4.431802;43.453972
13096_0472_00014;14;;Avenue des Massoucles;13460;13096;Saintes-Maries-de-la-Mer;;;4.429868;43.455687
13096_0375_00002;2;;Rue Joseph Roumanille;13460;13096;Saintes-Maries-de-la-Mer;;;4.427761;43.452238
13096_0086_00181;181;;Chemin des Cabanes de Cambon;13460;13096;Saintes-Maries-de-la-Mer;;;4.374224;43.518351
13096_0086_00078;78;;Chemin des Cabanes de Cambon;13460;13096;Saintes-Maries-de-la-Mer;;;4.374273;43.517449
13096_0440_00009;9;;Rue des Manades;13460;13096;Saintes-Maries-de-la-Mer;;;4.433594;43.455761
13096_0574_00380;380;;Hameau de Pioch Badet;13460;13096;Saintes-Maries-de-la-Mer;;;4.401229;43.524818
13096_0574_00204;204;;Hameau de Pioch Badet;13460;13096;Saintes-Maries-de-la-Mer;;;4.401856;43.52339
13096_0090_04364;4364;;Route de Cacharel;13460;13096;Saintes-Maries-de-la-Mer;;;4.439159;43.49424
13096_0555_00028_bis;28;bis;Rue des Pénitents Blancs;13460;13096;Saintes-Maries-de-la-Mer;;;4.428498;43.451749
13096_fn8prz_00213;213;;Petite Route du Bac;13460;13096;Saintes-Maries-de-la-Mer;;;4.402228;43.481259
13096_0635_00007;7;;Rue Roger Delagnes;13460;13096;Saintes-Maries-de-la-Mer;;;4.432094;43.453989
13096_0070_00011;11;;Rue Biòu Prouvènço;13460;13096;Saintes-Maries-de-la-Mer;;;4.43053;43.45263
13096_0335_00002;2;;Rue Jarjaie;13460;13096;Saintes-Maries-de-la-Mer;;;4.427473;43.45281
13096_0020_00022;22;;Rue Alphonse Daudet;13460;13096;Saintes-Maries-de-la-Mer;;;4.424555;43.45112
13096_b8li8g_00012_bis;12;bis;Rue des Batayoles / Carriero Di Bataiolo;13460;13096;Saintes-Maries-de-la-Mer;;;4.427988;43.457716
13096_fs4mge_00016;16;;Avenue Jacques Chirac;13460;13096;Saintes-Maries-de-la-Mer;;;4.427936;43.453763
13096_0250_00014;14;;Rue de la Ferrade;13460;13096;Saintes-Maries-de-la-Mer;;;4.431884;43.454781
13096_p5xe2o_00009;9;;Carriero de Brasinvert;13460;13096;Saintes-Maries-de-la-Mer;;;4.429535;43.45769
13096_0265_00001;1;;Avenue Frédéric Mistral;13460;13096;Saintes-Maries-de-la-Mer;;;4.426366;43.450564
13096_0010_00010;10;;Impasse des Aigrettes;13460;13096;Saintes-Maries-de-la-Mer;;;4.425686;43.453245
13096_0235_00003;3;;Rue des Félibres;13460;13096;Saintes-Maries-de-la-Mer;;;4.428833;43.454194
13096_2y5i2q_06171;6171;;Route de Pin Fourcat;13460;13096;Saintes-Maries-de-la-Mer;;;4.350614;43.529172
13096_0339_00011;11;;Place Jean XXIII;13460;13096;Saintes-Maries-de-la-Mer;;;4.428262;43.4517
13096_0226_00011;11;;Rue Fanfonne Guillerme;13460;13096;Saintes-Maries-de-la-Mer;;;4.430397;43.457307
13096_0037_00006;6;;Avenue Riquette Aubanel;13460;13096;Saintes-Maries-de-la-Mer;;;4.419873;43.449715
13096_fs4mge_00012_bis;12;bis;Avenue Jacques Chirac;13460;13096;Saintes-Maries-de-la-Mer;;;4.428004;43.453408
13096_0488_00002;2;;Passage des Milouins;13460;13096;Saintes-Maries-de-la-Mer;;;4.430824;43.453989
13096_0330_00002_bis;2;bis;Place des Impériaux;13460;13096;Saintes-Maries-de-la-Mer;;;4.429732;43.453599
13096_0175_00003;3;;Rue Emile Ripert;13460;13096;Saintes-Maries-de-la-Mer;;;4.428329;43.45326
13096_0620_00007;7;;Avenue de la République;13460;13096;Saintes-Maries-de-la-Mer;;;4.428897;43.451179
13096_0601_00176;176;;Route d'Arles;13460;13096;Saintes-Maries-de-la-Mer;;;4.426724;43.457828
13096_b8li8g_00012;12;;Rue des Batayoles / Carriero Di Bataiolo;13460;13096;Saintes-Maries-de-la-Mer;;;4.428018;43.457669
13096_f1a4i7_00559;559;;Chemin de la Valette;13460;13096;Saintes-Maries-de-la-Mer;;;4.399322;43.478017
13096_yuj489_00024_bis;24;bis;Avenue Roland Chassain;13460;13096;Saintes-Maries-de-la-Mer;;;4.431676;43.456027
13096_0305_00011;11;;Rue du Grenier à Sel;13460;13096;Saintes-Maries-de-la-Mer;;;4.427739;43.450776
13096_0345_00041;41;;Rue Jean Jaurès;13460;13096;Saintes-Maries-de-la-Mer;;;4.427469;43.454192
13096_0340_00010_bis;10;bis;Rue Jean Aicard;13460;13096;Saintes-Maries-de-la-Mer;;;4.425885;43.451894
13096_0355_00031;31;;Rue Jean Roche;13460;13096;Saintes-Maries-de-la-Mer;;;4.431703;43.451656
13096_0240_00003;3;;Rue Félibre Laforêt;13460;13096;Saintes-Maries-de-la-Mer;;;4.428208;43.455221
13096_0095_00016;16;;Rue Camille Pelletan;13460;13096;Saintes-Maries-de-la-Mer;;;4.431419;43.452699
13096_0503_04558;4558;;Route d'Aigues Mortes;13460;13096;Saintes-Maries-de-la-Mer;;;4.389354;43.480851
13096_0601_00621;621;;Route d'Arles;13460;13096;Saintes-Maries-de-la-Mer;;;4.422329;43.459918
13096_0420_00003;3;;Rue Léon Gambetta;13460;13096;Saintes-Maries-de-la-Mer;;;4.430194;43.451162
13096_0472_00006;6;;Avenue des Massoucles;13460;13096;Saintes-Maries-de-la-Mer;;;4.430001;43.45564
13096_0086_00240;240;;Chemin des Cabanes de Cambon;13460;13096;Saintes-Maries-de-la-Mer;;;4.374642;43.518828
13096_0620_00012;12;;Avenue de la République;13460;13096;Saintes-Maries-de-la-Mer;;;4.429153;43.45214
13096_0320_00003;3;;Place Honoré Pioch;13460;13096;Saintes-Maries-de-la-Mer;;;4.428373;43.451971
13096_0450_00007_bis;7;bis;Rue Marcel Pagnol;13460;13096;Saintes-Maries-de-la-Mer;;;4.432313;43.455746
13096_0226_00025;25;;Rue Fanfonne Guillerme;13460;13096;Saintes-Maries-de-la-Mer;;;4.430858;43.457126
13096_0503_02945;2945;;Route d'Aigues Mortes;13460;13096;Saintes-Maries-de-la-Mer;;;4.395196;43.467265
13096_fh2vff_00003;3;;Place Dou Mangio Fango;13460;13096;Saintes-Maries-de-la-Mer;;;4.435394;43.456022
13096_iiqj77_00588;588;;Draille du Mas les Pellegrins;13460;13096;Saintes-Maries-de-la-Mer;;;4.40023;43.486584
13096_24ns93_00228;228;;Draille du Mas de Pan Perdu;13460;13096;Saintes-Maries-de-la-Mer;;;4.398891;43.491621
13096_0154_00006;6;;Avenue Jacques-Yves Cousteau;13460;13096;Saintes-Maries-de-la-Mer;;;4.441021;43.455244
13096_0037_00007;7;;Avenue Riquette Aubanel;13460;13096;Saintes-Maries-de-la-Mer;;;4.419707;43.449731
13096_yuj489_00002_bis;2;bis;Avenue Roland Chassain;13460;13096;Saintes-Maries-de-la-Mer;;;4.430373;43.453791
13096_0430_00032;32;;Rue Louis Pasteur;13460;13096;Saintes-Maries-de-la-Mer;;;4.431946;43.452055
13096_0601_02355;2355;;Route d'Arles;13460;13096;Saintes-Maries-de-la-Mer;;;4.410736;43.473359
13096_0175_00004;4;;Rue Emile Ripert;13460;13096;Saintes-Maries-de-la-Mer;;;4.42869;43.453286
13096_0715_00037;37;;Rue Victor Hugo;13460;13096;Saintes-Maries-de-la-Mer;;;4.427158;43.451427
13096_0355_00006;6;;Rue Jean Roche;13460;13096;Saintes-Maries-de-la-Mer;;;4.430699;43.451662
13096_0037_00020;20;;Avenue Riquette Aubanel;13460;13096;Saintes-Maries-de-la-Mer;;;4.415725;43.450025
13096_0435_00028_bis;28;bis;Chemin des Macreuses;13460;13096;Saintes-Maries-de-la-Mer;;;4.42448;43.451138
13096_0720_00001;1;;Place du Vovo;13460;13096;Saintes-Maries-de-la-Mer;;;4.427882;43.455097
13096_0339_00002;2;;Place Jean XXIII;13460;13096;Saintes-Maries-de-la-Mer;;;4.427907;43.451442
13096_0574_00346;346;;Hameau de Pioch Badet;13460;13096;Saintes-Maries-de-la-Mer;;;4.401318;43.524563
13096_0280_00004_ter;4;ter;Rue Georges Bizet;13460;13096;Saintes-Maries-de-la-Mer;;;4.426314;43.45229
13096_swq4oq_00395;395;;Chemin de la Marchande;13460;13096;Saintes-Maries-de-la-Mer;;;4.400059;43.469044
13096_q11xov_01232;1232;;Route de Balarin (RD38C);13460;13096;Saintes-Maries-de-la-Mer;;;4.38905;43.552942
13096_0350_00001_bis;1;bis;Place Jean Moulin;13460;13096;Saintes-Maries-de-la-Mer;;;4.428798;43.455416
13096_0070_00002_bis;2;bis;Rue Biòu Prouvènço;13460;13096;Saintes-Maries-de-la-Mer;;;4.429596;43.45289
13096_0348_00888;888;;Chemin Bas des Launes;13460;13096;Saintes-Maries-de-la-Mer;;;4.409397;43.470756
13096_0555_00018;18;;Rue des Pénitents Blancs;13460;13096;Saintes-Maries-de-la-Mer;;;4.428384;43.451453
13096_i1u69o_00017;17;;Carriero Dou Miejournau;13460;13096;Saintes-Maries-de-la-Mer;;;4.434512;43.455632
13096_0640_00004;4;;Rue de la Roubine de la Ville;13460;13096;Saintes-Maries-de-la-Mer;;;4.42863;43.453035
13096_0150_00012;12;;Rue Corneille;13460;13096;Saintes-Maries-de-la-Mer;;;4.426864;43.451354
13096_0226_00005;5;;Rue Fanfonne Guillerme;13460;13096;Saintes-Maries-de-la-Mer;;;4.430224;43.457365
13096_vak3dh_01787;1787;;Route du Château d'Avignon;13460;13096;Saintes-Maries-de-la-Mer;;;4.415963;43.557845
13096_0348_00305;305;;Chemin Bas des Launes;13460;13096;Saintes-Maries-de-la-Mer;;;4.414041;43.466956
13096_0100_00183;183;;Draille des Capelans;13460;13096;Saintes-Maries-de-la-Mer;;;4.395285;43.517808
13096_fs4mge_00008;8;;Avenue Jacques Chirac;13460;13096;Saintes-Maries-de-la-Mer;;;4.428222;43.452984
13096_f1a4i7_00379;379;;Chemin de la Valette;13460;13096;Saintes-Maries-de-la-Mer;;;4.398024;43.479357
13096_2y5i2q_03724;3724;;Route de Pin Fourcat;13460;13096;Saintes-Maries-de-la-Mer;;;4.357625;43.508938
13096_0257_00613;613;;Chemin du Mas de la Fouque;13460;13096;Saintes-Maries-de-la-Mer;;;4.402842;43.466456
13096_0601_02139;2139;;Route d'Arles;13460;13096;Saintes-Maries-de-la-Mer;;;4.411354;43.471041
13096_0070_00010;10;;Rue Biòu Prouvènço;13460;13096;Saintes-Maries-de-la-Mer;;;4.430012;43.45274
13096_0339_00016;16;;Place Jean XXIII;13460;13096;Saintes-Maries-de-la-Mer;;;4.427939;43.451933
13096_0226_00016;16;;Rue Fanfonne Guillerme;13460;13096;Saintes-Maries-de-la-Mer;;;4.430642;43.457121
13096_0725_00001;1;;Rue du Vovo;13460;13096;Saintes-Maries-de-la-Mer;;;4.428345;43.455138
13096_0250_00008;8;;Rue de la Ferrade;13460;13096;Saintes-Maries-de-la-Mer;;;4.431629;43.454617
13096_0665_00007;7;;Impasse de la Sauvagine;13460;13096;Saintes-Maries-de-la-Mer;;;4.430088;43.454074
13096_0250_00010;10;;Rue de la Ferrade;13460;13096;Saintes-Maries-de-la-Mer;;;4.431698;43.454659
13096_0305_00004;4;;Rue du Grenier à Sel;13460;13096;Saintes-Maries-de-la-Mer;;;4.427868;43.451012
13096_0036_00024;24;;Rue des Artisans;13460;13096;Saintes-Maries-de-la-Mer;;;4.428042;43.458487
13096_0601_03904;3904;;Route d'Arles;13460;13096;Saintes-Maries-de-la-Mer;;;4.404559;43.486175
13096_0061_00128;128;;Chemin Bas de Dromard;13460;13096;Saintes-Maries-de-la-Mer;;;4.409376;43.47318
13096_0315_00007;7;;Place Henry de Montherlant;13460;13096;Saintes-Maries-de-la-Mer;;;4.432145;43.45472
13096_0250_00002;2;;Rue de la Ferrade;13460;13096;Saintes-Maries-de-la-Mer;;;4.431897;43.453999
13096_0430_00021;21;;Rue Louis Pasteur;13460;13096;Saintes-Maries-de-la-Mer;;;4.431599;43.452157
13096_0345_00012;12;;Rue Jean Jaurès;13460;13096;Saintes-Maries-de-la-Mer;;;4.425711;43.451653
13096_0420_00010_bis;10;bis;Rue Léon Gambetta;13460;13096;Saintes-Maries-de-la-Mer;;;4.42991;43.450843
13096_0503_03949;3949;;Route d'Aigues Mortes;13460;13096;Saintes-Maries-de-la-Mer;;;4.392264;43.475886
13096_0090_08640;8640;;Route de Cacharel;13460;13096;Saintes-Maries-de-la-Mer;;;4.406865;43.521691
13096_p5xe2o_00003;3;;Carriero de Brasinvert;13460;13096;Saintes-Maries-de-la-Mer;;;4.429779;43.457614
13096_0615_00001;1;;Place René Masson;13460;13096;Saintes-Maries-de-la-Mer;;;4.429031;43.454738
13096_0345_00039;39;;Rue Jean Jaurès;13460;13096;Saintes-Maries-de-la-Mer;;;4.427285;43.453943
13096_0285_00031;31;;Avenue Gilbert Leroy;13460;13096;Saintes-Maries-de-la-Mer;;;4.43364;43.452353
13096_p5xe2o_00007;7;;Carriero de Brasinvert;13460;13096;Saintes-Maries-de-la-Mer;;;4.429648;43.457651
13096_0348_00135;135;;Chemin Bas des Launes;13460;13096;Saintes-Maries-de-la-Mer;;;4.415952;43.466331
13096_0690_00046;46;;Avenue Théodore Aubanel;13460;13096;Saintes-Maries-de-la-Mer;;;4.421712;43.449641
13096_0339_00007;7;;Place Jean XXIII;13460;13096;Saintes-Maries-de-la-Mer;;;4.428159;43.451477
13096_0061_00094;94;;Chemin Bas de Dromard;13460;13096;Saintes-Maries-de-la-Mer;;;4.410225;43.472547
13096_0005_00007;7;;Rue de l’Abrivado;13460;13096;Saintes-Maries-de-la-Mer;;;4.432368;43.454803
13096_0574_00292;292;;Hameau de Pioch Badet;13460;13096;Saintes-Maries-de-la-Mer;;;4.401519;43.524161
13096_0135_00003;3;;Rue du Château d’Eau;13460;13096;Saintes-Maries-de-la-Mer;;;4.427054;43.452712
13096_e7cais_00087;87;;Chemin du Petit Rhône;13460;13096;Saintes-Maries-de-la-Mer;;;4.368591;43.529741
13096_0245_00008;8;;Rue du Félibrige;13460;13096;Saintes-Maries-de-la-Mer;;;4.429304;43.455011
13096_0135_00006_bis;6;bis;Rue du Château d’Eau;13460;13096;Saintes-Maries-de-la-Mer;;;4.426741;43.453139
13096_0540_00012_bis;12;bis;Rue Paul Peyron;13460;13096;Saintes-Maries-de-la-Mer;;;4.427751;43.450702
13096_0443_00051;51;;Rue Marcel Carrière;13460;13096;Saintes-Maries-de-la-Mer;;;4.435755;43.456022
13096_2y5i2q_04140;4140;;Route de Pin Fourcat;13460;13096;Saintes-Maries-de-la-Mer;;;4.355886;43.512308
13096_0090_08723;8723;;Route de Cacharel;13460;13096;Saintes-Maries-de-la-Mer;;;4.405802;43.521695
13096_0590_00002;2;;Rue Portalet;13460;13096;Saintes-Maries-de-la-Mer;;;4.4274;43.452132
13096_scrkfd_00463;463;;Chemin du Mas d'Icard;13460;13096;Saintes-Maries-de-la-Mer;;;4.37747;43.499523
13096_0036_00001;1;;Rue des Artisans;13460;13096;Saintes-Maries-de-la-Mer;;;4.427802;43.457951
13096_0190_00006;6;;Place de l’Estrambord;13460;13096;Saintes-Maries-de-la-Mer;;;4.428372;43.454529
13096_0190_00004;4;;Place de l’Estrambord;13460;13096;Saintes-Maries-de-la-Mer;;;4.428234;43.454657
13096_0517_00014;14;;Rue Noune Judlin;13460;13096;Saintes-Maries-de-la-Mer;;;4.430015;43.456843
13096_0095_00015;15;;Rue Camille Pelletan;13460;13096;Saintes-Maries-de-la-Mer;;;4.432062;43.452522
13096_2y5i2q_03992;3992;;Route de Pin Fourcat;13460;13096;Saintes-Maries-de-la-Mer;;;4.357198;43.51129
13096_0445_00011;11;;Rue Marcel Cerdan;13460;13096;Saintes-Maries-de-la-Mer;;;4.428456;43.451548
13096_o1l0w6_00002;2;;Passage de Bauduc;13460;13096;Saintes-Maries-de-la-Mer;;;4.429817;43.455825
13096_0517_00024;24;;Rue Noune Judlin;13460;13096;Saintes-Maries-de-la-Mer;;;4.430473;43.456729
13096_0610_00002;2;;Place des Remparts;13460;13096;Saintes-Maries-de-la-Mer;;;4.42745;43.452263
13096_orh3k0_00007_bis;7;bis;Rue Hermann Paul;13460;13096;Saintes-Maries-de-la-Mer;;;4.430895;43.452751
13096_0090_08750;8750;;Route de Cacharel;13460;13096;Saintes-Maries-de-la-Mer;;;4.405452;43.521987
13096_0070_00001;1;;Rue Biòu Prouvènço;13460;13096;Saintes-Maries-de-la-Mer;;;4.429488;43.453021
13096_0400_00001;1;;Rue des Launes;13460;13096;Saintes-Maries-de-la-Mer;;;4.4248;43.450364
13096_0095_00003;3;;Rue Camille Pelletan;13460;13096;Saintes-Maries-de-la-Mer;;;4.431449;43.452802
13096_0285_00011;11;;Avenue Gilbert Leroy;13460;13096;Saintes-Maries-de-la-Mer;;;4.432126;43.451703
13096_yuj489_00009;9;;Avenue Roland Chassain;13460;13096;Saintes-Maries-de-la-Mer;;;4.430674;43.455075
13096_b123_00799;799;;Petite Route d'Icard;13460;13096;Saintes-Maries-de-la-Mer;;;4.392224;43.501377
13096_91s7of_00005;5;;Carriero Dou Levant;13460;13096;Saintes-Maries-de-la-Mer;;;4.435364;43.456209
13096_0245_00002;2;;Rue du Félibrige;13460;13096;Saintes-Maries-de-la-Mer;;;4.429368;43.454897
13096_b8li8g_00005;5;;Rue des Batayoles / Carriero Di Bataiolo;13460;13096;Saintes-Maries-de-la-Mer;;;4.428904;43.45737
13096_0070_00016;16;;Rue Biòu Prouvènço;13460;13096;Saintes-Maries-de-la-Mer;;;4.430348;43.452616
13096_0605_00001;1;;Rue des Razeteurs;13460;13096;Saintes-Maries-de-la-Mer;;;4.428869;43.452529
13096_fh2vff_00006;6;;Place Dou Mangio Fango;13460;13096;Saintes-Maries-de-la-Mer;;;4.435272;43.456082
13096_0155_00002;2;;Rue Crin Blanc;13460;13096;Saintes-Maries-de-la-Mer;;;4.428041;43.455323
13096_0040_00004;4;;Rue des Avocettes;13460;13096;Saintes-Maries-de-la-Mer;;;4.428974;43.453877
13096_fn8prz_00107;107;;Petite Route du Bac;13460;13096;Saintes-Maries-de-la-Mer;;;4.403629;43.481228
13096_0285_00021;21;;Avenue Gilbert Leroy;13460;13096;Saintes-Maries-de-la-Mer;;;4.432634;43.451904
13096_0348_00598;598;;Chemin Bas des Launes;13460;13096;Saintes-Maries-de-la-Mer;;;4.411704;43.468903
13096_0720_00007;7;;Place du Vovo;13460;13096;Saintes-Maries-de-la-Mer;;;4.427919;43.454935
13096_0265_00008_bis;8;bis;Avenue Frédéric Mistral;13460;13096;Saintes-Maries-de-la-Mer;;;4.426711;43.451543
13096_0175_00012;12;;Rue Emile Ripert;13460;13096;Saintes-Maries-de-la-Mer;;;4.428973;43.453394
13096_0445_00005;5;;Rue Marcel Cerdan;13460;13096;Saintes-Maries-de-la-Mer;;;4.428604;43.451523
13096_0348_00772;772;;Chemin Bas des Launes;13460;13096;Saintes-Maries-de-la-Mer;;;4.410162;43.469907
13096_j5ilax_00004;4;;Placo Di Peto Carrado;13460;13096;Saintes-Maries-de-la-Mer;;;4.429207;43.45747
13096_0311_00409;409;;Chemin Haut des Launes;13460;13096;Saintes-Maries-de-la-Mer;;;4.403858;43.471586
13096_0582_00252;252;;Chemin du Pont Blanc;13460;13096;Saintes-Maries-de-la-Mer;;;4.423948;43.457773
13096_ubb997_00004;4;;Place de la Trémountano;13460;13096;Saintes-Maries-de-la-Mer;;;4.433989;43.45609
13096_0125_00002;2;;Rue Charloun Rieu;13460;13096;Saintes-Maries-de-la-Mer;;;4.42813;43.451957
13096_fs4mge_00010;10;;Avenue Jacques Chirac;13460;13096;Saintes-Maries-de-la-Mer;;;4.428145;43.453103
13096_yuj489_00008_bis;8;bis;Avenue Roland Chassain;13460;13096;Saintes-Maries-de-la-Mer;;;4.430695;43.454355
13096_0260_00001;1;;Rue François Medina;13460;13096;Saintes-Maries-de-la-Mer;;;4.432774;43.455739
13096_0345_00037;37;;Rue Jean Jaurès;13460;13096;Saintes-Maries-de-la-Mer;;;4.427225;43.453902
13096_0375_00019;19;;Rue Joseph Roumanille;13460;13096;Saintes-Maries-de-la-Mer;;;4.427964;43.452617
13096_swq4oq_00040;40;;Chemin de la Marchande;13460;13096;Saintes-Maries-de-la-Mer;;;4.396826;43.46898
13096_0601_02605;2605;;Route d'Arles;13460;13096;Saintes-Maries-de-la-Mer;;;4.409274;43.475287
13096_0415_00006;6;;Rue Léon Blum;13460;13096;Saintes-Maries-de-la-Mer;;;4.423964;43.450569
13096_fs4mge_00028_bis;28;bis;Avenue Jacques Chirac;13460;13096;Saintes-Maries-de-la-Mer;;;4.42758;43.454974
13096_0175_00018;18;;Rue Emile Ripert;13460;13096;Saintes-Maries-de-la-Mer;;;4.42912;43.453456
13096_0400_00005;5;;Rue des Launes;13460;13096;Saintes-Maries-de-la-Mer;;;4.424866;43.450733
13096_0600_00006;6;;Rue des Quatre Maries;13460;13096;Saintes-Maries-de-la-Mer;;;4.429186;43.45517
13096_0445_00012;12;;Rue Marcel Cerdan;13460;13096;Saintes-Maries-de-la-Mer;;;4.428461;43.451572
13096_0110_00008;8;;Rue de la Cavidoule;13460;13096;Saintes-Maries-de-la-Mer;;;4.428321;43.454787
13096_0601_02607;2607;;Route d'Arles;13460;13096;Saintes-Maries-de-la-Mer;;;4.409231;43.475286
13096_i1u69o_00002;2;;Carriero Dou Miejournau;13460;13096;Saintes-Maries-de-la-Mer;;;4.434675;43.455561
13096_0430_00008;8;;Rue Louis Pasteur;13460;13096;Saintes-Maries-de-la-Mer;;;4.429749;43.452247
13096_0385_00002;2;;Rue Jullian;13460;13096;Saintes-Maries-de-la-Mer;;;4.428717;43.452831
13096_0311_00517;517;;Chemin Haut des Launes;13460;13096;Saintes-Maries-de-la-Mer;;;4.402503;43.471606
13096_0260_00017;17;;Rue François Medina;13460;13096;Saintes-Maries-de-la-Mer;;;4.433408;43.45538
13096_w7chdq_00949;949;;Chemin du Clos du Rhône;13460;13096;Saintes-Maries-de-la-Mer;;;4.397641;43.451782
13096_0086_00111;111;;Chemin des Cabanes de Cambon;13460;13096;Saintes-Maries-de-la-Mer;;;4.373973;43.517755
13096_0365_00012_bis;12;bis;Rue Joanin Audibert;13460;13096;Saintes-Maries-de-la-Mer;;;4.429708;43.453282
13096_0443_00011;11;;Rue Marcel Carrière;13460;13096;Saintes-Maries-de-la-Mer;;;4.434547;43.455457
13096_0650_00009;9;;Rue Sadi Carnot;13460;13096;Saintes-Maries-de-la-Mer;;;4.426092;43.451113
13096_0540_00014;14;;Rue Paul Peyron;13460;13096;Saintes-Maries-de-la-Mer;;;4.427566;43.450796
13096_0430_00025;25;;Rue Louis Pasteur;13460;13096;Saintes-Maries-de-la-Mer;;;4.431736;43.452145
13096_0715_00025;25;;Rue Victor Hugo;13460;13096;Saintes-Maries-de-la-Mer;;;4.427638;43.451263
13096_sj5k2q_00643;643;;Draille du Mas de la Cure;13460;13096;Saintes-Maries-de-la-Mer;;;4.419429;43.55176
13096_q11xov_01927;1927;;Route de Balarin (RD38C);13460;13096;Saintes-Maries-de-la-Mer;;;4.381245;43.550459
13096_0590_00008;8;;Rue Portalet;13460;13096;Saintes-Maries-de-la-Mer;;;4.427278;43.452224
13096_0175_00013;13;;Rue Emile Ripert;13460;13096;Saintes-Maries-de-la-Mer;;;4.428978;43.453541
13096_0037_00004;4;;Avenue Riquette Aubanel;13460;13096;Saintes-Maries-de-la-Mer;;;4.420295;43.449678
13096_0635_00005;5;;Rue Roger Delagnes;13460;13096;Saintes-Maries-de-la-Mer;;;4.431543;43.453667
13096_0400_00014;14;;Rue des Launes;13460;13096;Saintes-Maries-de-la-Mer;;;4.425134;43.451675
13096_0640_00001;1;;Rue de la Roubine de la Ville;13460;13096;Saintes-Maries-de-la-Mer;;;4.428657;43.453095
13096_0090_06926;6926;;Route de Cacharel;13460;13096;Saintes-Maries-de-la-Mer;;;4.421212;43.510884
13096_0503_04130;4130;;Route d'Aigues Mortes;13460;13096;Saintes-Maries-de-la-Mer;;;4.391264;43.477349
13096_j5ilax_00005;5;;Placo Di Peto Carrado;13460;13096;Saintes-Maries-de-la-Mer;;;4.42919;43.457615
13096_0020_00003;3;;Rue Alphonse Daudet;13460;13096;Saintes-Maries-de-la-Mer;;;4.425874;43.450901
13096_0555_00031;31;;Rue des Pénitents Blancs;13460;13096;Saintes-Maries-de-la-Mer;;;4.428493;43.451887
13096_fs4mge_00003_bis;3;bis;Avenue Jacques Chirac;13460;13096;Saintes-Maries-de-la-Mer;;;4.427734;43.453694
13096_0348_00368;368;;Chemin Bas des Launes;13460;13096;Saintes-Maries-de-la-Mer;;;4.413768;43.467536
13096_0sx9gy_00182;182;;Route du Domaine d'Astouin;13460;13096;Saintes-Maries-de-la-Mer;;;4.372324;43.532842
13096_0154_00001;1;;Avenue Jacques-Yves Cousteau;13460;13096;Saintes-Maries-de-la-Mer;;;4.434009;43.453712
13096_0260_00016;16;;Rue François Medina;13460;13096;Saintes-Maries-de-la-Mer;;;4.43321;43.455174
13096_0715_00026;26;;Rue Victor Hugo;13460;13096;Saintes-Maries-de-la-Mer;;;4.427396;43.451385
13096_0495_00006;6;;Place Mireille;13460;13096;Saintes-Maries-de-la-Mer;;;4.428301;43.452575
13096_0550_00001;1;;Rue des Pêcheurs;13460;13096;Saintes-Maries-de-la-Mer;;;4.428105;43.452038
13096_0620_00002;2;;Avenue de la République;13460;13096;Saintes-Maries-de-la-Mer;;;4.429255;43.450721
13096_0435_00008;8;;Chemin des Macreuses;13460;13096;Saintes-Maries-de-la-Mer;;;4.422012;43.450101
13096_swq4oq_00042;42;;Chemin de la Marchande;13460;13096;Saintes-Maries-de-la-Mer;;;4.398896;43.468305
13096_0690_00001;1;;Avenue Théodore Aubanel;13460;13096;Saintes-Maries-de-la-Mer;;;4.425851;43.450222
13096_0070_00012;12;;Rue Biòu Prouvènço;13460;13096;Saintes-Maries-de-la-Mer;;;4.430096;43.452713
13096_0690_00040;40;;Avenue Théodore Aubanel;13460;13096;Saintes-Maries-de-la-Mer;;;4.422367;43.449805
13096_0345_00022_bis;22;bis;Rue Jean Jaurès;13460;13096;Saintes-Maries-de-la-Mer;;;4.426394;43.452866
13096_0295_03708;3708;;Chemin du Grand Radeau;13460;13096;Saintes-Maries-de-la-Mer;;;4.353813;43.467793
13096_381a9g_00011_bis;11;bis;Avenue Maurice Challe;13460;13096;Saintes-Maries-de-la-Mer;;;4.429688;43.450446
13096_0601_02141;2141;;Route d'Arles;13460;13096;Saintes-Maries-de-la-Mer;;;4.410585;43.471063
13096_0339_00017;17;;Place Jean XXIII;13460;13096;Saintes-Maries-de-la-Mer;;;4.427867;43.451955
13096_0420_00010;10;;Rue Léon Gambetta;13460;13096;Saintes-Maries-de-la-Mer;;;4.429867;43.45085
13096_0443_00053;53;;Rue Marcel Carrière;13460;13096;Saintes-Maries-de-la-Mer;;;4.43576;43.456045
13096_yuj489_00004;4;;Avenue Roland Chassain;13460;13096;Saintes-Maries-de-la-Mer;;;4.430488;43.453914
13096_0517_00021;21;;Rue Noune Judlin;13460;13096;Saintes-Maries-de-la-Mer;;;4.430608;43.45676
13096_0005_00002;2;;Rue de l’Abrivado;13460;13096;Saintes-Maries-de-la-Mer;;;4.4322;43.454858
13096_fs4mge_00012;12;;Avenue Jacques Chirac;13460;13096;Saintes-Maries-de-la-Mer;;;4.428023;43.453318
13096_0601_00666;666;;Route d'Arles;13460;13096;Saintes-Maries-de-la-Mer;;;4.422606;43.461309
13096_0175_00009;9;;Rue Emile Ripert;13460;13096;Saintes-Maries-de-la-Mer;;;4.428713;43.453383
13096_0395_00005;5;;Place Lamartine;13460;13096;Saintes-Maries-de-la-Mer;;;4.427518;43.451396
13096_0020_00002;2;;Rue Alphonse Daudet;13460;13096;Saintes-Maries-de-la-Mer;;;4.426326;43.450933
13096_0615_00015;15;;Place René Masson;13460;13096;Saintes-Maries-de-la-Mer;;;4.428824;43.454565
13096_0265_00020;20;;Avenue Frédéric Mistral;13460;13096;Saintes-Maries-de-la-Mer;;;4.427114;43.452312
13096_0037_00012_bis;12;bis;Avenue Riquette Aubanel;13460;13096;Saintes-Maries-de-la-Mer;;;4.417908;43.449905
13096_0540_00012;12;;Rue Paul Peyron;13460;13096;Saintes-Maries-de-la-Mer;;;4.427787;43.450689
13096_0655_00002;2;;Rue des Saladelles;13460;13096;Saintes-Maries-de-la-Mer;;;4.42778;43.450964
13096_0601_08519;8519;;Route d'Arles;13460;13096;Saintes-Maries-de-la-Mer;;;4.400789;43.526968
13096_fn8prz_00063;63;;Petite Route du Bac;13460;13096;Saintes-Maries-de-la-Mer;;;4.404133;43.481421
13096_2y5i2q_06138;6138;;Route de Pin Fourcat;13460;13096;Saintes-Maries-de-la-Mer;;;4.351057;43.529046
13096_0090_08410;8410;;Route de Cacharel;13460;13096;Saintes-Maries-de-la-Mer;;;4.410577;43.522164
13096_0355_00005;5;;Rue Jean Roche;13460;13096;Saintes-Maries-de-la-Mer;;;4.429586;43.451891
13096_0255_00004;4;;Rue des Flamants;13460;13096;Saintes-Maries-de-la-Mer;;;4.424946;43.453257
13096_0400_00003;3;;Rue des Launes;13460;13096;Saintes-Maries-de-la-Mer;;;4.424848;43.450609
13096_0380_00003;3;;Place Jousé d’Arbaud;13460;13096;Saintes-Maries-de-la-Mer;;;4.427285;43.451618
13096_0650_00019;19;;Rue Sadi Carnot;13460;13096;Saintes-Maries-de-la-Mer;;;4.426233;43.451952
13096_0090_05965;5965;;Route de Cacharel;13460;13096;Saintes-Maries-de-la-Mer;;;4.426385;43.503297
13096_0472_00001;1;;Avenue des Massoucles;13460;13096;Saintes-Maries-de-la-Mer;;;4.430433;43.455377
13096_0715_00002_ter;2;ter;Rue Victor Hugo;13460;13096;Saintes-Maries-de-la-Mer;;;4.428587;43.450924
13096_0339_00009;9;;Place Jean XXIII;13460;13096;Saintes-Maries-de-la-Mer;;;4.428194;43.451574
13096_0601_03941;3941;;Route d'Arles;13460;13096;Saintes-Maries-de-la-Mer;;;4.404217;43.48649
13096_0365_00005;5;;Rue Joanin Audibert;13460;13096;Saintes-Maries-de-la-Mer;;;4.429149;43.452746
13096_fn8prz_00125;125;;Petite Route du Bac;13460;13096;Saintes-Maries-de-la-Mer;;;4.403435;43.481243
13096_0037_00010;10;;Avenue Riquette Aubanel;13460;13096;Saintes-Maries-de-la-Mer;;;4.419046;43.449797
13096_0345_00006;6;;Rue Jean Jaurès;13460;13096;Saintes-Maries-de-la-Mer;;;4.425643;43.451233
13096_0435_00006_bis;6;bis;Chemin des Macreuses;13460;13096;Saintes-Maries-de-la-Mer;;;4.421921;43.450097
13096_0650_00014;14;;Rue Sadi Carnot;13460;13096;Saintes-Maries-de-la-Mer;;;4.426237;43.45134
13096_0260_00007;7;;Rue François Medina;13460;13096;Saintes-Maries-de-la-Mer;;;4.432947;43.455532
13096_0150_00008;8;;Rue Corneille;13460;13096;Saintes-Maries-de-la-Mer;;;4.427024;43.451313
13096_0555_00013;13;;Rue des Pénitents Blancs;13460;13096;Saintes-Maries-de-la-Mer;;;4.428329;43.451448
13096_0650_00007_bis;7;bis;Rue Sadi Carnot;13460;13096;Saintes-Maries-de-la-Mer;;;4.426078;43.451038
13096_0600_00002;2;;Rue des Quatre Maries;13460;13096;Saintes-Maries-de-la-Mer;;;4.429096;43.455223
13096_0092_00002;2;;Avenue du Docteur Cambon;13460;13096;Saintes-Maries-de-la-Mer;;;4.432306;43.455114
13096_0605_00003_bis;3;bis;Rue des Razeteurs;13460;13096;Saintes-Maries-de-la-Mer;;;4.428602;43.452624
13096_0430_00005;5;;Rue Louis Pasteur;13460;13096;Saintes-Maries-de-la-Mer;;;4.429989;43.452298
13096_0430_00020;20;;Rue Louis Pasteur;13460;13096;Saintes-Maries-de-la-Mer;;;4.431207;43.452129
13096_0435_00030;30;;Chemin des Macreuses;13460;13096;Saintes-Maries-de-la-Mer;;;4.424781;43.451746
13096_0245_00006;6;;Rue du Félibrige;13460;13096;Saintes-Maries-de-la-Mer;;;4.429329;43.454974
13096_0355_00011_bis;11;bis;Rue Jean Roche;13460;13096;Saintes-Maries-de-la-Mer;;;4.429903;43.451855
13096_i1u69o_00008;8;;Carriero Dou Miejournau;13460;13096;Saintes-Maries-de-la-Mer;;;4.434686;43.455883
13096_0sx9gy_02889;2889;;Route du Domaine d'Astouin;13460;13096;Saintes-Maries-de-la-Mer;;;4.352852;43.544041
13096_b123_00684;684;;Petite Route d'Icard;13460;13096;Saintes-Maries-de-la-Mer;;;4.393547;43.501726
13096_2y5i2q_03365;3365;;Route de Pin Fourcat;13460;13096;Saintes-Maries-de-la-Mer;;;4.358384;43.505734
13096_0715_00007_ter;7;ter;Rue Victor Hugo;13460;13096;Saintes-Maries-de-la-Mer;;;4.428433;43.450931
13096_0635_00017;17;;Rue Roger Delagnes;13460;13096;Saintes-Maries-de-la-Mer;;;4.432529;43.454173
13096_b8li8g_00009_bis;9;bis;Rue des Batayoles / Carriero Di Bataiolo;13460;13096;Saintes-Maries-de-la-Mer;;;4.428214;43.457576
13096_0226_00008;8;;Rue Fanfonne Guillerme;13460;13096;Saintes-Maries-de-la-Mer;;;4.430242;43.457269
13096_0100_00599;599;;Draille des Capelans;13460;13096;Saintes-Maries-de-la-Mer;;;4.390758;43.515988
13096_0036_00026;26;;Rue des Artisans;13460;13096;Saintes-Maries-de-la-Mer;;;4.428207;43.458576
13096_2y5i2q_03994;3994;;Route de Pin Fourcat;13460;13096;Saintes-Maries-de-la-Mer;;;4.357338;43.51127
13096_0715_00014;14;;Rue Victor Hugo;13460;13096;Saintes-Maries-de-la-Mer;;;4.427959;43.451175
13096_ubb997_00003;3;;Place de la Trémountano;13460;13096;Saintes-Maries-de-la-Mer;;;4.4339;43.45605
13096_0555_00001;1;;Rue des Pénitents Blancs;13460;13096;Saintes-Maries-de-la-Mer;;;4.428272;43.451105
13096_i1u69o_00009;9;;Carriero Dou Miejournau;13460;13096;Saintes-Maries-de-la-Mer;;;4.434567;43.455817
13096_0582_00341;341;;Chemin du Pont Blanc;13460;13096;Saintes-Maries-de-la-Mer;;;4.423331;43.456951
13096_0070_00005;5;;Rue Biòu Prouvènço;13460;13096;Saintes-Maries-de-la-Mer;;;4.430062;43.452804
13096_0620_00009;9;;Avenue de la République;13460;13096;Saintes-Maries-de-la-Mer;;;4.428899;43.45124
13096_0037_00002;2;;Avenue Riquette Aubanel;13460;13096;Saintes-Maries-de-la-Mer;;;4.420806;43.449625
13096_0265_00018_bis;18;bis;Avenue Frédéric Mistral;13460;13096;Saintes-Maries-de-la-Mer;;;4.427075;43.452245
13096_0226_00017;17;;Rue Fanfonne Guillerme;13460;13096;Saintes-Maries-de-la-Mer;;;4.430609;43.457285
13096_0226_00020;20;;Rue Fanfonne Guillerme;13460;13096;Saintes-Maries-de-la-Mer;;;4.430708;43.457018
13096_j5ilax_00003;3;;Placo Di Peto Carrado;13460;13096;Saintes-Maries-de-la-Mer;;;4.429254;43.457457
13096_0690_00004;4;;Avenue Théodore Aubanel;13460;13096;Saintes-Maries-de-la-Mer;;;4.425718;43.450321
13096_0650_00003_bis;3;bis;Rue Sadi Carnot;13460;13096;Saintes-Maries-de-la-Mer;;;4.426014;43.450651
13096_0650_00008;8;;Rue Sadi Carnot;13460;13096;Saintes-Maries-de-la-Mer;;;4.426147;43.450821
13096_0285_00019;19;;Avenue Gilbert Leroy;13460;13096;Saintes-Maries-de-la-Mer;;;4.43254;43.451868
13096_0037_00022;22;;Avenue Riquette Aubanel;13460;13096;Saintes-Maries-de-la-Mer;;;4.415989;43.45047
13096_0705_00005;5;;Avenue Van Gogh;13460;13096;Saintes-Maries-de-la-Mer;;;4.428484;43.450234
13096_0345_00002;2;;Rue Jean Jaurès;13460;13096;Saintes-Maries-de-la-Mer;;;4.425554;43.450703
13096_0075_00005;5;;Rue de la Bourgino;13460;13096;Saintes-Maries-de-la-Mer;;;4.431979;43.454275
13096_0070_00001_bis;1;bis;Rue Biòu Prouvènço;13460;13096;Saintes-Maries-de-la-Mer;;;4.429672;43.45295
13096_0010_00006;6;;Impasse des Aigrettes;13460;13096;Saintes-Maries-de-la-Mer;;;4.425432;43.453316
13096_91s7of_00007;7;;Carriero Dou Levant;13460;13096;Saintes-Maries-de-la-Mer;;;4.43522;43.456226
13096_0061_01101;1101;;Chemin Bas de Dromard;13460;13096;Saintes-Maries-de-la-Mer;;;4.399091;43.472523
13096_0135_00002;2;;Rue du Château d’Eau;13460;13096;Saintes-Maries-de-la-Mer;;;4.427206;43.45268
13096_0345_00023;23;;Rue Jean Jaurès;13460;13096;Saintes-Maries-de-la-Mer;;;4.426035;43.452907
13096_0435_00028;28;;Chemin des Macreuses;13460;13096;Saintes-Maries-de-la-Mer;;;4.424356;43.451035
13096_0517_00005;5;;Rue Noune Judlin;13460;13096;Saintes-Maries-de-la-Mer;;;4.429905;43.456944
13096_0503_05726;5726;;Route d'Aigues Mortes;13460;13096;Saintes-Maries-de-la-Mer;;;4.3884;43.490228
13096_0582_00331;331;;Chemin du Pont Blanc;13460;13096;Saintes-Maries-de-la-Mer;;;4.423603;43.456052
13096_0020_00016;16;;Rue Alphonse Daudet;13460;13096;Saintes-Maries-de-la-Mer;;;4.425125;43.451059
13096_orh3k0_00002;2;;Rue Hermann Paul;13460;13096;Saintes-Maries-de-la-Mer;;;4.429977;43.451241
13096_0165_00001;1;;Place de l’Echelle;13460;13096;Saintes-Maries-de-la-Mer;;;4.427045;43.451699
13096_0335_00003;3;;Rue Jarjaie;13460;13096;Saintes-Maries-de-la-Mer;;;4.427129;43.453327
13096_0100_00813;813;;Draille des Capelans;13460;13096;Saintes-Maries-de-la-Mer;;;4.38901;43.514372
13096_0086_00143;143;;Chemin des Cabanes de Cambon;13460;13096;Saintes-Maries-de-la-Mer;;;4.374078;43.518061
13096_0715_00015;15;;Rue Victor Hugo;13460;13096;Saintes-Maries-de-la-Mer;;;4.42811;43.45108
13096_0080_00022;22;;Place de la Brise;13460;13096;Saintes-Maries-de-la-Mer;;;4.432953;43.452448
13096_0036_00026_bis;26;bis;Rue des Artisans;13460;13096;Saintes-Maries-de-la-Mer;;;4.428399;43.458474
13096_f6emwu_01301;1301;;Chemin de Barrachine;13460;13096;Saintes-Maries-de-la-Mer;;;4.438677;43.457997
13096_fn8prz_00210;210;;Petite Route du Bac;13460;13096;Saintes-Maries-de-la-Mer;;;4.402396;43.481392
13096_0582_00176;176;;Chemin du Pont Blanc;13460;13096;Saintes-Maries-de-la-Mer;;;4.424974;43.457395
13096_ae71ha_00397;397;;Draille de l'Oli;13460;13096;Saintes-Maries-de-la-Mer;;;4.398938;43.490334
13096_0582_00333;333;;Chemin du Pont Blanc;13460;13096;Saintes-Maries-de-la-Mer;;;4.423486;43.455314
13096_0100_01160;1160;;Draille des Capelans;13460;13096;Saintes-Maries-de-la-Mer;;;4.389829;43.512026
13096_0440_00001;1;;Rue des Manades;13460;13096;Saintes-Maries-de-la-Mer;;;4.433365;43.456025
13096_0080_00002;2;;Place de la Brise;13460;13096;Saintes-Maries-de-la-Mer;;;4.433631;43.452668
13096_0285_00015;15;;Avenue Gilbert Leroy;13460;13096;Saintes-Maries-de-la-Mer;;;4.432269;43.45175
13096_fn8prz_01234;1234;;Petite Route du Bac;13460;13096;Saintes-Maries-de-la-Mer;;;4.390648;43.48333
13096_0500_00001;1;;Rue Molière;13460;13096;Saintes-Maries-de-la-Mer;;;4.427068;43.451756
13096_0365_00004;4;;Rue Joanin Audibert;13460;13096;Saintes-Maries-de-la-Mer;;;4.429247;43.452608
13096_2y5i2q_02360;2360;;Route de Pin Fourcat;13460;13096;Saintes-Maries-de-la-Mer;;;4.364339;43.497911
13096_0086_00225;225;;Chemin des Cabanes de Cambon;13460;13096;Saintes-Maries-de-la-Mer;;;4.374444;43.518706
13096_0375_00021;21;;Rue Joseph Roumanille;13460;13096;Saintes-Maries-de-la-Mer;;;4.428003;43.452663
13096_0430_00032_ter;32;ter;Rue Louis Pasteur;13460;13096;Saintes-Maries-de-la-Mer;;;4.431912;43.451924
13096_0590_00005;5;;Rue Portalet;13460;13096;Saintes-Maries-de-la-Mer;;;4.427244;43.452191
13096_0400_00009;9;;Rue des Launes;13460;13096;Saintes-Maries-de-la-Mer;;;4.424939;43.451148
13096_yuj489_00021;21;;Avenue Roland Chassain;13460;13096;Saintes-Maries-de-la-Mer;;;4.431401;43.456089
13096_0517_00011;11;;Rue Noune Judlin;13460;13096;Saintes-Maries-de-la-Mer;;;4.430151;43.45689
13096_0600_00001;1;;Rue des Quatre Maries;13460;13096;Saintes-Maries-de-la-Mer;;;4.428965;43.455015
13096_381a9g_00013;13;;Avenue Maurice Challe;13460;13096;Saintes-Maries-de-la-Mer;;;4.429893;43.450414
13096_2y5i2q_04080;4080;;Route de Pin Fourcat;13460;13096;Saintes-Maries-de-la-Mer;;;4.356334;43.511866
13096_0265_00004;4;;Avenue Frédéric Mistral;13460;13096;Saintes-Maries-de-la-Mer;;;4.426634;43.451182
13096_0601_00660;660;;Route d'Arles;13460;13096;Saintes-Maries-de-la-Mer;;;4.422433;43.461001
13096_f6emwu_00397;397;;Chemin de Barrachine;13460;13096;Saintes-Maries-de-la-Mer;;;4.429023;43.462011
13096_fh2vff_00004_bis;4;bis;Place Dou Mangio Fango;13460;13096;Saintes-Maries-de-la-Mer;;;4.435453;43.456073
13096_0715_00045;45;;Rue Victor Hugo;13460;13096;Saintes-Maries-de-la-Mer;;;4.42695;43.451495
13096_0010_00001;1;;Impasse des Aigrettes;13460;13096;Saintes-Maries-de-la-Mer;;;4.425227;43.45344
13096_0205_00010;10;;Rue de l’Etang;13460;13096;Saintes-Maries-de-la-Mer;;;4.425351;43.452922
13096_0311_00199;199;;Chemin Haut des Launes;13460;13096;Saintes-Maries-de-la-Mer;;;4.40643;43.471526
13096_0650_00003;3;;Rue Sadi Carnot;13460;13096;Saintes-Maries-de-la-Mer;;;4.426003;43.450598
13096_0430_00010;10;;Rue Louis Pasteur;13460;13096;Saintes-Maries-de-la-Mer;;;4.429849;43.452243
13096_0309_00005;5;;Rue Henri Ourliac;13460;13096;Saintes-Maries-de-la-Mer;;;4.429538;43.456559
13096_0355_00009;9;;Rue Jean Roche;13460;13096;Saintes-Maries-de-la-Mer;;;4.429834;43.451865
13096_0695_00004;4;;Ruelle du Vaccarès;13460;13096;Saintes-Maries-de-la-Mer;;;4.42889;43.453031
13096_0348_00269;269;;Chemin Bas des Launes;13460;13096;Saintes-Maries-de-la-Mer;;;4.414203;43.465971
13096_0443_00047;47;;Rue Marcel Carrière;13460;13096;Saintes-Maries-de-la-Mer;;;4.435697;43.455946
13096_0095_00023_bis;23;bis;Rue Camille Pelletan;13460;13096;Saintes-Maries-de-la-Mer;;;4.432434;43.452352
13096_0061_00821;821;;Chemin Bas de Dromard;13460;13096;Saintes-Maries-de-la-Mer;;;4.402022;43.473115
13096_0250_00003;3;;Rue de la Ferrade;13460;13096;Saintes-Maries-de-la-Mer;;;4.43159;43.454054
13096_0037_00009;9;;Avenue Riquette Aubanel;13460;13096;Saintes-Maries-de-la-Mer;;;4.419365;43.449763
13096_0320_00004;4;;Place Honoré Pioch;13460;13096;Saintes-Maries-de-la-Mer;;;4.428316;43.451982
13096_0450_00010;10;;Rue Marcel Pagnol;13460;13096;Saintes-Maries-de-la-Mer;;;4.433225;43.455965
13096_0275_00005;5;;Place des Gardians;13460;13096;Saintes-Maries-de-la-Mer;;;4.428438;43.454128
13096_0415_00003;3;;Rue Léon Blum;13460;13096;Saintes-Maries-de-la-Mer;;;4.42387;43.450599
13096_0345_00015_bis;15;bis;Rue Jean Jaurès;13460;13096;Saintes-Maries-de-la-Mer;;;4.425615;43.451686
13096_0150_00004;4;;Rue Corneille;13460;13096;Saintes-Maries-de-la-Mer;;;4.427182;43.451261
13096_e7cais_00061;61;;Chemin du Petit Rhône;13460;13096;Saintes-Maries-de-la-Mer;;;4.36882;43.530009
13096_0sx9gy_00588;588;;Route du Domaine d'Astouin;13460;13096;Saintes-Maries-de-la-Mer;;;4.368437;43.530648
13096_0445_00006;6;;Rue Marcel Cerdan;13460;13096;Saintes-Maries-de-la-Mer;;;4.428731;43.451529
13096_0050_00002;2;;Rue Baptiste Bonnet;13460;13096;Saintes-Maries-de-la-Mer;;;4.428027;43.453695
13096_0305_00001;1;;Rue du Grenier à Sel;13460;13096;Saintes-Maries-de-la-Mer;;;4.427882;43.45096
13096_0260_00013;13;;Rue François Medina;13460;13096;Saintes-Maries-de-la-Mer;;;4.433336;43.455363
13096_0585_00003;3;;Place Portalet;13460;13096;Saintes-Maries-de-la-Mer;;;4.427737;43.452032
13096_orh3k0_00014;14;;Rue Hermann Paul;13460;13096;Saintes-Maries-de-la-Mer;;;4.430749;43.452363
13096_0226_00024;24;;Rue Fanfonne Guillerme;13460;13096;Saintes-Maries-de-la-Mer;;;4.430871;43.456923
13096_0615_00012;12;;Place René Masson;13460;13096;Saintes-Maries-de-la-Mer;;;4.428931;43.454401
13096_0116_00004;4;;Carriero Dou Pounentau;13460;13096;Saintes-Maries-de-la-Mer;;;4.434763;43.455781
13096_0265_00031;31;;Avenue Frédéric Mistral;13460;13096;Saintes-Maries-de-la-Mer;;;4.426799;43.452188
13096_0135_00007;7;;Rue du Château d’Eau;13460;13096;Saintes-Maries-de-la-Mer;;;4.426774;43.452982
13096_0400_00023;23;;Rue des Launes;13460;13096;Saintes-Maries-de-la-Mer;;;4.425154;43.452396
13096_0305_00006;6;;Rue du Grenier à Sel;13460;13096;Saintes-Maries-de-la-Mer;;;4.427784;43.450896
13096_0sx9gy_00855;855;;Route du Domaine d'Astouin;13460;13096;Saintes-Maries-de-la-Mer;;;4.365561;43.529467
13096_0530_00007;7;;Rue Paul Arène;13460;13096;Saintes-Maries-de-la-Mer;;;4.42852;43.453709
13096_0027_00002;2;;Place de l’Antifo;13460;13096;Saintes-Maries-de-la-Mer;;;4.433861;43.455574
13096_0245_00001;1;;Rue du Félibrige;13460;13096;Saintes-Maries-de-la-Mer;;;4.429301;43.45496
13096_0601_00509;509;;Route d'Arles;13460;13096;Saintes-Maries-de-la-Mer;;;4.423522;43.459852
13096_0665_00009;9;;Impasse de la Sauvagine;13460;13096;Saintes-Maries-de-la-Mer;;;4.430104;43.454048
13096_381a9g_00005;5;;Avenue Maurice Challe;13460;13096;Saintes-Maries-de-la-Mer;;;4.429435;43.450566
13096_y0sskn_01060;1060;;Route Départementale 38B;13460;13096;Saintes-Maries-de-la-Mer;;;4.387555;43.52181
13096_91s7of_00010;10;;Carriero Dou Levant;13460;13096;Saintes-Maries-de-la-Mer;;;4.434487;43.456156
13096_0715_00012;12;;Rue Victor Hugo;13460;13096;Saintes-Maries-de-la-Mer;;;4.428052;43.45115
13096_0036_00020;20;;Rue des Artisans;13460;13096;Saintes-Maries-de-la-Mer;;;4.427872;43.45838
13096_0205_00016;16;;Rue de l’Etang;13460;13096;Saintes-Maries-de-la-Mer;;;4.42499;43.452993
13096_0300_00109;109;;Draille de Grazier;13460;13096;Saintes-Maries-de-la-Mer;;;4.375481;43.516909
13096_0339_00013;13;;Place Jean XXIII;13460;13096;Saintes-Maries-de-la-Mer;;;4.428192;43.45178
13096_f6emwu_00313;313;;Chemin de Barrachine;13460;13096;Saintes-Maries-de-la-Mer;;;4.428381;43.458853
13096_0555_00034;34;;Rue des Pénitents Blancs;13460;13096;Saintes-Maries-de-la-Mer;;;4.42854;43.451879
13096_vak3dh_05061;5061;;Route du Château d'Avignon;13460;13096;Saintes-Maries-de-la-Mer;;;4.43577;43.580102
13096_0335_00011_bis;11;bis;Rue Jarjaie;13460;13096;Saintes-Maries-de-la-Mer;;;4.427497;43.453081
13096_0300_00968;968;;Draille de Grazier;13460;13096;Saintes-Maries-de-la-Mer;;;4.382878;43.520367
13096_0090_05465;5465;;Route de Cacharel;13460;13096;Saintes-Maries-de-la-Mer;;;4.429818;43.499559
13096_0175_00023;23;;Rue Emile Ripert;13460;13096;Saintes-Maries-de-la-Mer;;;4.429262;43.453637
13096_0495_00003;3;;Place Mireille;13460;13096;Saintes-Maries-de-la-Mer;;;4.428057;43.452387
13096_0443_00045;45;;Rue Marcel Carrière;13460;13096;Saintes-Maries-de-la-Mer;;;4.435583;43.455895
13096_f6emwu_00395;395;;Chemin de Barrachine;13460;13096;Saintes-Maries-de-la-Mer;;;4.429364;43.461573
13096_0625_00007;7;;Place de la Révolution;13460;13096;Saintes-Maries-de-la-Mer;;;4.427464;43.451022
13096_0345_00016;16;;Rue Jean Jaurès;13460;13096;Saintes-Maries-de-la-Mer;;;4.425797;43.45215
13096_0265_00030;30;;Avenue Frédéric Mistral;13460;13096;Saintes-Maries-de-la-Mer;;;4.42755;43.45268
13096_381a9g_00009_bis;9;bis;Avenue Maurice Challe;13460;13096;Saintes-Maries-de-la-Mer;;;4.429567;43.450507
13096_0265_00047;47;;Avenue Frédéric Mistral;13460;13096;Saintes-Maries-de-la-Mer;;;4.427314;43.452655
13096_0615_00013;13;;Place René Masson;13460;13096;Saintes-Maries-de-la-Mer;;;4.428889;43.454464
13096_0260_00016_bis;16;bis;Rue François Medina;13460;13096;Saintes-Maries-de-la-Mer;;;4.433234;43.455147
13096_0150_00016;16;;Rue Corneille;13460;13096;Saintes-Maries-de-la-Mer;;;4.426741;43.45139
13096_0443_00006;6;;Rue Marcel Carrière;13460;13096;Saintes-Maries-de-la-Mer;;;4.436098;43.456107
13096_0265_00057;57;;Avenue Frédéric Mistral;13460;13096;Saintes-Maries-de-la-Mer;;;4.427689;43.452947
13096_0180_00007;7;;Rue Espelly;13460;13096;Saintes-Maries-de-la-Mer;;;4.427084;43.450634
13096_0sx9gy_00560;560;;Route du Domaine d'Astouin;13460;13096;Saintes-Maries-de-la-Mer;;;4.368735;43.530786
13096_0037_00015;15;;Avenue Riquette Aubanel;13460;13096;Saintes-Maries-de-la-Mer;;;4.417309;43.449965
13096_0503_03467;3467;;Route d'Aigues Mortes;13460;13096;Saintes-Maries-de-la-Mer;;;4.394377;43.471879
13096_0105_00001;1;;Rue Capitaine Fouque;13460;13096;Saintes-Maries-de-la-Mer;;;4.428365;43.450908
13096_0503_03707;3707;;Route d'Aigues Mortes;13460;13096;Saintes-Maries-de-la-Mer;;;4.39349;43.473922
13096_0226_00001;1;;Rue Fanfonne Guillerme;13460;13096;Saintes-Maries-de-la-Mer;;;4.430095;43.457386
13096_0705_00013;13;;Avenue Van Gogh;13460;13096;Saintes-Maries-de-la-Mer;;;4.426678;43.450155
13096_0226_00033;33;;Rue Fanfonne Guillerme;13460;13096;Saintes-Maries-de-la-Mer;;;4.431045;43.456974
13096_0690_00046_bis;46;bis;Avenue Théodore Aubanel;13460;13096;Saintes-Maries-de-la-Mer;;;4.421561;43.449607
13096_0601_04229;4229;;Route d'Arles;13460;13096;Saintes-Maries-de-la-Mer;;;4.403662;43.489019
13096_0503_04800;4800;;Route d'Aigues Mortes;13460;13096;Saintes-Maries-de-la-Mer;;;4.388792;43.483144
13096_0095_00025;25;;Rue Camille Pelletan;13460;13096;Saintes-Maries-de-la-Mer;;;4.432575;43.452282
13096_0601_00475;475;;Route d'Arles;13460;13096;Saintes-Maries-de-la-Mer;;;4.423684;43.458962
13096_0090_09021;9021;;Route de Cacharel;13460;13096;Saintes-Maries-de-la-Mer;;;4.402238;43.520875
13096_0345_00013;13;;Rue Jean Jaurès;13460;13096;Saintes-Maries-de-la-Mer;;;4.425593;43.451572
13096_0430_00029;29;;Rue Louis Pasteur;13460;13096;Saintes-Maries-de-la-Mer;;;4.431942;43.452131
13096_0574_00218;218;;Hameau de Pioch Badet;13460;13096;Saintes-Maries-de-la-Mer;;;4.401788;43.523548
13096_fn8prz_00121;121;;Petite Route du Bac;13460;13096;Saintes-Maries-de-la-Mer;;;4.403531;43.480925
13096_0136_00005;5;;Place du Château d'Eau;13460;13096;Saintes-Maries-de-la-Mer;;;4.427309;43.452851
13096_0590_00010;10;;Rue Portalet;13460;13096;Saintes-Maries-de-la-Mer;;;4.427254;43.452276
13096_0050_00008;8;;Rue Baptiste Bonnet;13460;13096;Saintes-Maries-de-la-Mer;;;4.42827;43.453738
13096_0135_00009;9;;Rue du Château d’Eau;13460;13096;Saintes-Maries-de-la-Mer;;;4.426624;43.453127
13096_0265_00011_ter;11;ter;Avenue Frédéric Mistral;13460;13096;Saintes-Maries-de-la-Mer;;;4.426513;43.451248
13096_0635_00015;15;;Rue Roger Delagnes;13460;13096;Saintes-Maries-de-la-Mer;;;4.43244;43.454133
13096_0086_00314;314;;Chemin des Cabanes de Cambon;13460;13096;Saintes-Maries-de-la-Mer;;;4.374996;43.519441
13096_0635_00002_bis;2;bis;Rue Roger Delagnes;13460;13096;Saintes-Maries-de-la-Mer;;;4.431831;43.453512
13096_q11xov_01922;1922;;Route de Balarin (RD38C);13460;13096;Saintes-Maries-de-la-Mer;;;4.381239;43.55157
13096_0265_00051;51;;Avenue Frédéric Mistral;13460;13096;Saintes-Maries-de-la-Mer;;;4.427426;43.452732
13096_0715_00010_bis;10;bis;Rue Victor Hugo;13460;13096;Saintes-Maries-de-la-Mer;;;4.428126;43.451125
13096_0265_00041;41;;Avenue Frédéric Mistral;13460;13096;Saintes-Maries-de-la-Mer;;;4.427084;43.452467
13096_w7chdq_00947;947;;Chemin du Clos du Rhône;13460;13096;Saintes-Maries-de-la-Mer;;;4.398126;43.450998
13096_0265_00017;17;;Avenue Frédéric Mistral;13460;13096;Saintes-Maries-de-la-Mer;;;4.426537;43.4514
13096_0116_00002;2;;Carriero Dou Pounentau;13460;13096;Saintes-Maries-de-la-Mer;;;4.434718;43.455752
13096_0400_00007;7;;Rue des Launes;13460;13096;Saintes-Maries-de-la-Mer;;;4.424891;43.450865
13096_0235_00008;8;;Rue des Félibres;13460;13096;Saintes-Maries-de-la-Mer;;;4.428898;43.454137
13096_0257_00631;631;;Chemin du Mas de la Fouque;13460;13096;Saintes-Maries-de-la-Mer;;;4.403004;43.466556
13096_scrkfd_00499;499;;Chemin du Mas d'Icard;13460;13096;Saintes-Maries-de-la-Mer;;;4.377689;43.499806
13096_0625_00006;6;;Place de la Révolution;13460;13096;Saintes-Maries-de-la-Mer;;;4.427512;43.451008
13096_0135_00003_bis;3;bis;Rue du Château d’Eau;13460;13096;Saintes-Maries-de-la-Mer;;;4.427017;43.452745
13096_0582_00141;141;;Chemin du Pont Blanc;13460;13096;Saintes-Maries-de-la-Mer;;;4.425164;43.457085
13096_0650_00017;17;;Rue Sadi Carnot;13460;13096;Saintes-Maries-de-la-Mer;;;4.426168;43.451605
13096_0260_00025;25;;Rue François Medina;13460;13096;Saintes-Maries-de-la-Mer;;;4.433885;43.45536
13096_0340_00014;14;;Rue Jean Aicard;13460;13096;Saintes-Maries-de-la-Mer;;;4.425407;43.452041
13096_0320_00010;10;;Place Honoré Pioch;13460;13096;Saintes-Maries-de-la-Mer;;;4.428238;43.452296
13096_0715_00034;34;;Rue Victor Hugo;13460;13096;Saintes-Maries-de-la-Mer;;;4.427101;43.451491
13096_0517_00012;12;;Rue Noune Judlin;13460;13096;Saintes-Maries-de-la-Mer;;;4.429954;43.456854
13096_b8li8g_00009;9;;Rue des Batayoles / Carriero Di Bataiolo;13460;13096;Saintes-Maries-de-la-Mer;;;4.42818;43.457623
13096_381a9g_00021;21;;Avenue Maurice Challe;13460;13096;Saintes-Maries-de-la-Mer;;;4.430762;43.450783
13096_0690_00010_bis;10;bis;Avenue Théodore Aubanel;13460;13096;Saintes-Maries-de-la-Mer;;;4.425161;43.450265
13096_0715_00002;2;;Rue Victor Hugo;13460;13096;Saintes-Maries-de-la-Mer;;;4.428661;43.4509
13096_0650_00012;12;;Rue Sadi Carnot;13460;13096;Saintes-Maries-de-la-Mer;;;4.426203;43.451172
13096_0300_00685;685;;Draille de Grazier;13460;13096;Saintes-Maries-de-la-Mer;;;4.381283;43.518947
13096_0175_00006;6;;Rue Emile Ripert;13460;13096;Saintes-Maries-de-la-Mer;;;4.428728;43.453307
13096_0065_00003;3;;Rue di Biou;13460;13096;Saintes-Maries-de-la-Mer;;;4.428302;43.45439
13096_0615_00014;14;;Place René Masson;13460;13096;Saintes-Maries-de-la-Mer;;;4.428847;43.45453
13096_0275_00003;3;;Place des Gardians;13460;13096;Saintes-Maries-de-la-Mer;;;4.428317;43.454085
13096_0495_00005;5;;Place Mireille;13460;13096;Saintes-Maries-de-la-Mer;;;4.428262;43.45259
13096_381a9g_00011;11;;Avenue Maurice Challe;13460;13096;Saintes-Maries-de-la-Mer;;;4.42964;43.450467
13096_381a9g_00001;1;;Avenue Maurice Challe;13460;13096;Saintes-Maries-de-la-Mer;;;4.429352;43.450602
13096_0601_02603;2603;;Route d'Arles;13460;13096;Saintes-Maries-de-la-Mer;;;4.409382;43.475317
13096_0348_00422;422;;Chemin Bas des Launes;13460;13096;Saintes-Maries-de-la-Mer;;;4.413174;43.467762
13096_0605_00007;7;;Rue des Razeteurs;13460;13096;Saintes-Maries-de-la-Mer;;;4.428513;43.452664
13096_0005_00005;5;;Rue de l’Abrivado;13460;13096;Saintes-Maries-de-la-Mer;;;4.432286;43.454905
13096_0015_00009;9;;Place Alphonso Arnaud;13460;13096;Saintes-Maries-de-la-Mer;;;4.432602;43.454522
13096_0503_03407;3407;;Route d'Aigues Mortes;13460;13096;Saintes-Maries-de-la-Mer;;;4.394608;43.471346
13096_0348_00610;610;;Chemin Bas des Launes;13460;13096;Saintes-Maries-de-la-Mer;;;4.411667;43.469611
13096_0430_00001;1;;Rue Louis Pasteur;13460;13096;Saintes-Maries-de-la-Mer;;;4.429642;43.45233
13096_0265_00005;5;;Avenue Frédéric Mistral;13460;13096;Saintes-Maries-de-la-Mer;;;4.426402;43.45079
13096_0355_00013;13;;Rue Jean Roche;13460;13096;Saintes-Maries-de-la-Mer;;;4.430064;43.451839
13096_0120_00006;6;;Rue Charles Gounod;13460;13096;Saintes-Maries-de-la-Mer;;;4.427703;43.452511
13096_0260_00018;18;;Rue François Medina;13460;13096;Saintes-Maries-de-la-Mer;;;4.433455;43.455229
13096_0037_00008;8;;Avenue Riquette Aubanel;13460;13096;Saintes-Maries-de-la-Mer;;;4.419444;43.449756
13096_0sx9gy_00659;659;;Route du Domaine d'Astouin;13460;13096;Saintes-Maries-de-la-Mer;;;4.367712;43.530288
13096_381a9g_00009;9;;Avenue Maurice Challe;13460;13096;Saintes-Maries-de-la-Mer;;;4.429522;43.450529
13096_0582_00221;221;;Chemin du Pont Blanc;13460;13096;Saintes-Maries-de-la-Mer;;;4.424388;43.457437
13096_0650_00013;13;;Rue Sadi Carnot;13460;13096;Saintes-Maries-de-la-Mer;;;4.426133;43.451339
13096_0430_00026_bis;26;bis;Rue Louis Pasteur;13460;13096;Saintes-Maries-de-la-Mer;;;4.431641;43.452083
13096_0265_00011;11;;Avenue Frédéric Mistral;13460;13096;Saintes-Maries-de-la-Mer;;;4.426494;43.45116
13096_0315_00006_bis;6;bis;Place Henry de Montherlant;13460;13096;Saintes-Maries-de-la-Mer;;;4.432197;43.454547
13096_0285_00001;1;;Avenue Gilbert Leroy;13460;13096;Saintes-Maries-de-la-Mer;;;4.430991;43.451032
13096_0715_00004;4;;Rue Victor Hugo;13460;13096;Saintes-Maries-de-la-Mer;;;4.428508;43.450955
13096_0116_00012;12;;Carriero Dou Pounentau;13460;13096;Saintes-Maries-de-la-Mer;;;4.43492;43.455854
13096_0086_00043;43;;Chemin des Cabanes de Cambon;13460;13096;Saintes-Maries-de-la-Mer;;;4.374;43.517114
13096_0090_08550;8550;;Route de Cacharel;13460;13096;Saintes-Maries-de-la-Mer;;;4.40887;43.525717
13096_0311_00449;449;;Chemin Haut des Launes;13460;13096;Saintes-Maries-de-la-Mer;;;4.403381;43.471572
13096_0355_00001;1;;Rue Jean Roche;13460;13096;Saintes-Maries-de-la-Mer;;;4.429337;43.45192
13096_0517_00006;6;;Rue Noune Judlin;13460;13096;Saintes-Maries-de-la-Mer;;;4.429733;43.456897
13096_0355_00033;33;;Rue Jean Roche;13460;13096;Saintes-Maries-de-la-Mer;;;4.43191;43.451632
13096_0574_00268;268;;Hameau de Pioch Badet;13460;13096;Saintes-Maries-de-la-Mer;;;4.401614;43.523941
13096_0092_00008;8;;Avenue du Docteur Cambon;13460;13096;Saintes-Maries-de-la-Mer;;;4.432576;43.454994
13096_0635_00013;13;;Rue Roger Delagnes;13460;13096;Saintes-Maries-de-la-Mer;;;4.43233;43.454091
13096_yuj489_00003;3;;Avenue Roland Chassain;13460;13096;Saintes-Maries-de-la-Mer;;;4.429892;43.453622
13096_0578_00008;8;;Place Dou Grégau;13460;13096;Saintes-Maries-de-la-Mer;;;4.433842;43.456289
13096_0226_00010;10;;Rue Fanfonne Guillerme;13460;13096;Saintes-Maries-de-la-Mer;;;4.430427;43.457207
13096_0690_00036_ter;36;ter;Avenue Théodore Aubanel;13460;13096;Saintes-Maries-de-la-Mer;;;4.4228;43.449912
13096_fn8prz_00807;807;;Petite Route du Bac;13460;13096;Saintes-Maries-de-la-Mer;;;4.395666;43.482671
13096_0601_01523;1523;;Route d'Arles;13460;13096;Saintes-Maries-de-la-Mer;;;4.41674;43.467149
13096_0280_00004_bis;4;bis;Rue Georges Bizet;13460;13096;Saintes-Maries-de-la-Mer;;;4.426531;43.452244
13096_0090_09019;9019;;Route de Cacharel;13460;13096;Saintes-Maries-de-la-Mer;;;4.402121;43.522063
13096_0705_00001;1;;Avenue Van Gogh;13460;13096;Saintes-Maries-de-la-Mer;;;4.429099;43.450364
13096_0110_00007;7;;Rue de la Cavidoule;13460;13096;Saintes-Maries-de-la-Mer;;;4.428462;43.454699
13096_2y5i2q_00297;297;;Route de Pin Fourcat;13460;13096;Saintes-Maries-de-la-Mer;;;4.382596;43.486995
13096_7d0l45_00008;8;;Carriero Dou Vent Dou Souleu;13460;13096;Saintes-Maries-de-la-Mer;;;4.43428;43.455667
13096_0620_00015;15;;Avenue de la République;13460;13096;Saintes-Maries-de-la-Mer;;;4.428873;43.451438
13096_0355_00010_bis;10;bis;Rue Jean Roche;13460;13096;Saintes-Maries-de-la-Mer;;;4.431297;43.451595
13096_0510_00001;1;;Rue du Musée;13460;13096;Saintes-Maries-de-la-Mer;;;4.427584;43.451191
13096_0061_01035;1035;;Chemin Bas de Dromard;13460;13096;Saintes-Maries-de-la-Mer;;;4.399578;43.473001
13096_0090_06151;6151;;Route de Cacharel;13460;13096;Saintes-Maries-de-la-Mer;;;4.426138;43.504953
13096_0020_00012_bis;12;bis;Rue Alphonse Daudet;13460;13096;Saintes-Maries-de-la-Mer;;;4.425637;43.451006
13096_0601_00493;493;;Route d'Arles;13460;13096;Saintes-Maries-de-la-Mer;;;4.423623;43.45975
13096_0290_00000;0;;Place des Gitans;13460;13096;Saintes-Maries-de-la-Mer;;;4.429601;43.451513
13096_0517_00026;26;;Rue Noune Judlin;13460;13096;Saintes-Maries-de-la-Mer;;;4.430593;43.456693
13096_0601_04212;4212;;Route d'Arles;13460;13096;Saintes-Maries-de-la-Mer;;;4.403999;43.48892
13096_fn8prz_00109;109;;Petite Route du Bac;13460;13096;Saintes-Maries-de-la-Mer;;;4.40376;43.480594
13096_0080_00026;26;;Place de la Brise;13460;13096;Saintes-Maries-de-la-Mer;;;4.433052;43.452458
13096_0190_00003;3;;Place de l’Estrambord;13460;13096;Saintes-Maries-de-la-Mer;;;4.428174;43.45464
13096_7d0l45_00003;3;;Carriero Dou Vent Dou Souleu;13460;13096;Saintes-Maries-de-la-Mer;;;4.43424;43.455812
13096_0090_08812;8812;;Route de Cacharel;13460;13096;Saintes-Maries-de-la-Mer;;;4.404777;43.522014
13096_0226_00013;13;;Rue Fanfonne Guillerme;13460;13096;Saintes-Maries-de-la-Mer;;;4.430468;43.457274
13096_0265_00012;12;;Avenue Frédéric Mistral;13460;13096;Saintes-Maries-de-la-Mer;;;4.426757;43.451716
13096_0061_00895;895;;Chemin Bas de Dromard;13460;13096;Saintes-Maries-de-la-Mer;;;4.401166;43.473043
13096_7cs5fm_02305;2305;;Route de la Trinité;13460;13096;Saintes-Maries-de-la-Mer;;;4.452207;43.578444
13096_b123_00891;891;;Petite Route d'Icard;13460;13096;Saintes-Maries-de-la-Mer;;;4.391207;43.500988
13096_0335_00009;9;;Rue Jarjaie;13460;13096;Saintes-Maries-de-la-Mer;;;4.427387;43.453069
13096_0550_00012;12;;Rue des Pêcheurs;13460;13096;Saintes-Maries-de-la-Mer;;;4.427858;43.452126
13096_0175_00026;26;;Rue Emile Ripert;13460;13096;Saintes-Maries-de-la-Mer;;;4.429375;43.453596
13096_0175_00022;22;;Rue Emile Ripert;13460;13096;Saintes-Maries-de-la-Mer;;;4.429185;43.453492
13096_iiqj77_00552;552;;Draille du Mas les Pellegrins;13460;13096;Saintes-Maries-de-la-Mer;;;4.400683;43.486576
13096_0180_00014;14;;Rue Espelly;13460;13096;Saintes-Maries-de-la-Mer;;;4.427125;43.450961
13096_0037_00013;13;;Avenue Riquette Aubanel;13460;13096;Saintes-Maries-de-la-Mer;;;4.417665;43.449929
13096_0105_00014;14;;Rue Capitaine Fouque;13460;13096;Saintes-Maries-de-la-Mer;;;4.428081;43.450679
13096_0715_00016;16;;Rue Victor Hugo;13460;13096;Saintes-Maries-de-la-Mer;;;4.42791;43.451192
13096_0715_00025_bis;25;bis;Rue Victor Hugo;13460;13096;Saintes-Maries-de-la-Mer;;;4.427576;43.45129
13096_0365_00003;3;;Rue Joanin Audibert;13460;13096;Saintes-Maries-de-la-Mer;;;4.429102;43.452644
13096_fs4mge_00036;36;;Avenue Jacques Chirac;13460;13096;Saintes-Maries-de-la-Mer;;;4.427469;43.455135
13096_0037_00001;1;;Avenue Riquette Aubanel;13460;13096;Saintes-Maries-de-la-Mer;;;4.4211;43.449602
13096_0265_00010;10;;Avenue Frédéric Mistral;13460;13096;Saintes-Maries-de-la-Mer;;;4.426741;43.451669
13096_0601_01821;1821;;Route d'Arles;13460;13096;Saintes-Maries-de-la-Mer;;;4.414028;43.468876
13096_0086_00026;26;;Chemin des Cabanes de Cambon;13460;13096;Saintes-Maries-de-la-Mer;;;4.37418;43.516973
13096_0265_00019;19;;Avenue Frédéric Mistral;13460;13096;Saintes-Maries-de-la-Mer;;;4.426625;43.451757
13096_0185_00003;3;;Place Esprit Pioch;13460;13096;Saintes-Maries-de-la-Mer;;;4.427187;43.451961
13096_0036_00016;16;;Rue des Artisans;13460;13096;Saintes-Maries-de-la-Mer;;;4.427963;43.458094
13096_0443_00017;17;;Rue Marcel Carrière;13460;13096;Saintes-Maries-de-la-Mer;;;4.434858;43.455585
13096_0095_00010;10;;Rue Camille Pelletan;13460;13096;Saintes-Maries-de-la-Mer;;;4.430402;43.453159
13096_0092_00011;11;;Avenue du Docteur Cambon;13460;13096;Saintes-Maries-de-la-Mer;;;4.433178;43.454932
13096_0340_00006;6;;Rue Jean Aicard;13460;13096;Saintes-Maries-de-la-Mer;;;4.426341;43.451756
13096_0095_00019;19;;Rue Camille Pelletan;13460;13096;Saintes-Maries-de-la-Mer;;;4.432168;43.452475
13096_0582_00519;519;;Chemin du Pont Blanc;13460;13096;Saintes-Maries-de-la-Mer;;;4.421529;43.456491
13096_0175_00008;8;;Rue Emile Ripert;13460;13096;Saintes-Maries-de-la-Mer;;;4.428844;43.453354
13096_7d0l45_00001;1;;Carriero Dou Vent Dou Souleu;13460;13096;Saintes-Maries-de-la-Mer;;;4.434278;43.455888
13096_0705_00002;2;;Avenue Van Gogh;13460;13096;Saintes-Maries-de-la-Mer;;;4.428744;43.450578
13096_0601_08526;8526;;Route d'Arles;13460;13096;Saintes-Maries-de-la-Mer;;;4.40165;43.525726
13096_0420_00002;2;;Rue Léon Gambetta;13460;13096;Saintes-Maries-de-la-Mer;;;4.42941;43.450837
13096_0175_00002_ter;2;ter;Rue Emile Ripert;13460;13096;Saintes-Maries-de-la-Mer;;;4.428367;43.453191
13096_0061_00151;151;;Chemin Bas de Dromard;13460;13096;Saintes-Maries-de-la-Mer;;;4.409623;43.472279
13096_0226_00022;22;;Rue Fanfonne Guillerme;13460;13096;Saintes-Maries-de-la-Mer;;;4.430847;43.457023
13096_orh3k0_00005;5;;Rue Hermann Paul;13460;13096;Saintes-Maries-de-la-Mer;;;4.430736;43.452568
13096_0265_00034;34;;Avenue Frédéric Mistral;13460;13096;Saintes-Maries-de-la-Mer;;;4.427634;43.452759
13096_0430_00031;31;;Rue Louis Pasteur;13460;13096;Saintes-Maries-de-la-Mer;;;4.432107;43.452119
13096_0590_00003;3;;Rue Portalet;13460;13096;Saintes-Maries-de-la-Mer;;;4.427313;43.452144
13096_0295_01277;1277;;Chemin du Grand Radeau;13460;13096;Saintes-Maries-de-la-Mer;;;4.360007;43.487474
13096_0025_00000;0;;Placette de l'Ancienne Gare;13460;13096;Saintes-Maries-de-la-Mer;;;4.428815;43.45292
13096_0715_00021;21;;Rue Victor Hugo;13460;13096;Saintes-Maries-de-la-Mer;;;4.427785;43.451173
13096_0265_00006;6;;Avenue Frédéric Mistral;13460;13096;Saintes-Maries-de-la-Mer;;;4.42668;43.451293
13096_0503_09463;9463;;Route d'Aigues Mortes;13460;13096;Saintes-Maries-de-la-Mer;;;4.374367;43.520464
13096_0430_00033;33;;Rue Louis Pasteur;13460;13096;Saintes-Maries-de-la-Mer;;;4.432366;43.452092
13096_0620_00005;5;;Avenue de la République;13460;13096;Saintes-Maries-de-la-Mer;;;4.428883;43.451121
13096_0555_00024;24;;Rue des Pénitents Blancs;13460;13096;Saintes-Maries-de-la-Mer;;;4.428457;43.45167
13096_0265_00009;9;;Avenue Frédéric Mistral;13460;13096;Saintes-Maries-de-la-Mer;;;4.426474;43.451072
13096_0265_00028;28;;Avenue Frédéric Mistral;13460;13096;Saintes-Maries-de-la-Mer;;;4.427487;43.45261
13096_0582_00021;21;;Chemin du Pont Blanc;13460;13096;Saintes-Maries-de-la-Mer;;;4.42648;43.456682
13096_0530_00002;2;;Rue Paul Arène;13460;13096;Saintes-Maries-de-la-Mer;;;4.428579;43.453719
13096_fn8prz_00123;123;;Petite Route du Bac;13460;13096;Saintes-Maries-de-la-Mer;;;4.403481;43.480976
13096_0440_00003;3;;Rue des Manades;13460;13096;Saintes-Maries-de-la-Mer;;;4.433464;43.455908
13096_0601_01327;1327;;Route d'Arles;13460;13096;Saintes-Maries-de-la-Mer;;;4.418413;43.465995
13096_0470_01021;1021;;Draille du Roure;13460;13096;Saintes-Maries-de-la-Mer;;;4.398891;43.556656
13096_0715_00023;23;;Rue Victor Hugo;13460;13096;Saintes-Maries-de-la-Mer;;;4.427702;43.451177
13096_0sx9gy_00486;486;;Route du Domaine d'Astouin;13460;13096;Saintes-Maries-de-la-Mer;;;4.36944;43.531207
13096_0435_00024;24;;Chemin des Macreuses;13460;13096;Saintes-Maries-de-la-Mer;;;4.423957;43.45082
13096_0601_00492;492;;Route d'Arles;13460;13096;Saintes-Maries-de-la-Mer;;;4.42385;43.459853
13096_0495_00008;8;;Place Mireille;13460;13096;Saintes-Maries-de-la-Mer;;;4.428427;43.452509
13096_0517_00009;9;;Rue Noune Judlin;13460;13096;Saintes-Maries-de-la-Mer;;;4.430024;43.456925
13096_0250_00012;12;;Rue de la Ferrade;13460;13096;Saintes-Maries-de-la-Mer;;;4.431796;43.454711
13096_0601_01537;1537;;Route d'Arles;13460;13096;Saintes-Maries-de-la-Mer;;;4.416154;43.467526
13096_0221_00256;256;;Chemin de la Fadaise;13460;13096;Saintes-Maries-de-la-Mer;;;4.390655;43.488377
13096_fn8prz_01091;1091;;Petite Route du Bac;13460;13096;Saintes-Maries-de-la-Mer;;;4.392427;43.483398
13096_0443_00025;25;;Rue Marcel Carrière;13460;13096;Saintes-Maries-de-la-Mer;;;4.435041;43.455661
13096_e7cais_00093;93;;Chemin du Petit Rhône;13460;13096;Saintes-Maries-de-la-Mer;;;4.368621;43.529655
13096_0430_00030_bis;30;bis;Rue Louis Pasteur;13460;13096;Saintes-Maries-de-la-Mer;;;4.431882;43.452011
13096_0605_00003;3;;Rue des Razeteurs;13460;13096;Saintes-Maries-de-la-Mer;;;4.428673;43.452598
13096_0601_01679;1679;;Route d'Arles;13460;13096;Saintes-Maries-de-la-Mer;;;4.415113;43.468126
13096_0720_00007_bis;7;bis;Place du Vovo;13460;13096;Saintes-Maries-de-la-Mer;;;4.427885;43.454967
13096_0601_01687;1687;;Route d'Arles;13460;13096;Saintes-Maries-de-la-Mer;;;4.414799;43.467786
13096_0375_00004;4;;Rue Joseph Roumanille;13460;13096;Saintes-Maries-de-la-Mer;;;4.427804;43.452295
13096_0095_00011;11;;Rue Camille Pelletan;13460;13096;Saintes-Maries-de-la-Mer;;;4.431902;43.452593
13096_0175_00002_bis;2;bis;Rue Emile Ripert;13460;13096;Saintes-Maries-de-la-Mer;;;4.42833;43.453175
13096_0090_05683;5683;;Route de Cacharel;13460;13096;Saintes-Maries-de-la-Mer;;;4.427183;43.500715
13096_0250_00018;18;;Rue de la Ferrade;13460;13096;Saintes-Maries-de-la-Mer;;;4.432008;43.454878
13096_0690_00026_bis;26;bis;Avenue Théodore Aubanel;13460;13096;Saintes-Maries-de-la-Mer;;;4.423657;43.450107
13096_0136_00006;6;;Place du Château d'Eau;13460;13096;Saintes-Maries-de-la-Mer;;;4.427114;43.453117
13096_0435_00014_bis;14;bis;Chemin des Macreuses;13460;13096;Saintes-Maries-de-la-Mer;;;4.422549;43.450249
13096_0092_00009;9;;Avenue du Docteur Cambon;13460;13096;Saintes-Maries-de-la-Mer;;;4.433028;43.455012
13096_0665_00002;2;;Impasse de la Sauvagine;13460;13096;Saintes-Maries-de-la-Mer;;;4.429843;43.45385
13096_0100_00685;685;;Draille des Capelans;13460;13096;Saintes-Maries-de-la-Mer;;;4.390023;43.514705
13096_0280_00001;1;;Rue Georges Bizet;13460;13096;Saintes-Maries-de-la-Mer;;;4.426698;43.452124
13096_0120_00003;3;;Rue Charles Gounod;13460;13096;Saintes-Maries-de-la-Mer;;;4.427597;43.452483
13096_0086_00298;298;;Chemin des Cabanes de Cambon;13460;13096;Saintes-Maries-de-la-Mer;;;4.374891;43.519273
13096_0635_00004;4;;Rue Roger Delagnes;13460;13096;Saintes-Maries-de-la-Mer;;;4.43222;43.453677
13096_0090_04362;4362;;Route de Cacharel;13460;13096;Saintes-Maries-de-la-Mer;;;4.439541;43.492789
13096_0240_00001;1;;Rue Félibre Laforêt;13460;13096;Saintes-Maries-de-la-Mer;;;4.428234;43.455184
13096_0130_00003;3;;Rue Chateaubriand;13460;13096;Saintes-Maries-de-la-Mer;;;4.426894;43.450911
13096_0715_00005;5;;Rue Victor Hugo;13460;13096;Saintes-Maries-de-la-Mer;;;4.428603;43.450851
13096_0601_02539;2539;;Route d'Arles;13460;13096;Saintes-Maries-de-la-Mer;;;4.40978;43.47484
13096_0205_00006;6;;Rue de l’Etang;13460;13096;Saintes-Maries-de-la-Mer;;;4.425578;43.452875
13096_0650_00022;22;;Rue Sadi Carnot;13460;13096;Saintes-Maries-de-la-Mer;;;4.426336;43.451939
13096_0445_00010;10;;Rue Marcel Cerdan;13460;13096;Saintes-Maries-de-la-Mer;;;4.428607;43.45155
13096_2y5i2q_06381;6381;;Route de Pin Fourcat;13460;13096;Saintes-Maries-de-la-Mer;;;4.349251;43.530725
13096_0530_00011;11;;Rue Paul Arène;13460;13096;Saintes-Maries-de-la-Mer;;;4.428488;43.453771
13096_0105_00011;11;;Rue Capitaine Fouque;13460;13096;Saintes-Maries-de-la-Mer;;;4.428174;43.450663
13096_0155_00004;4;;Rue Crin Blanc;13460;13096;Saintes-Maries-de-la-Mer;;;4.428021;43.45536
13096_yuj489_00022;22;;Avenue Roland Chassain;13460;13096;Saintes-Maries-de-la-Mer;;;4.431476;43.455807
13096_0445_00004;4;;Rue Marcel Cerdan;13460;13096;Saintes-Maries-de-la-Mer;;;4.428774;43.451521
13096_fs4mge_00024;24;;Avenue Jacques Chirac;13460;13096;Saintes-Maries-de-la-Mer;;;4.427705;43.454304
13096_2y5i2q_03783;3783;;Route de Pin Fourcat;13460;13096;Saintes-Maries-de-la-Mer;;;4.357197;43.509376
13096_0440_00005;5;;Rue des Manades;13460;13096;Saintes-Maries-de-la-Mer;;;4.433488;43.455879
13096_0090_08195;8195;;Route de Cacharel;13460;13096;Saintes-Maries-de-la-Mer;;;4.4099;43.518682
13096_0601_02609;2609;;Route d'Arles;13460;13096;Saintes-Maries-de-la-Mer;;;4.408616;43.475502
13096_0280_00016;16;;Rue Georges Bizet;13460;13096;Saintes-Maries-de-la-Mer;;;4.425036;43.452518
13096_381a9g_00015;15;;Avenue Maurice Challe;13460;13096;Saintes-Maries-de-la-Mer;;;4.430246;43.450427
13096_0445_00008;8;;Rue Marcel Cerdan;13460;13096;Saintes-Maries-de-la-Mer;;;4.428661;43.451538
13096_91s7of_00011;11;;Carriero Dou Levant;13460;13096;Saintes-Maries-de-la-Mer;;;4.434863;43.456078
13096_91s7of_00013;13;;Carriero Dou Levant;13460;13096;Saintes-Maries-de-la-Mer;;;4.434434;43.456026
13096_j5ilax_00001;1;;Placo Di Peto Carrado;13460;13096;Saintes-Maries-de-la-Mer;;;4.42938;43.457409
13096_0472_00012;12;;Avenue des Massoucles;13460;13096;Saintes-Maries-de-la-Mer;;;4.429896;43.45568
13096_0620_00011;11;;Avenue de la République;13460;13096;Saintes-Maries-de-la-Mer;;;4.428846;43.451306
13096_0601_02611;2611;;Route d'Arles;13460;13096;Saintes-Maries-de-la-Mer;;;4.408014;43.475531
13096_0285_00017;17;;Avenue Gilbert Leroy;13460;13096;Saintes-Maries-de-la-Mer;;;4.432406;43.451821
13096_0725_00002;2;;Rue du Vovo;13460;13096;Saintes-Maries-de-la-Mer;;;4.428349;43.455077
13096_orh3k0_00014_bis;14;bis;Rue Hermann Paul;13460;13096;Saintes-Maries-de-la-Mer;;;4.430897;43.45256
13096_0154_00003;3;;Avenue Jacques-Yves Cousteau;13460;13096;Saintes-Maries-de-la-Mer;;;4.434231;43.453893
13096_0620_00008;8;;Avenue de la République;13460;13096;Saintes-Maries-de-la-Mer;;;4.429159;43.45196
13096_0345_00010;10;;Rue Jean Jaurès;13460;13096;Saintes-Maries-de-la-Mer;;;4.425684;43.451521
13096_0540_00003;3;;Rue Paul Peyron;13460;13096;Saintes-Maries-de-la-Mer;;;4.427777;43.450624
13096_0020_00008;8;;Rue Alphonse Daudet;13460;13096;Saintes-Maries-de-la-Mer;;;4.425873;43.45098
13096_p5xe2o_00005;5;;Carriero de Brasinvert;13460;13096;Saintes-Maries-de-la-Mer;;;4.429723;43.457631
13096_e1qctk_06855;6855;;Draille de Méjanes;13460;13096;Saintes-Maries-de-la-Mer;;;4.479177;43.533961
13096_0601_07649;7649;;Route d'Arles;13460;13096;Saintes-Maries-de-la-Mer;;;4.398745;43.519337
13096_0339_00003;3;;Place Jean XXIII;13460;13096;Saintes-Maries-de-la-Mer;;;4.427956;43.451424
13096_0226_00018;18;;Rue Fanfonne Guillerme;13460;13096;Saintes-Maries-de-la-Mer;;;4.430688;43.457039
13096_0635_00019;19;;Rue Roger Delagnes;13460;13096;Saintes-Maries-de-la-Mer;;;4.432615;43.45421
13096_0230_00001;1;;Place Farfantello;13460;13096;Saintes-Maries-de-la-Mer;;;4.432067;43.454387
13096_0574_00363;363;;Hameau de Pioch Badet;13460;13096;Saintes-Maries-de-la-Mer;;;4.401109;43.524706
13096_0540_00007;7;;Rue Paul Peyron;13460;13096;Saintes-Maries-de-la-Mer;;;4.427478;43.450715
13096_0517_00001;1;;Rue Noune Judlin;13460;13096;Saintes-Maries-de-la-Mer;;;4.4297;43.456981
13096_0010_00004;4;;Impasse des Aigrettes;13460;13096;Saintes-Maries-de-la-Mer;;;4.42535;43.453333
13096_0400_00021;21;;Rue des Launes;13460;13096;Saintes-Maries-de-la-Mer;;;4.42507;43.451901
13096_0650_00004_d;4;d;Rue Sadi Carnot;13460;13096;Saintes-Maries-de-la-Mer;;;4.426127;43.45072
13096_2y5i2q_04180;4180;;Route de Pin Fourcat;13460;13096;Saintes-Maries-de-la-Mer;;;4.355564;43.512569
13096_j5ilax_00006;6;;Placo Di Peto Carrado;13460;13096;Saintes-Maries-de-la-Mer;;;4.429342;43.457617
13096_0601_01689;1689;;Route d'Arles;13460;13096;Saintes-Maries-de-la-Mer;;;4.414744;43.46775
13096_0690_00028;28;;Avenue Théodore Aubanel;13460;13096;Saintes-Maries-de-la-Mer;;;4.423547;43.450102
13096_0348_00457;457;;Chemin Bas des Launes;13460;13096;Saintes-Maries-de-la-Mer;;;4.412787;43.467822
13096_0517_00019;19;;Rue Noune Judlin;13460;13096;Saintes-Maries-de-la-Mer;;;4.430516;43.456783
13096_3z63d0_00181;181;;Chemin du Grand Frigoules;13460;13096;Saintes-Maries-de-la-Mer;;;4.414315;43.515321
13096_0350_00001;1;;Place Jean Moulin;13460;13096;Saintes-Maries-de-la-Mer;;;4.428814;43.455377
13096_0620_00003;3;;Avenue de la République;13460;13096;Saintes-Maries-de-la-Mer;;;4.42886;43.45106
13096_0705_00024;24;;Avenue Van Gogh;13460;13096;Saintes-Maries-de-la-Mer;;;4.427323;43.450431
13096_0715_00030;30;;Rue Victor Hugo;13460;13096;Saintes-Maries-de-la-Mer;;;4.427293;43.451422
13096_0650_00021;21;;Rue Sadi Carnot;13460;13096;Saintes-Maries-de-la-Mer;;;4.426252;43.452078
13096_0175_00002;2;;Rue Emile Ripert;13460;13096;Saintes-Maries-de-la-Mer;;;4.428274;43.453155
13096_2y5i2q_04014;4014;;Route de Pin Fourcat;13460;13096;Saintes-Maries-de-la-Mer;;;4.356877;43.51147
13096_0036_00002;2;;Rue des Artisans;13460;13096;Saintes-Maries-de-la-Mer;;;4.427431;43.457652
13096_0540_00010;10;;Rue Paul Peyron;13460;13096;Saintes-Maries-de-la-Mer;;;4.42786;43.450657
13096_0090_04965;4965;;Route de Cacharel;13460;13096;Saintes-Maries-de-la-Mer;;;4.433274;43.495838
13096_0578_00005;5;;Place Dou Grégau;13460;13096;Saintes-Maries-de-la-Mer;;;4.433644;43.456307
13096_0710_00001;1;;Rue du Vibre;13460;13096;Saintes-Maries-de-la-Mer;;;4.428841;43.454819
13096_0345_00025;25;;Rue Jean Jaurès;13460;13096;Saintes-Maries-de-la-Mer;;;4.426116;43.452969
13096_0635_00001_bis;1;bis;Rue Roger Delagnes;13460;13096;Saintes-Maries-de-la-Mer;;;4.431104;43.453251
13096_0095_00008;8;;Rue Camille Pelletan;13460;13096;Saintes-Maries-de-la-Mer;;;4.430366;43.45319
13096_0309_00015;15;;Rue Henri Ourliac;13460;13096;Saintes-Maries-de-la-Mer;;;4.430346;43.456365
13096_0430_00026;26;;Rue Louis Pasteur;13460;13096;Saintes-Maries-de-la-Mer;;;4.431555;43.452089
13096_0105_00001_bis;1;bis;Rue Capitaine Fouque;13460;13096;Saintes-Maries-de-la-Mer;;;4.428339;43.450876
13096_0345_00017;17;;Rue Jean Jaurès;13460;13096;Saintes-Maries-de-la-Mer;;;4.425639;43.451786
13096_orh3k0_00012;12;;Rue Hermann Paul;13460;13096;Saintes-Maries-de-la-Mer;;;4.430576;43.452127
13096_0582_00250;250;;Chemin du Pont Blanc;13460;13096;Saintes-Maries-de-la-Mer;;;4.423933;43.457633
13096_0285_00025;25;;Avenue Gilbert Leroy;13460;13096;Saintes-Maries-de-la-Mer;;;4.433209;43.452167
13096_0080_00004;4;;Place de la Brise;13460;13096;Saintes-Maries-de-la-Mer;;;4.43355;43.45262
13096_zdmic7_00003;3;;Contre-Allée Camille Pelletan;13460;13096;Saintes-Maries-de-la-Mer;;;4.430928;43.453191
13096_0315_00008;8;;Place Henry de Montherlant;13460;13096;Saintes-Maries-de-la-Mer;;;4.432445;43.45476
13096_0705_00014;14;;Avenue Van Gogh;13460;13096;Saintes-Maries-de-la-Mer;;;4.427669;43.4504
13096_0265_00032;32;;Avenue Frédéric Mistral;13460;13096;Saintes-Maries-de-la-Mer;;;4.427577;43.452706
13096_0720_00003;3;;Place du Vovo;13460;13096;Saintes-Maries-de-la-Mer;;;4.427967;43.45513
13096_0601_01823;1823;;Route d'Arles;13460;13096;Saintes-Maries-de-la-Mer;;;4.413848;43.468864
13096_0503_09803;9803;;Route d'Aigues Mortes;13460;13096;Saintes-Maries-de-la-Mer;;;4.372894;43.523935
13096_0443_00041;41;;Rue Marcel Carrière;13460;13096;Saintes-Maries-de-la-Mer;;;4.43546;43.455841
13096_0309_00003;3;;Rue Henri Ourliac;13460;13096;Saintes-Maries-de-la-Mer;;;4.429468;43.456528
13096_0517_00008;8;;Rue Noune Judlin;13460;13096;Saintes-Maries-de-la-Mer;;;4.429819;43.456888
13096_0574_00356;356;;Hameau de Pioch Badet;13460;13096;Saintes-Maries-de-la-Mer;;;4.401288;43.524681
13096_0086_00326;326;;Chemin des Cabanes de Cambon;13460;13096;Saintes-Maries-de-la-Mer;;;4.375046;43.519541
13096_0265_00024;24;;Avenue Frédéric Mistral;13460;13096;Saintes-Maries-de-la-Mer;;;4.4272;43.452384
13096_0443_00029;29;;Rue Marcel Carrière;13460;13096;Saintes-Maries-de-la-Mer;;;4.435139;43.455703
13096_0090_07191;7191;;Route de Cacharel;13460;13096;Saintes-Maries-de-la-Mer;;;4.418277;43.512358
13096_0340_00010;10;;Rue Jean Aicard;13460;13096;Saintes-Maries-de-la-Mer;;;4.426006;43.451856
13096_0280_00008;8;;Rue Georges Bizet;13460;13096;Saintes-Maries-de-la-Mer;;;4.425959;43.452335
13096_0705_00011;11;;Avenue Van Gogh;13460;13096;Saintes-Maries-de-la-Mer;;;4.426931;43.449519
13096_0582_00046;46;;Chemin du Pont Blanc;13460;13096;Saintes-Maries-de-la-Mer;;;4.426152;43.456877
13096_0280_00001_bis;1;bis;Rue Georges Bizet;13460;13096;Saintes-Maries-de-la-Mer;;;4.426534;43.452154
13096_0265_00039;39;;Avenue Frédéric Mistral;13460;13096;Saintes-Maries-de-la-Mer;;;4.427018;43.45241
13096_0710_00003;3;;Rue du Vibre;13460;13096;Saintes-Maries-de-la-Mer;;;4.428713;43.455017
13096_0339_00004;4;;Place Jean XXIII;13460;13096;Saintes-Maries-de-la-Mer;;;4.428015;43.451406
13096_scrkfd_00502;502;;Chemin du Mas d'Icard;13460;13096;Saintes-Maries-de-la-Mer;;;4.377852;43.49977
13096_0265_00021;21;;Avenue Frédéric Mistral;13460;13096;Saintes-Maries-de-la-Mer;;;4.426646;43.451807
13096_0340_00005;5;;Rue Jean Aicard;13460;13096;Saintes-Maries-de-la-Mer;;;4.425228;43.451987
13096_0120_00014;14;;Rue Charles Gounod;13460;13096;Saintes-Maries-de-la-Mer;;;4.427891;43.452727
13096_0090_08370;8370;;Route de Cacharel;13460;13096;Saintes-Maries-de-la-Mer;;;4.409591;43.520296
13096_0450_00011;11;;Rue Marcel Pagnol;13460;13096;Saintes-Maries-de-la-Mer;;;4.432645;43.455799
13096_0061_00862;862;;Chemin Bas de Dromard;13460;13096;Saintes-Maries-de-la-Mer;;;4.401979;43.473634
13096_0503_03060;3060;;Route d'Aigues Mortes;13460;13096;Saintes-Maries-de-la-Mer;;;4.395226;43.468284
13096_0365_00007;7;;Rue Joanin Audibert;13460;13096;Saintes-Maries-de-la-Mer;;;4.429177;43.452808
13096_0665_00010;10;;Impasse de la Sauvagine;13460;13096;Saintes-Maries-de-la-Mer;;;4.430044;43.454016
13096_0335_00001;1;;Rue Jarjaie;13460;13096;Saintes-Maries-de-la-Mer;;;4.427022;43.453441
13096_p5xe2o_00011;11;;Carriero de Brasinvert;13460;13096;Saintes-Maries-de-la-Mer;;;4.429461;43.457667
13096_0285_00005;5;;Avenue Gilbert Leroy;13460;13096;Saintes-Maries-de-la-Mer;;;4.4312;43.451206
13096_0105_00002;2;;Rue Capitaine Fouque;13460;13096;Saintes-Maries-de-la-Mer;;;4.428292;43.450924
13096_0010_00003;3;;Impasse des Aigrettes;13460;13096;Saintes-Maries-de-la-Mer;;;4.425368;43.453412
13096_0705_00022;22;;Avenue Van Gogh;13460;13096;Saintes-Maries-de-la-Mer;;;4.427392;43.450425
13096_q0xole_00000;0;;Carriero Dou Vent Di Damo;13460;13096;Saintes-Maries-de-la-Mer;;;4.435011;43.456037
13096_0555_00017;17;;Rue des Pénitents Blancs;13460;13096;Saintes-Maries-de-la-Mer;;;4.428351;43.451542
13096_e7cais_00059;59;;Chemin du Petit Rhône;13460;13096;Saintes-Maries-de-la-Mer;;;4.368512;43.529943
13096_0503_04968;4968;;Route d'Aigues Mortes;13460;13096;Saintes-Maries-de-la-Mer;;;4.387218;43.484088
13096_q11xov_03382;3382;;Route de Balarin (RD38C);13460;13096;Saintes-Maries-de-la-Mer;;;4.364916;43.545716
13096_0582_00541;541;;Chemin du Pont Blanc;13460;13096;Saintes-Maries-de-la-Mer;;;4.421274;43.456403
13096_0345_00021;21;;Rue Jean Jaurès;13460;13096;Saintes-Maries-de-la-Mer;;;4.425874;43.452603
13096_2y5i2q_00127;127;;Route de Pin Fourcat;13460;13096;Saintes-Maries-de-la-Mer;;;4.384567;43.486447
13096_0100_00872;872;;Draille des Capelans;13460;13096;Saintes-Maries-de-la-Mer;;;4.388523;43.514198
13096_0265_00033;33;;Avenue Frédéric Mistral;13460;13096;Saintes-Maries-de-la-Mer;;;4.426859;43.452235
13096_0601_01683;1683;;Route d'Arles;13460;13096;Saintes-Maries-de-la-Mer;;;4.41495;43.467947
13096_0715_00047;47;;Rue Victor Hugo;13460;13096;Saintes-Maries-de-la-Mer;;;4.42688;43.451515
13096_0090_04749;4749;;Route de Cacharel;13460;13096;Saintes-Maries-de-la-Mer;;;4.435275;43.494499
13096_0050_00003;3;;Rue Baptiste Bonnet;13460;13096;Saintes-Maries-de-la-Mer;;;4.428184;43.453812
13096_0116_00006;6;;Carriero Dou Pounentau;13460;13096;Saintes-Maries-de-la-Mer;;;4.434806;43.45581
13096_0405_00024;24;;Draille de Lavergne;13460;13096;Saintes-Maries-de-la-Mer;;;4.402444;43.522622
13096_0430_00011;11;;Rue Louis Pasteur;13460;13096;Saintes-Maries-de-la-Mer;;;4.43035;43.452268
13096_0540_00013;13;;Rue Paul Peyron;13460;13096;Saintes-Maries-de-la-Mer;;;4.427322;43.450779
13096_0375_00016;16;;Rue Joseph Roumanille;13460;13096;Saintes-Maries-de-la-Mer;;;4.427994;43.452528
13096_0503_03964;3964;;Route d'Aigues Mortes;13460;13096;Saintes-Maries-de-la-Mer;;;4.392295;43.476048
13096_i1u69o_00015;15;;Carriero Dou Miejournau;13460;13096;Saintes-Maries-de-la-Mer;;;4.434547;43.455698
13096_0095_00017;17;;Rue Camille Pelletan;13460;13096;Saintes-Maries-de-la-Mer;;;4.432111;43.4525
13096_0061_00077;77;;Chemin Bas de Dromard;13460;13096;Saintes-Maries-de-la-Mer;;;4.410444;43.472467
13096_0443_00057;57;;Rue Marcel Carrière;13460;13096;Saintes-Maries-de-la-Mer;;;4.435823;43.456079
13096_0345_00004;4;;Rue Jean Jaurès;13460;13096;Saintes-Maries-de-la-Mer;;;4.42557;43.450804
13096_0226_00004;4;;Rue Fanfonne Guillerme;13460;13096;Saintes-Maries-de-la-Mer;;;4.430049;43.457309
13096_0500_00003;3;;Rue Molière;13460;13096;Saintes-Maries-de-la-Mer;;;4.42697;43.451786
13096_0260_00024;24;;Rue François Medina;13460;13096;Saintes-Maries-de-la-Mer;;;4.433721;43.455338
13096_0620_00013;13;;Avenue de la République;13460;13096;Saintes-Maries-de-la-Mer;;;4.428861;43.451381
13096_0450_00017;17;;Rue Marcel Pagnol;13460;13096;Saintes-Maries-de-la-Mer;;;4.432886;43.4559
13096_0095_00029;29;;Rue Camille Pelletan;13460;13096;Saintes-Maries-de-la-Mer;;;4.432827;43.452164
13096_0530_00003;3;;Rue Paul Arène;13460;13096;Saintes-Maries-de-la-Mer;;;4.428637;43.453536
13096_0280_00012;12;;Rue Georges Bizet;13460;13096;Saintes-Maries-de-la-Mer;;;4.425394;43.452435
13096_0578_00009;9;;Place Dou Grégau;13460;13096;Saintes-Maries-de-la-Mer;;;4.433952;43.456325
13096_0226_00003;3;;Rue Fanfonne Guillerme;13460;13096;Saintes-Maries-de-la-Mer;;;4.430149;43.457376
13096_0340_00003;3;;Rue Jean Aicard;13460;13096;Saintes-Maries-de-la-Mer;;;4.42587;43.451795
13096_0555_00027;27;;Rue des Pénitents Blancs;13460;13096;Saintes-Maries-de-la-Mer;;;4.42845;43.45179
13096_0625_00008;8;;Place de la Révolution;13460;13096;Saintes-Maries-de-la-Mer;;;4.427438;43.450988
13096_0445_00003;3;;Rue Marcel Cerdan;13460;13096;Saintes-Maries-de-la-Mer;;;4.428692;43.451506
13096_0265_00027;27;;Avenue Frédéric Mistral;13460;13096;Saintes-Maries-de-la-Mer;;;4.426703;43.451976
13096_yuj489_00005;5;;Avenue Roland Chassain;13460;13096;Saintes-Maries-de-la-Mer;;;4.430224;43.453914
13096_0226_00019;19;;Rue Fanfonne Guillerme;13460;13096;Saintes-Maries-de-la-Mer;;;4.430656;43.457203
13096_2y5i2q_04060;4060;;Route de Pin Fourcat;13460;13096;Saintes-Maries-de-la-Mer;;;4.356489;43.511728
13096_0450_00013;13;;Rue Marcel Pagnol;13460;13096;Saintes-Maries-de-la-Mer;;;4.432708;43.455819
13096_0430_00034;34;;Rue Louis Pasteur;13460;13096;Saintes-Maries-de-la-Mer;;;4.43255;43.452002
13096_0036_00007;7;;Rue des Artisans;13460;13096;Saintes-Maries-de-la-Mer;;;4.427675;43.458258
13096_91s7of_00006;6;;Carriero Dou Levant;13460;13096;Saintes-Maries-de-la-Mer;;;4.434605;43.456144
13096_orh3k0_00001;1;;Rue Hermann Paul;13460;13096;Saintes-Maries-de-la-Mer;;;4.43023;43.451852
13096_0sx9gy_00238;238;;Route du Domaine d'Astouin;13460;13096;Saintes-Maries-de-la-Mer;;;4.371663;43.532679
13096_0285_00007;7;;Avenue Gilbert Leroy;13460;13096;Saintes-Maries-de-la-Mer;;;4.431369;43.451341
13096_0180_00010;10;;Rue Espelly;13460;13096;Saintes-Maries-de-la-Mer;;;4.427257;43.451092
13096_0578_00007;7;;Place Dou Grégau;13460;13096;Saintes-Maries-de-la-Mer;;;4.433755;43.456302
13096_0010_00011;11;;Impasse des Aigrettes;13460;13096;Saintes-Maries-de-la-Mer;;;4.425791;43.453331
13096_0114_00002;2;;Carrieroun Dou Fangassié;13460;13096;Saintes-Maries-de-la-Mer;;;4.42953;43.457403
13096_2y5i2q_04158;4158;;Route de Pin Fourcat;13460;13096;Saintes-Maries-de-la-Mer;;;4.355727;43.512431
13096_0345_00026;26;;Rue Jean Jaurès;13460;13096;Saintes-Maries-de-la-Mer;;;4.427159;43.453698
13096_q11xov_03275;3275;;Route de Balarin (RD38C);13460;13096;Saintes-Maries-de-la-Mer;;;4.366261;43.545723
13096_0650_00004_b;4;b;Rue Sadi Carnot;13460;13096;Saintes-Maries-de-la-Mer;;;4.426119;43.450631
13096_i1u69o_00001;1;;Carriero Dou Miejournau;13460;13096;Saintes-Maries-de-la-Mer;;;4.434594;43.455978
13096_0350_00002;2;;Place Jean Moulin;13460;13096;Saintes-Maries-de-la-Mer;;;4.428775;43.45545
13096_0601_00279;279;;Route d'Arles;13460;13096;Saintes-Maries-de-la-Mer;;;4.425386;43.458343
13096_fs4mge_00020;20;;Avenue Jacques Chirac;13460;13096;Saintes-Maries-de-la-Mer;;;4.427782;43.454058
13096_0061_00988;988;;Chemin Bas de Dromard;13460;13096;Saintes-Maries-de-la-Mer;;;4.40003;43.473181
13096_0601_00782;782;;Route d'Arles;13460;13096;Saintes-Maries-de-la-Mer;;;4.421629;43.461929
13096_0601_01693;1693;;Route d'Arles;13460;13096;Saintes-Maries-de-la-Mer;;;4.415114;43.468227
13096_0105_00012;12;;Rue Capitaine Fouque;13460;13096;Saintes-Maries-de-la-Mer;;;4.428113;43.450723
13096_0037_00017;17;;Avenue Riquette Aubanel;13460;13096;Saintes-Maries-de-la-Mer;;;4.416993;43.449992
13096_0092_00006;6;;Avenue du Docteur Cambon;13460;13096;Saintes-Maries-de-la-Mer;;;4.432543;43.455041
13096_0555_00032;32;;Rue des Pénitents Blancs;13460;13096;Saintes-Maries-de-la-Mer;;;4.42852;43.451826
13096_0555_00008;8;;Rue des Pénitents Blancs;13460;13096;Saintes-Maries-de-la-Mer;;;4.428343;43.451229
13096_0710_00002;2;;Rue du Vibre;13460;13096;Saintes-Maries-de-la-Mer;;;4.429429;43.454084
13096_0650_00011;11;;Rue Sadi Carnot;13460;13096;Saintes-Maries-de-la-Mer;;;4.426124;43.451276
13096_0095_00002;2;;Rue Camille Pelletan;13460;13096;Saintes-Maries-de-la-Mer;;;4.429933;43.453398
13096_0180_00002;2;;Rue Espelly;13460;13096;Saintes-Maries-de-la-Mer;;;4.427439;43.451251
13096_0037_00003;3;;Avenue Riquette Aubanel;13460;13096;Saintes-Maries-de-la-Mer;;;4.420557;43.449651
13096_0165_00006;6;;Place de l’Echelle;13460;13096;Saintes-Maries-de-la-Mer;;;4.427146;43.451601
13096_0090_05815;5815;;Route de Cacharel;13460;13096;Saintes-Maries-de-la-Mer;;;4.427114;43.502119
13096_0550_00005;5;;Rue des Pêcheurs;13460;13096;Saintes-Maries-de-la-Mer;;;4.427886;43.452076
13096_0028_00003;3;;Androuno Di Piluro;13460;13096;Saintes-Maries-de-la-Mer;;;4.429104;43.457489
13096_0280_00003;3;;Rue Georges Bizet;13460;13096;Saintes-Maries-de-la-Mer;;;4.426227;43.452211
13096_q11xov_01920;1920;;Route de Balarin (RD38C);13460;13096;Saintes-Maries-de-la-Mer;;;4.3814;43.551128
13096_0061_01371;1371;;Chemin Bas de Dromard;13460;13096;Saintes-Maries-de-la-Mer;;;4.396069;43.471542
13096_0340_00003_bis;3;bis;Rue Jean Aicard;13460;13096;Saintes-Maries-de-la-Mer;;;4.425563;43.451882
13096_0365_00012;12;;Rue Joanin Audibert;13460;13096;Saintes-Maries-de-la-Mer;;;4.42959;43.453256
13096_0086_00428;428;;Chemin des Cabanes de Cambon;13460;13096;Saintes-Maries-de-la-Mer;;;4.375466;43.520375
13096_0340_00002;2;;Rue Jean Aicard;13460;13096;Saintes-Maries-de-la-Mer;;;4.426549;43.451678
13096_0503_07112;7112;;Route d'Aigues Mortes;13460;13096;Saintes-Maries-de-la-Mer;;;4.380431;43.500884
13096_0265_00063;63;;Avenue Frédéric Mistral;13460;13096;Saintes-Maries-de-la-Mer;;;4.427817;43.453053
13096_0720_00002;2;;Place du Vovo;13460;13096;Saintes-Maries-de-la-Mer;;;4.427924;43.455114
13096_0650_00004_c;4;c;Rue Sadi Carnot;13460;13096;Saintes-Maries-de-la-Mer;;;4.426125;43.450644
13096_0sx9gy_00347;347;;Route du Domaine d'Astouin;13460;13096;Saintes-Maries-de-la-Mer;;;4.370747;43.531945
13096_0280_00010;10;;Rue Georges Bizet;13460;13096;Saintes-Maries-de-la-Mer;;;4.425637;43.452401
13096_0154_00002;2;;Avenue Jacques-Yves Cousteau;13460;13096;Saintes-Maries-de-la-Mer;;;4.4348;43.453458
13096_0430_00012;12;;Rue Louis Pasteur;13460;13096;Saintes-Maries-de-la-Mer;;;4.430035;43.452227
13096_0080_00014;14;;Place de la Brise;13460;13096;Saintes-Maries-de-la-Mer;;;4.433169;43.452536
13096_0430_00024;24;;Rue Louis Pasteur;13460;13096;Saintes-Maries-de-la-Mer;;;4.431399;43.452101
13096_0435_00012_bis;12;bis;Chemin des Macreuses;13460;13096;Saintes-Maries-de-la-Mer;;;4.422456;43.450207
13096_0020_00001;1;;Rue Alphonse Daudet;13460;13096;Saintes-Maries-de-la-Mer;;;4.426384;43.450851
13096_0517_00003;3;;Rue Noune Judlin;13460;13096;Saintes-Maries-de-la-Mer;;;4.429786;43.456975
13096_0255_00006;6;;Rue des Flamants;13460;13096;Saintes-Maries-de-la-Mer;;;4.424978;43.453358
13096_0095_00023;23;;Rue Camille Pelletan;13460;13096;Saintes-Maries-de-la-Mer;;;4.432328;43.452405
13096_0582_00091;91;;Chemin du Pont Blanc;13460;13096;Saintes-Maries-de-la-Mer;;;4.425672;43.456811
13096_yuj489_00006_ter;6;ter;Avenue Roland Chassain;13460;13096;Saintes-Maries-de-la-Mer;;;4.430675;43.454247
13096_0190_00005;5;;Place de l’Estrambord;13460;13096;Saintes-Maries-de-la-Mer;;;4.428419;43.454546
13096_0605_00002;2;;Rue des Razeteurs;13460;13096;Saintes-Maries-de-la-Mer;;;4.428907;43.452602
13096_0335_00011;11;;Rue Jarjaie;13460;13096;Saintes-Maries-de-la-Mer;;;4.427439;43.4529
13096_0610_00004;4;;Place des Remparts;13460;13096;Saintes-Maries-de-la-Mer;;;4.427558;43.452189
13096_i1u69o_00006;6;;Carriero Dou Miejournau;13460;13096;Saintes-Maries-de-la-Mer;;;4.434666;43.455794
13096_0061_00039;39;;Chemin Bas de Dromard;13460;13096;Saintes-Maries-de-la-Mer;;;4.410897;43.472561
13096_0443_00007_d;7;d;Rue Marcel Carrière;13460;13096;Saintes-Maries-de-la-Mer;;;4.434279;43.455339
13096_0450_00015;15;;Rue Marcel Pagnol;13460;13096;Saintes-Maries-de-la-Mer;;;4.432812;43.45587
13096_fs4mge_00022;22;;Avenue Jacques Chirac;13460;13096;Saintes-Maries-de-la-Mer;;;4.427723;43.454244
13096_0120_00011;11;;Rue Charles Gounod;13460;13096;Saintes-Maries-de-la-Mer;;;4.427884;43.452841
13096_0330_00002;2;;Place des Impériaux;13460;13096;Saintes-Maries-de-la-Mer;;;4.429651;43.45372
13096_vak3dh_00639;639;;Route du Château d'Avignon;13460;13096;Saintes-Maries-de-la-Mer;;;4.401189;43.549698
13096_2y5i2q_04124;4124;;Route de Pin Fourcat;13460;13096;Saintes-Maries-de-la-Mer;;;4.355982;43.51219
13096_0574_00170;170;;Hameau de Pioch Badet;13460;13096;Saintes-Maries-de-la-Mer;;;4.401958;43.523127
13096_0348_00594;594;;Chemin Bas des Launes;13460;13096;Saintes-Maries-de-la-Mer;;;4.411759;43.468859
13096_0185_00001;1;;Place Esprit Pioch;13460;13096;Saintes-Maries-de-la-Mer;;;4.426996;43.451901
13096_0415_00001;1;;Rue Léon Blum;13460;13096;Saintes-Maries-de-la-Mer;;;4.423921;43.450338
13096_b123_01037;1037;;Petite Route d'Icard;13460;13096;Saintes-Maries-de-la-Mer;;;4.389582;43.500439
13096_0265_00055;55;;Avenue Frédéric Mistral;13460;13096;Saintes-Maries-de-la-Mer;;;4.427644;43.452907
13096_0086_00354;354;;Chemin des Cabanes de Cambon;13460;13096;Saintes-Maries-de-la-Mer;;;4.375164;43.519774
13096_0443_00039;39;;Rue Marcel Carrière;13460;13096;Saintes-Maries-de-la-Mer;;;4.435414;43.455824
13096_0348_00220;220;;Chemin Bas des Launes;13460;13096;Saintes-Maries-de-la-Mer;;;4.415;43.466665
13096_0260_00016_ter;16;ter;Rue François Medina;13460;13096;Saintes-Maries-de-la-Mer;;;4.433371;43.455194
13096_0175_00017;17;;Rue Emile Ripert;13460;13096;Saintes-Maries-de-la-Mer;;;4.42911;43.453584
13096_0095_00005;5;;Rue Camille Pelletan;13460;13096;Saintes-Maries-de-la-Mer;;;4.431624;43.452725
13096_0555_00010;10;;Rue des Pénitents Blancs;13460;13096;Saintes-Maries-de-la-Mer;;;4.428345;43.451274
13096_orh3k0_00008;8;;Rue Hermann Paul;13460;13096;Saintes-Maries-de-la-Mer;;;4.430146;43.451497
13096_0705_00008;8;;Avenue Van Gogh;13460;13096;Saintes-Maries-de-la-Mer;;;4.428474;43.450483
13096_0445_00009;9;;Rue Marcel Cerdan;13460;13096;Saintes-Maries-de-la-Mer;;;4.428533;43.451534
13096_scrkfd_00356;356;;Chemin du Mas d'Icard;13460;13096;Saintes-Maries-de-la-Mer;;;4.378124;43.498909
13096_p5xe2o_00004;4;;Carriero de Brasinvert;13460;13096;Saintes-Maries-de-la-Mer;;;4.429563;43.457562
13096_0690_00024;24;;Avenue Théodore Aubanel;13460;13096;Saintes-Maries-de-la-Mer;;;4.423771;43.45012
13096_0620_00023;23;;Avenue de la République;13460;13096;Saintes-Maries-de-la-Mer;;;4.42888;43.451675
13096_0435_00002;2;;Chemin des Macreuses;13460;13096;Saintes-Maries-de-la-Mer;;;4.421583;43.449999
13096_fs4mge_00014;14;;Avenue Jacques Chirac;13460;13096;Saintes-Maries-de-la-Mer;;;4.42796;43.453493
13096_drb7r7_00034;34;;Allée Pont de Gau;13460;13096;Saintes-Maries-de-la-Mer;;;4.40456;43.48726
13096_0026_00001;1;;Androuno Dou Taute;13460;13096;Saintes-Maries-de-la-Mer;;;4.429317;43.457823
13096_0601_00761;761;;Route d'Arles;13460;13096;Saintes-Maries-de-la-Mer;;;4.420512;43.460838
13096_0345_00005;5;;Rue Jean Jaurès;13460;13096;Saintes-Maries-de-la-Mer;;;4.425471;43.450825
13096_0601_05848;5848;;Route d'Arles;13460;13096;Saintes-Maries-de-la-Mer;;;4.401119;43.503399
13096_0400_00008;8;;Rue des Launes;13460;13096;Saintes-Maries-de-la-Mer;;;4.42513;43.450857
13096_0311_00571;571;;Chemin Haut des Launes;13460;13096;Saintes-Maries-de-la-Mer;;;4.401868;43.471552
13096_0010_00008;8;;Impasse des Aigrettes;13460;13096;Saintes-Maries-de-la-Mer;;;4.425564;43.453264
13096_0280_00005;5;;Rue Georges Bizet;13460;13096;Saintes-Maries-de-la-Mer;;;4.425976;43.452242
13096_0sx9gy_00348;348;;Route du Domaine d'Astouin;13460;13096;Saintes-Maries-de-la-Mer;;;4.370563;43.532045
13096_0105_00005;5;;Rue Capitaine Fouque;13460;13096;Saintes-Maries-de-la-Mer;;;4.428271;43.45079
13096_0092_00010;10;;Avenue du Docteur Cambon;13460;13096;Saintes-Maries-de-la-Mer;;;4.43267;43.45488
13096_0130_00004;4;;Rue Chateaubriand;13460;13096;Saintes-Maries-de-la-Mer;;;4.42687;43.450971
13096_0265_00014;14;;Avenue Frédéric Mistral;13460;13096;Saintes-Maries-de-la-Mer;;;4.426777;43.451779
13096_0095_00022;22;;Rue Camille Pelletan;13460;13096;Saintes-Maries-de-la-Mer;;;4.431621;43.452606
13096_0090_07211;7211;;Route de Cacharel;13460;13096;Saintes-Maries-de-la-Mer;;;4.418948;43.512866
13096_0348_00222;222;;Chemin Bas des Launes;13460;13096;Saintes-Maries-de-la-Mer;;;4.414953;43.466682
13096_0285_00009;9;;Avenue Gilbert Leroy;13460;13096;Saintes-Maries-de-la-Mer;;;4.431608;43.451463
13096_0226_00009;9;;Rue Fanfonne Guillerme;13460;13096;Saintes-Maries-de-la-Mer;;;4.430334;43.457325
13096_0443_00043;43;;Rue Marcel Carrière;13460;13096;Saintes-Maries-de-la-Mer;;;4.435523;43.455866
13096_0348_00868;868;;Chemin Bas des Launes;13460;13096;Saintes-Maries-de-la-Mer;;;4.409489;43.470567
13096_c6vu0z_00004;4;;Carriero de Consecaniero;13460;13096;Saintes-Maries-de-la-Mer;;;4.429856;43.45726
13096_0116_00008;8;;Carriero Dou Pounentau;13460;13096;Saintes-Maries-de-la-Mer;;;4.434851;43.455834
13096_0335_00008;8;;Rue Jarjaie;13460;13096;Saintes-Maries-de-la-Mer;;;4.427116;43.453232
13096_0020_00001_bis;1;bis;Rue Alphonse Daudet;13460;13096;Saintes-Maries-de-la-Mer;;;4.426298;43.450866
13096_0400_00011;11;;Rue des Launes;13460;13096;Saintes-Maries-de-la-Mer;;;4.424961;43.451289
13096_0355_00029;29;;Rue Jean Roche;13460;13096;Saintes-Maries-de-la-Mer;;;4.431466;43.45168
13096_0086_00081;81;;Chemin des Cabanes de Cambon;13460;13096;Saintes-Maries-de-la-Mer;;;4.373987;43.517449
13096_0020_00004;4;;Rue Alphonse Daudet;13460;13096;Saintes-Maries-de-la-Mer;;;4.426274;43.450937
13096_0309_00017;17;;Rue Henri Ourliac;13460;13096;Saintes-Maries-de-la-Mer;;;4.430567;43.456499
13096_0265_00045;45;;Avenue Frédéric Mistral;13460;13096;Saintes-Maries-de-la-Mer;;;4.427168;43.452536
13096_0070_00003;3;;Rue Biòu Prouvènço;13460;13096;Saintes-Maries-de-la-Mer;;;4.429878;43.452872
13096_0503_02943;2943;;Route d'Aigues Mortes;13460;13096;Saintes-Maries-de-la-Mer;;;4.395201;43.467241
13096_c6vu0z_00003;3;;Carriero de Consecaniero;13460;13096;Saintes-Maries-de-la-Mer;;;4.429057;43.456523
13096_0488_00006;6;;Passage des Milouins;13460;13096;Saintes-Maries-de-la-Mer;;;4.430868;43.453848
13096_0601_01681;1681;;Route d'Arles;13460;13096;Saintes-Maries-de-la-Mer;;;4.415039;43.468086
13096_0435_00022;22;;Chemin des Macreuses;13460;13096;Saintes-Maries-de-la-Mer;;;4.423444;43.450591
13096_0495_00002_bis;2;bis;Place Mireille;13460;13096;Saintes-Maries-de-la-Mer;;;4.428073;43.452412
13096_0375_00003;3;;Rue Joseph Roumanille;13460;13096;Saintes-Maries-de-la-Mer;;;4.427348;43.451912
13096_0175_00019;19;;Rue Emile Ripert;13460;13096;Saintes-Maries-de-la-Mer;;;4.42915;43.453596
13096_0090_08540;8540;;Route de Cacharel;13460;13096;Saintes-Maries-de-la-Mer;;;4.408292;43.521373
13096_0026_00007;7;;Androuno Dou Taute;13460;13096;Saintes-Maries-de-la-Mer;;;4.429219;43.457857
13096_0265_00029;29;;Avenue Frédéric Mistral;13460;13096;Saintes-Maries-de-la-Mer;;;4.426725;43.452019
13096_3z63d0_00007;7;;Chemin du Grand Frigoules;13460;13096;Saintes-Maries-de-la-Mer;;;4.41655;43.515714
13096_0092_00016;16;;Avenue du Docteur Cambon;13460;13096;Saintes-Maries-de-la-Mer;;;4.43279;43.454737
13096_0601_02615;2615;;Route d'Arles;13460;13096;Saintes-Maries-de-la-Mer;;;4.409385;43.475425
13096_0610_00005;5;;Place des Remparts;13460;13096;Saintes-Maries-de-la-Mer;;;4.427652;43.45234
13096_e7cais_00057;57;;Chemin du Petit Rhône;13460;13096;Saintes-Maries-de-la-Mer;;;4.368427;43.529956
13096_0339_00010;10;;Place Jean XXIII;13460;13096;Saintes-Maries-de-la-Mer;;;4.428232;43.451656
13096_0250_00006;6;;Rue de la Ferrade;13460;13096;Saintes-Maries-de-la-Mer;;;4.431582;43.454547
13096_3z63d0_00060;60;;Chemin du Grand Frigoules;13460;13096;Saintes-Maries-de-la-Mer;;;4.41589;43.515722
13096_0574_00256;256;;Hameau de Pioch Badet;13460;13096;Saintes-Maries-de-la-Mer;;;4.401652;43.523822
13096_0715_00033;33;;Rue Victor Hugo;13460;13096;Saintes-Maries-de-la-Mer;;;4.427261;43.451399
13096_b8li8g_00007;7;;Rue des Batayoles / Carriero Di Bataiolo;13460;13096;Saintes-Maries-de-la-Mer;;;4.428405;43.457501
13096_0615_00002;2;;Place René Masson;13460;13096;Saintes-Maries-de-la-Mer;;;4.429149;43.454771
13096_r99tmk_00004;4;;Carriero Di Courrejou;13460;13096;Saintes-Maries-de-la-Mer;;;4.429387;43.455562
13096_ubb997_00001;1;;Place de la Trémountano;13460;13096;Saintes-Maries-de-la-Mer;;;4.43411;43.455994
13096_0150_00010;10;;Rue Corneille;13460;13096;Saintes-Maries-de-la-Mer;;;4.42694;43.451334
13096_2y5i2q_03746;3746;;Route de Pin Fourcat;13460;13096;Saintes-Maries-de-la-Mer;;;4.357525;43.509107
13096_0027_00001;1;;Place de l’Antifo;13460;13096;Saintes-Maries-de-la-Mer;;;4.433731;43.455516
13096_0265_00016;16;;Avenue Frédéric Mistral;13460;13096;Saintes-Maries-de-la-Mer;;;4.426819;43.451889
13096_0495_00001;1;;Place Mireille;13460;13096;Saintes-Maries-de-la-Mer;;;4.428155;43.452409
13096_0355_00007_bis;7;bis;Rue Jean Roche;13460;13096;Saintes-Maries-de-la-Mer;;;4.429694;43.451877
13096_0221_00875;875;;Chemin de la Fadaise;13460;13096;Saintes-Maries-de-la-Mer;;;4.394655;43.483794
13096_0345_00039_bis;39;bis;Rue Jean Jaurès;13460;13096;Saintes-Maries-de-la-Mer;;;4.427391;43.454064
13096_0340_00008;8;;Rue Jean Aicard;13460;13096;Saintes-Maries-de-la-Mer;;;4.42619;43.4518
13096_ae71ha_00018;18;;Draille de l'Oli;13460;13096;Saintes-Maries-de-la-Mer;;;4.403425;43.489586
13096_0705_00004;4;;Avenue Van Gogh;13460;13096;Saintes-Maries-de-la-Mer;;;4.428662;43.450504
13096_0443_00007_c;7;c;Rue Marcel Carrière;13460;13096;Saintes-Maries-de-la-Mer;;;4.434159;43.455289
13096_0503_03187;3187;;Route d'Aigues Mortes;13460;13096;Saintes-Maries-de-la-Mer;;;4.394941;43.469427
13096_p5xe2o_00002;2;;Carriero de Brasinvert;13460;13096;Saintes-Maries-de-la-Mer;;;4.429614;43.457557
13096_0455_00001;1;;Rue Maréchal Leclerc;13460;13096;Saintes-Maries-de-la-Mer;;;4.422923;43.450238
13096_0250_00010_bis;10;bis;Rue de la Ferrade;13460;13096;Saintes-Maries-de-la-Mer;;;4.431743;43.454678
13096_0255_00002;2;;Rue des Flamants;13460;13096;Saintes-Maries-de-la-Mer;;;4.424918;43.453176
13096_0635_00009;9;;Rue Roger Delagnes;13460;13096;Saintes-Maries-de-la-Mer;;;4.432166;43.454008
13096_0165_00003;3;;Place de l’Echelle;13460;13096;Saintes-Maries-de-la-Mer;;;4.426993;43.451608
13096_0061_00140;140;;Chemin Bas de Dromard;13460;13096;Saintes-Maries-de-la-Mer;;;4.409615;43.472394
13096_yuj489_00026;26;;Avenue Roland Chassain;13460;13096;Saintes-Maries-de-la-Mer;;;4.431833;43.456204
13096_i1u69o_00003;3;;Carriero Dou Miejournau;13460;13096;Saintes-Maries-de-la-Mer;;;4.434594;43.455938
13096_0665_00012;12;;Impasse de la Sauvagine;13460;13096;Saintes-Maries-de-la-Mer;;;4.430092;43.454021
13096_0578_00002;2;;Place Dou Grégau;13460;13096;Saintes-Maries-de-la-Mer;;;4.433764;43.456209
13096_0601_02613;2613;;Route d'Arles;13460;13096;Saintes-Maries-de-la-Mer;;;4.407721;43.475867
13096_0540_00001;1;;Rue Paul Peyron;13460;13096;Saintes-Maries-de-la-Mer;;;4.427863;43.450588
13096_0610_00001;1;;Place des Remparts;13460;13096;Saintes-Maries-de-la-Mer;;;4.427366;43.452301
13096_0285_00027;27;;Avenue Gilbert Leroy;13460;13096;Saintes-Maries-de-la-Mer;;;4.4333;43.452205
13096_0092_00014;14;;Avenue du Docteur Cambon;13460;13096;Saintes-Maries-de-la-Mer;;;4.432766;43.454772
13096_0450_00003;3;;Rue Marcel Pagnol;13460;13096;Saintes-Maries-de-la-Mer;;;4.432225;43.45561
13096_0090_07193;7193;;Route de Cacharel;13460;13096;Saintes-Maries-de-la-Mer;;;4.418198;43.512054
13096_e7cais_00070;70;;Chemin du Petit Rhône;13460;13096;Saintes-Maries-de-la-Mer;;;4.368418;43.529844
13096_0443_00037;37;;Rue Marcel Carrière;13460;13096;Saintes-Maries-de-la-Mer;;;4.435376;43.4558
13096_0309_00001;1;;Rue Henri Ourliac;13460;13096;Saintes-Maries-de-la-Mer;;;4.42937;43.45653
13096_yuj489_00024;24;;Avenue Roland Chassain;13460;13096;Saintes-Maries-de-la-Mer;;;4.43164;43.455982
13096_58br7e_00005;5;;Passage des Prieurés;13460;13096;Saintes-Maries-de-la-Mer;;;4.428549;43.451168
13096_0615_00009;9;;Place René Masson;13460;13096;Saintes-Maries-de-la-Mer;;;4.429485;43.454635
13096_0517_00017;17;;Rue Noune Judlin;13460;13096;Saintes-Maries-de-la-Mer;;;4.430448;43.4568
13096_0375_00009;9;;Rue Joseph Roumanille;13460;13096;Saintes-Maries-de-la-Mer;;;4.427554;43.452142
13096_0185_00002;2;;Place Esprit Pioch;13460;13096;Saintes-Maries-de-la-Mer;;;4.427082;43.451874
13096_0355_00011;11;;Rue Jean Roche;13460;13096;Saintes-Maries-de-la-Mer;;;4.429871;43.451861
13096_0503_03663;3663;;Route d'Aigues Mortes;13460;13096;Saintes-Maries-de-la-Mer;;;4.393633;43.47353
13096_0472_00018;18;;Avenue des Massoucles;13460;13096;Saintes-Maries-de-la-Mer;;;4.429778;43.455717
13096_0690_00014;14;;Avenue Théodore Aubanel;13460;13096;Saintes-Maries-de-la-Mer;;;4.424674;43.450214
13096_0070_00001_ter;1;ter;Rue Biòu Prouvènço;13460;13096;Saintes-Maries-de-la-Mer;;;4.429801;43.452902
13096_0036_00014;14;;Rue des Artisans;13460;13096;Saintes-Maries-de-la-Mer;;;4.428159;43.458145
13096_0601_00664;664;;Route d'Arles;13460;13096;Saintes-Maries-de-la-Mer;;;4.422838;43.461315
13096_0430_00027;27;;Rue Louis Pasteur;13460;13096;Saintes-Maries-de-la-Mer;;;4.431844;43.452137
13096_0020_00007;7;;Rue Alphonse Daudet;13460;13096;Saintes-Maries-de-la-Mer;;;4.424802;43.45103
13096_0605_00005;5;;Rue des Razeteurs;13460;13096;Saintes-Maries-de-la-Mer;;;4.428575;43.452637
13096_0020_00020;20;;Rue Alphonse Daudet;13460;13096;Saintes-Maries-de-la-Mer;;;4.424648;43.451109
13096_fs4mge_00030;30;;Avenue Jacques Chirac;13460;13096;Saintes-Maries-de-la-Mer;;;4.427553;43.455009
13096_0715_00022;22;;Rue Victor Hugo;13460;13096;Saintes-Maries-de-la-Mer;;;4.427682;43.451279
13096_0650_00028;28;;Rue Sadi Carnot;13460;13096;Saintes-Maries-de-la-Mer;;;4.426367;43.452126
13096_0601_01603;1603;;Route d'Arles;13460;13096;Saintes-Maries-de-la-Mer;;;4.4159;43.467614
13096_0710_00007;7;;Rue du Vibre;13460;13096;Saintes-Maries-de-la-Mer;;;4.428644;43.455145
13096_0582_00254;254;;Chemin du Pont Blanc;13460;13096;Saintes-Maries-de-la-Mer;;;4.422978;43.458492
13096_0090_05557;5557;;Route de Cacharel;13460;13096;Saintes-Maries-de-la-Mer;;;4.429118;43.500206
13096_0135_00002_bis;2;bis;Rue du Château d’Eau;13460;13096;Saintes-Maries-de-la-Mer;;;4.427184;43.452695
13096_91s7of_00004;4;;Carriero Dou Levant;13460;13096;Saintes-Maries-de-la-Mer;;;4.434735;43.456133
13096_0435_00004;4;;Chemin des Macreuses;13460;13096;Saintes-Maries-de-la-Mer;;;4.421758;43.450036
13096_0555_00031_bis;31;bis;Rue des Pénitents Blancs;13460;13096;Saintes-Maries-de-la-Mer;;;4.428497;43.451916
13096_0555_00026;26;;Rue des Pénitents Blancs;13460;13096;Saintes-Maries-de-la-Mer;;;4.428473;43.451706
13096_0311_00327;327;;Chemin Haut des Launes;13460;13096;Saintes-Maries-de-la-Mer;;;4.404887;43.471669
13096_0443_00049;49;;Rue Marcel Carrière;13460;13096;Saintes-Maries-de-la-Mer;;;4.435744;43.455983
13096_0715_00006;6;;Rue Victor Hugo;13460;13096;Saintes-Maries-de-la-Mer;;;4.42841;43.450992
13096_0365_00008;8;;Rue Joanin Audibert;13460;13096;Saintes-Maries-de-la-Mer;;;4.429346;43.452796
13096_0105_00007;7;;Rue Capitaine Fouque;13460;13096;Saintes-Maries-de-la-Mer;;;4.428246;43.45075
13096_0061_01372;1372;;Chemin Bas de Dromard;13460;13096;Saintes-Maries-de-la-Mer;;;4.396041;43.47163
13096_0226_00002;2;;Rue Fanfonne Guillerme;13460;13096;Saintes-Maries-de-la-Mer;;;4.430003;43.457325
13096_0348_00172;172;;Chemin Bas des Launes;13460;13096;Saintes-Maries-de-la-Mer;;;4.415508;43.466479
13096_0605_00004;4;;Rue des Razeteurs;13460;13096;Saintes-Maries-de-la-Mer;;;4.428832;43.452614
13096_0443_00013;13;;Rue Marcel Carrière;13460;13096;Saintes-Maries-de-la-Mer;;;4.4346;43.455476
13096_0415_00002;2;;Rue Léon Blum;13460;13096;Saintes-Maries-de-la-Mer;;;4.424004;43.450395
13096_91s7of_00012;12;;Carriero Dou Levant;13460;13096;Saintes-Maries-de-la-Mer;;;4.43433;43.456174
13096_0582_00101;101;;Chemin du Pont Blanc;13460;13096;Saintes-Maries-de-la-Mer;;;4.425544;43.45686
13096_91s7of_00003;3;;Carriero Dou Levant;13460;13096;Saintes-Maries-de-la-Mer;;;4.435546;43.456191
13096_0400_00016_bis;16;bis;Rue des Launes;13460;13096;Saintes-Maries-de-la-Mer;;;4.425173;43.451894
13096_0405_00195;195;;Draille de Lavergne;13460;13096;Saintes-Maries-de-la-Mer;;;4.403379;43.523979
13096_0715_00036;36;;Rue Victor Hugo;13460;13096;Saintes-Maries-de-la-Mer;;;4.426843;43.451565
13096_orh3k0_00007;7;;Rue Hermann Paul;13460;13096;Saintes-Maries-de-la-Mer;;;4.43086;43.452707
13096_p5xe2o_00006;6;;Carriero de Brasinvert;13460;13096;Saintes-Maries-de-la-Mer;;;4.429516;43.457558
13096_0309_00009;9;;Rue Henri Ourliac;13460;13096;Saintes-Maries-de-la-Mer;;;4.429696;43.456548
13096_0345_00019;19;;Rue Jean Jaurès;13460;13096;Saintes-Maries-de-la-Mer;;;4.425688;43.452121
13096_drb7r7_00086;86;;Allée Pont de Gau;13460;13096;Saintes-Maries-de-la-Mer;;;4.404564;43.487747
13096_7d0l45_00006;6;;Carriero Dou Vent Dou Souleu;13460;13096;Saintes-Maries-de-la-Mer;;;4.434287;43.455739
13096_0309_00002;2;;Rue Henri Ourliac;13460;13096;Saintes-Maries-de-la-Mer;;;4.429817;43.456332
13096_0650_00015;15;;Rue Sadi Carnot;13460;13096;Saintes-Maries-de-la-Mer;;;4.426166;43.451555
13096_0015_00004;4;;Place Alphonso Arnaud;13460;13096;Saintes-Maries-de-la-Mer;;;4.43274;43.454616
13096_0505_00003;3;;Rue Di Mountiho;13460;13096;Saintes-Maries-de-la-Mer;;;4.429017;43.45561
13096_0280_00014;14;;Rue Georges Bizet;13460;13096;Saintes-Maries-de-la-Mer;;;4.425272;43.452459
13096_0114_00001;1;;Carrieroun Dou Fangassié;13460;13096;Saintes-Maries-de-la-Mer;;;4.429653;43.457413
13096_0095_00027;27;;Rue Camille Pelletan;13460;13096;Saintes-Maries-de-la-Mer;;;4.432628;43.452261
13096_sj5k2q_00404;404;;Draille du Mas de la Cure;13460;13096;Saintes-Maries-de-la-Mer;;;4.416977;43.553082
13096_0130_00001;1;;Rue Chateaubriand;13460;13096;Saintes-Maries-de-la-Mer;;;4.427009;43.450894
13096_0075_00003;3;;Rue de la Bourgino;13460;13096;Saintes-Maries-de-la-Mer;;;4.431904;43.454245
13096_fn8prz_00321;321;;Petite Route du Bac;13460;13096;Saintes-Maries-de-la-Mer;;;4.401502;43.481885
13096_0443_00007_b;7;b;Rue Marcel Carrière;13460;13096;Saintes-Maries-de-la-Mer;;;4.434085;43.455256
13096_7d0l45_00010;10;;Carriero Dou Vent Dou Souleu;13460;13096;Saintes-Maries-de-la-Mer;;;4.434272;43.45562
13096_0615_00007;7;;Place René Masson;13460;13096;Saintes-Maries-de-la-Mer;;;4.429442;43.454696
13096_0601_00619;619;;Route d'Arles;13460;13096;Saintes-Maries-de-la-Mer;;;4.422454;43.460275
13096_0311_00161;161;;Chemin Haut des Launes;13460;13096;Saintes-Maries-de-la-Mer;;;4.406858;43.471868
13096_0430_00003;3;;Rue Louis Pasteur;13460;13096;Saintes-Maries-de-la-Mer;;;4.429834;43.452309
13096_0339_00019;19;;Place Jean XXIII;13460;13096;Saintes-Maries-de-la-Mer;;;4.427512;43.451817
13096_vmbj8x_00344;344;;Route de Fielouse;13460;13096;Saintes-Maries-de-la-Mer;;;4.624356;43.570666
13096_0080_00010;10;;Place de la Brise;13460;13096;Saintes-Maries-de-la-Mer;;;4.433326;43.45257
13096_0522_00002;2;;Rue des Paluns;13460;13096;Saintes-Maries-de-la-Mer;;;4.42966;43.45456
13096_0420_00018;18;;Rue Léon Gambetta;13460;13096;Saintes-Maries-de-la-Mer;;;4.430479;43.45085
13096_0275_00001;1;;Place des Gardians;13460;13096;Saintes-Maries-de-la-Mer;;;4.428372;43.453955
13096_0339_00008;8;;Place Jean XXIII;13460;13096;Saintes-Maries-de-la-Mer;;;4.428181;43.451525
13096_0720_00004;4;;Place du Vovo;13460;13096;Saintes-Maries-de-la-Mer;;;4.428034;43.455151
13096_0443_00015;15;;Rue Marcel Carrière;13460;13096;Saintes-Maries-de-la-Mer;;;4.434789;43.455551
13096_0175_00024;24;;Rue Emile Ripert;13460;13096;Saintes-Maries-de-la-Mer;;;4.429301;43.453574
13096_c6vu0z_00002;2;;Carriero de Consecaniero;13460;13096;Saintes-Maries-de-la-Mer;;;4.429039;43.456103
13096_0345_00011;11;;Rue Jean Jaurès;13460;13096;Saintes-Maries-de-la-Mer;;;4.42556;43.451409
13096_0430_00032_bis;32;bis;Rue Louis Pasteur;13460;13096;Saintes-Maries-de-la-Mer;;;4.431915;43.451981
13096_0443_00002;2;;Rue Marcel Carrière;13460;13096;Saintes-Maries-de-la-Mer;;;4.435983;43.455885
13096_b123_01160;1160;;Petite Route d'Icard;13460;13096;Saintes-Maries-de-la-Mer;;;4.388077;43.500626
13096_0401_00003;3;;Chemin des Petites Launes;13460;13096;Saintes-Maries-de-la-Mer;;;4.427003;43.454292
13096_0401_00009;9;;Chemin des Petites Launes;13460;13096;Saintes-Maries-de-la-Mer;;;4.426361;43.454599
13096_0340_00001;1;;Rue Jean Aicard;13460;13096;Saintes-Maries-de-la-Mer;;;4.426447;43.451629
13096_91s7of_00009;9;;Carriero Dou Levant;13460;13096;Saintes-Maries-de-la-Mer;;;4.435104;43.456225
13096_0601_06071;6071;;Route d'Arles;13460;13096;Saintes-Maries-de-la-Mer;;;4.396405;43.50698
13096_0165_00004;4;;Place de l’Echelle;13460;13096;Saintes-Maries-de-la-Mer;;;4.426954;43.451558
13096_e1qctk_09998;9998;;Draille de Méjanes;13460;13096;Saintes-Maries-de-la-Mer;;;4.503951;43.572941
13096_0080_00020;20;;Place de la Brise;13460;13096;Saintes-Maries-de-la-Mer;;;4.432934;43.452498
13096_0028_00002;2;;Androuno Di Piluro;13460;13096;Saintes-Maries-de-la-Mer;;;4.429089;43.457538
13096_0495_00013;13;;Place Mireille;13460;13096;Saintes-Maries-de-la-Mer;;;4.428893;43.45238
13096_0339_00014;14;;Place Jean XXIII;13460;13096;Saintes-Maries-de-la-Mer;;;4.428133;43.451794
13096_0095_00001;1;;Rue Camille Pelletan;13460;13096;Saintes-Maries-de-la-Mer;;;4.431334;43.452859
13096_0sx9gy_00543;543;;Route du Domaine d'Astouin;13460;13096;Saintes-Maries-de-la-Mer;;;4.368973;43.530789
13096_0036_00010;10;;Rue des Artisans;13460;13096;Saintes-Maries-de-la-Mer;;;4.427861;43.457793
13096_0505_00001;1;;Rue Di Mountiho;13460;13096;Saintes-Maries-de-la-Mer;;;4.428943;43.455708
13096_0590_00006;6;;Rue Portalet;13460;13096;Saintes-Maries-de-la-Mer;;;4.427345;43.452175
13096_4tmyoh_00002;2;;Traverse Henri Ourliac;13460;13096;Saintes-Maries-de-la-Mer;;;4.430166;43.456565
13096_0265_00017_bis;17;bis;Avenue Frédéric Mistral;13460;13096;Saintes-Maries-de-la-Mer;;;4.426559;43.451497
13096_0555_00021;21;;Rue des Pénitents Blancs;13460;13096;Saintes-Maries-de-la-Mer;;;4.428403;43.451661
13096_0095_00038;38;;Rue Camille Pelletan;13460;13096;Saintes-Maries-de-la-Mer;;;4.432561;43.452169
13096_0625_00001;1;;Place de la Révolution;13460;13096;Saintes-Maries-de-la-Mer;;;4.427536;43.450869
13096_0090_08600;8600;;Route de Cacharel;13460;13096;Saintes-Maries-de-la-Mer;;;4.407334;43.521591
13096_0550_00007;7;;Rue des Pêcheurs;13460;13096;Saintes-Maries-de-la-Mer;;;4.427838;43.452101
13096_0705_00028;28;;Avenue Van Gogh;13460;13096;Saintes-Maries-de-la-Mer;;;4.427143;43.45044
13096_0036_00018;18;;Rue des Artisans;13460;13096;Saintes-Maries-de-la-Mer;;;4.427869;43.458241
13096_0345_00003;3;;Rue Jean Jaurès;13460;13096;Saintes-Maries-de-la-Mer;;;4.425443;43.450694
13096_fn8prz_01274;1274;;Petite Route du Bac;13460;13096;Saintes-Maries-de-la-Mer;;;4.389729;43.48416
13096_0205_00003;3;;Rue de l’Etang;13460;13096;Saintes-Maries-de-la-Mer;;;4.425414;43.452827
13096_0601_01741;1741;;Route d'Arles;13460;13096;Saintes-Maries-de-la-Mer;;;4.414752;43.468661
13096_0175_00014;14;;Rue Emile Ripert;13460;13096;Saintes-Maries-de-la-Mer;;;4.429017;43.453413
13096_0250_00016;16;;Rue de la Ferrade;13460;13096;Saintes-Maries-de-la-Mer;;;4.431937;43.454828
13096_0036_00008;8;;Rue des Artisans;13460;13096;Saintes-Maries-de-la-Mer;;;4.427763;43.457757
13096_0110_00011;11;;Rue de la Cavidoule;13460;13096;Saintes-Maries-de-la-Mer;;;4.428338;43.454889
13096_0540_00008;8;;Rue Paul Peyron;13460;13096;Saintes-Maries-de-la-Mer;;;4.427921;43.450649
13096_0400_00015;15;;Rue des Launes;13460;13096;Saintes-Maries-de-la-Mer;;;4.424981;43.451434
13096_0037_00011_bis;11;bis;Avenue Riquette Aubanel;13460;13096;Saintes-Maries-de-la-Mer;;;4.418874;43.449569
13096_0715_00007;7;;Rue Victor Hugo;13460;13096;Saintes-Maries-de-la-Mer;;;4.428508;43.450896
13096_0205_00004;4;;Rue de l’Etang;13460;13096;Saintes-Maries-de-la-Mer;;;4.42567;43.452859
13096_0503_05121;5121;;Route d'Aigues Mortes;13460;13096;Saintes-Maries-de-la-Mer;;;4.386123;43.485171
13096_0375_00017;17;;Rue Joseph Roumanille;13460;13096;Saintes-Maries-de-la-Mer;;;4.427933;43.452579
13096_0150_00002_bis;2;bis;Rue Corneille;13460;13096;Saintes-Maries-de-la-Mer;;;4.427266;43.45123
13096_0345_00024;24;;Rue Jean Jaurès;13460;13096;Saintes-Maries-de-la-Mer;;;4.426834;43.453414
13096_0503_02030;2030;;Route d'Aigues Mortes;13460;13096;Saintes-Maries-de-la-Mer;;;4.397288;43.459166
13096_0401_00001;1;;Chemin des Petites Launes;13460;13096;Saintes-Maries-de-la-Mer;;;4.42714;43.454266
13096_0715_00041;41;;Rue Victor Hugo;13460;13096;Saintes-Maries-de-la-Mer;;;4.427079;43.451452
13096_0320_00001;1;;Place Honoré Pioch;13460;13096;Saintes-Maries-de-la-Mer;;;4.428702;43.452016
13096_0503_09801;9801;;Route d'Aigues Mortes;13460;13096;Saintes-Maries-de-la-Mer;;;4.374791;43.523684
13096_0010_00014;14;;Impasse des Aigrettes;13460;13096;Saintes-Maries-de-la-Mer;;;4.425821;43.453249
13096_0348_00712;712;;Chemin Bas des Launes;13460;13096;Saintes-Maries-de-la-Mer;;;4.410658;43.469549
13096_0615_00004;4;;Place René Masson;13460;13096;Saintes-Maries-de-la-Mer;;;4.429275;43.454821
13096_fh2vff_00002;2;;Place Dou Mangio Fango;13460;13096;Saintes-Maries-de-la-Mer;;;4.435386;43.455972
13096_0443_00019;19;;Rue Marcel Carrière;13460;13096;Saintes-Maries-de-la-Mer;;;4.434906;43.455606
13096_0430_00030;30;;Rue Louis Pasteur;13460;13096;Saintes-Maries-de-la-Mer;;;4.431848;43.452062
13096_0275_00002;2;;Place des Gardians;13460;13096;Saintes-Maries-de-la-Mer;;;4.428647;43.45397
13096_c0z6nr_00002;2;;Rue Prianichnikov;13460;13096;Saintes-Maries-de-la-Mer;;;4.427275;43.451484
13096_yuj489_00018;18;;Avenue Roland Chassain;13460;13096;Saintes-Maries-de-la-Mer;;;4.431247;43.455559
13096_0125_00001;1;;Rue Charloun Rieu;13460;13096;Saintes-Maries-de-la-Mer;;;4.428179;43.451911
13096_0086_00262;262;;Chemin des Cabanes de Cambon;13460;13096;Saintes-Maries-de-la-Mer;;;4.374742;43.519007
13096_0020_00003_bis;3;bis;Rue Alphonse Daudet;13460;13096;Saintes-Maries-de-la-Mer;;;4.425826;43.450917
13096_0090_08065;8065;;Route de Cacharel;13460;13096;Saintes-Maries-de-la-Mer;;;4.410544;43.517365
13096_0400_00006;6;;Rue des Launes;13460;13096;Saintes-Maries-de-la-Mer;;;4.424992;43.450829
13096_e7cais_00090;90;;Chemin du Petit Rhône;13460;13096;Saintes-Maries-de-la-Mer;;;4.36854;43.529637
13096_0165_00002;2;;Place de l’Echelle;13460;13096;Saintes-Maries-de-la-Mer;;;4.42701;43.451652
13096_0015_00003;3;;Place Alphonso Arnaud;13460;13096;Saintes-Maries-de-la-Mer;;;4.432808;43.45454
13096_0095_00032;32;;Rue Camille Pelletan;13460;13096;Saintes-Maries-de-la-Mer;;;4.432031;43.452412
13096_q11xov_00284;284;;Route de Balarin (RD38C);13460;13096;Saintes-Maries-de-la-Mer;;;4.398617;43.54845
13096_drb7r7_00108;108;;Allée Pont de Gau;13460;13096;Saintes-Maries-de-la-Mer;;;4.404465;43.487935
13096_0715_00029;29;;Rue Victor Hugo;13460;13096;Saintes-Maries-de-la-Mer;;;4.427348;43.451362
13096_0095_00026;26;;Rue Camille Pelletan;13460;13096;Saintes-Maries-de-la-Mer;;;4.431818;43.452518
13096_0050_00001;1;;Rue Baptiste Bonnet;13460;13096;Saintes-Maries-de-la-Mer;;;4.428061;43.453765
13096_0705_00026;26;;Avenue Van Gogh;13460;13096;Saintes-Maries-de-la-Mer;;;4.427249;43.450438
13096_0235_00002;2;;Rue des Félibres;13460;13096;Saintes-Maries-de-la-Mer;;;4.42867;43.454061
13096_u7li0r_00003;3;;Passage de la Gacholo (Passage de la Gacholle);13460;13096;Saintes-Maries-de-la-Mer;;;4.429218;43.45547
13096_0175_00016;16;;Rue Emile Ripert;13460;13096;Saintes-Maries-de-la-Mer;;;4.429054;43.453426
13096_0095_00028;28;;Rue Camille Pelletan;13460;13096;Saintes-Maries-de-la-Mer;;;4.431857;43.452496
13096_0090_08412;8412;;Route de Cacharel;13460;13096;Saintes-Maries-de-la-Mer;;;4.40967;43.523295
13096_0265_00043;43;;Avenue Frédéric Mistral;13460;13096;Saintes-Maries-de-la-Mer;;;4.427132;43.452497
13096_0555_00015;15;;Rue des Pénitents Blancs;13460;13096;Saintes-Maries-de-la-Mer;;;4.42834;43.451508
13096_0230_00004;4;;Place Farfantello;13460;13096;Saintes-Maries-de-la-Mer;;;4.432309;43.454335
13096_0635_00025;25;;Rue Roger Delagnes;13460;13096;Saintes-Maries-de-la-Mer;;;4.432973;43.45431
13096_0503_03597;3597;;Route d'Aigues Mortes;13460;13096;Saintes-Maries-de-la-Mer;;;4.393901;43.472978
13096_0430_00014;14;;Rue Louis Pasteur;13460;13096;Saintes-Maries-de-la-Mer;;;4.430154;43.45221
13096_0020_00010;10;;Rue Alphonse Daudet;13460;13096;Saintes-Maries-de-la-Mer;;;4.425773;43.450988
13096_0260_00022;22;;Rue François Medina;13460;13096;Saintes-Maries-de-la-Mer;;;4.433654;43.455302
13096_2y5i2q_02311;2311;;Route de Pin Fourcat;13460;13096;Saintes-Maries-de-la-Mer;;;4.364729;43.49757
13096_0090_07935;7935;;Route de Cacharel;13460;13096;Saintes-Maries-de-la-Mer;;;4.413151;43.517049
13096_0443_00035;35;;Rue Marcel Carrière;13460;13096;Saintes-Maries-de-la-Mer;;;4.435309;43.455776
13096_0135_00006;6;;Rue du Château d’Eau;13460;13096;Saintes-Maries-de-la-Mer;;;4.426664;43.453222
13096_0265_00006_ter;6;ter;Avenue Frédéric Mistral;13460;13096;Saintes-Maries-de-la-Mer;;;4.426691;43.451431
13096_w7chdq_00025;25;;Chemin du Clos du Rhône;13460;13096;Saintes-Maries-de-la-Mer;;;4.409544;43.450187
13096_0240_00003_bis;3;bis;Rue Félibre Laforêt;13460;13096;Saintes-Maries-de-la-Mer;;;4.428189;43.455257
13096_0710_00005;5;;Rue du Vibre;13460;13096;Saintes-Maries-de-la-Mer;;;4.428694;43.455059
13096_0365_00006;6;;Rue Joanin Audibert;13460;13096;Saintes-Maries-de-la-Mer;;;4.429305;43.452707
13096_0061_00191;191;;Chemin Bas de Dromard;13460;13096;Saintes-Maries-de-la-Mer;;;4.409356;43.472207
13096_0690_00044;44;;Avenue Théodore Aubanel;13460;13096;Saintes-Maries-de-la-Mer;;;4.421819;43.449665
13096_0435_00032;32;;Chemin des Macreuses;13460;13096;Saintes-Maries-de-la-Mer;;;4.424935;43.452291
13096_0375_00005;5;;Rue Joseph Roumanille;13460;13096;Saintes-Maries-de-la-Mer;;;4.427415;43.45201
13096_0650_00020;20;;Rue Sadi Carnot;13460;13096;Saintes-Maries-de-la-Mer;;;4.426322;43.451859
13096_0sx9gy_00585;585;;Route du Domaine d'Astouin;13460;13096;Saintes-Maries-de-la-Mer;;;4.368542;43.530573
13096_fn8prz_00085;85;;Petite Route du Bac;13460;13096;Saintes-Maries-de-la-Mer;;;4.403898;43.481262
13096_0315_00004;4;;Place Henry de Montherlant;13460;13096;Saintes-Maries-de-la-Mer;;;4.432307;43.454628
13096_0443_00021;21;;Rue Marcel Carrière;13460;13096;Saintes-Maries-de-la-Mer;;;4.434965;43.45563
13096_0582_00222;222;;Chemin du Pont Blanc;13460;13096;Saintes-Maries-de-la-Mer;;;4.424198;43.45801
13096_0435_00012;12;;Chemin des Macreuses;13460;13096;Saintes-Maries-de-la-Mer;;;4.422374;43.450197
13096_0020_00001_ter;1;ter;Rue Alphonse Daudet;13460;13096;Saintes-Maries-de-la-Mer;;;4.426201;43.450879
13096_0315_00005;5;;Place Henry de Montherlant;13460;13096;Saintes-Maries-de-la-Mer;;;4.432264;43.454605
13096_0257_00630;630;;Chemin du Mas de la Fouque;13460;13096;Saintes-Maries-de-la-Mer;;;4.403223;43.466272
13096_0710_00004;4;;Rue du Vibre;13460;13096;Saintes-Maries-de-la-Mer;;;4.429285;43.454305
13096_0092_00022;22;;Avenue du Docteur Cambon;13460;13096;Saintes-Maries-de-la-Mer;;;4.433842;43.452607
13096_0226_00023;23;;Rue Fanfonne Guillerme;13460;13096;Saintes-Maries-de-la-Mer;;;4.43078;43.457155
13096_0601_00869;869;;Route d'Arles;13460;13096;Saintes-Maries-de-la-Mer;;;4.420317;43.462186
13096_0205_00014;14;;Rue de l’Etang;13460;13096;Saintes-Maries-de-la-Mer;;;4.425135;43.452967
13096_e7cais_00115;115;;Chemin du Petit Rhône;13460;13096;Saintes-Maries-de-la-Mer;;;4.368702;43.529484
13096_0503_05012;5012;;Route d'Aigues Mortes;13460;13096;Saintes-Maries-de-la-Mer;;;4.386857;43.484367
13096_0472_00002;2;;Avenue des Massoucles;13460;13096;Saintes-Maries-de-la-Mer;;;4.430301;43.455555
13096_0086_00241;241;;Chemin des Cabanes de Cambon;13460;13096;Saintes-Maries-de-la-Mer;;;4.374541;43.518859
13096_0345_00029;29;;Rue Jean Jaurès;13460;13096;Saintes-Maries-de-la-Mer;;;4.426305;43.453125
13096_vak3dh_03926;3926;;Route du Château d'Avignon;13460;13096;Saintes-Maries-de-la-Mer;;;4.42422;43.574553
13096_0070_00009;9;;Rue Biòu Prouvènço;13460;13096;Saintes-Maries-de-la-Mer;;;4.430337;43.452706
13096_e7cais_00063;63;;Chemin du Petit Rhône;13460;13096;Saintes-Maries-de-la-Mer;;;4.368885;43.530023
13096_0582_00220;220;;Chemin du Pont Blanc;13460;13096;Saintes-Maries-de-la-Mer;;;4.424414;43.457874
13096_0601_01691;1691;;Route d'Arles;13460;13096;Saintes-Maries-de-la-Mer;;;4.414837;43.468048
13096_0110_00015;15;;Rue de la Cavidoule;13460;13096;Saintes-Maries-de-la-Mer;;;4.428289;43.454976
13096_swq4oq_00354;354;;Chemin de la Marchande;13460;13096;Saintes-Maries-de-la-Mer;;;4.399533;43.46903
13096_0070_00008_bis;8;bis;Rue Biòu Prouvènço;13460;13096;Saintes-Maries-de-la-Mer;;;4.429809;43.452623
13096_0260_00015;15;;Rue François Medina;13460;13096;Saintes-Maries-de-la-Mer;;;4.433363;43.455392
13096_0615_00017;17;;Place René Masson;13460;13096;Saintes-Maries-de-la-Mer;;;4.42878;43.454635
13096_0026_00003;3;;Androuno Dou Taute;13460;13096;Saintes-Maries-de-la-Mer;;;4.429285;43.45783
13096_0517_00015;15;;Rue Noune Judlin;13460;13096;Saintes-Maries-de-la-Mer;;;4.430369;43.456813
13096_0037_00012;12;;Avenue Riquette Aubanel;13460;13096;Saintes-Maries-de-la-Mer;;;4.418296;43.449871
13096_0309_00007;7;;Rue Henri Ourliac;13460;13096;Saintes-Maries-de-la-Mer;;;4.429617;43.456556
13096_0226_00014;14;;Rue Fanfonne Guillerme;13460;13096;Saintes-Maries-de-la-Mer;;;4.430545;43.457148
13096_0555_00028;28;;Rue des Pénitents Blancs;13460;13096;Saintes-Maries-de-la-Mer;;;4.428491;43.451729
13096_0036_00006;6;;Rue des Artisans;13460;13096;Saintes-Maries-de-la-Mer;;;4.427662;43.45773
13096_0036_00022;22;;Rue des Artisans;13460;13096;Saintes-Maries-de-la-Mer;;;4.427907;43.458398
13096_0365_00010;10;;Rue Joanin Audibert;13460;13096;Saintes-Maries-de-la-Mer;;;4.429541;43.453166
13096_0136_00008;8;;Place du Château d'Eau;13460;13096;Saintes-Maries-de-la-Mer;;;4.427066;43.453095
13096_0010_00007;7;;Impasse des Aigrettes;13460;13096;Saintes-Maries-de-la-Mer;;;4.425696;43.453466
13096_0690_00038_bis;38;bis;Avenue Théodore Aubanel;13460;13096;Saintes-Maries-de-la-Mer;;;4.422576;43.449845
13096_0472_00008;8;;Avenue des Massoucles;13460;13096;Saintes-Maries-de-la-Mer;;;4.429967;43.455653
13096_0601_08823;8823;;Route d'Arles;13460;13096;Saintes-Maries-de-la-Mer;;;4.400522;43.529569
13096_0430_00004;4;;Rue Louis Pasteur;13460;13096;Saintes-Maries-de-la-Mer;;;4.429471;43.452281
13096_0345_00004_bis;4;bis;Rue Jean Jaurès;13460;13096;Saintes-Maries-de-la-Mer;;;4.425625;43.45115
13096_0488_00001;1;;Passage des Milouins;13460;13096;Saintes-Maries-de-la-Mer;;;4.430904;43.454118
13096_0265_00006_quater;6;quater;Avenue Frédéric Mistral;13460;13096;Saintes-Maries-de-la-Mer;;;4.426696;43.451472
13096_0050_00006;6;;Rue Baptiste Bonnet;13460;13096;Saintes-Maries-de-la-Mer;;;4.428213;43.453721
13096_0435_00028_ter;28;ter;Chemin des Macreuses;13460;13096;Saintes-Maries-de-la-Mer;;;4.424712;43.451461
13096_0650_00005;5;;Rue Sadi Carnot;13460;13096;Saintes-Maries-de-la-Mer;;;4.426025;43.450735
13096_0430_00013;13;;Rue Louis Pasteur;13460;13096;Saintes-Maries-de-la-Mer;;;4.431066;43.452222
13096_0061_00641;641;;Chemin Bas de Dromard;13460;13096;Saintes-Maries-de-la-Mer;;;4.404238;43.472794
13096_0355_00010;10;;Rue Jean Roche;13460;13096;Saintes-Maries-de-la-Mer;;;4.431181;43.451608
13096_0205_00012;12;;Rue de l’Etang;13460;13096;Saintes-Maries-de-la-Mer;;;4.425254;43.452942
13096_0395_00002;2;;Place Lamartine;13460;13096;Saintes-Maries-de-la-Mer;;;4.427707;43.451424
13096_0435_00020;20;;Chemin des Macreuses;13460;13096;Saintes-Maries-de-la-Mer;;;4.423355;43.450536
13096_0400_00001_bis;1;bis;Rue des Launes;13460;13096;Saintes-Maries-de-la-Mer;;;4.424827;43.45051
13096_0435_00022_ter;22;ter;Chemin des Macreuses;13460;13096;Saintes-Maries-de-la-Mer;;;4.423589;43.450607
13096_0130_00005;5;;Rue Chateaubriand;13460;13096;Saintes-Maries-de-la-Mer;;;4.426829;43.450925
13096_0574_00192;192;;Hameau de Pioch Badet;13460;13096;Saintes-Maries-de-la-Mer;;;4.401905;43.523276
13096_0574_00236;236;;Hameau de Pioch Badet;13460;13096;Saintes-Maries-de-la-Mer;;;4.401746;43.523661
13096_0320_00007;7;;Place Honoré Pioch;13460;13096;Saintes-Maries-de-la-Mer;;;4.428198;43.452114
13096_0295_01843;1843;;Chemin du Grand Radeau;13460;13096;Saintes-Maries-de-la-Mer;;;4.357258;43.483797
13096_0315_00006;6;;Place Henry de Montherlant;13460;13096;Saintes-Maries-de-la-Mer;;;4.432218;43.454592
13096_c6vu0z_00001;1;;Carriero de Consecaniero;13460;13096;Saintes-Maries-de-la-Mer;;;4.428863;43.456246
13096_0515_00001;1;;Rue Négo Biou;13460;13096;Saintes-Maries-de-la-Mer;;;4.432715;43.454323
13096_0503_03318;3318;;Route d'Aigues Mortes;13460;13096;Saintes-Maries-de-la-Mer;;;4.395097;43.470608
13096_0480_00002;2;;Rue des Messorgues;13460;13096;Saintes-Maries-de-la-Mer;;;4.421376;43.449785
13096_fh2vff_00001;1;;Place Dou Mangio Fango;13460;13096;Saintes-Maries-de-la-Mer;;;4.435235;43.455955
13096_0061_00989;989;;Chemin Bas de Dromard;13460;13096;Saintes-Maries-de-la-Mer;;;4.400002;43.473141
13096_0348_00626;626;;Chemin Bas des Launes;13460;13096;Saintes-Maries-de-la-Mer;;;4.411471;43.469046
13096_0061_00170;170;;Chemin Bas de Dromard;13460;13096;Saintes-Maries-de-la-Mer;;;4.409199;43.472886
13096_7d0l45_00004;4;;Carriero Dou Vent Dou Souleu;13460;13096;Saintes-Maries-de-la-Mer;;;4.4343;43.455836
13096_0070_00006;6;;Rue Biòu Prouvènço;13460;13096;Saintes-Maries-de-la-Mer;;;4.42979;43.452826
13096_0086_00159;159;;Chemin des Cabanes de Cambon;13460;13096;Saintes-Maries-de-la-Mer;;;4.374179;43.518179
13096_0061_00864;864;;Chemin Bas de Dromard;13460;13096;Saintes-Maries-de-la-Mer;;;4.401916;43.473918
13096_0472_00009;9;;Avenue des Massoucles;13460;13096;Saintes-Maries-de-la-Mer;;;4.429967;43.455513
13096_orh3k0_00003_bis;3;bis;Rue Hermann Paul;13460;13096;Saintes-Maries-de-la-Mer;;;4.43064;43.452433
13096_0180_00012;12;;Rue Espelly;13460;13096;Saintes-Maries-de-la-Mer;;;4.427172;43.450991
13096_0601_00996;996;;Route d'Arles;13460;13096;Saintes-Maries-de-la-Mer;;;4.420055;43.463921
13096_0348_00086;86;;Chemin Bas des Launes;13460;13096;Saintes-Maries-de-la-Mer;;;4.416441;43.466629
13096_0715_00010;10;;Rue Victor Hugo;13460;13096;Saintes-Maries-de-la-Mer;;;4.428211;43.451098
13096_0615_00016;16;;Place René Masson;13460;13096;Saintes-Maries-de-la-Mer;;;4.428805;43.454597
13096_381a9g_00017_bis;17;bis;Avenue Maurice Challe;13460;13096;Saintes-Maries-de-la-Mer;;;4.430469;43.450488
13096_0235_00001;1;;Rue des Félibres;13460;13096;Saintes-Maries-de-la-Mer;;;4.428672;43.454137
13096_0540_00016;16;;Rue Paul Peyron;13460;13096;Saintes-Maries-de-la-Mer;;;4.427328;43.450896
13096_0443_00007_a;7;a;Rue Marcel Carrière;13460;13096;Saintes-Maries-de-la-Mer;;;4.434007;43.455228
13096_0061_00015;15;;Chemin Bas de Dromard;13460;13096;Saintes-Maries-de-la-Mer;;;4.411134;43.472636
13096_0260_00004;4;;Rue François Medina;13460;13096;Saintes-Maries-de-la-Mer;;;4.432743;43.455641
13096_r99tmk_00002;2;;Carriero Di Courrejou;13460;13096;Saintes-Maries-de-la-Mer;;;4.429414;43.455634
13096_0260_00009;9;;Rue François Medina;13460;13096;Saintes-Maries-de-la-Mer;;;4.432994;43.455485
13096_0690_00002;2;;Avenue Théodore Aubanel;13460;13096;Saintes-Maries-de-la-Mer;;;4.426192;43.450364
13096_2y5i2q_06042;6042;;Route de Pin Fourcat;13460;13096;Saintes-Maries-de-la-Mer;;;4.351837;43.528377
13096_0320_00011;11;;Place Honoré Pioch;13460;13096;Saintes-Maries-de-la-Mer;;;4.428251;43.452347
13096_r99tmk_00003;3;;Carriero Di Courrejou;13460;13096;Saintes-Maries-de-la-Mer;;;4.429824;43.454733
13096_0280_00006_bis;6;bis;Rue Georges Bizet;13460;13096;Saintes-Maries-de-la-Mer;;;4.426257;43.452292
13096_ae71ha_00110;110;;Draille de l'Oli;13460;13096;Saintes-Maries-de-la-Mer;;;4.40234;43.489688
13096_0415_00003_bis;3;bis;Rue Léon Blum;13460;13096;Saintes-Maries-de-la-Mer;;;4.423834;43.450746
13096_0540_00004;4;;Rue Paul Peyron;13460;13096;Saintes-Maries-de-la-Mer;;;4.428157;43.45054
13096_0348_00430;430;;Chemin Bas des Launes;13460;13096;Saintes-Maries-de-la-Mer;;;4.413468;43.467976
13096_0027_00003;3;;Place de l’Antifo;13460;13096;Saintes-Maries-de-la-Mer;;;4.433938;43.455609
13096_0472_00010;10;;Avenue des Massoucles;13460;13096;Saintes-Maries-de-la-Mer;;;4.429927;43.455671
13096_4qi1ix_01481;1481;;Route de la Pinède du Juge;13460;13096;Saintes-Maries-de-la-Mer;;;4.366418;43.523813
13096_0555_00009;9;;Rue des Pénitents Blancs;13460;13096;Saintes-Maries-de-la-Mer;;;4.428303;43.451345
13096_0175_00025;25;;Rue Emile Ripert;13460;13096;Saintes-Maries-de-la-Mer;;;4.429352;43.453671
13096_0010_00005;5;;Impasse des Aigrettes;13460;13096;Saintes-Maries-de-la-Mer;;;4.425489;43.453389
13096_2y5i2q_07265;7265;;Route de Pin Fourcat;13460;13096;Saintes-Maries-de-la-Mer;;;4.347146;43.538455
13096_0090_05251;5251;;Route de Cacharel;13460;13096;Saintes-Maries-de-la-Mer;;;4.431313;43.497957
13096_0339_00012;12;;Place Jean XXIII;13460;13096;Saintes-Maries-de-la-Mer;;;4.428241;43.451766
13096_g6nzas_00002;2;;Carriero Dou Mistrau;13460;13096;Saintes-Maries-de-la-Mer;;;4.434056;43.456205
13096_0450_00006;6;;Rue Marcel Pagnol;13460;13096;Saintes-Maries-de-la-Mer;;;4.433041;43.455884
13096_0265_00003;3;;Avenue Frédéric Mistral;13460;13096;Saintes-Maries-de-la-Mer;;;4.426378;43.450626
13096_0345_00018;18;;Rue Jean Jaurès;13460;13096;Saintes-Maries-de-la-Mer;;;4.425799;43.452187
13096_fs4mge_00018;18;;Avenue Jacques Chirac;13460;13096;Saintes-Maries-de-la-Mer;;;4.427906;43.453814
13096_0625_00002;2;;Place de la Révolution;13460;13096;Saintes-Maries-de-la-Mer;;;4.427565;43.450904
13096_0690_00042;42;;Avenue Théodore Aubanel;13460;13096;Saintes-Maries-de-la-Mer;;;4.42217;43.449754
13096_0615_00003;3;;Place René Masson;13460;13096;Saintes-Maries-de-la-Mer;;;4.429215;43.454795
13096_91s7of_00002;2;;Carriero Dou Levant;13460;13096;Saintes-Maries-de-la-Mer;;;4.434858;43.456174
13096_fs4mge_00002;2;;Avenue Jacques Chirac;13460;13096;Saintes-Maries-de-la-Mer;;;4.428218;43.452717
13096_0400_00010;10;;Rue des Launes;13460;13096;Saintes-Maries-de-la-Mer;;;4.425073;43.451325
13096_0540_00002;2;;Rue Paul Peyron;13460;13096;Saintes-Maries-de-la-Mer;;;4.428245;43.450501
13096_0300_00661;661;;Draille de Grazier;13460;13096;Saintes-Maries-de-la-Mer;;;4.381021;43.518926
13096_0036_00005;5;;Rue des Artisans;13460;13096;Saintes-Maries-de-la-Mer;;;4.427732;43.458167
13096_w7chdq_00369;369;;Chemin du Clos du Rhône;13460;13096;Saintes-Maries-de-la-Mer;;;4.405251;43.449879
13096_fs4mge_00032;32;;Avenue Jacques Chirac;13460;13096;Saintes-Maries-de-la-Mer;;;4.427521;43.455069
13096_0050_00004;4;;Rue Baptiste Bonnet;13460;13096;Saintes-Maries-de-la-Mer;;;4.428152;43.453701
13096_0517_00004;4;;Rue Noune Judlin;13460;13096;Saintes-Maries-de-la-Mer;;;4.429608;43.456909
13096_0443_00004;4;;Rue Marcel Carrière;13460;13096;Saintes-Maries-de-la-Mer;;;4.436149;43.456089
13096_0265_00061;61;;Avenue Frédéric Mistral;13460;13096;Saintes-Maries-de-la-Mer;;;4.42776;43.453006
13096_0355_00015;15;;Rue Jean Roche;13460;13096;Saintes-Maries-de-la-Mer;;;4.430402;43.4518
13096_0445_00010_bis;10;bis;Rue Marcel Cerdan;13460;13096;Saintes-Maries-de-la-Mer;;;4.428549;43.451558
13096_0105_00004;4;;Rue Capitaine Fouque;13460;13096;Saintes-Maries-de-la-Mer;;;4.428254;43.45088
13096_0027_00004;4;;Place de l’Antifo;13460;13096;Saintes-Maries-de-la-Mer;;;4.43403;43.455615
13096_0665_00014;14;;Impasse de la Sauvagine;13460;13096;Saintes-Maries-de-la-Mer;;;4.430121;43.454038
13096_0037_00018;18;;Avenue Riquette Aubanel;13460;13096;Saintes-Maries-de-la-Mer;;;4.416641;43.45011
13096_0443_00055;55;;Rue Marcel Carrière;13460;13096;Saintes-Maries-de-la-Mer;;;4.435792;43.456063
13096_0090_04016;4016;;Route de Cacharel;13460;13096;Saintes-Maries-de-la-Mer;;;4.442356;43.4904
13096_0710_00008;8;;Rue du Vibre;13460;13096;Saintes-Maries-de-la-Mer;;;4.428707;43.455214
13096_0488_00008;8;;Passage des Milouins;13460;13096;Saintes-Maries-de-la-Mer;;;4.430897;43.453819
13096_0036_00004;4;;Rue des Artisans;13460;13096;Saintes-Maries-de-la-Mer;;;4.427531;43.45769
13096_0257_00199;199;;Chemin du Mas de la Fouque;13460;13096;Saintes-Maries-de-la-Mer;;;4.397855;43.467089
13096_0sx9gy_00445;445;;Route du Domaine d'Astouin;13460;13096;Saintes-Maries-de-la-Mer;;;4.36998;43.531337
13096_0690_00038;38;;Avenue Théodore Aubanel;13460;13096;Saintes-Maries-de-la-Mer;;;4.422611;43.449865
13096_0090_08365;8365;;Route de Cacharel;13460;13096;Saintes-Maries-de-la-Mer;;;4.409465;43.520185
13096_0610_00007;7;;Place des Remparts;13460;13096;Saintes-Maries-de-la-Mer;;;4.427436;43.452476
13096_iiqj77_00512;512;;Draille du Mas les Pellegrins;13460;13096;Saintes-Maries-de-la-Mer;;;4.401178;43.486609
13096_0065_00002;2;;Rue di Biou;13460;13096;Saintes-Maries-de-la-Mer;;;4.4285;43.45421
13096_0345_00001_bis;1;bis;Rue Jean Jaurès;13460;13096;Saintes-Maries-de-la-Mer;;;4.425413;43.45051
13096_0650_00010;10;;Rue Sadi Carnot;13460;13096;Saintes-Maries-de-la-Mer;;;4.426188;43.451065
13096_0037_00019;19;;Avenue Riquette Aubanel;13460;13096;Saintes-Maries-de-la-Mer;;;4.416815;43.450406
13096_0090_07937;7937;;Route de Cacharel;13460;13096;Saintes-Maries-de-la-Mer;;;4.413621;43.516151
13096_0605_00004_ter;4;ter;Rue des Razeteurs;13460;13096;Saintes-Maries-de-la-Mer;;;4.428376;43.45282
13096_0615_00011;11;;Place René Masson;13460;13096;Saintes-Maries-de-la-Mer;;;4.428977;43.45434
13096_0050_00005;5;;Rue Baptiste Bonnet;13460;13096;Saintes-Maries-de-la-Mer;;;4.428297;43.453847
13096_i1u69o_00005;5;;Carriero Dou Miejournau;13460;13096;Saintes-Maries-de-la-Mer;;;4.434582;43.455889
13096_0180_00005;5;;Rue Espelly;13460;13096;Saintes-Maries-de-la-Mer;;;4.427096;43.450674
13096_0582_00149;149;;Chemin du Pont Blanc;13460;13096;Saintes-Maries-de-la-Mer;;;4.425096;43.457129
13096_0400_00017;17;;Rue des Launes;13460;13096;Saintes-Maries-de-la-Mer;;;4.425018;43.451601
13096_0420_00014;14;;Rue Léon Gambetta;13460;13096;Saintes-Maries-de-la-Mer;;;4.430216;43.450843
13096_0345_00001;1;;Rue Jean Jaurès;13460;13096;Saintes-Maries-de-la-Mer;;;4.425395;43.450398
13096_0625_00003;3;;Place de la Révolution;13460;13096;Saintes-Maries-de-la-Mer;;;4.427604;43.450948
13096_0582_00329;329;;Chemin du Pont Blanc;13460;13096;Saintes-Maries-de-la-Mer;;;4.42346;43.456926
13096_0280_00004;4;;Rue Georges Bizet;13460;13096;Saintes-Maries-de-la-Mer;;;4.426621;43.452231
13096_0503_09467;9467;;Route d'Aigues Mortes;13460;13096;Saintes-Maries-de-la-Mer;;;4.369825;43.518602
13096_0090_06939;6939;;Route de Cacharel;13460;13096;Saintes-Maries-de-la-Mer;;;4.420174;43.510935
13096_0420_00004;4;;Rue Léon Gambetta;13460;13096;Saintes-Maries-de-la-Mer;;;4.429546;43.450832
13096_0092_00003;3;;Avenue du Docteur Cambon;13460;13096;Saintes-Maries-de-la-Mer;;;4.432779;43.455159
13096_0010_00009;9;;Impasse des Aigrettes;13460;13096;Saintes-Maries-de-la-Mer;;;4.425839;43.453398
13096_0435_00032_bis;32;bis;Chemin des Macreuses;13460;13096;Saintes-Maries-de-la-Mer;;;4.424957;43.452341
13096_0080_00008;8;;Place de la Brise;13460;13096;Saintes-Maries-de-la-Mer;;;4.433396;43.452588
13096_0154_00005;5;;Avenue Jacques-Yves Cousteau;13460;13096;Saintes-Maries-de-la-Mer;;;4.435318;43.453947
13096_0601_01272;1272;;Route d'Arles;13460;13096;Saintes-Maries-de-la-Mer;;;4.41902;43.465707
13096_0061_01048;1048;;Chemin Bas de Dromard;13460;13096;Saintes-Maries-de-la-Mer;;;4.399386;43.473004
13096_0120_00004;4;;Rue Charles Gounod;13460;13096;Saintes-Maries-de-la-Mer;;;4.427653;43.452448
13096_0205_00008;8;;Rue de l’Etang;13460;13096;Saintes-Maries-de-la-Mer;;;4.425451;43.452903
13096_scrkfd_00426;426;;Chemin du Mas d'Icard;13460;13096;Saintes-Maries-de-la-Mer;;;4.377618;43.499214
13096_0590_00007;7;;Rue Portalet;13460;13096;Saintes-Maries-de-la-Mer;;;4.427244;43.452299
13096_0114_00004;4;;Carrieroun Dou Fangassié;13460;13096;Saintes-Maries-de-la-Mer;;;4.429482;43.457397
13096_0601_00758;758;;Route d'Arles;13460;13096;Saintes-Maries-de-la-Mer;;;4.421513;43.461561
13096_0495_00011;11;;Place Mireille;13460;13096;Saintes-Maries-de-la-Mer;;;4.428684;43.452438
13096_0705_00012;12;;Avenue Van Gogh;13460;13096;Saintes-Maries-de-la-Mer;;;4.42777;43.450393
13096_0339_00015;15;;Place Jean XXIII;13460;13096;Saintes-Maries-de-la-Mer;;;4.428066;43.451887
13096_0578_00003;3;;Place Dou Grégau;13460;13096;Saintes-Maries-de-la-Mer;;;4.433728;43.456194
13096_0335_00007;7;;Rue Jarjaie;13460;13096;Saintes-Maries-de-la-Mer;;;4.427268;43.453208
13096_ubb997_00002;2;;Place de la Trémountano;13460;13096;Saintes-Maries-de-la-Mer;;;4.434022;43.455925
13096_0105_00008;8;;Rue Capitaine Fouque;13460;13096;Saintes-Maries-de-la-Mer;;;4.428183;43.450791
13096_0120_00005;5;;Rue Charles Gounod;13460;13096;Saintes-Maries-de-la-Mer;;;4.427675;43.452598
13096_0715_00007_bis;7;bis;Rue Victor Hugo;13460;13096;Saintes-Maries-de-la-Mer;;;4.428473;43.450913
13096_0601_01819;1819;;Route d'Arles;13460;13096;Saintes-Maries-de-la-Mer;;;4.414144;43.468766
13096_0503_05923;5923;;Route d'Aigues Mortes;13460;13096;Saintes-Maries-de-la-Mer;;;4.387911;43.491946
13096_0265_00006_bis;6;bis;Avenue Frédéric Mistral;13460;13096;Saintes-Maries-de-la-Mer;;;4.426686;43.451407
13096_0036_00003;3;;Rue des Artisans;13460;13096;Saintes-Maries-de-la-Mer;;;4.427781;43.458104
13096_swq4oq_00027;27;;Chemin de la Marchande;13460;13096;Saintes-Maries-de-la-Mer;;;4.395512;43.469312
13096_0280_00006;6;;Rue Georges Bizet;13460;13096;Saintes-Maries-de-la-Mer;;;4.426166;43.452307
13096_0655_00004;4;;Rue des Saladelles;13460;13096;Saintes-Maries-de-la-Mer;;;4.427698;43.450984
13096_yuj489_00013;13;;Avenue Roland Chassain;13460;13096;Saintes-Maries-de-la-Mer;;;4.430721;43.455227
13096_0510_00003;3;;Rue du Musée;13460;13096;Saintes-Maries-de-la-Mer;;;4.427528;43.451198
13096_0435_00028_quater;28;quater;Chemin des Macreuses;13460;13096;Saintes-Maries-de-la-Mer;;;4.424722;43.451486
13096_0601_03406;3406;;Route d'Arles;13460;13096;Saintes-Maries-de-la-Mer;;;4.405372;43.482142
13096_0070_00004;4;;Rue Biòu Prouvènço;13460;13096;Saintes-Maries-de-la-Mer;;;4.429699;43.452853
13096_0086_00120;120;;Chemin des Cabanes de Cambon;13460;13096;Saintes-Maries-de-la-Mer;;;4.374215;43.517821
13096_0650_00019_bis;19;bis;Rue Sadi Carnot;13460;13096;Saintes-Maries-de-la-Mer;;;4.426242;43.451993
13096_orh3k0_00003;3;;Rue Hermann Paul;13460;13096;Saintes-Maries-de-la-Mer;;;4.430575;43.452347
13096_0705_00009;9;;Avenue Van Gogh;13460;13096;Saintes-Maries-de-la-Mer;;;4.427306;43.450204
13096_0190_00001;1;;Place de l’Estrambord;13460;13096;Saintes-Maries-de-la-Mer;;;4.42822;43.454527
13096_0585_00001;1;;Place Portalet;13460;13096;Saintes-Maries-de-la-Mer;;;4.427728;43.45201
13096_0080_00016;16;;Place de la Brise;13460;13096;Saintes-Maries-de-la-Mer;;;4.432999;43.452557
13096_0715_00001;1;;Rue Victor Hugo;13460;13096;Saintes-Maries-de-la-Mer;;;4.428803;43.450726
13096_0090_07948;7948;;Route de Cacharel;13460;13096;Saintes-Maries-de-la-Mer;;;4.413007;43.517563
13096_0380_00002;2;;Place Jousé d’Arbaud;13460;13096;Saintes-Maries-de-la-Mer;;;4.427378;43.451591
13096_0110_00009;9;;Rue de la Cavidoule;13460;13096;Saintes-Maries-de-la-Mer;;;4.428382;43.454834
13096_0578_00001;1;;Place Dou Grégau;13460;13096;Saintes-Maries-de-la-Mer;;;4.433857;43.456233
13096_0090_08552;8552;;Route de Cacharel;13460;13096;Saintes-Maries-de-la-Mer;;;4.407621;43.52834
13096_91s7of_00018;18;;Carriero Dou Levant;13460;13096;Saintes-Maries-de-la-Mer;;;4.434205;43.456184
13096_0530_00005;5;;Rue Paul Arène;13460;13096;Saintes-Maries-de-la-Mer;;;4.428562;43.453672
13096_58br7e_00004;4;;Passage des Prieurés;13460;13096;Saintes-Maries-de-la-Mer;;;4.428494;43.451177
13096_0265_00029_bis;29;bis;Avenue Frédéric Mistral;13460;13096;Saintes-Maries-de-la-Mer;;;4.426728;43.452041
13096_w7chdq_00637;637;;Chemin du Clos du Rhône;13460;13096;Saintes-Maries-de-la-Mer;;;4.401939;43.449989
13096_0605_00007_bis;7;bis;Rue des Razeteurs;13460;13096;Saintes-Maries-de-la-Mer;;;4.428446;43.452706
13096_0555_00020;20;;Rue des Pénitents Blancs;13460;13096;Saintes-Maries-de-la-Mer;;;4.428385;43.451487
13096_0715_00002_bis;2;bis;Rue Victor Hugo;13460;13096;Saintes-Maries-de-la-Mer;;;4.428623;43.450909
13096_fs4mge_00026;26;;Avenue Jacques Chirac;13460;13096;Saintes-Maries-de-la-Mer;;;4.427608;43.454627
13096_p5xe2o_00008;8;;Carriero de Brasinvert;13460;13096;Saintes-Maries-de-la-Mer;;;4.429463;43.457554
13096_b123_00296;296;;Petite Route d'Icard;13460;13096;Saintes-Maries-de-la-Mer;;;4.39789;43.502183
13096_0590_00012;12;;Rue Portalet;13460;13096;Saintes-Maries-de-la-Mer;;;4.427282;43.452298
13096_0695_00002;2;;Ruelle du Vaccarès;13460;13096;Saintes-Maries-de-la-Mer;;;4.428981;43.453054
13096_0265_00015;15;;Avenue Frédéric Mistral;13460;13096;Saintes-Maries-de-la-Mer;;;4.42653;43.451363
13096_0705_00030;30;;Avenue Van Gogh;13460;13096;Saintes-Maries-de-la-Mer;;;4.426672;43.450419
13096_0050_00010;10;;Rue Baptiste Bonnet;13460;13096;Saintes-Maries-de-la-Mer;;;4.428311;43.453766
13096_0135_00004;4;;Rue du Château d’Eau;13460;13096;Saintes-Maries-de-la-Mer;;;4.426834;43.453049
13096_b123_00552;552;;Petite Route d'Icard;13460;13096;Saintes-Maries-de-la-Mer;;;4.395162;43.501512
13096_0503_03282;3282;;Route d'Aigues Mortes;13460;13096;Saintes-Maries-de-la-Mer;;;4.395203;43.470297
13096_0430_00018;18;;Rue Louis Pasteur;13460;13096;Saintes-Maries-de-la-Mer;;;4.430843;43.452164
13096_0650_00024;24;;Rue Sadi Carnot;13460;13096;Saintes-Maries-de-la-Mer;;;4.426341;43.451993
13096_0665_00008;8;;Impasse de la Sauvagine;13460;13096;Saintes-Maries-de-la-Mer;;;4.429955;43.454037
13096_0061_00866;866;;Chemin Bas de Dromard;13460;13096;Saintes-Maries-de-la-Mer;;;4.401435;43.47383
13096_0375_00012;12;;Rue Joseph Roumanille;13460;13096;Saintes-Maries-de-la-Mer;;;4.427944;43.452466
13096_0690_00014_bis;14;bis;Avenue Théodore Aubanel;13460;13096;Saintes-Maries-de-la-Mer;;;4.42464;43.450205
13096_0435_00006;6;;Chemin des Macreuses;13460;13096;Saintes-Maries-de-la-Mer;;;4.421876;43.450079
13096_0130_00001_bis;1;bis;Rue Chateaubriand;13460;13096;Saintes-Maries-de-la-Mer;;;4.42695;43.450898
13096_0375_00014;14;;Rue Joseph Roumanille;13460;13096;Saintes-Maries-de-la-Mer;;;4.427967;43.452496
13096_0095_00013;13;;Rue Camille Pelletan;13460;13096;Saintes-Maries-de-la-Mer;;;4.432034;43.452536
13096_0435_00026;26;;Chemin des Macreuses;13460;13096;Saintes-Maries-de-la-Mer;;;4.424059;43.450882
13096_2y5i2q_04607;4607;;Route de Pin Fourcat;13460;13096;Saintes-Maries-de-la-Mer;;;4.350811;43.515399
13096_0100_00805;805;;Draille des Capelans;13460;13096;Saintes-Maries-de-la-Mer;;;4.389013;43.514693
13096_0226_00012;12;;Rue Fanfonne Guillerme;13460;13096;Saintes-Maries-de-la-Mer;;;4.430514;43.457169
13096_0705_00006;6;;Avenue Van Gogh;13460;13096;Saintes-Maries-de-la-Mer;;;4.428571;43.450497
13096_0300_00047;47;;Draille de Grazier;13460;13096;Saintes-Maries-de-la-Mer;;;4.374712;43.516843
13096_0285_00013;13;;Avenue Gilbert Leroy;13460;13096;Saintes-Maries-de-la-Mer;;;4.43216;43.451723
13096_0503_04902;4902;;Route d'Aigues Mortes;13460;13096;Saintes-Maries-de-la-Mer;;;4.387934;43.483732
13096_0226_00015;15;;Rue Fanfonne Guillerme;13460;13096;Saintes-Maries-de-la-Mer;;;4.430581;43.457304
13096_yuj489_00006_bis;6;bis;Avenue Roland Chassain;13460;13096;Saintes-Maries-de-la-Mer;;;4.430658;43.454186
13096_0070_00008;8;;Rue Biòu Prouvènço;13460;13096;Saintes-Maries-de-la-Mer;;;4.42986;43.452799
13096_0335_00005;5;;Rue Jarjaie;13460;13096;Saintes-Maries-de-la-Mer;;;4.427224;43.453249
13096_0110_00013;13;;Rue de la Cavidoule;13460;13096;Saintes-Maries-de-la-Mer;;;4.428306;43.454945
13096_yuj489_00007;7;;Avenue Roland Chassain;13460;13096;Saintes-Maries-de-la-Mer;;;4.430617;43.4549
13096_0420_00006;6;;Rue Léon Gambetta;13460;13096;Saintes-Maries-de-la-Mer;;;4.429646;43.450833
13096_0503_08490;8490;;Route d'Aigues Mortes;13460;13096;Saintes-Maries-de-la-Mer;;;4.374113;43.512299
13096_0401_00005;5;;Chemin des Petites Launes;13460;13096;Saintes-Maries-de-la-Mer;;;4.426828;43.454437
13096_0715_00031;31;;Rue Victor Hugo;13460;13096;Saintes-Maries-de-la-Mer;;;4.427308;43.451376
13096_0635_00001;1;;Rue Roger Delagnes;13460;13096;Saintes-Maries-de-la-Mer;;;4.431305;43.453377
13096_0110_00010;10;;Rue de la Cavidoule;13460;13096;Saintes-Maries-de-la-Mer;;;4.428223;43.454946
13096_0105_00003;3;;Rue Capitaine Fouque;13460;13096;Saintes-Maries-de-la-Mer;;;4.42831;43.450824
13096_0061_00230;230;;Chemin Bas de Dromard;13460;13096;Saintes-Maries-de-la-Mer;;;4.408843;43.472219
13096_0265_00003_bis;3;bis;Avenue Frédéric Mistral;13460;13096;Saintes-Maries-de-la-Mer;;;4.426395;43.450703
13096_0260_00005;5;;Rue François Medina;13460;13096;Saintes-Maries-de-la-Mer;;;4.432894;43.455591
13096_0375_00008;8;;Rue Joseph Roumanille;13460;13096;Saintes-Maries-de-la-Mer;;;4.427877;43.452385
13096_0226_00031;31;;Rue Fanfonne Guillerme;13460;13096;Saintes-Maries-de-la-Mer;;;4.430998;43.457014
13096_0090_09017;9017;;Route de Cacharel;13460;13096;Saintes-Maries-de-la-Mer;;;4.402326;43.522143
13096_0150_00006;6;;Rue Corneille;13460;13096;Saintes-Maries-de-la-Mer;;;4.4271;43.451288
13096_0503_07902;7902;;Route d'Aigues Mortes;13460;13096;Saintes-Maries-de-la-Mer;;;4.378921;43.507182
13096_0690_00036;36;;Avenue Théodore Aubanel;13460;13096;Saintes-Maries-de-la-Mer;;;4.423019;43.449969
13096_0348_00278;278;;Chemin Bas des Launes;13460;13096;Saintes-Maries-de-la-Mer;;;4.414374;43.466892
13096_0090_07479;7479;;Route de Cacharel;13460;13096;Saintes-Maries-de-la-Mer;;;4.417075;43.514925
13096_0036_00011;11;;Rue des Artisans;13460;13096;Saintes-Maries-de-la-Mer;;;4.427381;43.458247
13096_381a9g_00017;17;;Avenue Maurice Challe;13460;13096;Saintes-Maries-de-la-Mer;;;4.430396;43.450466
13096_0401_00004;4;;Chemin des Petites Launes;13460;13096;Saintes-Maries-de-la-Mer;;;4.42441;43.454749
13096_0550_00008;8;;Rue des Pêcheurs;13460;13096;Saintes-Maries-de-la-Mer;;;4.427944;43.452103
13096_orh3k0_00004;4;;Rue Hermann Paul;13460;13096;Saintes-Maries-de-la-Mer;;;4.430018;43.451295
13096_0472_00003;3;;Avenue des Massoucles;13460;13096;Saintes-Maries-de-la-Mer;;;4.430185;43.455448
13096_0550_00010;10;;Rue des Pêcheurs;13460;13096;Saintes-Maries-de-la-Mer;;;4.427905;43.452113
13096_0095_00012;12;;Rue Camille Pelletan;13460;13096;Saintes-Maries-de-la-Mer;;;4.430589;43.453093
13096_fs4mge_00006;6;;Avenue Jacques Chirac;13460;13096;Saintes-Maries-de-la-Mer;;;4.428291;43.45288
13096_0601_00767;767;;Route d'Arles;13460;13096;Saintes-Maries-de-la-Mer;;;4.421224;43.461498
13096_0601_00210;210;;Route d'Arles;13460;13096;Saintes-Maries-de-la-Mer;;;4.426384;43.458193
13096_0095_00004;4;;Rue Camille Pelletan;13460;13096;Saintes-Maries-de-la-Mer;;;4.430055;43.453312
13096_0450_00023;23;;Rue Marcel Pagnol;13460;13096;Saintes-Maries-de-la-Mer;;;4.433186;43.456034
13096_0690_00022;22;;Avenue Théodore Aubanel;13460;13096;Saintes-Maries-de-la-Mer;;;4.424218;43.450166
13096_0330_00001;1;;Place des Impériaux;13460;13096;Saintes-Maries-de-la-Mer;;;4.429465;43.453706
13096_0040_00002;2;;Rue des Avocettes;13460;13096;Saintes-Maries-de-la-Mer;;;4.429129;43.453935
13096_0375_00011;11;;Rue Joseph Roumanille;13460;13096;Saintes-Maries-de-la-Mer;;;4.427792;43.452407
13096_0061_00868;868;;Chemin Bas de Dromard;13460;13096;Saintes-Maries-de-la-Mer;;;4.401303;43.473828
13096_0348_00690;690;;Chemin Bas des Launes;13460;13096;Saintes-Maries-de-la-Mer;;;4.410876;43.469455
13096_0420_00002_bis;2;bis;Rue Léon Gambetta;13460;13096;Saintes-Maries-de-la-Mer;;;4.429469;43.450834
13096_0345_00008;8;;Rue Jean Jaurès;13460;13096;Saintes-Maries-de-la-Mer;;;4.42566;43.451339
13096_0320_00009;9;;Place Honoré Pioch;13460;13096;Saintes-Maries-de-la-Mer;;;4.42823;43.45226
13096_0320_00008;8;;Place Honoré Pioch;13460;13096;Saintes-Maries-de-la-Mer;;;4.428215;43.452175
13096_0070_00007;7;;Rue Biòu Prouvènço;13460;13096;Saintes-Maries-de-la-Mer;;;4.430161;43.452766
13096_0430_00022;22;;Rue Louis Pasteur;13460;13096;Saintes-Maries-de-la-Mer;;;4.431366;43.45211
13096_0375_00007;7;;Rue Joseph Roumanille;13460;13096;Saintes-Maries-de-la-Mer;;;4.427502;43.452098
13096_0715_00009;9;;Rue Victor Hugo;13460;13096;Saintes-Maries-de-la-Mer;;;4.428313;43.450995
13096_0320_00005;5;;Place Honoré Pioch;13460;13096;Saintes-Maries-de-la-Mer;;;4.428248;43.452002
13096_0050_00007;7;;Rue Baptiste Bonnet;13460;13096;Saintes-Maries-de-la-Mer;;;4.428352;43.453868
13096_0080_00024;24;;Place de la Brise;13460;13096;Saintes-Maries-de-la-Mer;;;4.432989;43.452435
13096_0715_00043;43;;Rue Victor Hugo;13460;13096;Saintes-Maries-de-la-Mer;;;4.427011;43.451474
13096_0582_00351;351;;Chemin du Pont Blanc;13460;13096;Saintes-Maries-de-la-Mer;;;4.423191;43.456958
13096_0400_00013;13;;Rue des Launes;13460;13096;Saintes-Maries-de-la-Mer;;;4.424982;43.451401
13096_f1a4i7_00557;557;;Chemin de la Valette;13460;13096;Saintes-Maries-de-la-Mer;;;4.399141;43.478003
13096_0450_00002;2;;Rue Marcel Pagnol;13460;13096;Saintes-Maries-de-la-Mer;;;4.432279;43.455536
13096_vak3dh_01501;1501;;Route du Château d'Avignon;13460;13096;Saintes-Maries-de-la-Mer;;;4.413486;43.556011
13096_0026_00005;5;;Androuno Dou Taute;13460;13096;Saintes-Maries-de-la-Mer;;;4.42925;43.457845
13096_0355_00008_bis;8;bis;Rue Jean Roche;13460;13096;Saintes-Maries-de-la-Mer;;;4.431047;43.451628
13096_0517_00023;23;;Rue Noune Judlin;13460;13096;Saintes-Maries-de-la-Mer;;;4.430645;43.456744
13096_0610_00003;3;;Place des Remparts;13460;13096;Saintes-Maries-de-la-Mer;;;4.427507;43.452222
13096_0340_00016;16;;Rue Jean Aicard;13460;13096;Saintes-Maries-de-la-Mer;;;4.42509;43.452135
13096_0455_00002;2;;Rue Maréchal Leclerc;13460;13096;Saintes-Maries-de-la-Mer;;;4.423007;43.45025
13096_0265_00007;7;;Avenue Frédéric Mistral;13460;13096;Saintes-Maries-de-la-Mer;;;4.426443;43.450944
13096_0090_05685;5685;;Route de Cacharel;13460;13096;Saintes-Maries-de-la-Mer;;;4.427264;43.499734
13096_0555_00019;19;;Rue des Pénitents Blancs;13460;13096;Saintes-Maries-de-la-Mer;;;4.428382;43.451613
13096_swq4oq_00044;44;;Chemin de la Marchande;13460;13096;Saintes-Maries-de-la-Mer;;;4.399267;43.468308
13096_fs4mge_00001;1;;Avenue Jacques Chirac;13460;13096;Saintes-Maries-de-la-Mer;;;4.428097;43.452647
13096_fn8prz_00189;189;;Petite Route du Bac;13460;13096;Saintes-Maries-de-la-Mer;;;4.402629;43.481298
13096_0430_00019_ter;19;ter;Rue Louis Pasteur;13460;13096;Saintes-Maries-de-la-Mer;;;4.431511;43.452168
13096_f1a4i7_00673;673;;Chemin de la Valette;13460;13096;Saintes-Maries-de-la-Mer;;;4.399357;43.476893
13096_g6nzas_00001;1;;Carriero Dou Mistrau;13460;13096;Saintes-Maries-de-la-Mer;;;4.434029;43.456157
13096_0450_00004_bis;4;bis;Rue Marcel Pagnol;13460;13096;Saintes-Maries-de-la-Mer;;;4.432925;43.455832
13096_u7li0r_00001;1;;Passage de la Gacholo (Passage de la Gacholle);13460;13096;Saintes-Maries-de-la-Mer;;;4.429298;43.455442
13096_0450_00009;9;;Rue Marcel Pagnol;13460;13096;Saintes-Maries-de-la-Mer;;;4.432514;43.45574
13096_0339_00005;5;;Place Jean XXIII;13460;13096;Saintes-Maries-de-la-Mer;;;4.428118;43.451381
13096_0578_00006;6;;Place Dou Grégau;13460;13096;Saintes-Maries-de-la-Mer;;;4.433681;43.456316
13096_yuj489_00024_ter;24;ter;Avenue Roland Chassain;13460;13096;Saintes-Maries-de-la-Mer;;;4.431724;43.456076
13096_0265_00011_bis;11;bis;Avenue Frédéric Mistral;13460;13096;Saintes-Maries-de-la-Mer;;;4.426505;43.451207
13096_0430_00023;23;;Rue Louis Pasteur;13460;13096;Saintes-Maries-de-la-Mer;;;4.431689;43.452147
13096_0348_00273;273;;Chemin Bas des Launes;13460;13096;Saintes-Maries-de-la-Mer;;;4.41396;43.466113
13096_0555_00029;29;;Rue des Pénitents Blancs;13460;13096;Saintes-Maries-de-la-Mer;;;4.428473;43.451842
13096_0092_00020;20;;Avenue du Docteur Cambon;13460;13096;Saintes-Maries-de-la-Mer;;;4.433815;43.452699
13096_0400_00012_bis;12;bis;Rue des Launes;13460;13096;Saintes-Maries-de-la-Mer;;;4.425115;43.451558
13096_0650_00010_bis;10;bis;Rue Sadi Carnot;13460;13096;Saintes-Maries-de-la-Mer;;;4.426177;43.450992
13096_0090_08554;8554;;Route de Cacharel;13460;13096;Saintes-Maries-de-la-Mer;;;4.406737;43.528752
13096_0601_00662;662;;Route d'Arles;13460;13096;Saintes-Maries-de-la-Mer;;;4.422859;43.461175
13096_0028_00001;1;;Androuno Di Piluro;13460;13096;Saintes-Maries-de-la-Mer;;;4.42916;43.457482
13096_sj5k2q_00553;553;;Draille du Mas de la Cure;13460;13096;Saintes-Maries-de-la-Mer;;;4.418393;43.552206
13096_0100_00964;964;;Draille des Capelans;13460;13096;Saintes-Maries-de-la-Mer;;;4.388824;43.513383
13096_381a9g_00007;7;;Avenue Maurice Challe;13460;13096;Saintes-Maries-de-la-Mer;;;4.429477;43.450545
13096_b8li8g_00014;14;;Rue des Batayoles / Carriero Di Bataiolo;13460;13096;Saintes-Maries-de-la-Mer;;;4.427963;43.457755
13096_0010_00012;12;;Impasse des Aigrettes;13460;13096;Saintes-Maries-de-la-Mer;;;4.425763;43.453231
13096_0430_00017;17;;Rue Louis Pasteur;13460;13096;Saintes-Maries-de-la-Mer;;;4.431257;43.452193
13096_w7chdq_00609;609;;Chemin du Clos du Rhône;13460;13096;Saintes-Maries-de-la-Mer;;;4.403493;43.44834
13096_0355_00003;3;;Rue Jean Roche;13460;13096;Saintes-Maries-de-la-Mer;;;4.429466;43.451903
13096_0105_00009;9;;Rue Capitaine Fouque;13460;13096;Saintes-Maries-de-la-Mer;;;4.428206;43.4507
13096_0105_00006;6;;Rue Capitaine Fouque;13460;13096;Saintes-Maries-de-la-Mer;;;4.42822;43.450837
13096_fn8prz_01046;1046;;Petite Route du Bac;13460;13096;Saintes-Maries-de-la-Mer;;;4.392969;43.483509
13096_0100_00505;505;;Draille des Capelans;13460;13096;Saintes-Maries-de-la-Mer;;;4.391817;43.516308
13096_0601_02183;2183;;Route d'Arles;13460;13096;Saintes-Maries-de-la-Mer;;;4.411664;43.471937
13096_4wgzey_00004;4;;Ruelle du Sud-Ouest / Carriero Dou Labe;13460;13096;Saintes-Maries-de-la-Mer;;;4.43514;43.455891
13096_4qi1ix_00274;274;;Route de la Pinède du Juge;13460;13096;Saintes-Maries-de-la-Mer;;;4.355228;43.520805
13096_0601_01987;1987;;Route d'Arles;13460;13096;Saintes-Maries-de-la-Mer;;;4.412706;43.470145
13096_0488_00004;4;;Passage des Milouins;13460;13096;Saintes-Maries-de-la-Mer;;;4.43087;43.45389
13096_0715_00013;13;;Rue Victor Hugo;13460;13096;Saintes-Maries-de-la-Mer;;;4.428181;43.45105
13096_0260_00014;14;;Rue François Medina;13460;13096;Saintes-Maries-de-la-Mer;;;4.43314;43.455205
13096_0175_00011;11;;Rue Emile Ripert;13460;13096;Saintes-Maries-de-la-Mer;;;4.428878;43.453509
13096_0620_00029;29;;Avenue de la République;13460;13096;Saintes-Maries-de-la-Mer;;;4.428846;43.451834
13096_yuj489_00006;6;;Avenue Roland Chassain;13460;13096;Saintes-Maries-de-la-Mer;;;4.430638;43.454142
13096_0503_03761;3761;;Route d'Aigues Mortes;13460;13096;Saintes-Maries-de-la-Mer;;;4.393294;43.474378
13096_0395_00003;3;;Place Lamartine;13460;13096;Saintes-Maries-de-la-Mer;;;4.427574;43.4515
13096_0420_00007;7;;Rue Léon Gambetta;13460;13096;Saintes-Maries-de-la-Mer;;;4.430681;43.451014
13096_0105_00016;16;;Rue Capitaine Fouque;13460;13096;Saintes-Maries-de-la-Mer;;;4.428038;43.450643
13096_0615_00005;5;;Place René Masson;13460;13096;Saintes-Maries-de-la-Mer;;;4.429466;43.454817
13096_0443_00005;5;;Rue Marcel Carrière;13460;13096;Saintes-Maries-de-la-Mer;;;4.433842;43.455158
13096_0092_00012;12;;Avenue du Docteur Cambon;13460;13096;Saintes-Maries-de-la-Mer;;;4.432734;43.454803
13096_0601_06069;6069;;Route d'Arles;13460;13096;Saintes-Maries-de-la-Mer;;;4.397163;43.505716
13096_0061_00109;109;;Chemin Bas de Dromard;13460;13096;Saintes-Maries-de-la-Mer;;;4.410109;43.472387
13096_0120_00009;9;;Rue Charles Gounod;13460;13096;Saintes-Maries-de-la-Mer;;;4.427775;43.45271
13096_yuj489_00001;1;;Avenue Roland Chassain;13460;13096;Saintes-Maries-de-la-Mer;;;4.429834;43.453588
13096_0650_00013_bis;13;bis;Rue Sadi Carnot;13460;13096;Saintes-Maries-de-la-Mer;;;4.426141;43.451414
13096_0540_00010_bis;10;bis;Rue Paul Peyron;13460;13096;Saintes-Maries-de-la-Mer;;;4.427834;43.450671
13096_0095_00036;36;;Rue Camille Pelletan;13460;13096;Saintes-Maries-de-la-Mer;;;4.432329;43.45228
13096_0540_00018;18;;Rue Paul Peyron;13460;13096;Saintes-Maries-de-la-Mer;;;4.427224;43.450959
13096_0150_00002;2;;Rue Corneille;13460;13096;Saintes-Maries-de-la-Mer;;;4.427317;43.45121
13096_0503_07766;7766;;Route d'Aigues Mortes;13460;13096;Saintes-Maries-de-la-Mer;;;4.377841;43.506384
13096_0517_00013;13;;Rue Noune Judlin;13460;13096;Saintes-Maries-de-la-Mer;;;4.430275;43.456835
13096_0090_05819;5819;;Route de Cacharel;13460;13096;Saintes-Maries-de-la-Mer;;;4.426418;43.501694
13096_0705_00016;16;;Avenue Van Gogh;13460;13096;Saintes-Maries-de-la-Mer;;;4.427589;43.450406
13096_0095_00024;24;;Rue Camille Pelletan;13460;13096;Saintes-Maries-de-la-Mer;;;4.431711;43.452568
13096_0503_04710;4710;;Route d'Aigues Mortes;13460;13096;Saintes-Maries-de-la-Mer;;;4.38897;43.48219
13096_0715_00020;20;;Rue Victor Hugo;13460;13096;Saintes-Maries-de-la-Mer;;;4.427756;43.451251
13096_vak3dh_00637;637;;Route du Château d'Avignon;13460;13096;Saintes-Maries-de-la-Mer;;;4.401419;43.550328
13096_0020_00009;9;;Rue Alphonse Daudet;13460;13096;Saintes-Maries-de-la-Mer;;;4.4245;43.451067
13096_0090_07980;7980;;Route de Cacharel;13460;13096;Saintes-Maries-de-la-Mer;;;4.412659;43.517702
13096_fh2vff_00005;5;;Place Dou Mangio Fango;13460;13096;Saintes-Maries-de-la-Mer;;;4.435308;43.456079
13096_0625_00004;4;;Place de la Révolution;13460;13096;Saintes-Maries-de-la-Mer;;;4.427637;43.450991
13096_0601_04240;4240;;Route d'Arles;13460;13096;Saintes-Maries-de-la-Mer;;;4.403923;43.489166
13096_0135_00005;5;;Rue du Château d’Eau;13460;13096;Saintes-Maries-de-la-Mer;;;4.426883;43.452879
13096_yuj489_00020;20;;Avenue Roland Chassain;13460;13096;Saintes-Maries-de-la-Mer;;;4.43129;43.4556
13096_0690_00036_bis;36;bis;Avenue Théodore Aubanel;13460;13096;Saintes-Maries-de-la-Mer;;;4.422847;43.449925
13096_0265_00023;23;;Avenue Frédéric Mistral;13460;13096;Saintes-Maries-de-la-Mer;;;4.426664;43.451866
13096_0114_00006;6;;Carrieroun Dou Fangassié;13460;13096;Saintes-Maries-de-la-Mer;;;4.42944;43.457407
13096_0395_00001;1;;Place Lamartine;13460;13096;Saintes-Maries-de-la-Mer;;;4.427639;43.451343
13096_91s7of_00014;14;;Carriero Dou Levant;13460;13096;Saintes-Maries-de-la-Mer;;;4.434286;43.456178
13096_0503_08232;8232;;Route d'Aigues Mortes;13460;13096;Saintes-Maries-de-la-Mer;;;4.375797;43.510321
13096_0601_08821;8821;;Route d'Arles;13460;13096;Saintes-Maries-de-la-Mer;;;4.400637;43.529462
13096_0650_00007;7;;Rue Sadi Carnot;13460;13096;Saintes-Maries-de-la-Mer;;;4.426049;43.450858
13096_0116_00010;10;;Carriero Dou Pounentau;13460;13096;Saintes-Maries-de-la-Mer;;;4.434915;43.455833
13096_0690_00032;32;;Avenue Théodore Aubanel;13460;13096;Saintes-Maries-de-la-Mer;;;4.423343;43.450047
13096_0650_00004_a;4;a;Rue Sadi Carnot;13460;13096;Saintes-Maries-de-la-Mer;;;4.4261;43.450569
13096_0522_00001;1;;Rue des Paluns;13460;13096;Saintes-Maries-de-la-Mer;;;4.430131;43.454458
13096_0550_00001_bis;1;bis;Rue des Pêcheurs;13460;13096;Saintes-Maries-de-la-Mer;;;4.428064;43.452055
13096_0715_00032;32;;Rue Victor Hugo;13460;13096;Saintes-Maries-de-la-Mer;;;4.427205;43.451455
13096_0205_00005;5;;Rue de l’Etang;13460;13096;Saintes-Maries-de-la-Mer;;;4.425311;43.452857
13096_0095_00009;9;;Rue Camille Pelletan;13460;13096;Saintes-Maries-de-la-Mer;;;4.431828;43.452637
13096_0401_00007;7;;Chemin des Petites Launes;13460;13096;Saintes-Maries-de-la-Mer;;;4.42654;43.454543
13096_0540_00005;5;;Rue Paul Peyron;13460;13096;Saintes-Maries-de-la-Mer;;;4.427539;43.450698
13096_yuj489_00017;17;;Avenue Roland Chassain;13460;13096;Saintes-Maries-de-la-Mer;;;4.431121;43.455764
13096_0375_00001;1;;Rue Joseph Roumanille;13460;13096;Saintes-Maries-de-la-Mer;;;4.427319;43.451867
13096_0400_00019;19;;Rue des Launes;13460;13096;Saintes-Maries-de-la-Mer;;;4.425037;43.451747
13096_0620_00017;17;;Avenue de la République;13460;13096;Saintes-Maries-de-la-Mer;;;4.428905;43.451542
13096_0092_00015;15;;Avenue du Docteur Cambon;13460;13096;Saintes-Maries-de-la-Mer;;;4.433228;43.454612
13096_0315_00003;3;;Place Henry de Montherlant;13460;13096;Saintes-Maries-de-la-Mer;;;4.432361;43.454644
13096_0348_00920;920;;Chemin Bas des Launes;13460;13096;Saintes-Maries-de-la-Mer;;;4.409369;43.471057
13096_0205_00002;2;;Rue de l’Etang;13460;13096;Saintes-Maries-de-la-Mer;;;4.425761;43.452842
13096_0345_00022;22;;Rue Jean Jaurès;13460;13096;Saintes-Maries-de-la-Mer;;;4.425986;43.452613
13096_0221_00158;158;;Chemin de la Fadaise;13460;13096;Saintes-Maries-de-la-Mer;;;4.389629;43.48884
13096_0540_00009;9;;Rue Paul Peyron;13460;13096;Saintes-Maries-de-la-Mer;;;4.427421;43.450736
13096_0037_00010_bis;10;bis;Avenue Riquette Aubanel;13460;13096;Saintes-Maries-de-la-Mer;;;4.418937;43.449807
13096_0265_00018;18;;Avenue Frédéric Mistral;13460;13096;Saintes-Maries-de-la-Mer;;;4.427009;43.452197
13096_0090_06890;6890;;Route de Cacharel;13460;13096;Saintes-Maries-de-la-Mer;;;4.421473;43.510604
13096_0601_01991;1991;;Route d'Arles;13460;13096;Saintes-Maries-de-la-Mer;;;4.41226;43.47018
13096_0065_00005;5;;Rue di Biou;13460;13096;Saintes-Maries-de-la-Mer;;;4.42825;43.45448
13096_7p3r3t_00586;586;;Route du Mas René;13460;13096;Saintes-Maries-de-la-Mer;;;4.362091;43.536888
13096_0355_00017;17;;Rue Jean Roche;13460;13096;Saintes-Maries-de-la-Mer;;;4.430593;43.45178
13096_0650_00026;26;;Rue Sadi Carnot;13460;13096;Saintes-Maries-de-la-Mer;;;4.42635;43.452039
13096_0715_00017;17;;Rue Victor Hugo;13460;13096;Saintes-Maries-de-la-Mer;;;4.42791;43.451143
13096_2y5i2q_00280;280;;Route de Pin Fourcat;13460;13096;Saintes-Maries-de-la-Mer;;;4.382864;43.487063
13096_0495_00002;2;;Place Mireille;13460;13096;Saintes-Maries-de-la-Mer;;;4.428084;43.452444
13096_0705_00020;20;;Avenue Van Gogh;13460;13096;Saintes-Maries-de-la-Mer;;;4.427463;43.450415
13096_0443_00023;23;;Rue Marcel Carrière;13460;13096;Saintes-Maries-de-la-Mer;;;4.434997;43.455648
13096_0230_00002;2;;Place Farfantello;13460;13096;Saintes-Maries-de-la-Mer;;;4.43234;43.45442
13096_0435_00010;10;;Chemin des Macreuses;13460;13096;Saintes-Maries-de-la-Mer;;;4.422199;43.450162
13096_0061_00193;193;;Chemin Bas de Dromard;13460;13096;Saintes-Maries-de-la-Mer;;;4.409119;43.472144
13096_0065_00001;1;;Rue di Biou;13460;13096;Saintes-Maries-de-la-Mer;;;4.428326;43.454343
13096_0420_00020;20;;Rue Léon Gambetta;13460;13096;Saintes-Maries-de-la-Mer;;;4.430781;43.450866
13096_0430_00019;19;;Rue Louis Pasteur;13460;13096;Saintes-Maries-de-la-Mer;;;4.431351;43.452183
13096_0095_00027_bis;27;bis;Rue Camille Pelletan;13460;13096;Saintes-Maries-de-la-Mer;;;4.432735;43.452205
13096_0345_00027;27;;Rue Jean Jaurès;13460;13096;Saintes-Maries-de-la-Mer;;;4.426184;43.453024
13096_0503_03283;3283;;Route d'Aigues Mortes;13460;13096;Saintes-Maries-de-la-Mer;;;4.395045;43.47028
13096_0610_00006;6;;Place des Remparts;13460;13096;Saintes-Maries-de-la-Mer;;;4.42751;43.45243
13096_0235_00010;10;;Rue des Félibres;13460;13096;Saintes-Maries-de-la-Mer;;;4.428939;43.454153
13096_0435_00030_bis;30;bis;Chemin des Macreuses;13460;13096;Saintes-Maries-de-la-Mer;;;4.424801;43.451843
13096_0260_00002;2;;Rue François Medina;13460;13096;Saintes-Maries-de-la-Mer;;;4.432714;43.455666
13096_fs4mge_00024_bis;24;bis;Avenue Jacques Chirac;13460;13096;Saintes-Maries-de-la-Mer;;;4.427673;43.454399
13096_0265_00008;8;;Avenue Frédéric Mistral;13460;13096;Saintes-Maries-de-la-Mer;;;4.42671;43.451505
13096_fs4mge_00005;5;;Avenue Jacques Chirac;13460;13096;Saintes-Maries-de-la-Mer;;;4.427676;43.453873
13096_0020_00012;12;;Rue Alphonse Daudet;13460;13096;Saintes-Maries-de-la-Mer;;;4.42569;43.451001
13096_b8li8g_00007_bis;7;bis;Rue des Batayoles / Carriero Di Bataiolo;13460;13096;Saintes-Maries-de-la-Mer;;;4.428265;43.457548
13096_0116_00003;3;;Carriero Dou Pounentau;13460;13096;Saintes-Maries-de-la-Mer;;;4.434887;43.455928
13096_0090_05817;5817;;Route de Cacharel;13460;13096;Saintes-Maries-de-la-Mer;;;4.426164;43.501696
13096_0503_02029;2029;;Route d'Aigues Mortes;13460;13096;Saintes-Maries-de-la-Mer;;;4.397084;43.459133
13096_0285_00029;29;;Avenue Gilbert Leroy;13460;13096;Saintes-Maries-de-la-Mer;;;4.433446;43.452269
13096_0430_00006;6;;Rue Louis Pasteur;13460;13096;Saintes-Maries-de-la-Mer;;;4.42959;43.452255
13096_0265_00035;35;;Avenue Frédéric Mistral;13460;13096;Saintes-Maries-de-la-Mer;;;4.426908;43.452303
13096_w7chdq_00649;649;;Chemin du Clos du Rhône;13460;13096;Saintes-Maries-de-la-Mer;;;4.401739;43.449968
13096_0221_00388;388;;Chemin de la Fadaise;13460;13096;Saintes-Maries-de-la-Mer;;;4.391453;43.487354
13096_0503_03014;3014;;Route d'Aigues Mortes;13460;13096;Saintes-Maries-de-la-Mer;;;4.39525;43.46788
13096_0345_00033;33;;Rue Jean Jaurès;13460;13096;Saintes-Maries-de-la-Mer;;;4.426502;43.453285
13096_scrkfd_00349;349;;Chemin du Mas d'Icard;13460;13096;Saintes-Maries-de-la-Mer;;;4.37823;43.498854
13096_0440_00007;7;;Rue des Manades;13460;13096;Saintes-Maries-de-la-Mer;;;4.433567;43.455791
13096_vak3dh_00641;641;;Route du Château d'Avignon;13460;13096;Saintes-Maries-de-la-Mer;;;4.401164;43.549284
13096_0601_00477;477;;Route d'Arles;13460;13096;Saintes-Maries-de-la-Mer;;;4.423418;43.459211
13096_0690_00003;3;;Avenue Théodore Aubanel;13460;13096;Saintes-Maries-de-la-Mer;;;4.42578;43.450201
13096_0555_00006;6;;Rue des Pénitents Blancs;13460;13096;Saintes-Maries-de-la-Mer;;;4.428328;43.451172
13096_0517_00020;20;;Rue Noune Judlin;13460;13096;Saintes-Maries-de-la-Mer;;;4.430321;43.456757
13096_0375_00015;15;;Rue Joseph Roumanille;13460;13096;Saintes-Maries-de-la-Mer;;;4.427889;43.452529
13096_0355_00006_bis;6;bis;Rue Jean Roche;13460;13096;Saintes-Maries-de-la-Mer;;;4.430843;43.451649
13096_0257_00019;19;;Chemin du Mas de la Fouque;13460;13096;Saintes-Maries-de-la-Mer;;;4.396221;43.467169
13096_0550_00014;14;;Rue des Pêcheurs;13460;13096;Saintes-Maries-de-la-Mer;;;4.427808;43.452138
13096_0260_00020;20;;Rue François Medina;13460;13096;Saintes-Maries-de-la-Mer;;;4.433583;43.455259
13096_0601_03404;3404;;Route d'Arles;13460;13096;Saintes-Maries-de-la-Mer;;;4.406235;43.480795
13096_0715_00018;18;;Rue Victor Hugo;13460;13096;Saintes-Maries-de-la-Mer;;;4.427839;43.45122
13096_vak3dh_01469;1469;;Route du Château d'Avignon;13460;13096;Saintes-Maries-de-la-Mer;;;4.413247;43.555752
13096_0061_00954;954;;Chemin Bas de Dromard;13460;13096;Saintes-Maries-de-la-Mer;;;4.400262;43.473154
13096_0180_00004;4;;Rue Espelly;13460;13096;Saintes-Maries-de-la-Mer;;;4.427416;43.451228
13096_0515_00002;2;;Rue Négo Biou;13460;13096;Saintes-Maries-de-la-Mer;;;4.432805;43.454353
13096_fh2vff_00004;4;;Place Dou Mangio Fango;13460;13096;Saintes-Maries-de-la-Mer;;;4.435417;43.456049
13096_0095_00014;14;;Rue Camille Pelletan;13460;13096;Saintes-Maries-de-la-Mer;;;4.430712;43.453039
13096_0601_00481;481;;Route d'Arles;13460;13096;Saintes-Maries-de-la-Mer;;;4.423728;43.459652
13096_0690_00012;12;;Avenue Théodore Aubanel;13460;13096;Saintes-Maries-de-la-Mer;;;4.424913;43.450235
13096_0320_00006;6;;Place Honoré Pioch;13460;13096;Saintes-Maries-de-la-Mer;;;4.428186;43.452072
13096_0265_00029_ter;29;ter;Avenue Frédéric Mistral;13460;13096;Saintes-Maries-de-la-Mer;;;4.426767;43.45207
13096_0165_00005;5;;Place de l’Echelle;13460;13096;Saintes-Maries-de-la-Mer;;;4.427085;43.451528
13096_orh3k0_00006;6;;Rue Hermann Paul;13460;13096;Saintes-Maries-de-la-Mer;;;4.430076;43.45138
13096_0550_00003;3;;Rue des Pêcheurs;13460;13096;Saintes-Maries-de-la-Mer;;;4.428;43.452045
13096_0355_00007;7;;Rue Jean Roche;13460;13096;Saintes-Maries-de-la-Mer;;;4.42964;43.451885
13096_0443_00007_e;7;e;Rue Marcel Carrière;13460;13096;Saintes-Maries-de-la-Mer;;;4.434323;43.455359
13096_0472_00016;16;;Avenue des Massoucles;13460;13096;Saintes-Maries-de-la-Mer;;;4.42982;43.4557
13096_scrkfd_00538;538;;Chemin du Mas d'Icard;13460;13096;Saintes-Maries-de-la-Mer;;;4.378031;43.500069
13096_0350_00002_bis;2;bis;Place Jean Moulin;13460;13096;Saintes-Maries-de-la-Mer;;;4.428758;43.455478
13096_0250_00007;7;;Rue de la Ferrade;13460;13096;Saintes-Maries-de-la-Mer;;;4.431489;43.454045
13096_0095_00030;30;;Rue Camille Pelletan;13460;13096;Saintes-Maries-de-la-Mer;;;4.431995;43.45243
13096_0443_00031;31;;Rue Marcel Carrière;13460;13096;Saintes-Maries-de-la-Mer;;;4.435191;43.455729
13096_4wgzey_00002;2;;Ruelle du Sud-Ouest / Carriero Dou Labe;13460;13096;Saintes-Maries-de-la-Mer;;;4.435144;43.455931
13096_0420_00008_bis;8;bis;Rue Léon Gambetta;13460;13096;Saintes-Maries-de-la-Mer;;;4.429792;43.45083
13096_0175_00007;7;;Rue Emile Ripert;13460;13096;Saintes-Maries-de-la-Mer;;;4.428572;43.453335
13096_0090_05959;5959;;Route de Cacharel;13460;13096;Saintes-Maries-de-la-Mer;;;4.426335;43.503233
13096_0345_00009;9;;Rue Jean Jaurès;13460;13096;Saintes-Maries-de-la-Mer;;;4.425558;43.451367
13096_zdmic7_00001;1;;Contre-Allée Camille Pelletan;13460;13096;Saintes-Maries-de-la-Mer;;;4.430685;43.4533
13096_0075_00008;8;;Rue de la Bourgino;13460;13096;Saintes-Maries-de-la-Mer;;;4.43208;43.454235
13096_0257_00734;734;;Chemin du Mas de la Fouque;13460;13096;Saintes-Maries-de-la-Mer;;;4.404017;43.467058
13096_0650_00018;18;;Rue Sadi Carnot;13460;13096;Saintes-Maries-de-la-Mer;;;4.426273;43.451559
13096_0443_00003;3;;Rue Marcel Carrière;13460;13096;Saintes-Maries-de-la-Mer;;;4.433716;43.455102
13096_0335_00007_ter;7;ter;Rue Jarjaie;13460;13096;Saintes-Maries-de-la-Mer;;;4.427362;43.453094
13096_0380_00004;4;;Place Jousé d’Arbaud;13460;13096;Saintes-Maries-de-la-Mer;;;4.427171;43.451802
13096_3z63d0_00182;182;;Chemin du Grand Frigoules;13460;13096;Saintes-Maries-de-la-Mer;;;4.413818;43.515493
13096_0555_00003;3;;Rue des Pénitents Blancs;13460;13096;Saintes-Maries-de-la-Mer;;;4.428292;43.4512
13096_0601_01685;1685;;Route d'Arles;13460;13096;Saintes-Maries-de-la-Mer;;;4.414869;43.467869
13096_0395_00004;4;;Place Lamartine;13460;13096;Saintes-Maries-de-la-Mer;;;4.427548;43.451453
13096_0690_00016;16;;Avenue Théodore Aubanel;13460;13096;Saintes-Maries-de-la-Mer;;;4.424544;43.450199
13096_0265_00022;22;;Avenue Frédéric Mistral;13460;13096;Saintes-Maries-de-la-Mer;;;4.427154;43.452346
13096_0705_00018;18;;Avenue Van Gogh;13460;13096;Saintes-Maries-de-la-Mer;;;4.427508;43.450414
13096_0601_03402;3402;;Route d'Arles;13460;13096;Saintes-Maries-de-la-Mer;;;4.406125;43.480483
13096_0090_04072;4072;;Route de Cacharel;13460;13096;Saintes-Maries-de-la-Mer;;;4.441806;43.490769
13096_0260_00012;12;;Rue François Medina;13460;13096;Saintes-Maries-de-la-Mer;;;4.4331;43.455221
13096_0705_00010;10;;Avenue Van Gogh;13460;13096;Saintes-Maries-de-la-Mer;;;4.428356;43.450491
13096_yuj489_00012;12;;Avenue Roland Chassain;13460;13096;Saintes-Maries-de-la-Mer;;;4.430736;43.454505
13096_b8li8g_00001;1;;Rue des Batayoles / Carriero Di Bataiolo;13460;13096;Saintes-Maries-de-la-Mer;;;4.429592;43.457236
13096_fn8prz_01272;1272;;Petite Route du Bac;13460;13096;Saintes-Maries-de-la-Mer;;;4.389776;43.484086
13096_y0sskn_01431;1431;;Route Départementale 38B;13460;13096;Saintes-Maries-de-la-Mer;;;4.38344;43.522589
13096_0036_00012_bis;12;bis;Rue des Artisans;13460;13096;Saintes-Maries-de-la-Mer;;;4.42833;43.457947
13096_0601_03194;3194;;Route d'Arles;13460;13096;Saintes-Maries-de-la-Mer;;;4.405883;43.479985
13096_0420_00008;8;;Rue Léon Gambetta;13460;13096;Saintes-Maries-de-la-Mer;;;4.429725;43.450844
13096_yuj489_00011;11;;Avenue Roland Chassain;13460;13096;Saintes-Maries-de-la-Mer;;;4.430703;43.45514
13096_0235_00006;6;;Rue des Félibres;13460;13096;Saintes-Maries-de-la-Mer;;;4.428834;43.454127
13096_0265_00002;2;;Avenue Frédéric Mistral;13460;13096;Saintes-Maries-de-la-Mer;;;4.426609;43.451057
13096_0715_00032_bis;32;bis;Rue Victor Hugo;13460;13096;Saintes-Maries-de-la-Mer;;;4.427158;43.451471
13096_y0sskn_00230;230;;Route Départementale 38B;13460;13096;Saintes-Maries-de-la-Mer;;;4.397095;43.519049
13096_0245_00004;4;;Rue du Félibrige;13460;13096;Saintes-Maries-de-la-Mer;;;4.429354;43.454927
13096_fs4mge_00018_bis;18;bis;Avenue Jacques Chirac;13460;13096;Saintes-Maries-de-la-Mer;;;4.427847;43.453905
13096_0540_00015;15;;Rue Paul Peyron;13460;13096;Saintes-Maries-de-la-Mer;;;4.427278;43.450795
13096_yuj489_00008;8;;Avenue Roland Chassain;13460;13096;Saintes-Maries-de-la-Mer;;;4.430683;43.454287
13096_0345_00028;28;;Rue Jean Jaurès;13460;13096;Saintes-Maries-de-la-Mer;;;4.42725;43.453779
13096_fs4mge_00004;4;;Avenue Jacques Chirac;13460;13096;Saintes-Maries-de-la-Mer;;;4.428237;43.452752
13096_0345_00015;15;;Rue Jean Jaurès;13460;13096;Saintes-Maries-de-la-Mer;;;4.425605;43.451636
13096_0305_00003;3;;Rue du Grenier à Sel;13460;13096;Saintes-Maries-de-la-Mer;;;4.427852;43.450918
13096_0235_00004;4;;Rue des Félibres;13460;13096;Saintes-Maries-de-la-Mer;;;4.428715;43.454077
13096_0601_00260;260;;Route d'Arles;13460;13096;Saintes-Maries-de-la-Mer;;;4.426006;43.45848
13096_fs4mge_00028;28;;Avenue Jacques Chirac;13460;13096;Saintes-Maries-de-la-Mer;;;4.427652;43.454863
13096_0037_00005;5;;Avenue Riquette Aubanel;13460;13096;Saintes-Maries-de-la-Mer;;;4.419951;43.449708
13096_0445_00002;2;;Rue Marcel Cerdan;13460;13096;Saintes-Maries-de-la-Mer;;;4.428819;43.451513
13096_0450_00001;1;;Rue Marcel Pagnol;13460;13096;Saintes-Maries-de-la-Mer;;;4.432127;43.455579
13096_vak3dh_04571;4571;;Route du Château d'Avignon;13460;13096;Saintes-Maries-de-la-Mer;;;4.431432;43.57702
13096_b123_00016;16;;Petite Route d'Icard;13460;13096;Saintes-Maries-de-la-Mer;;;4.400606;43.50374
13096_i1u69o_00011;11;;Carriero Dou Miejournau;13460;13096;Saintes-Maries-de-la-Mer;;;4.43456;43.455774
13096_0715_00008;8;;Rue Victor Hugo;13460;13096;Saintes-Maries-de-la-Mer;;;4.428332;43.451021
13096_b123_01077;1077;;Petite Route d'Icard;13460;13096;Saintes-Maries-de-la-Mer;;;4.390474;43.499397
13096_0037_00014;14;;Avenue Riquette Aubanel;13460;13096;Saintes-Maries-de-la-Mer;;;4.417476;43.449949
13096_0355_00027;27;;Rue Jean Roche;13460;13096;Saintes-Maries-de-la-Mer;;;4.431384;43.451692
13096_f6emwu_00399;399;;Chemin de Barrachine;13460;13096;Saintes-Maries-de-la-Mer;;;4.429781;43.462099
13096_fn8prz_00113;113;;Petite Route du Bac;13460;13096;Saintes-Maries-de-la-Mer;;;4.40391;43.479296
13096_sj5k2q_02266;2266;;Draille du Mas de la Cure;13460;13096;Saintes-Maries-de-la-Mer;;;4.432056;43.540453
13096_0635_00002;2;;Rue Roger Delagnes;13460;13096;Saintes-Maries-de-la-Mer;;;4.431788;43.453125
13096_0226_00029;29;;Rue Fanfonne Guillerme;13460;13096;Saintes-Maries-de-la-Mer;;;4.43095;43.457059
13096_0105_00010;10;;Rue Capitaine Fouque;13460;13096;Saintes-Maries-de-la-Mer;;;4.428146;43.450753
13096_0365_00002;2;;Rue Joanin Audibert;13460;13096;Saintes-Maries-de-la-Mer;;;4.429157;43.452379
13096_0601_01525;1525;;Route d'Arles;13460;13096;Saintes-Maries-de-la-Mer;;;4.416404;43.467094
13096_0116_00016;16;;Carriero Dou Pounentau;13460;13096;Saintes-Maries-de-la-Mer;;;4.434935;43.455896
13096_0578_00004;4;;Place Dou Grégau;13460;13096;Saintes-Maries-de-la-Mer;;;4.43361;43.456286
13096_0705_00007;7;;Avenue Van Gogh;13460;13096;Saintes-Maries-de-la-Mer;;;4.427552;43.450218
13096_0430_00009;9;;Rue Louis Pasteur;13460;13096;Saintes-Maries-de-la-Mer;;;4.430213;43.45228
13096_0601_01989;1989;;Route d'Arles;13460;13096;Saintes-Maries-de-la-Mer;;;4.412906;43.469811
13096_0620_00004;4;;Avenue de la République;13460;13096;Saintes-Maries-de-la-Mer;;;4.429251;43.450794
13096_0100_00801;801;;Draille des Capelans;13460;13096;Saintes-Maries-de-la-Mer;;;4.389039;43.514732
13096_0305_00002;2;;Rue du Grenier à Sel;13460;13096;Saintes-Maries-de-la-Mer;;;4.427895;43.45105
13096_0095_00018;18;;Rue Camille Pelletan;13460;13096;Saintes-Maries-de-la-Mer;;;4.431483;43.452671
13096_0582_00245;245;;Chemin du Pont Blanc;13460;13096;Saintes-Maries-de-la-Mer;;;4.424079;43.457501
13096_swq4oq_00502;502;;Chemin de la Marchande;13460;13096;Saintes-Maries-de-la-Mer;;;4.400739;43.468368
13096_e7cais_00099;99;;Chemin du Petit Rhône;13460;13096;Saintes-Maries-de-la-Mer;;;4.368644;43.529605
13096_0260_00003;3;;Rue François Medina;13460;13096;Saintes-Maries-de-la-Mer;;;4.432844;43.455654
13096_0690_00020;20;;Avenue Théodore Aubanel;13460;13096;Saintes-Maries-de-la-Mer;;;4.42428;43.450172
13096_0450_00004;4;;Rue Marcel Pagnol;13460;13096;Saintes-Maries-de-la-Mer;;;4.432316;43.45556
13096_0086_00284;284;;Chemin des Cabanes de Cambon;13460;13096;Saintes-Maries-de-la-Mer;;;4.374847;43.519182
13096_0185_00004;4;;Place Esprit Pioch;13460;13096;Saintes-Maries-de-la-Mer;;;4.427185;43.452075
13096_0443_00009;9;;Rue Marcel Carrière;13460;13096;Saintes-Maries-de-la-Mer;;;4.434459;43.455425
13096_0443_00027;27;;Rue Marcel Carrière;13460;13096;Saintes-Maries-de-la-Mer;;;4.435098;43.455686
13096_0348_00474;474;;Chemin Bas des Launes;13460;13096;Saintes-Maries-de-la-Mer;;;4.412662;43.468021
13096_0625_00005;5;;Place de la Révolution;13460;13096;Saintes-Maries-de-la-Mer;;;4.427579;43.450999
13096_iiqj77_00502;502;;Draille du Mas les Pellegrins;13460;13096;Saintes-Maries-de-la-Mer;;;4.40129;43.486619
13096_0335_00011_ter;11;ter;Rue Jarjaie;13460;13096;Saintes-Maries-de-la-Mer;;;4.427406;43.453044
13096_0257_00021;21;;Chemin du Mas de la Fouque;13460;13096;Saintes-Maries-de-la-Mer;;;4.396708;43.467203
13096_0375_00013;13;;Rue Joseph Roumanille;13460;13096;Saintes-Maries-de-la-Mer;;;4.427837;43.452463
13096_0086_00310;310;;Chemin des Cabanes de Cambon;13460;13096;Saintes-Maries-de-la-Mer;;;4.374974;43.519407
13096_0715_00039;39;;Rue Victor Hugo;13460;13096;Saintes-Maries-de-la-Mer;;;4.427116;43.451439
13096_0503_04622;4622;;Route d'Aigues Mortes;13460;13096;Saintes-Maries-de-la-Mer;;;4.389176;43.481409
13096_0445_00001;1;;Rue Marcel Cerdan;13460;13096;Saintes-Maries-de-la-Mer;;;4.428769;43.451493
13096_0400_00012;12;;Rue des Launes;13460;13096;Saintes-Maries-de-la-Mer;;;4.425101;43.45148
13096_0601_08524;8524;;Route d'Arles;13460;13096;Saintes-Maries-de-la-Mer;;;4.401389;43.526067
13096_0430_00007;7;;Rue Louis Pasteur;13460;13096;Saintes-Maries-de-la-Mer;;;4.430089;43.452289
13096_0420_00016;16;;Rue Léon Gambetta;13460;13096;Saintes-Maries-de-la-Mer;;;4.430341;43.450849
13096_0517_00002;2;;Rue Noune Judlin;13460;13096;Saintes-Maries-de-la-Mer;;;4.429537;43.456898
13096_0435_00014;14;;Chemin des Macreuses;13460;13096;Saintes-Maries-de-la-Mer;;;4.422534;43.450137
13096_0375_00010;10;;Rue Joseph Roumanille;13460;13096;Saintes-Maries-de-la-Mer;;;4.427917;43.452433
13096_0400_00004;4;;Rue des Launes;13460;13096;Saintes-Maries-de-la-Mer;;;4.424941;43.450595
13096_0285_00023;23;;Avenue Gilbert Leroy;13460;13096;Saintes-Maries-de-la-Mer;;;4.433024;43.452086
13096_0715_00011;11;;Rue Victor Hugo;13460;13096;Saintes-Maries-de-la-Mer;;;4.428252;43.45102
13096_orh3k0_00016_bis;16;bis;Rue Hermann Paul;13460;13096;Saintes-Maries-de-la-Mer;;;4.430991;43.452666
13096_0250_00004;4;;Rue de la Ferrade;13460;13096;Saintes-Maries-de-la-Mer;;;4.431716;43.454261
13096_0517_00007;7;;Rue Noune Judlin;13460;13096;Saintes-Maries-de-la-Mer;;;4.429952;43.456937
13096_0715_00035;35;;Rue Victor Hugo;13460;13096;Saintes-Maries-de-la-Mer;;;4.42719;43.451415
13096_0715_00038;38;;Rue Victor Hugo;13460;13096;Saintes-Maries-de-la-Mer;;;4.426763;43.451596
13096_0175_00005;5;;Rue Emile Ripert;13460;13096;Saintes-Maries-de-la-Mer;;;4.42846;43.453295
13096_0450_00008;8;;Rue Marcel Pagnol;13460;13096;Saintes-Maries-de-la-Mer;;;4.433139;43.455922
13096_0495_00012;12;;Place Mireille;13460;13096;Saintes-Maries-de-la-Mer;;;4.428785;43.452416
13096_0665_00005;5;;Impasse de la Sauvagine;13460;13096;Saintes-Maries-de-la-Mer;;;4.430066;43.454101
13096_0601_01234;1234;;Route d'Arles;13460;13096;Saintes-Maries-de-la-Mer;;;4.41913;43.465392
13096_0311_00281;281;;Chemin Haut des Launes;13460;13096;Saintes-Maries-de-la-Mer;;;4.405368;43.471734
13096_0690_00034;34;;Avenue Théodore Aubanel;13460;13096;Saintes-Maries-de-la-Mer;;;4.423236;43.450028
13096_0650_00006;6;;Rue Sadi Carnot;13460;13096;Saintes-Maries-de-la-Mer;;;4.426132;43.450753
13096_0230_00006;6;;Place Farfantello;13460;13096;Saintes-Maries-de-la-Mer;;;4.432185;43.45428
13096_f1a4i7_00378;378;;Chemin de la Valette;13460;13096;Saintes-Maries-de-la-Mer;;;4.397927;43.479379
13096_0061_00453;453;;Chemin Bas de Dromard;13460;13096;Saintes-Maries-de-la-Mer;;;4.406016;43.471898
13096_0250_00009;9;;Rue de la Ferrade;13460;13096;Saintes-Maries-de-la-Mer;;;4.431391;43.454182
13096_q11xov_01924;1924;;Route de Balarin (RD38C);13460;13096;Saintes-Maries-de-la-Mer;;;4.381154;43.551513
13096_0710_00006;6;;Rue du Vibre;13460;13096;Saintes-Maries-de-la-Mer;;;4.428756;43.455137
13096_0090_08414;8414;;Route de Cacharel;13460;13096;Saintes-Maries-de-la-Mer;;;4.409585;43.52347
13096_0715_00028;28;;Rue Victor Hugo;13460;13096;Saintes-Maries-de-la-Mer;;;4.427352;43.451396
13096_0250_00005;5;;Rue de la Ferrade;13460;13096;Saintes-Maries-de-la-Mer;;;4.4315;43.45402
13096_0400_00008_ter;8;ter;Rue des Launes;13460;13096;Saintes-Maries-de-la-Mer;;;4.425;43.45091
13096_yuj489_00014;14;;Avenue Roland Chassain;13460;13096;Saintes-Maries-de-la-Mer;;;4.430836;43.454853
13096_0605_00004_bis;4;bis;Rue des Razeteurs;13460;13096;Saintes-Maries-de-la-Mer;;;4.428677;43.452667
13096_0095_00007;7;;Rue Camille Pelletan;13460;13096;Saintes-Maries-de-la-Mer;;;4.43168;43.452699
13096_0472_00004;4;;Avenue des Massoucles;13460;13096;Saintes-Maries-de-la-Mer;;;4.430065;43.455625
13096_0435_00022_bis;22;bis;Chemin des Macreuses;13460;13096;Saintes-Maries-de-la-Mer;;;4.423496;43.450614
13096_0285_00003;3;;Avenue Gilbert Leroy;13460;13096;Saintes-Maries-de-la-Mer;;;4.431106;43.451136
13096_w7chdq_00945;945;;Chemin du Clos du Rhône;13460;13096;Saintes-Maries-de-la-Mer;;;4.398369;43.45092
13096_0180_00003;3;;Rue Espelly;13460;13096;Saintes-Maries-de-la-Mer;;;4.427147;43.450779
13096_0136_00003;3;;Place du Château d'Eau;13460;13096;Saintes-Maries-de-la-Mer;;;4.427224;43.452796
13096_0116_00014;14;;Carriero Dou Pounentau;13460;13096;Saintes-Maries-de-la-Mer;;;4.434924;43.455872
13096_0028_00005;5;;Androuno Di Piluro;13460;13096;Saintes-Maries-de-la-Mer;;;4.429082;43.457512
13096_fh2vff_00007;7;;Place Dou Mangio Fango;13460;13096;Saintes-Maries-de-la-Mer;;;4.435196;43.456054
13096_0070_00014;14;;Rue Biòu Prouvènço;13460;13096;Saintes-Maries-de-la-Mer;;;4.430255;43.452648
13096_0086_00172;172;;Chemin des Cabanes de Cambon;13460;13096;Saintes-Maries-de-la-Mer;;;4.374319;43.518225
13096_0309_00011;11;;Rue Henri Ourliac;13460;13096;Saintes-Maries-de-la-Mer;;;4.429748;43.456498
13096_0092_00018;18;;Avenue du Docteur Cambon;13460;13096;Saintes-Maries-de-la-Mer;;;4.432859;43.454648
13096_0036_00012;12;;Rue des Artisans;13460;13096;Saintes-Maries-de-la-Mer;;;4.428328;43.457915
13096_0305_00009;9;;Rue du Grenier à Sel;13460;13096;Saintes-Maries-de-la-Mer;;;4.427799;43.450832
13096_0226_00021;21;;Rue Fanfonne Guillerme;13460;13096;Saintes-Maries-de-la-Mer;;;4.43074;43.45717
13096_0620_00006;6;;Avenue de la République;13460;13096;Saintes-Maries-de-la-Mer;;;4.42935;43.451065
13096_0250_00011_bis;11;bis;Rue de la Ferrade;13460;13096;Saintes-Maries-de-la-Mer;;;4.431381;43.454363
13096_4tmyoh_00004;4;;Traverse Henri Ourliac;13460;13096;Saintes-Maries-de-la-Mer;;;4.43021;43.456602
13096_0620_00027;27;;Avenue de la République;13460;13096;Saintes-Maries-de-la-Mer;;;4.42887;43.451709
13096_0325_00000;0;;Place du Huit Mai;13460;13096;Saintes-Maries-de-la-Mer;;;4.433377;43.455663
13096_r99tmk_00001;1;;Carriero Di Courrejou;13460;13096;Saintes-Maries-de-la-Mer;;;4.429699;43.454945
13096_0309_00013;13;;Rue Henri Ourliac;13460;13096;Saintes-Maries-de-la-Mer;;;4.429809;43.456475
13096_0601_00639;639;;Route d'Arles;13460;13096;Saintes-Maries-de-la-Mer;;;4.42232;43.460639
13096_0090_06649;6649;;Route de Cacharel;13460;13096;Saintes-Maries-de-la-Mer;;;4.423209;43.508811
13096_0240_00005;5;;Rue Félibre Laforêt;13460;13096;Saintes-Maries-de-la-Mer;;;4.428167;43.455292
13096_0180_00016;16;;Rue Espelly;13460;13096;Saintes-Maries-de-la-Mer;;;4.427031;43.450816
13096_0582_00559;559;;Chemin du Pont Blanc;13460;13096;Saintes-Maries-de-la-Mer;;;4.421085;43.45626
13096_2y5i2q_04096;4096;;Route de Pin Fourcat;13460;13096;Saintes-Maries-de-la-Mer;;;4.35622;43.511984
13096_381a9g_00003;3;;Avenue Maurice Challe;13460;13096;Saintes-Maries-de-la-Mer;;;4.429391;43.450585
13096_0715_00015_bis;15;bis;Rue Victor Hugo;13460;13096;Saintes-Maries-de-la-Mer;;;4.428039;43.451109
13096_0245_00010;10;;Rue du Félibrige;13460;13096;Saintes-Maries-de-la-Mer;;;4.429262;43.455065
13096_0601_00759;759;;Route d'Arles;13460;13096;Saintes-Maries-de-la-Mer;;;4.420869;43.460837
13096_0355_00002;2;;Rue Jean Roche;13460;13096;Saintes-Maries-de-la-Mer;;;4.430485;43.451678
13096_0090_05687;5687;;Route de Cacharel;13460;13096;Saintes-Maries-de-la-Mer;;;4.427301;43.499595
13096_0061_01298;1298;;Chemin Bas de Dromard;13460;13096;Saintes-Maries-de-la-Mer;;;4.396913;43.471828
13096_0450_00007;7;;Rue Marcel Pagnol;13460;13096;Saintes-Maries-de-la-Mer;;;4.432478;43.455724
13096_orh3k0_00016;16;;Rue Hermann Paul;13460;13096;Saintes-Maries-de-la-Mer;;;4.430954;43.452623
13096_0092_00004;4;;Avenue du Docteur Cambon;13460;13096;Saintes-Maries-de-la-Mer;;;4.432511;43.455077
13096_0260_00006;6;;Rue François Medina;13460;13096;Saintes-Maries-de-la-Mer;;;4.432825;43.455541
13096_0415_00004;4;;Rue Léon Blum;13460;13096;Saintes-Maries-de-la-Mer;;;4.423972;43.450533
13096_0036_00009;9;;Rue des Artisans;13460;13096;Saintes-Maries-de-la-Mer;;;4.427619;43.458284
13096_0555_00030;30;;Rue des Pénitents Blancs;13460;13096;Saintes-Maries-de-la-Mer;;;4.428505;43.451768
13096_vak3dh_03523;3523;;Route du Château d'Avignon;13460;13096;Saintes-Maries-de-la-Mer;;;4.418642;43.577954
13096_0620_00019;19;;Avenue de la République;13460;13096;Saintes-Maries-de-la-Mer;;;4.428884;43.451606
13096_0715_00027;27;;Rue Victor Hugo;13460;13096;Saintes-Maries-de-la-Mer;;;4.42741;43.451343
13096_2y5i2q_00510;510;;Route de Pin Fourcat;13460;13096;Saintes-Maries-de-la-Mer;;;4.379909;43.487376
13096_0615_00006;6;;Place René Masson;13460;13096;Saintes-Maries-de-la-Mer;;;4.429454;43.454777
13096_0720_00005;5;;Place du Vovo;13460;13096;Saintes-Maries-de-la-Mer;;;4.428098;43.455174
13096_w7chdq_00463;463;;Chemin du Clos du Rhône;13460;13096;Saintes-Maries-de-la-Mer;;;4.404094;43.44991
13096_vak3dh_03521;3521;;Route du Château d'Avignon;13460;13096;Saintes-Maries-de-la-Mer;;;4.417772;43.578013
13096_0690_00010;10;;Avenue Théodore Aubanel;13460;13096;Saintes-Maries-de-la-Mer;;;4.425287;43.450283
13096_0601_00865;865;;Route d'Arles;13460;13096;Saintes-Maries-de-la-Mer;;;4.42013;43.461872
13096_2y5i2q_04054;4054;;Route de Pin Fourcat;13460;13096;Saintes-Maries-de-la-Mer;;;4.356564;43.511709
13096_0430_00015;15;;Rue Louis Pasteur;13460;13096;Saintes-Maries-de-la-Mer;;;4.431135;43.452207
13096_0715_00019;19;;Rue Victor Hugo;13460;13096;Saintes-Maries-de-la-Mer;;;4.427852;43.451156
13096_0620_00027_bis;27;bis;Avenue de la République;13460;13096;Saintes-Maries-de-la-Mer;;;4.428864;43.451748
13096_0495_00010;10;;Place Mireille;13460;13096;Saintes-Maries-de-la-Mer;;;4.42859;43.452462
13096_0355_00004;4;;Rue Jean Roche;13460;13096;Saintes-Maries-de-la-Mer;;;4.430569;43.451681
13096_0650_00016;16;;Rue Sadi Carnot;13460;13096;Saintes-Maries-de-la-Mer;;;4.426248;43.451416
13096_0503_09465;9465;;Route d'Aigues Mortes;13460;13096;Saintes-Maries-de-la-Mer;;;4.373381;43.520221
13096_0530_00009;9;;Rue Paul Arène;13460;13096;Saintes-Maries-de-la-Mer;;;4.428507;43.453742
13096_0080_00006;6;;Place de la Brise;13460;13096;Saintes-Maries-de-la-Mer;;;4.433474;43.452601
13096_0095_00020;20;;Rue Camille Pelletan;13460;13096;Saintes-Maries-de-la-Mer;;;4.431521;43.452645
13096_0300_00301;301;;Draille de Grazier;13460;13096;Saintes-Maries-de-la-Mer;;;4.377774;43.517305
13096_0355_00025;25;;Rue Jean Roche;13460;13096;Saintes-Maries-de-la-Mer;;;4.431295;43.451699
13096_0070_00002;2;;Rue Biòu Prouvènço;13460;13096;Saintes-Maries-de-la-Mer;;;4.429564;43.452901
13096_0320_00002;2;;Place Honoré Pioch;13460;13096;Saintes-Maries-de-la-Mer;;;4.428707;43.451896
13096_0582_00071;71;;Chemin du Pont Blanc;13460;13096;Saintes-Maries-de-la-Mer;;;4.425905;43.456765
13096_0020_00018;18;;Rue Alphonse Daudet;13460;13096;Saintes-Maries-de-la-Mer;;;4.424736;43.451103
13096_381a9g_00019;19;;Avenue Maurice Challe;13460;13096;Saintes-Maries-de-la-Mer;;;4.430623;43.450586
13096_yuj489_00002;2;;Avenue Roland Chassain;13460;13096;Saintes-Maries-de-la-Mer;;;4.430304;43.453735
13096_0555_00005;5;;Rue des Pénitents Blancs;13460;13096;Saintes-Maries-de-la-Mer;;;4.428295;43.451252
13096_0260_00008;8;;Rue François Medina;13460;13096;Saintes-Maries-de-la-Mer;;;4.432847;43.455515
13096_0490_00002;2;;Impasse des Mirages;13460;13096;Saintes-Maries-de-la-Mer;;;4.428176;43.454089
13096_0601_00535;535;;Route d'Arles;13460;13096;Saintes-Maries-de-la-Mer;;;4.423257;43.46001
13096_0555_00012;12;;Rue des Pénitents Blancs;13460;13096;Saintes-Maries-de-la-Mer;;;4.428348;43.451307
13096_0690_00036_quater;36;quater;Avenue Théodore Aubanel;13460;13096;Saintes-Maries-de-la-Mer;;;4.422756;43.44989
13096_0095_00006;6;;Rue Camille Pelletan;13460;13096;Saintes-Maries-de-la-Mer;;;4.430206;43.453266
13096_0120_00007;7;;Rue Charles Gounod;13460;13096;Saintes-Maries-de-la-Mer;;;4.427716;43.452623
13096_0226_00006;6;;Rue Fanfonne Guillerme;13460;13096;Saintes-Maries-de-la-Mer;;;4.430128;43.457294
13096_0080_00012;12;;Place de la Brise;13460;13096;Saintes-Maries-de-la-Mer;;;4.433242;43.452553
13096_orh3k0_00010;10;;Rue Hermann Paul;13460;13096;Saintes-Maries-de-la-Mer;;;4.430268;43.451659
13096_0601_00198;198;;Route d'Arles;13460;13096;Saintes-Maries-de-la-Mer;;;4.426589;43.458049
13096_0430_00031_bis;31;bis;Rue Louis Pasteur;13460;13096;Saintes-Maries-de-la-Mer;;;4.432268;43.452095
13096_0601_02459;2459;;Route d'Arles;13460;13096;Saintes-Maries-de-la-Mer;;;4.409993;43.474105
13096_0375_00006;6;;Rue Joseph Roumanille;13460;13096;Saintes-Maries-de-la-Mer;;;4.42784;43.452339
13096_0495_00004;4;;Place Mireille;13460;13096;Saintes-Maries-de-la-Mer;;;4.428134;43.452527
13096_0400_00016;16;;Rue des Launes;13460;13096;Saintes-Maries-de-la-Mer;;;4.425164;43.451858
13096_orh3k0_00018;18;;Rue Hermann Paul;13460;13096;Saintes-Maries-de-la-Mer;;;4.431091;43.452783
13096_0265_00026;26;;Avenue Frédéric Mistral;13460;13096;Saintes-Maries-de-la-Mer;;;4.427446;43.452587
13096_0665_00006;6;;Impasse de la Sauvagine;13460;13096;Saintes-Maries-de-la-Mer;;;4.429889;43.454021
13096_0443_00033;33;;Rue Marcel Carrière;13460;13096;Saintes-Maries-de-la-Mer;;;4.43526;43.455756
13096_0345_00035;35;;Rue Jean Jaurès;13460;13096;Saintes-Maries-de-la-Mer;;;4.426658;43.453425
13096_0665_00004;4;;Impasse de la Sauvagine;13460;13096;Saintes-Maries-de-la-Mer;;;4.429901;43.453863
13096_0600_00004;4;;Rue des Quatre Maries;13460;13096;Saintes-Maries-de-la-Mer;;;4.429153;43.455209
13096_3z63d0_00184;184;;Chemin du Grand Frigoules;13460;13096;Saintes-Maries-de-la-Mer;;;4.413622;43.515475
13096_0135_00001;1;;Rue du Château d’Eau;13460;13096;Saintes-Maries-de-la-Mer;;;4.427113;43.45264
13096_0690_00026;26;;Avenue Théodore Aubanel;13460;13096;Saintes-Maries-de-la-Mer;;;4.42372;43.450112
13096_0265_00036;36;;Avenue Frédéric Mistral;13460;13096;Saintes-Maries-de-la-Mer;;;4.427787;43.452884
13096_0517_00022;22;;Rue Noune Judlin;13460;13096;Saintes-Maries-de-la-Mer;;;4.430412;43.456743
13096_0260_00011;11;;Rue François Medina;13460;13096;Saintes-Maries-de-la-Mer;;;4.433055;43.455422
13096_0175_00021;21;;Rue Emile Ripert;13460;13096;Saintes-Maries-de-la-Mer;;;4.429212;43.453617
13096_0195_00001;1;;Rue de l’Estrambord;13460;13096;Saintes-Maries-de-la-Mer;;;4.42867;43.454692
13096_0550_00006;6;;Rue des Pêcheurs;13460;13096;Saintes-Maries-de-la-Mer;;;4.427993;43.452095
13096_b123_00736;736;;Petite Route d'Icard;13460;13096;Saintes-Maries-de-la-Mer;;;4.392888;43.5017
13096_0027_00005;5;;Place de l’Antifo;13460;13096;Saintes-Maries-de-la-Mer;;;4.434048;43.455523
13096_0086_00154;154;;Chemin des Cabanes de Cambon;13460;13096;Saintes-Maries-de-la-Mer;;;4.374382;43.518027
13096_0715_00047_bis;47;bis;Rue Victor Hugo;13460;13096;Saintes-Maries-de-la-Mer;;;4.426845;43.451536
13096_y0sskn_01804;1804;;Route Départementale 38B;13460;13096;Saintes-Maries-de-la-Mer;;;4.379343;43.524815
13096_0430_00016;16;;Rue Louis Pasteur;13460;13096;Saintes-Maries-de-la-Mer;;;4.430441;43.452184
13096_0265_00037;37;;Avenue Frédéric Mistral;13460;13096;Saintes-Maries-de-la-Mer;;;4.426961;43.452358
13096_0620_00001;1;;Avenue de la République;13460;13096;Saintes-Maries-de-la-Mer;;;4.42882;43.450944
13096_0601_00617;617;;Route d'Arles;13460;13096;Saintes-Maries-de-la-Mer;;;4.422518;43.46023
