id;numero;rep;nom_voie;code_postal;code_insee;nom_commune;nom_ancienne_commune;nom_ld;lon;lat
91216_2070_00002_bis;2;bis;Chemin des Tourelles;91360;91216;Épinay-sur-Orge;;;2.332917;48.668661
91216_1450_00036;36;;Rue du Pavillon;91360;91216;Épinay-sur-Orge;;;2.319407;48.67421
91216_0830_00074;74;;Grande Rue;91360;91216;Épinay-sur-Orge;;;2.32309;48.675684
91216_1240_00016;16;;Rue des Meuniers;91360;91216;Épinay-sur-Orge;;;2.329322;48.669599
91216_1882_00007;7;;Sentier des Ruelles;91360;91216;Épinay-sur-Orge;;;2.314597;48.667236
91216_1500_00062;62;;Rue de Petit Vaux;91360;91216;Épinay-sur-Orge;;;2.332898;48.675466
91216_2010_00050;50;;Rue des Templiers;91360;91216;Épinay-sur-Orge;;;2.31243;48.678037
91216_1330_00064;64;;Rue Nicolas Vaudin;91360;91216;Épinay-sur-Orge;;;2.324389;48.678215
91216_1380_00003;3;;Rue de l'Orge;91360;91216;Épinay-sur-Orge;;;2.332252;48.668018
91216_0790_00003;3;;Rue de la Gare;91360;91216;Épinay-sur-Orge;;;2.328605;48.672254
91216_1180_00038;38;;Rue du Mauregard;91360;91216;Épinay-sur-Orge;;;2.320561;48.68072
91216_1520_00030;30;;Rue Pierre Brossolette;91360;91216;Épinay-sur-Orge;;;2.328932;48.67088
91216_2126_00003;3;;Allée du Vieux Puits;91360;91216;Épinay-sur-Orge;;;2.324388;48.676285
91216_1150_00022;22;;Rue Madeleine Pelletier;91360;91216;Épinay-sur-Orge;;;2.31512;48.670866
91216_0470_00056;56;;Rue de la Division Leclerc;91360;91216;Épinay-sur-Orge;;;2.31443;48.671511
91216_1280_00010;10;;Rue de la Montagne;91360;91216;Épinay-sur-Orge;;;2.314781;48.665851
91216_0280_00002;2;;Rue de Charaintru;91360;91216;Épinay-sur-Orge;;;2.329257;48.682217
91216_1500_00093_d;93;d;Rue de Petit Vaux;91360;91216;Épinay-sur-Orge;;;2.332732;48.67566
91216_1430_00010;10;;Rue Pasteur;91360;91216;Épinay-sur-Orge;;;2.332017;48.668509
91216_1410_00020;20;;Rue du Parc;91360;91216;Épinay-sur-Orge;;;2.319431;48.67541
91216_1720_00023_bis;23;bis;Rue de la Republique;91360;91216;Épinay-sur-Orge;;;2.331076;48.673359
91216_1180_00060;60;;Rue du Mauregard;91360;91216;Épinay-sur-Orge;;;2.31985;48.681153
91216_1640_00023;23;;Allee des Primeveres;91360;91216;Épinay-sur-Orge;;;2.319278;48.680798
91216_0470_00062;62;;Rue de la Division Leclerc;91360;91216;Épinay-sur-Orge;;;2.314148;48.671468
91216_0384_00009;9;;Rue du Clos Belle;91360;91216;Épinay-sur-Orge;;;2.326783;48.678265
91216_0100_00011;11;;Rue d'Athis;91360;91216;Épinay-sur-Orge;;;2.324422;48.677077
91216_1935_00013;13;;Allée du Saut du Loup;91360;91216;Épinay-sur-Orge;;;2.314111;48.671994
91216_1500_00105;105;;Rue de Petit Vaux;91360;91216;Épinay-sur-Orge;;;2.333628;48.675977
91216_1210_00026;26;;Rue Maurice Sarrault;91360;91216;Épinay-sur-Orge;;;2.316743;48.676795
91216_1602_00001;1;;Rue du Pont Rubeau;91360;91216;Épinay-sur-Orge;;;2.327564;48.676371
91216_1380_00031;31;;Rue de l'Orge;91360;91216;Épinay-sur-Orge;;;2.329973;48.668486
91216_0580_00029;29;;Rue de l'Eglise;91360;91216;Épinay-sur-Orge;;;2.324495;48.670639
91216_pdutsb_00020;20;;Rue des Blancs Manteaux;91360;91216;Épinay-sur-Orge;;;2.312103;48.674588
91216_1760_00037;37;;Allee des Roses;91360;91216;Épinay-sur-Orge;;;2.322434;48.680067
91216_7jsf1l_00005;5;;Rue Gisèle Halimi;91360;91216;Épinay-sur-Orge;;;2.313431;48.66978
91216_1330_00023;23;;Rue Nicolas Vaudin;91360;91216;Épinay-sur-Orge;;;2.322453;48.678149
91216_0710_00004;4;;Rue de la Fontaine Bridel;91360;91216;Épinay-sur-Orge;;;2.323451;48.671799
91216_0580_00020;20;;Rue de l'Eglise;91360;91216;Épinay-sur-Orge;;;2.32404;48.670245
91216_0830_00059;59;;Grande Rue;91360;91216;Épinay-sur-Orge;;;2.320329;48.677142
91216_1500_00043;43;;Rue de Petit Vaux;91360;91216;Épinay-sur-Orge;;;2.32905;48.674324
91216_1640_00012_bis;12;bis;Allee des Primeveres;91360;91216;Épinay-sur-Orge;;;2.319851;48.68027
91216_0419_00005;5;;Impasse du Court Riage;91360;91216;Épinay-sur-Orge;;;2.3289;48.675995
91216_2100_00009;9;;Rue de la Vallée;91360;91216;Épinay-sur-Orge;;;2.325596;48.670133
91216_0620_00018;18;;Rue d’Estienne d’Orves;91360;91216;Épinay-sur-Orge;;;2.317382;48.676631
91216_2100_00014_bis;14;bis;Rue de la Vallée;91360;91216;Épinay-sur-Orge;;;2.326519;48.670265
91216_0441_00015;15;;Rue de la Croix Taron;91360;91216;Épinay-sur-Orge;;;2.33119;48.676107
91216_1240_00064;64;;Rue des Meuniers;91360;91216;Épinay-sur-Orge;;;2.324438;48.670997
91216_0430_00021;21;;Rue du Coteau;91360;91216;Épinay-sur-Orge;;;2.315992;48.677406
91216_0850_00020;20;;Rue de Grand Vaux;91360;91216;Épinay-sur-Orge;;;2.332888;48.67113
91216_0470_00032_bis;32;bis;Rue de la Division Leclerc;91360;91216;Épinay-sur-Orge;;;2.320392;48.672872
91216_0710_00007;7;;Rue de la Fontaine Bridel;91360;91216;Épinay-sur-Orge;;;2.322782;48.671324
91216_1150_00013;13;;Rue Madeleine Pelletier;91360;91216;Épinay-sur-Orge;;;2.313354;48.670992
91216_1240_00023;23;;Rue des Meuniers;91360;91216;Épinay-sur-Orge;;;2.326816;48.670255
91216_1930_00030;30;;Rue des Sablons;91360;91216;Épinay-sur-Orge;;;2.319104;48.671581
91216_2030_00032;32;;Rue de la Terrasse;91360;91216;Épinay-sur-Orge;;;2.323444;48.674727
91216_1330_00024;24;;Rue Nicolas Vaudin;91360;91216;Épinay-sur-Orge;;;2.32256;48.678026
91216_0830_00134;134;;Grande Rue;91360;91216;Épinay-sur-Orge;;;2.318597;48.67829
91216_1330_00032;32;;Rue Nicolas Vaudin;91360;91216;Épinay-sur-Orge;;;2.323046;48.677775
91216_0180_00037;37;;Rue des Bas Follets;91360;91216;Épinay-sur-Orge;;;2.316879;48.680023
91216_1830_00030;30;;Rue des Roulles;91360;91216;Épinay-sur-Orge;;;2.320719;48.670931
91216_1330_00078;78;;Rue Nicolas Vaudin;91360;91216;Épinay-sur-Orge;;;2.323868;48.678524
91216_0830_00016_bis;16;bis;Grande Rue;91360;91216;Épinay-sur-Orge;;;2.327104;48.673356
91216_2125_00030;30;;Rue du Vieux Moulin;91360;91216;Épinay-sur-Orge;;;2.333351;48.676753
91216_1540_00011;11;;Rue du Plateau;91360;91216;Épinay-sur-Orge;;;2.318623;48.677264
91216_2210_00001;1;;Place du 24 Aout;91360;91216;Épinay-sur-Orge;;;2.315806;48.665347
91216_1800_00008;8;;Rue du Rouillon;91360;91216;Épinay-sur-Orge;;;2.314387;48.678816
91216_2010_00025;25;;Rue des Templiers;91360;91216;Épinay-sur-Orge;;;2.315587;48.675184
91216_0580_00001_bis;1;bis;Rue de l'Eglise;91360;91216;Épinay-sur-Orge;;;2.324037;48.674101
91216_0850_00037_a;37;a;Rue de Grand Vaux;91360;91216;Épinay-sur-Orge;;;2.333501;48.67295
91216_1500_00095;95;;Rue de Petit Vaux;91360;91216;Épinay-sur-Orge;;;2.332956;48.675598
91216_0830_00005_ter;5;ter;Grande Rue;91360;91216;Épinay-sur-Orge;;;2.326826;48.673418
91216_0920_00100;100;;Rue Henri Dunant;91360;91216;Épinay-sur-Orge;;;2.322252;48.681239
91216_1240_00002;2;;Rue des Meuniers;91360;91216;Épinay-sur-Orge;;;2.330805;48.669577
91216_0890_00032;32;;Rue Guynemer;91360;91216;Épinay-sur-Orge;;;2.318557;48.680651
91216_1561_00002;2;;Impasse de la Pointe Galoppin;91360;91216;Épinay-sur-Orge;;;2.325141;48.676129
91216_1602_00015;15;;Rue du Pont Rubeau;91360;91216;Épinay-sur-Orge;;;2.326788;48.677634
91216_0320_00007;7;;Rue du Chemin Vert;91360;91216;Épinay-sur-Orge;;;2.332813;48.672314
91216_1300_00008;8;;Allée des Morelles;91360;91216;Épinay-sur-Orge;;;2.323104;48.677108
91216_0470_00060;60;;Rue de la Division Leclerc;91360;91216;Épinay-sur-Orge;;;2.314296;48.671475
91216_0440_00002;2;;Rue de la Croix Ronde;91360;91216;Épinay-sur-Orge;;;2.315256;48.674207
91216_2130_00020;20;;Rue des Vignes;91360;91216;Épinay-sur-Orge;;;2.319609;48.671852
91216_2010_00093;93;;Rue des Templiers;91360;91216;Épinay-sur-Orge;;;2.313427;48.676993
91216_1210_00043;43;;Rue Maurice Sarrault;91360;91216;Épinay-sur-Orge;;;2.31587;48.675608
91216_0441_00006;6;;Rue de la Croix Taron;91360;91216;Épinay-sur-Orge;;;2.329873;48.676049
91216_0710_00011;11;;Rue de la Fontaine Bridel;91360;91216;Épinay-sur-Orge;;;2.322596;48.671313
91216_1240_00044;44;;Rue des Meuniers;91360;91216;Épinay-sur-Orge;;;2.326149;48.670513
91216_1360_00014;14;;Rue d’Oradour sur Glane;91360;91216;Épinay-sur-Orge;;;2.315448;48.678502
91216_1560_00002;2;;Rue de la Pointe;91360;91216;Épinay-sur-Orge;;;2.312859;48.678493
91216_1280_00013;13;;Rue de la Montagne;91360;91216;Épinay-sur-Orge;;;2.314991;48.665479
91216_1450_00006;6;;Rue du Pavillon;91360;91216;Épinay-sur-Orge;;;2.320449;48.673344
91216_1330_00096;96;;Rue Nicolas Vaudin;91360;91216;Épinay-sur-Orge;;;2.322653;48.679274
91216_1240_00003_bis;3;bis;Rue des Meuniers;91360;91216;Épinay-sur-Orge;;;2.329283;48.669545
91216_1960_00004;4;;Voie des Sources;91360;91216;Épinay-sur-Orge;;;2.318947;48.669266
91216_0903_00039;39;;Rue des Hauts Graviers;91360;91216;Épinay-sur-Orge;;;2.329411;48.674965
91216_1891_00039;39;;Rue du Bois de Balizy;91360;91216;Épinay-sur-Orge;;;2.310672;48.674262
91216_2046_00019_bis;19;bis;Avenue des Tilleuls;91360;91216;Épinay-sur-Orge;;;2.32778;48.668691
91216_1882_00005_bis;5;bis;Sentier des Ruelles;91360;91216;Épinay-sur-Orge;;;2.314473;48.667111
91216_0600_00017;17;;Rue de l'Esplanade;91360;91216;Épinay-sur-Orge;;;2.327801;48.67163
91216_0850_00045;45;;Rue de Grand Vaux;91360;91216;Épinay-sur-Orge;;;2.334178;48.67385
91216_1330_00065;65;;Rue Nicolas Vaudin;91360;91216;Épinay-sur-Orge;;;2.323524;48.678651
91216_0470_00025;25;;Rue de la Division Leclerc;91360;91216;Épinay-sur-Orge;;;2.320337;48.672796
91216_1891_00036;36;;Rue du Bois de Balizy;91360;91216;Épinay-sur-Orge;;;2.312541;48.674916
91216_0903_00034;34;;Rue des Hauts Graviers;91360;91216;Épinay-sur-Orge;;;2.328677;48.67537
91216_2125_00015;15;;Rue du Vieux Moulin;91360;91216;Épinay-sur-Orge;;;2.334584;48.676898
91216_0903_00024;24;;Rue des Hauts Graviers;91360;91216;Épinay-sur-Orge;;;2.32765;48.675998
91216_1410_00023;23;;Rue du Parc;91360;91216;Épinay-sur-Orge;;;2.319383;48.675293
91216_1500_00071;71;;Rue de Petit Vaux;91360;91216;Épinay-sur-Orge;;;2.331457;48.675206
91216_0350_00036;36;;Rue de la Chevauchée;91360;91216;Épinay-sur-Orge;;;2.313037;48.678866
91216_1720_00015_bis;15;bis;Rue de la Republique;91360;91216;Épinay-sur-Orge;;;2.33076;48.672843
91216_1330_00051;51;;Rue Nicolas Vaudin;91360;91216;Épinay-sur-Orge;;;2.32388;48.677989
91216_0441_00018;18;;Rue de la Croix Taron;91360;91216;Épinay-sur-Orge;;;2.3314;48.676061
91216_0280_00014;14;;Rue de Charaintru;91360;91216;Épinay-sur-Orge;;;2.33491;48.678389
91216_1360_00041;41;;Rue d’Oradour sur Glane;91360;91216;Épinay-sur-Orge;;;2.314391;48.677081
91216_1540_00026;26;;Rue du Plateau;91360;91216;Épinay-sur-Orge;;;2.318097;48.676767
91216_2046_00024;24;;Avenue des Tilleuls;91360;91216;Épinay-sur-Orge;;;2.327622;48.668577
91216_0830_00003_bis;3;bis;Grande Rue;91360;91216;Épinay-sur-Orge;;;2.327053;48.673275
91216_1930_00012;12;;Rue des Sablons;91360;91216;Épinay-sur-Orge;;;2.320638;48.6721
91216_1500_00041;41;;Rue de Petit Vaux;91360;91216;Épinay-sur-Orge;;;2.328978;48.674309
91216_0830_00013;13;;Grande Rue;91360;91216;Épinay-sur-Orge;;;2.326151;48.673648
91216_1720_00017;17;;Rue de la Republique;91360;91216;Épinay-sur-Orge;;;2.330888;48.673056
91216_0824_00006;6;;Rue Girouise;91360;91216;Épinay-sur-Orge;;;2.329918;48.675514
91216_1410_00015;15;;Rue du Parc;91360;91216;Épinay-sur-Orge;;;2.320483;48.6757
91216_1910_00056;56;;Chemin des Sablons;91360;91216;Épinay-sur-Orge;;;2.315731;48.670567
91216_1360_00030;30;;Rue d’Oradour sur Glane;91360;91216;Épinay-sur-Orge;;;2.314932;48.677889
91216_1180_00049;49;;Rue du Mauregard;91360;91216;Épinay-sur-Orge;;;2.320732;48.680516
91216_0830_00034;34;;Grande Rue;91360;91216;Épinay-sur-Orge;;;2.325977;48.674006
91216_0441_00001;1;;Rue de la Croix Taron;91360;91216;Épinay-sur-Orge;;;2.329392;48.67587
91216_2100_00014;14;;Rue de la Vallée;91360;91216;Épinay-sur-Orge;;;2.326419;48.670241
91216_1640_00019;19;;Allee des Primeveres;91360;91216;Épinay-sur-Orge;;;2.319405;48.680712
91216_2130_00004;4;;Rue des Vignes;91360;91216;Épinay-sur-Orge;;;2.320021;48.670913
91216_0960_00012;12;;Rue des Heribettes;91360;91216;Épinay-sur-Orge;;;2.330414;48.671051
91216_2010_00011;11;;Rue des Templiers;91360;91216;Épinay-sur-Orge;;;2.316008;48.674853
91216_2130_00014;14;;Rue des Vignes;91360;91216;Épinay-sur-Orge;;;2.31993;48.671414
91216_0920_00010;10;;Rue Henri Dunant;91360;91216;Épinay-sur-Orge;;;2.325629;48.679027
91216_1935_00008;8;;Allée du Saut du Loup;91360;91216;Épinay-sur-Orge;;;2.314443;48.671833
91216_1280_00016_b;16;b;Rue de la Montagne;91360;91216;Épinay-sur-Orge;;;2.314606;48.666405
91216_0460_00002;2;;Place Désiré Renault;91360;91216;Épinay-sur-Orge;;;2.323857;48.674343
91216_0441_00005;5;;Rue de la Croix Taron;91360;91216;Épinay-sur-Orge;;;2.329759;48.676071
91216_0824_00008;8;;Rue Girouise;91360;91216;Épinay-sur-Orge;;;2.330084;48.675402
91216_0920_00012;12;;Rue Henri Dunant;91360;91216;Épinay-sur-Orge;;;2.325449;48.679112
91216_1240_00022_bis;22;bis;Rue des Meuniers;91360;91216;Épinay-sur-Orge;;;2.328681;48.669791
91216_1910_00049;49;;Chemin des Sablons;91360;91216;Épinay-sur-Orge;;;2.316745;48.670883
91216_0920_00092;92;;Rue Henri Dunant;91360;91216;Épinay-sur-Orge;;;2.322475;48.681102
91216_0430_00048;48;;Rue du Coteau;91360;91216;Épinay-sur-Orge;;;2.315113;48.67654
91216_2046_00012;12;;Avenue des Tilleuls;91360;91216;Épinay-sur-Orge;;;2.32884;48.6693
91216_1280_00060;60;;Rue de la Montagne;91360;91216;Épinay-sur-Orge;;;2.311701;48.668644
91216_1892_00026;26;;Rue du Coq à l'Huy;91360;91216;Épinay-sur-Orge;;;2.312942;48.675349
91216_7jsf1l_00009;9;;Rue Gisèle Halimi;91360;91216;Épinay-sur-Orge;;;2.313258;48.670008
91216_1285_00005;5;;Rue de Montlhery;91360;91216;Épinay-sur-Orge;;;2.305957;48.66463
91216_1755_00024;24;;Rue Rosa Parks;91360;91216;Épinay-sur-Orge;;;2.312191;48.67202
91216_0280_00010;10;;Rue de Charaintru;91360;91216;Épinay-sur-Orge;;;2.331324;48.680353
91216_2125_00004;4;;Rue du Vieux Moulin;91360;91216;Épinay-sur-Orge;;;2.334217;48.676591
91216_0830_00039_a;39;a;Grande Rue;91360;91216;Épinay-sur-Orge;;;2.32369;48.675116
91216_1280_00058;58;;Rue de la Montagne;91360;91216;Épinay-sur-Orge;;;2.312002;48.668424
91216_1257_00001;1;;Rue des Monseaux;91360;91216;Épinay-sur-Orge;;;2.328459;48.672848
91216_0903_00005;5;;Rue des Hauts Graviers;91360;91216;Épinay-sur-Orge;;;2.325519;48.675551
91216_0430_00031;31;;Rue du Coteau;91360;91216;Épinay-sur-Orge;;;2.31564;48.676983
91216_1830_00015;15;;Rue des Roulles;91360;91216;Épinay-sur-Orge;;;2.321513;48.671257
91216_1330_00037;37;;Rue Nicolas Vaudin;91360;91216;Épinay-sur-Orge;;;2.323049;48.677862
91216_1740_00010;10;;Rue de Rivoli;91360;91216;Épinay-sur-Orge;;;2.315214;48.664783
91216_1280_00027;27;;Rue de la Montagne;91360;91216;Épinay-sur-Orge;;;2.314349;48.666023
91216_0180_00044;44;;Rue des Bas Follets;91360;91216;Épinay-sur-Orge;;;2.317718;48.679676
91216_1830_00035;35;;Rue des Roulles;91360;91216;Épinay-sur-Orge;;;2.320269;48.670588
91216_2010_00087;87;;Rue des Templiers;91360;91216;Épinay-sur-Orge;;;2.313579;48.676852
91216_1540_00005;5;;Rue du Plateau;91360;91216;Épinay-sur-Orge;;;2.318803;48.677464
91216_1830_00032;32;;Rue des Roulles;91360;91216;Épinay-sur-Orge;;;2.320603;48.670873
91216_2100_00018;18;;Rue de la Vallée;91360;91216;Épinay-sur-Orge;;;2.327382;48.670485
91216_0890_00019;19;;Rue Guynemer;91360;91216;Épinay-sur-Orge;;;2.319277;48.680024
91216_pdutsb_00024;24;;Rue des Blancs Manteaux;91360;91216;Épinay-sur-Orge;;;2.312111;48.674921
91216_1600_00004;4;;Chemin du Pont Rubeau;91360;91216;Épinay-sur-Orge;;;2.333744;48.676538
91216_1891_00018;18;;Rue du Bois de Balizy;91360;91216;Épinay-sur-Orge;;;2.312673;48.674121
91216_1950_00033;33;;Rue de Sillery;91360;91216;Épinay-sur-Orge;;;2.325998;48.678174
91216_0470_00035;35;;Rue de la Division Leclerc;91360;91216;Épinay-sur-Orge;;;2.319649;48.672635
91216_2130_00019;19;;Rue des Vignes;91360;91216;Épinay-sur-Orge;;;2.319897;48.671258
91216_0320_00021_bis;21;bis;Rue du Chemin Vert;91360;91216;Épinay-sur-Orge;;;2.333182;48.67305
91216_1520_00015;15;;Rue Pierre Brossolette;91360;91216;Épinay-sur-Orge;;;2.326503;48.671368
91216_0230_00048;48;;Rue du Breuil;91360;91216;Épinay-sur-Orge;;;2.317684;48.667903
91216_0830_00140_bis;140;bis;Grande Rue;91360;91216;Épinay-sur-Orge;;;2.318038;48.678583
91216_1380_00010;10;;Rue de l'Orge;91360;91216;Épinay-sur-Orge;;;2.331259;48.66811
91216_0850_00057;57;;Rue de Grand Vaux;91360;91216;Épinay-sur-Orge;;;2.335425;48.675406
91216_1830_00029;29;;Rue des Roulles;91360;91216;Épinay-sur-Orge;;;2.320555;48.670742
91216_1410_00047;47;;Rue du Parc;91360;91216;Épinay-sur-Orge;;;2.3166;48.674359
91216_0410_00001;1;;Rue de Corbeil;91360;91216;Épinay-sur-Orge;;;2.328824;48.672532
91216_1280_00016;16;;Rue de la Montagne;91360;91216;Épinay-sur-Orge;;;2.314642;48.666322
91216_0890_00030;30;;Rue Guynemer;91360;91216;Épinay-sur-Orge;;;2.318679;48.680568
91216_1891_00082;82;;Rue du Bois de Balizy;91360;91216;Épinay-sur-Orge;;;2.311102;48.67393
91216_0470_00023;23;;Rue de la Division Leclerc;91360;91216;Épinay-sur-Orge;;;2.320458;48.67283
91216_1300_00003;3;;Allée des Morelles;91360;91216;Épinay-sur-Orge;;;2.323231;48.676964
91216_1490_00002;2;;Rue du Petit Parc;91360;91216;Épinay-sur-Orge;;;2.323889;48.673188
91216_1300_00004;4;;Allée des Morelles;91360;91216;Épinay-sur-Orge;;;2.323436;48.676924
91216_0620_00007;7;;Rue d’Estienne d’Orves;91360;91216;Épinay-sur-Orge;;;2.318015;48.675431
91216_0230_00062;62;;Rue du Breuil;91360;91216;Épinay-sur-Orge;;;2.317286;48.667525
91216_0180_00033;33;;Rue des Bas Follets;91360;91216;Épinay-sur-Orge;;;2.316128;48.680134
91216_0100_00004;4;;Rue d'Athis;91360;91216;Épinay-sur-Orge;;;2.323119;48.676615
91216_1150_00019;19;;Rue Madeleine Pelletier;91360;91216;Épinay-sur-Orge;;;2.312986;48.671465
91216_0850_00023_a;23;a;Rue de Grand Vaux;91360;91216;Épinay-sur-Orge;;;2.332663;48.670895
91216_0790_00016;16;;Rue de la Gare;91360;91216;Épinay-sur-Orge;;;2.329044;48.671666
91216_0350_00007;7;;Rue de la Chevauchée;91360;91216;Épinay-sur-Orge;;;2.314005;48.679109
91216_0318_00001;1;;Clos du Chemin Vert;91360;91216;Épinay-sur-Orge;;;2.333936;48.674901
91216_1255_00001;1;;Rue Moliere;91360;91216;Épinay-sur-Orge;;;2.323512;48.678978
91216_1103_00008;8;;Impasse des Laurentes;91360;91216;Épinay-sur-Orge;;;2.31659;48.668439
91216_1240_00021;21;;Rue des Meuniers;91360;91216;Épinay-sur-Orge;;;2.326926;48.670222
91216_0830_00007;7;;Grande Rue;91360;91216;Épinay-sur-Orge;;;2.326607;48.673541
91216_2210_00002;2;;Place du 24 Aout;91360;91216;Épinay-sur-Orge;;;2.315613;48.665055
91216_1500_00008;8;;Rue de Petit Vaux;91360;91216;Épinay-sur-Orge;;;2.327304;48.673872
91216_0920_00108;108;;Rue Henri Dunant;91360;91216;Épinay-sur-Orge;;;2.322004;48.681393
91216_0960_00015;15;;Rue des Heribettes;91360;91216;Épinay-sur-Orge;;;2.330402;48.670876
91216_2125_00010;10;;Rue du Vieux Moulin;91360;91216;Épinay-sur-Orge;;;2.334269;48.676916
91216_1800_00024;24;;Rue du Rouillon;91360;91216;Épinay-sur-Orge;;;2.313824;48.678124
91216_1180_00057;57;;Rue du Mauregard;91360;91216;Épinay-sur-Orge;;;2.320496;48.680678
91216_1330_00059;59;;Rue Nicolas Vaudin;91360;91216;Épinay-sur-Orge;;;2.323914;48.678413
91216_0890_00058;58;;Rue Guynemer;91360;91216;Épinay-sur-Orge;;;2.321013;48.681239
91216_1330_00061;61;;Rue Nicolas Vaudin;91360;91216;Épinay-sur-Orge;;;2.323845;48.678458
91216_0600_00029;29;;Rue de l'Esplanade;91360;91216;Épinay-sur-Orge;;;2.328648;48.671147
91216_1602_00014;14;;Rue du Pont Rubeau;91360;91216;Épinay-sur-Orge;;;2.327415;48.677376
91216_0920_00048;48;;Rue Henri Dunant;91360;91216;Épinay-sur-Orge;;;2.324113;48.679992
91216_0710_00031_bis;31;bis;Rue de la Fontaine Bridel;91360;91216;Épinay-sur-Orge;;;2.32057;48.670108
91216_1562_00013;13;;Rue de la Pointe Galoppin;91360;91216;Épinay-sur-Orge;;;2.325972;48.676812
91216_2030_00020_bis;20;bis;Rue de la Terrasse;91360;91216;Épinay-sur-Orge;;;2.323136;48.67508
91216_1034_00018;18;;Rue des Houches;91360;91216;Épinay-sur-Orge;;;2.328981;48.676962
91216_1892_00028;28;;Rue du Coq à l'Huy;91360;91216;Épinay-sur-Orge;;;2.312854;48.67543
91216_1540_00052;52;;Rue du Plateau;91360;91216;Épinay-sur-Orge;;;2.316788;48.674731
91216_1830_00009;9;;Rue des Roulles;91360;91216;Épinay-sur-Orge;;;2.321928;48.671482
91216_2125_00049;49;;Rue du Vieux Moulin;91360;91216;Épinay-sur-Orge;;;2.333448;48.677032
91216_1500_00028_bis;28;bis;Rue de Petit Vaux;91360;91216;Épinay-sur-Orge;;;2.329184;48.674294
91216_0230_00014_d;14;d;Rue du Breuil;91360;91216;Épinay-sur-Orge;;;2.321014;48.669777
91216_0890_00005;5;;Rue Guynemer;91360;91216;Épinay-sur-Orge;;;2.3201;48.679484
91216_1330_00087;87;;Rue Nicolas Vaudin;91360;91216;Épinay-sur-Orge;;;2.322684;48.679178
91216_0810_00023;23;;Rue de la Gatinelle;91360;91216;Épinay-sur-Orge;;;2.321032;48.672692
91216_1720_00050;50;;Rue de la Republique;91360;91216;Épinay-sur-Orge;;;2.332188;48.674338
91216_1280_00061;61;;Rue de la Montagne;91360;91216;Épinay-sur-Orge;;;2.312085;48.668245
91216_0410_00031;31;;Rue de Corbeil;91360;91216;Épinay-sur-Orge;;;2.332119;48.670856
91216_0710_00007_bis;7;bis;Rue de la Fontaine Bridel;91360;91216;Épinay-sur-Orge;;;2.322951;48.671355
91216_1800_00010;10;;Rue du Rouillon;91360;91216;Épinay-sur-Orge;;;2.314317;48.67872
91216_0920_00049;49;;Rue Henri Dunant;91360;91216;Épinay-sur-Orge;;;2.323994;48.680007
91216_0850_00027;27;;Rue de Grand Vaux;91360;91216;Épinay-sur-Orge;;;2.332739;48.671443
91216_0252_00016;16;;Rue des Carrieres;91360;91216;Épinay-sur-Orge;;;2.327893;48.674952
91216_1280_00053_a;53;a;Rue de la Montagne;91360;91216;Épinay-sur-Orge;;;2.312762;48.667569
91216_0180_00001;1;;Rue des Bas Follets;91360;91216;Épinay-sur-Orge;;;2.315784;48.680047
91216_0560_00004;4;;Rue des Ecoles;91360;91216;Épinay-sur-Orge;;;2.325963;48.673599
91216_0920_00064;64;;Rue Henri Dunant;91360;91216;Épinay-sur-Orge;;;2.323439;48.680456
91216_2125_00055;55;;Rue du Vieux Moulin;91360;91216;Épinay-sur-Orge;;;2.333269;48.676852
91216_1830_00022;22;;Rue des Roulles;91360;91216;Épinay-sur-Orge;;;2.321212;48.671195
91216_1240_00011_bis;11;bis;Rue des Meuniers;91360;91216;Épinay-sur-Orge;;;2.327925;48.669936
91216_1520_00010;10;;Rue Pierre Brossolette;91360;91216;Épinay-sur-Orge;;;2.325224;48.6715
91216_1280_00016_d;16;d;Rue de la Montagne;91360;91216;Épinay-sur-Orge;;;2.31482;48.666323
91216_1180_00065;65;;Rue du Mauregard;91360;91216;Épinay-sur-Orge;;;2.320222;48.680846
91216_1930_00010;10;;Rue des Sablons;91360;91216;Épinay-sur-Orge;;;2.320751;48.67214
91216_0830_00050;50;;Grande Rue;91360;91216;Épinay-sur-Orge;;;2.324617;48.674821
91216_0830_00016;16;;Grande Rue;91360;91216;Épinay-sur-Orge;;;2.327123;48.673339
91216_0230_00087;87;;Rue du Breuil;91360;91216;Épinay-sur-Orge;;;2.315686;48.665704
91216_1882_00006;6;;Sentier des Ruelles;91360;91216;Épinay-sur-Orge;;;2.314521;48.667021
91216_1935_00042;42;;Allée du Saut du Loup;91360;91216;Épinay-sur-Orge;;;2.313787;48.672402
91216_2130_00024;24;;Rue des Vignes;91360;91216;Épinay-sur-Orge;;;2.319309;48.672047
91216_1450_00022;22;;Rue du Pavillon;91360;91216;Épinay-sur-Orge;;;2.319957;48.673739
91216_0903_00007;7;;Rue des Hauts Graviers;91360;91216;Épinay-sur-Orge;;;2.325624;48.67557
91216_1830_00027;27;;Rue des Roulles;91360;91216;Épinay-sur-Orge;;;2.320677;48.670807
91216_1280_00059;59;;Rue de la Montagne;91360;91216;Épinay-sur-Orge;;;2.312205;48.66812
91216_1830_00034;34;;Rue des Roulles;91360;91216;Épinay-sur-Orge;;;2.320436;48.670774
91216_1891_00026;26;;Rue du Bois de Balizy;91360;91216;Épinay-sur-Orge;;;2.312769;48.674431
91216_1950_00023;23;;Rue de Sillery;91360;91216;Épinay-sur-Orge;;;2.324974;48.677788
91216_1882_00010;10;;Sentier des Ruelles;91360;91216;Épinay-sur-Orge;;;2.31473;48.667283
91216_2126_00001;1;;Allée du Vieux Puits;91360;91216;Épinay-sur-Orge;;;2.324688;48.676408
91216_1380_00025;25;;Rue de l'Orge;91360;91216;Épinay-sur-Orge;;;2.330444;48.668392
91216_2125_00012;12;;Rue du Vieux Moulin;91360;91216;Épinay-sur-Orge;;;2.3342;48.676938
91216_1500_00068_bis;68;bis;Rue de Petit Vaux;91360;91216;Épinay-sur-Orge;;;2.333763;48.67522
91216_1720_00021;21;;Rue de la Republique;91360;91216;Épinay-sur-Orge;;;2.330998;48.673223
91216_0410_00006;6;;Rue de Corbeil;91360;91216;Épinay-sur-Orge;;;2.329152;48.672334
91216_0903_00009;9;;Rue des Hauts Graviers;91360;91216;Épinay-sur-Orge;;;2.325835;48.675628
91216_1103_00001_a;1;a;Impasse des Laurentes;91360;91216;Épinay-sur-Orge;;;2.317047;48.668064
91216_0960_00016;16;;Rue des Heribettes;91360;91216;Épinay-sur-Orge;;;2.330335;48.670912
91216_0790_00032;32;;Rue de la Gare;91360;91216;Épinay-sur-Orge;;;2.330659;48.66994
91216_1410_00038_bis;38;bis;Rue du Parc;91360;91216;Épinay-sur-Orge;;;2.317722;48.674776
91216_1830_00012;12;;Rue des Roulles;91360;91216;Épinay-sur-Orge;;;2.321864;48.67154
91216_1891_00008;8;;Rue du Bois de Balizy;91360;91216;Épinay-sur-Orge;;;2.312944;48.673703
91216_0350_00032;32;;Rue de la Chevauchée;91360;91216;Épinay-sur-Orge;;;2.313281;48.678954
91216_1330_00062;62;;Rue Nicolas Vaudin;91360;91216;Épinay-sur-Orge;;;2.324237;48.678166
91216_0210_00006_bis;6;bis;Rue de Bellevue;91360;91216;Épinay-sur-Orge;;;2.319952;48.676018
91216_1520_00044;44;;Rue Pierre Brossolette;91360;91216;Épinay-sur-Orge;;;2.329782;48.670601
91216_0890_00070;70;;Rue Guynemer;91360;91216;Épinay-sur-Orge;;;2.321401;48.680999
91216_0509_00002;2;;Rue des Dores;91360;91216;Épinay-sur-Orge;;;2.32548;48.675159
91216_0920_00126;126;;Rue Henri Dunant;91360;91216;Épinay-sur-Orge;;;2.32128;48.681786
91216_1575_00001;1;;Allée des Pommiers;91360;91216;Épinay-sur-Orge;;;2.311338;48.67278
91216_1070_00003;3;;Rue Joliot Curie;91360;91216;Épinay-sur-Orge;;;2.320388;48.675113
91216_wxcyjz_00012;12;;Sentier des Heribettes;91360;91216;Épinay-sur-Orge;;;2.331562;48.670348
91216_1180_00048;48;;Rue du Mauregard;91360;91216;Épinay-sur-Orge;;;2.320228;48.680927
91216_1540_00038;38;;Rue du Plateau;91360;91216;Épinay-sur-Orge;;;2.317147;48.67535
91216_1820_00010;10;;Chemin des Roulles;91360;91216;Épinay-sur-Orge;;;2.314116;48.667977
91216_2130_00012;12;;Rue des Vignes;91360;91216;Épinay-sur-Orge;;;2.319956;48.671323
91216_1430_00016;16;;Rue Pasteur;91360;91216;Épinay-sur-Orge;;;2.332284;48.668211
91216_1800_00030;30;;Rue du Rouillon;91360;91216;Épinay-sur-Orge;;;2.313591;48.677838
91216_1720_00011;11;;Rue de la Republique;91360;91216;Épinay-sur-Orge;;;2.330665;48.672684
91216_1450_00040;40;;Rue du Pavillon;91360;91216;Épinay-sur-Orge;;;2.319208;48.674389
91216_1280_00028;28;;Rue de la Montagne;91360;91216;Épinay-sur-Orge;;;2.313444;48.666997
91216_2010_00051;51;;Rue des Templiers;91360;91216;Épinay-sur-Orge;;;2.314447;48.67582
91216_0320_00051;51;;Rue du Chemin Vert;91360;91216;Épinay-sur-Orge;;;2.334357;48.674634
91216_0180_00038;38;;Rue des Bas Follets;91360;91216;Épinay-sur-Orge;;;2.316915;48.679991
91216_2210_00004;4;;Place du 24 Aout;91360;91216;Épinay-sur-Orge;;;2.315283;48.665165
91216_2100_00010;10;;Rue de la Vallée;91360;91216;Épinay-sur-Orge;;;2.325874;48.670096
91216_pdutsb_00008;8;;Rue des Blancs Manteaux;91360;91216;Épinay-sur-Orge;;;2.312466;48.673505
91216_1760_00004;4;;Allee des Roses;91360;91216;Épinay-sur-Orge;;;2.323699;48.679311
91216_1891_00056;56;;Rue du Bois de Balizy;91360;91216;Épinay-sur-Orge;;;2.311235;48.675161
91216_2010_00047;47;;Rue des Templiers;91360;91216;Épinay-sur-Orge;;;2.314569;48.675737
91216_2125_00020;20;;Rue du Vieux Moulin;91360;91216;Épinay-sur-Orge;;;2.333818;48.677069
91216_1632_00008;8;;Voie des Pres;91360;91216;Épinay-sur-Orge;;;2.323156;48.669846
91216_0903_00036;36;;Rue des Hauts Graviers;91360;91216;Épinay-sur-Orge;;;2.328768;48.675299
91216_1625_00002_a;2;a;Impasse de la Prairie;91360;91216;Épinay-sur-Orge;;;2.318197;48.669055
91216_1935_00023;23;;Allée du Saut du Loup;91360;91216;Épinay-sur-Orge;;;2.313849;48.672179
91216_1560_00009;9;;Rue de la Pointe;91360;91216;Épinay-sur-Orge;;;2.312896;48.678406
91216_0255_00006;6;;Rue des Cedres;91360;91216;Épinay-sur-Orge;;;2.319202;48.673247
91216_0252_00004;4;;Rue des Carrieres;91360;91216;Épinay-sur-Orge;;;2.327788;48.675409
91216_1891_00052;52;;Rue du Bois de Balizy;91360;91216;Épinay-sur-Orge;;;2.311441;48.675414
91216_2046_00003;3;;Avenue des Tilleuls;91360;91216;Épinay-sur-Orge;;;2.328943;48.669209
91216_0230_00015;15;;Rue du Breuil;91360;91216;Épinay-sur-Orge;;;2.322153;48.670279
91216_0210_00005;5;;Rue de Bellevue;91360;91216;Épinay-sur-Orge;;;2.31984;48.676025
91216_2010_00113;113;;Rue des Templiers;91360;91216;Épinay-sur-Orge;;;2.312531;48.677768
91216_2010_00033;33;;Rue des Templiers;91360;91216;Épinay-sur-Orge;;;2.315316;48.675382
91216_0920_00085;85;;Rue Henri Dunant;91360;91216;Épinay-sur-Orge;;;2.321789;48.681443
91216_1380_00007;7;;Rue de l'Orge;91360;91216;Épinay-sur-Orge;;;2.331994;48.668018
91216_1500_00121;121;;Rue de Petit Vaux;91360;91216;Épinay-sur-Orge;;;2.335403;48.676471
91216_2100_00026;26;;Rue de la Vallée;91360;91216;Épinay-sur-Orge;;;2.328055;48.670669
91216_0255_00019;19;;Rue des Cedres;91360;91216;Épinay-sur-Orge;;;2.317495;48.673155
91216_0880_00007;7;;Rue Guy Moquet;91360;91216;Épinay-sur-Orge;;;2.326402;48.673275
91216_0903_00002;2;;Rue des Hauts Graviers;91360;91216;Épinay-sur-Orge;;;2.324845;48.675614
91216_1990_00013;13;;Rue de la Station;91360;91216;Épinay-sur-Orge;;;2.334135;48.675538
91216_0230_00018_bis;18;bis;Rue du Breuil;91360;91216;Épinay-sur-Orge;;;2.319898;48.669165
91216_0890_00074;74;;Rue Guynemer;91360;91216;Épinay-sur-Orge;;;2.321527;48.680917
91216_0410_00030;30;;Rue de Corbeil;91360;91216;Épinay-sur-Orge;;;2.331947;48.67089
91216_0350_00003;3;;Rue de la Chevauchée;91360;91216;Épinay-sur-Orge;;;2.314318;48.679221
91216_1150_00008;8;;Rue Madeleine Pelletier;91360;91216;Épinay-sur-Orge;;;2.314602;48.670684
91216_2010_00026;26;;Rue des Templiers;91360;91216;Épinay-sur-Orge;;;2.314376;48.676309
91216_1520_00022;22;;Rue Pierre Brossolette;91360;91216;Épinay-sur-Orge;;;2.327346;48.671147
91216_0180_00004;4;;Rue des Bas Follets;91360;91216;Épinay-sur-Orge;;;2.316113;48.6802
91216_0180_00009;9;;Rue des Bas Follets;91360;91216;Épinay-sur-Orge;;;2.316623;48.680266
91216_1500_00082;82;;Rue de Petit Vaux;91360;91216;Épinay-sur-Orge;;;2.334424;48.676034
91216_0920_00110;110;;Rue Henri Dunant;91360;91216;Épinay-sur-Orge;;;2.321907;48.681453
91216_pdutsb_00011;11;;Rue des Blancs Manteaux;91360;91216;Épinay-sur-Orge;;;2.311981;48.674122
91216_0230_00014_a;14;a;Rue du Breuil;91360;91216;Épinay-sur-Orge;;;2.321673;48.670109
91216_1410_00008_bis;8;bis;Rue du Parc;91360;91216;Épinay-sur-Orge;;;2.320544;48.675829
91216_0830_00055;55;;Grande Rue;91360;91216;Épinay-sur-Orge;;;2.320546;48.677014
91216_0255_00011;11;;Rue des Cedres;91360;91216;Épinay-sur-Orge;;;2.318241;48.673451
91216_0920_00094;94;;Rue Henri Dunant;91360;91216;Épinay-sur-Orge;;;2.32243;48.681124
91216_0940_00023;23;;Rue Henri IV;91360;91216;Épinay-sur-Orge;;;2.324888;48.678722
91216_1430_00009;9;;Rue Pasteur;91360;91216;Épinay-sur-Orge;;;2.331699;48.668958
91216_1520_00008;8;;Rue Pierre Brossolette;91360;91216;Épinay-sur-Orge;;;2.325027;48.671527
91216_1180_00032;32;;Rue du Mauregard;91360;91216;Épinay-sur-Orge;;;2.32074;48.680599
91216_1602_00017;17;;Rue du Pont Rubeau;91360;91216;Épinay-sur-Orge;;;2.326384;48.677587
91216_1891_00037;37;;Rue du Bois de Balizy;91360;91216;Épinay-sur-Orge;;;2.310754;48.674362
91216_1500_00090;90;;Rue de Petit Vaux;91360;91216;Épinay-sur-Orge;;;2.335072;48.676268
91216_1280_00026;26;;Rue de la Montagne;91360;91216;Épinay-sur-Orge;;;2.313511;48.666922
91216_1103_00001_b;1;b;Impasse des Laurentes;91360;91216;Épinay-sur-Orge;;;2.316917;48.668143
91216_1891_00098;98;;Rue du Bois de Balizy;91360;91216;Épinay-sur-Orge;;;2.312182;48.673058
91216_0470_00058;58;;Rue de la Division Leclerc;91360;91216;Épinay-sur-Orge;;;2.31439;48.671496
91216_1388_00010;10;;Allee de l'Orme Quesneau;91360;91216;Épinay-sur-Orge;;;2.318126;48.672773
91216_2125_00043;43;;Rue du Vieux Moulin;91360;91216;Épinay-sur-Orge;;;2.333523;48.677242
91216_1450_00002;2;;Rue du Pavillon;91360;91216;Épinay-sur-Orge;;;2.320672;48.673167
91216_0920_00015;15;;Rue Henri Dunant;91360;91216;Épinay-sur-Orge;;;2.325251;48.679155
91216_1560_00007;7;;Rue de la Pointe;91360;91216;Épinay-sur-Orge;;;2.31299;48.678495
91216_1180_00042;42;;Rue du Mauregard;91360;91216;Épinay-sur-Orge;;;2.320426;48.680802
91216_0820_00005;5;;Cours du General de Gaulle;91360;91216;Épinay-sur-Orge;;;2.326971;48.673046
91216_1720_00016;16;;Rue de la Republique;91360;91216;Épinay-sur-Orge;;;2.330929;48.672869
91216_0830_00002_bis;2;bis;Grande Rue;91360;91216;Épinay-sur-Orge;;;2.328097;48.67284
91216_1330_00044;44;;Rue Nicolas Vaudin;91360;91216;Épinay-sur-Orge;;;2.323456;48.677563
91216_1670_00014;14;;Rue des 4 Vents;91360;91216;Épinay-sur-Orge;;;2.320283;48.676265
91216_1562_00015;15;;Rue de la Pointe Galoppin;91360;91216;Épinay-sur-Orge;;;2.326093;48.676863
91216_1760_00032;32;;Allee des Roses;91360;91216;Épinay-sur-Orge;;;2.32283;48.679859
91216_0830_00018;18;;Grande Rue;91360;91216;Épinay-sur-Orge;;;2.327061;48.673381
91216_0920_00034;34;;Rue Henri Dunant;91360;91216;Épinay-sur-Orge;;;2.324638;48.679647
91216_1330_00021;21;;Rue Nicolas Vaudin;91360;91216;Épinay-sur-Orge;;;2.322435;48.678166
91216_0890_00078;78;;Rue Guynemer;91360;91216;Épinay-sur-Orge;;;2.321648;48.68084
91216_1760_00046;46;;Allee des Roses;91360;91216;Épinay-sur-Orge;;;2.322196;48.680253
91216_1150_00040;40;;Rue Madeleine Pelletier;91360;91216;Épinay-sur-Orge;;;2.313338;48.671621
91216_1640_00012;12;;Allee des Primeveres;91360;91216;Épinay-sur-Orge;;;2.320026;48.680361
91216_1670_00033;33;;Rue des 4 Vents;91360;91216;Épinay-sur-Orge;;;2.316412;48.675994
91216_1240_00010;10;;Rue des Meuniers;91360;91216;Épinay-sur-Orge;;;2.329937;48.669385
91216_1891_00090;90;;Rue du Bois de Balizy;91360;91216;Épinay-sur-Orge;;;2.311648;48.673426
91216_0230_00046_bis;46;bis;Rue du Breuil;91360;91216;Épinay-sur-Orge;;;2.317311;48.668423
91216_1990_00002;2;;Rue de la Station;91360;91216;Épinay-sur-Orge;;;2.33457;48.674812
91216_1410_00007;7;;Rue du Parc;91360;91216;Épinay-sur-Orge;;;2.321115;48.67593
91216_0350_00023;23;;Rue de la Chevauchée;91360;91216;Épinay-sur-Orge;;;2.312094;48.678431
91216_0710_00040;40;;Rue de la Fontaine Bridel;91360;91216;Épinay-sur-Orge;;;2.320287;48.669833
91216_1640_00014;14;;Allee des Primeveres;91360;91216;Épinay-sur-Orge;;;2.319982;48.680386
91216_0940_00019;19;;Rue Henri IV;91360;91216;Épinay-sur-Orge;;;2.324781;48.678836
91216_1330_00039;39;;Rue Nicolas Vaudin;91360;91216;Épinay-sur-Orge;;;2.323079;48.677844
91216_0903_00041;41;;Rue des Hauts Graviers;91360;91216;Épinay-sur-Orge;;;2.32977;48.67507
91216_1330_00047;47;;Rue Nicolas Vaudin;91360;91216;Épinay-sur-Orge;;;2.323351;48.677705
91216_1450_00029;29;;Rue du Pavillon;91360;91216;Épinay-sur-Orge;;;2.318898;48.674488
91216_0430_00020;20;;Rue du Coteau;91360;91216;Épinay-sur-Orge;;;2.315982;48.677639
91216_1330_00014;14;;Rue Nicolas Vaudin;91360;91216;Épinay-sur-Orge;;;2.322119;48.678224
91216_1720_00056;56;;Rue de la Republique;91360;91216;Épinay-sur-Orge;;;2.3322;48.674838
91216_1830_00031;31;;Rue des Roulles;91360;91216;Épinay-sur-Orge;;;2.320447;48.670685
91216_1388_00004;4;;Allee de l'Orme Quesneau;91360;91216;Épinay-sur-Orge;;;2.318662;48.673007
91216_1490_00007;7;;Rue du Petit Parc;91360;91216;Épinay-sur-Orge;;;2.322981;48.673225
91216_0830_00164;164;;Grande Rue;91360;91216;Épinay-sur-Orge;;;2.316822;48.679342
91216_1780_00001;1;;Rue des Rossays;91360;91216;Épinay-sur-Orge;;;2.333327;48.671953
91216_1730_00006;6;;Impasse de la République;91360;91216;Épinay-sur-Orge;;;2.331156;48.674192
91216_2100_00021;21;;Rue de la Vallée;91360;91216;Épinay-sur-Orge;;;2.327586;48.670648
91216_0920_00078;78;;Rue Henri Dunant;91360;91216;Épinay-sur-Orge;;;2.322935;48.680798
91216_0920_00069;69;;Rue Henri Dunant;91360;91216;Épinay-sur-Orge;;;2.322898;48.680737
91216_1330_00028;28;;Rue Nicolas Vaudin;91360;91216;Épinay-sur-Orge;;;2.322907;48.677847
91216_1330_00053;53;;Rue Nicolas Vaudin;91360;91216;Épinay-sur-Orge;;;2.324069;48.678313
91216_0620_00010;10;;Rue d’Estienne d’Orves;91360;91216;Épinay-sur-Orge;;;2.318024;48.6756
91216_0890_00047;47;;Rue Guynemer;91360;91216;Épinay-sur-Orge;;;2.318387;48.680699
91216_0940_00005;5;;Rue Henri IV;91360;91216;Épinay-sur-Orge;;;2.324335;48.679115
91216_1882_00002_bis;2;bis;Sentier des Ruelles;91360;91216;Épinay-sur-Orge;;;2.314244;48.666752
91216_1330_00075;75;;Rue Nicolas Vaudin;91360;91216;Épinay-sur-Orge;;;2.323031;48.678962
91216_0350_00040;40;;Rue de la Chevauchée;91360;91216;Épinay-sur-Orge;;;2.312797;48.67878
91216_0350_00024;24;;Rue de la Chevauchée;91360;91216;Épinay-sur-Orge;;;2.313759;48.679126
91216_1625_00001;1;;Impasse de la Prairie;91360;91216;Épinay-sur-Orge;;;2.317941;48.668912
91216_1520_00036;36;;Rue Pierre Brossolette;91360;91216;Épinay-sur-Orge;;;2.329377;48.670746
91216_0182_00015;15;;Sentier des Bas Follets;91360;91216;Épinay-sur-Orge;;;2.318317;48.680276
91216_1755_00028;28;;Rue Rosa Parks;91360;91216;Épinay-sur-Orge;;;2.312402;48.672108
91216_0230_00014;14;;Rue du Breuil;91360;91216;Épinay-sur-Orge;;;2.320362;48.669409
91216_2316_00002;2;;Impasse de l’Yvette;91360;91216;Épinay-sur-Orge;;;2.327423;48.677698
91216_1210_00023;23;;Rue Maurice Sarrault;91360;91216;Épinay-sur-Orge;;;2.317257;48.677278
91216_0470_00007;7;;Rue de la Division Leclerc;91360;91216;Épinay-sur-Orge;;;2.322172;48.67329
91216_1891_00040;40;;Rue du Bois de Balizy;91360;91216;Épinay-sur-Orge;;;2.312386;48.675021
91216_0810_00013;13;;Rue de la Gatinelle;91360;91216;Épinay-sur-Orge;;;2.322217;48.672208
91216_0830_00104;104;;Grande Rue;91360;91216;Épinay-sur-Orge;;;2.320904;48.676929
91216_0180_00003;3;;Rue des Bas Follets;91360;91216;Épinay-sur-Orge;;;2.315947;48.680118
91216_1330_00094;94;;Rue Nicolas Vaudin;91360;91216;Épinay-sur-Orge;;;2.322896;48.679132
91216_2125_00041;41;;Rue du Vieux Moulin;91360;91216;Épinay-sur-Orge;;;2.333591;48.677201
91216_1892_00011;11;;Rue du Coq à l'Huy;91360;91216;Épinay-sur-Orge;;;2.312738;48.675406
91216_1720_00033;33;;Rue de la Republique;91360;91216;Épinay-sur-Orge;;;2.331426;48.673775
91216_0820_00007;7;;Cours du General de Gaulle;91360;91216;Épinay-sur-Orge;;;2.32681;48.673029
91216_1360_00036;36;;Rue d’Oradour sur Glane;91360;91216;Épinay-sur-Orge;;;2.314754;48.677675
91216_0255_00012;12;;Rue des Cedres;91360;91216;Épinay-sur-Orge;;;2.318819;48.673613
91216_1410_00005;5;;Rue du Parc;91360;91216;Épinay-sur-Orge;;;2.321279;48.675994
91216_1891_00006;6;;Rue du Bois de Balizy;91360;91216;Épinay-sur-Orge;;;2.313039;48.673658
91216_1540_00030;30;;Rue du Plateau;91360;91216;Épinay-sur-Orge;;;2.317917;48.676543
91216_1330_00007;7;;Rue Nicolas Vaudin;91360;91216;Épinay-sur-Orge;;;2.321767;48.678468
91216_0509_00004;4;;Rue des Dores;91360;91216;Épinay-sur-Orge;;;2.325605;48.675099
91216_2130_00008;8;;Rue des Vignes;91360;91216;Épinay-sur-Orge;;;2.320014;48.671103
91216_0350_00050;50;;Rue de la Chevauchée;91360;91216;Épinay-sur-Orge;;;2.312218;48.678573
91216_1930_00006;6;;Rue des Sablons;91360;91216;Épinay-sur-Orge;;;2.321069;48.672244
91216_1470_00006;6;;Sentier des Petites Vignes;91360;91216;Épinay-sur-Orge;;;2.331916;48.672381
91216_1632_00048;48;;Voie des Pres;91360;91216;Épinay-sur-Orge;;;2.330254;48.667875
91216_0940_00008;8;;Rue Henri IV;91360;91216;Épinay-sur-Orge;;;2.324286;48.679057
91216_0890_00041;41;;Rue Guynemer;91360;91216;Épinay-sur-Orge;;;2.318634;48.680501
91216_0230_00086_bis;86;bis;Rue du Breuil;91360;91216;Épinay-sur-Orge;;;2.316019;48.666124
91216_0830_00094;94;;Grande Rue;91360;91216;Épinay-sur-Orge;;;2.321541;48.676578
91216_0384_00003;3;;Rue du Clos Belle;91360;91216;Épinay-sur-Orge;;;2.32652;48.677978
91216_0920_00018;18;;Rue Henri Dunant;91360;91216;Épinay-sur-Orge;;;2.325202;48.679265
91216_0230_00043;43;;Rue du Breuil;91360;91216;Épinay-sur-Orge;;;2.318222;48.668119
91216_1720_00012;12;;Rue de la Republique;91360;91216;Épinay-sur-Orge;;;2.330755;48.672677
91216_1280_00023;23;;Rue de la Montagne;91360;91216;Épinay-sur-Orge;;;2.314596;48.665881
91216_1830_00024;24;;Rue des Roulles;91360;91216;Épinay-sur-Orge;;;2.321134;48.671154
91216_1930_00005;5;;Rue des Sablons;91360;91216;Épinay-sur-Orge;;;2.321245;48.672233
91216_2046_00018;18;;Avenue des Tilleuls;91360;91216;Épinay-sur-Orge;;;2.328296;48.669233
91216_1520_00014_bis;14;bis;Rue Pierre Brossolette;91360;91216;Épinay-sur-Orge;;;2.326361;48.671311
91216_0441_00023;23;;Rue de la Croix Taron;91360;91216;Épinay-sur-Orge;;;2.331882;48.676277
91216_0230_00031;31;;Rue du Breuil;91360;91216;Épinay-sur-Orge;;;2.319859;48.668978
91216_1070_00024;24;;Rue Joliot Curie;91360;91216;Épinay-sur-Orge;;;2.320359;48.675304
91216_1891_00001;1;;Rue du Bois de Balizy;91360;91216;Épinay-sur-Orge;;;2.313;48.673565
91216_1410_00013;13;;Rue du Parc;91360;91216;Épinay-sur-Orge;;;2.320585;48.67574
91216_0230_00047;47;;Rue du Breuil;91360;91216;Épinay-sur-Orge;;;2.317273;48.667346
91216_0470_00019;19;;Rue de la Division Leclerc;91360;91216;Épinay-sur-Orge;;;2.321232;48.67303
91216_0255_00010;10;;Rue des Cedres;91360;91216;Épinay-sur-Orge;;;2.318948;48.673426
91216_0890_00048;48;;Rue Guynemer;91360;91216;Épinay-sur-Orge;;;2.320529;48.681441
91216_1540_00035;35;;Rue du Plateau;91360;91216;Épinay-sur-Orge;;;2.316882;48.674674
91216_0960_00005;5;;Rue des Heribettes;91360;91216;Épinay-sur-Orge;;;2.330757;48.671423
91216_0830_00120;120;;Grande Rue;91360;91216;Épinay-sur-Orge;;;2.319727;48.677629
91216_1891_00033;33;;Rue du Bois de Balizy;91360;91216;Épinay-sur-Orge;;;2.310918;48.674577
91216_pdutsb_00013;13;;Rue des Blancs Manteaux;91360;91216;Épinay-sur-Orge;;;2.31201;48.674379
91216_1720_00044;44;;Rue de la Republique;91360;91216;Épinay-sur-Orge;;;2.331948;48.674108
91216_2070_00023;23;;Chemin des Tourelles;91360;91216;Épinay-sur-Orge;;;2.337175;48.6692
91216_1240_00050;50;;Rue des Meuniers;91360;91216;Épinay-sur-Orge;;;2.325509;48.670691
91216_0920_00072;72;;Rue Henri Dunant;91360;91216;Épinay-sur-Orge;;;2.323169;48.68064
91216_1892_00012;12;;Rue du Coq à l'Huy;91360;91216;Épinay-sur-Orge;;;2.313178;48.675057
91216_1600_00005;5;;Chemin du Pont Rubeau;91360;91216;Épinay-sur-Orge;;;2.333386;48.676557
91216_0390_00015;15;;Rue du Colonel Manhes;91360;91216;Épinay-sur-Orge;;;2.32044;48.674287
91216_1560_00017;17;;Rue de la Pointe;91360;91216;Épinay-sur-Orge;;;2.312663;48.678116
91216_0560_00006;6;;Rue des Ecoles;91360;91216;Épinay-sur-Orge;;;2.325706;48.673545
91216_1150_00011;11;;Rue Madeleine Pelletier;91360;91216;Épinay-sur-Orge;;;2.313484;48.670828
91216_1240_00013;13;;Rue des Meuniers;91360;91216;Épinay-sur-Orge;;;2.3277;48.67
91216_1800_00027;27;;Rue du Rouillon;91360;91216;Épinay-sur-Orge;;;2.314181;48.678354
91216_0430_00030;30;;Rue du Coteau;91360;91216;Épinay-sur-Orge;;;2.315677;48.677243
91216_1720_00016_bis;16;bis;Rue de la Republique;91360;91216;Épinay-sur-Orge;;;2.330915;48.672927
91216_2046_00017;17;;Avenue des Tilleuls;91360;91216;Épinay-sur-Orge;;;2.327845;48.66877
91216_0850_00014;14;;Rue de Grand Vaux;91360;91216;Épinay-sur-Orge;;;2.332886;48.670312
91216_2316_00005;5;;Impasse de l’Yvette;91360;91216;Épinay-sur-Orge;;;2.327826;48.677763
91216_0470_00010;10;;Rue de la Division Leclerc;91360;91216;Épinay-sur-Orge;;;2.322652;48.673508
91216_1330_00110;110;;Rue Nicolas Vaudin;91360;91216;Épinay-sur-Orge;;;2.322031;48.679187
91216_1034_00007;7;;Rue des Houches;91360;91216;Épinay-sur-Orge;;;2.329351;48.677028
91216_1070_00014;14;;Rue Joliot Curie;91360;91216;Épinay-sur-Orge;;;2.321029;48.674627
91216_1891_00022;22;;Rue du Bois de Balizy;91360;91216;Épinay-sur-Orge;;;2.31267;48.674258
91216_0230_00088;88;;Rue du Breuil;91360;91216;Épinay-sur-Orge;;;2.315918;48.666006
91216_1180_00071;71;;Rue du Mauregard;91360;91216;Épinay-sur-Orge;;;2.319996;48.680984
91216_1256_00004;4;;Impasse des Monseaux;91360;91216;Épinay-sur-Orge;;;2.329169;48.672593
91216_1891_00004;4;;Rue du Bois de Balizy;91360;91216;Épinay-sur-Orge;;;2.3131;48.673597
91216_0920_00062;62;;Rue Henri Dunant;91360;91216;Épinay-sur-Orge;;;2.323665;48.680307
91216_7jsf1l_00017;17;;Rue Gisèle Halimi;91360;91216;Épinay-sur-Orge;;;2.313907;48.670235
91216_1500_00015;15;;Rue de Petit Vaux;91360;91216;Épinay-sur-Orge;;;2.327371;48.673944
91216_1760_00039;39;;Allee des Roses;91360;91216;Épinay-sur-Orge;;;2.322404;48.680083
91216_0180_00016;16;;Rue des Bas Follets;91360;91216;Épinay-sur-Orge;;;2.317549;48.679904
91216_1240_00041;41;;Rue des Meuniers;91360;91216;Épinay-sur-Orge;;;2.324583;48.670889
91216_1760_00026;26;;Allee des Roses;91360;91216;Épinay-sur-Orge;;;2.323051;48.679718
91216_0100_00007;7;;Rue d'Athis;91360;91216;Épinay-sur-Orge;;;2.324162;48.676999
91216_0890_00115;115;;Rue Guynemer;91360;91216;Épinay-sur-Orge;;;2.321718;48.680883
91216_0903_00028;28;;Rue des Hauts Graviers;91360;91216;Épinay-sur-Orge;;;2.328131;48.67575
91216_1150_00026;26;;Rue Madeleine Pelletier;91360;91216;Épinay-sur-Orge;;;2.31527;48.670921
91216_1280_00057_b;57;b;Rue de la Montagne;91360;91216;Épinay-sur-Orge;;;2.311353;48.667629
91216_1500_00093_c;93;c;Rue de Petit Vaux;91360;91216;Épinay-sur-Orge;;;2.332755;48.67574
91216_0620_00024;24;;Rue d’Estienne d’Orves;91360;91216;Épinay-sur-Orge;;;2.317127;48.677106
91216_0230_00083;83;;Rue du Breuil;91360;91216;Épinay-sur-Orge;;;2.315951;48.665965
91216_0890_00020;20;;Rue Guynemer;91360;91216;Épinay-sur-Orge;;;2.319194;48.680157
91216_1330_00029;29;;Rue Nicolas Vaudin;91360;91216;Épinay-sur-Orge;;;2.32267;48.678045
91216_1540_00021;21;;Rue du Plateau;91360;91216;Épinay-sur-Orge;;;2.317317;48.675485
91216_1330_00086;86;;Rue Nicolas Vaudin;91360;91216;Épinay-sur-Orge;;;2.3236;48.678697
91216_1380_00027_bis;27;bis;Rue de l'Orge;91360;91216;Épinay-sur-Orge;;;2.330214;48.668494
91216_1830_00038;38;;Rue des Roulles;91360;91216;Épinay-sur-Orge;;;2.320192;48.670654
91216_1150_00032;32;;Rue Madeleine Pelletier;91360;91216;Épinay-sur-Orge;;;2.313971;48.6708
91216_1257_00009;9;;Rue des Monseaux;91360;91216;Épinay-sur-Orge;;;2.329245;48.673517
91216_2070_00006;6;;Chemin des Tourelles;91360;91216;Épinay-sur-Orge;;;2.333742;48.669081
91216_1120_00005;5;;Rue Leopold Pillot;91360;91216;Épinay-sur-Orge;;;2.329709;48.671826
91216_0320_00041;41;;Rue du Chemin Vert;91360;91216;Épinay-sur-Orge;;;2.33388;48.673913
91216_0940_00004;4;;Rue Henri IV;91360;91216;Épinay-sur-Orge;;;2.324183;48.679131
91216_1720_00027_ter;27;ter;Rue de la Republique;91360;91216;Épinay-sur-Orge;;;2.330899;48.673839
91216_2130_00029;29;;Rue des Vignes;91360;91216;Épinay-sur-Orge;;;2.319228;48.672005
91216_0580_00018;18;;Rue de l'Eglise;91360;91216;Épinay-sur-Orge;;;2.323979;48.670331
91216_0940_00007;7;;Rue Henri IV;91360;91216;Épinay-sur-Orge;;;2.324394;48.679081
91216_0920_00063;63;;Rue Henri Dunant;91360;91216;Épinay-sur-Orge;;;2.323083;48.68061
91216_1720_00034;34;;Rue de la Republique;91360;91216;Épinay-sur-Orge;;;2.331582;48.673736
91216_2210_00012_bis;12;bis;Place du 24 Aout;91360;91216;Épinay-sur-Orge;;;2.315214;48.665017
91216_0650_00006;6;;Place de la Fete;91360;91216;Épinay-sur-Orge;;;2.325654;48.669552
91216_0230_00020;20;;Rue du Breuil;91360;91216;Épinay-sur-Orge;;;2.319707;48.669033
91216_0850_00041;41;;Rue de Grand Vaux;91360;91216;Épinay-sur-Orge;;;2.333868;48.673436
91216_0430_00015;15;;Rue du Coteau;91360;91216;Épinay-sur-Orge;;;2.316323;48.677823
91216_1760_00045;45;;Allee des Roses;91360;91216;Épinay-sur-Orge;;;2.322188;48.680218
91216_1755_00012;12;;Rue Rosa Parks;91360;91216;Épinay-sur-Orge;;;2.312603;48.671788
91216_0230_00045;45;;Rue du Breuil;91360;91216;Épinay-sur-Orge;;;2.317369;48.66747
91216_0580_00012;12;;Rue de l'Eglise;91360;91216;Épinay-sur-Orge;;;2.324357;48.671662
91216_1625_00006;6;;Impasse de la Prairie;91360;91216;Épinay-sur-Orge;;;2.318105;48.669071
91216_0790_00005;5;;Rue de la Gare;91360;91216;Épinay-sur-Orge;;;2.328842;48.671999
91216_1760_00008;8;;Allee des Roses;91360;91216;Épinay-sur-Orge;;;2.323572;48.679392
91216_0580_00008;8;;Rue de l'Eglise;91360;91216;Épinay-sur-Orge;;;2.32427;48.672651
91216_2030_00007;7;;Rue de la Terrasse;91360;91216;Épinay-sur-Orge;;;2.323241;48.675091
91216_wxcyjz_00010;10;;Sentier des Heribettes;91360;91216;Épinay-sur-Orge;;;2.331585;48.670414
91216_1500_00119;119;;Rue de Petit Vaux;91360;91216;Épinay-sur-Orge;;;2.335225;48.676398
91216_1210_00014_bis;14;bis;Rue Maurice Sarrault;91360;91216;Épinay-sur-Orge;;;2.317471;48.677688
91216_1180_00040;40;;Rue du Mauregard;91360;91216;Épinay-sur-Orge;;;2.320511;48.680753
91216_1070_00004;4;;Rue Joliot Curie;91360;91216;Épinay-sur-Orge;;;2.321822;48.673916
91216_1540_00014;14;;Rue du Plateau;91360;91216;Épinay-sur-Orge;;;2.318501;48.677251
91216_1891_00030;30;;Rue du Bois de Balizy;91360;91216;Épinay-sur-Orge;;;2.312678;48.674589
91216_1632_00042;42;;Voie des Pres;91360;91216;Épinay-sur-Orge;;;2.329797;48.667973
91216_0920_00030;30;;Rue Henri Dunant;91360;91216;Épinay-sur-Orge;;;2.324786;48.679546
91216_1760_00013;13;;Allee des Roses;91360;91216;Épinay-sur-Orge;;;2.323391;48.679472
91216_0180_00002;2;;Rue des Bas Follets;91360;91216;Épinay-sur-Orge;;;2.315875;48.680089
91216_1520_00002;2;;Rue Pierre Brossolette;91360;91216;Épinay-sur-Orge;;;2.324476;48.671594
91216_1380_00009;9;;Rue de l'Orge;91360;91216;Épinay-sur-Orge;;;2.331849;48.668018
91216_1625_00004;4;;Impasse de la Prairie;91360;91216;Épinay-sur-Orge;;;2.31768;48.668855
91216_0410_00025;25;;Rue de Corbeil;91360;91216;Épinay-sur-Orge;;;2.331686;48.671432
91216_0890_00023;23;;Rue Guynemer;91360;91216;Épinay-sur-Orge;;;2.319168;48.68009
91216_0380_00003;3;;Rue Claude Debussy;91360;91216;Épinay-sur-Orge;;;2.321307;48.679429
91216_0470_00045;45;;Rue de la Division Leclerc;91360;91216;Épinay-sur-Orge;;;2.318302;48.672323
91216_1830_00008;8;;Rue des Roulles;91360;91216;Épinay-sur-Orge;;;2.322048;48.67165
91216_1780_00002;2;;Rue des Rossays;91360;91216;Épinay-sur-Orge;;;2.333223;48.671877
91216_2130_00006;6;;Rue des Vignes;91360;91216;Épinay-sur-Orge;;;2.320031;48.671013
91216_2316_00003;3;;Impasse de l’Yvette;91360;91216;Épinay-sur-Orge;;;2.327594;48.677761
91216_1774_00014;14;;Allée des Rossays;91360;91216;Épinay-sur-Orge;;;2.334241;48.670779
91216_1800_00041;41;;Rue du Rouillon;91360;91216;Épinay-sur-Orge;;;2.313763;48.67784
91216_0230_00012;12;;Rue du Breuil;91360;91216;Épinay-sur-Orge;;;2.321987;48.670275
91216_1430_00006_ter;6;ter;Rue Pasteur;91360;91216;Épinay-sur-Orge;;;2.331756;48.668781
91216_0180_00048;48;;Rue des Bas Follets;91360;91216;Épinay-sur-Orge;;;2.317358;48.679272
91216_1720_00054_a;54;a;Rue de la Republique;91360;91216;Épinay-sur-Orge;;;2.332393;48.674729
91216_0830_00106;106;;Grande Rue;91360;91216;Épinay-sur-Orge;;;2.320503;48.677169
91216_0790_00006;6;;Rue de la Gare;91360;91216;Épinay-sur-Orge;;;2.328667;48.672067
91216_0920_00102;102;;Rue Henri Dunant;91360;91216;Épinay-sur-Orge;;;2.322157;48.681296
91216_1034_00022;22;;Rue des Houches;91360;91216;Épinay-sur-Orge;;;2.329613;48.676852
91216_1330_00067;67;;Rue Nicolas Vaudin;91360;91216;Épinay-sur-Orge;;;2.323409;48.678721
91216_1330_00035;35;;Rue Nicolas Vaudin;91360;91216;Épinay-sur-Orge;;;2.32294;48.677914
91216_0830_00136;136;;Grande Rue;91360;91216;Épinay-sur-Orge;;;2.318462;48.678357
91216_0230_00051;51;;Rue du Breuil;91360;91216;Épinay-sur-Orge;;;2.31685;48.667046
91216_0903_00027;27;;Rue des Hauts Graviers;91360;91216;Épinay-sur-Orge;;;2.328364;48.675696
91216_0890_00069;69;;Rue Guynemer;91360;91216;Épinay-sur-Orge;;;2.318969;48.68127
91216_1520_00012;12;;Rue Pierre Brossolette;91360;91216;Épinay-sur-Orge;;;2.325709;48.671418
91216_2010_00111;111;;Rue des Templiers;91360;91216;Épinay-sur-Orge;;;2.312628;48.677676
91216_2070_00022;22;;Chemin des Tourelles;91360;91216;Épinay-sur-Orge;;;2.33619;48.66888
91216_1103_00001_d;1;d;Impasse des Laurentes;91360;91216;Épinay-sur-Orge;;;2.31673;48.668259
91216_1410_00024;24;;Rue du Parc;91360;91216;Épinay-sur-Orge;;;2.319326;48.675378
91216_0710_00005;5;;Rue de la Fontaine Bridel;91360;91216;Épinay-sur-Orge;;;2.323372;48.671509
91216_0920_00096;96;;Rue Henri Dunant;91360;91216;Épinay-sur-Orge;;;2.322378;48.681165
91216_0890_00022;22;;Rue Guynemer;91360;91216;Épinay-sur-Orge;;;2.31912;48.680227
91216_0850_00050_bis;50;bis;Rue de Grand Vaux;91360;91216;Épinay-sur-Orge;;;2.334086;48.672967
91216_1760_00007;7;;Allee des Roses;91360;91216;Épinay-sur-Orge;;;2.323539;48.67937
91216_1561_00001;1;;Impasse de la Pointe Galoppin;91360;91216;Épinay-sur-Orge;;;2.325147;48.676173
91216_1330_00064_c;64;c;Rue Nicolas Vaudin;91360;91216;Épinay-sur-Orge;;;2.324654;48.678456
91216_1490_00006;6;;Rue du Petit Parc;91360;91216;Épinay-sur-Orge;;;2.323487;48.673251
91216_pdutsb_00009;9;;Rue des Blancs Manteaux;91360;91216;Épinay-sur-Orge;;;2.311982;48.674002
91216_1830_00039;39;;Rue des Roulles;91360;91216;Épinay-sur-Orge;;;2.320032;48.670459
91216_1150_00017;17;;Rue Madeleine Pelletier;91360;91216;Épinay-sur-Orge;;;2.31308;48.671345
91216_2130_00009_bis;9;bis;Rue des Vignes;91360;91216;Épinay-sur-Orge;;;2.31983;48.670676
91216_0940_00017;17;;Rue Henri IV;91360;91216;Épinay-sur-Orge;;;2.324722;48.678876
91216_2099_00004;4;;Impasse de la Vallée;91360;91216;Épinay-sur-Orge;;;2.315992;48.667699
91216_0182_00004;4;;Sentier des Bas Follets;91360;91216;Épinay-sur-Orge;;;2.317549;48.680998
91216_0470_00034_a;34;a;Rue de la Division Leclerc;91360;91216;Épinay-sur-Orge;;;2.320076;48.672799
91216_0470_00024;24;;Rue de la Division Leclerc;91360;91216;Épinay-sur-Orge;;;2.321729;48.673291
91216_1640_00003;3;;Allee des Primeveres;91360;91216;Épinay-sur-Orge;;;2.319886;48.680418
91216_1891_00003;3;;Rue du Bois de Balizy;91360;91216;Épinay-sur-Orge;;;2.312838;48.673677
91216_0384_00004;4;;Rue du Clos Belle;91360;91216;Épinay-sur-Orge;;;2.326793;48.678147
91216_0410_00037;37;;Rue de Corbeil;91360;91216;Épinay-sur-Orge;;;2.332889;48.669347
91216_1450_00011;11;;Rue du Pavillon;91360;91216;Épinay-sur-Orge;;;2.319898;48.673639
91216_2125_00032;32;;Rue du Vieux Moulin;91360;91216;Épinay-sur-Orge;;;2.333342;48.676689
91216_1500_00033;33;;Rue de Petit Vaux;91360;91216;Épinay-sur-Orge;;;2.328312;48.674162
91216_0580_00033;33;;Rue de l'Eglise;91360;91216;Épinay-sur-Orge;;;2.32462;48.670317
91216_0805_00004;4;;Passage de la Gatinelle;91360;91216;Épinay-sur-Orge;;;2.322888;48.671875
91216_2126_00007;7;;Allée du Vieux Puits;91360;91216;Épinay-sur-Orge;;;2.323721;48.675972
91216_1892_00016;16;;Rue du Coq à l'Huy;91360;91216;Épinay-sur-Orge;;;2.313354;48.675168
91216_0560_00014_bis;14;bis;Rue des Ecoles;91360;91216;Épinay-sur-Orge;;;2.324806;48.673701
91216_1410_00028;28;;Rue du Parc;91360;91216;Épinay-sur-Orge;;;2.318951;48.675239
91216_1720_00035;35;;Rue de la Republique;91360;91216;Épinay-sur-Orge;;;2.331466;48.673871
91216_1330_00056;56;;Rue Nicolas Vaudin;91360;91216;Épinay-sur-Orge;;;2.323735;48.677753
91216_1760_00001;1;;Allee des Roses;91360;91216;Épinay-sur-Orge;;;2.32377;48.679227
91216_1910_00045;45;;Chemin des Sablons;91360;91216;Épinay-sur-Orge;;;2.317262;48.67104
91216_1280_00017;17;;Rue de la Montagne;91360;91216;Épinay-sur-Orge;;;2.314901;48.665683
91216_0890_00007;7;;Rue Guynemer;91360;91216;Épinay-sur-Orge;;;2.319919;48.679597
91216_1500_00066_bis;66;bis;Rue de Petit Vaux;91360;91216;Épinay-sur-Orge;;;2.333313;48.675335
91216_1240_00017;17;;Rue des Meuniers;91360;91216;Épinay-sur-Orge;;;2.327274;48.670124
91216_0890_00009;9;;Rue Guynemer;91360;91216;Épinay-sur-Orge;;;2.319786;48.679684
91216_1257_00022;22;;Rue des Monseaux;91360;91216;Épinay-sur-Orge;;;2.32958;48.67382
91216_1180_00035;35;;Rue du Mauregard;91360;91216;Épinay-sur-Orge;;;2.32132;48.680158
91216_0182_00013;13;;Sentier des Bas Follets;91360;91216;Épinay-sur-Orge;;;2.318199;48.680352
91216_0810_00011;11;;Rue de la Gatinelle;91360;91216;Épinay-sur-Orge;;;2.322647;48.672007
91216_0810_00027;27;;Rue de la Gatinelle;91360;91216;Épinay-sur-Orge;;;2.320712;48.672832
91216_1930_00019;19;;Rue des Sablons;91360;91216;Épinay-sur-Orge;;;2.320175;48.67186
91216_0252_00018;18;;Rue des Carrieres;91360;91216;Épinay-sur-Orge;;;2.328019;48.674872
91216_0890_00029;29;;Rue Guynemer;91360;91216;Épinay-sur-Orge;;;2.31898;48.680235
91216_0470_00033;33;;Rue de la Division Leclerc;91360;91216;Épinay-sur-Orge;;;2.319736;48.672655
91216_0890_00060;60;;Rue Guynemer;91360;91216;Épinay-sur-Orge;;;2.32108;48.681195
91216_0430_00032;32;;Rue du Coteau;91360;91216;Épinay-sur-Orge;;;2.315593;48.677135
91216_2125_00047;47;;Rue du Vieux Moulin;91360;91216;Épinay-sur-Orge;;;2.333544;48.677119
91216_2070_00013;13;;Chemin des Tourelles;91360;91216;Épinay-sur-Orge;;;2.335262;48.669162
91216_1670_00029;29;;Rue des 4 Vents;91360;91216;Épinay-sur-Orge;;;2.316667;48.676018
91216_1891_00016;16;;Rue du Bois de Balizy;91360;91216;Épinay-sur-Orge;;;2.31268;48.67401
91216_1720_00054_b;54;b;Rue de la Republique;91360;91216;Épinay-sur-Orge;;;2.332593;48.674867
91216_0430_00009;9;;Rue du Coteau;91360;91216;Épinay-sur-Orge;;;2.316721;48.678285
91216_1210_00013;13;;Rue Maurice Sarrault;91360;91216;Épinay-sur-Orge;;;2.317635;48.677725
91216_o4dulp_00008;8;;Sentier des Graviers;91360;91216;Épinay-sur-Orge;;;2.325952;48.674584
91216_0210_00008;8;;Rue de Bellevue;91360;91216;Épinay-sur-Orge;;;2.318821;48.676973
91216_1602_00005;5;;Rue du Pont Rubeau;91360;91216;Épinay-sur-Orge;;;2.327495;48.676635
91216_1910_00064;64;;Chemin des Sablons;91360;91216;Épinay-sur-Orge;;;2.314596;48.67012
91216_0470_00036;36;;Rue de la Division Leclerc;91360;91216;Épinay-sur-Orge;;;2.319475;48.672666
91216_0370_00003;3;;rue de Chevreuse;91360;91216;Épinay-sur-Orge;;;2.313853;48.665904
91216_0790_00007;7;;Rue de la Gare;91360;91216;Épinay-sur-Orge;;;2.328984;48.671851
91216_0620_00036;36;;Rue d’Estienne d’Orves;91360;91216;Épinay-sur-Orge;;;2.316621;48.67799
91216_0940_00013;13;;Rue Henri IV;91360;91216;Épinay-sur-Orge;;;2.324585;48.678958
91216_0252_00003;3;;Rue des Carrieres;91360;91216;Épinay-sur-Orge;;;2.32772;48.675157
91216_1720_00014_bis;14;bis;Rue de la Republique;91360;91216;Épinay-sur-Orge;;;2.331552;48.672703
91216_1640_00007;7;;Allee des Primeveres;91360;91216;Épinay-sur-Orge;;;2.319773;48.680486
91216_0940_00018;18;;Rue Henri IV;91360;91216;Épinay-sur-Orge;;;2.324604;48.678864
91216_0830_00053;53;;Grande Rue;91360;91216;Épinay-sur-Orge;;;2.320908;48.67682
91216_1360_00018;18;;Rue d’Oradour sur Glane;91360;91216;Épinay-sur-Orge;;;2.315334;48.678357
91216_1520_00046;46;;Rue Pierre Brossolette;91360;91216;Épinay-sur-Orge;;;2.330043;48.670511
91216_1892_00032;32;;Rue du Coq à l'Huy;91360;91216;Épinay-sur-Orge;;;2.312692;48.675544
91216_2046_00020_t;20;t;Avenue des Tilleuls;91360;91216;Épinay-sur-Orge;;;2.327752;48.668732
91216_1500_00105_b;105;b;Rue de Petit Vaux;91360;91216;Épinay-sur-Orge;;;2.333611;48.675989
91216_0350_00014;14;;Rue de la Chevauchée;91360;91216;Épinay-sur-Orge;;;2.314357;48.679339
91216_0880_00008;8;;Rue Guy Moquet;91360;91216;Épinay-sur-Orge;;;2.32622;48.673146
91216_1882_00020;20;;Sentier des Ruelles;91360;91216;Épinay-sur-Orge;;;2.315267;48.667742
91216_0470_00064;64;;Rue de la Division Leclerc;91360;91216;Épinay-sur-Orge;;;2.313071;48.671259
91216_1410_00040;40;;Rue du Parc;91360;91216;Épinay-sur-Orge;;;2.317522;48.674707
91216_1180_00052;52;;Rue du Mauregard;91360;91216;Épinay-sur-Orge;;;2.320099;48.681
91216_0470_00051;51;;Rue de la Division Leclerc;91360;91216;Épinay-sur-Orge;;;2.31698;48.672002
91216_1450_00027;27;;Rue du Pavillon;91360;91216;Épinay-sur-Orge;;;2.318981;48.674417
91216_0820_00024;24;;Cours du General de Gaulle;91360;91216;Épinay-sur-Orge;;;2.327858;48.672438
91216_2130_00010;10;;Rue des Vignes;91360;91216;Épinay-sur-Orge;;;2.319991;48.671237
91216_1360_00013;13;;Rue d’Oradour sur Glane;91360;91216;Épinay-sur-Orge;;;2.315292;48.678168
91216_0280_00001_c;1;c;Rue de Charaintru;91360;91216;Épinay-sur-Orge;;;2.335542;48.677367
91216_1950_00013_bis;13;bis;Rue de Sillery;91360;91216;Épinay-sur-Orge;;;2.324989;48.676406
91216_1150_00014;14;;Rue Madeleine Pelletier;91360;91216;Épinay-sur-Orge;;;2.314732;48.670732
91216_2125_00018;18;;Rue du Vieux Moulin;91360;91216;Épinay-sur-Orge;;;2.333864;48.676976
91216_0380_00007;7;;Rue Claude Debussy;91360;91216;Épinay-sur-Orge;;;2.321616;48.679246
91216_1450_00038;38;;Rue du Pavillon;91360;91216;Épinay-sur-Orge;;;2.319314;48.674284
91216_0220_00002;2;;Impasse de la Boële;91360;91216;Épinay-sur-Orge;;;2.327093;48.668978
91216_2070_00002;2;;Chemin des Tourelles;91360;91216;Épinay-sur-Orge;;;2.332938;48.668626
91216_0903_00004;4;;Rue des Hauts Graviers;91360;91216;Épinay-sur-Orge;;;2.324936;48.675588
91216_2030_00006;6;;Rue de la Terrasse;91360;91216;Épinay-sur-Orge;;;2.322329;48.67589
91216_7jsf1l_00008;8;;Rue Gisèle Halimi;91360;91216;Épinay-sur-Orge;;;2.313631;48.670059
91216_1500_00097;97;;Rue de Petit Vaux;91360;91216;Épinay-sur-Orge;;;2.333129;48.675659
91216_1330_00040;40;;Rue Nicolas Vaudin;91360;91216;Épinay-sur-Orge;;;2.323326;48.677624
91216_0370_00007;7;;rue de Chevreuse;91360;91216;Épinay-sur-Orge;;;2.313918;48.665548
91216_0650_00004;4;;Place de la Fete;91360;91216;Épinay-sur-Orge;;;2.325737;48.669419
91216_pdutsb_00002;2;;Rue des Blancs Manteaux;91360;91216;Épinay-sur-Orge;;;2.312331;48.673209
91216_0430_00016;16;;Rue du Coteau;91360;91216;Épinay-sur-Orge;;;2.316135;48.677785
91216_0600_00031;31;;Rue de l'Esplanade;91360;91216;Épinay-sur-Orge;;;2.328772;48.671072
91216_0430_00042;42;;Rue du Coteau;91360;91216;Épinay-sur-Orge;;;2.315339;48.676838
91216_0410_00047;47;;Rue de Corbeil;91360;91216;Épinay-sur-Orge;;;2.332995;48.668586
91216_1500_00085;85;;Rue de Petit Vaux;91360;91216;Épinay-sur-Orge;;;2.3324;48.67531
91216_2010_00055;55;;Rue des Templiers;91360;91216;Épinay-sur-Orge;;;2.314333;48.675924
91216_0830_00083_bis;83;bis;Grande Rue;91360;91216;Épinay-sur-Orge;;;2.317657;48.678588
91216_0230_00055;55;;Rue du Breuil;91360;91216;Épinay-sur-Orge;;;2.316517;48.666697
91216_2130_00013;13;;Rue des Vignes;91360;91216;Épinay-sur-Orge;;;2.319904;48.6709
91216_0410_00019;19;;Rue de Corbeil;91360;91216;Épinay-sur-Orge;;;2.331043;48.672099
91216_1892_00001;1;;Rue du Coq à l'Huy;91360;91216;Épinay-sur-Orge;;;2.313087;48.675169
91216_1602_00010;10;;Rue du Pont Rubeau;91360;91216;Épinay-sur-Orge;;;2.32749;48.677086
91216_0280_00020;20;;Rue de Charaintru;91360;91216;Épinay-sur-Orge;;;2.332795;48.679515
91216_1520_00023;23;;Rue Pierre Brossolette;91360;91216;Épinay-sur-Orge;;;2.327354;48.671231
91216_0350_00042;42;;Rue de la Chevauchée;91360;91216;Épinay-sur-Orge;;;2.312685;48.67874
91216_1670_00030;30;;Rue des 4 Vents;91360;91216;Épinay-sur-Orge;;;2.315737;48.67606
91216_1892_00004;4;;Rue du Coq à l'Huy;91360;91216;Épinay-sur-Orge;;;2.312864;48.674881
91216_0509_00007;7;;Rue des Dores;91360;91216;Épinay-sur-Orge;;;2.325997;48.674971
91216_2010_00040;40;;Rue des Templiers;91360;91216;Épinay-sur-Orge;;;2.313022;48.6775
91216_2125_00024;24;;Rue du Vieux Moulin;91360;91216;Épinay-sur-Orge;;;2.333661;48.67709
91216_0440_00025;25;;Rue de la Croix Ronde;91360;91216;Épinay-sur-Orge;;;2.311751;48.672537
91216_1800_00037;37;;Rue du Rouillon;91360;91216;Épinay-sur-Orge;;;2.313937;48.678057
91216_0230_00090;90;;Rue du Breuil;91360;91216;Épinay-sur-Orge;;;2.315535;48.665675
91216_2010_00123;123;;Rue des Templiers;91360;91216;Épinay-sur-Orge;;;2.312263;48.677994
91216_0920_00054;54;;Rue Henri Dunant;91360;91216;Épinay-sur-Orge;;;2.323943;48.68012
91216_0920_00045;45;;Rue Henri Dunant;91360;91216;Épinay-sur-Orge;;;2.324107;48.679928
91216_0230_00053;53;;Rue du Breuil;91360;91216;Épinay-sur-Orge;;;2.316721;48.666933
91216_0100_00019;19;;Rue d'Athis;91360;91216;Épinay-sur-Orge;;;2.325115;48.677299
91216_1100_00009;9;;Impasse des Tilleuls;91360;91216;Épinay-sur-Orge;;;2.328879;48.668723
91216_1280_00063;63;;Rue de la Montagne;91360;91216;Épinay-sur-Orge;;;2.31196;48.668348
91216_0350_00006;6;;Rue de la Chevauchée;91360;91216;Épinay-sur-Orge;;;2.314879;48.679528
91216_1070_00022;22;;Rue Joliot Curie;91360;91216;Épinay-sur-Orge;;;2.320474;48.675142
91216_1540_00008;8;;Rue du Plateau;91360;91216;Épinay-sur-Orge;;;2.318696;48.677489
91216_2030_00002;2;;Rue de la Terrasse;91360;91216;Épinay-sur-Orge;;;2.322169;48.676081
91216_1500_00066;66;;Rue de Petit Vaux;91360;91216;Épinay-sur-Orge;;;2.333208;48.675447
91216_1540_00004;4;;Rue du Plateau;91360;91216;Épinay-sur-Orge;;;2.31882;48.677657
91216_1280_00045;45;;Rue de la Montagne;91360;91216;Épinay-sur-Orge;;;2.313083;48.667194
91216_2010_00028;28;;Rue des Templiers;91360;91216;Épinay-sur-Orge;;;2.314261;48.676418
91216_0940_00020;20;;Rue Henri IV;91360;91216;Épinay-sur-Orge;;;2.324608;48.678739
91216_1520_00007;7;;Rue Pierre Brossolette;91360;91216;Épinay-sur-Orge;;;2.325526;48.671525
91216_0g2rg0_00366;366;;Rue de Ballainvilliers;91360;91216;Épinay-sur-Orge;;;2.304149;48.671845
91216_1500_00072;72;;Rue de Petit Vaux;91360;91216;Épinay-sur-Orge;;;2.333478;48.675698
91216_1800_00023;23;;Rue du Rouillon;91360;91216;Épinay-sur-Orge;;;2.314309;48.678512
91216_0580_00016;16;;Rue de l'Eglise;91360;91216;Épinay-sur-Orge;;;2.324423;48.670669
91216_0350_00009;9;;Rue de la Chevauchée;91360;91216;Épinay-sur-Orge;;;2.313812;48.67904
91216_1800_00003;3;;Rue du Rouillon;91360;91216;Épinay-sur-Orge;;;2.31497;48.679309
91216_1380_00014;14;;Rue de l'Orge;91360;91216;Épinay-sur-Orge;;;2.33078;48.668264
91216_1150_00012;12;;Rue Madeleine Pelletier;91360;91216;Épinay-sur-Orge;;;2.314686;48.670715
91216_0850_00078;78;;Rue de Grand Vaux;91360;91216;Épinay-sur-Orge;;;2.334586;48.673933
91216_1240_00019;19;;Rue des Meuniers;91360;91216;Épinay-sur-Orge;;;2.327143;48.670156
91216_1520_00020;20;;Rue Pierre Brossolette;91360;91216;Épinay-sur-Orge;;;2.327127;48.671187
91216_1891_00096;96;;Rue du Bois de Balizy;91360;91216;Épinay-sur-Orge;;;2.31206;48.673142
91216_0230_00032;32;;Rue du Breuil;91360;91216;Épinay-sur-Orge;;;2.318977;48.668628
91216_0470_00036_bis;36;bis;Rue de la Division Leclerc;91360;91216;Épinay-sur-Orge;;;2.319175;48.672595
91216_1430_00003;3;;Rue Pasteur;91360;91216;Épinay-sur-Orge;;;2.332178;48.669117
91216_o4dulp_00004;4;;Sentier des Graviers;91360;91216;Épinay-sur-Orge;;;2.325752;48.674383
91216_0384_00001;1;;Rue du Clos Belle;91360;91216;Épinay-sur-Orge;;;2.326533;48.677892
91216_1602_00009;9;;Rue du Pont Rubeau;91360;91216;Épinay-sur-Orge;;;2.327341;48.677213
91216_0830_00053_bis;53;bis;Grande Rue;91360;91216;Épinay-sur-Orge;;;2.320794;48.676865
91216_1450_00014;14;;Rue du Pavillon;91360;91216;Épinay-sur-Orge;;;2.320171;48.673559
91216_0430_00014;14;;Rue du Coteau;91360;91216;Épinay-sur-Orge;;;2.316204;48.677875
91216_2126_00005;5;;Allée du Vieux Puits;91360;91216;Épinay-sur-Orge;;;2.324038;48.676143
91216_0340_00006;6;;Chemin de la Chevauchée;91360;91216;Épinay-sur-Orge;;;2.316662;48.680792
91216_0830_00054_bis;54;bis;Grande Rue;91360;91216;Épinay-sur-Orge;;;2.324403;48.674916
91216_0880_00003;3;;Rue Guy Moquet;91360;91216;Épinay-sur-Orge;;;2.326448;48.673421
91216_2099_00001;1;;Impasse de la Vallée;91360;91216;Épinay-sur-Orge;;;2.315832;48.667908
91216_0580_00031;31;;Rue de l'Eglise;91360;91216;Épinay-sur-Orge;;;2.324574;48.670442
91216_1240_00025;25;;Rue des Meuniers;91360;91216;Épinay-sur-Orge;;;2.32633;48.670401
91216_1950_00004;4;;Rue de Sillery;91360;91216;Épinay-sur-Orge;;;2.32408;48.674644
91216_0620_00047;47;;Rue d’Estienne d’Orves;91360;91216;Épinay-sur-Orge;;;2.315806;48.679239
91216_1500_00011;11;;Rue de Petit Vaux;91360;91216;Épinay-sur-Orge;;;2.327023;48.673867
91216_2030_00009;9;;Rue de la Terrasse;91360;91216;Épinay-sur-Orge;;;2.323174;48.675154
91216_1520_00025;25;;Rue Pierre Brossolette;91360;91216;Épinay-sur-Orge;;;2.327533;48.671205
91216_0430_00006;6;;Rue du Coteau;91360;91216;Épinay-sur-Orge;;;2.316838;48.678641
91216_1380_00026;26;;Rue de l'Orge;91360;91216;Épinay-sur-Orge;;;2.330442;48.668456
91216_1640_00025;25;;Allee des Primeveres;91360;91216;Épinay-sur-Orge;;;2.3192;48.680857
91216_1780_00004;4;;Rue des Rossays;91360;91216;Épinay-sur-Orge;;;2.333532;48.671865
91216_2125_00026;26;;Rue du Vieux Moulin;91360;91216;Épinay-sur-Orge;;;2.333417;48.676905
91216_1240_00038;38;;Rue des Meuniers;91360;91216;Épinay-sur-Orge;;;2.327364;48.670164
91216_1450_00035;35;;Rue du Pavillon;91360;91216;Épinay-sur-Orge;;;2.318632;48.674715
91216_0410_00038;38;;Rue de Corbeil;91360;91216;Épinay-sur-Orge;;;2.332358;48.67025
91216_0830_00039_b;39;b;Grande Rue;91360;91216;Épinay-sur-Orge;;;2.323647;48.675159
91216_0830_00077;77;;Grande Rue;91360;91216;Épinay-sur-Orge;;;2.318458;48.678214
91216_1257_00004;4;;Rue des Monseaux;91360;91216;Épinay-sur-Orge;;;2.328899;48.672861
91216_0920_00124;124;;Rue Henri Dunant;91360;91216;Épinay-sur-Orge;;;2.321354;48.681755
91216_1380_00035;35;;Rue de l'Orge;91360;91216;Épinay-sur-Orge;;;2.329501;48.668329
91216_1330_00027;27;;Rue Nicolas Vaudin;91360;91216;Épinay-sur-Orge;;;2.322635;48.678063
91216_0790_00022;22;;Rue de la Gare;91360;91216;Épinay-sur-Orge;;;2.329689;48.670976
91216_1740_00006;6;;Rue de Rivoli;91360;91216;Épinay-sur-Orge;;;2.315339;48.664873
91216_1180_00001_bis;1;bis;Rue du Mauregard;91360;91216;Épinay-sur-Orge;;;2.318978;48.678253
91216_1720_00018;18;;Rue de la Republique;91360;91216;Épinay-sur-Orge;;;2.331025;48.673104
91216_1500_00030;30;;Rue de Petit Vaux;91360;91216;Épinay-sur-Orge;;;2.329315;48.674322
91216_1540_00036;36;;Rue du Plateau;91360;91216;Épinay-sur-Orge;;;2.317186;48.67545
91216_tcpmku_00001;1;;passage Amélie de Pitteurs;91360;91216;Épinay-sur-Orge;;;2.333426;48.670668
91216_1882_00004;4;;Sentier des Ruelles;91360;91216;Épinay-sur-Orge;;;2.314351;48.666877
91216_1210_00015;15;;Rue Maurice Sarrault;91360;91216;Épinay-sur-Orge;;;2.31755;48.677633
91216_1500_00073;73;;Rue de Petit Vaux;91360;91216;Épinay-sur-Orge;;;2.331659;48.675055
91216_1935_00025;25;;Allée du Saut du Loup;91360;91216;Épinay-sur-Orge;;;2.313809;48.672215
91216_1640_00027;27;;Allee des Primeveres;91360;91216;Épinay-sur-Orge;;;2.31917;48.680875
91216_2100_00017;17;;Rue de la Vallée;91360;91216;Épinay-sur-Orge;;;2.327073;48.67051
91216_0960_00019;19;;Rue des Heribettes;91360;91216;Épinay-sur-Orge;;;2.330253;48.670659
91216_1226_00003;3;;Allée des Merisiers;91360;91216;Épinay-sur-Orge;;;2.322531;48.674472
91216_1070_00006;6;;Rue Joliot Curie;91360;91216;Épinay-sur-Orge;;;2.321681;48.674058
91216_1760_00036;36;;Allee des Roses;91360;91216;Épinay-sur-Orge;;;2.32257;48.680022
91216_1760_00038;38;;Allee des Roses;91360;91216;Épinay-sur-Orge;;;2.322453;48.680091
91216_0810_00010;10;;Rue de la Gatinelle;91360;91216;Épinay-sur-Orge;;;2.321632;48.672567
91216_1500_00013;13;;Rue de Petit Vaux;91360;91216;Épinay-sur-Orge;;;2.327175;48.6739
91216_1150_00034_bis;34;bis;Rue Madeleine Pelletier;91360;91216;Épinay-sur-Orge;;;2.313794;48.67103
91216_1891_00078;78;;Rue du Bois de Balizy;91360;91216;Épinay-sur-Orge;;;2.310753;48.673951
91216_r3face_00001;1;;Rue du Weekend;91360;91216;Épinay-sur-Orge;;;2.333881;48.670163
91216_1280_00014;14;;Rue de la Montagne;91360;91216;Épinay-sur-Orge;;;2.314641;48.665984
91216_0g2rg0_00393;393;;Rue de Ballainvilliers;91360;91216;Épinay-sur-Orge;;;2.303731;48.671814
91216_0441_00010;10;;Rue de la Croix Taron;91360;91216;Épinay-sur-Orge;;;2.330436;48.676122
91216_1330_00093;93;;Rue Nicolas Vaudin;91360;91216;Épinay-sur-Orge;;;2.322486;48.679297
91216_0903_00030;30;;Rue des Hauts Graviers;91360;91216;Épinay-sur-Orge;;;2.32838;48.675566
91216_1034_00016;16;;Rue des Houches;91360;91216;Épinay-sur-Orge;;;2.329067;48.676686
91216_2125_00001;1;;Rue du Vieux Moulin;91360;91216;Épinay-sur-Orge;;;2.334196;48.676475
91216_1240_00007;7;;Rue des Meuniers;91360;91216;Épinay-sur-Orge;;;2.328847;48.669667
91216_0830_00020;20;;Grande Rue;91360;91216;Épinay-sur-Orge;;;2.326901;48.673467
91216_1892_00034;34;;Rue du Coq à l'Huy;91360;91216;Épinay-sur-Orge;;;2.312627;48.675585
91216_0830_00102;102;;Grande Rue;91360;91216;Épinay-sur-Orge;;;2.32092;48.676916
91216_1892_00008;8;;Rue du Coq à l'Huy;91360;91216;Épinay-sur-Orge;;;2.313027;48.674985
91216_2010_00121;121;;Rue des Templiers;91360;91216;Épinay-sur-Orge;;;2.312299;48.677963
91216_2046_00009;9;;Avenue des Tilleuls;91360;91216;Épinay-sur-Orge;;;2.32823;48.669135
91216_0850_00072;72;;Rue de Grand Vaux;91360;91216;Épinay-sur-Orge;;;2.334353;48.673685
91216_1120_00008;8;;Rue Leopold Pillot;91360;91216;Épinay-sur-Orge;;;2.328959;48.67117
91216_0903_00021;21;;Rue des Hauts Graviers;91360;91216;Épinay-sur-Orge;;;2.327038;48.675925
91216_0890_00101;101;;Rue Guynemer;91360;91216;Épinay-sur-Orge;;;2.321303;48.681144
91216_1935_00016;16;;Allée du Saut du Loup;91360;91216;Épinay-sur-Orge;;;2.314321;48.671952
91216_1520_00051;51;;Rue Pierre Brossolette;91360;91216;Épinay-sur-Orge;;;2.331578;48.670022
91216_1930_00021;21;;Rue des Sablons;91360;91216;Épinay-sur-Orge;;;2.320061;48.671824
91216_pdutsb_00004;4;;Rue des Blancs Manteaux;91360;91216;Épinay-sur-Orge;;;2.312517;48.673327
91216_0230_00064;64;;Rue du Breuil;91360;91216;Épinay-sur-Orge;;;2.317157;48.667427
91216_1800_00029;29;;Rue du Rouillon;91360;91216;Épinay-sur-Orge;;;2.314045;48.678189
91216_0350_00044;44;;Rue de la Chevauchée;91360;91216;Épinay-sur-Orge;;;2.31257;48.678698
91216_0180_00039;39;;Rue des Bas Follets;91360;91216;Épinay-sur-Orge;;;2.317001;48.679944
91216_0560_00012;12;;Rue des Ecoles;91360;91216;Épinay-sur-Orge;;;2.325087;48.673526
91216_0384_00008;8;;Rue du Clos Belle;91360;91216;Épinay-sur-Orge;;;2.326957;48.678337
91216_1640_00004;4;;Allee des Primeveres;91360;91216;Épinay-sur-Orge;;;2.320272;48.680212
91216_1257_00010;10;;Rue des Monseaux;91360;91216;Épinay-sur-Orge;;;2.329117;48.673151
91216_0230_00023;23;;Rue du Breuil;91360;91216;Épinay-sur-Orge;;;2.320665;48.669423
91216_1830_00018;18;;Rue des Roulles;91360;91216;Épinay-sur-Orge;;;2.321445;48.671322
91216_0390_00004;4;;Rue du Colonel Manhes;91360;91216;Épinay-sur-Orge;;;2.321239;48.673902
91216_1330_00066;66;;Rue Nicolas Vaudin;91360;91216;Épinay-sur-Orge;;;2.324224;48.678268
91216_0824_00010;10;;Rue Girouise;91360;91216;Épinay-sur-Orge;;;2.330215;48.675341
91216_1500_00101;101;;Rue de Petit Vaux;91360;91216;Épinay-sur-Orge;;;2.333555;48.675799
91216_1930_00025;25;;Rue des Sablons;91360;91216;Épinay-sur-Orge;;;2.319202;48.671529
91216_0470_00066;66;;Rue de la Division Leclerc;91360;91216;Épinay-sur-Orge;;;2.312881;48.671179
91216_0820_00014;14;;Cours du General de Gaulle;91360;91216;Épinay-sur-Orge;;;2.326009;48.672384
91216_0182_00009;9;;Sentier des Bas Follets;91360;91216;Épinay-sur-Orge;;;2.317895;48.680583
91216_0230_00068;68;;Rue du Breuil;91360;91216;Épinay-sur-Orge;;;2.316948;48.667247
91216_0320_00021;21;;Rue du Chemin Vert;91360;91216;Épinay-sur-Orge;;;2.333147;48.672991
91216_1500_00076;76;;Rue de Petit Vaux;91360;91216;Épinay-sur-Orge;;;2.334397;48.675767
91216_1520_00001_bis;1;bis;Rue Pierre Brossolette;91360;91216;Épinay-sur-Orge;;;2.324854;48.671638
91216_1892_00003;3;;Rue du Coq à l'Huy;91360;91216;Épinay-sur-Orge;;;2.313024;48.675212
91216_1500_00092;92;;Rue de Petit Vaux;91360;91216;Épinay-sur-Orge;;;2.335231;48.676331
91216_0850_00005;5;;Rue de Grand Vaux;91360;91216;Épinay-sur-Orge;;;2.332668;48.670685
91216_1520_00055;55;;Rue Pierre Brossolette;91360;91216;Épinay-sur-Orge;;;2.332344;48.669973
91216_1891_00032;32;;Rue du Bois de Balizy;91360;91216;Épinay-sur-Orge;;;2.312676;48.67466
91216_1280_00008;8;;Rue de la Montagne;91360;91216;Épinay-sur-Orge;;;2.314985;48.665693
91216_0830_00126;126;;Grande Rue;91360;91216;Épinay-sur-Orge;;;2.319326;48.677877
91216_0810_00015;15;;Rue de la Gatinelle;91360;91216;Épinay-sur-Orge;;;2.32211;48.67225
91216_1500_00032;32;;Rue de Petit Vaux;91360;91216;Épinay-sur-Orge;;;2.329483;48.674358
91216_2010_00097;97;;Rue des Templiers;91360;91216;Épinay-sur-Orge;;;2.313273;48.677122
91216_1034_00020;20;;Rue des Houches;91360;91216;Épinay-sur-Orge;;;2.329213;48.676978
91216_1410_00019;19;;Rue du Parc;91360;91216;Épinay-sur-Orge;;;2.319812;48.675428
91216_2125_00009;9;;Rue du Vieux Moulin;91360;91216;Épinay-sur-Orge;;;2.334428;48.67672
91216_0180_00019;19;;Rue des Bas Follets;91360;91216;Épinay-sur-Orge;;;2.317891;48.679676
91216_0230_00072;72;;Rue du Breuil;91360;91216;Épinay-sur-Orge;;;2.316824;48.667151
91216_0230_00035;35;;Rue du Breuil;91360;91216;Épinay-sur-Orge;;;2.319063;48.668565
91216_1257_00026;26;;Rue des Monseaux;91360;91216;Épinay-sur-Orge;;;2.329713;48.67402
91216_1562_00016;16;;Rue de la Pointe Galoppin;91360;91216;Épinay-sur-Orge;;;2.326988;48.676992
91216_2316_00001;1;;Impasse de l’Yvette;91360;91216;Épinay-sur-Orge;;;2.327336;48.677724
91216_2125_00013;13;;Rue du Vieux Moulin;91360;91216;Épinay-sur-Orge;;;2.334534;48.676838
91216_1500_00079_a;79;a;Rue de Petit Vaux;91360;91216;Épinay-sur-Orge;;;2.332157;48.67516
91216_0230_00078_bis;78;bis;Rue du Breuil;91360;91216;Épinay-sur-Orge;;;2.316135;48.667029
91216_1103_00006;6;;Impasse des Laurentes;91360;91216;Épinay-sur-Orge;;;2.316829;48.668291
91216_1490_00009;9;;Rue du Petit Parc;91360;91216;Épinay-sur-Orge;;;2.322841;48.673244
91216_0830_00114_d;114;d;Grande Rue;91360;91216;Épinay-sur-Orge;;;2.320853;48.677982
91216_0790_00021;21;;Rue de la Gare;91360;91216;Épinay-sur-Orge;;;2.329991;48.670757
91216_1520_00045;45;;Rue Pierre Brossolette;91360;91216;Épinay-sur-Orge;;;2.330824;48.670337
91216_1150_00010;10;;Rue Madeleine Pelletier;91360;91216;Épinay-sur-Orge;;;2.314636;48.670698
91216_0890_00063;63;;Rue Guynemer;91360;91216;Épinay-sur-Orge;;;2.318355;48.681173
91216_1430_00013;13;;Rue Pasteur;91360;91216;Épinay-sur-Orge;;;2.331941;48.66867
91216_1720_00015;15;;Rue de la Republique;91360;91216;Épinay-sur-Orge;;;2.330773;48.67289
91216_1210_00012;12;;Rue Maurice Sarrault;91360;91216;Épinay-sur-Orge;;;2.317571;48.677806
91216_0410_00019_bis;19;bis;Rue de Corbeil;91360;91216;Épinay-sur-Orge;;;2.330964;48.672014
91216_0230_00082;82;;Rue du Breuil;91360;91216;Épinay-sur-Orge;;;2.316423;48.666734
91216_1730_00004;4;;Impasse de la République;91360;91216;Épinay-sur-Orge;;;2.331123;48.674273
91216_0370_00013;13;;rue de Chevreuse;91360;91216;Épinay-sur-Orge;;;2.314019;48.66509
91216_1210_00004;4;;Rue Maurice Sarrault;91360;91216;Épinay-sur-Orge;;;2.317892;48.678198
91216_0180_00042;42;;Rue des Bas Follets;91360;91216;Épinay-sur-Orge;;;2.317295;48.679749
91216_0830_00029;29;;Grande Rue;91360;91216;Épinay-sur-Orge;;;2.325169;48.674386
91216_0350_00002;2;;Rue de la Chevauchée;91360;91216;Épinay-sur-Orge;;;2.31515;48.679698
91216_1330_00081;81;;Rue Nicolas Vaudin;91360;91216;Épinay-sur-Orge;;;2.322871;48.679059
91216_1330_00060;60;;Rue Nicolas Vaudin;91360;91216;Épinay-sur-Orge;;;2.324069;48.678017
91216_1360_00035;35;;Rue d’Oradour sur Glane;91360;91216;Épinay-sur-Orge;;;2.314589;48.67731
91216_0255_00040;40;;Rue des Cedres;91360;91216;Épinay-sur-Orge;;;2.316503;48.673918
91216_1410_00035_ter;35;ter;Rue du Parc;91360;91216;Épinay-sur-Orge;;;2.318025;48.674779
91216_1930_00009;9;;Rue des Sablons;91360;91216;Épinay-sur-Orge;;;2.321038;48.672158
91216_0441_00021;21;;Rue de la Croix Taron;91360;91216;Épinay-sur-Orge;;;2.331544;48.676503
91216_0580_00029_bis;29;bis;Rue de l'Eglise;91360;91216;Épinay-sur-Orge;;;2.324552;48.670514
91216_1330_00025;25;;Rue Nicolas Vaudin;91360;91216;Épinay-sur-Orge;;;2.32252;48.678117
91216_1800_00016;16;;Rue du Rouillon;91360;91216;Épinay-sur-Orge;;;2.314057;48.678413
91216_0100_00001_bis;1;bis;Rue d'Athis;91360;91216;Épinay-sur-Orge;;;2.322975;48.676645
91216_0215_00002;2;;Impasse du Billoir;91360;91216;Épinay-sur-Orge;;;2.314873;48.671494
91216_1210_00021;21;;Rue Maurice Sarrault;91360;91216;Épinay-sur-Orge;;;2.317348;48.677377
91216_0820_00003;3;;Cours du General de Gaulle;91360;91216;Épinay-sur-Orge;;;2.327145;48.673062
91216_0830_00080_bis;80;bis;Grande Rue;91360;91216;Épinay-sur-Orge;;;2.322569;48.675977
91216_0350_00020;20;;Rue de la Chevauchée;91360;91216;Épinay-sur-Orge;;;2.313992;48.679211
91216_1670_00004;4;;Rue des 4 Vents;91360;91216;Épinay-sur-Orge;;;2.321112;48.676309
91216_1330_00018;18;;Rue Nicolas Vaudin;91360;91216;Épinay-sur-Orge;;;2.322345;48.678125
91216_1410_00021;21;;Rue du Parc;91360;91216;Épinay-sur-Orge;;;2.319579;48.675368
91216_0890_00071;71;;Rue Guynemer;91360;91216;Épinay-sur-Orge;;;2.3192;48.681301
91216_1180_00026;26;;Rue du Mauregard;91360;91216;Épinay-sur-Orge;;;2.321131;48.680359
91216_0920_00075;75;;Rue Henri Dunant;91360;91216;Épinay-sur-Orge;;;2.322099;48.681251
91216_0790_00012;12;;Rue de la Gare;91360;91216;Épinay-sur-Orge;;;2.32889;48.671827
91216_0890_00028;28;;Rue Guynemer;91360;91216;Épinay-sur-Orge;;;2.31873;48.68053
91216_1240_00020;20;;Rue des Meuniers;91360;91216;Épinay-sur-Orge;;;2.328913;48.669731
91216_0430_00046;46;;Rue du Coteau;91360;91216;Épinay-sur-Orge;;;2.315216;48.676685
91216_1105_00005;5;;Voie des Laurentes;91360;91216;Épinay-sur-Orge;;;2.317101;48.668696
91216_7jsf1l_00006;6;;Rue Gisèle Halimi;91360;91216;Épinay-sur-Orge;;;2.313472;48.67001
91216_2046_00007;7;;Avenue des Tilleuls;91360;91216;Épinay-sur-Orge;;;2.328437;48.669242
91216_pdutsb_00021;21;;Rue des Blancs Manteaux;91360;91216;Épinay-sur-Orge;;;2.311993;48.674824
91216_0830_00018_bis;18;bis;Grande Rue;91360;91216;Épinay-sur-Orge;;;2.326995;48.67341
91216_0710_00006;6;;Rue de la Fontaine Bridel;91360;91216;Épinay-sur-Orge;;;2.323243;48.671479
91216_1226_00007;7;;Allée des Merisiers;91360;91216;Épinay-sur-Orge;;;2.32233;48.674412
91216_2010_00129;129;;Rue des Templiers;91360;91216;Épinay-sur-Orge;;;2.311997;48.678227
91216_1330_00048_bis;48;bis;Rue Nicolas Vaudin;91360;91216;Épinay-sur-Orge;;;2.323774;48.67745
91216_1210_00019;19;;Rue Maurice Sarrault;91360;91216;Épinay-sur-Orge;;;2.31741;48.677466
91216_1330_00046;46;;Rue Nicolas Vaudin;91360;91216;Épinay-sur-Orge;;;2.323523;48.677518
91216_1891_00076;76;;Rue du Bois de Balizy;91360;91216;Épinay-sur-Orge;;;2.310669;48.674066
91216_1257_00010_bis;10;bis;Rue des Monseaux;91360;91216;Épinay-sur-Orge;;;2.329188;48.673246
91216_1520_00019;19;;Rue Pierre Brossolette;91360;91216;Épinay-sur-Orge;;;2.326852;48.671311
91216_0850_00029;29;;Rue de Grand Vaux;91360;91216;Épinay-sur-Orge;;;2.332789;48.671595
91216_1891_00049;49;;Rue du Bois de Balizy;91360;91216;Épinay-sur-Orge;;;2.31165;48.673518
91216_1891_00012;12;;Rue du Bois de Balizy;91360;91216;Épinay-sur-Orge;;;2.312808;48.673823
91216_1500_00099;99;;Rue de Petit Vaux;91360;91216;Épinay-sur-Orge;;;2.333379;48.675735
91216_0470_00075;75;;Rue de la Division Leclerc;91360;91216;Épinay-sur-Orge;;;2.314304;48.6714
91216_0790_00009;9;;Rue de la Gare;91360;91216;Épinay-sur-Orge;;;2.329042;48.671779
91216_1720_00052_bis;52;bis;Rue de la Republique;91360;91216;Épinay-sur-Orge;;;2.332237;48.674421
91216_2125_00022;22;;Rue du Vieux Moulin;91360;91216;Épinay-sur-Orge;;;2.333719;48.677093
91216_0470_00020;20;;Rue de la Division Leclerc;91360;91216;Épinay-sur-Orge;;;2.321888;48.673327
91216_0182_00023;23;;Sentier des Bas Follets;91360;91216;Épinay-sur-Orge;;;2.318922;48.679785
91216_0180_00046;46;;Rue des Bas Follets;91360;91216;Épinay-sur-Orge;;;2.317523;48.679384
91216_1500_00024;24;;Rue de Petit Vaux;91360;91216;Épinay-sur-Orge;;;2.328353;48.674104
91216_0350_00038;38;;Rue de la Chevauchée;91360;91216;Épinay-sur-Orge;;;2.312927;48.678826
91216_2125_00051;51;;Rue du Vieux Moulin;91360;91216;Épinay-sur-Orge;;;2.33339;48.676982
91216_0430_00028;28;;Rue du Coteau;91360;91216;Épinay-sur-Orge;;;2.315736;48.677309
91216_1330_00033;33;;Rue Nicolas Vaudin;91360;91216;Épinay-sur-Orge;;;2.322814;48.677978
91216_1575_00008;8;;Allée des Pommiers;91360;91216;Épinay-sur-Orge;;;2.310475;48.673462
91216_1891_00074;74;;Rue du Bois de Balizy;91360;91216;Épinay-sur-Orge;;;2.310573;48.67413
91216_1330_00016;16;;Rue Nicolas Vaudin;91360;91216;Épinay-sur-Orge;;;2.322205;48.678189
91216_vklq0z_00005;5;;Allée des Jardins de Petit Vaux;91360;91216;Épinay-sur-Orge;;;2.332879;48.676212
91216_0350_00011;11;;Rue de la Chevauchée;91360;91216;Épinay-sur-Orge;;;2.313639;48.678978
91216_1388_00006;6;;Allee de l'Orme Quesneau;91360;91216;Épinay-sur-Orge;;;2.318481;48.672943
91216_2070_00009_bis;9;bis;Chemin des Tourelles;91360;91216;Épinay-sur-Orge;;;2.334738;48.669141
91216_0255_00034;34;;Rue des Cedres;91360;91216;Épinay-sur-Orge;;;2.316864;48.673534
91216_0350_00016;16;;Rue de la Chevauchée;91360;91216;Épinay-sur-Orge;;;2.314243;48.679299
91216_1240_00033;33;;Rue des Meuniers;91360;91216;Épinay-sur-Orge;;;2.325356;48.670667
91216_1210_00046;46;;Rue Maurice Sarrault;91360;91216;Épinay-sur-Orge;;;2.315778;48.675652
91216_1930_00024;24;;Rue des Sablons;91360;91216;Épinay-sur-Orge;;;2.319747;48.671831
91216_2210_00010;10;;Place du 24 Aout;91360;91216;Épinay-sur-Orge;;;2.315315;48.665058
91216_1632_00020;20;;Voie des Pres;91360;91216;Épinay-sur-Orge;;;2.326158;48.668812
91216_1780_00009;9;;Rue des Rossays;91360;91216;Épinay-sur-Orge;;;2.33455;48.671949
91216_1410_00035_bis;35;bis;Rue du Parc;91360;91216;Épinay-sur-Orge;;;2.318168;48.674829
91216_1410_00045;45;;Rue du Parc;91360;91216;Épinay-sur-Orge;;;2.316975;48.674436
91216_0830_00010;10;;Grande Rue;91360;91216;Épinay-sur-Orge;;;2.327513;48.67312
91216_1410_00017;17;;Rue du Parc;91360;91216;Épinay-sur-Orge;;;2.319952;48.675478
91216_1500_00109_bis;109;bis;Rue de Petit Vaux;91360;91216;Épinay-sur-Orge;;;2.333945;48.676104
91216_1950_00008;8;;Rue de Sillery;91360;91216;Épinay-sur-Orge;;;2.324446;48.675327
91216_0230_00049;49;;Rue du Breuil;91360;91216;Épinay-sur-Orge;;;2.316984;48.667158
91216_1257_00017_bis;17;bis;Rue des Monseaux;91360;91216;Épinay-sur-Orge;;;2.329491;48.673924
91216_2100_00022;22;;Rue de la Vallée;91360;91216;Épinay-sur-Orge;;;2.327712;48.670569
91216_1180_00003;3;;Rue du Mauregard;91360;91216;Épinay-sur-Orge;;;2.319694;48.678765
91216_0620_00013;13;;Rue d’Estienne d’Orves;91360;91216;Épinay-sur-Orge;;;2.317782;48.675709
91216_1500_00067;67;;Rue de Petit Vaux;91360;91216;Épinay-sur-Orge;;;2.331184;48.674866
91216_1540_00001;1;;Rue du Plateau;91360;91216;Épinay-sur-Orge;;;2.319045;48.677765
91216_0920_00103;103;;Rue Henri Dunant;91360;91216;Épinay-sur-Orge;;;2.320837;48.681922
91216_1430_00007;7;;Rue Pasteur;91360;91216;Épinay-sur-Orge;;;2.33185;48.669002
91216_1430_00022;22;;Rue Pasteur;91360;91216;Épinay-sur-Orge;;;2.332688;48.667793
91216_0890_00046;46;;Rue Guynemer;91360;91216;Épinay-sur-Orge;;;2.318614;48.681153
91216_0890_00051;51;;Rue Guynemer;91360;91216;Épinay-sur-Orge;;;2.318275;48.680791
91216_1602_00016;16;;Rue du Pont Rubeau;91360;91216;Épinay-sur-Orge;;;2.326948;48.677653
91216_0050_00002;2;;Impasse de l'Ancien Lavoir;91360;91216;Épinay-sur-Orge;;;2.326933;48.669364
91216_1540_00034;34;;Rue du Plateau;91360;91216;Épinay-sur-Orge;;;2.317233;48.675536
91216_1640_00017;17;;Allee des Primeveres;91360;91216;Épinay-sur-Orge;;;2.319435;48.680693
91216_1380_00019;19;;Rue de l'Orge;91360;91216;Épinay-sur-Orge;;;2.331086;48.668076
91216_2130_00025;25;;Rue des Vignes;91360;91216;Épinay-sur-Orge;;;2.319828;48.671418
91216_1740_00020;20;;Rue de Rivoli;91360;91216;Épinay-sur-Orge;;;2.314746;48.664591
91216_1774_00008;8;;Allée des Rossays;91360;91216;Épinay-sur-Orge;;;2.334198;48.670871
91216_0430_00019;19;;Rue du Coteau;91360;91216;Épinay-sur-Orge;;;2.316138;48.677601
91216_0850_00035;35;;Rue de Grand Vaux;91360;91216;Épinay-sur-Orge;;;2.333188;48.672529
91216_0255_00003;3;;Rue des Cedres;91360;91216;Épinay-sur-Orge;;;2.319262;48.673054
91216_1930_00002;2;;Rue des Sablons;91360;91216;Épinay-sur-Orge;;;2.321575;48.672442
91216_0830_00006;6;;Grande Rue;91360;91216;Épinay-sur-Orge;;;2.327722;48.672986
91216_0830_00148;148;;Grande Rue;91360;91216;Épinay-sur-Orge;;;2.317533;48.678889
91216_1632_00040;40;;Voie des Pres;91360;91216;Épinay-sur-Orge;;;2.329623;48.668009
91216_1240_00052;52;;Rue des Meuniers;91360;91216;Épinay-sur-Orge;;;2.325301;48.670749
91216_1740_00018;18;;Rue de Rivoli;91360;91216;Épinay-sur-Orge;;;2.314908;48.664658
91216_0830_00021;21;;Grande Rue;91360;91216;Épinay-sur-Orge;;;2.325667;48.674092
91216_7jsf1l_00015;15;;Rue Gisèle Halimi;91360;91216;Épinay-sur-Orge;;;2.313763;48.670185
91216_1892_00010;10;;Rue du Coq à l'Huy;91360;91216;Épinay-sur-Orge;;;2.313075;48.675017
91216_0180_00012;12;;Rue des Bas Follets;91360;91216;Épinay-sur-Orge;;;2.31724;48.679969
91216_1280_00007;7;;Rue de la Montagne;91360;91216;Épinay-sur-Orge;;;2.315161;48.665474
91216_1960_00010;10;;Voie des Sources;91360;91216;Épinay-sur-Orge;;;2.318685;48.669381
91216_0830_00071;71;;Grande Rue;91360;91216;Épinay-sur-Orge;;;2.319239;48.677763
91216_0230_00086;86;;Rue du Breuil;91360;91216;Épinay-sur-Orge;;;2.316085;48.666194
91216_1640_00006;6;;Allee des Primeveres;91360;91216;Épinay-sur-Orge;;;2.320234;48.680234
91216_0850_00030;30;;Rue de Grand Vaux;91360;91216;Épinay-sur-Orge;;;2.333459;48.672371
91216_2100_00016;16;;Rue de la Vallée;91360;91216;Épinay-sur-Orge;;;2.327055;48.670402
91216_1632_00050;50;;Voie des Pres;91360;91216;Épinay-sur-Orge;;;2.330432;48.667806
91216_0920_00043;43;;Rue Henri Dunant;91360;91216;Épinay-sur-Orge;;;2.324155;48.679892
91216_1935_00017;17;;Allée du Saut du Loup;91360;91216;Épinay-sur-Orge;;;2.31398;48.672058
91216_0850_00024;24;;Rue de Grand Vaux;91360;91216;Épinay-sur-Orge;;;2.33296;48.671495
91216_0180_00040;40;;Rue des Bas Follets;91360;91216;Épinay-sur-Orge;;;2.317166;48.679842
91216_1500_00080;80;;Rue de Petit Vaux;91360;91216;Épinay-sur-Orge;;;2.33433;48.675885
91216_0430_00011;11;;Rue du Coteau;91360;91216;Épinay-sur-Orge;;;2.316579;48.678109
91216_2010_00042;42;;Rue des Templiers;91360;91216;Épinay-sur-Orge;;;2.312909;48.677585
91216_1720_00037;37;;Rue de la Republique;91360;91216;Épinay-sur-Orge;;;2.331988;48.674265
91216_0387_00006;6;;Sentier du College;91360;91216;Épinay-sur-Orge;;;2.320508;48.678713
91216_1540_00031;31;;Rue du Plateau;91360;91216;Épinay-sur-Orge;;;2.317037;48.674963
91216_0890_00044;44;;Rue Guynemer;91360;91216;Épinay-sur-Orge;;;2.318541;48.681141
91216_1240_00030;30;;Rue des Meuniers;91360;91216;Épinay-sur-Orge;;;2.328017;48.669973
91216_1935_00056;56;;Allée du Saut du Loup;91360;91216;Épinay-sur-Orge;;;2.313373;48.672193
91216_1891_00048;48;;Rue du Bois de Balizy;91360;91216;Épinay-sur-Orge;;;2.31162;48.675486
91216_0920_00047;47;;Rue Henri Dunant;91360;91216;Épinay-sur-Orge;;;2.324049;48.67996
91216_0470_00008;8;;Rue de la Division Leclerc;91360;91216;Épinay-sur-Orge;;;2.322825;48.673985
91216_1490_00011;11;;Rue du Petit Parc;91360;91216;Épinay-sur-Orge;;;2.322706;48.673263
91216_0620_00020;20;;Rue d’Estienne d’Orves;91360;91216;Épinay-sur-Orge;;;2.317314;48.676741
91216_1930_00028;28;;Rue des Sablons;91360;91216;Épinay-sur-Orge;;;2.319192;48.67161
91216_1410_00033;33;;Rue du Parc;91360;91216;Épinay-sur-Orge;;;2.318642;48.675024
91216_2150_00005;5;;Rue de Villemoisson;91360;91216;Épinay-sur-Orge;;;2.316462;48.665291
91216_1500_00003;3;;Rue de Petit Vaux;91360;91216;Épinay-sur-Orge;;;2.32665;48.673781
91216_0600_00025;25;;Rue de l'Esplanade;91360;91216;Épinay-sur-Orge;;;2.328431;48.671268
91216_1990_00002_a;2;a;Rue de la Station;91360;91216;Épinay-sur-Orge;;;2.334632;48.67452
91216_1520_00040;40;;Rue Pierre Brossolette;91360;91216;Épinay-sur-Orge;;;2.329615;48.670664
91216_0903_00022;22;;Rue des Hauts Graviers;91360;91216;Épinay-sur-Orge;;;2.32745;48.675954
91216_1120_00015;15;;Rue Leopold Pillot;91360;91216;Épinay-sur-Orge;;;2.329229;48.671275
91216_0850_00004;4;;Rue de Grand Vaux;91360;91216;Épinay-sur-Orge;;;2.332964;48.670027
91216_1500_00047;47;;Rue de Petit Vaux;91360;91216;Épinay-sur-Orge;;;2.329286;48.674379
91216_1740_00008;8;;Rue de Rivoli;91360;91216;Épinay-sur-Orge;;;2.315286;48.664834
91216_1500_00029;29;;Rue de Petit Vaux;91360;91216;Épinay-sur-Orge;;;2.328079;48.674107
91216_0760_00006;6;;Place Gabriel Peri;91360;91216;Épinay-sur-Orge;;;2.317155;48.675927
91216_1560_00011;11;;Rue de la Pointe;91360;91216;Épinay-sur-Orge;;;2.312838;48.678339
91216_1240_00003;3;;Rue des Meuniers;91360;91216;Épinay-sur-Orge;;;2.32935;48.669521
91216_0850_00068;68;;Rue de Grand Vaux;91360;91216;Épinay-sur-Orge;;;2.334254;48.673594
91216_0430_00054;54;;Rue du Coteau;91360;91216;Épinay-sur-Orge;;;2.314781;48.676147
91216_7jsf1l_00004;4;;Rue Gisèle Halimi;91360;91216;Épinay-sur-Orge;;;2.313591;48.669729
91216_0318_00003;3;;Clos du Chemin Vert;91360;91216;Épinay-sur-Orge;;;2.333752;48.674973
91216_0490_00003;3;;Rue du Docteur Charcot;91360;91216;Épinay-sur-Orge;;;2.321733;48.680466
91216_1500_00006;6;;Rue de Petit Vaux;91360;91216;Épinay-sur-Orge;;;2.327066;48.673813
91216_0920_00106;106;;Rue Henri Dunant;91360;91216;Épinay-sur-Orge;;;2.322033;48.681365
91216_2130_00037;37;;Rue des Vignes;91360;91216;Épinay-sur-Orge;;;2.318591;48.67233
91216_1330_00048;48;;Rue Nicolas Vaudin;91360;91216;Épinay-sur-Orge;;;2.323642;48.677458
91216_1430_00001;1;;Rue Pasteur;91360;91216;Épinay-sur-Orge;;;2.3326;48.669212
91216_0890_00043;43;;Rue Guynemer;91360;91216;Épinay-sur-Orge;;;2.318536;48.680578
91216_2125_00007;7;;Rue du Vieux Moulin;91360;91216;Épinay-sur-Orge;;;2.334383;48.676673
91216_1430_00005;5;;Rue Pasteur;91360;91216;Épinay-sur-Orge;;;2.332134;48.669094
91216_1330_00009;9;;Rue Nicolas Vaudin;91360;91216;Épinay-sur-Orge;;;2.321908;48.678408
91216_1800_00022;22;;Rue du Rouillon;91360;91216;Épinay-sur-Orge;;;2.313863;48.67818
91216_7jsf1l_00007;7;;Rue Gisèle Halimi;91360;91216;Épinay-sur-Orge;;;2.313328;48.669916
91216_1760_00016;16;;Allee des Roses;91360;91216;Épinay-sur-Orge;;;2.323321;48.67955
91216_1500_00047_bis;47;bis;Rue de Petit Vaux;91360;91216;Épinay-sur-Orge;;;2.329387;48.674403
91216_1670_00032;32;;Rue des 4 Vents;91360;91216;Épinay-sur-Orge;;;2.315559;48.676047
91216_1330_00104;104;;Rue Nicolas Vaudin;91360;91216;Épinay-sur-Orge;;;2.322339;48.679359
91216_0903_00032;32;;Rue des Hauts Graviers;91360;91216;Épinay-sur-Orge;;;2.328446;48.675522
91216_2100_00007;7;;Rue de la Vallée;91360;91216;Épinay-sur-Orge;;;2.32545;48.670097
91216_1380_00020;20;;Rue de l'Orge;91360;91216;Épinay-sur-Orge;;;2.330676;48.668322
91216_1935_00001;1;;Allée du Saut du Loup;91360;91216;Épinay-sur-Orge;;;2.314377;48.671752
91216_1891_00034;34;;Rue du Bois de Balizy;91360;91216;Épinay-sur-Orge;;;2.312602;48.674873
91216_0960_00006;6;;Rue des Heribettes;91360;91216;Épinay-sur-Orge;;;2.330621;48.671322
91216_1540_00023;23;;Rue du Plateau;91360;91216;Épinay-sur-Orge;;;2.317253;48.675401
91216_1180_00036;36;;Rue du Mauregard;91360;91216;Épinay-sur-Orge;;;2.320626;48.680679
91216_0441_00013;13;;Rue de la Croix Taron;91360;91216;Épinay-sur-Orge;;;2.330756;48.676395
91216_0470_00053;53;;Rue de la Division Leclerc;91360;91216;Épinay-sur-Orge;;;2.31676;48.671958
91216_2010_00044;44;;Rue des Templiers;91360;91216;Épinay-sur-Orge;;;2.312821;48.677673
91216_1910_00041;41;;Chemin des Sablons;91360;91216;Épinay-sur-Orge;;;2.317667;48.671178
91216_1507_00005;5;;Impasse des Perreulx;91360;91216;Épinay-sur-Orge;;;2.328168;48.677437
91216_1500_00093_a;93;a;Rue de Petit Vaux;91360;91216;Épinay-sur-Orge;;;2.332781;48.675499
91216_1760_00025;25;;Allee des Roses;91360;91216;Épinay-sur-Orge;;;2.322807;48.679832
91216_0230_00037;37;;Rue du Breuil;91360;91216;Épinay-sur-Orge;;;2.318891;48.668467
91216_1935_00021;21;;Allée du Saut du Loup;91360;91216;Épinay-sur-Orge;;;2.313913;48.672155
91216_1500_00053;53;;Rue de Petit Vaux;91360;91216;Épinay-sur-Orge;;;2.329856;48.674514
91216_1935_00034;34;;Allée du Saut du Loup;91360;91216;Épinay-sur-Orge;;;2.314006;48.67231
91216_0830_00012;12;;Grande Rue;91360;91216;Épinay-sur-Orge;;;2.32743;48.673171
91216_0230_00094;94;;Rue du Breuil;91360;91216;Épinay-sur-Orge;;;2.315492;48.665625
91216_0320_00029;29;;Rue du Chemin Vert;91360;91216;Épinay-sur-Orge;;;2.333403;48.673344
91216_2125_00003;3;;Rue du Vieux Moulin;91360;91216;Épinay-sur-Orge;;;2.33427;48.676562
91216_1540_00018;18;;Rue du Plateau;91360;91216;Épinay-sur-Orge;;;2.318355;48.677089
91216_1640_00026;26;;Allee des Primeveres;91360;91216;Épinay-sur-Orge;;;2.319619;48.680616
91216_1640_00024;24;;Allee des Primeveres;91360;91216;Épinay-sur-Orge;;;2.319651;48.680594
91216_2130_00015;15;;Rue des Vignes;91360;91216;Épinay-sur-Orge;;;2.319924;48.670976
91216_1330_00042;42;;Rue Nicolas Vaudin;91360;91216;Épinay-sur-Orge;;;2.323404;48.677584
91216_1950_00031;31;;Rue de Sillery;91360;91216;Épinay-sur-Orge;;;2.325938;48.678061
91216_1210_00016;16;;Rue Maurice Sarrault;91360;91216;Épinay-sur-Orge;;;2.317406;48.677611
91216_0940_00016;16;;Rue Henri IV;91360;91216;Épinay-sur-Orge;;;2.324532;48.678904
91216_0920_00074;74;;Rue Henri Dunant;91360;91216;Épinay-sur-Orge;;;2.323109;48.680676
91216_0384_00010;10;;Rue du Clos Belle;91360;91216;Épinay-sur-Orge;;;2.32684;48.678405
91216_1180_00039;39;;Rue du Mauregard;91360;91216;Épinay-sur-Orge;;;2.321228;48.680222
91216_0470_00077;77;;Rue de la Division Leclerc;91360;91216;Épinay-sur-Orge;;;2.314177;48.671384
91216_0410_00035;35;;Rue de Corbeil;91360;91216;Épinay-sur-Orge;;;2.332383;48.670477
91216_1240_00035;35;;Rue des Meuniers;91360;91216;Épinay-sur-Orge;;;2.325149;48.670725
91216_1820_00002_a;2;a;Chemin des Roulles;91360;91216;Épinay-sur-Orge;;;2.313491;48.667446
91216_2046_00014_bis;14;bis;Avenue des Tilleuls;91360;91216;Épinay-sur-Orge;;;2.328246;48.669523
91216_1930_00014;14;;Rue des Sablons;91360;91216;Épinay-sur-Orge;;;2.320526;48.672058
91216_1430_00008_bis;8;bis;Rue Pasteur;91360;91216;Épinay-sur-Orge;;;2.332;48.668525
91216_0600_00007;7;;Rue de l'Esplanade;91360;91216;Épinay-sur-Orge;;;2.327183;48.671978
91216_2010_00079;79;;Rue des Templiers;91360;91216;Épinay-sur-Orge;;;2.313808;48.676675
91216_1950_00022;22;;Rue de Sillery;91360;91216;Épinay-sur-Orge;;;2.32579;48.677323
91216_2010_00081;81;;Rue des Templiers;91360;91216;Épinay-sur-Orge;;;2.313762;48.676711
91216_2100_00020;20;;Rue de la Vallée;91360;91216;Épinay-sur-Orge;;;2.327575;48.670535
91216_0920_00029;29;;Rue Henri Dunant;91360;91216;Épinay-sur-Orge;;;2.324826;48.679435
91216_0920_00057_bis;57;bis;Rue Henri Dunant;91360;91216;Épinay-sur-Orge;;;2.322929;48.680167
91216_0903_00013;13;;Rue des Hauts Graviers;91360;91216;Épinay-sur-Orge;;;2.326315;48.675742
91216_1960_00006;6;;Voie des Sources;91360;91216;Épinay-sur-Orge;;;2.318943;48.669411
91216_2010_00007;7;;Rue des Templiers;91360;91216;Épinay-sur-Orge;;;2.316156;48.674722
91216_1280_00033;33;;Rue de la Montagne;91360;91216;Épinay-sur-Orge;;;2.313623;48.666672
91216_1330_00049;49;;Rue Nicolas Vaudin;91360;91216;Épinay-sur-Orge;;;2.32375;48.677865
91216_0255_00026;26;;Rue des Cedres;91360;91216;Épinay-sur-Orge;;;2.317925;48.673413
91216_0850_00002_bis;2;bis;Rue de Grand Vaux;91360;91216;Épinay-sur-Orge;;;2.332835;48.670006
91216_1180_00050;50;;Rue du Mauregard;91360;91216;Épinay-sur-Orge;;;2.3202;48.680949
91216_0830_00078_bis;78;bis;Grande Rue;91360;91216;Épinay-sur-Orge;;;2.322775;48.675862
91216_0580_00004_bis;4;bis;Rue de l'Eglise;91360;91216;Épinay-sur-Orge;;;2.323933;48.674052
91216_1602_00011;11;;Rue du Pont Rubeau;91360;91216;Épinay-sur-Orge;;;2.327311;48.677338
91216_1892_00014;14;;Rue du Coq à l'Huy;91360;91216;Épinay-sur-Orge;;;2.313289;48.675106
91216_1950_00013;13;;Rue de Sillery;91360;91216;Épinay-sur-Orge;;;2.324682;48.675936
91216_0940_00022;22;;Rue Henri IV;91360;91216;Épinay-sur-Orge;;;2.324707;48.678686
91216_0790_00004;4;;Rue de la Gare;91360;91216;Épinay-sur-Orge;;;2.328535;48.672226
91216_0100_00003_bis;3;bis;Rue d'Athis;91360;91216;Épinay-sur-Orge;;;2.323722;48.676869
91216_1330_00038;38;;Rue Nicolas Vaudin;91360;91216;Épinay-sur-Orge;;;2.323269;48.677653
91216_1820_00004;4;;Chemin des Roulles;91360;91216;Épinay-sur-Orge;;;2.313747;48.667651
91216_0230_00029;29;;Rue du Breuil;91360;91216;Épinay-sur-Orge;;;2.320019;48.669058
91216_0490_00009;9;;Rue du Docteur Charcot;91360;91216;Épinay-sur-Orge;;;2.322266;48.680838
91216_0410_00029;29;;Rue de Corbeil;91360;91216;Épinay-sur-Orge;;;2.331918;48.671108
91216_1820_00016;16;;Chemin des Roulles;91360;91216;Épinay-sur-Orge;;;2.314632;48.668379
91216_2070_00017;17;;Chemin des Tourelles;91360;91216;Épinay-sur-Orge;;;2.3359;48.669186
91216_1830_00021;21;;Rue des Roulles;91360;91216;Épinay-sur-Orge;;;2.321066;48.671016
91216_0920_00056;56;;Rue Henri Dunant;91360;91216;Épinay-sur-Orge;;;2.323879;48.680161
91216_1910_00070;70;;Chemin des Sablons;91360;91216;Épinay-sur-Orge;;;2.314032;48.669738
91216_1950_00029_bis;29;bis;Rue de Sillery;91360;91216;Épinay-sur-Orge;;;2.325919;48.678033
91216_0320_00015;15;;Rue du Chemin Vert;91360;91216;Épinay-sur-Orge;;;2.332918;48.672564
91216_1180_00047;47;;Rue du Mauregard;91360;91216;Épinay-sur-Orge;;;2.320777;48.680496
91216_1330_00005;5;;Rue Nicolas Vaudin;91360;91216;Épinay-sur-Orge;;;2.321727;48.6785
91216_0419_00011;11;;Impasse du Court Riage;91360;91216;Épinay-sur-Orge;;;2.329339;48.67619
91216_0470_00004;4;;Rue de la Division Leclerc;91360;91216;Épinay-sur-Orge;;;2.32312;48.673655
91216_1891_00058;58;;Rue du Bois de Balizy;91360;91216;Épinay-sur-Orge;;;2.311159;48.675038
91216_1800_00017;17;;Rue du Rouillon;91360;91216;Épinay-sur-Orge;;;2.314535;48.678776
91216_0210_00006;6;;Rue de Bellevue;91360;91216;Épinay-sur-Orge;;;2.320048;48.675944
91216_1070_00001;1;;Rue Joliot Curie;91360;91216;Épinay-sur-Orge;;;2.321691;48.673934
91216_0920_00136;136;;Rue Henri Dunant;91360;91216;Épinay-sur-Orge;;;2.320947;48.682049
91216_1150_00046;46;;Rue Madeleine Pelletier;91360;91216;Épinay-sur-Orge;;;2.313147;48.671858
91216_1935_00004;4;;Allée du Saut du Loup;91360;91216;Épinay-sur-Orge;;;2.314487;48.671795
91216_1330_00054;54;;Rue Nicolas Vaudin;91360;91216;Épinay-sur-Orge;;;2.323696;48.677725
91216_2130_00007;7;;Rue des Vignes;91360;91216;Épinay-sur-Orge;;;2.319615;48.670388
91216_0820_00030;30;;Cours du General de Gaulle;91360;91216;Épinay-sur-Orge;;;2.328106;48.672449
91216_0230_00022;22;;Rue du Breuil;91360;91216;Épinay-sur-Orge;;;2.31958;48.668975
91216_1640_00040;40;;Allee des Primeveres;91360;91216;Épinay-sur-Orge;;;2.31897;48.681077
91216_1755_00020;20;;Rue Rosa Parks;91360;91216;Épinay-sur-Orge;;;2.311904;48.671919
91216_0890_00089;89;;Rue Guynemer;91360;91216;Épinay-sur-Orge;;;2.320805;48.681454
91216_2125_00031;31;;Rue du Vieux Moulin;91360;91216;Épinay-sur-Orge;;;2.33399;48.677068
91216_1910_00051;51;;Chemin des Sablons;91360;91216;Épinay-sur-Orge;;;2.316435;48.670764
91216_1380_00021_bis;21;bis;Rue de l'Orge;91360;91216;Épinay-sur-Orge;;;2.330862;48.668156
91216_1540_00022;22;;Rue du Plateau;91360;91216;Épinay-sur-Orge;;;2.318253;48.676931
91216_0255_00021;21;;Rue des Cedres;91360;91216;Épinay-sur-Orge;;;2.317251;48.673277
91216_1034_00014;14;;Rue des Houches;91360;91216;Épinay-sur-Orge;;;2.328915;48.676696
91216_1820_00022;22;;Chemin des Roulles;91360;91216;Épinay-sur-Orge;;;2.31503;48.668572
91216_1632_00006;6;;Voie des Pres;91360;91216;Épinay-sur-Orge;;;2.323067;48.66986
91216_0370_00019;19;;rue de Chevreuse;91360;91216;Épinay-sur-Orge;;;2.31403;48.664694
91216_0920_00088;88;;Rue Henri Dunant;91360;91216;Épinay-sur-Orge;;;2.322622;48.681008
91216_1500_00034;34;;Rue de Petit Vaux;91360;91216;Épinay-sur-Orge;;;2.329714;48.674416
91216_1562_00005;5;;Rue de la Pointe Galoppin;91360;91216;Épinay-sur-Orge;;;2.325715;48.676544
91216_1960_00005;5;;Voie des Sources;91360;91216;Épinay-sur-Orge;;;2.318506;48.66926
91216_0255_00036;36;;Rue des Cedres;91360;91216;Épinay-sur-Orge;;;2.316725;48.673669
91216_1891_00088;88;;Rue du Bois de Balizy;91360;91216;Épinay-sur-Orge;;;2.311504;48.673523
91216_1520_00037;37;;Rue Pierre Brossolette;91360;91216;Épinay-sur-Orge;;;2.329138;48.670893
91216_0560_00016;16;;Rue des Ecoles;91360;91216;Épinay-sur-Orge;;;2.324216;48.673589
91216_1935_00048;48;;Allée du Saut du Loup;91360;91216;Épinay-sur-Orge;;;2.313672;48.672348
91216_1150_00036;36;;Rue Madeleine Pelletier;91360;91216;Épinay-sur-Orge;;;2.313658;48.671458
91216_1330_00100;100;;Rue Nicolas Vaudin;91360;91216;Épinay-sur-Orge;;;2.322543;48.679351
91216_0960_00011;11;;Rue des Heribettes;91360;91216;Épinay-sur-Orge;;;2.330545;48.671087
91216_1720_00005;5;;Rue de la Republique;91360;91216;Épinay-sur-Orge;;;2.330525;48.672451
91216_0790_00023;23;;Rue de la Gare;91360;91216;Épinay-sur-Orge;;;2.330399;48.670329
91216_2010_00017;17;;Rue des Templiers;91360;91216;Épinay-sur-Orge;;;2.315861;48.674977
91216_0940_00001;1;;Rue Henri IV;91360;91216;Épinay-sur-Orge;;;2.324206;48.679191
91216_1257_00005_bis;5;bis;Rue des Monseaux;91360;91216;Épinay-sur-Orge;;;2.329098;48.67328
91216_1380_00015;15;;Rue de l'Orge;91360;91216;Épinay-sur-Orge;;;2.331362;48.668045
91216_1720_00023;23;;Rue de la Republique;91360;91216;Épinay-sur-Orge;;;2.33105;48.673321
91216_1562_00019;19;;Rue de la Pointe Galoppin;91360;91216;Épinay-sur-Orge;;;2.326576;48.676942
91216_0470_00028;28;;Rue de la Division Leclerc;91360;91216;Épinay-sur-Orge;;;2.321406;48.67316
91216_1760_00041;41;;Allee des Roses;91360;91216;Épinay-sur-Orge;;;2.322304;48.680149
91216_1740_00004;4;;Rue de Rivoli;91360;91216;Épinay-sur-Orge;;;2.315373;48.664902
91216_2010_00075;75;;Rue des Templiers;91360;91216;Épinay-sur-Orge;;;2.31395;48.676523
91216_0760_00011;11;;Place Gabriel Peri;91360;91216;Épinay-sur-Orge;;;2.318089;48.676076
91216_1910_00046;46;;Chemin des Sablons;91360;91216;Épinay-sur-Orge;;;2.3172;48.671067
91216_0890_00035;35;;Rue Guynemer;91360;91216;Épinay-sur-Orge;;;2.31881;48.680367
91216_1891_00051;51;;Rue du Bois de Balizy;91360;91216;Épinay-sur-Orge;;;2.311813;48.673407
91216_0440_00007;7;;Rue de la Croix Ronde;91360;91216;Épinay-sur-Orge;;;2.312963;48.673144
91216_1774_00004;4;;Allée des Rossays;91360;91216;Épinay-sur-Orge;;;2.334102;48.671265
91216_1935_00040;40;;Allée du Saut du Loup;91360;91216;Épinay-sur-Orge;;;2.313892;48.672404
91216_0890_00077;77;;Rue Guynemer;91360;91216;Épinay-sur-Orge;;;2.319828;48.681384
91216_1500_00086;86;;Rue de Petit Vaux;91360;91216;Épinay-sur-Orge;;;2.334666;48.676116
91216_2130_00027;27;;Rue des Vignes;91360;91216;Épinay-sur-Orge;;;2.319423;48.671763
91216_1500_00022;22;;Rue de Petit Vaux;91360;91216;Épinay-sur-Orge;;;2.327991;48.674024
91216_1970_00003;3;;Place Stalingrad;91360;91216;Épinay-sur-Orge;;;2.331843;48.669538
91216_1820_00002;2;;Chemin des Roulles;91360;91216;Épinay-sur-Orge;;;2.313597;48.667537
91216_1892_00022;22;;Rue du Coq à l'Huy;91360;91216;Épinay-sur-Orge;;;2.313132;48.675265
91216_1103_00003;3;;Impasse des Laurentes;91360;91216;Épinay-sur-Orge;;;2.316666;48.668303
91216_2030_00022;22;;Rue de la Terrasse;91360;91216;Épinay-sur-Orge;;;2.323156;48.675036
91216_0960_00017;17;;Rue des Heribettes;91360;91216;Épinay-sur-Orge;;;2.330334;48.670776
91216_1755_00032;32;;Rue Rosa Parks;91360;91216;Épinay-sur-Orge;;;2.311991;48.672037
91216_1560_00003;3;;Rue de la Pointe;91360;91216;Épinay-sur-Orge;;;2.31311;48.678658
91216_1670_00012;12;;Rue des 4 Vents;91360;91216;Épinay-sur-Orge;;;2.320415;48.676269
91216_1755_00034;34;;Rue Rosa Parks;91360;91216;Épinay-sur-Orge;;;2.311863;48.671996
91216_1257_00034;34;;Rue des Monseaux;91360;91216;Épinay-sur-Orge;;;2.329966;48.674398
91216_wxcyjz_00006;6;;Sentier des Heribettes;91360;91216;Épinay-sur-Orge;;;2.33152;48.670642
91216_1257_00002;2;;Rue des Monseaux;91360;91216;Épinay-sur-Orge;;;2.32883;48.672773
91216_0410_00012;12;;Rue de Corbeil;91360;91216;Épinay-sur-Orge;;;2.329728;48.672163
91216_0430_00033;33;;Rue du Coteau;91360;91216;Épinay-sur-Orge;;;2.315572;48.6769
91216_2100_00030;30;;Rue de la Vallée;91360;91216;Épinay-sur-Orge;;;2.328349;48.670732
91216_0670_00001;1;;Rue Fillemin;91360;91216;Épinay-sur-Orge;;;2.331968;48.671866
91216_0470_00041;41;;Rue de la Division Leclerc;91360;91216;Épinay-sur-Orge;;;2.319202;48.672526
91216_1800_00013;13;;Rue du Rouillon;91360;91216;Épinay-sur-Orge;;;2.314671;48.678948
91216_0830_00098;98;;Grande Rue;91360;91216;Épinay-sur-Orge;;;2.321363;48.67669
91216_0100_00021;21;;Rue d'Athis;91360;91216;Épinay-sur-Orge;;;2.325366;48.677372
91216_2100_00008;8;;Rue de la Vallée;91360;91216;Épinay-sur-Orge;;;2.325695;48.670051
91216_1525_00006;6;;Rue Pierre Médéric;91360;91216;Épinay-sur-Orge;;;2.307641;48.662334
91216_1280_00047;47;;Rue de la Montagne;91360;91216;Épinay-sur-Orge;;;2.313036;48.667257
91216_0600_00021;21;;Rue de l'Esplanade;91360;91216;Épinay-sur-Orge;;;2.328106;48.671463
91216_1034_00010;10;;Rue des Houches;91360;91216;Épinay-sur-Orge;;;2.32869;48.67693
91216_0441_00024;24;;Rue de la Croix Taron;91360;91216;Épinay-sur-Orge;;;2.332079;48.676233
91216_0350_00012;12;;Rue de la Chevauchée;91360;91216;Épinay-sur-Orge;;;2.314535;48.679403
91216_0410_00046;46;;Rue de Corbeil;91360;91216;Épinay-sur-Orge;;;2.332781;48.668698
91216_1830_00007;7;;Rue des Roulles;91360;91216;Épinay-sur-Orge;;;2.322078;48.671559
91216_1500_00068_ter;68;ter;Rue de Petit Vaux;91360;91216;Épinay-sur-Orge;;;2.333849;48.675128
91216_1450_00009;9;;Rue du Pavillon;91360;91216;Épinay-sur-Orge;;;2.320008;48.673543
91216_1257_00021;21;;Rue des Monseaux;91360;91216;Épinay-sur-Orge;;;2.329684;48.67416
91216_1760_00027;27;;Allee des Roses;91360;91216;Épinay-sur-Orge;;;2.32278;48.679851
91216_2010_00046;46;;Rue des Templiers;91360;91216;Épinay-sur-Orge;;;2.312751;48.677729
91216_0920_00082;82;;Rue Henri Dunant;91360;91216;Épinay-sur-Orge;;;2.322801;48.680886
91216_0890_00025;25;;Rue Guynemer;91360;91216;Épinay-sur-Orge;;;2.319108;48.680138
91216_0940_00015;15;;Rue Henri IV;91360;91216;Épinay-sur-Orge;;;2.324638;48.678933
91216_0824_00003;3;;Rue Girouise;91360;91216;Épinay-sur-Orge;;;2.33001;48.675553
91216_2125_00053;53;;Rue du Vieux Moulin;91360;91216;Épinay-sur-Orge;;;2.333349;48.676919
91216_0350_00052;52;;Rue de la Chevauchée;91360;91216;Épinay-sur-Orge;;;2.312095;48.678529
91216_0920_00080;80;;Rue Henri Dunant;91360;91216;Épinay-sur-Orge;;;2.322831;48.680868
91216_u37qyw_00003;3;;Chemin Lateral;91360;91216;Épinay-sur-Orge;;;2.325909;48.679293
91216_2010_00005;5;;Rue des Templiers;91360;91216;Épinay-sur-Orge;;;2.316212;48.674656
91216_2030_00016;16;;Rue de la Terrasse;91360;91216;Épinay-sur-Orge;;;2.322909;48.675227
91216_1330_00003;3;;Rue Nicolas Vaudin;91360;91216;Épinay-sur-Orge;;;2.321629;48.67854
91216_pdutsb_00014;14;;Rue des Blancs Manteaux;91360;91216;Épinay-sur-Orge;;;2.312085;48.674084
91216_1960_00003;3;;Voie des Sources;91360;91216;Épinay-sur-Orge;;;2.318845;48.669239
91216_1500_00115;115;;Rue de Petit Vaux;91360;91216;Épinay-sur-Orge;;;2.334804;48.676248
91216_1034_00008;8;;Rue des Houches;91360;91216;Épinay-sur-Orge;;;2.328448;48.676904
91216_0350_00013;13;;Rue de la Chevauchée;91360;91216;Épinay-sur-Orge;;;2.313478;48.67892
91216_1180_00045;45;;Rue du Mauregard;91360;91216;Épinay-sur-Orge;;;2.32099;48.680361
91216_0430_00023;23;;Rue du Coteau;91360;91216;Épinay-sur-Orge;;;2.315907;48.677321
91216_1180_00044;44;;Rue du Mauregard;91360;91216;Épinay-sur-Orge;;;2.320351;48.680844
91216_1540_00010;10;;Rue du Plateau;91360;91216;Épinay-sur-Orge;;;2.318618;48.677405
91216_1520_00018;18;;Rue Pierre Brossolette;91360;91216;Épinay-sur-Orge;;;2.326957;48.671212
91216_0830_00032_bis;32;bis;Grande Rue;91360;91216;Épinay-sur-Orge;;;2.326018;48.673983
91216_0441_00004;4;;Rue de la Croix Taron;91360;91216;Épinay-sur-Orge;;;2.329678;48.675934
91216_0390_00009;9;;Rue du Colonel Manhes;91360;91216;Épinay-sur-Orge;;;2.320897;48.673898
91216_1640_00010;10;;Allee des Primeveres;91360;91216;Épinay-sur-Orge;;;2.320117;48.680309
91216_1720_00024;24;;Rue de la Republique;91360;91216;Épinay-sur-Orge;;;2.331156;48.673314
91216_0620_00044;44;;Rue d’Estienne d’Orves;91360;91216;Épinay-sur-Orge;;;2.316074;48.678998
91216_2210_00001_bis;1;bis;Place du 24 Aout;91360;91216;Épinay-sur-Orge;;;2.316063;48.665539
91216_1240_00018;18;;Rue des Meuniers;91360;91216;Épinay-sur-Orge;;;2.3292;48.669632
91216_0903_00006;6;;Rue des Hauts Graviers;91360;91216;Épinay-sur-Orge;;;2.325157;48.675503
91216_2010_00010;10;;Rue des Templiers;91360;91216;Épinay-sur-Orge;;;2.316041;48.674978
91216_0620_00017;17;;Rue d’Estienne d’Orves;91360;91216;Épinay-sur-Orge;;;2.317298;48.676496
91216_1360_00045;45;;Rue d’Oradour sur Glane;91360;91216;Épinay-sur-Orge;;;2.314241;48.676899
91216_1830_00025;25;;Rue des Roulles;91360;91216;Épinay-sur-Orge;;;2.320806;48.670877
91216_1935_00002;2;;Allée du Saut du Loup;91360;91216;Épinay-sur-Orge;;;2.314523;48.671756
91216_1602_00002;2;;Rue du Pont Rubeau;91360;91216;Épinay-sur-Orge;;;2.327657;48.676394
91216_0509_00005;5;;Rue des Dores;91360;91216;Épinay-sur-Orge;;;2.325914;48.675009
91216_1891_00021;21;;Rue du Bois de Balizy;91360;91216;Épinay-sur-Orge;;;2.311855;48.675421
91216_1760_00014;14;;Allee des Roses;91360;91216;Épinay-sur-Orge;;;2.323401;48.679492
91216_0920_00025;25;;Rue Henri Dunant;91360;91216;Épinay-sur-Orge;;;2.324954;48.679349
91216_1935_00015;15;;Allée du Saut du Loup;91360;91216;Épinay-sur-Orge;;;2.314029;48.672041
91216_1602_00013;13;;Rue du Pont Rubeau;91360;91216;Épinay-sur-Orge;;;2.327;48.677546
91216_1891_00038;38;;Rue du Bois de Balizy;91360;91216;Épinay-sur-Orge;;;2.312471;48.674963
91216_1180_00024;24;;Rue du Mauregard;91360;91216;Épinay-sur-Orge;;;2.321179;48.680335
91216_0230_00058;58;;Rue du Breuil;91360;91216;Épinay-sur-Orge;;;2.317357;48.66759
91216_0830_00054;54;;Grande Rue;91360;91216;Épinay-sur-Orge;;;2.324477;48.67488
91216_1670_00006;6;;Rue des 4 Vents;91360;91216;Épinay-sur-Orge;;;2.320968;48.676302
91216_0215_00008;8;;Impasse du Billoir;91360;91216;Épinay-sur-Orge;;;2.314921;48.671252
91216_1960_00001;1;;Voie des Sources;91360;91216;Épinay-sur-Orge;;;2.318896;48.669119
91216_1280_00030;30;;Rue de la Montagne;91360;91216;Épinay-sur-Orge;;;2.31329;48.667158
91216_2010_00016;16;;Rue des Templiers;91360;91216;Épinay-sur-Orge;;;2.315662;48.675361
91216_1670_00024;24;;Rue des 4 Vents;91360;91216;Épinay-sur-Orge;;;2.316805;48.676107
91216_1450_00048;48;;Rue du Pavillon;91360;91216;Épinay-sur-Orge;;;2.318781;48.67473
91216_0280_00008;8;;Rue de Charaintru;91360;91216;Épinay-sur-Orge;;;2.332427;48.679478
91216_0580_00019;19;;Rue de l'Eglise;91360;91216;Épinay-sur-Orge;;;2.324395;48.671328
91216_1950_00023_bis;23;bis;Rue de Sillery;91360;91216;Épinay-sur-Orge;;;2.325518;48.677558
91216_0850_00004_bis;4;bis;Rue de Grand Vaux;91360;91216;Épinay-sur-Orge;;;2.332875;48.670116
91216_2030_00008;8;;Rue de la Terrasse;91360;91216;Épinay-sur-Orge;;;2.322458;48.675755
91216_1500_00068;68;;Rue de Petit Vaux;91360;91216;Épinay-sur-Orge;;;2.333207;48.675594
91216_1180_00051;51;;Rue du Mauregard;91360;91216;Épinay-sur-Orge;;;2.320661;48.68057
91216_0830_00022;22;;Grande Rue;91360;91216;Épinay-sur-Orge;;;2.326825;48.673503
91216_1360_00022;22;;Rue d’Oradour sur Glane;91360;91216;Épinay-sur-Orge;;;2.3152;48.678212
91216_1450_00010;10;;Rue du Pavillon;91360;91216;Épinay-sur-Orge;;;2.320302;48.673439
91216_1410_00039;39;;Rue du Parc;91360;91216;Épinay-sur-Orge;;;2.31772;48.674665
91216_0650_00008;8;;Place de la Fete;91360;91216;Épinay-sur-Orge;;;2.32548;48.669684
91216_1150_00052;52;;Rue Madeleine Pelletier;91360;91216;Épinay-sur-Orge;;;2.312691;48.672445
91216_0850_00016;16;;Rue de Grand Vaux;91360;91216;Épinay-sur-Orge;;;2.332889;48.670742
91216_0940_00021;21;;Rue Henri IV;91360;91216;Épinay-sur-Orge;;;2.324855;48.678803
91216_0824_00014;14;;Rue Girouise;91360;91216;Épinay-sur-Orge;;;2.330399;48.675587
91216_0824_00016;16;;Rue Girouise;91360;91216;Épinay-sur-Orge;;;2.330546;48.675691
91216_1990_00001;1;;Rue de la Station;91360;91216;Épinay-sur-Orge;;;2.334485;48.674575
91216_0600_00011;11;;Rue de l'Esplanade;91360;91216;Épinay-sur-Orge;;;2.327438;48.671841
91216_1500_00007;7;;Rue de Petit Vaux;91360;91216;Épinay-sur-Orge;;;2.326882;48.67383
91216_0470_00054;54;;Rue de la Division Leclerc;91360;91216;Épinay-sur-Orge;;;2.314528;48.671535
91216_1380_00012;12;;Rue de l'Orge;91360;91216;Épinay-sur-Orge;;;2.331129;48.668118
91216_1300_00005;5;;Allée des Morelles;91360;91216;Épinay-sur-Orge;;;2.32297;48.677107
91216_1380_00013;13;;Rue de l'Orge;91360;91216;Épinay-sur-Orge;;;2.331512;48.668031
91216_0370_00009;9;;rue de Chevreuse;91360;91216;Épinay-sur-Orge;;;2.313931;48.665408
91216_1360_00004;4;;Rue d’Oradour sur Glane;91360;91216;Épinay-sur-Orge;;;2.315786;48.678889
91216_1562_00004;4;;Rue de la Pointe Galoppin;91360;91216;Épinay-sur-Orge;;;2.326016;48.676213
91216_1520_00021;21;;Rue Pierre Brossolette;91360;91216;Épinay-sur-Orge;;;2.327091;48.671269
91216_1882_00005;5;;Sentier des Ruelles;91360;91216;Épinay-sur-Orge;;;2.314369;48.666985
91216_1935_00054;54;;Allée du Saut du Loup;91360;91216;Épinay-sur-Orge;;;2.31352;48.672268
91216_1507_00002;2;;Impasse des Perreulx;91360;91216;Épinay-sur-Orge;;;2.328846;48.677153
91216_1755_00009;9;;Rue Rosa Parks;91360;91216;Épinay-sur-Orge;;;2.311401;48.672226
91216_1632_00052;52;;Voie des Pres;91360;91216;Épinay-sur-Orge;;;2.330579;48.66778
91216_1280_00003;3;;Rue de la Montagne;91360;91216;Épinay-sur-Orge;;;2.315319;48.665346
91216_0850_00061;61;;Rue de Grand Vaux;91360;91216;Épinay-sur-Orge;;;2.335882;48.675986
91216_0318_00005;5;;Clos du Chemin Vert;91360;91216;Épinay-sur-Orge;;;2.333641;48.675008
91216_1034_00005;5;;Rue des Houches;91360;91216;Épinay-sur-Orge;;;2.329125;48.677037
91216_0903_00019;19;;Rue des Hauts Graviers;91360;91216;Épinay-sur-Orge;;;2.326947;48.675901
91216_0890_00109;109;;Rue Guynemer;91360;91216;Épinay-sur-Orge;;;2.321521;48.68101
91216_2046_00022;22;;Avenue des Tilleuls;91360;91216;Épinay-sur-Orge;;;2.327698;48.668681
91216_1930_00015;15;;Rue des Sablons;91360;91216;Épinay-sur-Orge;;;2.320636;48.672019
91216_0920_00017;17;;Rue Henri Dunant;91360;91216;Épinay-sur-Orge;;;2.325204;48.679183
91216_1280_00039;39;;Rue de la Montagne;91360;91216;Épinay-sur-Orge;;;2.31339;48.666936
91216_1150_00030;30;;Rue Madeleine Pelletier;91360;91216;Épinay-sur-Orge;;;2.314091;48.670655
91216_0920_00090;90;;Rue Henri Dunant;91360;91216;Épinay-sur-Orge;;;2.322548;48.681063
91216_2010_00091;91;;Rue des Templiers;91360;91216;Épinay-sur-Orge;;;2.31347;48.676946
91216_0410_00047_bis;47;bis;Rue de Corbeil;91360;91216;Épinay-sur-Orge;;;2.332919;48.668257
91216_2130_00009;9;;Rue des Vignes;91360;91216;Épinay-sur-Orge;;;2.319752;48.670539
91216_0830_00003;3;;Grande Rue;91360;91216;Épinay-sur-Orge;;;2.327177;48.673221
91216_1330_00106;106;;Rue Nicolas Vaudin;91360;91216;Épinay-sur-Orge;;;2.322303;48.679345
91216_0470_00006;6;;Rue de la Division Leclerc;91360;91216;Épinay-sur-Orge;;;2.322957;48.67361
91216_1388_00002;2;;Allee de l'Orme Quesneau;91360;91216;Épinay-sur-Orge;;;2.318956;48.673114
91216_1540_00032_bis;32;bis;Rue du Plateau;91360;91216;Épinay-sur-Orge;;;2.317268;48.675609
91216_0903_00023;23;;Rue des Hauts Graviers;91360;91216;Épinay-sur-Orge;;;2.327295;48.675991
91216_0890_00105;105;;Rue Guynemer;91360;91216;Épinay-sur-Orge;;;2.321401;48.681085
91216_0850_00002;2;;Rue de Grand Vaux;91360;91216;Épinay-sur-Orge;;;2.332972;48.669999
91216_1430_00023;23;;Rue Pasteur;91360;91216;Épinay-sur-Orge;;;2.332476;48.668102
91216_0320_00043;43;;Rue du Chemin Vert;91360;91216;Épinay-sur-Orge;;;2.334006;48.674107
91216_1240_00026;26;;Rue des Meuniers;91360;91216;Épinay-sur-Orge;;;2.328309;48.669905
91216_1450_00024;24;;Rue du Pavillon;91360;91216;Épinay-sur-Orge;;;2.319895;48.673793
91216_0820_00002;2;;Cours du General de Gaulle;91360;91216;Épinay-sur-Orge;;;2.324478;48.672032
91216_2070_00019;19;;Chemin des Tourelles;91360;91216;Épinay-sur-Orge;;;2.336041;48.669186
91216_1910_00062;62;;Chemin des Sablons;91360;91216;Épinay-sur-Orge;;;2.314937;48.670226
91216_1720_00025;25;;Rue de la Republique;91360;91216;Épinay-sur-Orge;;;2.331136;48.673422
91216_0890_00057;57;;Rue Guynemer;91360;91216;Épinay-sur-Orge;;;2.31809;48.680967
91216_1891_00045;45;;Rue du Bois de Balizy;91360;91216;Épinay-sur-Orge;;;2.311522;48.673854
91216_0790_00014;14;;Rue de la Gare;91360;91216;Épinay-sur-Orge;;;2.328972;48.671738
91216_0920_00024;24;;Rue Henri Dunant;91360;91216;Épinay-sur-Orge;;;2.325003;48.679403
91216_2010_00003;3;;Rue des Templiers;91360;91216;Épinay-sur-Orge;;;2.316272;48.67463
91216_1330_00091;91;;Rue Nicolas Vaudin;91360;91216;Épinay-sur-Orge;;;2.32252;48.679277
91216_1330_00074;74;;Rue Nicolas Vaudin;91360;91216;Épinay-sur-Orge;;;2.323994;48.678451
91216_1930_00027;27;;Rue des Sablons;91360;91216;Épinay-sur-Orge;;;2.319109;48.6715
91216_0650_00002;2;;Place de la Fete;91360;91216;Épinay-sur-Orge;;;2.325711;48.669155
91216_0255_00001;1;;Rue des Cedres;91360;91216;Épinay-sur-Orge;;;2.31939;48.672947
91216_0830_00005_quater;5;quater;Grande Rue;91360;91216;Épinay-sur-Orge;;;2.32671;48.673432
91216_1755_00005;5;;Rue Rosa Parks;91360;91216;Épinay-sur-Orge;;;2.311875;48.671547
91216_1602_00004;4;;Rue du Pont Rubeau;91360;91216;Épinay-sur-Orge;;;2.327634;48.676564
91216_1330_00089;89;;Rue Nicolas Vaudin;91360;91216;Épinay-sur-Orge;;;2.322615;48.679218
91216_0920_00130;130;;Rue Henri Dunant;91360;91216;Épinay-sur-Orge;;;2.321156;48.681848
91216_1760_00043;43;;Allee des Roses;91360;91216;Épinay-sur-Orge;;;2.322286;48.680164
91216_1180_00055;55;;Rue du Mauregard;91360;91216;Épinay-sur-Orge;;;2.320526;48.680654
91216_2010_00002;2;;Rue des Templiers;91360;91216;Épinay-sur-Orge;;;2.31659;48.674621
91216_0940_00010;10;;Rue Henri IV;91360;91216;Épinay-sur-Orge;;;2.324345;48.679026
91216_0370_00001;1;;rue de Chevreuse;91360;91216;Épinay-sur-Orge;;;2.313837;48.666067
91216_1950_00041;41;;Rue de Sillery;91360;91216;Épinay-sur-Orge;;;2.326382;48.678901
91216_1910_00054;54;;Chemin des Sablons;91360;91216;Épinay-sur-Orge;;;2.316351;48.670801
91216_0890_00038;38;;Rue Guynemer;91360;91216;Épinay-sur-Orge;;;2.318366;48.680804
91216_0252_00010;10;;Rue des Carrieres;91360;91216;Épinay-sur-Orge;;;2.327422;48.675125
91216_0440_00003;3;;Rue de la Croix Ronde;91360;91216;Épinay-sur-Orge;;;2.314888;48.673766
91216_1500_00027;27;;Rue de Petit Vaux;91360;91216;Épinay-sur-Orge;;;2.32804;48.6741
91216_0470_00037;37;;Rue de la Division Leclerc;91360;91216;Épinay-sur-Orge;;;2.319485;48.672592
91216_0250_00004;4;;Sentier de la Butte;91360;91216;Épinay-sur-Orge;;;2.323137;48.670297
91216_0470_00050;50;;Rue de la Division Leclerc;91360;91216;Épinay-sur-Orge;;;2.314761;48.671635
91216_2070_00009;9;;Chemin des Tourelles;91360;91216;Épinay-sur-Orge;;;2.334682;48.669141
91216_1540_00016;16;;Rue du Plateau;91360;91216;Épinay-sur-Orge;;;2.318431;48.677166
91216_0180_00034;34;;Rue des Bas Follets;91360;91216;Épinay-sur-Orge;;;2.31629;48.680213
91216_0890_00073;73;;Rue Guynemer;91360;91216;Épinay-sur-Orge;;;2.319398;48.681332
91216_2100_00034;34;;Rue de la Vallée;91360;91216;Épinay-sur-Orge;;;2.328631;48.670805
91216_1257_00003;3;;Rue des Monseaux;91360;91216;Épinay-sur-Orge;;;2.328843;48.672997
91216_1210_00024;24;;Rue Maurice Sarrault;91360;91216;Épinay-sur-Orge;;;2.316816;48.676892
91216_0230_00089;89;;Rue du Breuil;91360;91216;Épinay-sur-Orge;;;2.315394;48.665424
91216_0180_00010;10;;Rue des Bas Follets;91360;91216;Épinay-sur-Orge;;;2.316794;48.680151
91216_0280_00004;4;;Rue de Charaintru;91360;91216;Épinay-sur-Orge;;;2.335658;48.677739
91216_1525_00002;2;;Rue Pierre Médéric;91360;91216;Épinay-sur-Orge;;;2.307966;48.661891
91216_1210_00030;30;;Rue Maurice Sarrault;91360;91216;Épinay-sur-Orge;;;2.316631;48.676664
91216_0890_00091;91;;Rue Guynemer;91360;91216;Épinay-sur-Orge;;;2.320885;48.681401
91216_1500_00012;12;;Rue de Petit Vaux;91360;91216;Épinay-sur-Orge;;;2.327813;48.673989
91216_2010_00043;43;;Rue des Templiers;91360;91216;Épinay-sur-Orge;;;2.314939;48.675706
91216_1180_00033;33;;Rue du Mauregard;91360;91216;Épinay-sur-Orge;;;2.321389;48.680131
91216_1360_00026;26;;Rue d’Oradour sur Glane;91360;91216;Épinay-sur-Orge;;;2.315082;48.678055
91216_1720_00009;9;;Rue de la Republique;91360;91216;Épinay-sur-Orge;;;2.330603;48.672568
91216_1720_00010;10;;Rue de la Republique;91360;91216;Épinay-sur-Orge;;;2.330656;48.672523
91216_1800_00028;28;;Rue du Rouillon;91360;91216;Épinay-sur-Orge;;;2.313658;48.677934
91216_0920_00084;84;;Rue Henri Dunant;91360;91216;Épinay-sur-Orge;;;2.322711;48.680945
91216_0920_00060;60;;Rue Henri Dunant;91360;91216;Épinay-sur-Orge;;;2.323758;48.68024
91216_1330_00055;55;;Rue Nicolas Vaudin;91360;91216;Épinay-sur-Orge;;;2.324031;48.678346
91216_1150_00015;15;;Rue Madeleine Pelletier;91360;91216;Épinay-sur-Orge;;;2.313295;48.671064
91216_7jsf1l_00002;2;;Rue Gisèle Halimi;91360;91216;Épinay-sur-Orge;;;2.313679;48.669656
91216_1755_00018;18;;Rue Rosa Parks;91360;91216;Épinay-sur-Orge;;;2.312188;48.671645
91216_1210_00028;28;;Rue Maurice Sarrault;91360;91216;Épinay-sur-Orge;;;2.316672;48.676705
91216_1935_00007;7;;Allée du Saut du Loup;91360;91216;Épinay-sur-Orge;;;2.314257;48.671863
91216_1500_00057;57;;Rue de Petit Vaux;91360;91216;Épinay-sur-Orge;;;2.330284;48.674618
91216_0920_00040;40;;Rue Henri Dunant;91360;91216;Épinay-sur-Orge;;;2.324396;48.679813
91216_1562_00017;17;;Rue de la Pointe Galoppin;91360;91216;Épinay-sur-Orge;;;2.326508;48.676861
91216_1388_00007;7;;Allee de l'Orme Quesneau;91360;91216;Épinay-sur-Orge;;;2.318431;48.672823
91216_0180_00021;21;;Rue des Bas Follets;91360;91216;Épinay-sur-Orge;;;2.318015;48.679634
91216_1280_00053;53;;Rue de la Montagne;91360;91216;Épinay-sur-Orge;;;2.312821;48.667503
91216_7jsf1l_00012;12;;Rue Gisèle Halimi;91360;91216;Épinay-sur-Orge;;;2.313948;48.670175
91216_1430_00002_bis;2;bis;Rue Pasteur;91360;91216;Épinay-sur-Orge;;;2.331355;48.668899
91216_2070_00257;257;;Chemin des Tourelles;91360;91216;Épinay-sur-Orge;;;2.33717;48.669206
91216_0390_00025;25;;Rue du Colonel Manhes;91360;91216;Épinay-sur-Orge;;;2.320007;48.674748
91216_1760_00009;9;;Allee des Roses;91360;91216;Épinay-sur-Orge;;;2.323515;48.679393
91216_0620_00050;50;;Rue d’Estienne d’Orves;91360;91216;Épinay-sur-Orge;;;2.315806;48.67949
91216_1760_00030;30;;Allee des Roses;91360;91216;Épinay-sur-Orge;;;2.322921;48.679797
91216_1891_00029;29;;Rue du Bois de Balizy;91360;91216;Épinay-sur-Orge;;;2.311141;48.674868
91216_1210_00044;44;;Rue Maurice Sarrault;91360;91216;Épinay-sur-Orge;;;2.315931;48.675833
91216_1210_00047;47;;Rue Maurice Sarrault;91360;91216;Épinay-sur-Orge;;;2.315778;48.675503
91216_1360_00019;19;;Rue d’Oradour sur Glane;91360;91216;Épinay-sur-Orge;;;2.315073;48.677897
91216_1034_00015;15;;Rue des Houches;91360;91216;Épinay-sur-Orge;;;2.330106;48.676369
91216_1830_00003;3;;Rue des Roulles;91360;91216;Épinay-sur-Orge;;;2.322438;48.671765
91216_1891_00027;27;;Rue du Bois de Balizy;91360;91216;Épinay-sur-Orge;;;2.311226;48.674981
91216_1891_00050;50;;Rue du Bois de Balizy;91360;91216;Épinay-sur-Orge;;;2.311466;48.675511
91216_1180_00041;41;;Rue du Mauregard;91360;91216;Épinay-sur-Orge;;;2.321134;48.680277
91216_2070_00025;25;;Chemin des Tourelles;91360;91216;Épinay-sur-Orge;;;2.337111;48.669206
91216_0410_00039;39;;Rue de Corbeil;91360;91216;Épinay-sur-Orge;;;2.332912;48.668846
91216_0384_00012;12;;Rue du Clos Belle;91360;91216;Épinay-sur-Orge;;;2.326665;48.678467
91216_0820_00009;9;;Cours du General de Gaulle;91360;91216;Épinay-sur-Orge;;;2.326605;48.673028
91216_0903_00012;12;;Rue des Hauts Graviers;91360;91216;Épinay-sur-Orge;;;2.32558;48.67548
91216_0470_00009;9;;Rue de la Division Leclerc;91360;91216;Épinay-sur-Orge;;;2.321951;48.673227
91216_0620_00009;9;;Rue d’Estienne d’Orves;91360;91216;Épinay-sur-Orge;;;2.317912;48.675546
91216_0820_00010;10;;Cours du General de Gaulle;91360;91216;Épinay-sur-Orge;;;2.325485;48.672375
91216_0410_00049;49;;Rue de Corbeil;91360;91216;Épinay-sur-Orge;;;2.332922;48.667868
91216_1280_00012;12;;Rue de la Montagne;91360;91216;Épinay-sur-Orge;;;2.314734;48.665874
91216_1034_00013;13;;Rue des Houches;91360;91216;Épinay-sur-Orge;;;2.330034;48.676509
91216_1892_00006;6;;Rue du Coq à l'Huy;91360;91216;Épinay-sur-Orge;;;2.312906;48.674906
91216_1632_00026;26;;Voie des Pres;91360;91216;Épinay-sur-Orge;;;2.326645;48.668613
91216_1500_00044;44;;Rue de Petit Vaux;91360;91216;Épinay-sur-Orge;;;2.331128;48.674789
91216_1970_00002;2;;Place Stalingrad;91360;91216;Épinay-sur-Orge;;;2.331577;48.669789
91216_1150_00048;48;;Rue Madeleine Pelletier;91360;91216;Épinay-sur-Orge;;;2.313095;48.671921
91216_1602_00018;18;;Rue du Pont Rubeau;91360;91216;Épinay-sur-Orge;;;2.326124;48.677601
91216_0441_00022;22;;Rue de la Croix Taron;91360;91216;Épinay-sur-Orge;;;2.331856;48.676176
91216_0890_00053;53;;Rue Guynemer;91360;91216;Épinay-sur-Orge;;;2.318167;48.68087
91216_0180_00019_bis;19;bis;Rue des Bas Follets;91360;91216;Épinay-sur-Orge;;;2.318099;48.67974
91216_1034_00011;11;;Rue des Houches;91360;91216;Épinay-sur-Orge;;;2.329802;48.676843
91216_0230_00034;34;;Rue du Breuil;91360;91216;Épinay-sur-Orge;;;2.318711;48.668479
91216_0890_00027;27;;Rue Guynemer;91360;91216;Épinay-sur-Orge;;;2.319033;48.680193
91216_1990_00005;5;;Rue de la Station;91360;91216;Épinay-sur-Orge;;;2.334472;48.674899
91216_1180_00053;53;;Rue du Mauregard;91360;91216;Épinay-sur-Orge;;;2.320585;48.680611
91216_0620_00051;51;;Rue d’Estienne d’Orves;91360;91216;Épinay-sur-Orge;;;2.315606;48.679583
91216_2010_00083;83;;Rue des Templiers;91360;91216;Épinay-sur-Orge;;;2.31365;48.676792
91216_0318_00007;7;;Clos du Chemin Vert;91360;91216;Épinay-sur-Orge;;;2.333411;48.675019
91216_0810_00004;4;;Rue de la Gatinelle;91360;91216;Épinay-sur-Orge;;;2.32233;48.672267
91216_0410_00021_bis;21;bis;Rue de Corbeil;91360;91216;Épinay-sur-Orge;;;2.3314;48.671695
91216_0810_00009;9;;Rue de la Gatinelle;91360;91216;Épinay-sur-Orge;;;2.322997;48.672011
91216_1930_00031;31;;Rue des Sablons;91360;91216;Épinay-sur-Orge;;;2.318661;48.67139
91216_2125_00028;28;;Rue du Vieux Moulin;91360;91216;Épinay-sur-Orge;;;2.333377;48.676833
91216_1500_00045;45;;Rue de Petit Vaux;91360;91216;Épinay-sur-Orge;;;2.329096;48.674339
91216_1720_00052;52;;Rue de la Republique;91360;91216;Épinay-sur-Orge;;;2.332267;48.674445
91216_1892_00024;24;;Rue du Coq à l'Huy;91360;91216;Épinay-sur-Orge;;;2.313011;48.675308
91216_2070_00008;8;;Chemin des Tourelles;91360;91216;Épinay-sur-Orge;;;2.33385;48.669057
91216_1210_00045;45;;Rue Maurice Sarrault;91360;91216;Épinay-sur-Orge;;;2.315809;48.675554
91216_0600_00014;14;;Rue de l'Esplanade;91360;91216;Épinay-sur-Orge;;;2.327631;48.671609
91216_2100_00025;25;;Rue de la Vallée;91360;91216;Épinay-sur-Orge;;;2.328283;48.670826
91216_1891_00028;28;;Rue du Bois de Balizy;91360;91216;Épinay-sur-Orge;;;2.312677;48.674529
91216_1034_00004;4;;Rue des Houches;91360;91216;Épinay-sur-Orge;;;2.328213;48.676638
91216_0830_00048_bis;48;bis;Grande Rue;91360;91216;Épinay-sur-Orge;;;2.324781;48.674703
91216_0903_00014;14;;Rue des Hauts Graviers;91360;91216;Épinay-sur-Orge;;;2.325783;48.675534
91216_tcpmku_00004;4;;passage Amélie de Pitteurs;91360;91216;Épinay-sur-Orge;;;2.334058;48.670523
91216_1360_00023;23;;Rue d’Oradour sur Glane;91360;91216;Épinay-sur-Orge;;;2.314954;48.677772
91216_1330_00020;20;;Rue Nicolas Vaudin;91360;91216;Épinay-sur-Orge;;;2.322419;48.678088
91216_0470_00001;1;;Rue de la Division Leclerc;91360;91216;Épinay-sur-Orge;;;2.32339;48.673675
91216_1891_00080;80;;Rue du Bois de Balizy;91360;91216;Épinay-sur-Orge;;;2.310897;48.673934
91216_1891_00035;35;;Rue du Bois de Balizy;91360;91216;Épinay-sur-Orge;;;2.310847;48.674485
91216_0620_00008;8;;Rue d’Estienne d’Orves;91360;91216;Épinay-sur-Orge;;;2.318103;48.675536
91216_1935_00046;46;;Allée du Saut du Loup;91360;91216;Épinay-sur-Orge;;;2.313693;48.672361
91216_0100_00012;12;;Rue d'Athis;91360;91216;Épinay-sur-Orge;;;2.324226;48.676965
91216_1820_00018;18;;Chemin des Roulles;91360;91216;Épinay-sur-Orge;;;2.314861;48.668507
91216_1720_00014;14;;Rue de la Republique;91360;91216;Épinay-sur-Orge;;;2.331235;48.672731
91216_0230_00046;46;;Rue du Breuil;91360;91216;Épinay-sur-Orge;;;2.317779;48.668072
91216_0830_00072;72;;Grande Rue;91360;91216;Épinay-sur-Orge;;;2.323183;48.67562
91216_0410_00044;44;;Rue de Corbeil;91360;91216;Épinay-sur-Orge;;;2.332783;48.668926
91216_2010_00030;30;;Rue des Templiers;91360;91216;Épinay-sur-Orge;;;2.314139;48.676531
91216_0410_00027;27;;Rue de Corbeil;91360;91216;Épinay-sur-Orge;;;2.331781;48.67129
91216_1300_00010;10;;Allée des Morelles;91360;91216;Épinay-sur-Orge;;;2.322944;48.6772
91216_0320_00003;3;;Rue du Chemin Vert;91360;91216;Épinay-sur-Orge;;;2.332811;48.672094
91216_0890_00075;75;;Rue Guynemer;91360;91216;Épinay-sur-Orge;;;2.31963;48.681359
91216_1720_00036;36;;Rue de la Republique;91360;91216;Épinay-sur-Orge;;;2.33164;48.673799
91216_0820_00006;6;;Cours du General de Gaulle;91360;91216;Épinay-sur-Orge;;;2.324947;48.672236
91216_2046_00013;13;;Avenue des Tilleuls;91360;91216;Épinay-sur-Orge;;;2.327994;48.66899
91216_wxcyjz_00004;4;;Sentier des Heribettes;91360;91216;Épinay-sur-Orge;;;2.331451;48.670752
91216_1430_00006;6;;Rue Pasteur;91360;91216;Épinay-sur-Orge;;;2.331774;48.668753
91216_1910_00052;52;;Chemin des Sablons;91360;91216;Épinay-sur-Orge;;;2.316562;48.67087
91216_1740_00001;1;;Rue de Rivoli;91360;91216;Épinay-sur-Orge;;;2.315444;48.664747
91216_1105_00001;1;;Voie des Laurentes;91360;91216;Épinay-sur-Orge;;;2.317786;48.668336
91216_2170_00003;3;;Chemin de Villiers;91360;91216;Épinay-sur-Orge;;;2.309804;48.665302
91216_1520_00054;54;;Rue Pierre Brossolette;91360;91216;Épinay-sur-Orge;;;2.331069;48.670188
91216_1330_00022;22;;Rue Nicolas Vaudin;91360;91216;Épinay-sur-Orge;;;2.32248;48.678054
91216_7jsf1l_00010;10;;Rue Gisèle Halimi;91360;91216;Épinay-sur-Orge;;;2.313814;48.670131
91216_1760_00029;29;;Allee des Roses;91360;91216;Épinay-sur-Orge;;;2.322682;48.679912
91216_1830_00010;10;;Rue des Roulles;91360;91216;Épinay-sur-Orge;;;2.32198;48.671613
91216_0460_00001;1;;Place Désiré Renault;91360;91216;Épinay-sur-Orge;;;2.323998;48.674269
91216_0830_00170;170;;Grande Rue;91360;91216;Épinay-sur-Orge;;;2.316483;48.67954
91216_0920_00020;20;;Rue Henri Dunant;91360;91216;Épinay-sur-Orge;;;2.325148;48.679298
91216_1560_00004;4;;Rue de la Pointe;91360;91216;Épinay-sur-Orge;;;2.312796;48.678423
91216_0824_00012;12;;Rue Girouise;91360;91216;Épinay-sur-Orge;;;2.330246;48.675481
91216_1780_00017;17;;Rue des Rossays;91360;91216;Épinay-sur-Orge;;;2.335266;48.671344
91216_2099_00002;2;;Impasse de la Vallée;91360;91216;Épinay-sur-Orge;;;2.315914;48.667762
91216_2125_00045;45;;Rue du Vieux Moulin;91360;91216;Épinay-sur-Orge;;;2.333483;48.677199
91216_1280_00011;11;;Rue de la Montagne;91360;91216;Épinay-sur-Orge;;;2.314933;48.665425
91216_2125_00033;33;;Rue du Vieux Moulin;91360;91216;Épinay-sur-Orge;;;2.333918;48.677096
91216_1330_00076;76;;Rue Nicolas Vaudin;91360;91216;Épinay-sur-Orge;;;2.323879;48.678518
91216_1150_00025;25;;Rue Madeleine Pelletier;91360;91216;Épinay-sur-Orge;;;2.312225;48.672507
91216_1720_00008;8;;Rue de la Republique;91360;91216;Épinay-sur-Orge;;;2.33063;48.672463
91216_0580_00021;21;;Rue de l'Eglise;91360;91216;Épinay-sur-Orge;;;2.324384;48.671205
91216_0470_00073;73;;Rue de la Division Leclerc;91360;91216;Épinay-sur-Orge;;;2.314557;48.67146
91216_1930_00037;37;;Rue des Sablons;91360;91216;Épinay-sur-Orge;;;2.318106;48.671267
91216_2010_00071;71;;Rue des Templiers;91360;91216;Épinay-sur-Orge;;;2.314152;48.676347
91216_0230_00084;84;;Rue du Breuil;91360;91216;Épinay-sur-Orge;;;2.316294;48.666545
91216_1500_00055_bis;55;bis;Rue de Petit Vaux;91360;91216;Épinay-sur-Orge;;;2.330084;48.674566
91216_1540_00044;44;;Rue du Plateau;91360;91216;Épinay-sur-Orge;;;2.316998;48.675102
91216_0387_00005;5;;Sentier du College;91360;91216;Épinay-sur-Orge;;;2.320833;48.678347
91216_1180_00001;1;;Rue du Mauregard;91360;91216;Épinay-sur-Orge;;;2.318941;48.678223
91216_0890_00081;81;;Rue Guynemer;91360;91216;Épinay-sur-Orge;;;2.320475;48.681502
91216_0710_00036_bis;36;bis;Rue de la Fontaine Bridel;91360;91216;Épinay-sur-Orge;;;2.320586;48.670359
91216_1755_00002;2;;Rue Rosa Parks;91360;91216;Épinay-sur-Orge;;;2.312258;48.671346
91216_0320_00024;24;;Rue du Chemin Vert;91360;91216;Épinay-sur-Orge;;;2.33432;48.67442
91216_1640_00028;28;;Allee des Primeveres;91360;91216;Épinay-sur-Orge;;;2.319525;48.680673
91216_1800_00039;39;;Rue du Rouillon;91360;91216;Épinay-sur-Orge;;;2.313828;48.677919
91216_0890_00024;24;;Rue Guynemer;91360;91216;Épinay-sur-Orge;;;2.318879;48.680409
91216_2125_00017;17;;Rue du Vieux Moulin;91360;91216;Épinay-sur-Orge;;;2.334688;48.676941
91216_1360_00040;40;;Rue d’Oradour sur Glane;91360;91216;Épinay-sur-Orge;;;2.314591;48.677475
91216_1561_00015;15;;Impasse de la Pointe Galoppin;91360;91216;Épinay-sur-Orge;;;2.326374;48.676705
91216_1410_00011;11;;Rue du Parc;91360;91216;Épinay-sur-Orge;;;2.320762;48.675806
91216_0920_00019;19;;Rue Henri Dunant;91360;91216;Épinay-sur-Orge;;;2.325128;48.679237
91216_1882_00025;25;;Sentier des Ruelles;91360;91216;Épinay-sur-Orge;;;2.315747;48.668163
91216_1150_00028;28;;Rue Madeleine Pelletier;91360;91216;Épinay-sur-Orge;;;2.315353;48.670946
91216_1930_00008;8;;Rue des Sablons;91360;91216;Épinay-sur-Orge;;;2.320923;48.6722
91216_2010_00095;95;;Rue des Templiers;91360;91216;Épinay-sur-Orge;;;2.313342;48.67706
91216_0600_00006;6;;Rue de l'Esplanade;91360;91216;Épinay-sur-Orge;;;2.326905;48.672021
91216_1950_00025;25;;Rue de Sillery;91360;91216;Épinay-sur-Orge;;;2.325596;48.677558
91216_1410_00026;26;;Rue du Parc;91360;91216;Épinay-sur-Orge;;;2.319073;48.675276
91216_0820_00016;16;;Cours du General de Gaulle;91360;91216;Épinay-sur-Orge;;;2.3268;48.672413
91216_1450_00008;8;;Rue du Pavillon;91360;91216;Épinay-sur-Orge;;;2.320377;48.673374
91216_1257_00030;30;;Rue des Monseaux;91360;91216;Épinay-sur-Orge;;;2.329881;48.674293
91216_2100_00011;11;;Rue de la Vallée;91360;91216;Épinay-sur-Orge;;;2.325804;48.670205
91216_0920_00059;59;;Rue Henri Dunant;91360;91216;Épinay-sur-Orge;;;2.323184;48.680543
91216_1670_00028;28;;Rue des 4 Vents;91360;91216;Épinay-sur-Orge;;;2.31592;48.676062
91216_1891_00066;66;;Rue du Bois de Balizy;91360;91216;Épinay-sur-Orge;;;2.310722;48.674467
91216_0430_00012;12;;Rue du Coteau;91360;91216;Épinay-sur-Orge;;;2.316264;48.67794
91216_0890_00050;50;;Rue Guynemer;91360;91216;Épinay-sur-Orge;;;2.320604;48.681448
91216_2010_00018;18;;Rue des Templiers;91360;91216;Épinay-sur-Orge;;;2.315539;48.675386
91216_0920_00016;16;;Rue Henri Dunant;91360;91216;Épinay-sur-Orge;;;2.325284;48.679216
91216_1500_00093_b;93;b;Rue de Petit Vaux;91360;91216;Épinay-sur-Orge;;;2.332873;48.675653
91216_1891_00014;14;;Rue du Bois de Balizy;91360;91216;Épinay-sur-Orge;;;2.312758;48.673851
91216_0600_00022;22;;Rue de l'Esplanade;91360;91216;Épinay-sur-Orge;;;2.32813;48.671309
91216_1520_00037_bis;37;bis;Rue Pierre Brossolette;91360;91216;Épinay-sur-Orge;;;2.329245;48.670854
91216_0180_00045;45;;Rue des Bas Follets;91360;91216;Épinay-sur-Orge;;;2.317692;48.67951
91216_1257_00020;20;;Rue des Monseaux;91360;91216;Épinay-sur-Orge;;;2.329517;48.673726
91216_0940_00011;11;;Rue Henri IV;91360;91216;Épinay-sur-Orge;;;2.324527;48.679001
91216_1540_00006;6;;Rue du Plateau;91360;91216;Épinay-sur-Orge;;;2.318748;48.677567
91216_0230_00072_bis;72;bis;Rue du Breuil;91360;91216;Épinay-sur-Orge;;;2.316771;48.667105
91216_1780_00020;20;;Rue des Rossays;91360;91216;Épinay-sur-Orge;;;2.33441;48.672755
91216_0903_00018;18;;Rue des Hauts Graviers;91360;91216;Épinay-sur-Orge;;;2.326101;48.675608
91216_0320_00015_bis;15;bis;Rue du Chemin Vert;91360;91216;Épinay-sur-Orge;;;2.332589;48.672758
91216_1520_00056;56;;Rue Pierre Brossolette;91360;91216;Épinay-sur-Orge;;;2.33112;48.67016
91216_0470_00049;49;;Rue de la Division Leclerc;91360;91216;Épinay-sur-Orge;;;2.317048;48.672012
91216_0830_00036_bis;36;bis;Grande Rue;91360;91216;Épinay-sur-Orge;;;2.325817;48.674091
91216_0410_00030_bis;30;bis;Rue de Corbeil;91360;91216;Épinay-sur-Orge;;;2.331995;48.6708
91216_0920_00022;22;;Rue Henri Dunant;91360;91216;Épinay-sur-Orge;;;2.325111;48.679332
91216_1380_00001;1;;Rue de l'Orge;91360;91216;Épinay-sur-Orge;;;2.332347;48.667999
91216_0220_00006;6;;Impasse de la Boële;91360;91216;Épinay-sur-Orge;;;2.327235;48.669144
91216_pdutsb_00001;1;;Rue des Blancs Manteaux;91360;91216;Épinay-sur-Orge;;;2.312338;48.673494
91216_1892_00030;30;;Rue du Coq à l'Huy;91360;91216;Épinay-sur-Orge;;;2.312788;48.675488
91216_0830_00038_bis;38;bis;Grande Rue;91360;91216;Épinay-sur-Orge;;;2.325677;48.674176
91216_2010_00103;103;;Rue des Templiers;91360;91216;Épinay-sur-Orge;;;2.313052;48.677282
91216_1882_00021;21;;Sentier des Ruelles;91360;91216;Épinay-sur-Orge;;;2.315283;48.667816
91216_1330_00069;69;;Rue Nicolas Vaudin;91360;91216;Épinay-sur-Orge;;;2.32326;48.678826
91216_2100_00001;1;;Rue de la Vallée;91360;91216;Épinay-sur-Orge;;;2.325017;48.669986
91216_0830_00020_bis;20;bis;Grande Rue;91360;91216;Épinay-sur-Orge;;;2.326865;48.673476
91216_0903_00038;38;;Rue des Hauts Graviers;91360;91216;Épinay-sur-Orge;;;2.328885;48.675221
91216_1720_00027_bis;27;bis;Rue de la Republique;91360;91216;Épinay-sur-Orge;;;2.33082;48.673792
91216_1800_00018;18;;Rue du Rouillon;91360;91216;Épinay-sur-Orge;;;2.314001;48.67834
91216_r3face_00002;2;;Rue du Weekend;91360;91216;Épinay-sur-Orge;;;2.333974;48.670169
91216_wxcyjz_00009;9;;Sentier des Heribettes;91360;91216;Épinay-sur-Orge;;;2.331599;48.670345
91216_1330_00077;77;;Rue Nicolas Vaudin;91360;91216;Épinay-sur-Orge;;;2.322998;48.67899
91216_0440_00005;5;;Rue de la Croix Ronde;91360;91216;Épinay-sur-Orge;;;2.314012;48.673626
91216_0441_00014;14;;Rue de la Croix Taron;91360;91216;Épinay-sur-Orge;;;2.331129;48.675991
91216_1602_00007;7;;Rue du Pont Rubeau;91360;91216;Épinay-sur-Orge;;;2.32749;48.676724
91216_0470_00008_bis;8;bis;Rue de la Division Leclerc;91360;91216;Épinay-sur-Orge;;;2.322584;48.673921
91216_0320_00035;35;;Rue du Chemin Vert;91360;91216;Épinay-sur-Orge;;;2.333593;48.673566
91216_1670_00027;27;;Rue des 4 Vents;91360;91216;Épinay-sur-Orge;;;2.316883;48.676018
91216_1300_00012;12;;Allée des Morelles;91360;91216;Épinay-sur-Orge;;;2.322809;48.677259
91216_0280_00006;6;;Rue de Charaintru;91360;91216;Épinay-sur-Orge;;;2.335594;48.677861
91216_1430_00018;18;;Rue Pasteur;91360;91216;Épinay-sur-Orge;;;2.332406;48.66809
91216_2030_00004;4;;Rue de la Terrasse;91360;91216;Épinay-sur-Orge;;;2.322239;48.675982
91216_0830_00013_bis;13;bis;Grande Rue;91360;91216;Épinay-sur-Orge;;;2.32613;48.673821
91216_1910_00044;44;;Chemin des Sablons;91360;91216;Épinay-sur-Orge;;;2.317403;48.671141
91216_1490_00012;12;;Rue du Petit Parc;91360;91216;Épinay-sur-Orge;;;2.322849;48.673343
91216_1930_00003;3;;Rue des Sablons;91360;91216;Épinay-sur-Orge;;;2.321463;48.672298
91216_1330_00083;83;;Rue Nicolas Vaudin;91360;91216;Épinay-sur-Orge;;;2.322796;48.679107
91216_2010_00089;89;;Rue des Templiers;91360;91216;Épinay-sur-Orge;;;2.31349;48.676925
91216_1930_00020;20;;Rue des Sablons;91360;91216;Épinay-sur-Orge;;;2.320277;48.67198
91216_1892_00009;9;;Rue du Coq à l'Huy;91360;91216;Épinay-sur-Orge;;;2.312818;48.675348
91216_0890_00017;17;;Rue Guynemer;91360;91216;Épinay-sur-Orge;;;2.31933;48.679992
91216_0790_00031;31;;Rue de la Gare;91360;91216;Épinay-sur-Orge;;;2.330956;48.669731
91216_0430_00047;47;;Rue du Coteau;91360;91216;Épinay-sur-Orge;;;2.31508;48.676311
91216_1820_00016_a;16;a;Chemin des Roulles;91360;91216;Épinay-sur-Orge;;;2.314706;48.668414
91216_1830_00011;11;;Rue des Roulles;91360;91216;Épinay-sur-Orge;;;2.321781;48.6714
91216_0890_00085;85;;Rue Guynemer;91360;91216;Épinay-sur-Orge;;;2.320707;48.681489
91216_1774_00018;18;;Allée des Rossays;91360;91216;Épinay-sur-Orge;;;2.334353;48.670446
91216_1280_00031;31;;Rue de la Montagne;91360;91216;Épinay-sur-Orge;;;2.313734;48.666259
91216_0600_00009;9;;Rue de l'Esplanade;91360;91216;Épinay-sur-Orge;;;2.327358;48.671888
91216_0470_00038_bis;38;bis;Rue de la Division Leclerc;91360;91216;Épinay-sur-Orge;;;2.318009;48.672321
91216_1500_00010;10;;Rue de Petit Vaux;91360;91216;Épinay-sur-Orge;;;2.327523;48.673923
91216_pdutsb_00017;17;;Rue des Blancs Manteaux;91360;91216;Épinay-sur-Orge;;;2.312011;48.67458
91216_0410_00034;34;;Rue de Corbeil;91360;91216;Épinay-sur-Orge;;;2.332216;48.670502
91216_1507_00004;4;;Impasse des Perreulx;91360;91216;Épinay-sur-Orge;;;2.328716;48.677289
91216_1670_00036;36;;Rue des 4 Vents;91360;91216;Épinay-sur-Orge;;;2.314902;48.676057
91216_1160_00005;5;;Rue Manet;91360;91216;Épinay-sur-Orge;;;2.320225;48.680032
91216_1800_00021;21;;Rue du Rouillon;91360;91216;Épinay-sur-Orge;;;2.314387;48.678599
91216_1720_00038;38;;Rue de la Republique;91360;91216;Épinay-sur-Orge;;;2.331677;48.673843
91216_1360_00049;49;;Rue d’Oradour sur Glane;91360;91216;Épinay-sur-Orge;;;2.314154;48.676792
91216_2125_00035;35;;Rue du Vieux Moulin;91360;91216;Épinay-sur-Orge;;;2.333834;48.677118
91216_0820_00020;20;;Cours du General de Gaulle;91360;91216;Épinay-sur-Orge;;;2.327248;48.672423
91216_1280_00055_t;55;t;Rue de la Montagne;91360;91216;Épinay-sur-Orge;;;2.312436;48.667892
91216_0920_00083;83;;Rue Henri Dunant;91360;91216;Épinay-sur-Orge;;;2.321855;48.681407
91216_1410_00009;9;;Rue du Parc;91360;91216;Épinay-sur-Orge;;;2.320954;48.675873
91216_0340_00010;10;;Chemin de la Chevauchée;91360;91216;Épinay-sur-Orge;;;2.31693;48.680922
91216_1561_00010;10;;Impasse de la Pointe Galoppin;91360;91216;Épinay-sur-Orge;;;2.326361;48.676584
91216_1640_00002;2;;Allee des Primeveres;91360;91216;Épinay-sur-Orge;;;2.320323;48.680168
91216_1562_00003;3;;Rue de la Pointe Galoppin;91360;91216;Épinay-sur-Orge;;;2.325661;48.676454
91216_1150_00009;9;;Rue Madeleine Pelletier;91360;91216;Épinay-sur-Orge;;;2.313643;48.670625
91216_2100_00015;15;;Rue de la Vallée;91360;91216;Épinay-sur-Orge;;;2.326896;48.670464
91216_1720_00028;28;;Rue de la Republique;91360;91216;Épinay-sur-Orge;;;2.331259;48.673428
91216_0960_00013;13;;Rue des Heribettes;91360;91216;Épinay-sur-Orge;;;2.33046;48.670963
91216_2010_00013;13;;Rue des Templiers;91360;91216;Épinay-sur-Orge;;;2.315945;48.674899
91216_0182_00003;3;;Sentier des Bas Follets;91360;91216;Épinay-sur-Orge;;;2.317664;48.680767
91216_0280_00016;16;;Rue de Charaintru;91360;91216;Épinay-sur-Orge;;;2.331637;48.680351
91216_0410_00016_bis;16;bis;Rue de Corbeil;91360;91216;Épinay-sur-Orge;;;2.330245;48.672021
91216_1360_00048;48;;Rue d’Oradour sur Glane;91360;91216;Épinay-sur-Orge;;;2.314383;48.677219
91216_2030_00011;11;;Rue de la Terrasse;91360;91216;Épinay-sur-Orge;;;2.323142;48.67519
91216_1891_00024;24;;Rue du Bois de Balizy;91360;91216;Épinay-sur-Orge;;;2.312733;48.674348
91216_0903_00029;29;;Rue des Hauts Graviers;91360;91216;Épinay-sur-Orge;;;2.328451;48.675622
91216_0255_00002;2;;Rue des Cedres;91360;91216;Épinay-sur-Orge;;;2.319593;48.672991
91216_0810_00002;2;;Rue de la Gatinelle;91360;91216;Épinay-sur-Orge;;;2.322645;48.672138
91216_2046_00021;21;;Avenue des Tilleuls;91360;91216;Épinay-sur-Orge;;;2.32769;48.668561
91216_0810_00005;5;;Rue de la Gatinelle;91360;91216;Épinay-sur-Orge;;;2.323233;48.672
91216_1520_00032;32;;Rue Pierre Brossolette;91360;91216;Épinay-sur-Orge;;;2.329059;48.670849
91216_0441_00008;8;;Rue de la Croix Taron;91360;91216;Épinay-sur-Orge;;;2.330273;48.67616
91216_1935_00006;6;;Allée du Saut du Loup;91360;91216;Épinay-sur-Orge;;;2.314464;48.671813
91216_1935_00019;19;;Allée du Saut du Loup;91360;91216;Épinay-sur-Orge;;;2.313943;48.672085
91216_0255_00007;7;;Rue des Cedres;91360;91216;Épinay-sur-Orge;;;2.318931;48.673338
91216_1930_00013;13;;Rue des Sablons;91360;91216;Épinay-sur-Orge;;;2.320768;48.672067
91216_0410_00005;5;;Rue de Corbeil;91360;91216;Épinay-sur-Orge;;;2.329414;48.672365
91216_1891_00005;5;;Rue du Bois de Balizy;91360;91216;Épinay-sur-Orge;;;2.312691;48.673778
91216_0252_00002;2;;Rue des Carrieres;91360;91216;Épinay-sur-Orge;;;2.327878;48.675467
91216_0830_00162;162;;Grande Rue;91360;91216;Épinay-sur-Orge;;;2.316863;48.679303
91216_0620_00014;14;;Rue d’Estienne d’Orves;91360;91216;Épinay-sur-Orge;;;2.317859;48.675839
91216_0830_00124;124;;Grande Rue;91360;91216;Épinay-sur-Orge;;;2.319489;48.677892
91216_0710_00036;36;;Rue de la Fontaine Bridel;91360;91216;Épinay-sur-Orge;;;2.321211;48.67056
91216_0850_00043;43;;Rue de Grand Vaux;91360;91216;Épinay-sur-Orge;;;2.334047;48.673679
91216_0600_00002;2;;Rue de l'Esplanade;91360;91216;Épinay-sur-Orge;;;2.326604;48.67221
91216_0419_00009;9;;Impasse du Court Riage;91360;91216;Épinay-sur-Orge;;;2.329127;48.676052
91216_2070_00005;5;;Chemin des Tourelles;91360;91216;Épinay-sur-Orge;;;2.334042;48.66914
91216_1507_00006;6;;Impasse des Perreulx;91360;91216;Épinay-sur-Orge;;;2.328507;48.677369
91216_1950_00004_bis;4;bis;Rue de Sillery;91360;91216;Épinay-sur-Orge;;;2.324138;48.67471
91216_2130_00017;17;;Rue des Vignes;91360;91216;Épinay-sur-Orge;;;2.319918;48.671154
91216_0830_00069;69;;Grande Rue;91360;91216;Épinay-sur-Orge;;;2.31952;48.677609
91216_1540_00046;46;;Rue du Plateau;91360;91216;Épinay-sur-Orge;;;2.316953;48.675009
91216_1430_00011;11;;Rue Pasteur;91360;91216;Épinay-sur-Orge;;;2.331858;48.668785
91216_2130_00005;5;;Rue des Vignes;91360;91216;Épinay-sur-Orge;;;2.319529;48.670322
91216_1500_00113;113;;Rue de Petit Vaux;91360;91216;Épinay-sur-Orge;;;2.334363;48.676171
91216_1774_00006;6;;Allée des Rossays;91360;91216;Épinay-sur-Orge;;;2.334131;48.671083
91216_1892_00002;2;;Rue du Coq à l'Huy;91360;91216;Épinay-sur-Orge;;;2.312741;48.674808
91216_1150_00020;20;;Rue Madeleine Pelletier;91360;91216;Épinay-sur-Orge;;;2.315029;48.670834
91216_0820_00013;13;;Cours du General de Gaulle;91360;91216;Épinay-sur-Orge;;;2.325769;48.672998
91216_0830_00026_bis;26;bis;Grande Rue;91360;91216;Épinay-sur-Orge;;;2.326695;48.673576
91216_1257_00007;7;;Rue des Monseaux;91360;91216;Épinay-sur-Orge;;;2.329168;48.673379
91216_1820_00016_b;16;b;Chemin des Roulles;91360;91216;Épinay-sur-Orge;;;2.314746;48.668445
91216_1602_00006;6;;Rue du Pont Rubeau;91360;91216;Épinay-sur-Orge;;;2.327618;48.676713
91216_1950_00027;27;;Rue de Sillery;91360;91216;Épinay-sur-Orge;;;2.325732;48.677719
91216_0850_00023;23;;Rue de Grand Vaux;91360;91216;Épinay-sur-Orge;;;2.332676;48.671026
91216_1500_00051;51;;Rue de Petit Vaux;91360;91216;Épinay-sur-Orge;;;2.32971;48.674485
91216_1882_00008;8;;Sentier des Ruelles;91360;91216;Épinay-sur-Orge;;;2.314621;48.667119
91216_1430_00014;14;;Rue Pasteur;91360;91216;Épinay-sur-Orge;;;2.332178;48.668332
91216_1930_00017;17;;Rue des Sablons;91360;91216;Épinay-sur-Orge;;;2.32038;48.671931
91216_1950_00037;37;;Rue de Sillery;91360;91216;Épinay-sur-Orge;;;2.326127;48.678386
91216_0180_00029;29;;Rue des Bas Follets;91360;91216;Épinay-sur-Orge;;;2.317295;48.679104
91216_1430_00021;21;;Rue Pasteur;91360;91216;Épinay-sur-Orge;;;2.332379;48.668191
91216_2130_00026;26;;Rue des Vignes;91360;91216;Épinay-sur-Orge;;;2.319199;48.672168
91216_1105_00019;19;;Voie des Laurentes;91360;91216;Épinay-sur-Orge;;;2.317874;48.668464
91216_1562_00011;11;;Rue de la Pointe Galoppin;91360;91216;Épinay-sur-Orge;;;2.325895;48.676775
91216_1760_00012;12;;Allee des Roses;91360;91216;Épinay-sur-Orge;;;2.323442;48.679472
91216_0230_00017;17;;Rue du Breuil;91360;91216;Épinay-sur-Orge;;;2.321956;48.670179
91216_1210_00037;37;;Rue Maurice Sarrault;91360;91216;Épinay-sur-Orge;;;2.316071;48.675845
91216_1500_00065;65;;Rue de Petit Vaux;91360;91216;Épinay-sur-Orge;;;2.331022;48.674811
91216_1755_00014;14;;Rue Rosa Parks;91360;91216;Épinay-sur-Orge;;;2.312513;48.671754
91216_0050_00010;10;;Impasse de l'Ancien Lavoir;91360;91216;Épinay-sur-Orge;;;2.326909;48.669221
91216_0830_00004;4;;Grande Rue;91360;91216;Épinay-sur-Orge;;;2.327818;48.672938
91216_1450_00033;33;;Rue du Pavillon;91360;91216;Épinay-sur-Orge;;;2.318716;48.674643
91216_0830_00044;44;;Grande Rue;91360;91216;Épinay-sur-Orge;;;2.325116;48.674547
91216_0470_00005;5;;Rue de la Division Leclerc;91360;91216;Épinay-sur-Orge;;;2.322392;48.67332
91216_0830_00091;91;;Grande Rue;91360;91216;Épinay-sur-Orge;;;2.316763;48.679185
91216_1520_00034;34;;Rue Pierre Brossolette;91360;91216;Épinay-sur-Orge;;;2.329209;48.670797
91216_1892_00042;42;;Rue du Coq à l'Huy;91360;91216;Épinay-sur-Orge;;;2.312343;48.675639
91216_0509_00006;6;;Rue des Dores;91360;91216;Épinay-sur-Orge;;;2.325805;48.675014
91216_0850_00067;67;;Rue de Grand Vaux;91360;91216;Épinay-sur-Orge;;;2.336517;48.676859
91216_1891_00062;62;;Rue du Bois de Balizy;91360;91216;Épinay-sur-Orge;;;2.310973;48.674795
91216_1180_00073;73;;Rue du Mauregard;91360;91216;Épinay-sur-Orge;;;2.319719;48.681158
91216_0410_00062;62;;Rue de Corbeil;91360;91216;Épinay-sur-Orge;;;2.332836;48.667416
91216_0320_00015_ter;15;ter;Rue du Chemin Vert;91360;91216;Épinay-sur-Orge;;;2.332642;48.67284
91216_0050_00004;4;;Impasse de l'Ancien Lavoir;91360;91216;Épinay-sur-Orge;;;2.326954;48.669443
91216_1561_00004;4;;Impasse de la Pointe Galoppin;91360;91216;Épinay-sur-Orge;;;2.325305;48.676088
91216_0830_00005;5;;Grande Rue;91360;91216;Épinay-sur-Orge;;;2.326985;48.673311
91216_0230_00088_ter;88;ter;Rue du Breuil;91360;91216;Épinay-sur-Orge;;;2.315918;48.666006
91216_1360_00047;47;;Rue d’Oradour sur Glane;91360;91216;Épinay-sur-Orge;;;2.31419;48.67684
91216_0960_00009;9;;Rue des Heribettes;91360;91216;Épinay-sur-Orge;;;2.330705;48.671326
91216_1720_00029;29;;Rue de la Republique;91360;91216;Épinay-sur-Orge;;;2.331337;48.673685
91216_0824_00005;5;;Rue Girouise;91360;91216;Épinay-sur-Orge;;;2.330508;48.675731
91216_1540_00024;24;;Rue du Plateau;91360;91216;Épinay-sur-Orge;;;2.318195;48.676855
91216_1892_00017;17;;Rue du Coq à l'Huy;91360;91216;Épinay-sur-Orge;;;2.312502;48.675565
91216_2100_00028;28;;Rue de la Vallée;91360;91216;Épinay-sur-Orge;;;2.328199;48.670694
91216_1882_00015;15;;Sentier des Ruelles;91360;91216;Épinay-sur-Orge;;;2.31494;48.667551
91216_0350_00019;19;;Rue de la Chevauchée;91360;91216;Épinay-sur-Orge;;;2.312391;48.67853
91216_1450_00044;44;;Rue du Pavillon;91360;91216;Épinay-sur-Orge;;;2.31902;48.674548
91216_1740_00016;16;;Rue de Rivoli;91360;91216;Épinay-sur-Orge;;;2.314989;48.664687
91216_1561_00005;5;;Impasse de la Pointe Galoppin;91360;91216;Épinay-sur-Orge;;;2.325585;48.676064
91216_1330_00031;31;;Rue Nicolas Vaudin;91360;91216;Épinay-sur-Orge;;;2.322746;48.678012
91216_2010_00029;29;;Rue des Templiers;91360;91216;Épinay-sur-Orge;;;2.315426;48.675295
91216_0830_00040;40;;Grande Rue;91360;91216;Épinay-sur-Orge;;;2.325425;48.674317
91216_0830_00005_bis;5;bis;Grande Rue;91360;91216;Épinay-sur-Orge;;;2.326939;48.673352
91216_1625_00003;3;;Impasse de la Prairie;91360;91216;Épinay-sur-Orge;;;2.317994;48.669009
91216_0830_00002;2;;Grande Rue;91360;91216;Épinay-sur-Orge;;;2.328185;48.672815
91216_1640_00005;5;;Allee des Primeveres;91360;91216;Épinay-sur-Orge;;;2.319809;48.68046
91216_1240_00058;58;;Rue des Meuniers;91360;91216;Épinay-sur-Orge;;;2.324862;48.670874
91216_2070_00016;16;;Chemin des Tourelles;91360;91216;Épinay-sur-Orge;;;2.334385;48.669082
91216_1500_00025;25;;Rue de Petit Vaux;91360;91216;Épinay-sur-Orge;;;2.327919;48.674075
91216_1120_00006;6;;Rue Leopold Pillot;91360;91216;Épinay-sur-Orge;;;2.329125;48.671314
91216_0230_00012_bis;12;bis;Rue du Breuil;91360;91216;Épinay-sur-Orge;;;2.321764;48.670162
91216_0600_00012;12;;Rue de l'Esplanade;91360;91216;Épinay-sur-Orge;;;2.327431;48.671719
91216_1891_00002;2;;Rue du Bois de Balizy;91360;91216;Épinay-sur-Orge;;;2.313162;48.673554
91216_2046_00016_ter;16;ter;Avenue des Tilleuls;91360;91216;Épinay-sur-Orge;;;2.327968;48.669641
91216_0255_00042;42;;Rue des Cedres;91360;91216;Épinay-sur-Orge;;;2.316315;48.674125
91216_0920_00023;23;;Rue Henri Dunant;91360;91216;Épinay-sur-Orge;;;2.325028;48.679296
91216_1330_00071;71;;Rue Nicolas Vaudin;91360;91216;Épinay-sur-Orge;;;2.323182;48.678871
91216_0830_00024;24;;Grande Rue;91360;91216;Épinay-sur-Orge;;;2.326752;48.673531
91216_2010_00022;22;;Rue des Templiers;91360;91216;Épinay-sur-Orge;;;2.315071;48.675735
91216_0580_00004;4;;Rue de l'Eglise;91360;91216;Épinay-sur-Orge;;;2.323943;48.674004
91216_1330_00092;92;;Rue Nicolas Vaudin;91360;91216;Épinay-sur-Orge;;;2.323082;48.679017
91216_1257_00015;15;;Rue des Monseaux;91360;91216;Épinay-sur-Orge;;;2.329431;48.67379
91216_2100_00005;5;;Rue de la Vallée;91360;91216;Épinay-sur-Orge;;;2.325303;48.670056
91216_1280_00025;25;;Rue de la Montagne;91360;91216;Épinay-sur-Orge;;;2.31454;48.665922
91216_1730_00002;2;;Impasse de la République;91360;91216;Épinay-sur-Orge;;;2.331425;48.674171
91216_0230_00005;5;;Rue du Breuil;91360;91216;Épinay-sur-Orge;;;2.32329;48.670784
91216_0430_00004;4;;Rue du Coteau;91360;91216;Épinay-sur-Orge;;;2.316918;48.67874
91216_0620_00019;19;;Rue d’Estienne d’Orves;91360;91216;Épinay-sur-Orge;;;2.3172;48.676688
91216_2125_00002;2;;Rue du Vieux Moulin;91360;91216;Épinay-sur-Orge;;;2.33416;48.67652
91216_0470_00048;48;;Rue de la Division Leclerc;91360;91216;Épinay-sur-Orge;;;2.314777;48.671653
91216_0430_00005;5;;Rue du Coteau;91360;91216;Épinay-sur-Orge;;;2.316982;48.67862
91216_0182_00002;2;;Sentier des Bas Follets;91360;91216;Épinay-sur-Orge;;;2.317399;48.681107
91216_0320_00009;9;;Rue du Chemin Vert;91360;91216;Épinay-sur-Orge;;;2.332863;48.672359
91216_1640_00034;34;;Allee des Primeveres;91360;91216;Épinay-sur-Orge;;;2.319173;48.680917
91216_1720_00058;58;;Rue de la Republique;91360;91216;Épinay-sur-Orge;;;2.332007;48.674977
91216_2125_00057;57;;Rue du Vieux Moulin;91360;91216;Épinay-sur-Orge;;;2.333287;48.676765
91216_0830_00039;39;;Grande Rue;91360;91216;Épinay-sur-Orge;;;2.323804;48.675092
91216_1380_00017;17;;Rue de l'Orge;91360;91216;Épinay-sur-Orge;;;2.331199;48.668056
91216_1380_00005;5;;Rue de l'Orge;91360;91216;Épinay-sur-Orge;;;2.332141;48.66802
91216_0830_00095;95;;Grande Rue;91360;91216;Épinay-sur-Orge;;;2.316451;48.679362
91216_1500_00046;46;;Rue de Petit Vaux;91360;91216;Épinay-sur-Orge;;;2.331273;48.674829
91216_1210_00008;8;;Rue Maurice Sarrault;91360;91216;Épinay-sur-Orge;;;2.317761;48.678039
91216_0830_00114_a;114;a;Grande Rue;91360;91216;Épinay-sur-Orge;;;2.320996;48.678081
91216_2130_00018;18;;Rue des Vignes;91360;91216;Épinay-sur-Orge;;;2.319791;48.671682
91216_1240_00001;1;;Rue des Meuniers;91360;91216;Épinay-sur-Orge;;;2.329493;48.669482
91216_0920_00076;76;;Rue Henri Dunant;91360;91216;Épinay-sur-Orge;;;2.322992;48.68076
91216_0830_00082;82;;Grande Rue;91360;91216;Épinay-sur-Orge;;;2.322514;48.675991
91216_0470_00026;26;;Rue de la Division Leclerc;91360;91216;Épinay-sur-Orge;;;2.321479;48.673185
91216_0710_00004_bis;4;bis;Rue de la Fontaine Bridel;91360;91216;Épinay-sur-Orge;;;2.32344;48.671764
91216_2383_00004;4;;Sentier de l'Yvette;91360;91216;Épinay-sur-Orge;;;2.327115;48.678567
91216_1257_00032;32;;Rue des Monseaux;91360;91216;Épinay-sur-Orge;;;2.329916;48.674335
91216_0100_00014;14;;Rue d'Athis;91360;91216;Épinay-sur-Orge;;;2.324798;48.677131
91216_0890_00011;11;;Rue Guynemer;91360;91216;Épinay-sur-Orge;;;2.319584;48.679819
91216_1070_00010;10;;Rue Joliot Curie;91360;91216;Épinay-sur-Orge;;;2.321342;48.674346
91216_0830_00001_bis;1;bis;Grande Rue;91360;91216;Épinay-sur-Orge;;;2.327266;48.673169
91216_0350_00026;26;;Rue de la Chevauchée;91360;91216;Épinay-sur-Orge;;;2.313643;48.679083
91216_1410_00032;32;;Rue du Parc;91360;91216;Épinay-sur-Orge;;;2.318534;48.675095
91216_0230_00085;85;;Rue du Breuil;91360;91216;Épinay-sur-Orge;;;2.315908;48.665923
91216_0903_00037;37;;Rue des Hauts Graviers;91360;91216;Épinay-sur-Orge;;;2.329226;48.675098
91216_0824_00018;18;;Rue Girouise;91360;91216;Épinay-sur-Orge;;;2.330699;48.675792
91216_1930_00033;33;;Rue des Sablons;91360;91216;Épinay-sur-Orge;;;2.318418;48.671337
91216_1103_00002;2;;Impasse des Laurentes;91360;91216;Épinay-sur-Orge;;;2.317324;48.667972
91216_0920_00028;28;;Rue Henri Dunant;91360;91216;Épinay-sur-Orge;;;2.324838;48.679514
91216_1500_00070;70;;Rue de Petit Vaux;91360;91216;Épinay-sur-Orge;;;2.333388;48.675665
91216_1180_00015;15;;Rue du Mauregard;91360;91216;Épinay-sur-Orge;;;2.320269;48.679136
91216_0441_00007;7;;Rue de la Croix Taron;91360;91216;Épinay-sur-Orge;;;2.330642;48.676443
91216_0320_00045;45;;Rue du Chemin Vert;91360;91216;Épinay-sur-Orge;;;2.334072;48.674178
91216_0820_00012;12;;Cours du General de Gaulle;91360;91216;Épinay-sur-Orge;;;2.325635;48.672377
91216_1520_00028;28;;Rue Pierre Brossolette;91360;91216;Épinay-sur-Orge;;;2.327881;48.671064
91216_0790_00034;34;;Rue de la Gare;91360;91216;Épinay-sur-Orge;;;2.330826;48.669705
91216_1540_00020;20;;Rue du Plateau;91360;91216;Épinay-sur-Orge;;;2.318307;48.677015
91216_0920_00122;122;;Rue Henri Dunant;91360;91216;Épinay-sur-Orge;;;2.321441;48.681715
91216_0890_00068;68;;Rue Guynemer;91360;91216;Épinay-sur-Orge;;;2.321341;48.681034
91216_1760_00017;17;;Allee des Roses;91360;91216;Épinay-sur-Orge;;;2.323055;48.679674
91216_0920_00033;33;;Rue Henri Dunant;91360;91216;Épinay-sur-Orge;;;2.324637;48.679567
91216_1935_00030;30;;Allée du Saut du Loup;91360;91216;Épinay-sur-Orge;;;2.314035;48.672223
91216_0470_00067;67;;Rue de la Division Leclerc;91360;91216;Épinay-sur-Orge;;;2.31547;48.671674
91216_0470_00011;11;;Rue de la Division Leclerc;91360;91216;Épinay-sur-Orge;;;2.32189;48.673211
91216_1720_00022;22;;Rue de la Republique;91360;91216;Épinay-sur-Orge;;;2.331076;48.673181
91216_0850_00051;51;;Rue de Grand Vaux;91360;91216;Épinay-sur-Orge;;;2.335204;48.675193
91216_0580_00003;3;;Rue de l'Eglise;91360;91216;Épinay-sur-Orge;;;2.324071;48.673741
91216_1891_00020;20;;Rue du Bois de Balizy;91360;91216;Épinay-sur-Orge;;;2.312702;48.674172
91216_pdutsb_00018;18;;Rue des Blancs Manteaux;91360;91216;Épinay-sur-Orge;;;2.312097;48.674421
91216_1180_00077;77;;Rue du Mauregard;91360;91216;Épinay-sur-Orge;;;2.319611;48.681228
91216_0182_00019;19;;Sentier des Bas Follets;91360;91216;Épinay-sur-Orge;;;2.318687;48.67997
91216_0620_00039;39;;Rue d’Estienne d’Orves;91360;91216;Épinay-sur-Orge;;;2.316207;48.678469
91216_1360_00043;43;;Rue d’Oradour sur Glane;91360;91216;Épinay-sur-Orge;;;2.314323;48.67698
91216_1150_00018;18;;Rue Madeleine Pelletier;91360;91216;Épinay-sur-Orge;;;2.314836;48.67077
91216_1380_00004;4;;Rue de l'Orge;91360;91216;Épinay-sur-Orge;;;2.331806;48.668053
91216_1257_00018;18;;Rue des Monseaux;91360;91216;Épinay-sur-Orge;;;2.32946;48.67364
91216_2010_00019;19;;Rue des Templiers;91360;91216;Épinay-sur-Orge;;;2.31578;48.675042
91216_2130_00033;33;;Rue des Vignes;91360;91216;Épinay-sur-Orge;;;2.319048;48.67217
91216_2010_00023;23;;Rue des Templiers;91360;91216;Épinay-sur-Orge;;;2.3157;48.675108
91216_0620_00023;23;;Rue d’Estienne d’Orves;91360;91216;Épinay-sur-Orge;;;2.316957;48.677097
91216_0830_00038_ter;38;ter;Grande Rue;91360;91216;Épinay-sur-Orge;;;2.32564;48.674203
91216_1330_00098;98;;Rue Nicolas Vaudin;91360;91216;Épinay-sur-Orge;;;2.322594;48.67932
91216_pdutsb_00003;3;;Rue des Blancs Manteaux;91360;91216;Épinay-sur-Orge;;;2.312149;48.673618
91216_0830_00025;25;;Grande Rue;91360;91216;Épinay-sur-Orge;;;2.325452;48.674222
91216_1105_00003;3;;Voie des Laurentes;91360;91216;Épinay-sur-Orge;;;2.317257;48.668597
91216_1935_00052;52;;Allée du Saut du Loup;91360;91216;Épinay-sur-Orge;;;2.313587;48.672308
91216_1210_00006;6;;Rue Maurice Sarrault;91360;91216;Épinay-sur-Orge;;;2.317797;48.678077
91216_1935_00005;5;;Allée du Saut du Loup;91360;91216;Épinay-sur-Orge;;;2.314291;48.671828
91216_0215_00012;12;;Impasse du Billoir;91360;91216;Épinay-sur-Orge;;;2.314721;48.671221
91216_1500_00009;9;;Rue de Petit Vaux;91360;91216;Épinay-sur-Orge;;;2.326946;48.67385
91216_1820_00014;14;;Chemin des Roulles;91360;91216;Épinay-sur-Orge;;;2.314307;48.668156
91216_2010_00045;45;;Rue des Templiers;91360;91216;Épinay-sur-Orge;;;2.314896;48.675739
91216_1800_00049;49;;Rue du Rouillon;91360;91216;Épinay-sur-Orge;;;2.31349;48.677514
91216_1180_00020;20;;Rue du Mauregard;91360;91216;Épinay-sur-Orge;;;2.321342;48.680241
91216_0850_00059;59;;Rue de Grand Vaux;91360;91216;Épinay-sur-Orge;;;2.335489;48.675477
91216_1990_00015;15;;Rue de la Station;91360;91216;Épinay-sur-Orge;;;2.333984;48.675614
91216_0830_00039_ter;39;ter;Grande Rue;91360;91216;Épinay-sur-Orge;;;2.323544;48.675293
91216_1780_00005;5;;Rue des Rossays;91360;91216;Épinay-sur-Orge;;;2.333706;48.671914
91216_1450_00042;42;;Rue du Pavillon;91360;91216;Épinay-sur-Orge;;;2.319108;48.674454
91216_1935_00010;10;;Allée du Saut du Loup;91360;91216;Épinay-sur-Orge;;;2.314425;48.671851
91216_0410_00016;16;;Rue de Corbeil;91360;91216;Épinay-sur-Orge;;;2.330105;48.672071
91216_0180_00025;25;;Rue des Bas Follets;91360;91216;Épinay-sur-Orge;;;2.317696;48.679425
91216_0182_00017;17;;Sentier des Bas Follets;91360;91216;Épinay-sur-Orge;;;2.318387;48.680201
91216_1500_00103_b;103;b;Rue de Petit Vaux;91360;91216;Épinay-sur-Orge;;;2.33374;48.675858
91216_0920_00114;114;;Rue Henri Dunant;91360;91216;Épinay-sur-Orge;;;2.32175;48.681554
91216_0620_00031;31;;Rue d’Estienne d’Orves;91360;91216;Épinay-sur-Orge;;;2.316664;48.677645
91216_1410_00010;10;;Rue du Parc;91360;91216;Épinay-sur-Orge;;;2.320431;48.675795
91216_0850_00062_bis;62;bis;Rue de Grand Vaux;91360;91216;Épinay-sur-Orge;;;2.334466;48.673297
91216_1755_00004;4;;Rue Rosa Parks;91360;91216;Épinay-sur-Orge;;;2.312219;48.671581
91216_0890_00013;13;;Rue Guynemer;91360;91216;Épinay-sur-Orge;;;2.319459;48.679906
91216_0255_00022;22;;Rue des Cedres;91360;91216;Épinay-sur-Orge;;;2.318191;48.673517
91216_1602_00008;8;;Rue du Pont Rubeau;91360;91216;Épinay-sur-Orge;;;2.327527;48.676943
91216_0830_00122;122;;Grande Rue;91360;91216;Épinay-sur-Orge;;;2.319623;48.67769
91216_0903_00017;17;;Rue des Hauts Graviers;91360;91216;Épinay-sur-Orge;;;2.326637;48.675828
91216_2046_00020_bis;20;bis;Avenue des Tilleuls;91360;91216;Épinay-sur-Orge;;;2.327744;48.668756
91216_0850_00018;18;;Rue de Grand Vaux;91360;91216;Épinay-sur-Orge;;;2.332873;48.670947
91216_2010_00105;105;;Rue des Templiers;91360;91216;Épinay-sur-Orge;;;2.313036;48.677319
91216_1730_00003;3;;Impasse de la République;91360;91216;Épinay-sur-Orge;;;2.331256;48.67429
91216_2070_00004_bis;4;bis;Chemin des Tourelles;91360;91216;Épinay-sur-Orge;;;2.333519;48.669017
91216_1210_00007;7;;Rue Maurice Sarrault;91360;91216;Épinay-sur-Orge;;;2.317761;48.677884
91216_1034_00002;2;;Rue des Houches;91360;91216;Épinay-sur-Orge;;;2.327993;48.676857
91216_0790_00029;29;;Rue de la Gare;91360;91216;Épinay-sur-Orge;;;2.330855;48.669836
91216_0182_00017_bis;17;bis;Sentier des Bas Follets;91360;91216;Épinay-sur-Orge;;;2.318421;48.680166
91216_0560_00014;14;;Rue des Ecoles;91360;91216;Épinay-sur-Orge;;;2.324708;48.67355
91216_1892_00020;20;;Rue du Coq à l'Huy;91360;91216;Épinay-sur-Orge;;;2.313168;48.675231
91216_0100_00002;2;;Rue d'Athis;91360;91216;Épinay-sur-Orge;;;2.32288;48.676537
91216_0230_00011;11;;Rue du Breuil;91360;91216;Épinay-sur-Orge;;;2.322531;48.670466
91216_0920_00093;93;;Rue Henri Dunant;91360;91216;Épinay-sur-Orge;;;2.321539;48.6816
91216_1330_00072;72;;Rue Nicolas Vaudin;91360;91216;Épinay-sur-Orge;;;2.324;48.678442
91216_2046_00016_bis;16;bis;Avenue des Tilleuls;91360;91216;Épinay-sur-Orge;;;2.327956;48.669601
91216_1520_00042;42;;Rue Pierre Brossolette;91360;91216;Épinay-sur-Orge;;;2.329686;48.670638
91216_1120_00003;3;;Rue Leopold Pillot;91360;91216;Épinay-sur-Orge;;;2.329789;48.671913
91216_1410_00018;18;;Rue du Parc;91360;91216;Épinay-sur-Orge;;;2.319596;48.67548
91216_0350_00001;1;;Rue de la Chevauchée;91360;91216;Épinay-sur-Orge;;;2.314474;48.679267
91216_0920_00037;37;;Rue Henri Dunant;91360;91216;Épinay-sur-Orge;;;2.324354;48.679757
91216_1800_00034;34;;Rue du Rouillon;91360;91216;Épinay-sur-Orge;;;2.313449;48.677676
91216_0350_00054;54;;Rue de la Chevauchée;91360;91216;Épinay-sur-Orge;;;2.311978;48.678484
91216_1257_00007_bis;7;bis;Rue des Monseaux;91360;91216;Épinay-sur-Orge;;;2.3292;48.673457
91216_0805_00002;2;;Passage de la Gatinelle;91360;91216;Épinay-sur-Orge;;;2.322888;48.671875
91216_1180_00061;61;;Rue du Mauregard;91360;91216;Épinay-sur-Orge;;;2.320345;48.680771
91216_1500_00093_t;93;t;Rue de Petit Vaux;91360;91216;Épinay-sur-Orge;;;2.332947;48.675579
91216_1034_00012;12;;Rue des Houches;91360;91216;Épinay-sur-Orge;;;2.328703;48.676455
91216_2099_00005;5;;Impasse de la Vallée;91360;91216;Épinay-sur-Orge;;;2.316177;48.66782
91216_1430_00024;24;;Rue Pasteur;91360;91216;Épinay-sur-Orge;;;2.332776;48.667696
91216_0350_00034;34;;Rue de la Chevauchée;91360;91216;Épinay-sur-Orge;;;2.313166;48.678912
91216_1120_00007;7;;Rue Leopold Pillot;91360;91216;Épinay-sur-Orge;;;2.329598;48.671689
91216_0890_00049;49;;Rue Guynemer;91360;91216;Épinay-sur-Orge;;;2.318326;48.680742
91216_1330_00068;68;;Rue Nicolas Vaudin;91360;91216;Épinay-sur-Orge;;;2.324126;48.678365
91216_1755_00006;6;;Rue Rosa Parks;91360;91216;Épinay-sur-Orge;;;2.312282;48.671601
91216_1891_00019;19;;Rue du Bois de Balizy;91360;91216;Épinay-sur-Orge;;;2.312037;48.675107
91216_0830_00146;146;;Grande Rue;91360;91216;Épinay-sur-Orge;;;2.317566;48.678876
91216_0903_00025;25;;Rue des Hauts Graviers;91360;91216;Épinay-sur-Orge;;;2.328154;48.675827
91216_0890_00014;14;;Rue Guynemer;91360;91216;Épinay-sur-Orge;;;2.319349;48.680062
91216_0410_00055;55;;Rue de Corbeil;91360;91216;Épinay-sur-Orge;;;2.332903;48.667447
91216_0410_00032;32;;Rue de Corbeil;91360;91216;Épinay-sur-Orge;;;2.332174;48.670583
91216_1540_00048;48;;Rue du Plateau;91360;91216;Épinay-sur-Orge;;;2.316909;48.674932
91216_1500_00048;48;;Rue de Petit Vaux;91360;91216;Épinay-sur-Orge;;;2.331643;48.674956
91216_1150_00042;42;;Rue Madeleine Pelletier;91360;91216;Épinay-sur-Orge;;;2.313276;48.671692
91216_0182_00005;5;;Sentier des Bas Follets;91360;91216;Épinay-sur-Orge;;;2.317675;48.680678
91216_1360_00046;46;;Rue d’Oradour sur Glane;91360;91216;Épinay-sur-Orge;;;2.314448;48.677308
91216_1882_00013;13;;Sentier des Ruelles;91360;91216;Épinay-sur-Orge;;;2.314832;48.667442
91216_1560_00001;1;;Rue de la Pointe;91360;91216;Épinay-sur-Orge;;;2.313162;48.678732
91216_1540_00025;25;;Rue du Plateau;91360;91216;Épinay-sur-Orge;;;2.317203;48.675275
91216_1450_00028;28;;Rue du Pavillon;91360;91216;Épinay-sur-Orge;;;2.31973;48.673932
91216_2010_00037;37;;Rue des Templiers;91360;91216;Épinay-sur-Orge;;;2.315174;48.675503
91216_0410_00009;9;;Rue de Corbeil;91360;91216;Épinay-sur-Orge;;;2.329815;48.672259
91216_0830_00043_bis;43;bis;Grande Rue;91360;91216;Épinay-sur-Orge;;;2.322941;48.675668
91216_0100_00012_bis;12;bis;Rue d'Athis;91360;91216;Épinay-sur-Orge;;;2.324702;48.6771
91216_0230_00084_bis;84;bis;Rue du Breuil;91360;91216;Épinay-sur-Orge;;;2.316179;48.666341
91216_2046_00014_ter;14;ter;Avenue des Tilleuls;91360;91216;Épinay-sur-Orge;;;2.328189;48.669551
91216_0830_00080;80;;Grande Rue;91360;91216;Épinay-sur-Orge;;;2.322665;48.675929
91216_0180_00011;11;;Rue des Bas Follets;91360;91216;Épinay-sur-Orge;;;2.316884;48.680099
91216_1240_00054;54;;Rue des Meuniers;91360;91216;Épinay-sur-Orge;;;2.325164;48.670792
91216_1755_00010;10;;Rue Rosa Parks;91360;91216;Épinay-sur-Orge;;;2.312615;48.671713
91216_0580_00035;35;;Rue de l'Eglise;91360;91216;Épinay-sur-Orge;;;2.324657;48.670188
91216_1500_00075;75;;Rue de Petit Vaux;91360;91216;Épinay-sur-Orge;;;2.331874;48.675097
91216_0430_00036;36;;Rue du Coteau;91360;91216;Épinay-sur-Orge;;;2.315559;48.677097
91216_1935_00027;27;;Allée du Saut du Loup;91360;91216;Épinay-sur-Orge;;;2.31376;48.672254
91216_1640_00015;15;;Allee des Primeveres;91360;91216;Épinay-sur-Orge;;;2.319534;48.680633
91216_1632_00044;44;;Voie des Pres;91360;91216;Épinay-sur-Orge;;;2.329919;48.667949
91216_1330_00070;70;;Rue Nicolas Vaudin;91360;91216;Épinay-sur-Orge;;;2.324102;48.678379
91216_1891_00044;44;;Rue du Bois de Balizy;91360;91216;Épinay-sur-Orge;;;2.312139;48.675319
91216_0230_00007;7;;Rue du Breuil;91360;91216;Épinay-sur-Orge;;;2.322931;48.67068
91216_0230_00070;70;;Rue du Breuil;91360;91216;Épinay-sur-Orge;;;2.316862;48.667186
91216_1360_00002;2;;Rue d’Oradour sur Glane;91360;91216;Épinay-sur-Orge;;;2.316162;48.679368
91216_0252_00014;14;;Rue des Carrieres;91360;91216;Épinay-sur-Orge;;;2.327734;48.67506
91216_1891_00094;94;;Rue du Bois de Balizy;91360;91216;Épinay-sur-Orge;;;2.311922;48.673237
91216_0180_00024;24;;Rue des Bas Follets;91360;91216;Épinay-sur-Orge;;;2.317735;48.679449
91216_2010_00001;1;;Rue des Templiers;91360;91216;Épinay-sur-Orge;;;2.316361;48.674553
91216_1450_00021;21;;Rue du Pavillon;91360;91216;Épinay-sur-Orge;;;2.319198;48.674242
91216_0810_00006;6;;Rue de la Gatinelle;91360;91216;Épinay-sur-Orge;;;2.322001;48.672412
91216_0830_00114_bis;114;bis;Grande Rue;91360;91216;Épinay-sur-Orge;;;2.320024;48.677459
91216_0940_00002;2;;Rue Henri IV;91360;91216;Épinay-sur-Orge;;;2.324111;48.679171
91216_2125_00029;29;;Rue du Vieux Moulin;91360;91216;Épinay-sur-Orge;;;2.334055;48.677037
91216_0252_00009;9;;Rue des Carrieres;91360;91216;Épinay-sur-Orge;;;2.328157;48.674936
91216_2316_00004;4;;Impasse de l’Yvette;91360;91216;Épinay-sur-Orge;;;2.327666;48.677721
91216_2010_00073;73;;Rue des Templiers;91360;91216;Épinay-sur-Orge;;;2.314035;48.67645
91216_1180_00059;59;;Rue du Mauregard;91360;91216;Épinay-sur-Orge;;;2.320415;48.68073
91216_0830_00101;101;;Grande Rue;91360;91216;Épinay-sur-Orge;;;2.315293;48.679894
91216_1380_00011;11;;Rue de l'Orge;91360;91216;Épinay-sur-Orge;;;2.331657;48.668019
91216_0441_00016;16;;Rue de la Croix Taron;91360;91216;Épinay-sur-Orge;;;2.331509;48.675761
91216_0620_00011;11;;Rue d’Estienne d’Orves;91360;91216;Épinay-sur-Orge;;;2.317868;48.675623
91216_1950_00001;1;;Rue de Sillery;91360;91216;Épinay-sur-Orge;;;2.324063;48.674774
91216_0320_00019;19;;Rue du Chemin Vert;91360;91216;Épinay-sur-Orge;;;2.333061;48.672843
91216_0920_00116;116;;Rue Henri Dunant;91360;91216;Épinay-sur-Orge;;;2.321683;48.681601
91216_1500_00028;28;;Rue de Petit Vaux;91360;91216;Épinay-sur-Orge;;;2.328673;48.674171
91216_1430_00008;8;;Rue Pasteur;91360;91216;Épinay-sur-Orge;;;2.331948;48.668582
91216_0890_00034;34;;Rue Guynemer;91360;91216;Épinay-sur-Orge;;;2.318515;48.68069
91216_1910_00068;68;;Chemin des Sablons;91360;91216;Épinay-sur-Orge;;;2.314126;48.669796
91216_0230_00018;18;;Rue du Breuil;91360;91216;Épinay-sur-Orge;;;2.32001;48.669212
91216_0600_00010;10;;Rue de l'Esplanade;91360;91216;Épinay-sur-Orge;;;2.327313;48.671781
91216_0180_00023;23;;Rue des Bas Follets;91360;91216;Épinay-sur-Orge;;;2.317883;48.679544
91216_1500_00117;117;;Rue de Petit Vaux;91360;91216;Épinay-sur-Orge;;;2.33497;48.676308
91216_1410_00031;31;;Rue du Parc;91360;91216;Épinay-sur-Orge;;;2.31878;48.675087
91216_0830_00008;8;;Grande Rue;91360;91216;Épinay-sur-Orge;;;2.327649;48.673046
91216_wxcyjz_00008;8;;Sentier des Heribettes;91360;91216;Épinay-sur-Orge;;;2.331587;48.670462
91216_1800_00051;51;;Rue du Rouillon;91360;91216;Épinay-sur-Orge;;;2.313403;48.677411
91216_1500_00089;89;;Rue de Petit Vaux;91360;91216;Épinay-sur-Orge;;;2.332706;48.675459
91216_1410_00036;36;;Rue du Parc;91360;91216;Épinay-sur-Orge;;;2.317972;48.67488
91216_1640_00038;38;;Allee des Primeveres;91360;91216;Épinay-sur-Orge;;;2.319063;48.681003
91216_0890_00031;31;;Rue Guynemer;91360;91216;Épinay-sur-Orge;;;2.318948;48.680265
91216_1410_00012;12;;Rue du Parc;91360;91216;Épinay-sur-Orge;;;2.320145;48.675707
91216_0370_00005;5;;rue de Chevreuse;91360;91216;Épinay-sur-Orge;;;2.313915;48.665589
91216_0790_00011;11;;Rue de la Gare;91360;91216;Épinay-sur-Orge;;;2.329207;48.67161
91216_0890_00107;107;;Rue Guynemer;91360;91216;Épinay-sur-Orge;;;2.321492;48.681029
91216_1500_00035;35;;Rue de Petit Vaux;91360;91216;Épinay-sur-Orge;;;2.328438;48.674191
91216_0890_00087;87;;Rue Guynemer;91360;91216;Épinay-sur-Orge;;;2.320738;48.681482
91216_0255_00020;20;;Rue des Cedres;91360;91216;Épinay-sur-Orge;;;2.318447;48.67368
91216_1935_00036;36;;Allée du Saut du Loup;91360;91216;Épinay-sur-Orge;;;2.31397;48.672335
91216_0920_00091;91;;Rue Henri Dunant;91360;91216;Épinay-sur-Orge;;;2.321602;48.68156
91216_1280_00057_t;57;t;Rue de la Montagne;91360;91216;Épinay-sur-Orge;;;2.31197;48.667689
91216_1830_00041;41;;Rue des Roulles;91360;91216;Épinay-sur-Orge;;;2.31966;48.670257
91216_0470_00013;13;;Rue de la Division Leclerc;91360;91216;Épinay-sur-Orge;;;2.3216;48.673134
91216_0830_00045;45;;Grande Rue;91360;91216;Épinay-sur-Orge;;;2.322036;48.676158
91216_2125_00025;25;;Rue du Vieux Moulin;91360;91216;Épinay-sur-Orge;;;2.334231;48.67699
91216_0390_00007;7;;Rue du Colonel Manhes;91360;91216;Épinay-sur-Orge;;;2.321026;48.673786
91216_1575_00003;3;;Allée des Pommiers;91360;91216;Épinay-sur-Orge;;;2.311051;48.672977
91216_0830_00089;89;;Grande Rue;91360;91216;Épinay-sur-Orge;;;2.316893;48.679114
91216_1450_00034;34;;Rue du Pavillon;91360;91216;Épinay-sur-Orge;;;2.319487;48.674138
91216_1500_00040;40;;Rue de Petit Vaux;91360;91216;Épinay-sur-Orge;;;2.330609;48.674624
91216_1755_00008;8;;Rue Rosa Parks;91360;91216;Épinay-sur-Orge;;;2.312536;48.671687
91216_0440_00006;6;;Rue de la Croix Ronde;91360;91216;Épinay-sur-Orge;;;2.313743;48.673723
91216_0920_00112;112;;Rue Henri Dunant;91360;91216;Épinay-sur-Orge;;;2.321814;48.681518
91216_1330_00013;13;;Rue Nicolas Vaudin;91360;91216;Épinay-sur-Orge;;;2.32204;48.678349
91216_1150_00004;4;;Rue Madeleine Pelletier;91360;91216;Épinay-sur-Orge;;;2.314515;48.67065
91216_1525_00008;8;;Rue Pierre Médéric;91360;91216;Épinay-sur-Orge;;;2.307506;48.662547
91216_0920_00132;132;;Rue Henri Dunant;91360;91216;Épinay-sur-Orge;;;2.321079;48.681874
91216_1755_00030;30;;Rue Rosa Parks;91360;91216;Épinay-sur-Orge;;;2.312108;48.672081
91216_1105_00021;21;;Voie des Laurentes;91360;91216;Épinay-sur-Orge;;;2.317928;48.6685
91216_1891_00009;9;;Rue du Bois de Balizy;91360;91216;Épinay-sur-Orge;;;2.312564;48.674068
91216_1882_00019;19;;Sentier des Ruelles;91360;91216;Épinay-sur-Orge;;;2.315152;48.66773
91216_1380_00008;8;;Rue de l'Orge;91360;91216;Épinay-sur-Orge;;;2.331421;48.668098
91216_0460_00001_bis;1;bis;Place Désiré Renault;91360;91216;Épinay-sur-Orge;;;2.324059;48.674499
91216_0890_00055;55;;Rue Guynemer;91360;91216;Épinay-sur-Orge;;;2.318118;48.680913
91216_1280_00004;4;;Rue de la Montagne;91360;91216;Épinay-sur-Orge;;;2.315503;48.665261
91216_1540_00017;17;;Rue du Plateau;91360;91216;Épinay-sur-Orge;;;2.318122;48.676639
91216_1800_00027_bis;27;bis;Rue du Rouillon;91360;91216;Épinay-sur-Orge;;;2.314134;48.678294
91216_1180_00018;18;;Rue du Mauregard;91360;91216;Épinay-sur-Orge;;;2.321605;48.679978
91216_1720_00032;32;;Rue de la Republique;91360;91216;Épinay-sur-Orge;;;2.331391;48.673558
91216_0180_00022;22;;Rue des Bas Follets;91360;91216;Épinay-sur-Orge;;;2.317924;48.67958
91216_0419_00003;3;;Impasse du Court Riage;91360;91216;Épinay-sur-Orge;;;2.328994;48.675928
91216_1500_00079_bis;79;bis;Rue de Petit Vaux;91360;91216;Épinay-sur-Orge;;;2.332306;48.675251
91216_1882_00022;22;;Sentier des Ruelles;91360;91216;Épinay-sur-Orge;;;2.315371;48.667825
91216_0180_00018;18;;Rue des Bas Follets;91360;91216;Épinay-sur-Orge;;;2.317772;48.679747
91216_1720_00019;19;;Rue de la Republique;91360;91216;Épinay-sur-Orge;;;2.330919;48.67311
91216_0890_00080;80;;Rue Guynemer;91360;91216;Épinay-sur-Orge;;;2.321803;48.680745
91216_0880_00006;6;;Rue Guy Moquet;91360;91216;Épinay-sur-Orge;;;2.326258;48.673319
91216_1257_00019;19;;Rue des Monseaux;91360;91216;Épinay-sur-Orge;;;2.329559;48.673959
91216_0230_00009;9;;Rue du Breuil;91360;91216;Épinay-sur-Orge;;;2.322702;48.670552
91216_1180_00031;31;;Rue du Mauregard;91360;91216;Épinay-sur-Orge;;;2.321455;48.680041
91216_1410_00039_bis;39;bis;Rue du Parc;91360;91216;Épinay-sur-Orge;;;2.317618;48.674614
91216_1830_00005;5;;Rue des Roulles;91360;91216;Épinay-sur-Orge;;;2.322209;48.671632
91216_0824_00020;20;;Rue Girouise;91360;91216;Épinay-sur-Orge;;;2.330852;48.675897
91216_0182_00011;11;;Sentier des Bas Follets;91360;91216;Épinay-sur-Orge;;;2.31803;48.680477
91216_1500_00069;69;;Rue de Petit Vaux;91360;91216;Épinay-sur-Orge;;;2.331524;48.675075
91216_1640_00022;22;;Allee des Primeveres;91360;91216;Épinay-sur-Orge;;;2.319741;48.680543
91216_0920_00053;53;;Rue Henri Dunant;91360;91216;Épinay-sur-Orge;;;2.323781;48.680145
91216_1830_00016;16;;Rue des Roulles;91360;91216;Épinay-sur-Orge;;;2.321574;48.671387
91216_1330_00057;57;;Rue Nicolas Vaudin;91360;91216;Épinay-sur-Orge;;;2.323969;48.678376
91216_0710_00032;32;;Rue de la Fontaine Bridel;91360;91216;Épinay-sur-Orge;;;2.321741;48.670785
91216_1891_00025;25;;Rue du Bois de Balizy;91360;91216;Épinay-sur-Orge;;;2.311375;48.675177
91216_0384_00005;5;;Rue du Clos Belle;91360;91216;Épinay-sur-Orge;;;2.326602;48.678077
91216_1150_00006;6;;Rue Madeleine Pelletier;91360;91216;Épinay-sur-Orge;;;2.314547;48.67067
91216_1720_00046;46;;Rue de la Republique;91360;91216;Épinay-sur-Orge;;;2.332027;48.674183
91216_1800_00012;12;;Rue du Rouillon;91360;91216;Épinay-sur-Orge;;;2.314262;48.678646
91216_pdutsb_00016;16;;Rue des Blancs Manteaux;91360;91216;Épinay-sur-Orge;;;2.312116;48.674272
91216_0920_00026;26;;Rue Henri Dunant;91360;91216;Épinay-sur-Orge;;;2.32495;48.679433
91216_1240_00046;46;;Rue des Meuniers;91360;91216;Épinay-sur-Orge;;;2.325779;48.670611
91216_1820_00024;24;;Chemin des Roulles;91360;91216;Épinay-sur-Orge;;;2.315162;48.66867
91216_0850_00076;76;;Rue de Grand Vaux;91360;91216;Épinay-sur-Orge;;;2.334469;48.67383
91216_1150_00054;54;;Rue Madeleine Pelletier;91360;91216;Épinay-sur-Orge;;;2.312599;48.672542
91216_1330_00073;73;;Rue Nicolas Vaudin;91360;91216;Épinay-sur-Orge;;;2.323119;48.678908
91216_1930_00039;39;;Rue des Sablons;91360;91216;Épinay-sur-Orge;;;2.317832;48.671222
91216_1755_00003;3;;Rue Rosa Parks;91360;91216;Épinay-sur-Orge;;;2.312062;48.671376
91216_0620_00005;5;;Rue d’Estienne d’Orves;91360;91216;Épinay-sur-Orge;;;2.31807;48.675338
91216_1180_00022;22;;Rue du Mauregard;91360;91216;Épinay-sur-Orge;;;2.321261;48.680281
91216_1180_00001_ter;1;ter;Rue du Mauregard;91360;91216;Épinay-sur-Orge;;;2.319071;48.6783
91216_2046_00012_ter;12;ter;Avenue des Tilleuls;91360;91216;Épinay-sur-Orge;;;2.328483;48.669406
91216_0830_00014;14;;Grande Rue;91360;91216;Épinay-sur-Orge;;;2.327316;48.673244
91216_1240_00028;28;;Rue des Meuniers;91360;91216;Épinay-sur-Orge;;;2.328125;48.669951
91216_0390_00017;17;;Rue du Colonel Manhes;91360;91216;Épinay-sur-Orge;;;2.320297;48.674409
91216_2010_00077;77;;Rue des Templiers;91360;91216;Épinay-sur-Orge;;;2.313919;48.676562
91216_1410_00038;38;;Rue du Parc;91360;91216;Épinay-sur-Orge;;;2.317831;48.674827
91216_0180_00008;8;;Rue des Bas Follets;91360;91216;Épinay-sur-Orge;;;2.316455;48.680362
91216_0470_00030_bis;30;bis;Rue de la Division Leclerc;91360;91216;Épinay-sur-Orge;;;2.321216;48.673099
91216_0280_00001_d;1;d;Rue de Charaintru;91360;91216;Épinay-sur-Orge;;;2.335542;48.677367
91216_0903_00026;26;;Rue des Hauts Graviers;91360;91216;Épinay-sur-Orge;;;2.328001;48.675821
91216_1760_00002;2;;Allee des Roses;91360;91216;Épinay-sur-Orge;;;2.323809;48.679246
91216_0920_00128;128;;Rue Henri Dunant;91360;91216;Épinay-sur-Orge;;;2.321223;48.681813
91216_1430_00025;25;;Rue Pasteur;91360;91216;Épinay-sur-Orge;;;2.332551;48.668017
91216_0441_00025;25;;Rue de la Croix Taron;91360;91216;Épinay-sur-Orge;;;2.332241;48.676368
91216_0600_00023_bis;23;bis;Rue de l'Esplanade;91360;91216;Épinay-sur-Orge;;;2.328329;48.671336
91216_2130_00031;31;;Rue des Vignes;91360;91216;Épinay-sur-Orge;;;2.319119;48.672086
91216_1160_00003;3;;Rue Manet;91360;91216;Épinay-sur-Orge;;;2.320093;48.67994
91216_0790_00027;27;;Rue de la Gare;91360;91216;Épinay-sur-Orge;;;2.330741;48.669956
91216_0710_00018;18;;Rue de la Fontaine Bridel;91360;91216;Épinay-sur-Orge;;;2.322644;48.671379
91216_0100_00001;1;;Rue d'Athis;91360;91216;Épinay-sur-Orge;;;2.322562;48.676534
91216_0320_00019_bis;19;bis;Rue du Chemin Vert;91360;91216;Épinay-sur-Orge;;;2.333127;48.67293
91216_0350_00030;30;;Rue de la Chevauchée;91360;91216;Épinay-sur-Orge;;;2.313404;48.678998
91216_1892_00018;18;;Rue du Coq à l'Huy;91360;91216;Épinay-sur-Orge;;;2.313413;48.675245
91216_0830_00064;64;;Grande Rue;91360;91216;Épinay-sur-Orge;;;2.323805;48.675282
91216_1210_00018;18;;Rue Maurice Sarrault;91360;91216;Épinay-sur-Orge;;;2.31734;48.677529
91216_1520_00047;47;;Rue Pierre Brossolette;91360;91216;Épinay-sur-Orge;;;2.33144;48.670072
91216_1602_00012;12;;Rue du Pont Rubeau;91360;91216;Épinay-sur-Orge;;;2.327468;48.677246
91216_0419_00007;7;;Impasse du Court Riage;91360;91216;Épinay-sur-Orge;;;2.328881;48.67608
91216_1755_00016;16;;Rue Rosa Parks;91360;91216;Épinay-sur-Orge;;;2.312279;48.671672
91216_1520_00001;1;;Rue Pierre Brossolette;91360;91216;Épinay-sur-Orge;;;2.324617;48.671674
91216_1280_00016_a;16;a;Rue de la Montagne;91360;91216;Épinay-sur-Orge;;;2.314509;48.666455
91216_0850_00025;25;;Rue de Grand Vaux;91360;91216;Épinay-sur-Orge;;;2.33272;48.671365
91216_1240_00011;11;;Rue des Meuniers;91360;91216;Épinay-sur-Orge;;;2.327994;48.669911
91216_1640_00009;9;;Allee des Primeveres;91360;91216;Épinay-sur-Orge;;;2.319681;48.68054
91216_1632_00028;28;;Voie des Pres;91360;91216;Épinay-sur-Orge;;;2.326941;48.66856
91216_0180_00031;31;;Rue des Bas Follets;91360;91216;Épinay-sur-Orge;;;2.315923;48.680029
91216_1720_00040;40;;Rue de la Republique;91360;91216;Épinay-sur-Orge;;;2.331767;48.673926
91216_1330_00026;26;;Rue Nicolas Vaudin;91360;91216;Épinay-sur-Orge;;;2.322603;48.678001
91216_0824_00004;4;;Rue Girouise;91360;91216;Épinay-sur-Orge;;;2.329756;48.675624
91216_1210_00014;14;;Rue Maurice Sarrault;91360;91216;Épinay-sur-Orge;;;2.317497;48.677698
91216_0890_00059;59;;Rue Guynemer;91360;91216;Épinay-sur-Orge;;;2.318096;48.681019
91216_0g2rg0_00375;375;;Rue de Ballainvilliers;91360;91216;Épinay-sur-Orge;;;2.303959;48.671754
91216_1800_00053;53;;Rue du Rouillon;91360;91216;Épinay-sur-Orge;;;2.31336;48.677358
91216_1360_00037;37;;Rue d’Oradour sur Glane;91360;91216;Épinay-sur-Orge;;;2.314532;48.677236
91216_1820_00012;12;;Chemin des Roulles;91360;91216;Épinay-sur-Orge;;;2.31426;48.668112
91216_2126_00013;13;;Allée du Vieux Puits;91360;91216;Épinay-sur-Orge;;;2.323766;48.676093
91216_1830_00028;28;;Rue des Roulles;91360;91216;Épinay-sur-Orge;;;2.320825;48.670984
91216_1410_00034;34;;Rue du Parc;91360;91216;Épinay-sur-Orge;;;2.318231;48.674967
91216_0790_00036;36;;Rue de la Gare;91360;91216;Épinay-sur-Orge;;;2.330922;48.669658
91216_0850_00007;7;;Rue de Grand Vaux;91360;91216;Épinay-sur-Orge;;;2.33269;48.670731
91216_0810_00012;12;;Rue de la Gatinelle;91360;91216;Épinay-sur-Orge;;;2.321511;48.672616
91216_0390_00006;6;;Rue du Colonel Manhes;91360;91216;Épinay-sur-Orge;;;2.320247;48.674745
91216_0820_00001;1;;Cours du General de Gaulle;91360;91216;Épinay-sur-Orge;;;2.327368;48.673095
91216_0790_00018;18;;Rue de la Gare;91360;91216;Épinay-sur-Orge;;;2.32916;48.671543
91216_0850_00037;37;;Rue de Grand Vaux;91360;91216;Épinay-sur-Orge;;;2.333294;48.672686
91216_1990_00003;3;;Rue de la Station;91360;91216;Épinay-sur-Orge;;;2.334454;48.674822
91216_0340_00008;8;;Chemin de la Chevauchée;91360;91216;Épinay-sur-Orge;;;2.316762;48.680856
91216_0810_00004_bis;4;bis;Rue de la Gatinelle;91360;91216;Épinay-sur-Orge;;;2.322133;48.672352
91216_0410_00026;26;;Rue de Corbeil;91360;91216;Épinay-sur-Orge;;;2.331704;48.671176
91216_0890_00036;36;;Rue Guynemer;91360;91216;Épinay-sur-Orge;;;2.318399;48.68078
91216_0920_00118;118;;Rue Henri Dunant;91360;91216;Épinay-sur-Orge;;;2.321585;48.681647
91216_0890_00103;103;;Rue Guynemer;91360;91216;Épinay-sur-Orge;;;2.321331;48.681127
91216_1330_00012;12;;Rue Nicolas Vaudin;91360;91216;Épinay-sur-Orge;;;2.322059;48.678262
91216_0410_00033;33;;Rue de Corbeil;91360;91216;Épinay-sur-Orge;;;2.332214;48.670722
91216_1830_00013;13;;Rue des Roulles;91360;91216;Épinay-sur-Orge;;;2.321656;48.671332
91216_1640_00018;18;;Allee des Primeveres;91360;91216;Épinay-sur-Orge;;;2.319865;48.680464
91216_2030_00003;3;;Rue de la Terrasse;91360;91216;Épinay-sur-Orge;;;2.323429;48.674857
91216_1910_00048;48;;Chemin des Sablons;91360;91216;Épinay-sur-Orge;;;2.317012;48.671019
91216_0790_00019;19;;Rue de la Gare;91360;91216;Épinay-sur-Orge;;;2.329798;48.670966
91216_2125_00008;8;;Rue du Vieux Moulin;91360;91216;Épinay-sur-Orge;;;2.334349;48.676892
91216_0320_00035_bis;35;bis;Rue du Chemin Vert;91360;91216;Épinay-sur-Orge;;;2.333628;48.673632
91216_0830_00032;32;;Grande Rue;91360;91216;Épinay-sur-Orge;;;2.326175;48.673878
91216_0230_00078;78;;Rue du Breuil;91360;91216;Épinay-sur-Orge;;;2.316172;48.667052
91216_0830_00030_bis;30;bis;Grande Rue;91360;91216;Épinay-sur-Orge;;;2.32639;48.673774
91216_1450_00020;20;;Rue du Pavillon;91360;91216;Épinay-sur-Orge;;;2.320012;48.673695
91216_2010_00057;57;;Rue des Templiers;91360;91216;Épinay-sur-Orge;;;2.314134;48.675902
91216_0830_00108;108;;Grande Rue;91360;91216;Épinay-sur-Orge;;;2.320306;48.677296
91216_1280_00022;22;;Rue de la Montagne;91360;91216;Épinay-sur-Orge;;;2.313871;48.666577
91216_1035_00002;2;;Place du 8 Mai 1945;91360;91216;Épinay-sur-Orge;;;2.323712;48.673833
91216_1632_00022;22;;Voie des Pres;91360;91216;Épinay-sur-Orge;;;2.326308;48.668744
91216_1388_00008;8;;Allee de l'Orme Quesneau;91360;91216;Épinay-sur-Orge;;;2.318292;48.672866
91216_1410_00027;27;;Rue du Parc;91360;91216;Épinay-sur-Orge;;;2.3191;48.675196
91216_0820_00002_bis;2;bis;Cours du General de Gaulle;91360;91216;Épinay-sur-Orge;;;2.324604;48.67207
91216_0920_00065;65;;Rue Henri Dunant;91360;91216;Épinay-sur-Orge;;;2.323016;48.680658
91216_1670_00016;16;;Rue des 4 Vents;91360;91216;Épinay-sur-Orge;;;2.320002;48.676244
91216_1540_00003;3;;Rue du Plateau;91360;91216;Épinay-sur-Orge;;;2.318876;48.677553
91216_2010_00101;101;;Rue des Templiers;91360;91216;Épinay-sur-Orge;;;2.313105;48.677237
91216_1760_00006;6;;Allee des Roses;91360;91216;Épinay-sur-Orge;;;2.323663;48.679334
91216_0430_00039;39;;Rue du Coteau;91360;91216;Épinay-sur-Orge;;;2.315377;48.676667
91216_0470_00059;59;;Rue de la Division Leclerc;91360;91216;Épinay-sur-Orge;;;2.31629;48.671859
91216_1910_00043;43;;Chemin des Sablons;91360;91216;Épinay-sur-Orge;;;2.317505;48.67112
91216_0255_00004;4;;Rue des Cedres;91360;91216;Épinay-sur-Orge;;;2.319327;48.673098
91216_1300_00006;6;;Allée des Morelles;91360;91216;Épinay-sur-Orge;;;2.323246;48.677038
91216_0255_00009;9;;Rue des Cedres;91360;91216;Épinay-sur-Orge;;;2.318617;48.673494
91216_0441_00009;9;;Rue de la Croix Taron;91360;91216;Épinay-sur-Orge;;;2.330833;48.676514
91216_1500_00036;36;;Rue de Petit Vaux;91360;91216;Épinay-sur-Orge;;;2.330194;48.674523
91216_1891_00060;60;;Rue du Bois de Balizy;91360;91216;Épinay-sur-Orge;;;2.311072;48.674924
91216_1935_00038;38;;Allée du Saut du Loup;91360;91216;Épinay-sur-Orge;;;2.313933;48.672372
91216_1070_00016;16;;Rue Joliot Curie;91360;91216;Épinay-sur-Orge;;;2.320872;48.674769
91216_0830_00112;112;;Grande Rue;91360;91216;Épinay-sur-Orge;;;2.320157;48.677379
91216_0410_00008;8;;Rue de Corbeil;91360;91216;Épinay-sur-Orge;;;2.329516;48.672227
91216_1540_00027;27;;Rue du Plateau;91360;91216;Épinay-sur-Orge;;;2.31715;48.675173
91216_0830_00083;83;;Grande Rue;91360;91216;Épinay-sur-Orge;;;2.317821;48.678572
91216_0920_00089;89;;Rue Henri Dunant;91360;91216;Épinay-sur-Orge;;;2.321665;48.681519
91216_1950_00029;29;;Rue de Sillery;91360;91216;Épinay-sur-Orge;;;2.325867;48.677988
91216_0830_00168;168;;Grande Rue;91360;91216;Épinay-sur-Orge;;;2.316545;48.679497
91216_0830_00012_bis;12;bis;Grande Rue;91360;91216;Épinay-sur-Orge;;;2.327389;48.673191
91216_2030_00014;14;;Rue de la Terrasse;91360;91216;Épinay-sur-Orge;;;2.322748;48.675448
91216_1330_00050;50;;Rue Nicolas Vaudin;91360;91216;Épinay-sur-Orge;;;2.323579;48.677633
91216_1180_00058;58;;Rue du Mauregard;91360;91216;Épinay-sur-Orge;;;2.319928;48.681113
91216_1500_00093;93;;Rue de Petit Vaux;91360;91216;Épinay-sur-Orge;;;2.332755;48.675608
91216_2010_00061;61;;Rue des Templiers;91360;91216;Épinay-sur-Orge;;;2.314271;48.675973
91216_1891_00068;68;;Rue du Bois de Balizy;91360;91216;Épinay-sur-Orge;;;2.310644;48.674366
91216_2010_00127;127;;Rue des Templiers;91360;91216;Épinay-sur-Orge;;;2.312111;48.678136
91216_1720_00003;3;;Rue de la Republique;91360;91216;Épinay-sur-Orge;;;2.330475;48.67237
91216_1520_00009;9;;Rue Pierre Brossolette;91360;91216;Épinay-sur-Orge;;;2.326126;48.671434
91216_1935_00018;18;;Allée du Saut du Loup;91360;91216;Épinay-sur-Orge;;;2.314293;48.671973
91216_1330_00085;85;;Rue Nicolas Vaudin;91360;91216;Épinay-sur-Orge;;;2.322739;48.679141
91216_0890_00083;83;;Rue Guynemer;91360;91216;Épinay-sur-Orge;;;2.320588;48.681503
91216_1891_00046;46;;Rue du Bois de Balizy;91360;91216;Épinay-sur-Orge;;;2.31185;48.675485
91216_0252_00005;5;;Rue des Carrieres;91360;91216;Épinay-sur-Orge;;;2.327842;48.675079
91216_1410_00035;35;;Rue du Parc;91360;91216;Épinay-sur-Orge;;;2.318287;48.674881
91216_0920_00067;67;;Rue Henri Dunant;91360;91216;Épinay-sur-Orge;;;2.322946;48.6807
91216_0255_00032;32;;Rue des Cedres;91360;91216;Épinay-sur-Orge;;;2.317001;48.673422
91216_1575_00006;6;;Allée des Pommiers;91360;91216;Épinay-sur-Orge;;;2.310609;48.673452
91216_1430_00012;12;;Rue Pasteur;91360;91216;Épinay-sur-Orge;;;2.332082;48.668426
91216_0430_00017;17;;Rue du Coteau;91360;91216;Épinay-sur-Orge;;;2.316216;48.6777
91216_pdutsb_00023;23;;Rue des Blancs Manteaux;91360;91216;Épinay-sur-Orge;;;2.31203;48.674983
91216_0560_00009;9;;Rue des Ecoles;91360;91216;Épinay-sur-Orge;;;2.325665;48.673103
91216_1500_00037;37;;Rue de Petit Vaux;91360;91216;Épinay-sur-Orge;;;2.328624;48.674235
91216_0410_00017;17;;Rue de Corbeil;91360;91216;Épinay-sur-Orge;;;2.331087;48.672176
91216_0830_00052;52;;Grande Rue;91360;91216;Épinay-sur-Orge;;;2.324589;48.674842
91216_1330_00094_bis;94;bis;Rue Nicolas Vaudin;91360;91216;Épinay-sur-Orge;;;2.32284;48.679258
91216_1257_00011;11;;Rue des Monseaux;91360;91216;Épinay-sur-Orge;;;2.329304;48.673579
91216_0320_00033_bis;33;bis;Rue du Chemin Vert;91360;91216;Épinay-sur-Orge;;;2.333573;48.673515
91216_0430_00001;1;;Rue du Coteau;91360;91216;Épinay-sur-Orge;;;2.317153;48.67881
91216_1500_00077;77;;Rue de Petit Vaux;91360;91216;Épinay-sur-Orge;;;2.332004;48.675122
91216_0890_00064;64;;Rue Guynemer;91360;91216;Épinay-sur-Orge;;;2.321218;48.681109
91216_1410_00042;42;;Rue du Parc;91360;91216;Épinay-sur-Orge;;;2.317406;48.674662
91216_1760_00010;10;;Allee des Roses;91360;91216;Épinay-sur-Orge;;;2.323534;48.679411
91216_1410_00025;25;;Rue du Parc;91360;91216;Épinay-sur-Orge;;;2.319226;48.67523
91216_0830_00026;26;;Grande Rue;91360;91216;Épinay-sur-Orge;;;2.326717;48.673561
91216_1525_00012;12;;Rue Pierre Médéric;91360;91216;Épinay-sur-Orge;;;2.307487;48.66295
91216_1561_00003;3;;Impasse de la Pointe Galoppin;91360;91216;Épinay-sur-Orge;;;2.325345;48.676126
91216_1070_00026;26;;Rue Joliot Curie;91360;91216;Épinay-sur-Orge;;;2.320223;48.675437
91216_0340_00012;12;;Chemin de la Chevauchée;91360;91216;Épinay-sur-Orge;;;2.31712;48.681029
91216_0890_00016;16;;Rue Guynemer;91360;91216;Épinay-sur-Orge;;;2.319273;48.680107
91216_7jsf1l_00013;13;;Rue Gisèle Halimi;91360;91216;Épinay-sur-Orge;;;2.31358;48.67012
91216_1410_00016;16;;Rue du Parc;91360;91216;Épinay-sur-Orge;;;2.319678;48.675509
91216_0600_00008;8;;Rue de l'Esplanade;91360;91216;Épinay-sur-Orge;;;2.32705;48.671938
91216_0100_00008;8;;Rue d'Athis;91360;91216;Épinay-sur-Orge;;;2.323417;48.676705
91216_1180_00056;56;;Rue du Mauregard;91360;91216;Épinay-sur-Orge;;;2.319997;48.681068
91216_1450_00007;7;;Rue du Pavillon;91360;91216;Épinay-sur-Orge;;;2.320111;48.673453
91216_1257_00013;13;;Rue des Monseaux;91360;91216;Épinay-sur-Orge;;;2.329355;48.673679
91216_0830_00118;118;;Grande Rue;91360;91216;Épinay-sur-Orge;;;2.319846;48.677562
91216_1800_00007;7;;Rue du Rouillon;91360;91216;Épinay-sur-Orge;;;2.314831;48.679142
91216_0470_00063;63;;Rue de la Division Leclerc;91360;91216;Épinay-sur-Orge;;;2.315712;48.671721
91216_1360_00034;34;;Rue d’Oradour sur Glane;91360;91216;Épinay-sur-Orge;;;2.314835;48.67777
91216_1257_00005;5;;Rue des Monseaux;91360;91216;Épinay-sur-Orge;;;2.329016;48.673164
91216_1240_00062;62;;Rue des Meuniers;91360;91216;Épinay-sur-Orge;;;2.324648;48.670942
91216_1892_00013;13;;Rue du Coq à l'Huy;91360;91216;Épinay-sur-Orge;;;2.31266;48.675457
91216_0387_00004;4;;Sentier du College;91360;91216;Épinay-sur-Orge;;;2.32042;48.678752
91216_2100_00022_bis;22;bis;Rue de la Vallée;91360;91216;Épinay-sur-Orge;;;2.327798;48.670593
91216_1891_00072;72;;Rue du Bois de Balizy;91360;91216;Épinay-sur-Orge;;;2.31052;48.674197
91216_1380_00033;33;;Rue de l'Orge;91360;91216;Épinay-sur-Orge;;;2.329707;48.668406
91216_1540_00028;28;;Rue du Plateau;91360;91216;Épinay-sur-Orge;;;2.31802;48.676668
91216_1575_00005;5;;Allée des Pommiers;91360;91216;Épinay-sur-Orge;;;2.310731;48.673195
91216_0620_00003;3;;Rue d’Estienne d’Orves;91360;91216;Épinay-sur-Orge;;;2.318155;48.675235
91216_1410_00029;29;;Rue du Parc;91360;91216;Épinay-sur-Orge;;;2.319;48.675154
91216_0255_00017;17;;Rue des Cedres;91360;91216;Épinay-sur-Orge;;;2.317701;48.673238
91216_1525_00004;4;;Rue Pierre Médéric;91360;91216;Épinay-sur-Orge;;;2.307679;48.662283
91216_0890_00003;3;;Rue Guynemer;91360;91216;Épinay-sur-Orge;;;2.320162;48.679435
91216_0580_00022;22;;Rue de l'Eglise;91360;91216;Épinay-sur-Orge;;;2.324173;48.670281
91216_1562_00018;18;;Rue de la Pointe Galoppin;91360;91216;Épinay-sur-Orge;;;2.327215;48.677024
91216_pdutsb_00007;7;;Rue des Blancs Manteaux;91360;91216;Épinay-sur-Orge;;;2.311999;48.673871
91216_0441_00017;17;;Rue de la Croix Taron;91360;91216;Épinay-sur-Orge;;;2.331552;48.676388
91216_1257_00014;14;;Rue des Monseaux;91360;91216;Épinay-sur-Orge;;;2.329326;48.673456
91216_0903_00035;35;;Rue des Hauts Graviers;91360;91216;Épinay-sur-Orge;;;2.329042;48.675223
91216_0470_00069;69;;Rue de la Division Leclerc;91360;91216;Épinay-sur-Orge;;;2.315202;48.671611
91216_0182_00001;1;;Sentier des Bas Follets;91360;91216;Épinay-sur-Orge;;;2.317532;48.680895
91216_1360_00016;16;;Rue d’Oradour sur Glane;91360;91216;Épinay-sur-Orge;;;2.315386;48.678426
91216_0390_00002;2;;Rue du Colonel Manhes;91360;91216;Épinay-sur-Orge;;;2.321405;48.673981
91216_1891_00031;31;;Rue du Bois de Balizy;91360;91216;Épinay-sur-Orge;;;2.311058;48.67476
91216_1720_00004;4;;Rue de la Republique;91360;91216;Épinay-sur-Orge;;;2.330461;48.672166
91216_0280_00006_bis;6;bis;Rue de Charaintru;91360;91216;Épinay-sur-Orge;;;2.330463;48.681513
91216_1450_00046;46;;Rue du Pavillon;91360;91216;Épinay-sur-Orge;;;2.318916;48.674632
91216_1820_00008;8;;Chemin des Roulles;91360;91216;Épinay-sur-Orge;;;2.314001;48.667869
91216_0920_00070;70;;Rue Henri Dunant;91360;91216;Épinay-sur-Orge;;;2.323257;48.680576
91216_1180_00075;75;;Rue du Mauregard;91360;91216;Épinay-sur-Orge;;;2.319663;48.681201
91216_1120_00009;9;;Rue Leopold Pillot;91360;91216;Épinay-sur-Orge;;;2.329516;48.671591
91216_0430_00022;22;;Rue du Coteau;91360;91216;Épinay-sur-Orge;;;2.31593;48.677544
91216_0252_00006;6;;Rue des Carrieres;91360;91216;Épinay-sur-Orge;;;2.327643;48.675305
91216_2070_00007;7;;Chemin des Tourelles;91360;91216;Épinay-sur-Orge;;;2.334401;48.669145
91216_1450_00004;4;;Rue du Pavillon;91360;91216;Épinay-sur-Orge;;;2.320505;48.673297
91216_1935_00032;32;;Allée du Saut du Loup;91360;91216;Épinay-sur-Orge;;;2.314035;48.672266
91216_0820_00022;22;;Cours du General de Gaulle;91360;91216;Épinay-sur-Orge;;;2.327451;48.672423
91216_0890_00097;97;;Rue Guynemer;91360;91216;Épinay-sur-Orge;;;2.321112;48.681259
91216_0220_00010;10;;Impasse de la Boële;91360;91216;Épinay-sur-Orge;;;2.327415;48.66925
91216_0830_00067;67;;Grande Rue;91360;91216;Épinay-sur-Orge;;;2.31973;48.677486
91216_0710_00002;2;;Rue de la Fontaine Bridel;91360;91216;Épinay-sur-Orge;;;2.323431;48.671857
91216_1520_00016;16;;Rue Pierre Brossolette;91360;91216;Épinay-sur-Orge;;;2.32674;48.671256
91216_0830_00036;36;;Grande Rue;91360;91216;Épinay-sur-Orge;;;2.32586;48.674064
91216_7jsf1l_00001;1;;Rue Gisèle Halimi;91360;91216;Épinay-sur-Orge;;;2.313592;48.669613
91216_2130_00022;22;;Rue des Vignes;91360;91216;Épinay-sur-Orge;;;2.319382;48.671978
91216_1210_00017;17;;Rue Maurice Sarrault;91360;91216;Épinay-sur-Orge;;;2.317451;48.677506
91216_1034_00006;6;;Rue des Houches;91360;91216;Épinay-sur-Orge;;;2.328242;48.676649
91216_0430_00024;24;;Rue du Coteau;91360;91216;Épinay-sur-Orge;;;2.315865;48.67747
91216_0890_00061;61;;Rue Guynemer;91360;91216;Épinay-sur-Orge;;;2.318152;48.681092
91216_0890_00062;62;;Rue Guynemer;91360;91216;Épinay-sur-Orge;;;2.321147;48.681154
91216_1600_00002;2;;Chemin du Pont Rubeau;91360;91216;Épinay-sur-Orge;;;2.333567;48.676582
91216_1450_00030;30;;Rue du Pavillon;91360;91216;Épinay-sur-Orge;;;2.319644;48.674004
91216_1520_00035;35;;Rue Pierre Brossolette;91360;91216;Épinay-sur-Orge;;;2.328995;48.670967
91216_1450_00019_bis;19;bis;Rue du Pavillon;91360;91216;Épinay-sur-Orge;;;2.319389;48.674052
91216_0830_00046;46;;Grande Rue;91360;91216;Épinay-sur-Orge;;;2.325065;48.674574
91216_0255_00015;15;;Rue des Cedres;91360;91216;Épinay-sur-Orge;;;2.317876;48.673308
91216_0419_00013;13;;Impasse du Court Riage;91360;91216;Épinay-sur-Orge;;;2.3294;48.67622
91216_1882_00012;12;;Sentier des Ruelles;91360;91216;Épinay-sur-Orge;;;2.314813;48.66737
91216_0920_00044;44;;Rue Henri Dunant;91360;91216;Épinay-sur-Orge;;;2.324257;48.679909
91216_0820_00004;4;;Cours du General de Gaulle;91360;91216;Épinay-sur-Orge;;;2.324776;48.672165
91216_1540_00012;12;;Rue du Plateau;91360;91216;Épinay-sur-Orge;;;2.31855;48.677319
91216_1360_00044;44;;Rue d’Oradour sur Glane;91360;91216;Épinay-sur-Orge;;;2.3145;48.677376
91216_1150_00002;2;;Rue Madeleine Pelletier;91360;91216;Épinay-sur-Orge;;;2.314294;48.670403
91216_0440_00001;1;;Rue de la Croix Ronde;91360;91216;Épinay-sur-Orge;;;2.315841;48.674173
91216_0100_00013;13;;Rue d'Athis;91360;91216;Épinay-sur-Orge;;;2.324598;48.677144
91216_0600_00015;15;;Rue de l'Esplanade;91360;91216;Épinay-sur-Orge;;;2.327724;48.671679
91216_1520_00010_ter;10;ter;Rue Pierre Brossolette;91360;91216;Épinay-sur-Orge;;;2.325551;48.671451
91216_2030_00006_bis;6;bis;Rue de la Terrasse;91360;91216;Épinay-sur-Orge;;;2.322381;48.675843
91216_1892_00005;5;;Rue du Coq à l'Huy;91360;91216;Épinay-sur-Orge;;;2.312964;48.675241
91216_0830_00033;33;;Grande Rue;91360;91216;Épinay-sur-Orge;;;2.324257;48.6749
91216_1950_00021_bis;21;bis;Rue de Sillery;91360;91216;Épinay-sur-Orge;;;2.325402;48.677571
91216_1257_00028;28;;Rue des Monseaux;91360;91216;Épinay-sur-Orge;;;2.329822;48.674183
91216_1910_00042;42;;Chemin des Sablons;91360;91216;Épinay-sur-Orge;;;2.317603;48.671199
91216_1540_00009;9;;Rue du Plateau;91360;91216;Épinay-sur-Orge;;;2.318681;48.677315
91216_0920_00032;32;;Rue Henri Dunant;91360;91216;Épinay-sur-Orge;;;2.324674;48.67962
91216_0320_00027;27;;Rue du Chemin Vert;91360;91216;Épinay-sur-Orge;;;2.333303;48.673209
91216_0230_00076;76;;Rue du Breuil;91360;91216;Épinay-sur-Orge;;;2.316524;48.666887
91216_1670_00013;13;;Rue des 4 Vents;91360;91216;Épinay-sur-Orge;;;2.319548;48.676159
91216_1990_00004;4;;Rue de la Station;91360;91216;Épinay-sur-Orge;;;2.334621;48.675226
91216_1450_00012;12;;Rue du Pavillon;91360;91216;Épinay-sur-Orge;;;2.320236;48.673501
91216_0230_00004;4;;Rue du Breuil;91360;91216;Épinay-sur-Orge;;;2.322913;48.670719
91216_0410_00007;7;;Rue de Corbeil;91360;91216;Épinay-sur-Orge;;;2.329586;48.672311
91216_7jsf1l_00011;11;;Rue Gisèle Halimi;91360;91216;Épinay-sur-Orge;;;2.313417;48.670063
91216_1360_00042;42;;Rue d’Oradour sur Glane;91360;91216;Épinay-sur-Orge;;;2.314551;48.677433
91216_1257_00012;12;;Rue des Monseaux;91360;91216;Épinay-sur-Orge;;;2.329256;48.673336
91216_1330_00064_b;64;b;Rue Nicolas Vaudin;91360;91216;Épinay-sur-Orge;;;2.324533;48.678331
91216_1360_00006;6;;Rue d’Oradour sur Glane;91360;91216;Épinay-sur-Orge;;;2.315757;48.678859
91216_1882_00028;28;;Sentier des Ruelles;91360;91216;Épinay-sur-Orge;;;2.316218;48.66809
91216_1930_00011;11;;Rue des Sablons;91360;91216;Épinay-sur-Orge;;;2.320901;48.672112
91216_wxcyjz_00011;11;;Sentier des Heribettes;91360;91216;Épinay-sur-Orge;;;2.331538;48.6702
91216_1640_00008;8;;Allee des Primeveres;91360;91216;Épinay-sur-Orge;;;2.320155;48.680282
91216_1970_00001;1;;Place Stalingrad;91360;91216;Épinay-sur-Orge;;;2.331985;48.66958
91216_0890_00067;67;;Rue Guynemer;91360;91216;Épinay-sur-Orge;;;2.318776;48.681238
91216_2046_00020_a;20;a;Avenue des Tilleuls;91360;91216;Épinay-sur-Orge;;;2.327864;48.668925
91216_1330_00082;82;;Rue Nicolas Vaudin;91360;91216;Épinay-sur-Orge;;;2.323743;48.678599
91216_0830_00078;78;;Grande Rue;91360;91216;Épinay-sur-Orge;;;2.322826;48.675828
91216_2010_00015;15;;Rue des Templiers;91360;91216;Épinay-sur-Orge;;;2.315887;48.674948
91216_0600_00013;13;;Rue de l'Esplanade;91360;91216;Épinay-sur-Orge;;;2.327556;48.671771
91216_1300_00009;9;;Allée des Morelles;91360;91216;Épinay-sur-Orge;;;2.322769;48.677226
91216_0830_00085;85;;Grande Rue;91360;91216;Épinay-sur-Orge;;;2.317585;48.678623
91216_0430_00008;8;;Rue du Coteau;91360;91216;Épinay-sur-Orge;;;2.316591;48.67833
91216_1257_00024;24;;Rue des Monseaux;91360;91216;Épinay-sur-Orge;;;2.329658;48.673939
91216_1520_00014_ter;14;ter;Rue Pierre Brossolette;91360;91216;Épinay-sur-Orge;;;2.326452;48.671295
91216_0620_00021;21;;Rue d’Estienne d’Orves;91360;91216;Épinay-sur-Orge;;;2.317132;48.676794
91216_0470_00030;30;;Rue de la Division Leclerc;91360;91216;Épinay-sur-Orge;;;2.321324;48.673131
91216_0470_00057;57;;Rue de la Division Leclerc;91360;91216;Épinay-sur-Orge;;;2.316429;48.671883
91216_2010_00063;63;;Rue des Templiers;91360;91216;Épinay-sur-Orge;;;2.314295;48.675985
91216_1520_00011;11;;Rue Pierre Brossolette;91360;91216;Épinay-sur-Orge;;;2.32627;48.671408
91216_2010_00032_bis;32;bis;Rue des Templiers;91360;91216;Épinay-sur-Orge;;;2.313629;48.67697
91216_2010_00034;34;;Rue des Templiers;91360;91216;Épinay-sur-Orge;;;2.313498;48.677079
91216_0430_00044;44;;Rue du Coteau;91360;91216;Épinay-sur-Orge;;;2.31528;48.676758
91216_0509_00003;3;;Rue des Dores;91360;91216;Épinay-sur-Orge;;;2.325742;48.675089
91216_0920_00066;66;;Rue Henri Dunant;91360;91216;Épinay-sur-Orge;;;2.323384;48.680492
91216_1760_00035;35;;Allee des Roses;91360;91216;Épinay-sur-Orge;;;2.322538;48.680001
91216_1500_00049;49;;Rue de Petit Vaux;91360;91216;Épinay-sur-Orge;;;2.329476;48.674426
91216_1240_00032;32;;Rue des Meuniers;91360;91216;Épinay-sur-Orge;;;2.327871;48.670023
91216_0180_00017;17;;Rue des Bas Follets;91360;91216;Épinay-sur-Orge;;;2.31768;48.679811
91216_0252_00007;7;;Rue des Carrieres;91360;91216;Épinay-sur-Orge;;;2.327956;48.675003
91216_2130_00021;21;;Rue des Vignes;91360;91216;Épinay-sur-Orge;;;2.319867;48.67132
91216_1800_00031;31;;Rue du Rouillon;91360;91216;Épinay-sur-Orge;;;2.314339;48.677995
91216_1892_00040;40;;Rue du Coq à l'Huy;91360;91216;Épinay-sur-Orge;;;2.312332;48.675693
91216_1330_00034;34;;Rue Nicolas Vaudin;91360;91216;Épinay-sur-Orge;;;2.323111;48.677735
91216_0230_00006;6;;Rue du Breuil;91360;91216;Épinay-sur-Orge;;;2.322353;48.670475
91216_0255_00024;24;;Rue des Cedres;91360;91216;Épinay-sur-Orge;;;2.318058;48.673475
91216_1500_00088;88;;Rue de Petit Vaux;91360;91216;Épinay-sur-Orge;;;2.334973;48.676238
91216_1891_00015;15;;Rue du Bois de Balizy;91360;91216;Épinay-sur-Orge;;;2.31255;48.674597
91216_0230_00026;26;;Rue du Breuil;91360;91216;Épinay-sur-Orge;;;2.319367;48.668837
91216_1561_00019;19;;Impasse de la Pointe Galoppin;91360;91216;Épinay-sur-Orge;;;2.326573;48.676874
91216_1970_00006;6;;Place Stalingrad;91360;91216;Épinay-sur-Orge;;;2.331072;48.669655
91216_1450_00019;19;;Rue du Pavillon;91360;91216;Épinay-sur-Orge;;;2.319438;48.674027
91216_1500_00061;61;;Rue de Petit Vaux;91360;91216;Épinay-sur-Orge;;;2.33076;48.674735
91216_1562_00021;21;;Rue de la Pointe Galoppin;91360;91216;Épinay-sur-Orge;;;2.326742;48.67703
91216_0230_00016;16;;Rue du Breuil;91360;91216;Épinay-sur-Orge;;;2.320239;48.669331
91216_1380_00029;29;;Rue de l'Orge;91360;91216;Épinay-sur-Orge;;;2.330157;48.66852
91216_1760_00003;3;;Allee des Roses;91360;91216;Épinay-sur-Orge;;;2.323672;48.67929
91216_0960_00001;1;;Rue des Heribettes;91360;91216;Épinay-sur-Orge;;;2.33085;48.671655
91216_1330_00019;19;;Rue Nicolas Vaudin;91360;91216;Épinay-sur-Orge;;;2.322315;48.678216
91216_1970_00005;5;;Place Stalingrad;91360;91216;Épinay-sur-Orge;;;2.331695;48.669489
91216_0830_00041_bis;41;bis;Grande Rue;91360;91216;Épinay-sur-Orge;;;2.323291;48.675443
91216_0180_00006;6;;Rue des Bas Follets;91360;91216;Épinay-sur-Orge;;;2.316255;48.680273
91216_0890_00052;52;;Rue Guynemer;91360;91216;Épinay-sur-Orge;;;2.320844;48.681344
91216_1720_00007;7;;Rue de la Republique;91360;91216;Épinay-sur-Orge;;;2.330581;48.672539
91216_1520_00038;38;;Rue Pierre Brossolette;91360;91216;Épinay-sur-Orge;;;2.329479;48.67071
91216_0620_00037;37;;Rue d’Estienne d’Orves;91360;91216;Épinay-sur-Orge;;;2.316271;48.678358
91216_1540_00013;13;;Rue du Plateau;91360;91216;Épinay-sur-Orge;;;2.318406;48.676976
91216_0710_00003;3;;Rue de la Fontaine Bridel;91360;91216;Épinay-sur-Orge;;;2.323543;48.671912
91216_1520_00026;26;;Rue Pierre Brossolette;91360;91216;Épinay-sur-Orge;;;2.327735;48.671082
91216_1632_00018;18;;Voie des Pres;91360;91216;Épinay-sur-Orge;;;2.326049;48.668865
91216_2099_00006;6;;Impasse de la Vallée;91360;91216;Épinay-sur-Orge;;;2.316183;48.667783
91216_1490_00005;5;;Rue du Petit Parc;91360;91216;Épinay-sur-Orge;;;2.323116;48.673202
91216_1935_00028;28;;Allée du Saut du Loup;91360;91216;Épinay-sur-Orge;;;2.314059;48.672198
91216_1730_00005;5;;Impasse de la République;91360;91216;Épinay-sur-Orge;;;2.331052;48.674235
91216_1520_00016_bis;16;bis;Rue Pierre Brossolette;91360;91216;Épinay-sur-Orge;;;2.326791;48.671239
91216_1602_00024;24;;Rue du Pont Rubeau;91360;91216;Épinay-sur-Orge;;;2.326107;48.677371
91216_0350_00056;56;;Rue de la Chevauchée;91360;91216;Épinay-sur-Orge;;;2.311848;48.67844
91216_1410_00019_bis;19;bis;Rue du Parc;91360;91216;Épinay-sur-Orge;;;2.3197;48.67541
91216_1670_00003;3;;Rue des 4 Vents;91360;91216;Épinay-sur-Orge;;;2.320724;48.676183
91216_1280_00053_bis;53;bis;Rue de la Montagne;91360;91216;Épinay-sur-Orge;;;2.312568;48.667772
91216_1430_00006_bis;6;bis;Rue Pasteur;91360;91216;Épinay-sur-Orge;;;2.331862;48.668669
91216_0230_00074;74;;Rue du Breuil;91360;91216;Épinay-sur-Orge;;;2.316628;48.66699
91216_2125_00027;27;;Rue du Vieux Moulin;91360;91216;Épinay-sur-Orge;;;2.334141;48.677007
91216_1774_00016;16;;Allée des Rossays;91360;91216;Épinay-sur-Orge;;;2.334274;48.670664
91216_1830_00033;33;;Rue des Roulles;91360;91216;Épinay-sur-Orge;;;2.320356;48.670636
91216_0903_00015;15;;Rue des Hauts Graviers;91360;91216;Épinay-sur-Orge;;;2.326548;48.675803
91216_0100_00015;15;;Rue d'Athis;91360;91216;Épinay-sur-Orge;;;2.324713;48.677176
91216_0182_00021;21;;Sentier des Bas Follets;91360;91216;Épinay-sur-Orge;;;2.318804;48.679885
91216_0620_00004;4;;Rue d’Estienne d’Orves;91360;91216;Épinay-sur-Orge;;;2.318224;48.675366
91216_1780_00006_bis;6;bis;Rue des Rossays;91360;91216;Épinay-sur-Orge;;;2.333799;48.671835
91216_0430_00035;35;;Rue du Coteau;91360;91216;Épinay-sur-Orge;;;2.315506;48.67682
91216_0182_00027;27;;Sentier des Bas Follets;91360;91216;Épinay-sur-Orge;;;2.319177;48.679649
91216_0620_00040;40;;Rue d’Estienne d’Orves;91360;91216;Épinay-sur-Orge;;;2.316257;48.678674
91216_0850_00045_bis;45;bis;Rue de Grand Vaux;91360;91216;Épinay-sur-Orge;;;2.334262;48.67397
91216_0710_00031;31;;Rue de la Fontaine Bridel;91360;91216;Épinay-sur-Orge;;;2.320564;48.670292
91216_0230_00080;80;;Rue du Breuil;91360;91216;Épinay-sur-Orge;;;2.316465;48.666805
91216_0470_00029;29;;Rue de la Division Leclerc;91360;91216;Épinay-sur-Orge;;;2.320019;48.67272
91216_1180_00002;2;;Rue du Mauregard;91360;91216;Épinay-sur-Orge;;;2.319527;48.678438
91216_1640_00011;11;;Allee des Primeveres;91360;91216;Épinay-sur-Orge;;;2.31965;48.680556
91216_1740_00024;24;;Rue de Rivoli;91360;91216;Épinay-sur-Orge;;;2.314473;48.664431
91216_1935_00012;12;;Allée du Saut du Loup;91360;91216;Épinay-sur-Orge;;;2.314392;48.67188
91216_1240_00012;12;;Rue des Meuniers;91360;91216;Épinay-sur-Orge;;;2.329844;48.669448
91216_1640_00001_bis;1;bis;Allee des Primeveres;91360;91216;Épinay-sur-Orge;;;2.319911;48.680314
91216_1960_00008;8;;Voie des Sources;91360;91216;Épinay-sur-Orge;;;2.318834;48.669432
91216_1300_00001;1;;Allée des Morelles;91360;91216;Épinay-sur-Orge;;;2.32338;48.676874
91216_1180_00043;43;;Rue du Mauregard;91360;91216;Épinay-sur-Orge;;;2.321065;48.680318
91216_1755_00022;22;;Rue Rosa Parks;91360;91216;Épinay-sur-Orge;;;2.312025;48.671959
91216_0890_00066;66;;Rue Guynemer;91360;91216;Épinay-sur-Orge;;;2.321297;48.681066
91216_2210_00008;8;;Place du 24 Aout;91360;91216;Épinay-sur-Orge;;;2.31516;48.66515
91216_1602_00021;21;;Rue du Pont Rubeau;91360;91216;Épinay-sur-Orge;;;2.326299;48.677235
91216_0890_00018;18;;Rue Guynemer;91360;91216;Épinay-sur-Orge;;;2.319221;48.680141
91216_1388_00003;3;;Allee de l'Orme Quesneau;91360;91216;Épinay-sur-Orge;;;2.318806;48.672971
91216_1562_00008;8;;Rue de la Pointe Galoppin;91360;91216;Épinay-sur-Orge;;;2.326244;48.67646
91216_1450_00018;18;;Rue du Pavillon;91360;91216;Épinay-sur-Orge;;;2.320058;48.673654
91216_1632_00010;10;;Voie des Pres;91360;91216;Épinay-sur-Orge;;;2.323621;48.669721
91216_1330_00052;52;;Rue Nicolas Vaudin;91360;91216;Épinay-sur-Orge;;;2.323626;48.677671
91216_2030_00036;36;;Rue de la Terrasse;91360;91216;Épinay-sur-Orge;;;2.323716;48.674518
91216_0100_00017;17;;Rue d'Athis;91360;91216;Épinay-sur-Orge;;;2.32477;48.677287
91216_pdutsb_00012;12;;Rue des Blancs Manteaux;91360;91216;Épinay-sur-Orge;;;2.312087;48.673888
91216_1520_00010_bis;10;bis;Rue Pierre Brossolette;91360;91216;Épinay-sur-Orge;;;2.325379;48.671477
91216_0920_00086;86;;Rue Henri Dunant;91360;91216;Épinay-sur-Orge;;;2.322647;48.68099
91216_0960_00010;10;;Rue des Heribettes;91360;91216;Épinay-sur-Orge;;;2.330503;48.671156
91216_2070_00011;11;;Chemin des Tourelles;91360;91216;Épinay-sur-Orge;;;2.335098;48.669158
91216_0920_00014;14;;Rue Henri Dunant;91360;91216;Épinay-sur-Orge;;;2.325349;48.679177
91216_1150_00058;58;;Rue Madeleine Pelletier;91360;91216;Épinay-sur-Orge;;;2.312446;48.672754
91216_1034_00001;1;;Rue des Houches;91360;91216;Épinay-sur-Orge;;;2.327974;48.676914
91216_1891_00013;13;;Rue du Bois de Balizy;91360;91216;Épinay-sur-Orge;;;2.312568;48.674344
91216_0430_00038;38;;Rue du Coteau;91360;91216;Épinay-sur-Orge;;;2.315491;48.677023
91216_0470_00034;34;;Rue de la Division Leclerc;91360;91216;Épinay-sur-Orge;;;2.320235;48.67284
91216_0830_00051;51;;Grande Rue;91360;91216;Épinay-sur-Orge;;;2.321088;48.676714
91216_0470_00047;47;;Rue de la Division Leclerc;91360;91216;Épinay-sur-Orge;;;2.318225;48.672304
91216_1280_00055_b;55;b;Rue de la Montagne;91360;91216;Épinay-sur-Orge;;;2.311489;48.667463
91216_1755_00026;26;;Rue Rosa Parks;91360;91216;Épinay-sur-Orge;;;2.312284;48.672059
91216_0441_00026;26;;Rue de la Croix Taron;91360;91216;Épinay-sur-Orge;;;2.332315;48.676293
91216_1820_00006;6;;Chemin des Roulles;91360;91216;Épinay-sur-Orge;;;2.313872;48.667757
91216_0620_00026;26;;Rue d’Estienne d’Orves;91360;91216;Épinay-sur-Orge;;;2.316964;48.677368
91216_r3face_00005;5;;Rue du Weekend;91360;91216;Épinay-sur-Orge;;;2.334272;48.670217
91216_0580_00017;17;;Rue de l'Eglise;91360;91216;Épinay-sur-Orge;;;2.32442;48.671428
91216_2150_00007;7;;Rue de Villemoisson;91360;91216;Épinay-sur-Orge;;;2.31724;48.66572
91216_1330_00063;63;;Rue Nicolas Vaudin;91360;91216;Épinay-sur-Orge;;;2.323739;48.678521
91216_0255_00018;18;;Rue des Cedres;91360;91216;Épinay-sur-Orge;;;2.318527;48.673719
91216_0620_00027;27;;Rue d’Estienne d’Orves;91360;91216;Épinay-sur-Orge;;;2.316802;48.67739
91216_0470_00016;16;;Rue de la Division Leclerc;91360;91216;Épinay-sur-Orge;;;2.322051;48.673368
91216_1210_00039;39;;Rue Maurice Sarrault;91360;91216;Épinay-sur-Orge;;;2.316001;48.675774
91216_2126_00011;11;;Allée du Vieux Puits;91360;91216;Épinay-sur-Orge;;;2.323597;48.676085
91216_1830_00037;37;;Rue des Roulles;91360;91216;Épinay-sur-Orge;;;2.320163;48.670532
91216_0810_00007;7;;Rue de la Gatinelle;91360;91216;Épinay-sur-Orge;;;2.323133;48.672002
91216_2010_00115;115;;Rue des Templiers;91360;91216;Épinay-sur-Orge;;;2.312479;48.677818
91216_1070_00008;8;;Rue Joliot Curie;91360;91216;Épinay-sur-Orge;;;2.321496;48.674208
91216_0230_00025;25;;Rue du Breuil;91360;91216;Épinay-sur-Orge;;;2.320483;48.669329
91216_0230_00008;8;;Rue du Breuil;91360;91216;Épinay-sur-Orge;;;2.322252;48.670415
91216_1882_00002;2;;Sentier des Ruelles;91360;91216;Épinay-sur-Orge;;;2.314197;48.666718
91216_0180_00015;15;;Rue des Bas Follets;91360;91216;Épinay-sur-Orge;;;2.317501;48.679941
91216_0560_00007;7;;Rue des Ecoles;91360;91216;Épinay-sur-Orge;;;2.326208;48.673599
91216_0710_00015;15;;Rue de la Fontaine Bridel;91360;91216;Épinay-sur-Orge;;;2.322036;48.671129
91216_1280_00055;55;;Rue de la Montagne;91360;91216;Épinay-sur-Orge;;;2.311528;48.667592
91216_2010_00035;35;;Rue des Templiers;91360;91216;Épinay-sur-Orge;;;2.315269;48.675441
91216_1240_00027;27;;Rue des Meuniers;91360;91216;Épinay-sur-Orge;;;2.325924;48.670505
91216_1520_00012_bis;12;bis;Rue Pierre Brossolette;91360;91216;Épinay-sur-Orge;;;2.325807;48.671407
91216_0470_00040;40;;Rue de la Division Leclerc;91360;91216;Épinay-sur-Orge;;;2.317902;48.672299
91216_1930_00018;18;;Rue des Sablons;91360;91216;Épinay-sur-Orge;;;2.320403;48.672024
91216_0920_00013;13;;Rue Henri Dunant;91360;91216;Épinay-sur-Orge;;;2.325325;48.679102
91216_0600_00023;23;;Rue de l'Esplanade;91360;91216;Épinay-sur-Orge;;;2.328138;48.671431
91216_0390_00023;23;;Rue du Colonel Manhes;91360;91216;Épinay-sur-Orge;;;2.319782;48.674744
91216_1150_00034;34;;Rue Madeleine Pelletier;91360;91216;Épinay-sur-Orge;;;2.313874;48.670926
91216_1500_00004;4;;Rue de Petit Vaux;91360;91216;Épinay-sur-Orge;;;2.326857;48.673767
91216_1210_00003;3;;Rue Maurice Sarrault;91360;91216;Épinay-sur-Orge;;;2.317933;48.67808
91216_1330_00036;36;;Rue Nicolas Vaudin;91360;91216;Épinay-sur-Orge;;;2.323222;48.677684
91216_1280_00057_a;57;a;Rue de la Montagne;91360;91216;Épinay-sur-Orge;;;2.31206;48.667769
91216_0790_00017;17;;Rue de la Gare;91360;91216;Épinay-sur-Orge;;;2.329688;48.671089
91216_1210_00041;41;;Rue Maurice Sarrault;91360;91216;Épinay-sur-Orge;;;2.315943;48.675697
91216_1360_00012;12;;Rue d’Oradour sur Glane;91360;91216;Épinay-sur-Orge;;;2.315553;48.678626
91216_0430_00040;40;;Rue du Coteau;91360;91216;Épinay-sur-Orge;;;2.315413;48.676902
91216_0830_00166;166;;Grande Rue;91360;91216;Épinay-sur-Orge;;;2.31671;48.679408
91216_2010_00039;39;;Rue des Templiers;91360;91216;Épinay-sur-Orge;;;2.31511;48.675557
91216_0830_00039_c;39;c;Grande Rue;91360;91216;Épinay-sur-Orge;;;2.323601;48.67519
91216_0830_00068;68;;Grande Rue;91360;91216;Épinay-sur-Orge;;;2.323404;48.675513
91216_0470_00008_ter;8;ter;Rue de la Division Leclerc;91360;91216;Épinay-sur-Orge;;;2.322349;48.673915
91216_1500_00084;84;;Rue de Petit Vaux;91360;91216;Épinay-sur-Orge;;;2.33455;48.676072
91216_0320_00049;49;;Rue du Chemin Vert;91360;91216;Épinay-sur-Orge;;;2.334293;48.674552
91216_1891_00043;43;;Rue du Bois de Balizy;91360;91216;Épinay-sur-Orge;;;2.311383;48.673993
91216_1562_00014;14;;Rue de la Pointe Galoppin;91360;91216;Épinay-sur-Orge;;;2.326702;48.676939
91216_0255_00008;8;;Rue des Cedres;91360;91216;Épinay-sur-Orge;;;2.319068;48.673324
91216_0890_00117;117;;Rue Guynemer;91360;91216;Épinay-sur-Orge;;;2.321879;48.680787
91216_1910_00047;47;;Chemin des Sablons;91360;91216;Épinay-sur-Orge;;;2.317051;48.670971
91216_2070_00010;10;;Chemin des Tourelles;91360;91216;Épinay-sur-Orge;;;2.334006;48.669066
91216_1330_00041;41;;Rue Nicolas Vaudin;91360;91216;Épinay-sur-Orge;;;2.323138;48.67781
91216_1280_00005;5;;Rue de la Montagne;91360;91216;Épinay-sur-Orge;;;2.315222;48.665431
91216_1180_00034;34;;Rue du Mauregard;91360;91216;Épinay-sur-Orge;;;2.320659;48.680647
91216_1280_00049;49;;Rue de la Montagne;91360;91216;Épinay-sur-Orge;;;2.312909;48.667413
91216_0580_00001;1;;Rue de l'Eglise;91360;91216;Épinay-sur-Orge;;;2.324015;48.67402
91216_1410_00002;2;;Rue du Parc;91360;91216;Épinay-sur-Orge;;;2.321208;48.676078
91216_1760_00033;33;;Allee des Roses;91360;91216;Épinay-sur-Orge;;;2.32255;48.67999
91216_0920_00031;31;;Rue Henri Dunant;91360;91216;Épinay-sur-Orge;;;2.324708;48.679514
91216_1180_00028;28;;Rue du Mauregard;91360;91216;Épinay-sur-Orge;;;2.321051;48.680413
91216_1891_00054;54;;Rue du Bois de Balizy;91360;91216;Épinay-sur-Orge;;;2.311343;48.675276
91216_2100_00003;3;;Rue de la Vallée;91360;91216;Épinay-sur-Orge;;;2.325173;48.670024
91216_1257_00017;17;;Rue des Monseaux;91360;91216;Épinay-sur-Orge;;;2.329503;48.673864
91216_wxcyjz_00014;14;;Sentier des Heribettes;91360;91216;Épinay-sur-Orge;;;2.331536;48.670254
91216_1240_00031;31;;Rue des Meuniers;91360;91216;Épinay-sur-Orge;;;2.325542;48.670616
91216_2010_00125;125;;Rue des Templiers;91360;91216;Épinay-sur-Orge;;;2.312152;48.678088
91216_0387_00002;2;;Sentier du College;91360;91216;Épinay-sur-Orge;;;2.320379;48.67877
91216_1500_00079;79;;Rue de Petit Vaux;91360;91216;Épinay-sur-Orge;;;2.332074;48.675161
91216_0320_00011;11;;Rue du Chemin Vert;91360;91216;Épinay-sur-Orge;;;2.332863;48.672381
91216_1410_00014;14;;Rue du Parc;91360;91216;Épinay-sur-Orge;;;2.31985;48.675573
91216_0350_00018;18;;Rue de la Chevauchée;91360;91216;Épinay-sur-Orge;;;2.31412;48.679255
91216_1780_00006;6;;Rue des Rossays;91360;91216;Épinay-sur-Orge;;;2.333736;48.671845
91216_0430_00007;7;;Rue du Coteau;91360;91216;Épinay-sur-Orge;;;2.316825;48.67841
91216_1540_00015;15;;Rue du Plateau;91360;91216;Épinay-sur-Orge;;;2.318267;48.676812
91216_2125_00014;14;;Rue du Vieux Moulin;91360;91216;Épinay-sur-Orge;;;2.334134;48.676961
91216_1891_00047;47;;Rue du Bois de Balizy;91360;91216;Épinay-sur-Orge;;;2.311518;48.673679
91216_0350_00021;21;;Rue de la Chevauchée;91360;91216;Épinay-sur-Orge;;;2.312211;48.678466
91216_1210_00034;34;;Rue Maurice Sarrault;91360;91216;Épinay-sur-Orge;;;2.316475;48.676469
91216_2210_00014;14;;Place du 24 Aout;91360;91216;Épinay-sur-Orge;;;2.315426;48.664944
91216_1500_00038;38;;Rue de Petit Vaux;91360;91216;Épinay-sur-Orge;;;2.330423;48.674573
91216_1070_00012;12;;Rue Joliot Curie;91360;91216;Épinay-sur-Orge;;;2.321247;48.674444
91216_1500_00103;103;;Rue de Petit Vaux;91360;91216;Épinay-sur-Orge;;;2.333627;48.675827
91216_1360_00033;33;;Rue d’Oradour sur Glane;91360;91216;Épinay-sur-Orge;;;2.314632;48.677369
91216_0255_00030;30;;Rue des Cedres;91360;91216;Épinay-sur-Orge;;;2.317352;48.673334
91216_0410_00018;18;;Rue de Corbeil;91360;91216;Épinay-sur-Orge;;;2.330492;48.671947
91216_0830_00038;38;;Grande Rue;91360;91216;Épinay-sur-Orge;;;2.32573;48.67415
91216_1257_00001_ter;1;ter;Rue des Monseaux;91360;91216;Épinay-sur-Orge;;;2.328717;48.672962
91216_0830_00114_e;114;e;Grande Rue;91360;91216;Épinay-sur-Orge;;;2.320609;48.677813
91216_2100_00004;4;;Rue de la Vallée;91360;91216;Épinay-sur-Orge;;;2.325427;48.669978
91216_2046_00014;14;;Avenue des Tilleuls;91360;91216;Épinay-sur-Orge;;;2.3284;48.669452
91216_1760_00042;42;;Allee des Roses;91360;91216;Épinay-sur-Orge;;;2.322343;48.680166
91216_0410_00015;15;;Rue de Corbeil;91360;91216;Épinay-sur-Orge;;;2.330831;48.671965
91216_0903_00001;1;;Rue des Hauts Graviers;91360;91216;Épinay-sur-Orge;;;2.32487;48.675688
91216_0920_00071;71;;Rue Henri Dunant;91360;91216;Épinay-sur-Orge;;;2.322292;48.681129
91216_1800_00045;45;;Rue du Rouillon;91360;91216;Épinay-sur-Orge;;;2.31363;48.677684
91216_0180_00032;32;;Rue des Bas Follets;91360;91216;Épinay-sur-Orge;;;2.316096;48.680108
91216_1240_00048;48;;Rue des Meuniers;91360;91216;Épinay-sur-Orge;;;2.325614;48.670664
91216_0470_00039;39;;Rue de la Division Leclerc;91360;91216;Épinay-sur-Orge;;;2.319391;48.672577
91216_0100_00016;16;;Rue d'Athis;91360;91216;Épinay-sur-Orge;;;2.325039;48.677212
91216_0410_00013;13;;Rue de Corbeil;91360;91216;Épinay-sur-Orge;;;2.330151;48.672156
91216_1562_00012;12;;Rue de la Pointe Galoppin;91360;91216;Épinay-sur-Orge;;;2.326495;48.676727
91216_1632_00014;14;;Voie des Pres;91360;91216;Épinay-sur-Orge;;;2.325834;48.668993
91216_1960_00002;2;;Voie des Sources;91360;91216;Épinay-sur-Orge;;;2.318984;48.669169
91216_0850_00059_ter;59;ter;Rue de Grand Vaux;91360;91216;Épinay-sur-Orge;;;2.335686;48.675727
91216_1892_00007;7;;Rue du Coq à l'Huy;91360;91216;Épinay-sur-Orge;;;2.312869;48.675292
91216_1760_00019;19;;Allee des Roses;91360;91216;Épinay-sur-Orge;;;2.323019;48.679698
91216_2210_00006;6;;Place du 24 Aout;91360;91216;Épinay-sur-Orge;;;2.31521;48.665183
91216_1070_00018;18;;Rue Joliot Curie;91360;91216;Épinay-sur-Orge;;;2.320724;48.674902
91216_0600_00019;19;;Rue de l'Esplanade;91360;91216;Épinay-sur-Orge;;;2.327953;48.671549
91216_0920_00095;95;;Rue Henri Dunant;91360;91216;Épinay-sur-Orge;;;2.321488;48.68162
91216_2070_00004;4;;Chemin des Tourelles;91360;91216;Épinay-sur-Orge;;;2.333198;48.668867
91216_1330_00030;30;;Rue Nicolas Vaudin;91360;91216;Épinay-sur-Orge;;;2.322978;48.677808
91216_1450_00025;25;;Rue du Pavillon;91360;91216;Épinay-sur-Orge;;;2.319065;48.674345
91216_0230_00088_bis;88;bis;Rue du Breuil;91360;91216;Épinay-sur-Orge;;;2.315776;48.665872
91216_0920_00038;38;;Rue Henri Dunant;91360;91216;Épinay-sur-Orge;;;2.324487;48.679745
91216_1882_00011;11;;Sentier des Ruelles;91360;91216;Épinay-sur-Orge;;;2.31478;48.667401
91216_0509_00008;8;;Rue des Dores;91360;91216;Épinay-sur-Orge;;;2.325951;48.674951
91216_1891_00041;41;;Rue du Bois de Balizy;91360;91216;Épinay-sur-Orge;;;2.31114;48.673991
91216_1430_00020;20;;Rue Pasteur;91360;91216;Épinay-sur-Orge;;;2.332563;48.667931
91216_0830_00015_bis;15;bis;Grande Rue;91360;91216;Épinay-sur-Orge;;;2.326018;48.67389
91216_1755_00036;36;;Rue Rosa Parks;91360;91216;Épinay-sur-Orge;;;2.311616;48.672184
91216_0920_00081;81;;Rue Henri Dunant;91360;91216;Épinay-sur-Orge;;;2.321914;48.681366
91216_0280_00021;21;;Rue de Charaintru;91360;91216;Épinay-sur-Orge;;;2.331219;48.680398
91216_0920_00097;97;;Rue Henri Dunant;91360;91216;Épinay-sur-Orge;;;2.321039;48.681816
91216_1450_00031;31;;Rue du Pavillon;91360;91216;Épinay-sur-Orge;;;2.318791;48.67458
91216_0830_00066;66;;Grande Rue;91360;91216;Épinay-sur-Orge;;;2.323542;48.675427
91216_1640_00032;32;;Allee des Primeveres;91360;91216;Épinay-sur-Orge;;;2.319201;48.680896
91216_1540_00029;29;;Rue du Plateau;91360;91216;Épinay-sur-Orge;;;2.3171;48.675116
91216_1500_00002;2;;Rue de Petit Vaux;91360;91216;Épinay-sur-Orge;;;2.326708;48.673724
91216_0850_00063;63;;Rue de Grand Vaux;91360;91216;Épinay-sur-Orge;;;2.335998;48.676168
91216_0560_00010;10;;Rue des Ecoles;91360;91216;Épinay-sur-Orge;;;2.325287;48.673513
91216_1257_00006;6;;Rue des Monseaux;91360;91216;Épinay-sur-Orge;;;2.328982;48.672964
91216_1450_00001;1;;Rue du Pavillon;91360;91216;Épinay-sur-Orge;;;2.32051;48.673112
91216_0441_00002;2;;Rue de la Croix Taron;91360;91216;Épinay-sur-Orge;;;2.32922;48.67561
91216_0830_00070;70;;Grande Rue;91360;91216;Épinay-sur-Orge;;;2.323249;48.675599
91216_0180_00043;43;;Rue des Bas Follets;91360;91216;Épinay-sur-Orge;;;2.317461;48.679657
91216_0790_00024;24;;Rue de la Gare;91360;91216;Épinay-sur-Orge;;;2.32982;48.67084
91216_2010_00117;117;;Rue des Templiers;91360;91216;Épinay-sur-Orge;;;2.312429;48.677854
91216_0390_00027;27;;Rue du Colonel Manhes;91360;91216;Épinay-sur-Orge;;;2.320182;48.674825
91216_0180_00014;14;;Rue des Bas Follets;91360;91216;Épinay-sur-Orge;;;2.317407;48.679995
91216_0920_00042;42;;Rue Henri Dunant;91360;91216;Épinay-sur-Orge;;;2.324314;48.679873
91216_1330_00084;84;;Rue Nicolas Vaudin;91360;91216;Épinay-sur-Orge;;;2.323625;48.678671
91216_0830_00176;176;;Grande Rue;91360;91216;Épinay-sur-Orge;;;2.316131;48.679728
91216_0215_00004;4;;Impasse du Billoir;91360;91216;Épinay-sur-Orge;;;2.315091;48.671346
91216_1740_00012;12;;Rue de Rivoli;91360;91216;Épinay-sur-Orge;;;2.315099;48.664739
91216_2070_00021;21;;Chemin des Tourelles;91360;91216;Épinay-sur-Orge;;;2.336477;48.669195
91216_1380_00023;23;;Rue de l'Orge;91360;91216;Épinay-sur-Orge;;;2.330745;48.668226
91216_1830_00036;36;;Rue des Roulles;91360;91216;Épinay-sur-Orge;;;2.320311;48.670717
91216_0960_00008;8;;Rue des Heribettes;91360;91216;Épinay-sur-Orge;;;2.330559;48.671237
91216_0830_00014_bis;14;bis;Grande Rue;91360;91216;Épinay-sur-Orge;;;2.327223;48.673289
91216_0760_00003;3;;Place Gabriel Peri;91360;91216;Épinay-sur-Orge;;;2.317335;48.67624
91216_1602_00020;20;;Rue du Pont Rubeau;91360;91216;Épinay-sur-Orge;;;2.326243;48.677266
91216_0810_00008;8;;Rue de la Gatinelle;91360;91216;Épinay-sur-Orge;;;2.321779;48.672496
91216_1240_00037;37;;Rue des Meuniers;91360;91216;Épinay-sur-Orge;;;2.324957;48.670777
91216_0760_00004;4;;Place Gabriel Peri;91360;91216;Épinay-sur-Orge;;;2.31702;48.676119
91216_2210_00003;3;;Place du 24 Aout;91360;91216;Épinay-sur-Orge;;;2.315651;48.665148
91216_1507_00003;3;;Impasse des Perreulx;91360;91216;Épinay-sur-Orge;;;2.328314;48.677377
91216_1330_00011;11;;Rue Nicolas Vaudin;91360;91216;Épinay-sur-Orge;;;2.321993;48.67837
91216_1210_00010;10;;Rue Maurice Sarrault;91360;91216;Épinay-sur-Orge;;;2.317676;48.677934
91216_0430_00029;29;;Rue du Coteau;91360;91216;Épinay-sur-Orge;;;2.315707;48.677063
91216_0430_00052;52;;Rue du Coteau;91360;91216;Épinay-sur-Orge;;;2.314974;48.676386
91216_0050_00006;6;;Impasse de l'Ancien Lavoir;91360;91216;Épinay-sur-Orge;;;2.327062;48.669405
91216_0890_00056;56;;Rue Guynemer;91360;91216;Épinay-sur-Orge;;;2.320973;48.681262
91216_1720_00006;6;;Rue de la Republique;91360;91216;Épinay-sur-Orge;;;2.330572;48.672367
91216_0920_00101;101;;Rue Henri Dunant;91360;91216;Épinay-sur-Orge;;;2.320904;48.681876
91216_1330_00043;43;;Rue Nicolas Vaudin;91360;91216;Épinay-sur-Orge;;;2.323229;48.677763
91216_0230_00010;10;;Rue du Breuil;91360;91216;Épinay-sur-Orge;;;2.322079;48.670319
91216_2130_00028;28;;Rue des Vignes;91360;91216;Épinay-sur-Orge;;;2.319044;48.672355
91216_0620_00025;25;;Rue d’Estienne d’Orves;91360;91216;Épinay-sur-Orge;;;2.316871;48.677267
91216_1882_00003;3;;Sentier des Ruelles;91360;91216;Épinay-sur-Orge;;;2.314198;48.666819
91216_1330_00045;45;;Rue Nicolas Vaudin;91360;91216;Épinay-sur-Orge;;;2.323277;48.677735
91216_1450_00015;15;;Rue du Pavillon;91360;91216;Épinay-sur-Orge;;;2.319673;48.673825
91216_2010_00119;119;;Rue des Templiers;91360;91216;Épinay-sur-Orge;;;2.312374;48.677895
91216_0600_00002_bis;2;bis;Rue de l'Esplanade;91360;91216;Épinay-sur-Orge;;;2.326667;48.672172
91216_1034_00024;24;;Rue des Houches;91360;91216;Épinay-sur-Orge;;;2.329974;48.676432
91216_1540_00042;42;;Rue du Plateau;91360;91216;Épinay-sur-Orge;;;2.31703;48.675173
91216_1892_00036;36;;Rue du Coq à l'Huy;91360;91216;Épinay-sur-Orge;;;2.312502;48.67564
91216_1935_00050;50;;Allée du Saut du Loup;91360;91216;Épinay-sur-Orge;;;2.313632;48.672333
91216_2100_00023;23;;Rue de la Vallée;91360;91216;Épinay-sur-Orge;;;2.327869;48.670728
91216_0830_00096;96;;Grande Rue;91360;91216;Épinay-sur-Orge;;;2.321527;48.676702
91216_0180_00020;20;;Rue des Bas Follets;91360;91216;Épinay-sur-Orge;;;2.318118;48.679715
91216_2125_00005;5;;Rue du Vieux Moulin;91360;91216;Épinay-sur-Orge;;;2.334328;48.67662
91216_0710_00042;42;;Rue de la Fontaine Bridel;91360;91216;Épinay-sur-Orge;;;2.320442;48.669771
91216_0215_00010;10;;Impasse du Billoir;91360;91216;Épinay-sur-Orge;;;2.314823;48.671219
91216_0940_00012;12;;Rue Henri IV;91360;91216;Épinay-sur-Orge;;;2.324415;48.678979
91216_r3face_00006;6;;Rue du Weekend;91360;91216;Épinay-sur-Orge;;;2.334358;48.670227
91216_0387_00007;7;;Sentier du College;91360;91216;Épinay-sur-Orge;;;2.31997;48.677688
91216_0370_00017;17;;rue de Chevreuse;91360;91216;Épinay-sur-Orge;;;2.314013;48.664857
91216_1240_00018_bis;18;bis;Rue des Meuniers;91360;91216;Épinay-sur-Orge;;;2.329042;48.669679
91216_2010_00031;31;;Rue des Templiers;91360;91216;Épinay-sur-Orge;;;2.315381;48.675336
91216_0620_00043;43;;Rue d’Estienne d’Orves;91360;91216;Épinay-sur-Orge;;;2.316068;48.678703
91216_0252_00012;12;;Rue des Carrieres;91360;91216;Épinay-sur-Orge;;;2.327629;48.675119
91216_2010_00041;41;;Rue des Templiers;91360;91216;Épinay-sur-Orge;;;2.315044;48.675623
91216_0810_00017;17;;Rue de la Gatinelle;91360;91216;Épinay-sur-Orge;;;2.321844;48.672336
91216_0318_00009;9;;Clos du Chemin Vert;91360;91216;Épinay-sur-Orge;;;2.333376;48.675105
91216_0830_00174;174;;Grande Rue;91360;91216;Épinay-sur-Orge;;;2.316203;48.679684
91216_1640_00036;36;;Allee des Primeveres;91360;91216;Épinay-sur-Orge;;;2.319084;48.680981
91216_1410_00043;43;;Rue du Parc;91360;91216;Épinay-sur-Orge;;;2.317471;48.674579
91216_0790_00025;25;;Rue de la Gare;91360;91216;Épinay-sur-Orge;;;2.330502;48.670226
91216_0790_00013;13;;Rue de la Gare;91360;91216;Épinay-sur-Orge;;;2.329388;48.671437
91216_1760_00031;31;;Allee des Roses;91360;91216;Épinay-sur-Orge;;;2.322653;48.679926
91216_1500_00071_bis;71;bis;Rue de Petit Vaux;91360;91216;Épinay-sur-Orge;;;2.331617;48.675091
91216_1720_00030;30;;Rue de la Republique;91360;91216;Épinay-sur-Orge;;;2.331332;48.673498
91216_1450_00013;13;;Rue du Pavillon;91360;91216;Épinay-sur-Orge;;;2.319782;48.673735
91216_1910_00050;50;;Chemin des Sablons;91360;91216;Épinay-sur-Orge;;;2.316761;48.670936
91216_0390_00008;8;;Rue du Colonel Manhes;91360;91216;Épinay-sur-Orge;;;2.320436;48.674831
91216_0920_00077;77;;Rue Henri Dunant;91360;91216;Épinay-sur-Orge;;;2.32204;48.681291
91216_1240_00008;8;;Rue des Meuniers;91360;91216;Épinay-sur-Orge;;;2.330304;48.669458
91216_0320_00017;17;;Rue du Chemin Vert;91360;91216;Épinay-sur-Orge;;;2.333015;48.67273
91216_1561_00006;6;;Impasse de la Pointe Galoppin;91360;91216;Épinay-sur-Orge;;;2.325553;48.676027
91216_1720_00054_c;54;c;Rue de la Republique;91360;91216;Épinay-sur-Orge;;;2.332719;48.674975
91216_0920_00104;104;;Rue Henri Dunant;91360;91216;Épinay-sur-Orge;;;2.322133;48.681315
91216_0890_00072;72;;Rue Guynemer;91360;91216;Épinay-sur-Orge;;;2.321462;48.680962
91216_0830_00028;28;;Grande Rue;91360;91216;Épinay-sur-Orge;;;2.326566;48.673649
91216_0890_00039;39;;Rue Guynemer;91360;91216;Épinay-sur-Orge;;;2.318693;48.680456
91216_2070_00012;12;;Chemin des Tourelles;91360;91216;Épinay-sur-Orge;;;2.33387;48.669064
91216_1450_00003;3;;Rue du Pavillon;91360;91216;Épinay-sur-Orge;;;2.320331;48.673265
91216_1330_00058;58;;Rue Nicolas Vaudin;91360;91216;Épinay-sur-Orge;;;2.323982;48.677956
91216_2130_00035;35;;Rue des Vignes;91360;91216;Épinay-sur-Orge;;;2.318992;48.672216
91216_0830_00076;76;;Grande Rue;91360;91216;Épinay-sur-Orge;;;2.322924;48.675763
91216_0470_00065;65;;Rue de la Division Leclerc;91360;91216;Épinay-sur-Orge;;;2.31558;48.671701
91216_2130_00003;3;;Rue des Vignes;91360;91216;Épinay-sur-Orge;;;2.319437;48.67025
91216_1034_00003;3;;Rue des Houches;91360;91216;Épinay-sur-Orge;;;2.328368;48.676958
91216_1625_00005;5;;Impasse de la Prairie;91360;91216;Épinay-sur-Orge;;;2.318212;48.66908
91216_2010_00065;65;;Rue des Templiers;91360;91216;Épinay-sur-Orge;;;2.314366;48.676023
91216_0830_00086;86;;Grande Rue;91360;91216;Épinay-sur-Orge;;;2.322204;48.676205
91216_2010_00004;4;;Rue des Templiers;91360;91216;Épinay-sur-Orge;;;2.316295;48.674777
91216_0830_00001;1;;Grande Rue;91360;91216;Épinay-sur-Orge;;;2.327323;48.673134
91216_1360_00038;38;;Rue d’Oradour sur Glane;91360;91216;Épinay-sur-Orge;;;2.314709;48.677627
91216_0410_00048;48;;Rue de Corbeil;91360;91216;Épinay-sur-Orge;;;2.332759;48.66856
91216_1210_00040;40;;Rue Maurice Sarrault;91360;91216;Épinay-sur-Orge;;;2.316309;48.676292
91216_0920_00058;58;;Rue Henri Dunant;91360;91216;Épinay-sur-Orge;;;2.323808;48.680208
91216_0920_00055;55;;Rue Henri Dunant;91360;91216;Épinay-sur-Orge;;;2.323739;48.680174
91216_0215_00006;6;;Impasse du Billoir;91360;91216;Épinay-sur-Orge;;;2.315054;48.671298
91216_2010_00012;12;;Rue des Templiers;91360;91216;Épinay-sur-Orge;;;2.315969;48.675036
91216_0390_00021;21;;Rue du Colonel Manhes;91360;91216;Épinay-sur-Orge;;;2.319989;48.674669
91216_1500_00063;63;;Rue de Petit Vaux;91360;91216;Épinay-sur-Orge;;;2.33088;48.674774
91216_0920_00036;36;;Rue Henri Dunant;91360;91216;Épinay-sur-Orge;;;2.324555;48.6797
91216_0182_00007;7;;Sentier des Bas Follets;91360;91216;Épinay-sur-Orge;;;2.317714;48.680662
91216_1760_00023;23;;Allee des Roses;91360;91216;Épinay-sur-Orge;;;2.322904;48.679774
91216_0440_00004;4;;Rue de la Croix Ronde;91360;91216;Épinay-sur-Orge;;;2.314534;48.674051
91216_0790_00028;28;;Rue de la Gare;91360;91216;Épinay-sur-Orge;;;2.330202;48.670434
91216_1360_00008;8;;Rue d’Oradour sur Glane;91360;91216;Épinay-sur-Orge;;;2.315688;48.678788
91216_1780_00003;3;;Rue des Rossays;91360;91216;Épinay-sur-Orge;;;2.333483;48.671932
91216_0790_00030;30;;Rue de la Gare;91360;91216;Épinay-sur-Orge;;;2.330419;48.670189
91216_1150_00056;56;;Rue Madeleine Pelletier;91360;91216;Épinay-sur-Orge;;;2.31252;48.672647
91216_0830_00042;42;;Grande Rue;91360;91216;Épinay-sur-Orge;;;2.325177;48.674505
91216_1410_00037;37;;Rue du Parc;91360;91216;Épinay-sur-Orge;;;2.317895;48.674726
91216_1490_00010;10;;Rue du Petit Parc;91360;91216;Épinay-sur-Orge;;;2.323084;48.67332
91216_1882_00028_ter;28;ter;Sentier des Ruelles;91360;91216;Épinay-sur-Orge;;;2.316549;48.667872
91216_0824_00001;1;;Rue Girouise;91360;91216;Épinay-sur-Orge;;;2.329833;48.675671
91216_1882_00018;18;;Sentier des Ruelles;91360;91216;Épinay-sur-Orge;;;2.315187;48.667629
91216_1760_00021;21;;Allee des Roses;91360;91216;Épinay-sur-Orge;;;2.322935;48.679753
91216_1450_00005;5;;Rue du Pavillon;91360;91216;Épinay-sur-Orge;;;2.320222;48.673358
91216_0790_00010;10;;Rue de la Gare;91360;91216;Épinay-sur-Orge;;;2.328838;48.67189
91216_1360_00009;9;;Rue d’Oradour sur Glane;91360;91216;Épinay-sur-Orge;;;2.315484;48.678395
91216_1330_00062_bis;62;bis;Rue Nicolas Vaudin;91360;91216;Épinay-sur-Orge;;;2.324332;48.678191
91216_1720_00026;26;;Rue de la Republique;91360;91216;Épinay-sur-Orge;;;2.331195;48.673372
91216_0230_00027;27;;Rue du Breuil;91360;91216;Épinay-sur-Orge;;;2.320202;48.669158
91216_1330_00088;88;;Rue Nicolas Vaudin;91360;91216;Épinay-sur-Orge;;;2.323511;48.678754
91216_2030_00012;12;;Rue de la Terrasse;91360;91216;Épinay-sur-Orge;;;2.322663;48.675541
91216_1226_00001;1;;Allée des Merisiers;91360;91216;Épinay-sur-Orge;;;2.32301;48.674645
91216_0850_00031;31;;Rue de Grand Vaux;91360;91216;Épinay-sur-Orge;;;2.332813;48.671725
91216_1891_00007;7;;Rue du Bois de Balizy;91360;91216;Épinay-sur-Orge;;;2.312532;48.673886
91216_0890_00021;21;;Rue Guynemer;91360;91216;Épinay-sur-Orge;;;2.319204;48.680071
91216_0903_00016;16;;Rue des Hauts Graviers;91360;91216;Épinay-sur-Orge;;;2.32601;48.675593
91216_0890_00033;33;;Rue Guynemer;91360;91216;Épinay-sur-Orge;;;2.318884;48.680304
91216_1180_00067;67;;Rue du Mauregard;91360;91216;Épinay-sur-Orge;;;2.320151;48.680889
91216_0252_00011;11;;Rue des Carrieres;91360;91216;Épinay-sur-Orge;;;2.328112;48.674842
91216_1330_00001;1;;Rue Nicolas Vaudin;91360;91216;Épinay-sur-Orge;;;2.321587;48.678563
91216_1910_00066;66;;Chemin des Sablons;91360;91216;Épinay-sur-Orge;;;2.31422;48.669851
91216_1280_00002;2;;Rue de la Montagne;91360;91216;Épinay-sur-Orge;;;2.315541;48.665244
91216_1540_00019;19;;Rue du Plateau;91360;91216;Épinay-sur-Orge;;;2.317384;48.67561
91216_1450_00017;17;;Rue du Pavillon;91360;91216;Épinay-sur-Orge;;;2.319556;48.673926
91216_1360_00039;39;;Rue d’Oradour sur Glane;91360;91216;Épinay-sur-Orge;;;2.314467;48.677177
91216_0387_00003;3;;Sentier du College;91360;91216;Épinay-sur-Orge;;;2.320648;48.678564
91216_1562_00023;23;;Rue de la Pointe Galoppin;91360;91216;Épinay-sur-Orge;;;2.326914;48.677063
91216_0180_00036;36;;Rue des Bas Follets;91360;91216;Épinay-sur-Orge;;;2.316731;48.680111
91216_0410_00028;28;;Rue de Corbeil;91360;91216;Épinay-sur-Orge;;;2.331771;48.671094
91216_0410_00021;21;;Rue de Corbeil;91360;91216;Épinay-sur-Orge;;;2.331068;48.671928
91216_0830_00075;75;;Grande Rue;91360;91216;Épinay-sur-Orge;;;2.31873;48.678065
91216_0830_00048;48;;Grande Rue;91360;91216;Épinay-sur-Orge;;;2.324855;48.674662
91216_2010_00053;53;;Rue des Templiers;91360;91216;Épinay-sur-Orge;;;2.314398;48.675872
91216_1640_00031;31;;Allee des Primeveres;91360;91216;Épinay-sur-Orge;;;2.319053;48.680968
91216_1760_00022;22;;Allee des Roses;91360;91216;Épinay-sur-Orge;;;2.323149;48.679653
91216_0940_00003;3;;Rue Henri IV;91360;91216;Épinay-sur-Orge;;;2.324252;48.679163
91216_0920_00087;87;;Rue Henri Dunant;91360;91216;Épinay-sur-Orge;;;2.321728;48.681488
91216_2100_00019;19;;Rue de la Vallée;91360;91216;Épinay-sur-Orge;;;2.327397;48.670593
91216_tcpmku_00003;3;;passage Amélie de Pitteurs;91360;91216;Épinay-sur-Orge;;;2.333972;48.670648
91216_0230_00024;24;;Rue du Breuil;91360;91216;Épinay-sur-Orge;;;2.319492;48.668909
91216_0850_00052;52;;Rue de Grand Vaux;91360;91216;Épinay-sur-Orge;;;2.334037;48.672997
91216_0850_00037_bis;37;bis;Rue de Grand Vaux;91360;91216;Épinay-sur-Orge;;;2.333617;48.673095
91216_0470_00032;32;;Rue de la Division Leclerc;91360;91216;Épinay-sur-Orge;;;2.320998;48.673098
91216_2010_00021;21;;Rue des Templiers;91360;91216;Épinay-sur-Orge;;;2.315727;48.675083
91216_0850_00059_bis;59;bis;Rue de Grand Vaux;91360;91216;Épinay-sur-Orge;;;2.335772;48.675851
91216_1935_00026;26;;Allée du Saut du Loup;91360;91216;Épinay-sur-Orge;;;2.314077;48.672179
91216_1500_00036_bis;36;bis;Rue de Petit Vaux;91360;91216;Épinay-sur-Orge;;;2.330346;48.674557
91216_1562_00002;2;;Rue de la Pointe Galoppin;91360;91216;Épinay-sur-Orge;;;2.325882;48.676064
91216_0850_00055;55;;Rue de Grand Vaux;91360;91216;Épinay-sur-Orge;;;2.33529;48.675297
91216_r3face_00004;4;;Rue du Weekend;91360;91216;Épinay-sur-Orge;;;2.334148;48.670204
91216_2046_00015;15;;Avenue des Tilleuls;91360;91216;Épinay-sur-Orge;;;2.327928;48.668884
91216_0230_00014_b;14;b;Rue du Breuil;91360;91216;Épinay-sur-Orge;;;2.321439;48.669983
91216_0920_00027;27;;Rue Henri Dunant;91360;91216;Épinay-sur-Orge;;;2.324897;48.679384
91216_1625_00002;2;;Impasse de la Prairie;91360;91216;Épinay-sur-Orge;;;2.318099;48.669005
91216_0920_00050;50;;Rue Henri Dunant;91360;91216;Épinay-sur-Orge;;;2.324029;48.680057
91216_1520_00005;5;;Rue Pierre Brossolette;91360;91216;Épinay-sur-Orge;;;2.325443;48.671533
91216_2125_00021;21;;Rue du Vieux Moulin;91360;91216;Épinay-sur-Orge;;;2.334386;48.676924
91216_1540_00040;40;;Rue du Plateau;91360;91216;Épinay-sur-Orge;;;2.317091;48.675264
91216_0940_00014;14;;Rue Henri IV;91360;91216;Épinay-sur-Orge;;;2.324482;48.678938
91216_1760_00028;28;;Allee des Roses;91360;91216;Épinay-sur-Orge;;;2.322951;48.679781
91216_0180_00030;30;;Rue des Bas Follets;91360;91216;Épinay-sur-Orge;;;2.315872;48.680002
91216_1388_00009;9;;Allee de l'Orme Quesneau;91360;91216;Épinay-sur-Orge;;;2.318241;48.672747
91216_1540_00007;7;;Rue du Plateau;91360;91216;Épinay-sur-Orge;;;2.318743;48.677401
91216_1760_00034;34;;Allee des Roses;91360;91216;Épinay-sur-Orge;;;2.322804;48.679872
91216_1760_00011;11;;Allee des Roses;91360;91216;Épinay-sur-Orge;;;2.323412;48.679458
91216_1256_00006;6;;Impasse des Monseaux;91360;91216;Épinay-sur-Orge;;;2.329296;48.672519
91216_0920_00046;46;;Rue Henri Dunant;91360;91216;Épinay-sur-Orge;;;2.32418;48.679954
91216_0920_00057;57;;Rue Henri Dunant;91360;91216;Épinay-sur-Orge;;;2.323668;48.680224
91216_1774_00002;2;;Allée des Rossays;91360;91216;Épinay-sur-Orge;;;2.333948;48.671568
91216_1240_00008_bis;8;bis;Rue des Meuniers;91360;91216;Épinay-sur-Orge;;;2.330099;48.6694
91216_1720_00048;48;;Rue de la Republique;91360;91216;Épinay-sur-Orge;;;2.332078;48.674235
91216_1670_00031;31;;Rue des 4 Vents;91360;91216;Épinay-sur-Orge;;;2.316529;48.676007
91216_1240_00034;34;;Rue des Meuniers;91360;91216;Épinay-sur-Orge;;;2.32779;48.670045
91216_0230_00041;41;;Rue du Breuil;91360;91216;Épinay-sur-Orge;;;2.318402;48.668216
91216_1070_00002;2;;Rue Joliot Curie;91360;91216;Épinay-sur-Orge;;;2.321976;48.673801
91216_2030_00030;30;;Rue de la Terrasse;91360;91216;Épinay-sur-Orge;;;2.323292;48.67489
91216_2125_00037;37;;Rue du Vieux Moulin;91360;91216;Épinay-sur-Orge;;;2.333739;48.677149
91216_0384_00002;2;;Rue du Clos Belle;91360;91216;Épinay-sur-Orge;;;2.326668;48.678022
91216_0830_00142_bis;142;bis;Grande Rue;91360;91216;Épinay-sur-Orge;;;2.317807;48.678742
91216_1500_00091;91;;Rue de Petit Vaux;91360;91216;Épinay-sur-Orge;;;2.332927;48.675585
91216_0380_00005;5;;Rue Claude Debussy;91360;91216;Épinay-sur-Orge;;;2.321475;48.679332
91216_0230_00096;96;;Rue du Breuil;91360;91216;Épinay-sur-Orge;;;2.315365;48.665491
91216_0280_00001;1;;Rue de Charaintru;91360;91216;Épinay-sur-Orge;;;2.335542;48.677367
91216_1640_00021;21;;Allee des Primeveres;91360;91216;Épinay-sur-Orge;;;2.319303;48.680771
91216_0390_00013;13;;Rue du Colonel Manhes;91360;91216;Épinay-sur-Orge;;;2.320592;48.674157
91216_2046_00019;19;;Avenue des Tilleuls;91360;91216;Épinay-sur-Orge;;;2.32774;48.668635
91216_1520_00007_bis;7;bis;Rue Pierre Brossolette;91360;91216;Épinay-sur-Orge;;;2.325712;48.671497
91216_0182_00025;25;;Sentier des Bas Follets;91360;91216;Épinay-sur-Orge;;;2.318962;48.679748
91216_0830_00017;17;;Grande Rue;91360;91216;Épinay-sur-Orge;;;2.325797;48.674013
91216_1500_00054;54;;Rue de Petit Vaux;91360;91216;Épinay-sur-Orge;;;2.332511;48.675289
91216_0820_00008;8;;Cours du General de Gaulle;91360;91216;Épinay-sur-Orge;;;2.325269;48.672365
91216_1780_00007;7;;Rue des Rossays;91360;91216;Épinay-sur-Orge;;;2.334392;48.671973
91216_1500_00123;123;;Rue de Petit Vaux;91360;91216;Épinay-sur-Orge;;;2.335876;48.676602
91216_1330_00010;10;;Rue Nicolas Vaudin;91360;91216;Épinay-sur-Orge;;;2.322002;48.678288
91216_1575_00004;4;;Allée des Pommiers;91360;91216;Épinay-sur-Orge;;;2.310997;48.673159
91216_0410_00006_bis;6;bis;Rue de Corbeil;91360;91216;Épinay-sur-Orge;;;2.329337;48.672276
91216_0710_00012;12;;Rue de la Fontaine Bridel;91360;91216;Épinay-sur-Orge;;;2.322924;48.671414
91216_tcpmku_00002;2;;passage Amélie de Pitteurs;91360;91216;Épinay-sur-Orge;;;2.333406;48.670504
91216_1520_00004;4;;Rue Pierre Brossolette;91360;91216;Épinay-sur-Orge;;;2.324774;48.671571
91216_pdutsb_00005;5;;Rue des Blancs Manteaux;91360;91216;Épinay-sur-Orge;;;2.311996;48.673723
91216_2010_00014;14;;Rue des Templiers;91360;91216;Épinay-sur-Orge;;;2.31579;48.675168
91216_0430_00049;49;;Rue du Coteau;91360;91216;Épinay-sur-Orge;;;2.314951;48.676156
91216_2010_00099;99;;Rue des Templiers;91360;91216;Épinay-sur-Orge;;;2.313177;48.67719
91216_0920_00120;120;;Rue Henri Dunant;91360;91216;Épinay-sur-Orge;;;2.321519;48.681684
91216_1755_00001;1;;Rue Rosa Parks;91360;91216;Épinay-sur-Orge;;;2.31222;48.671197
91216_0620_00029;29;;Rue d’Estienne d’Orves;91360;91216;Épinay-sur-Orge;;;2.316775;48.677512
91216_0850_00050;50;;Rue de Grand Vaux;91360;91216;Épinay-sur-Orge;;;2.333773;48.672995
91216_0100_00018;18;;Rue d'Athis;91360;91216;Épinay-sur-Orge;;;2.325248;48.677282
91216_1520_00017;17;;Rue Pierre Brossolette;91360;91216;Épinay-sur-Orge;;;2.326722;48.671331
91216_7jsf1l_00003;3;;Rue Gisèle Halimi;91360;91216;Épinay-sur-Orge;;;2.313505;48.66969
91216_0100_00006;6;;Rue d'Athis;91360;91216;Épinay-sur-Orge;;;2.323323;48.676678
91216_1800_00020;20;;Rue du Rouillon;91360;91216;Épinay-sur-Orge;;;2.313923;48.678261
91216_1720_00054;54;;Rue de la Republique;91360;91216;Épinay-sur-Orge;;;2.332366;48.674556
91216_0830_00015;15;;Grande Rue;91360;91216;Épinay-sur-Orge;;;2.326048;48.673871
91216_1575_00002;2;;Allée des Pommiers;91360;91216;Épinay-sur-Orge;;;2.311387;48.672854
91216_0620_00006;6;;Rue d’Estienne d’Orves;91360;91216;Épinay-sur-Orge;;;2.318185;48.675417
91216_1575_00007;7;;Allée des Pommiers;91360;91216;Épinay-sur-Orge;;;2.310396;48.67329
91216_1830_00023;23;;Rue des Roulles;91360;91216;Épinay-sur-Orge;;;2.320973;48.670966
91216_2125_00019;19;;Rue du Vieux Moulin;91360;91216;Épinay-sur-Orge;;;2.334528;48.676892
91216_1330_00080;80;;Rue Nicolas Vaudin;91360;91216;Épinay-sur-Orge;;;2.323764;48.678597
91216_1800_00033;33;;Rue du Rouillon;91360;91216;Épinay-sur-Orge;;;2.314004;48.67813
91216_1507_00008;8;;Impasse des Perreulx;91360;91216;Épinay-sur-Orge;;;2.328283;48.677473
91216_0230_00039;39;;Rue du Breuil;91360;91216;Épinay-sur-Orge;;;2.318584;48.668303
91216_0410_00057;57;;Rue de Corbeil;91360;91216;Épinay-sur-Orge;;;2.333319;48.667465
91216_0180_00049;49;;Rue des Bas Follets;91360;91216;Épinay-sur-Orge;;;2.317221;48.679186
91216_0340_00002;2;;Chemin de la Chevauchée;91360;91216;Épinay-sur-Orge;;;2.316365;48.680636
91216_0230_00001;1;;Rue du Breuil;91360;91216;Épinay-sur-Orge;;;2.323961;48.670897
91216_0250_00002;2;;Sentier de la Butte;91360;91216;Épinay-sur-Orge;;;2.323124;48.670267
91216_1560_00013;13;;Rue de la Pointe;91360;91216;Épinay-sur-Orge;;;2.312786;48.678265
91216_1560_00019;19;;Rue de la Pointe;91360;91216;Épinay-sur-Orge;;;2.312573;48.678007
91216_1935_00020;20;;Allée du Saut du Loup;91360;91216;Épinay-sur-Orge;;;2.314269;48.671992
91216_1330_00017;17;;Rue Nicolas Vaudin;91360;91216;Épinay-sur-Orge;;;2.322283;48.678231
91216_0470_00024_b;24;b;Rue de la Division Leclerc;91360;91216;Épinay-sur-Orge;;;2.321644;48.673253
91216_2010_00020;20;;Rue des Templiers;91360;91216;Épinay-sur-Orge;;;2.315259;48.675582
91216_1960_00012;12;;Voie des Sources;91360;91216;Épinay-sur-Orge;;;2.318503;48.669278
91216_1520_00006;6;;Rue Pierre Brossolette;91360;91216;Épinay-sur-Orge;;;2.324976;48.671539
91216_0441_00019;19;;Rue de la Croix Taron;91360;91216;Épinay-sur-Orge;;;2.33152;48.676471
91216_0370_00021;21;;rue de Chevreuse;91360;91216;Épinay-sur-Orge;;;2.314114;48.664522
91216_1500_00026;26;;Rue de Petit Vaux;91360;91216;Épinay-sur-Orge;;;2.328447;48.674123
91216_1380_00021;21;;Rue de l'Orge;91360;91216;Épinay-sur-Orge;;;2.330978;48.668111
91216_0384_00006;6;;Rue du Clos Belle;91360;91216;Épinay-sur-Orge;;;2.326946;48.678164
91216_0280_00018;18;;Rue de Charaintru;91360;91216;Épinay-sur-Orge;;;2.3322;48.67945
91216_1360_00005;5;;Rue d’Oradour sur Glane;91360;91216;Épinay-sur-Orge;;;2.315677;48.678632
91216_0920_00061;61;;Rue Henri Dunant;91360;91216;Épinay-sur-Orge;;;2.323144;48.680573
91216_2230_00031;31;;Voie d'Athis;91360;91216;Épinay-sur-Orge;;;2.327589;48.678071
91216_r3face_00003;3;;Rue du Weekend;91360;91216;Épinay-sur-Orge;;;2.334065;48.670194
91216_0180_00027;27;;Rue des Bas Follets;91360;91216;Épinay-sur-Orge;;;2.31752;48.679299
91216_0920_00099;99;;Rue Henri Dunant;91360;91216;Épinay-sur-Orge;;;2.320971;48.68185
91216_0890_00076;76;;Rue Guynemer;91360;91216;Épinay-sur-Orge;;;2.321592;48.680875
91216_0280_00022;22;;Rue de Charaintru;91360;91216;Épinay-sur-Orge;;;2.331786;48.679771
91216_1830_00017;17;;Rue des Roulles;91360;91216;Épinay-sur-Orge;;;2.321381;48.671186
91216_0903_00010;10;;Rue des Hauts Graviers;91360;91216;Épinay-sur-Orge;;;2.325458;48.675461
91216_1720_00031;31;;Rue de la Republique;91360;91216;Épinay-sur-Orge;;;2.33139;48.673738
91216_1602_00003;3;;Rue du Pont Rubeau;91360;91216;Épinay-sur-Orge;;;2.327537;48.676467
91216_1670_00010;10;;Rue des 4 Vents;91360;91216;Épinay-sur-Orge;;;2.320556;48.67628
91216_0255_00028;28;;Rue des Cedres;91360;91216;Épinay-sur-Orge;;;2.317577;48.67333
91216_1830_00026;26;;Rue des Roulles;91360;91216;Épinay-sur-Orge;;;2.320946;48.67106
91216_1330_00079;79;;Rue Nicolas Vaudin;91360;91216;Épinay-sur-Orge;;;2.322939;48.679019
91216_0370_00015;15;;rue de Chevreuse;91360;91216;Épinay-sur-Orge;;;2.314021;48.664957
91216_2125_00006;6;;Rue du Vieux Moulin;91360;91216;Épinay-sur-Orge;;;2.33427;48.676642
91216_0830_00027;27;;Grande Rue;91360;91216;Épinay-sur-Orge;;;2.325334;48.67428
91216_0810_00025;25;;Rue de la Gatinelle;91360;91216;Épinay-sur-Orge;;;2.320938;48.672741
91216_0280_00001_b;1;b;Rue de Charaintru;91360;91216;Épinay-sur-Orge;;;2.334767;48.677499
91216_1560_00004_bis;4;bis;Rue de la Pointe;91360;91216;Épinay-sur-Orge;;;2.312697;48.678328
91216_1410_00022;22;;Rue du Parc;91360;91216;Épinay-sur-Orge;;;2.31938;48.675397
91216_2010_00107;107;;Rue des Templiers;91360;91216;Épinay-sur-Orge;;;2.312914;48.67744
91216_1180_00063;63;;Rue du Mauregard;91360;91216;Épinay-sur-Orge;;;2.320282;48.680806
91216_1891_00070;70;;Rue du Bois de Balizy;91360;91216;Épinay-sur-Orge;;;2.310546;48.674236
91216_1891_00017;17;;Rue du Bois de Balizy;91360;91216;Épinay-sur-Orge;;;2.312578;48.674731
91216_1410_00030;30;;Rue du Parc;91360;91216;Épinay-sur-Orge;;;2.318842;48.675198
91216_1800_00043;43;;Rue du Rouillon;91360;91216;Épinay-sur-Orge;;;2.31367;48.67773
91216_1280_00020;20;;Rue de la Montagne;91360;91216;Épinay-sur-Orge;;;2.313878;48.666498
91216_0560_00011;11;;Rue des Ecoles;91360;91216;Épinay-sur-Orge;;;2.32513;48.673436
91216_1180_00054;54;;Rue du Mauregard;91360;91216;Épinay-sur-Orge;;;2.320074;48.681026
91216_1180_00037;37;;Rue du Mauregard;91360;91216;Épinay-sur-Orge;;;2.321265;48.680191
91216_2010_00049;49;;Rue des Templiers;91360;91216;Épinay-sur-Orge;;;2.314501;48.675782
91216_1882_00017;17;;Sentier des Ruelles;91360;91216;Épinay-sur-Orge;;;2.315092;48.667691
91216_1882_00023;23;;Sentier des Ruelles;91360;91216;Épinay-sur-Orge;;;2.315502;48.667981
91216_0830_00132;132;;Grande Rue;91360;91216;Épinay-sur-Orge;;;2.318785;48.678191
91216_1820_00020;20;;Chemin des Roulles;91360;91216;Épinay-sur-Orge;;;2.314956;48.668531
91216_0890_00015;15;;Rue Guynemer;91360;91216;Épinay-sur-Orge;;;2.319387;48.679956
91216_0470_00022;22;;Rue de la Division Leclerc;91360;91216;Épinay-sur-Orge;;;2.321772;48.673294
91216_1280_00024;24;;Rue de la Montagne;91360;91216;Épinay-sur-Orge;;;2.313662;48.666787
91216_1180_00004;4;;Rue du Mauregard;91360;91216;Épinay-sur-Orge;;;2.319766;48.678613
91216_1640_00013;13;;Allee des Primeveres;91360;91216;Épinay-sur-Orge;;;2.319563;48.680615
91216_1360_00020;20;;Rue d’Oradour sur Glane;91360;91216;Épinay-sur-Orge;;;2.315277;48.678294
91216_0620_00032;32;;Rue d’Estienne d’Orves;91360;91216;Épinay-sur-Orge;;;2.316778;48.677717
91216_2210_00012;12;;Place du 24 Aout;91360;91216;Épinay-sur-Orge;;;2.315155;48.664984
91216_1891_00042;42;;Rue du Bois de Balizy;91360;91216;Épinay-sur-Orge;;;2.312137;48.675171
91216_1640_00030;30;;Allee des Primeveres;91360;91216;Épinay-sur-Orge;;;2.319286;48.680832
91216_1450_00032;32;;Rue du Pavillon;91360;91216;Épinay-sur-Orge;;;2.319565;48.674074
91216_1520_00039;39;;Rue Pierre Brossolette;91360;91216;Épinay-sur-Orge;;;2.329319;48.670834
91216_0830_00128;128;;Grande Rue;91360;91216;Épinay-sur-Orge;;;2.319085;48.678009
91216_0830_00056;56;;Grande Rue;91360;91216;Épinay-sur-Orge;;;2.324281;48.675005
91216_1360_00029;29;;Rue d’Oradour sur Glane;91360;91216;Épinay-sur-Orge;;;2.314768;48.677526
91216_0890_00093;93;;Rue Guynemer;91360;91216;Épinay-sur-Orge;;;2.320938;48.681379
91216_1575_00011;11;;Allée des Pommiers;91360;91216;Épinay-sur-Orge;;;2.310358;48.673395
91216_0410_00023;23;;Rue de Corbeil;91360;91216;Épinay-sur-Orge;;;2.33157;48.671563
91216_0830_00030_ter;30;ter;Grande Rue;91360;91216;Épinay-sur-Orge;;;2.32634;48.673797
91216_1800_00006;6;;Rue du Rouillon;91360;91216;Épinay-sur-Orge;;;2.314553;48.678994
91216_0350_00015;15;;Rue de la Chevauchée;91360;91216;Épinay-sur-Orge;;;2.313343;48.678872
91216_0880_00004;4;;Rue Guy Moquet;91360;91216;Épinay-sur-Orge;;;2.326308;48.673462
91216_1500_00017;17;;Rue de Petit Vaux;91360;91216;Épinay-sur-Orge;;;2.327454;48.673962
91216_1632_00030;30;;Voie des Pres;91360;91216;Épinay-sur-Orge;;;2.327224;48.668531
91216_1150_00016;16;;Rue Madeleine Pelletier;91360;91216;Épinay-sur-Orge;;;2.314789;48.670752
91216_0230_00033;33;;Rue du Breuil;91360;91216;Épinay-sur-Orge;;;2.319201;48.668656
91216_0320_00033;33;;Rue du Chemin Vert;91360;91216;Épinay-sur-Orge;;;2.333534;48.67349
91216_1150_00024;24;;Rue Madeleine Pelletier;91360;91216;Épinay-sur-Orge;;;2.315188;48.670895
91216_1910_00058;58;;Chemin des Sablons;91360;91216;Épinay-sur-Orge;;;2.315546;48.670489
91216_1560_00005;5;;Rue de la Pointe;91360;91216;Épinay-sur-Orge;;;2.313034;48.678561
91216_1560_00015;15;;Rue de la Pointe;91360;91216;Épinay-sur-Orge;;;2.31271;48.678166
91216_1310_00002;2;;Rue du Moulin Quincampoix;91360;91216;Épinay-sur-Orge;;;2.324225;48.677573
91216_0509_00001;1;;Rue des Dores;91360;91216;Épinay-sur-Orge;;;2.325655;48.67512
91216_0600_00004;4;;Rue de l'Esplanade;91360;91216;Épinay-sur-Orge;;;2.326741;48.672111
91216_0252_00001;1;;Rue des Carrieres;91360;91216;Épinay-sur-Orge;;;2.327971;48.675448
91216_0830_00031;31;;Grande Rue;91360;91216;Épinay-sur-Orge;;;2.32491;48.674531
91216_0580_00024;24;;Rue de l'Eglise;91360;91216;Épinay-sur-Orge;;;2.324392;48.670246
91216_1180_00069;69;;Rue du Mauregard;91360;91216;Épinay-sur-Orge;;;2.320051;48.680953
91216_0050_00008;8;;Impasse de l'Ancien Lavoir;91360;91216;Épinay-sur-Orge;;;2.327084;48.669354
91216_1930_00007;7;;Rue des Sablons;91360;91216;Épinay-sur-Orge;;;2.321102;48.672181
91216_1240_00015;15;;Rue des Meuniers;91360;91216;Épinay-sur-Orge;;;2.327477;48.670054
91216_0710_00033;33;;Rue de la Fontaine Bridel;91360;91216;Épinay-sur-Orge;;;2.32073;48.669856
91216_2030_00010;10;;Rue de la Terrasse;91360;91216;Épinay-sur-Orge;;;2.321848;48.675405
91216_0810_00014;14;;Rue de la Gatinelle;91360;91216;Épinay-sur-Orge;;;2.321355;48.672673
91216_1670_00039;39;;Rue des 4 Vents;91360;91216;Épinay-sur-Orge;;;2.315594;48.67596
91216_0850_00032;32;;Rue de Grand Vaux;91360;91216;Épinay-sur-Orge;;;2.333715;48.672631
91216_2010_00109;109;;Rue des Templiers;91360;91216;Épinay-sur-Orge;;;2.312855;48.677487
91216_0830_00030;30;;Grande Rue;91360;91216;Épinay-sur-Orge;;;2.326431;48.673748
91216_1430_00017;17;;Rue Pasteur;91360;91216;Épinay-sur-Orge;;;2.332188;48.668403
91216_0230_00042;42;;Rue du Breuil;91360;91216;Épinay-sur-Orge;;;2.318187;48.668223
91216_1740_00014;14;;Rue de Rivoli;91360;91216;Épinay-sur-Orge;;;2.315066;48.664723
91216_1800_00009;9;;Rue du Rouillon;91360;91216;Épinay-sur-Orge;;;2.314774;48.679078
91216_0920_00039;39;;Rue Henri Dunant;91360;91216;Épinay-sur-Orge;;;2.324278;48.67981
91216_0255_00038;38;;Rue des Cedres;91360;91216;Épinay-sur-Orge;;;2.316609;48.673799
91216_0903_00033;33;;Rue des Hauts Graviers;91360;91216;Épinay-sur-Orge;;;2.328945;48.67525
91216_1640_00016;16;;Allee des Primeveres;91360;91216;Épinay-sur-Orge;;;2.319898;48.680443
91216_1562_00001;1;;Rue de la Pointe Galoppin;91360;91216;Épinay-sur-Orge;;;2.325947;48.676249
91216_1760_00005;5;;Allee des Roses;91360;91216;Épinay-sur-Orge;;;2.323635;48.679314
91216_pdutsb_00010;10;;Rue des Blancs Manteaux;91360;91216;Épinay-sur-Orge;;;2.31224;48.673663
91216_0230_00094_ter;94;ter;Rue du Breuil;91360;91216;Épinay-sur-Orge;;;2.315414;48.665539
91216_0509_00012;12;;Rue des Dores;91360;91216;Épinay-sur-Orge;;;2.326515;48.675126
91216_0350_00046;46;;Rue de la Chevauchée;91360;91216;Épinay-sur-Orge;;;2.312445;48.678657
91216_2030_00020;20;;Rue de la Terrasse;91360;91216;Épinay-sur-Orge;;;2.323044;48.675147
91216_0320_00031;31;;Rue du Chemin Vert;91360;91216;Épinay-sur-Orge;;;2.333459;48.67341
91216_1990_00009;9;;Rue de la Station;91360;91216;Épinay-sur-Orge;;;2.33438;48.675403
91216_0620_00038;38;;Rue d’Estienne d’Orves;91360;91216;Épinay-sur-Orge;;;2.316287;48.678606
91216_1830_00019;19;;Rue des Roulles;91360;91216;Épinay-sur-Orge;;;2.321245;48.671109
91216_0810_00003;3;;Rue de la Gatinelle;91360;91216;Épinay-sur-Orge;;;2.323361;48.671996
91216_0890_00065;65;;Rue Guynemer;91360;91216;Épinay-sur-Orge;;;2.318547;48.681206
91216_1360_00011;11;;Rue d’Oradour sur Glane;91360;91216;Épinay-sur-Orge;;;2.315366;48.678243
91216_2010_00008;8;;Rue des Templiers;91360;91216;Épinay-sur-Orge;;;2.316135;48.674907
91216_0230_00013;13;;Rue du Breuil;91360;91216;Épinay-sur-Orge;;;2.322298;48.67035
91216_0880_00001;1;;Rue Guy Moquet;91360;91216;Épinay-sur-Orge;;;2.326469;48.673505
91216_0180_00041;41;;Rue des Bas Follets;91360;91216;Épinay-sur-Orge;;;2.317254;48.679779
91216_2099_00003;3;;Impasse de la Vallée;91360;91216;Épinay-sur-Orge;;;2.315911;48.667878
91216_0824_00002;2;;Rue Girouise;91360;91216;Épinay-sur-Orge;;;2.329586;48.67574
91216_1280_00001;1;;Rue de la Montagne;91360;91216;Épinay-sur-Orge;;;2.315382;48.665295
91216_1800_00005;5;;Rue du Rouillon;91360;91216;Épinay-sur-Orge;;;2.314924;48.679247
91216_1103_00004;4;;Impasse des Laurentes;91360;91216;Épinay-sur-Orge;;;2.317078;48.668125
91216_1882_00016;16;;Sentier des Ruelles;91360;91216;Épinay-sur-Orge;;;2.315112;48.667576
91216_1575_00009;9;;Allée des Pommiers;91360;91216;Épinay-sur-Orge;;;2.310292;48.673355
91216_1935_00014;14;;Allée du Saut du Loup;91360;91216;Épinay-sur-Orge;;;2.314354;48.671912
91216_2070_00003;3;;Chemin des Tourelles;91360;91216;Épinay-sur-Orge;;;2.333765;48.669112
91216_0441_00020;20;;Rue de la Croix Taron;91360;91216;Épinay-sur-Orge;;;2.331627;48.676118
91216_0890_00054;54;;Rue Guynemer;91360;91216;Épinay-sur-Orge;;;2.320895;48.68131
91216_1500_00107;107;;Rue de Petit Vaux;91360;91216;Épinay-sur-Orge;;;2.334243;48.676066
91216_2010_00027;27;;Rue des Templiers;91360;91216;Épinay-sur-Orge;;;2.315522;48.675212
91216_1640_00029;29;;Allee des Primeveres;91360;91216;Épinay-sur-Orge;;;2.319082;48.680947
91216_0470_00061;61;;Rue de la Division Leclerc;91360;91216;Épinay-sur-Orge;;;2.316053;48.67181
91216_2100_00002;2;;Rue de la Vallée;91360;91216;Épinay-sur-Orge;;;2.325225;48.669925
91216_0220_00008;8;;Impasse de la Boële;91360;91216;Épinay-sur-Orge;;;2.327511;48.66922
91216_pdutsb_00006;6;;Rue des Blancs Manteaux;91360;91216;Épinay-sur-Orge;;;2.312603;48.67341
91216_0920_00051;51;;Rue Henri Dunant;91360;91216;Épinay-sur-Orge;;;2.323865;48.680084
91216_1720_00027;27;;Rue de la Republique;91360;91216;Épinay-sur-Orge;;;2.331238;48.673525
91216_0180_00028;28;;Rue des Bas Follets;91360;91216;Épinay-sur-Orge;;;2.317375;48.6792
91216_0940_00006;6;;Rue Henri IV;91360;91216;Épinay-sur-Orge;;;2.324225;48.6791
91216_2125_00039;39;;Rue du Vieux Moulin;91360;91216;Épinay-sur-Orge;;;2.333672;48.677169
91216_0350_00048;48;;Rue de la Chevauchée;91360;91216;Épinay-sur-Orge;;;2.312324;48.67861
91216_1990_00007;7;;Rue de la Station;91360;91216;Épinay-sur-Orge;;;2.334559;48.6751
91216_0220_00004;4;;Impasse de la Boële;91360;91216;Épinay-sur-Orge;;;2.327172;48.669068
91216_1500_00005;5;;Rue de Petit Vaux;91360;91216;Épinay-sur-Orge;;;2.326801;48.673814
91216_0600_00005;5;;Rue de l'Esplanade;91360;91216;Épinay-sur-Orge;;;2.327046;48.672066
91216_0850_00064;64;;Rue de Grand Vaux;91360;91216;Épinay-sur-Orge;;;2.334139;48.673484
91216_1930_00035;35;;Rue des Sablons;91360;91216;Épinay-sur-Orge;;;2.318339;48.671316
91216_0830_00041;41;;Grande Rue;91360;91216;Épinay-sur-Orge;;;2.323492;48.675336
91216_0180_00007;7;;Rue des Bas Follets;91360;91216;Épinay-sur-Orge;;;2.316355;48.680329
91216_1760_00020;20;;Allee des Roses;91360;91216;Épinay-sur-Orge;;;2.3232;48.679629
91216_1562_00010;10;;Rue de la Pointe Galoppin;91360;91216;Épinay-sur-Orge;;;2.326353;48.676555
91216_1774_00022;22;;Allée des Rossays;91360;91216;Épinay-sur-Orge;;;2.334428;48.670316
91216_0850_00053;53;;Rue de Grand Vaux;91360;91216;Épinay-sur-Orge;;;2.335201;48.675158
91216_1800_00011;11;;Rue du Rouillon;91360;91216;Épinay-sur-Orge;;;2.314711;48.67899
91216_1507_00001;1;;Impasse des Perreulx;91360;91216;Épinay-sur-Orge;;;2.328619;48.677246
91216_0410_00051;51;;Rue de Corbeil;91360;91216;Épinay-sur-Orge;;;2.332932;48.667648
91216_1330_00108;108;;Rue Nicolas Vaudin;91360;91216;Épinay-sur-Orge;;;2.322226;48.67932
91216_0509_00009;9;;Rue des Dores;91360;91216;Épinay-sur-Orge;;;2.326463;48.675311
91216_1450_00016;16;;Rue du Pavillon;91360;91216;Épinay-sur-Orge;;;2.320116;48.673609
91216_1360_00052;52;;Rue d’Oradour sur Glane;91360;91216;Épinay-sur-Orge;;;2.314194;48.677006
91216_1240_00006;6;;Rue des Meuniers;91360;91216;Épinay-sur-Orge;;;2.330379;48.669469
91216_0890_00079;79;;Rue Guynemer;91360;91216;Épinay-sur-Orge;;;2.32006;48.681413
91216_0470_00081;81;;Rue de la Division Leclerc;91360;91216;Épinay-sur-Orge;;;2.312832;48.671033
91216_1210_00032;32;;Rue Maurice Sarrault;91360;91216;Épinay-sur-Orge;;;2.316566;48.676594
91216_1500_00109;109;;Rue de Petit Vaux;91360;91216;Épinay-sur-Orge;;;2.334;48.676064
91216_0320_00017_bis;17;bis;Rue du Chemin Vert;91360;91216;Épinay-sur-Orge;;;2.333059;48.672789
91216_1882_00028_bis;28;bis;Sentier des Ruelles;91360;91216;Épinay-sur-Orge;;;2.316329;48.668006
91216_2010_00009;9;;Rue des Templiers;91360;91216;Épinay-sur-Orge;;;2.316109;48.674753
91216_0255_00016;16;;Rue des Cedres;91360;91216;Épinay-sur-Orge;;;2.318674;48.673736
91216_0620_00045;45;;Rue d’Estienne d’Orves;91360;91216;Épinay-sur-Orge;;;2.315853;48.679151
91216_0100_00009;9;;Rue d'Athis;91360;91216;Épinay-sur-Orge;;;2.324271;48.677032
91216_1891_00010;10;;Rue du Bois de Balizy;91360;91216;Épinay-sur-Orge;;;2.312913;48.673742
91216_1500_00064;64;;Rue de Petit Vaux;91360;91216;Épinay-sur-Orge;;;2.332988;48.675508
91216_1280_00021;21;;Rue de la Montagne;91360;91216;Épinay-sur-Orge;;;2.314671;48.665831
91216_1240_00042;42;;Rue des Meuniers;91360;91216;Épinay-sur-Orge;;;2.326365;48.67045
91216_2010_00059;59;;Rue des Templiers;91360;91216;Épinay-sur-Orge;;;2.314195;48.675933
91216_0509_00010;10;;Rue des Dores;91360;91216;Épinay-sur-Orge;;;2.326036;48.674916
91216_0920_00079;79;;Rue Henri Dunant;91360;91216;Épinay-sur-Orge;;;2.321981;48.681327
91216_0830_00142;142;;Grande Rue;91360;91216;Épinay-sur-Orge;;;2.317873;48.678699
91216_1360_00025;25;;Rue d’Oradour sur Glane;91360;91216;Épinay-sur-Orge;;;2.314857;48.677642
91216_1430_00004;4;;Rue Pasteur;91360;91216;Épinay-sur-Orge;;;2.331615;48.668933
91216_0387_00010;10;;Sentier du College;91360;91216;Épinay-sur-Orge;;;2.320624;48.678646
91216_1360_00007;7;;Rue d’Oradour sur Glane;91360;91216;Épinay-sur-Orge;;;2.31558;48.678502
91216_0180_00005;5;;Rue des Bas Follets;91360;91216;Épinay-sur-Orge;;;2.316207;48.680256
91216_1240_00029;29;;Rue des Meuniers;91360;91216;Épinay-sur-Orge;;;2.325701;48.67057
91216_1830_00020;20;;Rue des Roulles;91360;91216;Épinay-sur-Orge;;;2.321327;48.671251
91216_1935_00044;44;;Allée du Saut du Loup;91360;91216;Épinay-sur-Orge;;;2.313727;48.672375
91216_0830_00116;116;;Grande Rue;91360;91216;Épinay-sur-Orge;;;2.319895;48.677526
91216_1892_00015;15;;Rue du Coq à l'Huy;91360;91216;Épinay-sur-Orge;;;2.312584;48.675513
91216_1380_00027;27;;Rue de l'Orge;91360;91216;Épinay-sur-Orge;;;2.330299;48.668457
91216_1935_00022;22;;Allée du Saut du Loup;91360;91216;Épinay-sur-Orge;;;2.314246;48.672015
91216_1930_00020_bis;20;bis;Rue des Sablons;91360;91216;Épinay-sur-Orge;;;2.320128;48.671925
91216_0410_00014;14;;Rue de Corbeil;91360;91216;Épinay-sur-Orge;;;2.330005;48.672102
91216_1930_00023_bis;23;bis;Rue des Sablons;91360;91216;Épinay-sur-Orge;;;2.319396;48.671597
91216_0470_00034_b;34;b;Rue de la Division Leclerc;91360;91216;Épinay-sur-Orge;;;2.319887;48.672764
91216_1520_00024;24;;Rue Pierre Brossolette;91360;91216;Épinay-sur-Orge;;;2.327523;48.671115
91216_0230_00003;3;;Rue du Breuil;91360;91216;Épinay-sur-Orge;;;2.323488;48.670844
91216_1632_00016;16;;Voie des Pres;91360;91216;Épinay-sur-Orge;;;2.325908;48.668927
91216_2125_00011;11;;Rue du Vieux Moulin;91360;91216;Épinay-sur-Orge;;;2.334479;48.676775
91216_1935_00009;9;;Allée du Saut du Loup;91360;91216;Épinay-sur-Orge;;;2.314217;48.671899
91216_o4dulp_00012;12;;Sentier des Graviers;91360;91216;Épinay-sur-Orge;;;2.326161;48.674797
91216_0350_00028;28;;Rue de la Chevauchée;91360;91216;Épinay-sur-Orge;;;2.313526;48.679039
91216_1500_00074;74;;Rue de Petit Vaux;91360;91216;Épinay-sur-Orge;;;2.333981;48.675818
91216_1520_00003;3;;Rue Pierre Brossolette;91360;91216;Épinay-sur-Orge;;;2.325085;48.671602
91216_0470_00036_ter;36;ter;Rue de la Division Leclerc;91360;91216;Épinay-sur-Orge;;;2.318178;48.672363
91216_0670_00002;2;;Rue Fillemin;91360;91216;Épinay-sur-Orge;;;2.332011;48.671843
91216_2030_00034;34;;Rue de la Terrasse;91360;91216;Épinay-sur-Orge;;;2.323587;48.674607
91216_0830_00100;100;;Grande Rue;91360;91216;Épinay-sur-Orge;;;2.321037;48.676875
91216_0920_00035;35;;Rue Henri Dunant;91360;91216;Épinay-sur-Orge;;;2.324411;48.679723
91216_0230_00056;56;;Rue du Breuil;91360;91216;Épinay-sur-Orge;;;2.317503;48.66771
91216_0180_00026;26;;Rue des Bas Follets;91360;91216;Épinay-sur-Orge;;;2.317567;48.67933
91216_0280_00001_a;1;a;Rue de Charaintru;91360;91216;Épinay-sur-Orge;;;2.335542;48.677367
91216_0890_00099;99;;Rue Guynemer;91360;91216;Épinay-sur-Orge;;;2.321205;48.6812
91216_0820_00011;11;;Cours du General de Gaulle;91360;91216;Épinay-sur-Orge;;;2.32598;48.673008
91216_1280_00043;43;;Rue de la Montagne;91360;91216;Épinay-sur-Orge;;;2.313223;48.667102
91216_1830_00001_bis;1;bis;Rue des Roulles;91360;91216;Épinay-sur-Orge;;;2.322793;48.671928
91216_2125_00023;23;;Rue du Vieux Moulin;91360;91216;Épinay-sur-Orge;;;2.334302;48.676952
91216_0810_00002_bis;2;bis;Rue de la Gatinelle;91360;91216;Épinay-sur-Orge;;;2.322496;48.672195
91216_1540_00033;33;;Rue du Plateau;91360;91216;Épinay-sur-Orge;;;2.316971;48.67484
91216_0620_00042;42;;Rue d’Estienne d’Orves;91360;91216;Épinay-sur-Orge;;;2.316149;48.678866
91216_1507_00007;7;;Impasse des Perreulx;91360;91216;Épinay-sur-Orge;;;2.328181;48.677484
91216_1380_00006;6;;Rue de l'Orge;91360;91216;Épinay-sur-Orge;;;2.331555;48.66809
91216_1800_00026;26;;Rue du Rouillon;91360;91216;Épinay-sur-Orge;;;2.313745;48.678033
91216_0390_00005;5;;Rue du Colonel Manhes;91360;91216;Épinay-sur-Orge;;;2.321107;48.673732
91216_1410_00043_bis;43;bis;Rue du Parc;91360;91216;Épinay-sur-Orge;;;2.317173;48.674461
91216_1910_00060;60;;Chemin des Sablons;91360;91216;Épinay-sur-Orge;;;2.315353;48.670408
91216_1935_00011;11;;Allée du Saut du Loup;91360;91216;Épinay-sur-Orge;;;2.314161;48.671949
91216_0380_00001;1;;Rue Claude Debussy;91360;91216;Épinay-sur-Orge;;;2.321208;48.679684
91216_0830_00043;43;;Grande Rue;91360;91216;Épinay-sur-Orge;;;2.323127;48.675545
91216_0830_00057;57;;Grande Rue;91360;91216;Épinay-sur-Orge;;;2.320445;48.677085
91216_1280_00057;57;;Rue de la Montagne;91360;91216;Épinay-sur-Orge;;;2.31227;48.668068
91216_1500_00023;23;;Rue de Petit Vaux;91360;91216;Épinay-sur-Orge;;;2.327726;48.674027
91216_1520_00012_ter;12;ter;Rue Pierre Brossolette;91360;91216;Épinay-sur-Orge;;;2.326065;48.671361
91216_pdutsb_00015;15;;Rue des Blancs Manteaux;91360;91216;Épinay-sur-Orge;;;2.311706;48.674412
91216_0820_00018;18;;Cours du General de Gaulle;91360;91216;Épinay-sur-Orge;;;2.327031;48.672414
91216_0252_00008;8;;Rue des Carrieres;91360;91216;Épinay-sur-Orge;;;2.327478;48.675181
91216_0430_00018;18;;Rue du Coteau;91360;91216;Épinay-sur-Orge;;;2.316066;48.677701
91216_1210_00005;5;;Rue Maurice Sarrault;91360;91216;Épinay-sur-Orge;;;2.317883;48.678029
91216_0441_00012;12;;Rue de la Croix Taron;91360;91216;Épinay-sur-Orge;;;2.33071;48.676048
91216_0180_00035;35;;Rue des Bas Follets;91360;91216;Épinay-sur-Orge;;;2.31653;48.680238
91216_0430_00002;2;;Rue du Coteau;91360;91216;Épinay-sur-Orge;;;2.316989;48.678815
91216_0430_00025;25;;Rue du Coteau;91360;91216;Épinay-sur-Orge;;;2.315802;48.677196
91216_2010_00036;36;;Rue des Templiers;91360;91216;Épinay-sur-Orge;;;2.313381;48.67718
91216_1180_00046;46;;Rue du Mauregard;91360;91216;Épinay-sur-Orge;;;2.320321;48.680869
91216_0850_00034;34;;Rue de Grand Vaux;91360;91216;Épinay-sur-Orge;;;2.333817;48.672328
91216_0470_00068;68;;Rue de la Division Leclerc;91360;91216;Épinay-sur-Orge;;;2.312674;48.671128
91216_0320_00037;37;;Rue du Chemin Vert;91360;91216;Épinay-sur-Orge;;;2.333706;48.673719
91216_0830_00103;103;;Grande Rue;91360;91216;Épinay-sur-Orge;;;2.315331;48.67993
91216_2130_00016;16;;Rue des Vignes;91360;91216;Épinay-sur-Orge;;;2.319857;48.671521
91216_1891_00023;23;;Rue du Bois de Balizy;91360;91216;Épinay-sur-Orge;;;2.311647;48.675425
91216_1540_00032;32;;Rue du Plateau;91360;91216;Épinay-sur-Orge;;;2.317315;48.675678
91216_0920_00105;105;;Rue Henri Dunant;91360;91216;Épinay-sur-Orge;;;2.320775;48.681961
91216_1520_00003_bis;3;bis;Rue Pierre Brossolette;91360;91216;Épinay-sur-Orge;;;2.325264;48.671567
91216_1388_00005;5;;Allee de l'Orme Quesneau;91360;91216;Épinay-sur-Orge;;;2.318626;48.672901
91216_1755_00007;7;;Rue Rosa Parks;91360;91216;Épinay-sur-Orge;;;2.311645;48.671904
91216_1520_00014;14;;Rue Pierre Brossolette;91360;91216;Épinay-sur-Orge;;;2.326164;48.671347
91216_0810_00016;16;;Rue de la Gatinelle;91360;91216;Épinay-sur-Orge;;;2.32121;48.67273
91216_0920_00052;52;;Rue Henri Dunant;91360;91216;Épinay-sur-Orge;;;2.324007;48.680078
91216_0830_00036_ter;36;ter;Grande Rue;91360;91216;Épinay-sur-Orge;;;2.325804;48.674106
91216_0710_00038;38;;Rue de la Fontaine Bridel;91360;91216;Épinay-sur-Orge;;;2.320466;48.670212
91216_1830_00014;14;;Rue des Roulles;91360;91216;Épinay-sur-Orge;;;2.321685;48.671454
91216_1600_00003;3;;Chemin du Pont Rubeau;91360;91216;Épinay-sur-Orge;;;2.333946;48.676342
91216_1500_00021;21;;Rue de Petit Vaux;91360;91216;Épinay-sur-Orge;;;2.327655;48.674017
91216_1430_00015;15;;Rue Pasteur;91360;91216;Épinay-sur-Orge;;;2.332112;48.66849
91216_2100_00012;12;;Rue de la Vallée;91360;91216;Épinay-sur-Orge;;;2.326124;48.670162
91216_1210_00036;36;;Rue Maurice Sarrault;91360;91216;Épinay-sur-Orge;;;2.316425;48.676421
91216_1360_00028;28;;Rue d’Oradour sur Glane;91360;91216;Épinay-sur-Orge;;;2.315009;48.677968
91216_1180_00008;8;;Rue du Mauregard;91360;91216;Épinay-sur-Orge;;;2.320327;48.679007
91216_1670_00002;2;;Rue des 4 Vents;91360;91216;Épinay-sur-Orge;;;2.321454;48.676323
91216_0940_00009;9;;Rue Henri IV;91360;91216;Épinay-sur-Orge;;;2.324456;48.679042
91216_2010_00085;85;;Rue des Templiers;91360;91216;Épinay-sur-Orge;;;2.313603;48.676828
91216_0850_00062;62;;Rue de Grand Vaux;91360;91216;Épinay-sur-Orge;;;2.334568;48.673268
91216_0890_00040;40;;Rue Guynemer;91360;91216;Épinay-sur-Orge;;;2.318286;48.680873
91216_2046_00018_bis;18;bis;Avenue des Tilleuls;91360;91216;Épinay-sur-Orge;;;2.328085;48.669122
91216_0620_00035;35;;Rue d’Estienne d’Orves;91360;91216;Épinay-sur-Orge;;;2.31633;48.678242
91216_0600_00027;27;;Rue de l'Esplanade;91360;91216;Épinay-sur-Orge;;;2.328579;48.671187
91216_0903_00031;31;;Rue des Hauts Graviers;91360;91216;Épinay-sur-Orge;;;2.328587;48.675528
91216_2130_00011;11;;Rue des Vignes;91360;91216;Épinay-sur-Orge;;;2.319885;48.670797
91216_0350_00017;17;;Rue de la Chevauchée;91360;91216;Épinay-sur-Orge;;;2.312841;48.678691
91216_1970_00004;4;;Place Stalingrad;91360;91216;Épinay-sur-Orge;;;2.331145;48.669678
91216_1562_00007;7;;Rue de la Pointe Galoppin;91360;91216;Épinay-sur-Orge;;;2.325759;48.676558
91216_2126_00009;9;;Allée du Vieux Puits;91360;91216;Épinay-sur-Orge;;;2.323672;48.676028
91216_0850_00026;26;;Rue de Grand Vaux;91360;91216;Épinay-sur-Orge;;;2.333019;48.671683
91216_0180_00047;47;;Rue des Bas Follets;91360;91216;Épinay-sur-Orge;;;2.317426;48.679318
91216_1070_00020;20;;Rue Joliot Curie;91360;91216;Épinay-sur-Orge;;;2.320551;48.675067
91216_0419_00001;1;;Impasse du Court Riage;91360;91216;Épinay-sur-Orge;;;2.329142;48.675826
91216_0920_00021;21;;Rue Henri Dunant;91360;91216;Épinay-sur-Orge;;;2.325084;48.679262
91216_0320_00001;1;;Rue du Chemin Vert;91360;91216;Épinay-sur-Orge;;;2.332825;48.671968
91216_1210_00038;38;;Rue Maurice Sarrault;91360;91216;Épinay-sur-Orge;;;2.316378;48.676374
91216_0890_00111;111;;Rue Guynemer;91360;91216;Épinay-sur-Orge;;;2.321618;48.680952
91216_0830_00073;73;;Grande Rue;91360;91216;Épinay-sur-Orge;;;2.318897;48.677966
91216_0710_00005_bis;5;bis;Rue de la Fontaine Bridel;91360;91216;Épinay-sur-Orge;;;2.323276;48.671422
91216_2100_00024;24;;Rue de la Vallée;91360;91216;Épinay-sur-Orge;;;2.327895;48.67062
91216_0280_00012;12;;Rue de Charaintru;91360;91216;Épinay-sur-Orge;;;2.335056;48.678354
91216_1892_00038;38;;Rue du Coq à l'Huy;91360;91216;Épinay-sur-Orge;;;2.312422;48.675706
91216_0890_00113;113;;Rue Guynemer;91360;91216;Épinay-sur-Orge;;;2.321636;48.680939
91216_1930_00022;22;;Rue des Sablons;91360;91216;Épinay-sur-Orge;;;2.31997;48.671873
91216_0230_00066;66;;Rue du Breuil;91360;91216;Épinay-sur-Orge;;;2.317052;48.667342
91216_1360_00015;15;;Rue d’Oradour sur Glane;91360;91216;Épinay-sur-Orge;;;2.315245;48.678107
91216_1520_00043;43;;Rue Pierre Brossolette;91360;91216;Épinay-sur-Orge;;;2.330491;48.670438
91216_1950_00039;39;;Rue de Sillery;91360;91216;Épinay-sur-Orge;;;2.326321;48.678766
91216_1830_00006;6;;Rue des Roulles;91360;91216;Épinay-sur-Orge;;;2.322162;48.671692
91216_2030_00018;18;;Rue de la Terrasse;91360;91216;Épinay-sur-Orge;;;2.32277;48.675155
91216_1280_00016_t;16;t;Rue de la Montagne;91360;91216;Épinay-sur-Orge;;;2.314583;48.666166
91216_2100_00032;32;;Rue de la Vallée;91360;91216;Épinay-sur-Orge;;;2.328504;48.670771
91216_1830_00002;2;;Rue des Roulles;91360;91216;Épinay-sur-Orge;;;2.322432;48.671854
91216_0920_00098;98;;Rue Henri Dunant;91360;91216;Épinay-sur-Orge;;;2.322315;48.6812
91216_pdutsb_00022;22;;Rue des Blancs Manteaux;91360;91216;Épinay-sur-Orge;;;2.312097;48.674767
91216_0830_00110;110;;Grande Rue;91360;91216;Épinay-sur-Orge;;;2.320242;48.677325
91216_0390_00001;1;;Rue du Colonel Manhes;91360;91216;Épinay-sur-Orge;;;2.321384;48.673856
91216_0850_00060;60;;Rue de Grand Vaux;91360;91216;Épinay-sur-Orge;;;2.334044;48.673361
91216_1720_00042;42;;Rue de la Republique;91360;91216;Épinay-sur-Orge;;;2.331857;48.674016
91216_1226_00005;5;;Allée des Merisiers;91360;91216;Épinay-sur-Orge;;;2.322403;48.674338
91216_1562_00006;6;;Rue de la Pointe Galoppin;91360;91216;Épinay-sur-Orge;;;2.326131;48.676338
91216_1760_00044;44;;Allee des Roses;91360;91216;Épinay-sur-Orge;;;2.322311;48.680183
91216_1882_00002_ter;2;ter;Sentier des Ruelles;91360;91216;Épinay-sur-Orge;;;2.314284;48.666779
91216_0410_00017_bis;17;bis;Rue de Corbeil;91360;91216;Épinay-sur-Orge;;;2.331046;48.672234
91216_0850_00058;58;;Rue de Grand Vaux;91360;91216;Épinay-sur-Orge;;;2.333941;48.673226
91216_0830_00144;144;;Grande Rue;91360;91216;Épinay-sur-Orge;;;2.317696;48.678832
91216_0790_00008;8;;Rue de la Gare;91360;91216;Épinay-sur-Orge;;;2.328743;48.671991
91216_1800_00001;1;;Rue du Rouillon;91360;91216;Épinay-sur-Orge;;;2.315156;48.679521
91216_pdutsb_00019;19;;Rue des Blancs Manteaux;91360;91216;Épinay-sur-Orge;;;2.311962;48.674697
91216_1800_00014;14;;Rue du Rouillon;91360;91216;Épinay-sur-Orge;;;2.314162;48.678533
91216_2150_00003;3;;Rue de Villemoisson;91360;91216;Épinay-sur-Orge;;;2.316303;48.665248
91216_0960_00014;14;;Rue des Heribettes;91360;91216;Épinay-sur-Orge;;;2.330391;48.670996
91216_0509_00011;11;;Rue des Dores;91360;91216;Épinay-sur-Orge;;;2.326429;48.675367
91216_0255_00013;13;;Rue des Cedres;91360;91216;Épinay-sur-Orge;;;2.318057;48.67338
91216_1410_00041;41;;Rue du Parc;91360;91216;Épinay-sur-Orge;;;2.317557;48.674609
91216_0387_00008;8;;Sentier du College;91360;91216;Épinay-sur-Orge;;;2.320596;48.678667
91216_1760_00040;40;;Allee des Roses;91360;91216;Épinay-sur-Orge;;;2.322428;48.680106
91216_0210_00003;3;;Rue de Bellevue;91360;91216;Épinay-sur-Orge;;;2.319893;48.675957
91216_2070_00015;15;;Chemin des Tourelles;91360;91216;Épinay-sur-Orge;;;2.335583;48.669177
91216_1150_00044;44;;Rue Madeleine Pelletier;91360;91216;Épinay-sur-Orge;;;2.313206;48.67178
91216_0100_00005;5;;Rue d'Athis;91360;91216;Épinay-sur-Orge;;;2.324047;48.676967
91216_0441_00028;28;;Rue de la Croix Taron;91360;91216;Épinay-sur-Orge;;;2.332542;48.676352
91216_0230_00018_ter;18;ter;Rue du Breuil;91360;91216;Épinay-sur-Orge;;;2.319768;48.669424
91216_1240_00039;39;;Rue des Meuniers;91360;91216;Épinay-sur-Orge;;;2.324755;48.670838
91216_0810_00021;21;;Rue de la Gatinelle;91360;91216;Épinay-sur-Orge;;;2.321241;48.672618
91216_1830_00001;1;;Rue des Roulles;91360;91216;Épinay-sur-Orge;;;2.32267;48.671878
91216_0180_00013;13;;Rue des Bas Follets;91360;91216;Épinay-sur-Orge;;;2.31735;48.680036
91216_1330_00015;15;;Rue Nicolas Vaudin;91360;91216;Épinay-sur-Orge;;;2.322173;48.678276
91216_1720_00002;2;;Rue de la Republique;91360;91216;Épinay-sur-Orge;;;2.330455;48.672189
91216_1602_00019;19;;Rue du Pont Rubeau;91360;91216;Épinay-sur-Orge;;;2.326168;48.677517
91216_0890_00026;26;;Rue Guynemer;91360;91216;Épinay-sur-Orge;;;2.318804;48.680467
91216_1800_00001_bis;1;bis;Rue du Rouillon;91360;91216;Épinay-sur-Orge;;;2.315069;48.679423
91216_0320_00013;13;;Rue du Chemin Vert;91360;91216;Épinay-sur-Orge;;;2.332892;48.672492
91216_1930_00029;29;;Rue des Sablons;91360;91216;Épinay-sur-Orge;;;2.318854;48.671433
91216_1800_00036;36;;Rue du Rouillon;91360;91216;Épinay-sur-Orge;;;2.313382;48.677587
91216_1640_00033;33;;Allee des Primeveres;91360;91216;Épinay-sur-Orge;;;2.318965;48.681032
91216_0830_00114_c;114;c;Grande Rue;91360;91216;Épinay-sur-Orge;;;2.320899;48.678025
91216_1257_00001_bis;1;bis;Rue des Monseaux;91360;91216;Épinay-sur-Orge;;;2.328582;48.672887
91216_1300_00007;7;;Allée des Morelles;91360;91216;Épinay-sur-Orge;;;2.322887;48.677163
91216_0390_00019;19;;Rue du Colonel Manhes;91360;91216;Épinay-sur-Orge;;;2.320123;48.674557
91216_1800_00019;19;;Rue du Rouillon;91360;91216;Épinay-sur-Orge;;;2.314478;48.678704
91216_0920_00041;41;;Rue Henri Dunant;91360;91216;Épinay-sur-Orge;;;2.324223;48.679839
91216_2010_00069;69;;Rue des Templiers;91360;91216;Épinay-sur-Orge;;;2.314205;48.676313
91216_1360_00024;24;;Rue d’Oradour sur Glane;91360;91216;Épinay-sur-Orge;;;2.315142;48.678134
91216_1330_00102;102;;Rue Nicolas Vaudin;91360;91216;Épinay-sur-Orge;;;2.322481;48.679366
91216_0920_00068;68;;Rue Henri Dunant;91360;91216;Épinay-sur-Orge;;;2.323288;48.680552
91216_1360_00031;31;;Rue d’Oradour sur Glane;91360;91216;Épinay-sur-Orge;;;2.314716;48.677459
91216_2010_00006;6;;Rue des Templiers;91360;91216;Épinay-sur-Orge;;;2.31622;48.674819
91216_1103_00001_c;1;c;Impasse des Laurentes;91360;91216;Épinay-sur-Orge;;;2.316861;48.668175
91216_1891_00092;92;;Rue du Bois de Balizy;91360;91216;Épinay-sur-Orge;;;2.31179;48.67333
91216_0441_00003;3;;Rue de la Croix Taron;91360;91216;Épinay-sur-Orge;;;2.329558;48.675947
91216_0320_00025;25;;Rue du Chemin Vert;91360;91216;Épinay-sur-Orge;;;2.333255;48.673139
91216_1180_00006;6;;Rue du Mauregard;91360;91216;Épinay-sur-Orge;;;2.320023;48.678813
91216_1240_00024;24;;Rue des Meuniers;91360;91216;Épinay-sur-Orge;;;2.328444;48.669861
91216_0230_00046_ter;46;ter;Rue du Breuil;91360;91216;Épinay-sur-Orge;;;2.317584;48.668338
91216_1935_00003;3;;Allée du Saut du Loup;91360;91216;Épinay-sur-Orge;;;2.314328;48.671792
91216_1935_00024;24;;Allée du Saut du Loup;91360;91216;Épinay-sur-Orge;;;2.314121;48.672164
91216_0920_00134;134;;Rue Henri Dunant;91360;91216;Épinay-sur-Orge;;;2.321006;48.682014
91216_1120_00004;4;;Rue Leopold Pillot;91360;91216;Épinay-sur-Orge;;;2.329611;48.671865
91216_0470_00027;27;;Rue de la Division Leclerc;91360;91216;Épinay-sur-Orge;;;2.320135;48.672748
91216_1240_00036;36;;Rue des Meuniers;91360;91216;Épinay-sur-Orge;;;2.32761;48.670093
91216_2070_00001;1;;Chemin des Tourelles;91360;91216;Épinay-sur-Orge;;;2.333591;48.669102
91216_0830_00034_bis;34;bis;Grande Rue;91360;91216;Épinay-sur-Orge;;;2.325935;48.674031
91216_0430_00050;50;;Rue du Coteau;91360;91216;Épinay-sur-Orge;;;2.315013;48.676448
91216_0830_00065;65;;Grande Rue;91360;91216;Épinay-sur-Orge;;;2.32006;48.677297
91216_0390_00011;11;;Rue du Colonel Manhes;91360;91216;Épinay-sur-Orge;;;2.32077;48.674006
91216_0890_00045;45;;Rue Guynemer;91360;91216;Épinay-sur-Orge;;;2.318489;48.680614
91216_0430_00026;26;;Rue du Coteau;91360;91216;Épinay-sur-Orge;;;2.315795;48.677381
91216_0890_00095;95;;Rue Guynemer;91360;91216;Épinay-sur-Orge;;;2.321021;48.681313
91216_0890_00037;37;;Rue Guynemer;91360;91216;Épinay-sur-Orge;;;2.318766;48.680409
91216_2046_00005;5;;Avenue des Tilleuls;91360;91216;Épinay-sur-Orge;;;2.32881;48.669266
91216_2125_00016;16;;Rue du Vieux Moulin;91360;91216;Épinay-sur-Orge;;;2.334017;48.676963
91216_1891_00011;11;;Rue du Bois de Balizy;91360;91216;Épinay-sur-Orge;;;2.312568;48.674199
91216_0390_00003;3;;Rue du Colonel Manhes;91360;91216;Épinay-sur-Orge;;;2.321209;48.673772
91216_1882_00014;14;;Sentier des Ruelles;91360;91216;Épinay-sur-Orge;;;2.314962;48.667467
91216_1180_00030;30;;Rue du Mauregard;91360;91216;Épinay-sur-Orge;;;2.320786;48.680574
91216_1891_00084;84;;Rue du Bois de Balizy;91360;91216;Épinay-sur-Orge;;;2.311273;48.673929
91216_2046_00001;1;;Avenue des Tilleuls;91360;91216;Épinay-sur-Orge;;;2.329071;48.669104
91216_0903_00020;20;;Rue des Hauts Graviers;91360;91216;Épinay-sur-Orge;;;2.326998;48.675839
91216_0470_00038;38;;Rue de la Division Leclerc;91360;91216;Épinay-sur-Orge;;;2.318068;48.672355
91216_1891_00053;53;;Rue du Bois de Balizy;91360;91216;Épinay-sur-Orge;;;2.311981;48.673288
91216_1760_00018;18;;Allee des Roses;91360;91216;Épinay-sur-Orge;;;2.323285;48.67957
91216_1760_00015;15;;Allee des Roses;91360;91216;Épinay-sur-Orge;;;2.32316;48.679615
91216_2010_00067;67;;Rue des Templiers;91360;91216;Épinay-sur-Orge;;;2.314249;48.676268
91216_0384_00007;7;;Rue du Clos Belle;91360;91216;Épinay-sur-Orge;;;2.326721;48.67819
91216_0210_00008_bis;8;bis;Rue de Bellevue;91360;91216;Épinay-sur-Orge;;;2.318837;48.676884
91216_0255_00014;14;;Rue des Cedres;91360;91216;Épinay-sur-Orge;;;2.318761;48.673682
91216_0430_00037;37;;Rue du Coteau;91360;91216;Épinay-sur-Orge;;;2.315461;48.676781
91216_1240_00056;56;;Rue des Meuniers;91360;91216;Épinay-sur-Orge;;;2.325096;48.670809
91216_0850_00037_b;37;b;Rue de Grand Vaux;91360;91216;Épinay-sur-Orge;;;2.333398;48.672835
91216_1800_00032;32;;Rue du Rouillon;91360;91216;Épinay-sur-Orge;;;2.313533;48.677767
91216_1240_00022;22;;Rue des Meuniers;91360;91216;Épinay-sur-Orge;;;2.328811;48.669746
91216_1760_00024;24;;Allee des Roses;91360;91216;Épinay-sur-Orge;;;2.323074;48.679704
91216_0410_00059;59;;Rue de Corbeil;91360;91216;Épinay-sur-Orge;;;2.333594;48.66747
91216_0470_00055;55;;Rue de la Division Leclerc;91360;91216;Épinay-sur-Orge;;;2.316584;48.671932
91216_1160_00001;1;;Rue Manet;91360;91216;Épinay-sur-Orge;;;2.319925;48.679823
91216_0903_00040;40;;Rue des Hauts Graviers;91360;91216;Épinay-sur-Orge;;;2.329417;48.674872
91216_0410_00024;24;;Rue de Corbeil;91360;91216;Épinay-sur-Orge;;;2.33164;48.671269
91216_0470_00079;79;;Rue de la Division Leclerc;91360;91216;Épinay-sur-Orge;;;2.312972;48.671067
91216_0890_00042;42;;Rue Guynemer;91360;91216;Épinay-sur-Orge;;;2.318235;48.680915
91216_0830_00081;81;;Grande Rue;91360;91216;Épinay-sur-Orge;;;2.318067;48.678433
91216_1257_00026_bis;26;bis;Rue des Monseaux;91360;91216;Épinay-sur-Orge;;;2.329755;48.674091
91216_1670_00025;25;;Rue des 4 Vents;91360;91216;Épinay-sur-Orge;;;2.318274;48.67608
91216_1257_00016;16;;Rue des Monseaux;91360;91216;Épinay-sur-Orge;;;2.32939;48.673547
91216_0920_00073;73;;Rue Henri Dunant;91360;91216;Épinay-sur-Orge;;;2.322163;48.681219
91216_1450_00026;26;;Rue du Pavillon;91360;91216;Épinay-sur-Orge;;;2.319814;48.673864
91216_0960_00004;4;;Rue des Heribettes;91360;91216;Épinay-sur-Orge;;;2.330715;48.671524
91216_0470_00052;52;;Rue de la Division Leclerc;91360;91216;Épinay-sur-Orge;;;2.314744;48.671632
91216_0100_00010;10;;Rue d'Athis;91360;91216;Épinay-sur-Orge;;;2.323813;48.676827
91216_1034_00009;9;;Rue des Houches;91360;91216;Épinay-sur-Orge;;;2.329546;48.676951
91216_0790_00026;26;;Rue de la Gare;91360;91216;Épinay-sur-Orge;;;2.329981;48.670674
91216_1950_00015;15;;Rue de Sillery;91360;91216;Épinay-sur-Orge;;;2.324891;48.676293
91216_1891_00064;64;;Rue du Bois de Balizy;91360;91216;Épinay-sur-Orge;;;2.310848;48.674674
91216_0320_00047;47;;Rue du Chemin Vert;91360;91216;Épinay-sur-Orge;;;2.334202;48.674354
91216_1720_00020;20;;Rue de la Republique;91360;91216;Épinay-sur-Orge;;;2.331044;48.673137
91216_2010_00032;32;;Rue des Templiers;91360;91216;Épinay-sur-Orge;;;2.313766;48.676839
91216_0903_00008;8;;Rue des Hauts Graviers;91360;91216;Épinay-sur-Orge;;;2.325238;48.675474
91216_0620_00034;34;;Rue d’Estienne d’Orves;91360;91216;Épinay-sur-Orge;;;2.316715;48.677827
91216_0600_00016;16;;Rue de l'Esplanade;91360;91216;Épinay-sur-Orge;;;2.327737;48.67154
91216_0830_00172;172;;Grande Rue;91360;91216;Épinay-sur-Orge;;;2.316325;48.679611
91216_1310_00001;1;;Rue du Moulin Quincampoix;91360;91216;Épinay-sur-Orge;;;2.32421;48.677662
91216_0350_00022;22;;Rue de la Chevauchée;91360;91216;Épinay-sur-Orge;;;2.313873;48.679166
91216_1280_00055_a;55;a;Rue de la Montagne;91360;91216;Épinay-sur-Orge;;;2.311276;48.667602
91216_0903_00011;11;;Rue des Hauts Graviers;91360;91216;Épinay-sur-Orge;;;2.326238;48.675722
91216_0320_00023;23;;Rue du Chemin Vert;91360;91216;Épinay-sur-Orge;;;2.333211;48.673074
91216_0430_00041;41;;Rue du Coteau;91360;91216;Épinay-sur-Orge;;;2.315315;48.676592
91216_2046_00020;20;;Avenue des Tilleuls;91360;91216;Épinay-sur-Orge;;;2.327923;48.668987
91216_1257_00008;8;;Rue des Monseaux;91360;91216;Épinay-sur-Orge;;;2.329057;48.673061
91216_1562_00009;9;;Rue de la Pointe Galoppin;91360;91216;Épinay-sur-Orge;;;2.325921;48.676718
91216_1240_00014;14;;Rue des Meuniers;91360;91216;Épinay-sur-Orge;;;2.329554;48.669524
91216_1430_00002;2;;Rue Pasteur;91360;91216;Épinay-sur-Orge;;;2.331527;48.668956
91216_0903_00003;3;;Rue des Hauts Graviers;91360;91216;Épinay-sur-Orge;;;2.325116;48.675602
91216_0441_00011;11;;Rue de la Croix Taron;91360;91216;Épinay-sur-Orge;;;2.330851;48.676479
91216_1640_00020;20;;Allee des Primeveres;91360;91216;Épinay-sur-Orge;;;2.319775;48.680518
91216_0320_00039;39;;Rue du Chemin Vert;91360;91216;Épinay-sur-Orge;;;2.33377;48.673822
91216_0850_00033;33;;Rue de Grand Vaux;91360;91216;Épinay-sur-Orge;;;2.332892;48.672043
91216_0470_00014;14;;Rue de la Division Leclerc;91360;91216;Épinay-sur-Orge;;;2.32213;48.673391
91216_1800_00025;25;;Rue du Rouillon;91360;91216;Épinay-sur-Orge;;;2.314269;48.678471
91216_1388_00012;12;;Allee de l'Orme Quesneau;91360;91216;Épinay-sur-Orge;;;2.31796;48.672706
91216_0850_00039;39;;Rue de Grand Vaux;91360;91216;Épinay-sur-Orge;;;2.333741;48.673265
91216_0790_00002;2;;Rue de la Gare;91360;91216;Épinay-sur-Orge;;;2.328432;48.672326
91216_0230_00040;40;;Rue du Breuil;91360;91216;Épinay-sur-Orge;;;2.318525;48.668399
91216_0880_00005;5;;Rue Guy Moquet;91360;91216;Épinay-sur-Orge;;;2.326416;48.673334
91216_0370_00011;11;;rue de Chevreuse;91360;91216;Épinay-sur-Orge;;;2.313982;48.665261
91216_0470_00018;18;;Rue de la Division Leclerc;91360;91216;Épinay-sur-Orge;;;2.321953;48.673346
91216_1891_00086;86;;Rue du Bois de Balizy;91360;91216;Épinay-sur-Orge;;;2.311369;48.673617
91216_1500_00113_bis;113;bis;Rue de Petit Vaux;91360;91216;Épinay-sur-Orge;;;2.334267;48.676239
91216_1360_00017;17;;Rue d’Oradour sur Glane;91360;91216;Épinay-sur-Orge;;;2.315186;48.678017
91216_2046_00016;16;;Avenue des Tilleuls;91360;91216;Épinay-sur-Orge;;;2.328134;48.669559
