id;numero;rep;nom_voie;code_postal;code_insee;nom_commune;nom_ancienne_commune;nom_ld;lon;lat
71014_1930_00010;10;;Boulevard Mac Mahon;71400;71014;Autun;;;4.298217;46.941618
71014_1210_00049_a;49;a;Rue du Faubourg Saint-Andoche;71400;71014;Autun;;;4.290815;46.954722
71014_1355_00008;8;;Boulevard Fréderic Latouche;71400;71014;Autun;;;4.302575;46.9529
71014_2670_00025;25;;Route de Pierrefitte;71400;71014;Autun;;;4.277487;46.961751
71014_3010_00004;4;;Rue des 4 Vents;71400;71014;Autun;;;4.300043;46.956869
71014_0165_00001;1;;Rue de la Barre;71400;71014;Autun;;;4.291127;46.948687
71014_2043_00003;3;;Rue du Maréchal Juin;71400;71014;Autun;;;4.321887;46.952854
71014_1010_00018;18;;Rue de la Croix Verte;71400;71014;Autun;;;4.306318;46.954492
71014_3770_00020;20;;Chemin du Vieux Moulin;71400;71014;Autun;Saint-Pantaléon;;4.32666;46.958476
71014_2090_00004_bis;4;bis;Rue Mazagran;71400;71014;Autun;;;4.301288;46.953571
71014_0626_00008;8;;Route de Chalon;71400;71014;Autun;;;4.319282;46.954081
71014_b551_00022;22;;Le Clos du Parc;71400;71014;Autun;;;4.284508;46.947536
71014_2340_00008;8;;Rue Nicéphore Niepce;71400;71014;Autun;Saint-Pantaléon;;4.304734;46.97317
71014_1790_00007;7;;Rue Jeannin;71400;71014;Autun;;;4.299159;46.951518
71014_1560_00006;6;;Rue de la Grange Vertu;71400;71014;Autun;;;4.29495;46.953183
71014_3035_00004;4;;Chemin des Ragots;71400;71014;Autun;;;4.323024;46.948368
71014_0500_00023;23;;Rue du Capitaine Repoux;71400;71014;Autun;;;4.291938;46.950706
71014_2201_00006;6;;Rue du Muguet;71400;71014;Autun;Saint-Pantaléon;;4.310054;46.968219
71014_2511_00006;6;;Rue du Parc des Drémeaux;71400;71014;Autun;Saint-Pantaléon;;4.314021;46.959767
71014_b551_00010;10;;Le Clos du Parc;71400;71014;Autun;;;4.284414;46.947702
71014_1210_00028;28;;Rue du Faubourg Saint-Andoche;71400;71014;Autun;;;4.293149;46.95224
71014_0070_00001;1;;Rue Antoine Clement;71400;71014;Autun;Saint-Pantaléon;;4.312646;46.963275
71014_0615_00001;1;;Chemin du Cerveau;71400;71014;Autun;Saint-Pantaléon;;4.333411;46.951594
71014_1501_00006;6;;Place du General Brosset;71400;71014;Autun;Saint-Pantaléon;;4.31473;46.96755
71014_0370_00016;16;;Rue Bouteiller;71400;71014;Autun;;;4.303309;46.945975
71014_1842_00002;2;;Chemin Jules Miot;71400;71014;Autun;;;4.287589;46.96159
71014_3340_00007;7;;Chemin de Saint-Martin;71400;71014;Autun;Saint-Pantaléon;;4.302483;46.961919
71014_1390_00010_bis;10;bis;Rue des Gailles;71400;71014;Autun;;;4.286502;46.947785
71014_1710_00010;10;;Rue d’Ingelheim;71400;71014;Autun;;;4.278313;46.944241
71014_3800_00008;8;;Rue des Violettes;71400;71014;Autun;Saint-Pantaléon;;4.310605;46.967355
71014_6lsatw_00006;6;;Passage Balthus;71400;71014;Autun;;;4.298557;46.948978
71014_1225_00006;6;;Rue du Faubourg Saint-Pancrace;71400;71014;Autun;;;4.30426;46.945404
71014_2040_00006;6;;Grande Rue Marchaux;71400;71014;Autun;;;4.300768;46.953724
71014_0451_00052_b;52;b;Route de Broye;71400;71014;Autun;;;4.31343;46.939784
71014_1870_00011;11;;Rue Lauchien le Boucher;71400;71014;Autun;;;4.305503;46.947941
71014_2040_00027;27;;Grande Rue Marchaux;71400;71014;Autun;;;4.299994;46.954521
71014_3461_00019;19;;Route de Saulieu;71400;71014;Autun;;;4.294097;46.96329
71014_1318_00028;28;;Route de Forêt de Planoise;71400;71014;Autun;;;4.335835;46.911741
71014_0230_00012;12;;Rue du Beuvray;71400;71014;Autun;;;4.289337;46.948898
71014_0915_00024;24;;Avenue du Commandant Neuchèze;71400;71014;Autun;;;4.279037;46.95764
71014_3180_00006;6;;Rue Badinter;71400;71014;Autun;;;4.277442;46.945514
71014_2060_00005;5;;Rue Maurice Ravel;71400;71014;Autun;Saint-Pantaléon;;4.314909;46.965548
71014_0745_00010_bis;10;bis;Rue de Charolles;71400;71014;Autun;Saint-Pantaléon;;4.303719;46.962597
71014_2100_00021;21;;Rue de Ménincourt;71400;71014;Autun;Saint-Pantaléon;;4.316674;46.978281
71014_3263_00005;5;;Rue Saint-Branchez;71400;71014;Autun;;;4.305417;46.945576
71014_3275_00005_b;5;b;Route de Saint-Denis;71400;71014;Autun;Saint-Pantaléon;;4.3176;46.967637
71014_1917_00036;36;;Rue Louis Aragon;71400;71014;Autun;;;4.320462;46.950649
71014_1100_00059;59;;Rue des Dremeaux;71400;71014;Autun;Saint-Pantaléon;;4.317953;46.962983
71014_0090_00021;21;;Route d'Arnay;71400;71014;Autun;Saint-Pantaléon;;4.304885;46.96202
71014_0745_00023;23;;Rue de Charolles;71400;71014;Autun;Saint-Pantaléon;;4.302991;46.963408
71014_0220_00011;11;;Rue Bernard Renault;71400;71014;Autun;;;4.296837;46.953915
71014_3550_00010_bis;10;bis;Rue des Tanneries;71400;71014;Autun;;;4.294648;46.946499
71014_1235_00023;23;;Rue du Faubourg Talus;71400;71014;Autun;;;4.294023;46.945818
71014_2100_00031;31;;Rue de Ménincourt;71400;71014;Autun;Saint-Pantaléon;;4.317344;46.979316
71014_1450_00020;20;;Rue de la Garenne Bretin;71400;71014;Autun;;;4.342743;46.903572
71014_2043_00022;22;;Rue du Maréchal Juin;71400;71014;Autun;;;4.321715;46.9504
71014_1975_00003;3;;Rue Maître Georges Martin;71400;71014;Autun;;;4.300644;46.953166
71014_2520_00008;8;;Rue du Parc Saint-Jean;71400;71014;Autun;;;4.296069;46.960045
71014_3278_00004_bis;4;bis;Rue Saint-Étienne;71400;71014;Autun;Saint-Pantaléon;;4.321996;46.961888
71014_1830_00001;1;;Rue des Jonquilles;71400;71014;Autun;Saint-Pantaléon;;4.310667;46.967553
71014_2440_00027_ter;27;ter;Rue de Paris;71400;71014;Autun;;;4.298284;46.956611
71014_2250_00015_bis;15;bis;Avenue du Morvan;71400;71014;Autun;;;4.292092;46.949128
71014_0910_00005;5;;Rue Cocand;71400;71014;Autun;;;4.298429;46.946081
71014_1920_00005;5;;Rue Louis Charlot;71400;71014;Autun;;;4.29663;46.955688
71014_1890_00026_bis;26;bis;Boulevard Laureau;71400;71014;Autun;;;4.301408;46.95497
71014_1680_00030;30;;Rue du 8 Septembre;71400;71014;Autun;;;4.30035;46.960019
71014_3430_00003;3;;Rue Sainte-Anne;71400;71014;Autun;;;4.303719;46.946359
71014_3461_00049;49;;Route de Saulieu;71400;71014;Autun;;;4.293947;46.965767
71014_1920_00012;12;;Rue Louis Charlot;71400;71014;Autun;;;4.296085;46.955577
71014_1820_00003;3;;Rue Jondeau;71400;71014;Autun;;;4.297254;46.950536
71014_1208_00008;8;;Rue du Faubourg du Breuil;71400;71014;Autun;;;4.30174;46.942248
71014_2170_00014;14;;Rue Moirans;71400;71014;Autun;Saint-Pantaléon;;4.318333;46.964877
71014_0020_00023;23;;Rue Adrien Guignet;71400;71014;Autun;;;4.286773;46.951463
71014_1920_00010;10;;Rue Louis Charlot;71400;71014;Autun;;;4.296528;46.954928
71014_3450_00010;10;;Rue Sainte-Barbe;71400;71014;Autun;;;4.300255;46.944332
71014_1800_00001;1;;Impasse du Jeu de Paume;71400;71014;Autun;;;4.298451;46.945145
71014_1580_00028;28;;Rue de la Grille;71400;71014;Autun;;;4.295394;46.951835
71014_0345_00005;5;;Rue Borgne;71400;71014;Autun;Saint-Pantaléon;;4.314037;46.970785
71014_1355_00009;9;;Boulevard Fréderic Latouche;71400;71014;Autun;;;4.302631;46.952139
71014_0571_00008;8;;Rue de la Cascade;71400;71014;Autun;;;4.311802;46.941353
71014_0745_00002;2;;Rue de Charolles;71400;71014;Autun;Saint-Pantaléon;;4.304889;46.961589
71014_1099_00006;6;;Impasse des Drémeaux;71400;71014;Autun;Saint-Pantaléon;;4.312201;46.961235
71014_0915_00168_d;168;d;Avenue du Commandant Neuchèze;71400;71014;Autun;;;4.256265;46.956351
71014_0220_00007;7;;Rue Bernard Renault;71400;71014;Autun;;;4.296515;46.953779
71014_2120_00019;19;;Route de Mesvres;71400;71014;Autun;;;4.288353;46.947042
71014_0990_00024;24;;Rue de la Croix Blanche;71400;71014;Autun;;;4.303491;46.956837
71014_1206_00022_a;22;a;Rue du Faubourg d’Arroux;71400;71014;Autun;;;4.296031;46.959625
71014_0740_00014;14;;Avenue Charles de Gaulle;71400;71014;Autun;;;4.297304;46.951804
71014_3170_00010;10;;Rue de Rivault;71400;71014;Autun;;;4.298683;46.94391
71014_2201_00003;3;;Rue du Muguet;71400;71014;Autun;Saint-Pantaléon;;4.309601;46.968146
71014_0920_00001;1;;Rue des Cordeliers;71400;71014;Autun;;;4.299468;46.947199
71014_1218_00059_bis;59;bis;Rue du Faubourg Saint-Blaise;71400;71014;Autun;;;4.298633;46.938047
71014_0365_00011;11;;Rue de Bourgogne;71400;71014;Autun;Saint-Pantaléon;;4.319438;46.962263
71014_1504_00009;9;;Rue Général Demetz;71400;71014;Autun;;;4.298625;46.949302
71014_3610_00001;1;;Rue du Théâtre Romain;71400;71014;Autun;;;4.307802;46.955783
71014_3075_00013;13;;Rue aux Raz;71400;71014;Autun;;;4.297238;46.947662
71014_1917_00035;35;;Rue Louis Aragon;71400;71014;Autun;;;4.320575;46.9509
71014_0760_00004;4;;Rue du Châtelet;71400;71014;Autun;;;4.295331;46.949946
71014_0100_00002;2;;Rue de l’Arquebuse;71400;71014;Autun;;;4.300446;46.949534
71014_2180_00015;15;;Rue Monseigneur Villard;71400;71014;Autun;;;4.288559;46.9498
71014_0700_00001;1;;Ruelle de la Charite;71400;71014;Autun;;;4.300788;46.946465
71014_0220_00010_a;10;a;Rue Bernard Renault;71400;71014;Autun;;;4.297461;46.954018
71014_1110_00021;21;;Rue Dufraigne;71400;71014;Autun;;;4.29995;46.942946
71014_0090_00040;40;;Route d'Arnay;71400;71014;Autun;Saint-Pantaléon;;4.303739;46.96404
71014_2055_00006;6;;Route de Margenne;71400;71014;Autun;;;4.259396;46.95901
71014_2775_00050;50;;Route du Puits d'Alligny;71400;71014;Autun;;;4.288254;46.973926
71014_1208_00006;6;;Rue du Faubourg du Breuil;71400;71014;Autun;;;4.301698;46.942391
71014_3350_00017;17;;Rue Saint-Nicolas;71400;71014;Autun;;;4.300161;46.95564
71014_0220_00010_b;10;b;Rue Bernard Renault;71400;71014;Autun;;;4.297218;46.953921
71014_0301_00046;46;;Rue du Bois Mathey;71400;71014;Autun;;;4.334273;46.908019
71014_0740_00031_bis;31;bis;Avenue Charles de Gaulle;71400;71014;Autun;;;4.29546;46.953092
71014_1125_00019;19;;Rue des Éduens;71400;71014;Autun;;;4.291771;46.948401
71014_0740_00032;32;;Avenue Charles de Gaulle;71400;71014;Autun;;;4.296494;46.952675
71014_0880_00004;4;;Rue des Cités;71400;71014;Autun;;;4.299128;46.953353
71014_1227_00037;37;;Rue de la Fontaine Molaine;71400;71014;Autun;;;4.354058;46.890149
71014_1892_00001;1;;Allée de la Liberté;71400;71014;Autun;;;4.286751;46.946515
71014_1210_00056;56;;Rue du Faubourg Saint-Andoche;71400;71014;Autun;;;4.292115;46.953248
71014_2080_00021;21;;Boulevard Mazagran;71400;71014;Autun;;;4.304327;46.95495
71014_2020_00002;2;;Rue Maquis de l’Autunois Morvan;71400;71014;Autun;;;4.270431;46.970119
71014_2741_00010;10;;Rue de la 1ere Armée;71400;71014;Autun;Saint-Pantaléon;;4.313347;46.970314
71014_3685_00006;6;;Rue de la Verrerie;71400;71014;Autun;;;4.279245;46.958829
71014_0940_00041;41;;Rue aux Cordiers;71400;71014;Autun;;;4.298864;46.948638
71014_0165_00007;7;;Rue de la Barre;71400;71014;Autun;;;4.290577;46.948363
71014_3290_00010;10;;Rue Saint-Germain;71400;71014;Autun;;;4.29558;46.949287
71014_2041_00020;20;;Petite Rue Marchaux;71400;71014;Autun;;;4.299993;46.953522
71014_3740_00023;23;;Rue de la Vieille Halle;71400;71014;Autun;;;4.29991;46.954399
71014_1355_00015;15;;Boulevard Fréderic Latouche;71400;71014;Autun;;;4.302324;46.953141
71014_2170_00016;16;;Rue Moirans;71400;71014;Autun;Saint-Pantaléon;;4.317423;46.965966
71014_0650_00003;3;;Rue du Champ Gevras;71400;71014;Autun;;;4.293161;46.94566
71014_0070_00011;11;;Rue Antoine Clement;71400;71014;Autun;Saint-Pantaléon;;4.31186;46.964063
71014_0225_00010;10;;Rue de Bellevue;71400;71014;Autun;Saint-Pantaléon;;4.306945;46.963456
71014_1840_00002;2;;Rue Joseph-François de Champeaux;71400;71014;Autun;Saint-Pantaléon;;4.312817;46.965065
71014_1580_00020;20;;Rue de la Grille;71400;71014;Autun;;;4.295898;46.951416
71014_0740_00029_bis;29;bis;Avenue Charles de Gaulle;71400;71014;Autun;;;4.296105;46.95281
71014_3320_00009;9;;Rue Saint-Jean;71400;71014;Autun;;;4.300869;46.957295
71014_0720_00006;6;;Rue Charles Boell;71400;71014;Autun;;;4.289285;46.949529
71014_1651_00001_bis;1;bis;Rue Henri Dunant;71400;71014;Autun;;;4.304033;46.951995
71014_1210_00035;35;;Rue du Faubourg Saint-Andoche;71400;71014;Autun;;;4.293157;46.952114
71014_2661_00002;2;;Rue Pierre Bérégovoy;71400;71014;Autun;Saint-Pantaléon;;4.305794;46.963725
71014_0572_00001;1;;Chemin de la Cascade;71400;71014;Autun;;;4.313679;46.941835
71014_1210_00017;17;;Rue du Faubourg Saint-Andoche;71400;71014;Autun;;;4.294106;46.951302
71014_1010_00010_bis;10;bis;Rue de la Croix Verte;71400;71014;Autun;;;4.306058;46.953988
71014_1890_00026;26;;Boulevard Laureau;71400;71014;Autun;;;4.301485;46.954861
71014_2661_00005;5;;Rue Pierre Bérégovoy;71400;71014;Autun;Saint-Pantaléon;;4.305583;46.963597
71014_1206_00048;48;;Rue du Faubourg d’Arroux;71400;71014;Autun;;;4.295033;46.960401
71014_0990_00001;1;;Rue de la Croix Blanche;71400;71014;Autun;;;4.301041;46.956369
71014_2340_00018;18;;Rue Nicéphore Niepce;71400;71014;Autun;Saint-Pantaléon;;4.305379;46.974812
71014_1990_00001;1;;Rue de la Maladière;71400;71014;Autun;;;4.310949;46.954704
71014_2060_00012;12;;Rue Maurice Ravel;71400;71014;Autun;Saint-Pantaléon;;4.314736;46.965441
71014_3240_00001;1;;Rue Saint-Antoine;71400;71014;Autun;;;4.30237;46.948557
71014_3490_00008;8;;Rue de Stevenage;71400;71014;Autun;;;4.279;46.9444
71014_1235_00005;5;;Rue du Faubourg Talus;71400;71014;Autun;;;4.296304;46.945505
71014_0571_00021;21;;Rue de la Cascade;71400;71014;Autun;;;4.312774;46.941789
71014_2071_00001;1;;Rue Max Poulleau;71400;71014;Autun;Saint-Pantaléon;;4.310241;46.960785
71014_1100_00035;35;;Rue des Dremeaux;71400;71014;Autun;Saint-Pantaléon;;4.313802;46.961456
71014_2775_00002;2;;Route du Puits d'Alligny;71400;71014;Autun;;;4.292755;46.969558
71014_0012_00005;5;;Rue des Acacias;71400;71014;Autun;Saint-Pantaléon;;4.312536;46.988304
71014_1790_00010;10;;Rue Jeannin;71400;71014;Autun;;;4.298748;46.951355
71014_0165_00003;3;;Rue de la Barre;71400;71014;Autun;;;4.290871;46.948536
71014_1318_00036;36;;Route de Forêt de Planoise;71400;71014;Autun;;;4.337081;46.910685
71014_0100_00013;13;;Rue de l’Arquebuse;71400;71014;Autun;;;4.301831;46.950189
71014_0755_00038;38;;Route de Château-Chinon;71400;71014;Autun;;;4.282565;46.960921
71014_2470_00017;17;;Rue de Parpas;71400;71014;Autun;;;4.289355;46.950773
71014_3710_00013;13;;Rue Victor Hugo;71400;71014;Autun;Saint-Pantaléon;;4.308491;46.96882
71014_0770_00034;34;;Grande Rue Chauchien;71400;71014;Autun;;;4.299247;46.947326
71014_0796_00007;7;;Impasse Chaumont;71400;71014;Autun;;;4.293943;46.946406
71014_1331_00008;8;;Rue de la Foret;71400;71014;Autun;;;4.309222;46.940219
71014_2750_00001;1;;Rue des Prés Moussus;71400;71014;Autun;;;4.335663;46.91124
71014_3650_00001;1;;Rue Traversière;71400;71014;Autun;;;4.297644;46.952384
71014_3461_00003;3;;Route de Saulieu;71400;71014;Autun;;;4.294363;46.961122
71014_2330_00011;11;;Rue Naudin;71400;71014;Autun;;;4.299635;46.958131
71014_0740_00041;41;;Avenue Charles de Gaulle;71400;71014;Autun;;;4.295129;46.95387
71014_2330_00004;4;;Rue Naudin;71400;71014;Autun;;;4.298418;46.957725
71014_2120_00007;7;;Route de Mesvres;71400;71014;Autun;;;4.290714;46.947219
71014_3075_00003;3;;Rue aux Raz;71400;71014;Autun;;;4.296751;46.948429
71014_1206_00002;2;;Rue du Faubourg d’Arroux;71400;71014;Autun;;;4.297233;46.957932
71014_1653_00014;14;;Rue de l'Hermitage;71400;71014;Autun;Saint-Pantaléon;;4.321258;46.961479
71014_0771_00008;8;;Petite Rue Chauchien;71400;71014;Autun;;;4.299205;46.947081
71014_3440_00001;1;;Place Sainte-Barbe;71400;71014;Autun;;;4.299732;46.944871
71014_1511_00015;15;;Route de la Genetoye;71400;71014;Autun;;;4.28771;46.961203
71014_3400_00001;1;;Rue Saint-Quentin;71400;71014;Autun;;;4.299678;46.944201
71014_1010_00014;14;;Rue de la Croix Verte;71400;71014;Autun;;;4.306147;46.954231
71014_1100_00012;12;;Rue des Dremeaux;71400;71014;Autun;Saint-Pantaléon;;4.310257;46.959889
71014_0770_00032;32;;Grande Rue Chauchien;71400;71014;Autun;;;4.29919;46.947381
71014_1210_00018;18;;Rue du Faubourg Saint-Andoche;71400;71014;Autun;;;4.293974;46.951623
71014_0365_00044;44;;Rue de Bourgogne;71400;71014;Autun;Saint-Pantaléon;;4.326669;46.964052
71014_0670_00024;24;;Rue du Chancelier Rolin;71400;71014;Autun;;;4.30134;46.959943
71014_1770_00011_a;11;a;Avenue Jules Basdevant;71400;71014;Autun;;;4.304942;46.952393
71014_0755_00029;29;;Route de Château-Chinon;71400;71014;Autun;;;4.283894;46.959524
71014_0090_00106;106;;Route d'Arnay;71400;71014;Autun;Saint-Pantaléon;;4.311692;46.983222
71014_1730_00011;11;;Rue de la Jambe de Bois;71400;71014;Autun;;;4.306123;46.948164
71014_0540_00021_bis;21;bis;Rue Carion;71400;71014;Autun;;;4.294369;46.95701
71014_3315_00004;4;;Rue Saint-Hubert;71400;71014;Autun;Saint-Pantaléon;;4.306093;46.964174
71014_3075_00018;18;;Rue aux Raz;71400;71014;Autun;;;4.298285;46.946619
71014_1206_00010_ter;10;ter;Rue du Faubourg d’Arroux;71400;71014;Autun;;;4.296309;46.958968
71014_0230_00040;40;;Rue du Beuvray;71400;71014;Autun;;;4.286117;46.94881
71014_0760_00005;5;;Rue du Châtelet;71400;71014;Autun;;;4.295448;46.949702
71014_0670_00036;36;;Rue du Chancelier Rolin;71400;71014;Autun;;;4.30131;46.960136
71014_3240_00008;8;;Rue Saint-Antoine;71400;71014;Autun;;;4.302018;46.948317
71014_3100_00011;11;;Rue René Cassin;71400;71014;Autun;;;4.277893;46.947093
71014_0080_00022_bis;22;bis;Rue de l’Arbalète;71400;71014;Autun;;;4.301798;46.949197
71014_0185_00025;25;;Route de Beaune;71400;71014;Autun;Saint-Pantaléon;;4.315785;46.956591
71014_3110_00029;29;;Avenue de la République;71400;71014;Autun;;;4.298386;46.957102
71014_0090_00133;133;;Route d'Arnay;71400;71014;Autun;Saint-Pantaléon;;4.313877;46.988179
71014_1370_00005;5;;Rue des Fusiliers Marins;71400;71014;Autun;;;4.30644;46.957156
71014_1099_00010;10;;Impasse des Drémeaux;71400;71014;Autun;Saint-Pantaléon;;4.312328;46.961538
71014_3090_00004;4;;Rue du Rempart Saint-Jean;71400;71014;Autun;;;4.301961;46.960134
71014_0800_00007_bis;7;bis;Ruelle Chaumont;71400;71014;Autun;;;4.292957;46.946726
71014_3278_00040;40;;Rue Saint-Étienne;71400;71014;Autun;Saint-Pantaléon;;4.32574;46.965353
71014_2100_00023;23;;Rue de Ménincourt;71400;71014;Autun;Saint-Pantaléon;;4.316666;46.978566
71014_2775_00060;60;;Route du Puits d'Alligny;71400;71014;Autun;;;4.287326;46.974465
71014_1651_00022;22;;Rue Henri Dunant;71400;71014;Autun;;;4.304669;46.954631
71014_2330_00018;18;;Rue Naudin;71400;71014;Autun;;;4.299045;46.957981
71014_1653_00012;12;;Rue de l'Hermitage;71400;71014;Autun;Saint-Pantaléon;;4.321973;46.961235
71014_3390_00004;4;;Rue Saint-Pierre;71400;71014;Autun;;;4.295822;46.949664
71014_1050_00011;11;;Avenue du 2e Dragons;71400;71014;Autun;;;4.308755;46.953977
71014_2510_00007;7;;Rue Pernette;71400;71014;Autun;;;4.296441;46.9515
71014_1140_00012;12;;Rue Eugène Chevalier;71400;71014;Autun;;;4.29982;46.958967
71014_3180_00005;5;;Rue Badinter;71400;71014;Autun;;;4.277439;46.945387
71014_1560_00009;9;;Rue de la Grange Vertu;71400;71014;Autun;;;4.293509;46.952469
71014_3440_00012;12;;Place Sainte-Barbe;71400;71014;Autun;;;4.299866;46.944537
71014_2775_00046;46;;Route du Puits d'Alligny;71400;71014;Autun;;;4.288551;46.973767
71014_2520_00003;3;;Rue du Parc Saint-Jean;71400;71014;Autun;;;4.296945;46.959912
71014_1030_00018;18;;Rue Deguin;71400;71014;Autun;;;4.300181;46.952792
71014_2490_00006;6;;Rue Paul Cazin;71400;71014;Autun;;;4.297465;46.939129
71014_0050_00008;8;;Place Anatole de Charmasse;71400;71014;Autun;;;4.304191;46.950187
71014_0210_00006;6;;Boulevard Bernard Giberstein;71400;71014;Autun;;;4.285291;46.952961
71014_0250_00001_bis;1;bis;Rue Blanche;71400;71014;Autun;;;4.300823;46.94456
71014_3110_00045;45;;Avenue de la République;71400;71014;Autun;;;4.301636;46.958505
71014_glbax1_00006;6;;Route du Corps Franc Pommiès;71400;71014;Autun;;;4.286915;46.946756
71014_3665_00001;1;;Rue de Valmy;71400;71014;Autun;;;4.302995;46.957511
71014_0620_00017;17;;Rue du Chalet Bleu;71400;71014;Autun;Saint-Pantaléon;;4.306469;46.963017
71014_1511_00005;5;;Route de la Genetoye;71400;71014;Autun;;;4.288355;46.960336
71014_1218_00022_ter;22;ter;Rue du Faubourg Saint-Blaise;71400;71014;Autun;;;4.298919;46.940112
71014_1790_00003;3;;Rue Jeannin;71400;71014;Autun;;;4.299745;46.951747
71014_1210_00076;76;;Rue du Faubourg Saint-Andoche;71400;71014;Autun;;;4.290747;46.954975
71014_0500_00018;18;;Rue du Capitaine Repoux;71400;71014;Autun;;;4.292744;46.94917
71014_2480_00004;4;;Chemin de la Passerelle;71400;71014;Autun;Saint-Pantaléon;;4.303478;46.965851
71014_2660_00020;20;;Rue des Pierres;71400;71014;Autun;;;4.301617;46.961112
71014_3630_00001;1;;Rue Tourne Mouton;71400;71014;Autun;;;4.302764;46.947119
71014_3350_00002_bis;2;bis;Rue Saint-Nicolas;71400;71014;Autun;;;4.299947;46.955135
71014_1580_00015;15;;Rue de la Grille;71400;71014;Autun;;;4.296308;46.950953
71014_3275_00035;35;;Route de Saint-Denis;71400;71014;Autun;Saint-Pantaléon;;4.325234;46.970531
71014_2661_00010;10;;Rue Pierre Bérégovoy;71400;71014;Autun;Saint-Pantaléon;;4.305266;46.96353
71014_1206_00030;30;;Rue du Faubourg d’Arroux;71400;71014;Autun;;;4.295571;46.959718
71014_1160_00008_ter;8;ter;Rue Eumène;71400;71014;Autun;;;4.298592;46.952557
71014_0680_00002;2;;Rue Changarnier;71400;71014;Autun;;;4.30181;46.949122
71014_2055_00023;23;;Route de Margenne;71400;71014;Autun;;;4.258634;46.960408
71014_3278_00037;37;;Rue Saint-Étienne;71400;71014;Autun;Saint-Pantaléon;;4.325865;46.96556
71014_1206_00005;5;;Rue du Faubourg d’Arroux;71400;71014;Autun;;;4.296714;46.958344
71014_0643_00034;34;;Rue de la place du Champ de Mars;71400;71014;Autun;;;4.297812;46.949902
71014_0230_00009;9;;Rue du Beuvray;71400;71014;Autun;;;4.289136;46.948793
71014_0365_00016;16;;Rue de Bourgogne;71400;71014;Autun;Saint-Pantaléon;;4.320254;46.962423
71014_0940_00029;29;;Rue aux Cordiers;71400;71014;Autun;;;4.299113;46.948883
71014_1390_00012;12;;Rue des Gailles;71400;71014;Autun;;;4.28631;46.947849
71014_2030_00012;12;;Rue des Marbres;71400;71014;Autun;;;4.303944;46.949618
71014_1206_00048_b;48;b;Rue du Faubourg d’Arroux;71400;71014;Autun;;;4.29563;46.960457
71014_2330_00001_bis;1;bis;Rue Naudin;71400;71014;Autun;;;4.298689;46.957696
71014_2470_00003;3;;Rue de Parpas;71400;71014;Autun;;;4.29268;46.952096
71014_1099_00002;2;;Impasse des Drémeaux;71400;71014;Autun;Saint-Pantaléon;;4.31208;46.96139
71014_1085_00014;14;;Rue du Docteur Renaud;71400;71014;Autun;;;4.295138;46.950765
71014_3740_00015_a;15;a;Rue de la Vieille Halle;71400;71014;Autun;;;4.299562;46.954249
71014_0940_00039;39;;Rue aux Cordiers;71400;71014;Autun;;;4.298903;46.948678
71014_0540_00008;8;;Rue Carion;71400;71014;Autun;;;4.292637;46.955701
71014_1318_00007;7;;Route de Forêt de Planoise;71400;71014;Autun;;;4.334015;46.913561
71014_3760_00001;1;;Rue du Vieux Collège;71400;71014;Autun;;;4.296605;46.950147
71014_1160_00010;10;;Rue Eumène;71400;71014;Autun;;;4.29878;46.952652
71014_1137_00005;5;;Route de l'Étang du Martinet;71400;71014;Autun;;;4.359723;46.888659
71014_1390_00014;14;;Rue des Gailles;71400;71014;Autun;;;4.286073;46.947935
71014_0090_00034;34;;Route d'Arnay;71400;71014;Autun;Saint-Pantaléon;;4.304046;46.963546
71014_1930_00012_c;12;c;Boulevard Mac Mahon;71400;71014;Autun;;;4.298642;46.941203
71014_1917_00038;38;;Rue Louis Aragon;71400;71014;Autun;;;4.320345;46.951127
71014_2360_00014;14;;Rue Notre-Dame;71400;71014;Autun;;;4.298712;46.944495
71014_3110_00056;56;;Avenue de la République;71400;71014;Autun;;;4.298537;46.956917
71014_3450_00004;4;;Rue Sainte-Barbe;71400;71014;Autun;;;4.30029;46.944516
71014_1860_00011;11;;Rue Jean et Bernard de Lattre de Tassigny;71400;71014;Autun;;;4.299786;46.950945
71014_3610_00008_a;8;a;Rue du Théâtre Romain;71400;71014;Autun;;;4.307895;46.955308
71014_1160_00002;2;;Rue Eumène;71400;71014;Autun;;;4.29737;46.951933
71014_0571_00008_bis;8;bis;Rue de la Cascade;71400;71014;Autun;;;4.312077;46.941456
71014_2670_00023;23;;Route de Pierrefitte;71400;71014;Autun;;;4.277924;46.961753
71014_2570_00021;21;;Rue du Petit Pont;71400;71014;Autun;;;4.299301;46.940451
71014_1218_00006;6;;Rue du Faubourg Saint-Blaise;71400;71014;Autun;;;4.299986;46.941753
71014_2180_00010;10;;Rue Monseigneur Villard;71400;71014;Autun;;;4.288977;46.949894
71014_0320_00003;3;;Route du Bois de Saint-Jean;71400;71014;Autun;;;4.26493;46.961855
71014_0670_00012;12;;Rue du Chancelier Rolin;71400;71014;Autun;;;4.300638;46.959582
71014_1860_00010;10;;Rue Jean et Bernard de Lattre de Tassigny;71400;71014;Autun;;;4.299778;46.951106
71014_1784_00002;2;;Cour Jean Monnet;71400;71014;Autun;Saint-Pantaléon;;4.311448;46.963324
71014_1917_00032;32;;Rue Louis Aragon;71400;71014;Autun;;;4.321027;46.951421
71014_0890_00016;16;;Rue du Clos Jovet;71400;71014;Autun;;;4.303094;46.956101
71014_1790_00014;14;;Rue Jeannin;71400;71014;Autun;;;4.298192;46.951119
71014_3278_00011_bis;11;bis;Rue Saint-Étienne;71400;71014;Autun;Saint-Pantaléon;;4.322601;46.962317
71014_0230_00026;26;;Rue du Beuvray;71400;71014;Autun;;;4.287843;46.948857
71014_0090_00031;31;;Route d'Arnay;71400;71014;Autun;Saint-Pantaléon;;4.304421;46.962791
71014_0643_00029;29;;Rue de la place du Champ de Mars;71400;71014;Autun;;;4.298238;46.95017
71014_1125_00009;9;;Rue des Éduens;71400;71014;Autun;;;4.292075;46.94794
71014_3650_00006_a;6;a;Rue Traversière;71400;71014;Autun;;;4.297491;46.952856
71014_2775_00062;62;;Route du Puits d'Alligny;71400;71014;Autun;;;4.287224;46.974526
71014_2041_00029;29;;Petite Rue Marchaux;71400;71014;Autun;;;4.300072;46.953864
71014_1930_00006;6;;Boulevard Mac Mahon;71400;71014;Autun;;;4.297494;46.944228
71014_3560_00013;13;;Rue des Télots;71400;71014;Autun;Saint-Pantaléon;;4.311071;46.987345
71014_2201_00001;1;;Rue du Muguet;71400;71014;Autun;Saint-Pantaléon;;4.309372;46.968036
71014_1215_00022;22;;Rue du Faubourg Saint-André;71400;71014;Autun;;;4.307544;46.958646
71014_0915_00023;23;;Avenue du Commandant Neuchèze;71400;71014;Autun;;;4.279057;46.957518
71014_3100_00014;14;;Rue René Cassin;71400;71014;Autun;;;4.278594;46.94602
71014_b551_00001;1;;Le Clos du Parc;71400;71014;Autun;;;4.285142;46.947938
71014_2680_00001;1;;Rue Piolin;71400;71014;Autun;;;4.300023;46.946691
71014_2570_00025;25;;Rue du Petit Pont;71400;71014;Autun;;;4.299211;46.940374
71014_3400_00005;5;;Rue Saint-Quentin;71400;71014;Autun;;;4.299426;46.944494
71014_0945_00005;5;;Rue Corneille;71400;71014;Autun;Saint-Pantaléon;;4.30765;46.968044
71014_0796_00005;5;;Impasse Chaumont;71400;71014;Autun;;;4.293733;46.946776
71014_0130_00002;2;;Rue des Bancs;71400;71014;Autun;;;4.298943;46.946059
71014_0876_00011;11;;Route de la Chicolle et de Montjeu;71400;71014;Autun;;;4.298797;46.935436
71014_0560_00016_a;16;a;Rue du Carrouge;71400;71014;Autun;;;4.295073;46.9504
71014_3278_00036;36;;Rue Saint-Étienne;71400;71014;Autun;Saint-Pantaléon;;4.325469;46.965184
71014_zto6y4_00003;3;;Place Pierre Saint Yves;71400;71014;Autun;;;4.300157;46.956244
71014_0680_00021;21;;Rue Changarnier;71400;71014;Autun;;;4.299232;46.94785
71014_1830_00002;2;;Rue des Jonquilles;71400;71014;Autun;Saint-Pantaléon;;4.310735;46.967455
71014_2590_00002;2;;Chemin du Petit Rivault;71400;71014;Autun;;;4.296726;46.943944
71014_2661_00008;8;;Rue Pierre Bérégovoy;71400;71014;Autun;Saint-Pantaléon;;4.305331;46.963572
71014_1000_00001;1;;Rond-Point de la Croix Verte;71400;71014;Autun;;;4.307266;46.955834
71014_1090_00003;3;;Rue du Docteur Gillot;71400;71014;Autun;;;4.298273;46.947539
71014_0949_00001;1;;Passage Gustave Courbet;71400;71014;Autun;;;4.296575;46.959558
71014_0745_00011;11;;Rue de Charolles;71400;71014;Autun;Saint-Pantaléon;;4.303402;46.962954
71014_1100_00030;30;;Rue des Dremeaux;71400;71014;Autun;Saint-Pantaléon;;4.316642;46.962324
71014_1090_00001;1;;Rue du Docteur Gillot;71400;71014;Autun;;;4.298462;46.947634
71014_1917_00028;28;;Rue Louis Aragon;71400;71014;Autun;;;4.321291;46.951939
71014_2191_00006;6;;Rue du Moulin Gamet;71400;71014;Autun;;;4.300127;46.939848
71014_2030_00014;14;;Rue des Marbres;71400;71014;Autun;;;4.304214;46.949754
71014_1600_00014;14;;Rue Guérin;71400;71014;Autun;;;4.300415;46.952434
71014_2395_00030;30;;Rue des Ormes;71400;71014;Autun;Saint-Pantaléon;;4.313898;46.962494
71014_1830_00024;24;;Rue des Jonquilles;71400;71014;Autun;Saint-Pantaléon;;4.309396;46.968844
71014_0540_00027_b;27;b;Rue Carion;71400;71014;Autun;;;4.295094;46.957663
71014_3110_00057;57;;Avenue de la République;71400;71014;Autun;Saint-Pantaléon;;4.309457;46.961975
71014_1075_00009;9;;Rue du 19 Mars 1962;71400;71014;Autun;;;4.293277;46.947626
71014_1270_00004;4;;Rue de Filhouse;71400;71014;Autun;;;4.312803;46.941472
71014_3110_00009;9;;Avenue de la République;71400;71014;Autun;;;4.2944;46.955135
71014_2470_00002;2;;Rue de Parpas;71400;71014;Autun;;;4.292806;46.95225
71014_2110_00009;9;;Rue Mermoz;71400;71014;Autun;;;4.291134;46.951863
71014_3770_00022;22;;Chemin du Vieux Moulin;71400;71014;Autun;Saint-Pantaléon;;4.325975;46.958929
71014_3310_00005;5;;Rue Saint-Georges;71400;71014;Autun;;;4.299439;46.942969
71014_1000_00003;3;;Rond-Point de la Croix Verte;71400;71014;Autun;;;4.307122;46.95613
71014_3263_00007;7;;Rue Saint-Branchez;71400;71014;Autun;;;4.305616;46.945681
71014_0060_00004;4;;Place Anne Marie Javouhey;71400;71014;Autun;;;4.302514;46.959637
71014_2520_00005;5;;Rue du Parc Saint-Jean;71400;71014;Autun;;;4.296666;46.960016
71014_0940_00003;3;;Rue aux Cordiers;71400;71014;Autun;;;4.299549;46.949579
71014_1860_00003;3;;Rue Jean et Bernard de Lattre de Tassigny;71400;71014;Autun;;;4.299896;46.951657
71014_0345_00017_a;17;a;Rue Borgne;71400;71014;Autun;Saint-Pantaléon;;4.315828;46.971595
71014_3170_00006;6;;Rue de Rivault;71400;71014;Autun;;;4.298766;46.944039
71014_2080_00023;23;;Boulevard Mazagran;71400;71014;Autun;;;4.304524;46.955028
71014_0755_00049;49;;Route de Château-Chinon;71400;71014;Autun;;;4.281668;46.961531
71014_3440_00003;3;;Place Sainte-Barbe;71400;71014;Autun;;;4.299955;46.94479
71014_1100_00016;16;;Rue des Dremeaux;71400;71014;Autun;Saint-Pantaléon;;4.311066;46.960326
71014_3560_00001;1;;Rue des Télots;71400;71014;Autun;Saint-Pantaléon;;4.3132;46.98689
71014_2350_00012;12;;Impasse Notre Dame;71400;71014;Autun;;;4.297945;46.944044
71014_2250_00006;6;;Avenue du Morvan;71400;71014;Autun;;;4.294005;46.950188
71014_0185_00015_b;15;b;Route de Beaune;71400;71014;Autun;Saint-Pantaléon;;4.31466;46.956696
71014_2180_00007;7;;Rue Monseigneur Villard;71400;71014;Autun;;;4.289652;46.94983
71014_0915_00020;20;;Avenue du Commandant Neuchèze;71400;71014;Autun;;;4.27946;46.95758
71014_0451_00056;56;;Route de Broye;71400;71014;Autun;;;4.314572;46.940289
71014_2040_00044;44;;Grande Rue Marchaux;71400;71014;Autun;;;4.299917;46.954905
71014_3420_00013;13;;Rue Saint-Saulge;71400;71014;Autun;;;4.298351;46.948569
71014_2340_00013_bis;13;bis;Rue Nicéphore Niepce;71400;71014;Autun;Saint-Pantaléon;;4.30445;46.972869
71014_3720_00011;11;;Rue Victor Terret;71400;71014;Autun;;;4.297386;46.938347
71014_3390_00006;6;;Rue Saint-Pierre;71400;71014;Autun;;;4.295746;46.949639
71014_0771_00032;32;;Petite Rue Chauchien;71400;71014;Autun;;;4.299033;46.946417
71014_0060_00007;7;;Place Anne Marie Javouhey;71400;71014;Autun;;;4.3031;46.960018
71014_0945_00003;3;;Rue Corneille;71400;71014;Autun;Saint-Pantaléon;;4.307703;46.968227
71014_1180_00003;3;;Impasse de l’Evêché;71400;71014;Autun;;;4.300524;46.944685
71014_1318_00054;54;;Route de Forêt de Planoise;71400;71014;Autun;;;4.341816;46.906467
71014_3740_00012;12;;Rue de la Vieille Halle;71400;71014;Autun;;;4.299715;46.95423
71014_3420_00003;3;;Rue Saint-Saulge;71400;71014;Autun;;;4.298098;46.948835
71014_3630_00003;3;;Rue Tourne Mouton;71400;71014;Autun;;;4.302967;46.94687
71014_2380_00021;21;;Rue du 11 Novembre 1918;71400;71014;Autun;;;4.28974;46.953063
71014_0800_00003;3;;Ruelle Chaumont;71400;71014;Autun;;;4.292432;46.947126
71014_0755_00036;36;;Route de Château-Chinon;71400;71014;Autun;;;4.28267;46.960821
71014_0210_00023;23;;Boulevard Bernard Giberstein;71400;71014;Autun;;;4.280013;46.950982
71014_0650_00023;23;;Rue du Champ Gevras;71400;71014;Autun;;;4.291426;46.945439
71014_1125_00035;35;;Rue des Éduens;71400;71014;Autun;;;4.290661;46.950055
71014_1450_00001;1;;Rue de la Garenne Bretin;71400;71014;Autun;;;4.339649;46.906845
71014_0680_00001;1;;Rue Changarnier;71400;71014;Autun;;;4.301819;46.949042
71014_1210_00080_a;80;a;Rue du Faubourg Saint-Andoche;71400;71014;Autun;;;4.290316;46.955767
71014_3075_00025;25;;Rue aux Raz;71400;71014;Autun;;;4.298049;46.946894
71014_3710_00024;24;;Rue Victor Hugo;71400;71014;Autun;Saint-Pantaléon;;4.307606;46.969205
71014_0500_00009;9;;Rue du Capitaine Repoux;71400;71014;Autun;;;4.293201;46.948602
71014_2120_00004_a;4;a;Route de Mesvres;71400;71014;Autun;;;4.290251;46.947257
71014_1129_00003_b;3;b;Passage Estelle Nectoux;71400;71014;Autun;;;4.295756;46.954479
71014_1511_00003;3;;Route de la Genetoye;71400;71014;Autun;;;4.28844;46.960173
71014_3420_00008;8;;Rue Saint-Saulge;71400;71014;Autun;;;4.29811;46.948718
71014_3710_00018;18;;Rue Victor Hugo;71400;71014;Autun;Saint-Pantaléon;;4.308016;46.969281
71014_3275_00020;20;;Route de Saint-Denis;71400;71014;Autun;Saint-Pantaléon;;4.318689;46.967802
71014_1860_00007;7;;Rue Jean et Bernard de Lattre de Tassigny;71400;71014;Autun;;;4.299789;46.951334
71014_2020_00005;5;;Rue Maquis de l’Autunois Morvan;71400;71014;Autun;;;4.269103;46.970714
71014_2510_00008;8;;Rue Pernette;71400;71014;Autun;;;4.296161;46.951478
71014_0220_00006;6;;Rue Bernard Renault;71400;71014;Autun;;;4.296566;46.953702
71014_3170_00011;11;;Rue de Rivault;71400;71014;Autun;;;4.298581;46.943377
71014_1110_00042;42;;Rue Dufraigne;71400;71014;Autun;;;4.299978;46.9427
71014_3420_00015;15;;Rue Saint-Saulge;71400;71014;Autun;;;4.298409;46.948501
71014_0915_00033_a;33;a;Avenue du Commandant Neuchèze;71400;71014;Autun;;;4.27549;46.957691
71014_2511_00038;38;;Rue du Parc des Drémeaux;71400;71014;Autun;Saint-Pantaléon;;4.315807;46.961441
71014_1100_00014;14;;Rue des Dremeaux;71400;71014;Autun;Saint-Pantaléon;;4.310646;46.960003
71014_2511_00020;20;;Rue du Parc des Drémeaux;71400;71014;Autun;Saint-Pantaléon;;4.31617;46.959653
71014_0054_00012;12;;Allée André Malraux;71400;71014;Autun;;;4.281691;46.946504
71014_2701_00027;27;;Rue de Planoise;71400;71014;Autun;;;4.314441;46.940493
71014_3010_00016_bis;16;bis;Rue des 4 Vents;71400;71014;Autun;;;4.299317;46.957666
71014_2661_00006;6;;Rue Pierre Bérégovoy;71400;71014;Autun;Saint-Pantaléon;;4.305441;46.963642
71014_2680_00008;8;;Rue Piolin;71400;71014;Autun;;;4.300964;46.947062
71014_3240_00017;17;;Rue Saint-Antoine;71400;71014;Autun;;;4.301459;46.947349
71014_3610_00020_d;20;d;Rue du Théâtre Romain;71400;71014;Autun;;;4.3092;46.954946
71014_1257_00009;9;;Rue des Feuillies;71400;71014;Autun;;;4.336471;46.906807
71014_1905_00002;2;;Rue des Lilas;71400;71014;Autun;Saint-Pantaléon;;4.309572;46.967404
71014_1355_00014;14;;Boulevard Fréderic Latouche;71400;71014;Autun;;;4.302376;46.953422
71014_3461_00096;96;;Route de Saulieu;71400;71014;Autun;Saint-Pantaléon;;4.29479;46.971146
71014_2639_00015;15;;Rue Pierre Mendès France;71400;71014;Autun;Saint-Pantaléon;;4.309776;46.962696
71014_1140_00003;3;;Rue Eugène Chevalier;71400;71014;Autun;;;4.29939;46.958432
71014_1980_00002;2;;Impasse de la Maitrise;71400;71014;Autun;;;4.2986;46.945512
71014_1110_00032;32;;Rue Dufraigne;71400;71014;Autun;;;4.299786;46.942976
71014_1560_00010;10;;Rue de la Grange Vertu;71400;71014;Autun;;;4.294543;46.953
71014_1010_00001;1;;Rue de la Croix Verte;71400;71014;Autun;;;4.305539;46.952587
71014_3110_00042;42;;Avenue de la République;71400;71014;Autun;;;4.297141;46.956291
71014_3320_00013;13;;Rue Saint-Jean;71400;71014;Autun;;;4.300518;46.957525
71014_0670_00018_c;18;c;Rue du Chancelier Rolin;71400;71014;Autun;;;4.301172;46.959712
71014_2340_00013;13;;Rue Nicéphore Niepce;71400;71014;Autun;Saint-Pantaléon;;4.303934;46.972464
71014_0100_00004;4;;Rue de l’Arquebuse;71400;71014;Autun;;;4.300631;46.949625
71014_0090_00020;20;;Route d'Arnay;71400;71014;Autun;Saint-Pantaléon;;4.305142;46.961304
71014_0301_00014;14;;Rue du Bois Mathey;71400;71014;Autun;;;4.334424;46.911483
71014_0940_00016;16;;Rue aux Cordiers;71400;71014;Autun;;;4.299184;46.94906
71014_1099_00008;8;;Impasse des Drémeaux;71400;71014;Autun;Saint-Pantaléon;;4.312258;46.961387
71014_0165_00006;6;;Rue de la Barre;71400;71014;Autun;;;4.290253;46.948295
71014_1340_00001;1;;Rue du Four à Pain;71400;71014;Autun;;;4.277586;46.944304
71014_3370_00010;10;;Rue Saint-Pancrace;71400;71014;Autun;;;4.302025;46.946827
71014_3500_00006;6;;Rue Talleyrand;71400;71014;Autun;;;4.28559;46.946988
71014_2191_00016;16;;Rue du Moulin Gamet;71400;71014;Autun;;;4.300704;46.940431
71014_1318_00046;46;;Route de Forêt de Planoise;71400;71014;Autun;;;4.339566;46.908482
71014_0405_00003;3;;Rue de Breuil;71400;71014;Autun;;;4.300625;46.943855
71014_3190_00004;4;;Impasse Rollet;71400;71014;Autun;;;4.301891;46.948682
71014_3035_00021;21;;Chemin des Ragots;71400;71014;Autun;;;4.313766;46.947882
71014_0090_00141;141;;Route d'Arnay;71400;71014;Autun;Saint-Pantaléon;;4.314054;46.988554
71014_0500_00016_bis;16;bis;Rue du Capitaine Repoux;71400;71014;Autun;;;4.292664;46.949136
71014_3370_00012;12;;Rue Saint-Pancrace;71400;71014;Autun;;;4.302149;46.946738
71014_2090_00008_bis;8;bis;Rue Mazagran;71400;71014;Autun;;;4.301672;46.953469
71014_3710_00009;9;;Rue Victor Hugo;71400;71014;Autun;Saint-Pantaléon;;4.308689;46.968474
71014_3650_00002;2;;Rue Traversière;71400;71014;Autun;;;4.297657;46.952499
71014_1600_00025;25;;Rue Guérin;71400;71014;Autun;;;4.300505;46.952696
71014_1580_00039;39;;Rue de la Grille;71400;71014;Autun;;;4.294596;46.952387
71014_3590_00006;6;;Place du Terreau;71400;71014;Autun;;;4.29934;46.945136
71014_1010_00022_c;22;c;Rue de la Croix Verte;71400;71014;Autun;;;4.307562;46.954568
71014_3340_00003_a;3;a;Chemin de Saint-Martin;71400;71014;Autun;;;4.303751;46.960865
71014_3320_00007;7;;Rue Saint-Jean;71400;71014;Autun;;;4.300854;46.957179
71014_0915_00046;46;;Avenue du Commandant Neuchèze;71400;71014;Autun;;;4.278476;46.957721
71014_1892_00012;12;;Allée de la Liberté;71400;71014;Autun;;;4.286411;46.945694
71014_0800_00004;4;;Ruelle Chaumont;71400;71014;Autun;;;4.2925;46.946913
71014_0771_00014;14;;Petite Rue Chauchien;71400;71014;Autun;;;4.299153;46.946875
71014_0054_00005;5;;Allée André Malraux;71400;71014;Autun;;;4.280706;46.946538
71014_2043_00008;8;;Rue du Maréchal Juin;71400;71014;Autun;;;4.322471;46.95201
71014_0670_00018_b;18;b;Rue du Chancelier Rolin;71400;71014;Autun;;;4.301154;46.959662
71014_0580_00010;10;;Impasse de la Cathédrale;71400;71014;Autun;;;4.297849;46.944531
71014_2170_00008;8;;Rue Moirans;71400;71014;Autun;Saint-Pantaléon;;4.319736;46.963323
71014_2080_00020;20;;Boulevard Mazagran;71400;71014;Autun;;;4.304371;46.954856
71014_2190_00001_bis;1;bis;Rue du Moulin des Places;71400;71014;Autun;;;4.29937;46.939072
71014_2600_00004;4;;Chemin Hamerton;71400;71014;Autun;;;4.293915;46.961229
71014_3110_00049;49;;Avenue de la République;71400;71014;Autun;;;4.302067;46.958701
71014_3500_00015_bis;15;bis;Rue Talleyrand;71400;71014;Autun;;;4.285229;46.946288
71014_0945_00001;1;;Rue Corneille;71400;71014;Autun;Saint-Pantaléon;;4.307469;46.968097
71014_yk1cfo_00001;1;;Rue du 22ème BMNA;71400;71014;Autun;;;4.297883;46.954596
71014_0055_00004;4;;Avenue André Saclier;71400;71014;Autun;;;4.27335;46.971401
71014_1075_00002;2;;Rue du 19 Mars 1962;71400;71014;Autun;;;4.294496;46.948453
71014_0185_00013;13;;Route de Beaune;71400;71014;Autun;Saint-Pantaléon;;4.314671;46.956217
71014_3650_00008;8;;Rue Traversière;71400;71014;Autun;;;4.296933;46.953297
71014_3110_00058;58;;Avenue de la République;71400;71014;Autun;;;4.298708;46.956995
71014_1220_00005;5;;Rue du Faubourg Saint-Branchez;71400;71014;Autun;;;4.305304;46.945862
71014_3461_00143;143;;Route de Saulieu;71400;71014;Autun;;;4.294609;46.979247
71014_1580_00050;50;;Rue de la Grille;71400;71014;Autun;;;4.29378;46.953613
71014_3461_00135;135;;Route de Saulieu;71400;71014;Autun;;;4.294798;46.976639
71014_1100_00039;39;;Rue des Dremeaux;71400;71014;Autun;Saint-Pantaléon;;4.314269;46.961619
71014_1653_00016;16;;Rue de l'Hermitage;71400;71014;Autun;Saint-Pantaléon;;4.321032;46.961695
71014_1125_00002;2;;Rue des Éduens;71400;71014;Autun;;;4.292245;46.947488
71014_3075_00005;5;;Rue aux Raz;71400;71014;Autun;;;4.296794;46.948374
71014_1652_00002;2;;Rue Hector Berlioz;71400;71014;Autun;Saint-Pantaléon;;4.314691;46.966293
71014_2680_00002;2;;Rue Piolin;71400;71014;Autun;;;4.300242;46.94673
71014_2060_00002;2;;Rue Maurice Ravel;71400;71014;Autun;Saint-Pantaléon;;4.314433;46.966161
71014_3560_00002;2;;Rue des Télots;71400;71014;Autun;Saint-Pantaléon;;4.313131;46.986949
71014_b551_00015;15;;Le Clos du Parc;71400;71014;Autun;;;4.284474;46.948393
71014_1318_00003_ter;3;ter;Route de Forêt de Planoise;71400;71014;Autun;;;4.332322;46.915303
71014_3440_00014;14;;Place Sainte-Barbe;71400;71014;Autun;;;4.300021;46.944633
71014_2055_00035;35;;Route de Margenne;71400;71014;Autun;;;4.257917;46.961899
71014_0220_00023;23;;Rue Bernard Renault;71400;71014;Autun;;;4.297811;46.954339
71014_0949_00003;3;;Passage Gustave Courbet;71400;71014;Autun;;;4.296515;46.959649
71014_0540_00021_ter;21;ter;Rue Carion;71400;71014;Autun;;;4.294541;46.957122
71014_1680_00038;38;;Rue du 8 Septembre;71400;71014;Autun;;;4.300648;46.960329
71014_2041_00028;28;;Petite Rue Marchaux;71400;71014;Autun;;;4.300185;46.953668
71014_0012_00006;6;;Rue des Acacias;71400;71014;Autun;Saint-Pantaléon;;4.312698;46.988361
71014_0880_00012;12;;Rue des Cités;71400;71014;Autun;;;4.298528;46.954033
71014_1210_00018_bis;18;bis;Rue du Faubourg Saint-Andoche;71400;71014;Autun;;;4.293753;46.951825
71014_2165_00015;15;;Rue des Mineurs;71400;71014;Autun;Saint-Pantaléon;;4.310589;46.985315
71014_0090_00096;96;;Route d'Arnay;71400;71014;Autun;Saint-Pantaléon;;4.310277;46.980275
71014_2600_00004_bis;4;bis;Chemin Hamerton;71400;71014;Autun;;;4.293356;46.961777
71014_1235_00020;20;;Rue du Faubourg Talus;71400;71014;Autun;;;4.295172;46.94565
71014_2055_00037;37;;Route de Margenne;71400;71014;Autun;;;4.256426;46.962005
71014_3100_00002;2;;Rue René Cassin;71400;71014;Autun;;;4.278661;46.945987
71014_1390_00005;5;;Rue des Gailles;71400;71014;Autun;;;4.286544;46.94765
71014_2440_00002;2;;Rue de Paris;71400;71014;Autun;;;4.299713;46.95517
71014_3650_00006_c;6;c;Rue Traversière;71400;71014;Autun;;;4.298153;46.953015
71014_0185_00017;17;;Route de Beaune;71400;71014;Autun;Saint-Pantaléon;;4.315;46.956319
71014_2340_00006;6;;Rue Nicéphore Niepce;71400;71014;Autun;Saint-Pantaléon;;4.304501;46.97258
71014_2043_00018;18;;Rue du Maréchal Juin;71400;71014;Autun;;;4.321735;46.950321
71014_0940_00020;20;;Rue aux Cordiers;71400;71014;Autun;;;4.299068;46.948932
71014_2670_00003;3;;Route de Pierrefitte;71400;71014;Autun;;;4.280566;46.96183
71014_1990_00006;6;;Rue de la Maladière;71400;71014;Autun;;;4.307676;46.947369
71014_0301_00019;19;;Rue du Bois Mathey;71400;71014;Autun;;;4.334017;46.909385
71014_0080_00008;8;;Rue de l’Arbalète;71400;71014;Autun;;;4.300415;46.949442
71014_1920_00011;11;;Rue Louis Charlot;71400;71014;Autun;;;4.295916;46.955518
71014_2080_00004;4;;Boulevard Mazagran;71400;71014;Autun;;;4.302358;46.954099
71014_3461_00035;35;;Route de Saulieu;71400;71014;Autun;;;4.293868;46.965192
71014_2040_00028_c;28;c;Grande Rue Marchaux;71400;71014;Autun;;;4.300531;46.954439
71014_qu3gmy_00009_a;9;a;Route du Bois de Sapin;71400;71014;Autun;;;4.282901;46.948426
71014_0940_00015;15;;Rue aux Cordiers;71400;71014;Autun;;;4.299348;46.949205
71014_1075_00003;3;;Rue du 19 Mars 1962;71400;71014;Autun;;;4.293928;46.947847
71014_glbax1_00001;1;;Route du Corps Franc Pommiès;71400;71014;Autun;;;4.287554;46.946377
71014_0771_00002;2;;Petite Rue Chauchien;71400;71014;Autun;;;4.299237;46.947237
71014_3450_00009;9;;Rue Sainte-Barbe;71400;71014;Autun;;;4.300452;46.943992
71014_0643_00037;37;;Rue de la place du Champ de Mars;71400;71014;Autun;;;4.297651;46.949821
71014_2175_00006;6;;Rue Molière;71400;71014;Autun;Saint-Pantaléon;;4.306585;46.968045
71014_1110_00017;17;;Rue Dufraigne;71400;71014;Autun;;;4.299635;46.943458
71014_1206_00017;17;;Rue du Faubourg d’Arroux;71400;71014;Autun;;;4.29613;46.958958
71014_1770_00013;13;;Avenue Jules Basdevant;71400;71014;Autun;;;4.305382;46.952232
71014_0700_00006;6;;Ruelle de la Charite;71400;71014;Autun;;;4.300639;46.946556
71014_1780_00006;6;;Rue Jean Friess;71400;71014;Autun;Saint-Pantaléon;;4.312964;46.989053
71014_0740_00008_bis;8;bis;Avenue Charles de Gaulle;71400;71014;Autun;;;4.297896;46.95122
71014_2701_00012;12;;Rue de Planoise;71400;71014;Autun;;;4.312865;46.940568
71014_3610_00002;2;;Rue du Théâtre Romain;71400;71014;Autun;;;4.307467;46.955731
71014_1845_00002;2;;Chemin de la Justice;71400;71014;Autun;Saint-Pantaléon;;4.312465;46.984103
71014_2180_00020;20;;Rue Monseigneur Villard;71400;71014;Autun;;;4.287937;46.949866
71014_0740_00010;10;;Avenue Charles de Gaulle;71400;71014;Autun;;;4.297814;46.951302
71014_2030_00017;17;;Rue des Marbres;71400;71014;Autun;;;4.304209;46.949885
71014_0360_00018;18;;Rue du Bourg;71400;71014;Autun;Saint-Pantaléon;;4.310786;46.961452
71014_3110_00050;50;;Avenue de la République;71400;71014;Autun;;;4.297712;46.956565
71014_2041_00023_bis;23;bis;Petite Rue Marchaux;71400;71014;Autun;;;4.2999;46.953609
71014_1580_00031;31;;Rue de la Grille;71400;71014;Autun;;;4.294949;46.952084
71014_yk1cfo_00005;5;;Rue du 22ème BMNA;71400;71014;Autun;;;4.2977;46.954794
71014_0070_00005;5;;Rue Antoine Clement;71400;71014;Autun;Saint-Pantaléon;;4.312208;46.963594
71014_0876_00035;35;;Route de la Chicolle et de Montjeu;71400;71014;Autun;;;4.286217;46.923516
71014_1640_00008;8;;Place d’Hallencourt;71400;71014;Autun;;;4.300006;46.946109
71014_0185_00031;31;;Route de Beaune;71400;71014;Autun;Saint-Pantaléon;;4.316716;46.956865
71014_1370_00002;2;;Rue des Fusiliers Marins;71400;71014;Autun;;;4.306881;46.956677
71014_3800_00002;2;;Rue des Violettes;71400;71014;Autun;Saint-Pantaléon;;4.309812;46.967287
71014_qu3gmy_00011;11;;Route du Bois de Sapin;71400;71014;Autun;;;4.281774;46.948196
71014_1450_00011;11;;Rue de la Garenne Bretin;71400;71014;Autun;;;4.341481;46.905521
71014_2330_00001_ter;1;ter;Rue Naudin;71400;71014;Autun;;;4.298818;46.957763
71014_2350_00001;1;;Impasse Notre Dame;71400;71014;Autun;;;4.298332;46.944068
71014_0890_00011;11;;Rue du Clos Jovet;71400;71014;Autun;;;4.302687;46.955734
71014_0220_00008;8;;Rue Bernard Renault;71400;71014;Autun;;;4.297029;46.953895
71014_2660_00011;11;;Rue des Pierres;71400;71014;Autun;;;4.301172;46.961176
71014_0940_00055;55;;Rue aux Cordiers;71400;71014;Autun;;;4.298611;46.948311
71014_0560_00005;5;;Rue du Carrouge;71400;71014;Autun;;;4.296021;46.949672
71014_3100_00013;13;;Rue René Cassin;71400;71014;Autun;;;4.277961;46.947234
71014_0740_00012_bis;12;bis;Avenue Charles de Gaulle;71400;71014;Autun;;;4.297492;46.951655
71014_1580_00017;17;;Rue de la Grille;71400;71014;Autun;;;4.296107;46.95111
71014_3610_00018;18;;Rue du Théâtre Romain;71400;71014;Autun;;;4.309044;46.955539
71014_1580_00008;8;;Rue de la Grille;71400;71014;Autun;;;4.29675;46.950674
71014_1640_00005;5;;Place d’Hallencourt;71400;71014;Autun;;;4.300205;46.946564
71014_3370_00018;18;;Rue Saint-Pancrace;71400;71014;Autun;;;4.302774;46.946448
71014_1100_00049;49;;Rue des Dremeaux;71400;71014;Autun;Saint-Pantaléon;;4.315648;46.961994
71014_1215_00007;7;;Rue du Faubourg Saint-André;71400;71014;Autun;;;4.306418;46.958087
71014_0335_00023;23;;Route de la Bondelue;71400;71014;Autun;;;4.339684;46.891301
71014_1218_00002;2;;Rue du Faubourg Saint-Blaise;71400;71014;Autun;;;4.300108;46.942089
71014_1917_00001;1;;Rue Louis Aragon;71400;71014;Autun;;;4.320886;46.953924
71014_1600_00007;7;;Rue Guérin;71400;71014;Autun;;;4.300048;46.952069
71014_0743_00003;3;;Rue Charles Gounod;71400;71014;Autun;Saint-Pantaléon;;4.314621;46.966718
71014_1780_00012;12;;Rue Jean Friess;71400;71014;Autun;Saint-Pantaléon;;4.31225;46.988188
71014_2182_00003;3;;Chemin de Montmain;71400;71014;Autun;;;4.317128;46.938868
71014_1450_00012;12;;Rue de la Garenne Bretin;71400;71014;Autun;;;4.342427;46.9046
71014_3500_00011;11;;Rue Talleyrand;71400;71014;Autun;;;4.285488;46.946843
71014_3130_00004_b;4;b;Boulevard des Résistants Fusillés;71400;71014;Autun;;;4.293651;46.949208
71014_2701_00011;11;;Rue de Planoise;71400;71014;Autun;;;4.310991;46.940533
71014_0871_00005;5;;Impasse des Carilloux;71400;71014;Autun;Saint-Pantaléon;;4.314607;46.96097
71014_0770_00031;31;;Grande Rue Chauchien;71400;71014;Autun;;;4.299287;46.947405
71014_0771_00017;17;;Petite Rue Chauchien;71400;71014;Autun;;;4.29915;46.946651
71014_2440_00011;11;;Rue de Paris;71400;71014;Autun;;;4.299469;46.955331
71014_1100_00018;18;;Rue des Dremeaux;71400;71014;Autun;Saint-Pantaléon;;4.311974;46.960714
71014_3461_00048_bis;48;bis;Route de Saulieu;71400;71014;Autun;Saint-Pantaléon;;4.294131;46.966273
71014_2570_00019;19;;Rue du Petit Pont;71400;71014;Autun;;;4.299356;46.940495
71014_0670_00006_d;6;d;Rue du Chancelier Rolin;71400;71014;Autun;;;4.301133;46.959185
71014_1580_00041;41;;Rue de la Grille;71400;71014;Autun;;;4.29445;46.952511
71014_1227_00039;39;;Rue de la Fontaine Molaine;71400;71014;Autun;;;4.354004;46.890351
71014_0796_00008;8;;Impasse Chaumont;71400;71014;Autun;;;4.293948;46.946316
71014_2520_00001;1;;Rue du Parc Saint-Jean;71400;71014;Autun;;;4.297126;46.959782
71014_0890_00019;19;;Rue du Clos Jovet;71400;71014;Autun;;;4.303221;46.956719
71014_0230_00020_bis;20;bis;Rue du Beuvray;71400;71014;Autun;;;4.288376;46.948873
71014_3110_00046;46;;Avenue de la République;71400;71014;Autun;;;4.297364;46.956401
71014_2030_00016;16;;Rue des Marbres;71400;71014;Autun;;;4.304422;46.949855
71014_1280_00006;6;;Rue des Fleurs;71400;71014;Autun;;;4.299165;46.958764
71014_0165_00019_bis;19;bis;Rue de la Barre;71400;71014;Autun;;;4.289251;46.947573
71014_3610_00012;12;;Rue du Théâtre Romain;71400;71014;Autun;;;4.308465;46.955614
71014_0800_00006;6;;Ruelle Chaumont;71400;71014;Autun;;;4.292902;46.94672
71014_1860_00006_bis;6;bis;Rue Jean et Bernard de Lattre de Tassigny;71400;71014;Autun;;;4.299794;46.951392
71014_0100_00014;14;;Rue de l’Arquebuse;71400;71014;Autun;;;4.301485;46.94997
71014_3480_00003;3;;Rue des Sous-Chantres;71400;71014;Autun;;;4.29997;46.944159
71014_0185_00014;14;;Route de Beaune;71400;71014;Autun;Saint-Pantaléon;;4.322534;46.958816
71014_1870_00009_bis;9;bis;Rue Lauchien le Boucher;71400;71014;Autun;;;4.304973;46.947902
71014_3740_00002_bis;2;bis;Rue de la Vieille Halle;71400;71014;Autun;;;4.29937;46.953842
71014_1501_00003;3;;Place du General Brosset;71400;71014;Autun;Saint-Pantaléon;;4.31466;46.967773
71014_3075_00023;23;;Rue aux Raz;71400;71014;Autun;;;4.297992;46.946929
71014_3020_00003;3;;Rue Racine;71400;71014;Autun;Saint-Pantaléon;;4.308257;46.967803
71014_0540_00019;19;;Rue Carion;71400;71014;Autun;;;4.293814;46.956654
71014_1898_00008;8;;Rue Lieutenant-Colonel de Sairigné;71400;71014;Autun;;;4.276113;46.968118
71014_2660_00001;1;;Rue des Pierres;71400;71014;Autun;;;4.302195;46.959448
71014_2080_00027_bis;27;bis;Boulevard Mazagran;71400;71014;Autun;;;4.305389;46.955371
71014_1235_00042;42;;Rue du Faubourg Talus;71400;71014;Autun;;;4.290802;46.946428
71014_1355_00018;18;;Boulevard Fréderic Latouche;71400;71014;Autun;;;4.302311;46.953681
71014_2043_00007;7;;Rue du Maréchal Juin;71400;71014;Autun;;;4.32252;46.952199
71014_1136_00001;1;;Esplanade Colonel Lucien Nectoux;71400;71014;Autun;;;4.31334;46.942409
71014_0740_00022;22;;Avenue Charles de Gaulle;71400;71014;Autun;;;4.296827;46.952317
71014_1400_00002;2;;Rue de Gaillon;71400;71014;Autun;;;4.302433;46.958198
71014_2040_00009;9;;Grande Rue Marchaux;71400;71014;Autun;;;4.300385;46.953885
71014_0670_00013;13;;Rue du Chancelier Rolin;71400;71014;Autun;;;4.30058;46.959638
71014_3010_00011_bis;11;bis;Rue des 4 Vents;71400;71014;Autun;;;4.299347;46.956658
71014_0285_00001;1;;Rue du Lotissement du Bois de Sapin;71400;71014;Autun;;;4.279557;46.946594
71014_3350_00008;8;;Rue Saint-Nicolas;71400;71014;Autun;;;4.300132;46.955303
71014_0571_00005;5;;Rue de la Cascade;71400;71014;Autun;;;4.311034;46.941112
71014_2350_00010;10;;Impasse Notre Dame;71400;71014;Autun;;;4.298;46.944054
71014_1220_00009;9;;Rue du Faubourg Saint-Branchez;71400;71014;Autun;;;4.305159;46.945774
71014_0500_00018_b;18;b;Rue du Capitaine Repoux;71400;71014;Autun;;;4.292408;46.949067
71014_1652_00006;6;;Rue Hector Berlioz;71400;71014;Autun;Saint-Pantaléon;;4.31523;46.966216
71014_2040_00003;3;;Grande Rue Marchaux;71400;71014;Autun;;;4.300757;46.953655
71014_2185_00034;34;;Route de Montromble;71400;71014;Autun;;;4.352356;46.886425
71014_1220_00004_a;4;a;Rue du Faubourg Saint-Branchez;71400;71014;Autun;;;4.304798;46.946125
71014_0650_00029;29;;Rue du Champ Gevras;71400;71014;Autun;;;4.292814;46.945303
71014_0770_00009;9;;Grande Rue Chauchien;71400;71014;Autun;;;4.298725;46.947986
71014_1257_00004;4;;Rue des Feuillies;71400;71014;Autun;;;4.336109;46.911122
71014_3270_00010;10;;Rue Saint-Christophe;71400;71014;Autun;;;4.297456;46.95018
71014_3610_00020_e;20;e;Rue du Théâtre Romain;71400;71014;Autun;;;4.308924;46.95484
71014_0771_00020_b;20;b;Petite Rue Chauchien;71400;71014;Autun;;;4.299111;46.946716
71014_0645_00014;14;;Rue du Champ du Moulin;71400;71014;Autun;Saint-Pantaléon;;4.312372;46.987696
71014_1930_00004_bis;4;bis;Boulevard Mac Mahon;71400;71014;Autun;;;4.297386;46.944522
71014_0755_00101;101;;Route de Château-Chinon;71400;71014;Autun;;;4.27641;46.96612
71014_1125_00022;22;;Rue des Éduens;71400;71014;Autun;;;4.290855;46.949509
71014_1210_00058;58;;Rue du Faubourg Saint-Andoche;71400;71014;Autun;;;4.292064;46.953305
71014_1206_00008_bis;8;bis;Rue du Faubourg d’Arroux;71400;71014;Autun;;;4.296554;46.958747
71014_1129_00001;1;;Passage Estelle Nectoux;71400;71014;Autun;;;4.295708;46.954749
71014_2090_00004;4;;Rue Mazagran;71400;71014;Autun;;;4.301197;46.953528
71014_2165_00006_bis;6;bis;Rue des Mineurs;71400;71014;Autun;Saint-Pantaléon;;4.310427;46.98573
71014_2165_00013;13;;Rue des Mineurs;71400;71014;Autun;Saint-Pantaléon;;4.310625;46.985415
71014_3560_00004;4;;Rue des Télots;71400;71014;Autun;Saint-Pantaléon;;4.312631;46.987004
71014_1840_00003;3;;Rue Joseph-François de Champeaux;71400;71014;Autun;Saint-Pantaléon;;4.311323;46.965315
71014_zto6y4_00007;7;;Place Pierre Saint Yves;71400;71014;Autun;;;4.300659;46.956405
71014_3440_00004;4;;Place Sainte-Barbe;71400;71014;Autun;;;4.299793;46.944785
71014_3190_00005;5;;Impasse Rollet;71400;71014;Autun;;;4.301847;46.948603
71014_0990_00008;8;;Rue de la Croix Blanche;71400;71014;Autun;;;4.30153;46.956374
71014_2660_00018;18;;Rue des Pierres;71400;71014;Autun;;;4.3018;46.960982
71014_1180_00005;5;;Impasse de l’Evêché;71400;71014;Autun;;;4.300586;46.944715
71014_0470_00006;6;;Rue Bulliot;71400;71014;Autun;;;4.296614;46.949514
71014_0540_00005_c;5;c;Rue Carion;71400;71014;Autun;;;4.290653;46.955737
71014_2775_00104;104;;Route du Puits d'Alligny;71400;71014;Autun;;;4.284903;46.980532
71014_0080_00005;5;;Rue de l’Arbalète;71400;71014;Autun;;;4.299863;46.949678
71014_0540_00002;2;;Rue Carion;71400;71014;Autun;;;4.290591;46.955385
71014_b551_00016;16;;Le Clos du Parc;71400;71014;Autun;;;4.284645;46.948285
71014_3420_00018_b;18;b;Rue Saint-Saulge;71400;71014;Autun;;;4.298023;46.948375
71014_3740_00005;5;;Rue de la Vieille Halle;71400;71014;Autun;;;4.299325;46.953761
71014_3340_00003_c;3;c;Chemin de Saint-Martin;71400;71014;Autun;;;4.302831;46.961524
71014_0571_00027;27;;Rue de la Cascade;71400;71014;Autun;;;4.313061;46.941945
71014_3330_00012;12;;Place Saint-louis;71400;71014;Autun;;;4.298913;46.945377
71014_2040_00016;16;;Grande Rue Marchaux;71400;71014;Autun;;;4.300491;46.9539
71014_0571_00007;7;;Rue de la Cascade;71400;71014;Autun;;;4.311167;46.941178
71014_0090_00007;7;;Route d'Arnay;71400;71014;Autun;;;4.305471;46.95869
71014_1050_00022;22;;Avenue du 2e Dragons;71400;71014;Autun;;;4.310662;46.954896
71014_2630_00006;6;;Rue Pierre et Marie Curie;71400;71014;Autun;Saint-Pantaléon;;4.30552;46.966109
71014_1860_00013;13;;Rue Jean et Bernard de Lattre de Tassigny;71400;71014;Autun;;;4.299711;46.950746
71014_0571_00004;4;;Rue de la Cascade;71400;71014;Autun;;;4.311081;46.94111
71014_1851_00008;8;;Rue de la Fontaine;71400;71014;Autun;Saint-Pantaléon;;4.307015;46.96885
71014_2511_00005;5;;Rue du Parc des Drémeaux;71400;71014;Autun;Saint-Pantaléon;;4.314004;46.959827
71014_2250_00008;8;;Avenue du Morvan;71400;71014;Autun;;;4.293603;46.950008
71014_1845_00006;6;;Chemin de la Justice;71400;71014;Autun;Saint-Pantaléon;;4.312586;46.984407
71014_1730_00001;1;;Rue de la Jambe de Bois;71400;71014;Autun;;;4.30448;46.949953
71014_0890_00003;3;;Rue du Clos Jovet;71400;71014;Autun;;;4.302539;46.955165
71014_1210_00042;42;;Rue du Faubourg Saint-Andoche;71400;71014;Autun;;;4.292616;46.952699
71014_6lsatw_00001;1;;Passage Balthus;71400;71014;Autun;;;4.29837;46.949034
71014_0565_00004;4;;Ruelle du Carrouge;71400;71014;Autun;;;4.295782;46.950859
71014_0571_00009;9;;Rue de la Cascade;71400;71014;Autun;;;4.311321;46.941251
71014_0740_00016;16;;Avenue Charles de Gaulle;71400;71014;Autun;;;4.297166;46.952007
71014_1235_00033;33;;Rue du Faubourg Talus;71400;71014;Autun;;;4.288543;46.946764
71014_2170_00012;12;;Rue Moirans;71400;71014;Autun;Saint-Pantaléon;;4.318963;46.964222
71014_1210_00033;33;;Rue du Faubourg Saint-Andoche;71400;71014;Autun;;;4.293214;46.952046
71014_0940_00026;26;;Rue aux Cordiers;71400;71014;Autun;;;4.298834;46.948694
71014_0365_00042;42;;Rue de Bourgogne;71400;71014;Autun;Saint-Pantaléon;;4.326188;46.96398
71014_1600_00030;30;;Rue Guérin;71400;71014;Autun;;;4.300954;46.95325
71014_3110_00014;14;;Avenue de la République;71400;71014;Autun;;;4.292806;46.954234
71014_2080_00008;8;;Boulevard Mazagran;71400;71014;Autun;;;4.302684;46.954218
71014_0230_00045;45;;Rue du Beuvray;71400;71014;Autun;;;4.285205;46.948684
71014_1790_00011;11;;Rue Jeannin;71400;71014;Autun;;;4.29854;46.951259
71014_3395_00003;3;;Ruelle Saint-Pierre;71400;71014;Autun;Saint-Pantaléon;;4.322076;46.962419
71014_1100_00002;2;;Rue des Dremeaux;71400;71014;Autun;Saint-Pantaléon;;4.30832;46.958964
71014_1785_00007;7;;Chemin Jeanne Barret;71400;71014;Autun;;;4.28844;46.961525
71014_glbax1_00012;12;;Route du Corps Franc Pommiès;71400;71014;Autun;;;4.286014;46.946423
71014_1898_00001;1;;Rue Lieutenant-Colonel de Sairigné;71400;71014;Autun;;;4.273785;46.969992
71014_2620_00003;3;;Rue Pierre Châtillon;71400;71014;Autun;;;4.298352;46.955133
71014_1125_00001_bis;1;bis;Rue des Éduens;71400;71014;Autun;;;4.292307;46.947615
71014_1100_00053;53;;Rue des Dremeaux;71400;71014;Autun;Saint-Pantaléon;;4.316732;46.96249
71014_0915_00004;4;;Avenue du Commandant Neuchèze;71400;71014;Autun;;;4.286344;46.956629
71014_2180_00018;18;;Rue Monseigneur Villard;71400;71014;Autun;;;4.288309;46.949879
71014_2041_00027;27;;Petite Rue Marchaux;71400;71014;Autun;;;4.299988;46.953879
71014_0540_00011_bis;11;bis;Rue Carion;71400;71014;Autun;;;4.291336;46.955251
71014_0620_00006;6;;Rue du Chalet Bleu;71400;71014;Autun;Saint-Pantaléon;;4.307276;46.962205
71014_2340_00007;7;;Rue Nicéphore Niepce;71400;71014;Autun;Saint-Pantaléon;;4.303639;46.970793
71014_1830_00016;16;;Rue des Jonquilles;71400;71014;Autun;Saint-Pantaléon;;4.310013;46.9689
71014_3461_00048;48;;Route de Saulieu;71400;71014;Autun;Saint-Pantaléon;;4.294083;46.966439
71014_1160_00004;4;;Rue Eumène;71400;71014;Autun;;;4.297897;46.952196
71014_1318_00004_bis;4;bis;Route de Forêt de Planoise;71400;71014;Autun;;;4.332848;46.914468
71014_0090_00033;33;;Route d'Arnay;71400;71014;Autun;Saint-Pantaléon;;4.304339;46.962913
71014_0990_00004_bis;4;bis;Rue de la Croix Blanche;71400;71014;Autun;;;4.301227;46.956296
71014_3270_00002;2;;Rue Saint-Christophe;71400;71014;Autun;;;4.297374;46.949755
71014_2639_00018;18;;Rue Pierre Mendès France;71400;71014;Autun;Saint-Pantaléon;;4.310033;46.962795
71014_2680_00013;13;;Rue Piolin;71400;71014;Autun;;;4.300544;46.946969
71014_2680_00009;9;;Rue Piolin;71400;71014;Autun;;;4.300283;46.94684
71014_1847_00008;8;;Rue Kawagoe;71400;71014;Autun;;;4.278845;46.943665
71014_3110_00066;66;;Avenue de la République;71400;71014;Autun;;;4.30026;46.957676
71014_0230_00030;30;;Rue du Beuvray;71400;71014;Autun;;;4.287495;46.948846
71014_0090_00010;10;;Route d'Arnay;71400;71014;Autun;;;4.305394;46.959114
71014_1075_00014;14;;Rue du 19 Mars 1962;71400;71014;Autun;;;4.293038;46.947619
71014_2470_00009;9;;Rue de Parpas;71400;71014;Autun;;;4.291615;46.951621
71014_1680_00024;24;;Rue du 8 Septembre;71400;71014;Autun;;;4.299978;46.959646
71014_1050_00012;12;;Avenue du 2e Dragons;71400;71014;Autun;;;4.309653;46.954427
71014_2670_00001;1;;Route de Pierrefitte;71400;71014;Autun;;;4.280969;46.961846
71014_3270_00005;5;;Rue Saint-Christophe;71400;71014;Autun;;;4.297131;46.949866
71014_0743_00007;7;;Rue Charles Gounod;71400;71014;Autun;Saint-Pantaléon;;4.314944;46.966948
71014_0301_00055;55;;Rue du Bois Mathey;71400;71014;Autun;;;4.338311;46.905132
71014_2741_00047;47;;Rue de la 1ere Armée;71400;71014;Autun;Saint-Pantaléon;;4.310827;46.977857
71014_0301_00069;69;;Rue du Bois Mathey;71400;71014;Autun;;;4.339858;46.90393
71014_2380_00013;13;;Rue du 11 Novembre 1918;71400;71014;Autun;;;4.290809;46.952518
71014_3010_00002;2;;Rue des 4 Vents;71400;71014;Autun;;;4.300449;46.95653
71014_0230_00010;10;;Rue du Beuvray;71400;71014;Autun;;;4.289526;46.948904
71014_0090_00049;49;;Route d'Arnay;71400;71014;Autun;Saint-Pantaléon;;4.304353;46.965697
71014_1730_00008_b;8;b;Rue de la Jambe de Bois;71400;71014;Autun;;;4.304627;46.948747
71014_1160_00020;20;;Rue Eumène;71400;71014;Autun;;;4.299231;46.952918
71014_2511_00019;19;;Rue du Parc des Drémeaux;71400;71014;Autun;Saint-Pantaléon;;4.316276;46.960183
71014_0301_00041;41;;Rue du Bois Mathey;71400;71014;Autun;;;4.335195;46.907161
71014_1580_00043;43;;Rue de la Grille;71400;71014;Autun;;;4.29409;46.95296
71014_3275_00009;9;;Route de Saint-Denis;71400;71014;Autun;Saint-Pantaléon;;4.318601;46.967911
71014_1790_00013;13;;Rue Jeannin;71400;71014;Autun;;;4.298293;46.951173
71014_0990_00028;28;;Rue de la Croix Blanche;71400;71014;Autun;;;4.303944;46.956927
71014_1140_00007;7;;Rue Eugène Chevalier;71400;71014;Autun;;;4.299477;46.958566
71014_3270_00018;18;;Rue Saint-Christophe;71400;71014;Autun;;;4.296877;46.950207
71014_bhwa95_00001;1;;Place René Cassin;71400;71014;Autun;Saint-Pantaléon;;4.310108;46.962145
71014_0345_00017;17;;Rue Borgne;71400;71014;Autun;Saint-Pantaléon;;4.315994;46.971242
71014_2570_00007;7;;Rue du Petit Pont;71400;71014;Autun;;;4.300062;46.941155
71014_3461_00007;7;;Route de Saulieu;71400;71014;Autun;;;4.29428;46.961785
71014_1160_00008_bis;8;bis;Rue Eumène;71400;71014;Autun;;;4.298415;46.952464
71014_1660_00007;7;;Rue de l'Horloge;71400;71014;Autun;;;4.300326;46.95283
71014_3100_00005;5;;Rue René Cassin;71400;71014;Autun;;;4.278385;46.945881
71014_1331_00012;12;;Rue de la Foret;71400;71014;Autun;;;4.309006;46.940165
71014_1100_00009;9;;Rue des Dremeaux;71400;71014;Autun;Saint-Pantaléon;;4.309192;46.959701
71014_1570_00008;8;;Rue De la Griottière;71400;71014;Autun;Saint-Pantaléon;;4.317355;46.964298
71014_2043_00020;20;;Rue du Maréchal Juin;71400;71014;Autun;;;4.321205;46.950145
71014_1125_00013;13;;Rue des Éduens;71400;71014;Autun;;;4.291985;46.948083
71014_1390_00004;4;;Rue des Gailles;71400;71014;Autun;;;4.287425;46.947511
71014_0301_00025;25;;Rue du Bois Mathey;71400;71014;Autun;;;4.334253;46.908808
71014_2340_00011;11;;Rue Nicéphore Niepce;71400;71014;Autun;Saint-Pantaléon;;4.302985;46.972529
71014_0230_00020;20;;Rue du Beuvray;71400;71014;Autun;;;4.28852;46.948877
71014_3720_00017;17;;Rue Victor Terret;71400;71014;Autun;;;4.298289;46.937601
71014_3685_00001;1;;Rue de la Verrerie;71400;71014;Autun;;;4.27929;46.958096
71014_1050_00015_bis;15;bis;Avenue du 2e Dragons;71400;71014;Autun;;;4.309574;46.954597
71014_0370_00015;15;;Rue Bouteiller;71400;71014;Autun;;;4.302901;46.945924
71014_3278_00020_bis;20;bis;Rue Saint-Étienne;71400;71014;Autun;Saint-Pantaléon;;4.324509;46.963288
71014_0301_00060;60;;Rue du Bois Mathey;71400;71014;Autun;;;4.336896;46.906284
71014_1218_00058;58;;Rue du Faubourg Saint-Blaise;71400;71014;Autun;;;4.298555;46.937483
71014_1160_00015;15;;Rue Eumène;71400;71014;Autun;;;4.299225;46.95303
71014_3240_00016;16;;Rue Saint-Antoine;71400;71014;Autun;;;4.301684;46.947813
71014_0230_00036;36;;Rue du Beuvray;71400;71014;Autun;;;4.286776;46.948826
71014_2570_00005;5;;Rue du Petit Pont;71400;71014;Autun;;;4.300223;46.941448
71014_2701_00007;7;;Rue de Planoise;71400;71014;Autun;;;4.310212;46.940604
71014_2510_00005;5;;Rue Pernette;71400;71014;Autun;;;4.296621;46.95158
71014_0740_00054;54;;Avenue Charles de Gaulle;71400;71014;Autun;;;4.295027;46.954283
71014_3650_00006;6;;Rue Traversière;71400;71014;Autun;;;4.29734;46.952828
71014_0626_00120;120;;Route de Chalon;71400;71014;Autun;Saint-Pantaléon;;4.338022;46.949123
71014_2511_00016;16;;Rue du Parc des Drémeaux;71400;71014;Autun;Saint-Pantaléon;;4.315449;46.959487
71014_1050_00008;8;;Avenue du 2e Dragons;71400;71014;Autun;;;4.309129;46.954055
71014_2741_00048;48;;Rue de la 1ere Armée;71400;71014;Autun;Saint-Pantaléon;;4.311147;46.976903
71014_3370_00011;11;;Rue Saint-Pancrace;71400;71014;Autun;;;4.303011;46.946406
71014_2120_00001;1;;Route de Mesvres;71400;71014;Autun;;;4.292079;46.947257
71014_1075_00006;6;;Rue du 19 Mars 1962;71400;71014;Autun;;;4.29429;46.948123
71014_3100_00001;1;;Rue René Cassin;71400;71014;Autun;;;4.278924;46.946011
71014_0540_00023;23;;Rue Carion;71400;71014;Autun;;;4.294781;46.957213
71014_0230_00038;38;;Rue du Beuvray;71400;71014;Autun;;;4.28656;46.948824
71014_3640_00002;2;;Rue du Traité d’Anvers;71400;71014;Autun;;;4.293845;46.964761
71014_2020_00008;8;;Rue Maquis de l’Autunois Morvan;71400;71014;Autun;;;4.269244;46.970848
71014_1215_00018;18;;Rue du Faubourg Saint-André;71400;71014;Autun;;;4.307335;46.958553
71014_0185_00002;2;;Route de Beaune;71400;71014;Autun;Saint-Pantaléon;;4.315994;46.956445
71014_1206_00022;22;;Rue du Faubourg d’Arroux;71400;71014;Autun;;;4.295757;46.959508
71014_3760_00009;9;;Rue du Vieux Collège;71400;71014;Autun;;;4.296079;46.949955
71014_3650_00007;7;;Rue Traversière;71400;71014;Autun;;;4.297274;46.952691
71014_1210_00053;53;;Rue du Faubourg Saint-Andoche;71400;71014;Autun;;;4.290655;46.954944
71014_2090_00005;5;;Rue Mazagran;71400;71014;Autun;;;4.301195;46.953664
71014_6lsatw_00002;2;;Passage Balthus;71400;71014;Autun;;;4.298444;46.949102
71014_1860_00017;17;;Rue Jean et Bernard de Lattre de Tassigny;71400;71014;Autun;;;4.299609;46.95037
71014_2660_00004;4;;Rue des Pierres;71400;71014;Autun;;;4.301757;46.959862
71014_1257_00012;12;;Rue des Feuillies;71400;71014;Autun;;;4.336552;46.909608
71014_2182_00002;2;;Chemin de Montmain;71400;71014;Autun;;;4.316853;46.939156
71014_2340_00031;31;;Rue Nicéphore Niepce;71400;71014;Autun;Saint-Pantaléon;;4.305645;46.975681
71014_1225_00004;4;;Rue du Faubourg Saint-Pancrace;71400;71014;Autun;;;4.304125;46.945541
71014_3270_00009;9;;Rue Saint-Christophe;71400;71014;Autun;;;4.297034;46.949966
71014_0230_00029_bis;29;bis;Rue du Beuvray;71400;71014;Autun;;;4.286819;46.948728
71014_2570_00003_bis;3;bis;Rue du Petit Pont;71400;71014;Autun;;;4.300265;46.941534
71014_0770_00026;26;;Grande Rue Chauchien;71400;71014;Autun;;;4.299022;46.947557
71014_0540_00021;21;;Rue Carion;71400;71014;Autun;;;4.294182;46.956891
71014_0560_00008;8;;Rue du Carrouge;71400;71014;Autun;;;4.295657;46.950135
71014_1321_00004;4;;Ruelle Florand;71400;71014;Autun;Saint-Pantaléon;;4.319913;46.961499
71014_0771_00001;1;;Petite Rue Chauchien;71400;71014;Autun;;;4.299297;46.947171
71014_1208_00015;15;;Rue du Faubourg du Breuil;71400;71014;Autun;;;4.302414;46.942668
71014_2050_00012;12;;Rue aux Maréchaux;71400;71014;Autun;;;4.29944;46.946551
71014_3010_00011;11;;Rue des 4 Vents;71400;71014;Autun;;;4.299927;46.956925
71014_rv6nz8_00002;2;;Rue du Couvent;71400;71014;Autun;Saint-Pantaléon;;4.307616;46.962352
71014_3440_00002;2;;Place Sainte-Barbe;71400;71014;Autun;;;4.29971;46.944837
71014_1504_00015;15;;Rue Général Demetz;71400;71014;Autun;;;4.298043;46.949012
71014_1870_00013;13;;Rue Lauchien le Boucher;71400;71014;Autun;;;4.305606;46.947973
71014_1680_00040;40;;Rue du 8 Septembre;71400;71014;Autun;;;4.300748;46.960432
71014_1210_00084;84;;Rue du Faubourg Saint-Andoche;71400;71014;Autun;;;4.289672;46.955714
71014_1090_00004;4;;Rue du Docteur Gillot;71400;71014;Autun;;;4.298426;46.947712
71014_qu3gmy_00009;9;;Route du Bois de Sapin;71400;71014;Autun;;;4.282398;46.948349
71014_0225_00007;7;;Rue de Bellevue;71400;71014;Autun;Saint-Pantaléon;;4.306534;46.963344
71014_2191_00002;2;;Rue du Moulin Gamet;71400;71014;Autun;;;4.299569;46.940597
71014_0626_00001;1;;Route de Chalon;71400;71014;Autun;Saint-Pantaléon;;4.316781;46.95592
71014_0500_00018_a;18;a;Rue du Capitaine Repoux;71400;71014;Autun;;;4.292601;46.949196
71014_0755_00091;91;;Route de Château-Chinon;71400;71014;Autun;;;4.277338;46.96537
71014_0770_00002_bis;2;bis;Grande Rue Chauchien;71400;71014;Autun;;;4.298499;46.94822
71014_0915_00060;60;;Avenue du Commandant Neuchèze;71400;71014;Autun;;;4.275378;46.958101
71014_0740_00010_a;10;a;Avenue Charles de Gaulle;71400;71014;Autun;;;4.297789;46.951324
71014_2741_00049;49;;Rue de la 1ere Armée;71400;71014;Autun;Saint-Pantaléon;;4.310768;46.978118
71014_0100_00022;22;;Rue de l’Arquebuse;71400;71014;Autun;;;4.302567;46.950407
71014_3275_00033;33;;Route de Saint-Denis;71400;71014;Autun;Saint-Pantaléon;;4.324757;46.970369
71014_0890_00003_b;3;b;Rue du Clos Jovet;71400;71014;Autun;;;4.302188;46.955384
71014_3610_00020_i;20;i;Rue du Théâtre Romain;71400;71014;Autun;;;4.308933;46.954357
71014_0012_00014;14;;Rue des Acacias;71400;71014;Autun;Saint-Pantaléon;;4.311821;46.988569
71014_0225_00004;4;;Rue de Bellevue;71400;71014;Autun;Saint-Pantaléon;;4.305058;46.963112
71014_0770_00015;15;;Grande Rue Chauchien;71400;71014;Autun;;;4.298895;46.947822
71014_0340_00003_bis;3;bis;Rue de la Bondue;71400;71014;Autun;;;4.300968;46.9542
71014_b551_00008;8;;Le Clos du Parc;71400;71014;Autun;;;4.28453;46.947374
71014_1210_00012;12;;Rue du Faubourg Saint-Andoche;71400;71014;Autun;;;4.294161;46.951477
71014_1730_00005;5;;Rue de la Jambe de Bois;71400;71014;Autun;;;4.304789;46.949664
71014_0301_00028;28;;Rue du Bois Mathey;71400;71014;Autun;;;4.3339;46.909544
71014_1355_00013;13;;Boulevard Fréderic Latouche;71400;71014;Autun;;;4.302365;46.952906
71014_0650_00021;21;;Rue du Champ Gevras;71400;71014;Autun;;;4.291005;46.945484
71014_1820_00010;10;;Rue Jondeau;71400;71014;Autun;;;4.297188;46.950579
71014_0500_00016;16;;Rue du Capitaine Repoux;71400;71014;Autun;;;4.292827;46.949005
71014_0571_00011;11;;Rue de la Cascade;71400;71014;Autun;;;4.311563;46.941378
71014_0301_00036;36;;Rue du Bois Mathey;71400;71014;Autun;;;4.334048;46.908811
71014_2790_00003;3;;Ruelle du Puits Charpiot;71400;71014;Autun;;;4.300259;46.953072
71014_1208_00013;13;;Rue du Faubourg du Breuil;71400;71014;Autun;;;4.302265;46.942733
71014_1257_00014;14;;Rue des Feuillies;71400;71014;Autun;;;4.336736;46.909442
71014_3075_00020;20;;Rue aux Raz;71400;71014;Autun;;;4.298367;46.946503
71014_2020_00001;1;;Rue Maquis de l’Autunois Morvan;71400;71014;Autun;;;4.270318;46.969948
71014_1210_00049_b;49;b;Rue du Faubourg Saint-Andoche;71400;71014;Autun;;;4.290761;46.95479
71014_0888_00010;10;;Impasse du Clos Jovet;71400;71014;Autun;;;4.303354;46.955186
71014_1257_00005;5;;Rue des Feuillies;71400;71014;Autun;;;4.338074;46.908454
71014_3590_00003;3;;Place du Terreau;71400;71014;Autun;;;4.299492;46.945165
71014_0090_00035;35;;Route d'Arnay;71400;71014;Autun;Saint-Pantaléon;;4.304048;46.963374
71014_2775_00082;82;;Route du Puits d'Alligny;71400;71014;Autun;;;4.285965;46.976578
71014_0250_00003;3;;Rue Blanche;71400;71014;Autun;;;4.301007;46.944439
71014_0500_00030_bis;30;bis;Rue du Capitaine Repoux;71400;71014;Autun;;;4.291672;46.950885
71014_1140_00008;8;;Rue Eugène Chevalier;71400;71014;Autun;;;4.299644;46.958761
71014_2030_00019;19;;Rue des Marbres;71400;71014;Autun;;;4.304254;46.950003
71014_3110_00010_c;10;c;Avenue de la République;71400;71014;Autun;;;4.292863;46.95369
71014_0540_00015;15;;Rue Carion;71400;71014;Autun;;;4.292595;46.955876
71014_3370_00006;6;;Rue Saint-Pancrace;71400;71014;Autun;;;4.301634;46.946914
71014_2440_00012;12;;Rue de Paris;71400;71014;Autun;;;4.299032;46.956002
71014_1206_00025;25;;Rue du Faubourg d’Arroux;71400;71014;Autun;;;4.295549;46.959567
71014_0650_00025;25;;Rue du Champ Gevras;71400;71014;Autun;;;4.291638;46.945485
71014_0500_00008;8;;Rue du Capitaine Repoux;71400;71014;Autun;;;4.293245;46.948318
71014_3090_00007;7;;Rue du Rempart Saint-Jean;71400;71014;Autun;;;4.302263;46.960494
71014_0940_00028;28;;Rue aux Cordiers;71400;71014;Autun;;;4.298783;46.948645
71014_1128_00001;1;;Rue des Enfants de Troupe;71400;71014;Autun;;;4.305095;46.950277
71014_2510_00004;4;;Rue Pernette;71400;71014;Autun;;;4.29671;46.951721
71014_1206_00020;20;;Rue du Faubourg d’Arroux;71400;71014;Autun;;;4.295841;46.95947
71014_0670_00006_a;6;a;Rue du Chancelier Rolin;71400;71014;Autun;;;4.301013;46.959031
71014_0940_00010;10;;Rue aux Cordiers;71400;71014;Autun;;;4.299276;46.949226
71014_3740_00009;9;;Rue de la Vieille Halle;71400;71014;Autun;;;4.299128;46.953975
71014_1050_00005;5;;Avenue du 2e Dragons;71400;71014;Autun;;;4.308186;46.953648
71014_0650_00038;38;;Rue du Champ Gevras;71400;71014;Autun;;;4.29336;46.945101
71014_1090_00007;7;;Rue du Docteur Gillot;71400;71014;Autun;;;4.297738;46.947259
71014_0365_00007;7;;Rue de Bourgogne;71400;71014;Autun;Saint-Pantaléon;;4.318295;46.961784
71014_1235_00012;12;;Rue du Faubourg Talus;71400;71014;Autun;;;4.295923;46.945524
71014_3420_00018_a;18;a;Rue Saint-Saulge;71400;71014;Autun;;;4.298093;46.9484
71014_0340_00010;10;;Rue de la Bondue;71400;71014;Autun;;;4.300781;46.954387
71014_0301_00047;47;;Rue du Bois Mathey;71400;71014;Autun;;;4.336019;46.906902
71014_3320_00016;16;;Rue Saint-Jean;71400;71014;Autun;;;4.301028;46.957521
71014_2340_00001;1;;Rue Nicéphore Niepce;71400;71014;Autun;Saint-Pantaléon;;4.303154;46.968421
71014_2660_00007;7;;Rue des Pierres;71400;71014;Autun;;;4.301032;46.96087
71014_1511_00007;7;;Route de la Genetoye;71400;71014;Autun;;;4.28826;46.960472
71014_2340_00011_ter;11;ter;Rue Nicéphore Niepce;71400;71014;Autun;Saint-Pantaléon;;4.303453;46.972749
71014_1511_00001;1;;Route de la Genetoye;71400;71014;Autun;;;4.288605;46.959905
71014_2440_00016_bis;16;bis;Rue de Paris;71400;71014;Autun;;;4.29874;46.956353
71014_2511_00024;24;;Rue du Parc des Drémeaux;71400;71014;Autun;Saint-Pantaléon;;4.316391;46.959926
71014_3440_00008;8;;Place Sainte-Barbe;71400;71014;Autun;;;4.299874;46.944623
71014_0090_00009;9;;Route d'Arnay;71400;71014;Autun;;;4.305142;46.959384
71014_2040_00016_bis;16;bis;Grande Rue Marchaux;71400;71014;Autun;;;4.300473;46.953911
71014_3275_00011;11;;Route de Saint-Denis;71400;71014;Autun;Saint-Pantaléon;;4.319092;46.968034
71014_3110_00031;31;;Avenue de la République;71400;71014;Autun;;;4.298555;46.957177
71014_0740_00015;15;;Avenue Charles de Gaulle;71400;71014;Autun;;;4.297977;46.950845
71014_0301_00030;30;;Rue du Bois Mathey;71400;71014;Autun;;;4.333922;46.909371
71014_0540_00027_c;27;c;Rue Carion;71400;71014;Autun;;;4.295047;46.95819
71014_3370_00028;28;;Rue Saint-Pancrace;71400;71014;Autun;;;4.303345;46.946229
71014_0890_00010;10;;Rue du Clos Jovet;71400;71014;Autun;;;4.302718;46.955407
71014_1180_00002;2;;Impasse de l’Evêché;71400;71014;Autun;;;4.300681;46.944715
71014_0090_00093;93;;Route d'Arnay;71400;71014;Autun;Saint-Pantaléon;;4.309253;46.97839
71014_0185_00025_c;25;c;Route de Beaune;71400;71014;Autun;Saint-Pantaléon;;4.315491;46.956911
71014_0610_00009;9;;Rue Chaffaut;71400;71014;Autun;;;4.300115;46.942981
71014_2510_00011;11;;Rue Pernette;71400;71014;Autun;;;4.296204;46.951381
71014_0220_00019;19;;Rue Bernard Renault;71400;71014;Autun;;;4.297385;46.954171
71014_0220_00028;28;;Rue Bernard Renault;71400;71014;Autun;;;4.298976;46.954732
71014_0220_00017;17;;Rue Bernard Renault;71400;71014;Autun;;;4.297248;46.95409
71014_2180_00024;24;;Rue Monseigneur Villard;71400;71014;Autun;;;4.287443;46.949849
71014_2625_00018;18;;Rue Pierre Colin;71400;71014;Autun;Saint-Pantaléon;;4.316456;46.964853
71014_0770_00017;17;;Grande Rue Chauchien;71400;71014;Autun;;;4.298977;46.947726
71014_1050_00004_ter;4;ter;Avenue du 2e Dragons;71400;71014;Autun;;;4.309408;46.95356
71014_0720_00005;5;;Rue Charles Boell;71400;71014;Autun;;;4.289693;46.949509
71014_1025_00004;4;;Rue Déchelette;71400;71014;Autun;;;4.304863;46.953938
71014_1580_00040;40;;Rue de la Grille;71400;71014;Autun;;;4.294527;46.952584
71014_2470_00010;10;;Rue de Parpas;71400;71014;Autun;;;4.289618;46.950898
71014_2330_00008;8;;Rue Naudin;71400;71014;Autun;;;4.298627;46.957808
71014_3240_00007;7;;Rue Saint-Antoine;71400;71014;Autun;;;4.30219;46.948387
71014_1830_00003;3;;Rue des Jonquilles;71400;71014;Autun;Saint-Pantaléon;;4.31056;46.967764
71014_0540_00035;35;;Rue Carion;71400;71014;Autun;;;4.296277;46.957737
71014_2510_00002;2;;Rue Pernette;71400;71014;Autun;;;4.2969;46.951841
71014_2440_00006;6;;Rue de Paris;71400;71014;Autun;;;4.299406;46.955532
71014_1090_00010;10;;Rue du Docteur Gillot;71400;71014;Autun;;;4.297576;46.9473
71014_1870_00007;7;;Rue Lauchien le Boucher;71400;71014;Autun;;;4.304138;46.947934
71014_3650_00004;4;;Rue Traversière;71400;71014;Autun;;;4.297525;46.952615
71014_2511_00011;11;;Rue du Parc des Drémeaux;71400;71014;Autun;Saint-Pantaléon;;4.314952;46.959636
71014_0740_00058_bis;58;bis;Avenue Charles de Gaulle;71400;71014;Autun;;;4.294894;46.954539
71014_1206_00015;15;;Rue du Faubourg d’Arroux;71400;71014;Autun;;;4.296206;46.95885
71014_1210_00040;40;;Rue du Faubourg Saint-Andoche;71400;71014;Autun;;;4.292651;46.952646
71014_1218_00028_bis;28;bis;Rue du Faubourg Saint-Blaise;71400;71014;Autun;;;4.298671;46.939169
71014_0185_00027;27;;Route de Beaune;71400;71014;Autun;Saint-Pantaléon;;4.316334;46.956744
71014_0348_00007;7;;Rue Bossuet;71400;71014;Autun;Saint-Pantaléon;;4.307247;46.967531
71014_2185_00031;31;;Route de Montromble;71400;71014;Autun;;;4.353687;46.886304
71014_0090_00029;29;;Route d'Arnay;71400;71014;Autun;Saint-Pantaléon;;4.304509;46.962657
71014_0880_00001;1;;Rue des Cités;71400;71014;Autun;;;4.29896;46.953365
71014_1651_00020;20;;Rue Henri Dunant;71400;71014;Autun;;;4.30433;46.954414
71014_1100_00019;19;;Rue des Dremeaux;71400;71014;Autun;Saint-Pantaléon;;4.31022;46.960077
71014_0770_00030;30;;Grande Rue Chauchien;71400;71014;Autun;;;4.299147;46.947431
71014_0230_00032;32;;Rue du Beuvray;71400;71014;Autun;;;4.287289;46.948842
71014_2170_00007;7;;Rue Moirans;71400;71014;Autun;Saint-Pantaléon;;4.316438;46.966675
71014_0770_00011;11;;Grande Rue Chauchien;71400;71014;Autun;;;4.298789;46.947913
71014_0054_00002;2;;Allée André Malraux;71400;71014;Autun;;;4.279981;46.946423
71014_3278_00028;28;;Rue Saint-Étienne;71400;71014;Autun;Saint-Pantaléon;;4.325749;46.963942
71014_2710_00001;1;;Route des Plaines;71400;71014;Autun;;;4.257195;46.976896
71014_1400_00003;3;;Rue de Gaillon;71400;71014;Autun;;;4.304414;46.958232
71014_2630_00005;5;;Rue Pierre et Marie Curie;71400;71014;Autun;Saint-Pantaléon;;4.305404;46.965447
71014_0451_00058;58;;Route de Broye;71400;71014;Autun;;;4.314815;46.940288
71014_1100_00016_bis;16;bis;Rue des Dremeaux;71400;71014;Autun;Saint-Pantaléon;;4.311583;46.960586
71014_0185_00011;11;;Route de Beaune;71400;71014;Autun;Saint-Pantaléon;;4.314374;46.956272
71014_0910_00017;17;;Rue Cocand;71400;71014;Autun;;;4.297887;46.945966
71014_3740_00001_bis;1;bis;Rue de la Vieille Halle;71400;71014;Autun;;;4.299553;46.953509
71014_1210_00029;29;;Rue du Faubourg Saint-Andoche;71400;71014;Autun;;;4.293317;46.952026
71014_0771_00011;11;;Petite Rue Chauchien;71400;71014;Autun;;;4.299185;46.94678
71014_2330_00006;6;;Rue Naudin;71400;71014;Autun;;;4.29852;46.957764
71014_glbax1_00004;4;;Route du Corps Franc Pommiès;71400;71014;Autun;;;4.28724;46.946814
71014_0880_00018;18;;Rue des Cités;71400;71014;Autun;;;4.298259;46.954338
71014_1898_00010;10;;Rue Lieutenant-Colonel de Sairigné;71400;71014;Autun;;;4.276477;46.967763
71014_3010_00009_bis;9;bis;Rue des 4 Vents;71400;71014;Autun;;;4.299409;46.956551
71014_3480_00009;9;;Rue des Sous-Chantres;71400;71014;Autun;;;4.299672;46.94397
71014_2030_00006;6;;Rue des Marbres;71400;71014;Autun;;;4.303059;46.949022
71014_1210_00026;26;;Rue du Faubourg Saint-Andoche;71400;71014;Autun;;;4.293229;46.952182
71014_2511_00031;31;;Rue du Parc des Drémeaux;71400;71014;Autun;Saint-Pantaléon;;4.315741;46.961395
71014_0571_00015;15;;Rue de la Cascade;71400;71014;Autun;;;4.311861;46.94144
71014_0345_00019;19;;Rue Borgne;71400;71014;Autun;Saint-Pantaléon;;4.317041;46.971241
71014_1580_00029;29;;Rue de la Grille;71400;71014;Autun;;;4.29514;46.951925
71014_2570_00009;9;;Rue du Petit Pont;71400;71014;Autun;;;4.299671;46.940763
71014_0185_00004;4;;Route de Beaune;71400;71014;Autun;Saint-Pantaléon;;4.318306;46.957255
71014_1680_00001;1;;Rue du 8 Septembre;71400;71014;Autun;;;4.299093;46.958092
71014_0230_00004;4;;Rue du Beuvray;71400;71014;Autun;;;4.290083;46.948919
71014_1892_00003;3;;Allée de la Liberté;71400;71014;Autun;;;4.28696;46.946246
71014_1511_00017;17;;Route de la Genetoye;71400;71014;Autun;;;4.287552;46.961435
71014_3278_00025;25;;Rue Saint-Étienne;71400;71014;Autun;Saint-Pantaléon;;4.324523;46.963341
71014_0876_00021;21;;Route de la Chicolle et de Montjeu;71400;71014;Autun;;;4.29184;46.928222
71014_1215_00021_bis;21;bis;Rue du Faubourg Saint-André;71400;71014;Autun;;;4.307675;46.959014
71014_2175_00001;1;;Rue Molière;71400;71014;Autun;Saint-Pantaléon;;4.306792;46.968075
71014_1235_00032;32;;Rue du Faubourg Talus;71400;71014;Autun;;;4.292366;46.946088
71014_0720_00001;1;;Rue Charles Boell;71400;71014;Autun;;;4.290045;46.949557
71014_2040_00017;17;;Grande Rue Marchaux;71400;71014;Autun;;;4.300172;46.954153
71014_0261_00004;4;;Rue des Blanchots;71400;71014;Autun;;;4.336725;46.907304
71014_3461_00065;65;;Route de Saulieu;71400;71014;Autun;;;4.293833;46.96785
71014_1892_00013;13;;Allée de la Liberté;71400;71014;Autun;;;4.286576;46.945724
71014_1225_00011;11;;Rue du Faubourg Saint-Pancrace;71400;71014;Autun;;;4.304543;46.945233
71014_0080_00037;37;;Rue de l’Arbalète;71400;71014;Autun;;;4.30232;46.948836
71014_1870_00004;4;;Rue Lauchien le Boucher;71400;71014;Autun;;;4.302276;46.947088
71014_0940_00035;35;;Rue aux Cordiers;71400;71014;Autun;;;4.298992;46.948764
71014_0740_00029_ter;29;ter;Avenue Charles de Gaulle;71400;71014;Autun;;;4.296008;46.952919
71014_3100_00003;3;;Rue René Cassin;71400;71014;Autun;;;4.278493;46.945887
71014_0080_00004;4;;Rue de l’Arbalète;71400;71014;Autun;;;4.299896;46.949579
71014_1840_00001;1;;Rue Joseph-François de Champeaux;71400;71014;Autun;Saint-Pantaléon;;4.312076;46.964519
71014_1980_00001;1;;Impasse de la Maitrise;71400;71014;Autun;;;4.298625;46.945388
71014_2170_00009;9;;Rue Moirans;71400;71014;Autun;Saint-Pantaléon;;4.316065;46.967074
71014_1580_00014;14;;Rue de la Grille;71400;71014;Autun;;;4.296422;46.950985
71014_3461_00037;37;;Route de Saulieu;71400;71014;Autun;;;4.293916;46.965239
71014_1075_00011;11;;Rue du 19 Mars 1962;71400;71014;Autun;;;4.292991;46.947532
71014_0090_00022;22;;Route d'Arnay;71400;71014;Autun;Saint-Pantaléon;;4.30518;46.961451
71014_0100_00001_bis;1;bis;Rue de l’Arquebuse;71400;71014;Autun;;;4.300384;46.949621
71014_3275_00016;16;;Route de Saint-Denis;71400;71014;Autun;Saint-Pantaléon;;4.317649;46.967577
71014_b551_00005;5;;Le Clos du Parc;71400;71014;Autun;;;4.284943;46.947394
71014_0220_00013;13;;Rue Bernard Renault;71400;71014;Autun;;;4.297009;46.953986
71014_3100_00009;9;;Rue René Cassin;71400;71014;Autun;;;4.278265;46.946748
71014_0915_00058;58;;Avenue du Commandant Neuchèze;71400;71014;Autun;;;4.276353;46.95801
71014_2040_00022;22;;Grande Rue Marchaux;71400;71014;Autun;;;4.300318;46.954061
71014_1215_00002;2;;Rue du Faubourg Saint-André;71400;71014;Autun;;;4.306342;46.957928
71014_2380_00019;19;;Rue du 11 Novembre 1918;71400;71014;Autun;;;4.290434;46.952689
71014_1110_00002;2;;Rue Dufraigne;71400;71014;Autun;;;4.298968;46.944247
71014_1206_00021;21;;Rue du Faubourg d’Arroux;71400;71014;Autun;;;4.295974;46.959116
71014_1295_00001;1;;Impasse Fleury;71400;71014;Autun;;;4.287291;46.949625
71014_0920_00013;13;;Rue des Cordeliers;71400;71014;Autun;;;4.299895;46.946718
71014_1218_00046;46;;Rue du Faubourg Saint-Blaise;71400;71014;Autun;;;4.298563;46.937962
71014_3610_00020;20;;Rue du Théâtre Romain;71400;71014;Autun;;;4.309331;46.955515
71014_0670_00016;16;;Rue du Chancelier Rolin;71400;71014;Autun;;;4.300713;46.959696
71014_0080_00015;15;;Rue de l’Arbalète;71400;71014;Autun;;;4.301007;46.949322
71014_3610_00022;22;;Rue du Théâtre Romain;71400;71014;Autun;;;4.309562;46.955476
71014_0165_00014;14;;Rue de la Barre;71400;71014;Autun;;;4.289469;46.947831
71014_3110_00034;34;;Avenue de la République;71400;71014;Autun;;;4.296456;46.955965
71014_0740_00046;46;;Avenue Charles de Gaulle;71400;71014;Autun;;;4.295713;46.953677
71014_0680_00024;24;;Rue Changarnier;71400;71014;Autun;;;4.299075;46.947875
71014_1206_00001;1;;Rue du Faubourg d’Arroux;71400;71014;Autun;;;4.296938;46.958102
71014_1847_00010;10;;Rue Kawagoe;71400;71014;Autun;;;4.279172;46.943703
71014_2340_00011_bis;11;bis;Rue Nicéphore Niepce;71400;71014;Autun;Saint-Pantaléon;;4.302714;46.972559
71014_0740_00020;20;;Avenue Charles de Gaulle;71400;71014;Autun;;;4.296882;46.952252
71014_0740_00004;4;;Avenue Charles de Gaulle;71400;71014;Autun;;;4.298241;46.950788
71014_0540_00004;4;;Rue Carion;71400;71014;Autun;;;4.2914;46.955125
71014_1218_00075;75;;Rue du Faubourg Saint-Blaise;71400;71014;Autun;;;4.298667;46.937477
71014_0012_00008;8;;Rue des Acacias;71400;71014;Autun;Saint-Pantaléon;;4.312617;46.988378
71014_0770_00035;35;;Grande Rue Chauchien;71400;71014;Autun;;;4.299366;46.947315
71014_0250_00010;10;;Rue Blanche;71400;71014;Autun;;;4.300888;46.944425
71014_1206_00048_c;48;c;Rue du Faubourg d’Arroux;71400;71014;Autun;;;4.295543;46.960502
71014_0670_00007;7;;Rue du Chancelier Rolin;71400;71014;Autun;;;4.30058;46.959452
71014_3461_00066;66;;Route de Saulieu;71400;71014;Autun;Saint-Pantaléon;;4.294237;46.968091
71014_2470_00026_bis;26;bis;Rue de Parpas;71400;71014;Autun;;;4.287345;46.950311
71014_6ppenk_00004;4;;Rue Cosette Harcourt;71400;71014;Autun;Saint-Pantaléon;;4.303098;46.972617
71014_1235_00026_bis;26;bis;Rue du Faubourg Talus;71400;71014;Autun;;;4.294221;46.945847
71014_1125_00031;31;;Rue des Éduens;71400;71014;Autun;;;4.290943;46.949646
71014_2055_00002;2;;Route de Margenne;71400;71014;Autun;;;4.259863;46.958099
71014_b551_00002;2;;Le Clos du Parc;71400;71014;Autun;;;4.285163;46.947805
71014_2041_00014;14;;Petite Rue Marchaux;71400;71014;Autun;;;4.299847;46.95333
71014_6ppenk_00003;3;;Rue Cosette Harcourt;71400;71014;Autun;Saint-Pantaléon;;4.303407;46.972481
71014_0755_00047;47;;Route de Château-Chinon;71400;71014;Autun;;;4.281976;46.961262
71014_0650_00031;31;;Rue du Champ Gevras;71400;71014;Autun;;;4.293178;46.945262
71014_1220_00003;3;;Rue du Faubourg Saint-Branchez;71400;71014;Autun;;;4.305602;46.946222
71014_2440_00029;29;;Rue de Paris;71400;71014;Autun;;;4.298236;46.956664
71014_1218_00051;51;;Rue du Faubourg Saint-Blaise;71400;71014;Autun;;;4.298661;46.938475
71014_0990_00013;13;;Rue de la Croix Blanche;71400;71014;Autun;;;4.302982;46.95698
71014_1580_00052;52;;Rue de la Grille;71400;71014;Autun;;;4.293699;46.953723
71014_2625_00005;5;;Rue Pierre Colin;71400;71014;Autun;Saint-Pantaléon;;4.317481;46.965004
71014_2520_00003_bis;3;bis;Rue du Parc Saint-Jean;71400;71014;Autun;;;4.296838;46.959965
71014_0740_00015_b;15;b;Avenue Charles de Gaulle;71400;71014;Autun;;;4.297899;46.950895
71014_0680_00003;3;;Rue Changarnier;71400;71014;Autun;;;4.301182;46.948753
71014_2055_00004;4;;Route de Margenne;71400;71014;Autun;;;4.25963;46.958579
71014_0915_00052;52;;Avenue du Commandant Neuchèze;71400;71014;Autun;;;4.277586;46.958796
71014_1917_00003;3;;Rue Louis Aragon;71400;71014;Autun;;;4.320823;46.953491
71014_3370_00003;3;;Rue Saint-Pancrace;71400;71014;Autun;;;4.302763;46.946514
71014_1990_00002_ter;2;ter;Rue de la Maladière;71400;71014;Autun;;;4.311005;46.950807
71014_2043_00011;11;;Rue du Maréchal Juin;71400;71014;Autun;;;4.322497;46.951456
71014_0888_00004;4;;Impasse du Clos Jovet;71400;71014;Autun;;;4.302994;46.955016
71014_0301_00037;37;;Rue du Bois Mathey;71400;71014;Autun;;;4.334509;46.907852
71014_3275_00006_a;6;a;Route de Saint-Denis;71400;71014;Autun;Saint-Pantaléon;;4.316554;46.967278
71014_3370_00008;8;;Rue Saint-Pancrace;71400;71014;Autun;;;4.301963;46.946882
71014_0560_00011;11;;Rue du Carrouge;71400;71014;Autun;;;4.295826;46.949942
71014_0670_00011;11;;Rue du Chancelier Rolin;71400;71014;Autun;;;4.300563;46.959574
71014_1520_00003;3;;Rue Georges Leyton;71400;71014;Autun;;;4.296065;46.946707
71014_1160_00016;16;;Rue Eumène;71400;71014;Autun;;;4.299078;46.952804
71014_1215_00015;15;;Rue du Faubourg Saint-André;71400;71014;Autun;;;4.306917;46.958414
71014_0743_00009;9;;Rue Charles Gounod;71400;71014;Autun;Saint-Pantaléon;;4.315075;46.966805
71014_0020_00012;12;;Rue Adrien Guignet;71400;71014;Autun;;;4.287489;46.95191
71014_1580_00051_bis;51;bis;Rue de la Grille;71400;71014;Autun;;;4.293503;46.953826
71014_3740_00001;1;;Rue de la Vieille Halle;71400;71014;Autun;;;4.299648;46.953413
71014_1090_00008;8;;Rue du Docteur Gillot;71400;71014;Autun;;;4.297781;46.947399
71014_0230_00013;13;;Rue du Beuvray;71400;71014;Autun;;;4.288959;46.948788
71014_3650_00011;11;;Rue Traversière;71400;71014;Autun;;;4.297073;46.952931
71014_1580_00019;19;;Rue de la Grille;71400;71014;Autun;;;4.295992;46.951197
71014_2035_00001;1;;Allée Marcel Pèpe;71400;71014;Autun;Saint-Pantaléon;;4.312623;46.960104
71014_2090_00015;15;;Rue Mazagran;71400;71014;Autun;;;4.301719;46.953947
71014_0230_00019;19;;Rue du Beuvray;71400;71014;Autun;;;4.288444;46.948776
71014_1651_00008;8;;Rue Henri Dunant;71400;71014;Autun;;;4.304041;46.952494
71014_0571_00006;6;;Rue de la Cascade;71400;71014;Autun;;;4.311359;46.941239
71014_2511_00029;29;;Rue du Parc des Drémeaux;71400;71014;Autun;Saint-Pantaléon;;4.315833;46.961211
71014_3075_00001;1;;Rue aux Raz;71400;71014;Autun;;;4.2967;46.948508
71014_2340_00024;24;;Rue Nicéphore Niepce;71400;71014;Autun;Saint-Pantaléon;;4.306603;46.976399
71014_1218_00027;27;;Rue du Faubourg Saint-Blaise;71400;71014;Autun;;;4.299616;46.940974
71014_3430_00010;10;;Rue Sainte-Anne;71400;71014;Autun;;;4.305791;46.947429
71014_1135_00003;3;;Route d’Eschamps;71400;71014;Autun;;;4.277307;46.968242
71014_1580_00003;3;;Rue de la Grille;71400;71014;Autun;;;4.296682;46.950521
71014_1210_00084_bis;84;bis;Rue du Faubourg Saint-Andoche;71400;71014;Autun;;;4.289565;46.955766
71014_0670_00004_g;4;g;Rue du Chancelier Rolin;71400;71014;Autun;;;4.301347;46.959308
71014_2250_00018;18;;Avenue du Morvan;71400;71014;Autun;;;4.292131;46.949334
71014_1321_00011_bis;11;bis;Ruelle Florand;71400;71014;Autun;Saint-Pantaléon;;4.320197;46.961621
71014_1790_00009;9;;Rue Jeannin;71400;71014;Autun;;;4.298906;46.951424
71014_1125_00035_a;35;a;Rue des Éduens;71400;71014;Autun;;;4.290787;46.949868
71014_0670_00018;18;;Rue du Chancelier Rolin;71400;71014;Autun;;;4.300779;46.959741
71014_0645_00006;6;;Rue du Champ du Moulin;71400;71014;Autun;Saint-Pantaléon;;4.313039;46.987543
71014_3110_00054_bis;54;bis;Avenue de la République;71400;71014;Autun;;;4.298143;46.956763
71014_3110_00062;62;;Avenue de la République;71400;71014;Autun;;;4.299094;46.95717
71014_0871_00001;1;;Impasse des Carilloux;71400;71014;Autun;Saint-Pantaléon;;4.314369;46.961385
71014_1110_00026;26;;Rue Dufraigne;71400;71014;Autun;;;4.299673;46.943203
71014_3370_00005;5;;Rue Saint-Pancrace;71400;71014;Autun;;;4.30279;46.946484
71014_2570_00001;1;;Rue du Petit Pont;71400;71014;Autun;;;4.300353;46.94204
71014_1010_00030_bis;30;bis;Rue de la Croix Verte;71400;71014;Autun;;;4.3068;46.955337
71014_0888_00006;6;;Impasse du Clos Jovet;71400;71014;Autun;;;4.303153;46.955078
71014_1227_00038;38;;Rue de la Fontaine Molaine;71400;71014;Autun;;;4.354106;46.890127
71014_3320_00012;12;;Rue Saint-Jean;71400;71014;Autun;;;4.301306;46.957217
71014_1890_00034;34;;Boulevard Laureau;71400;71014;Autun;;;4.301114;46.955408
71014_1075_00015;15;;Rue du 19 Mars 1962;71400;71014;Autun;;;4.29261;46.947385
71014_0740_00062;62;;Avenue Charles de Gaulle;71400;71014;Autun;;;4.294927;46.954774
71014_2511_00012;12;;Rue du Parc des Drémeaux;71400;71014;Autun;Saint-Pantaléon;;4.314873;46.959594
71014_1140_00010;10;;Rue Eugène Chevalier;71400;71014;Autun;;;4.29966;46.958812
71014_2185_00033;33;;Route de Montromble;71400;71014;Autun;;;4.353203;46.886044
71014_1660_00003;3;;Rue de l'Horloge;71400;71014;Autun;;;4.300099;46.952846
71014_1030_00009;9;;Rue Deguin;71400;71014;Autun;;;4.300014;46.952425
71014_1210_00080;80;;Rue du Faubourg Saint-Andoche;71400;71014;Autun;;;4.289967;46.955573
71014_3490_00009;9;;Rue de Stevenage;71400;71014;Autun;;;4.279092;46.944568
71014_3275_00008;8;;Route de Saint-Denis;71400;71014;Autun;Saint-Pantaléon;;4.316718;46.967478
71014_2440_00045;45;;Rue de Paris;71400;71014;Autun;;;4.297475;46.957291
71014_1210_00031;31;;Rue du Faubourg Saint-Andoche;71400;71014;Autun;;;4.293263;46.952039
71014_0771_00021_bis;21;bis;Petite Rue Chauchien;71400;71014;Autun;;;4.299146;46.946469
71014_2170_00011;11;;Rue Moirans;71400;71014;Autun;Saint-Pantaléon;;4.315663;46.966837
71014_3461_00105;105;;Route de Saulieu;71400;71014;Autun;;;4.294403;46.973253
71014_0230_00025;25;;Rue du Beuvray;71400;71014;Autun;;;4.287537;46.948749
71014_0540_00027;27;;Rue Carion;71400;71014;Autun;;;4.295349;46.957442
71014_1210_00044_a;44;a;Rue du Faubourg Saint-Andoche;71400;71014;Autun;;;4.292855;46.952818
71014_2185_00016;16;;Route de Montromble;71400;71014;Autun;;;4.355331;46.886935
71014_1770_00003;3;;Avenue Jules Basdevant;71400;71014;Autun;;;4.304071;46.951203
71014_1770_00001;1;;Avenue Jules Basdevant;71400;71014;Autun;;;4.303929;46.951086
71014_2470_00021;21;;Rue de Parpas;71400;71014;Autun;;;4.28881;46.950688
71014_1210_00002;2;;Rue du Faubourg Saint-Andoche;71400;71014;Autun;;;4.294758;46.950751
71014_2040_00032;32;;Grande Rue Marchaux;71400;71014;Autun;;;4.300099;46.954514
71014_2040_00019;19;;Grande Rue Marchaux;71400;71014;Autun;;;4.300092;46.954312
71014_3370_00017;17;;Rue Saint-Pancrace;71400;71014;Autun;;;4.30337;46.946274
71014_2397_00002;2;;Route d'Ornez;71400;71014;Autun;;;4.254902;46.939208
71014_2190_00002;2;;Rue du Moulin des Places;71400;71014;Autun;;;4.299392;46.939026
71014_3461_00070;70;;Route de Saulieu;71400;71014;Autun;Saint-Pantaléon;;4.294389;46.968224
71014_3390_00002;2;;Rue Saint-Pierre;71400;71014;Autun;;;4.295959;46.949787
71014_1235_00022_bis;22;bis;Rue du Faubourg Talus;71400;71014;Autun;;;4.294824;46.945747
71014_2040_00048;48;;Grande Rue Marchaux;71400;71014;Autun;;;4.299843;46.955019
71014_0370_00010;10;;Rue Bouteiller;71400;71014;Autun;;;4.302859;46.945866
71014_1830_00012;12;;Rue des Jonquilles;71400;71014;Autun;Saint-Pantaléon;;4.310136;46.968472
71014_2001_00001;1;;Rue des Mânes;71400;71014;Autun;Saint-Pantaléon;;4.305301;46.961079
71014_0670_00008_b;8;b;Rue du Chancelier Rolin;71400;71014;Autun;;;4.300845;46.959333
71014_0670_00015;15;;Rue du Chancelier Rolin;71400;71014;Autun;;;4.300637;46.959752
71014_0220_00009;9;;Rue Bernard Renault;71400;71014;Autun;;;4.296651;46.953834
71014_3320_00006;6;;Rue Saint-Jean;71400;71014;Autun;;;4.300866;46.956708
71014_1220_00002_b;2;b;Rue du Faubourg Saint-Branchez;71400;71014;Autun;;;4.304959;46.946365
71014_2470_00012;12;;Rue de Parpas;71400;71014;Autun;;;4.289209;46.950815
71014_1321_00009;9;;Ruelle Florand;71400;71014;Autun;Saint-Pantaléon;;4.319518;46.961544
71014_1400_00005;5;;Rue de Gaillon;71400;71014;Autun;;;4.304877;46.958115
71014_0610_00005;5;;Rue Chaffaut;71400;71014;Autun;;;4.300354;46.943091
71014_glbax1_00010;10;;Route du Corps Franc Pommiès;71400;71014;Autun;;;4.286311;46.946566
71014_1160_00009;9;;Rue Eumène;71400;71014;Autun;;;4.298081;46.952402
71014_2043_00014;14;;Rue du Maréchal Juin;71400;71014;Autun;;;4.322525;46.950875
71014_0020_00004;4;;Rue Adrien Guignet;71400;71014;Autun;;;4.28787;46.951798
71014_3420_00002_bis;2;bis;Rue Saint-Saulge;71400;71014;Autun;;;4.29789;46.948891
71014_0540_00009;9;;Rue Carion;71400;71014;Autun;;;4.290965;46.955342
71014_3275_00015;15;;Route de Saint-Denis;71400;71014;Autun;Saint-Pantaléon;;4.319631;46.968288
71014_2165_00015_bis;15;bis;Rue des Mineurs;71400;71014;Autun;Saint-Pantaléon;;4.310285;46.985688
71014_0090_00048;48;;Route d'Arnay;71400;71014;Autun;Saint-Pantaléon;;4.30549;46.968905
71014_3100_00013_bis;13;bis;Rue René Cassin;71400;71014;Autun;;;4.278006;46.947201
71014_0920_00011;11;;Rue des Cordeliers;71400;71014;Autun;;;4.299779;46.946885
71014_1560_00012_bis;12;bis;Rue de la Grange Vertu;71400;71014;Autun;;;4.293626;46.952633
71014_0365_00021;21;;Rue de Bourgogne;71400;71014;Autun;Saint-Pantaléon;;4.320656;46.962588
71014_1100_00046;46;;Rue des Dremeaux;71400;71014;Autun;Saint-Pantaléon;;4.32376;46.965288
71014_1100_00007;7;;Rue des Dremeaux;71400;71014;Autun;Saint-Pantaléon;;4.308812;46.959528
71014_1600_00002;2;;Rue Guérin;71400;71014;Autun;;;4.300034;46.951893
71014_2770_00005;5;;Ruelle du Puits;71400;71014;Autun;Saint-Pantaléon;;4.322738;46.96113
71014_3710_00004;4;;Rue Victor Hugo;71400;71014;Autun;Saint-Pantaléon;;4.308706;46.968907
71014_1892_00011;11;;Allée de la Liberté;71400;71014;Autun;;;4.286338;46.945771
71014_0755_00008;8;;Route de Château-Chinon;71400;71014;Autun;;;4.286639;46.957253
71014_2701_00008;8;;Rue de Planoise;71400;71014;Autun;;;4.311371;46.940493
71014_2510_00009;9;;Rue Pernette;71400;71014;Autun;;;4.296503;46.951356
71014_2790_00006;6;;Ruelle du Puits Charpiot;71400;71014;Autun;;;4.300466;46.952976
71014_0130_00010;10;;Rue des Bancs;71400;71014;Autun;;;4.299103;46.945783
71014_1257_00022;22;;Rue des Feuillies;71400;71014;Autun;;;4.33755;46.908766
71014_3110_00094;94;;Avenue de la République;71400;71014;Autun;Saint-Pantaléon;;4.312432;46.962479
71014_0871_00008;8;;Impasse des Carilloux;71400;71014;Autun;Saint-Pantaléon;;4.314641;46.960776
71014_0670_00009;9;;Rue du Chancelier Rolin;71400;71014;Autun;;;4.300563;46.959505
71014_3420_00022;22;;Rue Saint-Saulge;71400;71014;Autun;;;4.298391;46.948394
71014_3240_00022;22;;Rue Saint-Antoine;71400;71014;Autun;;;4.30154;46.947621
71014_0165_00016;16;;Rue de la Barre;71400;71014;Autun;;;4.289264;46.947709
71014_0350_00004;4;;Ruelle Bouheret;71400;71014;Autun;;;4.290045;46.954448
71014_1710_00004_bis;4;bis;Rue d’Ingelheim;71400;71014;Autun;;;4.278038;46.944594
71014_0301_00033;33;;Rue du Bois Mathey;71400;71014;Autun;;;4.33446;46.908214
71014_1218_00036;36;;Rue du Faubourg Saint-Blaise;71400;71014;Autun;;;4.298386;46.938606
71014_0320_00004;4;;Route du Bois de Saint-Jean;71400;71014;Autun;;;4.265307;46.962
71014_3321_00003;3;;Ruelle Saint-Jean;71400;71014;Autun;;;4.296552;46.951238
71014_glbax1_00003_bis;3;bis;Route du Corps Franc Pommiès;71400;71014;Autun;;;4.287389;46.946298
71014_3035_00009;9;;Chemin des Ragots;71400;71014;Autun;;;4.310216;46.947833
71014_1390_00003;3;;Rue des Gailles;71400;71014;Autun;;;4.286826;46.947551
71014_2055_00031;31;;Route de Margenne;71400;71014;Autun;;;4.257649;46.961467
71014_3270_00020;20;;Rue Saint-Christophe;71400;71014;Autun;;;4.296844;46.950256
71014_0620_00002;2;;Rue du Chalet Bleu;71400;71014;Autun;Saint-Pantaléon;;4.308252;46.961326
71014_2170_00024;24;;Rue Moirans;71400;71014;Autun;Saint-Pantaléon;;4.316411;46.966855
71014_0500_00026;26;;Rue du Capitaine Repoux;71400;71014;Autun;;;4.291985;46.95039
71014_2470_00028_bis;28;bis;Rue de Parpas;71400;71014;Autun;;;4.286484;46.950767
71014_0230_00034;34;;Rue du Beuvray;71400;71014;Autun;;;4.287038;46.948835
71014_1851_00010;10;;Rue de la Fontaine;71400;71014;Autun;Saint-Pantaléon;;4.306967;46.968977
71014_3275_00019;19;;Route de Saint-Denis;71400;71014;Autun;Saint-Pantaléon;;4.320266;46.968618
71014_1600_00013_bis;13;bis;Rue Guérin;71400;71014;Autun;;;4.300282;46.95237
71014_1257_00028;28;;Rue des Feuillies;71400;71014;Autun;;;4.337223;46.907556
71014_0755_00117;117;;Route de Château-Chinon;71400;71014;Autun;;;4.263895;46.97381
71014_0451_00071;71;;Route de Broye;71400;71014;Autun;;;4.317432;46.93935
71014_0100_00026;26;;Rue de l’Arquebuse;71400;71014;Autun;;;4.303254;46.950477
71014_3315_00006;6;;Rue Saint-Hubert;71400;71014;Autun;Saint-Pantaléon;;4.306579;46.964099
71014_2030_00002_bis;2;bis;Rue des Marbres;71400;71014;Autun;;;4.302835;46.948868
71014_2191_00014;14;;Rue du Moulin Gamet;71400;71014;Autun;;;4.300586;46.94026
71014_1235_00014_bis;14;bis;Rue du Faubourg Talus;71400;71014;Autun;;;4.295696;46.945559
71014_2395_00006;6;;Rue des Ormes;71400;71014;Autun;Saint-Pantaléon;;4.313593;46.961985
71014_0770_00022;22;;Grande Rue Chauchien;71400;71014;Autun;;;4.29895;46.947629
71014_1010_00005;5;;Rue de la Croix Verte;71400;71014;Autun;;;4.305303;46.953359
71014_1235_00058_b;58;b;Rue du Faubourg Talus;71400;71014;Autun;;;4.288866;46.946788
71014_1600_00022_bis;22;bis;Rue Guérin;71400;71014;Autun;;;4.300736;46.952856
71014_1390_00002_bis;2;bis;Rue des Gailles;71400;71014;Autun;;;4.288012;46.947379
71014_3010_00017;17;;Rue des 4 Vents;71400;71014;Autun;;;4.299177;46.957599
71014_0348_00001;1;;Rue Bossuet;71400;71014;Autun;Saint-Pantaléon;;4.307396;46.967691
71014_0080_00022;22;;Rue de l’Arbalète;71400;71014;Autun;;;4.301643;46.949262
71014_0670_00004;4;;Rue du Chancelier Rolin;71400;71014;Autun;;;4.301319;46.95944
71014_1570_00010;10;;Rue De la Griottière;71400;71014;Autun;Saint-Pantaléon;;4.316945;46.964258
71014_2770_00001;1;;Ruelle du Puits;71400;71014;Autun;Saint-Pantaléon;;4.322435;46.961099
71014_0020_00011;11;;Rue Adrien Guignet;71400;71014;Autun;;;4.287237;46.951818
71014_0745_00004;4;;Rue de Charolles;71400;71014;Autun;Saint-Pantaléon;;4.304573;46.961704
71014_3740_00013;13;;Rue de la Vieille Halle;71400;71014;Autun;;;4.299325;46.954105
71014_0090_00087;87;;Route d'Arnay;71400;71014;Autun;Saint-Pantaléon;;4.3091;46.978068
71014_0405_00005;5;;Rue de Breuil;71400;71014;Autun;;;4.300751;46.943782
71014_0890_00013;13;;Rue du Clos Jovet;71400;71014;Autun;;;4.302784;46.955871
71014_2040_00020;20;;Grande Rue Marchaux;71400;71014;Autun;;;4.300364;46.95399
71014_0500_00003;3;;Rue du Capitaine Repoux;71400;71014;Autun;;;4.293554;46.948032
71014_1160_00003;3;;Rue Eumène;71400;71014;Autun;;;4.297612;46.952158
71014_0740_00021;21;;Avenue Charles de Gaulle;71400;71014;Autun;;;4.297274;46.951544
71014_0949_00005;5;;Passage Gustave Courbet;71400;71014;Autun;;;4.296358;46.959814
71014_3350_00014;14;;Rue Saint-Nicolas;71400;71014;Autun;;;4.300308;46.955777
71014_1110_00040;40;;Rue Dufraigne;71400;71014;Autun;;;4.299931;46.942745
71014_1120_00002;2;;Impasse des Eduens;71400;71014;Autun;;;4.29146;46.94769
71014_3420_00018;18;;Rue Saint-Saulge;71400;71014;Autun;;;4.298324;46.948491
71014_1580_00049_bis;49;bis;Rue de la Grille;71400;71014;Autun;;;4.293613;46.953664
71014_0220_00022;22;;Rue Bernard Renault;71400;71014;Autun;;;4.298496;46.954522
71014_2185_00025;25;;Route de Montromble;71400;71014;Autun;;;4.354656;46.886497
71014_1318_00020;20;;Route de Forêt de Planoise;71400;71014;Autun;;;4.335123;46.912442
71014_3610_00004;4;;Rue du Théâtre Romain;71400;71014;Autun;;;4.307725;46.9557
71014_2030_00010;10;;Rue des Marbres;71400;71014;Autun;;;4.303231;46.949177
71014_rv6nz8_00012;12;;Rue du Couvent;71400;71014;Autun;Saint-Pantaléon;;4.307638;46.962841
71014_0225_00002;2;;Rue de Bellevue;71400;71014;Autun;Saint-Pantaléon;;4.304674;46.963067
71014_0876_00013;13;;Route de la Chicolle et de Montjeu;71400;71014;Autun;;;4.298353;46.935178
71014_2660_00005;5;;Rue des Pierres;71400;71014;Autun;;;4.301227;46.960327
71014_0650_00002;2;;Rue du Champ Gevras;71400;71014;Autun;;;4.293332;46.945609
71014_0940_00017;17;;Rue aux Cordiers;71400;71014;Autun;;;4.29932;46.949138
71014_1860_00019_bis;19;bis;Rue Jean et Bernard de Lattre de Tassigny;71400;71014;Autun;;;4.299573;46.950147
71014_0745_00015;15;;Rue de Charolles;71400;71014;Autun;Saint-Pantaléon;;4.303331;46.963056
71014_0620_00017_a;17;a;Rue du Chalet Bleu;71400;71014;Autun;Saint-Pantaléon;;4.306421;46.963083
71014_0740_00012;12;;Avenue Charles de Gaulle;71400;71014;Autun;;;4.297629;46.951465
71014_1318_00002_ter;2;ter;Route de Forêt de Planoise;71400;71014;Autun;;;4.331821;46.916051
71014_1125_00006;6;;Rue des Éduens;71400;71014;Autun;;;4.292045;46.947787
71014_1075_00005;5;;Rue du 19 Mars 1962;71400;71014;Autun;;;4.293712;46.947775
71014_b551_00003;3;;Le Clos du Parc;71400;71014;Autun;;;4.285196;46.94765
71014_0645_00018;18;;Rue du Champ du Moulin;71400;71014;Autun;Saint-Pantaléon;;4.311774;46.987829
71014_1050_00008_bis;8;bis;Avenue du 2e Dragons;71400;71014;Autun;;;4.309291;46.954175
71014_2080_00015;15;;Boulevard Mazagran;71400;71014;Autun;;;4.303627;46.954696
71014_1847_00013;13;;Rue Kawagoe;71400;71014;Autun;;;4.279392;46.943816
71014_0055_00003;3;;Avenue André Saclier;71400;71014;Autun;;;4.275841;46.972174
71014_3610_00010;10;;Rue du Théâtre Romain;71400;71014;Autun;;;4.308268;46.955639
71014_0185_00001;1;;Route de Beaune;71400;71014;Autun;Saint-Pantaléon;;4.313105;46.95591
71014_1235_00014;14;;Rue du Faubourg Talus;71400;71014;Autun;;;4.29582;46.945531
71014_0770_00024;24;;Grande Rue Chauchien;71400;71014;Autun;;;4.298981;46.947597
71014_3500_00007;7;;Rue Talleyrand;71400;71014;Autun;;;4.286023;46.947144
71014_1680_00034;34;;Rue du 8 Septembre;71400;71014;Autun;;;4.300465;46.960139
71014_1318_00173;173;;Route de Forêt de Planoise;71400;71014;Autun;;;4.358177;46.888569
71014_1730_00008_f;8;f;Rue de la Jambe de Bois;71400;71014;Autun;;;4.304627;46.949116
71014_0220_00002;2;;Rue Bernard Renault;71400;71014;Autun;;;4.296022;46.953452
71014_1210_00059;59;;Rue du Faubourg Saint-Andoche;71400;71014;Autun;;;4.290057;46.955416
71014_1218_00044;44;;Rue du Faubourg Saint-Blaise;71400;71014;Autun;;;4.298514;46.938174
71014_0915_00049;49;;Avenue du Commandant Neuchèze;71400;71014;Autun;;;4.269954;46.9587
71014_1860_00001;1;;Rue Jean et Bernard de Lattre de Tassigny;71400;71014;Autun;;;4.299975;46.9518
71014_0261_00004_bis;4;bis;Rue des Blanchots;71400;71014;Autun;;;4.336042;46.907401
71014_2100_00030_bis;30;bis;Rue de Ménincourt;71400;71014;Autun;Saint-Pantaléon;;4.317056;46.978951
71014_3010_00005;5;;Rue des 4 Vents;71400;71014;Autun;;;4.30027;46.956526
71014_1160_00013;13;;Rue Eumène;71400;71014;Autun;;;4.298889;46.952815
71014_0014_00004;4;;Allée de l'Acaron;71400;71014;Autun;Saint-Pantaléon;;4.308537;46.958595
71014_0090_00125;125;;Route d'Arnay;71400;71014;Autun;Saint-Pantaléon;;4.313681;46.98776
71014_3275_00003_a;3;a;Route de Saint-Denis;71400;71014;Autun;Saint-Pantaléon;;4.31713;46.967807
71014_0565_00010;10;;Ruelle du Carrouge;71400;71014;Autun;;;4.295481;46.950431
71014_1050_00007;7;;Avenue du 2e Dragons;71400;71014;Autun;;;4.308591;46.953769
71014_2741_00032;32;;Rue de la 1ere Armée;71400;71014;Autun;Saint-Pantaléon;;4.312084;46.975324
71014_1653_00027;27;;Rue de l'Hermitage;71400;71014;Autun;Saint-Pantaléon;;4.320515;46.961657
71014_0250_00011_a;11;a;Rue Blanche;71400;71014;Autun;;;4.301029;46.944208
71014_1890_00042;42;;Boulevard Laureau;71400;71014;Autun;;;4.300681;46.955912
71014_2170_00002;2;;Rue Moirans;71400;71014;Autun;Saint-Pantaléon;;4.320313;46.962672
71014_3100_00015;15;;Rue René Cassin;71400;71014;Autun;;;4.279072;46.946057
71014_1390_00016;16;;Rue des Gailles;71400;71014;Autun;;;4.285867;46.947996
71014_0500_00012;12;;Rue du Capitaine Repoux;71400;71014;Autun;;;4.2931;46.948548
71014_1215_00030;30;;Rue du Faubourg Saint-André;71400;71014;Autun;;;4.307743;46.958738
71014_0345_00017_b;17;b;Rue Borgne;71400;71014;Autun;Saint-Pantaléon;;4.316449;46.971159
71014_0130_00012;12;;Rue des Bancs;71400;71014;Autun;;;4.299136;46.945729
71014_1580_00038;38;;Rue de la Grille;71400;71014;Autun;;;4.294622;46.952497
71014_1860_00016_b;16;b;Rue Jean et Bernard de Lattre de Tassigny;71400;71014;Autun;;;4.300269;46.950291
71014_2340_00009;9;;Rue Nicéphore Niepce;71400;71014;Autun;Saint-Pantaléon;;4.303898;46.971461
71014_1450_00004;4;;Rue de la Garenne Bretin;71400;71014;Autun;;;4.340817;46.90573
71014_1045_00001;1;;Rue de la Décentralisation;71400;71014;Autun;;;4.299328;46.951089
71014_0165_00009;9;;Rue de la Barre;71400;71014;Autun;;;4.290352;46.948228
71014_2340_00003;3;;Rue Nicéphore Niepce;71400;71014;Autun;Saint-Pantaléon;;4.303204;46.969679
71014_3710_00003;3;;Rue Victor Hugo;71400;71014;Autun;Saint-Pantaléon;;4.308809;46.968141
71014_2170_00004;4;;Rue Moirans;71400;71014;Autun;Saint-Pantaléon;;4.320145;46.962847
71014_3420_00007;7;;Rue Saint-Saulge;71400;71014;Autun;;;4.298195;46.948722
71014_2620_00007;7;;Rue Pierre Châtillon;71400;71014;Autun;;;4.29842;46.955493
71014_1128_00003;3;;Rue des Enfants de Troupe;71400;71014;Autun;;;4.306056;46.949658
71014_2080_00028;28;;Boulevard Mazagran;71400;71014;Autun;;;4.305447;46.955255
71014_1000_00002;2;;Rond-Point de la Croix Verte;71400;71014;Autun;;;4.307277;46.956068
71014_3650_00003;3;;Rue Traversière;71400;71014;Autun;;;4.297602;46.952437
71014_0990_00017;17;;Rue de la Croix Blanche;71400;71014;Autun;;;4.304629;46.957288
71014_3110_00032_bis;32;bis;Avenue de la République;71400;71014;Autun;;;4.296349;46.95587
71014_0940_00007;7;;Rue aux Cordiers;71400;71014;Autun;;;4.299457;46.949406
71014_1651_00004;4;;Rue Henri Dunant;71400;71014;Autun;;;4.30456;46.952298
71014_3590_00007;7;;Place du Terreau;71400;71014;Autun;;;4.299553;46.945049
71014_glbax1_00007;7;;Route du Corps Franc Pommiès;71400;71014;Autun;;;4.285455;46.945471
71014_0610_00002;2;;Rue Chaffaut;71400;71014;Autun;;;4.300436;46.943817
71014_3270_00014;14;;Rue Saint-Christophe;71400;71014;Autun;;;4.296957;46.950109
71014_2775_00054;54;;Route du Puits d'Alligny;71400;71014;Autun;;;4.287937;46.974112
71014_1100_00050;50;;Rue des Dremeaux;71400;71014;Autun;Saint-Pantaléon;;4.325723;46.965673
71014_1010_00014_b;14;b;Rue de la Croix Verte;71400;71014;Autun;;;4.306703;46.954103
71014_1830_00022;22;;Rue des Jonquilles;71400;71014;Autun;Saint-Pantaléon;;4.309551;46.968892
71014_2055_00055;55;;Route de Margenne;71400;71014;Autun;;;4.255712;46.963686
71014_1050_00001_b;1;b;Avenue du 2e Dragons;71400;71014;Autun;;;4.307631;46.953555
71014_2395_00005;5;;Rue des Ormes;71400;71014;Autun;Saint-Pantaléon;;4.313517;46.962147
71014_2511_00022;22;;Rue du Parc des Drémeaux;71400;71014;Autun;Saint-Pantaléon;;4.316596;46.959688
71014_0680_00019;19;;Rue Changarnier;71400;71014;Autun;;;4.299496;46.947919
71014_3278_00030;30;;Rue Saint-Étienne;71400;71014;Autun;Saint-Pantaléon;;4.325513;46.964373
71014_0080_00012;12;;Rue de l’Arbalète;71400;71014;Autun;;;4.300881;46.94931
71014_2175_00005;5;;Rue Molière;71400;71014;Autun;Saint-Pantaléon;;4.3065;46.968014
71014_2635_00002;2;;Rue Pierre Mauroy;71400;71014;Autun;Saint-Pantaléon;;4.311025;46.961666
71014_2180_00003_bis;3;bis;Rue Monseigneur Villard;71400;71014;Autun;;;4.290094;46.949831
71014_2055_00049;49;;Route de Margenne;71400;71014;Autun;;;4.256145;46.963388
71014_0220_00027;27;;Rue Bernard Renault;71400;71014;Autun;;;4.298954;46.954846
71014_0020_00015;15;;Rue Adrien Guignet;71400;71014;Autun;;;4.28723;46.951871
71014_1257_00002;2;;Rue des Feuillies;71400;71014;Autun;;;4.335986;46.911689
71014_1129_00003;3;;Passage Estelle Nectoux;71400;71014;Autun;;;4.295604;46.954749
71014_2250_00012;12;;Avenue du Morvan;71400;71014;Autun;;;4.292788;46.949643
71014_3461_00015;15;;Route de Saulieu;71400;71014;Autun;;;4.294059;46.962916
71014_2470_00034;34;;Rue de Parpas;71400;71014;Autun;;;4.286124;46.949623
71014_0540_00019_ter;19;ter;Rue Carion;71400;71014;Autun;;;4.293989;46.956751
71014_3440_00005;5;;Place Sainte-Barbe;71400;71014;Autun;;;4.300056;46.944802
71014_0054_00022;22;;Allée André Malraux;71400;71014;Autun;;;4.281233;46.946977
71014_1390_00014_b;14;b;Rue des Gailles;71400;71014;Autun;;;4.28607;46.948002
71014_3130_00004;4;;Boulevard des Résistants Fusillés;71400;71014;Autun;;;4.294017;46.949412
71014_3350_00027;27;;Rue Saint-Nicolas;71400;71014;Autun;;;4.300299;46.955968
71014_0740_00006;6;;Avenue Charles de Gaulle;71400;71014;Autun;;;4.298142;46.950892
71014_3720_00007;7;;Rue Victor Terret;71400;71014;Autun;;;4.297471;46.938639
71014_1100_00047;47;;Rue des Dremeaux;71400;71014;Autun;Saint-Pantaléon;;4.315333;46.961889
71014_1785_00005;5;;Chemin Jeanne Barret;71400;71014;Autun;;;4.288143;46.961514
71014_1892_00010;10;;Allée de la Liberté;71400;71014;Autun;;;4.286076;46.945907
71014_3490_00002;2;;Rue de Stevenage;71400;71014;Autun;;;4.278621;46.944211
71014_0230_00007;7;;Rue du Beuvray;71400;71014;Autun;;;4.289513;46.948803
71014_2639_00009;9;;Rue Pierre Mendès France;71400;71014;Autun;Saint-Pantaléon;;4.310075;46.962903
71014_0650_00034;34;;Rue du Champ Gevras;71400;71014;Autun;;;4.293481;46.945262
71014_3100_00008;8;;Rue René Cassin;71400;71014;Autun;;;4.278393;46.946485
71014_1210_00020;20;;Rue du Faubourg Saint-Andoche;71400;71014;Autun;;;4.2936;46.951928
71014_3350_00025;25;;Rue Saint-Nicolas;71400;71014;Autun;;;4.300268;46.955897
71014_2721_00012;12;;Rue de la Prairie;71400;71014;Autun;Saint-Pantaléon;;4.312255;46.981622
71014_0090_00053;53;;Route d'Arnay;71400;71014;Autun;Saint-Pantaléon;;4.30453;46.965929
71014_2040_00002;2;;Grande Rue Marchaux;71400;71014;Autun;;;4.300916;46.953625
71014_0560_00016;16;;Rue du Carrouge;71400;71014;Autun;;;4.295133;46.950357
71014_0910_00007;7;;Rue Cocand;71400;71014;Autun;;;4.298284;46.946103
71014_yk1cfo_00010;10;;Rue du 22ème BMNA;71400;71014;Autun;;;4.297465;46.955212
71014_0743_00002;2;;Rue Charles Gounod;71400;71014;Autun;Saint-Pantaléon;;4.314982;46.966814
71014_1640_00002;2;;Place d’Hallencourt;71400;71014;Autun;;;4.300208;46.946446
71014_2470_00011;11;;Rue de Parpas;71400;71014;Autun;;;4.290782;46.951276
71014_0796_00010;10;;Impasse Chaumont;71400;71014;Autun;;;4.293591;46.94657
71014_0451_00001;1;;Route de Broye;71400;71014;Autun;;;4.302682;46.938274
71014_0560_00003_a;3;a;Rue du Carrouge;71400;71014;Autun;;;4.295951;46.949447
71014_2620_00001;1;;Rue Pierre Châtillon;71400;71014;Autun;;;4.298318;46.954971
71014_b551_00009;9;;Le Clos du Parc;71400;71014;Autun;;;4.284447;46.947538
71014_2170_00005;5;;Rue Moirans;71400;71014;Autun;Saint-Pantaléon;;4.319469;46.963441
71014_0054_00011;11;;Allée André Malraux;71400;71014;Autun;;;4.281141;46.946349
71014_0020_00001;1;;Rue Adrien Guignet;71400;71014;Autun;;;4.287673;46.952327
71014_2050_00021;21;;Rue aux Maréchaux;71400;71014;Autun;;;4.299099;46.94631
71014_0615_00002;2;;Chemin du Cerveau;71400;71014;Autun;Saint-Pantaléon;;4.333562;46.95173
71014_1280_00003;3;;Rue des Fleurs;71400;71014;Autun;;;4.29915;46.958809
71014_3710_00001;1;;Rue Victor Hugo;71400;71014;Autun;Saint-Pantaléon;;4.308898;46.967758
71014_0571_00025;25;;Rue de la Cascade;71400;71014;Autun;;;4.312917;46.94191
71014_0645_00001;1;;Rue du Champ du Moulin;71400;71014;Autun;Saint-Pantaléon;;4.312443;46.987607
71014_0670_00016_bis;16;bis;Rue du Chancelier Rolin;71400;71014;Autun;;;4.301115;46.959594
71014_1370_00008;8;;Rue des Fusiliers Marins;71400;71014;Autun;;;4.306338;46.957842
71014_0301_00032;32;;Rue du Bois Mathey;71400;71014;Autun;;;4.33392;46.909205
71014_0680_00001_bis;1;bis;Rue Changarnier;71400;71014;Autun;;;4.301423;46.948865
71014_yk1cfo_00018;18;;Rue du 22ème BMNA;71400;71014;Autun;;;4.296925;46.955805
71014_3350_00021;21;;Rue Saint-Nicolas;71400;71014;Autun;;;4.300204;46.955739
71014_0210_00013;13;;Boulevard Bernard Giberstein;71400;71014;Autun;;;4.282342;46.951943
71014_1210_00072;72;;Rue du Faubourg Saint-Andoche;71400;71014;Autun;;;4.29111;46.954536
71014_3461_00048_ter;48;ter;Route de Saulieu;71400;71014;Autun;Saint-Pantaléon;;4.294284;46.966287
71014_3420_00005;5;;Rue Saint-Saulge;71400;71014;Autun;;;4.298162;46.948761
71014_3370_00022;22;;Rue Saint-Pancrace;71400;71014;Autun;;;4.302902;46.946413
71014_1100_00041;41;;Rue des Dremeaux;71400;71014;Autun;Saint-Pantaléon;;4.314375;46.961652
71014_0090_00059;59;;Route d'Arnay;71400;71014;Autun;Saint-Pantaléon;;4.304911;46.966416
71014_0090_00098;98;;Route d'Arnay;71400;71014;Autun;Saint-Pantaléon;;4.310748;46.981242
71014_2511_00034;34;;Rue du Parc des Drémeaux;71400;71014;Autun;Saint-Pantaléon;;4.316045;46.960908
71014_2060_00013;13;;Rue Maurice Ravel;71400;71014;Autun;Saint-Pantaléon;;4.316582;46.966298
71014_1660_00005;5;;Rue de l'Horloge;71400;71014;Autun;;;4.300208;46.952852
71014_0643_00032;32;;Rue de la place du Champ de Mars;71400;71014;Autun;;;4.297988;46.950004
71014_0230_00022;22;;Rue du Beuvray;71400;71014;Autun;;;4.288199;46.948866
71014_1218_00071;71;;Rue du Faubourg Saint-Blaise;71400;71014;Autun;;;4.298629;46.937595
71014_1218_00024;24;;Rue du Faubourg Saint-Blaise;71400;71014;Autun;;;4.298818;46.939864
71014_1780_00002;2;;Rue Jean Friess;71400;71014;Autun;Saint-Pantaléon;;4.313766;46.988835
71014_0745_00008;8;;Rue de Charolles;71400;71014;Autun;Saint-Pantaléon;;4.304216;46.961998
71014_1210_00050_bis;50;bis;Rue du Faubourg Saint-Andoche;71400;71014;Autun;;;4.292283;46.953057
71014_2165_00027;27;;Rue des Mineurs;71400;71014;Autun;Saint-Pantaléon;;4.309733;46.985546
71014_3440_00006;6;;Place Sainte-Barbe;71400;71014;Autun;;;4.29989;46.944719
71014_1235_00011;11;;Rue du Faubourg Talus;71400;71014;Autun;;;4.295871;46.945361
71014_0796_00011;11;;Impasse Chaumont;71400;71014;Autun;;;4.293358;46.947121
71014_0348_00005;5;;Rue Bossuet;71400;71014;Autun;Saint-Pantaléon;;4.307291;46.967529
71014_2040_00038;38;;Grande Rue Marchaux;71400;71014;Autun;;;4.300032;46.95466
71014_0890_00009;9;;Rue du Clos Jovet;71400;71014;Autun;;;4.302635;46.955616
71014_0670_00008;8;;Rue du Chancelier Rolin;71400;71014;Autun;;;4.30079;46.959332
71014_0230_00003;3;;Rue du Beuvray;71400;71014;Autun;;;4.289945;46.948813
71014_2440_00023;23;;Rue de Paris;71400;71014;Autun;;;4.298853;46.955993
71014_1125_00003;3;;Rue des Éduens;71400;71014;Autun;;;4.292226;46.947714
71014_0301_00021;21;;Rue du Bois Mathey;71400;71014;Autun;;;4.334059;46.909205
71014_3290_00007;7;;Rue Saint-Germain;71400;71014;Autun;;;4.295549;46.949168
71014_3130_00008;8;;Boulevard des Résistants Fusillés;71400;71014;Autun;;;4.294503;46.948731
71014_1206_00024;24;;Rue du Faubourg d’Arroux;71400;71014;Autun;;;4.295702;46.959572
71014_0796_00002;2;;Impasse Chaumont;71400;71014;Autun;;;4.293396;46.947177
71014_0990_00026;26;;Rue de la Croix Blanche;71400;71014;Autun;;;4.30371;46.956847
71014_0451_00048;48;;Route de Broye;71400;71014;Autun;;;4.313367;46.940355
71014_2080_00007;7;;Boulevard Mazagran;71400;71014;Autun;;;4.302826;46.954383
71014_3550_00002;2;;Rue des Tanneries;71400;71014;Autun;;;4.294521;46.947753
71014_3110_00001_a;1;a;Avenue de la République;71400;71014;Autun;;;4.291613;46.954016
71014_2511_00032;32;;Rue du Parc des Drémeaux;71400;71014;Autun;Saint-Pantaléon;;4.3161;46.960763
71014_1730_00008_c;8;c;Rue de la Jambe de Bois;71400;71014;Autun;;;4.304409;46.948651
71014_0771_00020;20;;Petite Rue Chauchien;71400;71014;Autun;;;4.299132;46.946754
71014_0054_00010;10;;Allée André Malraux;71400;71014;Autun;;;4.281231;46.946295
71014_0740_00034;34;;Avenue Charles de Gaulle;71400;71014;Autun;;;4.296446;46.95278
71014_0210_00002;2;;Boulevard Bernard Giberstein;71400;71014;Autun;;;4.286718;46.953516
71014_0755_00051;51;;Route de Château-Chinon;71400;71014;Autun;;;4.281481;46.961705
71014_0261_00001;1;;Rue des Blanchots;71400;71014;Autun;;;4.340186;46.907504
71014_1206_00014;14;;Rue du Faubourg d’Arroux;71400;71014;Autun;;;4.296226;46.95906
71014_0560_00015;15;;Rue du Carrouge;71400;71014;Autun;;;4.295583;46.950096
71014_0090_00058;58;;Route d'Arnay;71400;71014;Autun;Saint-Pantaléon;;4.306404;46.971303
71014_0740_00056_bis;56;bis;Avenue Charles de Gaulle;71400;71014;Autun;;;4.294944;46.954368
71014_1917_00030;30;;Rue Louis Aragon;71400;71014;Autun;;;4.321282;46.952317
71014_0915_00017;17;;Avenue du Commandant Neuchèze;71400;71014;Autun;;;4.280955;46.957231
71014_2080_00035;35;;Boulevard Mazagran;71400;71014;Autun;;;4.306376;46.955721
71014_1235_00026;26;;Rue du Faubourg Talus;71400;71014;Autun;;;4.294741;46.945825
71014_3240_00004;4;;Rue Saint-Antoine;71400;71014;Autun;;;4.302191;46.948488
71014_2661_00003;3;;Rue Pierre Bérégovoy;71400;71014;Autun;Saint-Pantaléon;;4.305742;46.96364
71014_1851_00012;12;;Rue de la Fontaine;71400;71014;Autun;Saint-Pantaléon;;4.306895;46.969051
71014_2741_00010_bis;10;bis;Rue de la 1ere Armée;71400;71014;Autun;Saint-Pantaléon;;4.313069;46.970733
71014_3740_00006;6;;Rue de la Vieille Halle;71400;71014;Autun;;;4.299286;46.953991
71014_0540_00024;24;;Rue Carion;71400;71014;Autun;;;4.295858;46.957491
71014_0451_00009;9;;Route de Broye;71400;71014;Autun;;;4.304399;46.938842
71014_1318_00040;40;;Route de Forêt de Planoise;71400;71014;Autun;;;4.338247;46.909638
71014_3278_00020;20;;Rue Saint-Étienne;71400;71014;Autun;Saint-Pantaléon;;4.324323;46.963193
71014_0571_00012;12;;Rue de la Cascade;71400;71014;Autun;;;4.31306;46.941654
71014_1210_00062;62;;Rue du Faubourg Saint-Andoche;71400;71014;Autun;;;4.291889;46.953508
71014_1355_00005;5;;Boulevard Fréderic Latouche;71400;71014;Autun;;;4.302838;46.951715
71014_2180_00004;4;;Rue Monseigneur Villard;71400;71014;Autun;;;4.289608;46.949914
71014_1790_00001;1;;Rue Jeannin;71400;71014;Autun;;;4.299884;46.951838
71014_3420_00018_c;18;c;Rue Saint-Saulge;71400;71014;Autun;;;4.297818;46.948405
71014_2741_00030;30;;Rue de la 1ere Armée;71400;71014;Autun;Saint-Pantaléon;;4.311798;46.975308
71014_0910_00004;4;;Rue Cocand;71400;71014;Autun;;;4.29838;46.946134
71014_2610_00003;3;;Avenue Pierre Brossolette;71400;71014;Autun;;;4.271243;46.971715
71014_1125_00010_bis;10;bis;Rue des Éduens;71400;71014;Autun;;;4.29181;46.948123
71014_1218_00063;63;;Rue du Faubourg Saint-Blaise;71400;71014;Autun;;;4.298617;46.937858
71014_0090_00041;41;;Route d'Arnay;71400;71014;Autun;Saint-Pantaléon;;4.303494;46.963943
71014_2045_00005_bis;5;bis;Boulevard du Maréchal Leclerc;71400;71014;Autun;Saint-Pantaléon;;4.307285;46.963576
71014_0740_00013;13;;Avenue Charles de Gaulle;71400;71014;Autun;;;4.298042;46.950772
71014_2330_00022;22;;Rue Naudin;71400;71014;Autun;;;4.299898;46.958227
71014_1218_00017;17;;Rue du Faubourg Saint-Blaise;71400;71014;Autun;;;4.29981;46.941261
71014_2511_00042;42;;Rue du Parc des Drémeaux;71400;71014;Autun;Saint-Pantaléon;;4.315644;46.961802
71014_1860_00008;8;;Rue Jean et Bernard de Lattre de Tassigny;71400;71014;Autun;;;4.299773;46.951263
71014_3110_00004_bis;4;bis;Avenue de la République;71400;71014;Autun;;;4.291889;46.953891
71014_0770_00006;6;;Grande Rue Chauchien;71400;71014;Autun;;;4.298591;46.948042
71014_3740_00010;10;;Rue de la Vieille Halle;71400;71014;Autun;;;4.299569;46.95416
71014_3685_00004;4;;Rue de la Verrerie;71400;71014;Autun;;;4.279369;46.958562
71014_0199_00002;2;;Chemin des Berlingots;71400;71014;Autun;;;4.298139;46.937071
71014_0670_00020;20;;Rue du Chancelier Rolin;71400;71014;Autun;;;4.300987;46.959835
71014_2741_00053;53;;Rue de la 1ere Armée;71400;71014;Autun;Saint-Pantaléon;;4.310584;46.978809
71014_2470_00033;33;;Rue de Parpas;71400;71014;Autun;;;4.286487;46.949712
71014_0560_00009;9;;Rue du Carrouge;71400;71014;Autun;;;4.295906;46.949876
71014_3110_00072;72;;Avenue de la République;71400;71014;Autun;;;4.30125;46.957894
71014_rv6nz8_00006;6;;Rue du Couvent;71400;71014;Autun;Saint-Pantaléon;;4.307575;46.962604
71014_0745_00025;25;;Rue de Charolles;71400;71014;Autun;Saint-Pantaléon;;4.303335;46.963483
71014_2080_00029;29;;Boulevard Mazagran;71400;71014;Autun;;;4.305522;46.955483
71014_0740_00030;30;;Avenue Charles de Gaulle;71400;71014;Autun;;;4.296582;46.952579
71014_0500_00010;10;;Rue du Capitaine Repoux;71400;71014;Autun;;;4.293163;46.948449
71014_0090_00005;5;;Route d'Arnay;71400;71014;Autun;;;4.305726;46.958262
71014_2080_00011;11;;Boulevard Mazagran;71400;71014;Autun;;;4.303072;46.954476
71014_0940_00012;12;;Rue aux Cordiers;71400;71014;Autun;;;4.299233;46.949173
71014_1580_00030;30;;Rue de la Grille;71400;71014;Autun;;;4.295189;46.952013
71014_2660_00009;9;;Rue des Pierres;71400;71014;Autun;;;4.301094;46.961038
71014_2750_00005;5;;Rue des Prés Moussus;71400;71014;Autun;;;4.335204;46.910923
71014_0755_00006;6;;Route de Château-Chinon;71400;71014;Autun;;;4.286702;46.957168
71014_0210_00021;21;;Boulevard Bernard Giberstein;71400;71014;Autun;;;4.280381;46.951128
71014_0451_00003;3;;Route de Broye;71400;71014;Autun;;;4.302915;46.938429
71014_1920_00001;1;;Rue Louis Charlot;71400;71014;Autun;;;4.297156;46.955091
71014_0740_00053;53;;Avenue Charles de Gaulle;71400;71014;Autun;;;4.29412;46.954463
71014_1710_00005;5;;Rue d’Ingelheim;71400;71014;Autun;;;4.278873;46.944863
71014_2090_00010;10;;Rue Mazagran;71400;71014;Autun;;;4.301488;46.953694
71014_3650_00009;9;;Rue Traversière;71400;71014;Autun;;;4.297172;46.952856
71014_1400_00007;7;;Rue de Gaillon;71400;71014;Autun;;;4.305356;46.957938
71014_3075_00007;7;;Rue aux Raz;71400;71014;Autun;;;4.296838;46.948328
71014_2041_00021;21;;Petite Rue Marchaux;71400;71014;Autun;;;4.299801;46.953513
71014_0915_00001;1;;Avenue du Commandant Neuchèze;71400;71014;Autun;;;4.285223;46.956075
71014_0500_00007;7;;Rue du Capitaine Repoux;71400;71014;Autun;;;4.293332;46.948417
71014_1270_00002;2;;Rue de Filhouse;71400;71014;Autun;;;4.312797;46.941549
71014_1218_00069_a;69;a;Rue du Faubourg Saint-Blaise;71400;71014;Autun;;;4.298961;46.937724
71014_0770_00005;5;;Grande Rue Chauchien;71400;71014;Autun;;;4.298665;46.948087
71014_1218_00021;21;;Rue du Faubourg Saint-Blaise;71400;71014;Autun;;;4.299714;46.941113
71014_0350_00003;3;;Ruelle Bouheret;71400;71014;Autun;;;4.289806;46.9544
71014_1860_00009;9;;Rue Jean et Bernard de Lattre de Tassigny;71400;71014;Autun;;;4.299777;46.951175
71014_0090_00062;62;;Route d'Arnay;71400;71014;Autun;Saint-Pantaléon;;4.306679;46.972123
71014_1680_00018;18;;Rue du 8 Septembre;71400;71014;Autun;;;4.299229;46.959276
71014_1257_00010;10;;Rue des Feuillies;71400;71014;Autun;;;4.336345;46.909775
71014_0770_00013;13;;Grande Rue Chauchien;71400;71014;Autun;;;4.298835;46.947862
71014_1730_00009_a;9;a;Rue de la Jambe de Bois;71400;71014;Autun;;;4.305711;46.948802
71014_1218_00077;77;;Rue du Faubourg Saint-Blaise;71400;71014;Autun;;;4.298921;46.937421
71014_1504_00006;6;;Rue Général Demetz;71400;71014;Autun;;;4.298816;46.949394
71014_0185_00023;23;;Route de Beaune;71400;71014;Autun;Saint-Pantaléon;;4.315519;46.956482
71014_1892_00006;6;;Allée de la Liberté;71400;71014;Autun;;;4.286552;46.946262
71014_1218_00029;29;;Rue du Faubourg Saint-Blaise;71400;71014;Autun;;;4.299582;46.940929
71014_0750_00001;1;;Rue de Chasseneux;71400;71014;Autun;;;4.305558;46.948441
71014_1318_00175;175;;Route de Forêt de Planoise;71400;71014;Autun;;;4.358134;46.888405
71014_2250_00006_a;6;a;Avenue du Morvan;71400;71014;Autun;;;4.293786;46.950155
71014_0650_00010;10;;Rue du Champ Gevras;71400;71014;Autun;;;4.292211;46.945741
71014_3760_00004;4;;Rue du Vieux Collège;71400;71014;Autun;;;4.296687;46.950262
71014_0055_00001;1;;Avenue André Saclier;71400;71014;Autun;;;4.273945;46.971701
71014_0880_00005_bis;5;bis;Rue des Cités;71400;71014;Autun;;;4.298582;46.953783
71014_0020_00007;7;;Rue Adrien Guignet;71400;71014;Autun;;;4.287789;46.951577
71014_0500_00026_bis;26;bis;Rue du Capitaine Repoux;71400;71014;Autun;;;4.291885;46.950557
71014_2060_00014;14;;Rue Maurice Ravel;71400;71014;Autun;Saint-Pantaléon;;4.314906;46.965486
71014_0770_00027;27;;Grande Rue Chauchien;71400;71014;Autun;;;4.299216;46.947485
71014_1210_00049;49;;Rue du Faubourg Saint-Andoche;71400;71014;Autun;;;4.290832;46.954697
71014_0680_00010;10;;Rue Changarnier;71400;71014;Autun;;;4.301201;46.948853
71014_2060_00022;22;;Rue Maurice Ravel;71400;71014;Autun;Saint-Pantaléon;;4.316132;46.966036
71014_2470_00037;37;;Rue de Parpas;71400;71014;Autun;;;4.286226;46.949545
71014_1730_00009;9;;Rue de la Jambe de Bois;71400;71014;Autun;;;4.30529;46.949183
71014_0755_00001;1;;Route de Château-Chinon;71400;71014;Autun;;;4.28667;46.957016
71014_2043_00006;6;;Rue du Maréchal Juin;71400;71014;Autun;;;4.322425;46.952387
71014_3461_00067;67;;Route de Saulieu;71400;71014;Autun;;;4.294097;46.967983
71014_3720_00002_c;2;c;Rue Victor Terret;71400;71014;Autun;;;4.297819;46.937627
71014_0670_00003;3;;Rue du Chancelier Rolin;71400;71014;Autun;;;4.300654;46.959243
71014_0451_00007;7;;Route de Broye;71400;71014;Autun;;;4.304039;46.938882
71014_0880_00014;14;;Rue des Cités;71400;71014;Autun;;;4.298447;46.954127
71014_3350_00015;15;;Rue Saint-Nicolas;71400;71014;Autun;;;4.300141;46.955594
71014_1160_00014;14;;Rue Eumène;71400;71014;Autun;;;4.298975;46.952751
71014_3760_00006;6;;Rue du Vieux Collège;71400;71014;Autun;;;4.296374;46.950131
71014_1870_00006;6;;Rue Lauchien le Boucher;71400;71014;Autun;;;4.302453;46.947189
71014_3240_00003;3;;Rue Saint-Antoine;71400;71014;Autun;;;4.302304;46.948499
71014_1218_00039;39;;Rue du Faubourg Saint-Blaise;71400;71014;Autun;;;4.298904;46.939872
71014_3180_00008;8;;Rue Badinter;71400;71014;Autun;;;4.277302;46.945487
71014_1930_00006_ter;6;ter;Boulevard Mac Mahon;71400;71014;Autun;;;4.297629;46.943519
71014_0685_00004;4;;Parvis Chanoine Denis Grivot;71400;71014;Autun;;;4.298741;46.945399
71014_2440_00026;26;;Rue de Paris;71400;71014;Autun;;;4.297664;46.957513
71014_8rvkza_00002;2;;Aérodrome d'Autun-Bellevue;71400;71014;Autun;;;4.26464;46.972156
71014_3010_00010;10;;Rue des 4 Vents;71400;71014;Autun;;;4.299923;46.957136
71014_2701_00016;16;;Rue de Planoise;71400;71014;Autun;;;4.314152;46.940485
71014_0770_00002;2;;Grande Rue Chauchien;71400;71014;Autun;;;4.298509;46.948191
71014_3090_00008;8;;Rue du Rempart Saint-Jean;71400;71014;Autun;;;4.302222;46.960417
71014_0500_00013;13;;Rue du Capitaine Repoux;71400;71014;Autun;;;4.292949;46.949023
71014_0050_00016;16;;Place Anatole de Charmasse;71400;71014;Autun;;;4.304446;46.950237
71014_0740_00052_bis;52;bis;Avenue Charles de Gaulle;71400;71014;Autun;;;4.295125;46.954159
71014_0800_00008;8;;Ruelle Chaumont;71400;71014;Autun;;;4.29304;46.946379
71014_2080_00033_bis;33;bis;Boulevard Mazagran;71400;71014;Autun;;;4.306195;46.955628
71014_3461_00068_bis;68;bis;Route de Saulieu;71400;71014;Autun;Saint-Pantaléon;;4.294252;46.968171
71014_0365_00023;23;;Rue de Bourgogne;71400;71014;Autun;Saint-Pantaléon;;4.321194;46.962825
71014_3278_00006;6;;Rue Saint-Étienne;71400;71014;Autun;Saint-Pantaléon;;4.322342;46.962107
71014_0650_00004;4;;Rue du Champ Gevras;71400;71014;Autun;;;4.293066;46.945642
71014_1651_00014;14;;Rue Henri Dunant;71400;71014;Autun;;;4.303921;46.953474
71014_1820_00001;1;;Rue Jondeau;71400;71014;Autun;;;4.297414;46.950602
71014_0740_00017_bis;17;bis;Avenue Charles de Gaulle;71400;71014;Autun;;;4.297628;46.951162
71014_0220_00034;34;;Rue Bernard Renault;71400;71014;Autun;;;4.299507;46.954898
71014_1218_00061;61;;Rue du Faubourg Saint-Blaise;71400;71014;Autun;;;4.298627;46.937991
71014_1050_00004;4;;Avenue du 2e Dragons;71400;71014;Autun;;;4.307606;46.952875
71014_2050_00020;20;;Rue aux Maréchaux;71400;71014;Autun;;;4.298962;46.946305
71014_0185_00020;20;;Route de Beaune;71400;71014;Autun;Saint-Pantaléon;;4.323382;46.959135
71014_1930_00006_bis;6;bis;Boulevard Mac Mahon;71400;71014;Autun;;;4.297541;46.94392
71014_0670_00018_d;18;d;Rue du Chancelier Rolin;71400;71014;Autun;;;4.301192;46.959758
71014_3190_00023;23;;Impasse Rollet;71400;71014;Autun;;;4.299893;46.947906
71014_b551_00020;20;;Le Clos du Parc;71400;71014;Autun;;;4.284856;46.947889
71014_2055_00027;27;;Route de Margenne;71400;71014;Autun;;;4.258372;46.960969
71014_1218_00045;45;;Rue du Faubourg Saint-Blaise;71400;71014;Autun;;;4.298879;46.93956
71014_0301_00068;68;;Rue du Bois Mathey;71400;71014;Autun;;;4.337868;46.905354
71014_3461_00009;9;;Route de Saulieu;71400;71014;Autun;;;4.294251;46.962025
71014_2340_00039;39;;Rue Nicéphore Niepce;71400;71014;Autun;Saint-Pantaléon;;4.306485;46.976472
71014_0915_00017_a;17;a;Avenue du Commandant Neuchèze;71400;71014;Autun;;;4.280396;46.957068
71014_1710_00009;9;;Rue d’Ingelheim;71400;71014;Autun;;;4.278475;46.944733
71014_1100_00083;83;;Rue des Dremeaux;71400;71014;Autun;Saint-Pantaléon;;4.320289;46.964073
71014_2741_00054;54;;Rue de la 1ere Armée;71400;71014;Autun;Saint-Pantaléon;;4.310776;46.97847
71014_0650_00024;24;;Rue du Champ Gevras;71400;71014;Autun;;;4.291523;46.945477
71014_1050_00013_ter;13;ter;Avenue du 2e Dragons;71400;71014;Autun;;;4.309417;46.954412
71014_3461_00013;13;;Route de Saulieu;71400;71014;Autun;;;4.294181;46.96257
71014_3270_00001;1;;Rue Saint-Christophe;71400;71014;Autun;;;4.297268;46.949741
71014_3320_00003_bis;3;bis;Rue Saint-Jean;71400;71014;Autun;;;4.300755;46.956646
71014_0626_00177;177;;Route de Chalon;71400;71014;Autun;Saint-Pantaléon;;4.348905;46.949462
71014_2170_00010;10;;Rue Moirans;71400;71014;Autun;Saint-Pantaléon;;4.319593;46.963543
71014_0771_00009;9;;Petite Rue Chauchien;71400;71014;Autun;;;4.299226;46.94684
71014_0185_00015_a;15;a;Route de Beaune;71400;71014;Autun;Saint-Pantaléon;;4.314607;46.95659
71014_1870_00002;2;;Rue Lauchien le Boucher;71400;71014;Autun;;;4.302162;46.947024
71014_2250_00016;16;;Avenue du Morvan;71400;71014;Autun;;;4.292272;46.949396
71014_0050_00014;14;;Place Anatole de Charmasse;71400;71014;Autun;;;4.304471;46.950104
71014_3110_00048;48;;Avenue de la République;71400;71014;Autun;;;4.297492;46.956457
71014_0650_00027_bis;27;bis;Rue du Champ Gevras;71400;71014;Autun;;;4.292476;46.945361
71014_1653_00018;18;;Rue de l'Hermitage;71400;71014;Autun;Saint-Pantaléon;;4.320862;46.961979
71014_0225_00006_ter;6;ter;Rue de Bellevue;71400;71014;Autun;Saint-Pantaléon;;4.306219;46.963237
71014_2470_00016;16;;Rue de Parpas;71400;71014;Autun;;;4.288711;46.95074
71014_3010_00012;12;;Rue des 4 Vents;71400;71014;Autun;;;4.299805;46.95728
71014_1235_00021;21;;Rue du Faubourg Talus;71400;71014;Autun;;;4.289865;46.945691
71014_2090_00009;9;;Rue Mazagran;71400;71014;Autun;;;4.301379;46.953754
71014_1218_00056_bis;56;bis;Rue du Faubourg Saint-Blaise;71400;71014;Autun;;;4.298497;46.937601
71014_0050_00004;4;;Place Anatole de Charmasse;71400;71014;Autun;;;4.303813;46.950492
71014_3315_00010;10;;Rue Saint-Hubert;71400;71014;Autun;Saint-Pantaléon;;4.306683;46.963762
71014_1560_00011;11;;Rue de la Grange Vertu;71400;71014;Autun;;;4.293196;46.952341
71014_1870_00010_a;10;a;Rue Lauchien le Boucher;71400;71014;Autun;;;4.303192;46.947249
71014_0670_00035;35;;Rue du Chancelier Rolin;71400;71014;Autun;;;4.30127;46.960096
71014_3170_00002;2;;Rue de Rivault;71400;71014;Autun;;;4.2989;46.944121
71014_1600_00010_bis;10;bis;Rue Guérin;71400;71014;Autun;;;4.300353;46.95233
71014_0285_00007;7;;Rue du Lotissement du Bois de Sapin;71400;71014;Autun;;;4.278701;46.947072
71014_3685_00007;7;;Rue de la Verrerie;71400;71014;Autun;;;4.279115;46.958745
71014_1235_00040;40;;Rue du Faubourg Talus;71400;71014;Autun;;;4.290979;46.946343
71014_3461_00070_bis;70;bis;Route de Saulieu;71400;71014;Autun;Saint-Pantaléon;;4.294279;46.96822
71014_1870_00012;12;;Rue Lauchien le Boucher;71400;71014;Autun;;;4.302678;46.947321
71014_1100_00001;1;;Rue des Dremeaux;71400;71014;Autun;Saint-Pantaléon;;4.308234;46.959055
71014_0740_00043;43;;Avenue Charles de Gaulle;71400;71014;Autun;;;4.294958;46.954054
71014_2043_00012;12;;Rue du Maréchal Juin;71400;71014;Autun;;;4.322578;46.95127
71014_2440_00049;49;;Rue de Paris;71400;71014;Autun;;;4.297065;46.957201
71014_3461_00098;98;;Route de Saulieu;71400;71014;Autun;Saint-Pantaléon;;4.294735;46.971375
71014_1125_00012;12;;Rue des Éduens;71400;71014;Autun;;;4.291765;46.948199
71014_1730_00020;20;;Rue de la Jambe de Bois;71400;71014;Autun;;;4.305829;46.948014
71014_1652_00001;1;;Rue Hector Berlioz;71400;71014;Autun;Saint-Pantaléon;;4.314736;46.966337
71014_0090_00139;139;;Route d'Arnay;71400;71014;Autun;Saint-Pantaléon;;4.313963;46.98836
71014_1860_00013_a;13;a;Rue Jean et Bernard de Lattre de Tassigny;71400;71014;Autun;;;4.299847;46.950706
71014_1050_00001;1;;Avenue du 2e Dragons;71400;71014;Autun;;;4.307458;46.953173
71014_2380_00005;5;;Rue du 11 Novembre 1918;71400;71014;Autun;;;4.291523;46.953264
71014_3170_00009;9;;Rue de Rivault;71400;71014;Autun;;;4.298632;46.943508
71014_1218_00041;41;;Rue du Faubourg Saint-Blaise;71400;71014;Autun;;;4.298876;46.93977
71014_1680_00042;42;;Rue du 8 Septembre;71400;71014;Autun;;;4.300969;46.960493
71014_0165_00008_bis;8;bis;Rue de la Barre;71400;71014;Autun;;;4.289908;46.948103
71014_1860_00014;14;;Rue Jean et Bernard de Lattre de Tassigny;71400;71014;Autun;;;4.299704;46.950672
71014_0990_00006;6;;Rue de la Croix Blanche;71400;71014;Autun;;;4.301382;46.956339
71014_1010_00032;32;;Rue de la Croix Verte;71400;71014;Autun;;;4.306885;46.955488
71014_b551_00014;14;;Le Clos du Parc;71400;71014;Autun;;;4.284226;46.948372
71014_0090_00077;77;;Route d'Arnay;71400;71014;Autun;Saint-Pantaléon;;4.305714;46.970099
71014_1220_00004;4;;Rue du Faubourg Saint-Branchez;71400;71014;Autun;;;4.305208;46.945862
71014_1653_00009;9;;Rue de l'Hermitage;71400;71014;Autun;Saint-Pantaléon;;4.321871;46.960894
71014_0100_00009_ter;9;ter;Rue de l’Arquebuse;71400;71014;Autun;;;4.301366;46.950003
71014_1210_00007;7;;Rue du Faubourg Saint-Andoche;71400;71014;Autun;;;4.294458;46.950944
71014_0755_00016;16;;Route de Château-Chinon;71400;71014;Autun;;;4.28583;46.957966
71014_1680_00025;25;;Rue du 8 Septembre;71400;71014;Autun;;;4.300256;46.960092
71014_1010_00016;16;;Rue de la Croix Verte;71400;71014;Autun;;;4.306214;46.954313
71014_3110_00061;61;;Avenue de la République;71400;71014;Autun;Saint-Pantaléon;;4.309487;46.962309
71014_0740_00033;33;;Avenue Charles de Gaulle;71400;71014;Autun;;;4.295696;46.953255
71014_1651_00005;5;;Rue Henri Dunant;71400;71014;Autun;;;4.303569;46.953939
71014_3130_00008_bis;8;bis;Boulevard des Résistants Fusillés;71400;71014;Autun;;;4.294452;46.948848
71014_2182_00001;1;;Chemin de Montmain;71400;71014;Autun;;;4.317107;46.939055
71014_3170_00007;7;;Rue de Rivault;71400;71014;Autun;;;4.29866;46.943597
71014_0940_00051;51;;Rue aux Cordiers;71400;71014;Autun;;;4.298642;46.948394
71014_2440_00016;16;;Rue de Paris;71400;71014;Autun;;;4.29886;46.956193
71014_3315_00002;2;;Rue Saint-Hubert;71400;71014;Autun;Saint-Pantaléon;;4.306207;46.964338
71014_3710_00028;28;;Rue Victor Hugo;71400;71014;Autun;Saint-Pantaléon;;4.307361;46.969117
71014_0565_00001;1;;Ruelle du Carrouge;71400;71014;Autun;;;4.296017;46.950954
71014_2040_00029;29;;Grande Rue Marchaux;71400;71014;Autun;;;4.299968;46.954573
71014_1206_00035;35;;Rue du Faubourg d’Arroux;71400;71014;Autun;;;4.295187;46.959942
71014_1730_00008;8;;Rue de la Jambe de Bois;71400;71014;Autun;;;4.305109;46.949191
71014_0130_00003;3;;Rue des Bancs;71400;71014;Autun;;;4.299113;46.945891
71014_2055_00051;51;;Route de Margenne;71400;71014;Autun;;;4.255957;46.963599
71014_3075_00011;11;;Rue aux Raz;71400;71014;Autun;;;4.29703;46.948038
71014_3770_00017;17;;Chemin du Vieux Moulin;71400;71014;Autun;Saint-Pantaléon;;4.325713;46.958956
71014_1110_00009;9;;Rue Dufraigne;71400;71014;Autun;;;4.299147;46.94395
71014_3490_00007;7;;Rue de Stevenage;71400;71014;Autun;;;4.278908;46.944433
71014_2050_00002;2;;Rue aux Maréchaux;71400;71014;Autun;;;4.299821;46.946647
71014_0871_00003;3;;Impasse des Carilloux;71400;71014;Autun;Saint-Pantaléon;;4.314471;46.961194
71014_2180_00014;14;;Rue Monseigneur Villard;71400;71014;Autun;;;4.288696;46.949888
71014_qu3gmy_00014;14;;Route du Bois de Sapin;71400;71014;Autun;;;4.276841;46.945389
71014_1235_00017;17;;Rue du Faubourg Talus;71400;71014;Autun;;;4.294907;46.945654
71014_1110_00010;10;;Rue Dufraigne;71400;71014;Autun;;;4.299146;46.943852
71014_0090_00129;129;;Route d'Arnay;71400;71014;Autun;Saint-Pantaléon;;4.313763;46.987941
71014_0500_00006;6;;Rue du Capitaine Repoux;71400;71014;Autun;;;4.293331;46.94818
71014_0050_00006;6;;Place Anatole de Charmasse;71400;71014;Autun;;;4.304113;46.95028
71014_1010_00015;15;;Rue de la Croix Verte;71400;71014;Autun;;;4.306201;46.95456
71014_1218_00034;34;;Rue du Faubourg Saint-Blaise;71400;71014;Autun;;;4.298586;46.938773
71014_0360_00007;7;;Rue du Bourg;71400;71014;Autun;Saint-Pantaléon;;4.309124;46.960112
71014_0685_00002;2;;Parvis Chanoine Denis Grivot;71400;71014;Autun;;;4.298839;46.945451
71014_1225_00009;9;;Rue du Faubourg Saint-Pancrace;71400;71014;Autun;;;4.304114;46.945635
71014_1030_00003;3;;Rue Deguin;71400;71014;Autun;;;4.300062;46.952289
71014_2661_00001;1;;Rue Pierre Bérégovoy;71400;71014;Autun;Saint-Pantaléon;;4.305877;46.963629
71014_2250_00020;20;;Avenue du Morvan;71400;71014;Autun;;;4.291935;46.949296
71014_3275_00013;13;;Route de Saint-Denis;71400;71014;Autun;Saint-Pantaléon;;4.3194;46.968168
71014_1340_00003;3;;Rue du Four à Pain;71400;71014;Autun;;;4.277406;46.944232
71014_2511_00040;40;;Rue du Parc des Drémeaux;71400;71014;Autun;Saint-Pantaléon;;4.315721;46.961639
71014_1355_00002;2;;Boulevard Fréderic Latouche;71400;71014;Autun;;;4.303122;46.951606
71014_3610_00009_bis;9;bis;Rue du Théâtre Romain;71400;71014;Autun;;;4.309772;46.955552
71014_0880_00005;5;;Rue des Cités;71400;71014;Autun;;;4.298281;46.954097
71014_1730_00012;12;;Rue de la Jambe de Bois;71400;71014;Autun;;;4.305394;46.948867
71014_3110_00084;84;;Avenue de la République;71400;71014;Autun;;;4.302329;46.958324
71014_3740_00007;7;;Rue de la Vieille Halle;71400;71014;Autun;;;4.299258;46.953839
71014_0210_00026;26;;Boulevard Bernard Giberstein;71400;71014;Autun;;;4.279681;46.951023
71014_1218_00026;26;;Rue du Faubourg Saint-Blaise;71400;71014;Autun;;;4.298781;46.939699
71014_0345_00017_t;17;t;Rue Borgne;71400;71014;Autun;Saint-Pantaléon;;4.316709;46.97119
71014_b551_00017;17;;Le Clos du Parc;71400;71014;Autun;;;4.284816;46.948094
71014_1930_00004_ter;4;ter;Boulevard Mac Mahon;71400;71014;Autun;;;4.297471;46.944356
71014_0740_00044;44;;Avenue Charles de Gaulle;71400;71014;Autun;;;4.295921;46.953313
71014_1010_00007;7;;Rue de la Croix Verte;71400;71014;Autun;;;4.305594;46.953565
71014_b551_00004;4;;Le Clos du Parc;71400;71014;Autun;;;4.285136;46.947496
71014_2041_00006;6;;Petite Rue Marchaux;71400;71014;Autun;;;4.299977;46.953003
71014_0054_00006;6;;Allée André Malraux;71400;71014;Autun;;;4.280476;46.946215
71014_2045_00005;5;;Boulevard du Maréchal Leclerc;71400;71014;Autun;Saint-Pantaléon;;4.307499;46.963463
71014_3590_00005;5;;Place du Terreau;71400;71014;Autun;;;4.299543;46.945092
71014_0940_00033;33;;Rue aux Cordiers;71400;71014;Autun;;;4.299031;46.948805
71014_1010_00002;2;;Rue de la Croix Verte;71400;71014;Autun;;;4.305828;46.953251
71014_1280_00005;5;;Rue des Fleurs;71400;71014;Autun;;;4.299605;46.95894
71014_1160_00018;18;;Rue Eumène;71400;71014;Autun;;;4.299162;46.952851
71014_0365_00036_bis;36;bis;Rue de Bourgogne;71400;71014;Autun;Saint-Pantaléon;;4.323821;46.96359
71014_0190_00003;3;;Passage Bellérophon;71400;71014;Autun;;;4.302749;46.953673
71014_1215_00004;4;;Rue du Faubourg Saint-André;71400;71014;Autun;;;4.306466;46.958016
71014_0080_00013_b;13;b;Rue de l’Arbalète;71400;71014;Autun;;;4.300765;46.949514
71014_2040_00028_a;28;a;Grande Rue Marchaux;71400;71014;Autun;;;4.300449;46.954415
71014_3320_00008;8;;Rue Saint-Jean;71400;71014;Autun;;;4.300928;46.956749
71014_2330_00007;7;;Rue Naudin;71400;71014;Autun;;;4.299433;46.958071
71014_0571_00029;29;;Rue de la Cascade;71400;71014;Autun;;;4.313157;46.941966
71014_2330_00015;15;;Rue Naudin;71400;71014;Autun;;;4.299977;46.958136
71014_0540_00007;7;;Rue Carion;71400;71014;Autun;;;4.290807;46.955392
71014_1780_00010;10;;Rue Jean Friess;71400;71014;Autun;Saint-Pantaléon;;4.312442;46.988599
71014_0990_00015;15;;Rue de la Croix Blanche;71400;71014;Autun;;;4.303246;46.956917
71014_3740_00009_bis;9;bis;Rue de la Vieille Halle;71400;71014;Autun;;;4.29903;46.954022
71014_1580_00004;4;;Rue de la Grille;71400;71014;Autun;;;4.296842;46.950544
71014_1235_00019;19;;Rue du Faubourg Talus;71400;71014;Autun;;;4.294598;46.945728
71014_0090_00003;3;;Route d'Arnay;71400;71014;Autun;;;4.305862;46.958101
71014_0571_00017;17;;Rue de la Cascade;71400;71014;Autun;;;4.312027;46.941504
71014_1580_00016;16;;Rue de la Grille;71400;71014;Autun;;;4.296348;46.95106
71014_0055_00006;6;;Avenue André Saclier;71400;71014;Autun;;;4.274344;46.971602
71014_2040_00030;30;;Grande Rue Marchaux;71400;71014;Autun;;;4.300133;46.95444
71014_1845_00024;24;;Chemin de la Justice;71400;71014;Autun;Saint-Pantaléon;;4.313956;46.987325
71014_3290_00008;8;;Rue Saint-Germain;71400;71014;Autun;;;4.29568;46.949244
71014_0770_00004;4;;Grande Rue Chauchien;71400;71014;Autun;;;4.298553;46.948111
71014_3350_00023;23;;Rue Saint-Nicolas;71400;71014;Autun;;;4.300237;46.955824
71014_0220_00025;25;;Rue Bernard Renault;71400;71014;Autun;;;4.297928;46.954414
71014_3800_00004;4;;Rue des Violettes;71400;71014;Autun;Saint-Pantaléon;;4.310049;46.967361
71014_2040_00028_b;28;b;Grande Rue Marchaux;71400;71014;Autun;;;4.300494;46.954428
71014_2470_00026;26;;Rue de Parpas;71400;71014;Autun;;;4.287575;46.950407
71014_3350_00003;3;;Rue Saint-Nicolas;71400;71014;Autun;;;4.299861;46.955183
71014_0261_00012;12;;Rue des Blanchots;71400;71014;Autun;;;4.334542;46.907308
71014_0565_00002;2;;Ruelle du Carrouge;71400;71014;Autun;;;4.296064;46.951028
71014_1218_00010;10;;Rue du Faubourg Saint-Blaise;71400;71014;Autun;;;4.29982;46.941461
71014_1501_00004;4;;Place du General Brosset;71400;71014;Autun;Saint-Pantaléon;;4.314825;46.967736
71014_3590_00010;10;;Place du Terreau;71400;71014;Autun;;;4.299476;46.944934
71014_0230_00018;18;;Rue du Beuvray;71400;71014;Autun;;;4.288666;46.948879
71014_1100_00017;17;;Rue des Dremeaux;71400;71014;Autun;Saint-Pantaléon;;4.310115;46.960054
71014_0285_00010;10;;Rue du Lotissement du Bois de Sapin;71400;71014;Autun;;;4.279313;46.946696
71014_0760_00007;7;;Rue du Châtelet;71400;71014;Autun;;;4.295407;46.949753
71014_3275_00026;26;;Route de Saint-Denis;71400;71014;Autun;Saint-Pantaléon;;4.319464;46.968128
71014_1257_00001;1;;Rue des Feuillies;71400;71014;Autun;;;4.33598;46.911546
71014_0643_00036;36;;Rue de la place du Champ de Mars;71400;71014;Autun;;;4.297714;46.949851
71014_1640_00009;9;;Place d’Hallencourt;71400;71014;Autun;;;4.300314;46.946445
71014_1100_00045;45;;Rue des Dremeaux;71400;71014;Autun;Saint-Pantaléon;;4.314833;46.961791
71014_0090_00054;54;;Route d'Arnay;71400;71014;Autun;Saint-Pantaléon;;4.30603;46.970142
71014_0915_00011;11;;Avenue du Commandant Neuchèze;71400;71014;Autun;;;4.282244;46.956568
71014_0500_00030;30;;Rue du Capitaine Repoux;71400;71014;Autun;;;4.291736;46.950785
71014_3110_00047;47;;Avenue de la République;71400;71014;Autun;;;4.301815;46.958567
71014_0915_00166;166;;Avenue du Commandant Neuchèze;71400;71014;Autun;;;4.256762;46.956313
71014_1140_00005;5;;Rue Eugène Chevalier;71400;71014;Autun;;;4.299387;46.9585
71014_0070_00002;2;;Rue Antoine Clement;71400;71014;Autun;Saint-Pantaléon;;4.312819;46.964365
71014_2741_00035;35;;Rue de la 1ere Armée;71400;71014;Autun;Saint-Pantaléon;;4.311762;46.974988
71014_1892_00009;9;;Allée de la Liberté;71400;71014;Autun;;;4.286068;46.945939
71014_0345_00003;3;;Rue Borgne;71400;71014;Autun;Saint-Pantaléon;;4.313801;46.970727
71014_3765_00011;11;;Rue du Vieux Colombier;71400;71014;Autun;;;4.303359;46.945509
71014_0500_00011;11;;Rue du Capitaine Repoux;71400;71014;Autun;;;4.293076;46.948814
71014_1208_00010;10;;Rue du Faubourg du Breuil;71400;71014;Autun;;;4.30178;46.942362
71014_0055_00008_bis;8;bis;Avenue André Saclier;71400;71014;Autun;;;4.275966;46.971638
71014_1075_00016;16;;Rue du 19 Mars 1962;71400;71014;Autun;;;4.292923;46.947579
71014_1580_00018;18;;Rue de la Grille;71400;71014;Autun;;;4.296129;46.951229
71014_inmr0y_00001;1;;Rue Claudie Haigneré;71400;71014;Autun;;;4.271862;46.974207
71014_0080_00013;13;;Rue de l’Arbalète;71400;71014;Autun;;;4.300795;46.949412
71014_0165_00017_bis;17;bis;Rue de la Barre;71400;71014;Autun;;;4.289509;46.947723
71014_3240_00002;2;;Rue Saint-Antoine;71400;71014;Autun;;;4.302306;46.948602
71014_1226_00008;8;;Allée Ferdinand Guillemardet;71400;71014;Autun;;;4.300761;46.951152
71014_0370_00011;11;;Rue Bouteiller;71400;71014;Autun;;;4.3027;46.94586
71014_0130_00008;8;;Rue des Bancs;71400;71014;Autun;;;4.299049;46.945876
71014_0100_00017;17;;Rue de l’Arquebuse;71400;71014;Autun;;;4.30213;46.950312
71014_3278_00003;3;;Rue Saint-Étienne;71400;71014;Autun;Saint-Pantaléon;;4.321762;46.961884
71014_0740_00041_b;41;b;Avenue Charles de Gaulle;71400;71014;Autun;;;4.295035;46.953973
71014_3330_00002_bis;2;bis;Place Saint-louis;71400;71014;Autun;;;4.299743;46.945713
71014_1640_00003;3;;Place d’Hallencourt;71400;71014;Autun;;;4.300179;46.946633
71014_0190_00005;5;;Passage Bellérophon;71400;71014;Autun;;;4.302906;46.953727
71014_2041_00016;16;;Petite Rue Marchaux;71400;71014;Autun;;;4.299864;46.953377
71014_3610_00020_b;20;b;Rue du Théâtre Romain;71400;71014;Autun;;;4.30936;46.955201
71014_3550_00010;10;;Rue des Tanneries;71400;71014;Autun;;;4.29464;46.946663
71014_2040_00004;4;;Grande Rue Marchaux;71400;71014;Autun;;;4.300809;46.953698
71014_2639_00005;5;;Rue Pierre Mendès France;71400;71014;Autun;Saint-Pantaléon;;4.309823;46.962819
71014_0571_00006_bis;6;bis;Rue de la Cascade;71400;71014;Autun;;;4.311602;46.941322
71014_1050_00009;9;;Avenue du 2e Dragons;71400;71014;Autun;;;4.308673;46.953869
71014_2100_00025;25;;Rue de Ménincourt;71400;71014;Autun;Saint-Pantaléon;;4.316837;46.978854
71014_1218_00035;35;;Rue du Faubourg Saint-Blaise;71400;71014;Autun;;;4.299019;46.940104
71014_2511_00036;36;;Rue du Parc des Drémeaux;71400;71014;Autun;Saint-Pantaléon;;4.31588;46.961261
71014_1920_00007;7;;Rue Louis Charlot;71400;71014;Autun;;;4.295884;46.955234
71014_6lsatw_00009;9;;Passage Balthus;71400;71014;Autun;;;4.298582;46.94877
71014_2250_00024;24;;Avenue du Morvan;71400;71014;Autun;;;4.291401;46.949074
71014_b551_00021;21;;Le Clos du Parc;71400;71014;Autun;;;4.285071;46.947682
71014_0720_00011;11;;Rue Charles Boell;71400;71014;Autun;;;4.289095;46.949528
71014_1010_00014_a;14;a;Rue de la Croix Verte;71400;71014;Autun;;;4.307057;46.954098
71014_2490_00018;18;;Rue Paul Cazin;71400;71014;Autun;;;4.294055;46.93834
71014_1847_00002;2;;Rue Kawagoe;71400;71014;Autun;;;4.277742;46.943636
71014_0771_00003;3;;Petite Rue Chauchien;71400;71014;Autun;;;4.299254;46.947067
71014_0365_00017;17;;Rue de Bourgogne;71400;71014;Autun;Saint-Pantaléon;;4.319662;46.962337
71014_2090_00007;7;;Rue Mazagran;71400;71014;Autun;;;4.301297;46.953701
71014_1680_00020;20;;Rue du 8 Septembre;71400;71014;Autun;;;4.299695;46.959459
71014_3320_00005;5;;Rue Saint-Jean;71400;71014;Autun;;;4.30077;46.95682
71014_2340_00041;41;;Rue Nicéphore Niepce;71400;71014;Autun;Saint-Pantaléon;;4.306645;46.976632
71014_1030_00015;15;;Rue Deguin;71400;71014;Autun;;;4.299951;46.952624
71014_2330_00003;3;;Rue Naudin;71400;71014;Autun;;;4.298909;46.957829
71014_0643_00033;33;;Rue de la place du Champ de Mars;71400;71014;Autun;;;4.297901;46.949956
71014_3710_00025;25;;Rue Victor Hugo;71400;71014;Autun;Saint-Pantaléon;;4.307458;46.969031
71014_3770_00001;1;;Chemin du Vieux Moulin;71400;71014;Autun;Saint-Pantaléon;;4.34797;46.95103
71014_1215_00021;21;;Rue du Faubourg Saint-André;71400;71014;Autun;;;4.307609;46.958797
71014_1847_00015;15;;Rue Kawagoe;71400;71014;Autun;;;4.279505;46.943857
71014_1218_00049_quater;49;quater;Rue du Faubourg Saint-Blaise;71400;71014;Autun;;;4.299462;46.938685
71014_2750_00003;3;;Rue des Prés Moussus;71400;71014;Autun;;;4.335391;46.911005
71014_1780_00003;3;;Rue Jean Friess;71400;71014;Autun;Saint-Pantaléon;;4.313655;46.988807
71014_0100_00012;12;;Rue de l’Arquebuse;71400;71014;Autun;;;4.30137;46.949926
71014_1100_00015;15;;Rue des Dremeaux;71400;71014;Autun;Saint-Pantaléon;;4.3099;46.960016
71014_3290_00001;1;;Rue Saint-Germain;71400;71014;Autun;;;4.296234;46.949351
71014_1125_00001;1;;Rue des Éduens;71400;71014;Autun;;;4.29237;46.947506
71014_3390_00009;9;;Rue Saint-Pierre;71400;71014;Autun;;;4.295593;46.94938
71014_0225_00008;8;;Rue de Bellevue;71400;71014;Autun;Saint-Pantaléon;;4.30681;46.963393
71014_0560_00013;13;;Rue du Carrouge;71400;71014;Autun;;;4.295756;46.950015
71014_1930_00014;14;;Boulevard Mac Mahon;71400;71014;Autun;;;4.299323;46.940947
71014_1100_00027;27;;Rue des Dremeaux;71400;71014;Autun;Saint-Pantaléon;;4.313017;46.961108
71014_3110_00078;78;;Avenue de la République;71400;71014;Autun;;;4.301826;46.958108
71014_2570_00003;3;;Rue du Petit Pont;71400;71014;Autun;;;4.300295;46.941567
71014_0626_00003;3;;Route de Chalon;71400;71014;Autun;Saint-Pantaléon;;4.317306;46.95572
71014_0265_00001;1;;Rue Marie Noël;71400;71014;Autun;Saint-Pantaléon;;4.316171;46.984328
71014_3740_00005_bis;5;bis;Rue de la Vieille Halle;71400;71014;Autun;;;4.299383;46.953692
71014_0755_00002;2;;Route de Château-Chinon;71400;71014;Autun;;;4.286906;46.956992
71014_1860_00002;2;;Rue Jean et Bernard de Lattre de Tassigny;71400;71014;Autun;;;4.299934;46.951743
71014_2741_00040;40;;Rue de la 1ere Armée;71400;71014;Autun;Saint-Pantaléon;;4.311666;46.975544
71014_2250_00021;21;;Avenue du Morvan;71400;71014;Autun;;;4.291606;46.948842
71014_0680_00012;12;;Rue Changarnier;71400;71014;Autun;;;4.300941;46.94871
71014_3450_00007;7;;Rue Sainte-Barbe;71400;71014;Autun;;;4.300396;46.94421
71014_2630_00008;8;;Rue Pierre et Marie Curie;71400;71014;Autun;Saint-Pantaléon;;4.30571;46.966337
71014_1780_00008;8;;Rue Jean Friess;71400;71014;Autun;Saint-Pantaléon;;4.312551;46.988822
71014_0020_00014;14;;Rue Adrien Guignet;71400;71014;Autun;;;4.287391;46.951933
71014_3240_00019;19;;Rue Saint-Antoine;71400;71014;Autun;;;4.301199;46.947188
71014_2520_00015;15;;Rue du Parc Saint-Jean;71400;71014;Autun;;;4.295665;46.95981
71014_3490_00010;10;;Rue de Stevenage;71400;71014;Autun;;;4.279154;46.944499
71014_2055_00005;5;;Route de Margenne;71400;71014;Autun;;;4.259573;46.958468
71014_1208_00020_c;20;c;Rue du Faubourg du Breuil;71400;71014;Autun;;;4.302148;46.942532
71014_0540_00027_a;27;a;Rue Carion;71400;71014;Autun;;;4.295172;46.957586
71014_0743_00001;1;;Rue Charles Gounod;71400;71014;Autun;Saint-Pantaléon;;4.314567;46.966524
71014_3270_00011;11;;Rue Saint-Christophe;71400;71014;Autun;;;4.296945;46.950045
71014_3412_00004;4;;Rue Saint-Roch;71400;71014;Autun;;;4.30673;46.957696
71014_0100_00021;21;;Rue de l’Arquebuse;71400;71014;Autun;;;4.302896;46.950684
71014_3461_00051;51;;Route de Saulieu;71400;71014;Autun;;;4.293948;46.966033
71014_glbax1_00002;2;;Route du Corps Franc Pommiès;71400;71014;Autun;;;4.287595;46.946878
71014_0771_00010;10;;Petite Rue Chauchien;71400;71014;Autun;;;4.299189;46.947012
71014_0560_00007;7;;Rue du Carrouge;71400;71014;Autun;;;4.295951;46.949815
71014_1235_00060;60;;Rue du Faubourg Talus;71400;71014;Autun;;;4.288532;46.946845
71014_0365_00040;40;;Rue de Bourgogne;71400;71014;Autun;Saint-Pantaléon;;4.325969;46.963989
71014_1710_00003;3;;Rue d’Ingelheim;71400;71014;Autun;;;4.278914;46.944952
71014_1675_00002;2;;Rue du 8 Mai 1945;71400;71014;Autun;;;4.304601;46.952904
71014_1680_00033;33;;Rue du 8 Septembre;71400;71014;Autun;;;4.300678;46.960498
71014_0540_00001_bis;1;bis;Rue Carion;71400;71014;Autun;;;4.290331;46.955477
71014_0165_00021;21;;Rue de la Barre;71400;71014;Autun;;;4.289063;46.947468
71014_1318_00018;18;;Route de Forêt de Planoise;71400;71014;Autun;;;4.334768;46.912767
71014_0365_00026;26;;Rue de Bourgogne;71400;71014;Autun;Saint-Pantaléon;;4.322006;46.962915
71014_1680_00019;19;;Rue du 8 Septembre;71400;71014;Autun;;;4.300012;46.959795
71014_1235_00001;1;;Rue du Faubourg Talus;71400;71014;Autun;;;4.296865;46.945561
71014_0680_00023;23;;Rue Changarnier;71400;71014;Autun;;;4.299048;46.94777
71014_1790_00005;5;;Rue Jeannin;71400;71014;Autun;;;4.299577;46.951677
71014_1125_00025;25;;Rue des Éduens;71400;71014;Autun;;;4.291184;46.949284
71014_2180_00017;17;;Rue Monseigneur Villard;71400;71014;Autun;;;4.288338;46.949796
71014_3110_00008;8;;Avenue de la République;71400;71014;Autun;;;4.292303;46.954043
71014_0915_00013;13;;Avenue du Commandant Neuchèze;71400;71014;Autun;;;4.281708;46.957139
71014_0230_00023;23;;Rue du Beuvray;71400;71014;Autun;;;4.287815;46.948758
71014_1847_00007;7;;Rue Kawagoe;71400;71014;Autun;;;4.278918;46.943709
71014_1680_00016;16;;Rue du 8 Septembre;71400;71014;Autun;;;4.299158;46.95923
71014_1917_00029;29;;Rue Louis Aragon;71400;71014;Autun;;;4.321257;46.952116
71014_0080_00031_a;31;a;Rue de l’Arbalète;71400;71014;Autun;;;4.302562;46.949321
71014_2680_00015;15;;Rue Piolin;71400;71014;Autun;;;4.300905;46.947128
71014_2680_00003;3;;Rue Piolin;71400;71014;Autun;;;4.300093;46.946721
71014_1820_00003_bis;3;bis;Rue Jondeau;71400;71014;Autun;;;4.297078;46.950447
71014_0740_00041_a;41;a;Avenue Charles de Gaulle;71400;71014;Autun;;;4.294766;46.953795
71014_2511_00028;28;;Rue du Parc des Drémeaux;71400;71014;Autun;Saint-Pantaléon;;4.316264;46.960401
71014_0643_00031;31;;Rue de la place du Champ de Mars;71400;71014;Autun;;;4.298064;46.950053
71014_0990_00012;12;;Rue de la Croix Blanche;71400;71014;Autun;;;4.30184;46.956443
71014_1600_00032;32;;Rue Guérin;71400;71014;Autun;;;4.301021;46.953361
71014_1206_00028;28;;Rue du Faubourg d’Arroux;71400;71014;Autun;;;4.295608;46.959682
71014_1125_00028_bis;28;bis;Rue des Éduens;71400;71014;Autun;;;4.290235;46.950485
71014_1075_00008_bis;8;bis;Rue du 19 Mars 1962;71400;71014;Autun;;;4.294023;46.947999
71014_3500_00003;3;;Rue Talleyrand;71400;71014;Autun;;;4.286632;46.947293
71014_1075_00010;10;;Rue du 19 Mars 1962;71400;71014;Autun;;;4.293314;46.947703
71014_3190_00012;12;;Impasse Rollet;71400;71014;Autun;;;4.301077;46.948353
71014_0755_00115;115;;Route de Château-Chinon;71400;71014;Autun;;;4.265014;46.973127
71014_2661_00009;9;;Rue Pierre Bérégovoy;71400;71014;Autun;Saint-Pantaléon;;4.30529;46.963466
71014_1295_00010;10;;Impasse Fleury;71400;71014;Autun;;;4.288059;46.949456
71014_1215_00011;11;;Rue du Faubourg Saint-André;71400;71014;Autun;;;4.306665;46.958264
71014_1600_00033;33;;Rue Guérin;71400;71014;Autun;;;4.300749;46.953049
71014_2721_00018;18;;Rue de la Prairie;71400;71014;Autun;Saint-Pantaléon;;4.31257;46.982729
71014_3270_00011_a;11;a;Rue Saint-Christophe;71400;71014;Autun;;;4.296896;46.950087
71014_2340_00014;14;;Rue Nicéphore Niepce;71400;71014;Autun;Saint-Pantaléon;;4.305236;46.974128
71014_1218_00053_bis;53;bis;Rue du Faubourg Saint-Blaise;71400;71014;Autun;;;4.298646;46.938268
71014_0771_00021;21;;Petite Rue Chauchien;71400;71014;Autun;;;4.299136;46.946544
71014_1110_00023;23;;Rue Dufraigne;71400;71014;Autun;;;4.300016;46.94285
71014_2440_00020;20;;Rue de Paris;71400;71014;Autun;;;4.298481;46.956604
71014_0014_00003;3;;Allée de l'Acaron;71400;71014;Autun;Saint-Pantaléon;;4.308288;46.958739
71014_1501_00007;7;;Place du General Brosset;71400;71014;Autun;Saint-Pantaléon;;4.314566;46.967471
71014_3350_00012_bis;12;bis;Rue Saint-Nicolas;71400;71014;Autun;;;4.300267;46.955707
71014_2340_00025;25;;Rue Nicéphore Niepce;71400;71014;Autun;Saint-Pantaléon;;4.305301;46.975037
71014_1331_00006;6;;Rue de la Foret;71400;71014;Autun;;;4.309335;46.940252
71014_1070_00001;1;;Rue de Dijon;71400;71014;Autun;;;4.299292;46.955933
71014_3480_00007;7;;Rue des Sous-Chantres;71400;71014;Autun;;;4.29973;46.944097
71014_1917_00039;39;;Rue Louis Aragon;71400;71014;Autun;;;4.320541;46.951317
71014_0340_00005;5;;Rue de la Bondue;71400;71014;Autun;;;4.300799;46.954295
71014_3075_00015;15;;Rue aux Raz;71400;71014;Autun;;;4.297338;46.947521
71014_2790_00005;5;;Ruelle du Puits Charpiot;71400;71014;Autun;;;4.300447;46.953025
71014_1125_00004_b;4;b;Rue des Éduens;71400;71014;Autun;;;4.292164;46.947629
71014_0370_00001;1;;Rue Bouteiller;71400;71014;Autun;;;4.301112;46.94613
71014_0578_00009;9;;Rue de la Caserne et de Marbotte;71400;71014;Autun;;;4.297792;46.959123
71014_2340_00028;28;;Rue Nicéphore Niepce;71400;71014;Autun;Saint-Pantaléon;;4.307641;46.977456
71014_2625_00011;11;;Rue Pierre Colin;71400;71014;Autun;Saint-Pantaléon;;4.31667;46.96472
71014_0770_00003;3;;Grande Rue Chauchien;71400;71014;Autun;;;4.298635;46.948137
71014_1110_00036;36;;Rue Dufraigne;71400;71014;Autun;;;4.299843;46.942875
71014_3640_00006;6;;Rue du Traité d’Anvers;71400;71014;Autun;;;4.292739;46.964647
71014_1010_00021;21;;Rue de la Croix Verte;71400;71014;Autun;;;4.306528;46.955128
71014_1930_00007;7;;Boulevard Mac Mahon;71400;71014;Autun;;;4.298651;46.941539
71014_1600_00014_bis;14;bis;Rue Guérin;71400;71014;Autun;;;4.300457;46.952471
71014_1235_00034;34;;Rue du Faubourg Talus;71400;71014;Autun;;;4.29221;46.946105
71014_1235_00003;3;;Rue du Faubourg Talus;71400;71014;Autun;;;4.296554;46.945529
71014_0090_00069;69;;Route d'Arnay;71400;71014;Autun;Saint-Pantaléon;;4.305188;46.968489
71014_3765_00013;13;;Rue du Vieux Colombier;71400;71014;Autun;;;4.303531;46.945608
71014_2191_00008;8;;Rue du Moulin Gamet;71400;71014;Autun;;;4.300455;46.939703
71014_1870_00012_bis;12;bis;Rue Lauchien le Boucher;71400;71014;Autun;;;4.303299;46.947418
71014_1225_00007;7;;Rue du Faubourg Saint-Pancrace;71400;71014;Autun;;;4.304064;46.94571
71014_1218_00048;48;;Rue du Faubourg Saint-Blaise;71400;71014;Autun;;;4.298556;46.937906
71014_1847_00004;4;;Rue Kawagoe;71400;71014;Autun;;;4.278119;46.943639
71014_1208_00028;28;;Rue du Faubourg du Breuil;71400;71014;Autun;;;4.303012;46.942332
71014_1580_00010;10;;Rue de la Grille;71400;71014;Autun;;;4.296692;46.950759
71014_0770_00029;29;;Grande Rue Chauchien;71400;71014;Autun;;;4.299251;46.947445
71014_2040_00021;21;;Grande Rue Marchaux;71400;71014;Autun;;;4.300082;46.954355
71014_1140_00009;9;;Rue Eugène Chevalier;71400;71014;Autun;;;4.299489;46.958786
71014_0090_00046;46;;Route d'Arnay;71400;71014;Autun;Saint-Pantaléon;;4.305402;46.968631
71014_0230_00015;15;;Rue du Beuvray;71400;71014;Autun;;;4.288794;46.948787
71014_2661_00004;4;;Rue Pierre Bérégovoy;71400;71014;Autun;Saint-Pantaléon;;4.305528;46.963705
71014_1600_00019;19;;Rue Guérin;71400;71014;Autun;;;4.30039;46.95253
71014_1208_00022;22;;Rue du Faubourg du Breuil;71400;71014;Autun;;;4.302745;46.942413
71014_1110_00030;30;;Rue Dufraigne;71400;71014;Autun;;;4.299745;46.943074
71014_0760_00003;3;;Rue du Châtelet;71400;71014;Autun;;;4.295468;46.949644
71014_1680_00029;29;;Rue du 8 Septembre;71400;71014;Autun;;;4.300487;46.960281
71014_1651_00012;12;;Rue Henri Dunant;71400;71014;Autun;;;4.303583;46.953194
71014_0540_00028;28;;Rue Carion;71400;71014;Autun;;;4.296627;46.957737
71014_2440_00014;14;;Rue de Paris;71400;71014;Autun;;;4.298972;46.956093
71014_0565_00010_bis;10;bis;Ruelle du Carrouge;71400;71014;Autun;;;4.295404;46.950346
71014_3461_00054;54;;Route de Saulieu;71400;71014;Autun;Saint-Pantaléon;;4.29418;46.967412
71014_1100_00023;23;;Rue des Dremeaux;71400;71014;Autun;Saint-Pantaléon;;4.310946;46.960307
71014_3190_00017;17;;Impasse Rollet;71400;71014;Autun;;;4.30065;46.947897
71014_0230_00021;21;;Rue du Beuvray;71400;71014;Autun;;;4.288166;46.948767
71014_3500_00002;2;;Rue Talleyrand;71400;71014;Autun;;;4.286044;46.94729
71014_1050_00010_bis;10;bis;Avenue du 2e Dragons;71400;71014;Autun;;;4.309485;46.954314
71014_2360_00004;4;;Rue Notre-Dame;71400;71014;Autun;;;4.298519;46.945234
71014_0220_00014;14;;Rue Bernard Renault;71400;71014;Autun;;;4.297654;46.954159
71014_0090_00050;50;;Route d'Arnay;71400;71014;Autun;Saint-Pantaléon;;4.305633;46.969344
71014_1110_00028;28;;Rue Dufraigne;71400;71014;Autun;;;4.29971;46.943138
71014_1208_00024;24;;Rue du Faubourg du Breuil;71400;71014;Autun;;;4.302903;46.942383
71014_1137_00004;4;;Route de l'Étang du Martinet;71400;71014;Autun;;;4.358792;46.888732
71014_0365_00012;12;;Rue de Bourgogne;71400;71014;Autun;Saint-Pantaléon;;4.319483;46.962228
71014_yk1cfo_00010_bis;10;bis;Rue du 22ème BMNA;71400;71014;Autun;;;4.297374;46.955307
71014_0301_00022;22;;Rue du Bois Mathey;71400;71014;Autun;;;4.33406;46.910175
71014_1600_00013;13;;Rue Guérin;71400;71014;Autun;;;4.300251;46.952331
71014_1235_00038_bis;38;bis;Rue du Faubourg Talus;71400;71014;Autun;;;4.291477;46.946176
71014_3090_00013;13;;Rue du Rempart Saint-Jean;71400;71014;Autun;;;4.302703;46.960439
71014_0130_00006;6;;Rue des Bancs;71400;71014;Autun;;;4.299027;46.945914
71014_0745_00016;16;;Rue de Charolles;71400;71014;Autun;Saint-Pantaléon;;4.303542;46.962962
71014_0090_00051;51;;Route d'Arnay;71400;71014;Autun;Saint-Pantaléon;;4.30446;46.96584
71014_0301_00067;67;;Rue du Bois Mathey;71400;71014;Autun;;;4.339296;46.903563
71014_0500_00015;15;;Rue du Capitaine Repoux;71400;71014;Autun;;;4.292841;46.949211
71014_2511_00010;10;;Rue du Parc des Drémeaux;71400;71014;Autun;Saint-Pantaléon;;4.31459;46.959651
71014_2340_00010;10;;Rue Nicéphore Niepce;71400;71014;Autun;Saint-Pantaléon;;4.304938;46.973678
71014_2040_00024;24;;Grande Rue Marchaux;71400;71014;Autun;;;4.300277;46.954146
71014_2570_00001_ter;1;ter;Rue du Petit Pont;71400;71014;Autun;;;4.300306;46.941785
71014_1651_00001;1;;Rue Henri Dunant;71400;71014;Autun;;;4.303707;46.952416
71014_2043_00004;4;;Rue du Maréchal Juin;71400;71014;Autun;;;4.322048;46.952713
71014_1210_00078;78;;Rue du Faubourg Saint-Andoche;71400;71014;Autun;;;4.290507;46.95527
71014_2043_00005;5;;Rue du Maréchal Juin;71400;71014;Autun;;;4.322238;46.952549
71014_0020_00018;18;;Rue Adrien Guignet;71400;71014;Autun;;;4.286629;46.951527
71014_1710_00008;8;;Rue d’Ingelheim;71400;71014;Autun;;;4.278213;46.944378
71014_0755_00004;4;;Route de Château-Chinon;71400;71014;Autun;;;4.286802;46.957082
71014_0080_00017_bis;17;bis;Rue de l’Arbalète;71400;71014;Autun;;;4.301405;46.949359
71014_0920_00008;8;;Rue des Cordeliers;71400;71014;Autun;;;4.299709;46.946875
71014_0261_00006;6;;Rue des Blanchots;71400;71014;Autun;;;4.335198;46.907434
71014_0770_00033;33;;Grande Rue Chauchien;71400;71014;Autun;;;4.299311;46.947363
71014_2001_00003;3;;Rue des Mânes;71400;71014;Autun;Saint-Pantaléon;;4.305766;46.961218
71014_0760_00002_bis;2;bis;Rue du Châtelet;71400;71014;Autun;;;4.295381;46.949872
71014_2185_00028;28;;Route de Montromble;71400;71014;Autun;;;4.35335;46.886436
71014_1851_00003;3;;Rue de la Fontaine;71400;71014;Autun;Saint-Pantaléon;;4.306958;46.968555
71014_0220_00012;12;;Rue Bernard Renault;71400;71014;Autun;;;4.297558;46.95412
71014_1160_00006;6;;Rue Eumène;71400;71014;Autun;;;4.298068;46.952283
71014_0285_00008;8;;Rue du Lotissement du Bois de Sapin;71400;71014;Autun;;;4.278824;46.947018
71014_1100_00040_bis;40;bis;Rue des Dremeaux;71400;71014;Autun;Saint-Pantaléon;;4.32143;46.964538
71014_0050_00018;18;;Place Anatole de Charmasse;71400;71014;Autun;;;4.304375;46.950424
71014_1010_00023;23;;Rue de la Croix Verte;71400;71014;Autun;;;4.306681;46.955417
71014_zto6y4_00004;4;;Place Pierre Saint Yves;71400;71014;Autun;;;4.300283;46.956299
71014_0760_00013;13;;Rue du Châtelet;71400;71014;Autun;;;4.295254;46.949982
71014_1218_00061_bis;61;bis;Rue du Faubourg Saint-Blaise;71400;71014;Autun;;;4.298624;46.937932
71014_3500_00005;5;;Rue Talleyrand;71400;71014;Autun;;;4.286236;46.947297
71014_1990_00002_bis;2;bis;Rue de la Maladière;71400;71014;Autun;;;4.311348;46.951796
71014_0360_00004;4;;Rue du Bourg;71400;71014;Autun;Saint-Pantaléon;;4.308899;46.959806
71014_1840_00007;7;;Rue Joseph-François de Champeaux;71400;71014;Autun;Saint-Pantaléon;;4.309835;46.966282
71014_0745_00010;10;;Rue de Charolles;71400;71014;Autun;Saint-Pantaléon;;4.304221;46.962198
71014_2511_00022_bis;22;bis;Rue du Parc des Drémeaux;71400;71014;Autun;Saint-Pantaléon;;4.316721;46.959722
71014_0295_00001;1;;Route de Bois le Duc;71400;71014;Autun;;;4.265708;46.936949
71014_0055_00014;14;;Avenue André Saclier;71400;71014;Autun;;;4.278301;46.972244
71014_1218_00011;11;;Rue du Faubourg Saint-Blaise;71400;71014;Autun;;;4.299895;46.941359
71014_0800_00010;10;;Ruelle Chaumont;71400;71014;Autun;;;4.293062;46.946264
71014_1905_00006;6;;Rue des Lilas;71400;71014;Autun;Saint-Pantaléon;;4.309342;46.967734
71014_3420_00016;16;;Rue Saint-Saulge;71400;71014;Autun;;;4.298267;46.948547
71014_1210_00057;57;;Rue du Faubourg Saint-Andoche;71400;71014;Autun;;;4.290269;46.955338
71014_1070_00006;6;;Rue de Dijon;71400;71014;Autun;;;4.299723;46.955994
71014_1331_00004;4;;Rue de la Foret;71400;71014;Autun;;;4.309431;46.940299
71014_0345_00004;4;;Rue Borgne;71400;71014;Autun;Saint-Pantaléon;;4.313905;46.970622
71014_1125_00030;30;;Rue des Éduens;71400;71014;Autun;;;4.290152;46.950612
71014_1030_00008;8;;Rue Deguin;71400;71014;Autun;;;4.300104;46.952522
71014_1110_00008;8;;Rue Dufraigne;71400;71014;Autun;;;4.299062;46.943976
71014_3710_00008;8;;Rue Victor Hugo;71400;71014;Autun;Saint-Pantaléon;;4.308539;46.969042
71014_2045_00006;6;;Boulevard du Maréchal Leclerc;71400;71014;Autun;Saint-Pantaléon;;4.307912;46.963516
71014_0560_00004;4;;Rue du Carrouge;71400;71014;Autun;;;4.295793;46.950062
71014_1215_00019;19;;Rue du Faubourg Saint-André;71400;71014;Autun;;;4.307479;46.958716
71014_1930_00008_ter;8;ter;Boulevard Mac Mahon;71400;71014;Autun;;;4.297832;46.942424
71014_0020_00020;20;;Rue Adrien Guignet;71400;71014;Autun;;;4.286344;46.951376
71014_1318_00024;24;;Route de Forêt de Planoise;71400;71014;Autun;;;4.335311;46.912209
71014_2100_00038;38;;Rue de Ménincourt;71400;71014;Autun;Saint-Pantaléon;;4.317892;46.979545
71014_1390_00022;22;;Rue des Gailles;71400;71014;Autun;;;4.285455;46.948245
71014_2040_00010;10;;Grande Rue Marchaux;71400;71014;Autun;;;4.300675;46.953783
71014_1206_00021_ter;21;ter;Rue du Faubourg d’Arroux;71400;71014;Autun;;;4.295779;46.959326
71014_3110_00036;36;;Avenue de la République;71400;71014;Autun;;;4.296744;46.95612
71014_3480_00002;2;;Rue des Sous-Chantres;71400;71014;Autun;;;4.300158;46.944232
71014_0626_00002;2;;Route de Chalon;71400;71014;Autun;;;4.316741;46.955824
71014_3035_00001;1;;Chemin des Ragots;71400;71014;Autun;;;4.308237;46.947247
71014_0740_00003;3;;Avenue Charles de Gaulle;71400;71014;Autun;;;4.298239;46.950524
71014_0090_00055;55;;Route d'Arnay;71400;71014;Autun;Saint-Pantaléon;;4.304614;46.966036
71014_0610_00004;4;;Rue Chaffaut;71400;71014;Autun;;;4.300338;46.943562
71014_3110_00023;23;;Avenue de la République;71400;71014;Autun;;;4.297731;46.956715
71014_0740_00023_bis;23;bis;Avenue Charles de Gaulle;71400;71014;Autun;;;4.296629;46.952229
71014_2470_00007;7;;Rue de Parpas;71400;71014;Autun;;;4.292246;46.951892
71014_1840_00009;9;;Rue Joseph-François de Champeaux;71400;71014;Autun;Saint-Pantaléon;;4.309659;46.966433
71014_yk1cfo_00006;6;;Rue du 22ème BMNA;71400;71014;Autun;;;4.297715;46.954921
71014_0626_00165;165;;Route de Chalon;71400;71014;Autun;Saint-Pantaléon;;4.346688;46.948884
71014_2180_00013;13;;Rue Monseigneur Villard;71400;71014;Autun;;;4.288903;46.949808
71014_0880_00016;16;;Rue des Cités;71400;71014;Autun;;;4.298367;46.954218
71014_1206_00016;16;;Rue du Faubourg d’Arroux;71400;71014;Autun;;;4.29597;46.959295
71014_2055_00003;3;;Route de Margenne;71400;71014;Autun;;;4.259648;46.958316
71014_2639_00020;20;;Rue Pierre Mendès France;71400;71014;Autun;Saint-Pantaléon;;4.310231;46.962847
71014_1225_00003;3;;Rue du Faubourg Saint-Pancrace;71400;71014;Autun;;;4.303987;46.945822
71014_2001_00015;15;;Rue des Mânes;71400;71014;Autun;Saint-Pantaléon;;4.306453;46.962036
71014_0301_00066;66;;Rue du Bois Mathey;71400;71014;Autun;;;4.337538;46.905545
71014_0370_00021;21;;Rue Bouteiller;71400;71014;Autun;;;4.30319;46.946005
71014_2340_00022;22;;Rue Nicéphore Niepce;71400;71014;Autun;Saint-Pantaléon;;4.305796;46.975583
71014_3320_00002;2;;Rue Saint-Jean;71400;71014;Autun;;;4.300734;46.956504
71014_2511_00035;35;;Rue du Parc des Drémeaux;71400;71014;Autun;Saint-Pantaléon;;4.315599;46.961741
71014_1892_00014;14;;Allée de la Liberté;71400;71014;Autun;;;4.286735;46.945765
71014_3035_00005;5;;Chemin des Ragots;71400;71014;Autun;;;4.309216;46.947695
71014_0350_00001;1;;Ruelle Bouheret;71400;71014;Autun;;;4.290949;46.954475
71014_2340_00011_a;11;a;Rue Nicéphore Niepce;71400;71014;Autun;Saint-Pantaléon;;4.303271;46.972166
71014_1215_00017;17;;Rue du Faubourg Saint-André;71400;71014;Autun;;;4.307212;46.958571
71014_0500_00004;4;;Rue du Capitaine Repoux;71400;71014;Autun;;;4.293401;46.948073
71014_1650_00001;1;;Rue Harold de Fontenay;71400;71014;Autun;;;4.305818;46.954128
71014_3461_00062;62;;Route de Saulieu;71400;71014;Autun;Saint-Pantaléon;;4.294228;46.967985
71014_2701_00015_bis;15;bis;Rue de Planoise;71400;71014;Autun;;;4.312167;46.940607
71014_0500_00019;19;;Rue du Capitaine Repoux;71400;71014;Autun;;;4.292509;46.949765
71014_2180_00012;12;;Rue Monseigneur Villard;71400;71014;Autun;;;4.28885;46.949893
71014_3170_00014_bis;14;bis;Rue de Rivault;71400;71014;Autun;;;4.298398;46.943136
71014_0100_00019;19;;Rue de l’Arquebuse;71400;71014;Autun;;;4.302454;46.950439
71014_3278_00032;32;;Rue Saint-Étienne;71400;71014;Autun;Saint-Pantaléon;;4.325323;46.964568
71014_0090_00038;38;;Route d'Arnay;71400;71014;Autun;Saint-Pantaléon;;4.303856;46.963854
71014_2043_00001;1;;Rue du Maréchal Juin;71400;71014;Autun;;;4.321558;46.953015
71014_3461_00031;31;;Route de Saulieu;71400;71014;Autun;;;4.293919;46.965028
71014_3450_00002;2;;Rue Sainte-Barbe;71400;71014;Autun;;;4.300237;46.94459
71014_1210_00054_bis;54;bis;Rue du Faubourg Saint-Andoche;71400;71014;Autun;;;4.292155;46.953201
71014_0199_00004;4;;Chemin des Berlingots;71400;71014;Autun;;;4.298098;46.937006
71014_3550_00016;16;;Rue des Tanneries;71400;71014;Autun;;;4.294663;46.946055
71014_2440_00027_bis;27;bis;Rue de Paris;71400;71014;Autun;;;4.298348;46.956548
71014_2191_00012;12;;Rue du Moulin Gamet;71400;71014;Autun;;;4.3003;46.940041
71014_2490_00014;14;;Rue Paul Cazin;71400;71014;Autun;;;4.296543;46.93865
71014_0940_00025;25;;Rue aux Cordiers;71400;71014;Autun;;;4.299207;46.948979
71014_3450_00005;5;;Rue Sainte-Barbe;71400;71014;Autun;;;4.300386;46.944416
71014_3075_00027;27;;Rue aux Raz;71400;71014;Autun;;;4.298106;46.946864
71014_2001_00013;13;;Rue des Mânes;71400;71014;Autun;Saint-Pantaléon;;4.305922;46.961788
71014_1235_00028_bis;28;bis;Rue du Faubourg Talus;71400;71014;Autun;;;4.293792;46.946026
71014_1600_00003_a;3;a;Rue Guérin;71400;71014;Autun;;;4.299979;46.951977
71014_2055_00039;39;;Route de Margenne;71400;71014;Autun;;;4.257261;46.962686
71014_0990_00010;10;;Rue de la Croix Blanche;71400;71014;Autun;;;4.301668;46.956405
71014_0060_00002;2;;Place Anne Marie Javouhey;71400;71014;Autun;;;4.302262;46.959708
71014_0370_00013;13;;Rue Bouteiller;71400;71014;Autun;;;4.302803;46.945897
71014_0540_00013;13;;Rue Carion;71400;71014;Autun;;;4.291638;46.955264
71014_0185_00016_bis;16;bis;Route de Beaune;71400;71014;Autun;Saint-Pantaléon;;4.322939;46.958849
71014_0990_00018;18;;Rue de la Croix Blanche;71400;71014;Autun;;;4.302819;46.956689
71014_2440_00043_bis;43;bis;Rue de Paris;71400;71014;Autun;;;4.297568;46.957331
71014_3010_00013_bis;13;bis;Rue des 4 Vents;71400;71014;Autun;;;4.299628;46.957148
71014_1210_00004;4;;Rue du Faubourg Saint-Andoche;71400;71014;Autun;;;4.294665;46.950858
71014_1580_00049;49;;Rue de la Grille;71400;71014;Autun;;;4.293657;46.953593
71014_2080_00014;14;;Boulevard Mazagran;71400;71014;Autun;;;4.303344;46.954466
71014_2040_00036;36;;Grande Rue Marchaux;71400;71014;Autun;;;4.300066;46.954605
71014_0365_00032;32;;Rue de Bourgogne;71400;71014;Autun;Saint-Pantaléon;;4.322723;46.963173
71014_3350_00010;10;;Rue Saint-Nicolas;71400;71014;Autun;;;4.300179;46.955328
71014_3110_00038;38;;Avenue de la République;71400;71014;Autun;;;4.296981;46.956081
71014_1235_00013_ter;13;ter;Rue du Faubourg Talus;71400;71014;Autun;;;4.295282;46.945559
71014_2030_00004;4;;Rue des Marbres;71400;71014;Autun;;;4.302941;46.948938
71014_1800_00004;4;;Impasse du Jeu de Paume;71400;71014;Autun;;;4.298229;46.94516
71014_1785_00003;3;;Chemin Jeanne Barret;71400;71014;Autun;;;4.28799;46.961518
71014_3110_00080;80;;Avenue de la République;71400;71014;Autun;;;4.30197;46.958185
71014_0670_00017;17;;Rue du Chancelier Rolin;71400;71014;Autun;;;4.300785;46.959827
71014_0090_00026;26;;Route d'Arnay;71400;71014;Autun;Saint-Pantaléon;;4.304969;46.962189
71014_0060_00006;6;;Place Anne Marie Javouhey;71400;71014;Autun;;;4.303052;46.959865
71014_2775_00048_b;48;b;Route du Puits d'Alligny;71400;71014;Autun;;;4.289125;46.974151
71014_1400_00014;14;;Rue de Gaillon;71400;71014;Autun;;;4.30398;46.958271
71014_1600_00004_bis;4;bis;Rue Guérin;71400;71014;Autun;;;4.300127;46.952018
71014_0920_00004;4;;Rue des Cordeliers;71400;71014;Autun;;;4.299613;46.946997
71014_3270_00012;12;;Rue Saint-Christophe;71400;71014;Autun;;;4.297017;46.950051
71014_3075_00021;21;;Rue aux Raz;71400;71014;Autun;;;4.297927;46.946961
71014_0100_00011;11;;Rue de l’Arquebuse;71400;71014;Autun;;;4.301524;46.950062
71014_1580_00037;37;;Rue de la Grille;71400;71014;Autun;;;4.29469;46.952305
71014_0100_00015;15;;Rue de l’Arquebuse;71400;71014;Autun;;;4.301978;46.950246
71014_0670_00006_b;6;b;Rue du Chancelier Rolin;71400;71014;Autun;;;4.301063;46.959099
71014_1218_00059;59;;Rue du Faubourg Saint-Blaise;71400;71014;Autun;;;4.29863;46.938121
71014_3740_00015;15;;Rue de la Vieille Halle;71400;71014;Autun;;;4.299444;46.954161
71014_3240_00014;14;;Rue Saint-Antoine;71400;71014;Autun;;;4.301812;46.947996
71014_3800_00012;12;;Rue des Violettes;71400;71014;Autun;Saint-Pantaléon;;4.311128;46.967259
71014_3685_00010;10;;Rue de la Verrerie;71400;71014;Autun;;;4.279082;46.958241
71014_1318_00002;2;;Route de Forêt de Planoise;71400;71014;Autun;;;4.331506;46.917442
71014_0940_00011;11;;Rue aux Cordiers;71400;71014;Autun;;;4.299396;46.949281
71014_0558_00001;1;;Place du Carrouge;71400;71014;Autun;;;4.295276;46.950145
71014_0210_00019;19;;Boulevard Bernard Giberstein;71400;71014;Autun;;;4.280816;46.951313
71014_0345_00013;13;;Rue Borgne;71400;71014;Autun;Saint-Pantaléon;;4.314785;46.97099
71014_0230_00005;5;;Rue du Beuvray;71400;71014;Autun;;;4.289732;46.948808
71014_1390_00009;9;;Rue des Gailles;71400;71014;Autun;;;4.286063;46.947797
71014_2620_00004;4;;Rue Pierre Châtillon;71400;71014;Autun;;;4.298579;46.955395
71014_1975_00001;1;;Rue Maître Georges Martin;71400;71014;Autun;;;4.300737;46.953253
71014_0365_00036;36;;Rue de Bourgogne;71400;71014;Autun;Saint-Pantaléon;;4.323507;46.963516
71014_1930_00002_bis;2;bis;Boulevard Mac Mahon;71400;71014;Autun;;;4.297311;46.945021
71014_1600_00035;35;;Rue Guérin;71400;71014;Autun;;;4.300803;46.953186
71014_1783_00003;3;;Rue Jean Jaurès;71400;71014;Autun;;;4.276338;46.97296
71014_1160_00008;8;;Rue Eumène;71400;71014;Autun;;;4.298236;46.952369
71014_1090_00003_bis;3;bis;Rue du Docteur Gillot;71400;71014;Autun;;;4.298187;46.9475
71014_0565_00012;12;;Ruelle du Carrouge;71400;71014;Autun;;;4.295346;46.950309
71014_1010_00022_e;22;e;Rue de la Croix Verte;71400;71014;Autun;;;4.307868;46.954459
71014_0770_00020;20;;Grande Rue Chauchien;71400;71014;Autun;;;4.298899;46.947679
71014_0915_00002;2;;Avenue du Commandant Neuchèze;71400;71014;Autun;;;4.286829;46.956525
71014_3800_00010;10;;Rue des Violettes;71400;71014;Autun;Saint-Pantaléon;;4.310852;46.96733
71014_1210_00005;5;;Rue du Faubourg Saint-Andoche;71400;71014;Autun;;;4.294602;46.950778
71014_2741_00042;42;;Rue de la 1ere Armée;71400;71014;Autun;Saint-Pantaléon;;4.311666;46.975789
71014_1210_00066;66;;Rue du Faubourg Saint-Andoche;71400;71014;Autun;;;4.291788;46.95364
71014_0620_00009;9;;Rue du Chalet Bleu;71400;71014;Autun;Saint-Pantaléon;;4.307002;46.962341
71014_0470_00002;2;;Rue Bulliot;71400;71014;Autun;;;4.297188;46.949653
71014_0012_00010;10;;Rue des Acacias;71400;71014;Autun;Saint-Pantaléon;;4.312115;46.988494
71014_1580_00021;21;;Rue de la Grille;71400;71014;Autun;;;4.295776;46.951374
71014_1321_00005;5;;Ruelle Florand;71400;71014;Autun;Saint-Pantaléon;;4.319029;46.961614
71014_2165_00017;17;;Rue des Mineurs;71400;71014;Autun;Saint-Pantaléon;;4.309842;46.98576
71014_0345_00015_bis;15;bis;Rue Borgne;71400;71014;Autun;Saint-Pantaléon;;4.315694;46.97108
71014_0090_00008;8;;Route d'Arnay;71400;71014;Autun;;;4.305745;46.958408
71014_2170_00013;13;;Rue Moirans;71400;71014;Autun;Saint-Pantaléon;;4.315895;46.967252
71014_3278_00002;2;;Rue Saint-Étienne;71400;71014;Autun;Saint-Pantaléon;;4.321883;46.961308
71014_3590_00013;13;;Place du Terreau;71400;71014;Autun;;;4.299617;46.944834
71014_0054_00004;4;;Allée André Malraux;71400;71014;Autun;;;4.280242;46.946321
71014_0301_00013;13;;Rue du Bois Mathey;71400;71014;Autun;;;4.334281;46.91013
71014_1318_00038;38;;Route de Forêt de Planoise;71400;71014;Autun;;;4.337361;46.910435
71014_2775_00048;48;;Route du Puits d'Alligny;71400;71014;Autun;;;4.288455;46.973824
71014_0890_00001_ter;1;ter;Rue du Clos Jovet;71400;71014;Autun;;;4.302489;46.954998
71014_0100_00008;8;;Rue de l’Arquebuse;71400;71014;Autun;;;4.300975;46.949763
71014_3490_00012;12;;Rue de Stevenage;71400;71014;Autun;;;4.27918;46.944474
71014_2625_00003;3;;Rue Pierre Colin;71400;71014;Autun;Saint-Pantaléon;;4.317528;46.964774
71014_3275_00032;32;;Route de Saint-Denis;71400;71014;Autun;Saint-Pantaléon;;4.31997;46.968199
71014_1820_00002;2;;Rue Jondeau;71400;71014;Autun;;;4.297628;46.950824
71014_3461_00072;72;;Route de Saulieu;71400;71014;Autun;Saint-Pantaléon;;4.294259;46.968414
71014_0020_00019;19;;Rue Adrien Guignet;71400;71014;Autun;;;4.286445;46.951446
71014_0720_00004;4;;Rue Charles Boell;71400;71014;Autun;;;4.28954;46.949532
71014_2625_00016;16;;Rue Pierre Colin;71400;71014;Autun;Saint-Pantaléon;;4.316624;46.965001
71014_0915_00168_b;168;b;Avenue du Commandant Neuchèze;71400;71014;Autun;;;4.256479;46.956437
71014_2180_00003;3;;Rue Monseigneur Villard;71400;71014;Autun;;;4.290181;46.94984
71014_1830_00006;6;;Rue des Jonquilles;71400;71014;Autun;Saint-Pantaléon;;4.310604;46.967805
71014_3430_00008;8;;Rue Sainte-Anne;71400;71014;Autun;;;4.305055;46.947079
71014_2040_00012;12;;Grande Rue Marchaux;71400;71014;Autun;;;4.300613;46.953823
71014_2490_00012;12;;Rue Paul Cazin;71400;71014;Autun;;;4.296787;46.93876
71014_1720_00001;1;;Rue Jacques Lacarrière;71400;71014;Autun;;;4.271675;46.969616
71014_0915_00047;47;;Avenue du Commandant Neuchèze;71400;71014;Autun;;;4.270633;46.95863
71014_0090_00030;30;;Route d'Arnay;71400;71014;Autun;Saint-Pantaléon;;4.304715;46.962528
71014_2660_00012;12;;Rue des Pierres;71400;71014;Autun;;;4.301738;46.960961
71014_1890_00028;28;;Boulevard Laureau;71400;71014;Autun;;;4.301308;46.955102
71014_0615_00004;4;;Chemin du Cerveau;71400;71014;Autun;Saint-Pantaléon;;4.333833;46.951988
71014_0190_00007;7;;Passage Bellérophon;71400;71014;Autun;;;4.303077;46.953769
71014_b551_00007;7;;Le Clos du Parc;71400;71014;Autun;;;4.284578;46.947188
71014_0080_00002;2;;Rue de l’Arbalète;71400;71014;Autun;;;4.299738;46.949614
71014_0740_00007;7;;Avenue Charles de Gaulle;71400;71014;Autun;;;4.298143;46.950637
71014_3430_00011;11;;Rue Sainte-Anne;71400;71014;Autun;;;4.305096;46.947182
71014_2060_00008;8;;Rue Maurice Ravel;71400;71014;Autun;Saint-Pantaléon;;4.314462;46.965665
71014_3278_00012;12;;Rue Saint-Étienne;71400;71014;Autun;Saint-Pantaléon;;4.322863;46.962374
71014_1210_00078_bis;78;bis;Rue du Faubourg Saint-Andoche;71400;71014;Autun;;;4.290104;46.955529
71014_2330_00002;2;;Rue Naudin;71400;71014;Autun;;;4.298133;46.957612
71014_0220_00020;20;;Rue Bernard Renault;71400;71014;Autun;;;4.298305;46.954447
71014_0680_00016;16;;Rue Changarnier;71400;71014;Autun;;;4.300503;46.948509
71014_3560_00003;3;;Rue des Télots;71400;71014;Autun;Saint-Pantaléon;;4.312541;46.986955
71014_3278_00010;10;;Rue Saint-Étienne;71400;71014;Autun;Saint-Pantaléon;;4.322566;46.962242
71014_1645_00005;5;;Place de l'Harmonie;71400;71014;Autun;Saint-Pantaléon;;4.315059;46.96599
71014_3090_00001;1;;Rue du Rempart Saint-Jean;71400;71014;Autun;;;4.301751;46.960097
71014_2350_00008;8;;Impasse Notre Dame;71400;71014;Autun;;;4.298115;46.944069
71014_2030_00009;9;;Rue des Marbres;71400;71014;Autun;;;4.303039;46.949098
71014_0670_00004_f;4;f;Rue du Chancelier Rolin;71400;71014;Autun;;;4.301304;46.95926
71014_1257_00008_bis;8;bis;Rue des Feuillies;71400;71014;Autun;;;4.336294;46.909948
71014_1257_00007;7;;Rue des Feuillies;71400;71014;Autun;;;4.337552;46.907506
71014_0910_00015;15;;Rue Cocand;71400;71014;Autun;;;4.297958;46.945999
71014_1860_00006;6;;Rue Jean et Bernard de Lattre de Tassigny;71400;71014;Autun;;;4.299799;46.951453
71014_0771_00016;16;;Petite Rue Chauchien;71400;71014;Autun;;;4.299143;46.946831
71014_2250_00009;9;;Avenue du Morvan;71400;71014;Autun;;;4.293006;46.949541
71014_1206_00008_ter;8;ter;Rue du Faubourg d’Arroux;71400;71014;Autun;;;4.296481;46.958806
71014_3480_00005;5;;Rue des Sous-Chantres;71400;71014;Autun;;;4.299852;46.944129
71014_2775_00064;64;;Route du Puits d'Alligny;71400;71014;Autun;;;4.287087;46.974609
71014_0301_00048;48;;Rue du Bois Mathey;71400;71014;Autun;;;4.334253;46.907789
71014_1218_00052;52;;Rue du Faubourg Saint-Blaise;71400;71014;Autun;;;4.298516;46.93772
71014_1640_00007;7;;Place d’Hallencourt;71400;71014;Autun;;;4.300246;46.946517
71014_2790_00001;1;;Ruelle du Puits Charpiot;71400;71014;Autun;;;4.300062;46.953098
71014_2625_00002;2;;Rue Pierre Colin;71400;71014;Autun;Saint-Pantaléon;;4.318145;46.964614
71014_0645_00012;12;;Rue du Champ du Moulin;71400;71014;Autun;Saint-Pantaléon;;4.312539;46.987668
71014_1860_00017_a;17;a;Rue Jean et Bernard de Lattre de Tassigny;71400;71014;Autun;;;4.29996;46.950359
71014_0876_00018;18;;Route de la Chicolle et de Montjeu;71400;71014;Autun;;;4.297056;46.934492
71014_3310_00003;3;;Rue Saint-Georges;71400;71014;Autun;;;4.299419;46.942849
71014_0871_00006;6;;Impasse des Carilloux;71400;71014;Autun;Saint-Pantaléon;;4.314515;46.960985
71014_3461_00145;145;;Route de Saulieu;71400;71014;Autun;;;4.294648;46.979994
71014_2055_00007;7;;Route de Margenne;71400;71014;Autun;;;4.259486;46.958656
71014_1318_00002_bis;2;bis;Route de Forêt de Planoise;71400;71014;Autun;;;4.331634;46.916927
71014_2790_00004;4;;Ruelle du Puits Charpiot;71400;71014;Autun;;;4.300229;46.953019
71014_1206_00004;4;;Rue du Faubourg d’Arroux;71400;71014;Autun;;;4.297111;46.958146
71014_0755_00003;3;;Route de Château-Chinon;71400;71014;Autun;;;4.286256;46.957137
71014_3278_00018;18;;Rue Saint-Étienne;71400;71014;Autun;Saint-Pantaléon;;4.324133;46.963031
71014_1215_00023;23;;Rue du Faubourg Saint-André;71400;71014;Autun;;;4.307895;46.958907
71014_2610_00001;1;;Avenue Pierre Brossolette;71400;71014;Autun;;;4.271899;46.971746
71014_1892_00008;8;;Allée de la Liberté;71400;71014;Autun;;;4.286177;46.94607
71014_1215_00006_bis;6;bis;Rue du Faubourg Saint-André;71400;71014;Autun;;;4.306664;46.958155
71014_3240_00013;13;;Rue Saint-Antoine;71400;71014;Autun;;;4.302022;46.948157
71014_1504_00008;8;;Rue Général Demetz;71400;71014;Autun;;;4.298691;46.949332
71014_2490_00002;2;;Rue Paul Cazin;71400;71014;Autun;;;4.29846;46.939629
71014_0340_00002;2;;Rue de la Bondue;71400;71014;Autun;;;4.30109;46.954214
71014_3270_00007;7;;Rue Saint-Christophe;71400;71014;Autun;;;4.297099;46.949899
71014_0740_00017;17;;Avenue Charles de Gaulle;71400;71014;Autun;;;4.297798;46.950976
71014_3110_00026;26;;Avenue de la République;71400;71014;Autun;;;4.295378;46.955427
71014_0740_00021_ter;21;ter;Avenue Charles de Gaulle;71400;71014;Autun;;;4.296889;46.951952
71014_3190_00006;6;;Impasse Rollet;71400;71014;Autun;;;4.301525;46.948562
71014_1010_00010;10;;Rue de la Croix Verte;71400;71014;Autun;;;4.30602;46.95391
71014_1085_00015_bis;15;bis;Rue du Docteur Renaud;71400;71014;Autun;;;4.295717;46.951051
71014_0340_00004;4;;Rue de la Bondue;71400;71014;Autun;;;4.301154;46.954338
71014_3500_00010;10;;Rue Talleyrand;71400;71014;Autun;;;4.285168;46.946688
71014_1218_00073;73;;Rue du Faubourg Saint-Blaise;71400;71014;Autun;;;4.298638;46.937538
71014_1208_00020_a;20;a;Rue du Faubourg du Breuil;71400;71014;Autun;;;4.302215;46.942648
71014_0250_00011;11;;Rue Blanche;71400;71014;Autun;;;4.301019;46.944281
71014_2470_00015;15;;Rue de Parpas;71400;71014;Autun;;;4.289856;46.950887
71014_2030_00008;8;;Rue des Marbres;71400;71014;Autun;;;4.30313;46.949091
71014_2041_00025;25;;Petite Rue Marchaux;71400;71014;Autun;;;4.299999;46.953691
71014_0210_00010;10;;Boulevard Bernard Giberstein;71400;71014;Autun;;;4.284457;46.952595
71014_0230_00008;8;;Rue du Beuvray;71400;71014;Autun;;;4.289677;46.948905
71014_1010_00026;26;;Rue de la Croix Verte;71400;71014;Autun;;;4.306575;46.954954
71014_zto6y4_00007_bis;7;bis;Place Pierre Saint Yves;71400;71014;Autun;;;4.300746;46.956363
71014_0770_00008;8;;Grande Rue Chauchien;71400;71014;Autun;;;4.298635;46.947959
71014_2020_00007;7;;Rue Maquis de l’Autunois Morvan;71400;71014;Autun;;;4.268721;46.971037
71014_2610_00002;2;;Avenue Pierre Brossolette;71400;71014;Autun;;;4.272699;46.973573
71014_0050_00012;12;;Place Anatole de Charmasse;71400;71014;Autun;;;4.304284;46.950032
71014_1847_00006;6;;Rue Kawagoe;71400;71014;Autun;;;4.278448;46.943513
71014_1180_00009;9;;Impasse de l’Evêché;71400;71014;Autun;;;4.301109;46.94488
71014_0578_00003;3;;Rue de la Caserne et de Marbotte;71400;71014;Autun;;;4.297866;46.958604
71014_0365_00041;41;;Rue de Bourgogne;71400;71014;Autun;Saint-Pantaléon;;4.326724;46.964132
71014_3263_00003;3;;Rue Saint-Branchez;71400;71014;Autun;;;4.305117;46.945385
71014_0700_00005;5;;Ruelle de la Charite;71400;71014;Autun;;;4.300842;46.94625
71014_3420_00024_bis;24;bis;Rue Saint-Saulge;71400;71014;Autun;;;4.298474;46.948292
71014_1580_00035;35;;Rue de la Grille;71400;71014;Autun;;;4.294789;46.95222
71014_1501_00005;5;;Place du General Brosset;71400;71014;Autun;Saint-Pantaléon;;4.314913;46.967674
71014_2701_00003;3;;Rue de Planoise;71400;71014;Autun;;;4.309904;46.940639
71014_2470_00028;28;;Rue de Parpas;71400;71014;Autun;;;4.287242;46.950269
71014_0940_00036;36;;Rue aux Cordiers;71400;71014;Autun;;;4.298576;46.948458
71014_1450_00008;8;;Rue de la Garenne Bretin;71400;71014;Autun;;;4.34152;46.905362
71014_0185_00047;47;;Route de Beaune;71400;71014;Autun;Saint-Pantaléon;;4.327764;46.96244
71014_2680_00005;5;;Rue Piolin;71400;71014;Autun;;;4.300145;46.946746
71014_1450_00002_bis;2;bis;Rue de la Garenne Bretin;71400;71014;Autun;;;4.340196;46.906171
71014_0645_00007;7;;Rue du Champ du Moulin;71400;71014;Autun;Saint-Pantaléon;;4.311393;46.987834
71014_2340_00019;19;;Rue Nicéphore Niepce;71400;71014;Autun;Saint-Pantaléon;;4.304797;46.973998
71014_0720_00003;3;;Rue Charles Boell;71400;71014;Autun;;;4.289934;46.94952
71014_1255_00001;1;;Chemin de la Feuillée;71400;71014;Autun;Saint-Pantaléon;;4.3252;46.959967
71014_0771_00013;13;;Petite Rue Chauchien;71400;71014;Autun;;;4.299201;46.946719
71014_0080_00031;31;;Rue de l’Arbalète;71400;71014;Autun;;;4.302055;46.949087
71014_0220_00005;5;;Rue Bernard Renault;71400;71014;Autun;;;4.296411;46.953736
71014_1218_00049_bis;49;bis;Rue du Faubourg Saint-Blaise;71400;71014;Autun;;;4.298862;46.939287
71014_2440_00025;25;;Rue de Paris;71400;71014;Autun;;;4.298596;46.956282
71014_1110_00012;12;;Rue Dufraigne;71400;71014;Autun;;;4.299218;46.94373
71014_2470_00037_bis;37;bis;Rue de Parpas;71400;71014;Autun;;;4.286159;46.949353
71014_1390_00001;1;;Rue des Gailles;71400;71014;Autun;;;4.287457;46.947273
71014_0301_00064;64;;Rue du Bois Mathey;71400;71014;Autun;;;4.337365;46.905772
71014_0130_00008_bis;8;bis;Rue des Bancs;71400;71014;Autun;;;4.299074;46.945833
71014_0643_00038;38;;Rue de la place du Champ de Mars;71400;71014;Autun;;;4.297578;46.949785
71014_1480_00005_bis;5;bis;Rue Gaston Joliet;71400;71014;Autun;;;4.307006;46.948231
71014_2055_00057;57;;Route de Margenne;71400;71014;Autun;;;4.255501;46.963682
71014_1730_00006;6;;Rue de la Jambe de Bois;71400;71014;Autun;;;4.304811;46.949497
71014_3090_00003;3;;Rue du Rempart Saint-Jean;71400;71014;Autun;;;4.301899;46.960232
71014_1030_00011;11;;Rue Deguin;71400;71014;Autun;;;4.299997;46.952485
71014_0915_00168_a;168;a;Avenue du Commandant Neuchèze;71400;71014;Autun;;;4.25662;46.956483
71014_1257_00018;18;;Rue des Feuillies;71400;71014;Autun;;;4.337067;46.90915
71014_1785_00011;11;;Chemin Jeanne Barret;71400;71014;Autun;;;4.288904;46.961514
71014_1842_00079;79;;Chemin Jules Miot;71400;71014;Autun;;;4.278734;46.967231
71014_3461_00139;139;;Route de Saulieu;71400;71014;Autun;;;4.294513;46.977531
71014_1600_00008;8;;Rue Guérin;71400;71014;Autun;;;4.300221;46.952195
71014_1450_00016;16;;Rue de la Garenne Bretin;71400;71014;Autun;;;4.342549;46.904089
71014_0225_00006;6;;Rue de Bellevue;71400;71014;Autun;Saint-Pantaléon;;4.305556;46.963256
71014_3190_00021;21;;Impasse Rollet;71400;71014;Autun;;;4.299949;46.947876
71014_2680_00004;4;;Rue Piolin;71400;71014;Autun;;;4.300417;46.946866
71014_2055_00043;43;;Route de Margenne;71400;71014;Autun;;;4.257335;46.963208
71014_3100_00007;7;;Rue René Cassin;71400;71014;Autun;;;4.278426;46.946224
71014_1710_00006;6;;Rue d’Ingelheim;71400;71014;Autun;;;4.278152;46.944451
71014_2185_00013;13;;Route de Montromble;71400;71014;Autun;;;4.355799;46.887081
71014_3278_00021;21;;Rue Saint-Étienne;71400;71014;Autun;Saint-Pantaléon;;4.323721;46.962748
71014_2040_00026_bis;26;bis;Grande Rue Marchaux;71400;71014;Autun;;;4.300599;46.954436
71014_0365_00022;22;;Rue de Bourgogne;71400;71014;Autun;Saint-Pantaléon;;4.321303;46.96271
71014_3010_00008;8;;Rue des 4 Vents;71400;71014;Autun;;;4.300021;46.957027
71014_3550_00009;9;;Rue des Tanneries;71400;71014;Autun;;;4.294739;46.946045
71014_1100_00006;6;;Rue des Dremeaux;71400;71014;Autun;Saint-Pantaléon;;4.308667;46.959265
71014_2050_00018;18;;Rue aux Maréchaux;71400;71014;Autun;;;4.299;46.946323
71014_1653_00031;31;;Rue de l'Hermitage;71400;71014;Autun;Saint-Pantaléon;;4.320752;46.962055
71014_2490_00004_a;4;a;Rue Paul Cazin;71400;71014;Autun;;;4.297342;46.939718
71014_0771_00024;24;;Petite Rue Chauchien;71400;71014;Autun;;;4.299092;46.946652
71014_1050_00026;26;;Avenue du 2e Dragons;71400;71014;Autun;;;4.311406;46.954949
71014_3240_00024;24;;Rue Saint-Antoine;71400;71014;Autun;;;4.30144;46.947536
71014_3395_00004;4;;Ruelle Saint-Pierre;71400;71014;Autun;Saint-Pantaléon;;4.321928;46.962406
71014_3420_00012;12;;Rue Saint-Saulge;71400;71014;Autun;;;4.298166;46.948662
71014_2490_00005;5;;Rue Paul Cazin;71400;71014;Autun;;;4.296098;46.938402
71014_0080_00025;25;;Rue de l’Arbalète;71400;71014;Autun;;;4.301806;46.949274
71014_2040_00042;42;;Grande Rue Marchaux;71400;71014;Autun;;;4.299931;46.954845
71014_1480_00016_b;16;b;Rue Gaston Joliet;71400;71014;Autun;;;4.306677;46.94755
71014_1830_00028;28;;Rue des Jonquilles;71400;71014;Autun;Saint-Pantaléon;;4.30932;46.968592
71014_1780_00005;5;;Rue Jean Friess;71400;71014;Autun;Saint-Pantaléon;;4.313511;46.988839
71014_1210_00027;27;;Rue du Faubourg Saint-Andoche;71400;71014;Autun;;;4.293451;46.951919
71014_0990_00034;34;;Rue de la Croix Blanche;71400;71014;Autun;;;4.304436;46.957088
71014_2030_00003;3;;Rue des Marbres;71400;71014;Autun;;;4.302813;46.948925
71014_1785_00001;1;;Chemin Jeanne Barret;71400;71014;Autun;;;4.287883;46.961513
71014_0643_00030;30;;Rue de la place du Champ de Mars;71400;71014;Autun;;;4.298148;46.950108
71014_1770_00009;9;;Avenue Jules Basdevant;71400;71014;Autun;;;4.304653;46.951628
71014_3278_00012_ter;12;ter;Rue Saint-Étienne;71400;71014;Autun;Saint-Pantaléon;;4.323358;46.962466
71014_1355_00003;3;;Boulevard Fréderic Latouche;71400;71014;Autun;;;4.303197;46.951283
71014_0090_00060;60;;Route d'Arnay;71400;71014;Autun;Saint-Pantaléon;;4.306559;46.97177
71014_3075_00022;22;;Rue aux Raz;71400;71014;Autun;;;4.298445;46.94636
71014_0053_00004;4;;Avenue André Frénaud;71400;71014;Autun;Saint-Pantaléon;;4.32204;46.9555
71014_2741_00051;51;;Rue de la 1ere Armée;71400;71014;Autun;Saint-Pantaléon;;4.310671;46.978409
71014_2340_00005;5;;Rue Nicéphore Niepce;71400;71014;Autun;Saint-Pantaléon;;4.303393;46.97015
71014_0670_00006_c;6;c;Rue du Chancelier Rolin;71400;71014;Autun;;;4.301107;46.959137
71014_0796_00009;9;;Impasse Chaumont;71400;71014;Autun;;;4.293802;46.946316
71014_0500_00024_a;24;a;Rue du Capitaine Repoux;71400;71014;Autun;;;4.292076;46.950222
71014_1235_00058_a;58;a;Rue du Faubourg Talus;71400;71014;Autun;;;4.289065;46.946754
71014_0080_00006;6;;Rue de l’Arbalète;71400;71014;Autun;;;4.300082;46.949531
71014_1504_00002;2;;Rue Général Demetz;71400;71014;Autun;;;4.29918;46.949583
71014_2045_00001;1;;Boulevard du Maréchal Leclerc;71400;71014;Autun;Saint-Pantaléon;;4.308854;46.962673
71014_1830_00014;14;;Rue des Jonquilles;71400;71014;Autun;Saint-Pantaléon;;4.310014;46.968687
71014_1715_00023;23;;Rue Jacques Delors;71400;71014;Autun;Saint-Pantaléon;;4.309189;46.963451
71014_1318_00169;169;;Route de Forêt de Planoise;71400;71014;Autun;;;4.358122;46.888973
71014_1210_00036;36;;Rue du Faubourg Saint-Andoche;71400;71014;Autun;;;4.292752;46.952558
71014_1206_00008;8;;Rue du Faubourg d’Arroux;71400;71014;Autun;;;4.296635;46.958643
71014_1235_00035;35;;Rue du Faubourg Talus;71400;71014;Autun;;;4.288218;46.946821
71014_0185_00022;22;;Route de Beaune;71400;71014;Autun;Saint-Pantaléon;;4.323715;46.959312
71014_1110_00020;20;;Rue Dufraigne;71400;71014;Autun;;;4.299489;46.943461
71014_1218_00067;67;;Rue du Faubourg Saint-Blaise;71400;71014;Autun;;;4.298612;46.937721
71014_1125_00004_c;4;c;Rue des Éduens;71400;71014;Autun;;;4.291848;46.947509
71014_0626_00167;167;;Route de Chalon;71400;71014;Autun;Saint-Pantaléon;;4.346913;46.948938
71014_3010_00013;13;;Rue des 4 Vents;71400;71014;Autun;;;4.299764;46.957026
71014_0285_00002;2;;Rue du Lotissement du Bois de Sapin;71400;71014;Autun;;;4.279158;46.946612
71014_1210_00060;60;;Rue du Faubourg Saint-Andoche;71400;71014;Autun;;;4.291985;46.953399
71014_1235_00054;54;;Rue du Faubourg Talus;71400;71014;Autun;;;4.289505;46.94673
71014_0740_00058;58;;Avenue Charles de Gaulle;71400;71014;Autun;;;4.294939;46.954437
71014_1235_00048;48;;Rue du Faubourg Talus;71400;71014;Autun;;;4.290168;46.946642
71014_1820_00005;5;;Rue Jondeau;71400;71014;Autun;;;4.296953;46.950392
71014_2340_00016;16;;Rue Nicéphore Niepce;71400;71014;Autun;Saint-Pantaléon;;4.30526;46.974398
71014_1208_00011;11;;Rue du Faubourg du Breuil;71400;71014;Autun;;;4.302134;46.942802
71014_2340_00012;12;;Rue Nicéphore Niepce;71400;71014;Autun;Saint-Pantaléon;;4.305052;46.973973
71014_0571_00010;10;;Rue de la Cascade;71400;71014;Autun;;;4.312445;46.941583
71014_1860_00013_b;13;b;Rue Jean et Bernard de Lattre de Tassigny;71400;71014;Autun;;;4.299966;46.950703
71014_3720_00002_b;2;b;Rue Victor Terret;71400;71014;Autun;;;4.297659;46.93765
71014_0940_00037;37;;Rue aux Cordiers;71400;71014;Autun;;;4.298945;46.94872
71014_3461_00146;146;;Route de Saulieu;71400;71014;Autun;;;4.294984;46.977821
71014_1235_00022;22;;Rue du Faubourg Talus;71400;71014;Autun;;;4.295091;46.945681
71014_2620_00011;11;;Rue Pierre Châtillon;71400;71014;Autun;;;4.298618;46.955616
71014_0370_00019;19;;Rue Bouteiller;71400;71014;Autun;;;4.303092;46.945959
71014_2340_00031_b;31;b;Rue Nicéphore Niepce;71400;71014;Autun;Saint-Pantaléon;;4.305661;46.975648
71014_1218_00038;38;;Rue du Faubourg Saint-Blaise;71400;71014;Autun;;;4.298538;46.938387
71014_0540_00015_a;15;a;Rue Carion;71400;71014;Autun;;;4.291938;46.956278
71014_1206_00021_bis;21;bis;Rue du Faubourg d’Arroux;71400;71014;Autun;;;4.295833;46.959239
71014_1206_00046;46;;Rue du Faubourg d’Arroux;71400;71014;Autun;;;4.295075;46.960336
71014_0740_00014_bis;14;bis;Avenue Charles de Gaulle;71400;71014;Autun;;;4.297261;46.951865
71014_2165_00001;1;;Rue des Mineurs;71400;71014;Autun;Saint-Pantaléon;;4.312353;46.985211
71014_2770_00003;3;;Ruelle du Puits;71400;71014;Autun;Saint-Pantaléon;;4.32263;46.961116
71014_0090_00036;36;;Route d'Arnay;71400;71014;Autun;Saint-Pantaléon;;4.303966;46.963681
71014_1560_00003;3;;Rue de la Grange Vertu;71400;71014;Autun;;;4.294746;46.952986
71014_3370_00024;24;;Rue Saint-Pancrace;71400;71014;Autun;;;4.303041;46.946368
71014_0876_00023;23;;Route de la Chicolle et de Montjeu;71400;71014;Autun;;;4.292085;46.927838
71014_0740_00029;29;;Avenue Charles de Gaulle;71400;71014;Autun;;;4.296177;46.952725
71014_0680_00006;6;;Rue Changarnier;71400;71014;Autun;;;4.301473;46.948976
71014_3412_00004_d;4;d;Rue Saint-Roch;71400;71014;Autun;;;4.307132;46.957925
71014_2040_00014;14;;Grande Rue Marchaux;71400;71014;Autun;;;4.300536;46.953873
71014_1840_00001_bis;1;bis;Rue Joseph-François de Champeaux;71400;71014;Autun;Saint-Pantaléon;;4.31235;46.964591
71014_3110_00090;90;;Avenue de la République;71400;71014;Autun;Saint-Pantaléon;;4.309666;46.961733
71014_3461_00045;45;;Route de Saulieu;71400;71014;Autun;;;4.293927;46.96547
71014_0230_00001;1;;Rue du Beuvray;71400;71014;Autun;;;4.290733;46.948837
71014_3278_00028_bis;28;bis;Rue Saint-Étienne;71400;71014;Autun;Saint-Pantaléon;;4.325694;46.96419
71014_0360_00005;5;;Rue du Bourg;71400;71014;Autun;Saint-Pantaléon;;4.308991;46.959967
71014_b533_00001;1;;Chemin du Breuil;71400;71014;Autun;;;4.306849;46.941726
71014_3278_00005;5;;Rue Saint-Étienne;71400;71014;Autun;Saint-Pantaléon;;4.322023;46.962032
71014_3050_00006_bis;6;bis;Rue Raquette;71400;71014;Autun;;;4.301492;46.942993
71014_0915_00009;9;;Avenue du Commandant Neuchèze;71400;71014;Autun;;;4.282906;46.957003
71014_3275_00043;43;;Route de Saint-Denis;71400;71014;Autun;Saint-Pantaléon;;4.336319;46.974713
71014_1075_00001;1;;Rue du 19 Mars 1962;71400;71014;Autun;;;4.294556;46.948424
71014_3710_00011;11;;Rue Victor Hugo;71400;71014;Autun;Saint-Pantaléon;;4.308627;46.96866
71014_1235_00024;24;;Rue du Faubourg Talus;71400;71014;Autun;;;4.29478;46.945783
71014_0910_00001;1;;Rue Cocand;71400;71014;Autun;;;4.298803;46.946147
71014_1218_00032;32;;Rue du Faubourg Saint-Blaise;71400;71014;Autun;;;4.298608;46.938905
71014_0451_00005;5;;Route de Broye;71400;71014;Autun;;;4.303829;46.938726
71014_2055_00041;41;;Route de Margenne;71400;71014;Autun;;;4.257764;46.963012
71014_3035_00029;29;;Chemin des Ragots;71400;71014;Autun;;;4.327693;46.949242
71014_2050_00017;17;;Rue aux Maréchaux;71400;71014;Autun;;;4.299194;46.946379
71014_2180_00019;19;;Rue Monseigneur Villard;71400;71014;Autun;;;4.288147;46.949786
71014_0650_00022;22;;Rue du Champ Gevras;71400;71014;Autun;;;4.291182;46.945487
71014_1160_00005;5;;Rue Eumène;71400;71014;Autun;;;4.297742;46.952238
71014_3075_00033;33;;Rue aux Raz;71400;71014;Autun;;;4.298428;46.946636
71014_0345_00025;25;;Rue Borgne;71400;71014;Autun;Saint-Pantaléon;;4.317262;46.971452
71014_3430_00005;5;;Rue Sainte-Anne;71400;71014;Autun;;;4.30399;46.946541
71014_1085_00008;8;;Rue du Docteur Renaud;71400;71014;Autun;;;4.295821;46.951274
71014_0910_00002;2;;Rue Cocand;71400;71014;Autun;;;4.298736;46.946167
71014_0055_00005;5;;Avenue André Saclier;71400;71014;Autun;;;4.276868;46.972311
71014_0910_00006;6;;Rue Cocand;71400;71014;Autun;;;4.298061;46.946072
71014_0451_00035;35;;Route de Broye;71400;71014;Autun;;;4.310011;46.939906
71014_1128_00002;2;;Rue des Enfants de Troupe;71400;71014;Autun;;;4.304481;46.95043
71014_2020_00003;3;;Rue Maquis de l’Autunois Morvan;71400;71014;Autun;;;4.269568;46.97041
71014_1653_00021;21;;Rue de l'Hermitage;71400;71014;Autun;Saint-Pantaléon;;4.321218;46.961432
71014_1050_00018;18;;Avenue du 2e Dragons;71400;71014;Autun;;;4.310395;46.954784
71014_1125_00021;21;;Rue des Éduens;71400;71014;Autun;;;4.291684;46.94852
71014_0990_00004;4;;Rue de la Croix Blanche;71400;71014;Autun;;;4.301051;46.956254
71014_3610_00020_a;20;a;Rue du Théâtre Romain;71400;71014;Autun;;;4.309216;46.955309
71014_3550_00008;8;;Rue des Tanneries;71400;71014;Autun;;;4.294639;46.946926
71014_0740_00049;49;;Avenue Charles de Gaulle;71400;71014;Autun;;;4.294565;46.954389
71014_0020_00009;9;;Rue Adrien Guignet;71400;71014;Autun;;;4.287382;46.951344
71014_3550_00014;14;;Rue des Tanneries;71400;71014;Autun;;;4.294661;46.946208
71014_0990_00005;5;;Rue de la Croix Blanche;71400;71014;Autun;;;4.30241;46.956718
71014_0080_00020;20;;Rue de l’Arbalète;71400;71014;Autun;;;4.301543;46.949268
71014_3110_00060;60;;Avenue de la République;71400;71014;Autun;;;4.298922;46.957093
71014_1600_00031;31;;Rue Guérin;71400;71014;Autun;;;4.3007;46.952965
71014_0750_00004;4;;Rue de Chasseneux;71400;71014;Autun;;;4.305021;46.948203
71014_0740_00033_bis;33;bis;Avenue Charles de Gaulle;71400;71014;Autun;;;4.295637;46.953319
71014_0301_00034;34;;Rue du Bois Mathey;71400;71014;Autun;;;4.3339;46.908965
71014_3390_00010;10;;Rue Saint-Pierre;71400;71014;Autun;;;4.2955;46.949406
71014_0572_00007;7;;Chemin de la Cascade;71400;71014;Autun;;;4.314465;46.941319
71014_1210_00045;45;;Rue du Faubourg Saint-Andoche;71400;71014;Autun;;;4.290991;46.954511
71014_1930_00008_bis;8;bis;Boulevard Mac Mahon;71400;71014;Autun;;;4.297737;46.942897
71014_2041_00008;8;;Petite Rue Marchaux;71400;71014;Autun;;;4.299914;46.953117
71014_3461_00047;47;;Route de Saulieu;71400;71014;Autun;;;4.293935;46.965594
71014_0760_00011;11;;Rue du Châtelet;71400;71014;Autun;;;4.295321;46.949876
71014_0915_00168_c;168;c;Avenue du Commandant Neuchèze;71400;71014;Autun;;;4.256343;46.956398
71014_0210_00003;3;;Boulevard Bernard Giberstein;71400;71014;Autun;;;4.284979;46.952682
71014_1050_00019_bis;19;bis;Avenue du 2e Dragons;71400;71014;Autun;;;4.310861;46.955165
71014_3035_00025;25;;Chemin des Ragots;71400;71014;Autun;;;4.326412;46.94904
71014_0220_00008_bis;8;bis;Rue Bernard Renault;71400;71014;Autun;;;4.296851;46.953796
71014_2340_00002;2;;Rue Nicéphore Niepce;71400;71014;Autun;Saint-Pantaléon;;4.303175;46.969213
71014_3278_00023_bis;23;bis;Rue Saint-Étienne;71400;71014;Autun;Saint-Pantaléon;;4.324313;46.963228
71014_1050_00001_a;1;a;Avenue du 2e Dragons;71400;71014;Autun;;;4.307298;46.953272
71014_0743_00005_bis;5;bis;Rue Charles Gounod;71400;71014;Autun;Saint-Pantaléon;;4.314782;46.967058
71014_0740_00032_bis;32;bis;Avenue Charles de Gaulle;71400;71014;Autun;;;4.296486;46.952717
71014_0571_00019;19;;Rue de la Cascade;71400;71014;Autun;;;4.31221;46.941569
71014_2040_00034;34;;Grande Rue Marchaux;71400;71014;Autun;;;4.300076;46.954566
71014_3110_00027;27;;Avenue de la République;71400;71014;Autun;;;4.297947;46.956825
71014_0750_00006;6;;Rue de Chasseneux;71400;71014;Autun;;;4.304867;46.948106
71014_1215_00014;14;;Rue du Faubourg Saint-André;71400;71014;Autun;;;4.307096;46.958431
71014_2080_00029_bis;29;bis;Boulevard Mazagran;71400;71014;Autun;;;4.305262;46.95577
71014_1321_00002;2;;Ruelle Florand;71400;71014;Autun;Saint-Pantaléon;;4.319077;46.961497
71014_3110_00030;30;;Avenue de la République;71400;71014;Autun;;;4.295925;46.955694
71014_3270_00010_bis;10;bis;Rue Saint-Christophe;71400;71014;Autun;;;4.297105;46.949986
71014_0320_00001;1;;Route du Bois de Saint-Jean;71400;71014;Autun;;;4.264623;46.961408
71014_2470_00024;24;;Rue de Parpas;71400;71014;Autun;;;4.287736;46.950506
71014_3130_00022;22;;Boulevard des Résistants Fusillés;71400;71014;Autun;;;4.296932;46.945877
71014_0230_00041;41;;Rue du Beuvray;71400;71014;Autun;;;4.285705;46.948698
71014_0620_00025;25;;Rue du Chalet Bleu;71400;71014;Autun;Saint-Pantaléon;;4.305448;46.964764
71014_1129_00005;5;;Passage Estelle Nectoux;71400;71014;Autun;;;4.295555;46.954782
71014_3275_00021;21;;Route de Saint-Denis;71400;71014;Autun;Saint-Pantaléon;;4.3205;46.968703
71014_0345_00021;21;;Rue Borgne;71400;71014;Autun;Saint-Pantaléon;;4.317103;46.971753
71014_0301_00017;17;;Rue du Bois Mathey;71400;71014;Autun;;;4.334181;46.909542
71014_2120_00005;5;;Route de Mesvres;71400;71014;Autun;;;4.290934;46.947224
71014_0750_00003;3;;Rue de Chasseneux;71400;71014;Autun;;;4.305317;46.948209
71014_1206_00039_b;39;b;Rue du Faubourg d’Arroux;71400;71014;Autun;;;4.294376;46.959614
71014_1870_00003_bis;3;bis;Rue Lauchien le Boucher;71400;71014;Autun;;;4.303801;46.947914
71014_0680_00013;13;;Rue Changarnier;71400;71014;Autun;;;4.300124;46.948268
71014_3430_00001;1;;Rue Sainte-Anne;71400;71014;Autun;;;4.303597;46.946264
71014_2340_00043;43;;Rue Nicéphore Niepce;71400;71014;Autun;Saint-Pantaléon;;4.306843;46.976814
71014_1600_00015;15;;Rue Guérin;71400;71014;Autun;;;4.300324;46.952432
71014_1220_00002;2;;Rue du Faubourg Saint-Branchez;71400;71014;Autun;;;4.305306;46.946111
71014_3075_00012;12;;Rue aux Raz;71400;71014;Autun;;;4.296771;46.948279
71014_qu3gmy_00020;20;;Route du Bois de Sapin;71400;71014;Autun;;;4.275789;46.945211
71014_1100_00020;20;;Rue des Dremeaux;71400;71014;Autun;Saint-Pantaléon;;4.313131;46.96102
71014_0301_00056;56;;Rue du Bois Mathey;71400;71014;Autun;;;4.336257;46.906665
71014_2041_00023;23;;Petite Rue Marchaux;71400;71014;Autun;;;4.299836;46.953575
71014_2490_00004;4;;Rue Paul Cazin;71400;71014;Autun;;;4.297591;46.939173
71014_0948_00005;5;;Route de Couhard;71400;71014;Autun;;;4.305978;46.944015
71014_1218_00033;33;;Rue du Faubourg Saint-Blaise;71400;71014;Autun;;;4.299481;46.940784
71014_0540_00020;20;;Rue Carion;71400;71014;Autun;;;4.294025;46.956667
71014_3075_00021_a;21;a;Rue aux Raz;71400;71014;Autun;;;4.297957;46.946955
71014_0650_00035;35;;Rue du Champ Gevras;71400;71014;Autun;;;4.293393;46.945211
71014_1600_00005;5;;Rue Guérin;71400;71014;Autun;;;4.300013;46.952005
71014_0130_00005;5;;Rue des Bancs;71400;71014;Autun;;;4.299321;46.945625
71014_1355_00017;17;;Boulevard Fréderic Latouche;71400;71014;Autun;;;4.302269;46.953343
71014_1830_00004;4;;Rue des Jonquilles;71400;71014;Autun;Saint-Pantaléon;;4.310734;46.967618
71014_1030_00013;13;;Rue Deguin;71400;71014;Autun;;;4.299987;46.952544
71014_1917_00044;44;;Rue Louis Aragon;71400;71014;Autun;;;4.321002;46.952511
71014_0558_00002;2;;Place du Carrouge;71400;71014;Autun;;;4.295358;46.950172
71014_0572_00005;5;;Chemin de la Cascade;71400;71014;Autun;;;4.314313;46.941387
71014_1680_00012;12;;Rue du 8 Septembre;71400;71014;Autun;;;4.299032;46.959137
71014_2180_00021;21;;Rue Monseigneur Villard;71400;71014;Autun;;;4.287788;46.949723
71014_2440_00007;7;;Rue de Paris;71400;71014;Autun;;;4.299555;46.955235
71014_0650_00013;13;;Rue du Champ Gevras;71400;71014;Autun;;;4.291982;46.94581
71014_1645_00002;2;;Place de l'Harmonie;71400;71014;Autun;Saint-Pantaléon;;4.315813;46.966276
71014_1227_00036;36;;Rue de la Fontaine Molaine;71400;71014;Autun;;;4.354173;46.889713
71014_0770_00001_bis;1;bis;Grande Rue Chauchien;71400;71014;Autun;;;4.298611;46.948264
71014_2041_00018;18;;Petite Rue Marchaux;71400;71014;Autun;;;4.299915;46.953423
71014_3330_00010;10;;Place Saint-louis;71400;71014;Autun;;;4.298914;46.945475
71014_2043_00023;23;;Rue du Maréchal Juin;71400;71014;Autun;;;4.321931;46.950614
71014_0771_00028_a;28;a;Petite Rue Chauchien;71400;71014;Autun;;;4.298793;46.946526
71014_1235_00030;30;;Rue du Faubourg Talus;71400;71014;Autun;;;4.293251;46.945966
71014_1355_00011;11;;Boulevard Fréderic Latouche;71400;71014;Autun;;;4.302499;46.952537
71014_2775_00044;44;;Route du Puits d'Alligny;71400;71014;Autun;;;4.288741;46.973652
71014_rv6nz8_00004;4;;Rue du Couvent;71400;71014;Autun;Saint-Pantaléon;;4.307676;46.962465
71014_2520_00005_bis;5;bis;Rue du Parc Saint-Jean;71400;71014;Autun;;;4.296554;46.960043
71014_0620_00011;11;;Rue du Chalet Bleu;71400;71014;Autun;Saint-Pantaléon;;4.306892;46.962464
71014_0920_00007;7;;Rue des Cordeliers;71400;71014;Autun;;;4.299726;46.946998
71014_1860_00019;19;;Rue Jean et Bernard de Lattre de Tassigny;71400;71014;Autun;;;4.299578;46.950214
71014_0990_00036;36;;Rue de la Croix Blanche;71400;71014;Autun;;;4.304738;46.957152
71014_1355_00016;16;;Boulevard Fréderic Latouche;71400;71014;Autun;;;4.30235;46.953544
71014_2040_00015;15;;Grande Rue Marchaux;71400;71014;Autun;;;4.300195;46.954107
71014_1206_00040;40;;Rue du Faubourg d’Arroux;71400;71014;Autun;;;4.295247;46.960117
71014_1218_00033_bis;33;bis;Rue du Faubourg Saint-Blaise;71400;71014;Autun;;;4.299093;46.940215
71014_3075_00010;10;;Rue aux Raz;71400;71014;Autun;;;4.296695;46.94839
71014_2190_00006;6;;Rue du Moulin des Places;71400;71014;Autun;;;4.299739;46.939315
71014_0645_00004;4;;Rue du Champ du Moulin;71400;71014;Autun;Saint-Pantaléon;;4.313212;46.987521
71014_2630_00009;9;;Rue Pierre et Marie Curie;71400;71014;Autun;Saint-Pantaléon;;4.305382;46.96588
71014_0301_00014_bis;14;bis;Rue du Bois Mathey;71400;71014;Autun;;;4.334501;46.911157
71014_1845_00004;4;;Chemin de la Justice;71400;71014;Autun;Saint-Pantaléon;;4.312589;46.984349
71014_0643_00039;39;;Rue de la place du Champ de Mars;71400;71014;Autun;;;4.297474;46.949733
71014_0565_00008_bis;8;bis;Ruelle du Carrouge;71400;71014;Autun;;;4.295538;46.950487
71014_1680_00010;10;;Rue du 8 Septembre;71400;71014;Autun;;;4.298981;46.959088
71014_3275_00001;1;;Route de Saint-Denis;71400;71014;Autun;Saint-Pantaléon;;4.316732;46.967547
71014_2741_00039;39;;Rue de la 1ere Armée;71400;71014;Autun;Saint-Pantaléon;;4.311235;46.975912
71014_1390_00010;10;;Rue des Gailles;71400;71014;Autun;;;4.286723;46.947712
71014_2180_00002;2;;Rue Monseigneur Villard;71400;71014;Autun;;;4.29;46.949924
71014_1206_00010_bis;10;bis;Rue du Faubourg d’Arroux;71400;71014;Autun;;;4.296345;46.95893
71014_1321_00001;1;;Ruelle Florand;71400;71014;Autun;Saint-Pantaléon;;4.318894;46.961594
71014_1990_00002;2;;Rue de la Maladière;71400;71014;Autun;;;4.311631;46.953648
71014_2490_00007;7;;Rue Paul Cazin;71400;71014;Autun;;;4.292926;46.93804
71014_3490_00003;3;;Rue de Stevenage;71400;71014;Autun;;;4.278667;46.94435
71014_2639_00008;8;;Rue Pierre Mendès France;71400;71014;Autun;Saint-Pantaléon;;4.310006;46.962876
71014_2080_00034;34;;Boulevard Mazagran;71400;71014;Autun;;;4.306483;46.955637
71014_0370_00005;5;;Rue Bouteiller;71400;71014;Autun;;;4.301886;46.945782
71014_2440_00019;19;;Rue de Paris;71400;71014;Autun;;;4.299124;46.955693
71014_1085_00012;12;;Rue du Docteur Renaud;71400;71014;Autun;;;4.295256;46.950831
71014_0760_00019;19;;Rue du Châtelet;71400;71014;Autun;;;4.29497;46.950383
71014_qu3gmy_00033;33;;Route du Bois de Sapin;71400;71014;Autun;;;4.272066;46.942519
71014_1370_00001;1;;Rue des Fusiliers Marins;71400;71014;Autun;;;4.306812;46.956465
71014_1600_00023;23;;Rue Guérin;71400;71014;Autun;;;4.300466;46.952634
71014_0720_00009;9;;Rue Charles Boell;71400;71014;Autun;;;4.289223;46.949495
71014_1100_00069;69;;Rue des Dremeaux;71400;71014;Autun;Saint-Pantaléon;;4.318494;46.963233
71014_0940_00024;24;;Rue aux Cordiers;71400;71014;Autun;;;4.298903;46.948774
71014_0650_00001;1;;Rue du Champ Gevras;71400;71014;Autun;;;4.293471;46.945643
71014_0285_00009;9;;Rue du Lotissement du Bois de Sapin;71400;71014;Autun;;;4.279044;46.9467
71014_1160_00011_bis;11;bis;Rue Eumène;71400;71014;Autun;;;4.298408;46.952594
71014_0645_00022;22;;Rue du Champ du Moulin;71400;71014;Autun;Saint-Pantaléon;;4.31143;46.987907
71014_1215_00015_a;15;a;Rue du Faubourg Saint-André;71400;71014;Autun;;;4.306972;46.958461
71014_1650_00003;3;;Rue Harold de Fontenay;71400;71014;Autun;;;4.305774;46.954395
71014_0740_00009;9;;Avenue Charles de Gaulle;71400;71014;Autun;;;4.298124;46.950679
71014_0620_00015;15;;Rue du Chalet Bleu;71400;71014;Autun;Saint-Pantaléon;;4.306749;46.962628
71014_0225_00005;5;;Rue de Bellevue;71400;71014;Autun;Saint-Pantaléon;;4.306028;46.963365
71014_0060_00003;3;;Place Anne Marie Javouhey;71400;71014;Autun;;;4.302686;46.95987
71014_3370_00026;26;;Rue Saint-Pancrace;71400;71014;Autun;;;4.303204;46.946316
71014_3010_00018;18;;Rue des 4 Vents;71400;71014;Autun;;;4.299131;46.957858
71014_0080_00010;10;;Rue de l’Arbalète;71400;71014;Autun;;;4.30064;46.949377
71014_0261_00015;15;;Rue des Blanchots;71400;71014;Autun;;;4.32342;46.909503
71014_3290_00002;2;;Rue Saint-Germain;71400;71014;Autun;;;4.296173;46.949379
71014_2741_00023;23;;Rue de la 1ere Armée;71400;71014;Autun;Saint-Pantaléon;;4.312702;46.972169
71014_qu3gmy_00004;4;;Route du Bois de Sapin;71400;71014;Autun;;;4.28258;46.948481
71014_0100_00005;5;;Rue de l’Arquebuse;71400;71014;Autun;;;4.300902;46.949835
71014_0990_00003;3;;Rue de la Croix Blanche;71400;71014;Autun;;;4.301859;46.95656
71014_0090_00075;75;;Route d'Arnay;71400;71014;Autun;Saint-Pantaléon;;4.305638;46.969881
71014_2490_00002_bis;2;bis;Rue Paul Cazin;71400;71014;Autun;;;4.29809;46.939523
71014_3480_00004;4;;Rue des Sous-Chantres;71400;71014;Autun;;;4.300038;46.944208
71014_3461_00110;110;;Route de Saulieu;71400;71014;Autun;;;4.2949;46.973164
71014_3640_00004;4;;Rue du Traité d’Anvers;71400;71014;Autun;;;4.293464;46.964725
71014_2340_00023;23;;Rue Nicéphore Niepce;71400;71014;Autun;Saint-Pantaléon;;4.305117;46.974778
71014_2741_00036;36;;Rue de la 1ere Armée;71400;71014;Autun;Saint-Pantaléon;;4.312194;46.975548
71014_1860_00005;5;;Rue Jean et Bernard de Lattre de Tassigny;71400;71014;Autun;;;4.29981;46.951506
71014_1295_00002;2;;Impasse Fleury;71400;71014;Autun;;;4.287053;46.949678
71014_6lsatw_00010;10;;Passage Balthus;71400;71014;Autun;;;4.298673;46.948812
71014_2050_00004;4;;Rue aux Maréchaux;71400;71014;Autun;;;4.299703;46.946629
71014_1580_00023;23;;Rue de la Grille;71400;71014;Autun;;;4.295684;46.951456
71014_2170_00001;1;;Rue Moirans;71400;71014;Autun;Saint-Pantaléon;;4.320063;46.962786
71014_1235_00013_bis;13;bis;Rue du Faubourg Talus;71400;71014;Autun;;;4.295439;46.945523
71014_1210_00082;82;;Rue du Faubourg Saint-Andoche;71400;71014;Autun;;;4.289855;46.955621
71014_3110_00013;13;;Avenue de la République;71400;71014;Autun;;;4.296451;46.95609
71014_2330_00017;17;;Rue Naudin;71400;71014;Autun;;;4.300243;46.958121
71014_0890_00001_bis;1;bis;Rue du Clos Jovet;71400;71014;Autun;;;4.302339;46.954851
71014_1215_00001;1;;Rue du Faubourg Saint-André;71400;71014;Autun;;;4.306271;46.957979
71014_0571_00023;23;;Rue de la Cascade;71400;71014;Autun;;;4.312779;46.94187
71014_2440_00027;27;;Rue de Paris;71400;71014;Autun;;;4.298396;46.95649
71014_2511_00025;25;;Rue du Parc des Drémeaux;71400;71014;Autun;Saint-Pantaléon;;4.315995;46.960825
71014_2395_00002;2;;Rue des Ormes;71400;71014;Autun;Saint-Pantaléon;;4.312863;46.962008
71014_2470_00020;20;;Rue de Parpas;71400;71014;Autun;;;4.288291;46.950687
71014_1215_00011_bis;11;bis;Rue du Faubourg Saint-André;71400;71014;Autun;;;4.306744;46.958317
71014_1600_00016;16;;Rue Guérin;71400;71014;Autun;;;4.30049;46.952538
71014_0888_00008;8;;Impasse du Clos Jovet;71400;71014;Autun;;;4.303269;46.955119
71014_2340_00031_c;31;c;Rue Nicéphore Niepce;71400;71014;Autun;Saint-Pantaléon;;4.305742;46.975749
71014_0348_00003;3;;Rue Bossuet;71400;71014;Autun;Saint-Pantaléon;;4.307391;46.967665
71014_3400_00002;2;;Rue Saint-Quentin;71400;71014;Autun;;;4.299627;46.944182
71014_1110_00004;4;;Rue Dufraigne;71400;71014;Autun;;;4.298934;46.944173
71014_0185_00021;21;;Route de Beaune;71400;71014;Autun;Saint-Pantaléon;;4.31535;46.956434
71014_0054_00024;24;;Allée André Malraux;71400;71014;Autun;;;4.281014;46.946861
71014_1660_00004;4;;Rue de l'Horloge;71400;71014;Autun;;;4.300386;46.952808
71014_2185_00019;19;;Route de Montromble;71400;71014;Autun;;;4.355262;46.886803
71014_1653_00029;29;;Rue de l'Hermitage;71400;71014;Autun;Saint-Pantaléon;;4.32083;46.961834
71014_2030_00010_bis;10;bis;Rue des Marbres;71400;71014;Autun;;;4.303345;46.949263
71014_0620_00015;15;;Rue du Chalet Bleu;71400;71014;Autun;Saint-Pantaléon;;4.306535;46.962799
71014_3550_00002_bis;2;bis;Rue des Tanneries;71400;71014;Autun;;;4.294725;46.9474
71014_3760_00008;8;;Rue du Vieux Collège;71400;71014;Autun;;;4.296274;46.950108
71014_0301_00062;62;;Rue du Bois Mathey;71400;71014;Autun;;;4.336629;46.906466
71014_0090_00028;28;;Route d'Arnay;71400;71014;Autun;Saint-Pantaléon;;4.304854;46.962312
71014_0165_00015;15;;Rue de la Barre;71400;71014;Autun;;;4.289811;46.947905
71014_2340_00010_bis;10;bis;Rue Nicéphore Niepce;71400;71014;Autun;Saint-Pantaléon;;4.304967;46.973753
71014_3480_00006;6;;Rue des Sous-Chantres;71400;71014;Autun;;;4.299905;46.944196
71014_0745_00012;12;;Rue de Charolles;71400;71014;Autun;Saint-Pantaléon;;4.303629;46.962736
71014_1653_00022;22;;Rue de l'Hermitage;71400;71014;Autun;Saint-Pantaléon;;4.320675;46.962378
71014_3440_00007;7;;Place Sainte-Barbe;71400;71014;Autun;;;4.30014;46.944737
71014_0670_00010;10;;Rue du Chancelier Rolin;71400;71014;Autun;;;4.300685;46.959414
71014_1355_00012;12;;Boulevard Fréderic Latouche;71400;71014;Autun;;;4.302456;46.953225
71014_0770_00025;25;;Grande Rue Chauchien;71400;71014;Autun;;;4.299167;46.947535
71014_2080_00013_ter;13;ter;Boulevard Mazagran;71400;71014;Autun;;;4.303497;46.954641
71014_3110_00010_a;10;a;Avenue de la République;71400;71014;Autun;;;4.29249;46.954113
71014_0210_00016;16;;Boulevard Bernard Giberstein;71400;71014;Autun;;;4.283642;46.95252
71014_2110_00005;5;;Rue Mermoz;71400;71014;Autun;;;4.290245;46.95174
71014_1206_00039;39;;Rue du Faubourg d’Arroux;71400;71014;Autun;;;4.295019;46.960201
71014_0500_00017;17;;Rue du Capitaine Repoux;71400;71014;Autun;;;4.292717;46.949421
71014_0650_00007;7;;Rue du Champ Gevras;71400;71014;Autun;;;4.292676;46.945719
71014_1210_00041;41;;Rue du Faubourg Saint-Andoche;71400;71014;Autun;;;4.292065;46.952711
71014_3190_00003;3;;Impasse Rollet;71400;71014;Autun;;;4.302032;46.9486
71014_2490_00004_b;4;b;Rue Paul Cazin;71400;71014;Autun;;;4.297838;46.939355
71014_0090_00137;137;;Route d'Arnay;71400;71014;Autun;Saint-Pantaléon;;4.313933;46.988291
71014_0285_00004;4;;Rue du Lotissement du Bois de Sapin;71400;71014;Autun;;;4.278808;46.94669
71014_3710_00006;6;;Rue Victor Hugo;71400;71014;Autun;Saint-Pantaléon;;4.308619;46.96899
71014_0650_00028;28;;Rue du Champ Gevras;71400;71014;Autun;;;4.292761;46.945215
71014_2060_00004;4;;Rue Maurice Ravel;71400;71014;Autun;Saint-Pantaléon;;4.314373;46.965974
71014_1504_00003;3;;Rue Général Demetz;71400;71014;Autun;;;4.299044;46.949514
71014_3340_00003_d;3;d;Chemin de Saint-Martin;71400;71014;Autun;;;4.302379;46.961714
71014_2050_00005;5;;Rue aux Maréchaux;71400;71014;Autun;;;4.299763;46.946549
71014_1580_00051;51;;Rue de la Grille;71400;71014;Autun;;;4.293511;46.953714
71014_1010_00020;20;;Rue de la Croix Verte;71400;71014;Autun;;;4.306409;46.954658
71014_2100_00001;1;;Rue de Ménincourt;71400;71014;Autun;Saint-Pantaléon;;4.312776;46.972563
71014_0540_00013_b;13;b;Rue Carion;71400;71014;Autun;;;4.292311;46.95559
71014_3275_00034;34;;Route de Saint-Denis;71400;71014;Autun;Saint-Pantaléon;;4.319789;46.968254
71014_3278_00008;8;;Rue Saint-Étienne;71400;71014;Autun;Saint-Pantaléon;;4.322476;46.962182
71014_3461_00011;11;;Route de Saulieu;71400;71014;Autun;;;4.294225;46.962262
71014_0770_00023;23;;Grande Rue Chauchien;71400;71014;Autun;;;4.299137;46.947572
71014_1680_00023;23;;Rue du 8 Septembre;71400;71014;Autun;;;4.300181;46.959997
71014_0090_00012;12;;Route d'Arnay;71400;71014;Autun;;;4.305315;46.959273
71014_0915_00162;162;;Avenue du Commandant Neuchèze;71400;71014;Autun;;;4.257312;46.956605
71014_0940_00022;22;;Rue aux Cordiers;71400;71014;Autun;;;4.298979;46.948901
71014_1830_00020;20;;Rue des Jonquilles;71400;71014;Autun;Saint-Pantaléon;;4.309796;46.968903
71014_1851_00006;6;;Rue de la Fontaine;71400;71014;Autun;Saint-Pantaléon;;4.307053;46.96864
71014_3370_00015;15;;Rue Saint-Pancrace;71400;71014;Autun;;;4.30329;46.946328
71014_3290_00003;3;;Rue Saint-Germain;71400;71014;Autun;;;4.296015;46.949284
71014_0020_00013;13;;Rue Adrien Guignet;71400;71014;Autun;;;4.287587;46.951999
71014_1050_00023;23;;Avenue du 2e Dragons;71400;71014;Autun;;;4.311551;46.955265
71014_0680_00022;22;;Rue Changarnier;71400;71014;Autun;;;4.299428;46.948042
71014_0270_00001;1;;Route des Boileaux;71400;71014;Autun;;;4.248594;46.979095
71014_1520_00009;9;;Rue Georges Leyton;71400;71014;Autun;;;4.295127;46.946593
71014_0910_00017_a;17;a;Rue Cocand;71400;71014;Autun;;;4.297975;46.945929
71014_2080_00006;6;;Boulevard Mazagran;71400;71014;Autun;;;4.302559;46.954171
71014_1218_00022_bis;22;bis;Rue du Faubourg Saint-Blaise;71400;71014;Autun;;;4.298976;46.940202
71014_0940_00005;5;;Rue aux Cordiers;71400;71014;Autun;;;4.299502;46.949489
71014_1730_00014_bis;14;bis;Rue de la Jambe de Bois;71400;71014;Autun;;;4.305581;46.948667
71014_2340_00004;4;;Rue Nicéphore Niepce;71400;71014;Autun;Saint-Pantaléon;;4.303881;46.970781
71014_3010_00001;1;;Rue des 4 Vents;71400;71014;Autun;;;4.30034;46.956384
71014_3490_00005;5;;Rue de Stevenage;71400;71014;Autun;;;4.278792;46.944392
71014_0360_00009;9;;Rue du Bourg;71400;71014;Autun;Saint-Pantaléon;;4.309563;46.9607
71014_1215_00032;32;;Rue du Faubourg Saint-André;71400;71014;Autun;;;4.307891;46.958701
71014_0915_00062;62;;Avenue du Commandant Neuchèze;71400;71014;Autun;;;4.2749;46.958162
71014_3110_00017;17;;Avenue de la République;71400;71014;Autun;;;4.297116;46.956458
71014_2120_00011;11;;Route de Mesvres;71400;71014;Autun;;;4.290225;46.947203
71014_2040_00023;23;;Grande Rue Marchaux;71400;71014;Autun;;;4.300027;46.954432
71014_1125_00008;8;;Rue des Éduens;71400;71014;Autun;;;4.291937;46.947942
71014_2110_00007;7;;Rue Mermoz;71400;71014;Autun;;;4.290702;46.951721
71014_1050_00005_b;5;b;Avenue du 2e Dragons;71400;71014;Autun;;;4.308388;46.953772
71014_2340_00017;17;;Rue Nicéphore Niepce;71400;71014;Autun;Saint-Pantaléon;;4.304658;46.973771
71014_0165_00008;8;;Rue de la Barre;71400;71014;Autun;;;4.290005;46.948153
71014_1010_00030;30;;Rue de la Croix Verte;71400;71014;Autun;;;4.30676;46.955265
71014_2520_00008_bis;8;bis;Rue du Parc Saint-Jean;71400;71014;Autun;;;4.295981;46.960011
71014_1600_00016_bis;16;bis;Rue Guérin;71400;71014;Autun;;;4.300529;46.952568
71014_0755_00040;40;;Route de Château-Chinon;71400;71014;Autun;;;4.282353;46.961109
71014_3110_00011;11;;Avenue de la République;71400;71014;Autun;;;4.296175;46.955958
71014_0890_00015_bis;15;bis;Rue du Clos Jovet;71400;71014;Autun;;;4.302991;46.956164
71014_1010_00022_d;22;d;Rue de la Croix Verte;71400;71014;Autun;;;4.307511;46.954416
71014_2080_00033;33;;Boulevard Mazagran;71400;71014;Autun;;;4.306008;46.955588
71014_3590_00009;9;;Place du Terreau;71400;71014;Autun;;;4.299632;46.944959
71014_1680_00026;26;;Rue du 8 Septembre;71400;71014;Autun;;;4.300137;46.959799
71014_2380_00007;7;;Rue du 11 Novembre 1918;71400;71014;Autun;;;4.291528;46.953077
71014_0745_00014;14;;Rue de Charolles;71400;71014;Autun;Saint-Pantaléon;;4.303556;46.962919
71014_3020_00004;4;;Rue Racine;71400;71014;Autun;Saint-Pantaléon;;4.308275;46.967767
71014_1570_00006;6;;Rue De la Griottière;71400;71014;Autun;Saint-Pantaléon;;4.317595;46.964327
71014_1321_00007;7;;Ruelle Florand;71400;71014;Autun;Saint-Pantaléon;;4.319185;46.961586
71014_0890_00007;7;;Rue du Clos Jovet;71400;71014;Autun;;;4.302604;46.955487
71014_3710_00015;15;;Rue Victor Hugo;71400;71014;Autun;Saint-Pantaléon;;4.308247;46.968723
71014_1218_00012;12;;Rue du Faubourg Saint-Blaise;71400;71014;Autun;;;4.299699;46.941274
71014_1580_00054;54;;Rue de la Grille;71400;71014;Autun;;;4.293614;46.953867
71014_0020_00006_bis;6;bis;Rue Adrien Guignet;71400;71014;Autun;;;4.287372;46.951281
71014_0571_00029_bis;29;bis;Rue de la Cascade;71400;71014;Autun;;;4.312993;46.942126
71014_0680_00007;7;;Rue Changarnier;71400;71014;Autun;;;4.300904;46.948627
71014_0650_00017;17;;Rue du Champ Gevras;71400;71014;Autun;;;4.291556;46.945852
71014_1600_00006;6;;Rue Guérin;71400;71014;Autun;;;4.300178;46.952088
71014_0560_00001;1;;Rue du Carrouge;71400;71014;Autun;;;4.296169;46.949512
71014_0365_00025;25;;Rue de Bourgogne;71400;71014;Autun;Saint-Pantaléon;;4.321862;46.963075
71014_0230_00031;31;;Rue du Beuvray;71400;71014;Autun;;;4.286675;46.948727
71014_3685_00005;5;;Rue de la Verrerie;71400;71014;Autun;;;4.279358;46.958735
71014_2625_00006;6;;Rue Pierre Colin;71400;71014;Autun;Saint-Pantaléon;;4.317487;46.965056
71014_3461_00060;60;;Route de Saulieu;71400;71014;Autun;Saint-Pantaléon;;4.294188;46.967737
71014_2100_00030;30;;Rue de Ménincourt;71400;71014;Autun;Saint-Pantaléon;;4.316835;46.978507
71014_3480_00008;8;;Rue des Sous-Chantres;71400;71014;Autun;;;4.299798;46.944188
71014_1210_00074;74;;Rue du Faubourg Saint-Andoche;71400;71014;Autun;;;4.290973;46.954681
71014_0770_00018;18;;Grande Rue Chauchien;71400;71014;Autun;;;4.298859;46.947721
71014_3390_00001;1;;Rue Saint-Pierre;71400;71014;Autun;;;4.295983;46.949711
71014_0740_00050;50;;Avenue Charles de Gaulle;71400;71014;Autun;;;4.295352;46.953921
71014_1215_00009;9;;Rue du Faubourg Saint-André;71400;71014;Autun;;;4.306542;46.958149
71014_1730_00008_e;8;e;Rue de la Jambe de Bois;71400;71014;Autun;;;4.304141;46.948879
71014_1651_00006;6;;Rue Henri Dunant;71400;71014;Autun;;;4.303984;46.952771
71014_0540_00026;26;;Rue Carion;71400;71014;Autun;;;4.296175;46.957594
71014_3090_00006;6;;Rue du Rempart Saint-Jean;71400;71014;Autun;;;4.302098;46.9603
71014_0540_00013_c;13;c;Rue Carion;71400;71014;Autun;;;4.292501;46.955747
71014_0890_00008;8;;Rue du Clos Jovet;71400;71014;Autun;;;4.302552;46.954909
71014_0680_00017;17;;Rue Changarnier;71400;71014;Autun;;;4.299605;46.948029
71014_0670_00019;19;;Rue du Chancelier Rolin;71400;71014;Autun;;;4.300974;46.959914
71014_3710_00026;26;;Rue Victor Hugo;71400;71014;Autun;Saint-Pantaléon;;4.30751;46.969162
71014_1680_00013;13;;Rue du 8 Septembre;71400;71014;Autun;;;4.299675;46.959496
71014_0451_00037;37;;Route de Broye;71400;71014;Autun;;;4.310513;46.939895
71014_1050_00011_g;11;g;Avenue du 2e Dragons;71400;71014;Autun;;;4.30856;46.954305
71014_0451_00043;43;;Route de Broye;71400;71014;Autun;;;4.312376;46.940289
71014_2165_00006;6;;Rue des Mineurs;71400;71014;Autun;Saint-Pantaléon;;4.311252;46.985511
71014_3650_00002_bis;2;bis;Rue Traversière;71400;71014;Autun;;;4.297591;46.952543
71014_0185_00035;35;;Route de Beaune;71400;71014;Autun;Saint-Pantaléon;;4.321017;46.958257
71014_2191_00010;10;;Rue du Moulin Gamet;71400;71014;Autun;;;4.299991;46.939603
71014_1210_00050;50;;Rue du Faubourg Saint-Andoche;71400;71014;Autun;;;4.292328;46.953002
71014_3130_00004_a;4;a;Boulevard des Résistants Fusillés;71400;71014;Autun;;;4.293764;46.949161
71014_1128_00006;6;;Rue des Enfants de Troupe;71400;71014;Autun;;;4.305019;46.950136
71014_2120_00009;9;;Route de Mesvres;71400;71014;Autun;;;4.290459;46.947212
71014_1210_00019;19;;Rue du Faubourg Saint-Andoche;71400;71014;Autun;;;4.293773;46.951587
71014_2511_00009;9;;Rue du Parc des Drémeaux;71400;71014;Autun;Saint-Pantaléon;;4.314641;46.959697
71014_1140_00004;4;;Rue Eugène Chevalier;71400;71014;Autun;;;4.299597;46.958669
71014_3278_00019;19;;Rue Saint-Étienne;71400;71014;Autun;Saint-Pantaléon;;4.323473;46.962631
71014_1210_00008;8;;Rue du Faubourg Saint-Andoche;71400;71014;Autun;;;4.294321;46.951243
71014_0940_00032;32;;Rue aux Cordiers;71400;71014;Autun;;;4.298683;46.94855
71014_1570_00012;12;;Rue De la Griottière;71400;71014;Autun;Saint-Pantaléon;;4.316693;46.964295
71014_6ppenk_00001;1;;Rue Cosette Harcourt;71400;71014;Autun;Saint-Pantaléon;;4.303923;46.972353
71014_0220_00026;26;;Rue Bernard Renault;71400;71014;Autun;;;4.298823;46.954665
71014_0230_00028;28;;Rue du Beuvray;71400;71014;Autun;;;4.287693;46.948857
71014_3010_00009;9;;Rue des 4 Vents;71400;71014;Autun;;;4.300135;46.956657
71014_1660_00001;1;;Rue de l'Horloge;71400;71014;Autun;;;4.300023;46.952855
71014_1730_00008_d;8;d;Rue de la Jambe de Bois;71400;71014;Autun;;;4.304112;46.948685
71014_1100_00042_bis;42;bis;Rue des Dremeaux;71400;71014;Autun;Saint-Pantaléon;;4.321795;46.964611
71014_1680_00003;3;;Rue du 8 Septembre;71400;71014;Autun;;;4.299001;46.958187
71014_1070_00002;2;;Rue de Dijon;71400;71014;Autun;;;4.299335;46.955829
71014_0100_00002_bis;2;bis;Rue de l’Arquebuse;71400;71014;Autun;;;4.300553;46.949588
71014_2100_00034;34;;Rue de Ménincourt;71400;71014;Autun;Saint-Pantaléon;;4.317518;46.978768
71014_0080_00011_ter;11;ter;Rue de l’Arbalète;71400;71014;Autun;;;4.300662;46.949473
71014_0740_00019_bis;19;bis;Avenue Charles de Gaulle;71400;71014;Autun;;;4.297341;46.951474
71014_0345_00027;27;;Rue Borgne;71400;71014;Autun;Saint-Pantaléon;;4.317922;46.971369
71014_3610_00011;11;;Rue du Théâtre Romain;71400;71014;Autun;;;4.309978;46.95547
71014_3420_00024;24;;Rue Saint-Saulge;71400;71014;Autun;;;4.298428;46.94835
71014_2330_00013;13;;Rue Naudin;71400;71014;Autun;;;4.299746;46.958155
71014_1010_00009;9;;Rue de la Croix Verte;71400;71014;Autun;;;4.305549;46.953825
71014_1790_00012;12;;Rue Jeannin;71400;71014;Autun;;;4.298398;46.951231
71014_1645_00001;1;;Place de l'Harmonie;71400;71014;Autun;Saint-Pantaléon;;4.315649;46.966301
71014_3170_00018;18;;Rue de Rivault;71400;71014;Autun;;;4.298176;46.942685
71014_0876_00025;25;;Route de la Chicolle et de Montjeu;71400;71014;Autun;;;4.291668;46.928161
71014_0295_00002;2;;Route de Bois le Duc;71400;71014;Autun;;;4.266261;46.93715
71014_1100_00032;32;;Rue des Dremeaux;71400;71014;Autun;Saint-Pantaléon;;4.318388;46.962954
71014_0440_00004;4;;Chemin des Breux;71400;71014;Autun;Saint-Pantaléon;;4.315436;46.9687
71014_0090_00057;57;;Route d'Arnay;71400;71014;Autun;Saint-Pantaléon;;4.304752;46.966205
71014_3390_00005_bis;5;bis;Rue Saint-Pierre;71400;71014;Autun;;;4.295677;46.949495
71014_1520_00001;1;;Rue Georges Leyton;71400;71014;Autun;;;4.296265;46.94673
71014_0100_00020;20;;Rue de l’Arquebuse;71400;71014;Autun;;;4.302218;46.95027
71014_1010_00022_b;22;b;Rue de la Croix Verte;71400;71014;Autun;;;4.307172;46.954629
71014_0560_00006;6;;Rue du Carrouge;71400;71014;Autun;;;4.295727;46.950102
71014_3710_00005;5;;Rue Victor Hugo;71400;71014;Autun;Saint-Pantaléon;;4.308815;46.968232
71014_1920_00008;8;;Rue Louis Charlot;71400;71014;Autun;;;4.296021;46.955086
71014_1851_00002;2;;Rue de la Fontaine;71400;71014;Autun;Saint-Pantaléon;;4.307117;46.96847
71014_3350_00002;2;;Rue Saint-Nicolas;71400;71014;Autun;;;4.299843;46.955073
71014_0740_00035;35;;Avenue Charles de Gaulle;71400;71014;Autun;;;4.295444;46.953534
71014_3270_00008;8;;Rue Saint-Christophe;71400;71014;Autun;;;4.297149;46.949924
71014_3278_00013;13;;Rue Saint-Étienne;71400;71014;Autun;Saint-Pantaléon;;4.322947;46.962444
71014_0370_00002;2;;Rue Bouteiller;71400;71014;Autun;;;4.302314;46.945728
71014_3340_00001;1;;Chemin de Saint-Martin;71400;71014;Autun;;;4.30402;46.960208
71014_0920_00007_a;7;a;Rue des Cordeliers;71400;71014;Autun;;;4.300142;46.947196
71014_1790_00002;2;;Rue Jeannin;71400;71014;Autun;;;4.299823;46.951796
71014_0740_00028_bis;28;bis;Avenue Charles de Gaulle;71400;71014;Autun;;;4.296668;46.952544
71014_3290_00006;6;;Rue Saint-Germain;71400;71014;Autun;;;4.295864;46.949277
71014_1235_00037;37;;Rue du Faubourg Talus;71400;71014;Autun;;;4.288005;46.946886
71014_2440_00005;5;;Rue de Paris;71400;71014;Autun;;;4.299589;46.955188
71014_2050_00011;11;;Rue aux Maréchaux;71400;71014;Autun;;;4.299446;46.946471
71014_2180_00011;11;;Rue Monseigneur Villard;71400;71014;Autun;;;4.289236;46.94982
71014_1892_00002;2;;Allée de la Liberté;71400;71014;Autun;;;4.286871;46.946392
71014_0360_00003;3;;Rue du Bourg;71400;71014;Autun;Saint-Pantaléon;;4.308505;46.959663
71014_2440_00017;17;;Rue de Paris;71400;71014;Autun;;;4.299221;46.955583
71014_1050_00014;14;;Avenue du 2e Dragons;71400;71014;Autun;;;4.309836;46.95454
71014_2175_00002;2;;Rue Molière;71400;71014;Autun;Saint-Pantaléon;;4.30683;46.968051
71014_0910_00011;11;;Rue Cocand;71400;71014;Autun;;;4.298177;46.946084
71014_2080_00010;10;;Boulevard Mazagran;71400;71014;Autun;;;4.302936;46.954313
71014_2055_00053;53;;Route de Margenne;71400;71014;Autun;;;4.255832;46.963644
71014_1129_00005_bis;5;bis;Passage Estelle Nectoux;71400;71014;Autun;;;4.295505;46.954889
71014_1501_00002;2;;Place du General Brosset;71400;71014;Autun;Saint-Pantaléon;;4.314547;46.967682
71014_0165_00002;2;;Rue de la Barre;71400;71014;Autun;;;4.291031;46.948758
71014_1010_00028;28;;Rue de la Croix Verte;71400;71014;Autun;;;4.306654;46.955091
71014_1235_00046;46;;Rue du Faubourg Talus;71400;71014;Autun;;;4.290399;46.946581
71014_1210_00080_b;80;b;Rue du Faubourg Saint-Andoche;71400;71014;Autun;;;4.29036;46.95579
71014_1355_00001;1;;Boulevard Fréderic Latouche;71400;71014;Autun;;;4.303466;46.951098
71014_2625_00001;1;;Rue Pierre Colin;71400;71014;Autun;Saint-Pantaléon;;4.317816;46.964554
71014_0500_00014;14;;Rue du Capitaine Repoux;71400;71014;Autun;;;4.293035;46.948658
71014_0915_00019;19;;Avenue du Commandant Neuchèze;71400;71014;Autun;;;4.280693;46.957312
71014_1870_00014;14;;Rue Lauchien le Boucher;71400;71014;Autun;;;4.305422;46.947877
71014_0365_00014;14;;Rue de Bourgogne;71400;71014;Autun;Saint-Pantaléon;;4.320084;46.962385
71014_2165_00021;21;;Rue des Mineurs;71400;71014;Autun;Saint-Pantaléon;;4.309795;46.985662
71014_3275_00012;12;;Route de Saint-Denis;71400;71014;Autun;Saint-Pantaléon;;4.317074;46.967513
71014_1100_00075;75;;Rue des Dremeaux;71400;71014;Autun;Saint-Pantaléon;;4.319059;46.963526
71014_3090_00010;10;;Rue du Rempart Saint-Jean;71400;71014;Autun;;;4.302713;46.960393
71014_2090_00014;14;;Rue Mazagran;71400;71014;Autun;;;4.301915;46.953944
71014_1125_00005;5;;Rue des Éduens;71400;71014;Autun;;;4.29219;46.947788
71014_1847_00009;9;;Rue Kawagoe;71400;71014;Autun;;;4.279054;46.943727
71014_2165_00029;29;;Rue des Mineurs;71400;71014;Autun;Saint-Pantaléon;;4.309661;46.985385
71014_0370_00007_bis;7;bis;Rue Bouteiller;71400;71014;Autun;;;4.302365;46.945783
71014_1504_00005;5;;Rue Général Demetz;71400;71014;Autun;;;4.298871;46.94942
71014_2770_00009;9;;Ruelle du Puits;71400;71014;Autun;Saint-Pantaléon;;4.323199;46.961235
71014_3760_00003;3;;Rue du Vieux Collège;71400;71014;Autun;;;4.296425;46.950092
71014_2165_00007;7;;Rue des Mineurs;71400;71014;Autun;Saint-Pantaléon;;4.310711;46.985558
71014_1580_00032;32;;Rue de la Grille;71400;71014;Autun;;;4.295033;46.952147
71014_0770_00016;16;;Grande Rue Chauchien;71400;71014;Autun;;;4.298823;46.947765
71014_0100_00006;6;;Rue de l’Arquebuse;71400;71014;Autun;;;4.300861;46.949716
71014_3610_00014;14;;Rue du Théâtre Romain;71400;71014;Autun;;;4.308595;46.955596
71014_1125_00037;37;;Rue des Éduens;71400;71014;Autun;;;4.290562;46.950193
71014_0261_00013;13;;Rue des Blanchots;71400;71014;Autun;;;4.32424;46.909165
71014_1600_00010;10;;Rue Guérin;71400;71014;Autun;;;4.300312;46.952302
71014_1860_00004;4;;Rue Jean et Bernard de Lattre de Tassigny;71400;71014;Autun;;;4.299827;46.951556
71014_0210_00025;25;;Boulevard Bernard Giberstein;71400;71014;Autun;;;4.279592;46.950794
71014_0500_00014_bis;14;bis;Rue du Capitaine Repoux;71400;71014;Autun;;;4.292933;46.948825
71014_3110_00033;33;;Avenue de la République;71400;71014;Autun;;;4.298741;46.957257
71014_2180_00008;8;;Rue Monseigneur Villard;71400;71014;Autun;;;4.289184;46.949901
71014_2701_00004;4;;Rue de Planoise;71400;71014;Autun;;;4.310269;46.940558
71014_1218_00040;40;;Rue du Faubourg Saint-Blaise;71400;71014;Autun;;;4.298518;46.938306
71014_1980_00004;4;;Impasse de la Maitrise;71400;71014;Autun;;;4.298533;46.945555
71014_1580_00034;34;;Rue de la Grille;71400;71014;Autun;;;4.294902;46.952265
71014_3710_00007;7;;Rue Victor Hugo;71400;71014;Autun;Saint-Pantaléon;;4.308746;46.968365
71014_3310_00001_bis;1;bis;Rue Saint-Georges;71400;71014;Autun;;;4.299517;46.942978
71014_1651_00010;10;;Rue Henri Dunant;71400;71014;Autun;;;4.303632;46.952887
71014_6lsatw_00007;7;;Passage Balthus;71400;71014;Autun;;;4.298533;46.948827
71014_0220_00024;24;;Rue Bernard Renault;71400;71014;Autun;;;4.298712;46.954616
71014_2170_00020;20;;Rue Moirans;71400;71014;Autun;Saint-Pantaléon;;4.317021;46.966308
71014_1110_00013;13;;Rue Dufraigne;71400;71014;Autun;;;4.299288;46.943841
71014_1206_00006_a;6;a;Rue du Faubourg d’Arroux;71400;71014;Autun;;;4.297151;46.958687
71014_1784_00001;1;;Cour Jean Monnet;71400;71014;Autun;Saint-Pantaléon;;4.311053;46.963799
71014_1504_00012;12;;Rue Général Demetz;71400;71014;Autun;;;4.298364;46.949177
71014_6lsatw_00011;11;;Passage Balthus;71400;71014;Autun;;;4.298647;46.948699
71014_2701_00025;25;;Rue de Planoise;71400;71014;Autun;;;4.314314;46.940512
71014_0580_00008;8;;Impasse de la Cathédrale;71400;71014;Autun;;;4.297928;46.944574
71014_2041_00013;13;;Petite Rue Marchaux;71400;71014;Autun;;;4.299665;46.953694
71014_2701_00017;17;;Rue de Planoise;71400;71014;Autun;;;4.312443;46.940608
71014_1919_00001;1;;Chemin Louis Calaferte;71400;71014;Autun;;;4.306746;46.953478
71014_0261_00014;14;;Rue des Blanchots;71400;71014;Autun;;;4.334191;46.907085
71014_0571_00031;31;;Rue de la Cascade;71400;71014;Autun;;;4.313321;46.942261
71014_1845_00008;8;;Chemin de la Justice;71400;71014;Autun;Saint-Pantaléon;;4.312983;46.985297
71014_2701_00006;6;;Rue de Planoise;71400;71014;Autun;;;4.310917;46.94046
71014_0740_00021_bis;21;bis;Avenue Charles de Gaulle;71400;71014;Autun;;;4.297111;46.951704
71014_3395_00002;2;;Ruelle Saint-Pierre;71400;71014;Autun;Saint-Pantaléon;;4.321774;46.962563
71014_2250_00011;11;;Avenue du Morvan;71400;71014;Autun;;;4.292844;46.949457
71014_0345_00009_a;9;a;Rue Borgne;71400;71014;Autun;Saint-Pantaléon;;4.314229;46.971035
71014_1560_00007;7;;Rue de la Grange Vertu;71400;71014;Autun;;;4.294432;46.952848
71014_1208_00020_b;20;b;Rue du Faubourg du Breuil;71400;71014;Autun;;;4.302197;46.942613
71014_0165_00010;10;;Rue de la Barre;71400;71014;Autun;;;4.289796;46.948023
71014_1218_00079;79;;Rue du Faubourg Saint-Blaise;71400;71014;Autun;;;4.299099;46.937451
71014_3590_00011;11;;Place du Terreau;71400;71014;Autun;;;4.299661;46.944926
71014_3278_00038_bis;38;bis;Rue Saint-Étienne;71400;71014;Autun;Saint-Pantaléon;;4.326178;46.965015
71014_0080_00003;3;;Rue de l’Arbalète;71400;71014;Autun;;;4.299772;46.949699
71014_1580_00043_ter;43;ter;Rue de la Grille;71400;71014;Autun;;;4.293898;46.95318
71014_0020_00005;5;;Rue Adrien Guignet;71400;71014;Autun;;;4.287933;46.951558
71014_1710_00002;2;;Rue d’Ingelheim;71400;71014;Autun;;;4.278405;46.945044
71014_1235_00009;9;;Rue du Faubourg Talus;71400;71014;Autun;;;4.295956;46.94544
71014_qu3gmy_00007;7;;Route du Bois de Sapin;71400;71014;Autun;;;4.283421;46.948471
71014_0920_00009;9;;Rue des Cordeliers;71400;71014;Autun;;;4.299735;46.946947
71014_2041_00004;4;;Petite Rue Marchaux;71400;71014;Autun;;;4.299994;46.952914
71014_6lsatw_00003;3;;Passage Balthus;71400;71014;Autun;;;4.298431;46.948956
71014_1318_00068;68;;Route de Forêt de Planoise;71400;71014;Autun;;;4.343747;46.904558
71014_0365_00029;29;;Rue de Bourgogne;71400;71014;Autun;Saint-Pantaléon;;4.322767;46.963377
71014_3550_00001;1;;Rue des Tanneries;71400;71014;Autun;;;4.294583;46.947768
71014_0890_00003_c;3;c;Rue du Clos Jovet;71400;71014;Autun;;;4.302049;46.95553
71014_1220_00010;10;;Rue du Faubourg Saint-Branchez;71400;71014;Autun;;;4.304658;46.945671
71014_2055_00045;45;;Route de Margenne;71400;71014;Autun;;;4.25689;46.963195
71014_0740_00040;40;;Avenue Charles de Gaulle;71400;71014;Autun;;;4.296144;46.95308
71014_2470_00019;19;;Rue de Parpas;71400;71014;Autun;;;4.289059;46.950727
71014_1400_00010;10;;Rue de Gaillon;71400;71014;Autun;;;4.303447;46.958365
71014_0743_00013;13;;Rue Charles Gounod;71400;71014;Autun;Saint-Pantaléon;;4.315378;46.966491
71014_1790_00006;6;;Rue Jeannin;71400;71014;Autun;;;4.29933;46.951576
71014_2660_00010;10;;Rue des Pierres;71400;71014;Autun;;;4.301181;46.961099
71014_3340_00003;3;;Chemin de Saint-Martin;71400;71014;Autun;;;4.30437;46.960497
71014_0165_00020;20;;Rue de la Barre;71400;71014;Autun;;;4.288684;46.947346
71014_2060_00001;1;;Rue Maurice Ravel;71400;71014;Autun;Saint-Pantaléon;;4.314464;46.966017
71014_8rvkza_00001;1;;Aérodrome d'Autun-Bellevue;71400;71014;Autun;;;4.265156;46.971877
71014_2770_00007_ter;7;ter;Ruelle du Puits;71400;71014;Autun;Saint-Pantaléon;;4.322936;46.961341
71014_1390_00011;11;;Rue des Gailles;71400;71014;Autun;;;4.285814;46.9479
71014_0745_00017;17;;Rue de Charolles;71400;71014;Autun;Saint-Pantaléon;;4.303287;46.963191
71014_3110_00074;74;;Avenue de la République;71400;71014;Autun;;;4.301432;46.957967
71014_0680_00005;5;;Rue Changarnier;71400;71014;Autun;;;4.301056;46.948696
71014_3320_00011;11;;Rue Saint-Jean;71400;71014;Autun;;;4.300754;46.957613
71014_1218_00054;54;;Rue du Faubourg Saint-Blaise;71400;71014;Autun;;;4.298515;46.937697
71014_0940_00014;14;;Rue aux Cordiers;71400;71014;Autun;;;4.299226;46.949115
71014_2330_00012;12;;Rue Naudin;71400;71014;Autun;;;4.298907;46.95792
71014_0080_00023_bis;23;bis;Rue de l’Arbalète;71400;71014;Autun;;;4.301822;46.949333
71014_0335_00020;20;;Route de la Bondelue;71400;71014;Autun;;;4.338852;46.891034
71014_0760_00017_b;17;b;Rue du Châtelet;71400;71014;Autun;;;4.294848;46.949953
71014_2440_00018;18;;Rue de Paris;71400;71014;Autun;;;4.298677;46.956405
71014_0540_00029;29;;Rue Carion;71400;71014;Autun;;;4.295567;46.957494
71014_2440_00037_bis;37;bis;Rue de Paris;71400;71014;Autun;;;4.297861;46.957074
71014_3560_00005;5;;Rue des Télots;71400;71014;Autun;Saint-Pantaléon;;4.312328;46.987001
71014_3685_00008;8;;Rue de la Verrerie;71400;71014;Autun;;;4.279207;46.95856
71014_2470_00029;29;;Rue de Parpas;71400;71014;Autun;;;4.287605;46.950223
71014_0370_00009;9;;Rue Bouteiller;71400;71014;Autun;;;4.302579;46.945828
71014_0915_00054;54;;Avenue du Commandant Neuchèze;71400;71014;Autun;;;4.277448;46.958749
71014_1318_00048;48;;Route de Forêt de Planoise;71400;71014;Autun;;;4.339753;46.908315
71014_1318_00010;10;;Route de Forêt de Planoise;71400;71014;Autun;;;4.334061;46.913405
71014_2775_00052;52;;Route du Puits d'Alligny;71400;71014;Autun;;;4.28811;46.974015
71014_1110_00007;7;;Rue Dufraigne;71400;71014;Autun;;;4.299068;46.944108
71014_1331_00014;14;;Rue de la Foret;71400;71014;Autun;;;4.308939;46.94015
71014_0345_00002;2;;Rue Borgne;71400;71014;Autun;Saint-Pantaléon;;4.313664;46.970562
71014_0670_00001;1;;Rue du Chancelier Rolin;71400;71014;Autun;;;4.300998;46.95877
71014_0020_00017;17;;Rue Adrien Guignet;71400;71014;Autun;;;4.286854;46.951722
71014_1210_00015;15;;Rue du Faubourg Saint-Andoche;71400;71014;Autun;;;4.294196;46.951233
71014_0940_00018;18;;Rue aux Cordiers;71400;71014;Autun;;;4.299132;46.948998
71014_3710_00022;22;;Rue Victor Hugo;71400;71014;Autun;Saint-Pantaléon;;4.3077;46.969267
71014_3650_00013;13;;Rue Traversière;71400;71014;Autun;;;4.297015;46.952998
71014_0230_00017;17;;Rue du Beuvray;71400;71014;Autun;;;4.288629;46.948778
71014_0500_00024;24;;Rue du Capitaine Repoux;71400;71014;Autun;;;4.292124;46.950167
71014_3180_00003;3;;Rue Badinter;71400;71014;Autun;;;4.277623;46.945382
71014_0020_00021;21;;Rue Adrien Guignet;71400;71014;Autun;;;4.286392;46.951327
71014_3320_00005_bis;5;bis;Rue Saint-Jean;71400;71014;Autun;;;4.300844;46.956966
71014_0230_00029;29;;Rue du Beuvray;71400;71014;Autun;;;4.287046;46.94874
71014_2701_00013;13;;Rue de Planoise;71400;71014;Autun;;;4.311406;46.940566
71014_3370_00009;9;;Rue Saint-Pancrace;71400;71014;Autun;;;4.302916;46.946449
71014_0060_00005;5;;Place Anne Marie Javouhey;71400;71014;Autun;;;4.302399;46.959907
71014_1580_00045;45;;Rue de la Grille;71400;71014;Autun;;;4.293854;46.953272
71014_3170_00012_t;12;t;Rue de Rivault;71400;71014;Autun;;;4.298428;46.943612
71014_3461_00141;141;;Route de Saulieu;71400;71014;Autun;;;4.294632;46.977891
71014_0054_00009;9;;Allée André Malraux;71400;71014;Autun;;;4.280754;46.94622
71014_0645_00008;8;;Rue du Champ du Moulin;71400;71014;Autun;Saint-Pantaléon;;4.312907;46.98759
71014_1090_00005;5;;Rue du Docteur Gillot;71400;71014;Autun;;;4.297877;46.947348
71014_0571_00002;2;;Rue de la Cascade;71400;71014;Autun;;;4.310194;46.940907
71014_1218_00007;7;;Rue du Faubourg Saint-Blaise;71400;71014;Autun;;;4.300024;46.941575
71014_rv6nz8_00014;14;;Rue du Couvent;71400;71014;Autun;Saint-Pantaléon;;4.307653;46.962932
71014_1206_00009;9;;Rue du Faubourg d’Arroux;71400;71014;Autun;;;4.296515;46.958501
71014_yk1cfo_00009;9;;Rue du 22ème BMNA;71400;71014;Autun;;;4.297461;46.95506
71014_2630_00012;12;;Rue Pierre et Marie Curie;71400;71014;Autun;Saint-Pantaléon;;4.306681;46.966981
71014_2050_00014;14;;Rue aux Maréchaux;71400;71014;Autun;;;4.299318;46.946511
71014_0740_00019;19;;Avenue Charles de Gaulle;71400;71014;Autun;;;4.297436;46.951369
71014_0451_00052_a;52;a;Route de Broye;71400;71014;Autun;;;4.313626;46.940028
71014_0261_00036;36;;Rue des Blanchots;71400;71014;Autun;;;4.323943;46.90927
71014_0910_00008;8;;Rue Cocand;71400;71014;Autun;;;4.297414;46.945818
71014_1355_00020;20;;Boulevard Fréderic Latouche;71400;71014;Autun;;;4.302199;46.9539
71014_2701_00010;10;;Rue de Planoise;71400;71014;Autun;;;4.31156;46.940514
71014_0500_00028;28;;Rue du Capitaine Repoux;71400;71014;Autun;;;4.291812;46.950676
71014_2080_00030;30;;Boulevard Mazagran;71400;71014;Autun;;;4.305812;46.955387
71014_3075_00014;14;;Rue aux Raz;71400;71014;Autun;;;4.297029;46.947752
71014_1660_00011;11;;Rue de l'Horloge;71400;71014;Autun;;;4.300507;46.952834
71014_0670_00004_c;4;c;Rue du Chancelier Rolin;71400;71014;Autun;;;4.301148;46.958913
71014_1160_00011;11;;Rue Eumène;71400;71014;Autun;;;4.298226;46.952482
71014_2470_00036;36;;Rue de Parpas;71400;71014;Autun;;;4.285683;46.94935
71014_0740_00001;1;;Avenue Charles de Gaulle;71400;71014;Autun;;;4.298405;46.950373
71014_1210_00051;51;;Rue du Faubourg Saint-Andoche;71400;71014;Autun;;;4.290709;46.954878
71014_2090_00002;2;;Rue Mazagran;71400;71014;Autun;;;4.301077;46.953453
71014_2043_00025;25;;Rue du Maréchal Juin;71400;71014;Autun;;;4.322435;46.950912
71014_3500_00019;19;;Rue Talleyrand;71400;71014;Autun;;;4.284748;46.946823
71014_1120_00007;7;;Impasse des Eduens;71400;71014;Autun;;;4.291192;46.947631
71014_1220_00011;11;;Rue du Faubourg Saint-Branchez;71400;71014;Autun;;;4.304964;46.945651
71014_3370_00013;13;;Rue Saint-Pancrace;71400;71014;Autun;;;4.303142;46.946355
71014_0335_00025;25;;Route de la Bondelue;71400;71014;Autun;;;4.338902;46.890807
71014_0540_00015_d;15;d;Rue Carion;71400;71014;Autun;;;4.292184;46.956561
71014_1140_00014;14;;Rue Eugène Chevalier;71400;71014;Autun;;;4.299696;46.959272
71014_2043_00021;21;;Rue du Maréchal Juin;71400;71014;Autun;;;4.321415;46.950282
71014_1318_00044;44;;Route de Forêt de Planoise;71400;71014;Autun;;;4.339101;46.908883
71014_3720_00015;15;;Rue Victor Terret;71400;71014;Autun;;;4.298245;46.937685
71014_1925_00001;1;;Rue du Lycée Bonaparte;71400;71014;Autun;;;4.297578;46.94936
71014_3010_00003;3;;Rue des 4 Vents;71400;71014;Autun;;;4.300328;46.956444
71014_0915_00168;168;;Avenue du Commandant Neuchèze;71400;71014;Autun;;;4.256532;46.956267
71014_1100_00042;42;;Rue des Dremeaux;71400;71014;Autun;Saint-Pantaléon;;4.321796;46.964442
71014_1600_00027;27;;Rue Guérin;71400;71014;Autun;;;4.30055;46.952755
71014_3461_00005;5;;Route de Saulieu;71400;71014;Autun;;;4.294312;46.961519
71014_3850_00006;6;;Boulevard Xavier Pauchard;71400;71014;Autun;;;4.287783;46.95359
71014_3110_00068;68;;Avenue de la République;71400;71014;Autun;;;4.301002;46.95782
71014_2050_00019;19;;Rue aux Maréchaux;71400;71014;Autun;;;4.299139;46.94634
71014_0540_00011;11;;Rue Carion;71400;71014;Autun;;;4.291129;46.955291
71014_1930_00012;12;;Boulevard Mac Mahon;71400;71014;Autun;;;4.29852;46.941492
71014_0365_00019;19;;Rue de Bourgogne;71400;71014;Autun;Saint-Pantaléon;;4.319875;46.962405
71014_2191_00004;4;;Rue du Moulin Gamet;71400;71014;Autun;;;4.300172;46.940112
71014_0500_00001;1;;Rue du Capitaine Repoux;71400;71014;Autun;;;4.293627;46.947908
71014_1640_00006;6;;Place d’Hallencourt;71400;71014;Autun;;;4.300151;46.946213
71014_0740_00002;2;;Avenue Charles de Gaulle;71400;71014;Autun;;;4.298367;46.950653
71014_2090_00003;3;;Rue Mazagran;71400;71014;Autun;;;4.301142;46.953626
71014_0014_00002;2;;Allée de l'Acaron;71400;71014;Autun;;;4.307951;46.958708
71014_3278_00017;17;;Rue Saint-Étienne;71400;71014;Autun;Saint-Pantaléon;;4.323396;46.962561
71014_2201_00005;5;;Rue du Muguet;71400;71014;Autun;Saint-Pantaléon;;4.309846;46.968232
71014_1110_00015_bis;15;bis;Rue Dufraigne;71400;71014;Autun;;;4.299381;46.943707
71014_0560_00012;12;;Rue du Carrouge;71400;71014;Autun;;;4.295468;46.95027
71014_2639_00019;19;;Rue Pierre Mendès France;71400;71014;Autun;Saint-Pantaléon;;4.310126;46.962823
71014_1830_00007;7;;Rue des Jonquilles;71400;71014;Autun;Saint-Pantaléon;;4.310066;46.967892
71014_1580_00046;46;;Rue de la Grille;71400;71014;Autun;;;4.29406;46.953218
71014_1125_00024;24;;Rue des Éduens;71400;71014;Autun;;;4.290744;46.949727
71014_0626_00179;179;;Route de Chalon;71400;71014;Autun;Saint-Pantaléon;;4.349246;46.949455
71014_3412_00008;8;;Rue Saint-Roch;71400;71014;Autun;;;4.306305;46.957859
71014_3110_00064;64;;Avenue de la République;71400;71014;Autun;;;4.299952;46.957574
71014_2250_00015;15;;Avenue du Morvan;71400;71014;Autun;;;4.292589;46.949337
71014_0165_00006_bis;6;bis;Rue de la Barre;71400;71014;Autun;;;4.290095;46.948212
71014_2040_00025;25;;Grande Rue Marchaux;71400;71014;Autun;;;4.300009;46.954484
71014_3370_00023;23;;Rue Saint-Pancrace;71400;71014;Autun;;;4.30385;46.945962
71014_1235_00044;44;;Rue du Faubourg Talus;71400;71014;Autun;;;4.290617;46.946501
71014_2470_00031;31;;Rue de Parpas;71400;71014;Autun;;;4.286708;46.949869
71014_3110_00007;7;;Avenue de la République;71400;71014;Autun;;;4.293816;46.954866
71014_1851_00004;4;;Rue de la Fontaine;71400;71014;Autun;Saint-Pantaléon;;4.30709;46.968609
71014_2741_00034;34;;Rue de la 1ere Armée;71400;71014;Autun;Saint-Pantaléon;;4.312501;46.975387
71014_2470_00027;27;;Rue de Parpas;71400;71014;Autun;;;4.287835;46.950321
71014_2350_00004;4;;Impasse Notre Dame;71400;71014;Autun;;;4.298568;46.944214
71014_3110_00041_bis;41;bis;Avenue de la République;71400;71014;Autun;;;4.301222;46.958328
71014_3110_00015;15;;Avenue de la République;71400;71014;Autun;;;4.296831;46.956296
71014_0755_00010;10;;Route de Château-Chinon;71400;71014;Autun;;;4.286405;46.957424
71014_1580_00042;42;;Rue de la Grille;71400;71014;Autun;;;4.294391;46.952712
71014_0250_00001;1;;Rue Blanche;71400;71014;Autun;;;4.300665;46.944567
71014_2201_00004;4;;Rue du Muguet;71400;71014;Autun;Saint-Pantaléon;;4.309761;46.968129
71014_2470_00005_bis;5;bis;Rue de Parpas;71400;71014;Autun;;;4.292335;46.951927
71014_rv6nz8_00010;10;;Rue du Couvent;71400;71014;Autun;Saint-Pantaléon;;4.307615;46.962754
71014_1215_00006;6;;Rue du Faubourg Saint-André;71400;71014;Autun;;;4.306598;46.958107
71014_3320_00001;1;;Rue Saint-Jean;71400;71014;Autun;;;4.30063;46.95651
71014_3240_00028;28;;Rue Saint-Antoine;71400;71014;Autun;;;4.301139;46.947284
71014_3420_00006;6;;Rue Saint-Saulge;71400;71014;Autun;;;4.298108;46.94873
71014_2440_00047;47;;Rue de Paris;71400;71014;Autun;;;4.29732;46.95713
71014_3350_00013;13;;Rue Saint-Nicolas;71400;71014;Autun;;;4.300082;46.955543
71014_3610_00011_bis;11;bis;Rue du Théâtre Romain;71400;71014;Autun;;;4.310256;46.955388
71014_2041_00030;30;;Petite Rue Marchaux;71400;71014;Autun;;;4.300158;46.95377
71014_3110_00010_b;10;b;Avenue de la République;71400;71014;Autun;;;4.292784;46.953719
71014_1830_00018;18;;Rue des Jonquilles;71400;71014;Autun;Saint-Pantaléon;;4.309995;46.968996
71014_1504_00012_bis;12;bis;Rue Général Demetz;71400;71014;Autun;;;4.298291;46.949145
71014_1270_00006;6;;Rue de Filhouse;71400;71014;Autun;;;4.312876;46.941316
71014_1270_00010;10;;Rue de Filhouse;71400;71014;Autun;;;4.312979;46.940924
71014_2440_00004;4;;Rue de Paris;71400;71014;Autun;;;4.299458;46.955461
71014_1600_00029;29;;Rue Guérin;71400;71014;Autun;;;4.30064;46.95287
71014_0740_00047_bis;47;bis;Avenue Charles de Gaulle;71400;71014;Autun;;;4.294694;46.954322
71014_1218_00028;28;;Rue du Faubourg Saint-Blaise;71400;71014;Autun;;;4.298708;46.939343
71014_1100_00033;33;;Rue des Dremeaux;71400;71014;Autun;Saint-Pantaléon;;4.313461;46.961316
71014_0650_00016;16;;Rue du Champ Gevras;71400;71014;Autun;;;4.291277;46.945743
71014_2340_00021_bis;21;bis;Rue Nicéphore Niepce;71400;71014;Autun;Saint-Pantaléon;;4.305076;46.974611
71014_1210_00023_bis;23;bis;Rue du Faubourg Saint-Andoche;71400;71014;Autun;;;4.293385;46.951589
71014_1100_00040;40;;Rue des Dremeaux;71400;71014;Autun;Saint-Pantaléon;;4.321176;46.9644
71014_0365_00027;27;;Rue de Bourgogne;71400;71014;Autun;Saint-Pantaléon;;4.322526;46.963248
71014_1218_00057;57;;Rue du Faubourg Saint-Blaise;71400;71014;Autun;;;4.298638;46.938187
71014_2625_00004;4;;Rue Pierre Colin;71400;71014;Autun;Saint-Pantaléon;;4.317694;46.964862
71014_0090_00063;63;;Route d'Arnay;71400;71014;Autun;Saint-Pantaléon;;4.305128;46.96678
71014_0165_00019;19;;Rue de la Barre;71400;71014;Autun;;;4.28939;46.947656
71014_1400_00001_bis;1;bis;Rue de Gaillon;71400;71014;Autun;;;4.303514;46.959064
71014_2041_00025_bis;25;bis;Petite Rue Marchaux;71400;71014;Autun;;;4.30002;46.953714
71014_2661_00011;11;;Rue Pierre Bérégovoy;71400;71014;Autun;Saint-Pantaléon;;4.305184;46.963404
71014_0650_00032;32;;Rue du Champ Gevras;71400;71014;Autun;;;4.29363;46.945648
71014_0210_00017;17;;Boulevard Bernard Giberstein;71400;71014;Autun;;;4.281052;46.951416
71014_0883_00001;1;;Chemin des Cloix;71400;71014;Autun;;;4.31112;46.918738
71014_0090_00052;52;;Route d'Arnay;71400;71014;Autun;Saint-Pantaléon;;4.305867;46.96966
71014_2440_00039;39;;Rue de Paris;71400;71014;Autun;;;4.297783;46.957172
71014_1206_00036;36;;Rue du Faubourg d’Arroux;71400;71014;Autun;;;4.295376;46.960019
71014_0610_00007;7;;Rue Chaffaut;71400;71014;Autun;;;4.300275;46.94295
71014_2041_00035;35;;Petite Rue Marchaux;71400;71014;Autun;;;4.300141;46.953881
71014_1504_00013;13;;Rue Général Demetz;71400;71014;Autun;;;4.298212;46.949099
71014_3190_00015;15;;Impasse Rollet;71400;71014;Autun;;;4.30083;46.948024
71014_3130_00002;2;;Boulevard des Résistants Fusillés;71400;71014;Autun;;;4.293988;46.949509
71014_1075_00012;12;;Rue du 19 Mars 1962;71400;71014;Autun;;;4.29316;46.947655
71014_2071_00004;4;;Rue Max Poulleau;71400;71014;Autun;Saint-Pantaléon;;4.310947;46.960715
71014_2090_00001;1;;Rue Mazagran;71400;71014;Autun;;;4.30108;46.953592
71014_2250_00014;14;;Avenue du Morvan;71400;71014;Autun;;;4.292406;46.949457
71014_2250_00017;17;;Avenue du Morvan;71400;71014;Autun;;;4.291992;46.949089
71014_0090_00001;1;;Route d'Arnay;71400;71014;Autun;;;4.30597;46.957982
71014_1210_00048;48;;Rue du Faubourg Saint-Andoche;71400;71014;Autun;;;4.292451;46.952874
71014_glbax1_00008;8;;Route du Corps Franc Pommiès;71400;71014;Autun;;;4.286594;46.94668
71014_3550_00004;4;;Rue des Tanneries;71400;71014;Autun;;;4.294681;46.947246
71014_0335_00002;2;;Route de la Bondelue;71400;71014;Autun;;;4.339954;46.892977
71014_1120_00003;3;;Impasse des Eduens;71400;71014;Autun;;;4.291377;46.947496
71014_1851_00005;5;;Rue de la Fontaine;71400;71014;Autun;Saint-Pantaléon;;4.306923;46.968692
71014_1090_00002;2;;Rue du Docteur Gillot;71400;71014;Autun;;;4.298587;46.947795
71014_0940_00043;43;;Rue aux Cordiers;71400;71014;Autun;;;4.298825;46.948597
71014_2440_00035;35;;Rue de Paris;71400;71014;Autun;;;4.297959;46.956963
71014_1710_00007;7;;Rue d’Ingelheim;71400;71014;Autun;;;4.27865;46.944786
71014_1235_00015_bis;15;bis;Rue du Faubourg Talus;71400;71014;Autun;;;4.295069;46.945612
71014_1100_00042_ter;42;ter;Rue des Dremeaux;71400;71014;Autun;Saint-Pantaléon;;4.32201;46.964692
71014_1917_00031;31;;Rue Louis Aragon;71400;71014;Autun;;;4.321352;46.95251
71014_0470_00002_bis;2;bis;Rue Bulliot;71400;71014;Autun;;;4.296951;46.949595
71014_1318_00011;11;;Route de Forêt de Planoise;71400;71014;Autun;;;4.334592;46.913071
71014_3075_00008;8;;Rue aux Raz;71400;71014;Autun;;;4.296623;46.948479
71014_3110_00004;4;;Avenue de la République;71400;71014;Autun;;;4.291825;46.953865
71014_1210_00046;46;;Rue du Faubourg Saint-Andoche;71400;71014;Autun;;;4.292543;46.952805
71014_2511_00026;26;;Rue du Parc des Drémeaux;71400;71014;Autun;Saint-Pantaléon;;4.316352;46.96021
71014_1160_00012;12;;Rue Eumène;71400;71014;Autun;;;4.298877;46.9527
71014_1501_00001;1;;Place du General Brosset;71400;71014;Autun;Saint-Pantaléon;;4.314513;46.967571
71014_3130_00012;12;;Boulevard des Résistants Fusillés;71400;71014;Autun;;;4.296138;46.947086
71014_3035_00019;19;;Chemin des Ragots;71400;71014;Autun;;;4.313464;46.947881
71014_0470_00004;4;;Rue Bulliot;71400;71014;Autun;;;4.296723;46.949534
71014_1215_00026;26;;Rue du Faubourg Saint-André;71400;71014;Autun;;;4.307629;46.958688
71014_0700_00003;3;;Ruelle de la Charite;71400;71014;Autun;;;4.300752;46.946344
71014_1235_00015;15;;Rue du Faubourg Talus;71400;71014;Autun;;;4.295225;46.94558
71014_0800_00002;2;;Ruelle Chaumont;71400;71014;Autun;;;4.292361;46.947188
71014_1280_00004;4;;Rue des Fleurs;71400;71014;Autun;;;4.299055;46.958743
71014_0800_00005;5;;Ruelle Chaumont;71400;71014;Autun;;;4.292525;46.94696
71014_1218_00014;14;;Rue du Faubourg Saint-Blaise;71400;71014;Autun;;;4.299272;46.940671
71014_0459_00006;6;;Chemin de la Bruyère aux Males;71400;71014;Autun;;;4.277951;46.947602
71014_0090_00121;121;;Route d'Arnay;71400;71014;Autun;Saint-Pantaléon;;4.313144;46.98665
71014_3110_00010;10;;Avenue de la République;71400;71014;Autun;;;4.292402;46.954085
71014_1560_00001_bis;1;bis;Rue de la Grange Vertu;71400;71014;Autun;;;4.294874;46.953011
71014_0540_00017_bis;17;bis;Rue Carion;71400;71014;Autun;;;4.293488;46.956462
71014_1780_00011;11;;Rue Jean Friess;71400;71014;Autun;Saint-Pantaléon;;4.312829;46.988993
71014_0626_00175;175;;Route de Chalon;71400;71014;Autun;Saint-Pantaléon;;4.348576;46.949404
71014_0540_00031;31;;Rue Carion;71400;71014;Autun;;;4.295813;46.957575
71014_3110_00016;16;;Avenue de la République;71400;71014;Autun;;;4.292933;46.954283
71014_0015_00001;1;;Rue de l’Acaron;71400;71014;Autun;Saint-Pantaléon;;4.306225;46.960047
71014_1100_00079;79;;Rue des Dremeaux;71400;71014;Autun;Saint-Pantaléon;;4.319307;46.963657
71014_2639_00002;2;;Rue Pierre Mendès France;71400;71014;Autun;Saint-Pantaléon;;4.309468;46.962704
71014_1218_00001;1;;Rue du Faubourg Saint-Blaise;71400;71014;Autun;;;4.300263;46.942529
71014_3710_00020;20;;Rue Victor Hugo;71400;71014;Autun;Saint-Pantaléon;;4.307842;46.969287
71014_3075_00014_bis;14;bis;Rue aux Raz;71400;71014;Autun;;;4.29756;46.947176
71014_1890_00032;32;;Boulevard Laureau;71400;71014;Autun;;;4.301187;46.955305
71014_1208_00026;26;;Rue du Faubourg du Breuil;71400;71014;Autun;;;4.302957;46.94235
71014_2470_00023;23;;Rue de Parpas;71400;71014;Autun;;;4.288534;46.950624
71014_2340_00009_bis;9;bis;Rue Nicéphore Niepce;71400;71014;Autun;Saint-Pantaléon;;4.30389;46.972248
71014_1218_00049_ter;49;ter;Rue du Faubourg Saint-Blaise;71400;71014;Autun;;;4.298807;46.93898
71014_0949_00004;4;;Passage Gustave Courbet;71400;71014;Autun;;;4.296675;46.959733
71014_3550_00011;11;;Rue des Tanneries;71400;71014;Autun;;;4.295141;46.945984
71014_2001_00011;11;;Rue des Mânes;71400;71014;Autun;Saint-Pantaléon;;4.305855;46.961921
71014_0345_00007;7;;Rue Borgne;71400;71014;Autun;Saint-Pantaléon;;4.314192;46.970813
71014_1580_00002;2;;Rue de la Grille;71400;71014;Autun;;;4.296887;46.950476
71014_0090_00044;44;;Route d'Arnay;71400;71014;Autun;Saint-Pantaléon;;4.305306;46.968144
71014_3035_00017;17;;Chemin des Ragots;71400;71014;Autun;;;4.312887;46.947851
71014_1653_00020;20;;Rue de l'Hermitage;71400;71014;Autun;Saint-Pantaléon;;4.320802;46.962205
71014_1680_00021;21;;Rue du 8 Septembre;71400;71014;Autun;;;4.300093;46.959891
71014_3240_00006;6;;Rue Saint-Antoine;71400;71014;Autun;;;4.302078;46.948365
71014_3278_00016_bis;16;bis;Rue Saint-Étienne;71400;71014;Autun;Saint-Pantaléon;;4.323779;46.962734
71014_0335_00001;1;;Route de la Bondelue;71400;71014;Autun;;;4.341;46.892908
71014_3610_00003;3;;Rue du Théâtre Romain;71400;71014;Autun;;;4.30847;46.955701
71014_3500_00017;17;;Rue Talleyrand;71400;71014;Autun;;;4.284853;46.946636
71014_2510_00006;6;;Rue Pernette;71400;71014;Autun;;;4.296539;46.951645
71014_2440_00030;30;;Rue de Paris;71400;71014;Autun;;;4.297541;46.957637
71014_0165_00013;13;;Rue de la Barre;71400;71014;Autun;;;4.289998;46.948014
71014_3461_00050;50;;Route de Saulieu;71400;71014;Autun;Saint-Pantaléon;;4.294117;46.966717
71014_1085_00019;19;;Rue du Docteur Renaud;71400;71014;Autun;;;4.295292;46.950722
71014_0940_00021;21;;Rue aux Cordiers;71400;71014;Autun;;;4.299255;46.949044
71014_0740_00008;8;;Avenue Charles de Gaulle;71400;71014;Autun;;;4.298043;46.951077
71014_0345_00006;6;;Rue Borgne;71400;71014;Autun;Saint-Pantaléon;;4.314126;46.970732
71014_1085_00015;15;;Rue du Docteur Renaud;71400;71014;Autun;;;4.295875;46.951171
71014_0070_00003;3;;Rue Antoine Clement;71400;71014;Autun;Saint-Pantaléon;;4.312348;46.963429
71014_2080_00025;25;;Boulevard Mazagran;71400;71014;Autun;;;4.30476;46.955116
71014_1010_00017;17;;Rue de la Croix Verte;71400;71014;Autun;;;4.306298;46.954724
71014_yk1cfo_00012;12;;Rue du 22ème BMNA;71400;71014;Autun;;;4.297253;46.955458
71014_0080_00001;1;;Rue de l’Arbalète;71400;71014;Autun;;;4.299649;46.949728
71014_0680_00008;8;;Rue Changarnier;71400;71014;Autun;;;4.301299;46.948888
71014_2660_00022;22;;Rue des Pierres;71400;71014;Autun;;;4.301424;46.96118
71014_2511_00030;30;;Rue du Parc des Drémeaux;71400;71014;Autun;Saint-Pantaléon;;4.316183;46.960572
71014_1218_00013;13;;Rue du Faubourg Saint-Blaise;71400;71014;Autun;;;4.299861;46.941316
71014_b551_00012;12;;Le Clos du Parc;71400;71014;Autun;;;4.284163;46.94824
71014_0301_00012;12;;Rue du Bois Mathey;71400;71014;Autun;;;4.334326;46.911771
71014_0090_00006;6;;Route d'Arnay;71400;71014;Autun;;;4.305815;46.958315
71014_6ppenk_00002;2;;Rue Cosette Harcourt;71400;71014;Autun;Saint-Pantaléon;;4.303885;46.97247
71014_2190_00001;1;;Rue du Moulin des Places;71400;71014;Autun;;;4.299031;46.939086
71014_0745_00006;6;;Rue de Charolles;71400;71014;Autun;Saint-Pantaléon;;4.304396;46.961821
71014_2775_00106;106;;Route du Puits d'Alligny;71400;71014;Autun;;;4.284704;46.981084
71014_3500_00009;9;;Rue Talleyrand;71400;71014;Autun;;;4.285802;46.946993
71014_1210_00032;32;;Rue du Faubourg Saint-Andoche;71400;71014;Autun;;;4.292862;46.952446
71014_3450_00003;3;;Rue Sainte-Barbe;71400;71014;Autun;;;4.300362;46.944457
71014_1680_00022;22;;Rue du 8 Septembre;71400;71014;Autun;;;4.299843;46.959548
71014_1210_00043;43;;Rue du Faubourg Saint-Andoche;71400;71014;Autun;;;4.291103;46.954378
71014_1218_00051_bis;51;bis;Rue du Faubourg Saint-Blaise;71400;71014;Autun;;;4.298657;46.93842
71014_2080_00015_bis;15;bis;Boulevard Mazagran;71400;71014;Autun;;;4.303801;46.954767
71014_2250_00010;10;;Avenue du Morvan;71400;71014;Autun;;;4.293196;46.94982
71014_2040_00001;1;;Grande Rue Marchaux;71400;71014;Autun;;;4.300828;46.953584
71014_3350_00005;5;;Rue Saint-Nicolas;71400;71014;Autun;;;4.29996;46.955278
71014_0090_00084;84;;Route d'Arnay;71400;71014;Autun;Saint-Pantaléon;;4.309107;46.977772
71014_0670_00004_b;4;b;Rue du Chancelier Rolin;71400;71014;Autun;;;4.301131;46.958862
71014_0740_00028;28;;Avenue Charles de Gaulle;71400;71014;Autun;;;4.296644;46.952516
71014_2110_00011;11;;Rue Mermoz;71400;71014;Autun;;;4.29113;46.952173
71014_3278_00014;14;;Rue Saint-Étienne;71400;71014;Autun;Saint-Pantaléon;;4.323583;46.962563
71014_1390_00002;2;;Rue des Gailles;71400;71014;Autun;;;4.287678;46.947467
71014_0540_00006;6;;Rue Carion;71400;71014;Autun;;;4.292259;46.95542
71014_1560_00002;2;;Rue de la Grange Vertu;71400;71014;Autun;;;4.295355;46.953347
71014_1560_00005;5;;Rue de la Grange Vertu;71400;71014;Autun;;;4.294593;46.952925
71014_0230_00043;43;;Rue du Beuvray;71400;71014;Autun;;;4.285537;46.948693
71014_2511_00003;3;;Rue du Parc des Drémeaux;71400;71014;Autun;Saint-Pantaléon;;4.313689;46.959888
71014_3770_00007;7;;Chemin du Vieux Moulin;71400;71014;Autun;Saint-Pantaléon;;4.346757;46.952889
71014_0690_00003;3;;Rue du Chanoine Trinquet;71400;71014;Autun;;;4.299609;46.945317
71014_2100_00036;36;;Rue de Ménincourt;71400;71014;Autun;Saint-Pantaléon;;4.317421;46.979253
71014_2185_00036;36;;Route de Montromble;71400;71014;Autun;;;4.352993;46.88633
71014_1645_00004;4;;Place de l'Harmonie;71400;71014;Autun;Saint-Pantaléon;;4.315588;46.966072
71014_0350_00002;2;;Ruelle Bouheret;71400;71014;Autun;;;4.290541;46.954466
71014_3610_00030;30;;Rue du Théâtre Romain;71400;71014;Autun;;;4.310419;46.955076
71014_3450_00014;14;;Rue Sainte-Barbe;71400;71014;Autun;;;4.300293;46.944218
71014_1218_00020;20;;Rue du Faubourg Saint-Blaise;71400;71014;Autun;;;4.299197;46.940508
71014_3278_00016;16;;Rue Saint-Étienne;71400;71014;Autun;Saint-Pantaléon;;4.323909;46.962826
71014_0165_00017;17;;Rue de la Barre;71400;71014;Autun;;;4.289647;46.947809
71014_0459_00008;8;;Chemin de la Bruyère aux Males;71400;71014;Autun;;;4.275701;46.947506
71014_0940_00027;27;;Rue aux Cordiers;71400;71014;Autun;;;4.299164;46.948938
71014_1840_00004;4;;Rue Joseph-François de Champeaux;71400;71014;Autun;Saint-Pantaléon;;4.311731;46.965605
71014_2090_00017;17;;Rue Mazagran;71400;71014;Autun;;;4.301848;46.954017
71014_0020_00022;22;;Rue Adrien Guignet;71400;71014;Autun;;;4.286549;46.951337
71014_1710_00004;4;;Rue d’Ingelheim;71400;71014;Autun;;;4.278151;46.944751
71014_1730_00003;3;;Rue de la Jambe de Bois;71400;71014;Autun;;;4.304664;46.9498
71014_2635_00001;1;;Rue Pierre Mauroy;71400;71014;Autun;Saint-Pantaléon;;4.311262;46.961686
71014_0650_00030;30;;Rue du Champ Gevras;71400;71014;Autun;;;4.293076;46.945235
71014_2190_00003;3;;Rue du Moulin des Places;71400;71014;Autun;;;4.299609;46.939318
71014_3110_00006;6;;Avenue de la République;71400;71014;Autun;;;4.291992;46.953936
71014_0230_00001_bis;1;bis;Rue du Beuvray;71400;71014;Autun;;;4.290157;46.94882
71014_0745_00003;3;;Rue de Charolles;71400;71014;Autun;Saint-Pantaléon;;4.304527;46.961632
71014_2440_00023_bis;23;bis;Rue de Paris;71400;71014;Autun;;;4.298718;46.956137
71014_1206_00007;7;;Rue du Faubourg d’Arroux;71400;71014;Autun;;;4.296639;46.9584
71014_3590_00019;19;;Place du Terreau;71400;71014;Autun;;;4.299383;46.944641
71014_0540_00017_ter;17;ter;Rue Carion;71400;71014;Autun;;;4.293688;46.956598
71014_2041_00019;19;;Petite Rue Marchaux;71400;71014;Autun;;;4.299809;46.95376
71014_0770_00037;37;;Grande Rue Chauchien;71400;71014;Autun;;;4.29942;46.947254
71014_1206_00023;23;;Rue du Faubourg d’Arroux;71400;71014;Autun;;;4.295742;46.959383
71014_2639_00001;1;;Rue Pierre Mendès France;71400;71014;Autun;Saint-Pantaléon;;4.30942;46.962682
71014_1898_00006;6;;Rue Lieutenant-Colonel de Sairigné;71400;71014;Autun;;;4.274667;46.968132
71014_1770_00003_bis;3;bis;Avenue Jules Basdevant;71400;71014;Autun;;;4.304147;46.951363
71014_1680_00005;5;;Rue du 8 Septembre;71400;71014;Autun;;;4.298618;46.958509
71014_2041_00034;34;;Petite Rue Marchaux;71400;71014;Autun;;;4.300238;46.95388
71014_1580_00023_bis;23;bis;Rue de la Grille;71400;71014;Autun;;;4.295542;46.951574
71014_1210_00023;23;;Rue du Faubourg Saint-Andoche;71400;71014;Autun;;;4.293637;46.951791
71014_3275_00062;62;;Route de Saint-Denis;71400;71014;Autun;Saint-Pantaléon;;4.334229;46.972973
71014_2680_00011;11;;Rue Piolin;71400;71014;Autun;;;4.300369;46.946917
71014_2775_00048_a;48;a;Route du Puits d'Alligny;71400;71014;Autun;;;4.288854;46.974061
71014_1100_00043;43;;Rue des Dremeaux;71400;71014;Autun;Saint-Pantaléon;;4.314727;46.961759
71014_2050_00013;13;;Rue aux Maréchaux;71400;71014;Autun;;;4.299336;46.946433
71014_0301_00027;27;;Rue du Bois Mathey;71400;71014;Autun;;;4.334349;46.908596
71014_3390_00001_bis;1;bis;Rue Saint-Pierre;71400;71014;Autun;;;4.295903;46.949655
71014_1110_00038;38;;Rue Dufraigne;71400;71014;Autun;;;4.299881;46.942825
71014_0080_00016;16;;Rue de l’Arbalète;71400;71014;Autun;;;4.301243;46.94926
71014_0365_00010;10;;Rue de Bourgogne;71400;71014;Autun;Saint-Pantaléon;;4.318906;46.961987
71014_2470_00006;6;;Rue de Parpas;71400;71014;Autun;;;4.292192;46.951946
71014_0740_00029_quater;29;quater;Avenue Charles de Gaulle;71400;71014;Autun;;;4.295878;46.953087
71014_1030_00004;4;;Rue Deguin;71400;71014;Autun;;;4.30011;46.95237
71014_0220_00032;32;;Rue Bernard Renault;71400;71014;Autun;;;4.299351;46.954853
71014_0500_00005;5;;Rue du Capitaine Repoux;71400;71014;Autun;;;4.293457;46.948184
71014_0800_00007;7;;Ruelle Chaumont;71400;71014;Autun;;;4.292758;46.946813
71014_2610_00006;6;;Avenue Pierre Brossolette;71400;71014;Autun;;;4.270727;46.972773
71014_2470_00030;30;;Rue de Parpas;71400;71014;Autun;;;4.286821;46.950033
71014_3650_00006_b;6;b;Rue Traversière;71400;71014;Autun;;;4.29791;46.953278
71014_1100_00085;85;;Rue des Dremeaux;71400;71014;Autun;Saint-Pantaléon;;4.32077;46.96423
71014_2470_00043;43;;Rue de Parpas;71400;71014;Autun;;;4.285406;46.949051
71014_1990_00004;4;;Rue de la Maladière;71400;71014;Autun;;;4.308098;46.947801
71014_0340_00003;3;;Rue de la Bondue;71400;71014;Autun;;;4.301068;46.954107
71014_2165_00011;11;;Rue des Mineurs;71400;71014;Autun;Saint-Pantaléon;;4.310635;46.985466
71014_1070_00008;8;;Rue de Dijon;71400;71014;Autun;;;4.299883;46.956041
71014_0370_00014;14;;Rue Bouteiller;71400;71014;Autun;;;4.303098;46.945896
71014_0230_00014;14;;Rue du Beuvray;71400;71014;Autun;;;4.289141;46.948895
71014_2055_00047;47;;Route de Margenne;71400;71014;Autun;;;4.256493;46.9633
71014_0054_00016;16;;Allée André Malraux;71400;71014;Autun;;;4.281636;46.946996
71014_0055_00012;12;;Avenue André Saclier;71400;71014;Autun;;;4.277763;46.972285
71014_0578_00001;1;;Rue de la Caserne et de Marbotte;71400;71014;Autun;;;4.297744;46.958481
71014_1870_00005;5;;Rue Lauchien le Boucher;71400;71014;Autun;;;4.303973;46.947944
71014_0070_00009;9;;Rue Antoine Clement;71400;71014;Autun;Saint-Pantaléon;;4.312039;46.963843
71014_0680_00002_bis;2;bis;Rue Changarnier;71400;71014;Autun;;;4.301665;46.949087
71014_1180_00007;7;;Impasse de l’Evêché;71400;71014;Autun;;;4.30094;46.944807
71014_0910_00019;19;;Rue Cocand;71400;71014;Autun;;;4.297589;46.945795
71014_6lsatw_00012;12;;Passage Balthus;71400;71014;Autun;;;4.298757;46.94872
71014_1257_00016;16;;Rue des Feuillies;71400;71014;Autun;;;4.336876;46.90931
71014_2165_00005;5;;Rue des Mineurs;71400;71014;Autun;Saint-Pantaléon;;4.311434;46.985424
71014_1600_00003;3;;Rue Guérin;71400;71014;Autun;;;4.299978;46.951943
71014_2040_00031;31;;Grande Rue Marchaux;71400;71014;Autun;;;4.299919;46.954684
71014_3710_00014;14;;Rue Victor Hugo;71400;71014;Autun;Saint-Pantaléon;;4.308224;46.969233
71014_3110_00041;41;;Avenue de la République;71400;71014;Autun;;;4.300328;46.95794
71014_0670_00022;22;;Rue du Chancelier Rolin;71400;71014;Autun;;;4.301141;46.959865
71014_2340_00026;26;;Rue Nicéphore Niepce;71400;71014;Autun;Saint-Pantaléon;;4.3071;46.976855
71014_3240_00017_bis;17;bis;Rue Saint-Antoine;71400;71014;Autun;;;4.301755;46.94766
71014_2511_00013;13;;Rue du Parc des Drémeaux;71400;71014;Autun;Saint-Pantaléon;;4.315331;46.959555
71014_glbax1_00018;18;;Route du Corps Franc Pommiès;71400;71014;Autun;;;4.284447;46.944999
71014_0014_00001;1;;Allée de l'Acaron;71400;71014;Autun;;;4.307876;46.958651
71014_1110_00014;14;;Rue Dufraigne;71400;71014;Autun;;;4.299266;46.943666
71014_2741_00003;3;;Rue de la 1ere Armée;71400;71014;Autun;Saint-Pantaléon;;4.314837;46.968237
71014_1680_00011;11;;Rue du 8 Septembre;71400;71014;Autun;;;4.299501;46.959433
71014_1210_00054;54;;Rue du Faubourg Saint-Andoche;71400;71014;Autun;;;4.292195;46.953155
71014_2165_00002;2;;Rue des Mineurs;71400;71014;Autun;Saint-Pantaléon;;4.312364;46.985246
71014_0261_00007;7;;Rue des Blanchots;71400;71014;Autun;;;4.337373;46.907113
71014_2600_00004_ter;4;ter;Chemin Hamerton;71400;71014;Autun;;;4.293063;46.96177
71014_1680_00007;7;;Rue du 8 Septembre;71400;71014;Autun;;;4.29856;46.95855
71014_1050_00015_ter;15;ter;Avenue du 2e Dragons;71400;71014;Autun;;;4.309792;46.954661
71014_0610_00001;1;;Rue Chaffaut;71400;71014;Autun;;;4.300355;46.943414
71014_3740_00002;2;;Rue de la Vieille Halle;71400;71014;Autun;;;4.299601;46.953599
71014_2050_00009;9;;Rue aux Maréchaux;71400;71014;Autun;;;4.299594;46.946503
71014_1600_00011;11;;Rue Guérin;71400;71014;Autun;;;4.300207;46.952275
71014_1580_00036;36;;Rue de la Grille;71400;71014;Autun;;;4.294764;46.952373
71014_3355_00002;2;;Ruelle Saint-Nicolas;71400;71014;Autun;;;4.299545;46.955629
71014_0620_00004;4;;Rue du Chalet Bleu;71400;71014;Autun;Saint-Pantaléon;;4.308044;46.961578
71014_0090_00089;89;;Route d'Arnay;71400;71014;Autun;Saint-Pantaléon;;4.30915;46.978166
71014_3560_00009;9;;Rue des Télots;71400;71014;Autun;Saint-Pantaléon;;4.31158;46.987
71014_2440_00002_bis;2;bis;Rue de Paris;71400;71014;Autun;;;4.299614;46.955273
71014_1206_00002_bis;2;bis;Rue du Faubourg d’Arroux;71400;71014;Autun;;;4.297153;46.958052
71014_1135_00002;2;;Route d’Eschamps;71400;71014;Autun;;;4.277039;46.966068
71014_3330_00002;2;;Place Saint-louis;71400;71014;Autun;;;4.299936;46.94566
71014_yk1cfo_00003;3;;Rue du 22ème BMNA;71400;71014;Autun;;;4.297784;46.954698
71014_3278_00009;9;;Rue Saint-Étienne;71400;71014;Autun;Saint-Pantaléon;;4.322326;46.962154
71014_3035_00027;27;;Chemin des Ragots;71400;71014;Autun;;;4.327186;46.949216
71014_3420_00002_c;2;c;Rue Saint-Saulge;71400;71014;Autun;;;4.297239;46.948804
71014_0760_00017;17;;Rue du Châtelet;71400;71014;Autun;;;4.295049;46.950266
71014_2770_00004;4;;Ruelle du Puits;71400;71014;Autun;Saint-Pantaléon;;4.3228;46.961093
71014_2060_00020;20;;Rue Maurice Ravel;71400;71014;Autun;Saint-Pantaléon;;4.31564;46.965811
71014_3170_00003;3;;Rue de Rivault;71400;71014;Autun;;;4.298746;46.943874
71014_3850_00004;4;;Boulevard Xavier Pauchard;71400;71014;Autun;;;4.287163;46.954544
71014_2340_00035;35;;Rue Nicéphore Niepce;71400;71014;Autun;Saint-Pantaléon;;4.306097;46.976096
71014_3560_00011;11;;Rue des Télots;71400;71014;Autun;Saint-Pantaléon;;4.311252;46.98718
71014_0560_00003;3;;Rue du Carrouge;71400;71014;Autun;;;4.296102;46.949606
71014_1235_00007;7;;Rue du Faubourg Talus;71400;71014;Autun;;;4.296104;46.945475
71014_1206_00042;42;;Rue du Faubourg d’Arroux;71400;71014;Autun;;;4.295261;46.960164
71014_0540_00015_c;15;c;Rue Carion;71400;71014;Autun;;;4.292;46.956469
71014_3110_00024;24;;Avenue de la République;71400;71014;Autun;;;4.295132;46.955288
71014_2520_00006;6;;Rue du Parc Saint-Jean;71400;71014;Autun;;;4.296147;46.960091
71014_2165_00023;23;;Rue des Mineurs;71400;71014;Autun;Saint-Pantaléon;;4.309767;46.985636
71014_0500_00022;22;;Rue du Capitaine Repoux;71400;71014;Autun;;;4.292168;46.950076
71014_3560_00006;6;;Rue des Télots;71400;71014;Autun;Saint-Pantaléon;;4.312155;46.987092
71014_2250_00008_bis;8;bis;Avenue du Morvan;71400;71014;Autun;;;4.293375;46.949906
71014_0335_00003;3;;Route de la Bondelue;71400;71014;Autun;;;4.340062;46.893108
71014_0745_00018;18;;Rue de Charolles;71400;71014;Autun;Saint-Pantaléon;;4.303561;46.963014
71014_1920_00004;4;;Rue Louis Charlot;71400;71014;Autun;;;4.296748;46.955556
71014_0270_00002;2;;Route des Boileaux;71400;71014;Autun;;;4.24847;46.980144
71014_2060_00010;10;;Rue Maurice Ravel;71400;71014;Autun;Saint-Pantaléon;;4.314596;46.965521
71014_2741_00020;20;;Rue de la 1ere Armée;71400;71014;Autun;Saint-Pantaléon;;4.312056;46.973893
71014_3500_00015;15;;Rue Talleyrand;71400;71014;Autun;;;4.28552;46.946309
71014_qu3gmy_00002;2;;Route du Bois de Sapin;71400;71014;Autun;;;4.28331;46.948629
71014_1280_00002;2;;Rue des Fleurs;71400;71014;Autun;;;4.298939;46.958724
71014_0185_00024;24;;Route de Beaune;71400;71014;Autun;Saint-Pantaléon;;4.326406;46.961536
71014_0650_00011;11;;Rue du Champ Gevras;71400;71014;Autun;;;4.292221;46.945778
71014_2490_00008;8;;Rue Paul Cazin;71400;71014;Autun;;;4.297341;46.93902
71014_3461_00039;39;;Route de Saulieu;71400;71014;Autun;;;4.29392;46.965287
71014_1125_00027;27;;Rue des Éduens;71400;71014;Autun;;;4.291103;46.949402
71014_1218_00043;43;;Rue du Faubourg Saint-Blaise;71400;71014;Autun;;;4.29888;46.939633
71014_1580_00011;11;;Rue de la Grille;71400;71014;Autun;;;4.296499;46.950814
71014_1125_00016;16;;Rue des Éduens;71400;71014;Autun;;;4.291525;46.948569
71014_1917_00043;43;;Rue Louis Aragon;71400;71014;Autun;;;4.321022;46.952293
71014_0185_00025_a;25;a;Route de Beaune;71400;71014;Autun;Saint-Pantaléon;;4.315547;46.956714
71014_3760_00012;12;;Rue du Vieux Collège;71400;71014;Autun;;;4.296095;46.950049
71014_1206_00006;6;;Rue du Faubourg d’Arroux;71400;71014;Autun;;;4.296836;46.958405
71014_1210_00080_e;80;e;Rue du Faubourg Saint-Andoche;71400;71014;Autun;;;4.290268;46.955865
71014_2490_00014_bis;14;bis;Rue Paul Cazin;71400;71014;Autun;;;4.296373;46.938582
71014_1830_00026;26;;Rue des Jonquilles;71400;71014;Autun;Saint-Pantaléon;;4.309327;46.968748
71014_1110_00034;34;;Rue Dufraigne;71400;71014;Autun;;;4.29981;46.942931
71014_0301_00006;6;;Rue du Bois Mathey;71400;71014;Autun;;;4.334168;46.912301
71014_1653_00013;13;;Rue de l'Hermitage;71400;71014;Autun;Saint-Pantaléon;;4.321693;46.961197
71014_1785_00023;23;;Chemin Jeanne Barret;71400;71014;Autun;;;4.290963;46.961432
71014_1208_00016;16;;Rue du Faubourg du Breuil;71400;71014;Autun;;;4.301849;46.942542
71014_0920_00006;6;;Rue des Cordeliers;71400;71014;Autun;;;4.29964;46.946941
71014_0020_00006_ter;6;ter;Rue Adrien Guignet;71400;71014;Autun;;;4.287241;46.951224
71014_2020_00004;4;;Rue Maquis de l’Autunois Morvan;71400;71014;Autun;;;4.269885;46.970455
71014_1280_00001;1;;Rue des Fleurs;71400;71014;Autun;;;4.298905;46.958764
71014_0755_00112;112;;Route de Château-Chinon;71400;71014;Autun;;;4.265159;46.973245
71014_3370_00016;16;;Rue Saint-Pancrace;71400;71014;Autun;;;4.302623;46.946486
71014_0050_00002_bis;2;bis;Place Anatole de Charmasse;71400;71014;Autun;;;4.3035;46.950565
71014_2470_00008;8;;Rue de Parpas;71400;71014;Autun;;;4.292037;46.951878
71014_1917_00040;40;;Rue Louis Aragon;71400;71014;Autun;;;4.320736;46.951508
71014_2110_00001;1;;Rue Mermoz;71400;71014;Autun;;;4.28973;46.952043
71014_2470_00003_bis;3;bis;Rue de Parpas;71400;71014;Autun;;;4.292541;46.952026
71014_0940_00034;34;;Rue aux Cordiers;71400;71014;Autun;;;4.29863;46.94851
71014_2060_00009;9;;Rue Maurice Ravel;71400;71014;Autun;Saint-Pantaléon;;4.315387;46.965756
71014_3610_00020_g;20;g;Rue du Théâtre Romain;71400;71014;Autun;;;4.308766;46.954481
71014_0080_00013_a;13;a;Rue de l’Arbalète;71400;71014;Autun;;;4.300923;46.949395
71014_0670_00008_c;8;c;Rue du Chancelier Rolin;71400;71014;Autun;;;4.300869;46.959389
71014_0940_00001;1;;Rue aux Cordiers;71400;71014;Autun;;;4.299616;46.949605
71014_3035_00003;3;;Chemin des Ragots;71400;71014;Autun;;;4.308208;46.947434
71014_2043_00017;17;;Rue du Maréchal Juin;71400;71014;Autun;;;4.321933;46.950447
71014_1560_00014;14;;Rue de la Grange Vertu;71400;71014;Autun;;;4.293214;46.952442
71014_0880_00002;2;;Rue des Cités;71400;71014;Autun;;;4.29927;46.953188
71014_3090_00009;9;;Rue du Rempart Saint-Jean;71400;71014;Autun;;;4.302403;46.96052
71014_b551_00018;18;;Le Clos du Parc;71400;71014;Autun;;;4.284279;46.94825
71014_3430_00002;2;;Rue Sainte-Anne;71400;71014;Autun;;;4.30368;46.946233
71014_3461_00043;43;;Route de Saulieu;71400;71014;Autun;;;4.293924;46.965397
71014_2639_00006;6;;Rue Pierre Mendès France;71400;71014;Autun;Saint-Pantaléon;;4.309878;46.962833
71014_2620_00005;5;;Rue Pierre Châtillon;71400;71014;Autun;;;4.298342;46.955293
71014_1050_00001_c;1;c;Avenue du 2e Dragons;71400;71014;Autun;;;4.307699;46.953579
71014_2030_00013;13;;Rue des Marbres;71400;71014;Autun;;;4.303495;46.949447
71014_2185_00027;27;;Route de Montromble;71400;71014;Autun;;;4.354266;46.886535
71014_3275_00002;2;;Route de Saint-Denis;71400;71014;Autun;Saint-Pantaléon;;4.315462;46.967462
71014_0572_00003;3;;Chemin de la Cascade;71400;71014;Autun;;;4.313976;46.941662
71014_yk1cfo_00014;14;;Rue du 22ème BMNA;71400;71014;Autun;;;4.297128;46.955574
71014_2511_00004;4;;Rue du Parc des Drémeaux;71400;71014;Autun;Saint-Pantaléon;;4.313733;46.959825
71014_2180_00026;26;;Rue Monseigneur Villard;71400;71014;Autun;;;4.287185;46.949875
71014_2330_00020;20;;Rue Naudin;71400;71014;Autun;;;4.299121;46.958008
71014_1450_00003;3;;Rue de la Garenne Bretin;71400;71014;Autun;;;4.3402;46.906483
71014_1890_00027;27;;Boulevard Laureau;71400;71014;Autun;;;4.301401;46.954772
71014_0090_00082;82;;Route d'Arnay;71400;71014;Autun;Saint-Pantaléon;;4.308958;46.977463
71014_0680_00018;18;;Rue Changarnier;71400;71014;Autun;;;4.300344;46.948437
71014_2570_00011;11;;Rue du Petit Pont;71400;71014;Autun;;;4.300127;46.940464
71014_0080_00011_bis;11;bis;Rue de l’Arbalète;71400;71014;Autun;;;4.300492;46.949495
71014_2060_00026;26;;Rue Maurice Ravel;71400;71014;Autun;Saint-Pantaléon;;4.316631;46.96626
71014_0220_00015;15;;Rue Bernard Renault;71400;71014;Autun;;;4.297117;46.954037
71014_1860_00016_a;16;a;Rue Jean et Bernard de Lattre de Tassigny;71400;71014;Autun;;;4.300244;46.950389
71014_2041_00012;12;;Petite Rue Marchaux;71400;71014;Autun;;;4.29986;46.953286
71014_0771_00012;12;;Petite Rue Chauchien;71400;71014;Autun;;;4.29917;46.946939
71014_1400_00016;16;;Rue de Gaillon;71400;71014;Autun;;;4.304226;46.95821
71014_1652_00003;3;;Rue Hector Berlioz;71400;71014;Autun;Saint-Pantaléon;;4.314986;46.966303
71014_3461_00100;100;;Route de Saulieu;71400;71014;Autun;Saint-Pantaléon;;4.294738;46.971563
71014_0770_00019;19;;Grande Rue Chauchien;71400;71014;Autun;;;4.299022;46.947687
71014_0348_00013;13;;Rue Bossuet;71400;71014;Autun;Saint-Pantaléon;;4.306574;46.967633
71014_1010_00024;24;;Rue de la Croix Verte;71400;71014;Autun;;;4.306499;46.954826
71014_2041_00028_bis;28;bis;Petite Rue Marchaux;71400;71014;Autun;;;4.300173;46.953715
71014_3330_00008;8;;Place Saint-louis;71400;71014;Autun;;;4.298982;46.945495
71014_1218_00055;55;;Rue du Faubourg Saint-Blaise;71400;71014;Autun;;;4.29864;46.938234
71014_1580_00043_bis;43;bis;Rue de la Grille;71400;71014;Autun;;;4.293975;46.953126
71014_1210_00034;34;;Rue du Faubourg Saint-Andoche;71400;71014;Autun;;;4.2928;46.952508
71014_2045_00012;12;;Boulevard du Maréchal Leclerc;71400;71014;Autun;Saint-Pantaléon;;4.30744;46.965304
71014_1206_00011;11;;Rue du Faubourg d’Arroux;71400;71014;Autun;;;4.296418;46.958677
71014_0340_00001;1;;Rue de la Bondue;71400;71014;Autun;;;4.301251;46.95385
71014_2470_00008_bis;8;bis;Rue de Parpas;71400;71014;Autun;;;4.288449;46.951153
71014_1870_00012_ter;12;ter;Rue Lauchien le Boucher;71400;71014;Autun;;;4.303274;46.94764
71014_1100_00055;55;;Rue des Dremeaux;71400;71014;Autun;Saint-Pantaléon;;4.317403;46.962738
71014_0080_00039;39;;Rue de l’Arbalète;71400;71014;Autun;;;4.302421;46.948752
71014_2625_00012;12;;Rue Pierre Colin;71400;71014;Autun;Saint-Pantaléon;;4.317151;46.965229
71014_1100_00081;81;;Rue des Dremeaux;71400;71014;Autun;Saint-Pantaléon;;4.319625;46.963784
71014_0740_00010_b;10;b;Avenue Charles de Gaulle;71400;71014;Autun;;;4.297692;46.951383
71014_1580_00013;13;;Rue de la Grille;71400;71014;Autun;;;4.296415;46.950891
71014_1930_00003;3;;Boulevard Mac Mahon;71400;71014;Autun;;;4.297754;46.943739
71014_0020_00003;3;;Rue Adrien Guignet;71400;71014;Autun;;;4.287731;46.951987
71014_2055_00009;9;;Route de Margenne;71400;71014;Autun;;;4.259383;46.958866
71014_1680_00004;4;;Rue du 8 Septembre;71400;71014;Autun;;;4.298879;46.958363
71014_0650_00005;5;;Rue du Champ Gevras;71400;71014;Autun;;;4.292855;46.9457
71014_2520_00007;7;;Rue du Parc Saint-Jean;71400;71014;Autun;;;4.296448;46.96005
71014_3278_00038;38;;Rue Saint-Étienne;71400;71014;Autun;Saint-Pantaléon;;4.325912;46.964965
71014_0050_00002;2;;Place Anatole de Charmasse;71400;71014;Autun;;;4.303318;46.950609
71014_1206_00027;27;;Rue du Faubourg d’Arroux;71400;71014;Autun;;;4.295406;46.959692
71014_1125_00004_a;4;a;Rue des Éduens;71400;71014;Autun;;;4.291917;46.947625
71014_1898_00002;2;;Rue Lieutenant-Colonel de Sairigné;71400;71014;Autun;;;4.273678;46.96995
71014_0345_00023;23;;Rue Borgne;71400;71014;Autun;Saint-Pantaléon;;4.317158;46.971753
71014_0360_00003_bis;3;bis;Rue du Bourg;71400;71014;Autun;Saint-Pantaléon;;4.308727;46.95976
71014_0920_00003;3;;Rue des Cordeliers;71400;71014;Autun;;;4.299543;46.947149
71014_0230_00035;35;;Rue du Beuvray;71400;71014;Autun;;;4.286295;46.948714
71014_0740_00060;60;;Avenue Charles de Gaulle;71400;71014;Autun;;;4.294895;46.954668
71014_2360_00016;16;;Rue Notre-Dame;71400;71014;Autun;;;4.298784;46.944441
71014_0880_00010;10;;Rue des Cités;71400;71014;Autun;;;4.298611;46.953943
71014_3420_00002;2;;Rue Saint-Saulge;71400;71014;Autun;;;4.297842;46.948964
71014_2670_00005;5;;Route de Pierrefitte;71400;71014;Autun;;;4.280249;46.961817
71014_3050_00007;7;;Rue Raquette;71400;71014;Autun;;;4.301293;46.942734
71014_2180_00005;5;;Rue Monseigneur Villard;71400;71014;Autun;;;4.289844;46.949836
71014_2043_00013;13;;Rue du Maréchal Juin;71400;71014;Autun;;;4.322616;46.951058
71014_1208_00002;2;;Rue du Faubourg du Breuil;71400;71014;Autun;;;4.301972;46.942819
71014_0540_00033;33;;Rue Carion;71400;71014;Autun;;;4.296018;46.95765
71014_1930_00012_a;12;a;Boulevard Mac Mahon;71400;71014;Autun;;;4.298488;46.941526
71014_0014_00007;7;;Allée de l'Acaron;71400;71014;Autun;Saint-Pantaléon;;4.308405;46.958195
71014_1030_00005;5;;Rue Deguin;71400;71014;Autun;;;4.30003;46.952355
71014_0230_00039;39;;Rue du Beuvray;71400;71014;Autun;;;4.285891;46.948705
71014_1331_00018;18;;Rue de la Foret;71400;71014;Autun;;;4.308677;46.940088
71014_2440_00033;33;;Rue de Paris;71400;71014;Autun;;;4.297998;46.956918
71014_2340_00029;29;;Rue Nicéphore Niepce;71400;71014;Autun;Saint-Pantaléon;;4.305492;46.975405
71014_0796_00003;3;;Impasse Chaumont;71400;71014;Autun;;;4.293493;46.947037
71014_2030_00001;1;;Rue des Marbres;71400;71014;Autun;;;4.302501;46.948747
71014_2600_00002;2;;Chemin Hamerton;71400;71014;Autun;;;4.294135;46.961257
71014_0080_00014;14;;Rue de l’Arbalète;71400;71014;Autun;;;4.301019;46.949272
71014_2630_00011;11;;Rue Pierre et Marie Curie;71400;71014;Autun;Saint-Pantaléon;;4.305843;46.967002
71014_0743_00006;6;;Rue Charles Gounod;71400;71014;Autun;Saint-Pantaléon;;4.315338;46.966442
71014_2080_00018;18;;Boulevard Mazagran;71400;71014;Autun;;;4.304092;46.954748
71014_1580_00048_bis;48;bis;Rue de la Grille;71400;71014;Autun;;;4.293831;46.95355
71014_3610_00028;28;;Rue du Théâtre Romain;71400;71014;Autun;;;4.310221;46.955209
71014_1160_00002_bis;2;bis;Rue Eumène;71400;71014;Autun;;;4.297699;46.952105
71014_1680_00015;15;;Rue du 8 Septembre;71400;71014;Autun;;;4.299815;46.959581
71014_1890_00036;36;;Boulevard Laureau;71400;71014;Autun;;;4.301006;46.955578
71014_1110_00003;3;;Rue Dufraigne;71400;71014;Autun;;;4.299063;46.944334
71014_1318_00140;140;;Route de Forêt de Planoise;71400;71014;Autun;;;4.356442;46.893536
71014_1400_00009;9;;Rue de Gaillon;71400;71014;Autun;;;4.305585;46.957826
71014_1206_00001_bis;1;bis;Rue du Faubourg d’Arroux;71400;71014;Autun;;;4.296225;46.957909
71014_3461_00137;137;;Route de Saulieu;71400;71014;Autun;;;4.294806;46.977013
71014_2630_00001;1;;Rue Pierre et Marie Curie;71400;71014;Autun;Saint-Pantaléon;;4.305416;46.965119
71014_1220_00002_c;2;c;Rue du Faubourg Saint-Branchez;71400;71014;Autun;;;4.304793;46.946458
71014_1125_00011;11;;Rue des Éduens;71400;71014;Autun;;;4.292022;46.948015
71014_1235_00056;56;;Rue du Faubourg Talus;71400;71014;Autun;;;4.289335;46.946734
71014_1206_00019;19;;Rue du Faubourg d’Arroux;71400;71014;Autun;;;4.296024;46.959079
71014_1870_00010;10;;Rue Lauchien le Boucher;71400;71014;Autun;;;4.302928;46.947434
71014_1318_00005_bis;5;bis;Route de Forêt de Planoise;71400;71014;Autun;;;4.3332;46.914308
71014_1848_00001;1;;Rue Konrad Adenauer;71400;71014;Autun;Saint-Pantaléon;;4.310056;46.962539
71014_2185_00014;14;;Route de Montromble;71400;71014;Autun;;;4.355739;46.887137
71014_1860_00018;18;;Rue Jean et Bernard de Lattre de Tassigny;71400;71014;Autun;;;4.29959;46.950278
71014_3075_00016_bis;16;bis;Rue aux Raz;71400;71014;Autun;;;4.29799;46.9468
71014_1128_00010;10;;Rue des Enfants de Troupe;71400;71014;Autun;;;4.305466;46.94987
71014_3420_00018_d;18;d;Rue Saint-Saulge;71400;71014;Autun;;;4.297915;46.948434
71014_1050_00003;3;;Avenue du 2e Dragons;71400;71014;Autun;;;4.308115;46.953478
71014_2045_00003;3;;Boulevard du Maréchal Leclerc;71400;71014;Autun;Saint-Pantaléon;;4.30765;46.963302
71014_0750_00002_bis;2;bis;Rue de Chasseneux;71400;71014;Autun;;;4.305164;46.948339
71014_1110_00044;44;;Rue Dufraigne;71400;71014;Autun;;;4.300047;46.942622
71014_2080_00002;2;;Boulevard Mazagran;71400;71014;Autun;;;4.302132;46.95404
71014_3110_00010_d;10;d;Avenue de la République;71400;71014;Autun;;;4.292954;46.953721
71014_3263_00001;1;;Rue Saint-Branchez;71400;71014;Autun;;;4.304751;46.945173
71014_3390_00011;11;;Rue Saint-Pierre;71400;71014;Autun;;;4.295572;46.949334
71014_1730_00018;18;;Rue de la Jambe de Bois;71400;71014;Autun;;;4.305942;46.94807
71014_2340_00020;20;;Rue Nicéphore Niepce;71400;71014;Autun;Saint-Pantaléon;;4.305592;46.975288
71014_0210_00018;18;;Boulevard Bernard Giberstein;71400;71014;Autun;;;4.283245;46.952248
71014_1218_00012_bis;12;bis;Rue du Faubourg Saint-Blaise;71400;71014;Autun;;;4.299615;46.941142
71014_1050_00027;27;;Avenue du 2e Dragons;71400;71014;Autun;;;4.312669;46.955583
71014_2470_00018;18;;Rue de Parpas;71400;71014;Autun;;;4.288495;46.950712
71014_2165_00019;19;;Rue des Mineurs;71400;71014;Autun;Saint-Pantaléon;;4.30982;46.985717
71014_3075_00031;31;;Rue aux Raz;71400;71014;Autun;;;4.298374;46.946711
71014_1520_00005;5;;Rue Georges Leyton;71400;71014;Autun;;;4.295614;46.946652
71014_0261_00010;10;;Rue des Blanchots;71400;71014;Autun;;;4.334964;46.907366
71014_3075_00009;9;;Rue aux Raz;71400;71014;Autun;;;4.296894;46.948201
71014_3550_00018;18;;Rue des Tanneries;71400;71014;Autun;;;4.294674;46.945886
71014_2639_00016;16;;Rue Pierre Mendès France;71400;71014;Autun;Saint-Pantaléon;;4.309843;46.962721
71014_1680_00014;14;;Rue du 8 Septembre;71400;71014;Autun;;;4.299092;46.959188
71014_2340_00045;45;;Rue Nicéphore Niepce;71400;71014;Autun;Saint-Pantaléon;;4.307286;46.977216
71014_2040_00033;33;;Grande Rue Marchaux;71400;71014;Autun;;;4.299874;46.954763
71014_1257_00006;6;;Rue des Feuillies;71400;71014;Autun;;;4.336085;46.91044
71014_1255_00002;2;;Chemin de la Feuillée;71400;71014;Autun;Saint-Pantaléon;;4.340785;46.959219
71014_rv6nz8_00016;16;;Rue du Couvent;71400;71014;Autun;Saint-Pantaléon;;4.307872;46.963181
71014_3050_00006;6;;Rue Raquette;71400;71014;Autun;;;4.301446;46.942871
71014_0090_00078;78;;Route d'Arnay;71400;71014;Autun;Saint-Pantaléon;;4.307952;46.975991
71014_0365_00010_bis;10;bis;Rue de Bourgogne;71400;71014;Autun;Saint-Pantaléon;;4.31918;46.962078
71014_1206_00026;26;;Rue du Faubourg d’Arroux;71400;71014;Autun;;;4.295653;46.959622
71014_3020_00002;2;;Rue Racine;71400;71014;Autun;Saint-Pantaléon;;4.308126;46.967843
71014_0626_00127;127;;Route de Chalon;71400;71014;Autun;Saint-Pantaléon;;4.339967;46.948819
71014_1370_00006;6;;Rue des Fusiliers Marins;71400;71014;Autun;;;4.306439;46.957615
71014_0220_00029;29;;Rue Bernard Renault;71400;71014;Autun;;;4.299291;46.954974
71014_0250_00004;4;;Rue Blanche;71400;71014;Autun;;;4.300538;46.944557
71014_3180_00010;10;;Rue Badinter;71400;71014;Autun;;;4.277154;46.945456
71014_2660_00013;13;;Rue des Pierres;71400;71014;Autun;;;4.301309;46.961378
71014_0915_00148;148;;Avenue du Commandant Neuchèze;71400;71014;Autun;;;4.259501;46.957705
71014_0090_00085;85;;Route d'Arnay;71400;71014;Autun;Saint-Pantaléon;;4.309021;46.977881
71014_1870_00009;9;;Rue Lauchien le Boucher;71400;71014;Autun;;;4.30435;46.947926
71014_0940_00053;53;;Rue aux Cordiers;71400;71014;Autun;;;4.298618;46.948358
71014_3180_00002;2;;Rue Badinter;71400;71014;Autun;;;4.277736;46.945568
71014_0012_00001;1;;Rue des Acacias;71400;71014;Autun;Saint-Pantaléon;;4.312998;46.988198
71014_1210_00006;6;;Rue du Faubourg Saint-Andoche;71400;71014;Autun;;;4.294394;46.951162
71014_0090_00025;25;;Route d'Arnay;71400;71014;Autun;Saint-Pantaléon;;4.304665;46.962406
71014_2080_00013;13;;Boulevard Mazagran;71400;71014;Autun;;;4.303212;46.954528
71014_0755_00014;14;;Route de Château-Chinon;71400;71014;Autun;;;4.285977;46.957806
71014_2043_00019;19;;Rue du Maréchal Juin;71400;71014;Autun;;;4.32147;46.950211
71014_0990_00009;9;;Rue de la Croix Blanche;71400;71014;Autun;;;4.302734;46.956868
71014_0080_00029;29;;Rue de l’Arbalète;71400;71014;Autun;;;4.301925;46.949168
71014_0365_00015;15;;Rue de Bourgogne;71400;71014;Autun;Saint-Pantaléon;;4.319531;46.962315
71014_1480_00007;7;;Rue Gaston Joliet;71400;71014;Autun;;;4.30694;46.948098
71014_1450_00014;14;;Rue de la Garenne Bretin;71400;71014;Autun;;;4.342576;46.904322
71014_0650_00026_bis;26;bis;Rue du Champ Gevras;71400;71014;Autun;;;4.292191;46.945523
71014_1120_00005;5;;Impasse des Eduens;71400;71014;Autun;;;4.29118;46.947494
71014_3610_00016;16;;Rue du Théâtre Romain;71400;71014;Autun;;;4.308866;46.955562
71014_0626_00004;4;;Route de Chalon;71400;71014;Autun;;;4.317966;46.954722
71014_3010_00002_bis;2;bis;Rue des 4 Vents;71400;71014;Autun;;;4.300163;46.956745
71014_2440_00009;9;;Rue de Paris;71400;71014;Autun;;;4.299508;46.955288
71014_0743_00004;4;;Rue Charles Gounod;71400;71014;Autun;Saint-Pantaléon;;4.315137;46.966655
71014_3740_00003;3;;Rue de la Vieille Halle;71400;71014;Autun;;;4.29947;46.953604
71014_2660_00015;15;;Rue des Pierres;71400;71014;Autun;;;4.301587;46.961654
71014_1110_00016;16;;Rue Dufraigne;71400;71014;Autun;;;4.299315;46.943614
71014_3610_00020_h;20;h;Rue du Théâtre Romain;71400;71014;Autun;;;4.30907;46.954536
71014_0345_00010;10;;Rue Borgne;71400;71014;Autun;Saint-Pantaléon;;4.314821;46.970949
71014_3710_00016;16;;Rue Victor Hugo;71400;71014;Autun;Saint-Pantaléon;;4.308125;46.969265
71014_0054_00020;20;;Allée André Malraux;71400;71014;Autun;;;4.281363;46.947077
71014_1890_00030;30;;Boulevard Laureau;71400;71014;Autun;;;4.301243;46.955203
71014_1892_00015;15;;Allée de la Liberté;71400;71014;Autun;;;4.286794;46.945805
71014_1218_00037;37;;Rue du Faubourg Saint-Blaise;71400;71014;Autun;;;4.298943;46.939962
71014_2100_00043;43;;Rue de Ménincourt;71400;71014;Autun;Saint-Pantaléon;;4.320662;46.981489
71014_1218_00009;9;;Rue du Faubourg Saint-Blaise;71400;71014;Autun;;;4.299956;46.941453
71014_0915_00050;50;;Avenue du Commandant Neuchèze;71400;71014;Autun;;;4.277635;46.958632
71014_3560_00007;7;;Rue des Télots;71400;71014;Autun;Saint-Pantaléon;;4.312083;46.987045
71014_2060_00016;16;;Rue Maurice Ravel;71400;71014;Autun;Saint-Pantaléon;;4.315121;46.965584
71014_0053_00004_ter;4;ter;Avenue André Frénaud;71400;71014;Autun;Saint-Pantaléon;;4.3217;46.956157
71014_0876_00023_bis;23;bis;Route de la Chicolle et de Montjeu;71400;71014;Autun;;;4.300771;46.927723
71014_0571_00003;3;;Rue de la Cascade;71400;71014;Autun;;;4.31089;46.941041
71014_0990_00016_bis;16;bis;Rue de la Croix Blanche;71400;71014;Autun;;;4.302772;46.956431
71014_2043_00015;15;;Rue du Maréchal Juin;71400;71014;Autun;;;4.322312;46.95071
71014_0740_00047;47;;Avenue Charles de Gaulle;71400;71014;Autun;;;4.294768;46.954287
71014_3240_00018;18;;Rue Saint-Antoine;71400;71014;Autun;;;4.301633;46.947736
71014_2701_00019;19;;Rue de Planoise;71400;71014;Autun;;;4.312974;46.940633
71014_1830_00030;30;;Rue des Jonquilles;71400;71014;Autun;Saint-Pantaléon;;4.309324;46.968461
71014_0020_00008;8;;Rue Adrien Guignet;71400;71014;Autun;;;4.287584;46.951435
71014_3110_00028;28;;Avenue de la République;71400;71014;Autun;;;4.295685;46.955582
71014_1225_00010;10;;Rue du Faubourg Saint-Pancrace;71400;71014;Autun;;;4.304727;46.945015
71014_1100_00008;8;;Rue des Dremeaux;71400;71014;Autun;Saint-Pantaléon;;4.308888;46.959466
71014_2080_00031;31;;Boulevard Mazagran;71400;71014;Autun;;;4.305795;46.955504
71014_0090_00056;56;;Route d'Arnay;71400;71014;Autun;Saint-Pantaléon;;4.306265;46.970868
71014_1215_00016;16;;Rue du Faubourg Saint-André;71400;71014;Autun;;;4.307177;46.958479
71014_3275_00024;24;;Route de Saint-Denis;71400;71014;Autun;Saint-Pantaléon;;4.319294;46.968038
71014_2090_00008;8;;Rue Mazagran;71400;71014;Autun;;;4.301395;46.953639
71014_1830_00009;9;;Rue des Jonquilles;71400;71014;Autun;Saint-Pantaléon;;4.310097;46.968326
71014_1790_00004;4;;Rue Jeannin;71400;71014;Autun;;;4.299669;46.951704
71014_3370_00014;14;;Rue Saint-Pancrace;71400;71014;Autun;;;4.302339;46.946605
71014_0090_00065;65;;Route d'Arnay;71400;71014;Autun;Saint-Pantaléon;;4.305192;46.966956
71014_3610_00013;13;;Rue du Théâtre Romain;71400;71014;Autun;;;4.310338;46.955268
71014_0199_00010;10;;Chemin des Berlingots;71400;71014;Autun;;;4.296783;46.936397
71014_1770_00005;5;;Avenue Jules Basdevant;71400;71014;Autun;;;4.304302;46.951376
71014_0365_00023_bis;23;bis;Rue de Bourgogne;71400;71014;Autun;Saint-Pantaléon;;4.321438;46.962891
71014_1100_00071;71;;Rue des Dremeaux;71400;71014;Autun;Saint-Pantaléon;;4.318734;46.963347
71014_2040_00037;37;;Grande Rue Marchaux;71400;71014;Autun;;;4.299786;46.954939
71014_2050_00010;10;;Rue aux Maréchaux;71400;71014;Autun;;;4.299539;46.946574
71014_1600_00018_bis;18;bis;Rue Guérin;71400;71014;Autun;;;4.300608;46.952684
71014_0055_00010;10;;Avenue André Saclier;71400;71014;Autun;;;4.276783;46.972087
71014_1820_00006;6;;Rue Jondeau;71400;71014;Autun;;;4.29733;46.950662
71014_6ppenk_00005;5;;Rue Cosette Harcourt;71400;71014;Autun;Saint-Pantaléon;;4.302641;46.972458
71014_1851_00007;7;;Rue de la Fontaine;71400;71014;Autun;Saint-Pantaléon;;4.306871;46.968849
71014_0090_00079;79;;Route d'Arnay;71400;71014;Autun;Saint-Pantaléon;;4.30577;46.970256
71014_1125_00026;26;;Rue des Éduens;71400;71014;Autun;;;4.290458;46.950154
71014_0261_00005;5;;Rue des Blanchots;71400;71014;Autun;;;4.338064;46.907119
71014_1218_00015;15;;Rue du Faubourg Saint-Blaise;71400;71014;Autun;;;4.299825;46.941288
71014_1010_00022_a;22;a;Rue de la Croix Verte;71400;71014;Autun;;;4.307072;46.954608
71014_2770_00007;7;;Ruelle du Puits;71400;71014;Autun;Saint-Pantaléon;;4.322884;46.961178
71014_0620_00010;10;;Rue du Chalet Bleu;71400;71014;Autun;Saint-Pantaléon;;4.306673;46.962968
71014_0301_00051;51;;Rue du Bois Mathey;71400;71014;Autun;;;4.337596;46.905866
71014_1710_00002_bis;2;bis;Rue d’Ingelheim;71400;71014;Autun;;;4.278267;46.945013
71014_0915_00150;150;;Avenue du Commandant Neuchèze;71400;71014;Autun;;;4.258953;46.957461
71014_1580_00012;12;;Rue de la Grille;71400;71014;Autun;;;4.296585;46.950855
71014_2511_00027;27;;Rue du Parc des Drémeaux;71400;71014;Autun;Saint-Pantaléon;;4.315911;46.961015
71014_2060_00011;11;;Rue Maurice Ravel;71400;71014;Autun;Saint-Pantaléon;;4.316381;46.966209
71014_1860_00012;12;;Rue Jean et Bernard de Lattre de Tassigny;71400;71014;Autun;;;4.299763;46.950832
71014_1680_00003_bis;3;bis;Rue du 8 Septembre;71400;71014;Autun;;;4.298929;46.958248
71014_2380_00015;15;;Rue du 11 Novembre 1918;71400;71014;Autun;;;4.290466;46.953121
71014_0645_00005;5;;Rue du Champ du Moulin;71400;71014;Autun;Saint-Pantaléon;;4.311927;46.987723
71014_0578_00007;7;;Rue de la Caserne et de Marbotte;71400;71014;Autun;;;4.297952;46.95902
71014_0285_00011;11;;Rue du Lotissement du Bois de Sapin;71400;71014;Autun;;;4.279609;46.946618
71014_1783_00010;10;;Rue Jean Jaurès;71400;71014;Autun;;;4.275777;46.973042
71014_1050_00011_f;11;f;Avenue du 2e Dragons;71400;71014;Autun;;;4.308048;46.954524
71014_3100_00006;6;;Rue René Cassin;71400;71014;Autun;;;4.278383;46.946011
71014_3340_00005;5;;Chemin de Saint-Martin;71400;71014;Autun;;;4.302313;46.961839
71014_1840_00006;6;;Rue Joseph-François de Champeaux;71400;71014;Autun;Saint-Pantaléon;;4.310633;46.966001
71014_2395_00032;32;;Rue des Ormes;71400;71014;Autun;Saint-Pantaléon;;4.314608;46.962732
71014_0771_00005;5;;Petite Rue Chauchien;71400;71014;Autun;;;4.299243;46.946959
71014_0100_00016;16;;Rue de l’Arquebuse;71400;71014;Autun;;;4.301583;46.950012
71014_1840_00005;5;;Rue Joseph-François de Champeaux;71400;71014;Autun;Saint-Pantaléon;;4.310008;46.966044
71014_0348_00004;4;;Rue Bossuet;71400;71014;Autun;Saint-Pantaléon;;4.306346;46.96769
71014_2639_00004;4;;Rue Pierre Mendès France;71400;71014;Autun;Saint-Pantaléon;;4.30959;46.962747
71014_3330_00004;4;;Place Saint-louis;71400;71014;Autun;;;4.299169;46.945554
71014_0915_00164;164;;Avenue du Commandant Neuchèze;71400;71014;Autun;;;4.256978;46.956455
71014_0990_00040;40;;Rue de la Croix Blanche;71400;71014;Autun;;;4.305763;46.957527
71014_2480_00001;1;;Chemin de la Passerelle;71400;71014;Autun;Saint-Pantaléon;;4.303828;46.965636
71014_2180_00002_ter;2;ter;Rue Monseigneur Villard;71400;71014;Autun;;;4.289721;46.949949
71014_1208_00012;12;;Rue du Faubourg du Breuil;71400;71014;Autun;;;4.30177;46.942404
71014_3010_00015;15;;Rue des 4 Vents;71400;71014;Autun;;;4.299503;46.957276
71014_3315_00008;8;;Rue Saint-Hubert;71400;71014;Autun;Saint-Pantaléon;;4.306928;46.963841
71014_0090_00123;123;;Route d'Arnay;71400;71014;Autun;Saint-Pantaléon;;4.313388;46.987155
71014_0053_00003;3;;Avenue André Frénaud;71400;71014;Autun;Saint-Pantaléon;;4.320364;46.956752
71014_1206_00037;37;;Rue du Faubourg d’Arroux;71400;71014;Autun;;;4.295044;46.960114
71014_yk1cfo_00004;4;;Rue du 22ème BMNA;71400;71014;Autun;;;4.297828;46.954798
71014_0540_00005_d;5;d;Rue Carion;71400;71014;Autun;;;4.290564;46.955691
71014_1218_00031;31;;Rue du Faubourg Saint-Blaise;71400;71014;Autun;;;4.299532;46.940858
71014_3180_00001;1;;Rue Badinter;71400;71014;Autun;;;4.27782;46.945387
71014_1208_00030;30;;Rue du Faubourg du Breuil;71400;71014;Autun;;;4.303171;46.94229
71014_0301_00011;11;;Rue du Bois Mathey;71400;71014;Autun;;;4.334306;46.910427
71014_2090_00011;11;;Rue Mazagran;71400;71014;Autun;;;4.301532;46.953841
71014_3500_00013;13;;Rue Talleyrand;71400;71014;Autun;;;4.28514;46.946478
71014_1125_00032;32;;Rue des Éduens;71400;71014;Autun;;;4.289968;46.950865
71014_3610_00020_c;20;c;Rue du Théâtre Romain;71400;71014;Autun;;;4.309011;46.955059
71014_3090_00011;11;;Rue du Rempart Saint-Jean;71400;71014;Autun;;;4.302554;46.960494
71014_1218_00004;4;;Rue du Faubourg Saint-Blaise;71400;71014;Autun;;;4.300059;46.942024
71014_1653_00015;15;;Rue de l'Hermitage;71400;71014;Autun;Saint-Pantaléon;;4.321499;46.96126
71014_0130_00001;1;;Rue des Bancs;71400;71014;Autun;;;4.299039;46.9462
71014_0301_00004;4;;Rue du Bois Mathey;71400;71014;Autun;;;4.334122;46.912563
71014_3461_00068;68;;Route de Saulieu;71400;71014;Autun;Saint-Pantaléon;;4.294243;46.96814
71014_0680_00015;15;;Rue Changarnier;71400;71014;Autun;;;4.299871;46.948155
71014_3685_00009;9;;Rue de la Verrerie;71400;71014;Autun;;;4.279219;46.958403
71014_1651_00016;16;;Rue Henri Dunant;71400;71014;Autun;;;4.303891;46.953713
71014_yk1cfo_00008;8;;Rue du 22ème BMNA;71400;71014;Autun;;;4.297567;46.955086
71014_0940_00006;6;;Rue aux Cordiers;71400;71014;Autun;;;4.299379;46.949388
71014_0301_00072;72;;Rue du Bois Mathey;71400;71014;Autun;;;4.338356;46.904857
71014_0230_00027;27;;Rue du Beuvray;71400;71014;Autun;;;4.287282;46.948743
71014_1830_00013;13;;Rue des Jonquilles;71400;71014;Autun;Saint-Pantaléon;;4.309575;46.968846
71014_3110_00018;18;;Avenue de la République;71400;71014;Autun;;;4.29305;46.954327
71014_1295_00006;6;;Impasse Fleury;71400;71014;Autun;;;4.287409;46.949445
71014_2520_00010;10;;Rue du Parc Saint-Jean;71400;71014;Autun;;;4.295858;46.959943
71014_3610_00001_bis;1;bis;Rue du Théâtre Romain;71400;71014;Autun;;;4.308173;46.955741
71014_1235_00028;28;;Rue du Faubourg Talus;71400;71014;Autun;;;4.293714;46.945914
71014_0990_00020;20;;Rue de la Croix Blanche;71400;71014;Autun;;;4.303051;46.956744
71014_0740_00016_bis;16;bis;Avenue Charles de Gaulle;71400;71014;Autun;;;4.297059;46.952073
71014_2185_00029;29;;Route de Montromble;71400;71014;Autun;;;4.354056;46.886461
71014_2440_00037;37;;Rue de Paris;71400;71014;Autun;;;4.297916;46.957014
71014_0451_00052;52;;Route de Broye;71400;71014;Autun;;;4.314264;46.940308
71014_3450_00001;1;;Rue Sainte-Barbe;71400;71014;Autun;;;4.300378;46.944556
71014_0540_00005_b;5;b;Rue Carion;71400;71014;Autun;;;4.290664;46.955438
71014_1099_00001;1;;Impasse des Drémeaux;71400;71014;Autun;Saint-Pantaléon;;4.312129;46.961566
71014_0070_00013;13;;Rue Antoine Clement;71400;71014;Autun;Saint-Pantaléon;;4.3117;46.964263
71014_3278_00001;1;;Rue Saint-Étienne;71400;71014;Autun;Saint-Pantaléon;;4.321827;46.961398
71014_2440_00013;13;;Rue de Paris;71400;71014;Autun;;;4.299409;46.9554
71014_3278_00012_bis;12;bis;Rue Saint-Étienne;71400;71014;Autun;Saint-Pantaléon;;4.323122;46.962433
71014_2040_00046;46;;Grande Rue Marchaux;71400;71014;Autun;;;4.29988;46.954961
71014_1920_00002;2;;Rue Louis Charlot;71400;71014;Autun;;;4.296992;46.955287
71014_1210_00010;10;;Rue du Faubourg Saint-Andoche;71400;71014;Autun;;;4.294244;46.95133
71014_0090_00131;131;;Route d'Arnay;71400;71014;Autun;Saint-Pantaléon;;4.313806;46.988032
71014_rv6nz8_00008;8;;Rue du Couvent;71400;71014;Autun;Saint-Pantaléon;;4.307595;46.962686
71014_1050_00020;20;;Avenue du 2e Dragons;71400;71014;Autun;;;4.310546;46.95486
71014_0990_00016;16;;Rue de la Croix Blanche;71400;71014;Autun;;;4.302637;46.956645
71014_0743_00005;5;;Rue Charles Gounod;71400;71014;Autun;Saint-Pantaléon;;4.314678;46.9669
71014_2170_00022;22;;Rue Moirans;71400;71014;Autun;Saint-Pantaléon;;4.316759;46.966413
71014_1780_00013;13;;Rue Jean Friess;71400;71014;Autun;Saint-Pantaléon;;4.312311;46.988164
71014_0370_00014_bis;14;bis;Rue Bouteiller;71400;71014;Autun;;;4.303229;46.945864
71014_0285_00005;5;;Rue du Lotissement du Bois de Sapin;71400;71014;Autun;;;4.278724;46.946866
71014_1010_00003;3;;Rue de la Croix Verte;71400;71014;Autun;;;4.305353;46.953068
71014_1715_00022;22;;Rue Jacques Delors;71400;71014;Autun;Saint-Pantaléon;;4.308906;46.963321
71014_3610_00007_bis;7;bis;Rue du Théâtre Romain;71400;71014;Autun;;;4.309212;46.95562
71014_3310_00009;9;;Rue Saint-Georges;71400;71014;Autun;;;4.298546;46.942865
71014_1653_00010;10;;Rue de l'Hermitage;71400;71014;Autun;Saint-Pantaléon;;4.322126;46.961168
71014_0540_00001;1;;Rue Carion;71400;71014;Autun;;;4.290234;46.955492
71014_2100_00034_bis;34;bis;Rue de Ménincourt;71400;71014;Autun;Saint-Pantaléon;;4.317652;46.97874
71014_0348_00011;11;;Rue Bossuet;71400;71014;Autun;Saint-Pantaléon;;4.306621;46.967634
71014_0940_00047;47;;Rue aux Cordiers;71400;71014;Autun;;;4.29874;46.948506
71014_2040_00018;18;;Grande Rue Marchaux;71400;71014;Autun;;;4.300436;46.953936
71014_1580_00005;5;;Rue de la Grille;71400;71014;Autun;;;4.296669;46.950614
71014_3650_00015;15;;Rue Traversière;71400;71014;Autun;;;4.29692;46.953118
71014_1730_00013;13;;Rue de la Jambe de Bois;71400;71014;Autun;;;4.306072;46.94806
71014_1235_00016;16;;Rue du Faubourg Talus;71400;71014;Autun;;;4.295518;46.945553
71014_2380_00003;3;;Rue du 11 Novembre 1918;71400;71014;Autun;;;4.290998;46.95325
71014_2041_00032;32;;Petite Rue Marchaux;71400;71014;Autun;;;4.3002;46.953832
71014_3490_00004;4;;Rue de Stevenage;71400;71014;Autun;;;4.278684;46.944269
71014_1318_00003;3;;Route de Forêt de Planoise;71400;71014;Autun;;;4.332081;46.916093
71014_1099_00003;3;;Impasse des Drémeaux;71400;71014;Autun;Saint-Pantaléon;;4.312347;46.961746
71014_2741_00001;1;;Rue de la 1ere Armée;71400;71014;Autun;Saint-Pantaléon;;4.314681;46.967984
71014_1919_00003;3;;Chemin Louis Calaferte;71400;71014;Autun;;;4.306977;46.953417
71014_1010_00014_d;14;d;Rue de la Croix Verte;71400;71014;Autun;;;4.307289;46.954019
71014_3110_00082;82;;Avenue de la République;71400;71014;Autun;;;4.302086;46.958233
71014_1125_00028;28;;Rue des Éduens;71400;71014;Autun;;;4.290312;46.950372
71014_1790_00005_b;5;b;Rue Jeannin;71400;71014;Autun;;;4.298718;46.952086
71014_1210_00080_c;80;c;Rue du Faubourg Saint-Andoche;71400;71014;Autun;;;4.290435;46.955837
71014_1235_00004;4;;Rue du Faubourg Talus;71400;71014;Autun;;;4.296699;46.945596
71014_1100_00031;31;;Rue des Dremeaux;71400;71014;Autun;Saint-Pantaléon;;4.313355;46.961269
71014_1710_00001;1;;Rue d’Ingelheim;71400;71014;Autun;;;4.278728;46.945029
71014_1990_00005;5;;Rue de la Maladière;71400;71014;Autun;;;4.309311;46.949475
71014_0230_00016_bis;16;bis;Rue du Beuvray;71400;71014;Autun;;;4.288824;46.948888
71014_2055_00080;80;;Route de Margenne;71400;71014;Autun;;;4.257463;46.969212
71014_1225_00001;1;;Rue du Faubourg Saint-Pancrace;71400;71014;Autun;;;4.303944;46.94588
71014_0650_00014;14;;Rue du Champ Gevras;71400;71014;Autun;;;4.291587;46.945824
71014_0540_00005;5;;Rue Carion;71400;71014;Autun;;;4.290565;46.955451
71014_0771_00006;6;;Petite Rue Chauchien;71400;71014;Autun;;;4.298747;46.94707
71014_0365_00028;28;;Rue de Bourgogne;71400;71014;Autun;Saint-Pantaléon;;4.322237;46.963009
71014_0880_00008;8;;Rue des Cités;71400;71014;Autun;;;4.298721;46.953815
71014_0014_00005;5;;Allée de l'Acaron;71400;71014;Autun;Saint-Pantaléon;;4.308607;46.958511
71014_1504_00010;10;;Rue Général Demetz;71400;71014;Autun;;;4.298557;46.949276
71014_0740_00012_ter;12;ter;Avenue Charles de Gaulle;71400;71014;Autun;;;4.297402;46.951731
71014_0250_00006;6;;Rue Blanche;71400;71014;Autun;;;4.30068;46.944532
71014_3720_00004;4;;Rue Victor Terret;71400;71014;Autun;;;4.298182;46.937538
71014_0915_00022;22;;Avenue du Commandant Neuchèze;71400;71014;Autun;;;4.279198;46.957617
71014_0090_00080;80;;Route d'Arnay;71400;71014;Autun;Saint-Pantaléon;;4.308782;46.977062
71014_1235_00018;18;;Rue du Faubourg Talus;71400;71014;Autun;;;4.295279;46.945635
71014_1318_00060;60;;Route de Forêt de Planoise;71400;71014;Autun;;;4.342724;46.905645
71014_1218_00041_bis;41;bis;Rue du Faubourg Saint-Blaise;71400;71014;Autun;;;4.298871;46.939743
71014_0750_00005;5;;Rue de Chasseneux;71400;71014;Autun;;;4.305031;46.94809
71014_0876_00001;1;;Route de la Chicolle et de Montjeu;71400;71014;Autun;;;4.302614;46.937889
71014_0500_00024_bis;24;bis;Rue du Capitaine Repoux;71400;71014;Autun;;;4.292061;46.950283
71014_0540_00017;17;;Rue Carion;71400;71014;Autun;;;4.292813;46.955984
71014_1504_00002_bis;2;bis;Rue Général Demetz;71400;71014;Autun;;;4.299103;46.94955
71014_0080_00027;27;;Rue de l’Arbalète;71400;71014;Autun;;;4.301871;46.949215
71014_6lsatw_00008;8;;Passage Balthus;71400;71014;Autun;;;4.298614;46.948887
71014_1892_00004;4;;Allée de la Liberté;71400;71014;Autun;;;4.286802;46.946248
71014_3340_00003_b;3;b;Chemin de Saint-Martin;71400;71014;Autun;;;4.303205;46.961276
71014_0090_00076;76;;Route d'Arnay;71400;71014;Autun;Saint-Pantaléon;;4.307055;46.974916
71014_3110_00012;12;;Avenue de la République;71400;71014;Autun;;;4.292681;46.954189
71014_3090_00015;15;;Rue du Rempart Saint-Jean;71400;71014;Autun;;;4.302836;46.960375
71014_1215_00013;13;;Rue du Faubourg Saint-André;71400;71014;Autun;;;4.306836;46.95835
71014_0540_00003;3;;Rue Carion;71400;71014;Autun;;;4.290443;46.955472
71014_0165_00018;18;;Rue de la Barre;71400;71014;Autun;;;4.289061;46.947582
71014_0876_00036_a;36;a;Route de la Chicolle et de Montjeu;71400;71014;Autun;;;4.272153;46.918458
71014_1390_00014_a;14;a;Rue des Gailles;71400;71014;Autun;;;4.286134;46.947983
71014_3275_00028_bis;28;bis;Route de Saint-Denis;71400;71014;Autun;Saint-Pantaléon;;4.320126;46.968018
71014_0770_00021;21;;Grande Rue Chauchien;71400;71014;Autun;;;4.29908;46.947633
71014_3100_00012;12;;Rue René Cassin;71400;71014;Autun;;;4.277777;46.947226
71014_1710_00002_ter;2;ter;Rue d’Ingelheim;71400;71014;Autun;;;4.278007;46.944889
71014_1129_00003_a;3;a;Passage Estelle Nectoux;71400;71014;Autun;;;4.295605;46.954508
71014_1450_00010;10;;Rue de la Garenne Bretin;71400;71014;Autun;;;4.342056;46.905
71014_2701_00015;15;;Rue de Planoise;71400;71014;Autun;;;4.311922;46.940596
71014_3550_00005;5;;Rue des Tanneries;71400;71014;Autun;;;4.294725;46.946415
71014_1580_00027;27;;Rue de la Grille;71400;71014;Autun;;;4.295272;46.951802
71014_0080_00028;28;;Rue de l’Arbalète;71400;71014;Autun;;;4.302337;46.948668
71014_2625_00010;10;;Rue Pierre Colin;71400;71014;Autun;Saint-Pantaléon;;4.317264;46.965274
71014_1920_00001_bis;1;bis;Rue Louis Charlot;71400;71014;Autun;;;4.297062;46.955175
71014_1580_00041_bis;41;bis;Rue de la Grille;71400;71014;Autun;;;4.294277;46.952678
71014_1220_00001;1;;Rue du Faubourg Saint-Branchez;71400;71014;Autun;;;4.305991;46.945988
71014_0500_00002;2;;Rue du Capitaine Repoux;71400;71014;Autun;;;4.293514;46.947883
71014_0230_00006;6;;Rue du Beuvray;71400;71014;Autun;;;4.28983;46.94891
71014_1680_00036;36;;Rue du 8 Septembre;71400;71014;Autun;;;4.300543;46.960221
71014_3440_00010;10;;Place Sainte-Barbe;71400;71014;Autun;;;4.299807;46.94455
71014_2030_00007;7;;Rue des Marbres;71400;71014;Autun;;;4.302971;46.949043
71014_0796_00004;4;;Impasse Chaumont;71400;71014;Autun;;;4.293669;46.946883
71014_0910_00013;13;;Rue Cocand;71400;71014;Autun;;;4.298069;46.94604
71014_3610_00024;24;;Rue du Théâtre Romain;71400;71014;Autun;;;4.309772;46.955432
71014_3490_00011;11;;Rue de Stevenage;71400;71014;Autun;;;4.279131;46.944528
71014_1800_00003;3;;Impasse du Jeu de Paume;71400;71014;Autun;;;4.298259;46.945125
71014_2360_00002;2;;Rue Notre-Dame;71400;71014;Autun;;;4.298581;46.945362
71014_0740_00038;38;;Avenue Charles de Gaulle;71400;71014;Autun;;;4.296203;46.953001
71014_1050_00002;2;;Avenue du 2e Dragons;71400;71014;Autun;;;4.305877;46.951581
71014_0185_00010;10;;Route de Beaune;71400;71014;Autun;Saint-Pantaléon;;4.320412;46.957911
71014_2660_00014;14;;Rue des Pierres;71400;71014;Autun;;;4.301827;46.960829
71014_3420_00014;14;;Rue Saint-Saulge;71400;71014;Autun;;;4.298223;46.948611
71014_0210_00011;11;;Boulevard Bernard Giberstein;71400;71014;Autun;;;4.282667;46.95209
71014_3720_00013;13;;Rue Victor Terret;71400;71014;Autun;;;4.297653;46.938065
71014_0740_00045;45;;Avenue Charles de Gaulle;71400;71014;Autun;;;4.294871;46.95417
71014_2639_00003;3;;Rue Pierre Mendès France;71400;71014;Autun;Saint-Pantaléon;;4.309539;46.962719
71014_3020_00001;1;;Rue Racine;71400;71014;Autun;Saint-Pantaléon;;4.30799;46.967714
71014_3850_00005;5;;Boulevard Xavier Pauchard;71400;71014;Autun;;;4.288472;46.953344
71014_3370_00004;4;;Rue Saint-Pancrace;71400;71014;Autun;;;4.301419;46.94696
71014_1218_00020_bis;20;bis;Rue du Faubourg Saint-Blaise;71400;71014;Autun;;;4.299131;46.940429
71014_1210_00022;22;;Rue du Faubourg Saint-Andoche;71400;71014;Autun;;;4.293493;46.952012
71014_1140_00001;1;;Rue Eugène Chevalier;71400;71014;Autun;;;4.299379;46.958358
71014_0940_00009;9;;Rue aux Cordiers;71400;71014;Autun;;;4.299433;46.94935
71014_3461_00069;69;;Route de Saulieu;71400;71014;Autun;;;4.294137;46.968261
71014_2470_00028_ter;28;ter;Rue de Parpas;71400;71014;Autun;;;4.287072;46.950216
71014_1600_00021;21;;Rue Guérin;71400;71014;Autun;;;4.300424;46.952579
71014_0210_00015;15;;Boulevard Bernard Giberstein;71400;71014;Autun;;;4.281655;46.951666
71014_1930_00002;2;;Boulevard Mac Mahon;71400;71014;Autun;;;4.297151;46.945397
71014_1210_00061;61;;Rue du Faubourg Saint-Andoche;71400;71014;Autun;;;4.289906;46.955494
71014_3650_00005;5;;Rue Traversière;71400;71014;Autun;;;4.297429;46.95261
71014_1580_00046_bis;46;bis;Rue de la Grille;71400;71014;Autun;;;4.293997;46.95329
71014_0940_00038;38;;Rue aux Cordiers;71400;71014;Autun;;;4.29851;46.948393
71014_3740_00011;11;;Rue de la Vieille Halle;71400;71014;Autun;;;4.299166;46.954045
71014_0650_00033;33;;Rue du Champ Gevras;71400;71014;Autun;;;4.293515;46.945419
71014_2661_00015;15;;Rue Pierre Bérégovoy;71400;71014;Autun;Saint-Pantaléon;;4.305017;46.963356
71014_2511_00014;14;;Rue du Parc des Drémeaux;71400;71014;Autun;Saint-Pantaléon;;4.315152;46.959535
71014_1400_00008;8;;Rue de Gaillon;71400;71014;Autun;;;4.303103;46.958431
71014_1920_00009;9;;Rue Louis Charlot;71400;71014;Autun;;;4.296313;46.95495
71014_0670_00004_h;4;h;Rue du Chancelier Rolin;71400;71014;Autun;;;4.301359;46.95936
71014_1215_00020;20;;Rue du Faubourg Saint-André;71400;71014;Autun;;;4.307458;46.958608
71014_1318_00168;168;;Route de Forêt de Planoise;71400;71014;Autun;;;4.357952;46.890329
71014_0500_00020;20;;Rue du Capitaine Repoux;71400;71014;Autun;;;4.292224;46.949985
71014_3370_00001;1;;Rue Saint-Pancrace;71400;71014;Autun;;;4.302558;46.946543
71014_1206_00013;13;;Rue du Faubourg d’Arroux;71400;71014;Autun;;;4.296324;46.958768
71014_0090_00104;104;;Route d'Arnay;71400;71014;Autun;Saint-Pantaléon;;4.3114;46.982621
71014_0915_00033;33;;Avenue du Commandant Neuchèze;71400;71014;Autun;;;4.275553;46.957834
71014_2330_00001;1;;Rue Naudin;71400;71014;Autun;;;4.298113;46.957511
71014_2360_00018;18;;Rue Notre-Dame;71400;71014;Autun;;;4.298832;46.944396
71014_1730_00008_a;8;a;Rue de la Jambe de Bois;71400;71014;Autun;;;4.304911;46.948996
71014_0650_00020;20;;Rue du Champ Gevras;71400;71014;Autun;;;4.291162;46.94553
71014_3170_00012;12;;Rue de Rivault;71400;71014;Autun;;;4.298635;46.943803
71014_0771_00019;19;;Petite Rue Chauchien;71400;71014;Autun;;;4.299132;46.946595
71014_2510_00003;3;;Rue Pernette;71400;71014;Autun;;;4.296747;46.951626
71014_1220_00015;15;;Rue du Faubourg Saint-Branchez;71400;71014;Autun;;;4.30437;46.945546
71014_2511_00008;8;;Rue du Parc des Drémeaux;71400;71014;Autun;Saint-Pantaléon;;4.314301;46.959709
71014_2250_00001;1;;Avenue du Morvan;71400;71014;Autun;;;4.294854;46.950434
71014_1218_00006_b;6;b;Rue du Faubourg Saint-Blaise;71400;71014;Autun;;;4.299847;46.941768
71014_2639_00012;12;;Rue Pierre Mendès France;71400;71014;Autun;Saint-Pantaléon;;4.309582;46.962637
71014_0301_00029;29;;Rue du Bois Mathey;71400;71014;Autun;;;4.334359;46.908506
71014_3010_00014;14;;Rue des 4 Vents;71400;71014;Autun;;;4.29966;46.957395
71014_1580_00007;7;;Rue de la Grille;71400;71014;Autun;;;4.296619;46.950689
71014_3461_00059;59;;Route de Saulieu;71400;71014;Autun;;;4.294012;46.96727
71014_3430_00004;4;;Rue Sainte-Anne;71400;71014;Autun;;;4.304178;46.94659
71014_3710_00017;17;;Rue Victor Hugo;71400;71014;Autun;Saint-Pantaléon;;4.308043;46.968689
71014_2041_00031;31;;Petite Rue Marchaux;71400;71014;Autun;;;4.299753;46.953887
71014_0365_00021_bis;21;bis;Rue de Bourgogne;71400;71014;Autun;Saint-Pantaléon;;4.320928;46.962702
71014_2360_00010;10;;Rue Notre-Dame;71400;71014;Autun;;;4.298528;46.94485
71014_1218_00022;22;;Rue du Faubourg Saint-Blaise;71400;71014;Autun;;;4.299071;46.940332
71014_3490_00006;6;;Rue de Stevenage;71400;71014;Autun;;;4.278842;46.944334
71014_2080_00028_bis;28;bis;Boulevard Mazagran;71400;71014;Autun;;;4.305598;46.955311
71014_0560_00002;2;;Rue du Carrouge;71400;71014;Autun;;;4.296009;46.949896
71014_2480_00016;16;;Chemin de la Passerelle;71400;71014;Autun;Saint-Pantaléon;;4.294938;46.966217
71014_1650_00005;5;;Rue Harold de Fontenay;71400;71014;Autun;;;4.305413;46.954707
71014_2630_00004;4;;Rue Pierre et Marie Curie;71400;71014;Autun;Saint-Pantaléon;;4.306044;46.965624
71014_1890_00040;40;;Boulevard Laureau;71400;71014;Autun;;;4.30087;46.955779
71014_2100_00032;32;;Rue de Ménincourt;71400;71014;Autun;Saint-Pantaléon;;4.317291;46.978692
71014_1800_00002;2;;Impasse du Jeu de Paume;71400;71014;Autun;;;4.298351;46.945173
71014_1235_00050;50;;Rue du Faubourg Talus;71400;71014;Autun;;;4.289941;46.946683
71014_0645_00016;16;;Rue du Champ du Moulin;71400;71014;Autun;Saint-Pantaléon;;4.312218;46.987729
71014_0740_00018;18;;Avenue Charles de Gaulle;71400;71014;Autun;;;4.296987;46.952144
71014_3370_00016_a;16;a;Rue Saint-Pancrace;71400;71014;Autun;;;4.302616;46.946356
71014_2620_00002;2;;Rue Pierre Châtillon;71400;71014;Autun;;;4.298453;46.955075
71014_2511_00023;23;;Rue du Parc des Drémeaux;71400;71014;Autun;Saint-Pantaléon;;4.316067;46.960647
71014_2001_00017;17;;Rue des Mânes;71400;71014;Autun;Saint-Pantaléon;;4.306815;46.962208
71014_0185_00003;3;;Route de Beaune;71400;71014;Autun;Saint-Pantaléon;;4.31371;46.956023
71014_2060_00007;7;;Rue Maurice Ravel;71400;71014;Autun;Saint-Pantaléon;;4.315135;46.965648
71014_3350_00016;16;;Rue Saint-Nicolas;71400;71014;Autun;;;4.300339;46.955835
71014_1100_00037;37;;Rue des Dremeaux;71400;71014;Autun;Saint-Pantaléon;;4.313913;46.961498
71014_0090_00047;47;;Route d'Arnay;71400;71014;Autun;Saint-Pantaléon;;4.303495;46.964874
71014_3275_00017;17;;Route de Saint-Denis;71400;71014;Autun;Saint-Pantaléon;;4.319865;46.968416
71014_2040_00040;40;;Grande Rue Marchaux;71400;71014;Autun;;;4.300003;46.954714
71014_1580_00048;48;;Rue de la Grille;71400;71014;Autun;;;4.293925;46.953428
71014_1790_00008;8;;Rue Jeannin;71400;71014;Autun;;;4.299009;46.951465
71014_3461_00094;94;;Route de Saulieu;71400;71014;Autun;Saint-Pantaléon;;4.294467;46.970956
71014_2620_00006;6;;Rue Pierre Châtillon;71400;71014;Autun;;;4.298994;46.95571
71014_1840_00001_ter;1;ter;Rue Joseph-François de Champeaux;71400;71014;Autun;Saint-Pantaléon;;4.312682;46.964685
71014_2440_00010;10;;Rue de Paris;71400;71014;Autun;;;4.29924;46.95576
71014_1050_00021;21;;Avenue du 2e Dragons;71400;71014;Autun;;;4.311156;46.955136
71014_2701_00014;14;;Rue de Planoise;71400;71014;Autun;;;4.313866;46.940567
71014_zto6y4_00002;2;;Place Pierre Saint Yves;71400;71014;Autun;;;4.300058;46.956204
71014_3035_00023;23;;Chemin des Ragots;71400;71014;Autun;;;4.32206;46.948334
71014_3100_00004;4;;Rue René Cassin;71400;71014;Autun;;;4.278437;46.945884
71014_1208_00014;14;;Rue du Faubourg du Breuil;71400;71014;Autun;;;4.301798;46.942466
71014_0945_00002;2;;Rue Corneille;71400;71014;Autun;Saint-Pantaléon;;4.30759;46.968233
71014_0370_00020;20;;Rue Bouteiller;71400;71014;Autun;;;4.303502;46.946091
71014_0185_00006;6;;Route de Beaune;71400;71014;Autun;Saint-Pantaléon;;4.318702;46.957362
71014_0053_00001;1;;Avenue André Frénaud;71400;71014;Autun;Saint-Pantaléon;;4.321318;46.95483
71014_0643_00035;35;;Rue de la place du Champ de Mars;71400;71014;Autun;;;4.297771;46.949877
71014_1892_00016;16;;Allée de la Liberté;71400;71014;Autun;;;4.286625;46.945888
71014_1085_00017;17;;Rue du Docteur Renaud;71400;71014;Autun;;;4.295526;46.950903
71014_1770_00011_b;11;b;Avenue Jules Basdevant;71400;71014;Autun;;;4.304995;46.952331
71014_0348_00002;2;;Rue Bossuet;71400;71014;Autun;Saint-Pantaléon;;4.307237;46.967765
71014_1400_00006;6;;Rue de Gaillon;71400;71014;Autun;;;4.302869;46.958333
71014_2511_00018;18;;Rue du Parc des Drémeaux;71400;71014;Autun;Saint-Pantaléon;;4.315832;46.95951
71014_3760_00010;10;;Rue du Vieux Collège;71400;71014;Autun;;;4.296201;46.950095
71014_1125_00007;7;;Rue des Éduens;71400;71014;Autun;;;4.292121;46.94786
71014_0100_00017_bis;17;bis;Rue de l’Arquebuse;71400;71014;Autun;;;4.301625;46.950626
71014_0740_00005;5;;Avenue Charles de Gaulle;71400;71014;Autun;;;4.298215;46.950579
71014_0100_00011_bis;11;bis;Rue de l’Arquebuse;71400;71014;Autun;;;4.301693;46.950136
71014_1235_00038;38;;Rue du Faubourg Talus;71400;71014;Autun;;;4.291712;46.946157
71014_3130_00018;18;;Boulevard des Résistants Fusillés;71400;71014;Autun;;;4.296839;46.94605
71014_1125_00014;14;;Rue des Éduens;71400;71014;Autun;;;4.291644;46.948391
71014_0650_00009;9;;Rue du Champ Gevras;71400;71014;Autun;;;4.292504;46.945746
71014_1206_00029;29;;Rue du Faubourg d’Arroux;71400;71014;Autun;;;4.295319;46.959792
71014_2741_00014;14;;Rue de la 1ere Armée;71400;71014;Autun;Saint-Pantaléon;;4.312885;46.971217
71014_2470_00041;41;;Rue de Parpas;71400;71014;Autun;;;4.285637;46.949177
71014_3170_00016;16;;Rue de Rivault;71400;71014;Autun;;;4.29835;46.943041
71014_1220_00004_b;4;b;Rue du Faubourg Saint-Branchez;71400;71014;Autun;;;4.30476;46.946184
71014_3420_00001;1;;Rue Saint-Saulge;71400;71014;Autun;;;4.298042;46.948899
71014_0760_00002;2;;Rue du Châtelet;71400;71014;Autun;;;4.295466;46.949768
71014_0090_00014;14;;Route d'Arnay;71400;71014;Autun;;;4.305246;46.959417
71014_0080_00023;23;;Rue de l’Arbalète;71400;71014;Autun;;;4.301742;46.94938
71014_1890_00038;38;;Boulevard Laureau;71400;71014;Autun;;;4.300902;46.955706
71014_3461_00001;1;;Route de Saulieu;71400;71014;Autun;;;4.294387;46.961018
71014_1860_00015;15;;Rue Jean et Bernard de Lattre de Tassigny;71400;71014;Autun;;;4.299668;46.950567
71014_0745_00021;21;;Rue de Charolles;71400;71014;Autun;Saint-Pantaléon;;4.303325;46.963334
71014_1830_00011;11;;Rue des Jonquilles;71400;71014;Autun;Saint-Pantaléon;;4.309784;46.968857
71014_1680_00031;31;;Rue du 8 Septembre;71400;71014;Autun;;;4.300605;46.960385
71014_1100_00018_bis;18;bis;Rue des Dremeaux;71400;71014;Autun;Saint-Pantaléon;;4.312526;46.960254
71014_1917_00037;37;;Rue Louis Aragon;71400;71014;Autun;;;4.320272;46.950962
71014_3350_00012;12;;Rue Saint-Nicolas;71400;71014;Autun;;;4.300253;46.955599
71014_0755_00073;73;;Route de Château-Chinon;71400;71014;Autun;;;4.278833;46.963689
71014_1580_00044;44;;Rue de la Grille;71400;71014;Autun;;;4.294122;46.953133
71014_2340_00009_ter;9;ter;Rue Nicéphore Niepce;71400;71014;Autun;Saint-Pantaléon;;4.303279;46.972498
71014_0920_00002;2;;Rue des Cordeliers;71400;71014;Autun;;;4.299542;46.947091
71014_0650_00027;27;;Rue du Champ Gevras;71400;71014;Autun;;;4.292489;46.945394
71014_2470_00020_bis;20;bis;Rue de Parpas;71400;71014;Autun;;;4.288155;46.950678
71014_3110_00052;52;;Avenue de la République;71400;71014;Autun;;;4.297955;46.956681
71014_2120_00004_b;4;b;Route de Mesvres;71400;71014;Autun;;;4.289815;46.947274
71014_0771_00030;30;;Petite Rue Chauchien;71400;71014;Autun;;;4.299041;46.946504
71014_1400_00001;1;;Rue de Gaillon;71400;71014;Autun;;;4.302913;46.958589
71014_2620_00007_bis;7;bis;Rue Pierre Châtillon;71400;71014;Autun;;;4.298376;46.955525
71014_3550_00012;12;;Rue des Tanneries;71400;71014;Autun;;;4.29466;46.946314
71014_yk1cfo_00002;2;;Rue du 22ème BMNA;71400;71014;Autun;;;4.29808;46.954537
71014_2440_00041;41;;Rue de Paris;71400;71014;Autun;;;4.297708;46.957246
71014_1318_00062;62;;Route de Forêt de Planoise;71400;71014;Autun;;;4.343342;46.905084
71014_1920_00003;3;;Rue Louis Charlot;71400;71014;Autun;;;4.296871;46.955428
71014_1206_00003;3;;Rue du Faubourg d’Arroux;71400;71014;Autun;;;4.296778;46.958277
71014_1218_00008;8;;Rue du Faubourg Saint-Blaise;71400;71014;Autun;;;4.299912;46.941641
71014_0890_00001;1;;Rue du Clos Jovet;71400;71014;Autun;;;4.302204;46.954719
71014_3240_00026;26;;Rue Saint-Antoine;71400;71014;Autun;;;4.301272;46.947396
71014_1715_00026;26;;Rue Jacques Delors;71400;71014;Autun;Saint-Pantaléon;;4.310322;46.963545
71014_0012_00002;2;;Rue des Acacias;71400;71014;Autun;Saint-Pantaléon;;4.312998;46.988323
71014_1050_00021_bis;21;bis;Avenue du 2e Dragons;71400;71014;Autun;;;4.311389;46.955209
71014_2040_00008;8;;Grande Rue Marchaux;71400;71014;Autun;;;4.300725;46.953753
71014_1235_00011_bis;11;bis;Rue du Faubourg Talus;71400;71014;Autun;;;4.295756;46.945433
71014_0620_00008;8;;Rue du Chalet Bleu;71400;71014;Autun;Saint-Pantaléon;;4.307038;46.962633
71014_3610_00014_bis;14;bis;Rue du Théâtre Romain;71400;71014;Autun;;;4.308703;46.955582
71014_1600_00001;1;;Rue Guérin;71400;71014;Autun;;;4.299921;46.951922
71014_1645_00003;3;;Place de l'Harmonie;71400;71014;Autun;Saint-Pantaléon;;4.31581;46.966196
71014_2741_00038;38;;Rue de la 1ere Armée;71400;71014;Autun;Saint-Pantaléon;;4.311714;46.975437
71014_0301_00045;45;;Rue du Bois Mathey;71400;71014;Autun;;;4.335803;46.90697
71014_0796_00006;6;;Impasse Chaumont;71400;71014;Autun;;;4.293888;46.946528
71014_1580_00056;56;;Rue de la Grille;71400;71014;Autun;;;4.293508;46.954016
71014_1720_00003;3;;Rue Jacques Lacarrière;71400;71014;Autun;;;4.272241;46.969102
71014_0580_00004;4;;Impasse de la Cathédrale;71400;71014;Autun;;;4.298012;46.944599
71014_1790_00005_a;5;a;Rue Jeannin;71400;71014;Autun;;;4.298889;46.952105
71014_2020_00006;6;;Rue Maquis de l’Autunois Morvan;71400;71014;Autun;;;4.269487;46.970697
71014_2470_00001;1;;Rue de Parpas;71400;71014;Autun;;;4.292841;46.952173
71014_3280_00003;3;;Rue Saint-Exupéry;71400;71014;Autun;;;4.2889;46.952246
71014_0285_00003;3;;Rue du Lotissement du Bois de Sapin;71400;71014;Autun;;;4.278952;46.946585
71014_3240_00005;5;;Rue Saint-Antoine;71400;71014;Autun;;;4.302234;46.948433
71014_1180_00001;1;;Impasse de l’Evêché;71400;71014;Autun;;;4.300456;46.944651
71014_1210_00003;3;;Rue du Faubourg Saint-Andoche;71400;71014;Autun;;;4.294699;46.950664
71014_1511_00002;2;;Route de la Genetoye;71400;71014;Autun;;;4.288506;46.956638
71014_1318_00014;14;;Route de Forêt de Planoise;71400;71014;Autun;;;4.33434;46.912961
71014_3110_00063;63;;Avenue de la République;71400;71014;Autun;Saint-Pantaléon;;4.310228;46.962374
71014_1318_00003_bis;3;bis;Route de Forêt de Planoise;71400;71014;Autun;;;4.332518;46.915677
71014_1208_00018;18;;Rue du Faubourg du Breuil;71400;71014;Autun;;;4.302056;46.942669
71014_0210_00020;20;;Boulevard Bernard Giberstein;71400;71014;Autun;;;4.282568;46.952232
71014_2380_00011;11;;Rue du 11 Novembre 1918;71400;71014;Autun;;;4.29152;46.952619
71014_1730_00008_g;8;g;Rue de la Jambe de Bois;71400;71014;Autun;;;4.304842;46.949267
71014_2660_00016;16;;Rue des Pierres;71400;71014;Autun;;;4.30204;46.96086
71014_1010_00022;22;;Rue de la Croix Verte;71400;71014;Autun;;;4.306444;46.954767
71014_0070_00007;7;;Rue Antoine Clement;71400;71014;Autun;Saint-Pantaléon;;4.31209;46.963735
71014_3050_00004;4;;Rue Raquette;71400;71014;Autun;;;4.301081;46.942524
71014_1206_00001_ter;1;ter;Rue du Faubourg d’Arroux;71400;71014;Autun;;;4.296065;46.95786
71014_0771_00004;4;;Petite Rue Chauchien;71400;71014;Autun;;;4.299231;46.947158
71014_0770_00007;7;;Grande Rue Chauchien;71400;71014;Autun;;;4.298698;46.948042
71014_0890_00005;5;;Rue du Clos Jovet;71400;71014;Autun;;;4.302577;46.955371
71014_0720_00002;2;;Rue Charles Boell;71400;71014;Autun;;;4.289866;46.949543
71014_2630_00003;3;;Rue Pierre et Marie Curie;71400;71014;Autun;Saint-Pantaléon;;4.305409;46.965343
71014_2090_00006;6;;Rue Mazagran;71400;71014;Autun;;;4.301312;46.953596
71014_2741_00012;12;;Rue de la 1ere Armée;71400;71014;Autun;Saint-Pantaléon;;4.312926;46.970999
71014_1651_00018;18;;Rue Henri Dunant;71400;71014;Autun;;;4.304377;46.954018
71014_0876_00041;41;;Route de la Chicolle et de Montjeu;71400;71014;Autun;;;4.283924;46.921835
71014_0915_00017_b;17;b;Avenue du Commandant Neuchèze;71400;71014;Autun;;;4.281081;46.957257
71014_3270_00006;6;;Rue Saint-Christophe;71400;71014;Autun;;;4.29721;46.949872
71014_2060_00003;3;;Rue Maurice Ravel;71400;71014;Autun;Saint-Pantaléon;;4.314507;46.965741
71014_0945_00004;4;;Rue Corneille;71400;71014;Autun;Saint-Pantaléon;;4.307801;46.968188
71014_3090_00005;5;;Rue du Rempart Saint-Jean;71400;71014;Autun;;;4.3021;46.960386
71014_0645_00003;3;;Rue du Champ du Moulin;71400;71014;Autun;Saint-Pantaléon;;4.312182;46.987665
71014_3110_00002;2;;Avenue de la République;71400;71014;Autun;;;4.291728;46.953831
71014_3275_00028;28;;Route de Saint-Denis;71400;71014;Autun;Saint-Pantaléon;;4.31962;46.968212
71014_1870_00003;3;;Rue Lauchien le Boucher;71400;71014;Autun;;;4.303728;46.947896
71014_3420_00010;10;;Rue Saint-Saulge;71400;71014;Autun;;;4.298144;46.948687
71014_0080_00033;33;;Rue de l’Arbalète;71400;71014;Autun;;;4.302144;46.948988
71014_0090_00092;92;;Route d'Arnay;71400;71014;Autun;Saint-Pantaléon;;4.309668;46.979002
71014_0185_00045;45;;Route de Beaune;71400;71014;Autun;Saint-Pantaléon;;4.327427;46.962283
71014_1075_00007;7;;Rue du 19 Mars 1962;71400;71014;Autun;;;4.293589;46.947722
71014_2470_00013;13;;Rue de Parpas;71400;71014;Autun;;;4.290255;46.951054
71014_0370_00023;23;;Rue Bouteiller;71400;71014;Autun;;;4.303319;46.946056
71014_3590_00015;15;;Place du Terreau;71400;71014;Autun;;;4.299552;46.944774
71014_0090_00043;43;;Route d'Arnay;71400;71014;Autun;Saint-Pantaléon;;4.303419;46.964315
71014_2043_00024;24;;Rue du Maréchal Juin;71400;71014;Autun;;;4.322056;46.950696
71014_3710_00023;23;;Rue Victor Hugo;71400;71014;Autun;Saint-Pantaléon;;4.307527;46.968924
71014_1975_00005;5;;Rue Maître Georges Martin;71400;71014;Autun;;;4.30047;46.953189
71014_2360_00012;12;;Rue Notre-Dame;71400;71014;Autun;;;4.298648;46.944626
71014_2080_00017;17;;Boulevard Mazagran;71400;71014;Autun;;;4.304059;46.95485
71014_2440_00043;43;;Rue de Paris;71400;71014;Autun;;;4.297667;46.957295
71014_1210_00044;44;;Rue du Faubourg Saint-Andoche;71400;71014;Autun;;;4.292595;46.952747
71014_1000_00004;4;;Rond-Point de la Croix Verte;71400;71014;Autun;;;4.30671;46.955877
71014_2043_00002;2;;Rue du Maréchal Juin;71400;71014;Autun;;;4.321876;46.9531
71014_0520_00001;1;;Place Cardinal Perraud;71400;71014;Autun;;;4.300725;46.945878
71014_0210_00022;22;;Boulevard Bernard Giberstein;71400;71014;Autun;;;4.281691;46.951805
71014_2625_00014;14;;Rue Pierre Colin;71400;71014;Autun;Saint-Pantaléon;;4.316907;46.965108
71014_1318_00016;16;;Route de Forêt de Planoise;71400;71014;Autun;;;4.334446;46.912886
71014_2660_00001_bis;1;bis;Rue des Pierres;71400;71014;Autun;;;4.30204;46.959515
71014_0910_00006_bis;6;bis;Rue Cocand;71400;71014;Autun;;;4.297642;46.945925
71014_0650_00012;12;;Rue du Champ Gevras;71400;71014;Autun;;;4.291935;46.945778
71014_1218_00069;69;;Rue du Faubourg Saint-Blaise;71400;71014;Autun;;;4.298613;46.93765
71014_1917_00033;33;;Rue Louis Aragon;71400;71014;Autun;;;4.320879;46.951261
71014_0650_00008;8;;Rue du Champ Gevras;71400;71014;Autun;;;4.292561;46.94571
71014_1225_00008;8;;Rue du Faubourg Saint-Pancrace;71400;71014;Autun;;;4.304527;46.945172
71014_2040_00028_d;28;d;Grande Rue Marchaux;71400;71014;Autun;;;4.300511;46.954368
71014_2080_00012;12;;Boulevard Mazagran;71400;71014;Autun;;;4.30313;46.95439
71014_0054_00003;3;;Allée André Malraux;71400;71014;Autun;;;4.280301;46.946657
71014_1649_00001;1;;Route de Haut Veau;71400;71014;Autun;Saint-Pantaléon;;4.337211;46.965281
71014_3240_00020;20;;Rue Saint-Antoine;71400;71014;Autun;;;4.301594;46.947685
71014_1100_00003;3;;Rue des Dremeaux;71400;71014;Autun;Saint-Pantaléon;;4.308407;46.959199
71014_1085_00021;21;;Rue du Docteur Renaud;71400;71014;Autun;;;4.2952;46.950652
71014_2030_00002;2;;Rue des Marbres;71400;71014;Autun;;;4.302628;46.948736
71014_3278_00007;7;;Rue Saint-Étienne;71400;71014;Autun;Saint-Pantaléon;;4.322244;46.962104
71014_3450_00018;18;;Rue Sainte-Barbe;71400;71014;Autun;;;4.300422;46.943976
71014_0560_00010;10;;Rue du Carrouge;71400;71014;Autun;;;4.295579;46.95018
71014_1110_00001;1;;Rue Dufraigne;71400;71014;Autun;;;4.299082;46.944363
71014_2001_00009;9;;Rue des Mânes;71400;71014;Autun;Saint-Pantaléon;;4.305668;46.961889
71014_3720_00002_a;2;a;Rue Victor Terret;71400;71014;Autun;;;4.297525;46.937683
71014_2030_00005;5;;Rue des Marbres;71400;71014;Autun;;;4.302873;46.948971
71014_2330_00010;10;;Rue Naudin;71400;71014;Autun;;;4.298723;46.957845
71014_1218_00030;30;;Rue du Faubourg Saint-Blaise;71400;71014;Autun;;;4.298613;46.93897
71014_3480_00007_bis;7;bis;Rue des Sous-Chantres;71400;71014;Autun;;;4.299707;46.943983
71014_2701_00012_bis;12;bis;Rue de Planoise;71400;71014;Autun;;;4.313153;46.940582
71014_1600_00004;4;;Rue Guérin;71400;71014;Autun;;;4.300106;46.951985
71014_b551_00011;11;;Le Clos du Parc;71400;71014;Autun;;;4.284427;46.947765
71014_0054_00018;18;;Allée André Malraux;71400;71014;Autun;;;4.281478;46.947238
71014_1730_00007;7;;Rue de la Jambe de Bois;71400;71014;Autun;;;4.304908;46.949537
71014_1210_00080_d;80;d;Rue du Faubourg Saint-Andoche;71400;71014;Autun;;;4.290338;46.955856
71014_1206_00012;12;;Rue du Faubourg d’Arroux;71400;71014;Autun;;;4.296268;46.959011
71014_b551_00019;19;;Le Clos du Parc;71400;71014;Autun;;;4.284753;46.948
71014_0080_00030;30;;Rue de l’Arbalète;71400;71014;Autun;;;4.302261;46.948759
71014_1860_00021;21;;Rue Jean et Bernard de Lattre de Tassigny;71400;71014;Autun;;;4.299543;46.949964
71014_0940_00002;2;;Rue aux Cordiers;71400;71014;Autun;;;4.299438;46.949573
71014_0771_00007;7;;Petite Rue Chauchien;71400;71014;Autun;;;4.299213;46.946896
71014_1270_00008;8;;Rue de Filhouse;71400;71014;Autun;;;4.312889;46.941223
71014_0250_00007;7;;Rue Blanche;71400;71014;Autun;;;4.301092;46.944338
71014_3490_00001;1;;Rue de Stevenage;71400;71014;Autun;;;4.278563;46.944314
71014_1580_00030_bis;30;bis;Rue de la Grille;71400;71014;Autun;;;4.295133;46.952072
71014_3110_00070;70;;Avenue de la République;71400;71014;Autun;;;4.301132;46.957844
71014_3430_00006;6;;Rue Sainte-Anne;71400;71014;Autun;;;4.30456;46.946833
71014_0185_00021_bis;21;bis;Route de Beaune;71400;71014;Autun;Saint-Pantaléon;;4.315211;46.956393
71014_1160_00017;17;;Rue Eumène;71400;71014;Autun;;;4.299534;46.953284
71014_0540_00025;25;;Rue Carion;71400;71014;Autun;;;4.295127;46.957328
71014_1206_00010;10;;Rue du Faubourg d’Arroux;71400;71014;Autun;;;4.29639;46.958878
71014_3850_00001;1;;Boulevard Xavier Pauchard;71400;71014;Autun;;;4.287733;46.954164
71014_0185_00018;18;;Route de Beaune;71400;71014;Autun;Saint-Pantaléon;;4.323052;46.958997
71014_1210_00064;64;;Rue du Faubourg Saint-Andoche;71400;71014;Autun;;;4.291844;46.953557
71014_0210_00012;12;;Boulevard Bernard Giberstein;71400;71014;Autun;;;4.284293;46.952507
71014_1030_00012;12;;Rue Deguin;71400;71014;Autun;;;4.300152;46.952629
71014_2470_00004;4;;Rue de Parpas;71400;71014;Autun;;;4.29247;46.952086
71014_1504_00007;7;;Rue Général Demetz;71400;71014;Autun;;;4.29876;46.949363
71014_1785_00009;9;;Chemin Jeanne Barret;71400;71014;Autun;;;4.288701;46.96153
71014_1210_00017_bis;17;bis;Rue du Faubourg Saint-Andoche;71400;71014;Autun;;;4.293893;46.951454
71014_3110_00035;35;;Avenue de la République;71400;71014;Autun;;;4.298915;46.957335
71014_1210_00013;13;;Rue du Faubourg Saint-Andoche;71400;71014;Autun;;;4.294237;46.951178
71014_3720_00019;19;;Rue Victor Terret;71400;71014;Autun;;;4.298387;46.9375
71014_3420_00011;11;;Rue Saint-Saulge;71400;71014;Autun;;;4.298283;46.948635
71014_3278_00023;23;;Rue Saint-Étienne;71400;71014;Autun;Saint-Pantaléon;;4.32398;46.962987
71014_3370_00019;19;;Rue Saint-Pancrace;71400;71014;Autun;;;4.303452;46.94624
71014_1820_00004;4;;Rue Jondeau;71400;71014;Autun;;;4.297483;46.950735
71014_0650_00006;6;;Rue du Champ Gevras;71400;71014;Autun;;;4.292802;46.945677
71014_2080_00019;19;;Boulevard Mazagran;71400;71014;Autun;;;4.304189;46.954897
71014_1650_00007;7;;Rue Harold de Fontenay;71400;71014;Autun;;;4.305323;46.954959
71014_1680_00035;35;;Rue du 8 Septembre;71400;71014;Autun;;;4.300874;46.960686
71014_0090_00081;81;;Route d'Arnay;71400;71014;Autun;Saint-Pantaléon;;4.305829;46.970433
71014_2330_00009;9;;Rue Naudin;71400;71014;Autun;;;4.299554;46.958111
71014_3350_00004;4;;Rue Saint-Nicolas;71400;71014;Autun;;;4.300023;46.955203
71014_1318_00005;5;;Route de Forêt de Planoise;71400;71014;Autun;;;4.332635;46.914833
71014_0301_00002;2;;Rue du Bois Mathey;71400;71014;Autun;;;4.334126;46.912795
71014_1580_00021_bis;21;bis;Rue de la Grille;71400;71014;Autun;;;4.295732;46.951414
71014_0620_00014;14;;Rue du Chalet Bleu;71400;71014;Autun;Saint-Pantaléon;;4.306069;46.963682
71014_3350_00011;11;;Rue Saint-Nicolas;71400;71014;Autun;;;4.300066;46.955499
71014_1450_00013;13;;Rue de la Garenne Bretin;71400;71014;Autun;;;4.342713;46.904498
71014_2470_00007_bis;7;bis;Rue de Parpas;71400;71014;Autun;;;4.29215;46.951821
71014_2080_00027;27;;Boulevard Mazagran;71400;71014;Autun;;;4.305248;46.955282
71014_2630_00010;10;;Rue Pierre et Marie Curie;71400;71014;Autun;Saint-Pantaléon;;4.305903;46.966924
71014_3461_00052;52;;Route de Saulieu;71400;71014;Autun;Saint-Pantaléon;;4.29415;46.966963
71014_3390_00007;7;;Rue Saint-Pierre;71400;71014;Autun;;;4.295636;46.949426
71014_1215_00012;12;;Rue du Faubourg Saint-André;71400;71014;Autun;;;4.307014;46.958381
71014_3280_00004;4;;Rue Saint-Exupéry;71400;71014;Autun;;;4.289329;46.952542
71014_1830_00010;10;;Rue des Jonquilles;71400;71014;Autun;Saint-Pantaléon;;4.310351;46.968165
71014_3550_00007;7;;Rue des Tanneries;71400;71014;Autun;;;4.294735;46.94621
71014_0571_00025_bis;25;bis;Rue de la Cascade;71400;71014;Autun;;;4.312985;46.941925
71014_0250_00012;12;;Rue Blanche;71400;71014;Autun;;;4.300971;46.944378
71014_0690_00001;1;;Rue du Chanoine Trinquet;71400;71014;Autun;;;4.299497;46.945286
71014_0165_00004;4;;Rue de la Barre;71400;71014;Autun;;;4.290403;46.94839
71014_0940_00004;4;;Rue aux Cordiers;71400;71014;Autun;;;4.299422;46.949499
71014_2060_00006;6;;Rue Maurice Ravel;71400;71014;Autun;Saint-Pantaléon;;4.314391;46.965802
71014_1830_00005;5;;Rue des Jonquilles;71400;71014;Autun;Saint-Pantaléon;;4.310111;46.967908
71014_2490_00012_bis;12;bis;Rue Paul Cazin;71400;71014;Autun;;;4.296649;46.938707
71014_3800_00001;1;;Rue des Violettes;71400;71014;Autun;Saint-Pantaléon;;4.310116;46.967417
71014_0100_00004_bis;4;bis;Rue de l’Arquebuse;71400;71014;Autun;;;4.300759;46.949671
71014_qu3gmy_00015;15;;Route du Bois de Sapin;71400;71014;Autun;;;4.2801;46.945967
71014_0301_00038;38;;Rue du Bois Mathey;71400;71014;Autun;;;4.334136;46.908688
71014_0650_00018;18;;Rue du Champ Gevras;71400;71014;Autun;;;4.291378;46.945818
71014_0301_00065;65;;Rue du Bois Mathey;71400;71014;Autun;;;4.339252;46.903737
71014_2639_00013;13;;Rue Pierre Mendès France;71400;71014;Autun;Saint-Pantaléon;;4.309662;46.962658
71014_3550_00008_bis;8;bis;Rue des Tanneries;71400;71014;Autun;;;4.294627;46.946832
71014_0365_00024;24;;Rue de Bourgogne;71400;71014;Autun;Saint-Pantaléon;;4.321726;46.962861
71014_3350_00019;19;;Rue Saint-Nicolas;71400;71014;Autun;;;4.30017;46.955702
71014_0915_00021;21;;Avenue du Commandant Neuchèze;71400;71014;Autun;;;4.280208;46.957377
71014_0080_00035;35;;Rue de l’Arbalète;71400;71014;Autun;;;4.302238;46.948912
71014_3110_00050_bis;50;bis;Avenue de la République;71400;71014;Autun;;;4.297887;46.95664
71014_0370_00017;17;;Rue Bouteiller;71400;71014;Autun;;;4.303003;46.94595
71014_2775_00058;58;;Route du Puits d'Alligny;71400;71014;Autun;;;4.287504;46.974364
71014_0080_00018;18;;Rue de l’Arbalète;71400;71014;Autun;;;4.301467;46.949266
71014_2050_00007;7;;Rue aux Maréchaux;71400;71014;Autun;;;4.299684;46.946526
71014_1210_00035_b;35;b;Rue du Faubourg Saint-Andoche;71400;71014;Autun;;;4.293071;46.952177
71014_3710_00002;2;;Rue Victor Hugo;71400;71014;Autun;Saint-Pantaléon;;4.308758;46.968797
71014_1110_00022;22;;Rue Dufraigne;71400;71014;Autun;;;4.299589;46.943336
71014_2100_00050;50;;Rue de Ménincourt;71400;71014;Autun;Saint-Pantaléon;;4.322069;46.982084
71014_0680_00014;14;;Rue Changarnier;71400;71014;Autun;;;4.300752;46.948647
71014_3075_00015_bis;15;bis;Rue aux Raz;71400;71014;Autun;;;4.297449;46.947374
71014_2340_00031_a;31;a;Rue Nicéphore Niepce;71400;71014;Autun;Saint-Pantaléon;;4.305582;46.975558
71014_0990_00022;22;;Rue de la Croix Blanche;71400;71014;Autun;;;4.303256;46.956797
71014_0054_00015;15;;Allée André Malraux;71400;71014;Autun;;;4.281275;46.946888
71014_0770_00030_b;30;b;Grande Rue Chauchien;71400;71014;Autun;;;4.298741;46.947313
71014_2470_00039;39;;Rue de Parpas;71400;71014;Autun;;;4.285856;46.949303
71014_1580_00053;53;;Rue de la Grille;71400;71014;Autun;;;4.293319;46.954093
71014_0680_00019_bis;19;bis;Rue Changarnier;71400;71014;Autun;;;4.299265;46.947884
71014_0230_00024;24;;Rue du Beuvray;71400;71014;Autun;;;4.287962;46.948863
71014_1218_00005;5;;Rue du Faubourg Saint-Blaise;71400;71014;Autun;;;4.300091;46.941707
71014_3110_00001;1;;Avenue de la République;71400;71014;Autun;;;4.291633;46.954035
71014_0650_00019;19;;Rue du Champ Gevras;71400;71014;Autun;;;4.291215;46.945719
71014_2520_00004;4;;Rue du Parc Saint-Jean;71400;71014;Autun;;;4.296323;46.960124
71014_1600_00024;24;;Rue Guérin;71400;71014;Autun;;;4.300837;46.953029
71014_0451_00039;39;;Route de Broye;71400;71014;Autun;;;4.310993;46.939956
71014_1110_00025;25;;Rue Dufraigne;71400;71014;Autun;;;4.300081;46.942767
71014_3170_00012_a;12;a;Rue de Rivault;71400;71014;Autun;;;4.298517;46.943692
71014_3075_00004;4;;Rue aux Raz;71400;71014;Autun;;;4.296424;46.948665
71014_0990_00014;14;;Rue de la Croix Blanche;71400;71014;Autun;;;4.302312;46.95656
71014_1917_00027;27;;Rue Louis Aragon;71400;71014;Autun;;;4.321197;46.951602
71014_3480_00010;10;;Rue des Sous-Chantres;71400;71014;Autun;;;4.299594;46.944092
71014_1651_00003;3;;Rue Henri Dunant;71400;71014;Autun;;;4.303561;46.953751
71014_0680_00024_a;24;a;Rue Changarnier;71400;71014;Autun;;;4.29916;46.947929
71014_2080_00016;16;;Boulevard Mazagran;71400;71014;Autun;;;4.30369;46.954585
71014_1257_00026;26;;Rue des Feuillies;71400;71014;Autun;;;4.337855;46.907981
71014_2511_00021;21;;Rue du Parc des Drémeaux;71400;71014;Autun;Saint-Pantaléon;;4.31617;46.960427
71014_2041_00026;26;;Petite Rue Marchaux;71400;71014;Autun;;;4.300105;46.953651
71014_1100_00073;73;;Rue des Dremeaux;71400;71014;Autun;Saint-Pantaléon;;4.318911;46.963442
71014_2520_00011;11;;Rue du Parc Saint-Jean;71400;71014;Autun;;;4.295823;46.95986
71014_1847_00012;12;;Rue Kawagoe;71400;71014;Autun;;;4.279455;46.943795
71014_0370_00004;4;;Rue Bouteiller;71400;71014;Autun;;;4.302429;46.945764
71014_0015_00003;3;;Rue de l’Acaron;71400;71014;Autun;Saint-Pantaléon;;4.307302;46.960129
71014_0770_00030_a;30;a;Grande Rue Chauchien;71400;71014;Autun;;;4.298939;46.947399
71014_1295_00008;8;;Impasse Fleury;71400;71014;Autun;;;4.287774;46.949445
71014_1160_00011_ter;11;ter;Rue Eumène;71400;71014;Autun;;;4.298625;46.952688
71014_1210_00021;21;;Rue du Faubourg Saint-Andoche;71400;71014;Autun;;;4.293745;46.951717
71014_0090_00071;71;;Route d'Arnay;71400;71014;Autun;Saint-Pantaléon;;4.305258;46.968725
71014_1099_00004;4;;Impasse des Drémeaux;71400;71014;Autun;Saint-Pantaléon;;4.312119;46.961152
71014_1218_00003;3;;Rue du Faubourg Saint-Blaise;71400;71014;Autun;;;4.300171;46.941852
71014_0348_00009;9;;Rue Bossuet;71400;71014;Autun;Saint-Pantaléon;;4.307068;46.967561
71014_1783_00008;8;;Rue Jean Jaurès;71400;71014;Autun;;;4.276717;46.973021
71014_0365_00018;18;;Rue de Bourgogne;71400;71014;Autun;Saint-Pantaléon;;4.320396;46.962446
71014_2080_00013_bis;13;bis;Boulevard Mazagran;71400;71014;Autun;;;4.303336;46.954578
71014_qu3gmy_00018;18;;Route du Bois de Sapin;71400;71014;Autun;;;4.276224;46.945065
71014_3590_00017;17;;Place du Terreau;71400;71014;Autun;;;4.299464;46.944698
71014_3075_00012_bis;12;bis;Rue aux Raz;71400;71014;Autun;;;4.296835;46.948181
71014_3180_00004;4;;Rue Badinter;71400;71014;Autun;;;4.277594;46.945543
71014_1710_00012;12;;Rue d’Ingelheim;71400;71014;Autun;;;4.278516;46.944015
71014_0100_00018;18;;Rue de l’Arquebuse;71400;71014;Autun;;;4.301974;46.95017
71014_1321_00011;11;;Ruelle Florand;71400;71014;Autun;Saint-Pantaléon;;4.319817;46.961545
71014_0645_00002;2;;Rue du Champ du Moulin;71400;71014;Autun;Saint-Pantaléon;;4.313367;46.987485
71014_1318_00001_bis;1;bis;Route de Forêt de Planoise;71400;71014;Autun;;;4.331949;46.91664
71014_1218_00023;23;;Rue du Faubourg Saint-Blaise;71400;71014;Autun;;;4.299661;46.941034
71014_2360_00008;8;;Rue Notre-Dame;71400;71014;Autun;;;4.298542;46.944959
71014_1180_00004;4;;Impasse de l’Evêché;71400;71014;Autun;;;4.300761;46.944759
71014_3240_00012;12;;Rue Saint-Antoine;71400;71014;Autun;;;4.301917;46.948174
71014_0100_00007;7;;Rue de l’Arquebuse;71400;71014;Autun;;;4.301171;46.949931
71014_0020_00002;2;;Rue Adrien Guignet;71400;71014;Autun;;;4.287695;46.952166
71014_1780_00009;9;;Rue Jean Friess;71400;71014;Autun;Saint-Pantaléon;;4.312979;46.988957
71014_0451_00045;45;;Route de Broye;71400;71014;Autun;;;4.313085;46.940437
71014_0301_00026;26;;Rue du Bois Mathey;71400;71014;Autun;;;4.333733;46.909959
71014_3035_00031;31;;Chemin des Ragots;71400;71014;Autun;Saint-Pantaléon;;4.329879;46.949632
71014_1780_00004;4;;Rue Jean Friess;71400;71014;Autun;Saint-Pantaléon;;4.313414;46.988918
71014_0940_00030;30;;Rue aux Cordiers;71400;71014;Autun;;;4.298729;46.948592
71014_2175_00003;3;;Rue Molière;71400;71014;Autun;Saint-Pantaléon;;4.306692;46.967892
71014_1208_00001;1;;Rue du Faubourg du Breuil;71400;71014;Autun;;;4.301573;46.943316
71014_2511_00007;7;;Rue du Parc des Drémeaux;71400;71014;Autun;Saint-Pantaléon;;4.314312;46.959762
71014_0012_00007;7;;Rue des Acacias;71400;71014;Autun;Saint-Pantaléon;;4.312152;46.988388
71014_3190_00009;9;;Impasse Rollet;71400;71014;Autun;;;4.301472;46.948478
71014_1600_00020;20;;Rue Guérin;71400;71014;Autun;;;4.300629;46.952736
71014_0771_00026;26;;Petite Rue Chauchien;71400;71014;Autun;;;4.299073;46.946605
71014_2110_00003;3;;Rue Mermoz;71400;71014;Autun;;;4.290254;46.952033
71014_0740_00011;11;;Avenue Charles de Gaulle;71400;71014;Autun;;;4.298084;46.950722
71014_1110_00019;19;;Rue Dufraigne;71400;71014;Autun;;;4.299776;46.943237
71014_2440_00047_bis;47;bis;Rue de Paris;71400;71014;Autun;;;4.297311;46.957206
71014_3420_00009;9;;Rue Saint-Saulge;71400;71014;Autun;;;4.298251;46.948682
71014_0012_00011;11;;Rue des Acacias;71400;71014;Autun;Saint-Pantaléon;;4.311693;46.988489
71014_0230_00016;16;;Rue du Beuvray;71400;71014;Autun;;;4.288975;46.948887
71014_2440_00024;24;;Rue de Paris;71400;71014;Autun;;;4.298033;46.957095
71014_0560_00014;14;;Rue du Carrouge;71400;71014;Autun;;;4.295204;46.950309
71014_1580_00009;9;;Rue de la Grille;71400;71014;Autun;;;4.296562;46.950757
71014_3275_00006;6;;Route de Saint-Denis;71400;71014;Autun;Saint-Pantaléon;;4.316601;46.967482
71014_1010_00022_g;22;g;Rue de la Croix Verte;71400;71014;Autun;;;4.308476;46.954492
71014_0301_00008;8;;Rue du Bois Mathey;71400;71014;Autun;;;4.334198;46.912173
71014_1030_00001;1;;Rue Deguin;71400;71014;Autun;;;4.300074;46.952222
71014_1218_00047_bis;47;bis;Rue du Faubourg Saint-Blaise;71400;71014;Autun;;;4.298852;46.939398
71014_2040_00035;35;;Grande Rue Marchaux;71400;71014;Autun;;;4.299815;46.954875
71014_1480_00005;5;;Rue Gaston Joliet;71400;71014;Autun;;;4.306779;46.947823
71014_3240_00009;9;;Rue Saint-Antoine;71400;71014;Autun;;;4.302126;46.948305
71014_1925_00003;3;;Rue du Lycée Bonaparte;71400;71014;Autun;;;4.29776;46.949076
71014_1295_00004;4;;Impasse Fleury;71400;71014;Autun;;;4.287062;46.949446
71014_1652_00004;4;;Rue Hector Berlioz;71400;71014;Autun;Saint-Pantaléon;;4.314969;46.966255
71014_0610_00003;3;;Rue Chaffaut;71400;71014;Autun;;;4.300576;46.94317
71014_0185_00009;9;;Route de Beaune;71400;71014;Autun;Saint-Pantaléon;;4.314361;46.956115
71014_1580_00024;24;;Rue de la Grille;71400;71014;Autun;;;4.29562;46.951645
71014_2630_00007;7;;Rue Pierre et Marie Curie;71400;71014;Autun;Saint-Pantaléon;;4.305392;46.965645
71014_3370_00007;7;;Rue Saint-Pancrace;71400;71014;Autun;;;4.302845;46.946465
71014_2680_00007;7;;Rue Piolin;71400;71014;Autun;;;4.300195;46.946784
71014_0949_00002;2;;Passage Gustave Courbet;71400;71014;Autun;;;4.296766;46.959633
71014_1370_00003;3;;Rue des Fusiliers Marins;71400;71014;Autun;;;4.306673;46.956675
71014_0796_00012;12;;Impasse Chaumont;71400;71014;Autun;;;4.293289;46.947209
71014_0020_00006;6;;Rue Adrien Guignet;71400;71014;Autun;;;4.287747;46.951443
71014_1085_00014_bis;14;bis;Rue du Docteur Renaud;71400;71014;Autun;;;4.295069;46.950718
71014_1890_00024;24;;Boulevard Laureau;71400;71014;Autun;;;4.301683;46.954584
71014_2100_00040;40;;Rue de Ménincourt;71400;71014;Autun;Saint-Pantaléon;;4.318312;46.979817
71014_2080_00001;1;;Boulevard Mazagran;71400;71014;Autun;;;4.302209;46.954152
71014_0335_00019;19;;Route de la Bondelue;71400;71014;Autun;;;4.339862;46.891411
71014_3412_00004_a;4;a;Rue Saint-Roch;71400;71014;Autun;;;4.30695;46.957802
71014_0345_00015;15;;Rue Borgne;71400;71014;Autun;Saint-Pantaléon;;4.315126;46.971036
71014_3850_00008;8;;Boulevard Xavier Pauchard;71400;71014;Autun;;;4.288344;46.953311
71014_0054_00014;14;;Allée André Malraux;71400;71014;Autun;;;4.281763;46.946681
71014_0230_00033;33;;Rue du Beuvray;71400;71014;Autun;;;4.286495;46.948723
71014_0451_00046;46;;Route de Broye;71400;71014;Autun;;;4.313106;46.940355
71014_1580_00045_ter;45;ter;Rue de la Grille;71400;71014;Autun;;;4.293778;46.953432
71014_0743_00011;11;;Rue Charles Gounod;71400;71014;Autun;Saint-Pantaléon;;4.315198;46.966678
71014_0871_00002;2;;Impasse des Carilloux;71400;71014;Autun;Saint-Pantaléon;;4.314295;46.961357
71014_0301_00016;16;;Rue du Bois Mathey;71400;71014;Autun;;;4.3345;46.910884
71014_3412_00004_b;4;b;Rue Saint-Roch;71400;71014;Autun;;;4.307007;46.957839
71014_0949_00007;7;;Passage Gustave Courbet;71400;71014;Autun;;;4.296242;46.959971
71014_1160_00007;7;;Rue Eumène;71400;71014;Autun;;;4.297941;46.952333
71014_1090_00006;6;;Rue du Docteur Gillot;71400;71014;Autun;;;4.298273;46.947638
71014_1050_00010;10;;Avenue du 2e Dragons;71400;71014;Autun;;;4.309388;46.954247
71014_3480_00012;12;;Rue des Sous-Chantres;71400;71014;Autun;;;4.299638;46.944012
71014_3270_00016;16;;Rue Saint-Christophe;71400;71014;Autun;;;4.29692;46.95016
71014_1980_00003;3;;Impasse de la Maitrise;71400;71014;Autun;;;4.298559;46.945479
71014_0760_00001;1;;Rue du Châtelet;71400;71014;Autun;;;4.29554;46.949571
71014_0301_00040;40;;Rue du Bois Mathey;71400;71014;Autun;;;4.333777;46.908488
71014_0500_00018_c;18;c;Rue du Capitaine Repoux;71400;71014;Autun;;;4.292547;46.94909
71014_2100_00020;20;;Rue de Ménincourt;71400;71014;Autun;Saint-Pantaléon;;4.315483;46.976286
71014_1110_00015;15;;Rue Dufraigne;71400;71014;Autun;;;4.29935;46.943764
71014_0090_00127;127;;Route d'Arnay;71400;71014;Autun;Saint-Pantaléon;;4.313721;46.987852
71014_0990_00011;11;;Rue de la Croix Blanche;71400;71014;Autun;;;4.302848;46.956923
71014_1580_00054_bis;54;bis;Rue de la Grille;71400;71014;Autun;;;4.293554;46.953941
71014_3130_00008_ter;8;ter;Boulevard des Résistants Fusillés;71400;71014;Autun;;;4.29415;46.948733
71014_1235_00031;31;;Rue du Faubourg Talus;71400;71014;Autun;;;4.289032;46.946685
71014_0301_00024;24;;Rue du Bois Mathey;71400;71014;Autun;;;4.333882;46.909897
71014_1120_00004;4;;Impasse des Eduens;71400;71014;Autun;;;4.291295;46.947489
71014_0090_00037;37;;Route d'Arnay;71400;71014;Autun;Saint-Pantaléon;;4.303945;46.963532
71014_1318_00042;42;;Route de Forêt de Planoise;71400;71014;Autun;;;4.338556;46.909372
71014_0750_00008;8;;Rue de Chasseneux;71400;71014;Autun;;;4.304625;46.947956
71014_2340_00027;27;;Rue Nicéphore Niepce;71400;71014;Autun;Saint-Pantaléon;;4.305376;46.975196
71014_2175_00007;7;;Rue Molière;71400;71014;Autun;Saint-Pantaléon;;4.306646;46.968233
71014_2020_00010;10;;Rue Maquis de l’Autunois Morvan;71400;71014;Autun;;;4.268981;46.971008
71014_3275_00014;14;;Route de Saint-Denis;71400;71014;Autun;Saint-Pantaléon;;4.317329;46.967534
71014_2201_00002;2;;Rue du Muguet;71400;71014;Autun;Saint-Pantaléon;;4.309454;46.967997
71014_0185_00007;7;;Route de Beaune;71400;71014;Autun;Saint-Pantaléon;;4.314231;46.956078
71014_1331_00002;2;;Rue de la Foret;71400;71014;Autun;;;4.309776;46.940355
71014_0301_00007;7;;Rue du Bois Mathey;71400;71014;Autun;;;4.334591;46.910899
71014_3110_00059;59;;Avenue de la République;71400;71014;Autun;Saint-Pantaléon;;4.309534;46.962122
71014_1898_00004;4;;Rue Lieutenant-Colonel de Sairigné;71400;71014;Autun;;;4.274951;46.968752
71014_3320_00004;4;;Rue Saint-Jean;71400;71014;Autun;;;4.300817;46.956598
71014_0090_00115;115;;Route d'Arnay;71400;71014;Autun;Saint-Pantaléon;;4.312116;46.984502
71014_0285_00006;6;;Rue du Lotissement du Bois de Sapin;71400;71014;Autun;;;4.278638;46.947037
71014_2639_00007;7;;Rue Pierre Mendès France;71400;71014;Autun;Saint-Pantaléon;;4.309936;46.962853
71014_2185_00021;21;;Route de Montromble;71400;71014;Autun;;;4.355073;46.886638
71014_0301_00063;63;;Rue du Bois Mathey;71400;71014;Autun;;;4.339046;46.903935
71014_0365_00014_bis;14;bis;Rue de Bourgogne;71400;71014;Autun;Saint-Pantaléon;;4.319754;46.962307
71014_2040_00005;5;;Grande Rue Marchaux;71400;71014;Autun;;;4.300913;46.953542
71014_2511_00022_ter;22;ter;Rue du Parc des Drémeaux;71400;71014;Autun;Saint-Pantaléon;;4.317142;46.959615
71014_1235_00013;13;;Rue du Faubourg Talus;71400;71014;Autun;;;4.295605;46.94548
71014_1920_00006;6;;Rue Louis Charlot;71400;71014;Autun;;;4.295627;46.955328
71014_1085_00015_ter;15;ter;Rue du Docteur Renaud;71400;71014;Autun;;;4.295659;46.951009
71014_1206_00039_a;39;a;Rue du Faubourg d’Arroux;71400;71014;Autun;;;4.294784;46.96019
71014_2570_00001_bis;1;bis;Rue du Petit Pont;71400;71014;Autun;;;4.300335;46.941943
71014_1580_00001;1;;Rue de la Grille;71400;71014;Autun;;;4.296753;46.950393
71014_0100_00003;3;;Rue de l’Arquebuse;71400;71014;Autun;;;4.300621;46.949707
71014_2330_00024;24;;Rue Naudin;71400;71014;Autun;;;4.300325;46.958179
71014_1218_00018;18;;Rue du Faubourg Saint-Blaise;71400;71014;Autun;;;4.299203;46.940602
71014_3110_00022;22;;Avenue de la République;71400;71014;Autun;;;4.293542;46.954504
71014_3010_00016;16;;Rue des 4 Vents;71400;71014;Autun;;;4.299374;46.957558
71014_3315_00012;12;;Rue Saint-Hubert;71400;71014;Autun;Saint-Pantaléon;;4.307102;46.963715
71014_2050_00015;15;;Rue aux Maréchaux;71400;71014;Autun;;;4.299263;46.946409
71014_1125_00017;17;;Rue des Éduens;71400;71014;Autun;;;4.291831;46.948297
71014_1504_00004;4;;Rue Général Demetz;71400;71014;Autun;;;4.298952;46.949466
71014_3685_00003;3;;Rue de la Verrerie;71400;71014;Autun;;;4.279422;46.958377
71014_1220_00006;6;;Rue du Faubourg Saint-Branchez;71400;71014;Autun;;;4.305032;46.945705
71014_1890_00022;22;;Boulevard Laureau;71400;71014;Autun;;;4.301888;46.954279
71014_1085_00023;23;;Rue du Docteur Renaud;71400;71014;Autun;;;4.295101;46.95056
71014_2661_00012;12;;Rue Pierre Bérégovoy;71400;71014;Autun;Saint-Pantaléon;;4.305189;46.963468
71014_1331_00010;10;;Rue de la Foret;71400;71014;Autun;;;4.30912;46.940196
71014_0220_00004;4;;Rue Bernard Renault;71400;71014;Autun;;;4.29632;46.953539
71014_1390_00018;18;;Rue des Gailles;71400;71014;Autun;;;4.285753;46.948063
71014_0940_00008;8;;Rue aux Cordiers;71400;71014;Autun;;;4.299339;46.949294
71014_0626_00007;7;;Route de Chalon;71400;71014;Autun;Saint-Pantaléon;;4.319023;46.955083
71014_1218_00056;56;;Rue du Faubourg Saint-Blaise;71400;71014;Autun;;;4.298519;46.937651
71014_0100_00010;10;;Rue de l’Arquebuse;71400;71014;Autun;;;4.301099;46.949815
71014_3500_00008;8;;Rue Talleyrand;71400;71014;Autun;;;4.285384;46.94684
71014_1125_00030_bis;30;bis;Rue des Éduens;71400;71014;Autun;;;4.289994;46.950744
71014_0871_00004;4;;Impasse des Carilloux;71400;71014;Autun;Saint-Pantaléon;;4.314409;46.961173
71014_0800_00009;9;;Ruelle Chaumont;71400;71014;Autun;;;4.29323;46.946586
71014_2480_00002;2;;Chemin de la Passerelle;71400;71014;Autun;Saint-Pantaléon;;4.303868;46.96569
71014_0348_00015;15;;Rue Bossuet;71400;71014;Autun;Saint-Pantaléon;;4.306331;46.967664
71014_1680_00003_ter;3;ter;Rue du 8 Septembre;71400;71014;Autun;;;4.298881;46.958289
71014_0610_00010;10;;Rue Chaffaut;71400;71014;Autun;;;4.300123;46.943081
71014_2440_00018_bis;18;bis;Rue de Paris;71400;71014;Autun;;;4.298603;46.956492
71014_3450_00016;16;;Rue Sainte-Barbe;71400;71014;Autun;;;4.300383;46.944125
71014_1070_00001_bis;1;bis;Rue de Dijon;71400;71014;Autun;;;4.299816;46.956146
71014_0626_00154;154;;Route de Chalon;71400;71014;Autun;Saint-Pantaléon;;4.343929;46.947919
71014_2701_00013_bis;13;bis;Rue de Planoise;71400;71014;Autun;;;4.311674;46.940614
71014_3850_00002;2;;Boulevard Xavier Pauchard;71400;71014;Autun;;;4.287304;46.954718
71014_1770_00011;11;;Avenue Jules Basdevant;71400;71014;Autun;;;4.305245;46.952124
71014_3275_00005;5;;Route de Saint-Denis;71400;71014;Autun;Saint-Pantaléon;;4.317161;46.967586
71014_3290_00009;9;;Rue Saint-Germain;71400;71014;Autun;;;4.295498;46.949258
71014_0360_00006;6;;Rue du Bourg;71400;71014;Autun;Saint-Pantaléon;;4.309137;46.959918
71014_1257_00008;8;;Rue des Feuillies;71400;71014;Autun;;;4.336222;46.910189
71014_0370_00003;3;;Rue Bouteiller;71400;71014;Autun;;;4.301262;46.946043
71014_1892_00005;5;;Allée de la Liberté;71400;71014;Autun;;;4.286548;46.946118
71014_1600_00017;17;;Rue Guérin;71400;71014;Autun;;;4.300361;46.952485
71014_0670_00004_d;4;d;Rue du Chancelier Rolin;71400;71014;Autun;;;4.301187;46.958962
71014_0915_00054_bis;54;bis;Avenue du Commandant Neuchèze;71400;71014;Autun;;;4.277057;46.957889
71014_2080_00005;5;;Boulevard Mazagran;71400;71014;Autun;;;4.30259;46.954299
71014_0670_00018_a;18;a;Rue du Chancelier Rolin;71400;71014;Autun;;;4.301133;46.959617
71014_0771_00034;34;;Petite Rue Chauchien;71400;71014;Autun;;;4.299045;46.946376
71014_0610_00008;8;;Rue Chaffaut;71400;71014;Autun;;;4.3002;46.943446
71014_0080_00019;19;;Rue de l’Arbalète;71400;71014;Autun;;;4.30161;46.949363
71014_0090_00027;27;;Route d'Arnay;71400;71014;Autun;Saint-Pantaléon;;4.304567;46.962556
71014_3430_00012;12;;Rue Sainte-Anne;71400;71014;Autun;;;4.305832;46.947537
71014_0054_00007;7;;Allée André Malraux;71400;71014;Autun;;;4.280338;46.946376
71014_1840_00006_ter;6;ter;Rue Joseph-François de Champeaux;71400;71014;Autun;Saint-Pantaléon;;4.310552;46.96666
71014_1235_00025;25;;Rue du Faubourg Talus;71400;71014;Autun;;;4.289443;46.946691
71014_0680_00002_ter;2;ter;Rue Changarnier;71400;71014;Autun;;;4.301595;46.949016
71014_0451_00060;60;;Route de Broye;71400;71014;Autun;;;4.315053;46.940243
71014_2639_00017;17;;Rue Pierre Mendès France;71400;71014;Autun;Saint-Pantaléon;;4.309939;46.962762
71014_1780_00001;1;;Rue Jean Friess;71400;71014;Autun;Saint-Pantaléon;;4.313849;46.988765
71014_0220_00036;36;;Rue Bernard Renault;71400;71014;Autun;;;4.299672;46.954976
71014_2071_00002;2;;Rue Max Poulleau;71400;71014;Autun;Saint-Pantaléon;;4.310231;46.961002
71014_0755_00020;20;;Route de Château-Chinon;71400;71014;Autun;;;4.285003;46.958715
71014_0910_00003;3;;Rue Cocand;71400;71014;Autun;;;4.29864;46.946118
71014_3610_00008;8;;Rue du Théâtre Romain;71400;71014;Autun;;;4.30807;46.955659
71014_0100_00024;24;;Rue de l’Arquebuse;71400;71014;Autun;;;4.302876;46.950535
71014_1125_00015;15;;Rue des Éduens;71400;71014;Autun;;;4.291919;46.948174
71014_0670_00002;2;;Rue du Chancelier Rolin;71400;71014;Autun;;;4.301295;46.958559
71014_1930_00004;4;;Boulevard Mac Mahon;71400;71014;Autun;;;4.297387;46.944695
71014_2100_00027;27;;Rue de Ménincourt;71400;71014;Autun;Saint-Pantaléon;;4.317017;46.979049
71014_0670_00021;21;;Rue du Chancelier Rolin;71400;71014;Autun;;;4.301116;46.959959
71014_1390_00007;7;;Rue des Gailles;71400;71014;Autun;;;4.286265;46.947736
71014_1860_00016;16;;Rue Jean et Bernard de Lattre de Tassigny;71400;71014;Autun;;;4.299641;46.95046
71014_2470_00014;14;;Rue de Parpas;71400;71014;Autun;;;4.288897;46.950771
71014_2470_00025;25;;Rue de Parpas;71400;71014;Autun;;;4.28814;46.950456
71014_1050_00002_bis;2;bis;Avenue du 2e Dragons;71400;71014;Autun;;;4.307314;46.952409
71014_1010_00013;13;;Rue de la Croix Verte;71400;71014;Autun;;;4.306115;46.954415
71014_0365_00034;34;;Rue de Bourgogne;71400;71014;Autun;Saint-Pantaléon;;4.323121;46.963371
71014_1010_00006;6;;Rue de la Croix Verte;71400;71014;Autun;;;4.305924;46.953645
71014_3050_00002;2;;Rue Raquette;71400;71014;Autun;;;4.300795;46.942332
71014_1400_00004;4;;Rue de Gaillon;71400;71014;Autun;;;4.302673;46.95826
71014_1125_00020;20;;Rue des Éduens;71400;71014;Autun;;;4.291075;46.949211
71014_0565_00003;3;;Ruelle du Carrouge;71400;71014;Autun;;;4.295866;46.950801
71014_2440_00015;15;;Rue de Paris;71400;71014;Autun;;;4.299327;46.955498
71014_0740_00023;23;;Avenue Charles de Gaulle;71400;71014;Autun;;;4.296717;46.952151
71014_2380_00017;17;;Rue du 11 Novembre 1918;71400;71014;Autun;;;4.290466;46.952941
71014_0345_00009;9;;Rue Borgne;71400;71014;Autun;Saint-Pantaléon;;4.314283;46.970945
71014_1206_00017_bis;17;bis;Rue du Faubourg d’Arroux;71400;71014;Autun;;;4.296057;46.959034
71014_3390_00005;5;;Rue Saint-Pierre;71400;71014;Autun;;;4.295707;46.949526
71014_qu3gmy_00008;8;;Route du Bois de Sapin;71400;71014;Autun;;;4.280987;46.947975
71014_0740_00056;56;;Avenue Charles de Gaulle;71400;71014;Autun;;;4.294989;46.954319
71014_0745_00001;1;;Rue de Charolles;71400;71014;Autun;Saint-Pantaléon;;4.304855;46.961492
71014_0360_00002;2;;Rue du Bourg;71400;71014;Autun;Saint-Pantaléon;;4.308878;46.959678
71014_1980_00005;5;;Impasse de la Maitrise;71400;71014;Autun;;;4.298506;46.945543
71014_2520_00013;13;;Rue du Parc Saint-Jean;71400;71014;Autun;;;4.295761;46.959835
71014_1715_00024;24;;Rue Jacques Delors;71400;71014;Autun;Saint-Pantaléon;;4.309665;46.963535
71014_1890_00044;44;;Boulevard Laureau;71400;71014;Autun;;;4.300465;46.956024
71014_0210_00024;24;;Boulevard Bernard Giberstein;71400;71014;Autun;;;4.280168;46.95119
71014_0335_00004;4;;Route de la Bondelue;71400;71014;Autun;;;4.339934;46.892563
71014_0745_00005;5;;Rue de Charolles;71400;71014;Autun;Saint-Pantaléon;;4.304174;46.961954
71014_0185_00016;16;;Route de Beaune;71400;71014;Autun;Saint-Pantaléon;;4.322666;46.958874
71014_0915_00025;25;;Avenue du Commandant Neuchèze;71400;71014;Autun;;;4.277858;46.95767
71014_0340_00002_bis;2;bis;Rue de la Bondue;71400;71014;Autun;;;4.301197;46.95428
71014_3278_00026;26;;Rue Saint-Étienne;71400;71014;Autun;Saint-Pantaléon;;4.325451;46.963795
71014_1218_00047;47;;Rue du Faubourg Saint-Blaise;71400;71014;Autun;;;4.298876;46.939498
71014_1210_00055_b;55;b;Rue du Faubourg Saint-Andoche;71400;71014;Autun;;;4.290435;46.955227
71014_1842_00006;6;;Chemin Jules Miot;71400;71014;Autun;;;4.287381;46.962179
71014_3100_00010;10;;Rue René Cassin;71400;71014;Autun;;;4.278095;46.946986
71014_2440_00022;22;;Rue de Paris;71400;71014;Autun;;;4.298359;46.956737
71014_2175_00004;4;;Rue Molière;71400;71014;Autun;Saint-Pantaléon;;4.306628;46.967854
71014_0650_00036;36;;Rue du Champ Gevras;71400;71014;Autun;;;4.293383;46.945162
71014_glbax1_00016;16;;Route du Corps Franc Pommiès;71400;71014;Autun;;;4.284862;46.94518
71014_2030_00015;15;;Rue des Marbres;71400;71014;Autun;;;4.303998;46.949751
71014_3110_00010_e;10;e;Avenue de la République;71400;71014;Autun;;;4.293006;46.95375
71014_1450_00020_a;20;a;Rue de la Garenne Bretin;71400;71014;Autun;;;4.342505;46.903449
71014_0740_00061;61;;Avenue Charles de Gaulle;71400;71014;Autun;;;4.293776;46.954503
71014_0740_00031;31;;Avenue Charles de Gaulle;71400;71014;Autun;;;4.295741;46.953203
71014_2030_00013_bis;13;bis;Rue des Marbres;71400;71014;Autun;;;4.303658;46.949545
71014_2250_00004;4;;Avenue du Morvan;71400;71014;Autun;;;4.294242;46.950267
71014_2350_00002;2;;Impasse Notre Dame;71400;71014;Autun;;;4.298818;46.944338
71014_1680_00009;9;;Rue du 8 Septembre;71400;71014;Autun;;;4.298511;46.958577
71014_2170_00018;18;;Rue Moirans;71400;71014;Autun;Saint-Pantaléon;;4.317285;46.966072
71014_1075_00008;8;;Rue du 19 Mars 1962;71400;71014;Autun;;;4.293893;46.948053
71014_0320_00002;2;;Route du Bois de Saint-Jean;71400;71014;Autun;;;4.264723;46.961567
71014_1905_00004;4;;Rue des Lilas;71400;71014;Autun;Saint-Pantaléon;;4.309457;46.967562
71014_1520_00007;7;;Rue Georges Leyton;71400;71014;Autun;;;4.295398;46.946625
71014_2520_00001_bis;1;bis;Rue du Parc Saint-Jean;71400;71014;Autun;;;4.297043;46.959852
71014_3190_00013;13;;Impasse Rollet;71400;71014;Autun;;;4.300994;46.948153
71014_2045_00003_bis;3;bis;Boulevard du Maréchal Leclerc;71400;71014;Autun;Saint-Pantaléon;;4.307623;46.963376
71014_0055_00008;8;;Avenue André Saclier;71400;71014;Autun;;;4.275395;46.971583
71014_0340_00008;8;;Rue de la Bondue;71400;71014;Autun;;;4.300837;46.954362
71014_1210_00055;55;;Rue du Faubourg Saint-Andoche;71400;71014;Autun;;;4.290554;46.955068
71014_0626_00072;72;;Route de Chalon;71400;71014;Autun;Saint-Pantaléon;;4.33329;46.950179
71014_0012_00003;3;;Rue des Acacias;71400;71014;Autun;Saint-Pantaléon;;4.312922;46.988214
71014_3110_00076;76;;Avenue de la République;71400;71014;Autun;;;4.301601;46.958027
71014_1050_00016;16;;Avenue du 2e Dragons;71400;71014;Autun;;;4.310082;46.954663
71014_1780_00014;14;;Rue Jean Friess;71400;71014;Autun;Saint-Pantaléon;;4.312131;46.987935
71014_3278_00015;15;;Rue Saint-Étienne;71400;71014;Autun;Saint-Pantaléon;;4.32329;46.962522
71014_1680_00032;32;;Rue du 8 Septembre;71400;71014;Autun;;;4.30042;46.960091
71014_1210_00025;25;;Rue du Faubourg Saint-Andoche;71400;71014;Autun;;;4.293516;46.951872
71014_0185_00012;12;;Route de Beaune;71400;71014;Autun;Saint-Pantaléon;;4.32232;46.958632
71014_1847_00005;5;;Rue Kawagoe;71400;71014;Autun;;;4.278793;46.943709
71014_2701_00021;21;;Rue de Planoise;71400;71014;Autun;;;4.313533;46.940655
71014_1125_00029;29;;Rue des Éduens;71400;71014;Autun;;;4.291004;46.949552
71014_2041_00022;22;;Petite Rue Marchaux;71400;71014;Autun;;;4.300035;46.953571
71014_1028_00001;1;;Place Deguin;71400;71014;Autun;;;4.299597;46.953005
71014_0650_00015;15;;Rue du Champ Gevras;71400;71014;Autun;;;4.291766;46.945836
71014_0345_00008;8;;Rue Borgne;71400;71014;Autun;Saint-Pantaléon;;4.314395;46.97086
71014_0345_00033;33;;Rue Borgne;71400;71014;Autun;Saint-Pantaléon;;4.322829;46.972067
71014_1640_00011;11;;Place d’Hallencourt;71400;71014;Autun;;;4.300395;46.946365
71014_0740_00042;42;;Avenue Charles de Gaulle;71400;71014;Autun;;;4.296019;46.953204
71014_3278_00014_a;14;a;Rue Saint-Étienne;71400;71014;Autun;Saint-Pantaléon;;4.323713;46.96263
71014_1480_00016_a;16;a;Rue Gaston Joliet;71400;71014;Autun;;;4.306541;46.947834
71014_3350_00009;9;;Rue Saint-Nicolas;71400;71014;Autun;;;4.300064;46.955413
71014_0645_00020;20;;Rue du Champ du Moulin;71400;71014;Autun;Saint-Pantaléon;;4.311585;46.987866
71014_0360_00012;12;;Rue du Bourg;71400;71014;Autun;Saint-Pantaléon;;4.309953;46.960627
71014_2639_00014;14;;Rue Pierre Mendès France;71400;71014;Autun;Saint-Pantaléon;;4.309727;46.96268
71014_0990_00007;7;;Rue de la Croix Blanche;71400;71014;Autun;;;4.302587;46.956798
71014_0740_00036;36;;Avenue Charles de Gaulle;71400;71014;Autun;;;4.296386;46.952852
71014_1125_00010;10;;Rue des Éduens;71400;71014;Autun;;;4.291875;46.948044
71014_2511_00001;1;;Rue du Parc des Drémeaux;71400;71014;Autun;Saint-Pantaléon;;4.313364;46.959954
71014_0670_00008_a;8;a;Rue du Chancelier Rolin;71400;71014;Autun;;;4.300828;46.959295
71014_3412_00002;2;;Rue Saint-Roch;71400;71014;Autun;;;4.306793;46.957618
71014_2440_00008;8;;Rue de Paris;71400;71014;Autun;;;4.299336;46.955659
71014_1100_00021;21;;Rue des Dremeaux;71400;71014;Autun;Saint-Pantaléon;;4.310376;46.960132
71014_2100_00045;45;;Rue de Ménincourt;71400;71014;Autun;Saint-Pantaléon;;4.320784;46.981504
71014_3130_00014;14;;Boulevard des Résistants Fusillés;71400;71014;Autun;;;4.296624;46.946436
71014_3370_00021;21;;Rue Saint-Pancrace;71400;71014;Autun;;;4.303725;46.946061
71014_3740_00008;8;;Rue de la Vieille Halle;71400;71014;Autun;;;4.299383;46.954082
71014_1680_00006;6;;Rue du 8 Septembre;71400;71014;Autun;;;4.298666;46.958625
71014_0345_00012;12;;Rue Borgne;71400;71014;Autun;Saint-Pantaléon;;4.31502;46.97097
71014_0626_00005;5;;Route de Chalon;71400;71014;Autun;Saint-Pantaléon;;4.318009;46.955457
71014_3390_00006_bis;6;bis;Rue Saint-Pierre;71400;71014;Autun;;;4.295657;46.949585
71014_2030_00011;11;;Rue des Marbres;71400;71014;Autun;;;4.303123;46.949177
71014_0345_00011;11;;Rue Borgne;71400;71014;Autun;Saint-Pantaléon;;4.314549;46.970938
71014_1450_00002_ter;2;ter;Rue de la Garenne Bretin;71400;71014;Autun;;;4.340393;46.905745
71014_2470_00020_ter;20;ter;Rue de Parpas;71400;71014;Autun;;;4.287982;46.950606
71014_1560_00008;8;;Rue de la Grange Vertu;71400;71014;Autun;;;4.294817;46.953133
71014_2610_00004;4;;Avenue Pierre Brossolette;71400;71014;Autun;;;4.272809;46.972065
71014_1504_00001;1;;Rue Général Demetz;71400;71014;Autun;;;4.299311;46.949624
71014_qu3gmy_00034;34;;Route du Bois de Sapin;71400;71014;Autun;;;4.272526;46.942998
71014_0360_00001;1;;Rue du Bourg;71400;71014;Autun;Saint-Pantaléon;;4.308617;46.959491
71014_2100_00033;33;;Rue de Ménincourt;71400;71014;Autun;Saint-Pantaléon;;4.317553;46.979455
71014_1210_00009;9;;Rue du Faubourg Saint-Andoche;71400;71014;Autun;;;4.294375;46.951028
71014_2041_00010;10;;Petite Rue Marchaux;71400;71014;Autun;;;4.299906;46.953152
71014_1218_00065;65;;Rue du Faubourg Saint-Blaise;71400;71014;Autun;;;4.298613;46.9378
71014_0740_00025;25;;Avenue Charles de Gaulle;71400;71014;Autun;;;4.29652;46.952345
71014_0680_00020;20;;Rue Changarnier;71400;71014;Autun;;;4.300022;46.948286
71014_3740_00004;4;;Rue de la Vieille Halle;71400;71014;Autun;;;4.299318;46.95392
71014_0220_00016;16;;Rue Bernard Renault;71400;71014;Autun;;;4.297826;46.954236
71014_0090_00015;15;;Route d'Arnay;71400;71014;Autun;Saint-Pantaléon;;4.304987;46.960822
71014_1206_00044;44;;Rue du Faubourg d’Arroux;71400;71014;Autun;;;4.295168;46.960229
71014_1770_00007;7;;Avenue Jules Basdevant;71400;71014;Autun;;;4.30442;46.951469
71014_1208_00020;20;;Rue du Faubourg du Breuil;71400;71014;Autun;;;4.302309;46.942658
71014_2511_00002;2;;Rue du Parc des Drémeaux;71400;71014;Autun;Saint-Pantaléon;;4.313443;46.959887
71014_0755_00032;32;;Route de Château-Chinon;71400;71014;Autun;;;4.283459;46.960134
71014_3650_00017;17;;Rue Traversière;71400;71014;Autun;;;4.296576;46.953447
71014_0230_00037;37;;Rue du Beuvray;71400;71014;Autun;;;4.286074;46.948706
71014_0771_00028;28;;Petite Rue Chauchien;71400;71014;Autun;;;4.299064;46.946562
71014_2050_00014_bis;14;bis;Rue aux Maréchaux;71400;71014;Autun;;;4.299324;46.946514
71014_2030_00001_ter;1;ter;Rue des Marbres;71400;71014;Autun;;;4.302707;46.948877
71014_0165_00023;23;;Rue de la Barre;71400;71014;Autun;;;4.288847;46.947333
71014_0571_00001;1;;Rue de la Cascade;71400;71014;Autun;;;4.310763;46.940974
71014_0012_00004;4;;Rue des Acacias;71400;71014;Autun;Saint-Pantaléon;;4.312853;46.988352
71014_2080_00032;32;;Boulevard Mazagran;71400;71014;Autun;;;4.306002;46.95546
71014_3420_00004;4;;Rue Saint-Saulge;71400;71014;Autun;;;4.297997;46.948854
71014_1085_00010;10;;Rue du Docteur Renaud;71400;71014;Autun;;;4.295385;46.950924
71014_3610_00006;6;;Rue du Théâtre Romain;71400;71014;Autun;;;4.307894;46.955682
71014_3320_00010;10;;Rue Saint-Jean;71400;71014;Autun;;;4.300906;46.956836
71014_1730_00004;4;;Rue de la Jambe de Bois;71400;71014;Autun;;;4.30455;46.94976
71014_3760_00014;14;;Rue du Vieux Collège;71400;71014;Autun;;;4.295954;46.950025
71014_1235_00010;10;;Rue du Faubourg Talus;71400;71014;Autun;;;4.296111;46.945538
71014_3110_00037;37;;Avenue de la République;71400;71014;Autun;;;4.299611;46.957608
71014_1208_00005;5;;Rue du Faubourg du Breuil;71400;71014;Autun;;;4.301854;46.942988
71014_0055_00007;7;;Avenue André Saclier;71400;71014;Autun;;;4.278252;46.972732
71014_1560_00012;12;;Rue de la Grange Vertu;71400;71014;Autun;;;4.293894;46.952756
71014_3275_00030;30;;Route de Saint-Denis;71400;71014;Autun;Saint-Pantaléon;;4.320267;46.968044
71014_2660_00008;8;;Rue des Pierres;71400;71014;Autun;;;4.30107;46.960748
71014_0990_00030;30;;Rue de la Croix Blanche;71400;71014;Autun;;;4.304189;46.956914
71014_2511_00017;17;;Rue du Parc des Drémeaux;71400;71014;Autun;Saint-Pantaléon;;4.316229;46.959797
71014_2040_00007;7;;Grande Rue Marchaux;71400;71014;Autun;;;4.300568;46.95374
71014_3412_00006;6;;Rue Saint-Roch;71400;71014;Autun;;;4.30641;46.957672
71014_3110_00032;32;;Avenue de la République;71400;71014;Autun;;;4.296278;46.955844
71014_0750_00002;2;;Rue de Chasseneux;71400;71014;Autun;;;4.305069;46.948318
71014_3035_00006;6;;Chemin des Ragots;71400;71014;Autun;;;4.325903;46.948874
71014_1370_00004;4;;Rue des Fusiliers Marins;71400;71014;Autun;;;4.306676;46.957112
71014_0740_00039;39;;Avenue Charles de Gaulle;71400;71014;Autun;;;4.295228;46.953759
71014_1110_00005;5;;Rue Dufraigne;71400;71014;Autun;;;4.299031;46.944199
71014_0451_00018;18;;Route de Broye;71400;71014;Autun;;;4.305852;46.939253
71014_1990_00003;3;;Rue de la Maladière;71400;71014;Autun;;;4.311314;46.952615
71014_1680_00017;17;;Rue du 8 Septembre;71400;71014;Autun;;;4.299942;46.959674
71014_0670_00034;34;;Rue du Chancelier Rolin;71400;71014;Autun;;;4.301259;46.960059
71014_1050_00015;15;;Avenue du 2e Dragons;71400;71014;Autun;;;4.309509;46.954487
71014_2165_00009;9;;Rue des Mineurs;71400;71014;Autun;Saint-Pantaléon;;4.310664;46.985529
71014_2741_00015;15;;Rue de la 1ere Armée;71400;71014;Autun;Saint-Pantaléon;;4.313175;46.970455
71014_0090_00023;23;;Route d'Arnay;71400;71014;Autun;Saint-Pantaléon;;4.304784;46.962219
71014_3740_00019;19;;Rue de la Vieille Halle;71400;71014;Autun;;;4.299704;46.954294
71014_1050_00024;24;;Avenue du 2e Dragons;71400;71014;Autun;;;4.310979;46.954981
71014_2001_00005;5;;Rue des Mânes;71400;71014;Autun;Saint-Pantaléon;;4.305826;46.961282
71014_1318_00006;6;;Route de Forêt de Planoise;71400;71014;Autun;;;4.33306;46.913636
71014_0340_00007;7;;Rue de la Bondue;71400;71014;Autun;;;4.30063;46.954316
71014_0090_00067;67;;Route d'Arnay;71400;71014;Autun;Saint-Pantaléon;;4.305137;46.968289
71014_0740_00037;37;;Avenue Charles de Gaulle;71400;71014;Autun;;;4.295318;46.953666
71014_1930_00005;5;;Boulevard Mac Mahon;71400;71014;Autun;;;4.298669;46.941608
71014_2510_00001;1;;Rue Pernette;71400;71014;Autun;;;4.296976;46.951727
71014_3610_00007;7;;Rue du Théâtre Romain;71400;71014;Autun;;;4.308969;46.955641
71014_2340_00015;15;;Rue Nicéphore Niepce;71400;71014;Autun;Saint-Pantaléon;;4.30465;46.973378
71014_2625_00009;9;;Rue Pierre Colin;71400;71014;Autun;Saint-Pantaléon;;4.316932;46.964878
71014_1070_00004;4;;Rue de Dijon;71400;71014;Autun;;;4.299529;46.955902
71014_1235_00052;52;;Rue du Faubourg Talus;71400;71014;Autun;;;4.289733;46.946713
71014_2660_00006;6;;Rue des Pierres;71400;71014;Autun;;;4.301279;46.960491
71014_1504_00014;14;;Rue Général Demetz;71400;71014;Autun;;;4.29813;46.949056
71014_0185_00029;29;;Route de Beaune;71400;71014;Autun;Saint-Pantaléon;;4.316556;46.956815
71014_yk1cfo_00016;16;;Rue du 22ème BMNA;71400;71014;Autun;;;4.297055;46.955657
71014_1100_00029;29;;Rue des Dremeaux;71400;71014;Autun;Saint-Pantaléon;;4.313117;46.961156
71014_0740_00027;27;;Avenue Charles de Gaulle;71400;71014;Autun;;;4.296414;46.952463
71014_3170_00014;14;;Rue de Rivault;71400;71014;Autun;;;4.298512;46.943415
71014_0100_00023;23;;Rue de l’Arquebuse;71400;71014;Autun;;;4.303433;46.950842
71014_1840_00006_bis;6;bis;Rue Joseph-François de Champeaux;71400;71014;Autun;Saint-Pantaléon;;4.310911;46.966472
71014_1210_00052;52;;Rue du Faubourg Saint-Andoche;71400;71014;Autun;;;4.292241;46.953105
71014_1651_00002;2;;Rue Henri Dunant;71400;71014;Autun;;;4.304643;46.951937
71014_1218_00050;50;;Rue du Faubourg Saint-Blaise;71400;71014;Autun;;;4.298523;46.937785
71014_2050_00022;22;;Rue aux Maréchaux;71400;71014;Autun;;;4.298915;46.946254
71014_3420_00020;20;;Rue Saint-Saulge;71400;71014;Autun;;;4.298354;46.94844
71014_0740_00015_a;15;a;Avenue Charles de Gaulle;71400;71014;Autun;;;4.297924;46.95088
71014_0760_00015;15;;Rue du Châtelet;71400;71014;Autun;;;4.295194;46.950074
71014_0890_00006;6;;Rue du Clos Jovet;71400;71014;Autun;;;4.302435;46.9548
71014_0740_00064;64;;Avenue Charles de Gaulle;71400;71014;Autun;;;4.295;46.955026
71014_1218_00049;49;;Rue du Faubourg Saint-Blaise;71400;71014;Autun;;;4.298865;46.939305
71014_2395_00003;3;;Rue des Ormes;71400;71014;Autun;Saint-Pantaléon;;4.31296;46.961832
71014_3320_00003;3;;Rue Saint-Jean;71400;71014;Autun;;;4.30066;46.956569
71014_2770_00007_bis;7;bis;Ruelle du Puits;71400;71014;Autun;Saint-Pantaléon;;4.32284;46.961376
71014_3550_00006;6;;Rue des Tanneries;71400;71014;Autun;;;4.294642;46.947082
71014_3075_00016;16;;Rue aux Raz;71400;71014;Autun;;;4.297872;46.94691
71014_2090_00012;12;;Rue Mazagran;71400;71014;Autun;;;4.301806;46.953862
71014_1783_00006;6;;Rue Jean Jaurès;71400;71014;Autun;;;4.277111;46.972985
71014_3170_00005;5;;Rue de Rivault;71400;71014;Autun;;;4.298707;46.943747
71014_0770_00028;28;;Grande Rue Chauchien;71400;71014;Autun;;;4.299081;46.947496
71014_yk1cfo_00007;7;;Rue du 22ème BMNA;71400;71014;Autun;;;4.297565;46.954897
71014_0771_00022;22;;Petite Rue Chauchien;71400;71014;Autun;;;4.299101;46.946679
71014_1580_00047;47;;Rue de la Grille;71400;71014;Autun;;;4.293716;46.953535
71014_1075_00004;4;;Rue du 19 Mars 1962;71400;71014;Autun;;;4.294392;46.948282
71014_1800_00005;5;;Impasse du Jeu de Paume;71400;71014;Autun;;;4.29817;46.945139
71014_2625_00020;20;;Rue Pierre Colin;71400;71014;Autun;Saint-Pantaléon;;4.316613;46.964707
71014_0920_00005;5;;Rue des Cordeliers;71400;71014;Autun;;;4.299627;46.947076
71014_3610_00009;9;;Rue du Théâtre Romain;71400;71014;Autun;;;4.309566;46.955597
71014_2043_00009;9;;Rue du Maréchal Juin;71400;71014;Autun;;;4.322407;46.951857
71014_b551_00013;13;;Le Clos du Parc;71400;71014;Autun;;;4.284137;46.948332
71014_3760_00007;7;;Rue du Vieux Collège;71400;71014;Autun;;;4.29623;46.95
71014_1680_00027;27;;Rue du 8 Septembre;71400;71014;Autun;;;4.30039;46.960173
71014_2165_00025;25;;Rue des Mineurs;71400;71014;Autun;Saint-Pantaléon;;4.309761;46.985598
71014_1050_00025;25;;Avenue du 2e Dragons;71400;71014;Autun;;;4.311802;46.955333
71014_1128_00008;8;;Rue des Enfants de Troupe;71400;71014;Autun;;;4.305247;46.949997
71014_3765_00015;15;;Rue du Vieux Colombier;71400;71014;Autun;;;4.303759;46.945677
71014_3010_00007;7;;Rue des 4 Vents;71400;71014;Autun;;;4.300232;46.956594
71014_1050_00019;19;;Avenue du 2e Dragons;71400;71014;Autun;;;4.310395;46.954934
71014_1110_00018;18;;Rue Dufraigne;71400;71014;Autun;;;4.299409;46.943542
71014_0451_00054;54;;Route de Broye;71400;71014;Autun;;;4.314367;46.940303
71014_1600_00012;12;;Rue Guérin;71400;71014;Autun;;;4.300373;46.95239
71014_2180_00025;25;;Rue Monseigneur Villard;71400;71014;Autun;;;4.28673;46.949745
71014_2625_00007;7;;Rue Pierre Colin;71400;71014;Autun;Saint-Pantaléon;;4.317064;46.965137
71014_0560_00002_bis;2;bis;Rue du Carrouge;71400;71014;Autun;;;4.295917;46.950006
71014_3390_00003;3;;Rue Saint-Pierre;71400;71014;Autun;;;4.295741;46.949572
71014_3710_00021;21;;Rue Victor Hugo;71400;71014;Autun;Saint-Pantaléon;;4.307698;46.968802
71014_2350_00006;6;;Impasse Notre Dame;71400;71014;Autun;;;4.298242;46.944085
71014_0540_00037;37;;Rue Carion;71400;71014;Autun;;;4.296554;46.957818
71014_0540_00019_bis;19;bis;Rue Carion;71400;71014;Autun;;;4.293957;46.956731
71014_2440_00021;21;;Rue de Paris;71400;71014;Autun;;;4.298983;46.955848
71014_3740_00021;21;;Rue de la Vieille Halle;71400;71014;Autun;;;4.2998;46.954326
71014_1898_00012;12;;Rue Lieutenant-Colonel de Sairigné;71400;71014;Autun;;;4.276243;46.967374
71014_1050_00011_a;11;a;Avenue du 2e Dragons;71400;71014;Autun;;;4.308973;46.954128
71014_2625_00008;8;;Rue Pierre Colin;71400;71014;Autun;Saint-Pantaléon;;4.317349;46.965189
71014_3500_00001;1;;Rue Talleyrand;71400;71014;Autun;;;4.286913;46.947295
71014_1390_00020;20;;Rue des Gailles;71400;71014;Autun;;;4.285606;46.948153
71014_0012_00012;12;;Rue des Acacias;71400;71014;Autun;Saint-Pantaléon;;4.311937;46.988531
71014_0054_00013;13;;Allée André Malraux;71400;71014;Autun;;;4.280978;46.946744
71014_2060_00024;24;;Rue Maurice Ravel;71400;71014;Autun;Saint-Pantaléon;;4.316405;46.966161
71014_0540_00015_b;15;b;Rue Carion;71400;71014;Autun;;;4.292006;46.95636
71014_1400_00001_ter;1;ter;Rue de Gaillon;71400;71014;Autun;;;4.303434;46.958517
71014_1847_00003;3;;Rue Kawagoe;71400;71014;Autun;;;4.278009;46.943709
71014_2775_00066;66;;Route du Puits d'Alligny;71400;71014;Autun;;;4.286988;46.974667
71014_0100_00001;1;;Rue de l’Arquebuse;71400;71014;Autun;;;4.300253;46.949602
71014_2511_00015;15;;Rue du Parc des Drémeaux;71400;71014;Autun;Saint-Pantaléon;;4.315729;46.959546
71014_3110_00044;44;;Avenue de la République;71400;71014;Autun;;;4.29725;46.95633
71014_1892_00007;7;;Allée de la Liberté;71400;71014;Autun;;;4.286346;46.946188
71014_0940_00023;23;;Rue aux Cordiers;71400;71014;Autun;;;4.299225;46.949005
71014_2395_00004;4;;Rue des Ormes;71400;71014;Autun;Saint-Pantaléon;;4.312823;46.961782
71014_1050_00017;17;;Avenue du 2e Dragons;71400;71014;Autun;;;4.310237;46.954845
71014_3760_00004_bis;4;bis;Rue du Vieux Collège;71400;71014;Autun;;;4.296437;46.950167
71014_0680_00004;4;;Rue Changarnier;71400;71014;Autun;;;4.301536;46.948988
71014_1210_00024;24;;Rue du Faubourg Saint-Andoche;71400;71014;Autun;;;4.293322;46.952118
71014_1235_00036;36;;Rue du Faubourg Talus;71400;71014;Autun;;;4.292044;46.94612
71014_3330_00006;6;;Place Saint-louis;71400;71014;Autun;;;4.299067;46.945523
71014_1780_00015;15;;Rue Jean Friess;71400;71014;Autun;Saint-Pantaléon;;4.312218;46.987915
71014_0740_00059;59;;Avenue Charles de Gaulle;71400;71014;Autun;;;4.293752;46.954369
71014_0755_00018;18;;Route de Château-Chinon;71400;71014;Autun;;;4.285559;46.958206
71014_0050_00010;10;;Place Anatole de Charmasse;71400;71014;Autun;;;4.304245;46.950108
71014_0230_00044;44;;Rue du Beuvray;71400;71014;Autun;;;4.285485;46.948793
71014_3270_00003;3;;Rue Saint-Christophe;71400;71014;Autun;;;4.297169;46.949829
71014_3130_00006;6;;Boulevard des Résistants Fusillés;71400;71014;Autun;;;4.294143;46.94922
71014_1210_00086;86;;Rue du Faubourg Saint-Andoche;71400;71014;Autun;;;4.289428;46.955886
71014_0365_00009;9;;Rue de Bourgogne;71400;71014;Autun;Saint-Pantaléon;;4.318903;46.962044
71014_3035_00002;2;;Chemin des Ragots;71400;71014;Autun;;;4.315061;46.947696
71014_0370_00008;8;;Rue Bouteiller;71400;71014;Autun;;;4.302663;46.945805
71014_1210_00011;11;;Rue du Faubourg Saint-Andoche;71400;71014;Autun;;;4.2943;46.951108
71014_0740_00052;52;;Avenue Charles de Gaulle;71400;71014;Autun;;;4.295246;46.954032
71014_0090_00100;100;;Route d'Arnay;71400;71014;Autun;Saint-Pantaléon;;4.310918;46.981597
71014_2185_00035;35;;Route de Montromble;71400;71014;Autun;;;4.352412;46.885664
71014_2050_00008;8;;Rue aux Maréchaux;71400;71014;Autun;;;4.2996;46.946594
71014_3290_00004;4;;Rue Saint-Germain;71400;71014;Autun;;;4.29602;46.949338
71014_0871_00007;7;;Impasse des Carilloux;71400;71014;Autun;Saint-Pantaléon;;4.314735;46.960751
71014_1917_00041;41;;Rue Louis Aragon;71400;71014;Autun;;;4.320845;46.951716
71014_1830_00008;8;;Rue des Jonquilles;71400;71014;Autun;Saint-Pantaléon;;4.310473;46.967983
71014_0770_00001;1;;Grande Rue Chauchien;71400;71014;Autun;;;4.298604;46.948226
71014_0540_00013_a;13;a;Rue Carion;71400;71014;Autun;;;4.292161;46.955501
71014_2470_00014_bis;14;bis;Rue de Parpas;71400;71014;Autun;;;4.288786;46.950764
71014_3760_00005;5;;Rue du Vieux Collège;71400;71014;Autun;;;4.296339;46.95006
71014_1208_00003;3;;Rue du Faubourg du Breuil;71400;71014;Autun;;;4.301827;46.943032
71014_0185_00005;5;;Route de Beaune;71400;71014;Autun;Saint-Pantaléon;;4.314137;46.956058
71014_2041_00024;24;;Petite Rue Marchaux;71400;71014;Autun;;;4.300068;46.953612
71014_2100_00015;15;;Rue de Ménincourt;71400;71014;Autun;Saint-Pantaléon;;4.314925;46.975682
71014_2050_00001;1;;Rue aux Maréchaux;71400;71014;Autun;;;4.300055;46.946547
71014_0020_00010;10;;Rue Adrien Guignet;71400;71014;Autun;;;4.286999;46.951736
71014_2701_00023;23;;Rue de Planoise;71400;71014;Autun;;;4.31424;46.940568
71014_0643_00027;27;;Rue de la place du Champ de Mars;71400;71014;Autun;;;4.298453;46.950306
71014_0210_00014;14;;Boulevard Bernard Giberstein;71400;71014;Autun;;;4.283938;46.95263
71014_0210_00009;9;;Boulevard Bernard Giberstein;71400;71014;Autun;;;4.283172;46.951937
71014_3240_00015;15;;Rue Saint-Antoine;71400;71014;Autun;;;4.301899;46.947969
71014_2440_00024_bis;24;bis;Rue de Paris;71400;71014;Autun;;;4.297853;46.957326
71014_3190_00007;7;;Impasse Rollet;71400;71014;Autun;;;4.301648;46.948557
71014_2701_00005;5;;Rue de Planoise;71400;71014;Autun;;;4.310086;46.940709
71014_2040_00026;26;;Grande Rue Marchaux;71400;71014;Autun;;;4.300221;46.954262
71014_1030_00010;10;;Rue Deguin;71400;71014;Autun;;;4.300118;46.95258
71014_3010_00019;19;;Rue des 4 Vents;71400;71014;Autun;;;4.299007;46.957734
71014_1050_00006;6;;Avenue du 2e Dragons;71400;71014;Autun;;;4.308954;46.953916
71014_2020_00009;9;;Rue Maquis de l’Autunois Morvan;71400;71014;Autun;;;4.270479;46.969884
71014_2340_00021;21;;Rue Nicéphore Niepce;71400;71014;Autun;Saint-Pantaléon;;4.30508;46.974458
71014_1128_00004;4;;Rue des Enfants de Troupe;71400;71014;Autun;;;4.304667;46.95033
71014_6lsatw_00005;5;;Passage Balthus;71400;71014;Autun;;;4.298476;46.948894
71014_2510_00001_bis;1;bis;Rue Pernette;71400;71014;Autun;;;4.296827;46.95168
71014_3412_00004_c;4;c;Rue Saint-Roch;71400;71014;Autun;;;4.307086;46.957886
71014_glbax1_00003;3;;Route du Corps Franc Pommiès;71400;71014;Autun;;;4.287185;46.946705
71014_0720_00007;7;;Rue Charles Boell;71400;71014;Autun;;;4.289442;46.949504
71014_8rvkza_00003;3;;Aérodrome d'Autun-Bellevue;71400;71014;Autun;;;4.263858;46.972306
71014_3278_00004;4;;Rue Saint-Étienne;71400;71014;Autun;Saint-Pantaléon;;4.321898;46.961436
71014_0230_00038_bis;38;bis;Rue du Beuvray;71400;71014;Autun;;;4.286338;46.948814
71014_2100_00029;29;;Rue de Ménincourt;71400;71014;Autun;Saint-Pantaléon;;4.317195;46.979201
71014_2043_00010;10;;Rue du Maréchal Juin;71400;71014;Autun;;;4.322429;46.951644
71014_2511_00033;33;;Rue du Parc des Drémeaux;71400;71014;Autun;Saint-Pantaléon;;4.315663;46.961565
71014_0915_00023_bis;23;bis;Avenue du Commandant Neuchèze;71400;71014;Autun;;;4.278411;46.957202
71014_2570_00023;23;;Rue du Petit Pont;71400;71014;Autun;;;4.299245;46.94041
71014_2050_00016;16;;Rue aux Maréchaux;71400;71014;Autun;;;4.299246;46.946503
71014_0301_00074;74;;Rue du Bois Mathey;71400;71014;Autun;;;4.338545;46.904601
71014_1218_00053;53;;Rue du Faubourg Saint-Blaise;71400;71014;Autun;;;4.298651;46.938359
71014_1208_00009;9;;Rue du Faubourg du Breuil;71400;71014;Autun;;;4.302118;46.94284
71014_1847_00001;1;;Rue Kawagoe;71400;71014;Autun;;;4.277641;46.94366
71014_2350_00003;3;;Impasse Notre Dame;71400;71014;Autun;;;4.298233;46.944049
71014_3278_00029;29;;Rue Saint-Étienne;71400;71014;Autun;Saint-Pantaléon;;4.325211;46.963752
71014_0250_00008;8;;Rue Blanche;71400;71014;Autun;;;4.300803;46.944472
71014_0915_00015;15;;Avenue du Commandant Neuchèze;71400;71014;Autun;;;4.280836;46.955969
71014_0500_00032;32;;Rue du Capitaine Repoux;71400;71014;Autun;;;4.291634;46.950947
71014_1050_00013;13;;Avenue du 2e Dragons;71400;71014;Autun;;;4.309186;46.954304
71014_0340_00006;6;;Rue de la Bondue;71400;71014;Autun;;;4.300913;46.954303
71014_0565_00008;8;;Ruelle du Carrouge;71400;71014;Autun;;;4.29558;46.950527
71014_2180_00009;9;;Rue Monseigneur Villard;71400;71014;Autun;;;4.289446;46.949826
71014_1010_00012;12;;Rue de la Croix Verte;71400;71014;Autun;;;4.306109;46.954108
71014_0220_00001;1;;Rue Bernard Renault;71400;71014;Autun;;;4.29583;46.953557
71014_0760_00009;9;;Rue du Châtelet;71400;71014;Autun;;;4.295367;46.949806
71014_0365_00013;13;;Rue de Bourgogne;71400;71014;Autun;Saint-Pantaléon;;4.319516;46.962307
71014_1025_00002;2;;Rue Déchelette;71400;71014;Autun;;;4.304732;46.953478
71014_0740_00024;24;;Avenue Charles de Gaulle;71400;71014;Autun;;;4.296785;46.952367
71014_2661_00013;13;;Rue Pierre Bérégovoy;71400;71014;Autun;Saint-Pantaléon;;4.305116;46.96337
71014_1010_00019;19;;Rue de la Croix Verte;71400;71014;Autun;;;4.306429;46.954977
71014_1600_00022;22;;Rue Guérin;71400;71014;Autun;;;4.300703;46.952838
71014_1331_00016;16;;Rue de la Foret;71400;71014;Autun;;;4.308832;46.940127
71014_3461_00064;64;;Route de Saulieu;71400;71014;Autun;Saint-Pantaléon;;4.29423;46.968049
71014_2350_00002_bis;2;bis;Impasse Notre Dame;71400;71014;Autun;;;4.298695;46.944279
71014_3350_00007;7;;Rue Saint-Nicolas;71400;71014;Autun;;;4.300031;46.955346
71014_1215_00005;5;;Rue du Faubourg Saint-André;71400;71014;Autun;;;4.306368;46.958038
71014_2043_00026;26;;Rue du Maréchal Juin;71400;71014;Autun;;;4.322515;46.951158
71014_0165_00012;12;;Rue de la Barre;71400;71014;Autun;;;4.289658;46.947941
71014_3461_00033;33;;Route de Saulieu;71400;71014;Autun;;;4.293887;46.965142
71014_1842_00080;80;;Chemin Jules Miot;71400;71014;Autun;;;4.278663;46.967354
71014_2001_00007;7;;Rue des Mânes;71400;71014;Autun;Saint-Pantaléon;;4.305749;46.961763
71014_2330_00009_a;9;a;Rue Naudin;71400;71014;Autun;;;4.299521;46.958071
71014_2610_00008;8;;Avenue Pierre Brossolette;71400;71014;Autun;;;4.269992;46.971733
71014_3450_00006;6;;Rue Sainte-Barbe;71400;71014;Autun;;;4.300329;46.944436
71014_1920_00013;13;;Rue Louis Charlot;71400;71014;Autun;;;4.296257;46.955657
71014_2050_00003;3;;Rue aux Maréchaux;71400;71014;Autun;;;4.299851;46.946553
71014_3170_00013;13;;Rue de Rivault;71400;71014;Autun;;;4.298525;46.94324
71014_0230_00042;42;;Rue du Beuvray;71400;71014;Autun;;;4.285847;46.948801
71014_1125_00004;4;;Rue des Éduens;71400;71014;Autun;;;4.292142;46.947653
71014_0760_00017_a;17;a;Rue du Châtelet;71400;71014;Autun;;;4.294682;46.950133
71014_1210_00047;47;;Rue du Faubourg Saint-Andoche;71400;71014;Autun;;;4.290896;46.954615
71014_1851_00001;1;;Rue de la Fontaine;71400;71014;Autun;Saint-Pantaléon;;4.306914;46.968452
71014_0014_00006;6;;Allée de l'Acaron;71400;71014;Autun;Saint-Pantaléon;;4.30867;46.958433
71014_0130_00004;4;;Rue des Bancs;71400;71014;Autun;;;4.299001;46.945962
71014_0940_00045;45;;Rue aux Cordiers;71400;71014;Autun;;;4.298786;46.948553
71014_0890_00017_bis;17;bis;Rue du Clos Jovet;71400;71014;Autun;;;4.303263;46.956646
71014_1930_00012_b;12;b;Boulevard Mac Mahon;71400;71014;Autun;;;4.298677;46.941318
71014_1218_00019;19;;Rue du Faubourg Saint-Blaise;71400;71014;Autun;;;4.299771;46.941187
71014_0740_00026;26;;Avenue Charles de Gaulle;71400;71014;Autun;;;4.296718;46.952438
71014_2570_00013;13;;Rue du Petit Pont;71400;71014;Autun;;;4.299591;46.940693
71014_3270_00004;4;;Rue Saint-Christophe;71400;71014;Autun;;;4.297258;46.949829
71014_2041_00017;17;;Petite Rue Marchaux;71400;71014;Autun;;;4.299738;46.953479
71014_3610_00005;5;;Rue du Théâtre Romain;71400;71014;Autun;;;4.308647;46.955685
71014_1860_00020;20;;Rue Jean et Bernard de Lattre de Tassigny;71400;71014;Autun;;;4.299552;46.950075
71014_2440_00016_ter;16;ter;Rue de Paris;71400;71014;Autun;;;4.298972;46.956385
71014_1100_00005;5;;Rue des Dremeaux;71400;71014;Autun;Saint-Pantaléon;;4.308498;46.959277
71014_0185_00005_bis;5;bis;Route de Beaune;71400;71014;Autun;Saint-Pantaléon;;4.313927;46.955981
71014_2180_00016;16;;Rue Monseigneur Villard;71400;71014;Autun;;;4.288548;46.949884
71014_0890_00015;15;;Rue du Clos Jovet;71400;71014;Autun;;;4.302899;46.95603
71014_1842_00004;4;;Chemin Jules Miot;71400;71014;Autun;;;4.287478;46.961791
71014_0740_00051;51;;Avenue Charles de Gaulle;71400;71014;Autun;;;4.294227;46.954449
71014_1206_00048_a;48;a;Rue du Faubourg d’Arroux;71400;71014;Autun;;;4.295416;46.960564
71014_3461_00041;41;;Route de Saulieu;71400;71014;Autun;;;4.293917;46.965345
71014_0090_00032;32;;Route d'Arnay;71400;71014;Autun;Saint-Pantaléon;;4.304137;46.963401
71014_0940_00019;19;;Rue aux Cordiers;71400;71014;Autun;;;4.29929;46.949091
71014_0940_00049;49;;Rue aux Cordiers;71400;71014;Autun;;;4.298679;46.948447
71014_2340_00033;33;;Rue Nicéphore Niepce;71400;71014;Autun;Saint-Pantaléon;;4.305878;46.975879
71014_3020_00005;5;;Rue Racine;71400;71014;Autun;Saint-Pantaléon;;4.308179;46.967613
71014_1600_00018;18;;Rue Guérin;71400;71014;Autun;;;4.300567;46.952623
71014_0185_00015;15;;Route de Beaune;71400;71014;Autun;Saint-Pantaléon;;4.314787;46.95624
71014_1390_00008;8;;Rue des Gailles;71400;71014;Autun;;;4.286967;46.947637
71014_3390_00002_bis;2;bis;Rue Saint-Pierre;71400;71014;Autun;;;4.29589;46.949707
71014_0301_00076;76;;Rue du Bois Mathey;71400;71014;Autun;;;4.338715;46.90426
71014_0620_00016;16;;Rue du Chalet Bleu;71400;71014;Autun;Saint-Pantaléon;;4.305775;46.964041
71014_2120_00002;2;;Route de Mesvres;71400;71014;Autun;;;4.290749;46.947264
71014_3321_00001;1;;Ruelle Saint-Jean;71400;71014;Autun;;;4.296886;46.951387
71014_3310_00001;1;;Rue Saint-Georges;71400;71014;Autun;;;4.299635;46.942982
71014_3275_00010;10;;Route de Saint-Denis;71400;71014;Autun;Saint-Pantaléon;;4.316863;46.967497
71014_1847_00011;11;;Rue Kawagoe;71400;71014;Autun;;;4.279248;46.943773
71014_0199_00008;8;;Chemin des Berlingots;71400;71014;Autun;;;4.297166;46.936525
71014_3170_00012_b;12;b;Rue de Rivault;71400;71014;Autun;;;4.298561;46.943613
71014_2395_00001;1;;Rue des Ormes;71400;71014;Autun;Saint-Pantaléon;;4.312794;46.962099
71014_0301_00018;18;;Rue du Bois Mathey;71400;71014;Autun;;;4.33427;46.910643
71014_0876_00036_b;36;b;Route de la Chicolle et de Montjeu;71400;71014;Autun;;;4.272472;46.918587
71014_3190_00019;19;;Impasse Rollet;71400;71014;Autun;;;4.300031;46.9479
71014_2190_00004;4;;Rue du Moulin des Places;71400;71014;Autun;;;4.299562;46.939212
71014_2250_00007;7;;Avenue du Morvan;71400;71014;Autun;;;4.293284;46.949671
71014_1780_00007;7;;Rue Jean Friess;71400;71014;Autun;Saint-Pantaléon;;4.313231;46.988902
71014_2060_00018;18;;Rue Maurice Ravel;71400;71014;Autun;Saint-Pantaléon;;4.315367;46.96569
71014_0080_00009;9;;Rue de l’Arbalète;71400;71014;Autun;;;4.300028;46.949636
71014_0990_00032;32;;Rue de la Croix Blanche;71400;71014;Autun;;;4.304315;46.956998
71014_0165_00011;11;;Rue de la Barre;71400;71014;Autun;;;4.290185;46.948128
71014_1215_00008;8;;Rue du Faubourg Saint-André;71400;71014;Autun;;;4.306727;46.958185
71014_0500_00021;21;;Rue du Capitaine Repoux;71400;71014;Autun;;;4.292102;46.950432
71014_6lsatw_00004;4;;Passage Balthus;71400;71014;Autun;;;4.298484;46.949041
71014_0365_00030;30;;Rue de Bourgogne;71400;71014;Autun;Saint-Pantaléon;;4.32245;46.963089
71014_1140_00006;6;;Rue Eugène Chevalier;71400;71014;Autun;;;4.299616;46.958704
71014_1215_00010;10;;Rue du Faubourg Saint-André;71400;71014;Autun;;;4.306913;46.958315
71014_3590_00001;1;;Place du Terreau;71400;71014;Autun;;;4.299427;46.945219
71014_3290_00005;5;;Rue Saint-Germain;71400;71014;Autun;;;4.295761;46.949191
71014_2661_00007;7;;Rue Pierre Bérégovoy;71400;71014;Autun;Saint-Pantaléon;;4.30549;46.963518
71014_0626_00006;6;;Route de Chalon;71400;71014;Autun;;;4.319614;46.954689
71014_0755_00012;12;;Route de Château-Chinon;71400;71014;Autun;;;4.286299;46.957526
71014_1580_00051_ter;51;ter;Rue de la Grille;71400;71014;Autun;;;4.293397;46.953982
71014_2660_00003;3;;Rue des Pierres;71400;71014;Autun;;;4.30168;46.95987
71014_1917_00042;42;;Rue Louis Aragon;71400;71014;Autun;;;4.321002;46.952074
71014_1917_00034;34;;Rue Louis Aragon;71400;71014;Autun;;;4.320719;46.951081
71014_3710_00010;10;;Rue Victor Hugo;71400;71014;Autun;Saint-Pantaléon;;4.308479;46.969134
71014_3035_00007;7;;Chemin des Ragots;71400;71014;Autun;;;4.309714;46.947786
71014_2470_00005;5;;Rue de Parpas;71400;71014;Autun;;;4.292448;46.951996
71014_2250_00019;19;;Avenue du Morvan;71400;71014;Autun;;;4.291847;46.949024
71014_0012_00009;9;;Rue des Acacias;71400;71014;Autun;Saint-Pantaléon;;4.311761;46.988474
71014_0670_00006;6;;Rue du Chancelier Rolin;71400;71014;Autun;;;4.301246;46.95927
71014_1390_00006;6;;Rue des Gailles;71400;71014;Autun;;;4.287193;46.947577
71014_1120_00001;1;;Impasse des Eduens;71400;71014;Autun;;;4.291704;46.947769
71014_0771_00020_a;20;a;Petite Rue Chauchien;71400;71014;Autun;;;4.298873;46.946833
71014_3480_00001;1;;Rue des Sous-Chantres;71400;71014;Autun;;;4.300084;46.944185
71014_1355_00019;19;;Boulevard Fréderic Latouche;71400;71014;Autun;;;4.302146;46.95354
71014_1318_00012;12;;Route de Forêt de Planoise;71400;71014;Autun;;;4.334279;46.913214
71014_1050_00013_bis;13;bis;Avenue du 2e Dragons;71400;71014;Autun;;;4.309365;46.954371
71014_1975_00002;2;;Rue Maître Georges Martin;71400;71014;Autun;;;4.300448;46.953294
71014_1680_00008;8;;Rue du 8 Septembre;71400;71014;Autun;;;4.298913;46.95902
71014_1450_00002;2;;Rue de la Garenne Bretin;71400;71014;Autun;;;4.339657;46.90659
71014_qu3gmy_00006;6;;Route du Bois de Sapin;71400;71014;Autun;;;4.28196;46.948331
71014_2620_00009;9;;Rue Pierre Châtillon;71400;71014;Autun;;;4.298469;46.955584
71014_1640_00011_bis;11;bis;Place d’Hallencourt;71400;71014;Autun;;;4.300478;46.946302
71014_1235_00006;6;;Rue du Faubourg Talus;71400;71014;Autun;;;4.296435;46.945564
71014_1218_00016;16;;Rue du Faubourg Saint-Blaise;71400;71014;Autun;;;4.299282;46.940631
71014_3110_00020;20;;Avenue de la République;71400;71014;Autun;;;4.293317;46.954439
71014_1010_00014_c;14;c;Rue de la Croix Verte;71400;71014;Autun;;;4.307294;46.954082
71014_2040_00017_bis;17;bis;Grande Rue Marchaux;71400;71014;Autun;;;4.300133;46.95423
71014_0090_00091;91;;Route d'Arnay;71400;71014;Autun;Saint-Pantaléon;;4.309193;46.978259
71014_1355_00010_bis;10;bis;Boulevard Fréderic Latouche;71400;71014;Autun;;;4.302496;46.953095
71014_2185_00030;30;;Route de Montromble;71400;71014;Autun;;;4.352688;46.886482
71014_0225_00001;1;;Rue de Bellevue;71400;71014;Autun;Saint-Pantaléon;;4.304688;46.96316
71014_0100_00004_ter;4;ter;Rue de l’Arquebuse;71400;71014;Autun;;;4.300799;46.949691
71014_0940_00031;31;;Rue aux Cordiers;71400;71014;Autun;;;4.299065;46.948839
71014_0796_00001;1;;Impasse Chaumont;71400;71014;Autun;;;4.293286;46.947283
71014_2180_00006;6;;Rue Monseigneur Villard;71400;71014;Autun;;;4.289434;46.949906
71014_3275_00018;18;;Route de Saint-Denis;71400;71014;Autun;Saint-Pantaléon;;4.318438;46.967695
71014_0053_00004_bis;4;bis;Avenue André Frénaud;71400;71014;Autun;Saint-Pantaléon;;4.322144;46.95576
71014_0185_00026;26;;Route de Beaune;71400;71014;Autun;Saint-Pantaléon;;4.326608;46.961672
71014_3240_00010;10;;Rue Saint-Antoine;71400;71014;Autun;;;4.301975;46.948238
71014_1226_00010;10;;Allée Ferdinand Guillemardet;71400;71014;Autun;;;4.300673;46.95127
71014_2470_00032;32;;Rue de Parpas;71400;71014;Autun;;;4.286642;46.949952
71014_2030_00001_bis;1;bis;Rue des Marbres;71400;71014;Autun;;;4.302619;46.948835
71014_0650_00026;26;;Rue du Champ Gevras;71400;71014;Autun;;;4.291871;46.945551
71014_0670_00014;14;;Rue du Chancelier Rolin;71400;71014;Autun;;;4.300667;46.959646
71014_1660_00009;9;;Rue de l'Horloge;71400;71014;Autun;;;4.300408;46.952838
71014_0261_00002;2;;Rue des Blanchots;71400;71014;Autun;;;4.337786;46.907174
71014_0680_00014_bis;14;bis;Rue Changarnier;71400;71014;Autun;;;4.30062;46.948574
71014_2775_00056;56;;Route du Puits d'Alligny;71400;71014;Autun;;;4.287608;46.974297
71014_1318_00001;1;;Route de Forêt de Planoise;71400;71014;Autun;;;4.331866;46.91708
71014_1580_00026;26;;Rue de la Grille;71400;71014;Autun;;;4.295507;46.951752
71014_2520_00009;9;;Rue du Parc Saint-Jean;71400;71014;Autun;;;4.29594;46.959925
71014_0185_00025_b;25;b;Route de Beaune;71400;71014;Autun;Saint-Pantaléon;;4.315933;46.956843
71014_3500_00004;4;;Rue Talleyrand;71400;71014;Autun;;;4.285793;46.947127
71014_2180_00002_bis;2;bis;Rue Monseigneur Villard;71400;71014;Autun;;;4.289791;46.949917
71014_3170_00004;4;;Rue de Rivault;71400;71014;Autun;;;4.298802;46.944076
71014_0680_00011;11;;Rue Changarnier;71400;71014;Autun;;;4.300369;46.948381
71014_1930_00008;8;;Boulevard Mac Mahon;71400;71014;Autun;;;4.297692;46.943143
71014_1580_00025;25;;Rue de la Grille;71400;71014;Autun;;;4.295382;46.95171
71014_0340_00012;12;;Rue de la Bondue;71400;71014;Autun;;;4.300433;46.954288
71014_0220_00030;30;;Rue Bernard Renault;71400;71014;Autun;;;4.299163;46.954799
71014_0670_00004_e;4;e;Rue du Chancelier Rolin;71400;71014;Autun;;;4.301296;46.959218
71014_2775_00102;102;;Route du Puits d'Alligny;71400;71014;Autun;;;4.285278;46.979134
71014_0080_00024;24;;Rue de l’Arbalète;71400;71014;Autun;;;4.302089;46.948846
71014_0755_00027;27;;Route de Château-Chinon;71400;71014;Autun;;;4.284213;46.959231
71014_2340_00037;37;;Rue Nicéphore Niepce;71400;71014;Autun;Saint-Pantaléon;;4.306281;46.976271
71014_3800_00006;6;;Rue des Violettes;71400;71014;Autun;Saint-Pantaléon;;4.310329;46.967365
71014_1085_00016;16;;Rue du Docteur Renaud;71400;71014;Autun;;;4.294986;46.950648
71014_1600_00008_bis;8;bis;Rue Guérin;71400;71014;Autun;;;4.300513;46.951965
71014_2701_00009;9;;Rue de Planoise;71400;71014;Autun;;;4.31043;46.940591
71014_2770_00006;6;;Ruelle du Puits;71400;71014;Autun;Saint-Pantaléon;;4.323249;46.961148
71014_3275_00022;22;;Route de Saint-Denis;71400;71014;Autun;Saint-Pantaléon;;4.319005;46.967915
71014_0080_00017;17;;Rue de l’Arbalète;71400;71014;Autun;;;4.301156;46.949341
71014_0540_00007_bis;7;bis;Rue Carion;71400;71014;Autun;;;4.291087;46.955517
71014_1120_00006;6;;Impasse des Eduens;71400;71014;Autun;;;4.291197;46.947563
71014_2170_00006;6;;Rue Moirans;71400;71014;Autun;Saint-Pantaléon;;4.319958;46.963077
71014_1206_00038;38;;Rue du Faubourg d’Arroux;71400;71014;Autun;;;4.295287;46.960065
71014_2180_00001;1;;Rue Monseigneur Villard;71400;71014;Autun;;;4.290372;46.949852
71014_0370_00007;7;;Rue Bouteiller;71400;71014;Autun;;;4.30216;46.945731
71014_3110_00055;55;;Avenue de la République;71400;71014;Autun;Saint-Pantaléon;;4.309335;46.96188
71014_2520_00002;2;;Rue du Parc Saint-Jean;71400;71014;Autun;;;4.297476;46.959769
71014_0210_00001;1;;Boulevard Bernard Giberstein;71400;71014;Autun;;;4.286118;46.953156
71014_1730_00002;2;;Rue de la Jambe de Bois;71400;71014;Autun;;;4.30448;46.949863
71014_qu3gmy_00016;16;;Route du Bois de Sapin;71400;71014;Autun;;;4.276496;46.945137
71014_2100_00048;48;;Rue de Ménincourt;71400;71014;Autun;Saint-Pantaléon;;4.319866;46.981314
71014_0365_00008;8;;Rue de Bourgogne;71400;71014;Autun;Saint-Pantaléon;;4.318564;46.961871
71014_0090_00061;61;;Route d'Arnay;71400;71014;Autun;Saint-Pantaléon;;4.30503;46.966589
71014_1140_00002;2;;Rue Eugène Chevalier;71400;71014;Autun;;;4.299518;46.958549
71014_0230_00027_bis;27;bis;Rue du Beuvray;71400;71014;Autun;;;4.287239;46.948743
71014_2380_00009;9;;Rue du 11 Novembre 1918;71400;71014;Autun;;;4.291518;46.95283
71014_2710_00002;2;;Route des Plaines;71400;71014;Autun;;;4.256239;46.976338
71014_3350_00006;6;;Rue Saint-Nicolas;71400;71014;Autun;;;4.30009;46.955271
71014_1504_00011;11;;Rue Général Demetz;71400;71014;Autun;;;4.298463;46.949229
71014_3610_00026;26;;Rue du Théâtre Romain;71400;71014;Autun;;;4.309942;46.955372
71014_3278_00011;11;;Rue Saint-Étienne;71400;71014;Autun;Saint-Pantaléon;;4.322407;46.962201
71014_3110_00043;43;;Avenue de la République;71400;71014;Autun;;;4.30149;46.958439
71014_1226_00006;6;;Allée Ferdinand Guillemardet;71400;71014;Autun;;;4.300445;46.951197
71014_3110_00021;21;;Avenue de la République;71400;71014;Autun;;;4.297558;46.956631
71014_2701_00001;1;;Rue de Planoise;71400;71014;Autun;;;4.308839;46.940822
71014_3020_00006;6;;Rue Racine;71400;71014;Autun;Saint-Pantaléon;;4.308128;46.967616
71014_1226_00004;4;;Allée Ferdinand Guillemardet;71400;71014;Autun;;;4.300358;46.9512
71014_1206_00032;32;;Rue du Faubourg d’Arroux;71400;71014;Autun;;;4.295507;46.959874
71014_1220_00002_a;2;a;Rue du Faubourg Saint-Branchez;71400;71014;Autun;;;4.305385;46.946385
71014_0020_00016;16;;Rue Adrien Guignet;71400;71014;Autun;;;4.287038;46.951804
71014_glbax1_00036;36;;Route du Corps Franc Pommiès;71400;71014;Autun;;;4.265229;46.938891
71014_0876_00030;30;;Route de la Chicolle et de Montjeu;71400;71014;Autun;;;4.283604;46.921891
71014_1580_00045_bis;45;bis;Rue de la Grille;71400;71014;Autun;;;4.293817;46.953333
71014_3710_00019;19;;Rue Victor Hugo;71400;71014;Autun;Saint-Pantaléon;;4.307887;46.96878
71014_2041_00037;37;;Petite Rue Marchaux;71400;71014;Autun;;;4.300203;46.953949
71014_0880_00006;6;;Rue des Cités;71400;71014;Autun;;;4.298924;46.953584
71014_2395_00033;33;;Rue des Ormes;71400;71014;Autun;Saint-Pantaléon;;4.313352;46.962626
71014_0643_00028;28;;Rue de la place du Champ de Mars;71400;71014;Autun;;;4.298329;46.950218
71014_2680_00006;6;;Rue Piolin;71400;71014;Autun;;;4.300694;46.94699
71014_0890_00017;17;;Rue du Clos Jovet;71400;71014;Autun;;;4.303254;46.956537
71014_0220_00021;21;;Rue Bernard Renault;71400;71014;Autun;;;4.297624;46.954247
71014_1730_00014;14;;Rue de la Jambe de Bois;71400;71014;Autun;;;4.305493;46.948762
71014_1010_00008;8;;Rue de la Croix Verte;71400;71014;Autun;;;4.305983;46.953806
71014_0301_00031;31;;Rue du Bois Mathey;71400;71014;Autun;;;4.334388;46.908425
71014_0670_00005;5;;Rue du Chancelier Rolin;71400;71014;Autun;;;4.300618;46.959339
71014_1208_00007;7;;Rue du Faubourg du Breuil;71400;71014;Autun;;;4.301951;46.942905
71014_0755_00034;34;;Route de Château-Chinon;71400;71014;Autun;;;4.282919;46.960602
71014_1125_00025_bis;25;bis;Rue des Éduens;71400;71014;Autun;;;4.29116;46.949336
71014_1218_00060;60;;Rue du Faubourg Saint-Blaise;71400;71014;Autun;;;4.298561;46.937389
71014_2040_00040_bis;40;bis;Grande Rue Marchaux;71400;71014;Autun;;;4.299969;46.954793
71014_1206_00006_b;6;b;Rue du Faubourg d’Arroux;71400;71014;Autun;;;4.296731;46.958515
71014_0090_00019;19;;Route d'Arnay;71400;71014;Autun;Saint-Pantaléon;;4.305009;46.961809
71014_2470_00035;35;;Rue de Parpas;71400;71014;Autun;;;4.286367;46.949635
71014_1710_00011;11;;Rue d’Ingelheim;71400;71014;Autun;;;4.278323;46.944591
71014_0645_00010;10;;Rue du Champ du Moulin;71400;71014;Autun;Saint-Pantaléon;;4.31271;46.98763
71014_3275_00007;7;;Route de Saint-Denis;71400;71014;Autun;Saint-Pantaléon;;4.318132;46.96776
71014_0670_00008_d;8;d;Rue du Chancelier Rolin;71400;71014;Autun;;;4.300884;46.959427
71014_1110_00006;6;;Rue Dufraigne;71400;71014;Autun;;;4.298999;46.944062
71014_3110_00039;39;;Avenue de la République;71400;71014;Autun;;;4.299895;46.957756
71014_3710_00012;12;;Rue Victor Hugo;71400;71014;Autun;Saint-Pantaléon;;4.308394;46.969222
71014_0540_00022;22;;Rue Carion;71400;71014;Autun;;;4.295587;46.957404
71014_1820_00008;8;;Rue Jondeau;71400;71014;Autun;;;4.297105;46.95055
71014_0915_00038;38;;Avenue du Commandant Neuchèze;71400;71014;Autun;;;4.278804;46.958814
71014_0090_00094;94;;Route d'Arnay;71400;71014;Autun;Saint-Pantaléon;;4.309949;46.97903
71014_0210_00007;7;;Boulevard Bernard Giberstein;71400;71014;Autun;;;4.28406;46.952282
71014_0670_00004_a;4;a;Rue du Chancelier Rolin;71400;71014;Autun;;;4.30113;46.958814
71014_1560_00001;1;;Rue de la Grange Vertu;71400;71014;Autun;;;4.295363;46.953227
71014_3685_00002;2;;Rue de la Verrerie;71400;71014;Autun;;;4.279422;46.958261
71014_3110_00040;40;;Avenue de la République;71400;71014;Autun;;;4.297016;46.956232
71014_0340_00007_bis;7;bis;Rue de la Bondue;71400;71014;Autun;;;4.300464;46.954268
71014_0670_00033;33;;Rue du Chancelier Rolin;71400;71014;Autun;;;4.301241;46.960035
71014_1580_00006;6;;Rue de la Grille;71400;71014;Autun;;;4.296787;46.95064
71014_3610_00020_f;20;f;Rue du Théâtre Romain;71400;71014;Autun;;;4.309154;46.954679
71014_1570_00001;1;;Rue De la Griottière;71400;71014;Autun;Saint-Pantaléon;;4.318094;46.964367
71014_0740_00027_bis;27;bis;Avenue Charles de Gaulle;71400;71014;Autun;;;4.296364;46.952511
71014_2040_00028;28;;Grande Rue Marchaux;71400;71014;Autun;;;4.300168;46.954371
71014_1600_00009;9;;Rue Guérin;71400;71014;Autun;;;4.300066;46.952153
71014_1050_00004_bis;4;bis;Avenue du 2e Dragons;71400;71014;Autun;;;4.308468;46.953525
71014_2043_00016;16;;Rue du Maréchal Juin;71400;71014;Autun;;;4.322127;46.950585
71014_1390_00024;24;;Rue des Gailles;71400;71014;Autun;;;4.285249;46.94837
71014_3110_00054;54;;Avenue de la République;71400;71014;Autun;;;4.298087;46.95673
71014_b551_00006;6;;Le Clos du Parc;71400;71014;Autun;;;4.284728;46.94732
