id;numero;rep;nom_voie;code_postal;code_insee;nom_commune;nom_ancienne_commune;nom_ld;lon;lat
31381_0073_00006;6;;Rue du Four;31450;31381;Montgiscard;;;1.572938;43.457939
31381_0076_00010;10;;rue francou;31450;31381;Montgiscard;;;1.570077;43.459436
31381_w1zj2g_00003;3;;Route Departementale 24;31450;31381;Montgiscard;;;1.57532;43.458709
31381_a005_00008;8;;Lotissement des Acacias;31450;31381;Montgiscard;;;1.580096;43.451866
31381_0095_00004;4;;Chemin de la Masquière;31450;31381;Montgiscard;;;1.572673;43.46286
31381_0030_00008;8;;Chemin des Cordeliers;31450;31381;Montgiscard;;;1.571373;43.455851
31381_cpj2tn_00008;8;;La Bordiere;31450;31381;Montgiscard;;;1.586389;43.469771
31381_a020_00006;6;;Lotissement la Pradelle;31450;31381;Montgiscard;;;1.579179;43.456317
31381_0133_00021;21;;Rue Lot le Parc des Graves;31450;31381;Montgiscard;;;1.562713;43.461987
31381_0122_00020;20;;Route Nationale N°113;31450;31381;Montgiscard;;;1.566684;43.464584
31381_0201_00003;3;;Rue du Vallon;31450;31381;Montgiscard;;;1.572816;43.45964
31381_0122_00026;26;;Route Nationale N°113;31450;31381;Montgiscard;;;1.565091;43.465469
31381_0150_00008;8;;Chemin de la Pradelle;31450;31381;Montgiscard;;;1.579324;43.452924
31381_a016_00006;6;;Lotissement les Hauts de Graves;31450;31381;Montgiscard;;;1.571435;43.463104
31381_0122_00007;7;;Route Nationale N°113;31450;31381;Montgiscard;;;1.570628;43.462159
31381_0070_00021;21;;Chemin des Galériens;31450;31381;Montgiscard;;;1.564222;43.461926
31381_0122_00012;12;;Route Nationale N°113;31450;31381;Montgiscard;;;1.569484;43.463078
31381_0122_00005;5;;Route Nationale N°113;31450;31381;Montgiscard;;;1.570685;43.462106
31381_0130_00001;1;;Chemin de Pinatel;31450;31381;Montgiscard;;;1.559099;43.456876
31381_0070_00001_bis;1;bis;Chemin des Galériens;31450;31381;Montgiscard;;;1.566183;43.459243
31381_7h98el_00010;10;;rue de cocagne;31450;31381;Montgiscard;;;1.570539;43.461264
31381_b3o68s_00009;9;;L’Esplanade;31450;31381;Montgiscard;;;1.574673;43.458453
31381_0111_00004;4;;Place des Moulins;31450;31381;Montgiscard;;;1.571716;43.45469
31381_0122_00028;28;;Route Nationale N°113;31450;31381;Montgiscard;;;1.564786;43.465666
31381_a022_00002;2;;Lotissement les Saules;31450;31381;Montgiscard;;;1.575504;43.454778
31381_0122_00006;6;;Route Nationale N°113;31450;31381;Montgiscard;;;1.581318;43.456248
31381_0017_00007;7;;Impasse de la Briqueterie;31450;31381;Montgiscard;;;1.558088;43.467618
31381_0154_00010;10;;Impasse de la Roca;31450;31381;Montgiscard;;;1.574809;43.451433
31381_0155_00111;111;;Rue la Roca;31450;31381;Montgiscard;;;1.574522;43.45114
31381_0076_00001_lot k;1;lot k;rue francou;31450;31381;Montgiscard;;;1.571264;43.459177
31381_0022_00014;14;;Rue Cantalause;31450;31381;Montgiscard;;;1.572721;43.452444
31381_b056_00004;4;;En Rouzaud;31450;31381;Montgiscard;;;1.586191;43.453901
31381_0154_00004;4;;Impasse de la Roca;31450;31381;Montgiscard;;;1.574689;43.451309
31381_a011_00002;2;;Lotissement les Amouries;31450;31381;Montgiscard;;;1.576653;43.451649
31381_0121_00006;6;;Rue Mercadier;31450;31381;Montgiscard;;;1.572568;43.458833
31381_0010_00042;42;;Chemin Al Cers;31450;31381;Montgiscard;;;1.569453;43.452344
31381_qflmp0_00007;7;;Rue Campolongo Tapogliano;31450;31381;Montgiscard;;;1.577499;43.457811
31381_a011_00028;28;;Lotissement les Amouries;31450;31381;Montgiscard;;;1.577168;43.450797
31381_0078_00004;4;;Rue de la Garenne;31450;31381;Montgiscard;;;1.570555;43.459431
31381_0180_00002;2;;Chemin de Safrana;31450;31381;Montgiscard;;;1.564096;43.457479
31381_0205_00008;8;;Impasse des Vignes;31450;31381;Montgiscard;;;1.573043;43.455202
31381_0035_00014;14;;Rue des Droits de l'Homme;31450;31381;Montgiscard;;;1.572063;43.457039
31381_4y14cx_00004;4;;Le Clos de Safrana;31450;31381;Montgiscard;;;1.566169;43.456663
31381_yajja2_00006;6;;Domaine de Majouret;31450;31381;Montgiscard;;;1.591365;43.470094
31381_0155_00004;4;;Rue la Roca;31450;31381;Montgiscard;;;1.57486;43.450785
31381_a016_00003;3;;Lotissement les Hauts de Graves;31450;31381;Montgiscard;;;1.571435;43.463104
31381_a021_00003;3;;Lot les Jardins de la Pradelle;31450;31381;Montgiscard;;;1.57852;43.45347
31381_0180_00003_bis;3;bis;Chemin de Safrana;31450;31381;Montgiscard;;;1.564467;43.457581
31381_qjv3oa_00023;23;;Route Departementale 813;31450;31381;Montgiscard;;;1.561775;43.46701
31381_0010_00033_ter;33;ter;Chemin Al Cers;31450;31381;Montgiscard;;;1.57123;43.450037
31381_bafls6_00001;1;;le clos de l'autan;31450;31381;Montgiscard;;;1.573767;43.449886
31381_0073_00007_bis;7;bis;Rue du Four;31450;31381;Montgiscard;;;1.573037;43.457806
31381_llujua_00001;1;;impasse du pastel;31450;31381;Montgiscard;;;1.570671;43.460591
31381_2ok762_00009;9;;la Madeleine;31450;31381;Montgiscard;;;1.53946;43.447155
31381_0070_00007_ter;7;ter;Chemin des Galériens;31450;31381;Montgiscard;;;1.565415;43.460543
31381_0121_00018;18;;Rue Mercadier;31450;31381;Montgiscard;;;1.571931;43.45847
31381_yajja2_00001;1;;Domaine de Majouret;31450;31381;Montgiscard;;;1.591587;43.470507
31381_0040_00002;2;;Chemin de l'Enclos;31450;31381;Montgiscard;;;1.57018;43.461787
31381_7h98el_00012;12;;rue de cocagne;31450;31381;Montgiscard;;;1.570658;43.461384
31381_0022_00011;11;;Rue Cantalause;31450;31381;Montgiscard;;;1.574076;43.45188
31381_0132_00001;1;;Chemin de l'Ancien Château d'Eau;31450;31381;Montgiscard;;;1.574553;43.456538
31381_0078_00025;25;;Rue de la Garenne;31450;31381;Montgiscard;;;1.570104;43.459891
31381_0020_00004;4;;Chemin de Candel;31450;31381;Montgiscard;;;1.57073;43.456888
31381_0022_00030;30;;Rue Cantalause;31450;31381;Montgiscard;;;1.573724;43.451429
31381_cpj2tn_00006_bis;6;bis;La Bordiere;31450;31381;Montgiscard;;;1.585735;43.469369
31381_0130_00002;2;;Chemin de Pinatel;31450;31381;Montgiscard;;;1.557712;43.455671
31381_a011_00029;29;;Lotissement les Amouries;31450;31381;Montgiscard;;;1.576944;43.450938
31381_0110_00033;33;;Rue des Moulins;31450;31381;Montgiscard;;;1.573096;43.45619
31381_0168_00004;4;;Impasse Al Roumani;31450;31381;Montgiscard;;;1.560333;43.461194
31381_0073_00001;1;;Rue du Four;31450;31381;Montgiscard;;;1.573037;43.457806
31381_0073_00011_bis;11;bis;Rue du Four;31450;31381;Montgiscard;;;1.572587;43.45839
31381_0155_00015;15;;Rue la Roca;31450;31381;Montgiscard;;;1.573676;43.450356
31381_a011_00019;19;;Lotissement les Amouries;31450;31381;Montgiscard;;;1.576325;43.451159
31381_0135_00003_bis;3;bis;Rue de la Place;31450;31381;Montgiscard;;;1.57305;43.458326
31381_0010_00010_bis;10;bis;Chemin Al Cers;31450;31381;Montgiscard;;;1.571622;43.451324
31381_0090_00046;46;;Chemin des Graves;31450;31381;Montgiscard;;;1.558589;43.46356
31381_0155_00023;23;;Rue la Roca;31450;31381;Montgiscard;;;1.574459;43.450009
31381_0070_00010;10;;Chemin des Galériens;31450;31381;Montgiscard;;;1.566434;43.460131
31381_9d1c9e_00001_b;1;b;Chemin de Nostre Seigne;31450;31381;Montgiscard;;;1.57919;43.449811
31381_7870dc_00003;3;;le clos de l'autan;31450;31381;Montgiscard;;;1.574299;43.44966
31381_0180_00020_bis;20;bis;Chemin de Safrana;31450;31381;Montgiscard;;;1.566382;43.454616
31381_0010_00001_bis;1;bis;Chemin Al Cers;31450;31381;Montgiscard;;;1.571757;43.453484
31381_0078_00003;3;;Rue de la Garenne;31450;31381;Montgiscard;;;1.57078;43.459647
31381_a022_00006;6;;Lotissement les Saules;31450;31381;Montgiscard;;;1.575357;43.455523
31381_0132_00004;4;;Chemin de l'Ancien Château d'Eau;31450;31381;Montgiscard;;;1.5745;43.456291
31381_0100_00001;1;;Route de Montbrun;31450;31381;Montgiscard;;;1.57035;43.45752
31381_0110_00003;3;;Rue des Moulins;31450;31381;Montgiscard;;;1.574396;43.457236
31381_0021_00255;255;;Route de Saint Leon;31450;31381;Montgiscard;;;1.574185;43.433464
31381_0155_00018;18;;Rue la Roca;31450;31381;Montgiscard;;;1.574531;43.450145
31381_0132_00008;8;;Chemin de l'Ancien Château d'Eau;31450;31381;Montgiscard;;;1.57455;43.455752
31381_0060_00008;8;;Chemin de Fontblazy;31450;31381;Montgiscard;;;1.576093;43.453209
31381_0080_00014;14;;Grand Rue;31450;31381;Montgiscard;;;1.573598;43.458392
31381_6l2zp5_00008;8;;Chemin de Lamasquiere;31450;31381;Montgiscard;;;1.579535;43.459789
31381_0090_00016;16;;Chemin des Graves;31450;31381;Montgiscard;;;1.56314;43.460549
31381_0122_00034;34;;Route Nationale N°113;31450;31381;Montgiscard;;;1.563058;43.466576
31381_0078_00024;24;;Rue de la Garenne;31450;31381;Montgiscard;;;1.571315;43.459834
31381_uaw8rs_00004;4;;Chemin de l’Ecluse;31450;31381;Montgiscard;;;1.572044;43.463004
31381_0110_00044_bis;44;bis;Rue des Moulins;31450;31381;Montgiscard;;;1.570321;43.454403
31381_0032_00001;1;;Chemin de Delmont;31450;31381;Montgiscard;;;1.580227;43.453053
31381_0010_00009;9;;Chemin Al Cers;31450;31381;Montgiscard;;;1.57064;43.452797
31381_0122_00032;32;;Route Nationale N°113;31450;31381;Montgiscard;;;1.563668;43.466281
31381_0111_00005;5;;Place des Moulins;31450;31381;Montgiscard;;;1.571861;43.454677
31381_0110_00027;27;;Rue des Moulins;31450;31381;Montgiscard;;;1.573424;43.456387
31381_0070_00024;24;;Chemin des Galériens;31450;31381;Montgiscard;;;1.566051;43.460523
31381_0133_00016;16;;Rue Lot le Parc des Graves;31450;31381;Montgiscard;;;1.563045;43.462611
31381_0202_00003;3;;impasse du lauragais;31450;31381;Montgiscard;;;1.57274;43.45101
31381_coim6s_00010;10;;Toubans;31450;31381;Montgiscard;;;1.544206;43.450957
31381_34ceii_00010;10;;lotissement le parc des graves;31450;31381;Montgiscard;;;1.562152;43.462351
31381_a020_00008;8;;Lotissement la Pradelle;31450;31381;Montgiscard;;;1.579038;43.456387
31381_0022_00026;26;;Rue Cantalause;31450;31381;Montgiscard;;;1.573841;43.451882
31381_0190_00034;34;;Rue des Tuiliers;31450;31381;Montgiscard;;;1.570926;43.45812
31381_0080_00035;35;;Grand Rue;31450;31381;Montgiscard;;;1.572971;43.458918
31381_0120_00007_bis;7;bis;Route de Nailloux;31450;31381;Montgiscard;;;1.575555;43.452238
31381_0180_00011;11;;Chemin de Safrana;31450;31381;Montgiscard;;;1.565409;43.456723
31381_0180_00018;18;;Chemin de Safrana;31450;31381;Montgiscard;;;1.566588;43.455287
31381_ticx08_00001_bis;1;bis;Lalotge;31450;31381;Montgiscard;;;1.581847;43.454562
31381_0080_00030;30;;Grand Rue;31450;31381;Montgiscard;;;1.573022;43.458981
31381_0122_00030;30;;Route Nationale N°113;31450;31381;Montgiscard;;;1.564346;43.465986
31381_qjv3oa_00022;22;;Route Departementale 813;31450;31381;Montgiscard;;;1.566538;43.464615
31381_0140_00010;10;;Rue de la Poste;31450;31381;Montgiscard;;;1.573007;43.456829
31381_nftnvb_00001;1;;La Lotge;31450;31381;Montgiscard;;;1.58057;43.455241
31381_0180_00007;7;;Chemin de Safrana;31450;31381;Montgiscard;;;1.564898;43.457144
31381_0010_00033_bis;33;bis;Chemin Al Cers;31450;31381;Montgiscard;;;1.571646;43.449892
31381_0010_00029;29;;Chemin Al Cers;31450;31381;Montgiscard;;;1.573673;43.450095
31381_0094_00006;6;;Rue les Martrettes;31450;31381;Montgiscard;;;1.566703;43.461096
31381_0125_00002;2;;Chemin de Passelis;31450;31381;Montgiscard;;;1.572598;43.463365
31381_0110_00006;6;;Rue des Moulins;31450;31381;Montgiscard;;;1.573908;43.456973
31381_0093_00006;6;;Chemin de Lalotge;31450;31381;Montgiscard;;;1.580264;43.454935
31381_0091_00005;5;;Place de la Cour;31450;31381;Montgiscard;;;1.573144;43.457484
31381_0100_00035_bis;35;bis;Route de Montbrun;31450;31381;Montgiscard;;;1.553924;43.455129
31381_0140_00003;3;;Rue de la Poste;31450;31381;Montgiscard;;;1.573739;43.457164
31381_0010_00016;16;;Chemin Al Cers;31450;31381;Montgiscard;;;1.57203;43.450892
31381_0070_00005;5;;Chemin des Galériens;31450;31381;Montgiscard;;;1.565764;43.459844
31381_0168_00007;7;;Impasse Al Roumani;31450;31381;Montgiscard;;;1.560467;43.460877
31381_qjv3oa_00027;27;;Route Departementale 813;31450;31381;Montgiscard;;;1.556505;43.469936
31381_2ok762_00005;5;;la Madeleine;31450;31381;Montgiscard;;;1.538685;43.447483
31381_0010_00073;73;;Chemin Al Cers;31450;31381;Montgiscard;;;1.568714;43.451754
31381_0122_00008;8;;Route Nationale N°113;31450;31381;Montgiscard;;;1.570358;43.462567
31381_0155_00016;16;;Rue la Roca;31450;31381;Montgiscard;;;1.574641;43.450207
31381_a005_00005;5;;Lotissement des Acacias;31450;31381;Montgiscard;;;1.58075;43.451748
31381_0125_00002_bis;2;bis;Chemin de Passelis;31450;31381;Montgiscard;;;1.572914;43.463552
31381_0100_00007;7;;Route de Montbrun;31450;31381;Montgiscard;;;1.566014;43.458632
31381_b7jp30_00001;1;;Lespitalet;31450;31381;Montgiscard;;;1.558929;43.455329
31381_qjv3oa_00032;32;;Route Departementale 813;31450;31381;Montgiscard;;;1.565065;43.465438
31381_2ok762_00017_bis;17;bis;la Madeleine;31450;31381;Montgiscard;;;1.541583;43.446265
31381_0078_00022;22;;Rue de la Garenne;31450;31381;Montgiscard;;;1.571256;43.459802
31381_0155_00014;14;;Rue la Roca;31450;31381;Montgiscard;;;1.574854;43.451448
31381_0154_00005;5;;Impasse de la Roca;31450;31381;Montgiscard;;;1.575047;43.451264
31381_0190_00008;8;;Rue des Tuiliers;31450;31381;Montgiscard;;;1.572166;43.459246
31381_0076_00032;32;;rue francou;31450;31381;Montgiscard;;;1.570555;43.458693
31381_0080_00003;3;;Grand Rue;31450;31381;Montgiscard;;;1.57431;43.457524
31381_0110_00001;1;;Rue des Moulins;31450;31381;Montgiscard;;;1.574572;43.457351
31381_0180_00009;9;;Chemin de Safrana;31450;31381;Montgiscard;;;1.565158;43.456948
31381_0073_00014_bis;14;bis;Rue du Four;31450;31381;Montgiscard;;;1.57272;43.458472
31381_0090_00044;44;;Chemin des Graves;31450;31381;Montgiscard;;;1.559117;43.463306
31381_0150_00012;12;;Chemin de la Pradelle;31450;31381;Montgiscard;;;1.579156;43.451998
31381_0x4ta6_00029;29;;Fontgrazalet;31450;31381;Montgiscard;;;1.576145;43.432008
31381_0070_00040;40;;Chemin des Galériens;31450;31381;Montgiscard;;;1.564945;43.462083
31381_a016_00008;8;;Lotissement les Hauts de Graves;31450;31381;Montgiscard;;;1.571435;43.463104
31381_0150_00001_bis;1;bis;Chemin de la Pradelle;31450;31381;Montgiscard;;;1.58093;43.456085
31381_a020_00014;14;;Lotissement la Pradelle;31450;31381;Montgiscard;;;1.579148;43.456277
31381_0121_00003;3;;Rue Mercadier;31450;31381;Montgiscard;;;1.571987;43.458422
31381_0100_00002;2;;Route de Montbrun;31450;31381;Montgiscard;;;1.553939;43.456943
31381_0090_00005;5;;Chemin des Graves;31450;31381;Montgiscard;;;1.564434;43.45912
31381_0150_00013;13;;Chemin de la Pradelle;31450;31381;Montgiscard;;;1.579492;43.452605
31381_0111_00003;3;;Place des Moulins;31450;31381;Montgiscard;;;1.571687;43.454759
31381_0010_00006;6;;Chemin Al Cers;31450;31381;Montgiscard;;;1.571218;43.451815
31381_0080_00012;12;;Grand Rue;31450;31381;Montgiscard;;;1.573619;43.458371
31381_0015_00004;4;;Place du Boué;31450;31381;Montgiscard;;;1.572484;43.458138
31381_qjv3oa_00002;2;;Route Departementale 813;31450;31381;Montgiscard;;;1.571718;43.46145
31381_0135_00001;1;;Rue de la Place;31450;31381;Montgiscard;;;1.573136;43.458397
31381_b3o68s_00007;7;;L’Esplanade;31450;31381;Montgiscard;;;1.574531;43.458312
31381_0010_00081;81;;Chemin Al Cers;31450;31381;Montgiscard;;;1.570325;43.452895
31381_0168_00005;5;;Impasse Al Roumani;31450;31381;Montgiscard;;;1.560224;43.461104
31381_b056_00001_bis;1;bis;En Rouzaud;31450;31381;Montgiscard;;;1.588093;43.454482
31381_0154_00024;24;;Impasse de la Roca;31450;31381;Montgiscard;;;1.575296;43.451189
31381_0073_00005;5;;Rue du Four;31450;31381;Montgiscard;;;1.573142;43.457785
31381_0060_00010;10;;Chemin de Fontblazy;31450;31381;Montgiscard;;;1.576324;43.452841
31381_0060_00002;2;;Chemin de Fontblazy;31450;31381;Montgiscard;;;1.573068;43.456052
31381_0110_00016_bis;16;bis;Rue des Moulins;31450;31381;Montgiscard;;;1.572542;43.455863
31381_r5zch4_00008;8;;Lotissement Bellevue;31450;31381;Montgiscard;;;1.578496;43.451754
31381_0070_00030;30;;Chemin des Galériens;31450;31381;Montgiscard;;;1.565499;43.460955
31381_0155_00003;3;;Rue la Roca;31450;31381;Montgiscard;;;1.574409;43.450691
31381_0125_00004;4;;Chemin de Passelis;31450;31381;Montgiscard;;;1.573135;43.463686
31381_0080_00010;10;;Grand Rue;31450;31381;Montgiscard;;;1.573669;43.45832
31381_0090_00030;30;;Chemin des Graves;31450;31381;Montgiscard;;;1.560179;43.46267
31381_a020_00001;1;;Lotissement la Pradelle;31450;31381;Montgiscard;;;1.579551;43.456105
31381_0100_00015;15;;Route de Montbrun;31450;31381;Montgiscard;;;1.556137;43.455938
31381_qgfrbp_00004;4;;Impasse de l’Ecluse;31450;31381;Montgiscard;;;1.57072;43.462549
31381_axwnnw_00004;4;;Le Moulin;31450;31381;Montgiscard;;;1.57159;43.45448
31381_0020_00008_bis;8;bis;Chemin de Candel;31450;31381;Montgiscard;;;1.568595;43.453905
31381_0130_00012;12;;Chemin de Pinatel;31450;31381;Montgiscard;;;1.556847;43.454145
31381_b24465_00011;11;;impasse des tournesols;31450;31381;Montgiscard;;;1.569883;43.454317
31381_0070_00008;8;;Chemin des Galériens;31450;31381;Montgiscard;;;1.566468;43.459865
31381_0151_00005;5;;Rue des Remparts;31450;31381;Montgiscard;;;1.571963;43.458309
31381_qjv3oa_00004;4;;Route Departementale 813;31450;31381;Montgiscard;;;1.571338;43.46171
31381_0110_00010;10;;Rue des Moulins;31450;31381;Montgiscard;;;1.573661;43.456716
31381_0076_00030;30;;rue francou;31450;31381;Montgiscard;;;1.570451;43.458762
31381_c23cce_00003;3;;impasse des tournesols;31450;31381;Montgiscard;;;1.569214;43.454113
31381_0022_00003;3;;Rue Cantalause;31450;31381;Montgiscard;;;1.573431;43.452297
31381_0075_00004;4;;Rue du Salin;31450;31381;Montgiscard;;;1.573441;43.457853
31381_0066_00007;7;;Chemin Départemental No 24;31450;31381;Montgiscard;;;1.577331;43.457834
31381_5083zu_00003;3;;Impasse du Chateau d’Eau;31450;31381;Montgiscard;;;1.574329;43.456633
31381_a011_00031;31;;Lotissement les Amouries;31450;31381;Montgiscard;;;1.576618;43.451183
31381_0075_00180;180;;Rue du Salin;31450;31381;Montgiscard;;;1.572846;43.45774
31381_0155_00014;14;;Rue la Roca;31450;31381;Montgiscard;;;1.574494;43.450305
31381_0090_00006;6;;Chemin des Graves;31450;31381;Montgiscard;;;1.564551;43.459373
31381_0012_00008;8;;Vieux Chemin de Belbeze;31450;31381;Montgiscard;;;1.56789;43.45404
31381_b034_00032;32;;Grande Borde;31450;31381;Montgiscard;;;1.569401;43.444577
31381_qjv3oa_00002_bis;2;bis;Route Departementale 813;31450;31381;Montgiscard;;;1.582088;43.454738
31381_0201_00002_bis;2;bis;Rue du Vallon;31450;31381;Montgiscard;;;1.572778;43.459543
31381_0201_00002;2;;Rue du Vallon;31450;31381;Montgiscard;;;1.572722;43.459464
31381_0070_00004;4;;Chemin des Galériens;31450;31381;Montgiscard;;;1.566825;43.459389
31381_0073_00008;8;;Rue du Four;31450;31381;Montgiscard;;;1.572754;43.458279
31381_uaw8rs_00003;3;;Chemin de l’Ecluse;31450;31381;Montgiscard;;;1.570562;43.463569
31381_0091_00002;2;;Place de la Cour;31450;31381;Montgiscard;;;1.572989;43.45759
31381_0010_00069;69;;Chemin Al Cers;31450;31381;Montgiscard;;;1.568462;43.451635
31381_0100_00033_bis;33;bis;Route de Montbrun;31450;31381;Montgiscard;;;1.555009;43.455692
31381_0050_00015;15;;Route du Faubourg du Sers;31450;31381;Montgiscard;;;1.57152;43.460638
31381_7l6syj_00017_b;17;b;rue francou;31450;31381;Montgiscard;;;1.56945;43.45478
31381_0020_00009;9;;Chemin de Candel;31450;31381;Montgiscard;;;1.569667;43.455674
31381_0095_00008;8;;Chemin de la Masquière;31450;31381;Montgiscard;;;1.579424;43.45971
31381_0180_00014;14;;Chemin de Safrana;31450;31381;Montgiscard;;;1.565619;43.456105
31381_qjv3oa_00006;6;;Route Departementale 813;31450;31381;Montgiscard;;;1.58043;43.456777
31381_0110_00009;9;;Rue des Moulins;31450;31381;Montgiscard;;;1.574032;43.456986
31381_0130_00011;11;;Chemin de Pinatel;31450;31381;Montgiscard;;;1.557387;43.454798
31381_0070_00034;34;;Chemin des Galériens;31450;31381;Montgiscard;;;1.565639;43.461753
31381_qjv3oa_00006;6;;Route Departementale 813;31450;31381;Montgiscard;;;1.581309;43.456114
31381_7l6syj_00018;18;;rue francou;31450;31381;Montgiscard;;;1.570124;43.459135
31381_0154_00008_b;8;b;Impasse de la Roca;31450;31381;Montgiscard;;;1.57457;43.45142
31381_0080_00018;18;;Grand Rue;31450;31381;Montgiscard;;;1.573502;43.458476
31381_0076_00004;4;;rue francou;31450;31381;Montgiscard;;;1.569814;43.459719
31381_0070_00033;33;;Chemin des Galériens;31450;31381;Montgiscard;;;1.564966;43.464593
31381_nftnvb_00012;12;;La Lotge;31450;31381;Montgiscard;;;1.58049;43.45403
31381_0078_00012;12;;Rue de la Garenne;31450;31381;Montgiscard;;;1.570859;43.459589
31381_korlpr_00028;28;;Lotissemnt Parc des Graves;31450;31381;Montgiscard;;;1.563444;43.462451
31381_0190_00030;30;;Rue des Tuiliers;31450;31381;Montgiscard;;;1.57102;43.458178
31381_6l2zp5_00003;3;;Chemin de Lamasquiere;31450;31381;Montgiscard;;;1.573545;43.462651
31381_0093_00003_ter;3;ter;Chemin de Lalotge;31450;31381;Montgiscard;;;1.581957;43.455174
31381_0180_00012_ter;12;ter;Chemin de Safrana;31450;31381;Montgiscard;;;1.565549;43.456185
31381_axwnnw_00003;3;;Le Moulin;31450;31381;Montgiscard;;;1.57151;43.454709
31381_0154_00026;26;;Impasse de la Roca;31450;31381;Montgiscard;;;1.575374;43.451142
31381_0155_00102;102;;Rue la Roca;31450;31381;Montgiscard;;;1.574695;43.45121
31381_0202_00002;2;;impasse du lauragais;31450;31381;Montgiscard;;;1.572582;43.450954
31381_0110_00043;43;;Rue des Moulins;31450;31381;Montgiscard;;;1.568659;43.45264
31381_0035_00007;7;;Rue des Droits de l'Homme;31450;31381;Montgiscard;;;1.572919;43.456875
31381_0094_00004;4;;Rue les Martrettes;31450;31381;Montgiscard;;;1.566407;43.46089
31381_0180_00014_bis;14;bis;Chemin de Safrana;31450;31381;Montgiscard;;;1.565219;43.455707
31381_0154_00001;1;;Impasse de la Roca;31450;31381;Montgiscard;;;1.574908;43.451356
31381_0010_00059;59;;Chemin Al Cers;31450;31381;Montgiscard;;;1.570452;43.452739
31381_0050_00013;13;;Route du Faubourg du Sers;31450;31381;Montgiscard;;;1.571908;43.46018
31381_0022_00024;24;;Rue Cantalause;31450;31381;Montgiscard;;;1.573603;43.452032
31381_0201_00007;7;;Rue du Vallon;31450;31381;Montgiscard;;;1.573342;43.459622
31381_0111_00001;1;;Place des Moulins;31450;31381;Montgiscard;;;1.571893;43.455077
31381_uaw8rs_00002;2;;Chemin de l’Ecluse;31450;31381;Montgiscard;;;1.571484;43.462994
31381_0130_00013;13;;Chemin de Pinatel;31450;31381;Montgiscard;;;1.557194;43.454584
31381_b056_00003;3;;En Rouzaud;31450;31381;Montgiscard;;;1.587608;43.453262
31381_0078_00016;16;;Rue de la Garenne;31450;31381;Montgiscard;;;1.571009;43.459667
31381_0110_00035_bis;35;bis;Rue des Moulins;31450;31381;Montgiscard;;;1.572174;43.455481
31381_0060_00009_bis;9;bis;Chemin de Fontblazy;31450;31381;Montgiscard;;;1.577304;43.4521
31381_0100_00003;3;;Route de Montbrun;31450;31381;Montgiscard;;;1.569625;43.457761
31381_0080_00001;1;;Grand Rue;31450;31381;Montgiscard;;;1.574454;43.457393
31381_0078_00009;9;;Rue de la Garenne;31450;31381;Montgiscard;;;1.57078;43.459647
31381_0132_00002;2;;Chemin de l'Ancien Château d'Eau;31450;31381;Montgiscard;;;1.57438;43.45687
31381_0073_00020;20;;Rue du Four;31450;31381;Montgiscard;;;1.572476;43.458604
31381_2ok762_00019;19;;la Madeleine;31450;31381;Montgiscard;;;1.541903;43.446045
31381_0090_00011;11;;Chemin des Graves;31450;31381;Montgiscard;;;1.563926;43.459678
31381_0180_00018_bis;18;bis;Chemin de Safrana;31450;31381;Montgiscard;;;1.56648;43.454985
31381_ticx08_00022_bis;22;bis;Lalotge;31450;31381;Montgiscard;;;1.581658;43.45487
31381_a011_00007;7;;Lotissement les Amouries;31450;31381;Montgiscard;;;1.576132;43.452181
31381_0022_00020;20;;Rue Cantalause;31450;31381;Montgiscard;;;1.573257;43.452213
31381_a020_00005;5;;Lotissement la Pradelle;31450;31381;Montgiscard;;;1.579252;43.456279
31381_0155_00101;101;;Rue la Roca;31450;31381;Montgiscard;;;1.57458;43.451175
31381_0190_00276;276;;Rue des Tuiliers;31450;31381;Montgiscard;;;1.571215;43.458396
31381_0155_00113;113;;Rue la Roca;31450;31381;Montgiscard;;;1.574625;43.451128
31381_0073_00015;15;;Rue du Four;31450;31381;Montgiscard;;;1.572409;43.458564
31381_0010_00027_bis;27;bis;Chemin Al Cers;31450;31381;Montgiscard;;;1.572084;43.450995
31381_0125_00005;5;;Chemin de Passelis;31450;31381;Montgiscard;;;1.572496;43.4635
31381_0010_00045_ter;45;ter;Chemin Al Cers;31450;31381;Montgiscard;;;1.568651;43.451203
31381_0026_00006;6;;Chemin du Château d'Eau;31450;31381;Montgiscard;;;1.574804;43.456229
31381_cpj2tn_00007;7;;La Bordiere;31450;31381;Montgiscard;;;1.58547;43.469637
31381_0010_00012;12;;Chemin Al Cers;31450;31381;Montgiscard;;;1.571708;43.451238
31381_0090_00008;8;;Chemin des Graves;31450;31381;Montgiscard;;;1.564811;43.45969
31381_0100_00029;29;;Route de Montbrun;31450;31381;Montgiscard;;;1.555916;43.456222
31381_r5zch4_00002;2;;Lotissement Bellevue;31450;31381;Montgiscard;;;1.578282;43.451806
31381_34ceii_00007;7;;lotissement le parc des graves;31450;31381;Montgiscard;;;1.562122;43.462238
31381_axzgmu_00025;25;;Fonpeyre;31450;31381;Montgiscard;;;1.577102;43.443645
31381_0121_00016;16;;Rue Mercadier;31450;31381;Montgiscard;;;1.571961;43.45872
31381_0110_00036;36;;Rue des Moulins;31450;31381;Montgiscard;;;1.571159;43.454909
31381_0120_00007;7;;Route de Nailloux;31450;31381;Montgiscard;;;1.57501;43.451893
31381_0015_00005;5;;Place du Boué;31450;31381;Montgiscard;;;1.572452;43.458029
31381_0070_00032;32;;Chemin des Galériens;31450;31381;Montgiscard;;;1.565764;43.461051
31381_r82qom_00015;15;;Chemin de Toubans;31450;31381;Montgiscard;;;1.547295;43.451219
31381_4y14cx_00009;9;;Le Clos de Safrana;31450;31381;Montgiscard;;;1.566816;43.457098
31381_0150_00002;2;;Chemin de la Pradelle;31450;31381;Montgiscard;;;1.579915;43.455028
31381_0130_00017;17;;Chemin de Pinatel;31450;31381;Montgiscard;;;1.55727;43.453923
31381_0180_00004;4;;Chemin de Safrana;31450;31381;Montgiscard;;;1.564447;43.457246
31381_0180_00012;12;;Chemin de Safrana;31450;31381;Montgiscard;;;1.565188;43.45649
31381_0093_00440;440;;Chemin de Lalotge;31450;31381;Montgiscard;;;1.581148;43.453665
31381_0180_00013;13;;Chemin de Safrana;31450;31381;Montgiscard;;;1.565599;43.456534
31381_0090_00021_bis;21;bis;Chemin des Graves;31450;31381;Montgiscard;;;1.562442;43.460845
31381_0130_00014;14;;Chemin de Pinatel;31450;31381;Montgiscard;;;1.556855;43.453632
31381_0125_00007;7;;Chemin de Passelis;31450;31381;Montgiscard;;;1.57259;43.463538
31381_ticx08_00003_bis;3;bis;Lalotge;31450;31381;Montgiscard;;;1.581498;43.454949
31381_a011_00014;14;;Lotissement les Amouries;31450;31381;Montgiscard;;;1.575773;43.45166
31381_0080_00019;19;;Grand Rue;31450;31381;Montgiscard;;;1.573568;43.458281
31381_0010_00015;15;;Chemin Al Cers;31450;31381;Montgiscard;;;1.571307;43.4519
31381_ticx08_00012;12;;Lalotge;31450;31381;Montgiscard;;;1.580087;43.454906
31381_0110_00040;40;;Rue des Moulins;31450;31381;Montgiscard;;;1.570802;43.454681
31381_0080_00036_bis;36;bis;Grand Rue;31450;31381;Montgiscard;;;1.572779;43.459243
31381_6l2zp5_00004;4;;Chemin de Lamasquiere;31450;31381;Montgiscard;;;1.572708;43.462819
31381_4y14cx_00010;10;;Le Clos de Safrana;31450;31381;Montgiscard;;;1.56708;43.456881
31381_0154_00008_a;8;a;Impasse de la Roca;31450;31381;Montgiscard;;;1.57453;43.451392
31381_0076_00001_lot j;1;lot j;rue francou;31450;31381;Montgiscard;;;1.571264;43.459285
31381_p8rchl_00007;7;;Quartier la Madeleine;31450;31381;Montgiscard;;;1.53926;43.44753
31381_a011_00008;8;;Lotissement les Amouries;31450;31381;Montgiscard;;;1.57586;43.452191
31381_0150_00007;7;;Chemin de la Pradelle;31450;31381;Montgiscard;;;1.579602;43.453388
31381_0110_00006_ter;6;ter;Rue des Moulins;31450;31381;Montgiscard;;;1.573887;43.456936
31381_0190_00024;24;;Rue des Tuiliers;31450;31381;Montgiscard;;;1.571161;43.458313
31381_0070_00003;3;;Chemin des Galériens;31450;31381;Montgiscard;;;1.56587;43.459716
31381_0133_00018;18;;Rue Lot le Parc des Graves;31450;31381;Montgiscard;;;1.563331;43.462388
31381_b056_00005;5;;En Rouzaud;31450;31381;Montgiscard;;;1.585728;43.45488
31381_1adcf7_00015;15;;impasse des tournesols;31450;31381;Montgiscard;;;1.569243;43.454022
31381_nftnvb_00011;11;;La Lotge;31450;31381;Montgiscard;;;1.58147;43.453679
31381_0091_00007;7;;Place de la Cour;31450;31381;Montgiscard;;;1.572979;43.457376
31381_yk18vr_00007;7;;L’Ecluse;31450;31381;Montgiscard;;;1.57101;43.463162
31381_a011_00026;26;;Lotissement les Amouries;31450;31381;Montgiscard;;;1.577519;43.450548
31381_0205_00004;4;;Impasse des Vignes;31450;31381;Montgiscard;;;1.573355;43.455378
31381_0155_00103;103;;Rue la Roca;31450;31381;Montgiscard;;;1.57458;43.451175
31381_0022_00012;12;;Rue Cantalause;31450;31381;Montgiscard;;;1.572882;43.452445
31381_nftnvb_00010;10;;La Lotge;31450;31381;Montgiscard;;;1.58114;43.454282
31381_0022_00001;1;;Rue Cantalause;31450;31381;Montgiscard;;;1.573077;43.452656
31381_a016_00010;10;;Lotissement les Hauts de Graves;31450;31381;Montgiscard;;;1.571435;43.463104
31381_0070_00036_ter;36;ter;Chemin des Galériens;31450;31381;Montgiscard;;;1.566042;43.461585
31381_0090_00002;2;;Chemin des Graves;31450;31381;Montgiscard;;;1.56485;43.459007
31381_0100_00017;17;;Route de Montbrun;31450;31381;Montgiscard;;;1.556408;43.45599
31381_0080_00001_bis;1;bis;Grand Rue;31450;31381;Montgiscard;;;1.574401;43.457438
31381_0080_00045;45;;Grand Rue;31450;31381;Montgiscard;;;1.572628;43.459256
31381_5955f0_00014;14;;impasse des tournesols;31450;31381;Montgiscard;;;1.569318;43.454072
31381_0110_00020;20;;Rue des Moulins;31450;31381;Montgiscard;;;1.572438;43.455791
31381_9d1c9e_00001_c;1;c;Chemin de Nostre Seigne;31450;31381;Montgiscard;;;1.579301;43.4497
31381_0110_00011;11;;Rue des Moulins;31450;31381;Montgiscard;;;1.57397;43.456927
31381_0080_00027;27;;Grand Rue;31450;31381;Montgiscard;;;1.573258;43.458624
31381_0111_00006;6;;Place des Moulins;31450;31381;Montgiscard;;;1.57198;43.454878
31381_0154_00007;7;;Impasse de la Roca;31450;31381;Montgiscard;;;1.575123;43.451208
31381_a011_00003;3;;Lotissement les Amouries;31450;31381;Montgiscard;;;1.576302;43.451703
31381_0130_00009;9;;Chemin de Pinatel;31450;31381;Montgiscard;;;1.557947;43.455239
31381_0010_00020;20;;Chemin Al Cers;31450;31381;Montgiscard;;;1.572003;43.450214
31381_coim6s_00039;39;;Toubans;31450;31381;Montgiscard;;;1.546183;43.452175
31381_0026_00004;4;;Chemin du Château d'Eau;31450;31381;Montgiscard;;;1.574699;43.456411
31381_0110_00041;41;;Rue des Moulins;31450;31381;Montgiscard;;;1.569111;43.452953
31381_a011_00012;12;;Lotissement les Amouries;31450;31381;Montgiscard;;;1.575714;43.451836
31381_0040_00004;4;;Chemin de l'Enclos;31450;31381;Montgiscard;;;1.569333;43.460383
31381_0026_00003;3;;Chemin du Château d'Eau;31450;31381;Montgiscard;;;1.574727;43.456624
31381_0094_00002;2;;Rue les Martrettes;31450;31381;Montgiscard;;;1.566069;43.460723
31381_a020_00021;21;;Lotissement la Pradelle;31450;31381;Montgiscard;;;1.579768;43.455882
31381_0015_00007_bis;7;bis;Place du Boué;31450;31381;Montgiscard;;;1.572595;43.458138
31381_0122_00018;18;;Route Nationale N°113;31450;31381;Montgiscard;;;1.567316;43.464264
31381_0110_00030;30;;Rue des Moulins;31450;31381;Montgiscard;;;1.571605;43.455206
31381_0030_00001;1;;Chemin des Cordeliers;31450;31381;Montgiscard;;;1.571371;43.456322
31381_0030_00005;5;;Chemin des Cordeliers;31450;31381;Montgiscard;;;1.57167;43.455652
31381_a011_00022;22;;Lotissement les Amouries;31450;31381;Montgiscard;;;1.576887;43.450706
31381_0073_00007;7;;Rue du Four;31450;31381;Montgiscard;;;1.573015;43.457891
31381_0022_00010;10;;Rue Cantalause;31450;31381;Montgiscard;;;1.572758;43.45251
31381_0010_00057;57;;Chemin Al Cers;31450;31381;Montgiscard;;;1.570404;43.452805
31381_qjv3oa_00002;2;;Route Departementale 813;31450;31381;Montgiscard;;;1.582704;43.455269
31381_0102_00002;2;;Route de Montlaur;31450;31381;Montgiscard;;;1.569059;43.464184
31381_0078_00030;30;;Rue de la Garenne;31450;31381;Montgiscard;;;1.569997;43.460112
31381_7h98el_00011;11;;rue de cocagne;31450;31381;Montgiscard;;;1.570598;43.461317
31381_0078_00010;10;;Rue de la Garenne;31450;31381;Montgiscard;;;1.570781;43.459548
31381_0022_00036;36;;Rue Cantalause;31450;31381;Montgiscard;;;1.573506;43.451044
31381_5083zu_00002;2;;Impasse du Chateau d’Eau;31450;31381;Montgiscard;;;1.57431;43.456451
31381_0110_00004_bis;4;bis;Rue des Moulins;31450;31381;Montgiscard;;;1.574007;43.457049
31381_0110_00016;16;;Rue des Moulins;31450;31381;Montgiscard;;;1.572617;43.455928
31381_0078_00017;17;;Rue de la Garenne;31450;31381;Montgiscard;;;1.570875;43.460214
31381_w1zj2g_00005;5;;Route Departementale 24;31450;31381;Montgiscard;;;1.57736;43.45798
31381_0090_00038;38;;Chemin des Graves;31450;31381;Montgiscard;;;1.55981;43.463554
31381_a020_00012;12;;Lotissement la Pradelle;31450;31381;Montgiscard;;;1.578987;43.456359
31381_0010_00036;36;;Chemin Al Cers;31450;31381;Montgiscard;;;1.568929;43.451789
31381_b3o68s_00003;3;;L’Esplanade;31450;31381;Montgiscard;;;1.574328;43.458149
31381_0190_00001_bis;1;bis;Rue des Tuiliers;31450;31381;Montgiscard;;;1.572332;43.459235
31381_0151_00019;19;;Rue des Remparts;31450;31381;Montgiscard;;;1.571617;43.458628
31381_0125_00011_bis;11;bis;Chemin de Passelis;31450;31381;Montgiscard;;;1.572925;43.463721
31381_0080_00007;7;;Grand Rue;31450;31381;Montgiscard;;;1.574133;43.457754
31381_7h98el_00008;8;;rue de cocagne;31450;31381;Montgiscard;;;1.570403;43.461156
31381_0095_00006;6;;Chemin de la Masquière;31450;31381;Montgiscard;;;1.572982;43.462767
31381_a005_00002;2;;Lotissement des Acacias;31450;31381;Montgiscard;;;1.580105;43.452284
31381_34ceii_00014;14;;lotissement le parc des graves;31450;31381;Montgiscard;;;1.562711;43.462781
31381_34ceii_00031;31;;lotissement le parc des graves;31450;31381;Montgiscard;;;1.562897;43.46286
31381_0151_00013;13;;Rue des Remparts;31450;31381;Montgiscard;;;1.571832;43.458452
31381_7870dc_00004;4;;le clos de l'autan;31450;31381;Montgiscard;;;1.574224;43.449391
31381_0155_00009;9;;Rue la Roca;31450;31381;Montgiscard;;;1.573989;43.450731
31381_a005_00006;6;;Lotissement des Acacias;31450;31381;Montgiscard;;;1.58041;43.451693
31381_0010_00013;13;;Chemin Al Cers;31450;31381;Montgiscard;;;1.571086;43.452174
31381_0190_00007;7;;Rue des Tuiliers;31450;31381;Montgiscard;;;1.571391;43.458407
31381_qjv3oa_00001;1;;Route Departementale 813;31450;31381;Montgiscard;;;1.571623;43.461366
31381_0035_00001;1;;Rue des Droits de l'Homme;31450;31381;Montgiscard;;;1.571441;43.457642
31381_qflmp0_00005;5;;Rue Campolongo Tapogliano;31450;31381;Montgiscard;;;1.577284;43.457906
31381_6l2zp5_00010;10;;Chemin de Lamasquiere;31450;31381;Montgiscard;;;1.584775;43.457964
31381_0010_00041_bis;41;bis;Chemin Al Cers;31450;31381;Montgiscard;;;1.568864;43.451163
31381_nftnvb_00002_ter;2;ter;La Lotge;31450;31381;Montgiscard;;;1.58171;43.455072
31381_xdt7wd_00021;21;;Pinatel;31450;31381;Montgiscard;;;1.560428;43.452545
31381_r82qom_00013;13;;Chemin de Toubans;31450;31381;Montgiscard;;;1.547016;43.451025
31381_0090_00026_bis;26;bis;Chemin des Graves;31450;31381;Montgiscard;;;1.560553;43.46257
31381_korlpr_00022;22;;Lotissemnt Parc des Graves;31450;31381;Montgiscard;;;1.562493;43.462182
31381_0010_00001_quater;1;quater;Chemin Al Cers;31450;31381;Montgiscard;;;1.572245;43.45302
31381_0090_00015;15;;Chemin des Graves;31450;31381;Montgiscard;;;1.563489;43.460099
31381_0110_00017;17;;Rue des Moulins;31450;31381;Montgiscard;;;1.573762;43.456739
31381_0078_00027_a;27;a;Rue de la Garenne;31450;31381;Montgiscard;;;1.57007;43.459751
31381_qjv3oa_00016;16;;Route Departementale 813;31450;31381;Montgiscard;;;1.567771;43.463929
31381_0100_00004;4;;Route de Montbrun;31450;31381;Montgiscard;;;1.554624;43.456725
31381_0110_00008_bis;8;bis;Rue des Moulins;31450;31381;Montgiscard;;;1.573745;43.456803
31381_r5zch4_00006;6;;Lotissement Bellevue;31450;31381;Montgiscard;;;1.578554;43.451546
31381_0155_00112;112;;Rue la Roca;31450;31381;Montgiscard;;;1.574695;43.45121
31381_0095_00002_bis;2;bis;Chemin de la Masquière;31450;31381;Montgiscard;;;1.572372;43.462885
31381_a015_00002;2;;Lotissement de Fontblazy;31450;31381;Montgiscard;;;1.577396;43.452328
31381_0151_00009;9;;Rue des Remparts;31450;31381;Montgiscard;;;1.571875;43.458379
31381_0122_00009;9;;Route Nationale N°113;31450;31381;Montgiscard;;;1.570513;43.462135
31381_0017_00002;2;;Impasse de la Briqueterie;31450;31381;Montgiscard;;;1.557703;43.468198
31381_0155_00016;16;;Rue la Roca;31450;31381;Montgiscard;;;1.574941;43.451386
31381_0060_00017;17;;Chemin de Fontblazy;31450;31381;Montgiscard;;;1.574406;43.455047
31381_0010_00007;7;;Chemin Al Cers;31450;31381;Montgiscard;;;1.571533;43.453235
31381_nftnvb_00009;9;;La Lotge;31450;31381;Montgiscard;;;1.58135;43.45459
31381_9d1c9e_00001_e;1;e;Chemin de Nostre Seigne;31450;31381;Montgiscard;;;1.57875;43.44958
31381_0050_00017;17;;Route du Faubourg du Sers;31450;31381;Montgiscard;;;1.57086;43.46164
31381_p9b8mo_00020;20;;Parc des Graves;31450;31381;Montgiscard;;;1.563122;43.462044
31381_0010_00045;45;;Chemin Al Cers;31450;31381;Montgiscard;;;1.568881;43.451088
31381_0040_00010_bis;10;bis;Chemin de l'Enclos;31450;31381;Montgiscard;;;1.568385;43.459793
31381_0080_00036_ter;36;ter;Grand Rue;31450;31381;Montgiscard;;;1.572724;43.459301
31381_0070_00038;38;;Chemin des Galériens;31450;31381;Montgiscard;;;1.564862;43.461573
31381_b3o68s_00005;5;;L’Esplanade;31450;31381;Montgiscard;;;1.574424;43.458227
31381_0090_00011_bis;11;bis;Chemin des Graves;31450;31381;Montgiscard;;;1.563788;43.459798
31381_nftnvb_00007;7;;La Lotge;31450;31381;Montgiscard;;;1.58072;43.454731
31381_a011_00024;24;;Lotissement les Amouries;31450;31381;Montgiscard;;;1.577222;43.450449
31381_0076_00022;22;;rue francou;31450;31381;Montgiscard;;;1.570226;43.459019
31381_0078_00013;13;;Rue de la Garenne;31450;31381;Montgiscard;;;1.571041;43.460056
31381_0100_00009_bis;9;bis;Route de Montbrun;31450;31381;Montgiscard;;;1.564915;43.458393
31381_shi5d0_00034;34;;Roqueville;31450;31381;Montgiscard;;;1.571716;43.446574
31381_qjv3oa_00021;21;;Route Departementale 813;31450;31381;Montgiscard;;;1.568831;43.463186
31381_0010_00033;33;;Chemin Al Cers;31450;31381;Montgiscard;;;1.572176;43.450426
31381_0122_00011;11;;Route Nationale N°113;31450;31381;Montgiscard;;;1.570546;43.462231
31381_0022_00021;21;;Rue Cantalause;31450;31381;Montgiscard;;;1.573757;43.451069
31381_a011_00032;32;;Lotissement les Amouries;31450;31381;Montgiscard;;;1.576756;43.451405
31381_0010_00002_bis;2;bis;Chemin Al Cers;31450;31381;Montgiscard;;;1.57066;43.45238
31381_0090_00007;7;;Chemin des Graves;31450;31381;Montgiscard;;;1.564252;43.459332
31381_0010_00044;44;;Chemin Al Cers;31450;31381;Montgiscard;;;1.569985;43.452622
31381_a020_00019;19;;Lotissement la Pradelle;31450;31381;Montgiscard;;;1.579518;43.45606
31381_0076_00001_lot n;1;lot n;rue francou;31450;31381;Montgiscard;;;1.571319;43.458977
31381_0151_00001;1;;Rue des Remparts;31450;31381;Montgiscard;;;1.572066;43.458221
31381_0080_00006;6;;Grand Rue;31450;31381;Montgiscard;;;1.573736;43.458261
31381_0090_00025;25;;Chemin des Graves;31450;31381;Montgiscard;;;1.562112;43.461065
31381_0135_00006;6;;Rue de la Place;31450;31381;Montgiscard;;;1.572903;43.458284
31381_0140_00006;6;;Rue de la Poste;31450;31381;Montgiscard;;;1.573246;43.456986
31381_0080_00036;36;;Grand Rue;31450;31381;Montgiscard;;;1.572841;43.459175
31381_0080_00037;37;;Grand Rue;31450;31381;Montgiscard;;;1.572817;43.459077
31381_2ok762_00001;1;;la Madeleine;31450;31381;Montgiscard;;;1.537952;43.447825
31381_0094_00003;3;;Rue les Martrettes;31450;31381;Montgiscard;;;1.566201;43.460655
31381_0180_00016;16;;Chemin de Safrana;31450;31381;Montgiscard;;;1.56613;43.45569
31381_2ok762_00007;7;;la Madeleine;31450;31381;Montgiscard;;;1.539064;43.447312
31381_0060_00019;19;;Chemin de Fontblazy;31450;31381;Montgiscard;;;1.577672;43.451295
31381_0160_00001;1;;Chemin des Romains;31450;31381;Montgiscard;;;1.583966;43.455046
31381_0122_00003;3;;Route Nationale N°113;31450;31381;Montgiscard;;;1.571283;43.461525
31381_0010_00071;71;;Chemin Al Cers;31450;31381;Montgiscard;;;1.568549;43.451705
31381_r5zch4_00010;10;;Lotissement Bellevue;31450;31381;Montgiscard;;;1.578806;43.451698
31381_a022_00001;1;;Lotissement les Saules;31450;31381;Montgiscard;;;1.575549;43.454572
31381_0100_00027;27;;Route de Montbrun;31450;31381;Montgiscard;;;1.556124;43.456349
31381_0010_00077;77;;Chemin Al Cers;31450;31381;Montgiscard;;;1.56895;43.451979
31381_0076_00016;16;;rue francou;31450;31381;Montgiscard;;;1.57008;43.459184
31381_0090_00017;17;;Chemin des Graves;31450;31381;Montgiscard;;;1.562903;43.460509
31381_2ok762_00023;23;;la Madeleine;31450;31381;Montgiscard;;;1.542883;43.445564
31381_0190_00014_ter;14;ter;Rue des Tuiliers;31450;31381;Montgiscard;;;1.5719;43.459124
31381_0040_00010;10;;Chemin de l'Enclos;31450;31381;Montgiscard;;;1.568564;43.459859
31381_0100_00037;37;;Route de Montbrun;31450;31381;Montgiscard;;;1.553722;43.454105
31381_2ok762_00015;15;;la Madeleine;31450;31381;Montgiscard;;;1.540635;43.446673
31381_0050_00001_a;1;a;Route du Faubourg du Sers;31450;31381;Montgiscard;;;1.572459;43.459491
31381_0090_00034;34;;Chemin des Graves;31450;31381;Montgiscard;;;1.559918;43.462917
31381_0180_00022_bis;22;bis;Chemin de Safrana;31450;31381;Montgiscard;;;1.56708;43.453647
31381_0133_00019;19;;Rue Lot le Parc des Graves;31450;31381;Montgiscard;;;1.563469;43.462279
31381_0020_00008_ter;8;ter;Chemin de Candel;31450;31381;Montgiscard;;;1.568454;43.453847
31381_a020_00010;10;;Lotissement la Pradelle;31450;31381;Montgiscard;;;1.578819;43.456433
31381_0090_00010_bis;10;bis;Chemin des Graves;31450;31381;Montgiscard;;;1.564092;43.459762
31381_0133_00012;12;;Rue Lot le Parc des Graves;31450;31381;Montgiscard;;;1.562286;43.462492
31381_0010_00075;75;;Chemin Al Cers;31450;31381;Montgiscard;;;1.568766;43.451881
31381_7h98el_00006;6;;rue de cocagne;31450;31381;Montgiscard;;;1.570288;43.461041
31381_0090_00020;20;;Chemin des Graves;31450;31381;Montgiscard;;;1.562643;43.460826
31381_0015_00003;3;;Place du Boué;31450;31381;Montgiscard;;;1.572551;43.458097
31381_0100_00001_ter;1;ter;Route de Montbrun;31450;31381;Montgiscard;;;1.56924;43.458237
31381_a016_00001;1;;Lotissement les Hauts de Graves;31450;31381;Montgiscard;;;1.571435;43.463104
31381_0010_00043;43;;Chemin Al Cers;31450;31381;Montgiscard;;;1.569363;43.45011
31381_0080_00016;16;;Grand Rue;31450;31381;Montgiscard;;;1.573549;43.45843
31381_0154_00001_b;1;b;Impasse de la Roca;31450;31381;Montgiscard;;;1.574775;43.451279
31381_0133_00013;13;;Rue Lot le Parc des Graves;31450;31381;Montgiscard;;;1.562475;43.462612
31381_0020_00002;2;;Chemin de Candel;31450;31381;Montgiscard;;;1.570978;43.457146
31381_b3o68s_00003_bis;3;bis;L’Esplanade;31450;31381;Montgiscard;;;1.574277;43.458116
31381_0080_00025;25;;Grand Rue;31450;31381;Montgiscard;;;1.573358;43.458499
31381_r5zch4_00009;9;;Lotissement Bellevue;31450;31381;Montgiscard;;;1.578628;43.451714
31381_qgfrbp_00002;2;;Impasse de l’Ecluse;31450;31381;Montgiscard;;;1.57053;43.462899
31381_0110_00039;39;;Rue des Moulins;31450;31381;Montgiscard;;;1.569267;43.453158
31381_0140_00005;5;;Rue de la Poste;31450;31381;Montgiscard;;;1.573612;43.457067
31381_qjv3oa_00001_bis;1;bis;Route Departementale 813;31450;31381;Montgiscard;;;1.568817;43.463333
31381_6l2zp5_00012;12;;Chemin de Lamasquiere;31450;31381;Montgiscard;;;1.585166;43.457826
31381_0090_00022;22;;Chemin des Graves;31450;31381;Montgiscard;;;1.562142;43.461118
31381_0070_00009;9;;Chemin des Galériens;31450;31381;Montgiscard;;;1.56527;43.46071
31381_0190_00011;11;;Rue des Tuiliers;31450;31381;Montgiscard;;;1.570997;43.458031
31381_nftnvb_00002;2;;La Lotge;31450;31381;Montgiscard;;;1.58132;43.455211
31381_0190_00009;9;;Rue des Tuiliers;31450;31381;Montgiscard;;;1.571209;43.458193
31381_0090_00026;26;;Chemin des Graves;31450;31381;Montgiscard;;;1.560428;43.462531
31381_0032_00002;2;;Chemin de Delmont;31450;31381;Montgiscard;;;1.580283;43.452883
31381_0010_00001;1;;Chemin Al Cers;31450;31381;Montgiscard;;;1.571833;43.452585
31381_0020_00003_bis;3;bis;Chemin de Candel;31450;31381;Montgiscard;;;1.570007;43.455998
31381_0078_00001_d;1;d;Rue de la Garenne;31450;31381;Montgiscard;;;1.57037;43.459521
31381_0151_00003;3;;Rue des Remparts;31450;31381;Montgiscard;;;1.572015;43.458269
31381_0070_00013;13;;Chemin des Galériens;31450;31381;Montgiscard;;;1.564981;43.46106
31381_0130_00005_quater;5;quater;Chemin de Pinatel;31450;31381;Montgiscard;;;1.559086;43.456604
31381_0125_00009_bis;9;bis;Chemin de Passelis;31450;31381;Montgiscard;;;1.572751;43.463626
31381_0154_00020;20;;Impasse de la Roca;31450;31381;Montgiscard;;;1.575156;43.451281
31381_r5zch4_00005;5;;Lotissement Bellevue;31450;31381;Montgiscard;;;1.578729;43.451546
31381_0050_00001_b;1;b;Route du Faubourg du Sers;31450;31381;Montgiscard;;;1.572422;43.459556
31381_b3o68s_00009_b;9;b;L’Esplanade;31450;31381;Montgiscard;;;1.57454;43.458622
31381_llujua_00002;2;;impasse du pastel;31450;31381;Montgiscard;;;1.570621;43.46065
31381_a020_00013;13;;Lotissement la Pradelle;31450;31381;Montgiscard;;;1.579062;43.456321
31381_0070_00023;23;;Chemin des Galériens;31450;31381;Montgiscard;;;1.564041;43.462171
31381_0110_00035;35;;Rue des Moulins;31450;31381;Montgiscard;;;1.572505;43.455751
31381_0010_00035;35;;Chemin Al Cers;31450;31381;Montgiscard;;;1.570768;43.450198
31381_nftnvb_00005;5;;La Lotge;31450;31381;Montgiscard;;;1.58176;43.45429
31381_0155_00006;6;;Rue la Roca;31450;31381;Montgiscard;;;1.574737;43.450654
31381_0140_00007;7;;Rue de la Poste;31450;31381;Montgiscard;;;1.573527;43.456972
31381_qflmp0_00003_bis;3;bis;Rue Campolongo Tapogliano;31450;31381;Montgiscard;;;1.576871;43.45804
31381_0150_00002_bis;2;bis;Chemin de la Pradelle;31450;31381;Montgiscard;;;1.579699;43.454838
31381_qjv3oa_00007;7;;Route Departementale 813;31450;31381;Montgiscard;;;1.570582;43.462102
31381_0110_00027;27;;Rue des Moulins;31450;31381;Montgiscard;;;1.573317;43.456386
31381_0010_00006_bis;6;bis;Chemin Al Cers;31450;31381;Montgiscard;;;1.571156;43.451912
31381_0022_00007;7;;Rue Cantalause;31450;31381;Montgiscard;;;1.573778;43.452071
31381_0090_00019;19;;Chemin des Graves;31450;31381;Montgiscard;;;1.562659;43.460649
31381_6866aa_00008;8;;impasse des tournesols;31450;31381;Montgiscard;;;1.569708;43.454444
31381_0078_00032;32;;Rue de la Garenne;31450;31381;Montgiscard;;;1.569946;43.460037
31381_0078_00015_bis;15;bis;Rue de la Garenne;31450;31381;Montgiscard;;;1.57088;43.46018
31381_0150_00002_ter;2;ter;Chemin de la Pradelle;31450;31381;Montgiscard;;;1.579602;43.454995
31381_0110_00007;7;;Rue des Moulins;31450;31381;Montgiscard;;;1.574164;43.457107
31381_0140_00008;8;;Rue de la Poste;31450;31381;Montgiscard;;;1.573143;43.456917
31381_0078_00008;8;;Rue de la Garenne;31450;31381;Montgiscard;;;1.570707;43.459509
31381_0090_00036;36;;Chemin des Graves;31450;31381;Montgiscard;;;1.559505;43.463132
31381_0130_00008_bis;8;bis;Chemin de Pinatel;31450;31381;Montgiscard;;;1.557269;43.454948
31381_0100_00011;11;;Route de Montbrun;31450;31381;Montgiscard;;;1.563944;43.458186
31381_0075_00008;8;;Rue du Salin;31450;31381;Montgiscard;;;1.573397;43.457828
31381_0121_00004;4;;Rue Mercadier;31450;31381;Montgiscard;;;1.572681;43.45889
31381_0089_00003;3;;Impasse des Graves;31450;31381;Montgiscard;;;1.563835;43.458898
31381_b048_00003;3;;Le Petit Clos;31450;31381;Montgiscard;;;1.59012;43.466551
31381_0078_00006;6;;Rue de la Garenne;31450;31381;Montgiscard;;;1.570703;43.459401
31381_0090_00040;40;;Chemin des Graves;31450;31381;Montgiscard;;;1.559686;43.4637
31381_0155_00001_b;1;b;Rue la Roca;31450;31381;Montgiscard;;;1.57458;43.451175
31381_0205_00001;1;;Impasse des Vignes;31450;31381;Montgiscard;;;1.57202;43.455161
31381_a011_00011;11;;Lotissement les Amouries;31450;31381;Montgiscard;;;1.576001;43.451757
31381_9d1c9e_00001_a;1;a;Chemin de Nostre Seigne;31450;31381;Montgiscard;;;1.579065;43.449904
31381_0205_00007;7;;Impasse des Vignes;31450;31381;Montgiscard;;;1.57229;43.454921
31381_0155_00001_a;1;a;Rue la Roca;31450;31381;Montgiscard;;;1.57458;43.451175
31381_0080_00033;33;;Grand Rue;31450;31381;Montgiscard;;;1.573058;43.458822
31381_0110_00023;23;;Rue des Moulins;31450;31381;Montgiscard;;;1.573596;43.456573
31381_0135_00009;9;;Rue de la Place;31450;31381;Montgiscard;;;1.57283;43.458193
31381_0078_00002;2;;Rue de la Garenne;31450;31381;Montgiscard;;;1.570452;43.459377
31381_0080_00022;22;;Grand Rue;31450;31381;Montgiscard;;;1.573331;43.458657
31381_0022_00034;34;;Rue Cantalause;31450;31381;Montgiscard;;;1.573523;43.451105
31381_0032_00006;6;;Chemin de Delmont;31450;31381;Montgiscard;;;1.580461;43.452925
31381_0190_00005;5;;Rue des Tuiliers;31450;31381;Montgiscard;;;1.571411;43.458555
31381_0120_00009;9;;Route de Nailloux;31450;31381;Montgiscard;;;1.575617;43.452305
31381_40knst_00088;88;;Martrettes;31450;31381;Montgiscard;;;1.5706;43.462732
31381_0010_00049;49;;Chemin Al Cers;31450;31381;Montgiscard;;;1.569191;43.450201
31381_0060_00007;7;;Chemin de Fontblazy;31450;31381;Montgiscard;;;1.577518;43.451875
31381_0202_00001;1;;impasse du lauragais;31450;31381;Montgiscard;;;1.572437;43.450869
31381_6l2zp5_00006;6;;Chemin de Lamasquiere;31450;31381;Montgiscard;;;1.573037;43.46272
31381_0130_00006;6;;Chemin de Pinatel;31450;31381;Montgiscard;;;1.557525;43.455325
31381_ticx08_00007;7;;Lalotge;31450;31381;Montgiscard;;;1.581404;43.454733
31381_0180_00016_quater;16;quater;Chemin de Safrana;31450;31381;Montgiscard;;;1.5661;43.455181
31381_cpj2tn_00006;6;;La Bordiere;31450;31381;Montgiscard;;;1.585222;43.468689
31381_0121_00010;10;;Rue Mercadier;31450;31381;Montgiscard;;;1.572348;43.458723
31381_0154_00002;2;;Impasse de la Roca;31450;31381;Montgiscard;;;1.574641;43.451274
31381_0154_00003;3;;Impasse de la Roca;31450;31381;Montgiscard;;;1.574974;43.45131
31381_0060_00009;9;;Chemin de Fontblazy;31450;31381;Montgiscard;;;1.573993;43.455951
31381_nftnvb_00006;6;;La Lotge;31450;31381;Montgiscard;;;1.58017;43.454611
31381_0130_00019;19;;Chemin de Pinatel;31450;31381;Montgiscard;;;1.557816;43.453757
31381_7870dc_00006;6;;le clos de l'autan;31450;31381;Montgiscard;;;1.573729;43.449548
31381_qjv3oa_00017;17;;Route Departementale 813;31450;31381;Montgiscard;;;1.570176;43.462425
31381_0130_00016;16;;Chemin de Pinatel;31450;31381;Montgiscard;;;1.557318;43.453772
31381_0110_00034;34;;Rue des Moulins;31450;31381;Montgiscard;;;1.571421;43.455086
31381_qjv3oa_00006_bis;6;bis;Route Departementale 813;31450;31381;Montgiscard;;;1.570965;43.461972
31381_0110_00032;32;;Rue des Moulins;31450;31381;Montgiscard;;;1.571491;43.455133
31381_0076_00028;28;;rue francou;31450;31381;Montgiscard;;;1.570391;43.458828
31381_0020_00017_bis;17;bis;Chemin de Candel;31450;31381;Montgiscard;;;1.56902;43.455008
31381_0150_00005;5;;Chemin de la Pradelle;31450;31381;Montgiscard;;;1.5797;43.453676
31381_qjv3oa_00018;18;;Route Departementale 813;31450;31381;Montgiscard;;;1.567255;43.464213
31381_a005_00004;4;;Lotissement des Acacias;31450;31381;Montgiscard;;;1.580234;43.451873
31381_0095_00003;3;;Chemin de la Masquière;31450;31381;Montgiscard;;;1.573358;43.462748
31381_km3nfo_00002;2;;le Syndic;31450;31381;Montgiscard;;;1.576074;43.457554
31381_34ceii_00026;26;;lotissement le parc des graves;31450;31381;Montgiscard;;;1.562955;43.461897
31381_0026_00008;8;;Chemin du Château d'Eau;31450;31381;Montgiscard;;;1.574973;43.455825
31381_0010_00024;24;;Chemin Al Cers;31450;31381;Montgiscard;;;1.570653;43.45037
31381_0076_00006;6;;rue francou;31450;31381;Montgiscard;;;1.569952;43.459589
31381_0151_00015;15;;Rue des Remparts;31450;31381;Montgiscard;;;1.571775;43.458491
31381_0076_00001;1;;rue francou;31450;31381;Montgiscard;;;1.569432;43.460079
31381_yajja2_00004;4;;Domaine de Majouret;31450;31381;Montgiscard;;;1.592011;43.46992
31381_0010_00065;65;;Chemin Al Cers;31450;31381;Montgiscard;;;1.56821;43.451481
31381_0154_00018;18;;Impasse de la Roca;31450;31381;Montgiscard;;;1.575113;43.451322
31381_0022_00005;5;;Rue Cantalause;31450;31381;Montgiscard;;;1.573674;43.452122
31381_qjv3oa_00006;6;;Route Departementale 813;31450;31381;Montgiscard;;;1.571142;43.461865
31381_0190_00018;18;;Rue des Tuiliers;31450;31381;Montgiscard;;;1.571297;43.458576
31381_hyq1xz_00029;29;;Fongrasalet;31450;31381;Montgiscard;;;1.576109;43.432006
31381_0190_00010;10;;Rue des Tuiliers;31450;31381;Montgiscard;;;1.572095;43.459215
31381_r82qom_00010;10;;Chemin de Toubans;31450;31381;Montgiscard;;;1.544372;43.451042
31381_0010_00038;38;;Chemin Al Cers;31450;31381;Montgiscard;;;1.569052;43.451907
31381_0121_00002;2;;Rue Mercadier;31450;31381;Montgiscard;;;1.572828;43.458964
31381_0073_00007_quater;7;quater;Rue du Four;31450;31381;Montgiscard;;;1.572882;43.458023
31381_0130_00015;15;;Chemin de Pinatel;31450;31381;Montgiscard;;;1.557034;43.45419
31381_p8rchl_00023;23;;Quartier la Madeleine;31450;31381;Montgiscard;;;1.54317;43.44576
31381_0168_00009;9;;Impasse Al Roumani;31450;31381;Montgiscard;;;1.561133;43.461068
31381_i57u0n_00003;3;;Les Graves;31450;31381;Montgiscard;;;1.562462;43.461629
31381_0010_00004;4;;Chemin Al Cers;31450;31381;Montgiscard;;;1.57099;43.452134
31381_0010_00023;23;;Chemin Al Cers;31450;31381;Montgiscard;;;1.571771;43.451331
31381_0190_00006;6;;Rue des Tuiliers;31450;31381;Montgiscard;;;1.572233;43.459288
31381_6l2zp5_00004_bis;4;bis;Chemin de Lamasquiere;31450;31381;Montgiscard;;;1.572423;43.462335
31381_0120_00254;254;;Route de Nailloux;31450;31381;Montgiscard;;;1.573642;43.435273
31381_p8rchl_00017_bis;17;bis;Quartier la Madeleine;31450;31381;Montgiscard;;;1.54171;43.44642
31381_qjv3oa_00034;34;;Route Departementale 813;31450;31381;Montgiscard;;;1.564862;43.465554
31381_0190_00001;1;;Rue des Tuiliers;31450;31381;Montgiscard;;;1.572295;43.459207
31381_0133_00005;5;;Rue Lot le Parc des Graves;31450;31381;Montgiscard;;;1.5625;43.462054
31381_0010_00019_bis;19;bis;Chemin Al Cers;31450;31381;Montgiscard;;;1.571662;43.45146
31381_qjv3oa_00015_bis;15;bis;Route Departementale 813;31450;31381;Montgiscard;;;1.570409;43.462252
31381_qjv3oa_00008;8;;Route Departementale 813;31450;31381;Montgiscard;;;1.57031;43.462505
31381_0121_00001;1;;Rue Mercadier;31450;31381;Montgiscard;;;1.572113;43.458503
31381_qjv3oa_00014;14;;Route Departementale 813;31450;31381;Montgiscard;;;1.56893;43.463286
31381_0026_00001;1;;Chemin du Château d'Eau;31450;31381;Montgiscard;;;1.574607;43.4569
31381_0022_00008;8;;Rue Cantalause;31450;31381;Montgiscard;;;1.572877;43.452584
31381_0032_00440;440;;Chemin de Delmont;31450;31381;Montgiscard;;;1.5807;43.4537
31381_0113_00001;1;;chemin des muriers;31450;31381;Montgiscard;;;1.573339;43.454946
31381_0168_00008;8;;Impasse Al Roumani;31450;31381;Montgiscard;;;1.560693;43.46096
31381_0030_00010;10;;Chemin des Cordeliers;31450;31381;Montgiscard;;;1.571516;43.455702
31381_0020_00005;5;;Chemin de Candel;31450;31381;Montgiscard;;;1.569917;43.45591
31381_0206_00002;2;;Impasse des Pyrénées;31450;31381;Montgiscard;;;1.56327;43.460297
31381_0070_00029;29;;Chemin des Galériens;31450;31381;Montgiscard;;;1.564295;43.464536
31381_0017_00005;5;;Impasse de la Briqueterie;31450;31381;Montgiscard;;;1.557959;43.467768
31381_0100_00045;45;;Route de Montbrun;31450;31381;Montgiscard;;;1.560342;43.458411
31381_a011_00015;15;;Lotissement les Amouries;31450;31381;Montgiscard;;;1.575951;43.451602
31381_a015_00008;8;;Lotissement de Fontblazy;31450;31381;Montgiscard;;;1.577394;43.452524
31381_qjv3oa_00004;4;;Route Departementale 813;31450;31381;Montgiscard;;;1.581927;43.455718
31381_ticx08_00002;2;;Lalotge;31450;31381;Montgiscard;;;1.581769;43.454661
31381_0090_00010;10;;Chemin des Graves;31450;31381;Montgiscard;;;1.564285;43.459609
31381_0010_00051;51;;Chemin Al Cers;31450;31381;Montgiscard;;;1.568762;43.450368
31381_0180_00003;3;;Chemin de Safrana;31450;31381;Montgiscard;;;1.564126;43.457755
31381_0187_00001;1;;Chemin de Traverse;31450;31381;Montgiscard;;;1.560615;43.461991
31381_0151_00011;11;;Rue des Remparts;31450;31381;Montgiscard;;;1.571858;43.458419
31381_a016_00005;5;;Lotissement les Hauts de Graves;31450;31381;Montgiscard;;;1.571435;43.463104
31381_b056_00001;1;;En Rouzaud;31450;31381;Montgiscard;;;1.588256;43.454539
31381_0070_00005_bis;5;bis;Chemin des Galériens;31450;31381;Montgiscard;;;1.565572;43.460036
31381_0076_00002;2;;rue francou;31450;31381;Montgiscard;;;1.569601;43.459879
31381_0078_00027;27;;Rue de la Garenne;31450;31381;Montgiscard;;;1.569899;43.459771
31381_c71c01_00002;2;;impasse des tournesols;31450;31381;Montgiscard;;;1.569119;43.454044
31381_0073_00013;13;;Rue du Four;31450;31381;Montgiscard;;;1.572502;43.458478
31381_0076_00001_lot l;1;lot l;rue francou;31450;31381;Montgiscard;;;1.571264;43.45912
31381_0160_00003;3;;Chemin des Romains;31450;31381;Montgiscard;;;1.586968;43.455367
31381_0132_00006;6;;Chemin de l'Ancien Château d'Eau;31450;31381;Montgiscard;;;1.57468;43.456118
31381_0078_00005;5;;Rue de la Garenne;31450;31381;Montgiscard;;;1.57078;43.459647
31381_0111_00007;7;;Place des Moulins;31450;31381;Montgiscard;;;1.572161;43.454966
31381_0022_00022;22;;Rue Cantalause;31450;31381;Montgiscard;;;1.573463;43.452094
31381_0094_00001;1;;Rue les Martrettes;31450;31381;Montgiscard;;;1.565877;43.460592
31381_0022_00006;6;;Rue Cantalause;31450;31381;Montgiscard;;;1.572567;43.452867
31381_p8rchl_00003;3;;Quartier la Madeleine;31450;31381;Montgiscard;;;1.53843;43.447838
31381_0073_00011;11;;Rue du Four;31450;31381;Montgiscard;;;1.572757;43.458189
31381_0080_00026;26;;Grand Rue;31450;31381;Montgiscard;;;1.57322;43.458799
31381_e287e6_00005;5;;impasse des tournesols;31450;31381;Montgiscard;;;1.569411;43.454245
31381_0160_00007;7;;Chemin des Romains;31450;31381;Montgiscard;;;1.590878;43.455773
31381_0020_00009_bis;9;bis;Chemin de Candel;31450;31381;Montgiscard;;;1.569657;43.45562
31381_0080_00020;20;;Grand Rue;31450;31381;Montgiscard;;;1.573438;43.458564
31381_0080_00005;5;;Grand Rue;31450;31381;Montgiscard;;;1.574263;43.457656
31381_0094_00005;5;;Rue les Martrettes;31450;31381;Montgiscard;;;1.56641;43.460796
31381_a015_00001;1;;Lotissement de Fontblazy;31450;31381;Montgiscard;;;1.577394;43.452524
31381_0070_00015;15;;Chemin des Galériens;31450;31381;Montgiscard;;;1.564607;43.461392
31381_0125_00011_ter;11;ter;Chemin de Passelis;31450;31381;Montgiscard;;;1.573038;43.463783
31381_4y14cx_00013;13;;Le Clos de Safrana;31450;31381;Montgiscard;;;1.56669;43.456418
31381_ticx08_00008;8;;Lalotge;31450;31381;Montgiscard;;;1.580658;43.454474
31381_0010_00027;27;;Chemin Al Cers;31450;31381;Montgiscard;;;1.571919;43.451174
31381_0076_00001_lot c;1;lot c;rue francou;31450;31381;Montgiscard;;;1.570972;43.458877
31381_0073_00010;10;;Rue du Four;31450;31381;Montgiscard;;;1.572677;43.458357
31381_0035_00005;5;;Rue des Droits de l'Homme;31450;31381;Montgiscard;;;1.572693;43.456971
31381_0021_00254;254;;Route de Saint Leon;31450;31381;Montgiscard;;;1.577373;43.450105
31381_0110_00048_bis;48;bis;Rue des Moulins;31450;31381;Montgiscard;;;1.568989;43.452998
31381_0122_00015;15;;Route Nationale N°113;31450;31381;Montgiscard;;;1.570456;43.462311
31381_0154_00015;15;;Impasse de la Roca;31450;31381;Montgiscard;;;1.57422;43.45168
31381_0010_00030;30;;Chemin Al Cers;31450;31381;Montgiscard;;;1.569536;43.451157
31381_0010_00031;31;;Chemin Al Cers;31450;31381;Montgiscard;;;1.573;43.450399
31381_0133_00024;24;;Rue Lot le Parc des Graves;31450;31381;Montgiscard;;;1.562396;43.462256
31381_0110_00028;28;;Rue des Moulins;31450;31381;Montgiscard;;;1.571949;43.455437
31381_0090_00028;28;;Chemin des Graves;31450;31381;Montgiscard;;;1.560272;43.462603
31381_0070_00022;22;;Chemin des Galériens;31450;31381;Montgiscard;;;1.565977;43.460458
31381_coim6s_00012;12;;Toubans;31450;31381;Montgiscard;;;1.544853;43.450713
31381_0090_00001;1;;Chemin des Graves;31450;31381;Montgiscard;;;1.56484;43.458721
31381_0035_00003;3;;Rue des Droits de l'Homme;31450;31381;Montgiscard;;;1.57173;43.457382
31381_0080_00015;15;;Grand Rue;31450;31381;Montgiscard;;;1.573764;43.458082
31381_0050_00006;6;;Route du Faubourg du Sers;31450;31381;Montgiscard;;;1.572212;43.46001
31381_0060_00001_bis;1;bis;Chemin de Fontblazy;31450;31381;Montgiscard;;;1.573441;43.45575
31381_0180_00022;22;;Chemin de Safrana;31450;31381;Montgiscard;;;1.567125;43.454799
31381_0100_00013;13;;Route de Montbrun;31450;31381;Montgiscard;;;1.560362;43.457062
31381_0201_00009;9;;Rue du Vallon;31450;31381;Montgiscard;;;1.573402;43.45959
31381_0133_00008;8;;Rue Lot le Parc des Graves;31450;31381;Montgiscard;;;1.56157;43.461637
31381_0035_00002;2;;Rue des Droits de l'Homme;31450;31381;Montgiscard;;;1.570768;43.457889
31381_ticx08_00004;4;;Lalotge;31450;31381;Montgiscard;;;1.581549;43.454771
31381_0205_00006;6;;Impasse des Vignes;31450;31381;Montgiscard;;;1.573173;43.455259
31381_0130_00036;36;;Chemin de Pinatel;31450;31381;Montgiscard;;;1.559728;43.451972
31381_a011_00023;23;;Lotissement les Amouries;31450;31381;Montgiscard;;;1.577071;43.450567
31381_0155_00019;19;;Rue la Roca;31450;31381;Montgiscard;;;1.574068;43.450265
31381_0080_00002;2;;Grand Rue;31450;31381;Montgiscard;;;1.573847;43.458151
31381_0035_00010;10;;Rue des Droits de l'Homme;31450;31381;Montgiscard;;;1.571202;43.457466
31381_axzgmu_00027;27;;Fonpeyre;31450;31381;Montgiscard;;;1.576877;43.443486
31381_0151_00004;4;;Rue des Remparts;31450;31381;Montgiscard;;;1.571777;43.458545
31381_0070_00006;6;;Chemin des Galériens;31450;31381;Montgiscard;;;1.566343;43.459634
31381_0154_00008_c;8;c;Impasse de la Roca;31450;31381;Montgiscard;;;1.57461;43.451461
31381_0155_00001_d;1;d;Rue la Roca;31450;31381;Montgiscard;;;1.57458;43.451175
31381_0150_00006;6;;Chemin de la Pradelle;31450;31381;Montgiscard;;;1.579368;43.453169
31381_0050_00005;5;;Route du Faubourg du Sers;31450;31381;Montgiscard;;;1.572179;43.459901
31381_0078_00019;19;;Rue de la Garenne;31450;31381;Montgiscard;;;1.570677;43.460185
31381_qgfrbp_00001;1;;Impasse de l’Ecluse;31450;31381;Montgiscard;;;1.570077;43.462609
31381_7h98el_00003;3;;rue de cocagne;31450;31381;Montgiscard;;;1.570111;43.460853
31381_0010_00061;61;;Chemin Al Cers;31450;31381;Montgiscard;;;1.568517;43.451368
31381_34ceii_00025;25;;lotissement le parc des graves;31450;31381;Montgiscard;;;1.562591;43.462068
31381_7h98el_00005;5;;rue de cocagne;31450;31381;Montgiscard;;;1.570207;43.460974
31381_0154_00022;22;;Impasse de la Roca;31450;31381;Montgiscard;;;1.57523;43.451235
31381_b056_00017;17;;En Rouzaud;31450;31381;Montgiscard;;;1.58561;43.455231
31381_0020_00017;17;;Chemin de Candel;31450;31381;Montgiscard;;;1.569129;43.455178
31381_qflmp0_00008;8;;Rue Campolongo Tapogliano;31450;31381;Montgiscard;;;1.579702;43.456879
31381_9d1c9e_00001_d;1;d;Chemin de Nostre Seigne;31450;31381;Montgiscard;;;1.57859;43.449659
31381_0154_00001_c;1;c;Impasse de la Roca;31450;31381;Montgiscard;;;1.574815;43.451313
31381_a011_00025;25;;Lotissement les Amouries;31450;31381;Montgiscard;;;1.577371;43.450425
31381_qflmp0_00004;4;;Rue Campolongo Tapogliano;31450;31381;Montgiscard;;;1.5781;43.457367
31381_0010_00019;19;;Chemin Al Cers;31450;31381;Montgiscard;;;1.571993;43.451914
31381_0050_00002;2;;Route du Faubourg du Sers;31450;31381;Montgiscard;;;1.572325;43.459853
31381_llujua_00005;5;;impasse du pastel;31450;31381;Montgiscard;;;1.570602;43.460561
31381_yk18vr_00002;2;;L’Ecluse;31450;31381;Montgiscard;;;1.571041;43.462815
31381_40knst_00003;3;;Martrettes;31450;31381;Montgiscard;;;1.570694;43.462593
31381_a005_00001;1;;Lotissement des Acacias;31450;31381;Montgiscard;;;1.579879;43.452366
31381_0125_00011;11;;Chemin de Passelis;31450;31381;Montgiscard;;;1.572841;43.463668
31381_0060_00005_bis;5;bis;Chemin de Fontblazy;31450;31381;Montgiscard;;;1.574017;43.456094
31381_qjv3oa_00012;12;;Route Departementale 813;31450;31381;Montgiscard;;;1.569431;43.463018
31381_0030_00004;4;;Chemin des Cordeliers;31450;31381;Montgiscard;;;1.571091;43.456308
31381_llujua_00008;8;;impasse du pastel;31450;31381;Montgiscard;;;1.570515;43.460569
31381_6l2zp5_00005;5;;Chemin de Lamasquiere;31450;31381;Montgiscard;;;1.573841;43.462521
31381_0154_00011;11;;Impasse de la Roca;31450;31381;Montgiscard;;;1.575279;43.451104
31381_qjv3oa_00006_bis;6;bis;Route Departementale 813;31450;31381;Montgiscard;;;1.579683;43.45729
31381_2ok762_00013;13;;la Madeleine;31450;31381;Montgiscard;;;1.540265;43.446843
31381_0110_00011_bis;11;bis;Rue des Moulins;31450;31381;Montgiscard;;;1.573889;43.456857
31381_0090_00023;23;;Chemin des Graves;31450;31381;Montgiscard;;;1.562218;43.460969
31381_0089_00001;1;;Impasse des Graves;31450;31381;Montgiscard;;;1.563957;43.459033
31381_0020_00011;11;;Chemin de Candel;31450;31381;Montgiscard;;;1.569526;43.455543
31381_0080_00029_bis;29;bis;Grand Rue;31450;31381;Montgiscard;;;1.572808;43.458545
31381_0180_00016_bis;16;bis;Chemin de Safrana;31450;31381;Montgiscard;;;1.565839;43.455392
31381_34ceii_00005;5;;lotissement le parc des graves;31450;31381;Montgiscard;;;1.562485;43.462032
31381_a76a6f_00006;6;;impasse des tournesols;31450;31381;Montgiscard;;;1.569495;43.454315
31381_a011_00009;9;;Lotissement les Amouries;31450;31381;Montgiscard;;;1.577435;43.450538
31381_0060_00004_bis;4;bis;Chemin de Fontblazy;31450;31381;Montgiscard;;;1.573175;43.455923
31381_0100_00010;10;;Route de Montbrun;31450;31381;Montgiscard;;;1.554852;43.45628
31381_0080_00013;13;;Grand Rue;31450;31381;Montgiscard;;;1.573875;43.458013
31381_0076_00024;24;;rue francou;31450;31381;Montgiscard;;;1.570296;43.45894
31381_ticx08_00003;3;;Lalotge;31450;31381;Montgiscard;;;1.581632;43.454714
31381_shi5d0_00035;35;;Roqueville;31450;31381;Montgiscard;;;1.571787;43.446831
31381_7870dc_00002;2;;le clos de l'autan;31450;31381;Montgiscard;;;1.574025;43.449824
31381_0080_00023_bis;23;bis;Grand Rue;31450;31381;Montgiscard;;;1.57337;43.458409
31381_0010_00039;39;;Chemin Al Cers;31450;31381;Montgiscard;;;1.570207;43.450402
31381_0206_00004;4;;Impasse des Pyrénées;31450;31381;Montgiscard;;;1.563168;43.460096
31381_0150_00001;1;;Chemin de la Pradelle;31450;31381;Montgiscard;;;1.580618;43.455762
31381_0010_00045_bis;45;bis;Chemin Al Cers;31450;31381;Montgiscard;;;1.568969;43.451052
31381_ttoyt5_00002;2;;Impasse Saint Marc;31450;31381;Montgiscard;;;1.573867;43.458233
31381_0010_00004_bis;4;bis;Chemin Al Cers;31450;31381;Montgiscard;;;1.571109;43.451956
31381_0015_00003_bis;3;bis;Place du Boué;31450;31381;Montgiscard;;;1.572417;43.458051
31381_0074_00001;1;;Place du Foirail;31450;31381;Montgiscard;;;1.575271;43.457415
31381_0100_00035;35;;Route de Montbrun;31450;31381;Montgiscard;;;1.554379;43.45535
31381_0155_00010;10;;Rue la Roca;31450;31381;Montgiscard;;;1.574125;43.450455
31381_qjv3oa_00003;3;;Route Departementale 813;31450;31381;Montgiscard;;;1.571283;43.461604
31381_0095_00012;12;;Chemin de la Masquière;31450;31381;Montgiscard;;;1.584899;43.457735
31381_0010_00037_bis;37;bis;Chemin Al Cers;31450;31381;Montgiscard;;;1.569946;43.450512
31381_0132_00003;3;;Chemin de l'Ancien Château d'Eau;31450;31381;Montgiscard;;;1.573909;43.456472
31381_0110_00044;44;;Rue des Moulins;31450;31381;Montgiscard;;;1.569297;43.453444
31381_nu3upp_00012;12;;Impasse du Vallon;31450;31381;Montgiscard;;;1.573781;43.459146
31381_0090_00027;27;;Chemin des Graves;31450;31381;Montgiscard;;;1.561923;43.461214
31381_0010_00063;63;;Chemin Al Cers;31450;31381;Montgiscard;;;1.568233;43.451435
31381_0078_00021;21;;Rue de la Garenne;31450;31381;Montgiscard;;;1.570481;43.460079
31381_0100_00002_bis;2;bis;Route de Montbrun;31450;31381;Montgiscard;;;1.56879;43.458789
31381_0070_00020;20;;Chemin des Galériens;31450;31381;Montgiscard;;;1.566075;43.460446
31381_0110_00040_bis;40;bis;Rue des Moulins;31450;31381;Montgiscard;;;1.570688;43.454616
31381_0020_00015;15;;Chemin de Candel;31450;31381;Montgiscard;;;1.569253;43.455293
31381_0110_00038;38;;Rue des Moulins;31450;31381;Montgiscard;;;1.570965;43.45479
31381_0080_00011;11;;Grand Rue;31450;31381;Montgiscard;;;1.57399;43.457891
31381_0010_00002;2;;Chemin Al Cers;31450;31381;Montgiscard;;;1.570793;43.452373
31381_a020_00018;18;;Lotissement la Pradelle;31450;31381;Montgiscard;;;1.579436;43.456107
31381_nrbzeu_00013;13;;impasse des tournesols;31450;31381;Montgiscard;;;1.569423;43.454143
31381_0074_00021;21;;Place du Foirail;31450;31381;Montgiscard;;;1.57467;43.457598
31381_0060_00006_bis;6;bis;Chemin de Fontblazy;31450;31381;Montgiscard;;;1.577598;43.45191
31381_a016_00002;2;;Lotissement les Hauts de Graves;31450;31381;Montgiscard;;;1.571435;43.463104
31381_b3o68s_00009_a;9;a;L’Esplanade;31450;31381;Montgiscard;;;1.57462;43.458511
31381_r5zch4_00007;7;;Lotissement Bellevue;31450;31381;Montgiscard;;;1.578341;43.451677
31381_a020_00023;23;;Lotissement la Pradelle;31450;31381;Montgiscard;;;1.579961;43.45575
31381_0021_00246;246;;Route de Saint Leon;31450;31381;Montgiscard;;;1.573542;43.43576
31381_qjv3oa_00013;13;;Route Departementale 813;31450;31381;Montgiscard;;;1.570452;43.462216
31381_0110_00031;31;;Rue des Moulins;31450;31381;Montgiscard;;;1.573233;43.456292
31381_uaw8rs_00005;5;;Chemin de l’Ecluse;31450;31381;Montgiscard;;;1.570868;43.463099
31381_0070_00018;18;;Chemin des Galériens;31450;31381;Montgiscard;;;1.566116;43.460381
31381_0010_00003;3;;Chemin Al Cers;31450;31381;Montgiscard;;;1.571738;43.452778
31381_yajja2_00005;5;;Domaine de Majouret;31450;31381;Montgiscard;;;1.591538;43.469898
31381_0070_00027;27;;Chemin des Galériens;31450;31381;Montgiscard;;;1.56468;43.464178
31381_0020_00003;3;;Chemin de Candel;31450;31381;Montgiscard;;;1.570052;43.456044
31381_0078_00023;23;;Rue de la Garenne;31450;31381;Montgiscard;;;1.57027;43.459944
31381_yajja2_00002;2;;Domaine de Majouret;31450;31381;Montgiscard;;;1.591908;43.470381
31381_0073_00009;9;;Rue du Four;31450;31381;Montgiscard;;;1.572807;43.458104
31381_6l2zp5_00002;2;;Chemin de Lamasquiere;31450;31381;Montgiscard;;;1.572202;43.463003
31381_0100_00003_bis;3;bis;Route de Montbrun;31450;31381;Montgiscard;;;1.568926;43.458
31381_0155_00008;8;;Rue la Roca;31450;31381;Montgiscard;;;1.574694;43.450543
31381_a005_00003;3;;Lotissement des Acacias;31450;31381;Montgiscard;;;1.580095;43.452194
31381_0090_00029;29;;Chemin des Graves;31450;31381;Montgiscard;;;1.560511;43.462194
31381_0080_00047;47;;Grand Rue;31450;31381;Montgiscard;;;1.572604;43.459324
31381_0060_00012;12;;Chemin de Fontblazy;31450;31381;Montgiscard;;;1.576463;43.452553
31381_i57u0n_00023;23;;Les Graves;31450;31381;Montgiscard;;;1.562454;43.462515
31381_0090_00003;3;;Chemin des Graves;31450;31381;Montgiscard;;;1.564649;43.45892
31381_0010_00002_ter;2;ter;Chemin Al Cers;31450;31381;Montgiscard;;;1.570728;43.452455
31381_0110_00018;18;;Rue des Moulins;31450;31381;Montgiscard;;;1.572502;43.455834
31381_0022_00032;32;;Rue Cantalause;31450;31381;Montgiscard;;;1.573537;43.451197
31381_0187_00005;5;;Chemin de Traverse;31450;31381;Montgiscard;;;1.560232;43.461667
31381_0060_00003_bis;3;bis;Chemin de Fontblazy;31450;31381;Montgiscard;;;1.577522;43.452288
31381_0076_00012;12;;rue francou;31450;31381;Montgiscard;;;1.570107;43.459374
31381_0133_00003;3;;Rue Lot le Parc des Graves;31450;31381;Montgiscard;;;1.562407;43.461693
31381_0010_00014;14;;Chemin Al Cers;31450;31381;Montgiscard;;;1.571853;43.451063
31381_0070_00012;12;;Chemin des Galériens;31450;31381;Montgiscard;;;1.566429;43.460227
31381_ticx08_00008;8;;Lalotge;31450;31381;Montgiscard;;;1.580862;43.455068
31381_0150_00011;11;;Chemin de la Pradelle;31450;31381;Montgiscard;;;1.579518;43.452981
31381_0154_00001_d;1;d;Impasse de la Roca;31450;31381;Montgiscard;;;1.574855;43.451347
31381_b056_00002;2;;En Rouzaud;31450;31381;Montgiscard;;;1.588126;43.453905
31381_0050_00001;1;;Route du Faubourg du Sers;31450;31381;Montgiscard;;;1.572447;43.459522
31381_0060_00018;18;;Chemin de Fontblazy;31450;31381;Montgiscard;;;1.577585;43.45106
31381_0070_00007;7;;Chemin des Galériens;31450;31381;Montgiscard;;;1.565746;43.460183
31381_0154_00006;6;;Impasse de la Roca;31450;31381;Montgiscard;;;1.574732;43.451345
31381_0010_00008;8;;Chemin Al Cers;31450;31381;Montgiscard;;;1.571338;43.451678
31381_0080_00021;21;;Grand Rue;31450;31381;Montgiscard;;;1.57344;43.45835
31381_a020_00016;16;;Lotissement la Pradelle;31450;31381;Montgiscard;;;1.579297;43.456194
31381_b056_00019;19;;En Rouzaud;31450;31381;Montgiscard;;;1.589952;43.452633
31381_4y14cx_00006;6;;Le Clos de Safrana;31450;31381;Montgiscard;;;1.566431;43.456837
31381_0026_00002_ter;2;ter;Chemin du Château d'Eau;31450;31381;Montgiscard;;;1.574533;43.456711
31381_0130_00021;21;;Chemin de Pinatel;31450;31381;Montgiscard;;;1.560312;43.452252
31381_0032_00008;8;;Chemin de Delmont;31450;31381;Montgiscard;;;1.580405;43.452992
31381_0078_00020;20;;Rue de la Garenne;31450;31381;Montgiscard;;;1.571176;43.459757
31381_0110_00037;37;;Rue des Moulins;31450;31381;Montgiscard;;;1.569478;43.453469
31381_0150_00016;16;;Chemin de la Pradelle;31450;31381;Montgiscard;;;1.578287;43.45082
31381_ticx08_00012;12;;Lalotge;31450;31381;Montgiscard;;;1.580168;43.454917
31381_0122_00027;27;;Route Nationale N°113;31450;31381;Montgiscard;;;1.556483;43.469651
31381_b538fe_00010;10;;impasse des tournesols;31450;31381;Montgiscard;;;1.569795;43.454375
31381_g9g5y1_00001;1;;rue du pastel;31450;31381;Montgiscard;;;1.571296;43.460368
31381_0133_00022;22;;Rue Lot le Parc des Graves;31450;31381;Montgiscard;;;1.562538;43.462165
31381_0090_00033;33;;Chemin des Graves;31450;31381;Montgiscard;;;1.56003;43.462551
31381_0020_00021;21;;Chemin de Candel;31450;31381;Montgiscard;;;1.568189;43.454157
31381_4y14cx_00012;12;;Le Clos de Safrana;31450;31381;Montgiscard;;;1.566818;43.456589
31381_0121_00016_ter;16;ter;Rue Mercadier;31450;31381;Montgiscard;;;1.572093;43.458562
31381_a016_00009;9;;Lotissement les Hauts de Graves;31450;31381;Montgiscard;;;1.561137;43.461067
31381_0040_00006;6;;Chemin de l'Enclos;31450;31381;Montgiscard;;;1.569074;43.460097
31381_0155_00002;2;;Rue la Roca;31450;31381;Montgiscard;;;1.57494;43.450915
31381_qjv3oa_00011;11;;Route Departementale 813;31450;31381;Montgiscard;;;1.5705;43.462173
31381_0121_00012;12;;Rue Mercadier;31450;31381;Montgiscard;;;1.572273;43.458678
31381_0073_00022;22;;Rue du Four;31450;31381;Montgiscard;;;1.572462;43.458655
31381_0080_00038;38;;Grand Rue;31450;31381;Montgiscard;;;1.572644;43.459381
31381_0078_00015;15;;Rue de la Garenne;31450;31381;Montgiscard;;;1.570991;43.460128
31381_0168_00002;2;;Impasse Al Roumani;31450;31381;Montgiscard;;;1.561076;43.461315
31381_0090_00010_ter;10;ter;Chemin des Graves;31450;31381;Montgiscard;;;1.563959;43.459947
31381_0060_00016;16;;Chemin de Fontblazy;31450;31381;Montgiscard;;;1.577468;43.451189
31381_0110_00046;46;;Rue des Moulins;31450;31381;Montgiscard;;;1.569287;43.453392
31381_0122_00023;23;;Route Nationale N°113;31450;31381;Montgiscard;;;1.56038;43.467388
31381_0155_00013;13;;Rue la Roca;31450;31381;Montgiscard;;;1.573718;43.450491
31381_0030_00006;6;;Chemin des Cordeliers;31450;31381;Montgiscard;;;1.571229;43.456077
31381_5083zu_00001;1;;Impasse du Chateau d’Eau;31450;31381;Montgiscard;;;1.574386;43.456562
31381_qjv3oa_00019;19;;Route Departementale 813;31450;31381;Montgiscard;;;1.568726;43.463317
31381_0010_00026;26;;Chemin Al Cers;31450;31381;Montgiscard;;;1.570378;43.450444
31381_2ok762_00021;21;;la Madeleine;31450;31381;Montgiscard;;;1.542378;43.44581
31381_b048_00004;4;;Le Petit Clos;31450;31381;Montgiscard;;;1.58789;43.467651
31381_qjv3oa_00036;36;;Route Departementale 813;31450;31381;Montgiscard;;;1.564185;43.465945
31381_0150_00002_quater;2;quater;Chemin de la Pradelle;31450;31381;Montgiscard;;;1.579887;43.454958
31381_b056_00019_bis;19;bis;En Rouzaud;31450;31381;Montgiscard;;;1.59002;43.452481
31381_0030_00002;2;;Chemin des Cordeliers;31450;31381;Montgiscard;;;1.570946;43.456529
31381_0050_00001_c;1;c;Route du Faubourg du Sers;31450;31381;Montgiscard;;;1.572372;43.459621
31381_2ok762_00011;11;;la Madeleine;31450;31381;Montgiscard;;;1.539873;43.446996
31381_0154_00017;17;;Impasse de la Roca;31450;31381;Montgiscard;;;1.57402;43.451381
31381_yajja2_00003;3;;Domaine de Majouret;31450;31381;Montgiscard;;;1.592026;43.470201
31381_nftnvb_00008;8;;La Lotge;31450;31381;Montgiscard;;;1.5807;43.454541
31381_0076_00001_lot d;1;lot d;rue francou;31450;31381;Montgiscard;;;1.570934;43.458957
31381_0035_00004;4;;Rue des Droits de l'Homme;31450;31381;Montgiscard;;;1.570857;43.45779
31381_0151_00017;17;;Rue des Remparts;31450;31381;Montgiscard;;;1.571714;43.45855
31381_0020_00008;8;;Chemin de Candel;31450;31381;Montgiscard;;;1.568151;43.453958
31381_0202_00004;4;;impasse du lauragais;31450;31381;Montgiscard;;;1.572762;43.451359
31381_0010_00017_bis;17;bis;Chemin Al Cers;31450;31381;Montgiscard;;;1.571746;43.451979
31381_0075_00006;6;;Rue du Salin;31450;31381;Montgiscard;;;1.573417;43.45788
31381_0100_00031_ter;31;ter;Route de Montbrun;31450;31381;Montgiscard;;;1.555232;43.454697
31381_0100_00031;31;;Route de Montbrun;31450;31381;Montgiscard;;;1.555366;43.455834
31381_0133_00020;20;;Rue Lot le Parc des Graves;31450;31381;Montgiscard;;;1.563285;43.461961
31381_0076_00001_lot f;1;lot f;rue francou;31450;31381;Montgiscard;;;1.570868;43.459105
31381_a011_00018;18;;Lotissement les Amouries;31450;31381;Montgiscard;;;1.576257;43.4513
31381_0091_00006;6;;Place de la Cour;31450;31381;Montgiscard;;;1.572781;43.457596
31381_p8rchl_00019;19;;Quartier la Madeleine;31450;31381;Montgiscard;;;1.54206;43.446258
31381_0060_00015;15;;Chemin de Fontblazy;31450;31381;Montgiscard;;;1.574071;43.455291
31381_0010_00022_bis;22;bis;Chemin Al Cers;31450;31381;Montgiscard;;;1.570938;43.450234
31381_0110_00025;25;;Rue des Moulins;31450;31381;Montgiscard;;;1.573446;43.456441
31381_0140_00011;11;;Rue de la Poste;31450;31381;Montgiscard;;;1.573237;43.456694
31381_0022_00018;18;;Rue Cantalause;31450;31381;Montgiscard;;;1.573101;43.452317
31381_ticx08_00005;5;;Lalotge;31450;31381;Montgiscard;;;1.58187;43.454362
31381_qjv3oa_00010;10;;Route Departementale 813;31450;31381;Montgiscard;;;1.568817;43.463354
31381_0133_00011;11;;Rue Lot le Parc des Graves;31450;31381;Montgiscard;;;1.562201;43.462416
31381_0076_00001_lot h;1;lot h;rue francou;31450;31381;Montgiscard;;;1.570865;43.459232
31381_qjv3oa_00015;15;;Route Departementale 813;31450;31381;Montgiscard;;;1.57036;43.462307
31381_a011_00030;30;;Lotissement les Amouries;31450;31381;Montgiscard;;;1.576789;43.451037
31381_a020_00007;7;;Lotissement la Pradelle;31450;31381;Montgiscard;;;1.579107;43.456354
31381_0010_00079;79;;Chemin Al Cers;31450;31381;Montgiscard;;;1.569167;43.452224
31381_r82qom_00012;12;;Chemin de Toubans;31450;31381;Montgiscard;;;1.547132;43.450845
31381_0110_00005;5;;Rue des Moulins;31450;31381;Montgiscard;;;1.574322;43.457192
31381_0076_00036;36;;rue francou;31450;31381;Montgiscard;;;1.570701;43.45856
31381_0095_00007;7;;Chemin de la Masquière;31450;31381;Montgiscard;;;1.574089;43.462395
31381_qjv3oa_00028;28;;Route Departementale 813;31450;31381;Montgiscard;;;1.565485;43.465197
31381_p8rchl_00001;1;;Quartier la Madeleine;31450;31381;Montgiscard;;;1.53807;43.447991
31381_0110_00048;48;;Rue des Moulins;31450;31381;Montgiscard;;;1.569109;43.453141
31381_0073_00012;12;;Rue du Four;31450;31381;Montgiscard;;;1.572651;43.458411
31381_0135_00005;5;;Rue de la Place;31450;31381;Montgiscard;;;1.573013;43.458302
31381_7870dc_00005;5;;le clos de l'autan;31450;31381;Montgiscard;;;1.573955;43.449444
31381_0070_00031;31;;Chemin des Galériens;31450;31381;Montgiscard;;;1.564976;43.464787
31381_0155_00001_c;1;c;Rue la Roca;31450;31381;Montgiscard;;;1.57458;43.451175
31381_0190_00014;14;;Rue des Tuiliers;31450;31381;Montgiscard;;;1.571723;43.459002
31381_0100_00012;12;;Route de Montbrun;31450;31381;Montgiscard;;;1.555266;43.456249
31381_0090_00010_quater;10;quater;Chemin des Graves;31450;31381;Montgiscard;;;1.563754;43.460127
31381_0180_00001;1;;Chemin de Safrana;31450;31381;Montgiscard;;;1.563816;43.457995
31381_0080_00039;39;;Grand Rue;31450;31381;Montgiscard;;;1.572758;43.459121
31381_0121_00005;5;;Rue Mercadier;31450;31381;Montgiscard;;;1.572154;43.458546
31381_0190_00004;4;;Rue des Tuiliers;31450;31381;Montgiscard;;;1.572318;43.459326
31381_0060_00005;5;;Chemin de Fontblazy;31450;31381;Montgiscard;;;1.577693;43.452082
31381_0090_00032;32;;Chemin des Graves;31450;31381;Montgiscard;;;1.560046;43.462756
31381_0090_00012;12;;Chemin des Graves;31450;31381;Montgiscard;;;1.563579;43.46034
31381_0094_00008;8;;Rue les Martrettes;31450;31381;Montgiscard;;;1.566871;43.461202
31381_4y14cx_00001;1;;Le Clos de Safrana;31450;31381;Montgiscard;;;1.565785;43.456379
31381_0110_00029;29;;Rue des Moulins;31450;31381;Montgiscard;;;1.573301;43.456343
31381_0133_00014;14;;Rue Lot le Parc des Graves;31450;31381;Montgiscard;;;1.562748;43.462799
31381_0122_00024;24;;Route Nationale N°113;31450;31381;Montgiscard;;;1.565735;43.465199
31381_0130_00008;8;;Chemin de Pinatel;31450;31381;Montgiscard;;;1.557359;43.455034
31381_ticx08_00009;9;;Lalotge;31450;31381;Montgiscard;;;1.580662;43.454983
31381_0080_00006_bis;6;bis;Grand Rue;31450;31381;Montgiscard;;;1.573669;43.458356
31381_0050_00008;8;;Route du Faubourg du Sers;31450;31381;Montgiscard;;;1.571784;43.460611
31381_0060_00022;22;;Chemin de Fontblazy;31450;31381;Montgiscard;;;1.577933;43.450708
31381_0155_00021;21;;Rue la Roca;31450;31381;Montgiscard;;;1.574243;43.450097
31381_0060_00004;4;;Chemin de Fontblazy;31450;31381;Montgiscard;;;1.577691;43.452196
31381_40knst_00001;1;;Martrettes;31450;31381;Montgiscard;;;1.570694;43.462593
31381_0060_00001;1;;Chemin de Fontblazy;31450;31381;Montgiscard;;;1.577143;43.452288
31381_0022_00002;2;;Rue Cantalause;31450;31381;Montgiscard;;;1.573127;43.452804
31381_a015_00005;5;;Lotissement de Fontblazy;31450;31381;Montgiscard;;;1.577394;43.452524
31381_7h98el_00007;7;;rue de cocagne;31450;31381;Montgiscard;;;1.570333;43.4611
31381_a020_00021_bis;21;bis;Lotissement la Pradelle;31450;31381;Montgiscard;;;1.580309;43.4556
31381_0125_00017;17;;Chemin de Passelis;31450;31381;Montgiscard;;;1.573497;43.46415
31381_0130_00024;24;;Chemin de Pinatel;31450;31381;Montgiscard;;;1.559386;43.452873
31381_qjv3oa_00020;20;;Route Departementale 813;31450;31381;Montgiscard;;;1.56686;43.464435
31381_0120_00003;3;;Route de Nailloux;31450;31381;Montgiscard;;;1.574543;43.452188
31381_0076_00001_lot m;1;lot m;rue francou;31450;31381;Montgiscard;;;1.571264;43.459057
31381_0122_00025;25;;Route Nationale N°113;31450;31381;Montgiscard;;;1.559023;43.468607
31381_a015_00003;3;;Lotissement de Fontblazy;31450;31381;Montgiscard;;;1.577394;43.452524
31381_0010_00034;34;;Chemin Al Cers;31450;31381;Montgiscard;;;1.568999;43.451487
31381_0076_00001_lot b;1;lot b;rue francou;31450;31381;Montgiscard;;;1.57103;43.45881
31381_0091_00003;3;;Place de la Cour;31450;31381;Montgiscard;;;1.573188;43.457519
31381_0125_00008;8;;Chemin de Passelis;31450;31381;Montgiscard;;;1.573305;43.463794
31381_0110_00004;4;;Rue des Moulins;31450;31381;Montgiscard;;;1.574092;43.457132
31381_0022_00023;23;;Rue Cantalause;31450;31381;Montgiscard;;;1.573664;43.451002
31381_0122_00001;1;;Route Nationale N°113;31450;31381;Montgiscard;;;1.571657;43.461287
31381_7h98el_00001;1;;rue de cocagne;31450;31381;Montgiscard;;;1.570033;43.46072
31381_0150_00004;4;;Chemin de la Pradelle;31450;31381;Montgiscard;;;1.579449;43.453577
31381_p8rchl_00005;5;;Quartier la Madeleine;31450;31381;Montgiscard;;;1.53886;43.447691
31381_6l2zp5_00009;9;;Chemin de Lamasquiere;31450;31381;Montgiscard;;;1.5837;43.458458
31381_0060_00013;13;;Chemin de Fontblazy;31450;31381;Montgiscard;;;1.57381;43.455472
31381_0110_00015;15;;Rue des Moulins;31450;31381;Montgiscard;;;1.573812;43.45677
31381_a020_00022;22;;Lotissement la Pradelle;31450;31381;Montgiscard;;;1.579865;43.455815
31381_a020_00017;17;;Lotissement la Pradelle;31450;31381;Montgiscard;;;1.579362;43.456152
31381_0030_00009;9;;Chemin des Cordeliers;31450;31381;Montgiscard;;;1.571492;43.455891
31381_0155_00010;10;;Rue la Roca;31450;31381;Montgiscard;;;1.574757;43.451494
31381_a021_00004;4;;Lot les Jardins de la Pradelle;31450;31381;Montgiscard;;;1.578667;43.453512
31381_qjv3oa_00001_ter;1;ter;Route Departementale 813;31450;31381;Montgiscard;;;1.565617;43.459427
31381_a015_00004;4;;Lotissement de Fontblazy;31450;31381;Montgiscard;;;1.577394;43.452524
31381_0076_00014;14;;rue francou;31450;31381;Montgiscard;;;1.570071;43.459298
31381_0010_00047;47;;Chemin Al Cers;31450;31381;Montgiscard;;;1.569746;43.452773
31381_0168_00010;10;;Impasse Al Roumani;31450;31381;Montgiscard;;;1.561282;43.461358
31381_0155_00011;11;;Rue la Roca;31450;31381;Montgiscard;;;1.573859;43.450587
31381_0010_00025;25;;Chemin Al Cers;31450;31381;Montgiscard;;;1.571855;43.451234
31381_0022_00019;19;;Rue Cantalause;31450;31381;Montgiscard;;;1.573779;43.451163
31381_r5zch4_00003;3;;Lotissement Bellevue;31450;31381;Montgiscard;;;1.578214;43.451708
31381_0095_00001;1;;Chemin de la Masquière;31450;31381;Montgiscard;;;1.572608;43.463015
31381_0076_00001_lot a;1;lot a;rue francou;31450;31381;Montgiscard;;;1.571116;43.458805
31381_p8rchl_00013;13;;Quartier la Madeleine;31450;31381;Montgiscard;;;1.54047;43.44702
31381_0130_00005;5;;Chemin de Pinatel;31450;31381;Montgiscard;;;1.558917;43.456537
31381_0135_00002_bis;2;bis;Rue de la Place;31450;31381;Montgiscard;;;1.57304;43.458428
31381_0060_00014;14;;Chemin de Fontblazy;31450;31381;Montgiscard;;;1.577303;43.451416
31381_llujua_00010;10;;impasse du pastel;31450;31381;Montgiscard;;;1.570504;43.460548
31381_ticx08_00006_bis;6;bis;Lalotge;31450;31381;Montgiscard;;;1.580955;43.454966
31381_0070_00002;2;;Chemin des Galériens;31450;31381;Montgiscard;;;1.566668;43.459292
31381_0100_00009;9;;Route de Montbrun;31450;31381;Montgiscard;;;1.565443;43.458549
31381_0110_00002;2;;Rue des Moulins;31450;31381;Montgiscard;;;1.574224;43.457212
31381_0010_00024_bis;24;bis;Chemin Al Cers;31450;31381;Montgiscard;;;1.570183;43.450546
31381_0180_00017;17;;Chemin de Safrana;31450;31381;Montgiscard;;;1.56622;43.456017
31381_0075_00179;179;;Rue du Salin;31450;31381;Montgiscard;;;1.572793;43.457733
31381_i57u0n_00013;13;;Les Graves;31450;31381;Montgiscard;;;1.562425;43.462784
31381_a011_00001;1;;Lotissement les Amouries;31450;31381;Montgiscard;;;1.57678;43.451848
31381_0125_00003;3;;Chemin de Passelis;31450;31381;Montgiscard;;;1.572305;43.463358
31381_a022_00005;5;;Lotissement les Saules;31450;31381;Montgiscard;;;1.57546;43.455303
31381_0080_00032;32;;Grand Rue;31450;31381;Montgiscard;;;1.572964;43.459035
31381_0140_00002;2;;Rue de la Poste;31450;31381;Montgiscard;;;1.573549;43.457258
31381_ticx08_00010;10;;Lalotge;31450;31381;Montgiscard;;;1.580523;43.455065
31381_0121_00008;8;;Rue Mercadier;31450;31381;Montgiscard;;;1.572388;43.458738
31381_0135_00004;4;;Rue de la Place;31450;31381;Montgiscard;;;1.573049;43.458369
31381_llujua_00006;6;;impasse du pastel;31450;31381;Montgiscard;;;1.570546;43.460583
31381_0100_00001_bis;1;bis;Route de Montbrun;31450;31381;Montgiscard;;;1.568776;43.458903
31381_yk18vr_00005;5;;L’Ecluse;31450;31381;Montgiscard;;;1.570754;43.463348
31381_a011_00027;27;;Lotissement les Amouries;31450;31381;Montgiscard;;;1.57737;43.450637
31381_0190_00003;3;;Rue des Tuiliers;31450;31381;Montgiscard;;;1.572114;43.459105
31381_uaw8rs_00005_quater;5;quater;Chemin de l’Ecluse;31450;31381;Montgiscard;;;1.570868;43.463099
31381_shi5d0_00033;33;;Roqueville;31450;31381;Montgiscard;;;1.574847;43.445742
31381_0100_00021;21;;Route de Montbrun;31450;31381;Montgiscard;;;1.557322;43.456746
31381_uaw8rs_00005_bis;5;bis;Chemin de l’Ecluse;31450;31381;Montgiscard;;;1.570842;43.463164
31381_0110_00014;14;;Rue des Moulins;31450;31381;Montgiscard;;;1.57235;43.456215
31381_0155_00017;17;;Rue la Roca;31450;31381;Montgiscard;;;1.573868;43.450281
31381_0190_00022;22;;Rue des Tuiliers;31450;31381;Montgiscard;;;1.571183;43.458348
31381_0190_00032;32;;Rue des Tuiliers;31450;31381;Montgiscard;;;1.570973;43.458149
31381_0010_00011;11;;Chemin Al Cers;31450;31381;Montgiscard;;;1.570818;43.45251
31381_0135_00007_bis;7;bis;Rue de la Place;31450;31381;Montgiscard;;;1.572899;43.458222
31381_0155_00001;1;;Rue la Roca;31450;31381;Montgiscard;;;1.57458;43.451175
31381_a020_00020;20;;Lotissement la Pradelle;31450;31381;Montgiscard;;;1.579583;43.456012
31381_0100_00023_bis;23;bis;Route de Montbrun;31450;31381;Montgiscard;;;1.556558;43.456583
31381_0095_00005;5;;Chemin de la Masquière;31450;31381;Montgiscard;;;1.573795;43.462552
31381_0091_00001;1;;Place de la Cour;31450;31381;Montgiscard;;;1.573278;43.457595
31381_6l2zp5_00001_bis;1;bis;Chemin de Lamasquiere;31450;31381;Montgiscard;;;1.572812;43.462945
31381_0121_00014;14;;Rue Mercadier;31450;31381;Montgiscard;;;1.57218;43.45862
31381_0020_00017_quater;17;quater;Chemin de Candel;31450;31381;Montgiscard;;;1.568597;43.454653
31381_0125_00001;1;;Chemin de Passelis;31450;31381;Montgiscard;;;1.572144;43.463187
31381_2110cf_00009;9;;impasse des tournesols;31450;31381;Montgiscard;;;1.569751;43.454403
31381_0078_00001;1;;Rue de la Garenne;31450;31381;Montgiscard;;;1.570432;43.459576
31381_0030_00003;3;;Chemin des Cordeliers;31450;31381;Montgiscard;;;1.57136;43.456099
31381_0022_00009;9;;Rue Cantalause;31450;31381;Montgiscard;;;1.573946;43.451959
31381_0080_00043;43;;Grand Rue;31450;31381;Montgiscard;;;1.572694;43.459212
31381_0020_00013;13;;Chemin de Candel;31450;31381;Montgiscard;;;1.569396;43.455427
31381_0190_00026;26;;Rue des Tuiliers;31450;31381;Montgiscard;;;1.571118;43.458245
31381_0050_00009;9;;Route du Faubourg du Sers;31450;31381;Montgiscard;;;1.5721;43.46
31381_34ceii_00001;1;;lotissement le parc des graves;31450;31381;Montgiscard;;;1.562029;43.4614
31381_nu3upp_00001;1;;Impasse du Vallon;31450;31381;Montgiscard;;;1.57369;43.458818
31381_0095_00002;2;;Chemin de la Masquière;31450;31381;Montgiscard;;;1.57224;43.463058
31381_0080_00041;41;;Grand Rue;31450;31381;Montgiscard;;;1.572723;43.459161
31381_4y14cx_00017;17;;Le Clos de Safrana;31450;31381;Montgiscard;;;1.565988;43.456212
31381_0x4ta6_00245;245;;Fontgrazalet;31450;31381;Montgiscard;;;1.57615;43.431869
31381_6l2zp5_00002_bis;2;bis;Chemin de Lamasquiere;31450;31381;Montgiscard;;;1.572438;43.462945
31381_4y14cx_00003_bis;3;bis;Le Clos de Safrana;31450;31381;Montgiscard;;;1.568419;43.453163
31381_0080_00034;34;;Grand Rue;31450;31381;Montgiscard;;;1.572899;43.459104
31381_0026_00002;2;;Chemin du Château d'Eau;31450;31381;Montgiscard;;;1.574445;43.456866
31381_0130_00005_ter;5;ter;Chemin de Pinatel;31450;31381;Montgiscard;;;1.559072;43.456679
31381_0110_00012;12;;Rue des Moulins;31450;31381;Montgiscard;;;1.573596;43.456678
31381_0186_00001_bis;1;bis;impasse des tournesols;31450;31381;Montgiscard;;;1.569034;43.453945
31381_0154_00009;9;;Impasse de la Roca;31450;31381;Montgiscard;;;1.575192;43.451162
31381_0040_00008;8;;Chemin de l'Enclos;31450;31381;Montgiscard;;;1.568804;43.459967
31381_0040_00012;12;;Chemin de l'Enclos;31450;31381;Montgiscard;;;1.568174;43.459705
31381_0100_00025;25;;Route de Montbrun;31450;31381;Montgiscard;;;1.556278;43.456443
31381_qjv3oa_00010;10;;Route Departementale 813;31450;31381;Montgiscard;;;1.569842;43.462962
31381_3b44e6_00004;4;;impasse des tournesols;31450;31381;Montgiscard;;;1.569313;43.454179
31381_0122_00002;2;;Route Nationale N°113;31450;31381;Montgiscard;;;1.582664;43.45526
31381_0151_00002;2;;Rue des Remparts;31450;31381;Montgiscard;;;1.572078;43.458249
31381_0060_00007_bis;7;bis;Chemin de Fontblazy;31450;31381;Montgiscard;;;1.574018;43.456032
31381_0080_00034_bis;34;bis;Grand Rue;31450;31381;Montgiscard;;;1.57312;43.45922
31381_0102_00001;1;;Route de Montlaur;31450;31381;Montgiscard;;;1.568866;43.463984
31381_0078_00026;26;;Rue de la Garenne;31450;31381;Montgiscard;;;1.57046;43.460341
31381_a020_00011;11;;Lotissement la Pradelle;31450;31381;Montgiscard;;;1.578913;43.456396
31381_4y14cx_00016;16;;Le Clos de Safrana;31450;31381;Montgiscard;;;1.56612;43.456306
31381_0010_00035_bis;35;bis;Chemin Al Cers;31450;31381;Montgiscard;;;1.570747;43.450238
31381_0050_00011;11;;Route du Faubourg du Sers;31450;31381;Montgiscard;;;1.571934;43.46002
31381_0190_00036;36;;Rue des Tuiliers;31450;31381;Montgiscard;;;1.570867;43.458086
31381_0155_00012;12;;Rue la Roca;31450;31381;Montgiscard;;;1.574278;43.450367
31381_0050_00011_bis;11;bis;Route du Faubourg du Sers;31450;31381;Montgiscard;;;1.571995;43.460075
31381_0150_00010;10;;Chemin de la Pradelle;31450;31381;Montgiscard;;;1.579249;43.452335
31381_2ok762_00003;3;;la Madeleine;31450;31381;Montgiscard;;;1.538298;43.447663
31381_0130_00010;10;;Chemin de Pinatel;31450;31381;Montgiscard;;;1.556868;43.454351
31381_0130_00006_bis;6;bis;Chemin de Pinatel;31450;31381;Montgiscard;;;1.557518;43.455219
31381_0121_00005_bis;5;bis;Rue Mercadier;31450;31381;Montgiscard;;;1.572171;43.458542
31381_0111_00002;2;;Place des Moulins;31450;31381;Montgiscard;;;1.571784;43.454984
31381_a020_00002;2;;Lotissement la Pradelle;31450;31381;Montgiscard;;;1.579466;43.456157
31381_0073_00014;14;;Rue du Four;31450;31381;Montgiscard;;;1.572627;43.458447
31381_yk18vr_00003;3;;L’Ecluse;31450;31381;Montgiscard;;;1.57059;43.463515
31381_0150_00003;3;;Chemin de la Pradelle;31450;31381;Montgiscard;;;1.579709;43.453906
31381_qjv3oa_00005;5;;Route Departementale 813;31450;31381;Montgiscard;;;1.570641;43.462049
31381_ticx08_00022;22;;Lalotge;31450;31381;Montgiscard;;;1.580168;43.454917
31381_0090_00014;14;;Chemin des Graves;31450;31381;Montgiscard;;;1.563351;43.460416
31381_0122_00017;17;;Route Nationale N°113;31450;31381;Montgiscard;;;1.569633;43.462567
31381_0180_00008;8;;Chemin de Safrana;31450;31381;Montgiscard;;;1.564778;43.45689
31381_0095_00010;10;;Chemin de la Masquière;31450;31381;Montgiscard;;;1.583663;43.45818
31381_a011_00020;20;;Lotissement les Amouries;31450;31381;Montgiscard;;;1.576598;43.450988
31381_0122_00021;21;;Route Nationale N°113;31450;31381;Montgiscard;;;1.567226;43.463502
31381_0073_00018;18;;Rue du Four;31450;31381;Montgiscard;;;1.572526;43.458516
31381_a016_00007;7;;Lotissement les Hauts de Graves;31450;31381;Montgiscard;;;1.571435;43.463104
31381_0100_00006;6;;Route de Montbrun;31450;31381;Montgiscard;;;1.555052;43.456518
31381_qjv3oa_00038;38;;Route Departementale 813;31450;31381;Montgiscard;;;1.556617;43.470053
31381_qjv3oa_00008_bis;8;bis;Route Departementale 813;31450;31381;Montgiscard;;;1.580424;43.456425
31381_0090_00009;9;;Chemin des Graves;31450;31381;Montgiscard;;;1.564059;43.459537
31381_0076_00020;20;;rue francou;31450;31381;Montgiscard;;;1.570167;43.459086
31381_0110_00024;24;;Rue des Moulins;31450;31381;Montgiscard;;;1.572203;43.455621
31381_0190_00020;20;;Rue des Tuiliers;31450;31381;Montgiscard;;;1.571201;43.458459
31381_0133_00010;10;;Rue Lot le Parc des Graves;31450;31381;Montgiscard;;;1.562173;43.462374
31381_0122_00004;4;;Route Nationale N°113;31450;31381;Montgiscard;;;1.581906;43.455694
31381_0080_00023;23;;Grand Rue;31450;31381;Montgiscard;;;1.573407;43.458448
31381_p8rchl_00021;21;;Quartier la Madeleine;31450;31381;Montgiscard;;;1.54265;43.44596
31381_a005_00009;9;;Lotissement des Acacias;31450;31381;Montgiscard;;;1.579902;43.452282
31381_0130_00004;4;;Chemin de Pinatel;31450;31381;Montgiscard;;;1.557677;43.45544
31381_0010_00032;32;;Chemin Al Cers;31450;31381;Montgiscard;;;1.569618;43.451219
31381_p8rchl_00015;15;;Quartier la Madeleine;31450;31381;Montgiscard;;;1.54083;43.446858
31381_qjv3oa_00030;30;;Route Departementale 813;31450;31381;Montgiscard;;;1.565255;43.465328
31381_coim6s_00008;8;;Toubans;31450;31381;Montgiscard;;;1.544486;43.451177
31381_0070_00019;19;;Chemin des Galériens;31450;31381;Montgiscard;;;1.564366;43.461733
31381_0133_00002;2;;Rue Lot le Parc des Graves;31450;31381;Montgiscard;;;1.562244;43.461496
31381_0010_00055;55;;Chemin Al Cers;31450;31381;Montgiscard;;;1.56902;43.45097
31381_0073_00016;16;;Rue du Four;31450;31381;Montgiscard;;;1.572568;43.458477
31381_0080_00024;24;;Grand Rue;31450;31381;Montgiscard;;;1.57326;43.458738
31381_0154_00016;16;;Impasse de la Roca;31450;31381;Montgiscard;;;1.575036;43.451374
31381_nu3upp_00014;14;;Impasse du Vallon;31450;31381;Montgiscard;;;1.573549;43.4589
31381_0010_00039_bis;39;bis;Chemin Al Cers;31450;31381;Montgiscard;;;1.569744;43.450607
31381_0135_00003;3;;Rue de la Place;31450;31381;Montgiscard;;;1.573063;43.458351
31381_0135_00002;2;;Rue de la Place;31450;31381;Montgiscard;;;1.573221;43.458521
31381_a011_00017;17;;Lotissement les Amouries;31450;31381;Montgiscard;;;1.576485;43.451511
31381_p8rchl_00011;11;;Quartier la Madeleine;31450;31381;Montgiscard;;;1.54003;43.447149
31381_0110_00050;50;;Rue des Moulins;31450;31381;Montgiscard;;;1.568942;43.452913
31381_0190_00014_bis;14;bis;Rue des Tuiliers;31450;31381;Montgiscard;;;1.57159;43.459072
31381_0010_00018;18;;Chemin Al Cers;31450;31381;Montgiscard;;;1.572074;43.450486
31381_0022_00015;15;;Rue Cantalause;31450;31381;Montgiscard;;;1.574078;43.451726
31381_0078_00013_c;13;c;Rue de la Garenne;31450;31381;Montgiscard;;;1.57111;43.459891
31381_0201_00001;1;;Rue du Vallon;31450;31381;Montgiscard;;;1.5726;43.459609
31381_2ok762_00017;17;;la Madeleine;31450;31381;Montgiscard;;;1.541034;43.446476
31381_0090_00002_bis;2;bis;Chemin des Graves;31450;31381;Montgiscard;;;1.565139;43.458773
31381_0154_00008_d;8;d;Impasse de la Roca;31450;31381;Montgiscard;;;1.57464;43.45147
31381_qjv3oa_00024;24;;Route Departementale 813;31450;31381;Montgiscard;;;1.566169;43.464819
31381_uaw8rs_00001;1;;Chemin de l’Ecluse;31450;31381;Montgiscard;;;1.570279;43.463889
31381_4y14cx_00014;14;;Le Clos de Safrana;31450;31381;Montgiscard;;;1.566508;43.456341
31381_a011_00010;10;;Lotissement les Amouries;31450;31381;Montgiscard;;;1.576074;43.451895
31381_0111_00008;8;;Place des Moulins;31450;31381;Montgiscard;;;1.572186;43.45505
31381_0050_00012;12;;Route du Faubourg du Sers;31450;31381;Montgiscard;;;1.570907;43.461852
31381_0090_00004;4;;Chemin des Graves;31450;31381;Montgiscard;;;1.564678;43.459204
31381_0015_00001;1;;Place du Boué;31450;31381;Montgiscard;;;1.572658;43.458155
31381_0154_00001_a;1;a;Impasse de la Roca;31450;31381;Montgiscard;;;1.574735;43.451244
31381_0078_00018;18;;Rue de la Garenne;31450;31381;Montgiscard;;;1.571076;43.459701
31381_0010_00021;21;;Chemin Al Cers;31450;31381;Montgiscard;;;1.57161;43.451519
31381_01042c_00012_bis;12;bis;impasse des tournesols;31450;31381;Montgiscard;;;1.569629;43.454269
31381_0121_00007;7;;Rue Mercadier;31450;31381;Montgiscard;;;1.572223;43.458577
31381_0060_00003;3;;Chemin de Fontblazy;31450;31381;Montgiscard;;;1.573498;43.455788
31381_0110_00013;13;;Rue des Moulins;31450;31381;Montgiscard;;;1.573861;43.456827
31381_0125_00009_ter;9;ter;Chemin de Passelis;31450;31381;Montgiscard;;;1.572787;43.463655
31381_0100_00023;23;;Route de Montbrun;31450;31381;Montgiscard;;;1.556965;43.456715
31381_5bb24e_00015_bis;15;bis;impasse des tournesols;31450;31381;Montgiscard;;;1.569279;43.454044
31381_0110_00008_ter;8;ter;Rue des Moulins;31450;31381;Montgiscard;;;1.573644;43.456765
31381_0010_00037;37;;Chemin Al Cers;31450;31381;Montgiscard;;;1.570513;43.450286
31381_0026_00002_bis;2;bis;Chemin du Château d'Eau;31450;31381;Montgiscard;;;1.574515;43.456776
31381_a011_00016;16;;Lotissement les Amouries;31450;31381;Montgiscard;;;1.576251;43.451562
31381_7h98el_00002;2;;rue de cocagne;31450;31381;Montgiscard;;;1.570085;43.460794
31381_0155_00007;7;;Rue la Roca;31450;31381;Montgiscard;;;1.574091;43.450909
31381_0022_00028;28;;Rue Cantalause;31450;31381;Montgiscard;;;1.573849;43.451602
31381_0180_00020;20;;Chemin de Safrana;31450;31381;Montgiscard;;;1.56685;43.455107
31381_a022_00004;4;;Lotissement les Saules;31450;31381;Montgiscard;;;1.575474;43.455145
31381_0010_00005;5;;Chemin Al Cers;31450;31381;Montgiscard;;;1.571649;43.453037
31381_0206_00006;6;;Impasse des Pyrénées;31450;31381;Montgiscard;;;1.562902;43.459983
31381_0093_00003;3;;Chemin de Lalotge;31450;31381;Montgiscard;;;1.581927;43.455158
31381_0125_00013;13;;Chemin de Passelis;31450;31381;Montgiscard;;;1.573268;43.463936
31381_0050_00007;7;;Route du Faubourg du Sers;31450;31381;Montgiscard;;;1.572135;43.459953
31381_0066_00002;2;;Chemin Départemental No 24;31450;31381;Montgiscard;;;1.576107;43.4582
31381_a020_00024;24;;Lotissement la Pradelle;31450;31381;Montgiscard;;;1.580063;43.455682
31381_7870dc_00007;7;;le clos de l'autan;31450;31381;Montgiscard;;;1.573499;43.449702
31381_0078_00007;7;;Rue de la Garenne;31450;31381;Montgiscard;;;1.57078;43.459647
31381_b012_00028;28;;Borde Neuve;31450;31381;Montgiscard;;;1.57573;43.44142
31381_0121_00009;9;;Rue Mercadier;31450;31381;Montgiscard;;;1.572455;43.458698
31381_r5zch4_00001;1;;Lotissement Bellevue;31450;31381;Montgiscard;;;1.578421;43.451816
31381_4y14cx_00002;2;;Le Clos de Safrana;31450;31381;Montgiscard;;;1.565957;43.45647
31381_a020_00004;4;;Lotissement la Pradelle;31450;31381;Montgiscard;;;1.579322;43.456239
31381_0073_00003;3;;Rue du Four;31450;31381;Montgiscard;;;1.573396;43.457569
31381_0022_00013;13;;Rue Cantalause;31450;31381;Montgiscard;;;1.574123;43.45182
31381_a020_00020_a;20;a;Lotissement la Pradelle;31450;31381;Montgiscard;;;1.57871;43.456589
31381_0133_00004;4;;Rue Lot le Parc des Graves;31450;31381;Montgiscard;;;1.56264;43.461774
31381_0070_00042;42;;Chemin des Galériens;31450;31381;Montgiscard;;;1.564909;43.462319
31381_7h98el_00009;9;;rue de cocagne;31450;31381;Montgiscard;;;1.570462;43.461213
31381_0070_00025;25;;Chemin des Galériens;31450;31381;Montgiscard;;;1.56466;43.463984
31381_0032_00011;11;;Chemin de Delmont;31450;31381;Montgiscard;;;1.58127;43.453541
31381_0100_00009_ter;9;ter;Route de Montbrun;31450;31381;Montgiscard;;;1.564487;43.458321
31381_a9s8w6_00021;21;;La Pradelle;31450;31381;Montgiscard;;;1.58026;43.456259
31381_7h98el_00004;4;;rue de cocagne;31450;31381;Montgiscard;;;1.570163;43.460918
31381_0190_00020_bis;20;bis;Rue des Tuiliers;31450;31381;Montgiscard;;;1.571038;43.458395
31381_daca84_00007;7;;impasse des tournesols;31450;31381;Montgiscard;;;1.569593;43.454389
31381_0100_00005;5;;Route de Montbrun;31450;31381;Montgiscard;;;1.566602;43.458921
31381_0070_00028;28;;Chemin des Galériens;31450;31381;Montgiscard;;;1.565731;43.460744
31381_0150_00009;9;;Chemin de la Pradelle;31450;31381;Montgiscard;;;1.579547;43.453164
31381_0130_00003;3;;Chemin de Pinatel;31450;31381;Montgiscard;;;1.559067;43.456791
31381_a011_00009;9;;Lotissement les Amouries;31450;31381;Montgiscard;;;1.57576;43.452069
31381_qjv3oa_00004_bis;4;bis;Route Departementale 813;31450;31381;Montgiscard;;;1.581422;43.456211
31381_0078_00011;11;;Rue de la Garenne;31450;31381;Montgiscard;;;1.57117;43.459931
31381_uaw8rs_00007;7;;Chemin de l’Ecluse;31450;31381;Montgiscard;;;1.570911;43.463056
31381_0122_00038;38;;Route Nationale N°113;31450;31381;Montgiscard;;;1.556486;43.47034
31381_0122_00013;13;;Route Nationale N°113;31450;31381;Montgiscard;;;1.570498;43.462275
31381_0201_00005;5;;Rue du Vallon;31450;31381;Montgiscard;;;1.573282;43.459657
31381_qgfrbp_00005;5;;Impasse de l’Ecluse;31450;31381;Montgiscard;;;1.5714;43.463579
31381_4y14cx_00008;8;;Le Clos de Safrana;31450;31381;Montgiscard;;;1.566712;43.456956
31381_0155_00005;5;;Rue la Roca;31450;31381;Montgiscard;;;1.574278;43.450802
31381_zfk27z_00038;38;;La Gaboche;31450;31381;Montgiscard;;;1.54437;43.449818
31381_0010_00001_ter;1;ter;Chemin Al Cers;31450;31381;Montgiscard;;;1.572241;43.453094
31381_a015_00007;7;;Lotissement de Fontblazy;31450;31381;Montgiscard;;;1.577394;43.452524
31381_0078_00028;28;;Rue de la Garenne;31450;31381;Montgiscard;;;1.57021;43.460221
31381_0020_00010;10;;Chemin de Candel;31450;31381;Montgiscard;;;1.569117;43.453843
31381_0110_00021;21;;Rue des Moulins;31450;31381;Montgiscard;;;1.573654;43.456631
31381_gyktqd_00004;4;;Cantalause;31450;31381;Montgiscard;;;1.573047;43.452756
31381_0030_00012;12;;Chemin des Cordeliers;31450;31381;Montgiscard;;;1.571716;43.455488
31381_02ee80_00001;1;;impasse des tournesols;31450;31381;Montgiscard;;;1.569069;43.453983
31381_r82qom_00011;11;;Chemin de Toubans;31450;31381;Montgiscard;;;1.54548;43.451258
31381_0070_00011;11;;Chemin des Galériens;31450;31381;Montgiscard;;;1.565138;43.460885
31381_741af9_00014_bis;14;bis;impasse des tournesols;31450;31381;Montgiscard;;;1.569372;43.454092
31381_0076_00001_lot g;1;lot g;rue francou;31450;31381;Montgiscard;;;1.570862;43.459185
31381_0110_00008;8;;Rue des Moulins;31450;31381;Montgiscard;;;1.573847;43.456901
31381_0180_00005;5;;Chemin de Safrana;31450;31381;Montgiscard;;;1.564617;43.457406
31381_0094_00007;7;;Rue les Martrettes;31450;31381;Montgiscard;;;1.566698;43.460986
31381_0015_00006;6;;Place du Boué;31450;31381;Montgiscard;;;1.572395;43.458096
31381_0010_00028;28;;Chemin Al Cers;31450;31381;Montgiscard;;;1.568796;43.451283
31381_0070_00026;26;;Chemin des Galériens;31450;31381;Montgiscard;;;1.565764;43.460654
31381_0187_00003;3;;Chemin de Traverse;31450;31381;Montgiscard;;;1.560423;43.461828
31381_4y14cx_00015;15;;Le Clos de Safrana;31450;31381;Montgiscard;;;1.566293;43.456331
31381_0017_00001;1;;Impasse de la Briqueterie;31450;31381;Montgiscard;;;1.558173;43.468496
31381_0130_00005_bis;5;bis;Chemin de Pinatel;31450;31381;Montgiscard;;;1.559312;43.456063
31381_0030_00003_bis;3;bis;Chemin des Cordeliers;31450;31381;Montgiscard;;;1.571545;43.455786
31381_a015_00009;9;;Lotissement de Fontblazy;31450;31381;Montgiscard;;;1.577394;43.452524
31381_0070_00036;36;;Chemin des Galériens;31450;31381;Montgiscard;;;1.565873;43.461541
31381_6l2zp5_00007;7;;Chemin de Lamasquiere;31450;31381;Montgiscard;;;1.574105;43.462391
31381_p8rchl_00017;17;;Quartier la Madeleine;31450;31381;Montgiscard;;;1.54135;43.446658
31381_0073_00007_ter;7;ter;Rue du Four;31450;31381;Montgiscard;;;1.572921;43.457976
31381_0125_00006;6;;Chemin de Passelis;31450;31381;Montgiscard;;;1.57326;43.463732
31381_0010_00017;17;;Chemin Al Cers;31450;31381;Montgiscard;;;1.571451;43.451676
31381_0075_00002;2;;Rue du Salin;31450;31381;Montgiscard;;;1.57341;43.457863
31381_0100_00019;19;;Route de Montbrun;31450;31381;Montgiscard;;;1.557636;43.456767
31381_0090_00013;13;;Chemin des Graves;31450;31381;Montgiscard;;;1.563666;43.459963
31381_0070_00014;14;;Chemin des Galériens;31450;31381;Montgiscard;;;1.566295;43.460351
31381_4y14cx_00011;11;;Le Clos de Safrana;31450;31381;Montgiscard;;;1.56696;43.45672
31381_4y14cx_00005;5;;Le Clos de Safrana;31450;31381;Montgiscard;;;1.566317;43.456724
31381_6l2zp5_00001_bis;1;bis;Chemin de Lamasquiere;31450;31381;Montgiscard;;;1.572813;43.462938
31381_0089_00004;4;;Impasse des Graves;31450;31381;Montgiscard;;;1.564068;43.458915
31381_qflmp0_00006;6;;Rue Campolongo Tapogliano;31450;31381;Montgiscard;;;1.57945;43.456923
31381_6l2zp5_00006_bis;6;bis;Chemin de Lamasquiere;31450;31381;Montgiscard;;;1.575009;43.462587
31381_qjv3oa_00026;26;;Route Departementale 813;31450;31381;Montgiscard;;;1.565801;43.465023
31381_0032_00001_bis;1;bis;Chemin de Delmont;31450;31381;Montgiscard;;;1.58049;43.45327
31381_0020_00017_ter;17;ter;Chemin de Candel;31450;31381;Montgiscard;;;1.568776;43.454853
31381_0190_00016;16;;Rue des Tuiliers;31450;31381;Montgiscard;;;1.571572;43.458903
31381_5oyahv_00024;24;;Les Amouries;31450;31381;Montgiscard;;;1.573143;43.453977
31381_0078_00014;14;;Rue de la Garenne;31450;31381;Montgiscard;;;1.570937;43.459629
31381_0073_00229;229;;Rue du Four;31450;31381;Montgiscard;;;1.572599;43.458316
31381_0020_00007;7;;Chemin de Candel;31450;31381;Montgiscard;;;1.569804;43.455806
31381_0121_00001_bis;1;bis;Rue Mercadier;31450;31381;Montgiscard;;;1.572058;43.458481
31381_a011_00001_bis;1;bis;Lotissement les Amouries;31450;31381;Montgiscard;;;1.576842;43.451789
31381_ticx08_00005_bis;5;bis;Lalotge;31450;31381;Montgiscard;;;1.581383;43.454905
31381_0050_00004;4;;Route du Faubourg du Sers;31450;31381;Montgiscard;;;1.572267;43.459937
31381_a016_00006;6;;Lotissement les Hauts de Graves;31450;31381;Montgiscard;;;1.560262;43.460966
31381_0073_00004;4;;Rue du Four;31450;31381;Montgiscard;;;1.573063;43.457837
31381_qgfrbp_00003;3;;Impasse de l’Ecluse;31450;31381;Montgiscard;;;1.570447;43.462858
31381_0090_00035;35;;Chemin des Graves;31450;31381;Montgiscard;;;1.559678;43.4628
31381_qjv3oa_00025;25;;Route Departementale 813;31450;31381;Montgiscard;;;1.55895;43.46852
31381_0140_00009;9;;Rue de la Poste;31450;31381;Montgiscard;;;1.573321;43.456803
31381_0133_00001;1;;Rue Lot le Parc des Graves;31450;31381;Montgiscard;;;1.562004;43.461411
31381_0150_00015;15;;Chemin de la Pradelle;31450;31381;Montgiscard;;;1.579009;43.451455
31381_0125_00010;10;;Chemin de Passelis;31450;31381;Montgiscard;;;1.573412;43.463862
31381_0080_00008;8;;Grand Rue;31450;31381;Montgiscard;;;1.573711;43.458285
31381_0060_00020;20;;Chemin de Fontblazy;31450;31381;Montgiscard;;;1.577745;43.450911
31381_0150_00007_bis;7;bis;Chemin de la Pradelle;31450;31381;Montgiscard;;;1.579576;43.453283
31381_0180_00026;26;;Chemin de Safrana;31450;31381;Montgiscard;;;1.567667;43.454233
31381_0168_00001;1;;Impasse Al Roumani;31450;31381;Montgiscard;;;1.561289;43.461488
31381_0080_00004;4;;Grand Rue;31450;31381;Montgiscard;;;1.573785;43.458213
31381_0180_00006;6;;Chemin de Safrana;31450;31381;Montgiscard;;;1.564597;43.457043
31381_0091_00004;4;;Place de la Cour;31450;31381;Montgiscard;;;1.573091;43.457728
31381_a011_00004;4;;Lotissement les Amouries;31450;31381;Montgiscard;;;1.576267;43.451959
31381_6f606d_00013_bis;13;bis;impasse des tournesols;31450;31381;Montgiscard;;;1.56946;43.454169
31381_0122_00036;36;;Route Nationale N°113;31450;31381;Montgiscard;;;1.562515;43.466995
31381_0100_00008;8;;Route de Montbrun;31450;31381;Montgiscard;;;1.555552;43.456301
31381_0133_00007;7;;Rue Lot le Parc des Graves;31450;31381;Montgiscard;;;1.562162;43.462242
31381_ticx08_00006;6;;Lalotge;31450;31381;Montgiscard;;;1.581151;43.454971
31381_0140_00004;4;;Rue de la Poste;31450;31381;Montgiscard;;;1.57338;43.457107
31381_0140_00001;1;;Rue de la Poste;31450;31381;Montgiscard;;;1.573891;43.457285
31381_a020_00015;15;;Lotissement la Pradelle;31450;31381;Montgiscard;;;1.579224;43.456237
31381_0076_00001_lot e;1;lot e;rue francou;31450;31381;Montgiscard;;;1.570872;43.45904
31381_0010_00026_bis;26;bis;Chemin Al Cers;31450;31381;Montgiscard;;;1.569359;43.450973
31381_0150_00014;14;;Chemin de la Pradelle;31450;31381;Montgiscard;;;1.578436;43.450965
31381_a015_00006;6;;Lotissement de Fontblazy;31450;31381;Montgiscard;;;1.577394;43.452524
31381_0073_00002;2;;Rue du Four;31450;31381;Montgiscard;;;1.573166;43.457738
31381_0110_00022;22;;Rue des Moulins;31450;31381;Montgiscard;;;1.572353;43.455723
31381_0060_00021;21;;Chemin de Fontblazy;31450;31381;Montgiscard;;;1.578183;43.451062
31381_a020_00025;25;;Lotissement la Pradelle;31450;31381;Montgiscard;;;1.580178;43.4556
31381_0125_00009;9;;Chemin de Passelis;31450;31381;Montgiscard;;;1.5727;43.463601
31381_qjv3oa_00029;29;;Route Departementale 813;31450;31381;Montgiscard;;;1.556739;43.4698
31381_0110_00006_bis;6;bis;Rue des Moulins;31450;31381;Montgiscard;;;1.573894;43.457012
31381_a020_00003;3;;Lotissement la Pradelle;31450;31381;Montgiscard;;;1.579395;43.456197
31381_0094_00009;9;;Rue les Martrettes;31450;31381;Montgiscard;;;1.567059;43.461158
31381_0032_00004;4;;Chemin de Delmont;31450;31381;Montgiscard;;;1.580439;43.452882
31381_0090_00024;24;;Chemin des Graves;31450;31381;Montgiscard;;;1.561086;43.461957
31381_0060_00011;11;;Chemin de Fontblazy;31450;31381;Montgiscard;;;1.573676;43.455571
31381_a020_00009;9;;Lotissement la Pradelle;31450;31381;Montgiscard;;;1.578948;43.456432
31381_0133_00025;25;;Rue Lot le Parc des Graves;31450;31381;Montgiscard;;;1.562579;43.462093
31381_0010_00067;67;;Chemin Al Cers;31450;31381;Montgiscard;;;1.568474;43.451525
31381_0133_00006;6;;Rue Lot le Parc des Graves;31450;31381;Montgiscard;;;1.562244;43.462165
31381_0017_00003;3;;Impasse de la Briqueterie;31450;31381;Montgiscard;;;1.557768;43.468209
31381_0010_00040;40;;Chemin Al Cers;31450;31381;Montgiscard;;;1.569185;43.45207
31381_0180_00024;24;;Chemin de Safrana;31450;31381;Montgiscard;;;1.567417;43.454469
31381_0130_00007;7;;Chemin de Pinatel;31450;31381;Montgiscard;;;1.558533;43.456352
31381_llujua_00003;3;;impasse du pastel;31450;31381;Montgiscard;;;1.570635;43.460573
31381_llujua_00004;4;;impasse du pastel;31450;31381;Montgiscard;;;1.570562;43.460613
31381_0022_00016;16;;Rue Cantalause;31450;31381;Montgiscard;;;1.572815;43.45238
31381_4y14cx_00003;3;;Le Clos de Safrana;31450;31381;Montgiscard;;;1.566053;43.456521
31381_0100_00014;14;;Route de Montbrun;31450;31381;Montgiscard;;;1.555281;43.456114
31381_47ca5e_00016;16;;impasse des tournesols;31450;31381;Montgiscard;;;1.569177;43.453949
31381_0080_00029;29;;Grand Rue;31450;31381;Montgiscard;;;1.573208;43.458681
31381_0090_00031;31;;Chemin des Graves;31450;31381;Montgiscard;;;1.560295;43.46237
31381_0035_00008;8;;Rue des Droits de l'Homme;31450;31381;Montgiscard;;;1.571104;43.457565
31381_0015_00007;7;;Place du Boué;31450;31381;Montgiscard;;;1.57234;43.458056
31381_0122_00022;22;;Route Nationale N°113;31450;31381;Montgiscard;;;1.566243;43.464879
31381_5083zu_00001_bis;1;bis;Impasse du Chateau d’Eau;31450;31381;Montgiscard;;;1.574386;43.456562
31381_0190_00003_bis;3;bis;Rue des Tuiliers;31450;31381;Montgiscard;;;1.572373;43.459373
31381_a011_00005;5;;Lotissement les Amouries;31450;31381;Montgiscard;;;1.576518;43.452076
31381_a021_00002;2;;Lot les Jardins de la Pradelle;31450;31381;Montgiscard;;;1.578494;43.45361
31381_0080_00017;17;;Grand Rue;31450;31381;Montgiscard;;;1.573684;43.458169
31381_0133_00017;17;;Rue Lot le Parc des Graves;31450;31381;Montgiscard;;;1.563181;43.462506
31381_0135_00007;7;;Rue de la Place;31450;31381;Montgiscard;;;1.57294;43.458266
31381_0022_00017;17;;Rue Cantalause;31450;31381;Montgiscard;;;1.573883;43.451418
31381_0120_00005;5;;Route de Nailloux;31450;31381;Montgiscard;;;1.574748;43.452062
31381_0020_00006;6;;Chemin de Candel;31450;31381;Montgiscard;;;1.570481;43.456692
31381_0102_00003;3;;Route de Montlaur;31450;31381;Montgiscard;;;1.569159;43.46417
31381_0020_00001;1;;Chemin de Candel;31450;31381;Montgiscard;;;1.570191;43.456185
31381_0090_00021;21;;Chemin des Graves;31450;31381;Montgiscard;;;1.562524;43.460771
31381_0050_00010;10;;Route du Faubourg du Sers;31450;31381;Montgiscard;;;1.571301;43.461303
31381_0201_00006;6;;Rue du Vallon;31450;31381;Montgiscard;;;1.573306;43.459535
31381_ticx08_00011;11;;Lalotge;31450;31381;Montgiscard;;;1.580412;43.454961
31381_qflmp0_00002;2;;Rue Campolongo Tapogliano;31450;31381;Montgiscard;;;1.576059;43.458153
31381_0020_00019;19;;Chemin de Candel;31450;31381;Montgiscard;;;1.568418;43.454435
31381_0076_00003;3;;rue francou;31450;31381;Montgiscard;;;1.570525;43.4592
31381_0122_00014;14;;Route Nationale N°113;31450;31381;Montgiscard;;;1.568984;43.463344
31381_a022_00003;3;;Lotissement les Saules;31450;31381;Montgiscard;;;1.575499;43.454977
31381_a9s8w6_00020;20;;La Pradelle;31450;31381;Montgiscard;;;1.57891;43.457205
31381_0010_00041;41;;Chemin Al Cers;31450;31381;Montgiscard;;;1.569427;43.450777
31381_0076_00034;34;;rue francou;31450;31381;Montgiscard;;;1.570564;43.458592
31381_0154_00014;14;;Impasse de la Roca;31450;31381;Montgiscard;;;1.574854;43.451448
31381_0080_00031;31;;Grand Rue;31450;31381;Montgiscard;;;1.57311;43.458772
31381_0091_00002_bis;2;bis;Place de la Cour;31450;31381;Montgiscard;;;1.573031;43.457615
31381_0070_00001;1;;Chemin des Galériens;31450;31381;Montgiscard;;;1.56605;43.459497
31381_0180_00010;10;;Chemin de Safrana;31450;31381;Montgiscard;;;1.564988;43.456723
31381_0076_00008;8;;rue francou;31450;31381;Montgiscard;;;1.570024;43.459508
31381_0160_00001_bis;1;bis;Chemin des Romains;31450;31381;Montgiscard;;;1.585197;43.455296
31381_0122_00016;16;;Route Nationale N°113;31450;31381;Montgiscard;;;1.567829;43.463982
31381_r82qom_00008;8;;Chemin de Toubans;31450;31381;Montgiscard;;;1.543086;43.451346
31381_0090_00042;42;;Chemin des Graves;31450;31381;Montgiscard;;;1.559607;43.463556
31381_0190_00002;2;;Rue des Tuiliers;31450;31381;Montgiscard;;;1.572487;43.459436
31381_0110_00019;19;;Rue des Moulins;31450;31381;Montgiscard;;;1.573731;43.45668
31381_yk18vr_00001;1;;L’Ecluse;31450;31381;Montgiscard;;;1.570263;43.463984
31381_0090_00018;18;;Chemin des Graves;31450;31381;Montgiscard;;;1.562785;43.460768
31381_uaw8rs_00009;9;;Chemin de l’Ecluse;31450;31381;Montgiscard;;;1.571672;43.463096
31381_0100_00003_ter;3;ter;Route de Montbrun;31450;31381;Montgiscard;;;1.568743;43.457673
31381_0070_00007_bis;7;bis;Chemin des Galériens;31450;31381;Montgiscard;;;1.565511;43.460307
31381_a011_00021;21;;Lotissement les Amouries;31450;31381;Montgiscard;;;1.576727;43.450842
31381_a011_00006;6;;Lotissement les Amouries;31450;31381;Montgiscard;;;1.576376;43.452169
31381_0076_00001_lot i;1;lot i;rue francou;31450;31381;Montgiscard;;;1.570872;43.459297
31381_0100_00031_bis;31;bis;Route de Montbrun;31450;31381;Montgiscard;;;1.555922;43.455099
31381_4y14cx_00007;7;;Le Clos de Safrana;31450;31381;Montgiscard;;;1.566542;43.456909
31381_0060_00006;6;;Chemin de Fontblazy;31450;31381;Montgiscard;;;1.575903;43.453484
31381_0035_00006;6;;Rue des Droits de l'Homme;31450;31381;Montgiscard;;;1.571019;43.457676
31381_0133_00009;9;;Rue Lot le Parc des Graves;31450;31381;Montgiscard;;;1.56147;43.461693
31381_ed0e12_00012;12;;impasse des tournesols;31450;31381;Montgiscard;;;1.569571;43.454217
31381_0015_00002;2;;Place du Boué;31450;31381;Montgiscard;;;1.572361;43.458128
31381_0021_00245;245;;Route de Saint Leon;31450;31381;Montgiscard;;;1.577373;43.450105
31381_qjv3oa_00009;9;;Route Departementale 813;31450;31381;Montgiscard;;;1.570576;43.46216
31381_0102_01354;1354;;Route de Montlaur;31450;31381;Montgiscard;;;1.572462;43.468855
31381_0133_00015;15;;Rue Lot le Parc des Graves;31450;31381;Montgiscard;;;1.562621;43.462726
31381_0201_00004;4;;Rue du Vallon;31450;31381;Montgiscard;;;1.57321;43.459575
31381_0010_00010;10;;Chemin Al Cers;31450;31381;Montgiscard;;;1.571499;43.451473
31381_0168_00003;3;;Impasse Al Roumani;31450;31381;Montgiscard;;;1.560864;43.461145
31381_0073_00006_bis;6;bis;Rue du Four;31450;31381;Montgiscard;;;1.572935;43.458022
31381_p8rchl_00009;9;;Quartier la Madeleine;31450;31381;Montgiscard;;;1.5396;43.44731
31381_0151_00007;7;;Rue des Remparts;31450;31381;Montgiscard;;;1.571923;43.458339
31381_0201_00010;10;;Rue du Vallon;31450;31381;Montgiscard;;;1.573488;43.459482
31381_0070_00017;17;;Chemin des Galériens;31450;31381;Montgiscard;;;1.564427;43.461515
31381_b053_00018;18;;Prat Salinie;31450;31381;Montgiscard;;;1.593284;43.456818
31381_0154_00012;12;;Impasse de la Roca;31450;31381;Montgiscard;;;1.574785;43.451494
31381_a016_00004;4;;Lotissement les Hauts de Graves;31450;31381;Montgiscard;;;1.571435;43.463104
31381_a011_00013;13;;Lotissement les Amouries;31450;31381;Montgiscard;;;1.575601;43.45174
31381_b3o68s_00001;1;;L’Esplanade;31450;31381;Montgiscard;;;1.574146;43.458035
31381_ticx08_00001;1;;Lalotge;31450;31381;Montgiscard;;;1.581973;43.454548
31381_0076_00026;26;;rue francou;31450;31381;Montgiscard;;;1.570436;43.458899
31381_a021_00001;1;;Lot les Jardins de la Pradelle;31450;31381;Montgiscard;;;1.578643;43.45356
31381_a005_00007;7;;Lotissement des Acacias;31450;31381;Montgiscard;;;1.580193;43.451718
31381_0089_00002;2;;Impasse des Graves;31450;31381;Montgiscard;;;1.563842;43.458986
31381_0060_00008_bis;8;bis;Chemin de Fontblazy;31450;31381;Montgiscard;;;1.577483;43.45199
31381_0080_00028;28;;Grand Rue;31450;31381;Montgiscard;;;1.573107;43.458899
31381_0100_00033;33;;Route de Montbrun;31450;31381;Montgiscard;;;1.554734;43.455542
31381_r5zch4_00004;4;;Lotissement Bellevue;31450;31381;Montgiscard;;;1.578293;43.451607
31381_qjv3oa_00004;4;;Route Departementale 813;31450;31381;Montgiscard;;;1.571259;43.461753
31381_ttoyt5_00002_bis;2;bis;Impasse Saint Marc;31450;31381;Montgiscard;;;1.57435;43.458309
31381_0135_00004_bis;4;bis;Rue de la Place;31450;31381;Montgiscard;;;1.572971;43.458328
31381_0190_00028;28;;Rue des Tuiliers;31450;31381;Montgiscard;;;1.571063;43.458207
31381_0122_00029;29;;Route Nationale N°113;31450;31381;Montgiscard;;;1.555635;43.469356
31381_0120_00001;1;;Route de Nailloux;31450;31381;Montgiscard;;;1.57329;43.452933
31381_0180_00012_bis;12;bis;Chemin de Safrana;31450;31381;Montgiscard;;;1.565657;43.455941
31381_0130_00009_bis;9;bis;Chemin de Pinatel;31450;31381;Montgiscard;;;1.557705;43.455059
31381_0035_00012;12;;Rue des Droits de l'Homme;31450;31381;Montgiscard;;;1.571415;43.457367
31381_0110_00042;42;;Rue des Moulins;31450;31381;Montgiscard;;;1.570566;43.454549
31381_0010_00022;22;;Chemin Al Cers;31450;31381;Montgiscard;;;1.571626;43.449995
31381_0040_00002_bis;2;bis;Chemin de l'Enclos;31450;31381;Montgiscard;;;1.570229;43.461522
31381_0154_00008;8;;Impasse de la Roca;31450;31381;Montgiscard;;;1.574773;43.451377
31381_qflmp0_00003;3;;Rue Campolongo Tapogliano;31450;31381;Montgiscard;;;1.57652;43.458176
31381_0050_00003;3;;Route du Faubourg du Sers;31450;31381;Montgiscard;;;1.57225;43.4598
31381_0070_00016;16;;Chemin des Galériens;31450;31381;Montgiscard;;;1.566157;43.460303
31381_p9b8mo_00011;11;;Parc des Graves;31450;31381;Montgiscard;;;1.561875;43.462464
