id;numero;rep;nom_voie;code_postal;code_insee;nom_commune;nom_ancienne_commune;nom_ld;lon;lat
31517_0054_00009;9;;Place de l'Hôtel de Ville;31410;31517;Saint-Sulpice-sur-Lèze;;;1.322675;43.328149
31517_0131_00014;14;;Rue Salvador Allende;31410;31517;Saint-Sulpice-sur-Lèze;;;1.315886;43.332205
31517_0084_00093;93;;Route de Marquefave;31410;31517;Saint-Sulpice-sur-Lèze;;;1.311141;43.322878
31517_0118_00014;14;;Rue de la République;31410;31517;Saint-Sulpice-sur-Lèze;;;1.322301;43.329533
31517_0118_00026;26;;Rue de la République;31410;31517;Saint-Sulpice-sur-Lèze;;;1.322311;43.329099
31517_0114_00021;21;;Avenue des Pyrénées;31410;31517;Saint-Sulpice-sur-Lèze;;;1.322396;43.32351
31517_0118_00083;83;;Rue de la République;31410;31517;Saint-Sulpice-sur-Lèze;;;1.322202;43.327128
31517_0118_00015;15;;Rue de la République;31410;31517;Saint-Sulpice-sur-Lèze;;;1.322123;43.329391
31517_0118_00001;1;;Rue de la République;31410;31517;Saint-Sulpice-sur-Lèze;;;1.322077;43.330145
31517_0040_00009;9;;Rue de la Fontaine;31410;31517;Saint-Sulpice-sur-Lèze;;;1.319667;43.330216
31517_0118_00047;47;;Rue de la République;31410;31517;Saint-Sulpice-sur-Lèze;;;1.322187;43.328398
31517_h3kapa_00009;9;;Petite Route de Lézat;31410;31517;Saint-Sulpice-sur-Lèze;;Lèze Morte;1.330903;43.327218
31517_0042_00004_ter;4;ter;Rue Etienne Fonfrède;31410;31517;Saint-Sulpice-sur-Lèze;;;1.317054;43.332799
31517_0131_00017;17;;Rue Salvador Allende;31410;31517;Saint-Sulpice-sur-Lèze;;;1.317082;43.332421
31517_0114_00042;42;;Avenue des Pyrénées;31410;31517;Saint-Sulpice-sur-Lèze;;;1.322584;43.324687
31517_0007_00003;3;;Rue Armand Barbès;31410;31517;Saint-Sulpice-sur-Lèze;;;1.322428;43.330154
31517_0046_00015;15;;Rue George Sand;31410;31517;Saint-Sulpice-sur-Lèze;;;1.32154;43.326433
31517_0098_00067;67;;Route de l'Océan;31410;31517;Saint-Sulpice-sur-Lèze;;;1.314529;43.332142
31517_0141_00007;7;;Rue Victor Dalayrac;31410;31517;Saint-Sulpice-sur-Lèze;;;1.320258;43.329787
31517_0116_00063;63;;Chemin des Rives;31410;31517;Saint-Sulpice-sur-Lèze;;;1.329616;43.333423
31517_0141_00002;2;;Rue Victor Dalayrac;31410;31517;Saint-Sulpice-sur-Lèze;;;1.320761;43.329714
31517_0098_00012;12;;Route de l'Océan;31410;31517;Saint-Sulpice-sur-Lèze;;;1.320634;43.330243
31517_0074_00007;7;;Rue Lazare Carnot;31410;31517;Saint-Sulpice-sur-Lèze;;;1.321768;43.326911
31517_0035_00009;9;;Chemin Croix de la Garde;31410;31517;Saint-Sulpice-sur-Lèze;;;1.319138;43.334444
31517_0017_00016;16;;Chemin des Burs;31410;31517;Saint-Sulpice-sur-Lèze;;;1.323515;43.331763
31517_0098_00068;68;;Route de l'Océan;31410;31517;Saint-Sulpice-sur-Lèze;;Bastié;1.309806;43.333575
31517_0139_00002;2;;Rue de Verdun;31410;31517;Saint-Sulpice-sur-Lèze;;;1.322093;43.328734
31517_0118_00063;63;;Rue de la République;31410;31517;Saint-Sulpice-sur-Lèze;;;1.322195;43.327953
31517_0115_00010;10;;Rue de la Poste;31410;31517;Saint-Sulpice-sur-Lèze;;;1.321705;43.328268
31517_0084_00073;73;;Route de Marquefave;31410;31517;Saint-Sulpice-sur-Lèze;;;1.313052;43.323056
31517_0118_00062;62;;Rue de la République;31410;31517;Saint-Sulpice-sur-Lèze;;;1.322383;43.326962
31517_0046_00013;13;;Rue George Sand;31410;31517;Saint-Sulpice-sur-Lèze;;;1.321592;43.326447
31517_h3kapa_00056;56;;Petite Route de Lézat;31410;31517;Saint-Sulpice-sur-Lèze;;Lèze Morte;1.332716;43.323301
31517_h3kapa_00050;50;;Petite Route de Lézat;31410;31517;Saint-Sulpice-sur-Lèze;;Lèze Morte;1.332492;43.323707
31517_0119_00083;83;;Chemin de Marty;31410;31517;Saint-Sulpice-sur-Lèze;;Marty;1.341877;43.321381
31517_0098_00077;77;;Route de l'Océan;31410;31517;Saint-Sulpice-sur-Lèze;;;1.313435;43.333434
31517_vdx3zn_00071;71;;Impasse de Manaud;31410;31517;Saint-Sulpice-sur-Lèze;;;1.315802;43.328672
31517_vy9rwg_00016;16;;Rue du Cagire;31410;31517;Saint-Sulpice-sur-Lèze;;;1.321186;43.325148
31517_tyidos_00091;91;;Impasse du Froment;31410;31517;Saint-Sulpice-sur-Lèze;;Pesquiès;1.331363;43.332139
31517_0083_00019;19;;Avenue Marcel Vidal;31410;31517;Saint-Sulpice-sur-Lèze;;;1.3278;43.328567
31517_0115_00009;9;;Rue de la Poste;31410;31517;Saint-Sulpice-sur-Lèze;;;1.321766;43.328368
31517_0135_00004;4;;Chemin du Tortillard;31410;31517;Saint-Sulpice-sur-Lèze;;;1.324961;43.327654
31517_0074_00004_bis;4;bis;Rue Lazare Carnot;31410;31517;Saint-Sulpice-sur-Lèze;;;1.321975;43.326821
31517_0119_00037;37;;Chemin de Marty;31410;31517;Saint-Sulpice-sur-Lèze;;;1.334283;43.325473
31517_0118_00031;31;;Rue de la République;31410;31517;Saint-Sulpice-sur-Lèze;;;1.322179;43.328698
31517_0098_00073;73;;Route de l'Océan;31410;31517;Saint-Sulpice-sur-Lèze;;;1.31368;43.332744
31517_0024_00002;2;;Rue de la Chênaie;31410;31517;Saint-Sulpice-sur-Lèze;;;1.318167;43.324346
31517_0074_00020;20;;Rue Lazare Carnot;31410;31517;Saint-Sulpice-sur-Lèze;;;1.321267;43.326794
31517_ltlwuc_00001;1;;Impasse de Rouzette;31410;31517;Saint-Sulpice-sur-Lèze;;;1.318063;43.332194
31517_0005_00005;5;;Esplanade André Maurette;31410;31517;Saint-Sulpice-sur-Lèze;;;1.320792;43.328746
31517_h3kapa_00027;27;;Petite Route de Lézat;31410;31517;Saint-Sulpice-sur-Lèze;;Lèze Morte;1.331569;43.325727
31517_0106_00086;86;;Chemin de Pesquiès;31410;31517;Saint-Sulpice-sur-Lèze;;Pesquiès;1.333765;43.329539
31517_0115_00001;1;;Rue de la Poste;31410;31517;Saint-Sulpice-sur-Lèze;;;1.322116;43.328384
31517_0131_00009;9;;Rue Salvador Allende;31410;31517;Saint-Sulpice-sur-Lèze;;;1.316237;43.331786
31517_kg84xi_00021;21;;Petite Route de Beaumont;31410;31517;Saint-Sulpice-sur-Lèze;;Pesquiès;1.330927;43.3307
31517_0028_00030;30;;Passage du Carlit;31410;31517;Saint-Sulpice-sur-Lèze;;;1.32098;43.325421
31517_b54m8w_00004;4;;Impasse du Gymnase;31410;31517;Saint-Sulpice-sur-Lèze;;;1.316781;43.328845
31517_0077_00002;2;;Rue Léon Gambetta;31410;31517;Saint-Sulpice-sur-Lèze;;;1.321845;43.329759
31517_0009_00073;73;;Chemin de Jourdane;31410;31517;Saint-Sulpice-sur-Lèze;;;1.313531;43.320313
31517_0023_00007;7;;Avenue du Cimetière;31410;31517;Saint-Sulpice-sur-Lèze;;;1.318521;43.329172
31517_l17awy_00107;107;;Impasse des Mésanges;31410;31517;Saint-Sulpice-sur-Lèze;;;1.31375;43.322113
31517_0107_00012;12;;Rue Pierre Curie;31410;31517;Saint-Sulpice-sur-Lèze;;;1.322853;43.329813
31517_0042_00001;1;;Rue Etienne Fonfrède;31410;31517;Saint-Sulpice-sur-Lèze;;;1.317419;43.331088
31517_0085_00023;23;;Chemin de Martrètes;31410;31517;Saint-Sulpice-sur-Lèze;;Martrètes;1.322129;43.311048
31517_0114_00048;48;;Avenue des Pyrénées;31410;31517;Saint-Sulpice-sur-Lèze;;;1.322602;43.324521
31517_0038_00002;2;;Chemin de Dardé;31410;31517;Saint-Sulpice-sur-Lèze;;;1.332357;43.323313
31517_0084_00031;31;;Route de Marquefave;31410;31517;Saint-Sulpice-sur-Lèze;;;1.319344;43.324139
31517_0121_00023;23;;Chemin de Rosette;31410;31517;Saint-Sulpice-sur-Lèze;;;1.320005;43.333441
31517_0017_00020;20;;Chemin des Burs;31410;31517;Saint-Sulpice-sur-Lèze;;;1.3227;43.332376
31517_0054_00011;11;;Place de l'Hôtel de Ville;31410;31517;Saint-Sulpice-sur-Lèze;;;1.322763;43.328147
31517_0087_00003;3;;Boulevard du 8 Mai 1945;31410;31517;Saint-Sulpice-sur-Lèze;;;1.320963;43.327672
31517_0009_00030;30;;Chemin de Jourdane;31410;31517;Saint-Sulpice-sur-Lèze;;;1.319082;43.320859
31517_0107_00018;18;;Rue Pierre Curie;31410;31517;Saint-Sulpice-sur-Lèze;;;1.32322;43.329818
31517_0058_00006;6;;Rue des Jardins;31410;31517;Saint-Sulpice-sur-Lèze;;;1.323353;43.324994
31517_vy9rwg_00012;12;;Rue du Cagire;31410;31517;Saint-Sulpice-sur-Lèze;;;1.321551;43.325187
31517_0090_00009;9;;Chemin du Moulin;31410;31517;Saint-Sulpice-sur-Lèze;;;1.324632;43.333524
31517_0016_00024;24;;Rue de Brazii;31410;31517;Saint-Sulpice-sur-Lèze;;;1.318737;43.330911
31517_0084_00079;79;;Route de Marquefave;31410;31517;Saint-Sulpice-sur-Lèze;;;1.312692;43.323028
31517_0121_00003;3;;Chemin de Rosette;31410;31517;Saint-Sulpice-sur-Lèze;;;1.320618;43.330728
31517_44wsqy_00001;1;;Impasse du 11 Novembre 1918;31410;31517;Saint-Sulpice-sur-Lèze;;;1.322378;43.328733
31517_0058_00005;5;;Rue des Jardins;31410;31517;Saint-Sulpice-sur-Lèze;;;1.323046;43.324914
31517_0114_00046;46;;Avenue des Pyrénées;31410;31517;Saint-Sulpice-sur-Lèze;;;1.322591;43.324571
31517_0009_00032;32;;Chemin de Jourdane;31410;31517;Saint-Sulpice-sur-Lèze;;;1.318965;43.320834
31517_0017_00008_bis;8;bis;Chemin des Burs;31410;31517;Saint-Sulpice-sur-Lèze;;;1.323652;43.331149
31517_0064_00011;11;;Rue du 14 Juillet;31410;31517;Saint-Sulpice-sur-Lèze;;;1.323534;43.326888
31517_0087_00001;1;;Boulevard du 8 Mai 1945;31410;31517;Saint-Sulpice-sur-Lèze;;;1.320957;43.327784
31517_c47g40_00009;9;;Impasse des Vignes;31410;31517;Saint-Sulpice-sur-Lèze;;;1.318723;43.335092
31517_h3kapa_00035;35;;Petite Route de Lézat;31410;31517;Saint-Sulpice-sur-Lèze;;Lèze Morte;1.331185;43.325135
31517_h3kapa_00006;6;;Petite Route de Lézat;31410;31517;Saint-Sulpice-sur-Lèze;;Lèze Morte;1.330727;43.327793
31517_ohiwk8_00178;178;;Impasse des Chênes;31410;31517;Saint-Sulpice-sur-Lèze;;;1.315089;43.321556
31517_0111_00004;4;;Rue du Presbytère;31410;31517;Saint-Sulpice-sur-Lèze;;;1.320371;43.327391
31517_ohsceg_00003;3;;Impasse de la Lèze;31410;31517;Saint-Sulpice-sur-Lèze;;;1.325971;43.333116
31517_0090_00006;6;;Chemin du Moulin;31410;31517;Saint-Sulpice-sur-Lèze;;;1.32263;43.333052
31517_h3kapa_00008;8;;Petite Route de Lézat;31410;31517;Saint-Sulpice-sur-Lèze;;Lèze Morte;1.330846;43.327681
31517_0084_00001;1;;Route de Marquefave;31410;31517;Saint-Sulpice-sur-Lèze;;;1.322216;43.324439
31517_0087_00018;18;;Boulevard du 8 Mai 1945;31410;31517;Saint-Sulpice-sur-Lèze;;;1.321271;43.32803
31517_1d5d6f_02327;2327;;Route d'Esperce;31410;31517;Saint-Sulpice-sur-Lèze;;Rigade;1.36269;43.319332
31517_0137_00028;28;;Avenue de Toulouse;31410;31517;Saint-Sulpice-sur-Lèze;;;1.32224;43.330319
31517_0098_00018;18;;Route de l'Océan;31410;31517;Saint-Sulpice-sur-Lèze;;;1.320261;43.33026
31517_0084_00025;25;;Route de Marquefave;31410;31517;Saint-Sulpice-sur-Lèze;;;1.319562;43.324166
31517_c47g40_00007;7;;Impasse des Vignes;31410;31517;Saint-Sulpice-sur-Lèze;;;1.318719;43.335513
31517_0058_00013;13;;Rue des Jardins;31410;31517;Saint-Sulpice-sur-Lèze;;;1.323446;43.324943
31517_0064_00001_bis;1;bis;Rue du 14 Juillet;31410;31517;Saint-Sulpice-sur-Lèze;;;1.32265;43.326857
31517_ohsceg_00005;5;;Impasse de la Lèze;31410;31517;Saint-Sulpice-sur-Lèze;;;1.324847;43.332925
31517_0074_00015;15;;Rue Lazare Carnot;31410;31517;Saint-Sulpice-sur-Lèze;;;1.321491;43.326896
31517_0017_00014;14;;Chemin des Burs;31410;31517;Saint-Sulpice-sur-Lèze;;;1.323618;43.331549
31517_0024_00003;3;;Rue de la Chênaie;31410;31517;Saint-Sulpice-sur-Lèze;;;1.318288;43.324267
31517_0079_00001;1;;Chemin de Lèze Morte;31410;31517;Saint-Sulpice-sur-Lèze;;;1.328035;43.32849
31517_0131_00006;6;;Rue Salvador Allende;31410;31517;Saint-Sulpice-sur-Lèze;;;1.316033;43.331719
31517_0035_00005;5;;Chemin Croix de la Garde;31410;31517;Saint-Sulpice-sur-Lèze;;;1.31988;43.334589
31517_ohiwk8_00239;239;;Impasse des Chênes;31410;31517;Saint-Sulpice-sur-Lèze;;;1.314349;43.321407
31517_0035_00021;21;;Chemin Croix de la Garde;31410;31517;Saint-Sulpice-sur-Lèze;;;1.316896;43.334576
31517_0138_00005;5;;Rue du Mont Valier;31410;31517;Saint-Sulpice-sur-Lèze;;;1.321849;43.324761
31517_0004_00008;8;;Rue Antoine Condorcet;31410;31517;Saint-Sulpice-sur-Lèze;;;1.324222;43.329742
31517_dpynp6_00001;1;;Espace de la Liberté;31410;31517;Saint-Sulpice-sur-Lèze;;;1.318337;43.331379
31517_kw3io8_00210;210;;Impasse de Magnagou-Serny;31410;31517;Saint-Sulpice-sur-Lèze;;Magnagou;1.357025;43.329029
31517_0092_00044;44;;Chemin de Mountmaouré;31410;31517;Saint-Sulpice-sur-Lèze;;Mountmaouré;1.307974;43.330831
31517_sgwd5i_00069;69;;Impasse de Mounet;31410;31517;Saint-Sulpice-sur-Lèze;;Mounet;1.344977;43.333117
31517_0137_00026;26;;Avenue de Toulouse;31410;31517;Saint-Sulpice-sur-Lèze;;;1.32225;43.330351
31517_0062_00002;2;;Rue Jean Moulin;31410;31517;Saint-Sulpice-sur-Lèze;;;1.32199;43.33168
31517_0114_00024;24;;Avenue des Pyrénées;31410;31517;Saint-Sulpice-sur-Lèze;;;1.322498;43.325705
31517_0115_00016;16;;Rue de la Poste;31410;31517;Saint-Sulpice-sur-Lèze;;;1.321459;43.328256
31517_h3kapa_00002;2;;Petite Route de Lézat;31410;31517;Saint-Sulpice-sur-Lèze;;Lèze Morte;1.330671;43.32849
31517_h3kapa_00034_c;34;c;Petite Route de Lézat;31410;31517;Saint-Sulpice-sur-Lèze;;Lèze Morte;1.333048;43.325121
31517_ukmzio_00177;177;;Impasse de l'Epeautre;31410;31517;Saint-Sulpice-sur-Lèze;;Pesquiès;1.333037;43.330692
31517_0005_00010;10;;Esplanade André Maurette;31410;31517;Saint-Sulpice-sur-Lèze;;;1.320069;43.327825
31517_vy9rwg_00004;4;;Rue du Cagire;31410;31517;Saint-Sulpice-sur-Lèze;;;1.321896;43.32522
31517_0128_00001;1;;Chemin de Saint Jean;31410;31517;Saint-Sulpice-sur-Lèze;;;1.318799;43.328301
31517_0114_00044;44;;Avenue des Pyrénées;31410;31517;Saint-Sulpice-sur-Lèze;;;1.322591;43.324623
31517_0042_00009_bis;9;bis;Rue Etienne Fonfrède;31410;31517;Saint-Sulpice-sur-Lèze;;;1.31699;43.333924
31517_0083_00013;13;;Avenue Marcel Vidal;31410;31517;Saint-Sulpice-sur-Lèze;;;1.324132;43.328365
31517_0017_00017_bis;17;bis;Chemin des Burs;31410;31517;Saint-Sulpice-sur-Lèze;;;1.324215;43.332151
31517_4qmpv3_01115;1115;;Route de la Méditerranée;31410;31517;Saint-Sulpice-sur-Lèze;;;1.344036;43.33279
31517_0028_00006;6;;Passage du Carlit;31410;31517;Saint-Sulpice-sur-Lèze;;;1.321861;43.325507
31517_0084_00041;41;;Route de Marquefave;31410;31517;Saint-Sulpice-sur-Lèze;;;1.318937;43.324074
31517_0084_00072;72;;Route de Marquefave;31410;31517;Saint-Sulpice-sur-Lèze;;;1.313779;43.322993
31517_0017_00036;36;;Chemin des Burs;31410;31517;Saint-Sulpice-sur-Lèze;;;1.322246;43.334197
31517_0032_00012;12;;Chemin Le Corbusier;31410;31517;Saint-Sulpice-sur-Lèze;;;1.325587;43.32587
31517_flv1h3_00110;110;;Impasse des Rossignols;31410;31517;Saint-Sulpice-sur-Lèze;;;1.319966;43.323097
31517_0114_00013;13;;Avenue des Pyrénées;31410;31517;Saint-Sulpice-sur-Lèze;;;1.322203;43.324954
31517_0108_00016;16;;Impasse de Picat;31410;31517;Saint-Sulpice-sur-Lèze;;;1.316068;43.335324
31517_0005_00008;8;;Esplanade André Maurette;31410;31517;Saint-Sulpice-sur-Lèze;;;1.320313;43.327827
31517_0102_00004;4;;Rue Pasteur;31410;31517;Saint-Sulpice-sur-Lèze;;;1.321759;43.327814
31517_0135_00011;11;;Chemin du Tortillard;31410;31517;Saint-Sulpice-sur-Lèze;;;1.324802;43.329832
31517_0030_00006;6;;Impasse de la Commanderie;31410;31517;Saint-Sulpice-sur-Lèze;;;1.322587;43.327838
31517_0102_00007;7;;Rue Pasteur;31410;31517;Saint-Sulpice-sur-Lèze;;;1.321711;43.32792
31517_0040_00001;1;;Rue de la Fontaine;31410;31517;Saint-Sulpice-sur-Lèze;;;1.320193;43.329086
31517_0104_00002;2;;Rue Paul Riquet;31410;31517;Saint-Sulpice-sur-Lèze;;;1.324297;43.327759
31517_0104_00004;4;;Rue Paul Riquet;31410;31517;Saint-Sulpice-sur-Lèze;;;1.324207;43.327475
31517_0098_00065;65;;Route de l'Océan;31410;31517;Saint-Sulpice-sur-Lèze;;;1.314569;43.332659
31517_0087_00002;2;;Boulevard du 8 Mai 1945;31410;31517;Saint-Sulpice-sur-Lèze;;;1.32121;43.32865
31517_0114_00060;60;;Avenue des Pyrénées;31410;31517;Saint-Sulpice-sur-Lèze;;;1.322638;43.323894
31517_0145_00005;5;;Avenue du Grand Vignemale;31410;31517;Saint-Sulpice-sur-Lèze;;;1.320999;43.324953
31517_0084_00021;21;;Route de Marquefave;31410;31517;Saint-Sulpice-sur-Lèze;;;1.321207;43.324343
31517_0098_00010;10;;Route de l'Océan;31410;31517;Saint-Sulpice-sur-Lèze;;;1.320808;43.330227
31517_0028_00016;16;;Passage du Carlit;31410;31517;Saint-Sulpice-sur-Lèze;;;1.321463;43.325467
31517_0083_00011;11;;Avenue Marcel Vidal;31410;31517;Saint-Sulpice-sur-Lèze;;;1.324035;43.328354
31517_0098_00064;64;;Route de l'Océan;31410;31517;Saint-Sulpice-sur-Lèze;;;1.313499;43.332697
31517_kg84xi_00137;137;;Petite Route de Beaumont;31410;31517;Saint-Sulpice-sur-Lèze;;Labat;1.330302;43.340911
31517_dpynp6_00008;8;;Espace de la Liberté;31410;31517;Saint-Sulpice-sur-Lèze;;;1.318618;43.331868
31517_0079_00015;15;;Chemin de Lèze Morte;31410;31517;Saint-Sulpice-sur-Lèze;;;1.327999;43.326545
31517_0043_00008;8;;Rue Frédéric Mistral;31410;31517;Saint-Sulpice-sur-Lèze;;;1.320887;43.33016
31517_0084_00099;99;;Route de Marquefave;31410;31517;Saint-Sulpice-sur-Lèze;;;1.310566;43.322829
31517_0074_00019;19;;Rue Lazare Carnot;31410;31517;Saint-Sulpice-sur-Lèze;;;1.321306;43.326876
31517_0035_00010_bis;10;bis;Chemin Croix de la Garde;31410;31517;Saint-Sulpice-sur-Lèze;;;1.318415;43.334356
31517_44wsqy_00004;4;;Impasse du 11 Novembre 1918;31410;31517;Saint-Sulpice-sur-Lèze;;;1.322476;43.328833
31517_0024_00015;15;;Rue de la Chênaie;31410;31517;Saint-Sulpice-sur-Lèze;;;1.319493;43.324426
31517_0060_00014;14;;Rue Jean Jaurès;31410;31517;Saint-Sulpice-sur-Lèze;;;1.324059;43.324994
31517_tyidos_00104;104;;Impasse du Froment;31410;31517;Saint-Sulpice-sur-Lèze;;Pesquiès;1.331572;43.332064
31517_0084_00051;51;;Route de Marquefave;31410;31517;Saint-Sulpice-sur-Lèze;;;1.318538;43.324012
31517_0098_00061;61;;Route de l'Océan;31410;31517;Saint-Sulpice-sur-Lèze;;;1.315063;43.331881
31517_0128_00009;9;;Chemin de Saint Jean;31410;31517;Saint-Sulpice-sur-Lèze;;;1.317301;43.328325
31517_0107_00014;14;;Rue Pierre Curie;31410;31517;Saint-Sulpice-sur-Lèze;;;1.322942;43.329812
31517_0116_00024;24;;Chemin des Rives;31410;31517;Saint-Sulpice-sur-Lèze;;;1.326731;43.330855
31517_0003_00005;5;;Rue des Artisans;31410;31517;Saint-Sulpice-sur-Lèze;;;1.316436;43.330408
31517_4mth9j_00241;241;;Chemin les Gazaillas;31410;31517;Saint-Sulpice-sur-Lèze;;Les Gazaillas;1.319904;43.318928
31517_vy9rwg_00010;10;;Rue du Cagire;31410;31517;Saint-Sulpice-sur-Lèze;;;1.321634;43.325193
31517_0027_00007;7;;Rue Clément Ader;31410;31517;Saint-Sulpice-sur-Lèze;;;1.321498;43.331284
31517_0005_00021;21;;Esplanade André Maurette;31410;31517;Saint-Sulpice-sur-Lèze;;;1.319948;43.328704
31517_0087_00014;14;;Boulevard du 8 Mai 1945;31410;31517;Saint-Sulpice-sur-Lèze;;;1.321276;43.328135
31517_0024_00011;11;;Rue de la Chênaie;31410;31517;Saint-Sulpice-sur-Lèze;;;1.319284;43.324399
31517_0114_01766;1766;;Avenue des Pyrénées;31410;31517;Saint-Sulpice-sur-Lèze;;Hylas le Neuf;1.325968;43.311565
31517_h3kapa_00034_d;34;d;Petite Route de Lézat;31410;31517;Saint-Sulpice-sur-Lèze;;Lèze Morte;1.333542;43.32516
31517_0041_00009;9;;Place Elie Lacombe;31410;31517;Saint-Sulpice-sur-Lèze;;;1.321218;43.327064
31517_0104_00015;15;;Rue Paul Riquet;31410;31517;Saint-Sulpice-sur-Lèze;;;1.324;43.3274
31517_4qmpv3_01135;1135;;Route de la Méditerranée;31410;31517;Saint-Sulpice-sur-Lèze;;;1.344372;43.332881
31517_0118_00077;77;;Rue de la République;31410;31517;Saint-Sulpice-sur-Lèze;;;1.322207;43.327519
31517_h3kapa_00041;41;;Petite Route de Lézat;31410;31517;Saint-Sulpice-sur-Lèze;;Lèze Morte;1.332013;43.324752
31517_0121_00019;19;;Chemin de Rosette;31410;31517;Saint-Sulpice-sur-Lèze;;;1.320223;43.333078
31517_0084_00083;83;;Route de Marquefave;31410;31517;Saint-Sulpice-sur-Lèze;;;1.312547;43.322995
31517_t4rfvc_00010;10;;Impasse des Joncs;31410;31517;Saint-Sulpice-sur-Lèze;;;1.319112;43.33007
31517_0084_00074;74;;Route de Marquefave;31410;31517;Saint-Sulpice-sur-Lèze;;;1.31367;43.322989
31517_0005_00002;2;;Esplanade André Maurette;31410;31517;Saint-Sulpice-sur-Lèze;;;1.320707;43.327826
31517_h3kapa_00023;23;;Petite Route de Lézat;31410;31517;Saint-Sulpice-sur-Lèze;;Lèze Morte;1.331471;43.326006
31517_0138_00001;1;;Rue du Mont Valier;31410;31517;Saint-Sulpice-sur-Lèze;;;1.322215;43.324793
31517_0150_00002;2;;Chemin des Vignes;31410;31517;Saint-Sulpice-sur-Lèze;;;1.320156;43.335002
31517_b54m8w_00001;1;;Impasse du Gymnase;31410;31517;Saint-Sulpice-sur-Lèze;;;1.31748;43.328973
31517_0121_00020_ter;20;ter;Chemin de Rosette;31410;31517;Saint-Sulpice-sur-Lèze;;;1.318987;43.333803
31517_0114_00006;6;;Avenue des Pyrénées;31410;31517;Saint-Sulpice-sur-Lèze;;;1.322408;43.326449
31517_0043_00004_bis;4;bis;Rue Frédéric Mistral;31410;31517;Saint-Sulpice-sur-Lèze;;;1.320937;43.329424
31517_0119_00025;25;;Chemin de Marty;31410;31517;Saint-Sulpice-sur-Lèze;;;1.333546;43.326191
31517_kw3io8_00476;476;;Impasse de Magnagou-Serny;31410;31517;Saint-Sulpice-sur-Lèze;;Magnagou;1.36016;43.328483
31517_0138_00011;11;;Rue du Mont Valier;31410;31517;Saint-Sulpice-sur-Lèze;;;1.321555;43.324731
31517_0106_00088;88;;Chemin de Pesquiès;31410;31517;Saint-Sulpice-sur-Lèze;;Pesquiès;1.333885;43.329698
31517_0005_00006;6;;Esplanade André Maurette;31410;31517;Saint-Sulpice-sur-Lèze;;;1.320394;43.327827
31517_0137_00014;14;;Avenue de Toulouse;31410;31517;Saint-Sulpice-sur-Lèze;;;1.32217;43.3317
31517_44wsqy_00010;10;;Impasse du 11 Novembre 1918;31410;31517;Saint-Sulpice-sur-Lèze;;;1.322736;43.32884
31517_0114_00050;50;;Avenue des Pyrénées;31410;31517;Saint-Sulpice-sur-Lèze;;;1.322602;43.324474
31517_0145_00002;2;;Avenue du Grand Vignemale;31410;31517;Saint-Sulpice-sur-Lèze;;;1.320508;43.324737
31517_0054_00006;6;;Place de l'Hôtel de Ville;31410;31517;Saint-Sulpice-sur-Lèze;;;1.322969;43.328614
31517_0064_00006;6;;Rue du 14 Juillet;31410;31517;Saint-Sulpice-sur-Lèze;;;1.322958;43.326966
31517_0024_00005;5;;Rue de la Chênaie;31410;31517;Saint-Sulpice-sur-Lèze;;;1.318384;43.324277
31517_0087_00024;24;;Boulevard du 8 Mai 1945;31410;31517;Saint-Sulpice-sur-Lèze;;;1.321264;43.327597
31517_0083_00005;5;;Avenue Marcel Vidal;31410;31517;Saint-Sulpice-sur-Lèze;;;1.323746;43.328335
31517_sgwd5i_00056;56;;Impasse de Mounet;31410;31517;Saint-Sulpice-sur-Lèze;;Mounet;1.344874;43.333009
31517_0141_00011;11;;Rue Victor Dalayrac;31410;31517;Saint-Sulpice-sur-Lèze;;;1.320108;43.329771
31517_0117_00001;1;;Chemin de Ricardelle;31410;31517;Saint-Sulpice-sur-Lèze;;;1.318634;43.327121
31517_0024_00007;7;;Rue de la Chênaie;31410;31517;Saint-Sulpice-sur-Lèze;;;1.318797;43.324332
31517_0118_00033;33;;Rue de la République;31410;31517;Saint-Sulpice-sur-Lèze;;;1.322181;43.328633
31517_0098_00060;60;;Route de l'Océan;31410;31517;Saint-Sulpice-sur-Lèze;;;1.315339;43.331565
31517_0064_00003;3;;Rue du 14 Juillet;31410;31517;Saint-Sulpice-sur-Lèze;;;1.322848;43.32688
31517_0084_00101;101;;Route de Marquefave;31410;31517;Saint-Sulpice-sur-Lèze;;;1.310377;43.322795
31517_0084_00095;95;;Route de Marquefave;31410;31517;Saint-Sulpice-sur-Lèze;;;1.310793;43.322854
31517_c47g40_00003;3;;Impasse des Vignes;31410;31517;Saint-Sulpice-sur-Lèze;;;1.31887;43.335045
31517_0005_00018;18;;Esplanade André Maurette;31410;31517;Saint-Sulpice-sur-Lèze;;;1.31971;43.327818
31517_0115_00015_bis;15;bis;Rue de la Poste;31410;31517;Saint-Sulpice-sur-Lèze;;;1.321467;43.328356
31517_0131_00027;27;;Rue Salvador Allende;31410;31517;Saint-Sulpice-sur-Lèze;;;1.316137;43.332649
31517_0027_00001;1;;Rue Clément Ader;31410;31517;Saint-Sulpice-sur-Lèze;;;1.321896;43.331291
31517_0023_00001;1;;Avenue du Cimetière;31410;31517;Saint-Sulpice-sur-Lèze;;;1.318832;43.328779
31517_0119_00001;1;;Chemin de Marty;31410;31517;Saint-Sulpice-sur-Lèze;;;1.332598;43.328296
31517_0143_00001;1;;Rue Victor Hugo;31410;31517;Saint-Sulpice-sur-Lèze;;;1.322003;43.327372
31517_h3kapa_00034_e;34;e;Petite Route de Lézat;31410;31517;Saint-Sulpice-sur-Lèze;;Lèze Morte;1.333362;43.325075
31517_0121_00004;4;;Chemin de Rosette;31410;31517;Saint-Sulpice-sur-Lèze;;;1.320361;43.330704
31517_4mth9j_00191;191;;Chemin les Gazaillas;31410;31517;Saint-Sulpice-sur-Lèze;;Les Gazaillas;1.320514;43.318927
31517_0131_00031;31;;Rue Salvador Allende;31410;31517;Saint-Sulpice-sur-Lèze;;;1.315705;43.332703
31517_0118_00073;73;;Rue de la République;31410;31517;Saint-Sulpice-sur-Lèze;;;1.322205;43.327628
31517_0118_00022;22;;Rue de la République;31410;31517;Saint-Sulpice-sur-Lèze;;;1.32231;43.329287
31517_0085_00025;25;;Chemin de Martrètes;31410;31517;Saint-Sulpice-sur-Lèze;;Martrètes;1.321741;43.311048
31517_0106_00470;470;;Chemin de Pesquiès;31410;31517;Saint-Sulpice-sur-Lèze;;Pesquiès;1.335294;43.332942
31517_0114_00020;20;;Avenue des Pyrénées;31410;31517;Saint-Sulpice-sur-Lèze;;;1.322485;43.325881
31517_0084_00115;115;;Route de Marquefave;31410;31517;Saint-Sulpice-sur-Lèze;;;1.308991;43.322666
31517_0084_00039;39;;Route de Marquefave;31410;31517;Saint-Sulpice-sur-Lèze;;;1.319003;43.324085
31517_0128_00057;57;;Chemin de Saint Jean;31410;31517;Saint-Sulpice-sur-Lèze;;;1.31155;43.327467
31517_0074_00009;9;;Rue Lazare Carnot;31410;31517;Saint-Sulpice-sur-Lèze;;;1.321685;43.326907
31517_0114_00016_bis;16;bis;Avenue des Pyrénées;31410;31517;Saint-Sulpice-sur-Lèze;;;1.322475;43.325964
31517_0070_00003;3;;Impasse Larousse;31410;31517;Saint-Sulpice-sur-Lèze;;;1.323475;43.327574
31517_rsnmef_00215;215;;Impasse des Sources;31410;31517;Saint-Sulpice-sur-Lèze;;Mader;1.353626;43.324904
31517_0084_00133;133;;Route de Marquefave;31410;31517;Saint-Sulpice-sur-Lèze;;;1.306208;43.321937
31517_0027_00011;11;;Rue Clément Ader;31410;31517;Saint-Sulpice-sur-Lèze;;;1.321008;43.331268
31517_0118_00018;18;;Rue de la République;31410;31517;Saint-Sulpice-sur-Lèze;;;1.322307;43.329419
31517_0043_00004;4;;Rue Frédéric Mistral;31410;31517;Saint-Sulpice-sur-Lèze;;;1.320945;43.329188
31517_0143_00006;6;;Rue Victor Hugo;31410;31517;Saint-Sulpice-sur-Lèze;;;1.321488;43.327272
31517_0121_00008;8;;Chemin de Rosette;31410;31517;Saint-Sulpice-sur-Lèze;;;1.320364;43.331179
31517_989gx0_00095;95;;Impasse des Verdiers;31410;31517;Saint-Sulpice-sur-Lèze;;;1.311956;43.322034
31517_0114_00060_bis;60;bis;Avenue des Pyrénées;31410;31517;Saint-Sulpice-sur-Lèze;;;1.323381;43.323862
31517_0114_00080;80;;Avenue des Pyrénées;31410;31517;Saint-Sulpice-sur-Lèze;;;1.322942;43.321079
31517_0107_00010;10;;Rue Pierre Curie;31410;31517;Saint-Sulpice-sur-Lèze;;;1.322673;43.329809
31517_0138_00002;2;;Rue du Mont Valier;31410;31517;Saint-Sulpice-sur-Lèze;;;1.322219;43.3247
31517_1d5d6f_02196;2196;;Route d'Esperce;31410;31517;Saint-Sulpice-sur-Lèze;;Sauvergine;1.353252;43.317554
31517_0090_00004_bis;4;bis;Chemin du Moulin;31410;31517;Saint-Sulpice-sur-Lèze;;;1.322555;43.332716
31517_0017_00018;18;;Chemin des Burs;31410;31517;Saint-Sulpice-sur-Lèze;;;1.323456;43.331982
31517_h3kapa_00010;10;;Petite Route de Lézat;31410;31517;Saint-Sulpice-sur-Lèze;;Lèze Morte;1.330961;43.327412
31517_0060_00015;15;;Rue Jean Jaurès;31410;31517;Saint-Sulpice-sur-Lèze;;;1.323894;43.325945
31517_0049_00007;7;;Rue Guynemer;31410;31517;Saint-Sulpice-sur-Lèze;;;1.320014;43.326932
31517_0125_00001;1;;Rue Sainte Anne;31410;31517;Saint-Sulpice-sur-Lèze;;;1.317139;43.330236
31517_0118_00007;7;;Rue de la République;31410;31517;Saint-Sulpice-sur-Lèze;;;1.322089;43.329974
31517_0030_00002;2;;Impasse de la Commanderie;31410;31517;Saint-Sulpice-sur-Lèze;;;1.322443;43.32784
31517_0024_00022;22;;Rue de la Chênaie;31410;31517;Saint-Sulpice-sur-Lèze;;;1.318378;43.324819
31517_tyidos_00058;58;;Impasse du Froment;31410;31517;Saint-Sulpice-sur-Lèze;;Pesquiès;1.331029;43.331945
31517_0128_00007;7;;Chemin de Saint Jean;31410;31517;Saint-Sulpice-sur-Lèze;;;1.317777;43.328497
31517_h3kapa_00053;53;;Petite Route de Lézat;31410;31517;Saint-Sulpice-sur-Lèze;;Lèze Morte;1.332316;43.323726
31517_0118_00069;69;;Rue de la République;31410;31517;Saint-Sulpice-sur-Lèze;;;1.322201;43.327714
31517_0120_00003;3;;Rue du Régou;31410;31517;Saint-Sulpice-sur-Lèze;;;1.319156;43.329775
31517_0135_00006;6;;Chemin du Tortillard;31410;31517;Saint-Sulpice-sur-Lèze;;;1.325122;43.327798
31517_39t5xn_00500;500;;Chemin de Saintes;31410;31517;Saint-Sulpice-sur-Lèze;;;1.369082;43.336916
31517_0114_00016;16;;Avenue des Pyrénées;31410;31517;Saint-Sulpice-sur-Lèze;;;1.322475;43.326009
31517_0131_00035;35;;Rue Salvador Allende;31410;31517;Saint-Sulpice-sur-Lèze;;;1.315012;43.332753
31517_0128_00061;61;;Chemin de Saint Jean;31410;31517;Saint-Sulpice-sur-Lèze;;;1.310611;43.327337
31517_h3kapa_00034_a;34;a;Petite Route de Lézat;31410;31517;Saint-Sulpice-sur-Lèze;;Lèze Morte;1.3323;43.324997
31517_0005_00015;15;;Esplanade André Maurette;31410;31517;Saint-Sulpice-sur-Lèze;;;1.320362;43.328722
31517_0116_00026;26;;Chemin des Rives;31410;31517;Saint-Sulpice-sur-Lèze;;;1.326713;43.330909
31517_ukmzio_00099;99;;Impasse de l'Epeautre;31410;31517;Saint-Sulpice-sur-Lèze;;Pesquiès;1.331967;43.330502
31517_0083_00009;9;;Avenue Marcel Vidal;31410;31517;Saint-Sulpice-sur-Lèze;;;1.323924;43.328317
31517_0138_00009;9;;Rue du Mont Valier;31410;31517;Saint-Sulpice-sur-Lèze;;;1.321638;43.324736
31517_0084_00023;23;;Route de Marquefave;31410;31517;Saint-Sulpice-sur-Lèze;;;1.321118;43.324335
31517_0054_00013;13;;Place de l'Hôtel de Ville;31410;31517;Saint-Sulpice-sur-Lèze;;;1.32288;43.328146
31517_0128_00087;87;;Chemin de Saint Jean;31410;31517;Saint-Sulpice-sur-Lèze;;;1.308325;43.327268
31517_1d5d6f_02227;2227;;Route d'Esperce;31410;31517;Saint-Sulpice-sur-Lèze;;Rigade;1.361475;43.319583
31517_0121_00013;13;;Chemin de Rosette;31410;31517;Saint-Sulpice-sur-Lèze;;;1.320752;43.332556
31517_0108_00005;5;;Impasse de Picat;31410;31517;Saint-Sulpice-sur-Lèze;;;1.315839;43.334491
31517_0115_00017;17;;Rue de la Poste;31410;31517;Saint-Sulpice-sur-Lèze;;;1.321417;43.328355
31517_0005_00030;30;;Esplanade André Maurette;31410;31517;Saint-Sulpice-sur-Lèze;;;1.319198;43.327806
31517_0118_00038;38;;Rue de la République;31410;31517;Saint-Sulpice-sur-Lèze;;;1.322333;43.32805
31517_0084_00057;57;;Route de Marquefave;31410;31517;Saint-Sulpice-sur-Lèze;;;1.318323;43.323985
31517_0084_00111;111;;Route de Marquefave;31410;31517;Saint-Sulpice-sur-Lèze;;;1.309295;43.322671
31517_0007_00002;2;;Rue Armand Barbès;31410;31517;Saint-Sulpice-sur-Lèze;;;1.323127;43.330254
31517_0035_00002;2;;Chemin Croix de la Garde;31410;31517;Saint-Sulpice-sur-Lèze;;;1.321818;43.333072
31517_0077_00006;6;;Rue Léon Gambetta;31410;31517;Saint-Sulpice-sur-Lèze;;;1.321512;43.329749
31517_0035_00008;8;;Chemin Croix de la Garde;31410;31517;Saint-Sulpice-sur-Lèze;;;1.320446;43.334456
31517_0024_00013;13;;Rue de la Chênaie;31410;31517;Saint-Sulpice-sur-Lèze;;;1.319379;43.324413
31517_0114_00010;10;;Avenue des Pyrénées;31410;31517;Saint-Sulpice-sur-Lèze;;;1.322457;43.326183
31517_vy9rwg_00018;18;;Rue du Cagire;31410;31517;Saint-Sulpice-sur-Lèze;;;1.3211;43.325144
31517_0024_00023;23;;Rue de la Chênaie;31410;31517;Saint-Sulpice-sur-Lèze;;;1.318565;43.324942
31517_0116_00004;4;;Chemin des Rives;31410;31517;Saint-Sulpice-sur-Lèze;;;1.327412;43.328818
31517_0090_00013;13;;Chemin du Moulin;31410;31517;Saint-Sulpice-sur-Lèze;;;1.325054;43.334256
31517_0083_00015;15;;Avenue Marcel Vidal;31410;31517;Saint-Sulpice-sur-Lèze;;;1.324426;43.328371
31517_0108_00018;18;;Impasse de Picat;31410;31517;Saint-Sulpice-sur-Lèze;;;1.316025;43.335027
31517_0118_00085;85;;Rue de la République;31410;31517;Saint-Sulpice-sur-Lèze;;;1.322216;43.326974
31517_0060_00012;12;;Rue Jean Jaurès;31410;31517;Saint-Sulpice-sur-Lèze;;;1.324093;43.325458
31517_0084_00005;5;;Route de Marquefave;31410;31517;Saint-Sulpice-sur-Lèze;;;1.322051;43.324422
31517_0003_00011;11;;Rue des Artisans;31410;31517;Saint-Sulpice-sur-Lèze;;;1.315411;43.330806
31517_0023_00003;3;;Avenue du Cimetière;31410;31517;Saint-Sulpice-sur-Lèze;;;1.318733;43.329019
31517_0141_00012;12;;Rue Victor Dalayrac;31410;31517;Saint-Sulpice-sur-Lèze;;;1.319969;43.329682
31517_0121_00018;18;;Chemin de Rosette;31410;31517;Saint-Sulpice-sur-Lèze;;;1.319915;43.33325
31517_0115_00003;3;;Rue de la Poste;31410;31517;Saint-Sulpice-sur-Lèze;;;1.322044;43.328381
31517_0084_00105;105;;Route de Marquefave;31410;31517;Saint-Sulpice-sur-Lèze;;;1.30971;43.322731
31517_0138_00010;10;;Rue du Mont Valier;31410;31517;Saint-Sulpice-sur-Lèze;;;1.321335;43.32462
31517_0118_00017;17;;Rue de la République;31410;31517;Saint-Sulpice-sur-Lèze;;;1.322124;43.329228
31517_0024_00025;25;;Rue de la Chênaie;31410;31517;Saint-Sulpice-sur-Lèze;;;1.318322;43.32491
31517_0114_00012;12;;Avenue des Pyrénées;31410;31517;Saint-Sulpice-sur-Lèze;;;1.322462;43.326108
31517_0042_00003_ter;3;ter;Rue Etienne Fonfrède;31410;31517;Saint-Sulpice-sur-Lèze;;;1.317631;43.333184
31517_0035_00017;17;;Chemin Croix de la Garde;31410;31517;Saint-Sulpice-sur-Lèze;;;1.317304;43.334555
31517_t4rfvc_00002;2;;Impasse des Joncs;31410;31517;Saint-Sulpice-sur-Lèze;;;1.319469;43.330065
31517_0032_00009;9;;Chemin Le Corbusier;31410;31517;Saint-Sulpice-sur-Lèze;;;1.325475;43.324969
31517_0111_00005;5;;Rue du Presbytère;31410;31517;Saint-Sulpice-sur-Lèze;;;1.320343;43.327577
31517_071956_00004;4;;Espace de la Paix;31410;31517;Saint-Sulpice-sur-Lèze;;;1.317838;43.331907
31517_0017_00025_d;25;d;Chemin des Burs;31410;31517;Saint-Sulpice-sur-Lèze;;;1.324026;43.332756
31517_0035_00006;6;;Chemin Croix de la Garde;31410;31517;Saint-Sulpice-sur-Lèze;;;1.32078;43.334213
31517_0054_00002;2;;Place de l'Hôtel de Ville;31410;31517;Saint-Sulpice-sur-Lèze;;;1.322367;43.328563
31517_0141_00004;4;;Rue Victor Dalayrac;31410;31517;Saint-Sulpice-sur-Lèze;;;1.320646;43.329706
31517_0090_00007;7;;Chemin du Moulin;31410;31517;Saint-Sulpice-sur-Lèze;;;1.324487;43.333259
31517_ke8gt5_00086;86;;Impasse du Sarrasin;31410;31517;Saint-Sulpice-sur-Lèze;;Pesquiès;1.331782;43.331019
31517_0009_00083_bis;83;bis;Chemin de Jourdane;31410;31517;Saint-Sulpice-sur-Lèze;;;1.312733;43.320286
31517_0042_00003;3;;Rue Etienne Fonfrède;31410;31517;Saint-Sulpice-sur-Lèze;;;1.317167;43.332885
31517_0113_00016;16;;Chemin de Picat;31410;31517;Saint-Sulpice-sur-Lèze;;;1.316587;43.335099
31517_0009_00061;61;;Chemin de Jourdane;31410;31517;Saint-Sulpice-sur-Lèze;;;1.314906;43.320428
31517_dpynp6_00005;5;;Espace de la Liberté;31410;31517;Saint-Sulpice-sur-Lèze;;;1.318212;43.331738
31517_0084_00089;89;;Route de Marquefave;31410;31517;Saint-Sulpice-sur-Lèze;;;1.311847;43.322939
31517_0084_00131;131;;Route de Marquefave;31410;31517;Saint-Sulpice-sur-Lèze;;;1.3063;43.322057
31517_0104_00001;1;;Rue Paul Riquet;31410;31517;Saint-Sulpice-sur-Lèze;;;1.32418;43.328314
31517_cxaa1x_00055;55;;Impasse des Hirondelles;31410;31517;Saint-Sulpice-sur-Lèze;;;1.31431;43.322698
31517_0114_01593;1593;;Avenue des Pyrénées;31410;31517;Saint-Sulpice-sur-Lèze;;Martrètes;1.324605;43.312787
31517_0087_00012;12;;Boulevard du 8 Mai 1945;31410;31517;Saint-Sulpice-sur-Lèze;;;1.321263;43.328373
31517_0062_00004;4;;Rue Jean Moulin;31410;31517;Saint-Sulpice-sur-Lèze;;;1.32169;43.33167
31517_0038_00004;4;;Chemin de Dardé;31410;31517;Saint-Sulpice-sur-Lèze;;;1.331963;43.323319
31517_0028_00012;12;;Passage du Carlit;31410;31517;Saint-Sulpice-sur-Lèze;;;1.321657;43.325484
31517_0074_00017;17;;Rue Lazare Carnot;31410;31517;Saint-Sulpice-sur-Lèze;;;1.321405;43.326888
31517_0145_00001;1;;Avenue du Grand Vignemale;31410;31517;Saint-Sulpice-sur-Lèze;;;1.321023;43.324844
31517_0121_00016;16;;Chemin de Rosette;31410;31517;Saint-Sulpice-sur-Lèze;;;1.320042;43.333144
31517_0016_00022;22;;Rue de Brazii;31410;31517;Saint-Sulpice-sur-Lèze;;;1.318655;43.33094
31517_0118_00008;8;;Rue de la République;31410;31517;Saint-Sulpice-sur-Lèze;;;1.32226;43.329914
31517_0016_00028;28;;Rue de Brazii;31410;31517;Saint-Sulpice-sur-Lèze;;;1.318889;43.330828
31517_0060_00009;9;;Rue Jean Jaurès;31410;31517;Saint-Sulpice-sur-Lèze;;;1.323849;43.326176
31517_0092_00006;6;;Chemin de Mountmaouré;31410;31517;Saint-Sulpice-sur-Lèze;;Mountmaouré;1.314358;43.331783
31517_0115_00011;11;;Rue de la Poste;31410;31517;Saint-Sulpice-sur-Lèze;;;1.321676;43.328366
31517_0145_00009;9;;Avenue du Grand Vignemale;31410;31517;Saint-Sulpice-sur-Lèze;;;1.321038;43.326196
31517_0074_00004;4;;Rue Lazare Carnot;31410;31517;Saint-Sulpice-sur-Lèze;;;1.322017;43.326823
31517_0118_00021;21;;Rue de la République;31410;31517;Saint-Sulpice-sur-Lèze;;;1.322162;43.329119
31517_0092_00008;8;;Chemin de Mountmaouré;31410;31517;Saint-Sulpice-sur-Lèze;;Mountmaouré;1.314119;43.331792
31517_ke8gt5_00115;115;;Impasse du Sarrasin;31410;31517;Saint-Sulpice-sur-Lèze;;Pesquiès;1.332089;43.331194
31517_0009_00028;28;;Chemin de Jourdane;31410;31517;Saint-Sulpice-sur-Lèze;;;1.319229;43.320894
31517_0098_00008;8;;Route de l'Océan;31410;31517;Saint-Sulpice-sur-Lèze;;;1.321302;43.33018
31517_0139_00017;17;;Rue de Verdun;31410;31517;Saint-Sulpice-sur-Lèze;;;1.321306;43.3288
31517_0032_00008;8;;Chemin Le Corbusier;31410;31517;Saint-Sulpice-sur-Lèze;;;1.32557;43.326307
31517_0084_00100;100;;Route de Marquefave;31410;31517;Saint-Sulpice-sur-Lèze;;Bonnefont;1.306646;43.321987
31517_0032_00004;4;;Chemin Le Corbusier;31410;31517;Saint-Sulpice-sur-Lèze;;;1.325051;43.32704
31517_1njzth_00163;163;;Impasse du Stade;31410;31517;Saint-Sulpice-sur-Lèze;;;1.329655;43.330221
31517_0118_00032;32;;Rue de la République;31410;31517;Saint-Sulpice-sur-Lèze;;;1.322315;43.328938
31517_0114_00005;5;;Avenue des Pyrénées;31410;31517;Saint-Sulpice-sur-Lèze;;;1.322157;43.325437
31517_ke8gt5_00071;71;;Impasse du Sarrasin;31410;31517;Saint-Sulpice-sur-Lèze;;Pesquiès;1.331545;43.33124
31517_0035_00011_bis;11;bis;Chemin Croix de la Garde;31410;31517;Saint-Sulpice-sur-Lèze;;;1.318382;43.334525
31517_0016_00002;2;;Rue de Brazii;31410;31517;Saint-Sulpice-sur-Lèze;;;1.317683;43.33122
31517_0003_00009;9;;Rue des Artisans;31410;31517;Saint-Sulpice-sur-Lèze;;;1.31609;43.330619
31517_0016_00020;20;;Rue de Brazii;31410;31517;Saint-Sulpice-sur-Lèze;;;1.318547;43.330951
31517_0141_00006;6;;Rue Victor Dalayrac;31410;31517;Saint-Sulpice-sur-Lèze;;;1.32055;43.329654
31517_0111_00002;2;;Rue du Presbytère;31410;31517;Saint-Sulpice-sur-Lèze;;;1.320554;43.327371
31517_0024_00016;16;;Rue de la Chênaie;31410;31517;Saint-Sulpice-sur-Lèze;;;1.319146;43.324922
31517_0042_00018;18;;Rue Etienne Fonfrède;31410;31517;Saint-Sulpice-sur-Lèze;;;1.316822;43.333998
31517_0098_00014;14;;Route de l'Océan;31410;31517;Saint-Sulpice-sur-Lèze;;;1.320546;43.330237
31517_0027_00013;13;;Rue Clément Ader;31410;31517;Saint-Sulpice-sur-Lèze;;;1.320775;43.331264
31517_1njzth_00245;245;;Impasse du Stade;31410;31517;Saint-Sulpice-sur-Lèze;;;1.329831;43.329583
31517_0118_00030;30;;Rue de la République;31410;31517;Saint-Sulpice-sur-Lèze;;;1.322313;43.329012
31517_0114_00004;4;;Avenue des Pyrénées;31410;31517;Saint-Sulpice-sur-Lèze;;;1.322407;43.326475
31517_0084_00065;65;;Route de Marquefave;31410;31517;Saint-Sulpice-sur-Lèze;;;1.313867;43.323704
31517_0141_00009;9;;Rue Victor Dalayrac;31410;31517;Saint-Sulpice-sur-Lèze;;;1.320162;43.329773
31517_0011_00004;4;;Chemin de la Barguère;31410;31517;Saint-Sulpice-sur-Lèze;;;1.324997;43.324273
31517_l17awy_00119;119;;Impasse des Mésanges;31410;31517;Saint-Sulpice-sur-Lèze;;;1.31378;43.321929
31517_0083_00007;7;;Avenue Marcel Vidal;31410;31517;Saint-Sulpice-sur-Lèze;;;1.323844;43.328309
31517_0115_00014;14;;Rue de la Poste;31410;31517;Saint-Sulpice-sur-Lèze;;;1.321509;43.328259
31517_0054_00015;15;;Place de l'Hôtel de Ville;31410;31517;Saint-Sulpice-sur-Lèze;;;1.322933;43.328191
31517_cxaa1x_00031;31;;Impasse des Hirondelles;31410;31517;Saint-Sulpice-sur-Lèze;;;1.314238;43.322922
31517_0042_00008;8;;Rue Etienne Fonfrède;31410;31517;Saint-Sulpice-sur-Lèze;;;1.316868;43.33317
31517_ohiwk8_00031;31;;Impasse des Chênes;31410;31517;Saint-Sulpice-sur-Lèze;;;1.316078;43.320666
31517_0137_00022;22;;Avenue de Toulouse;31410;31517;Saint-Sulpice-sur-Lèze;;;1.322199;43.331113
31517_0084_00053;53;;Route de Marquefave;31410;31517;Saint-Sulpice-sur-Lèze;;;1.318465;43.324011
31517_z6ibj5_00130;130;;Impasse des Pinsons;31410;31517;Saint-Sulpice-sur-Lèze;;;1.313589;43.321851
31517_0107_00013;13;;Rue Pierre Curie;31410;31517;Saint-Sulpice-sur-Lèze;;;1.323143;43.329693
31517_c47g40_00015;15;;Impasse des Vignes;31410;31517;Saint-Sulpice-sur-Lèze;;;1.318149;43.335292
31517_0131_00012;12;;Rue Salvador Allende;31410;31517;Saint-Sulpice-sur-Lèze;;;1.315668;43.331931
31517_44wsqy_00008;8;;Impasse du 11 Novembre 1918;31410;31517;Saint-Sulpice-sur-Lèze;;;1.322678;43.328834
31517_0090_00002_a;2;a;Chemin du Moulin;31410;31517;Saint-Sulpice-sur-Lèze;;;1.322281;43.332801
31517_0003_00004;4;;Rue des Artisans;31410;31517;Saint-Sulpice-sur-Lèze;;;1.316379;43.330723
31517_0137_00012;12;;Avenue de Toulouse;31410;31517;Saint-Sulpice-sur-Lèze;;;1.32215;43.332158
31517_0058_00004;4;;Rue des Jardins;31410;31517;Saint-Sulpice-sur-Lèze;;;1.323037;43.324983
31517_0116_00018;18;;Chemin des Rives;31410;31517;Saint-Sulpice-sur-Lèze;;;1.32696;43.330203
31517_0007_00005;5;;Rue Armand Barbès;31410;31517;Saint-Sulpice-sur-Lèze;;;1.322688;43.330146
31517_0114_00022;22;;Avenue des Pyrénées;31410;31517;Saint-Sulpice-sur-Lèze;;;1.322493;43.325752
31517_0084_00067;67;;Route de Marquefave;31410;31517;Saint-Sulpice-sur-Lèze;;;1.313865;43.323517
31517_0005_00045;45;;Esplanade André Maurette;31410;31517;Saint-Sulpice-sur-Lèze;;;1.319027;43.328667
31517_0092_00001;1;;Chemin de Mountmaouré;31410;31517;Saint-Sulpice-sur-Lèze;;Mountmaouré;1.314537;43.33186
31517_0090_00014;14;;Chemin du Moulin;31410;31517;Saint-Sulpice-sur-Lèze;;;1.325426;43.334231
31517_0024_00008;8;;Rue de la Chênaie;31410;31517;Saint-Sulpice-sur-Lèze;;;1.318849;43.324439
31517_0017_00024;24;;Chemin des Burs;31410;31517;Saint-Sulpice-sur-Lèze;;;1.323348;43.332799
31517_0135_00014;14;;Chemin du Tortillard;31410;31517;Saint-Sulpice-sur-Lèze;;;1.325237;43.329127
31517_0111_00013;13;;Rue du Presbytère;31410;31517;Saint-Sulpice-sur-Lèze;;;1.320242;43.327775
31517_0007_00001;1;;Rue Armand Barbès;31410;31517;Saint-Sulpice-sur-Lèze;;;1.322381;43.330158
31517_0083_00017;17;;Avenue Marcel Vidal;31410;31517;Saint-Sulpice-sur-Lèze;;;1.327098;43.328493
31517_kg84xi_00114;114;;Petite Route de Beaumont;31410;31517;Saint-Sulpice-sur-Lèze;;;1.329601;43.339054
31517_0098_00062;62;;Route de l'Océan;31410;31517;Saint-Sulpice-sur-Lèze;;;1.315062;43.33169
31517_gn7xks_00010;10;;Impasse des Fauvettes;31410;31517;Saint-Sulpice-sur-Lèze;;;1.31225;43.322796
31517_0107_00016;16;;Rue Pierre Curie;31410;31517;Saint-Sulpice-sur-Lèze;;;1.323063;43.329816
31517_ecgp7i_00244;244;;Impasse de Camboulives;31410;31517;Saint-Sulpice-sur-Lèze;;Camboulives;1.375877;43.321124
31517_0121_00006;6;;Chemin de Rosette;31410;31517;Saint-Sulpice-sur-Lèze;;;1.320435;43.33081
31517_0118_00044;44;;Rue de la République;31410;31517;Saint-Sulpice-sur-Lèze;;;1.322345;43.327815
31517_0115_00007;7;;Rue de la Poste;31410;31517;Saint-Sulpice-sur-Lèze;;;1.321877;43.328373
31517_0043_00006;6;;Rue Frédéric Mistral;31410;31517;Saint-Sulpice-sur-Lèze;;;1.320917;43.329666
31517_0005_00028;28;;Esplanade André Maurette;31410;31517;Saint-Sulpice-sur-Lèze;;;1.319336;43.327806
31517_0092_00018;18;;Chemin de Mountmaouré;31410;31517;Saint-Sulpice-sur-Lèze;;Mountmaouré;1.312502;43.331863
31517_0084_00113;113;;Route de Marquefave;31410;31517;Saint-Sulpice-sur-Lèze;;;1.30912;43.322655
31517_0119_00010;10;;Chemin de Marty;31410;31517;Saint-Sulpice-sur-Lèze;;Jean Guilhem;1.342377;43.324989
31517_0107_00008;8;;Rue Pierre Curie;31410;31517;Saint-Sulpice-sur-Lèze;;;1.32254;43.329817
31517_0005_00022;22;;Esplanade André Maurette;31410;31517;Saint-Sulpice-sur-Lèze;;;1.31952;43.327814
31517_0046_00017;17;;Rue George Sand;31410;31517;Saint-Sulpice-sur-Lèze;;;1.321424;43.326424
31517_0058_00007;7;;Rue des Jardins;31410;31517;Saint-Sulpice-sur-Lèze;;;1.323138;43.324924
31517_0118_00003;3;;Rue de la République;31410;31517;Saint-Sulpice-sur-Lèze;;;1.322084;43.33009
31517_0128_00085;85;;Chemin de Saint Jean;31410;31517;Saint-Sulpice-sur-Lèze;;;1.308357;43.327273
31517_0083_00008;8;;Avenue Marcel Vidal;31410;31517;Saint-Sulpice-sur-Lèze;;;1.325429;43.328605
31517_0137_00005;5;;Avenue de Toulouse;31410;31517;Saint-Sulpice-sur-Lèze;;;1.321814;43.334326
31517_0074_00014;14;;Rue Lazare Carnot;31410;31517;Saint-Sulpice-sur-Lèze;;;1.321554;43.326813
31517_0009_00089;89;;Chemin de Jourdane;31410;31517;Saint-Sulpice-sur-Lèze;;;1.312008;43.320277
31517_c47g40_00017;17;;Impasse des Vignes;31410;31517;Saint-Sulpice-sur-Lèze;;;1.318072;43.335287
31517_0098_00006;6;;Route de l'Océan;31410;31517;Saint-Sulpice-sur-Lèze;;;1.321552;43.330171
31517_1njzth_00159;159;;Impasse du Stade;31410;31517;Saint-Sulpice-sur-Lèze;;;1.328027;43.331305
31517_0121_00031;31;;Chemin de Rosette;31410;31517;Saint-Sulpice-sur-Lèze;;;1.319686;43.334223
31517_0035_00004;4;;Chemin Croix de la Garde;31410;31517;Saint-Sulpice-sur-Lèze;;;1.321691;43.333177
31517_0131_00029;29;;Rue Salvador Allende;31410;31517;Saint-Sulpice-sur-Lèze;;;1.315899;43.332685
31517_0079_00004;4;;Chemin de Lèze Morte;31410;31517;Saint-Sulpice-sur-Lèze;;;1.328589;43.328294
31517_0046_00003;3;;Rue George Sand;31410;31517;Saint-Sulpice-sur-Lèze;;;1.322024;43.326471
31517_0118_00043;43;;Rue de la République;31410;31517;Saint-Sulpice-sur-Lèze;;;1.322185;43.328473
31517_0125_00002;2;;Rue Sainte Anne;31410;31517;Saint-Sulpice-sur-Lèze;;;1.31705;43.330545
31517_0098_00002;2;;Route de l'Océan;31410;31517;Saint-Sulpice-sur-Lèze;;;1.321862;43.33016
31517_1d5d6f_02281;2281;;Route d'Esperce;31410;31517;Saint-Sulpice-sur-Lèze;;Rigade;1.362142;43.319469
31517_0121_00009;9;;Chemin de Rosette;31410;31517;Saint-Sulpice-sur-Lèze;;;1.320512;43.331797
31517_0005_00032;32;;Esplanade André Maurette;31410;31517;Saint-Sulpice-sur-Lèze;;;1.318997;43.327816
31517_0114_00023;23;;Avenue des Pyrénées;31410;31517;Saint-Sulpice-sur-Lèze;;;1.322426;43.323251
31517_0009_00069;69;;Chemin de Jourdane;31410;31517;Saint-Sulpice-sur-Lèze;;;1.314628;43.320424
31517_kg84xi_00118;118;;Petite Route de Beaumont;31410;31517;Saint-Sulpice-sur-Lèze;;;1.329683;43.339609
31517_vy9rwg_00020;20;;Rue du Cagire;31410;31517;Saint-Sulpice-sur-Lèze;;;1.320973;43.32513
31517_0135_00003;3;;Chemin du Tortillard;31410;31517;Saint-Sulpice-sur-Lèze;;;1.325112;43.328319
31517_0114_00008;8;;Avenue des Pyrénées;31410;31517;Saint-Sulpice-sur-Lèze;;;1.322454;43.32633
31517_0004_00004;4;;Rue Antoine Condorcet;31410;31517;Saint-Sulpice-sur-Lèze;;;1.324323;43.328948
31517_0098_00001;1;;Route de l'Océan;31410;31517;Saint-Sulpice-sur-Lèze;;;1.319779;43.330433
31517_0074_00017_bis;17;bis;Rue Lazare Carnot;31410;31517;Saint-Sulpice-sur-Lèze;;;1.321371;43.326876
31517_0114_00015;15;;Avenue des Pyrénées;31410;31517;Saint-Sulpice-sur-Lèze;;;1.322206;43.324904
31517_0119_00001_ter;1;ter;Chemin de Marty;31410;31517;Saint-Sulpice-sur-Lèze;;;1.332642;43.328171
31517_0120_00006;6;;Rue du Régou;31410;31517;Saint-Sulpice-sur-Lèze;;;1.318539;43.329718
31517_0032_00010;10;;Chemin Le Corbusier;31410;31517;Saint-Sulpice-sur-Lèze;;;1.325568;43.326113
31517_0118_00004;4;;Rue de la République;31410;31517;Saint-Sulpice-sur-Lèze;;;1.322259;43.33001
31517_0102_00002;2;;Rue Pasteur;31410;31517;Saint-Sulpice-sur-Lèze;;;1.322107;43.327836
31517_0043_00005;5;;Rue Frédéric Mistral;31410;31517;Saint-Sulpice-sur-Lèze;;;1.321024;43.329916
31517_0141_00008;8;;Rue Victor Dalayrac;31410;31517;Saint-Sulpice-sur-Lèze;;;1.320293;43.329682
31517_0139_00003;3;;Rue de Verdun;31410;31517;Saint-Sulpice-sur-Lèze;;;1.321973;43.328835
31517_0032_00014;14;;Chemin Le Corbusier;31410;31517;Saint-Sulpice-sur-Lèze;;;1.325613;43.32569
31517_0084_00037;37;;Route de Marquefave;31410;31517;Saint-Sulpice-sur-Lèze;;;1.31907;43.324096
31517_0046_00001;1;;Rue George Sand;31410;31517;Saint-Sulpice-sur-Lèze;;;1.322181;43.326485
31517_ke8gt5_00045;45;;Impasse du Sarrasin;31410;31517;Saint-Sulpice-sur-Lèze;;Pesquiès;1.331245;43.331056
31517_cxaa1x_00065;65;;Impasse des Hirondelles;31410;31517;Saint-Sulpice-sur-Lèze;;;1.314314;43.322581
31517_0009_00034;34;;Chemin de Jourdane;31410;31517;Saint-Sulpice-sur-Lèze;;;1.31831;43.320709
31517_0028_00008;8;;Passage du Carlit;31410;31517;Saint-Sulpice-sur-Lèze;;;1.321794;43.325489
31517_b54m8w_00002;2;;Impasse du Gymnase;31410;31517;Saint-Sulpice-sur-Lèze;;;1.316471;43.329207
31517_0035_00009_bis;9;bis;Chemin Croix de la Garde;31410;31517;Saint-Sulpice-sur-Lèze;;;1.318708;43.334818
31517_0135_00001;1;;Chemin du Tortillard;31410;31517;Saint-Sulpice-sur-Lèze;;;1.324327;43.327201
31517_ecgp7i_00198;198;;Impasse de Camboulives;31410;31517;Saint-Sulpice-sur-Lèze;;Camboulives;1.376408;43.32094
31517_0005_00013;13;;Esplanade André Maurette;31410;31517;Saint-Sulpice-sur-Lèze;;;1.320435;43.328727
31517_t4rfvc_00008;8;;Impasse des Joncs;31410;31517;Saint-Sulpice-sur-Lèze;;;1.319246;43.330065
31517_0118_00010;10;;Rue de la République;31410;31517;Saint-Sulpice-sur-Lèze;;;1.322295;43.329651
31517_0027_00009;9;;Rue Clément Ader;31410;31517;Saint-Sulpice-sur-Lèze;;;1.321289;43.331279
31517_ecgp7i_00402;402;;Impasse de Camboulives;31410;31517;Saint-Sulpice-sur-Lèze;;Camboulives;1.374061;43.321634
31517_0137_00018_bis;18;bis;Avenue de Toulouse;31410;31517;Saint-Sulpice-sur-Lèze;;;1.322193;43.331299
31517_kg84xi_00017;17;;Petite Route de Beaumont;31410;31517;Saint-Sulpice-sur-Lèze;;Pesquiès;1.33102;43.330453
31517_0070_00002;2;;Impasse Larousse;31410;31517;Saint-Sulpice-sur-Lèze;;;1.32368;43.327947
31517_0046_00011;11;;Rue George Sand;31410;31517;Saint-Sulpice-sur-Lèze;;;1.321697;43.326448
31517_vy9rwg_00002;2;;Rue du Cagire;31410;31517;Saint-Sulpice-sur-Lèze;;;1.322177;43.325239
31517_0141_00005;5;;Rue Victor Dalayrac;31410;31517;Saint-Sulpice-sur-Lèze;;;1.320535;43.329792
31517_t4rfvc_00012;12;;Impasse des Joncs;31410;31517;Saint-Sulpice-sur-Lèze;;;1.319057;43.330042
31517_0150_00004;4;;Chemin des Vignes;31410;31517;Saint-Sulpice-sur-Lèze;;;1.31998;43.335198
31517_6039a1_00002;2;;Espace de la Fraternité;31410;31517;Saint-Sulpice-sur-Lèze;;;1.31906;43.330591
31517_0118_00050;50;;Rue de la République;31410;31517;Saint-Sulpice-sur-Lèze;;;1.322357;43.327566
31517_0074_00022;22;;Rue Lazare Carnot;31410;31517;Saint-Sulpice-sur-Lèze;;;1.32114;43.326784
31517_0011_00008;8;;Chemin de la Barguère;31410;31517;Saint-Sulpice-sur-Lèze;;;1.324865;43.324955
31517_0121_00012;12;;Chemin de Rosette;31410;31517;Saint-Sulpice-sur-Lèze;;;1.320351;43.331429
31517_0090_00018;18;;Chemin du Moulin;31410;31517;Saint-Sulpice-sur-Lèze;;;1.325592;43.334831
31517_0009_00087;87;;Chemin de Jourdane;31410;31517;Saint-Sulpice-sur-Lèze;;;1.312308;43.32027
31517_h3v8st_01032;1032;;Impasse de Souleilla de Rigade;31410;31517;Saint-Sulpice-sur-Lèze;;Bourdiou;1.358841;43.314968
31517_4k0gko_00008;8;;Impasse des Ateliers;31410;31517;Saint-Sulpice-sur-Lèze;;;1.329499;43.328596
31517_c47g40_00001;1;;Impasse des Vignes;31410;31517;Saint-Sulpice-sur-Lèze;;;1.319141;43.334965
31517_0115_00004;4;;Rue de la Poste;31410;31517;Saint-Sulpice-sur-Lèze;;;1.321962;43.328276
31517_1d5d6f_03027;3027;;Route d'Esperce;31410;31517;Saint-Sulpice-sur-Lèze;;Bordeneuve;1.370253;43.317495
31517_0022_00002;2;;Impasse des Burs;31410;31517;Saint-Sulpice-sur-Lèze;;;1.323235;43.333608
31517_dpynp6_00003;3;;Espace de la Liberté;31410;31517;Saint-Sulpice-sur-Lèze;;;1.318355;43.331587
31517_0017_00006;6;;Chemin des Burs;31410;31517;Saint-Sulpice-sur-Lèze;;;1.323628;43.330819
31517_0005_00016;16;;Esplanade André Maurette;31410;31517;Saint-Sulpice-sur-Lèze;;;1.319757;43.327823
31517_h3kapa_00046;46;;Petite Route de Lézat;31410;31517;Saint-Sulpice-sur-Lèze;;Lèze Morte;1.332268;43.324407
31517_0084_00117;117;;Route de Marquefave;31410;31517;Saint-Sulpice-sur-Lèze;;;1.30861;43.32261
31517_0139_00011;11;;Rue de Verdun;31410;31517;Saint-Sulpice-sur-Lèze;;;1.321631;43.328819
31517_ltlwuc_00002;2;;Impasse de Rouzette;31410;31517;Saint-Sulpice-sur-Lèze;;;1.317967;43.332227
31517_0074_00018;18;;Rue Lazare Carnot;31410;31517;Saint-Sulpice-sur-Lèze;;;1.321374;43.326796
31517_0042_00014;14;;Rue Etienne Fonfrède;31410;31517;Saint-Sulpice-sur-Lèze;;;1.316817;43.333583
31517_0074_00023;23;;Rue Lazare Carnot;31410;31517;Saint-Sulpice-sur-Lèze;;;1.321177;43.326867
31517_0084_00009;9;;Route de Marquefave;31410;31517;Saint-Sulpice-sur-Lèze;;;1.321906;43.324411
31517_071956_00001;1;;Espace de la Paix;31410;31517;Saint-Sulpice-sur-Lèze;;;1.317622;43.331758
31517_0118_00065;65;;Rue de la République;31410;31517;Saint-Sulpice-sur-Lèze;;;1.322202;43.327825
31517_m8vryr_00068;68;;Impasse des Merles;31410;31517;Saint-Sulpice-sur-Lèze;;;1.312832;43.322304
31517_0115_00006;6;;Rue de la Poste;31410;31517;Saint-Sulpice-sur-Lèze;;;1.321928;43.328275
31517_0121_00005;5;;Chemin de Rosette;31410;31517;Saint-Sulpice-sur-Lèze;;;1.320612;43.330795
31517_0046_00019;19;;Rue George Sand;31410;31517;Saint-Sulpice-sur-Lèze;;;1.321182;43.326446
31517_degicb_00334;334;;Chemin de Baudou;31410;31517;Saint-Sulpice-sur-Lèze;;Baudou;1.332786;43.338023
31517_0003_00002;2;;Rue des Artisans;31410;31517;Saint-Sulpice-sur-Lèze;;;1.316941;43.330533
31517_0121_00012_bis;12;bis;Chemin de Rosette;31410;31517;Saint-Sulpice-sur-Lèze;;;1.320313;43.331987
31517_vdx3zn_00070;70;;Impasse de Manaud;31410;31517;Saint-Sulpice-sur-Lèze;;;1.316054;43.328695
31517_0016_00016;16;;Rue de Brazii;31410;31517;Saint-Sulpice-sur-Lèze;;;1.31836;43.331001
31517_0138_00019;19;;Rue du Mont Valier;31410;31517;Saint-Sulpice-sur-Lèze;;;1.321048;43.324683
31517_0125_00004;4;;Rue Sainte Anne;31410;31517;Saint-Sulpice-sur-Lèze;;;1.316931;43.32998
31517_0118_00024;24;;Rue de la République;31410;31517;Saint-Sulpice-sur-Lèze;;;1.32231;43.329153
31517_flv1h3_00054;54;;Impasse des Rossignols;31410;31517;Saint-Sulpice-sur-Lèze;;;1.319811;43.323595
31517_0114_00009;9;;Avenue des Pyrénées;31410;31517;Saint-Sulpice-sur-Lèze;;;1.322189;43.325093
31517_ke8gt5_00031;31;;Impasse du Sarrasin;31410;31517;Saint-Sulpice-sur-Lèze;;Pesquiès;1.331085;43.331018
31517_0028_00010;10;;Passage du Carlit;31410;31517;Saint-Sulpice-sur-Lèze;;;1.321734;43.325482
31517_0137_00016;16;;Avenue de Toulouse;31410;31517;Saint-Sulpice-sur-Lèze;;;1.322188;43.331559
31517_0118_00048;48;;Rue de la République;31410;31517;Saint-Sulpice-sur-Lèze;;;1.322353;43.327614
31517_0139_00019;19;;Rue de Verdun;31410;31517;Saint-Sulpice-sur-Lèze;;;1.321271;43.328799
31517_0118_00020;20;;Rue de la République;31410;31517;Saint-Sulpice-sur-Lèze;;;1.322307;43.329327
31517_flv1h3_00006;6;;Impasse des Rossignols;31410;31517;Saint-Sulpice-sur-Lèze;;;1.319719;43.32401
31517_0084_00094;94;;Route de Marquefave;31410;31517;Saint-Sulpice-sur-Lèze;;;1.310894;43.322734
31517_0121_00011;11;;Chemin de Rosette;31410;31517;Saint-Sulpice-sur-Lèze;;;1.320434;43.332112
31517_0098_00063;63;;Route de l'Océan;31410;31517;Saint-Sulpice-sur-Lèze;;;1.314742;43.332035
31517_0016_00012;12;;Rue de Brazii;31410;31517;Saint-Sulpice-sur-Lèze;;;1.318133;43.331092
31517_0102_00002_bis;2;bis;Rue Pasteur;31410;31517;Saint-Sulpice-sur-Lèze;;;1.321899;43.327822
31517_0003_00001;1;;Rue des Artisans;31410;31517;Saint-Sulpice-sur-Lèze;;;1.316997;43.330329
31517_h3kapa_00043;43;;Petite Route de Lézat;31410;31517;Saint-Sulpice-sur-Lèze;;Lèze Morte;1.332099;43.324496
31517_0111_00009;9;;Rue du Presbytère;31410;31517;Saint-Sulpice-sur-Lèze;;;1.32028;43.32765
31517_0017_00040;40;;Chemin des Burs;31410;31517;Saint-Sulpice-sur-Lèze;;;1.322344;43.334525
31517_0042_00004_bis;4;bis;Rue Etienne Fonfrède;31410;31517;Saint-Sulpice-sur-Lèze;;;1.317105;43.332654
31517_6039a1_00005;5;;Espace de la Fraternité;31410;31517;Saint-Sulpice-sur-Lèze;;;1.319229;43.330645
31517_0084_00129;129;;Route de Marquefave;31410;31517;Saint-Sulpice-sur-Lèze;;;1.306656;43.322196
31517_0005_00029;29;;Esplanade André Maurette;31410;31517;Saint-Sulpice-sur-Lèze;;;1.31962;43.328693
31517_0121_00024;24;;Chemin de Rosette;31410;31517;Saint-Sulpice-sur-Lèze;;;1.319641;43.334015
31517_0135_00013;13;;Chemin du Tortillard;31410;31517;Saint-Sulpice-sur-Lèze;;;1.324756;43.329921
31517_0118_00012;12;;Rue de la République;31410;31517;Saint-Sulpice-sur-Lèze;;;1.322295;43.329618
31517_0138_00008;8;;Rue du Mont Valier;31410;31517;Saint-Sulpice-sur-Lèze;;;1.321412;43.324626
31517_ohiwk8_00159;159;;Impasse des Chênes;31410;31517;Saint-Sulpice-sur-Lèze;;;1.315328;43.321517
31517_0084_00069;69;;Route de Marquefave;31410;31517;Saint-Sulpice-sur-Lèze;;;1.313624;43.323181
31517_0131_00019;19;;Rue Salvador Allende;31410;31517;Saint-Sulpice-sur-Lèze;;;1.316916;43.332558
31517_0118_00081;81;;Rue de la République;31410;31517;Saint-Sulpice-sur-Lèze;;;1.32219;43.327239
31517_h3kapa_00014;14;;Petite Route de Lézat;31410;31517;Saint-Sulpice-sur-Lèze;;Lèze Morte;1.331323;43.326634
31517_0049_00002;2;;Rue Guynemer;31410;31517;Saint-Sulpice-sur-Lèze;;;1.319016;43.327644
31517_0041_00004;4;;Place Elie Lacombe;31410;31517;Saint-Sulpice-sur-Lèze;;;1.320705;43.32715
31517_dpynp6_00002;2;;Espace de la Liberté;31410;31517;Saint-Sulpice-sur-Lèze;;;1.318527;43.331183
31517_6039a1_00001;1;;Espace de la Fraternité;31410;31517;Saint-Sulpice-sur-Lèze;;;1.319164;43.330926
31517_0150_00005;5;;Chemin des Vignes;31410;31517;Saint-Sulpice-sur-Lèze;;;1.319606;43.335408
31517_0150_00003;3;;Chemin des Vignes;31410;31517;Saint-Sulpice-sur-Lèze;;;1.319796;43.335096
31517_0114_01559;1559;;Avenue des Pyrénées;31410;31517;Saint-Sulpice-sur-Lèze;;Martrètes;1.324388;43.313054
31517_0116_00053;53;;Chemin des Rives;31410;31517;Saint-Sulpice-sur-Lèze;;;1.328683;43.332016
31517_h3kapa_00060;60;;Petite Route de Lézat;31410;31517;Saint-Sulpice-sur-Lèze;;Pigoutou;1.334722;43.320015
31517_0114_01748;1748;;Avenue des Pyrénées;31410;31517;Saint-Sulpice-sur-Lèze;;Hylas le Neuf;1.325789;43.311683
31517_0022_00008;8;;Impasse des Burs;31410;31517;Saint-Sulpice-sur-Lèze;;;1.322807;43.334411
31517_0005_00007;7;;Esplanade André Maurette;31410;31517;Saint-Sulpice-sur-Lèze;;;1.320729;43.328743
31517_0118_00059;59;;Rue de la République;31410;31517;Saint-Sulpice-sur-Lèze;;;1.322197;43.32809
31517_0005_00009;9;;Esplanade André Maurette;31410;31517;Saint-Sulpice-sur-Lèze;;;1.320608;43.328734
31517_0118_00057;57;;Rue de la République;31410;31517;Saint-Sulpice-sur-Lèze;;;1.322195;43.328128
31517_0042_00010;10;;Rue Etienne Fonfrède;31410;31517;Saint-Sulpice-sur-Lèze;;;1.31683;43.33336
31517_0024_00001;1;;Rue de la Chênaie;31410;31517;Saint-Sulpice-sur-Lèze;;;1.318155;43.324249
31517_0016_00014;14;;Rue de Brazii;31410;31517;Saint-Sulpice-sur-Lèze;;;1.318221;43.331051
31517_0114_00052;52;;Avenue des Pyrénées;31410;31517;Saint-Sulpice-sur-Lèze;;;1.322604;43.324417
31517_0116_00039;39;;Chemin des Rives;31410;31517;Saint-Sulpice-sur-Lèze;;;1.327257;43.331942
31517_0011_00002;2;;Chemin de la Barguère;31410;31517;Saint-Sulpice-sur-Lèze;;;1.325313;43.324168
31517_kg84xi_00116;116;;Petite Route de Beaumont;31410;31517;Saint-Sulpice-sur-Lèze;;;1.329628;43.3391
31517_0138_00013;13;;Rue du Mont Valier;31410;31517;Saint-Sulpice-sur-Lèze;;;1.321423;43.324718
31517_0114_00008_bis;8;bis;Avenue des Pyrénées;31410;31517;Saint-Sulpice-sur-Lèze;;;1.322452;43.326276
31517_0114_01421;1421;;Avenue des Pyrénées;31410;31517;Saint-Sulpice-sur-Lèze;;;1.323474;43.314108
31517_0062_00003;3;;Rue Jean Moulin;31410;31517;Saint-Sulpice-sur-Lèze;;;1.320944;43.331737
31517_0098_00020;20;;Route de l'Océan;31410;31517;Saint-Sulpice-sur-Lèze;;;1.320226;43.330268
31517_degicb_00330;330;;Chemin de Baudou;31410;31517;Saint-Sulpice-sur-Lèze;;Baudou;1.332819;43.337861
31517_0009_00077;77;;Chemin de Jourdane;31410;31517;Saint-Sulpice-sur-Lèze;;;1.313431;43.320306
31517_0005_00012;12;;Esplanade André Maurette;31410;31517;Saint-Sulpice-sur-Lèze;;;1.319971;43.327822
31517_0114_00038;38;;Avenue des Pyrénées;31410;31517;Saint-Sulpice-sur-Lèze;;;1.322564;43.324869
31517_0042_00007;7;;Rue Etienne Fonfrède;31410;31517;Saint-Sulpice-sur-Lèze;;;1.317657;43.333367
31517_h3kapa_00039;39;;Petite Route de Lézat;31410;31517;Saint-Sulpice-sur-Lèze;;Lèze Morte;1.331982;43.324808
31517_0113_00027;27;;Chemin de Picat;31410;31517;Saint-Sulpice-sur-Lèze;;;1.316859;43.33563
31517_0111_00015;15;;Rue du Presbytère;31410;31517;Saint-Sulpice-sur-Lèze;;;1.32024;43.327822
31517_0032_00002;2;;Chemin Le Corbusier;31410;31517;Saint-Sulpice-sur-Lèze;;;1.324664;43.327022
31517_0084_00055;55;;Route de Marquefave;31410;31517;Saint-Sulpice-sur-Lèze;;;1.318398;43.323993
31517_0049_00001;1;;Rue Guynemer;31410;31517;Saint-Sulpice-sur-Lèze;;;1.319235;43.327269
31517_0041_00007;7;;Place Elie Lacombe;31410;31517;Saint-Sulpice-sur-Lèze;;;1.321264;43.327243
31517_1d5d6f_00646;646;;Route d'Esperce;31410;31517;Saint-Sulpice-sur-Lèze;;Taillepié;1.346693;43.327975
31517_0118_00049;49;;Rue de la République;31410;31517;Saint-Sulpice-sur-Lèze;;;1.322194;43.328272
31517_0064_00009;9;;Rue du 14 Juillet;31410;31517;Saint-Sulpice-sur-Lèze;;;1.323146;43.326888
31517_0049_00003;3;;Rue Guynemer;31410;31517;Saint-Sulpice-sur-Lèze;;;1.319353;43.327073
31517_0022_00010;10;;Impasse des Burs;31410;31517;Saint-Sulpice-sur-Lèze;;;1.323625;43.334528
31517_0017_00018_ter;18;ter;Chemin des Burs;31410;31517;Saint-Sulpice-sur-Lèze;;;1.323437;43.332254
31517_0024_00004;4;;Rue de la Chênaie;31410;31517;Saint-Sulpice-sur-Lèze;;;1.318446;43.324383
31517_0083_00023;23;;Avenue Marcel Vidal;31410;31517;Saint-Sulpice-sur-Lèze;;;1.331346;43.328596
31517_0042_00020;20;;Rue Etienne Fonfrède;31410;31517;Saint-Sulpice-sur-Lèze;;;1.316799;43.334285
31517_0090_00004;4;;Chemin du Moulin;31410;31517;Saint-Sulpice-sur-Lèze;;;1.322549;43.332787
31517_0113_00029;29;;Chemin de Picat;31410;31517;Saint-Sulpice-sur-Lèze;;;1.316747;43.335858
31517_0085_00019;19;;Chemin de Martrètes;31410;31517;Saint-Sulpice-sur-Lèze;;Martrètes;1.322503;43.311731
31517_0016_00003;3;;Rue de Brazii;31410;31517;Saint-Sulpice-sur-Lèze;;;1.317487;43.331383
31517_0054_00005;5;;Place de l'Hôtel de Ville;31410;31517;Saint-Sulpice-sur-Lèze;;;1.322567;43.328149
31517_0118_00041;41;;Rue de la République;31410;31517;Saint-Sulpice-sur-Lèze;;;1.322181;43.328508
31517_0022_00004;4;;Impasse des Burs;31410;31517;Saint-Sulpice-sur-Lèze;;;1.323047;43.333917
31517_0032_00005_a;5;a;Chemin Le Corbusier;31410;31517;Saint-Sulpice-sur-Lèze;;;1.325043;43.325224
31517_vdx3zn_00026;26;;Impasse de Manaud;31410;31517;Saint-Sulpice-sur-Lèze;;;1.316198;43.328254
31517_0005_00049;49;;Esplanade André Maurette;31410;31517;Saint-Sulpice-sur-Lèze;;;1.318916;43.328662
31517_0115_00012;12;;Rue de la Poste;31410;31517;Saint-Sulpice-sur-Lèze;;;1.32158;43.328259
31517_0107_00004;4;;Rue Pierre Curie;31410;31517;Saint-Sulpice-sur-Lèze;;;1.322341;43.329825
31517_0118_00051;51;;Rue de la République;31410;31517;Saint-Sulpice-sur-Lèze;;;1.322195;43.328227
31517_0009_00083;83;;Chemin de Jourdane;31410;31517;Saint-Sulpice-sur-Lèze;;;1.31306;43.320308
31517_0098_00022;22;;Route de l'Océan;31410;31517;Saint-Sulpice-sur-Lèze;;;1.320138;43.330275
31517_0083_00080;80;;Avenue Marcel Vidal;31410;31517;Saint-Sulpice-sur-Lèze;;;1.331335;43.328926
31517_0030_00007;7;;Impasse de la Commanderie;31410;31517;Saint-Sulpice-sur-Lèze;;;1.322619;43.327919
31517_0119_00035;35;;Chemin de Marty;31410;31517;Saint-Sulpice-sur-Lèze;;;1.334049;43.325678
31517_0084_00059;59;;Route de Marquefave;31410;31517;Saint-Sulpice-sur-Lèze;;;1.318231;43.323971
31517_44wsqy_00002;2;;Impasse du 11 Novembre 1918;31410;31517;Saint-Sulpice-sur-Lèze;;;1.322338;43.328831
31517_0083_00004;4;;Avenue Marcel Vidal;31410;31517;Saint-Sulpice-sur-Lèze;;;1.324735;43.328515
31517_0098_00059;59;;Route de l'Océan;31410;31517;Saint-Sulpice-sur-Lèze;;;1.315197;43.331801
31517_0023_00010;10;;Avenue du Cimetière;31410;31517;Saint-Sulpice-sur-Lèze;;;1.316908;43.329673
31517_0032_00018;18;;Chemin Le Corbusier;31410;31517;Saint-Sulpice-sur-Lèze;;;1.325667;43.325124
31517_0060_00003;3;;Rue Jean Jaurès;31410;31517;Saint-Sulpice-sur-Lèze;;;1.323834;43.326522
31517_0042_00012;12;;Rue Etienne Fonfrède;31410;31517;Saint-Sulpice-sur-Lèze;;;1.316836;43.3335
31517_0064_00008;8;;Rue du 14 Juillet;31410;31517;Saint-Sulpice-sur-Lèze;;;1.323082;43.326966
31517_0005_00001;1;;Esplanade André Maurette;31410;31517;Saint-Sulpice-sur-Lèze;;;1.320933;43.328758
31517_0137_00013;13;;Avenue de Toulouse;31410;31517;Saint-Sulpice-sur-Lèze;;;1.322003;43.331063
31517_0116_00050;50;;Chemin des Rives;31410;31517;Saint-Sulpice-sur-Lèze;;;1.328183;43.332714
31517_0040_00003;3;;Rue de la Fontaine;31410;31517;Saint-Sulpice-sur-Lèze;;;1.320099;43.329151
31517_dpynp6_00007;7;;Espace de la Liberté;31410;31517;Saint-Sulpice-sur-Lèze;;;1.318286;43.331908
31517_0077_00001;1;;Rue Léon Gambetta;31410;31517;Saint-Sulpice-sur-Lèze;;;1.321401;43.329824
31517_0030_00001;1;;Impasse de la Commanderie;31410;31517;Saint-Sulpice-sur-Lèze;;;1.322402;43.327915
31517_0017_00025_a;25;a;Chemin des Burs;31410;31517;Saint-Sulpice-sur-Lèze;;;1.323748;43.332675
31517_0138_00004;4;;Rue du Mont Valier;31410;31517;Saint-Sulpice-sur-Lèze;;;1.321897;43.324672
31517_h3kapa_00026;26;;Petite Route de Lézat;31410;31517;Saint-Sulpice-sur-Lèze;;Lèze Morte;1.331615;43.326024
31517_0135_00010;10;;Chemin du Tortillard;31410;31517;Saint-Sulpice-sur-Lèze;;;1.325222;43.328792
31517_0042_00011;11;;Rue Etienne Fonfrède;31410;31517;Saint-Sulpice-sur-Lèze;;;1.316975;43.334033
31517_0131_00023;23;;Rue Salvador Allende;31410;31517;Saint-Sulpice-sur-Lèze;;;1.316471;43.332607
31517_0092_00044_a;44;a;Chemin de Mountmaouré;31410;31517;Saint-Sulpice-sur-Lèze;;Mountmaouré;1.307822;43.331673
31517_0004_00002;2;;Rue Antoine Condorcet;31410;31517;Saint-Sulpice-sur-Lèze;;;1.32435;43.328623
31517_0107_00003;3;;Rue Pierre Curie;31410;31517;Saint-Sulpice-sur-Lèze;;;1.322543;43.32969
31517_0060_00011;11;;Rue Jean Jaurès;31410;31517;Saint-Sulpice-sur-Lèze;;;1.323891;43.326063
31517_9lg9tg_00001;1;;Impasse Savignol Maer;31410;31517;Saint-Sulpice-sur-Lèze;;;1.322068;43.32918
31517_u3xfnv_00003;3;;Espace de l'Egalité;31410;31517;Saint-Sulpice-sur-Lèze;;;1.319169;43.331373
31517_0017_00030;30;;Chemin des Burs;31410;31517;Saint-Sulpice-sur-Lèze;;;1.322826;43.333917
31517_0090_00005;5;;Chemin du Moulin;31410;31517;Saint-Sulpice-sur-Lèze;;;1.32349;43.333127
31517_1njzth_00155;155;;Impasse du Stade;31410;31517;Saint-Sulpice-sur-Lèze;;;1.328938;43.33004
31517_0131_00007;7;;Rue Salvador Allende;31410;31517;Saint-Sulpice-sur-Lèze;;;1.316449;43.331692
31517_0017_00022;22;;Chemin des Burs;31410;31517;Saint-Sulpice-sur-Lèze;;;1.323402;43.332451
31517_u3xfnv_00005;5;;Espace de l'Egalité;31410;31517;Saint-Sulpice-sur-Lèze;;;1.318978;43.331418
31517_0087_00022;22;;Boulevard du 8 Mai 1945;31410;31517;Saint-Sulpice-sur-Lèze;;;1.321267;43.327628
31517_0084_00061;61;;Route de Marquefave;31410;31517;Saint-Sulpice-sur-Lèze;;Escons;1.316432;43.323701
31517_0084_00043;43;;Route de Marquefave;31410;31517;Saint-Sulpice-sur-Lèze;;;1.318865;43.324061
31517_kw3io8_00716;716;;Impasse de Magnagou-Serny;31410;31517;Saint-Sulpice-sur-Lèze;;Serny;1.363125;43.327539
31517_c47g40_00013;13;;Impasse des Vignes;31410;31517;Saint-Sulpice-sur-Lèze;;;1.318215;43.335309
31517_0016_00008;8;;Rue de Brazii;31410;31517;Saint-Sulpice-sur-Lèze;;;1.317958;43.331159
31517_0111_00001;1;;Rue du Presbytère;31410;31517;Saint-Sulpice-sur-Lèze;;;1.32067;43.327457
31517_0116_00061;61;;Chemin des Rives;31410;31517;Saint-Sulpice-sur-Lèze;;;1.329134;43.33314
31517_0137_00004;4;;Avenue de Toulouse;31410;31517;Saint-Sulpice-sur-Lèze;;;1.322123;43.333036
31517_0028_00026;26;;Passage du Carlit;31410;31517;Saint-Sulpice-sur-Lèze;;;1.32111;43.325433
31517_0137_00004_bis;4;bis;Avenue de Toulouse;31410;31517;Saint-Sulpice-sur-Lèze;;;1.322143;43.33301
31517_0022_00006;6;;Impasse des Burs;31410;31517;Saint-Sulpice-sur-Lèze;;;1.32294;43.334085
31517_0032_00006;6;;Chemin Le Corbusier;31410;31517;Saint-Sulpice-sur-Lèze;;;1.325489;43.326906
31517_0107_00008_bis;8;bis;Rue Pierre Curie;31410;31517;Saint-Sulpice-sur-Lèze;;;1.322573;43.329806
31517_0102_00010;10;;Rue Pasteur;31410;31517;Saint-Sulpice-sur-Lèze;;;1.321329;43.327798
31517_0046_00007;7;;Rue George Sand;31410;31517;Saint-Sulpice-sur-Lèze;;;1.321882;43.326454
31517_0038_00006;6;;Chemin de Dardé;31410;31517;Saint-Sulpice-sur-Lèze;;;1.331407;43.323339
31517_0017_00025_b;25;b;Chemin des Burs;31410;31517;Saint-Sulpice-sur-Lèze;;;1.323923;43.332668
31517_0016_00007;7;;Rue de Brazii;31410;31517;Saint-Sulpice-sur-Lèze;;;1.319027;43.330981
31517_u3xfnv_00001;1;;Espace de l'Egalité;31410;31517;Saint-Sulpice-sur-Lèze;;;1.319157;43.3312
31517_0121_00014;14;;Chemin de Rosette;31410;31517;Saint-Sulpice-sur-Lèze;;;1.320315;43.33226
31517_0131_00025;25;;Rue Salvador Allende;31410;31517;Saint-Sulpice-sur-Lèze;;;1.316329;43.332625
31517_0040_00007;7;;Rue de la Fontaine;31410;31517;Saint-Sulpice-sur-Lèze;;;1.319921;43.329159
31517_vy9rwg_00006;6;;Rue du Cagire;31410;31517;Saint-Sulpice-sur-Lèze;;;1.3218;43.325208
31517_0092_00040_bis;40;bis;Chemin de Mountmaouré;31410;31517;Saint-Sulpice-sur-Lèze;;Mountmaouré;1.310171;43.331141
31517_0137_00010;10;;Avenue de Toulouse;31410;31517;Saint-Sulpice-sur-Lèze;;;1.322151;43.332335
31517_0102_00013;13;;Rue Pasteur;31410;31517;Saint-Sulpice-sur-Lèze;;;1.321308;43.327903
31517_0121_00020_bis;20;bis;Chemin de Rosette;31410;31517;Saint-Sulpice-sur-Lèze;;;1.319746;43.333752
31517_0114_00002;2;;Avenue des Pyrénées;31410;31517;Saint-Sulpice-sur-Lèze;;;1.322393;43.32665
31517_h3kapa_00051;51;;Petite Route de Lézat;31410;31517;Saint-Sulpice-sur-Lèze;;Lèze Morte;1.332225;43.324008
31517_0074_00013;13;;Rue Lazare Carnot;31410;31517;Saint-Sulpice-sur-Lèze;;;1.321547;43.326902
31517_0084_00027;27;;Route de Marquefave;31410;31517;Saint-Sulpice-sur-Lèze;;;1.31948;43.32415
31517_0060_00021;21;;Rue Jean Jaurès;31410;31517;Saint-Sulpice-sur-Lèze;;;1.323923;43.325313
31517_0135_00022;22;;Chemin du Tortillard;31410;31517;Saint-Sulpice-sur-Lèze;;;1.324609;43.330298
31517_0107_00026;26;;Rue Pierre Curie;31410;31517;Saint-Sulpice-sur-Lèze;;;1.323602;43.329826
31517_0092_00040;40;;Chemin de Mountmaouré;31410;31517;Saint-Sulpice-sur-Lèze;;Mountmaouré;1.310085;43.331467
31517_0119_00001_bis;1;bis;Chemin de Marty;31410;31517;Saint-Sulpice-sur-Lèze;;;1.332533;43.328211
31517_0120_00002;2;;Rue du Régou;31410;31517;Saint-Sulpice-sur-Lèze;;;1.319199;43.329682
31517_0137_00007;7;;Avenue de Toulouse;31410;31517;Saint-Sulpice-sur-Lèze;;;1.321822;43.333967
31517_0119_00021;21;;Chemin de Marty;31410;31517;Saint-Sulpice-sur-Lèze;;;1.333253;43.326591
31517_0043_00003;3;;Rue Frédéric Mistral;31410;31517;Saint-Sulpice-sur-Lèze;;;1.321052;43.329583
31517_0028_00028;28;;Passage du Carlit;31410;31517;Saint-Sulpice-sur-Lèze;;;1.321047;43.325419
31517_0114_00054;54;;Avenue des Pyrénées;31410;31517;Saint-Sulpice-sur-Lèze;;;1.322592;43.324238
31517_0084_00049;49;;Route de Marquefave;31410;31517;Saint-Sulpice-sur-Lèze;;;1.318605;43.324021
31517_0137_00002_bis;2;bis;Avenue de Toulouse;31410;31517;Saint-Sulpice-sur-Lèze;;;1.322087;43.333164
31517_0005_00017;17;;Esplanade André Maurette;31410;31517;Saint-Sulpice-sur-Lèze;;;1.320287;43.328717
31517_0024_00021;21;;Rue de la Chênaie;31410;31517;Saint-Sulpice-sur-Lèze;;;1.318855;43.324981
31517_4k0gko_00004;4;;Impasse des Ateliers;31410;31517;Saint-Sulpice-sur-Lèze;;;1.329783;43.328152
31517_0098_00069;69;;Route de l'Océan;31410;31517;Saint-Sulpice-sur-Lèze;;;1.314291;43.332277
31517_0116_00053_bis;53;bis;Chemin des Rives;31410;31517;Saint-Sulpice-sur-Lèze;;;1.328752;43.331871
31517_0042_00001_bis;1;bis;Rue Etienne Fonfrède;31410;31517;Saint-Sulpice-sur-Lèze;;;1.317305;43.332706
31517_0118_00016;16;;Rue de la République;31410;31517;Saint-Sulpice-sur-Lèze;;;1.322303;43.329441
31517_0119_00002;2;;Chemin de Marty;31410;31517;Saint-Sulpice-sur-Lèze;;;1.332663;43.328727
31517_0118_00005;5;;Rue de la République;31410;31517;Saint-Sulpice-sur-Lèze;;;1.322087;43.33005
31517_0024_00020;20;;Rue de la Chênaie;31410;31517;Saint-Sulpice-sur-Lèze;;;1.318635;43.324842
31517_0141_00010;10;;Rue Victor Dalayrac;31410;31517;Saint-Sulpice-sur-Lèze;;;1.320185;43.329689
31517_0064_00012;12;;Rue du 14 Juillet;31410;31517;Saint-Sulpice-sur-Lèze;;;1.32354;43.326975
31517_0087_00020;20;;Boulevard du 8 Mai 1945;31410;31517;Saint-Sulpice-sur-Lèze;;;1.321276;43.327727
31517_0064_00005;5;;Rue du 14 Juillet;31410;31517;Saint-Sulpice-sur-Lèze;;;1.322938;43.32688
31517_0004_00012;12;;Rue Antoine Condorcet;31410;31517;Saint-Sulpice-sur-Lèze;;;1.323885;43.330012
31517_0118_00036;36;;Rue de la République;31410;31517;Saint-Sulpice-sur-Lèze;;;1.322325;43.328584
31517_0049_00004;4;;Rue Guynemer;31410;31517;Saint-Sulpice-sur-Lèze;;;1.319049;43.32748
31517_0074_00012;12;;Rue Lazare Carnot;31410;31517;Saint-Sulpice-sur-Lèze;;;1.321639;43.326823
31517_0121_00017;17;;Chemin de Rosette;31410;31517;Saint-Sulpice-sur-Lèze;;;1.320278;43.332894
31517_h3kapa_00005;5;;Petite Route de Lézat;31410;31517;Saint-Sulpice-sur-Lèze;;Lèze Morte;1.330682;43.327605
31517_0005_00033;33;;Esplanade André Maurette;31410;31517;Saint-Sulpice-sur-Lèze;;;1.319475;43.328685
31517_0027_00005;5;;Rue Clément Ader;31410;31517;Saint-Sulpice-sur-Lèze;;;1.321622;43.331292
31517_0118_00029;29;;Rue de la République;31410;31517;Saint-Sulpice-sur-Lèze;;;1.322172;43.328901
31517_0119_00012;12;;Chemin de Marty;31410;31517;Saint-Sulpice-sur-Lèze;;;1.345044;43.321546
31517_0074_00024;24;;Rue Lazare Carnot;31410;31517;Saint-Sulpice-sur-Lèze;;;1.320952;43.326765
31517_0108_00014;14;;Impasse de Picat;31410;31517;Saint-Sulpice-sur-Lèze;;;1.31618;43.334773
31517_0084_00045;45;;Route de Marquefave;31410;31517;Saint-Sulpice-sur-Lèze;;;1.318802;43.324054
31517_0016_00006;6;;Rue de Brazii;31410;31517;Saint-Sulpice-sur-Lèze;;;1.317878;43.331185
31517_0028_00024;24;;Passage du Carlit;31410;31517;Saint-Sulpice-sur-Lèze;;;1.321188;43.325435
31517_0118_00011;11;;Rue de la République;31410;31517;Saint-Sulpice-sur-Lèze;;;1.322109;43.329572
31517_0005_00027;27;;Esplanade André Maurette;31410;31517;Saint-Sulpice-sur-Lèze;;;1.319715;43.328698
31517_0118_00060;60;;Rue de la République;31410;31517;Saint-Sulpice-sur-Lèze;;;1.322374;43.327182
31517_0017_00017;17;;Chemin des Burs;31410;31517;Saint-Sulpice-sur-Lèze;;;1.323821;43.33216
31517_0115_00013;13;;Rue de la Poste;31410;31517;Saint-Sulpice-sur-Lèze;;;1.321623;43.328363
31517_0098_00016;16;;Route de l'Océan;31410;31517;Saint-Sulpice-sur-Lèze;;;1.320483;43.330246
31517_0090_00008;8;;Chemin du Moulin;31410;31517;Saint-Sulpice-sur-Lèze;;;1.322961;43.333027
31517_0040_00001_bis;1;bis;Rue de la Fontaine;31410;31517;Saint-Sulpice-sur-Lèze;;;1.320183;43.329125
31517_0098_00066;66;;Route de l'Océan;31410;31517;Saint-Sulpice-sur-Lèze;;;1.313416;43.33284
31517_0145_00007;7;;Avenue du Grand Vignemale;31410;31517;Saint-Sulpice-sur-Lèze;;;1.32082;43.325773
31517_0084_00019;19;;Route de Marquefave;31410;31517;Saint-Sulpice-sur-Lèze;;;1.321281;43.324351
31517_0108_00003;3;;Impasse de Picat;31410;31517;Saint-Sulpice-sur-Lèze;;;1.316335;43.334472
31517_0009_00055;55;;Chemin de Jourdane;31410;31517;Saint-Sulpice-sur-Lèze;;;1.315682;43.320518
31517_0035_00011;11;;Chemin Croix de la Garde;31410;31517;Saint-Sulpice-sur-Lèze;;;1.318686;43.334734
31517_0102_00007_bis;7;bis;Rue Pasteur;31410;31517;Saint-Sulpice-sur-Lèze;;;1.321562;43.327915
31517_0017_00038;38;;Chemin des Burs;31410;31517;Saint-Sulpice-sur-Lèze;;;1.322331;43.334485
31517_0121_00001;1;;Chemin de Rosette;31410;31517;Saint-Sulpice-sur-Lèze;;;1.320635;43.3305
31517_0120_00016;16;;Rue du Régou;31410;31517;Saint-Sulpice-sur-Lèze;;;1.317656;43.329887
31517_0042_00005;5;;Rue Etienne Fonfrède;31410;31517;Saint-Sulpice-sur-Lèze;;;1.317001;43.333353
31517_0084_00091;91;;Route de Marquefave;31410;31517;Saint-Sulpice-sur-Lèze;;;1.311311;43.322887
31517_0024_00027;27;;Rue de la Chênaie;31410;31517;Saint-Sulpice-sur-Lèze;;;1.318034;43.324869
31517_0114_01483;1483;;Avenue des Pyrénées;31410;31517;Saint-Sulpice-sur-Lèze;;Martrètes;1.323896;43.313622
31517_0116_00042;42;;Chemin des Rives;31410;31517;Saint-Sulpice-sur-Lèze;;;1.327102;43.33208
31517_0070_00007;7;;Impasse Larousse;31410;31517;Saint-Sulpice-sur-Lèze;;;1.323614;43.327271
31517_0016_00026;26;;Rue de Brazii;31410;31517;Saint-Sulpice-sur-Lèze;;;1.318817;43.330852
31517_0017_00008;8;;Chemin des Burs;31410;31517;Saint-Sulpice-sur-Lèze;;;1.323643;43.331068
31517_0074_00002;2;;Rue Lazare Carnot;31410;31517;Saint-Sulpice-sur-Lèze;;;1.322128;43.326815
31517_kg84xi_00117;117;;Petite Route de Beaumont;31410;31517;Saint-Sulpice-sur-Lèze;;;1.329841;43.339463
31517_0118_00013;13;;Rue de la République;31410;31517;Saint-Sulpice-sur-Lèze;;;1.322118;43.329506
31517_0062_00001;1;;Rue Jean Moulin;31410;31517;Saint-Sulpice-sur-Lèze;;;1.321319;43.331756
31517_0005_00023;23;;Esplanade André Maurette;31410;31517;Saint-Sulpice-sur-Lèze;;;1.319833;43.328702
31517_0131_00020;20;;Rue Salvador Allende;31410;31517;Saint-Sulpice-sur-Lèze;;;1.31541;43.33263
31517_0084_00007;7;;Route de Marquefave;31410;31517;Saint-Sulpice-sur-Lèze;;;1.321973;43.324424
31517_0042_00013;13;;Rue Etienne Fonfrède;31410;31517;Saint-Sulpice-sur-Lèze;;;1.316952;43.334437
31517_0119_00079;79;;Chemin de Marty;31410;31517;Saint-Sulpice-sur-Lèze;;Chaumont;1.337947;43.322653
31517_h3kapa_00004;4;;Petite Route de Lézat;31410;31517;Saint-Sulpice-sur-Lèze;;Lèze Morte;1.330698;43.328344
31517_0024_00024;24;;Rue de la Chênaie;31410;31517;Saint-Sulpice-sur-Lèze;;;1.31809;43.324776
31517_0030_00003;3;;Impasse de la Commanderie;31410;31517;Saint-Sulpice-sur-Lèze;;;1.322453;43.327916
31517_0121_00002;2;;Chemin de Rosette;31410;31517;Saint-Sulpice-sur-Lèze;;;1.320418;43.330562
31517_0060_00018;18;;Rue Jean Jaurès;31410;31517;Saint-Sulpice-sur-Lèze;;;1.32408;43.324611
31517_0098_00075;75;;Route de l'Océan;31410;31517;Saint-Sulpice-sur-Lèze;;;1.313611;43.332943
31517_1njzth_00191;191;;Impasse du Stade;31410;31517;Saint-Sulpice-sur-Lèze;;;1.330405;43.330147
31517_0118_00071;71;;Rue de la République;31410;31517;Saint-Sulpice-sur-Lèze;;;1.322202;43.327673
31517_0017_00001;1;;Chemin des Burs;31410;31517;Saint-Sulpice-sur-Lèze;;;1.323909;43.330855
31517_0084_00035;35;;Route de Marquefave;31410;31517;Saint-Sulpice-sur-Lèze;;;1.319196;43.324111
31517_0135_00020;20;;Chemin du Tortillard;31410;31517;Saint-Sulpice-sur-Lèze;;;1.324803;43.3303
31517_0084_00098;98;;Route de Marquefave;31410;31517;Saint-Sulpice-sur-Lèze;;Bonnefont;1.309094;43.321922
31517_ukmzio_00180;180;;Impasse de l'Epeautre;31410;31517;Saint-Sulpice-sur-Lèze;;Pesquiès;1.333006;43.330631
31517_0060_00002;2;;Rue Jean Jaurès;31410;31517;Saint-Sulpice-sur-Lèze;;;1.324019;43.326768
31517_0042_00002;2;;Rue Etienne Fonfrède;31410;31517;Saint-Sulpice-sur-Lèze;;;1.317204;43.331906
31517_0090_00016;16;;Chemin du Moulin;31410;31517;Saint-Sulpice-sur-Lèze;;;1.325369;43.334845
31517_0114_00026;26;;Avenue des Pyrénées;31410;31517;Saint-Sulpice-sur-Lèze;;;1.322497;43.325681
31517_0084_00003;3;;Route de Marquefave;31410;31517;Saint-Sulpice-sur-Lèze;;;1.322121;43.324431
31517_0118_00039;39;;Rue de la République;31410;31517;Saint-Sulpice-sur-Lèze;;;1.322181;43.328542
31517_kg84xi_00135;135;;Petite Route de Beaumont;31410;31517;Saint-Sulpice-sur-Lèze;;Labat;1.330379;43.340853
31517_0104_00011;11;;Rue Paul Riquet;31410;31517;Saint-Sulpice-sur-Lèze;;;1.324094;43.327638
31517_0120_00001;1;;Rue du Régou;31410;31517;Saint-Sulpice-sur-Lèze;;;1.319372;43.32976
31517_0143_00002;2;;Rue Victor Hugo;31410;31517;Saint-Sulpice-sur-Lèze;;;1.322093;43.327313
31517_0035_00003_a;3;a;Chemin Croix de la Garde;31410;31517;Saint-Sulpice-sur-Lèze;;;1.320099;43.334613
31517_dpynp6_00004;4;;Espace de la Liberté;31410;31517;Saint-Sulpice-sur-Lèze;;;1.318512;43.331521
31517_0090_00012;12;;Chemin du Moulin;31410;31517;Saint-Sulpice-sur-Lèze;;;1.323807;43.332972
31517_ltlwuc_00003;3;;Impasse de Rouzette;31410;31517;Saint-Sulpice-sur-Lèze;;;1.31856;43.332149
31517_0114_00018;18;;Avenue des Pyrénées;31410;31517;Saint-Sulpice-sur-Lèze;;;1.322481;43.325917
31517_0092_00028;28;;Chemin de Mountmaouré;31410;31517;Saint-Sulpice-sur-Lèze;;Mountmaouré;1.311655;43.331777
31517_0005_00020;20;;Esplanade André Maurette;31410;31517;Saint-Sulpice-sur-Lèze;;;1.319592;43.327809
31517_0028_00004;4;;Passage du Carlit;31410;31517;Saint-Sulpice-sur-Lèze;;;1.321935;43.325512
31517_0064_00002;2;;Rue du 14 Juillet;31410;31517;Saint-Sulpice-sur-Lèze;;;1.322696;43.326957
31517_kg84xi_00029;29;;Petite Route de Beaumont;31410;31517;Saint-Sulpice-sur-Lèze;;Pesquiès;1.33074;43.331227
31517_0137_00001;1;;Avenue de Toulouse;31410;31517;Saint-Sulpice-sur-Lèze;;;1.321791;43.334782
31517_ke8gt5_00169;169;;Impasse du Sarrasin;31410;31517;Saint-Sulpice-sur-Lèze;;Pesquiès;1.332789;43.331346
31517_vy9rwg_00008;8;;Rue du Cagire;31410;31517;Saint-Sulpice-sur-Lèze;;;1.321716;43.325193
31517_0131_00015;15;;Rue Salvador Allende;31410;31517;Saint-Sulpice-sur-Lèze;;;1.316833;43.332461
31517_0017_00034;34;;Chemin des Burs;31410;31517;Saint-Sulpice-sur-Lèze;;;1.322599;43.334224
31517_0102_00011;11;;Rue Pasteur;31410;31517;Saint-Sulpice-sur-Lèze;;;1.321366;43.327905
31517_0131_00013;13;;Rue Salvador Allende;31410;31517;Saint-Sulpice-sur-Lèze;;;1.316571;43.332481
31517_0035_00007;7;;Chemin Croix de la Garde;31410;31517;Saint-Sulpice-sur-Lèze;;;1.319568;43.334479
31517_0137_00002;2;;Avenue de Toulouse;31410;31517;Saint-Sulpice-sur-Lèze;;;1.322083;43.333327
31517_0135_00024;24;;Chemin du Tortillard;31410;31517;Saint-Sulpice-sur-Lèze;;;1.324095;43.330264
31517_0005_00001_a;1;a;Esplanade André Maurette;31410;31517;Saint-Sulpice-sur-Lèze;;;1.320946;43.328782
31517_0098_00024;24;;Route de l'Océan;31410;31517;Saint-Sulpice-sur-Lèze;;;1.318067;43.330583
31517_0004_00010;10;;Rue Antoine Condorcet;31410;31517;Saint-Sulpice-sur-Lèze;;;1.324098;43.329786
31517_0102_00003;3;;Rue Pasteur;31410;31517;Saint-Sulpice-sur-Lèze;;;1.321866;43.327927
31517_0107_00002;2;;Rue Pierre Curie;31410;31517;Saint-Sulpice-sur-Lèze;;;1.32231;43.329827
31517_0005_00002_bis;2;bis;Esplanade André Maurette;31410;31517;Saint-Sulpice-sur-Lèze;;;1.320563;43.327826
31517_0016_00018;18;;Rue de Brazii;31410;31517;Saint-Sulpice-sur-Lèze;;;1.318462;43.330984
31517_0139_00009;9;;Rue de Verdun;31410;31517;Saint-Sulpice-sur-Lèze;;;1.321661;43.328827
31517_0138_00006;6;;Rue du Mont Valier;31410;31517;Saint-Sulpice-sur-Lèze;;;1.321823;43.324663
31517_0084_00081;81;;Route de Marquefave;31410;31517;Saint-Sulpice-sur-Lèze;;;1.312619;43.323064
31517_0114_00014;14;;Avenue des Pyrénées;31410;31517;Saint-Sulpice-sur-Lèze;;;1.322471;43.326034
31517_0115_00005;5;;Rue de la Poste;31410;31517;Saint-Sulpice-sur-Lèze;;;1.321932;43.328378
31517_0074_00006;6;;Rue Lazare Carnot;31410;31517;Saint-Sulpice-sur-Lèze;;;1.321912;43.326821
31517_0017_00032;32;;Chemin des Burs;31410;31517;Saint-Sulpice-sur-Lèze;;;1.322798;43.333952
31517_0114_00028;28;;Avenue des Pyrénées;31410;31517;Saint-Sulpice-sur-Lèze;;;1.322503;43.325586
31517_0114_00001;1;;Avenue des Pyrénées;31410;31517;Saint-Sulpice-sur-Lèze;;;1.322241;43.326759
31517_0120_00014;14;;Rue du Régou;31410;31517;Saint-Sulpice-sur-Lèze;;;1.317944;43.32979
31517_0042_00001_ter;1;ter;Rue Etienne Fonfrède;31410;31517;Saint-Sulpice-sur-Lèze;;;1.317322;43.332818
31517_0107_00007;7;;Rue Pierre Curie;31410;31517;Saint-Sulpice-sur-Lèze;;;1.322661;43.329665
31517_0022_00001;1;;Impasse des Burs;31410;31517;Saint-Sulpice-sur-Lèze;;;1.322704;43.33454
31517_0084_00017;17;;Route de Marquefave;31410;31517;Saint-Sulpice-sur-Lèze;;;1.321349;43.324366
31517_0131_00002_a;2;a;Rue Salvador Allende;31410;31517;Saint-Sulpice-sur-Lèze;;;1.317062;43.331299
31517_4k0gko_00006;6;;Impasse des Ateliers;31410;31517;Saint-Sulpice-sur-Lèze;;;1.329709;43.328084
31517_0003_00006;6;;Rue des Artisans;31410;31517;Saint-Sulpice-sur-Lèze;;;1.316081;43.330793
31517_0027_00003;3;;Rue Clément Ader;31410;31517;Saint-Sulpice-sur-Lèze;;;1.321762;43.33129
31517_0139_00015;15;;Rue de Verdun;31410;31517;Saint-Sulpice-sur-Lèze;;;1.32139;43.328807
31517_0035_00001;1;;Chemin Croix de la Garde;31410;31517;Saint-Sulpice-sur-Lèze;;;1.321667;43.333481
31517_0090_00002_b;2;b;Chemin du Moulin;31410;31517;Saint-Sulpice-sur-Lèze;;;1.322282;43.332727
31517_0118_00027;27;;Rue de la République;31410;31517;Saint-Sulpice-sur-Lèze;;;1.322168;43.329
31517_h3kapa_00032;32;;Petite Route de Lézat;31410;31517;Saint-Sulpice-sur-Lèze;;Lèze Morte;1.331976;43.32525
31517_h3v8st_00580;580;;Impasse de Souleilla de Rigade;31410;31517;Saint-Sulpice-sur-Lèze;;Souleilla de Rigade;1.363965;43.315208
31517_h3kapa_00037;37;;Petite Route de Lézat;31410;31517;Saint-Sulpice-sur-Lèze;;Lèze Morte;1.331878;43.325034
31517_0108_00020;20;;Impasse de Picat;31410;31517;Saint-Sulpice-sur-Lèze;;;1.315617;43.334602
31517_0024_00014;14;;Rue de la Chênaie;31410;31517;Saint-Sulpice-sur-Lèze;;;1.319263;43.324935
31517_0131_00003;3;;Rue Salvador Allende;31410;31517;Saint-Sulpice-sur-Lèze;;;1.316783;43.331575
31517_0118_00054;54;;Rue de la République;31410;31517;Saint-Sulpice-sur-Lèze;;;1.322359;43.327487
31517_0114_00040;40;;Avenue des Pyrénées;31410;31517;Saint-Sulpice-sur-Lèze;;;1.322574;43.324778
31517_0074_00003;3;;Rue Lazare Carnot;31410;31517;Saint-Sulpice-sur-Lèze;;;1.321956;43.326921
31517_0083_00002_a;2;a;Avenue Marcel Vidal;31410;31517;Saint-Sulpice-sur-Lèze;;;1.32434;43.328456
31517_0046_00009;9;;Rue George Sand;31410;31517;Saint-Sulpice-sur-Lèze;;;1.321786;43.326448
31517_0128_00002;2;;Chemin de Saint Jean;31410;31517;Saint-Sulpice-sur-Lèze;;;1.318458;43.328151
31517_0120_00020;20;;Rue du Régou;31410;31517;Saint-Sulpice-sur-Lèze;;;1.317166;43.330051
31517_ke8gt5_00080;80;;Impasse du Sarrasin;31410;31517;Saint-Sulpice-sur-Lèze;;Pesquiès;1.33172;43.330813
31517_0054_00017;17;;Place de l'Hôtel de Ville;31410;31517;Saint-Sulpice-sur-Lèze;;;1.323001;43.328327
31517_0131_00004;4;;Rue Salvador Allende;31410;31517;Saint-Sulpice-sur-Lèze;;;1.316227;43.331654
31517_0064_00004;4;;Rue du 14 Juillet;31410;31517;Saint-Sulpice-sur-Lèze;;;1.322844;43.326963
31517_0118_00061;61;;Rue de la République;31410;31517;Saint-Sulpice-sur-Lèze;;;1.322194;43.328044
31517_0118_00002;2;;Rue de la République;31410;31517;Saint-Sulpice-sur-Lèze;;;1.322255;43.3301
31517_0074_00011;11;;Rue Lazare Carnot;31410;31517;Saint-Sulpice-sur-Lèze;;;1.321656;43.326907
31517_0074_00016;16;;Rue Lazare Carnot;31410;31517;Saint-Sulpice-sur-Lèze;;;1.321521;43.326811
31517_0118_00046;46;;Rue de la République;31410;31517;Saint-Sulpice-sur-Lèze;;;1.322349;43.327709
31517_0009_00038;38;;Chemin de Jourdane;31410;31517;Saint-Sulpice-sur-Lèze;;;1.317831;43.320624
31517_0098_00004;4;;Route de l'Océan;31410;31517;Saint-Sulpice-sur-Lèze;;;1.321712;43.330161
31517_0138_00015;15;;Rue du Mont Valier;31410;31517;Saint-Sulpice-sur-Lèze;;;1.321314;43.324708
31517_0017_00003;3;;Chemin des Burs;31410;31517;Saint-Sulpice-sur-Lèze;;;1.323679;43.331855
31517_0137_00020;20;;Avenue de Toulouse;31410;31517;Saint-Sulpice-sur-Lèze;;;1.322196;43.331218
31517_0084_00110;110;;Route de Marquefave;31410;31517;Saint-Sulpice-sur-Lèze;;Bonnefont;1.307352;43.321912
31517_0042_00006;6;;Rue Etienne Fonfrède;31410;31517;Saint-Sulpice-sur-Lèze;;;1.316948;43.333
31517_0121_00021;21;;Chemin de Rosette;31410;31517;Saint-Sulpice-sur-Lèze;;;1.320195;43.333224
31517_0028_00022;22;;Passage du Carlit;31410;31517;Saint-Sulpice-sur-Lèze;;;1.321262;43.325443
31517_0005_00019;19;;Esplanade André Maurette;31410;31517;Saint-Sulpice-sur-Lèze;;;1.320088;43.328712
31517_0035_00001_ter;1;ter;Chemin Croix de la Garde;31410;31517;Saint-Sulpice-sur-Lèze;;;1.32092;43.334499
31517_0114_00020_bis;20;bis;Avenue des Pyrénées;31410;31517;Saint-Sulpice-sur-Lèze;;;1.322489;43.325813
31517_t4rfvc_00006;6;;Impasse des Joncs;31410;31517;Saint-Sulpice-sur-Lèze;;;1.319286;43.330066
31517_0111_00011;11;;Rue du Presbytère;31410;31517;Saint-Sulpice-sur-Lèze;;;1.320253;43.32772
31517_0118_00023;23;;Rue de la République;31410;31517;Saint-Sulpice-sur-Lèze;;;1.322162;43.329098
31517_0084_00096;96;;Route de Marquefave;31410;31517;Saint-Sulpice-sur-Lèze;;;1.310583;43.322669
31517_0107_00005;5;;Rue Pierre Curie;31410;31517;Saint-Sulpice-sur-Lèze;;;1.322539;43.329664
31517_0114_01527;1527;;Avenue des Pyrénées;31410;31517;Saint-Sulpice-sur-Lèze;;Martrètes;1.324162;43.313285
31517_1d5d6f_01685;1685;;Route d'Esperce;31410;31517;Saint-Sulpice-sur-Lèze;;Le Commandeur;1.355545;43.321718
31517_ke8gt5_00073;73;;Impasse du Sarrasin;31410;31517;Saint-Sulpice-sur-Lèze;;Pesquiès;1.332463;43.331486
31517_0139_00013;13;;Rue de Verdun;31410;31517;Saint-Sulpice-sur-Lèze;;;1.321421;43.328808
31517_0074_00010;10;;Rue Lazare Carnot;31410;31517;Saint-Sulpice-sur-Lèze;;;1.321711;43.326822
31517_0139_00004_bis;4;bis;Rue de Verdun;31410;31517;Saint-Sulpice-sur-Lèze;;;1.32193;43.328723
31517_0102_00005;5;;Rue Pasteur;31410;31517;Saint-Sulpice-sur-Lèze;;;1.321808;43.327922
31517_0035_00015;15;;Chemin Croix de la Garde;31410;31517;Saint-Sulpice-sur-Lèze;;;1.317393;43.334569
31517_0115_00002;2;;Rue de la Poste;31410;31517;Saint-Sulpice-sur-Lèze;;;1.322091;43.328286
31517_0084_00080;80;;Route de Marquefave;31410;31517;Saint-Sulpice-sur-Lèze;;;1.313198;43.322884
31517_0139_00006;6;;Rue de Verdun;31410;31517;Saint-Sulpice-sur-Lèze;;;1.321877;43.328717
31517_0114_00015_bis;15;bis;Avenue des Pyrénées;31410;31517;Saint-Sulpice-sur-Lèze;;;1.322278;43.324803
31517_0138_00012;12;;Rue du Mont Valier;31410;31517;Saint-Sulpice-sur-Lèze;;;1.321067;43.324592
31517_0023_00009;9;;Avenue du Cimetière;31410;31517;Saint-Sulpice-sur-Lèze;;;1.318397;43.329278
31517_4qmpv3_03080;3080;;Route de la Méditerranée;31410;31517;Saint-Sulpice-sur-Lèze;;Le Pourcou;1.367492;43.331309
31517_0038_00001;1;;Chemin de Dardé;31410;31517;Saint-Sulpice-sur-Lèze;;;1.33124;43.323229
31517_0116_00035;35;;Chemin des Rives;31410;31517;Saint-Sulpice-sur-Lèze;;;1.326866;43.331169
31517_0060_00004;4;;Rue Jean Jaurès;31410;31517;Saint-Sulpice-sur-Lèze;;;1.323977;43.326616
31517_0128_00011;11;;Chemin de Saint Jean;31410;31517;Saint-Sulpice-sur-Lèze;;;1.316719;43.328201
31517_0060_00016;16;;Rue Jean Jaurès;31410;31517;Saint-Sulpice-sur-Lèze;;;1.324049;43.324769
31517_0017_00028;28;;Chemin des Burs;31410;31517;Saint-Sulpice-sur-Lèze;;;1.323121;43.333356
31517_0115_00015;15;;Rue de la Poste;31410;31517;Saint-Sulpice-sur-Lèze;;;1.32149;43.328357
31517_0085_00014;14;;Chemin de Martrètes;31410;31517;Saint-Sulpice-sur-Lèze;;;1.323475;43.311379
31517_0131_00033;33;;Rue Salvador Allende;31410;31517;Saint-Sulpice-sur-Lèze;;;1.315368;43.332748
31517_4k0gko_00001;1;;Impasse des Ateliers;31410;31517;Saint-Sulpice-sur-Lèze;;;1.329678;43.328021
31517_0017_00036_bis;36;bis;Chemin des Burs;31410;31517;Saint-Sulpice-sur-Lèze;;;1.322253;43.334064
31517_0087_00004;4;;Boulevard du 8 Mai 1945;31410;31517;Saint-Sulpice-sur-Lèze;;;1.321201;43.32859
31517_0115_00020;20;;Rue de la Poste;31410;31517;Saint-Sulpice-sur-Lèze;;;1.321311;43.328251
31517_0077_00003;3;;Rue Léon Gambetta;31410;31517;Saint-Sulpice-sur-Lèze;;;1.321193;43.329815
31517_0137_00015;15;;Avenue de Toulouse;31410;31517;Saint-Sulpice-sur-Lèze;;;1.321995;43.330618
31517_0016_00010;10;;Rue de Brazii;31410;31517;Saint-Sulpice-sur-Lèze;;;1.318041;43.331121
31517_0022_00012;12;;Impasse des Burs;31410;31517;Saint-Sulpice-sur-Lèze;;;1.323852;43.33455
31517_0120_00012;12;;Rue du Régou;31410;31517;Saint-Sulpice-sur-Lèze;;;1.318119;43.329749
31517_0084_00063;63;;Route de Marquefave;31410;31517;Saint-Sulpice-sur-Lèze;;Escons;1.316378;43.323739
31517_0042_00016;16;;Rue Etienne Fonfrède;31410;31517;Saint-Sulpice-sur-Lèze;;;1.316807;43.333949
31517_0005_00035;35;;Esplanade André Maurette;31410;31517;Saint-Sulpice-sur-Lèze;;;1.319333;43.328677
31517_0011_00010;10;;Chemin de la Barguère;31410;31517;Saint-Sulpice-sur-Lèze;;;1.324749;43.324354
31517_0024_00019;19;;Rue de la Chênaie;31410;31517;Saint-Sulpice-sur-Lèze;;;1.319118;43.325017
31517_0121_00024_bis;24;bis;Chemin de Rosette;31410;31517;Saint-Sulpice-sur-Lèze;;;1.319446;43.333822
31517_0070_00001;1;;Impasse Larousse;31410;31517;Saint-Sulpice-sur-Lèze;;;1.323554;43.327858
31517_0043_00001;1;;Rue Frédéric Mistral;31410;31517;Saint-Sulpice-sur-Lèze;;;1.321115;43.328976
31517_0054_00008;8;;Place de l'Hôtel de Ville;31410;31517;Saint-Sulpice-sur-Lèze;;;1.323007;43.328616
31517_0118_00045;45;;Rue de la République;31410;31517;Saint-Sulpice-sur-Lèze;;;1.322183;43.32844
31517_0119_00043;43;;Chemin de Marty;31410;31517;Saint-Sulpice-sur-Lèze;;;1.334829;43.32494
31517_0121_00025;25;;Chemin de Rosette;31410;31517;Saint-Sulpice-sur-Lèze;;;1.31993;43.333699
31517_0128_00004;4;;Chemin de Saint Jean;31410;31517;Saint-Sulpice-sur-Lèze;;;1.318177;43.328121
31517_0084_00109;109;;Route de Marquefave;31410;31517;Saint-Sulpice-sur-Lèze;;;1.309264;43.323119
31517_0120_00005;5;;Rue du Régou;31410;31517;Saint-Sulpice-sur-Lèze;;;1.318923;43.329798
31517_0054_00004;4;;Place de l'Hôtel de Ville;31410;31517;Saint-Sulpice-sur-Lèze;;;1.322573;43.328567
31517_1d5d6f_03029;3029;;Route d'Esperce;31410;31517;Saint-Sulpice-sur-Lèze;;Bordeneuve;1.370619;43.317408
31517_0028_00014;14;;Passage du Carlit;31410;31517;Saint-Sulpice-sur-Lèze;;;1.321586;43.325477
31517_989gx0_00079;79;;Impasse des Verdiers;31410;31517;Saint-Sulpice-sur-Lèze;;;1.31191;43.322179
31517_0128_00013;13;;Chemin de Saint Jean;31410;31517;Saint-Sulpice-sur-Lèze;;;1.31664;43.328198
31517_0102_00009;9;;Rue Pasteur;31410;31517;Saint-Sulpice-sur-Lèze;;;1.321479;43.32791
31517_0079_00002;2;;Chemin de Lèze Morte;31410;31517;Saint-Sulpice-sur-Lèze;;;1.328538;43.328434
31517_0035_00019;19;;Chemin Croix de la Garde;31410;31517;Saint-Sulpice-sur-Lèze;;;1.317146;43.334568
31517_0005_00047;47;;Esplanade André Maurette;31410;31517;Saint-Sulpice-sur-Lèze;;;1.318973;43.328662
31517_0137_00008;8;;Avenue de Toulouse;31410;31517;Saint-Sulpice-sur-Lèze;;;1.322146;43.33254
31517_0083_00008_ter;8;ter;Avenue Marcel Vidal;31410;31517;Saint-Sulpice-sur-Lèze;;;1.32552;43.328849
31517_0035_00004_bis;4;bis;Chemin Croix de la Garde;31410;31517;Saint-Sulpice-sur-Lèze;;;1.321121;43.333916
31517_1d5d6f_02657;2657;;Route d'Esperce;31410;31517;Saint-Sulpice-sur-Lèze;;Temboué;1.366307;43.31795
31517_0005_00004;4;;Esplanade André Maurette;31410;31517;Saint-Sulpice-sur-Lèze;;;1.320519;43.327829
31517_0121_00027;27;;Chemin de Rosette;31410;31517;Saint-Sulpice-sur-Lèze;;;1.319883;43.333822
31517_0118_00028;28;;Rue de la République;31410;31517;Saint-Sulpice-sur-Lèze;;;1.322311;43.329067
31517_0107_00006;6;;Rue Pierre Curie;31410;31517;Saint-Sulpice-sur-Lèze;;;1.322425;43.329813
31517_0084_00085;85;;Route de Marquefave;31410;31517;Saint-Sulpice-sur-Lèze;;;1.312099;43.322964
31517_071956_00003;3;;Espace de la Paix;31410;31517;Saint-Sulpice-sur-Lèze;;;1.317681;43.331906
31517_0041_00005;5;;Place Elie Lacombe;31410;31517;Saint-Sulpice-sur-Lèze;;;1.32132;43.327415
31517_0138_00007;7;;Rue du Mont Valier;31410;31517;Saint-Sulpice-sur-Lèze;;;1.321719;43.324747
31517_0143_00004;4;;Rue Victor Hugo;31410;31517;Saint-Sulpice-sur-Lèze;;;1.321677;43.327207
31517_0141_00001;1;;Rue Victor Dalayrac;31410;31517;Saint-Sulpice-sur-Lèze;;;1.320843;43.329796
31517_cxaa1x_00009;9;;Impasse des Hirondelles;31410;31517;Saint-Sulpice-sur-Lèze;;;1.314173;43.323106
31517_0118_00006;6;;Rue de la République;31410;31517;Saint-Sulpice-sur-Lèze;;;1.322259;43.329993
31517_0116_00055;55;;Chemin des Rives;31410;31517;Saint-Sulpice-sur-Lèze;;;1.32859;43.332724
31517_0108_00007;7;;Impasse de Picat;31410;31517;Saint-Sulpice-sur-Lèze;;;1.315773;43.334494
31517_0119_00003;3;;Chemin de Marty;31410;31517;Saint-Sulpice-sur-Lèze;;;1.332704;43.328036
31517_0060_00001;1;;Rue Jean Jaurès;31410;31517;Saint-Sulpice-sur-Lèze;;;1.323783;43.326752
31517_0042_00003_bis;3;bis;Rue Etienne Fonfrède;31410;31517;Saint-Sulpice-sur-Lèze;;;1.317056;43.333161
31517_0084_00029;29;;Route de Marquefave;31410;31517;Saint-Sulpice-sur-Lèze;;;1.319407;43.32414
31517_0121_00022;22;;Chemin de Rosette;31410;31517;Saint-Sulpice-sur-Lèze;;;1.319284;43.333877
31517_0113_00025;25;;Chemin de Picat;31410;31517;Saint-Sulpice-sur-Lèze;;;1.316703;43.335441
31517_0009_00085;85;;Chemin de Jourdane;31410;31517;Saint-Sulpice-sur-Lèze;;;1.312357;43.320278
31517_0119_00041;41;;Chemin de Marty;31410;31517;Saint-Sulpice-sur-Lèze;;;1.334726;43.325055
31517_0139_00012;12;;Rue de Verdun;31410;31517;Saint-Sulpice-sur-Lèze;;;1.321252;43.32869
31517_0007_00007;7;;Rue Armand Barbès;31410;31517;Saint-Sulpice-sur-Lèze;;;1.323393;43.330135
31517_0087_00006;6;;Boulevard du 8 Mai 1945;31410;31517;Saint-Sulpice-sur-Lèze;;;1.321234;43.328558
31517_0009_00091;91;;Chemin de Jourdane;31410;31517;Saint-Sulpice-sur-Lèze;;;1.311676;43.320279
31517_0119_00004;4;;Chemin de Marty;31410;31517;Saint-Sulpice-sur-Lèze;;Claret;1.335499;43.326326
31517_0116_00030;30;;Chemin des Rives;31410;31517;Saint-Sulpice-sur-Lèze;;;1.326574;43.331333
31517_0118_00035;35;;Rue de la République;31410;31517;Saint-Sulpice-sur-Lèze;;;1.322178;43.328597
31517_0032_00001_a;1;a;Chemin Le Corbusier;31410;31517;Saint-Sulpice-sur-Lèze;;;1.324006;43.326923
31517_0123_00142;142;;Chemin du Sablou;31410;31517;Saint-Sulpice-sur-Lèze;;;1.334145;43.316704
31517_0092_00014;14;;Chemin de Mountmaouré;31410;31517;Saint-Sulpice-sur-Lèze;;Mountmaouré;1.313107;43.331824
31517_0005_00043;43;;Esplanade André Maurette;31410;31517;Saint-Sulpice-sur-Lèze;;;1.319091;43.328669
31517_0128_00003;3;;Chemin de Saint Jean;31410;31517;Saint-Sulpice-sur-Lèze;;;1.318305;43.328276
31517_0035_00013;13;;Chemin Croix de la Garde;31410;31517;Saint-Sulpice-sur-Lèze;;;1.317811;43.334526
31517_0035_00001_bis;1;bis;Chemin Croix de la Garde;31410;31517;Saint-Sulpice-sur-Lèze;;;1.32082;43.334357
31517_0090_00010;10;;Chemin du Moulin;31410;31517;Saint-Sulpice-sur-Lèze;;;1.323738;43.332976
31517_0121_00020;20;;Chemin de Rosette;31410;31517;Saint-Sulpice-sur-Lèze;;;1.319794;43.333479
31517_0046_00021;21;;Rue George Sand;31410;31517;Saint-Sulpice-sur-Lèze;;;1.320966;43.326393
31517_0070_00005;5;;Impasse Larousse;31410;31517;Saint-Sulpice-sur-Lèze;;;1.323539;43.327406
31517_0104_00005;5;;Rue Paul Riquet;31410;31517;Saint-Sulpice-sur-Lèze;;;1.324201;43.328137
31517_0114_00019;19;;Avenue des Pyrénées;31410;31517;Saint-Sulpice-sur-Lèze;;;1.322376;43.32357
31517_0090_00002_c;2;c;Chemin du Moulin;31410;31517;Saint-Sulpice-sur-Lèze;;;1.322426;43.332734
31517_0022_00014;14;;Impasse des Burs;31410;31517;Saint-Sulpice-sur-Lèze;;;1.324036;43.334549
31517_0135_00018;18;;Chemin du Tortillard;31410;31517;Saint-Sulpice-sur-Lèze;;;1.325032;43.329673
31517_0062_00006;6;;Rue Jean Moulin;31410;31517;Saint-Sulpice-sur-Lèze;;;1.321329;43.331652
31517_0074_00008;8;;Rue Lazare Carnot;31410;31517;Saint-Sulpice-sur-Lèze;;;1.32184;43.326822
31517_0083_00070;70;;Avenue Marcel Vidal;31410;31517;Saint-Sulpice-sur-Lèze;;;1.329692;43.328841
31517_1njzth_00157;157;;Impasse du Stade;31410;31517;Saint-Sulpice-sur-Lèze;;;1.32846;43.330781
31517_h3kapa_00031;31;;Petite Route de Lézat;31410;31517;Saint-Sulpice-sur-Lèze;;Lèze Morte;1.331696;43.325279
31517_0090_00011;11;;Chemin du Moulin;31410;31517;Saint-Sulpice-sur-Lèze;;;1.325038;43.334192
31517_0098_00071;71;;Route de l'Océan;31410;31517;Saint-Sulpice-sur-Lèze;;;1.313967;43.332496
31517_0139_00007;7;;Rue de Verdun;31410;31517;Saint-Sulpice-sur-Lèze;;;1.321766;43.32883
31517_kg84xi_00092;92;;Petite Route de Beaumont;31410;31517;Saint-Sulpice-sur-Lèze;;Barcoudi;1.329083;43.337004
31517_0011_00006;6;;Chemin de la Barguère;31410;31517;Saint-Sulpice-sur-Lèze;;;1.324942;43.324654
31517_0041_00008;8;;Place Elie Lacombe;31410;31517;Saint-Sulpice-sur-Lèze;;;1.320675;43.326897
31517_0005_00037;37;;Esplanade André Maurette;31410;31517;Saint-Sulpice-sur-Lèze;;;1.319305;43.328676
31517_0041_00003;3;;Place Elie Lacombe;31410;31517;Saint-Sulpice-sur-Lèze;;;1.321273;43.327481
31517_0118_00037;37;;Rue de la République;31410;31517;Saint-Sulpice-sur-Lèze;;;1.322182;43.328574
31517_0004_00006;6;;Rue Antoine Condorcet;31410;31517;Saint-Sulpice-sur-Lèze;;;1.324297;43.329509
31517_0060_00005;5;;Rue Jean Jaurès;31410;31517;Saint-Sulpice-sur-Lèze;;;1.322939;43.32638
31517_0118_00075;75;;Rue de la République;31410;31517;Saint-Sulpice-sur-Lèze;;;1.322203;43.327575
31517_gn7xks_00046;46;;Impasse des Fauvettes;31410;31517;Saint-Sulpice-sur-Lèze;;;1.312383;43.322485
31517_0115_00018;18;;Rue de la Poste;31410;31517;Saint-Sulpice-sur-Lèze;;;1.321359;43.328253
31517_9lg9tg_00002;2;;Impasse Savignol Maer;31410;31517;Saint-Sulpice-sur-Lèze;;;1.322048;43.329221
31517_c47g40_00005;5;;Impasse des Vignes;31410;31517;Saint-Sulpice-sur-Lèze;;;1.318895;43.335428
31517_0074_00005;5;;Rue Lazare Carnot;31410;31517;Saint-Sulpice-sur-Lèze;;;1.321837;43.326917
31517_0121_00026;26;;Chemin de Rosette;31410;31517;Saint-Sulpice-sur-Lèze;;;1.319602;43.334144
31517_0028_00020;20;;Passage du Carlit;31410;31517;Saint-Sulpice-sur-Lèze;;;1.321326;43.325442
31517_0114_00030;30;;Avenue des Pyrénées;31410;31517;Saint-Sulpice-sur-Lèze;;;1.322527;43.325315
31517_0007_00004;4;;Rue Armand Barbès;31410;31517;Saint-Sulpice-sur-Lèze;;;1.3235;43.330246
31517_z6ibj5_00102;102;;Impasse des Pinsons;31410;31517;Saint-Sulpice-sur-Lèze;;;1.3135;43.32209
31517_0084_00087;87;;Route de Marquefave;31410;31517;Saint-Sulpice-sur-Lèze;;;1.311878;43.323303
31517_4qmpv3_03585;3585;;Route de la Méditerranée;31410;31517;Saint-Sulpice-sur-Lèze;;L'Eglise;1.371822;43.333296
31517_0064_00009_bis;9;bis;Rue du 14 Juillet;31410;31517;Saint-Sulpice-sur-Lèze;;;1.323233;43.326873
31517_0114_01220;1220;;Avenue des Pyrénées;31410;31517;Saint-Sulpice-sur-Lèze;;Hylas le Vieux;1.327423;43.316167
31517_0092_00011;11;;Chemin de Mountmaouré;31410;31517;Saint-Sulpice-sur-Lèze;;Mountmaouré;1.313297;43.331924
31517_0084_00047;47;;Route de Marquefave;31410;31517;Saint-Sulpice-sur-Lèze;;;1.318733;43.324039
31517_0074_00001;1;;Rue Lazare Carnot;31410;31517;Saint-Sulpice-sur-Lèze;;;1.3221;43.326927
31517_0137_00011;11;;Avenue de Toulouse;31410;31517;Saint-Sulpice-sur-Lèze;;;1.321949;43.332469
31517_4qmpv3_00001;1;;Route de la Méditerranée;31410;31517;Saint-Sulpice-sur-Lèze;;;1.332438;43.328794
31517_0116_00046_bis;46;bis;Chemin des Rives;31410;31517;Saint-Sulpice-sur-Lèze;;;1.327242;43.333494
31517_0137_00003;3;;Avenue de Toulouse;31410;31517;Saint-Sulpice-sur-Lèze;;;1.321824;43.334533
31517_0084_00075;75;;Route de Marquefave;31410;31517;Saint-Sulpice-sur-Lèze;;;1.313015;43.323051
31517_0115_00009_bis;9;bis;Rue de la Poste;31410;31517;Saint-Sulpice-sur-Lèze;;;1.321714;43.328367
31517_0113_00023;23;;Chemin de Picat;31410;31517;Saint-Sulpice-sur-Lèze;;;1.316711;43.335105
31517_0077_00010;10;;Rue Léon Gambetta;31410;31517;Saint-Sulpice-sur-Lèze;;;1.32125;43.329728
31517_0077_00004;4;;Rue Léon Gambetta;31410;31517;Saint-Sulpice-sur-Lèze;;;1.321609;43.329751
31517_0118_00019;19;;Rue de la République;31410;31517;Saint-Sulpice-sur-Lèze;;;1.322159;43.329172
31517_4k0gko_00002;2;;Impasse des Ateliers;31410;31517;Saint-Sulpice-sur-Lèze;;;1.330077;43.328186
31517_0032_00001;1;;Chemin Le Corbusier;31410;31517;Saint-Sulpice-sur-Lèze;;;1.32541;43.326165
31517_c47g40_00011;11;;Impasse des Vignes;31410;31517;Saint-Sulpice-sur-Lèze;;;1.318445;43.335174
31517_dpynp6_00010;10;;Espace de la Liberté;31410;31517;Saint-Sulpice-sur-Lèze;;;1.318487;43.331913
31517_0107_00011;11;;Rue Pierre Curie;31410;31517;Saint-Sulpice-sur-Lèze;;;1.323047;43.329678
31517_0139_00010;10;;Rue de Verdun;31410;31517;Saint-Sulpice-sur-Lèze;;;1.321361;43.328694
31517_kg84xi_00005;5;;Petite Route de Beaumont;31410;31517;Saint-Sulpice-sur-Lèze;;;1.331403;43.329537
31517_h3kapa_00029;29;;Petite Route de Lézat;31410;31517;Saint-Sulpice-sur-Lèze;;Lèze Morte;1.331683;43.325562
31517_0084_00103;103;;Route de Marquefave;31410;31517;Saint-Sulpice-sur-Lèze;;;1.309968;43.322749
31517_0119_00013;13;;Chemin de Marty;31410;31517;Saint-Sulpice-sur-Lèze;;;1.332888;43.327293
31517_0035_00010;10;;Chemin Croix de la Garde;31410;31517;Saint-Sulpice-sur-Lèze;;;1.318666;43.334368
31517_0035_00003;3;;Chemin Croix de la Garde;31410;31517;Saint-Sulpice-sur-Lèze;;;1.320588;43.334536
31517_0137_00006;6;;Avenue de Toulouse;31410;31517;Saint-Sulpice-sur-Lèze;;;1.322107;43.332883
31517_0024_00009;9;;Rue de la Chênaie;31410;31517;Saint-Sulpice-sur-Lèze;;;1.318883;43.324346
31517_0035_00002_a;2;a;Chemin Croix de la Garde;31410;31517;Saint-Sulpice-sur-Lèze;;;1.321883;43.333053
31517_0049_00006;6;;Rue Guynemer;31410;31517;Saint-Sulpice-sur-Lèze;;;1.319085;43.327308
31517_0090_00003;3;;Chemin du Moulin;31410;31517;Saint-Sulpice-sur-Lèze;;;1.323253;43.333134
31517_0005_00003;3;;Esplanade André Maurette;31410;31517;Saint-Sulpice-sur-Lèze;;;1.320855;43.328751
31517_0054_00007;7;;Place de l'Hôtel de Ville;31410;31517;Saint-Sulpice-sur-Lèze;;;1.322619;43.328149
31517_0005_00014;14;;Esplanade André Maurette;31410;31517;Saint-Sulpice-sur-Lèze;;;1.319896;43.327823
31517_0115_00019;19;;Rue de la Poste;31410;31517;Saint-Sulpice-sur-Lèze;;;1.321318;43.328351
31517_0016_00004;4;;Rue de Brazii;31410;31517;Saint-Sulpice-sur-Lèze;;;1.317763;43.331192
31517_0139_00004;4;;Rue de Verdun;31410;31517;Saint-Sulpice-sur-Lèze;;;1.321961;43.328722
31517_0083_00006;6;;Avenue Marcel Vidal;31410;31517;Saint-Sulpice-sur-Lèze;;;1.325039;43.328536
31517_1d5d6f_01204;1204;;Route d'Esperce;31410;31517;Saint-Sulpice-sur-Lèze;;Sainte Colombe;1.350924;43.324167
31517_0017_00018_bis;18;bis;Chemin des Burs;31410;31517;Saint-Sulpice-sur-Lèze;;;1.32344;43.33213
31517_6039a1_00003;3;;Espace de la Fraternité;31410;31517;Saint-Sulpice-sur-Lèze;;;1.319192;43.330721
31517_0120_00008;8;;Rue du Régou;31410;31517;Saint-Sulpice-sur-Lèze;;;1.318459;43.329724
31517_0092_00030;30;;Chemin de Mountmaouré;31410;31517;Saint-Sulpice-sur-Lèze;;Mountmaouré;1.311194;43.331768
31517_tt7x6o_00372;372;;Route de Montgazin;31410;31517;Saint-Sulpice-sur-Lèze;;Le Pigné;1.317907;43.314133
31517_0123_00320;320;;Chemin du Sablou;31410;31517;Saint-Sulpice-sur-Lèze;;;1.333535;43.315267
31517_0084_00107;107;;Route de Marquefave;31410;31517;Saint-Sulpice-sur-Lèze;;;1.309609;43.322723
31517_0060_00006;6;;Rue Jean Jaurès;31410;31517;Saint-Sulpice-sur-Lèze;;;1.32403;43.326248
31517_h3kapa_00045;45;;Petite Route de Lézat;31410;31517;Saint-Sulpice-sur-Lèze;;Lèze Morte;1.332139;43.324305
31517_0054_00004_bis;4;bis;Place de l'Hôtel de Ville;31410;31517;Saint-Sulpice-sur-Lèze;;;1.322658;43.32856
31517_0005_00024;24;;Esplanade André Maurette;31410;31517;Saint-Sulpice-sur-Lèze;;;1.319461;43.327817
31517_0084_00011;11;;Route de Marquefave;31410;31517;Saint-Sulpice-sur-Lèze;;;1.321834;43.324405
31517_0041_00002;2;;Place Elie Lacombe;31410;31517;Saint-Sulpice-sur-Lèze;;;1.320721;43.327337
31517_0024_00006;6;;Rue de la Chênaie;31410;31517;Saint-Sulpice-sur-Lèze;;;1.31879;43.324434
31517_0014_00070;70;;Impasse Blaise Pascal;31410;31517;Saint-Sulpice-sur-Lèze;;;1.322818;43.329177
31517_0102_00001;1;;Rue Pasteur;31410;31517;Saint-Sulpice-sur-Lèze;;;1.322071;43.327931
31517_0083_00001;1;;Avenue Marcel Vidal;31410;31517;Saint-Sulpice-sur-Lèze;;;1.323509;43.328301
31517_0118_00052;52;;Rue de la République;31410;31517;Saint-Sulpice-sur-Lèze;;;1.322358;43.327531
31517_0114_00036;36;;Avenue des Pyrénées;31410;31517;Saint-Sulpice-sur-Lèze;;;1.322548;43.325013
31517_ecgp7i_00054;54;;Impasse de Camboulives;31410;31517;Saint-Sulpice-sur-Lèze;;Camboulives;1.377958;43.320373
31517_0121_00029;29;;Chemin de Rosette;31410;31517;Saint-Sulpice-sur-Lèze;;;1.319821;43.333991
31517_0005_00053;53;;Esplanade André Maurette;31410;31517;Saint-Sulpice-sur-Lèze;;;1.318782;43.328466
31517_0060_00010;10;;Rue Jean Jaurès;31410;31517;Saint-Sulpice-sur-Lèze;;;1.324067;43.325675
31517_0118_00040;40;;Rue de la République;31410;31517;Saint-Sulpice-sur-Lèze;;;1.322335;43.328021
31517_cxaa1x_00011;11;;Impasse des Hirondelles;31410;31517;Saint-Sulpice-sur-Lèze;;;1.314459;43.323017
31517_0017_00012;12;;Chemin des Burs;31410;31517;Saint-Sulpice-sur-Lèze;;;1.323625;43.331421
31517_0108_00001;1;;Impasse de Picat;31410;31517;Saint-Sulpice-sur-Lèze;;;1.316404;43.334471
31517_0119_00008;8;;Chemin de Marty;31410;31517;Saint-Sulpice-sur-Lèze;;;1.342046;43.324995
31517_0009_00040;40;;Chemin de Jourdane;31410;31517;Saint-Sulpice-sur-Lèze;;;1.317615;43.320617
31517_0131_00016;16;;Rue Salvador Allende;31410;31517;Saint-Sulpice-sur-Lèze;;;1.315985;43.332377
31517_0138_00003;3;;Rue du Mont Valier;31410;31517;Saint-Sulpice-sur-Lèze;;;1.321947;43.324772
31517_0114_01222;1222;;Avenue des Pyrénées;31410;31517;Saint-Sulpice-sur-Lèze;;Hylas le Vieux;1.327906;43.316209
31517_0115_00008;8;;Rue de la Poste;31410;31517;Saint-Sulpice-sur-Lèze;;;1.321815;43.328272
31517_0011_00001;1;;Chemin de la Barguère;31410;31517;Saint-Sulpice-sur-Lèze;;;1.324065;43.324377
31517_39t5xn_00600;600;;Chemin de Saintes;31410;31517;Saint-Sulpice-sur-Lèze;;;1.370297;43.336704
31517_0017_00002;2;;Chemin des Burs;31410;31517;Saint-Sulpice-sur-Lèze;;;1.323683;43.330628
31517_0119_00081;81;;Chemin de Marty;31410;31517;Saint-Sulpice-sur-Lèze;;;1.340068;43.321648
31517_0114_00032;32;;Avenue des Pyrénées;31410;31517;Saint-Sulpice-sur-Lèze;;;1.322532;43.325209
31517_0005_00039;39;;Esplanade André Maurette;31410;31517;Saint-Sulpice-sur-Lèze;;;1.319219;43.328675
31517_0060_00019;19;;Rue Jean Jaurès;31410;31517;Saint-Sulpice-sur-Lèze;;;1.323931;43.325487
31517_0092_00007;7;;Chemin de Mountmaouré;31410;31517;Saint-Sulpice-sur-Lèze;;Mountmaouré;1.314087;43.331908
31517_0104_00007;7;;Rue Paul Riquet;31410;31517;Saint-Sulpice-sur-Lèze;;;1.32417;43.327929
31517_0118_00009;9;;Rue de la République;31410;31517;Saint-Sulpice-sur-Lèze;;;1.322096;43.329868
31517_0092_00004;4;;Chemin de Mountmaouré;31410;31517;Saint-Sulpice-sur-Lèze;;Mountmaouré;1.31455;43.331759
31517_0005_00041;41;;Esplanade André Maurette;31410;31517;Saint-Sulpice-sur-Lèze;;;1.319154;43.328671
31517_0079_00003;3;;Chemin de Lèze Morte;31410;31517;Saint-Sulpice-sur-Lèze;;;1.328102;43.328148
31517_0120_00011;11;;Rue du Régou;31410;31517;Saint-Sulpice-sur-Lèze;;;1.318125;43.329822
31517_0131_00018;18;;Rue Salvador Allende;31410;31517;Saint-Sulpice-sur-Lèze;;;1.315682;43.332599
31517_0017_00026;26;;Chemin des Burs;31410;31517;Saint-Sulpice-sur-Lèze;;;1.32333;43.33286
31517_0058_00002;2;;Rue des Jardins;31410;31517;Saint-Sulpice-sur-Lèze;;;1.322592;43.324966
31517_0084_00125;125;;Route de Marquefave;31410;31517;Saint-Sulpice-sur-Lèze;;;1.30724;43.322326
31517_0092_00042;42;;Chemin de Mountmaouré;31410;31517;Saint-Sulpice-sur-Lèze;;Mountmaouré;1.310022;43.331748
31517_0005_00055;55;;Esplanade André Maurette;31410;31517;Saint-Sulpice-sur-Lèze;;;1.319341;43.328372
31517_0135_00012;12;;Chemin du Tortillard;31410;31517;Saint-Sulpice-sur-Lèze;;;1.325233;43.328908
31517_0040_00005;5;;Rue de la Fontaine;31410;31517;Saint-Sulpice-sur-Lèze;;;1.320028;43.329153
31517_0049_00005;5;;Rue Guynemer;31410;31517;Saint-Sulpice-sur-Lèze;;;1.319928;43.326945
31517_4qmpv3_01160;1160;;Route de la Méditerranée;31410;31517;Saint-Sulpice-sur-Lèze;;Les Pradets;1.344721;43.33249
31517_0024_00012_bis;12;bis;Rue de la Chênaie;31410;31517;Saint-Sulpice-sur-Lèze;;;1.319591;43.324539
31517_0060_00029;29;;Rue Jean Jaurès;31410;31517;Saint-Sulpice-sur-Lèze;;;1.323894;43.324561
31517_ohsceg_00001;1;;Impasse de la Lèze;31410;31517;Saint-Sulpice-sur-Lèze;;;1.326111;43.332876
31517_0060_00017;17;;Rue Jean Jaurès;31410;31517;Saint-Sulpice-sur-Lèze;;;1.32391;43.325698
31517_0120_00004;4;;Rue du Régou;31410;31517;Saint-Sulpice-sur-Lèze;;;1.318727;43.329709
31517_0087_00005;5;;Boulevard du 8 Mai 1945;31410;31517;Saint-Sulpice-sur-Lèze;;;1.32092;43.327541
31517_0092_00705;705;;Chemin de Mountmaouré;31410;31517;Saint-Sulpice-sur-Lèze;;Mountmaouré;1.306149;43.33162
31517_0042_00009;9;;Rue Etienne Fonfrède;31410;31517;Saint-Sulpice-sur-Lèze;;;1.316978;43.333865
31517_m8vryr_00024;24;;Impasse des Merles;31410;31517;Saint-Sulpice-sur-Lèze;;;1.312685;43.322691
31517_0011_00012;12;;Chemin de la Barguère;31410;31517;Saint-Sulpice-sur-Lèze;;;1.324503;43.324438
31517_vy9rwg_00014;14;;Rue du Cagire;31410;31517;Saint-Sulpice-sur-Lèze;;;1.321287;43.325162
31517_0118_00058;58;;Rue de la République;31410;31517;Saint-Sulpice-sur-Lèze;;;1.322363;43.327349
31517_0118_00053;53;;Rue de la République;31410;31517;Saint-Sulpice-sur-Lèze;;;1.322194;43.328192
31517_0077_00005;5;;Rue Léon Gambetta;31410;31517;Saint-Sulpice-sur-Lèze;;;1.321084;43.329809
31517_0141_00013;13;;Rue Victor Dalayrac;31410;31517;Saint-Sulpice-sur-Lèze;;;1.319973;43.329765
31517_0024_00010;10;;Rue de la Chênaie;31410;31517;Saint-Sulpice-sur-Lèze;;;1.319276;43.324496
31517_kg84xi_00143;143;;Petite Route de Beaumont;31410;31517;Saint-Sulpice-sur-Lèze;;Labat;1.330043;43.341506
31517_0120_00010;10;;Rue du Régou;31410;31517;Saint-Sulpice-sur-Lèze;;;1.318319;43.329733
31517_0116_00046;46;;Chemin des Rives;31410;31517;Saint-Sulpice-sur-Lèze;;;1.327302;43.333142
31517_0107_00001;1;;Rue Pierre Curie;31410;31517;Saint-Sulpice-sur-Lèze;;;1.322301;43.329703
31517_0116_00034;34;;Chemin des Rives;31410;31517;Saint-Sulpice-sur-Lèze;;;1.326518;43.331715
31517_0111_00006;6;;Rue du Presbytère;31410;31517;Saint-Sulpice-sur-Lèze;;;1.320311;43.327454
31517_0003_00008;8;;Rue des Artisans;31410;31517;Saint-Sulpice-sur-Lèze;;;1.315511;43.331039
31517_0028_00018;18;;Passage du Carlit;31410;31517;Saint-Sulpice-sur-Lèze;;;1.321393;43.325456
31517_0104_00013;13;;Rue Paul Riquet;31410;31517;Saint-Sulpice-sur-Lèze;;;1.324074;43.327584
31517_m8vryr_00100;100;;Impasse des Merles;31410;31517;Saint-Sulpice-sur-Lèze;;;1.312971;43.322038
31517_0121_00010;10;;Chemin de Rosette;31410;31517;Saint-Sulpice-sur-Lèze;;;1.320316;43.331278
31517_0032_00007;7;;Chemin Le Corbusier;31410;31517;Saint-Sulpice-sur-Lèze;;;1.325467;43.325077
31517_kg84xi_00004;4;;Petite Route de Beaumont;31410;31517;Saint-Sulpice-sur-Lèze;;;1.330655;43.330871
31517_0035_00012;12;;Chemin Croix de la Garde;31410;31517;Saint-Sulpice-sur-Lèze;;;1.317755;43.334439
31517_0107_00017;17;;Rue Pierre Curie;31410;31517;Saint-Sulpice-sur-Lèze;;;1.323518;43.329082
31517_0087_00016;16;;Boulevard du 8 Mai 1945;31410;31517;Saint-Sulpice-sur-Lèze;;;1.321272;43.328086
31517_0114_01091;1091;;Avenue des Pyrénées;31410;31517;Saint-Sulpice-sur-Lèze;;;1.322913;43.317052
31517_39t5xn_01328;1328;;Chemin de Saintes;31410;31517;Saint-Sulpice-sur-Lèze;;;1.37695;43.333402
31517_0064_00010;10;;Rue du 14 Juillet;31410;31517;Saint-Sulpice-sur-Lèze;;;1.323166;43.32697
31517_0060_00027;27;;Rue Jean Jaurès;31410;31517;Saint-Sulpice-sur-Lèze;;;1.323908;43.32472
31517_0054_00001;1;;Place de l'Hôtel de Ville;31410;31517;Saint-Sulpice-sur-Lèze;;;1.322352;43.328153
31517_0058_00001;1;;Rue des Jardins;31410;31517;Saint-Sulpice-sur-Lèze;;;1.322847;43.324908
31517_0041_00006;6;;Place Elie Lacombe;31410;31517;Saint-Sulpice-sur-Lèze;;;1.320702;43.327074
31517_0120_00018;18;;Rue du Régou;31410;31517;Saint-Sulpice-sur-Lèze;;;1.317423;43.329963
31517_0131_00021;21;;Rue Salvador Allende;31410;31517;Saint-Sulpice-sur-Lèze;;;1.316678;43.332582
31517_0023_00005;5;;Avenue du Cimetière;31410;31517;Saint-Sulpice-sur-Lèze;;;1.318708;43.329054
31517_0084_00080_bis;80;bis;Route de Marquefave;31410;31517;Saint-Sulpice-sur-Lèze;;;1.312775;43.322862
31517_0041_00001;1;;Place Elie Lacombe;31410;31517;Saint-Sulpice-sur-Lèze;;;1.321263;43.32753
31517_0024_00018;18;;Rue de la Chênaie;31410;31517;Saint-Sulpice-sur-Lèze;;;1.318825;43.324878
31517_0117_00002;2;;Chemin de Ricardelle;31410;31517;Saint-Sulpice-sur-Lèze;;;1.318484;43.327089
31517_0120_00009;9;;Rue du Régou;31410;31517;Saint-Sulpice-sur-Lèze;;;1.318635;43.329817
31517_0145_00003;3;;Avenue du Grand Vignemale;31410;31517;Saint-Sulpice-sur-Lèze;;;1.321008;43.324894
31517_0005_00008_bis;8;bis;Esplanade André Maurette;31410;31517;Saint-Sulpice-sur-Lèze;;;1.320379;43.327983
31517_0028_00032;32;;Passage du Carlit;31410;31517;Saint-Sulpice-sur-Lèze;;;1.320905;43.325412
31517_0077_00008;8;;Rue Léon Gambetta;31410;31517;Saint-Sulpice-sur-Lèze;;;1.321379;43.329735
31517_0084_00071;71;;Route de Marquefave;31410;31517;Saint-Sulpice-sur-Lèze;;;1.313256;43.323079
31517_0046_00005;5;;Rue George Sand;31410;31517;Saint-Sulpice-sur-Lèze;;;1.32198;43.326464
31517_0060_00007;7;;Rue Jean Jaurès;31410;31517;Saint-Sulpice-sur-Lèze;;;1.323284;43.326358
31517_0116_00048;48;;Chemin des Rives;31410;31517;Saint-Sulpice-sur-Lèze;;;1.327754;43.332467
31517_0035_00011_ter;11;ter;Chemin Croix de la Garde;31410;31517;Saint-Sulpice-sur-Lèze;;;1.318101;43.334521
31517_0137_00009;9;;Avenue de Toulouse;31410;31517;Saint-Sulpice-sur-Lèze;;;1.321917;43.332642
31517_0116_00044;44;;Chemin des Rives;31410;31517;Saint-Sulpice-sur-Lèze;;;1.327469;43.332298
31517_0032_00003;3;;Chemin Le Corbusier;31410;31517;Saint-Sulpice-sur-Lèze;;;1.325411;43.326065
31517_0042_00004;4;;Rue Etienne Fonfrède;31410;31517;Saint-Sulpice-sur-Lèze;;;1.31721;43.33197
31517_0138_00017;17;;Rue du Mont Valier;31410;31517;Saint-Sulpice-sur-Lèze;;;1.321235;43.3247
31517_071956_00002;2;;Espace de la Paix;31410;31517;Saint-Sulpice-sur-Lèze;;;1.317774;43.3315
31517_0104_00003;3;;Rue Paul Riquet;31410;31517;Saint-Sulpice-sur-Lèze;;;1.324194;43.328237
31517_ohiwk8_00238;238;;Impasse des Chênes;31410;31517;Saint-Sulpice-sur-Lèze;;;1.314309;43.321495
31517_0118_00034;34;;Rue de la République;31410;31517;Saint-Sulpice-sur-Lèze;;;1.322314;43.328908
31517_0104_00009;9;;Rue Paul Riquet;31410;31517;Saint-Sulpice-sur-Lèze;;;1.324099;43.327661
31517_44wsqy_00006;6;;Impasse du 11 Novembre 1918;31410;31517;Saint-Sulpice-sur-Lèze;;;1.322522;43.328833
31517_0135_00016;16;;Chemin du Tortillard;31410;31517;Saint-Sulpice-sur-Lèze;;;1.32513;43.329373
31517_h3kapa_00025;25;;Petite Route de Lézat;31410;31517;Saint-Sulpice-sur-Lèze;;Lèze Morte;1.331517;43.325828
31517_0102_00008;8;;Rue Pasteur;31410;31517;Saint-Sulpice-sur-Lèze;;;1.321609;43.327809
31517_0083_00021;21;;Avenue Marcel Vidal;31410;31517;Saint-Sulpice-sur-Lèze;;;1.331001;43.328264
31517_0043_00002;2;;Rue Frédéric Mistral;31410;31517;Saint-Sulpice-sur-Lèze;;;1.320963;43.328976
31517_0131_00008;8;;Rue Salvador Allende;31410;31517;Saint-Sulpice-sur-Lèze;;;1.315789;43.331808
31517_h3v8st_00117;117;;Impasse de Souleilla de Rigade;31410;31517;Saint-Sulpice-sur-Lèze;;Janiquet;1.369701;43.315103
31517_0005_00026;26;;Esplanade André Maurette;31410;31517;Saint-Sulpice-sur-Lèze;;;1.319408;43.327808
31517_0084_00015;15;;Route de Marquefave;31410;31517;Saint-Sulpice-sur-Lèze;;;1.321415;43.324364
31517_0114_00003;3;;Avenue des Pyrénées;31410;31517;Saint-Sulpice-sur-Lèze;;;1.322247;43.326692
31517_0005_00011;11;;Esplanade André Maurette;31410;31517;Saint-Sulpice-sur-Lèze;;;1.32051;43.328726
31517_0111_00007;7;;Rue du Presbytère;31410;31517;Saint-Sulpice-sur-Lèze;;;1.320316;43.327609
31517_0017_00010;10;;Chemin des Burs;31410;31517;Saint-Sulpice-sur-Lèze;;;1.323645;43.331216
31517_0118_00055;55;;Rue de la République;31410;31517;Saint-Sulpice-sur-Lèze;;;1.322197;43.328152
31517_0137_00024;24;;Avenue de Toulouse;31410;31517;Saint-Sulpice-sur-Lèze;;;1.322222;43.330867
31517_0114_00008_ter;8;ter;Avenue des Pyrénées;31410;31517;Saint-Sulpice-sur-Lèze;;;1.322459;43.326294
31517_0106_00090;90;;Chemin de Pesquiès;31410;31517;Saint-Sulpice-sur-Lèze;;Pesquiès;1.334043;43.329907
31517_0007_00003_bis;3;bis;Rue Armand Barbès;31410;31517;Saint-Sulpice-sur-Lèze;;;1.322511;43.330155
31517_0139_00011_bis;11;bis;Rue de Verdun;31410;31517;Saint-Sulpice-sur-Lèze;;;1.321558;43.328814
31517_0084_00033;33;;Route de Marquefave;31410;31517;Saint-Sulpice-sur-Lèze;;;1.319273;43.324123
31517_0090_00009_bis;9;bis;Chemin du Moulin;31410;31517;Saint-Sulpice-sur-Lèze;;;1.325008;43.33412
31517_0145_00004;4;;Avenue du Grand Vignemale;31410;31517;Saint-Sulpice-sur-Lèze;;;1.320557;43.324904
31517_0119_00006;6;;Chemin de Marty;31410;31517;Saint-Sulpice-sur-Lèze;;Claret;1.335508;43.326239
31517_0114_00003_bis;3;bis;Avenue des Pyrénées;31410;31517;Saint-Sulpice-sur-Lèze;;;1.322219;43.326371
31517_0131_00010;10;;Rue Salvador Allende;31410;31517;Saint-Sulpice-sur-Lèze;;;1.315651;43.331855
31517_vdx3zn_00069;69;;Impasse de Manaud;31410;31517;Saint-Sulpice-sur-Lèze;;;1.315825;43.328624
31517_0085_00376;376;;Chemin de Martrètes;31410;31517;Saint-Sulpice-sur-Lèze;;Martrètes;1.322303;43.310032
31517_0083_00003;3;;Avenue Marcel Vidal;31410;31517;Saint-Sulpice-sur-Lèze;;;1.32367;43.328308
31517_0058_00009;9;;Rue des Jardins;31410;31517;Saint-Sulpice-sur-Lèze;;;1.323303;43.324916
31517_0120_00007;7;;Rue du Régou;31410;31517;Saint-Sulpice-sur-Lèze;;;1.31881;43.329804
31517_dpynp6_00006;6;;Espace de la Liberté;31410;31517;Saint-Sulpice-sur-Lèze;;;1.31862;43.331759
31517_rsnmef_00595;595;;Impasse des Sources;31410;31517;Saint-Sulpice-sur-Lèze;;Vieussac;1.357295;43.324401
31517_0114_00062;62;;Avenue des Pyrénées;31410;31517;Saint-Sulpice-sur-Lèze;;;1.322641;43.323855
31517_0139_00005;5;;Rue de Verdun;31410;31517;Saint-Sulpice-sur-Lèze;;;1.321904;43.328837
31517_0007_00009;9;;Rue Armand Barbès;31410;31517;Saint-Sulpice-sur-Lèze;;;1.323596;43.330137
31517_0118_00079;79;;Rue de la République;31410;31517;Saint-Sulpice-sur-Lèze;;;1.322182;43.327398
31517_0113_00018;18;;Chemin de Picat;31410;31517;Saint-Sulpice-sur-Lèze;;;1.316527;43.335704
31517_kg84xi_00036;36;;Petite Route de Beaumont;31410;31517;Saint-Sulpice-sur-Lèze;;;1.330192;43.331932
31517_kg84xi_00141;141;;Petite Route de Beaumont;31410;31517;Saint-Sulpice-sur-Lèze;;Labat;1.329948;43.34112
31517_h3kapa_00012;12;;Petite Route de Lézat;31410;31517;Saint-Sulpice-sur-Lèze;;Lèze Morte;1.331096;43.327228
31517_0118_00042;42;;Rue de la République;31410;31517;Saint-Sulpice-sur-Lèze;;;1.322334;43.327944
31517_0032_00005;5;;Chemin Le Corbusier;31410;31517;Saint-Sulpice-sur-Lèze;;;1.325457;43.325362
31517_0064_00001;1;;Rue du 14 Juillet;31410;31517;Saint-Sulpice-sur-Lèze;;;1.322401;43.32686
31517_0102_00006;6;;Rue Pasteur;31410;31517;Saint-Sulpice-sur-Lèze;;;1.321676;43.327812
31517_0121_00007;7;;Chemin de Rosette;31410;31517;Saint-Sulpice-sur-Lèze;;;1.320603;43.330992
31517_gn7xks_00084;84;;Impasse des Fauvettes;31410;31517;Saint-Sulpice-sur-Lèze;;;1.312553;43.322185
31517_0024_00017;17;;Rue de la Chênaie;31410;31517;Saint-Sulpice-sur-Lèze;;;1.319217;43.325032
31517_0128_00005;5;;Chemin de Saint Jean;31410;31517;Saint-Sulpice-sur-Lèze;;;1.318032;43.328272
31517_0028_00002;2;;Passage du Carlit;31410;31517;Saint-Sulpice-sur-Lèze;;;1.322145;43.325524
31517_0131_00001;1;;Rue Salvador Allende;31410;31517;Saint-Sulpice-sur-Lèze;;;1.31694;43.331515
31517_0005_00051;51;;Esplanade André Maurette;31410;31517;Saint-Sulpice-sur-Lèze;;;1.318742;43.328623
31517_0016_00005;5;;Rue de Brazii;31410;31517;Saint-Sulpice-sur-Lèze;;;1.318231;43.331236
31517_0119_00014;14;;Chemin de Marty;31410;31517;Saint-Sulpice-sur-Lèze;;;1.345321;43.32152
31517_0098_00079;79;;Route de l'Océan;31410;31517;Saint-Sulpice-sur-Lèze;;;1.313224;43.333997
31517_0131_00011;11;;Rue Salvador Allende;31410;31517;Saint-Sulpice-sur-Lèze;;;1.316136;43.332317
31517_sgwd5i_00695;695;;Impasse de Mounet;31410;31517;Saint-Sulpice-sur-Lèze;;Mounet;1.341492;43.333923
31517_h3kapa_00034_b;34;b;Petite Route de Lézat;31410;31517;Saint-Sulpice-sur-Lèze;;Lèze Morte;1.332914;43.325189
31517_0030_00005;5;;Impasse de la Commanderie;31410;31517;Saint-Sulpice-sur-Lèze;;;1.322565;43.327919
31517_0085_00021;21;;Chemin de Martrètes;31410;31517;Saint-Sulpice-sur-Lèze;;Martrètes;1.322395;43.311628
31517_kw3io8_00714;714;;Impasse de Magnagou-Serny;31410;31517;Saint-Sulpice-sur-Lèze;;Serny;1.362863;43.327638
31517_0118_00056;56;;Rue de la République;31410;31517;Saint-Sulpice-sur-Lèze;;;1.322363;43.327425
31517_0087_00010;10;;Boulevard du 8 Mai 1945;31410;31517;Saint-Sulpice-sur-Lèze;;;1.321264;43.32844
31517_0005_00034;34;;Esplanade André Maurette;31410;31517;Saint-Sulpice-sur-Lèze;;;1.319374;43.328149
31517_0139_00021;21;;Rue de Verdun;31410;31517;Saint-Sulpice-sur-Lèze;;;1.321207;43.328797
31517_0005_00025;25;;Esplanade André Maurette;31410;31517;Saint-Sulpice-sur-Lèze;;;1.319794;43.328702
31517_0032_00016;16;;Chemin Le Corbusier;31410;31517;Saint-Sulpice-sur-Lèze;;;1.325612;43.325426
31517_0116_00035_bis;35;bis;Chemin des Rives;31410;31517;Saint-Sulpice-sur-Lèze;;;1.326703;43.331373
31517_0064_00007;7;;Rue du 14 Juillet;31410;31517;Saint-Sulpice-sur-Lèze;;;1.323057;43.326878
31517_0121_00015;15;;Chemin de Rosette;31410;31517;Saint-Sulpice-sur-Lèze;;;1.320458;43.332582
31517_bl940f_00700;700;;Route des Côteaux;31410;31517;Saint-Sulpice-sur-Lèze;;Carrière;1.376745;43.32617
31517_0003_00007;7;;Rue des Artisans;31410;31517;Saint-Sulpice-sur-Lèze;;;1.316299;43.330539
31517_0049_00010;10;;Rue Guynemer;31410;31517;Saint-Sulpice-sur-Lèze;;;1.31928;43.32683
31517_1njzth_00129;129;;Impasse du Stade;31410;31517;Saint-Sulpice-sur-Lèze;;;1.329111;43.329827
31517_0085_00015;15;;Chemin de Martrètes;31410;31517;Saint-Sulpice-sur-Lèze;;Martrètes;1.323382;43.311392
31517_0017_00004;4;;Chemin des Burs;31410;31517;Saint-Sulpice-sur-Lèze;;;1.323684;43.330697
31517_h3kapa_00030;30;;Petite Route de Lézat;31410;31517;Saint-Sulpice-sur-Lèze;;Lèze Morte;1.33183;43.325589
31517_0087_00008;8;;Boulevard du 8 Mai 1945;31410;31517;Saint-Sulpice-sur-Lèze;;;1.321255;43.328504
31517_0118_00067;67;;Rue de la République;31410;31517;Saint-Sulpice-sur-Lèze;;;1.322201;43.327758
31517_0005_00031;31;;Esplanade André Maurette;31410;31517;Saint-Sulpice-sur-Lèze;;;1.319567;43.328689
31517_0083_00008_bis;8;bis;Avenue Marcel Vidal;31410;31517;Saint-Sulpice-sur-Lèze;;;1.325541;43.328778
31517_t4rfvc_00004;4;;Impasse des Joncs;31410;31517;Saint-Sulpice-sur-Lèze;;;1.319433;43.330066
31517_0049_00008;8;;Rue Guynemer;31410;31517;Saint-Sulpice-sur-Lèze;;;1.319187;43.327034
31517_0118_00025;25;;Rue de la République;31410;31517;Saint-Sulpice-sur-Lèze;;;1.322165;43.329049
31517_0074_00021;21;;Rue Lazare Carnot;31410;31517;Saint-Sulpice-sur-Lèze;;;1.321279;43.326873
31517_0054_00003;3;;Place de l'Hôtel de Ville;31410;31517;Saint-Sulpice-sur-Lèze;;;1.322456;43.328153
31517_0131_00002;2;;Rue Salvador Allende;31410;31517;Saint-Sulpice-sur-Lèze;;;1.316972;43.331145
31517_ohsceg_00002;2;;Impasse de la Lèze;31410;31517;Saint-Sulpice-sur-Lèze;;;1.326539;43.332515
31517_0043_00007;7;;Rue Frédéric Mistral;31410;31517;Saint-Sulpice-sur-Lèze;;;1.32102;43.330061
31517_yeq3nm_00150;150;;Impasse de Mendiac;31410;31517;Saint-Sulpice-sur-Lèze;;Mendiac;1.366881;43.335996
31517_0137_00018;18;;Avenue de Toulouse;31410;31517;Saint-Sulpice-sur-Lèze;;;1.322195;43.33142
31517_h3kapa_00058;58;;Petite Route de Lézat;31410;31517;Saint-Sulpice-sur-Lèze;;Chaumont;1.335063;43.320704
31517_0092_00032;32;;Chemin de Mountmaouré;31410;31517;Saint-Sulpice-sur-Lèze;;Mountmaouré;1.310955;43.331752
31517_0114_00007;7;;Avenue des Pyrénées;31410;31517;Saint-Sulpice-sur-Lèze;;;1.322181;43.325143
31517_0139_00001;1;;Rue de Verdun;31410;31517;Saint-Sulpice-sur-Lèze;;;1.322038;43.328838
31517_0092_00036;36;;Chemin de Mountmaouré;31410;31517;Saint-Sulpice-sur-Lèze;;Mountmaouré;1.310746;43.331754
31517_kg84xi_00019;19;;Petite Route de Beaumont;31410;31517;Saint-Sulpice-sur-Lèze;;Pesquiès;1.330956;43.330614
31517_rsnmef_00207;207;;Impasse des Sources;31410;31517;Saint-Sulpice-sur-Lèze;;Mader;1.353491;43.324873
31517_h3kapa_00049;49;;Petite Route de Lézat;31410;31517;Saint-Sulpice-sur-Lèze;;Lèze Morte;1.332194;43.324125
31517_0024_00012;12;;Rue de la Chênaie;31410;31517;Saint-Sulpice-sur-Lèze;;;1.319328;43.324502
31517_0084_00013;13;;Route de Marquefave;31410;31517;Saint-Sulpice-sur-Lèze;;;1.321492;43.324368
31517_0114_00034;34;;Avenue des Pyrénées;31410;31517;Saint-Sulpice-sur-Lèze;;;1.322536;43.325118
31517_0116_00051;51;;Chemin des Rives;31410;31517;Saint-Sulpice-sur-Lèze;;;1.328453;43.33264
31517_h3kapa_00001;1;;Petite Route de Lézat;31410;31517;Saint-Sulpice-sur-Lèze;;Lèze Morte;1.330519;43.327916
31517_4qmpv3_03575;3575;;Route de la Méditerranée;31410;31517;Saint-Sulpice-sur-Lèze;;L'Eglise;1.371791;43.332997
31517_0017_00025_c;25;c;Chemin des Burs;31410;31517;Saint-Sulpice-sur-Lèze;;;1.324062;43.332685
31517_0131_00005;5;;Rue Salvador Allende;31410;31517;Saint-Sulpice-sur-Lèze;;;1.316518;43.331672
31517_0030_00009;9;;Impasse de la Commanderie;31410;31517;Saint-Sulpice-sur-Lèze;;;1.322675;43.327918
31517_0003_00003;3;;Rue des Artisans;31410;31517;Saint-Sulpice-sur-Lèze;;;1.31668;43.330406
31517_0085_00017;17;;Chemin de Martrètes;31410;31517;Saint-Sulpice-sur-Lèze;;Martrètes;1.32298;43.311408
31517_0139_00008;8;;Rue de Verdun;31410;31517;Saint-Sulpice-sur-Lèze;;;1.321463;43.3287
31517_bl940f_00060;60;;Route des Côteaux;31410;31517;Saint-Sulpice-sur-Lèze;;Saintes;1.377771;43.331766
31517_0062_00008;8;;Rue Jean Moulin;31410;31517;Saint-Sulpice-sur-Lèze;;;1.321053;43.331647
31517_1njzth_00257;257;;Impasse du Stade;31410;31517;Saint-Sulpice-sur-Lèze;;;1.329669;43.329554
31517_0114_00011;11;;Avenue des Pyrénées;31410;31517;Saint-Sulpice-sur-Lèze;;;1.322192;43.325032
31517_0114_01600;1600;;Avenue des Pyrénées;31410;31517;Saint-Sulpice-sur-Lèze;;;1.32488;43.312838
