id;numero;rep;nom_voie;code_postal;code_insee;nom_commune;nom_ancienne_commune;nom_ld;lon;lat
22081_0101_00040;40;;Rue de Licellion;22120;22081;Hillion;;;-2.662123;48.487362
22081_0065_00021;21;;Route de Fortville;22120;22081;Hillion;;;-2.660053;48.511428
22081_0161_00014;14;;Rue du Viaduc;22120;22081;Hillion;;;-2.615105;48.506564
22081_0065_00014;14;;Route de Fortville;22120;22081;Hillion;;;-2.660737;48.511693
22081_0081_00027;27;;Route de Saint-Guimond;22120;22081;Hillion;;;-2.6752;48.525317
22081_0129_00001;1;;Impasse de Pissoison;22120;22081;Hillion;;;-2.67915;48.501363
22081_0012_00009;9;;Venelle de Bourgneuf;22120;22081;Hillion;;;-2.669315;48.512375
22081_0121_00016;16;;Rue des Peupliers;22120;22081;Hillion;;;-2.635032;48.488608
22081_0076_00005;5;;Rue des Grands Champs;22120;22081;Hillion;;;-2.643275;48.481544
22081_0017_00005;5;;Rue des Ecoles;22120;22081;Hillion;;;-2.665848;48.513098
22081_c731_00006;6;;La Ville Pépin;22120;22081;Hillion;;;-2.642717;48.500365
22081_0127_00003;3;;Rue de la Pièce Poulain;22120;22081;Hillion;;;-2.674339;48.523386
22081_0079_00057;57;;Route des Grèves;22120;22081;Hillion;;;-2.669028;48.486556
22081_0009_00016;16;;Rue de la Croix Boissée;22120;22081;Hillion;;;-2.663327;48.512482
22081_0151_00004_b;4;b;Impasse des Sorbiers;22120;22081;Hillion;;;-2.658765;48.498118
22081_0184_00004;4;;Impasse de l'Herbonnet;22120;22081;Hillion;;;-2.637641;48.486186
22081_0038_00001;1;;Rue du 19 mars 1962;22120;22081;Hillion;;;-2.663846;48.516201
22081_0101_00054;54;;Rue de Licellion;22120;22081;Hillion;;;-2.662466;48.48573
22081_0023_00007;7;;Rue du Clos Glot;22120;22081;Hillion;;;-2.643487;48.477534
22081_0065_00029;29;;Route de Fortville;22120;22081;Hillion;;;-2.64777;48.506939
22081_0192_00025;25;;Rue des Sternes;22120;22081;Hillion;;;-2.665512;48.510908
22081_0079_00039;39;;Route des Grèves;22120;22081;Hillion;;;-2.669835;48.491122
22081_0037_00033;33;;Rue du Châtel;22120;22081;Hillion;;;-2.644912;48.485361
22081_0140_00019;19;;Route des Quilles;22120;22081;Hillion;;;-2.653709;48.502204
22081_0101_00009_bis;9;bis;Rue de Licellion;22120;22081;Hillion;;;-2.661421;48.491312
22081_c775_00061;61;;Hameau de Licantois;22120;22081;Hillion;;;-2.629458;48.508226
22081_0134_00005;5;;Rue des Portes;22120;22081;Hillion;;;-2.664669;48.515201
22081_0155_00004_bis;4;bis;Rue de la Tour du Fa;22120;22081;Hillion;;;-2.667251;48.513564
22081_0025_00014;14;;Rue de Brest;22120;22081;Hillion;;;-2.651211;48.485191
22081_0075_00010_bis;10;bis;Route de la Grandville;22120;22081;Hillion;;;-2.665138;48.514389
22081_0065_00028;28;;Route de Fortville;22120;22081;Hillion;;;-2.655425;48.509209
22081_0048_00015;15;;Allée du Ferlas;22120;22081;Hillion;;;-2.666308;48.51778
22081_0170_00001_bis;1;bis;Rue du Champ Maret;22120;22081;Hillion;;;-2.650438;48.484601
22081_0050_00020;20;;Rue de Fontreven;22120;22081;Hillion;;;-2.672525;48.511925
22081_0184_00008_b;8;b;Impasse de l'Herbonnet;22120;22081;Hillion;;;-2.636826;48.486092
22081_0080_00004;4;;Rue de la Gravelle;22120;22081;Hillion;;;-2.668199;48.514722
22081_0009_00002;2;;Rue de la Croix Boissée;22120;22081;Hillion;;;-2.66246;48.512205
22081_0192_00014;14;;Rue des Sternes;22120;22081;Hillion;;;-2.663392;48.511124
22081_6592hv_00015;15;;Pivert;22120;22081;Hillion;;;-2.67257;48.497832
22081_0043_00018;18;;Rue Ernest Renan;22120;22081;Hillion;;;-2.64291;48.485913
22081_0175_00009;9;;Impasse de Carsugat;22120;22081;Hillion;;;-2.624064;48.496383
22081_0052_00009;9;;Rue de la Fontaine;22120;22081;Hillion;;;-2.641677;48.519257
22081_0184_00020;20;;Impasse de l'Herbonnet;22120;22081;Hillion;;;-2.634529;48.485896
22081_0023_00012;12;;Rue du Clos Glot;22120;22081;Hillion;;;-2.644339;48.477363
22081_0169_00001;1;;Impasse de Beau Soleil;22120;22081;Hillion;;;-2.652424;48.485589
22081_0043_00013;13;;Rue Ernest Renan;22120;22081;Hillion;;;-2.642392;48.485595
22081_0076_00001;1;;Rue des Grands Champs;22120;22081;Hillion;;;-2.644228;48.481593
22081_0027_00014;14;;Rue du Clos de l'Epine;22120;22081;Hillion;;;-2.659252;48.500553
22081_0138_00010;10;;Rue de la Presqu'île;22120;22081;Hillion;;;-2.663875;48.514912
22081_0023_00007_bis;7;bis;Rue du Clos Glot;22120;22081;Hillion;;;-2.6437;48.477466
22081_b236_00001;1;;Le Champ Hingant;22120;22081;Hillion;;;-2.623095;48.481817
22081_c711_00007;7;;La Ville Clavet;22120;22081;Hillion;;;-2.654894;48.507704
22081_0127_00011;11;;Rue de la Pièce Poulain;22120;22081;Hillion;;;-2.673287;48.523974
22081_0174_00005;5;;Impasse des Champs Bras;22120;22081;Hillion;;;-2.623539;48.495098
22081_0079_00021;21;;Route des Grèves;22120;22081;Hillion;;;-2.675148;48.49617
22081_0163_00006;6;;Rue de la Vigne;22120;22081;Hillion;;;-2.640657;48.480458
22081_0011_00024;24;;Rue des Bernaches;22120;22081;Hillion;;;-2.670417;48.513013
22081_0140_00014_bis;14;bis;Route des Quilles;22120;22081;Hillion;;;-2.656242;48.50362
22081_0039_00002_e;2;e;Rue du Domaine;22120;22081;Hillion;;;-2.64114;48.486502
22081_0150_00019_b;19;b;Rue Saint-Thomas;22120;22081;Hillion;;;-2.640697;48.484355
22081_0093_00001;1;;Rue des Jonchais;22120;22081;Hillion;;;-2.650503;48.500127
22081_0051_00001_bis;1;bis;Rue de Fonteneau;22120;22081;Hillion;;;-2.668087;48.529327
22081_0066_00009_c;9;c;Rue du Verger de Fortville;22120;22081;Hillion;;;-2.645112;48.506521
22081_0037_00010;10;;Rue du Châtel;22120;22081;Hillion;;;-2.643625;48.487258
22081_0065_00012;12;;Route de Fortville;22120;22081;Hillion;;;-2.661019;48.511859
22081_0022_00030;30;;Rue du Crapont;22120;22081;Hillion;;;-2.668849;48.516877
22081_0027_00015;15;;Rue du Clos de l'Epine;22120;22081;Hillion;;;-2.658596;48.499515
22081_0101_00035;35;;Rue de Licellion;22120;22081;Hillion;;;-2.661362;48.487537
22081_0196_00004;4;;Rue de l'Hôtelet;22120;22081;Hillion;;;-2.666305;48.518351
22081_0100_00007;7;;Rue de la Noë Briens;22120;22081;Hillion;;;-2.662031;48.513317
22081_0032_00001;1;;Rue du Canard;22120;22081;Hillion;;;-2.670622;48.491412
22081_0161_00004;4;;Rue du Viaduc;22120;22081;Hillion;;;-2.616284;48.505649
22081_0117_00009;9;;Rue du Champ Plétan;22120;22081;Hillion;;;-2.6639;48.511617
22081_0087_00006;6;;Rue du 8 mai 1945;22120;22081;Hillion;;;-2.664116;48.515702
22081_0173_00001;1;;Impasse du Château Rouge;22120;22081;Hillion;;;-2.643037;48.48438
22081_0025_00010;10;;Rue de Brest;22120;22081;Hillion;;;-2.649322;48.485173
22081_0117_00003;3;;Rue du Champ Plétan;22120;22081;Hillion;;;-2.664978;48.511529
22081_c775_00028;28;;Hameau de Licantois;22120;22081;Hillion;;;-2.634258;48.508916
22081_0033_00024_bis;24;bis;Route de Carberon;22120;22081;Hillion;;;-2.671769;48.520866
22081_0065_00028_bis;28;bis;Route de Fortville;22120;22081;Hillion;;;-2.654091;48.508817
22081_indujs_00003;3;;Impasse Mytilicole;22120;22081;Hillion;;;-2.656851;48.523256
22081_0100_00008;8;;Rue de la Noë Briens;22120;22081;Hillion;;;-2.661394;48.51297
22081_q11cef_00002;2;;Roscanet;22120;22081;Hillion;;;-2.620222;48.501135
22081_0101_00020;20;;Rue de Licellion;22120;22081;Hillion;;;-2.661497;48.490306
22081_0033_00009;9;;Route de Carberon;22120;22081;Hillion;;;-2.668439;48.518762
22081_0079_00013;13;;Route des Grèves;22120;22081;Hillion;;;-2.676968;48.496116
22081_0009_00010;10;;Rue de la Croix Boissée;22120;22081;Hillion;;;-2.6626;48.512285
22081_0065_00050;50;;Route de Fortville;22120;22081;Hillion;;;-2.646128;48.505784
22081_0170_00006;6;;Rue du Champ Maret;22120;22081;Hillion;;;-2.650084;48.484522
22081_0081_00001;1;;Route de Saint-Guimond;22120;22081;Hillion;;;-2.669184;48.52967
22081_0125_00005;5;;Rue du Petit Pré;22120;22081;Hillion;;;-2.638687;48.487227
22081_0012_00001;1;;Venelle de Bourgneuf;22120;22081;Hillion;;;-2.669664;48.512431
22081_0065_00010_bis;10;bis;Route de Fortville;22120;22081;Hillion;;;-2.661103;48.511909
22081_0158_00018;18;;Rue de Trégot;22120;22081;Hillion;;;-2.667115;48.529129
22081_0038_00004;4;;Rue du 19 mars 1962;22120;22081;Hillion;;;-2.664054;48.516269
22081_0066_00001;1;;Rue du Verger de Fortville;22120;22081;Hillion;;;-2.645463;48.505771
22081_9sk9x5_00016;16;;Route du Tertre Piquet;22120;22081;Hillion;;;-2.665072;48.527354
22081_0065_00010;10;;Route de Fortville;22120;22081;Hillion;;;-2.661391;48.512077
22081_0118_00019;19;;Rue du Champ du Pommier;22120;22081;Hillion;;;-2.664614;48.512369
22081_0022_00001;1;;Rue du Crapont;22120;22081;Hillion;;;-2.66786;48.517082
22081_0101_00038;38;;Rue de Licellion;22120;22081;Hillion;;;-2.66203;48.487565
22081_0039_00011;11;;Rue du Domaine;22120;22081;Hillion;;;-2.642625;48.486602
22081_0126_00007;7;;Rue de la Petite Ligne;22120;22081;Hillion;;;-2.650087;48.503467
22081_0191_00006;6;;Rue des Pluviers;22120;22081;Hillion;;;-2.664121;48.510415
22081_0023_00001_bis;1;bis;Rue du Clos Glot;22120;22081;Hillion;;;-2.6426;48.477778
22081_0079_00004;4;;Route des Grèves;22120;22081;Hillion;;;-2.67479;48.500594
22081_0017_00001;1;;Rue des Ecoles;22120;22081;Hillion;;;-2.665613;48.513275
22081_0140_00013;13;;Route des Quilles;22120;22081;Hillion;;;-2.659019;48.504875
22081_0136_00001;1;;Impasse du Pré de la Mare;22120;22081;Hillion;;;-2.670855;48.485599
22081_c775_00042;42;;Hameau de Licantois;22120;22081;Hillion;;;-2.632134;48.508231
22081_0095_00027;27;;Route de Lermot;22120;22081;Hillion;;;-2.666614;48.525595
22081_0079_00008;8;;Route des Grèves;22120;22081;Hillion;;;-2.676713;48.498799
22081_0131_00012;12;;Impasse du Pont Derlande;22120;22081;Hillion;;;-2.673019;48.489327
22081_0105_00002;2;;Rue de la Mare Noire;22120;22081;Hillion;;;-2.640376;48.485637
22081_0117_00010;10;;Rue du Champ Plétan;22120;22081;Hillion;;;-2.664817;48.511437
22081_0050_00001;1;;Rue de Fontreven;22120;22081;Hillion;;;-2.668652;48.512768
22081_0065_00046_bis;46;bis;Route de Fortville;22120;22081;Hillion;;;-2.647038;48.506292
22081_0050_00011;11;;Rue de Fontreven;22120;22081;Hillion;;;-2.669645;48.512823
22081_0105_00016;16;;Rue de la Mare Noire;22120;22081;Hillion;;;-2.640356;48.484772
22081_0095_00008;8;;Route de Lermot;22120;22081;Hillion;;;-2.667159;48.519329
22081_0067_00003;3;;Impasse du Champ Durand;22120;22081;Hillion;;;-2.668942;48.491764
22081_0025_00012_b;12;b;Rue de Brest;22120;22081;Hillion;;;-2.649969;48.485177
22081_0070_00004_bis;4;bis;Rue du Fournil;22120;22081;Hillion;;;-2.637973;48.48551
22081_kr4sfu_00016;16;;Le Plessix;22120;22081;Hillion;;;-2.641675;48.495179
22081_0066_00002;2;;Rue du Verger de Fortville;22120;22081;Hillion;;;-2.644461;48.506164
22081_0140_00008;8;;Route des Quilles;22120;22081;Hillion;;;-2.658981;48.504706
22081_0076_00015;15;;Rue des Grands Champs;22120;22081;Hillion;;;-2.640852;48.483038
22081_0081_00027_bis;27;bis;Route de Saint-Guimond;22120;22081;Hillion;;;-2.676356;48.52453
22081_0105_00003;3;;Rue de la Mare Noire;22120;22081;Hillion;;;-2.640133;48.485138
22081_0160_00008;8;;Rue des Vergers;22120;22081;Hillion;;;-2.642192;48.488168
22081_0033_00036;36;;Route de Carberon;22120;22081;Hillion;;;-2.673942;48.522389
22081_0043_00003;3;;Rue Ernest Renan;22120;22081;Hillion;;;-2.643975;48.485248
22081_0090_00014;14;;Rue des Jardins;22120;22081;Hillion;;;-2.669893;48.513645
22081_0192_00003;3;;Rue des Sternes;22120;22081;Hillion;;;-2.662269;48.511423
22081_0087_00003;3;;Rue du 8 mai 1945;22120;22081;Hillion;;;-2.663399;48.515938
22081_0066_00009_a;9;a;Rue du Verger de Fortville;22120;22081;Hillion;;;-2.645276;48.506456
22081_0161_00006;6;;Rue du Viaduc;22120;22081;Hillion;;;-2.615988;48.505872
22081_0039_00002;2;;Rue du Domaine;22120;22081;Hillion;;;-2.641613;48.486514
22081_0155_00011;11;;Rue de la Tour du Fa;22120;22081;Hillion;;;-2.667046;48.513734
22081_0155_00023;23;;Rue de la Tour du Fa;22120;22081;Hillion;;;-2.665116;48.513551
22081_0171_00004;4;;Rue d'Eole;22120;22081;Hillion;;;-2.654715;48.484514
22081_0193_00052;52;;Rue des Tadornes;22120;22081;Hillion;;;-2.662012;48.511689
22081_0008_00002;2;;Cour d'En Bas;22120;22081;Hillion;;;-2.668711;48.529564
22081_0095_00026;26;;Route de Lermot;22120;22081;Hillion;;;-2.667629;48.522492
22081_oz9rx3_00013;13;;Route de la Ville Fini;22120;22081;Hillion;;;-2.621862;48.51202
22081_0085_00012;12;;Rue de l'Hôtellerie;22120;22081;Hillion;;;-2.67111;48.513888
22081_0013_00011;11;;Rue de Bel Air;22120;22081;Hillion;;;-2.659664;48.48666
22081_0180_00007;7;;Rue des Charmes;22120;22081;Hillion;;;-2.635387;48.485448
22081_0010_00013;13;;Rue de Bêchas;22120;22081;Hillion;;;-2.638053;48.488093
22081_0197_00037;37;;Rue du Grand Léjon;22120;22081;Hillion;;;-2.663858;48.519104
22081_0153_00017;17;;Rue du Tertre de Fortville;22120;22081;Hillion;;;-2.643371;48.506952
22081_0100_00039;39;;Rue de la Noë Briens;22120;22081;Hillion;;;-2.655133;48.511932
22081_0033_00023;23;;Route de Carberon;22120;22081;Hillion;;;-2.674055;48.522126
22081_0079_00009;9;;Route des Grèves;22120;22081;Hillion;;;-2.677875;48.4986
22081_c328_00009;9;;Le Pont Harcouët;22120;22081;Hillion;;;-2.645108;48.489981
22081_0171_00006;6;;Rue d'Eole;22120;22081;Hillion;;;-2.654727;48.484024
22081_0196_00015;15;;Rue de l'Hôtelet;22120;22081;Hillion;;;-2.665844;48.51835
22081_0197_00021;21;;Rue du Grand Léjon;22120;22081;Hillion;;;-2.664884;48.51837
22081_0121_00007;7;;Rue des Peupliers;22120;22081;Hillion;;;-2.635433;48.488627
22081_c726_00003;3;;La Ville Morand;22120;22081;Hillion;;;-2.651773;48.496817
22081_0160_00007;7;;Rue des Vergers;22120;22081;Hillion;;;-2.64199;48.487928
22081_0105_00014;14;;Rue de la Mare Noire;22120;22081;Hillion;;;-2.640257;48.48481
22081_0120_00003;3;;Rue du Perversy;22120;22081;Hillion;;;-2.6381;48.48678
22081_0174_00007;7;;Impasse des Champs Bras;22120;22081;Hillion;;;-2.622964;48.495763
22081_6592hv_00002;2;;Pivert;22120;22081;Hillion;;;-2.674234;48.498183
22081_0143_00015;15;;Rue de la Roche Martin;22120;22081;Hillion;;;-2.622226;48.492483
22081_0074_00003;3;;Rue Georges Palante;22120;22081;Hillion;;;-2.639276;48.519793
22081_0025_00013;13;;Rue de Brest;22120;22081;Hillion;;;-2.646485;48.484975
22081_0128_00008;8;;Rue des Phares;22120;22081;Hillion;;;-2.665939;48.517363
22081_0045_00011;11;;Rue de l'Etoile;22120;22081;Hillion;;;-2.672327;48.518198
22081_0037_00006;6;;Rue du Châtel;22120;22081;Hillion;;;-2.643425;48.487477
22081_0027_00011;11;;Rue du Clos de l'Epine;22120;22081;Hillion;;;-2.65915;48.500577
22081_0166_00001_bis;1;bis;Route de la Ville Pierre;22120;22081;Hillion;;;-2.644218;48.487727
22081_0174_00003;3;;Impasse des Champs Bras;22120;22081;Hillion;;;-2.623532;48.495587
22081_0131_00016;16;;Impasse du Pont Derlande;22120;22081;Hillion;;;-2.673059;48.489376
22081_0168_00004;4;;Rue des Chênes;22120;22081;Hillion;;;-2.636188;48.488296
22081_c775_00004;4;;Hameau de Licantois;22120;22081;Hillion;;;-2.638223;48.509604
22081_0033_00014;14;;Route de Carberon;22120;22081;Hillion;;;-2.669813;48.519612
22081_0095_00005;5;;Route de Lermot;22120;22081;Hillion;;;-2.667485;48.519076
22081_0025_00011;11;;Rue de Brest;22120;22081;Hillion;;;-2.645825;48.484971
22081_0039_00013;13;;Rue du Domaine;22120;22081;Hillion;;;-2.64291;48.486692
22081_0037_00005;5;;Rue du Châtel;22120;22081;Hillion;;;-2.642873;48.487776
22081_0110_00020;20;;Rue Morin;22120;22081;Hillion;;;-2.641288;48.485696
22081_0004_00011;11;;Impasse Auguste Brizeux;22120;22081;Hillion;;;-2.645926;48.485419
22081_0086_00003;3;;Rue du Houlet;22120;22081;Hillion;;;-2.674144;48.49147
22081_0135_00002;2;;Venelle des Portes;22120;22081;Hillion;;;-2.667174;48.514112
22081_0184_00009;9;;Impasse de l'Herbonnet;22120;22081;Hillion;;;-2.636669;48.486211
22081_0110_00010_a;10;a;Rue Morin;22120;22081;Hillion;;;-2.641478;48.485225
22081_0019_00009;9;;Impasse du Clos des Quilles;22120;22081;Hillion;;;-2.652929;48.503233
22081_0054_00001;1;;Rue de la Fontaine de Tual;22120;22081;Hillion;;;-2.643919;48.505226
22081_c625_00004;4;;Le Tertre de St-René;22120;22081;Hillion;;;-2.617485;48.483728
22081_0010_00004;4;;Rue de Bêchas;22120;22081;Hillion;;;-2.637383;48.487462
22081_0196_00013;13;;Rue de l'Hôtelet;22120;22081;Hillion;;;-2.666154;48.518432
22081_b954_00002;2;;La Lande des Aubiers;22120;22081;Hillion;;;-2.664015;48.498078
22081_0023_00001_ter;1;ter;Rue du Clos Glot;22120;22081;Hillion;;;-2.642417;48.47765
22081_0193_00046;46;;Rue des Tadornes;22120;22081;Hillion;;;-2.661624;48.511382
22081_b946_00006;6;;La Lande David;22120;22081;Hillion;;;-2.633335;48.488154
22081_0124_00002;2;;Rue du Petit Cré;22120;22081;Hillion;;;-2.660805;48.489023
22081_0158_00002;2;;Rue de Trégot;22120;22081;Hillion;;;-2.666944;48.527461
22081_0117_00024;24;;Rue du Champ Plétan;22120;22081;Hillion;;;-2.663229;48.511601
22081_0010_00016;16;;Rue de Bêchas;22120;22081;Hillion;;;-2.637921;48.488855
22081_0118_00007;7;;Rue du Champ du Pommier;22120;22081;Hillion;;;-2.665775;48.512208
22081_0032_00016;16;;Rue du Canard;22120;22081;Hillion;;;-2.674797;48.490976
22081_0153_00015;15;;Rue du Tertre de Fortville;22120;22081;Hillion;;;-2.643607;48.50702
22081_0139_00003;3;;Rue du Puits;22120;22081;Hillion;;;-2.622496;48.493437
22081_0161_00016;16;;Rue du Viaduc;22120;22081;Hillion;;;-2.61538;48.507152
22081_oz9rx3_00006;6;;Route de la Ville Fini;22120;22081;Hillion;;;-2.620296;48.511078
22081_0101_00043;43;;Rue de Licellion;22120;22081;Hillion;;;-2.661846;48.487027
22081_0058_00002;2;;Rue de la Forge de Fortville;22120;22081;Hillion;;;-2.645055;48.505332
22081_5y3eem_00001;1;;La Horvée;22120;22081;Hillion;;;-2.662221;48.516737
22081_0161_00014_bis;14;bis;Rue du Viaduc;22120;22081;Hillion;;;-2.615066;48.506841
22081_0054_00013_bis;13;bis;Rue de la Fontaine de Tual;22120;22081;Hillion;;;-2.642313;48.50623
22081_0079_00019;19;;Route des Grèves;22120;22081;Hillion;;;-2.675768;48.495644
22081_0105_00013;13;;Rue de la Mare Noire;22120;22081;Hillion;;;-2.639704;48.484622
22081_0009_00022;22;;Rue de la Croix Boissée;22120;22081;Hillion;;;-2.663753;48.512642
22081_0072_00003;3;;Allée de Fréhel;22120;22081;Hillion;;;-2.664057;48.517452
22081_0132_00003;3;;Impasse de la Pointe des Guettes;22120;22081;Hillion;;;-2.670882;48.532325
22081_0001_00007;7;;Rue Anatole Le Braz;22120;22081;Hillion;;;-2.646752;48.485536
22081_0184_00013_bis;13;bis;Impasse de l'Herbonnet;22120;22081;Hillion;;;-2.636517;48.486136
22081_0126_00009;9;;Rue de la Petite Ligne;22120;22081;Hillion;;;-2.647826;48.505173
22081_0029_00003;3;;Impasse de Carberon;22120;22081;Hillion;;;-2.675885;48.522227
22081_c035_00006;6;;Le Moulin de la Perche;22120;22081;Hillion;;;-2.612667;48.495037
22081_0039_00003;3;;Rue du Domaine;22120;22081;Hillion;;;-2.641704;48.486416
22081_0150_00043;43;;Rue Saint-Thomas;22120;22081;Hillion;;;-2.635672;48.482624
22081_0075_00010_ter;10;ter;Route de la Grandville;22120;22081;Hillion;;;-2.66501;48.514402
22081_0078_00011_b;11;b;Rue de Guiguihen;22120;22081;Hillion;;;-2.65344;48.504177
22081_0039_00007;7;;Rue du Domaine;22120;22081;Hillion;;;-2.64225;48.486511
22081_indujs_00012;12;;Impasse Mytilicole;22120;22081;Hillion;;;-2.657254;48.523107
22081_0126_00016;16;;Rue de la Petite Ligne;22120;22081;Hillion;;;-2.64723;48.504787
22081_0110_00010_b;10;b;Rue Morin;22120;22081;Hillion;;;-2.641723;48.485442
22081_c736_00015;15;;Les Villes Marottes;22120;22081;Hillion;;;-2.646879;48.498124
22081_0047_00001;1;;Rue des Etangues;22120;22081;Hillion;;;-2.639394;48.483204
22081_0033_00002;2;;Route de Carberon;22120;22081;Hillion;;;-2.668322;48.51876
22081_0090_00005;5;;Rue des Jardins;22120;22081;Hillion;;;-2.670061;48.513125
22081_c736_00007;7;;Les Villes Marottes;22120;22081;Hillion;;;-2.648052;48.497488
22081_0009_00013;13;;Rue de la Croix Boissée;22120;22081;Hillion;;;-2.663967;48.512202
22081_0033_00024_ter;24;ter;Route de Carberon;22120;22081;Hillion;;;-2.671519;48.521289
22081_0089_00009;9;;Rue du Haut du Bois;22120;22081;Hillion;;;-2.640172;48.518848
22081_0045_00008;8;;Rue de l'Etoile;22120;22081;Hillion;;;-2.673182;48.517861
22081_0011_00022;22;;Rue des Bernaches;22120;22081;Hillion;;;-2.670664;48.513001
22081_0048_00011;11;;Allée du Ferlas;22120;22081;Hillion;;;-2.66672;48.517776
22081_0002_00003;3;;Impasse des Alizés;22120;22081;Hillion;;;-2.657922;48.484601
22081_0028_00021;21;;Rue de Casseu;22120;22081;Hillion;;;-2.634666;48.508041
22081_0193_00001;1;;Rue des Tadornes;22120;22081;Hillion;;;-2.665113;48.511108
22081_0120_00004;4;;Rue du Perversy;22120;22081;Hillion;;;-2.638334;48.486662
22081_0140_00002;2;;Route des Quilles;22120;22081;Hillion;;;-2.659984;48.505266
22081_b954_00006;6;;La Lande des Aubiers;22120;22081;Hillion;;;-2.663113;48.499478
22081_0142_00001;1;;Allée Rosédo;22120;22081;Hillion;;;-2.663754;48.517979
22081_0078_00004;4;;Rue de Guiguihen;22120;22081;Hillion;;;-2.653505;48.50352
22081_kr4sfu_00004;4;;Le Plessix;22120;22081;Hillion;;;-2.643451;48.496454
22081_0197_00004;4;;Rue du Grand Léjon;22120;22081;Hillion;;;-2.666822;48.519092
22081_0089_00022;22;;Rue du Haut du Bois;22120;22081;Hillion;;;-2.641233;48.518412
22081_0152_00001;1;;Rue Théodore Botrel;22120;22081;Hillion;;;-2.643468;48.48537
22081_8lbj2u_00004;4;;Belleville;22120;22081;Hillion;;;-2.637647;48.503216
22081_0115_00005;5;;Rue Ollivier Provost;22120;22081;Hillion;;;-2.667522;48.513976
22081_0051_00034;34;;Rue de Fonteneau;22120;22081;Hillion;;;-2.670334;48.53133
22081_0047_00009;9;;Rue des Etangues;22120;22081;Hillion;;;-2.639047;48.482786
22081_0123_00027;27;;Rue de la Petite Gare;22120;22081;Hillion;;;-2.657971;48.499482
22081_0082_00002;2;;Rue des Hautières;22120;22081;Hillion;;;-2.66077;48.4906
22081_0033_00020;20;;Route de Carberon;22120;22081;Hillion;;;-2.67074;48.52012
22081_gwcpxv_00012;12;;Carieux;22120;22081;Hillion;;;-2.635198;48.520271
22081_c715_00002;2;;La Ville es Chiens;22120;22081;Hillion;;;-2.623756;48.50606
22081_0079_00038;38;;Route des Grèves;22120;22081;Hillion;;;-2.669321;48.487712
22081_0089_00016_bis;16;bis;Rue du Haut du Bois;22120;22081;Hillion;;;-2.641758;48.517815
22081_0079_00010;10;;Route des Grèves;22120;22081;Hillion;;;-2.679183;48.49826
22081_0015_00008_bis;8;bis;Rue de Bel Orient;22120;22081;Hillion;;;-2.668356;48.512253
22081_0004_00006;6;;Impasse Auguste Brizeux;22120;22081;Hillion;;;-2.64582;48.485794
22081_oe7h3t_00001;1;;Le Baron;22120;22081;Hillion;;;-2.62015;48.484292
22081_0009_00007;7;;Rue de la Croix Boissée;22120;22081;Hillion;;;-2.663383;48.512394
22081_0030_00004;4;;Rue des Brouettes;22120;22081;Hillion;;;-2.63974;48.485815
22081_0074_00006;6;;Rue Georges Palante;22120;22081;Hillion;;;-2.639206;48.520263
22081_0153_00014;14;;Rue du Tertre de Fortville;22120;22081;Hillion;;;-2.645077;48.507108
22081_0101_00037;37;;Rue de Licellion;22120;22081;Hillion;;;-2.661886;48.487411
22081_0095_00007;7;;Route de Lermot;22120;22081;Hillion;;;-2.667308;48.51921
22081_0176_00009;9;;Rue de la Chicane;22120;22081;Hillion;;;-2.619032;48.502578
22081_0065_00020;20;;Route de Fortville;22120;22081;Hillion;;;-2.659207;48.510814
22081_0043_00007;7;;Rue Ernest Renan;22120;22081;Hillion;;;-2.642982;48.485833
22081_indujs_00006;6;;Impasse Mytilicole;22120;22081;Hillion;;;-2.656839;48.523432
22081_0080_00015;15;;Rue de la Gravelle;22120;22081;Hillion;;;-2.668052;48.515195
22081_0054_00001_t;1;t;Rue de la Fontaine de Tual;22120;22081;Hillion;;;-2.643673;48.505346
22081_0150_00003;3;;Rue Saint-Thomas;22120;22081;Hillion;;;-2.642599;48.484544
22081_0149_00018;18;;Rue de la Source;22120;22081;Hillion;;;-2.675639;48.5249
22081_0071_00003;3;;Rue du Fraîche Clos;22120;22081;Hillion;;;-2.625082;48.491407
22081_0037_00025;25;;Rue du Châtel;22120;22081;Hillion;;;-2.644425;48.486091
22081_0095_00017_b;17;b;Route de Lermot;22120;22081;Hillion;;;-2.667552;48.519737
22081_0117_00020;20;;Rue du Champ Plétan;22120;22081;Hillion;;;-2.663629;48.511541
22081_0196_00017;17;;Rue de l'Hôtelet;22120;22081;Hillion;;;-2.665721;48.518285
22081_0023_00009;9;;Rue du Clos Glot;22120;22081;Hillion;;;-2.643965;48.477379
22081_0118_00012;12;;Rue du Champ du Pommier;22120;22081;Hillion;;;-2.664533;48.512146
22081_0050_00007;7;;Rue de Fontreven;22120;22081;Hillion;;;-2.669412;48.512682
22081_0041_00009;9;;Rue du Clos Guéguen;22120;22081;Hillion;;;-2.665492;48.51264
22081_0197_00031;31;;Rue du Grand Léjon;22120;22081;Hillion;;;-2.664611;48.518837
22081_0050_00013;13;;Rue de Fontreven;22120;22081;Hillion;;;-2.66977;48.512836
22081_0120_00001_bis;1;bis;Rue du Perversy;22120;22081;Hillion;;;-2.638235;48.486752
22081_0104_00003;3;;Rue Louis Guilloux;22120;22081;Hillion;;;-2.645843;48.486164
22081_0129_00010;10;;Impasse de Pissoison;22120;22081;Hillion;;;-2.67904;48.50145
22081_b146_00001;1;;Carquitté d'en Haut;22120;22081;Hillion;;;-2.63173;48.503685
22081_0081_00019;19;;Route de Saint-Guimond;22120;22081;Hillion;;;-2.671322;48.52773
22081_0058_00012;12;;Rue de la Forge de Fortville;22120;22081;Hillion;;;-2.644143;48.504944
22081_0130_00003;3;;Rue de la Porte Roy;22120;22081;Hillion;;;-2.66935;48.513224
22081_0038_00005;5;;Rue du 19 mars 1962;22120;22081;Hillion;;;-2.664382;48.516142
22081_0054_00009;9;;Rue de la Fontaine de Tual;22120;22081;Hillion;;;-2.642904;48.505919
22081_0052_00004;4;;Rue de la Fontaine;22120;22081;Hillion;;;-2.641833;48.518771
22081_0085_00008;8;;Rue de l'Hôtellerie;22120;22081;Hillion;;;-2.670302;48.513888
22081_0066_00008;8;;Rue du Verger de Fortville;22120;22081;Hillion;;;-2.643833;48.50647
22081_0085_00014;14;;Rue de l'Hôtellerie;22120;22081;Hillion;;;-2.673866;48.513912
22081_0054_00010;10;;Rue de la Fontaine de Tual;22120;22081;Hillion;;;-2.642836;48.505859
22081_0148_00012;12;;Rue des Saules;22120;22081;Hillion;;;-2.663516;48.517001
22081_0049_00001;1;;Chemin du Clos Cotte;22120;22081;Hillion;;;-2.667696;48.490852
22081_0140_00019_a;19;a;Route des Quilles;22120;22081;Hillion;;;-2.653538;48.502357
22081_0045_00002;2;;Rue de l'Etoile;22120;22081;Hillion;;;-2.66939;48.519085
22081_0192_00016;16;;Rue des Sternes;22120;22081;Hillion;;;-2.663555;48.511111
22081_0108_00002;2;;Allée des Minquiers;22120;22081;Hillion;;;-2.663092;48.518729
22081_0132_00017;17;;Impasse de la Pointe des Guettes;22120;22081;Hillion;;;-2.669644;48.534321
22081_0168_00005;5;;Rue des Chênes;22120;22081;Hillion;;;-2.636097;48.487839
22081_0025_00008;8;;Rue de Brest;22120;22081;Hillion;;;-2.648628;48.485163
22081_0158_00010;10;;Rue de Trégot;22120;22081;Hillion;;;-2.667689;48.528549
22081_0079_00001;1;;Route des Grèves;22120;22081;Hillion;;;-2.671395;48.50256
22081_enhtlx_00010;10;;L'Orme;22120;22081;Hillion;;;-2.632077;48.503135
22081_0115_00005_bis;5;bis;Rue Ollivier Provost;22120;22081;Hillion;;;-2.667636;48.5148
22081_0101_00017;17;;Rue de Licellion;22120;22081;Hillion;;;-2.660952;48.489972
22081_0040_00003;3;;Place de l'Eglise;22120;22081;Hillion;;;-2.668491;48.513797
22081_oz9rx3_00012_bis;12;bis;Route de la Ville Fini;22120;22081;Hillion;;;-2.621518;48.511826
22081_0171_00018;18;;Rue d'Eole;22120;22081;Hillion;;;-2.65306;48.484898
22081_0193_00005;5;;Rue des Tadornes;22120;22081;Hillion;;;-2.66186;48.511115
22081_0023_00003;3;;Rue du Clos Glot;22120;22081;Hillion;;;-2.642681;48.477751
22081_0110_00003;3;;Rue Morin;22120;22081;Hillion;;;-2.638812;48.486268
22081_0065_00025;25;;Route de Fortville;22120;22081;Hillion;;;-2.659806;48.511283
22081_0152_00002;2;;Rue Théodore Botrel;22120;22081;Hillion;;;-2.643544;48.485459
22081_0082_00012;12;;Rue des Hautières;22120;22081;Hillion;;;-2.658819;48.491053
22081_0132_00011;11;;Impasse de la Pointe des Guettes;22120;22081;Hillion;;;-2.670428;48.533033
22081_0022_00007;7;;Rue du Crapont;22120;22081;Hillion;;;-2.66834;48.516865
22081_kr4sfu_00020;20;;Le Plessix;22120;22081;Hillion;;;-2.641165;48.494887
22081_0123_00022;22;;Rue de la Petite Gare;22120;22081;Hillion;;;-2.656776;48.500194
22081_0150_00015_bis;15;bis;Rue Saint-Thomas;22120;22081;Hillion;;;-2.641242;48.484302
22081_0097_00004;4;;Rue de la Lande de Fortville;22120;22081;Hillion;;;-2.646791;48.505795
22081_oz9rx3_00014;14;;Route de la Ville Fini;22120;22081;Hillion;;;-2.621622;48.511965
22081_oz9rx3_00008_bis;8;bis;Route de la Ville Fini;22120;22081;Hillion;;;-2.620903;48.511123
22081_0176_00011;11;;Rue de la Chicane;22120;22081;Hillion;;;-2.620671;48.50322
22081_0065_00002;2;;Route de Fortville;22120;22081;Hillion;;;-2.662911;48.512943
22081_0050_00015;15;;Rue de Fontreven;22120;22081;Hillion;;;-2.669853;48.512847
22081_0033_00022;22;;Route de Carberon;22120;22081;Hillion;;;-2.670983;48.520268
22081_0128_00004;4;;Rue des Phares;22120;22081;Hillion;;;-2.665899;48.517047
22081_0081_00002;2;;Route de Saint-Guimond;22120;22081;Hillion;;;-2.669238;48.529735
22081_0084_00003;3;;Allée La Horaine;22120;22081;Hillion;;;-2.663102;48.518237
22081_0027_00008;8;;Rue du Clos de l'Epine;22120;22081;Hillion;;;-2.659065;48.50025
22081_0101_00018;18;;Rue de Licellion;22120;22081;Hillion;;;-2.661434;48.490293
22081_0142_00002;2;;Allée Rosédo;22120;22081;Hillion;;;-2.663854;48.517899
22081_0196_00019;19;;Rue de l'Hôtelet;22120;22081;Hillion;;;-2.665581;48.518164
22081_c720_00023;23;;La Ville Amion;22120;22081;Hillion;;;-2.61661;48.488179
22081_0125_00011;11;;Rue du Petit Pré;22120;22081;Hillion;;;-2.638943;48.488115
22081_0043_00011;11;;Rue Ernest Renan;22120;22081;Hillion;;;-2.642452;48.485589
22081_oz9rx3_00013_bis;13;bis;Route de la Ville Fini;22120;22081;Hillion;;;-2.622101;48.512157
22081_0075_00005;5;;Route de la Grandville;22120;22081;Hillion;;;-2.665238;48.514448
22081_0071_00002;2;;Rue du Fraîche Clos;22120;22081;Hillion;;;-2.624083;48.492742
22081_0039_00016;16;;Rue du Domaine;22120;22081;Hillion;;;-2.643047;48.486864
22081_0032_00002;2;;Rue du Canard;22120;22081;Hillion;;;-2.67275;48.491117
22081_0050_00014;14;;Rue de Fontreven;22120;22081;Hillion;;;-2.671844;48.512201
22081_0125_00002;2;;Rue du Petit Pré;22120;22081;Hillion;;;-2.638536;48.486995
22081_0158_00032;32;;Rue de Trégot;22120;22081;Hillion;;;-2.665892;48.529953
22081_0052_00014;14;;Rue de la Fontaine;22120;22081;Hillion;;;-2.641152;48.519381
22081_0180_00018;18;;Rue des Charmes;22120;22081;Hillion;;;-2.635285;48.485571
22081_iqlqfm_00002;2;;Impasse des Forges;22120;22081;Hillion;;;-2.668773;48.513432
22081_0079_00043;43;;Route des Grèves;22120;22081;Hillion;;;-2.669796;48.490687
22081_0034_00006;6;;Impasse Chateaubriand;22120;22081;Hillion;;;-2.644894;48.486347
22081_0192_00022;22;;Rue des Sternes;22120;22081;Hillion;;;-2.664184;48.511059
22081_0128_00002;2;;Rue des Phares;22120;22081;Hillion;;;-2.666555;48.517093
22081_0075_00019;19;;Route de la Grandville;22120;22081;Hillion;;;-2.65633;48.515759
22081_0124_00008_bis;8;bis;Rue du Petit Cré;22120;22081;Hillion;;;-2.659035;48.489471
22081_0009_00009;9;;Rue de la Croix Boissée;22120;22081;Hillion;;;-2.663577;48.512484
22081_0127_00008;8;;Rue de la Pièce Poulain;22120;22081;Hillion;;;-2.674309;48.523266
22081_0033_00001_bis;1;bis;Route de Carberon;22120;22081;Hillion;;;-2.668198;48.517947
22081_0193_00048;48;;Rue des Tadornes;22120;22081;Hillion;;;-2.661686;48.511432
22081_0088_00006;6;;Cour d'En Haut;22120;22081;Hillion;;;-2.669622;48.530248
22081_0115_00014_a;14;a;Rue Ollivier Provost;22120;22081;Hillion;;;-2.667528;48.517963
22081_0130_00012;12;;Rue de la Porte Roy;22120;22081;Hillion;;;-2.669522;48.513175
22081_0037_00002;2;;Rue du Châtel;22120;22081;Hillion;;;-2.642752;48.488029
22081_0052_00023;23;;Rue de la Fontaine;22120;22081;Hillion;;;-2.640331;48.519875
22081_0139_00001;1;;Rue du Puits;22120;22081;Hillion;;;-2.622955;48.493203
22081_0160_00001;1;;Rue des Vergers;22120;22081;Hillion;;;-2.641112;48.487218
22081_0087_00009;9;;Rue du 8 mai 1945;22120;22081;Hillion;;;-2.664146;48.515606
22081_z9qcrq_00002;2;;Crémur;22120;22081;Hillion;;;-2.632423;48.51932
22081_0124_00005;5;;Rue du Petit Cré;22120;22081;Hillion;;;-2.660252;48.489266
22081_0085_00026;26;;Rue de l'Hôtellerie;22120;22081;Hillion;;;-2.675798;48.514146
22081_0001_00006;6;;Rue Anatole Le Braz;22120;22081;Hillion;;;-2.646468;48.486215
22081_0048_00009;9;;Allée du Ferlas;22120;22081;Hillion;;;-2.66691;48.517776
22081_0160_00001_b;1;b;Rue des Vergers;22120;22081;Hillion;;;-2.641363;48.486837
22081_0140_00020_a;20;a;Route des Quilles;22120;22081;Hillion;;;-2.653605;48.501974
22081_0043_00002;2;;Rue Ernest Renan;22120;22081;Hillion;;;-2.644231;48.485104
22081_0015_00006;6;;Rue de Bel Orient;22120;22081;Hillion;;;-2.668315;48.512714
22081_0074_00017;17;;Rue Georges Palante;22120;22081;Hillion;;;-2.640922;48.521823
22081_0153_00003;3;;Rue du Tertre de Fortville;22120;22081;Hillion;;;-2.646141;48.506721
22081_0101_00007;7;;Rue de Licellion;22120;22081;Hillion;;;-2.661465;48.491424
22081_0111_00001;1;;Impasse de la Navière;22120;22081;Hillion;;;-2.644366;48.507249
22081_0125_00004;4;;Rue du Petit Pré;22120;22081;Hillion;;;-2.638491;48.486513
22081_0022_00050;50;;Rue du Crapont;22120;22081;Hillion;;;-2.669416;48.516752
22081_0022_00006_a;6;a;Rue du Crapont;22120;22081;Hillion;;;-2.668055;48.517094
22081_0118_00001;1;;Rue du Champ du Pommier;22120;22081;Hillion;;;-2.665995;48.512189
22081_0045_00005;5;;Rue de l'Etoile;22120;22081;Hillion;;;-2.671486;48.518509
22081_0043_00022;22;;Rue Ernest Renan;22120;22081;Hillion;;;-2.642319;48.485904
22081_0079_00035;35;;Route des Grèves;22120;22081;Hillion;;;-2.670001;48.491428
22081_b807_00001;1;;Le Grand Clos;22120;22081;Hillion;;;-2.62393;48.472879
22081_0058_00008;8;;Rue de la Forge de Fortville;22120;22081;Hillion;;;-2.644575;48.504746
22081_0034_00004;4;;Impasse Chateaubriand;22120;22081;Hillion;;;-2.644943;48.486277
22081_0004_00003;3;;Impasse Auguste Brizeux;22120;22081;Hillion;;;-2.645546;48.485692
22081_c775_00002;2;;Hameau de Licantois;22120;22081;Hillion;;;-2.638431;48.509612
22081_0196_00023;23;;Rue de l'Hôtelet;22120;22081;Hillion;;;-2.665679;48.517953
22081_0011_00002;2;;Rue des Bernaches;22120;22081;Hillion;;;-2.670334;48.513416
22081_0072_00002;2;;Allée de Fréhel;22120;22081;Hillion;;;-2.66402;48.517314
22081_0101_00021;21;;Rue de Licellion;22120;22081;Hillion;;;-2.660985;48.489595
22081_0101_00056;56;;Rue de Licellion;22120;22081;Hillion;;;-2.662639;48.485607
22081_0118_00006;6;;Rue du Champ du Pommier;22120;22081;Hillion;;;-2.66537;48.512149
22081_0133_00005;5;;Rue du Pont Rolland;22120;22081;Hillion;;;-2.638157;48.519433
22081_0030_00008;8;;Rue des Brouettes;22120;22081;Hillion;;;-2.639986;48.485556
22081_0193_00050;50;;Rue des Tadornes;22120;22081;Hillion;;;-2.661851;48.511561
22081_0121_00020;20;;Rue des Peupliers;22120;22081;Hillion;;;-2.635239;48.488757
22081_0079_00036;36;;Route des Grèves;22120;22081;Hillion;;;-2.669748;48.489409
22081_0197_00006;6;;Rue du Grand Léjon;22120;22081;Hillion;;;-2.666663;48.519089
22081_0178_00004;4;;Rue des Châtaigniers;22120;22081;Hillion;;;-2.636278;48.485381
22081_8lbj2u_00006;6;;Belleville;22120;22081;Hillion;;;-2.636874;48.503048
22081_0066_00016;16;;Rue du Verger de Fortville;22120;22081;Hillion;;;-2.642662;48.506998
22081_0054_00016;16;;Rue de la Fontaine de Tual;22120;22081;Hillion;;;-2.642365;48.506105
22081_0163_00001;1;;Rue de la Vigne;22120;22081;Hillion;;;-2.640438;48.480941
22081_0013_00021;21;;Rue de Bel Air;22120;22081;Hillion;;;-2.657959;48.486282
22081_0126_00016_bis;16;bis;Rue de la Petite Ligne;22120;22081;Hillion;;;-2.646908;48.504946
22081_0110_00032;32;;Rue Morin;22120;22081;Hillion;;;-2.636753;48.486685
22081_0133_00003;3;;Rue du Pont Rolland;22120;22081;Hillion;;;-2.638279;48.519405
22081_0127_00007;7;;Rue de la Pièce Poulain;22120;22081;Hillion;;;-2.673728;48.523733
22081_0074_00012;12;;Rue Georges Palante;22120;22081;Hillion;;;-2.639961;48.520776
22081_0163_00007;7;;Rue de la Vigne;22120;22081;Hillion;;;-2.640574;48.47998
22081_0020_00001;1;;Rue Birlange;22120;22081;Hillion;;;-2.667695;48.514159
22081_0101_00019;19;;Rue de Licellion;22120;22081;Hillion;;;-2.660958;48.489818
22081_b040_00003;3;;La Basse Rivière;22120;22081;Hillion;;;-2.609447;48.491442
22081_c715_00010;10;;La Ville es Chiens;22120;22081;Hillion;;;-2.621863;48.505804
22081_0150_00021;21;;Rue Saint-Thomas;22120;22081;Hillion;;;-2.640916;48.484102
22081_0019_00017;17;;Impasse du Clos des Quilles;22120;22081;Hillion;;;-2.652397;48.50265
22081_0100_00014;14;;Rue de la Noë Briens;22120;22081;Hillion;;;-2.660217;48.512604
22081_gwcpxv_00001;1;;Carieux;22120;22081;Hillion;;;-2.635164;48.519596
22081_0083_00006;6;;Impasse des Hauts de Trégot;22120;22081;Hillion;;;-2.66654;48.53028
22081_0163_00023;23;;Rue de la Vigne;22120;22081;Hillion;;;-2.640397;48.478881
22081_0081_00021;21;;Route de Saint-Guimond;22120;22081;Hillion;;;-2.671742;48.527269
22081_0022_00017;17;;Rue du Crapont;22120;22081;Hillion;;;-2.669621;48.516611
22081_0134_00001;1;;Rue des Portes;22120;22081;Hillion;;;-2.664996;48.516039
22081_0108_00004;4;;Allée des Minquiers;22120;22081;Hillion;;;-2.662986;48.518737
22081_0134_00006;6;;Rue des Portes;22120;22081;Hillion;;;-2.665237;48.515676
22081_0107_00005_bis;5;bis;Rue des Marais;22120;22081;Hillion;;;-2.67012;48.512423
22081_0042_00003;3;;Venelle des Ecoles;22120;22081;Hillion;;;-2.665543;48.514281
22081_0019_00005;5;;Impasse du Clos des Quilles;22120;22081;Hillion;;;-2.652876;48.503366
22081_0130_00001_c;1;c;Rue de la Porte Roy;22120;22081;Hillion;;;-2.669124;48.51356
22081_0093_00002;2;;Rue des Jonchais;22120;22081;Hillion;;;-2.65278;48.50148
22081_0160_00016;16;;Rue des Vergers;22120;22081;Hillion;;;-2.643294;48.488806
22081_c711_00015;15;;La Ville Clavet;22120;22081;Hillion;;;-2.6561;48.506982
22081_0101_00016_a;16;a;Rue de Licellion;22120;22081;Hillion;;;-2.661644;48.490698
22081_0141_00002;2;;Place des Quilles;22120;22081;Hillion;;;-2.654089;48.502874
22081_0079_00002;2;;Route des Grèves;22120;22081;Hillion;;;-2.673761;48.501671
22081_0019_00007;7;;Impasse du Clos des Quilles;22120;22081;Hillion;;;-2.652882;48.503289
22081_c775_00014;14;;Hameau de Licantois;22120;22081;Hillion;;;-2.636537;48.509202
22081_0089_00032;32;;Rue du Haut du Bois;22120;22081;Hillion;;;-2.639289;48.519
22081_0121_00001;1;;Rue des Peupliers;22120;22081;Hillion;;;-2.635534;48.487924
22081_c565_00004;4;;La Ville Jéhan;22120;22081;Hillion;;;-2.652874;48.494836
22081_0192_00013;13;;Rue des Sternes;22120;22081;Hillion;;;-2.663108;48.511047
22081_0066_00015;15;;Rue du Verger de Fortville;22120;22081;Hillion;;;-2.639365;48.50788
22081_0078_00015;15;;Rue de Guiguihen;22120;22081;Hillion;;;-2.653121;48.50427
22081_0197_00029;29;;Rue du Grand Léjon;22120;22081;Hillion;;;-2.664566;48.51875
22081_0065_00024;24;;Route de Fortville;22120;22081;Hillion;;;-2.658285;48.510348
22081_0121_00003;3;;Rue des Peupliers;22120;22081;Hillion;;;-2.635252;48.488257
22081_0115_00014_d;14;d;Rue Ollivier Provost;22120;22081;Hillion;;;-2.667379;48.517935
22081_0140_00017;17;;Route des Quilles;22120;22081;Hillion;;;-2.654959;48.503165
22081_0054_00001_b;1;b;Rue de la Fontaine de Tual;22120;22081;Hillion;;;-2.644319;48.505473
22081_0089_00030;30;;Rue du Haut du Bois;22120;22081;Hillion;;;-2.639655;48.518886
22081_kr4sfu_00012;12;;Le Plessix;22120;22081;Hillion;;;-2.641901;48.495846
22081_0009_00020;20;;Rue de la Croix Boissée;22120;22081;Hillion;;;-2.66365;48.512624
22081_c035_00004;4;;Le Moulin de la Perche;22120;22081;Hillion;;;-2.61249;48.495096
22081_0088_00004;4;;Cour d'En Haut;22120;22081;Hillion;;;-2.66957;48.530256
22081_0035_00001;1;;Route de Carmin;22120;22081;Hillion;;;-2.628252;48.48575
22081_0133_00014;14;;Rue du Pont Rolland;22120;22081;Hillion;;;-2.63575;48.51947
22081_0030_00006;6;;Rue des Brouettes;22120;22081;Hillion;;;-2.639891;48.485736
22081_0115_00007;7;;Rue Ollivier Provost;22120;22081;Hillion;;;-2.667543;48.516042
22081_0174_00001;1;;Impasse des Champs Bras;22120;22081;Hillion;;;-2.623543;48.496067
22081_0002_00001;1;;Impasse des Alizés;22120;22081;Hillion;;;-2.657884;48.484668
22081_0126_00003;3;;Rue de la Petite Ligne;22120;22081;Hillion;;;-2.652665;48.502195
22081_0039_00002_c;2;c;Rue du Domaine;22120;22081;Hillion;;;-2.641043;48.486509
22081_0022_00038;38;;Rue du Crapont;22120;22081;Hillion;;;-2.669263;48.516811
22081_0162_00007;7;;Rue de la Ville David;22120;22081;Hillion;;;-2.638434;48.518108
22081_0050_00016;16;;Rue de Fontreven;22120;22081;Hillion;;;-2.672169;48.512045
22081_0089_00002;2;;Rue du Haut du Bois;22120;22081;Hillion;;;-2.645102;48.516807
22081_0150_00045_bis;45;bis;Rue Saint-Thomas;22120;22081;Hillion;;;-2.634138;48.482985
22081_0095_00011;11;;Route de Lermot;22120;22081;Hillion;;;-2.667138;48.519982
22081_0089_00014_bis;14;bis;Rue du Haut du Bois;22120;22081;Hillion;;;-2.641726;48.517888
22081_0133_00033;33;;Rue du Pont Rolland;22120;22081;Hillion;;;-2.634119;48.51943
22081_0065_00034;34;;Route de Fortville;22120;22081;Hillion;;;-2.64966;48.507617
22081_0153_00007_bis;7;bis;Rue du Tertre de Fortville;22120;22081;Hillion;;;-2.645835;48.507082
22081_0038_00006;6;;Rue du 19 mars 1962;22120;22081;Hillion;;;-2.664335;48.516238
22081_0161_00007;7;;Rue du Viaduc;22120;22081;Hillion;;;-2.615099;48.506414
22081_0011_00012;12;;Rue des Bernaches;22120;22081;Hillion;;;-2.671346;48.513329
22081_0155_00013_bis;13;bis;Rue de la Tour du Fa;22120;22081;Hillion;;;-2.666659;48.513804
22081_0019_00002;2;;Impasse du Clos des Quilles;22120;22081;Hillion;;;-2.653404;48.502776
22081_0012_00005;5;;Venelle de Bourgneuf;22120;22081;Hillion;;;-2.669558;48.512413
22081_0197_00030;30;;Rue du Grand Léjon;22120;22081;Hillion;;;-2.664584;48.519012
22081_0150_00037;37;;Rue Saint-Thomas;22120;22081;Hillion;;;-2.635697;48.483612
22081_0038_00003;3;;Rue du 19 mars 1962;22120;22081;Hillion;;;-2.664106;48.516171
22081_0176_00002;2;;Rue de la Chicane;22120;22081;Hillion;;;-2.622822;48.502409
22081_0115_00004;4;;Rue Ollivier Provost;22120;22081;Hillion;;;-2.667432;48.514031
22081_0101_00039;39;;Rue de Licellion;22120;22081;Hillion;;;-2.662047;48.487139
22081_0044_00002;2;;Rue de la Croix Petit Pierre;22120;22081;Hillion;;;-2.663161;48.513609
22081_0025_00012_e;12;e;Rue de Brest;22120;22081;Hillion;;;-2.649901;48.485866
22081_0081_00005;5;;Route de Saint-Guimond;22120;22081;Hillion;;;-2.66955;48.529362
22081_0171_00014;14;;Rue d'Eole;22120;22081;Hillion;;;-2.653059;48.483974
22081_0110_00001_bis;1;bis;Rue Morin;22120;22081;Hillion;;;-2.639863;48.486457
22081_0123_00002_ter;2;ter;Rue de la Petite Gare;22120;22081;Hillion;;;-2.654284;48.501416
22081_0011_00010;10;;Rue des Bernaches;22120;22081;Hillion;;;-2.671313;48.513458
22081_0033_00032;32;;Route de Carberon;22120;22081;Hillion;;;-2.67288;48.521549
22081_0022_00020_c;20;c;Rue du Crapont;22120;22081;Hillion;;;-2.668518;48.516931
22081_0022_00002;2;;Rue du Crapont;22120;22081;Hillion;;;-2.667886;48.517154
22081_0044_00003;3;;Rue de la Croix Petit Pierre;22120;22081;Hillion;;;-2.663301;48.513734
22081_0043_00012;12;;Rue Ernest Renan;22120;22081;Hillion;;;-2.643575;48.485941
22081_c731_00002;2;;La Ville Pépin;22120;22081;Hillion;;;-2.643117;48.500506
22081_0012_00011;11;;Venelle de Bourgneuf;22120;22081;Hillion;;;-2.669047;48.512329
22081_0008_00006;6;;Cour d'En Bas;22120;22081;Hillion;;;-2.668824;48.52942
22081_0118_00009;9;;Rue du Champ du Pommier;22120;22081;Hillion;;;-2.665672;48.512217
22081_0043_00009;9;;Rue Ernest Renan;22120;22081;Hillion;;;-2.642619;48.485808
22081_c775_00055;55;;Hameau de Licantois;22120;22081;Hillion;;;-2.632254;48.508895
22081_0131_00010;10;;Impasse du Pont Derlande;22120;22081;Hillion;;;-2.672712;48.489076
22081_0184_00005;5;;Impasse de l'Herbonnet;22120;22081;Hillion;;;-2.637222;48.486351
22081_0158_00025;25;;Rue de Trégot;22120;22081;Hillion;;;-2.666529;48.529684
22081_0065_00030;30;;Route de Fortville;22120;22081;Hillion;;;-2.653279;48.508709
22081_0150_00017;17;;Rue Saint-Thomas;22120;22081;Hillion;;;-2.641243;48.484154
22081_jts46b_00011;11;;La Couronne;22120;22081;Hillion;;;-2.642002;48.492647
22081_0141_00004;4;;Place des Quilles;22120;22081;Hillion;;;-2.653915;48.502854
22081_c775_00043;43;;Hameau de Licantois;22120;22081;Hillion;;;-2.634825;48.509151
22081_gwcpxv_00018;18;;Carieux;22120;22081;Hillion;;;-2.636358;48.521371
22081_0057_00007;7;;Rue des Dunes;22120;22081;Hillion;;;-2.668497;48.516222
22081_0117_00001;1;;Rue du Champ Plétan;22120;22081;Hillion;;;-2.665253;48.511508
22081_0125_00007;7;;Rue du Petit Pré;22120;22081;Hillion;;;-2.638781;48.487588
22081_enhtlx_00008;8;;L'Orme;22120;22081;Hillion;;;-2.632033;48.503506
22081_0139_00002;2;;Rue du Puits;22120;22081;Hillion;;;-2.623267;48.49296
22081_0048_00002;2;;Allée du Ferlas;22120;22081;Hillion;;;-2.666596;48.517715
22081_0184_00008_a;8;a;Impasse de l'Herbonnet;22120;22081;Hillion;;;-2.636804;48.48609
22081_0101_00003;3;;Rue de Licellion;22120;22081;Hillion;;;-2.661665;48.491855
22081_0004_00008;8;;Impasse Auguste Brizeux;22120;22081;Hillion;;;-2.64606;48.485495
22081_0039_00017;17;;Rue du Domaine;22120;22081;Hillion;;;-2.643277;48.48643
22081_0153_00010;10;;Rue du Tertre de Fortville;22120;22081;Hillion;;;-2.645904;48.506908
22081_0193_00026;26;;Rue des Tadornes;22120;22081;Hillion;;;-2.662677;48.510797
22081_0133_00029;29;;Rue du Pont Rolland;22120;22081;Hillion;;;-2.634545;48.519461
22081_b946_00004;4;;La Lande David;22120;22081;Hillion;;;-2.633618;48.488052
22081_0150_00005;5;;Rue Saint-Thomas;22120;22081;Hillion;;;-2.642253;48.484439
22081_0125_00001;1;;Rue du Petit Pré;22120;22081;Hillion;;;-2.638586;48.486547
22081_c775_00023;23;;Hameau de Licantois;22120;22081;Hillion;;;-2.637013;48.509296
22081_0101_00041;41;;Rue de Licellion;22120;22081;Hillion;;;-2.662108;48.487015
22081_0015_00002;2;;Rue de Bel Orient;22120;22081;Hillion;;;-2.668208;48.513411
22081_0184_00007;7;;Impasse de l'Herbonnet;22120;22081;Hillion;;;-2.637067;48.486206
22081_0110_00034;34;;Rue Morin;22120;22081;Hillion;;;-2.636318;48.486894
22081_0009_00014;14;;Rue de la Croix Boissée;22120;22081;Hillion;;;-2.663127;48.512394
22081_0090_00013;13;;Rue des Jardins;22120;22081;Hillion;;;-2.670019;48.51357
22081_c729_00004;4;;La Ville Orin;22120;22081;Hillion;;;-2.653773;48.516172
22081_0008_00003;3;;Cour d'En Bas;22120;22081;Hillion;;;-2.668505;48.529431
22081_0006_00003;3;;Allée Barnouic;22120;22081;Hillion;;;-2.664923;48.517793
22081_0028_00011;11;;Rue de Casseu;22120;22081;Hillion;;;-2.636616;48.507997
22081_c775_00032;32;;Hameau de Licantois;22120;22081;Hillion;;;-2.633532;48.508758
22081_0033_00029;29;;Route de Carberon;22120;22081;Hillion;;;-2.67469;48.522403
22081_0153_00013;13;;Rue du Tertre de Fortville;22120;22081;Hillion;;;-2.644372;48.507098
22081_0033_00011;11;;Route de Carberon;22120;22081;Hillion;;;-2.668794;48.519027
22081_0057_00010;10;;Rue des Dunes;22120;22081;Hillion;;;-2.668418;48.51619
22081_0043_00019;19;;Rue Ernest Renan;22120;22081;Hillion;;;-2.642118;48.485768
22081_0150_00008;8;;Rue Saint-Thomas;22120;22081;Hillion;;;-2.642341;48.484298
22081_0033_00008;8;;Route de Carberon;22120;22081;Hillion;;;-2.669198;48.519363
22081_0079_00047;47;;Route des Grèves;22120;22081;Hillion;;;-2.66963;48.489084
22081_0066_00013;13;;Rue du Verger de Fortville;22120;22081;Hillion;;;-2.643664;48.506634
22081_0066_00012;12;;Rue du Verger de Fortville;22120;22081;Hillion;;;-2.643426;48.506587
22081_0095_00024;24;;Route de Lermot;22120;22081;Hillion;;;-2.667578;48.522443
22081_0039_00002_f;2;f;Rue du Domaine;22120;22081;Hillion;;;-2.641192;48.486498
22081_0143_00005;5;;Rue de la Roche Martin;22120;22081;Hillion;;;-2.623922;48.493096
22081_0133_00013;13;;Rue du Pont Rolland;22120;22081;Hillion;;;-2.637408;48.519446
22081_0158_00007;7;;Rue de Trégot;22120;22081;Hillion;;;-2.667959;48.528377
22081_0152_00003;3;;Rue Théodore Botrel;22120;22081;Hillion;;;-2.643153;48.485243
22081_0020_00002;2;;Rue Birlange;22120;22081;Hillion;;;-2.667877;48.514168
22081_0101_00046;46;;Rue de Licellion;22120;22081;Hillion;;;-2.662343;48.486821
22081_0197_00034;34;;Rue du Grand Léjon;22120;22081;Hillion;;;-2.663622;48.518972
22081_0079_00024;24;;Route des Grèves;22120;22081;Hillion;;;-2.67342;48.493277
22081_0045_00003;3;;Rue de l'Etoile;22120;22081;Hillion;;;-2.670765;48.518717
22081_0074_00027;27;;Rue Georges Palante;22120;22081;Hillion;;;-2.641099;48.522971
22081_oz9rx3_00003;3;;Route de la Ville Fini;22120;22081;Hillion;;;-2.620647;48.510874
22081_0081_00023;23;;Route de Saint-Guimond;22120;22081;Hillion;;;-2.671936;48.52714
22081_0095_00001;1;;Route de Lermot;22120;22081;Hillion;;;-2.667704;48.518534
22081_gwcpxv_00006;6;;Carieux;22120;22081;Hillion;;;-2.634757;48.520458
22081_0095_00014;14;;Route de Lermot;22120;22081;Hillion;;;-2.666995;48.519857
22081_0070_00006;6;;Rue du Fournil;22120;22081;Hillion;;;-2.63803;48.485214
22081_c775_00001;1;;Hameau de Licantois;22120;22081;Hillion;;;-2.637592;48.510697
22081_0012_00003;3;;Venelle de Bourgneuf;22120;22081;Hillion;;;-2.669604;48.51242
22081_0148_00001_bis;1;bis;Rue des Saules;22120;22081;Hillion;;;-2.663633;48.516751
22081_0076_00006;6;;Rue des Grands Champs;22120;22081;Hillion;;;-2.640193;48.482556
22081_0107_00004;4;;Rue des Marais;22120;22081;Hillion;;;-2.673279;48.504819
22081_0097_00003;3;;Rue de la Lande de Fortville;22120;22081;Hillion;;;-2.647021;48.505271
22081_0076_00008;8;;Rue des Grands Champs;22120;22081;Hillion;;;-2.64002;48.482538
22081_0052_00012;12;;Rue de la Fontaine;22120;22081;Hillion;;;-2.6412;48.519355
22081_0048_00003;3;;Allée du Ferlas;22120;22081;Hillion;;;-2.666884;48.517599
22081_0066_00004;4;;Rue du Verger de Fortville;22120;22081;Hillion;;;-2.644248;48.506268
22081_0116_00001;1;;Impasse de la Pierre Blanche;22120;22081;Hillion;;;-2.667034;48.520686
22081_0197_00039;39;;Rue du Grand Léjon;22120;22081;Hillion;;;-2.663604;48.519012
22081_0095_00004_bis;4;bis;Route de Lermot;22120;22081;Hillion;;;-2.667354;48.518885
22081_0079_00034;34;;Route des Grèves;22120;22081;Hillion;;;-2.66996;48.490747
22081_0052_00001;1;;Rue de la Fontaine;22120;22081;Hillion;;;-2.64202;48.518481
22081_0030_00001_bis;1;bis;Rue des Brouettes;22120;22081;Hillion;;;-2.639808;48.485551
22081_0047_00003;3;;Rue des Etangues;22120;22081;Hillion;;;-2.639386;48.483174
22081_0010_00012_bis;12;bis;Rue de Bêchas;22120;22081;Hillion;;;-2.638251;48.488438
22081_0179_00002;2;;Rue des Noisetiers;22120;22081;Hillion;;;-2.637142;48.485684
22081_0163_00019;19;;Rue de la Vigne;22120;22081;Hillion;;;-2.64034;48.479025
22081_0036_00002;2;;Impasse de Cré;22120;22081;Hillion;;;-2.661027;48.488672
22081_0028_00013;13;;Rue de Casseu;22120;22081;Hillion;;;-2.635543;48.508016
22081_6592hv_00004;4;;Pivert;22120;22081;Hillion;;;-2.674365;48.497936
22081_c775_00040;40;;Hameau de Licantois;22120;22081;Hillion;;;-2.632147;48.508058
22081_0074_00016;16;;Rue Georges Palante;22120;22081;Hillion;;;-2.640254;48.522851
22081_0023_00026;26;;Rue du Clos Glot;22120;22081;Hillion;;;-2.646916;48.476356
22081_0118_00003;3;;Rue du Champ du Pommier;22120;22081;Hillion;;;-2.66593;48.512195
22081_0050_00021;21;;Rue de Fontreven;22120;22081;Hillion;;;-2.673833;48.511059
22081_0098_00002;2;;Impasse du Levant;22120;22081;Hillion;;;-2.653941;48.485554
22081_0050_00017_bis;17;bis;Rue de Fontreven;22120;22081;Hillion;;;-2.67272;48.511803
22081_0081_00015;15;;Route de Saint-Guimond;22120;22081;Hillion;;;-2.6708;48.528027
22081_0014_00002;2;;Route de Bon Abri;22120;22081;Hillion;;;-2.662856;48.515988
22081_0093_00012;12;;Rue des Jonchais;22120;22081;Hillion;;;-2.650314;48.499287
22081_0170_00004;4;;Rue du Champ Maret;22120;22081;Hillion;;;-2.650775;48.484525
22081_0094_00001;1;;Impasse de la Ville Jaffray;22120;22081;Hillion;;;-2.621662;48.50049
22081_0025_00012_a;12;a;Rue de Brest;22120;22081;Hillion;;;-2.649848;48.485176
22081_i3nki5_00003;3;;La Marguette;22120;22081;Hillion;;;-2.644183;48.492089
22081_0025_00023;23;;Rue de Brest;22120;22081;Hillion;;;-2.656318;48.485082
22081_0168_00003_bis;3;bis;Rue des Chênes;22120;22081;Hillion;;;-2.63597;48.487649
22081_oz9rx3_00004;4;;Route de la Ville Fini;22120;22081;Hillion;;;-2.620626;48.510991
22081_0050_00002_bis;2;bis;Rue de Fontreven;22120;22081;Hillion;;;-2.668837;48.513114
22081_0013_00024;24;;Rue de Bel Air;22120;22081;Hillion;;;-2.65833;48.485897
22081_0010_00010;10;;Rue de Bêchas;22120;22081;Hillion;;;-2.637924;48.488128
22081_0127_00006;6;;Rue de la Pièce Poulain;22120;22081;Hillion;;;-2.674376;48.522807
22081_0033_00021;21;;Route de Carberon;22120;22081;Hillion;;;-2.67234;48.52109
22081_0087_00002;2;;Rue du 8 mai 1945;22120;22081;Hillion;;;-2.663473;48.516193
22081_0078_00013;13;;Rue de Guiguihen;22120;22081;Hillion;;;-2.653256;48.504229
22081_0171_00008;8;;Rue d'Eole;22120;22081;Hillion;;;-2.654401;48.483964
22081_0162_00020;20;;Rue de la Ville David;22120;22081;Hillion;;;-2.637795;48.514186
22081_0023_00030;30;;Rue du Clos Glot;22120;22081;Hillion;;;-2.647986;48.476767
22081_0014_00004;4;;Route de Bon Abri;22120;22081;Hillion;;;-2.662769;48.516893
22081_0100_00011;11;;Rue de la Noë Briens;22120;22081;Hillion;;;-2.661484;48.513186
22081_0193_00018;18;;Rue des Tadornes;22120;22081;Hillion;;;-2.663377;48.510629
22081_0022_00014_b;14;b;Rue du Crapont;22120;22081;Hillion;;;-2.668247;48.516995
22081_0065_00017;17;;Route de Fortville;22120;22081;Hillion;;;-2.66081;48.511867
22081_0025_00002;2;;Rue de Brest;22120;22081;Hillion;;;-2.643417;48.484762
22081_0197_00011;11;;Rue du Grand Léjon;22120;22081;Hillion;;;-2.665356;48.518868
22081_0013_00019;19;;Rue de Bel Air;22120;22081;Hillion;;;-2.657997;48.486334
22081_f4qn9f_00014;14;;Carquitté;22120;22081;Hillion;;;-2.631351;48.504716
22081_0137_00007;7;;Rue des Ponts Neufs;22120;22081;Hillion;;;-2.61686;48.505206
22081_0121_00004;4;;Rue des Peupliers;22120;22081;Hillion;;;-2.635427;48.487891
22081_0135_00001;1;;Venelle des Portes;22120;22081;Hillion;;;-2.666104;48.514366
22081_0075_00015;15;;Route de la Grandville;22120;22081;Hillion;;;-2.657534;48.515663
22081_0043_00016;16;;Rue Ernest Renan;22120;22081;Hillion;;;-2.643149;48.485917
22081_0017_00009;9;;Rue des Ecoles;22120;22081;Hillion;;;-2.666165;48.512838
22081_hrxsew_00020;20;;Route de Carsugat;22120;22081;Hillion;;;-2.623774;48.497856
22081_0115_00012_bis;12;bis;Rue Ollivier Provost;22120;22081;Hillion;;;-2.667621;48.517543
22081_0138_00005;5;;Rue de la Presqu'île;22120;22081;Hillion;;;-2.663775;48.515202
22081_0074_00019_b;19;b;Rue Georges Palante;22120;22081;Hillion;;;-2.640977;48.522256
22081_0184_00011;11;;Impasse de l'Herbonnet;22120;22081;Hillion;;;-2.636589;48.486394
22081_0162_00011;11;;Rue de la Ville David;22120;22081;Hillion;;;-2.638297;48.517747
22081_0052_00024;24;;Rue de la Fontaine;22120;22081;Hillion;;;-2.640282;48.519816
22081_0162_00001;1;;Rue de la Ville David;22120;22081;Hillion;;;-2.638792;48.51899
22081_0094_00003;3;;Impasse de la Ville Jaffray;22120;22081;Hillion;;;-2.622167;48.50064
22081_0081_00006;6;;Route de Saint-Guimond;22120;22081;Hillion;;;-2.669648;48.529394
22081_0152_00005;5;;Rue Théodore Botrel;22120;22081;Hillion;;;-2.643027;48.485194
22081_i3nki5_00005;5;;La Marguette;22120;22081;Hillion;;;-2.644743;48.49207
22081_0067_00005;5;;Impasse du Champ Durand;22120;22081;Hillion;;;-2.668371;48.491359
22081_c711_00011;11;;La Ville Clavet;22120;22081;Hillion;;;-2.655953;48.507314
22081_0013_00005;5;;Rue de Bel Air;22120;22081;Hillion;;;-2.661128;48.486774
22081_0043_00005;5;;Rue Ernest Renan;22120;22081;Hillion;;;-2.643364;48.485839
22081_0149_00012;12;;Rue de la Source;22120;22081;Hillion;;;-2.674839;48.524461
22081_0124_00015;15;;Rue du Petit Cré;22120;22081;Hillion;;;-2.658659;48.489779
22081_c711_00019;19;;La Ville Clavet;22120;22081;Hillion;;;-2.65702;48.506888
22081_0105_00009;9;;Rue de la Mare Noire;22120;22081;Hillion;;;-2.639893;48.484628
22081_7bu8hh_00004;4;;Route de la Chouannière;22120;22081;Hillion;;;-2.631015;48.490254
22081_0008_00005;5;;Cour d'En Bas;22120;22081;Hillion;;;-2.668379;48.529389
22081_0156_00004;4;;Allée Tra-Hillion;22120;22081;Hillion;;;-2.664182;48.518346
22081_f4qn9f_00008;8;;Carquitté;22120;22081;Hillion;;;-2.630044;48.505301
22081_0101_00033;33;;Rue de Licellion;22120;22081;Hillion;;;-2.661738;48.487821
22081_0065_00032;32;;Route de Fortville;22120;22081;Hillion;;;-2.651523;48.50825
22081_0126_00014;14;;Rue de la Petite Ligne;22120;22081;Hillion;;;-2.649357;48.503731
22081_0140_00021;21;;Route des Quilles;22120;22081;Hillion;;;-2.653335;48.501936
22081_0075_00016_bis;16;bis;Route de la Grandville;22120;22081;Hillion;;;-2.664133;48.514237
22081_0080_00008;8;;Rue de la Gravelle;22120;22081;Hillion;;;-2.667984;48.515091
22081_0120_00007;7;;Rue du Perversy;22120;22081;Hillion;;;-2.637293;48.487082
22081_b892_00021;21;;La Haute Rivière;22120;22081;Hillion;;;-2.616878;48.495869
22081_0155_00024;24;;Rue de la Tour du Fa;22120;22081;Hillion;;;-2.664138;48.513327
22081_0060_00008;8;;Venelle de la Forge Brûlon;22120;22081;Hillion;;;-2.641296;48.484707
22081_0080_00002;2;;Rue de la Gravelle;22120;22081;Hillion;;;-2.668327;48.51459
22081_0171_00003;3;;Rue d'Eole;22120;22081;Hillion;;;-2.653372;48.48412
22081_0123_00023_bis;23;bis;Rue de la Petite Gare;22120;22081;Hillion;;;-2.65742;48.499703
22081_c035_00008;8;;Le Moulin de la Perche;22120;22081;Hillion;;;-2.612807;48.494988
22081_0014_00028;28;;Route de Bon Abri;22120;22081;Hillion;;;-2.655323;48.523251
22081_0133_00024;24;;Rue du Pont Rolland;22120;22081;Hillion;;;-2.634242;48.519359
22081_0137_00005;5;;Rue des Ponts Neufs;22120;22081;Hillion;;;-2.617878;48.503755
22081_0087_00004;4;;Rue du 8 mai 1945;22120;22081;Hillion;;;-2.663794;48.515737
22081_0123_00023;23;;Rue de la Petite Gare;22120;22081;Hillion;;;-2.657218;48.499849
22081_0113_00003;3;;Impasse du Moulin à vent;22120;22081;Hillion;;;-2.657529;48.483911
22081_0169_00008;8;;Impasse de Beau Soleil;22120;22081;Hillion;;;-2.652199;48.485823
22081_0100_00047;47;;Rue de la Noë Briens;22120;22081;Hillion;;;-2.653311;48.511763
22081_0066_00010;10;;Rue du Verger de Fortville;22120;22081;Hillion;;;-2.643697;48.506536
22081_0133_00017;17;;Rue du Pont Rolland;22120;22081;Hillion;;;-2.636861;48.519436
22081_0101_00014;14;;Rue de Licellion;22120;22081;Hillion;;;-2.661626;48.490825
22081_0163_00010;10;;Rue de la Vigne;22120;22081;Hillion;;;-2.640667;48.48014
22081_0053_00002;2;;Rue de l'Estran;22120;22081;Hillion;;;-2.669416;48.5164
22081_c328_00013;13;;Le Pont Harcouët;22120;22081;Hillion;;;-2.644571;48.490315
22081_c775_00047;47;;Hameau de Licantois;22120;22081;Hillion;;;-2.633999;48.508955
22081_0014_00012;12;;Route de Bon Abri;22120;22081;Hillion;;;-2.659821;48.520725
22081_0149_00006;6;;Rue de la Source;22120;22081;Hillion;;;-2.674828;48.52426
22081_0155_00021;21;;Rue de la Tour du Fa;22120;22081;Hillion;;;-2.665357;48.513582
22081_0140_00007;7;;Route des Quilles;22120;22081;Hillion;;;-2.666503;48.510922
22081_0129_00002;2;;Impasse de Pissoison;22120;22081;Hillion;;;-2.678574;48.498752
22081_0066_00011;11;;Rue du Verger de Fortville;22120;22081;Hillion;;;-2.644303;48.506331
22081_0045_00001_b;1;b;Rue de l'Etoile;22120;22081;Hillion;;;-2.670431;48.518794
22081_0010_00012;12;;Rue de Bêchas;22120;22081;Hillion;;;-2.638009;48.488206
22081_0110_00016;16;;Rue Morin;22120;22081;Hillion;;;-2.641499;48.485581
22081_0001_00010;10;;Rue Anatole Le Braz;22120;22081;Hillion;;;-2.646699;48.485883
22081_0118_00013;13;;Rue du Champ du Pommier;22120;22081;Hillion;;;-2.665407;48.512239
22081_0124_00007;7;;Rue du Petit Cré;22120;22081;Hillion;;;-2.659923;48.489303
22081_0117_00005;5;;Rue du Champ Plétan;22120;22081;Hillion;;;-2.664894;48.511536
22081_0060_00002_a;2;a;Venelle de la Forge Brûlon;22120;22081;Hillion;;;-2.640718;48.485048
22081_0184_00019;19;;Impasse de l'Herbonnet;22120;22081;Hillion;;;-2.63537;48.486016
22081_f44b97_00003;3;;Lermeleu;22120;22081;Hillion;;;-2.649221;48.513273
22081_0075_00013;13;;Route de la Grandville;22120;22081;Hillion;;;-2.657921;48.515606
22081_0101_00023;23;;Rue de Licellion;22120;22081;Hillion;;;-2.66105;48.489345
22081_0025_00015;15;;Rue de Brest;22120;22081;Hillion;;;-2.652005;48.485033
22081_0004_00005;5;;Impasse Auguste Brizeux;22120;22081;Hillion;;;-2.645389;48.485447
22081_0150_00013;13;;Rue Saint-Thomas;22120;22081;Hillion;;;-2.641647;48.484272
22081_0079_00023;23;;Route des Grèves;22120;22081;Hillion;;;-2.674463;48.493796
22081_ch92n9_00011;11;;Quinhouët;22120;22081;Hillion;;;-2.620746;48.477312
22081_ch92n9_00001;1;;Quinhouët;22120;22081;Hillion;;;-2.622202;48.474283
22081_0033_00006;6;;Route de Carberon;22120;22081;Hillion;;;-2.668755;48.519252
22081_0032_00015;15;;Rue du Canard;22120;22081;Hillion;;;-2.672852;48.491016
22081_0138_00009;9;;Rue de la Presqu'île;22120;22081;Hillion;;;-2.663713;48.514947
22081_oz9rx3_00016;16;;Route de la Ville Fini;22120;22081;Hillion;;;-2.621685;48.512011
22081_0123_00028;28;;Rue de la Petite Gare;22120;22081;Hillion;;;-2.660424;48.498395
22081_0110_00026_a;26;a;Rue Morin;22120;22081;Hillion;;;-2.639579;48.486106
22081_ch92n9_00013;13;;Quinhouët;22120;22081;Hillion;;;-2.621041;48.476797
22081_0155_00008;8;;Rue de la Tour du Fa;22120;22081;Hillion;;;-2.666678;48.513577
22081_0095_00002;2;;Route de Lermot;22120;22081;Hillion;;;-2.667647;48.518421
22081_0126_00012;12;;Rue de la Petite Ligne;22120;22081;Hillion;;;-2.650599;48.503118
22081_0117_00030;30;;Rue du Champ Plétan;22120;22081;Hillion;;;-2.662694;48.511779
22081_0115_00011;11;;Rue Ollivier Provost;22120;22081;Hillion;;;-2.668178;48.516423
22081_oz9rx3_00012;12;;Route de la Ville Fini;22120;22081;Hillion;;;-2.621505;48.511805
22081_0138_00006;6;;Rue de la Presqu'île;22120;22081;Hillion;;;-2.664036;48.514902
22081_0132_00013;13;;Impasse de la Pointe des Guettes;22120;22081;Hillion;;;-2.670328;48.533212
22081_enhtlx_00006;6;;L'Orme;22120;22081;Hillion;;;-2.632145;48.503488
22081_gwcpxv_00004;4;;Carieux;22120;22081;Hillion;;;-2.635017;48.52009
22081_0033_00017_bis;17;bis;Route de Carberon;22120;22081;Hillion;;;-2.671614;48.520586
22081_0037_00015;15;;Rue du Châtel;22120;22081;Hillion;;;-2.643892;48.486759
22081_0175_00007;7;;Impasse de Carsugat;22120;22081;Hillion;;;-2.624386;48.496285
22081_oz9rx3_00008;8;;Route de la Ville Fini;22120;22081;Hillion;;;-2.620882;48.511111
22081_0033_00004;4;;Route de Carberon;22120;22081;Hillion;;;-2.668393;48.518861
22081_0150_00007;7;;Rue Saint-Thomas;22120;22081;Hillion;;;-2.642151;48.484409
22081_0158_00017;17;;Rue de Trégot;22120;22081;Hillion;;;-2.66704;48.529315
22081_0124_00009;9;;Rue du Petit Cré;22120;22081;Hillion;;;-2.659616;48.489377
22081_0038_00010;10;;Rue du 19 mars 1962;22120;22081;Hillion;;;-2.664861;48.516179
22081_0107_00007;7;;Rue des Marais;22120;22081;Hillion;;;-2.672368;48.507167
22081_0193_00012;12;;Rue des Tadornes;22120;22081;Hillion;;;-2.664211;48.510652
22081_0037_00004;4;;Rue du Châtel;22120;22081;Hillion;;;-2.642983;48.487878
22081_0045_00007;7;;Rue de l'Etoile;22120;22081;Hillion;;;-2.671739;48.518433
22081_0133_00021;21;;Rue du Pont Rolland;22120;22081;Hillion;;;-2.63637;48.519525
22081_0097_00002;2;;Rue de la Lande de Fortville;22120;22081;Hillion;;;-2.646717;48.505899
22081_0006_00004;4;;Allée Barnouic;22120;22081;Hillion;;;-2.66462;48.517834
22081_0090_00009;9;;Rue des Jardins;22120;22081;Hillion;;;-2.670037;48.513267
22081_0102_00002;2;;Impasse du Marronnier;22120;22081;Hillion;;;-2.636671;48.488766
22081_c736_00017;17;;Les Villes Marottes;22120;22081;Hillion;;;-2.647001;48.498175
22081_0115_00005_bis;5;bis;Rue Ollivier Provost;22120;22081;Hillion;;;-2.667595;48.514526
22081_0037_00012;12;;Rue du Châtel;22120;22081;Hillion;;;-2.643788;48.487079
22081_0114_00002;2;;Chemin de la Motte Verte;22120;22081;Hillion;;;-2.662913;48.517456
22081_0113_00001;1;;Impasse du Moulin à vent;22120;22081;Hillion;;;-2.658015;48.484032
22081_0148_00006;6;;Rue des Saules;22120;22081;Hillion;;;-2.66327;48.516902
22081_0027_00016;16;;Rue du Clos de l'Epine;22120;22081;Hillion;;;-2.658692;48.499468
22081_c775_00045_b;45;b;Hameau de Licantois;22120;22081;Hillion;;;-2.634117;48.509284
22081_0179_00001;1;;Rue des Noisetiers;22120;22081;Hillion;;;-2.636653;48.485712
22081_0137_00002;2;;Rue des Ponts Neufs;22120;22081;Hillion;;;-2.615752;48.505415
22081_0118_00004;4;;Rue du Champ du Pommier;22120;22081;Hillion;;;-2.665634;48.512126
22081_mrtx3a_00003;3;;La Bande;22120;22081;Hillion;;;-2.611061;48.490201
22081_0028_00015;15;;Rue de Casseu;22120;22081;Hillion;;;-2.635285;48.508001
22081_0090_00003;3;;Rue des Jardins;22120;22081;Hillion;;;-2.670071;48.513065
22081_b946_00017;17;;La Lande David;22120;22081;Hillion;;;-2.631224;48.489317
22081_0100_00016;16;;Rue de la Noë Briens;22120;22081;Hillion;;;-2.660084;48.512576
22081_0138_00007;7;;Rue de la Presqu'île;22120;22081;Hillion;;;-2.663756;48.515127
22081_0173_00011;11;;Impasse du Château Rouge;22120;22081;Hillion;;;-2.643356;48.48357
22081_0023_00016;16;;Rue du Clos Glot;22120;22081;Hillion;;;-2.645403;48.476987
22081_0138_00003;3;;Rue de la Presqu'île;22120;22081;Hillion;;;-2.663826;48.515406
22081_0168_00003;3;;Rue des Chênes;22120;22081;Hillion;;;-2.635845;48.487533
22081_0161_00008;8;;Rue du Viaduc;22120;22081;Hillion;;;-2.615701;48.506235
22081_0025_00042;42;;Rue de Brest;22120;22081;Hillion;;;-2.656308;48.485238
22081_0087_00011;11;;Rue du 8 mai 1945;22120;22081;Hillion;;;-2.66449;48.51557
22081_0034_00005;5;;Impasse Chateaubriand;22120;22081;Hillion;;;-2.645277;48.486449
22081_0148_00003;3;;Rue des Saules;22120;22081;Hillion;;;-2.663664;48.516827
22081_0117_00008;8;;Rue du Champ Plétan;22120;22081;Hillion;;;-2.66502;48.511421
22081_0155_00033;33;;Rue de la Tour du Fa;22120;22081;Hillion;;;-2.664032;48.513413
22081_c734_00005;5;;La Ville Rault;22120;22081;Hillion;;;-2.611712;48.483306
22081_c775_00045_c;45;c;Hameau de Licantois;22120;22081;Hillion;;;-2.634016;48.509289
22081_0150_00053;53;;Rue Saint-Thomas;22120;22081;Hillion;;;-2.631247;48.480807
22081_0014_00014;14;;Route de Bon Abri;22120;22081;Hillion;;;-2.658844;48.521102
22081_0100_00010;10;;Rue de la Noë Briens;22120;22081;Hillion;;;-2.661241;48.51297
22081_0150_00049;49;;Rue Saint-Thomas;22120;22081;Hillion;;;-2.633275;48.481641
22081_0081_00016;16;;Route de Saint-Guimond;22120;22081;Hillion;;;-2.670208;48.528602
22081_0052_00010;10;;Rue de la Fontaine;22120;22081;Hillion;;;-2.641429;48.519232
22081_0118_00010;10;;Rue du Champ du Pommier;22120;22081;Hillion;;;-2.664788;48.512107
22081_0191_00002;2;;Rue des Pluviers;22120;22081;Hillion;;;-2.66443;48.510055
22081_0032_00013;13;;Rue du Canard;22120;22081;Hillion;;;-2.672765;48.49105
22081_0142_00003;3;;Allée Rosédo;22120;22081;Hillion;;;-2.663709;48.517939
22081_0052_00022;22;;Rue de la Fontaine;22120;22081;Hillion;;;-2.640437;48.519747
22081_0027_00001;1;;Rue du Clos de l'Epine;22120;22081;Hillion;;;-2.658402;48.499575
22081_0142_00004;4;;Allée Rosédo;22120;22081;Hillion;;;-2.663787;48.517902
22081_0109_00073;73;;Rue Monseigneur Le Mée;22120;22081;Hillion;;;-2.664635;48.485469
22081_0013_00009;9;;Rue de Bel Air;22120;22081;Hillion;;;-2.660582;48.486735
22081_0129_00006;6;;Impasse de Pissoison;22120;22081;Hillion;;;-2.678959;48.500443
22081_0011_00004;4;;Rue des Bernaches;22120;22081;Hillion;;;-2.670574;48.513422
22081_0039_00008;8;;Rue du Domaine;22120;22081;Hillion;;;-2.642313;48.48664
22081_0133_00011;11;;Rue du Pont Rolland;22120;22081;Hillion;;;-2.637456;48.519454
22081_0117_00013;13;;Rue du Champ Plétan;22120;22081;Hillion;;;-2.663334;48.511695
22081_0191_00005;5;;Rue des Pluviers;22120;22081;Hillion;;;-2.664267;48.510362
22081_0191_00012;12;;Rue des Pluviers;22120;22081;Hillion;;;-2.663853;48.510883
22081_0117_00018;18;;Rue du Champ Plétan;22120;22081;Hillion;;;-2.663845;48.511516
22081_0140_00011;11;;Route des Quilles;22120;22081;Hillion;;;-2.666139;48.510463
22081_0027_00003;3;;Rue du Clos de l'Epine;22120;22081;Hillion;;;-2.658616;48.499774
22081_0089_00013;13;;Rue du Haut du Bois;22120;22081;Hillion;;;-2.639928;48.518926
22081_0085_00006;6;;Rue de l'Hôtellerie;22120;22081;Hillion;;;-2.669654;48.513842
22081_0197_00017;17;;Rue du Grand Léjon;22120;22081;Hillion;;;-2.66512;48.518556
22081_0123_00010;10;;Rue de la Petite Gare;22120;22081;Hillion;;;-2.655229;48.500951
22081_0184_00017;17;;Impasse de l'Herbonnet;22120;22081;Hillion;;;-2.63585;48.486062
22081_c496_00001;1;;La Roche Bia;22120;22081;Hillion;;;-2.659367;48.495589
22081_0006_00006;6;;Allée Barnouic;22120;22081;Hillion;;;-2.664668;48.517883
22081_0015_00012;12;;Rue de Bel Orient;22120;22081;Hillion;;;-2.668386;48.512146
22081_0115_00014;14;;Rue Ollivier Provost;22120;22081;Hillion;;;-2.667728;48.517685
22081_0051_00022;22;;Rue de Fonteneau;22120;22081;Hillion;;;-2.669686;48.530773
22081_0101_00048;48;;Rue de Licellion;22120;22081;Hillion;;;-2.662383;48.486668
22081_0022_00013;13;;Rue du Crapont;22120;22081;Hillion;;;-2.669289;48.516738
22081_0022_00040;40;;Rue du Crapont;22120;22081;Hillion;;;-2.669501;48.51672
22081_0153_00007;7;;Rue du Tertre de Fortville;22120;22081;Hillion;;;-2.646162;48.507024
22081_kr4sfu_00022;22;;Le Plessix;22120;22081;Hillion;;;-2.641412;48.494978
22081_0180_00001;1;;Rue des Charmes;22120;22081;Hillion;;;-2.63589;48.485239
22081_c775_00049;49;;Hameau de Licantois;22120;22081;Hillion;;;-2.63365;48.508874
22081_0048_00006;6;;Allée du Ferlas;22120;22081;Hillion;;;-2.666166;48.517652
22081_0118_00017;17;;Rue du Champ du Pommier;22120;22081;Hillion;;;-2.664934;48.512304
22081_0180_00006;6;;Rue des Charmes;22120;22081;Hillion;;;-2.63545;48.485354
22081_0039_00010;10;;Rue du Domaine;22120;22081;Hillion;;;-2.642399;48.48666
22081_0071_00005;5;;Rue du Fraîche Clos;22120;22081;Hillion;;;-2.626073;48.491478
22081_gwcpxv_00010;10;;Carieux;22120;22081;Hillion;;;-2.634997;48.520309
22081_0048_00004;4;;Allée du Ferlas;22120;22081;Hillion;;;-2.666513;48.517719
22081_0072_00004;4;;Allée de Fréhel;22120;22081;Hillion;;;-2.664178;48.51708
22081_arwu96_00001;1;;Grimault;22120;22081;Hillion;;;-2.633594;48.503204
22081_0011_00008;8;;Rue des Bernaches;22120;22081;Hillion;;;-2.671067;48.513452
22081_0011_00003;3;;Rue des Bernaches;22120;22081;Hillion;;;-2.670746;48.513346
22081_0193_00014;14;;Rue des Tadornes;22120;22081;Hillion;;;-2.6638;48.510548
22081_c731_00008;8;;La Ville Pépin;22120;22081;Hillion;;;-2.642005;48.500102
22081_0085_00003;3;;Rue de l'Hôtellerie;22120;22081;Hillion;;;-2.670181;48.513815
22081_0043_00008;8;;Rue Ernest Renan;22120;22081;Hillion;;;-2.643772;48.485728
22081_c715_00008;8;;La Ville es Chiens;22120;22081;Hillion;;;-2.623263;48.505962
22081_0010_00009;9;;Rue de Bêchas;22120;22081;Hillion;;;-2.637736;48.487778
22081_0043_00020;20;;Rue Ernest Renan;22120;22081;Hillion;;;-2.642654;48.485909
22081_0124_00004;4;;Rue du Petit Cré;22120;22081;Hillion;;;-2.659744;48.489256
22081_kr4sfu_00010;10;;Le Plessix;22120;22081;Hillion;;;-2.642035;48.495832
22081_0054_00018;18;;Rue de la Fontaine de Tual;22120;22081;Hillion;;;-2.64209;48.506249
22081_0085_00002;2;;Rue de l'Hôtellerie;22120;22081;Hillion;;;-2.669291;48.513833
22081_0123_00008;8;;Rue de la Petite Gare;22120;22081;Hillion;;;-2.65482;48.501149
22081_0094_00008;8;;Impasse de la Ville Jaffray;22120;22081;Hillion;;;-2.622489;48.500683
22081_0050_00008;8;;Rue de Fontreven;22120;22081;Hillion;;;-2.669252;48.512871
22081_c726_00001;1;;La Ville Morand;22120;22081;Hillion;;;-2.651873;48.496786
22081_0117_00006;6;;Rue du Champ Plétan;22120;22081;Hillion;;;-2.66542;48.51139
22081_0163_00015;15;;Rue de la Vigne;22120;22081;Hillion;;;-2.6405;48.479459
22081_0040_00005;5;;Place de l'Eglise;22120;22081;Hillion;;;-2.668723;48.513777
22081_0128_00004_bis;4;bis;Rue des Phares;22120;22081;Hillion;;;-2.665822;48.517
22081_0089_00012;12;;Rue du Haut du Bois;22120;22081;Hillion;;;-2.64186;48.517951
22081_gwcpxv_00006_bis;6;bis;Carieux;22120;22081;Hillion;;;-2.634687;48.520466
22081_0074_00001;1;;Rue Georges Palante;22120;22081;Hillion;;;-2.639053;48.519295
22081_0170_00001;1;;Rue du Champ Maret;22120;22081;Hillion;;;-2.650679;48.484603
22081_0161_00002;2;;Rue du Viaduc;22120;22081;Hillion;;;-2.61645;48.505458
22081_0054_00006;6;;Rue de la Fontaine de Tual;22120;22081;Hillion;;;-2.643312;48.505446
22081_0072_00005;5;;Allée de Fréhel;22120;22081;Hillion;;;-2.663913;48.517356
22081_0160_00018;18;;Rue des Vergers;22120;22081;Hillion;;;-2.643599;48.489047
22081_0197_00033;33;;Rue du Grand Léjon;22120;22081;Hillion;;;-2.664742;48.518979
22081_0184_00003;3;;Impasse de l'Herbonnet;22120;22081;Hillion;;;-2.637256;48.486226
22081_0089_00010_ter;10;ter;Rue du Haut du Bois;22120;22081;Hillion;;;-2.642085;48.518135
22081_0043_00001;1;;Rue Ernest Renan;22120;22081;Hillion;;;-2.644038;48.485162
22081_0160_00004_bis;4;bis;Rue des Vergers;22120;22081;Hillion;;;-2.641602;48.48788
22081_0074_00002;2;;Rue Georges Palante;22120;22081;Hillion;;;-2.639219;48.519872
22081_0052_00013;13;;Rue de la Fontaine;22120;22081;Hillion;;;-2.641419;48.519369
22081_0130_00001_a;1;a;Rue de la Porte Roy;22120;22081;Hillion;;;-2.669138;48.513512
22081_0134_00012;12;;Rue des Portes;22120;22081;Hillion;;;-2.66501;48.515188
22081_0010_00008;8;;Rue de Bêchas;22120;22081;Hillion;;;-2.637616;48.487805
22081_0052_00018;18;;Rue de la Fontaine;22120;22081;Hillion;;;-2.640817;48.519561
22081_0150_00009;9;;Rue Saint-Thomas;22120;22081;Hillion;;;-2.642073;48.484386
22081_0010_00019;19;;Rue de Bêchas;22120;22081;Hillion;;;-2.638458;48.488423
22081_0033_00019;19;;Route de Carberon;22120;22081;Hillion;;;-2.672103;48.520938
22081_0053_00004;4;;Rue de l'Estran;22120;22081;Hillion;;;-2.669246;48.516465
22081_0085_00031;31;;Rue de l'Hôtellerie;22120;22081;Hillion;;;-2.676107;48.514341
22081_0050_00003;3;;Rue de Fontreven;22120;22081;Hillion;;;-2.668967;48.512786
22081_0065_00044;44;;Route de Fortville;22120;22081;Hillion;;;-2.647796;48.506794
22081_b236_00003;3;;Le Champ Hingant;22120;22081;Hillion;;;-2.623258;48.482007
22081_0051_00008;8;;Rue de Fonteneau;22120;22081;Hillion;;;-2.668782;48.529651
22081_c625_00009;9;;Le Tertre de St-René;22120;22081;Hillion;;;-2.616913;48.48404
22081_0160_00001_a;1;a;Rue des Vergers;22120;22081;Hillion;;;-2.641235;48.486839
22081_b954_00013;13;;La Lande des Aubiers;22120;22081;Hillion;;;-2.66274;48.500134
22081_0081_00020;20;;Route de Saint-Guimond;22120;22081;Hillion;;;-2.671019;48.528025
22081_0015_00008;8;;Rue de Bel Orient;22120;22081;Hillion;;;-2.668322;48.512462
22081_0123_00032;32;;Rue de la Petite Gare;22120;22081;Hillion;;;-2.663204;48.49702
22081_0028_00006;6;;Rue de Casseu;22120;22081;Hillion;;;-2.632882;48.508424
22081_0192_00015;15;;Rue des Sternes;22120;22081;Hillion;;;-2.663344;48.511058
22081_0131_00018;18;;Impasse du Pont Derlande;22120;22081;Hillion;;;-2.673058;48.488873
22081_0152_00008;8;;Rue Théodore Botrel;22120;22081;Hillion;;;-2.642824;48.485347
22081_0149_00014;14;;Rue de la Source;22120;22081;Hillion;;;-2.675024;48.524575
22081_0023_00010;10;;Rue du Clos Glot;22120;22081;Hillion;;;-2.644106;48.477446
22081_0079_00049;49;;Route des Grèves;22120;22081;Hillion;;;-2.669411;48.488118
22081_0163_00017;17;;Rue de la Vigne;22120;22081;Hillion;;;-2.640449;48.479137
22081_0044_00003_bis;3;bis;Rue de la Croix Petit Pierre;22120;22081;Hillion;;;-2.663312;48.514067
22081_0065_00005;5;;Route de Fortville;22120;22081;Hillion;;;-2.662578;48.512884
22081_0054_00015;15;;Rue de la Fontaine de Tual;22120;22081;Hillion;;;-2.641972;48.506415
22081_0033_00022_ter;22;ter;Route de Carberon;22120;22081;Hillion;;;-2.670848;48.520669
22081_0117_00015;15;;Rue du Champ Plétan;22120;22081;Hillion;;;-2.663051;48.511765
22081_0033_00007;7;;Route de Carberon;22120;22081;Hillion;;;-2.668261;48.518436
22081_0004_00004;4;;Impasse Auguste Brizeux;22120;22081;Hillion;;;-2.645954;48.485857
22081_0108_00001;1;;Allée des Minquiers;22120;22081;Hillion;;;-2.663399;48.518484
22081_0078_00005;5;;Rue de Guiguihen;22120;22081;Hillion;;;-2.653984;48.503308
22081_0041_00002;2;;Rue du Clos Guéguen;22120;22081;Hillion;;;-2.666425;48.512435
22081_0037_00001;1;;Rue du Châtel;22120;22081;Hillion;;;-2.642642;48.487929
22081_0060_00002_b;2;b;Venelle de la Forge Brûlon;22120;22081;Hillion;;;-2.640684;48.485069
22081_0079_00017;17;;Route des Grèves;22120;22081;Hillion;;;-2.676586;48.495777
22081_0074_00029;29;;Rue Georges Palante;22120;22081;Hillion;;;-2.641776;48.523263
22081_c715_00014;14;;La Ville es Chiens;22120;22081;Hillion;;;-2.621237;48.505664
22081_0089_00028;28;;Rue du Haut du Bois;22120;22081;Hillion;;;-2.640302;48.518685
22081_0140_00004;4;;Route des Quilles;22120;22081;Hillion;;;-2.659651;48.505083
22081_0074_00006_bis;6;bis;Rue Georges Palante;22120;22081;Hillion;;;-2.639441;48.520502
22081_0123_00025_bis;25;bis;Rue de la Petite Gare;22120;22081;Hillion;;;-2.657719;48.499603
22081_0025_00004;4;;Rue de Brest;22120;22081;Hillion;;;-2.644936;48.485097
22081_0197_00007;7;;Rue du Grand Léjon;22120;22081;Hillion;;;-2.665612;48.519088
22081_0022_00011;11;;Rue du Crapont;22120;22081;Hillion;;;-2.669156;48.51679
22081_0131_00013;13;;Impasse du Pont Derlande;22120;22081;Hillion;;;-2.6721;48.487942
22081_0023_00014;14;;Rue du Clos Glot;22120;22081;Hillion;;;-2.64497;48.47714
22081_0123_00005;5;;Rue de la Petite Gare;22120;22081;Hillion;;;-2.654397;48.501132
22081_gwcpxv_00008;8;;Carieux;22120;22081;Hillion;;;-2.634851;48.520458
22081_0065_00038;38;;Route de Fortville;22120;22081;Hillion;;;-2.648907;48.507281
22081_0093_00008;8;;Rue des Jonchais;22120;22081;Hillion;;;-2.651854;48.500901
22081_0085_00007;7;;Rue de l'Hôtellerie;22120;22081;Hillion;;;-2.670557;48.513813
22081_0109_00055;55;;Rue Monseigneur Le Mée;22120;22081;Hillion;;;-2.671092;48.485388
22081_0081_00004;4;;Route de Saint-Guimond;22120;22081;Hillion;;;-2.669437;48.529594
22081_0138_00008;8;;Rue de la Presqu'île;22120;22081;Hillion;;;-2.663992;48.514854
22081_0105_00008;8;;Rue de la Mare Noire;22120;22081;Hillion;;;-2.640275;48.485312
22081_0033_00010;10;;Route de Carberon;22120;22081;Hillion;;;-2.669301;48.519381
22081_0082_00001;1;;Rue des Hautières;22120;22081;Hillion;;;-2.660993;48.49068
22081_0054_00002;2;;Rue de la Fontaine de Tual;22120;22081;Hillion;;;-2.643857;48.505175
22081_0081_00011;11;;Route de Saint-Guimond;22120;22081;Hillion;;;-2.670086;48.528576
22081_0153_00019;19;;Rue du Tertre de Fortville;22120;22081;Hillion;;;-2.643289;48.506926
22081_0039_00012;12;;Rue du Domaine;22120;22081;Hillion;;;-2.642611;48.486717
22081_0174_00003_bis;3;bis;Impasse des Champs Bras;22120;22081;Hillion;;;-2.623533;48.495164
22081_0079_00053;53;;Route des Grèves;22120;22081;Hillion;;;-2.669075;48.487529
22081_0137_00004;4;;Rue des Ponts Neufs;22120;22081;Hillion;;;-2.613536;48.505974
22081_5y3eem_00009;9;;La Horvée;22120;22081;Hillion;;;-2.661592;48.51692
22081_0081_00005_bis;5;bis;Route de Saint-Guimond;22120;22081;Hillion;;;-2.669427;48.528923
22081_0123_00017_bis;17;bis;Rue de la Petite Gare;22120;22081;Hillion;;;-2.656228;48.500338
22081_0013_00012;12;;Rue de Bel Air;22120;22081;Hillion;;;-2.66058;48.486646
22081_0095_00015;15;;Route de Lermot;22120;22081;Hillion;;;-2.667139;48.519929
22081_0121_00008;8;;Rue des Peupliers;22120;22081;Hillion;;;-2.63512;48.488085
22081_0025_00046;46;;Rue de Brest;22120;22081;Hillion;;;-2.660912;48.4853
22081_0105_00005;5;;Rue de la Mare Noire;22120;22081;Hillion;;;-2.640066;48.484995
22081_0101_00010;10;;Rue de Licellion;22120;22081;Hillion;;;-2.661566;48.491235
22081_0002_00004;4;;Impasse des Alizés;22120;22081;Hillion;;;-2.658175;48.484661
22081_0193_00022;22;;Rue des Tadornes;22120;22081;Hillion;;;-2.663035;48.510711
22081_0150_00047;47;;Rue Saint-Thomas;22120;22081;Hillion;;;-2.634671;48.482271
22081_0025_00002_a;2;a;Rue de Brest;22120;22081;Hillion;;;-2.643506;48.484795
22081_0155_00025;25;;Rue de la Tour du Fa;22120;22081;Hillion;;;-2.664986;48.51363
22081_0196_00007;7;;Rue de l'Hôtelet;22120;22081;Hillion;;;-2.666793;48.518734
22081_0133_00037;37;;Rue du Pont Rolland;22120;22081;Hillion;;;-2.632946;48.519142
22081_0051_00044;44;;Rue de Fonteneau;22120;22081;Hillion;;;-2.671698;48.532483
22081_0014_00010;10;;Route de Bon Abri;22120;22081;Hillion;;;-2.662629;48.517873
22081_6y4y43_00013;13;;Kersaint;22120;22081;Hillion;;;-2.676051;48.52632
22081_0032_00007;7;;Rue du Canard;22120;22081;Hillion;;;-2.672363;48.491157
22081_0184_00012;12;;Impasse de l'Herbonnet;22120;22081;Hillion;;;-2.636093;48.486006
22081_0009_00018;18;;Rue de la Croix Boissée;22120;22081;Hillion;;;-2.663562;48.512586
22081_0044_00009;9;;Rue de la Croix Petit Pierre;22120;22081;Hillion;;;-2.663371;48.51456
22081_0051_00046;46;;Rue de Fonteneau;22120;22081;Hillion;;;-2.6721;48.53283
22081_0031_00002;2;;Impasse du Champ Guérin;22120;22081;Hillion;;;-2.66937;48.488312
22081_0161_00018;18;;Rue du Viaduc;22120;22081;Hillion;;;-2.615626;48.507258
22081_0066_00009_d;9;d;Rue du Verger de Fortville;22120;22081;Hillion;;;-2.644716;48.506353
22081_0051_00007_bis;7;bis;Rue de Fonteneau;22120;22081;Hillion;;;-2.669802;48.530815
22081_gwcpxv_00002_bis;2;bis;Carieux;22120;22081;Hillion;;;-2.635027;48.519817
22081_b807_00003;3;;Le Grand Clos;22120;22081;Hillion;;;-2.623934;48.472376
22081_0108_00003;3;;Allée des Minquiers;22120;22081;Hillion;;;-2.663412;48.518643
22081_0089_00010;10;;Rue du Haut du Bois;22120;22081;Hillion;;;-2.643323;48.517654
22081_c736_00013;13;;Les Villes Marottes;22120;22081;Hillion;;;-2.647663;48.497828
22081_0095_00013;13;;Route de Lermot;22120;22081;Hillion;;;-2.667145;48.519881
22081_0065_00015_bis;15;bis;Route de Fortville;22120;22081;Hillion;;;-2.660958;48.511955
22081_c775_00051;51;;Hameau de Licantois;22120;22081;Hillion;;;-2.633352;48.5088
22081_0081_00012;12;;Route de Saint-Guimond;22120;22081;Hillion;;;-2.670024;48.528918
22081_0117_00007;7;;Rue du Champ Plétan;22120;22081;Hillion;;;-2.664166;48.511592
22081_ik5dh5_00009;9;;Les Aubiers;22120;22081;Hillion;;;-2.663576;48.496594
22081_0180_00014;14;;Rue des Charmes;22120;22081;Hillion;;;-2.63524;48.485488
22081_0080_00001;1;;Rue de la Gravelle;22120;22081;Hillion;;;-2.668454;48.514262
22081_0121_00011;11;;Rue des Peupliers;22120;22081;Hillion;;;-2.636034;48.488612
22081_0160_00002;2;;Rue des Vergers;22120;22081;Hillion;;;-2.640576;48.486608
22081_0197_00020;20;;Rue du Grand Léjon;22120;22081;Hillion;;;-2.665142;48.518498
22081_0047_00013;13;;Rue des Etangues;22120;22081;Hillion;;;-2.638839;48.482526
22081_0078_00010;10;;Rue de Guiguihen;22120;22081;Hillion;;;-2.652487;48.504418
22081_0095_00005_bis;5;bis;Route de Lermot;22120;22081;Hillion;;;-2.667707;48.519109
22081_0150_00001;1;;Rue Saint-Thomas;22120;22081;Hillion;;;-2.64274;48.484591
22081_0009_00026;26;;Rue de la Croix Boissée;22120;22081;Hillion;;;-2.66428;48.512459
22081_0153_00012;12;;Rue du Tertre de Fortville;22120;22081;Hillion;;;-2.645263;48.507128
22081_0047_00009_bis;9;bis;Rue des Etangues;22120;22081;Hillion;;;-2.63901;48.482732
22081_0025_00021;21;;Rue de Brest;22120;22081;Hillion;;;-2.655807;48.485063
22081_0022_00003;3;;Rue du Crapont;22120;22081;Hillion;;;-2.668043;48.516988
22081_0028_00004;4;;Rue de Casseu;22120;22081;Hillion;;;-2.633021;48.508408
22081_0100_00030;30;;Rue de la Noë Briens;22120;22081;Hillion;;;-2.658542;48.512389
22081_0028_00002;2;;Rue de Casseu;22120;22081;Hillion;;;-2.633597;48.508231
22081_0153_00011;11;;Rue du Tertre de Fortville;22120;22081;Hillion;;;-2.645187;48.507198
22081_f4qn9f_00006;6;;Carquitté;22120;22081;Hillion;;;-2.629907;48.505346
22081_ch92n9_00003;3;;Quinhouët;22120;22081;Hillion;;;-2.621633;48.474919
22081_0101_00024;24;;Rue de Licellion;22120;22081;Hillion;;;-2.661523;48.489787
22081_0044_00005;5;;Rue de la Croix Petit Pierre;22120;22081;Hillion;;;-2.663321;48.514298
22081_0132_00007;7;;Impasse de la Pointe des Guettes;22120;22081;Hillion;;;-2.670629;48.532702
22081_0134_00004;4;;Rue des Portes;22120;22081;Hillion;;;-2.665195;48.515861
22081_0060_00006;6;;Venelle de la Forge Brûlon;22120;22081;Hillion;;;-2.641112;48.484816
22081_0081_00018;18;;Route de Saint-Guimond;22120;22081;Hillion;;;-2.670842;48.528111
22081_0173_00003;3;;Impasse du Château Rouge;22120;22081;Hillion;;;-2.643071;48.484126
22081_0193_00038;38;;Rue des Tadornes;22120;22081;Hillion;;;-2.661491;48.511082
22081_0137_00013;13;;Rue des Ponts Neufs;22120;22081;Hillion;;;-2.614035;48.505868
22081_0123_00004;4;;Rue de la Petite Gare;22120;22081;Hillion;;;-2.654517;48.501304
22081_indujs_00009;9;;Impasse Mytilicole;22120;22081;Hillion;;;-2.6575;48.52275
22081_0127_00010;10;;Rue de la Pièce Poulain;22120;22081;Hillion;;;-2.673664;48.523669
22081_0101_00044;44;;Rue de Licellion;22120;22081;Hillion;;;-2.662291;48.486962
22081_oz9rx3_00007;7;;Route de la Ville Fini;22120;22081;Hillion;;;-2.621456;48.511508
22081_0192_00030;30;;Rue des Sternes;22120;22081;Hillion;;;-2.665631;48.510944
22081_0168_00009;9;;Rue des Chênes;22120;22081;Hillion;;;-2.636297;48.488207
22081_0010_00015;15;;Rue de Bêchas;22120;22081;Hillion;;;-2.638213;48.488247
22081_0110_00006;6;;Rue Morin;22120;22081;Hillion;;;-2.642241;48.485111
22081_0115_00009;9;;Rue Ollivier Provost;22120;22081;Hillion;;;-2.667492;48.516486
22081_101xzc_00004;4;;Tanio;22120;22081;Hillion;;;-2.627888;48.516429
22081_0037_00016;16;;Rue du Châtel;22120;22081;Hillion;;;-2.644013;48.486833
22081_0109_00057;57;;Rue Monseigneur Le Mée;22120;22081;Hillion;;;-2.670692;48.485371
22081_0123_00017;17;;Rue de la Petite Gare;22120;22081;Hillion;;;-2.656313;48.500297
22081_0014_00009;9;;Route de Bon Abri;22120;22081;Hillion;;;-2.662746;48.517837
22081_0170_00003;3;;Rue du Champ Maret;22120;22081;Hillion;;;-2.650244;48.4846
22081_0052_00015;15;;Rue de la Fontaine;22120;22081;Hillion;;;-2.641256;48.519438
22081_0032_00014;14;;Rue du Canard;22120;22081;Hillion;;;-2.674385;48.490845
22081_0131_00005;5;;Impasse du Pont Derlande;22120;22081;Hillion;;;-2.672855;48.488231
22081_0115_00005_bis;5;bis;Rue Ollivier Provost;22120;22081;Hillion;;;-2.667619;48.514685
22081_0065_00007;7;;Route de Fortville;22120;22081;Hillion;;;-2.662378;48.51277
22081_0123_00005_bis;5;bis;Rue de la Petite Gare;22120;22081;Hillion;;;-2.654123;48.501323
22081_0133_00043;43;;Rue du Pont Rolland;22120;22081;Hillion;;;-2.62245;48.519736
22081_0045_00009;9;;Rue de l'Etoile;22120;22081;Hillion;;;-2.671946;48.518354
22081_b946_00014;14;;La Lande David;22120;22081;Hillion;;;-2.631211;48.489118
22081_0037_00023;23;;Rue du Châtel;22120;22081;Hillion;;;-2.644362;48.486178
22081_0173_00009;9;;Impasse du Château Rouge;22120;22081;Hillion;;;-2.643066;48.483998
22081_0130_00010;10;;Rue de la Porte Roy;22120;22081;Hillion;;;-2.669426;48.513268
22081_0090_00017;17;;Rue des Jardins;22120;22081;Hillion;;;-2.669945;48.514398
22081_0025_00025;25;;Rue de Brest;22120;22081;Hillion;;;-2.656731;48.485084
22081_0033_00018_ter;18;ter;Route de Carberon;22120;22081;Hillion;;;-2.670509;48.519984
22081_0070_00002_bis;2;bis;Rue du Fournil;22120;22081;Hillion;;;-2.638168;48.48583
22081_0037_00031;31;;Rue du Châtel;22120;22081;Hillion;;;-2.64476;48.48562
22081_0184_00010;10;;Impasse de l'Herbonnet;22120;22081;Hillion;;;-2.636278;48.486028
22081_0037_00008;8;;Rue du Châtel;22120;22081;Hillion;;;-2.64348;48.487417
22081_0196_00021;21;;Rue de l'Hôtelet;22120;22081;Hillion;;;-2.665605;48.518043
22081_0197_00027;27;;Rue du Grand Léjon;22120;22081;Hillion;;;-2.664521;48.518678
22081_0133_00006;6;;Rue du Pont Rolland;22120;22081;Hillion;;;-2.637537;48.519079
22081_0025_00040;40;;Rue de Brest;22120;22081;Hillion;;;-2.656037;48.485235
22081_0134_00009;9;;Rue des Portes;22120;22081;Hillion;;;-2.664788;48.515128
22081_0032_00008;8;;Rue du Canard;22120;22081;Hillion;;;-2.673539;48.490845
22081_0110_00014;14;;Rue Morin;22120;22081;Hillion;;;-2.641654;48.485485
22081_0180_00003;3;;Rue des Charmes;22120;22081;Hillion;;;-2.635687;48.485315
22081_0115_00014_c;14;c;Rue Ollivier Provost;22120;22081;Hillion;;;-2.667431;48.517945
22081_0124_00001;1;;Rue du Petit Cré;22120;22081;Hillion;;;-2.660731;48.489128
22081_0040_00007;7;;Place de l'Eglise;22120;22081;Hillion;;;-2.668825;48.513785
22081_0178_00002;2;;Rue des Châtaigniers;22120;22081;Hillion;;;-2.636358;48.485519
22081_0037_00014;14;;Rue du Châtel;22120;22081;Hillion;;;-2.643891;48.486968
22081_oz9rx3_00005;5;;Route de la Ville Fini;22120;22081;Hillion;;;-2.62129;48.511278
22081_0105_00007;7;;Rue de la Mare Noire;22120;22081;Hillion;;;-2.640021;48.484901
22081_0033_00033;33;;Route de Carberon;22120;22081;Hillion;;;-2.674762;48.522441
22081_0128_00002_bis;2;bis;Rue des Phares;22120;22081;Hillion;;;-2.666384;48.517155
22081_0058_00001;1;;Rue de la Forge de Fortville;22120;22081;Hillion;;;-2.64524;48.505535
22081_jts46b_00009;9;;La Couronne;22120;22081;Hillion;;;-2.641992;48.492601
22081_0104_00008;8;;Rue Louis Guilloux;22120;22081;Hillion;;;-2.645865;48.486686
22081_0193_00030;30;;Rue des Tadornes;22120;22081;Hillion;;;-2.662288;48.510891
22081_0078_00007;7;;Rue de Guiguihen;22120;22081;Hillion;;;-2.653774;48.503434
22081_0065_00031;31;;Route de Fortville;22120;22081;Hillion;;;-2.647062;48.506479
22081_0051_00002;2;;Rue de Fonteneau;22120;22081;Hillion;;;-2.667949;48.529472
22081_0196_00002;2;;Rue de l'Hôtelet;22120;22081;Hillion;;;-2.666704;48.51835
22081_0048_00017;17;;Allée du Ferlas;22120;22081;Hillion;;;-2.666183;48.517727
22081_0079_00037;37;;Route des Grèves;22120;22081;Hillion;;;-2.669887;48.491249
22081_0135_00008_a;8;a;Venelle des Portes;22120;22081;Hillion;;;-2.66684;48.514131
22081_0197_00009;9;;Rue du Grand Léjon;22120;22081;Hillion;;;-2.665471;48.518954
22081_c731_00001;1;;La Ville Pépin;22120;22081;Hillion;;;-2.644628;48.49771
22081_0022_00004_a;4;a;Rue du Crapont;22120;22081;Hillion;;;-2.668032;48.517107
22081_0080_00007;7;;Rue de la Gravelle;22120;22081;Hillion;;;-2.668492;48.514651
22081_0131_00014;14;;Impasse du Pont Derlande;22120;22081;Hillion;;;-2.673046;48.489326
22081_0010_00014;14;;Rue de Bêchas;22120;22081;Hillion;;;-2.638;48.488636
22081_0058_00009;9;;Rue de la Forge de Fortville;22120;22081;Hillion;;;-2.64377;48.504897
22081_0038_00007;7;;Rue du 19 mars 1962;22120;22081;Hillion;;;-2.664578;48.516121
22081_0001_00008;8;;Rue Anatole Le Braz;22120;22081;Hillion;;;-2.646599;48.486028
22081_0078_00009;9;;Rue de Guiguihen;22120;22081;Hillion;;;-2.65363;48.503524
22081_0135_00008_b;8;b;Venelle des Portes;22120;22081;Hillion;;;-2.666803;48.514134
22081_0066_00009_b;9;b;Rue du Verger de Fortville;22120;22081;Hillion;;;-2.645212;48.506495
22081_0001_00012;12;;Rue Anatole Le Braz;22120;22081;Hillion;;;-2.646863;48.485755
22081_0075_00018_bis;18;bis;Route de la Grandville;22120;22081;Hillion;;;-2.663837;48.514563
22081_0075_00018;18;;Route de la Grandville;22120;22081;Hillion;;;-2.664046;48.514521
22081_0163_00029;29;;Rue de la Vigne;22120;22081;Hillion;;;-2.640331;48.477589
22081_c775_00026;26;;Hameau de Licantois;22120;22081;Hillion;;;-2.634409;48.508924
22081_0140_00003;3;;Route des Quilles;22120;22081;Hillion;;;-2.666763;48.511742
22081_6y4y43_00015;15;;Kersaint;22120;22081;Hillion;;;-2.675819;48.526559
22081_0048_00013;13;;Allée du Ferlas;22120;22081;Hillion;;;-2.666442;48.517775
22081_jts46b_00015;15;;La Couronne;22120;22081;Hillion;;;-2.641947;48.4927
22081_0070_00002;2;;Rue du Fournil;22120;22081;Hillion;;;-2.638364;48.486036
22081_0026_00006;6;;Venelle de la Cassière;22120;22081;Hillion;;;-2.613989;48.506017
22081_0192_00018;18;;Rue des Sternes;22120;22081;Hillion;;;-2.663883;48.511084
22081_0085_00005;5;;Rue de l'Hôtellerie;22120;22081;Hillion;;;-2.670339;48.513816
22081_0047_00007;7;;Rue des Etangues;22120;22081;Hillion;;;-2.639203;48.482989
22081_0058_00006;6;;Rue de la Forge de Fortville;22120;22081;Hillion;;;-2.644354;48.505026
22081_0017_00002;2;;Rue des Ecoles;22120;22081;Hillion;;;-2.666212;48.513023
22081_0100_00004;4;;Rue de la Noë Briens;22120;22081;Hillion;;;-2.662393;48.513267
22081_0094_00010;10;;Impasse de la Ville Jaffray;22120;22081;Hillion;;;-2.622568;48.500655
22081_0057_00006;6;;Rue des Dunes;22120;22081;Hillion;;;-2.668789;48.516048
22081_iqlqfm_00001;1;;Impasse des Forges;22120;22081;Hillion;;;-2.669058;48.513615
22081_9sk9x5_00014;14;;Route du Tertre Piquet;22120;22081;Hillion;;;-2.664487;48.527097
22081_0095_00003;3;;Route de Lermot;22120;22081;Hillion;;;-2.66753;48.518813
22081_0140_00016;16;;Route des Quilles;22120;22081;Hillion;;;-2.654605;48.502904
22081_0104_00002;2;;Rue Louis Guilloux;22120;22081;Hillion;;;-2.64484;48.485914
22081_0057_00001;1;;Rue des Dunes;22120;22081;Hillion;;;-2.669058;48.516007
22081_0197_00028;28;;Rue du Grand Léjon;22120;22081;Hillion;;;-2.664503;48.518778
22081_0026_00012;12;;Venelle de la Cassière;22120;22081;Hillion;;;-2.61398;48.506716
22081_0143_00019;19;;Rue de la Roche Martin;22120;22081;Hillion;;;-2.621775;48.492355
22081_0025_00002_b;2;b;Rue de Brest;22120;22081;Hillion;;;-2.643531;48.484802
22081_0078_00021;21;;Rue de Guiguihen;22120;22081;Hillion;;;-2.649998;48.505938
22081_0088_00008;8;;Cour d'En Haut;22120;22081;Hillion;;;-2.669799;48.53019
22081_0160_00004;4;;Rue des Vergers;22120;22081;Hillion;;;-2.641188;48.487519
22081_0027_00017;17;;Rue du Clos de l'Epine;22120;22081;Hillion;;;-2.658806;48.499412
22081_0026_00005;5;;Venelle de la Cassière;22120;22081;Hillion;;;-2.614038;48.506545
22081_0153_00006;6;;Rue du Tertre de Fortville;22120;22081;Hillion;;;-2.6461;48.5065
22081_0022_00016_b;16;b;Rue du Crapont;22120;22081;Hillion;;;-2.668275;48.516984
22081_arwu96_00007;7;;Grimault;22120;22081;Hillion;;;-2.63317;48.503336
22081_0083_00002;2;;Impasse des Hauts de Trégot;22120;22081;Hillion;;;-2.666068;48.530095
22081_0197_00018;18;;Rue du Grand Léjon;22120;22081;Hillion;;;-2.66529;48.518733
22081_0155_00012;12;;Rue de la Tour du Fa;22120;22081;Hillion;;;-2.666169;48.513569
22081_0131_00004;4;;Impasse du Pont Derlande;22120;22081;Hillion;;;-2.671071;48.489236
22081_c715_00017;17;;La Ville es Chiens;22120;22081;Hillion;;;-2.619806;48.505352
22081_0155_00016;16;;Rue de la Tour du Fa;22120;22081;Hillion;;;-2.665816;48.513534
22081_0001_00005;5;;Rue Anatole Le Braz;22120;22081;Hillion;;;-2.646563;48.485854
22081_c720_00026;26;;La Ville Amion;22120;22081;Hillion;;;-2.616533;48.488267
22081_0121_00012;12;;Rue des Peupliers;22120;22081;Hillion;;;-2.635196;48.48836
22081_0052_00005;5;;Rue de la Fontaine;22120;22081;Hillion;;;-2.641858;48.518987
22081_0111_00002;2;;Impasse de la Navière;22120;22081;Hillion;;;-2.644068;48.507196
22081_b892_00016;16;;La Haute Rivière;22120;22081;Hillion;;;-2.613413;48.495387
22081_0100_00003;3;;Rue de la Noë Briens;22120;22081;Hillion;;;-2.662348;48.513468
22081_0115_00001;1;;Rue Ollivier Provost;22120;22081;Hillion;;;-2.667513;48.513806
22081_0192_00008;8;;Rue des Sternes;22120;22081;Hillion;;;-2.662675;48.511255
22081_0129_00004;4;;Impasse de Pissoison;22120;22081;Hillion;;;-2.678724;48.499023
22081_0026_00010;10;;Venelle de la Cassière;22120;22081;Hillion;;;-2.613974;48.506621
22081_0065_00023;23;;Route de Fortville;22120;22081;Hillion;;;-2.659967;48.511375
22081_0133_00035;35;;Rue du Pont Rolland;22120;22081;Hillion;;;-2.633957;48.519413
22081_0176_00007;7;;Rue de la Chicane;22120;22081;Hillion;;;-2.61947;48.502821
22081_0121_00026;26;;Rue des Peupliers;22120;22081;Hillion;;;-2.635702;48.488838
22081_0175_00005_bis;5;bis;Impasse de Carsugat;22120;22081;Hillion;;;-2.624833;48.49636
22081_0118_00008;8;;Rue du Champ du Pommier;22120;22081;Hillion;;;-2.665183;48.512169
22081_0013_00007;7;;Rue de Bel Air;22120;22081;Hillion;;;-2.660746;48.486745
22081_0028_00017;17;;Rue de Casseu;22120;22081;Hillion;;;-2.634929;48.508004
22081_c729_00006;6;;La Ville Orin;22120;22081;Hillion;;;-2.653344;48.516208
22081_0123_00024;24;;Rue de la Petite Gare;22120;22081;Hillion;;;-2.657121;48.500023
22081_0081_00029;29;;Route de Saint-Guimond;22120;22081;Hillion;;;-2.67717;48.524091
22081_jts46b_00008;8;;La Couronne;22120;22081;Hillion;;;-2.641788;48.492531
22081_0081_00025;25;;Route de Saint-Guimond;22120;22081;Hillion;;;-2.672303;48.526874
22081_0050_00014_bis;14;bis;Rue de Fontreven;22120;22081;Hillion;;;-2.672095;48.512073
22081_6y4y43_00009;9;;Kersaint;22120;22081;Hillion;;;-2.676161;48.526376
22081_0101_00036;36;;Rue de Licellion;22120;22081;Hillion;;;-2.661988;48.487657
22081_0196_00001;1;;Rue de l'Hôtelet;22120;22081;Hillion;;;-2.666977;48.518372
22081_f44b97_00001;1;;Lermeleu;22120;22081;Hillion;;;-2.649263;48.513614
22081_c711_00013;13;;La Ville Clavet;22120;22081;Hillion;;;-2.656083;48.507017
22081_b250_00010;10;;Le Champ Oisel;22120;22081;Hillion;;;-2.64006;48.491338
22081_0136_00003;3;;Impasse du Pré de la Mare;22120;22081;Hillion;;;-2.670501;48.485968
22081_0054_00003;3;;Rue de la Fontaine de Tual;22120;22081;Hillion;;;-2.643474;48.50544
22081_0163_00021;21;;Rue de la Vigne;22120;22081;Hillion;;;-2.64023;48.479028
22081_0076_00009;9;;Rue des Grands Champs;22120;22081;Hillion;;;-2.642081;48.482122
22081_0138_00001;1;;Rue de la Presqu'île;22120;22081;Hillion;;;-2.663855;48.515528
22081_0123_00025;25;;Rue de la Petite Gare;22120;22081;Hillion;;;-2.657474;48.499698
22081_0178_00003;3;;Rue des Châtaigniers;22120;22081;Hillion;;;-2.636224;48.485526
22081_0123_00003;3;;Rue de la Petite Gare;22120;22081;Hillion;;;-2.653881;48.501415
22081_0050_00018;18;;Rue de Fontreven;22120;22081;Hillion;;;-2.672354;48.511965
22081_0094_00004;4;;Impasse de la Ville Jaffray;22120;22081;Hillion;;;-2.622222;48.500718
22081_0002_00002;2;;Impasse des Alizés;22120;22081;Hillion;;;-2.658168;48.484856
22081_0133_00045;45;;Rue du Pont Rolland;22120;22081;Hillion;;;-2.622741;48.520046
22081_6592hv_00006;6;;Pivert;22120;22081;Hillion;;;-2.674533;48.497907
22081_0184_00015_bis;15;bis;Impasse de l'Herbonnet;22120;22081;Hillion;;;-2.636027;48.48608
22081_0032_00006;6;;Rue du Canard;22120;22081;Hillion;;;-2.673198;48.490954
22081_0101_00020_bis;20;bis;Rue de Licellion;22120;22081;Hillion;;;-2.661671;48.490364
22081_0089_00005;5;;Rue du Haut du Bois;22120;22081;Hillion;;;-2.641278;48.518519
22081_0039_00002_d;2;d;Rue du Domaine;22120;22081;Hillion;;;-2.641087;48.486506
22081_0161_00010;10;;Rue du Viaduc;22120;22081;Hillion;;;-2.615848;48.50636
22081_0014_00002_bis;2;bis;Route de Bon Abri;22120;22081;Hillion;;;-2.662854;48.516035
22081_0193_00032;32;;Rue des Tadornes;22120;22081;Hillion;;;-2.662077;48.510941
22081_0065_00027;27;;Route de Fortville;22120;22081;Hillion;;;-2.654596;48.509029
22081_0124_00013;13;;Rue du Petit Cré;22120;22081;Hillion;;;-2.659128;48.48954
22081_0166_00003_bis;3;bis;Route de la Ville Pierre;22120;22081;Hillion;;;-2.645115;48.487865
22081_0116_00002;2;;Impasse de la Pierre Blanche;22120;22081;Hillion;;;-2.666936;48.520667
22081_0130_00002_bis;2;bis;Rue de la Porte Roy;22120;22081;Hillion;;;-2.669291;48.513491
22081_c775_00030;30;;Hameau de Licantois;22120;22081;Hillion;;;-2.633882;48.508838
22081_0123_00013;13;;Rue de la Petite Gare;22120;22081;Hillion;;;-2.655911;48.500495
22081_0141_00003;3;;Place des Quilles;22120;22081;Hillion;;;-2.653798;48.50289
22081_0039_00006;6;;Rue du Domaine;22120;22081;Hillion;;;-2.642037;48.486585
22081_0089_00015;15;;Rue du Haut du Bois;22120;22081;Hillion;;;-2.639691;48.519002
22081_0155_00031;31;;Rue de la Tour du Fa;22120;22081;Hillion;;;-2.664147;48.513427
22081_0162_00003;3;;Rue de la Ville David;22120;22081;Hillion;;;-2.638559;48.518489
22081_0101_00001_bis;1;bis;Rue de Licellion;22120;22081;Hillion;;;-2.661808;48.492141
22081_0135_00002_bis;2;bis;Venelle des Portes;22120;22081;Hillion;;;-2.667082;48.514116
22081_0128_00001;1;;Rue des Phares;22120;22081;Hillion;;;-2.666558;48.517253
22081_0045_00001;1;;Rue de l'Etoile;22120;22081;Hillion;;;-2.669485;48.518971
22081_0125_00008;8;;Rue du Petit Pré;22120;22081;Hillion;;;-2.638675;48.487472
22081_1936_00003;3;;Impasse des Eveils;22120;22081;Hillion;;;-2.622794;48.49696
22081_0133_00015;15;;Rue du Pont Rolland;22120;22081;Hillion;;;-2.637362;48.519438
22081_c715_00023;23;;La Ville es Chiens;22120;22081;Hillion;;;-2.618082;48.504607
22081_0197_00012;12;;Rue du Grand Léjon;22120;22081;Hillion;;;-2.665883;48.51908
22081_0158_00023;23;;Rue de Trégot;22120;22081;Hillion;;;-2.666722;48.529499
22081_0163_00011;11;;Rue de la Vigne;22120;22081;Hillion;;;-2.640567;48.479845
22081_0196_00006;6;;Rue de l'Hôtelet;22120;22081;Hillion;;;-2.66595;48.518353
22081_0039_00027;27;;Rue du Domaine;22120;22081;Hillion;;;-2.643448;48.486899
22081_0057_00004;4;;Rue des Dunes;22120;22081;Hillion;;;-2.668941;48.515989
22081_0081_00014;14;;Route de Saint-Guimond;22120;22081;Hillion;;;-2.670097;48.528792
22081_0169_00006;6;;Impasse de Beau Soleil;22120;22081;Hillion;;;-2.652265;48.485825
22081_oe7h3t_00005;5;;Le Baron;22120;22081;Hillion;;;-2.619527;48.484518
22081_0090_00017_b;17;b;Rue des Jardins;22120;22081;Hillion;;;-2.669471;48.514696
22081_0140_00009_b;9;b;Route des Quilles;22120;22081;Hillion;;;-2.666038;48.510661
22081_0110_00007;7;;Rue Morin;22120;22081;Hillion;;;-2.63754;48.486487
22081_0079_00055;55;;Route des Grèves;22120;22081;Hillion;;;-2.668948;48.486935
22081_0115_00005_bis;5;bis;Rue Ollivier Provost;22120;22081;Hillion;;;-2.667607;48.514609
22081_c775_00034;34;;Hameau de Licantois;22120;22081;Hillion;;;-2.63306;48.508627
22081_0156_00003;3;;Allée Tra-Hillion;22120;22081;Hillion;;;-2.664308;48.518282
22081_0160_00006;6;;Rue des Vergers;22120;22081;Hillion;;;-2.641887;48.488022
22081_0074_00008;8;;Rue Georges Palante;22120;22081;Hillion;;;-2.639606;48.520596
22081_b954_00010;10;;La Lande des Aubiers;22120;22081;Hillion;;;-2.662962;48.499653
22081_0131_00008;8;;Impasse du Pont Derlande;22120;22081;Hillion;;;-2.671503;48.489315
22081_jicr1q_00002;2;;Bourboutel;22120;22081;Hillion;;;-2.632971;48.500498
22081_0051_00005;5;;Rue de Fonteneau;22120;22081;Hillion;;;-2.669415;48.530151
22081_b582_00001;1;;La Clôture de Sous-le-Val;22120;22081;Hillion;;;-2.637223;48.479977
22081_jicr1q_00003;3;;Bourboutel;22120;22081;Hillion;;;-2.632421;48.500305
22081_0126_00005;5;;Rue de la Petite Ligne;22120;22081;Hillion;;;-2.65244;48.502305
22081_0155_00035;35;;Rue de la Tour du Fa;22120;22081;Hillion;;;-2.663677;48.513376
22081_0039_00002_a;2;a;Rue du Domaine;22120;22081;Hillion;;;-2.640938;48.486517
22081_0060_00002;2;;Venelle de la Forge Brûlon;22120;22081;Hillion;;;-2.640869;48.484959
22081_0123_00019;19;;Rue de la Petite Gare;22120;22081;Hillion;;;-2.656813;48.500049
22081_0193_00020;20;;Rue des Tadornes;22120;22081;Hillion;;;-2.66322;48.510666
22081_0155_00015;15;;Rue de la Tour du Fa;22120;22081;Hillion;;;-2.666267;48.513654
22081_oz9rx3_00015;15;;Route de la Ville Fini;22120;22081;Hillion;;;-2.622378;48.512392
22081_0143_00003;3;;Rue de la Roche Martin;22120;22081;Hillion;;;-2.624401;48.493308
22081_0151_00004_a;4;a;Impasse des Sorbiers;22120;22081;Hillion;;;-2.658825;48.498103
22081_0121_00010;10;;Rue des Peupliers;22120;22081;Hillion;;;-2.635107;48.488134
22081_0123_00015;15;;Rue de la Petite Gare;22120;22081;Hillion;;;-2.656008;48.500448
22081_c720_00017;17;;La Ville Amion;22120;22081;Hillion;;;-2.615766;48.486551
22081_0022_00026_c;26;c;Rue du Crapont;22120;22081;Hillion;;;-2.668633;48.516913
22081_0193_00034;34;;Rue des Tadornes;22120;22081;Hillion;;;-2.661883;48.510988
22081_0124_00008;8;;Rue du Petit Cré;22120;22081;Hillion;;;-2.65885;48.48888
22081_0052_00007;7;;Rue de la Fontaine;22120;22081;Hillion;;;-2.641801;48.519117
22081_0151_00004;4;;Impasse des Sorbiers;22120;22081;Hillion;;;-2.660938;48.497583
22081_0140_00009;9;;Route des Quilles;22120;22081;Hillion;;;-2.666449;48.51084
22081_0075_00017;17;;Route de la Grandville;22120;22081;Hillion;;;-2.656807;48.515667
22081_0197_00014;14;;Rue du Grand Léjon;22120;22081;Hillion;;;-2.665626;48.518987
22081_0057_00008;8;;Rue des Dunes;22120;22081;Hillion;;;-2.668586;48.516126
22081_0086_00008;8;;Rue du Houlet;22120;22081;Hillion;;;-2.668566;48.494387
22081_0037_00022;22;;Rue du Châtel;22120;22081;Hillion;;;-2.64436;48.486494
22081_0192_00006;6;;Rue des Sternes;22120;22081;Hillion;;;-2.662529;48.511337
22081_0163_00025;25;;Rue de la Vigne;22120;22081;Hillion;;;-2.640346;48.478662
22081_0075_00011;11;;Route de la Grandville;22120;22081;Hillion;;;-2.6596;48.51554
22081_0197_00035;35;;Rue du Grand Léjon;22120;22081;Hillion;;;-2.664664;48.519139
22081_0168_00001;1;;Rue des Chênes;22120;22081;Hillion;;;-2.635737;48.487434
22081_0139_00005;5;;Rue du Puits;22120;22081;Hillion;;;-2.622264;48.493757
22081_tqjj9j_00001;1;;Résidence du Domaine;22120;22081;Hillion;;;-2.641181;48.48615
22081_0110_00022;22;;Rue Morin;22120;22081;Hillion;;;-2.641023;48.485806
22081_0127_00004;4;;Rue de la Pièce Poulain;22120;22081;Hillion;;;-2.674117;48.522729
22081_0050_00006;6;;Rue de Fontreven;22120;22081;Hillion;;;-2.669199;48.512869
22081_0193_00010;10;;Rue des Tadornes;22120;22081;Hillion;;;-2.664413;48.510703
22081_0074_00007;7;;Rue Georges Palante;22120;22081;Hillion;;;-2.639982;48.5205
22081_0140_00005;5;;Route des Quilles;22120;22081;Hillion;;;-2.66669;48.511452
22081_ch92n9_00015;15;;Quinhouët;22120;22081;Hillion;;;-2.621081;48.477234
22081_0095_00021;21;;Route de Lermot;22120;22081;Hillion;;;-2.666638;48.525416
22081_0009_00024;24;;Rue de la Croix Boissée;22120;22081;Hillion;;;-2.663989;48.512557
22081_0095_00017;17;;Route de Lermot;22120;22081;Hillion;;;-2.667609;48.519759
22081_0027_00012;12;;Rue du Clos de l'Epine;22120;22081;Hillion;;;-2.6592;48.500613
22081_c035_00002;2;;Le Moulin de la Perche;22120;22081;Hillion;;;-2.611051;48.495488
22081_0037_00020;20;;Rue du Châtel;22120;22081;Hillion;;;-2.644221;48.486606
22081_0075_00007;7;;Route de la Grandville;22120;22081;Hillion;;;-2.664921;48.51448
22081_0121_00028;28;;Rue des Peupliers;22120;22081;Hillion;;;-2.635812;48.488796
22081_0014_00047;47;;Route de Bon Abri;22120;22081;Hillion;;;-2.658956;48.524949
22081_0027_00006;6;;Rue du Clos de l'Epine;22120;22081;Hillion;;;-2.658929;48.500064
22081_0079_00003;3;;Route des Grèves;22120;22081;Hillion;;;-2.671744;48.502511
22081_0117_00022;22;;Rue du Champ Plétan;22120;22081;Hillion;;;-2.663442;48.511566
22081_0090_00011;11;;Rue des Jardins;22120;22081;Hillion;;;-2.670023;48.513497
22081_0124_00010;10;;Rue du Petit Cré;22120;22081;Hillion;;;-2.658885;48.489534
22081_1jyt8s_00015;15;;Route de la Vieille Jeannaie;22120;22081;Hillion;;;-2.617797;48.501439
22081_0132_00009;9;;Impasse de la Pointe des Guettes;22120;22081;Hillion;;;-2.67053;48.532861
22081_0039_00009;9;;Rue du Domaine;22120;22081;Hillion;;;-2.642356;48.486533
22081_0100_00005;5;;Rue de la Noë Briens;22120;22081;Hillion;;;-2.662371;48.513526
22081_0009_00008;8;;Rue de la Croix Boissée;22120;22081;Hillion;;;-2.662564;48.512264
22081_0133_00034;34;;Rue du Pont Rolland;22120;22081;Hillion;;;-2.62797;48.518284
22081_0029_00002;2;;Impasse de Carberon;22120;22081;Hillion;;;-2.675894;48.522614
22081_0155_00014;14;;Rue de la Tour du Fa;22120;22081;Hillion;;;-2.666034;48.513557
22081_0123_00012;12;;Rue de la Petite Gare;22120;22081;Hillion;;;-2.655491;48.500822
22081_0100_00033;33;;Rue de la Noë Briens;22120;22081;Hillion;;;-2.657532;48.512327
22081_mrtx3a_00001;1;;La Bande;22120;22081;Hillion;;;-2.61496;48.490323
22081_0134_00010;10;;Rue des Portes;22120;22081;Hillion;;;-2.665061;48.515408
22081_101xzc_00008;8;;Tanio;22120;22081;Hillion;;;-2.627702;48.516601
22081_0191_00003;3;;Rue des Pluviers;22120;22081;Hillion;;;-2.664382;48.510217
22081_c720_00001;1;;La Ville Amion;22120;22081;Hillion;;;-2.618155;48.485292
22081_0192_00027;27;;Rue des Sternes;22120;22081;Hillion;;;-2.665623;48.510854
22081_0133_00004;4;;Rue du Pont Rolland;22120;22081;Hillion;;;-2.637618;48.519075
22081_0022_00046;46;;Rue du Crapont;22120;22081;Hillion;;;-2.669383;48.516765
22081_0036_00003;3;;Impasse de Cré;22120;22081;Hillion;;;-2.660378;48.488808
22081_0192_00010;10;;Rue des Sternes;22120;22081;Hillion;;;-2.662994;48.511157
22081_0040_00010;10;;Place de l'Eglise;22120;22081;Hillion;;;-2.669059;48.514187
22081_0153_00001;1;;Rue du Tertre de Fortville;22120;22081;Hillion;;;-2.646238;48.506455
22081_0100_00006;6;;Rue de la Noë Briens;22120;22081;Hillion;;;-2.661526;48.513018
22081_0162_00014;14;;Rue de la Ville David;22120;22081;Hillion;;;-2.638218;48.514605
22081_0025_00017;17;;Rue de Brest;22120;22081;Hillion;;;-2.652088;48.485032
22081_0152_00006;6;;Rue Théodore Botrel;22120;22081;Hillion;;;-2.643032;48.485406
22081_0088_00002;2;;Cour d'En Haut;22120;22081;Hillion;;;-2.669495;48.530264
22081_0115_00002;2;;Rue Ollivier Provost;22120;22081;Hillion;;;-2.667418;48.513891
22081_0166_00003;3;;Route de la Ville Pierre;22120;22081;Hillion;;;-2.645468;48.487972
22081_0101_00052;52;;Rue de Licellion;22120;22081;Hillion;;;-2.662465;48.485994
22081_0079_00031;31;;Route des Grèves;22120;22081;Hillion;;;-2.670566;48.493023
22081_0123_00014;14;;Rue de la Petite Gare;22120;22081;Hillion;;;-2.655977;48.500582
22081_0184_00016_a;16;a;Impasse de l'Herbonnet;22120;22081;Hillion;;;-2.635671;48.485961
22081_0093_00004;4;;Rue des Jonchais;22120;22081;Hillion;;;-2.652585;48.50135
22081_0050_00005;5;;Rue de Fontreven;22120;22081;Hillion;;;-2.669072;48.512791
22081_0123_00027_bis;27;bis;Rue de la Petite Gare;22120;22081;Hillion;;;-2.6583;48.499324
22081_0079_00032;32;;Route des Grèves;22120;22081;Hillion;;;-2.670224;48.49142
22081_0093_00010;10;;Rue des Jonchais;22120;22081;Hillion;;;-2.651565;48.500717
22081_0029_00005;5;;Impasse de Carberon;22120;22081;Hillion;;;-2.676137;48.521994
22081_0184_00016_b;16;b;Impasse de l'Herbonnet;22120;22081;Hillion;;;-2.63551;48.485945
22081_0180_00009;9;;Rue des Charmes;22120;22081;Hillion;;;-2.63555;48.485675
22081_c775_00026_bis;26;bis;Hameau de Licantois;22120;22081;Hillion;;;-2.634378;48.508883
22081_0072_00004_bis;4;bis;Allée de Fréhel;22120;22081;Hillion;;;-2.664188;48.517052
22081_0192_00001;1;;Rue des Sternes;22120;22081;Hillion;;;-2.662084;48.511527
22081_0158_00028;28;;Rue de Trégot;22120;22081;Hillion;;;-2.666138;48.529818
22081_c715_00012;12;;La Ville es Chiens;22120;22081;Hillion;;;-2.621776;48.505784
22081_0140_00015;15;;Route des Quilles;22120;22081;Hillion;;;-2.665259;48.509794
22081_0033_00024;24;;Route de Carberon;22120;22081;Hillion;;;-2.67134;48.52053
22081_0076_00007;7;;Rue des Grands Champs;22120;22081;Hillion;;;-2.642082;48.482015
22081_c736_00011;11;;Les Villes Marottes;22120;22081;Hillion;;;-2.647799;48.497665
22081_oz9rx3_00001;1;;Route de la Ville Fini;22120;22081;Hillion;;;-2.61874;48.509953
22081_0116_00003;3;;Impasse de la Pierre Blanche;22120;22081;Hillion;;;-2.66679;48.520785
22081_indujs_00005;5;;Impasse Mytilicole;22120;22081;Hillion;;;-2.657112;48.523052
22081_0117_00016;16;;Rue du Champ Plétan;22120;22081;Hillion;;;-2.664048;48.511497
22081_0065_00015;15;;Route de Fortville;22120;22081;Hillion;;;-2.661431;48.512223
22081_0054_00011;11;;Rue de la Fontaine de Tual;22120;22081;Hillion;;;-2.642602;48.506077
22081_0121_00022;22;;Rue des Peupliers;22120;22081;Hillion;;;-2.635307;48.488847
22081_0057_00002;2;;Rue des Dunes;22120;22081;Hillion;;;-2.669064;48.515943
22081_0074_00014;14;;Rue Georges Palante;22120;22081;Hillion;;;-2.640626;48.521652
22081_0058_00005;5;;Rue de la Forge de Fortville;22120;22081;Hillion;;;-2.644986;48.505438
22081_0197_00003;3;;Rue du Grand Léjon;22120;22081;Hillion;;;-2.666006;48.519135
22081_0155_00006;6;;Rue de la Tour du Fa;22120;22081;Hillion;;;-2.666871;48.513553
22081_kr4sfu_00008;8;;Le Plessix;22120;22081;Hillion;;;-2.642886;48.496547
22081_0133_00028;28;;Rue du Pont Rolland;22120;22081;Hillion;;;-2.633346;48.519193
22081_0149_00016;16;;Rue de la Source;22120;22081;Hillion;;;-2.675439;48.524795
22081_0051_00012;12;;Rue de Fonteneau;22120;22081;Hillion;;;-2.669198;48.530054
22081_0034_00003;3;;Impasse Chateaubriand;22120;22081;Hillion;;;-2.64538;48.486408
22081_0027_00009;9;;Rue du Clos de l'Epine;22120;22081;Hillion;;;-2.659028;48.500458
22081_0097_00010;10;;Rue de la Lande de Fortville;22120;22081;Hillion;;;-2.646931;48.505565
22081_0001_00014;14;;Rue Anatole Le Braz;22120;22081;Hillion;;;-2.647023;48.4856
22081_0101_00020_ter;20;ter;Rue de Licellion;22120;22081;Hillion;;;-2.661471;48.490243
22081_0008_00004;4;;Cour d'En Bas;22120;22081;Hillion;;;-2.668749;48.529497
22081_0033_00018_bis;18;bis;Route de Carberon;22120;22081;Hillion;;;-2.670443;48.519944
22081_6592hv_00013;13;;Pivert;22120;22081;Hillion;;;-2.673088;48.497952
22081_0150_00015;15;;Rue Saint-Thomas;22120;22081;Hillion;;;-2.641485;48.484221
22081_0140_00018_bis;18;bis;Route des Quilles;22120;22081;Hillion;;;-2.654031;48.50233
22081_0108_00006;6;;Allée des Minquiers;22120;22081;Hillion;;;-2.662958;48.518788
22081_5y3eem_00003;3;;La Horvée;22120;22081;Hillion;;;-2.662034;48.516742
22081_0149_00008;8;;Rue de la Source;22120;22081;Hillion;;;-2.674753;48.524381
22081_0110_00018;18;;Rue Morin;22120;22081;Hillion;;;-2.641406;48.485636
22081_0143_00017;17;;Rue de la Roche Martin;22120;22081;Hillion;;;-2.622147;48.492462
22081_0127_00009;9;;Rue de la Pièce Poulain;22120;22081;Hillion;;;-2.673514;48.52385
22081_0065_00003;3;;Route de Fortville;22120;22081;Hillion;;;-2.662831;48.513032
22081_0128_00004_ter;4;ter;Rue des Phares;22120;22081;Hillion;;;-2.665759;48.516962
22081_0008_00001;1;;Cour d'En Bas;22120;22081;Hillion;;;-2.668619;48.529453
22081_0127_00015;15;;Rue de la Pièce Poulain;22120;22081;Hillion;;;-2.672443;48.524515
22081_0118_00005;5;;Rue du Champ du Pommier;22120;22081;Hillion;;;-2.665846;48.512202
22081_0161_00001;1;;Rue du Viaduc;22120;22081;Hillion;;;-2.615825;48.505881
22081_0084_00004;4;;Allée La Horaine;22120;22081;Hillion;;;-2.663187;48.518209
22081_0043_00014;14;;Rue Ernest Renan;22120;22081;Hillion;;;-2.643445;48.485927
22081_0086_00004;4;;Rue du Houlet;22120;22081;Hillion;;;-2.66808;48.494625
22081_0043_00023;23;;Rue Ernest Renan;22120;22081;Hillion;;;-2.641953;48.485872
22081_0158_00011_bis;11;bis;Rue de Trégot;22120;22081;Hillion;;;-2.667743;48.528678
22081_0104_00004;4;;Rue Louis Guilloux;22120;22081;Hillion;;;-2.645184;48.486021
22081_0180_00016;16;;Rue des Charmes;22120;22081;Hillion;;;-2.63524;48.485527
22081_0019_00011;11;;Impasse du Clos des Quilles;22120;22081;Hillion;;;-2.652959;48.502746
22081_c625_00002;2;;Le Tertre de St-René;22120;22081;Hillion;;;-2.617763;48.483549
22081_0155_00002;2;;Rue de la Tour du Fa;22120;22081;Hillion;;;-2.667383;48.513567
22081_0117_00002;2;;Rue du Champ Plétan;22120;22081;Hillion;;;-2.66573;48.511367
22081_0170_00006_bis;6;bis;Rue du Champ Maret;22120;22081;Hillion;;;-2.64987;48.484634
22081_0128_00003;3;;Rue des Phares;22120;22081;Hillion;;;-2.666486;48.517256
22081_0093_00023;23;;Rue des Jonchais;22120;22081;Hillion;;;-2.649149;48.497456
22081_0192_00005;5;;Rue des Sternes;22120;22081;Hillion;;;-2.662478;48.511307
22081_c775_00046;46;;Hameau de Licantois;22120;22081;Hillion;;;-2.631265;48.508254
22081_0066_00005;5;;Rue du Verger de Fortville;22120;22081;Hillion;;;-2.645113;48.506018
22081_c565_00002;2;;La Ville Jéhan;22120;22081;Hillion;;;-2.652589;48.494709
22081_0085_00009;9;;Rue de l'Hôtellerie;22120;22081;Hillion;;;-2.670946;48.51381
22081_0196_00003;3;;Rue de l'Hôtelet;22120;22081;Hillion;;;-2.666904;48.518484
22081_0022_00048;48;;Rue du Crapont;22120;22081;Hillion;;;-2.669399;48.516759
22081_0158_00014;14;;Rue de Trégot;22120;22081;Hillion;;;-2.667445;48.528828
22081_0128_00005;5;;Rue des Phares;22120;22081;Hillion;;;-2.665464;48.517702
22081_r2gq4n_00002;2;;Allée Ker Palud;22120;22081;Hillion;;;-2.665219;48.517376
22081_0022_00010_a;10;a;Rue du Crapont;22120;22081;Hillion;;;-2.6681;48.517064
22081_0130_00001_b;1;b;Rue de la Porte Roy;22120;22081;Hillion;;;-2.669131;48.513537
22081_0009_00012;12;;Rue de la Croix Boissée;22120;22081;Hillion;;;-2.662626;48.5123
22081_0011_00016;16;;Rue des Bernaches;22120;22081;Hillion;;;-2.671373;48.513026
22081_0100_00020;20;;Rue de la Noë Briens;22120;22081;Hillion;;;-2.659872;48.512528
22081_0078_00012;12;;Rue de Guiguihen;22120;22081;Hillion;;;-2.652008;48.505065
22081_0105_00015;15;;Rue de la Mare Noire;22120;22081;Hillion;;;-2.639784;48.484377
22081_0052_00016;16;;Rue de la Fontaine;22120;22081;Hillion;;;-2.641037;48.519442
22081_0074_00005;5;;Rue Georges Palante;22120;22081;Hillion;;;-2.639471;48.520021
22081_0140_00018;18;;Route des Quilles;22120;22081;Hillion;;;-2.654205;48.50252
22081_gwcpxv_00006_ter;6;ter;Carieux;22120;22081;Hillion;;;-2.633825;48.520497
22081_0140_00014;14;;Route des Quilles;22120;22081;Hillion;;;-2.656758;48.503865
22081_0192_00028;28;;Rue des Sternes;22120;22081;Hillion;;;-2.665426;48.510961
22081_0039_00014;14;;Rue du Domaine;22120;22081;Hillion;;;-2.642843;48.48679
22081_0041_00003;3;;Rue du Clos Guéguen;22120;22081;Hillion;;;-2.667363;48.512691
22081_0052_00021;21;;Rue de la Fontaine;22120;22081;Hillion;;;-2.640465;48.519815
22081_0066_00011_bis;11;bis;Rue du Verger de Fortville;22120;22081;Hillion;;;-2.64417;48.506392
22081_0192_00017;17;;Rue des Sternes;22120;22081;Hillion;;;-2.664078;48.511022
22081_0101_00001;1;;Rue de Licellion;22120;22081;Hillion;;;-2.661935;48.492393
22081_0087_00007;7;;Rue du 8 mai 1945;22120;22081;Hillion;;;-2.663506;48.51568
22081_0197_00022;22;;Rue du Grand Léjon;22120;22081;Hillion;;;-2.664949;48.518353
22081_0153_00002;2;;Rue du Tertre de Fortville;22120;22081;Hillion;;;-2.646226;48.506066
22081_0051_00040;40;;Rue de Fonteneau;22120;22081;Hillion;;;-2.670809;48.531686
22081_0041_00001;1;;Rue du Clos Guéguen;22120;22081;Hillion;;;-2.667591;48.512558
22081_0158_00030;30;;Rue de Trégot;22120;22081;Hillion;;;-2.664904;48.529544
22081_0051_00042;42;;Rue de Fonteneau;22120;22081;Hillion;;;-2.671063;48.531885
22081_0162_00005;5;;Rue de la Ville David;22120;22081;Hillion;;;-2.638518;48.51841
22081_0104_00001;1;;Rue Louis Guilloux;22120;22081;Hillion;;;-2.644948;48.48583
22081_0155_00022;22;;Rue de la Tour du Fa;22120;22081;Hillion;;;-2.664542;48.513385
22081_0156_00002;2;;Allée Tra-Hillion;22120;22081;Hillion;;;-2.664051;48.518226
22081_0101_00011;11;;Rue de Licellion;22120;22081;Hillion;;;-2.661219;48.490927
22081_arwu96_00005;5;;Grimault;22120;22081;Hillion;;;-2.633228;48.50332
22081_0155_00019;19;;Rue de la Tour du Fa;22120;22081;Hillion;;;-2.665858;48.513612
22081_f44b97_00002;2;;Lermeleu;22120;22081;Hillion;;;-2.647865;48.513272
22081_0192_00007;7;;Rue des Sternes;22120;22081;Hillion;;;-2.66266;48.511205
22081_0032_00005;5;;Rue du Canard;22120;22081;Hillion;;;-2.672115;48.491198
22081_0010_00017;17;;Rue de Bêchas;22120;22081;Hillion;;;-2.638257;48.488291
22081_0089_00024;24;;Rue du Haut du Bois;22120;22081;Hillion;;;-2.640961;48.51848
22081_0095_00016_b;16;b;Route de Lermot;22120;22081;Hillion;;;-2.667165;48.520326
22081_0184_00022;22;;Impasse de l'Herbonnet;22120;22081;Hillion;;;-2.634313;48.485886
22081_0160_00005;5;;Rue des Vergers;22120;22081;Hillion;;;-2.641852;48.487862
22081_jts46b_00013;13;;La Couronne;22120;22081;Hillion;;;-2.641994;48.49268
22081_0105_00001_bis;1;bis;Rue de la Mare Noire;22120;22081;Hillion;;;-2.640186;48.485287
22081_0025_00036;36;;Rue de Brest;22120;22081;Hillion;;;-2.65558;48.485226
22081_0123_00020;20;;Rue de la Petite Gare;22120;22081;Hillion;;;-2.656601;48.50028
22081_0094_00006;6;;Impasse de la Ville Jaffray;22120;22081;Hillion;;;-2.622404;48.500703
22081_mrtx3a_00002;2;;La Bande;22120;22081;Hillion;;;-2.614192;48.490213
22081_0150_00041;41;;Rue Saint-Thomas;22120;22081;Hillion;;;-2.635697;48.483495
22081_0130_00001;1;;Rue de la Porte Roy;22120;22081;Hillion;;;-2.669218;48.513475
22081_0001_00009;9;;Rue Anatole Le Braz;22120;22081;Hillion;;;-2.64669;48.485415
22081_0010_00021;21;;Rue de Bêchas;22120;22081;Hillion;;;-2.638445;48.48862
22081_0023_00001;1;;Rue du Clos Glot;22120;22081;Hillion;;;-2.642511;48.477807
22081_0192_00023;23;;Rue des Sternes;22120;22081;Hillion;;;-2.665389;48.510919
22081_indujs_00008;8;;Impasse Mytilicole;22120;22081;Hillion;;;-2.657055;48.523262
22081_0075_00003;3;;Route de la Grandville;22120;22081;Hillion;;;-2.665368;48.514439
22081_0050_00009;9;;Rue de Fontreven;22120;22081;Hillion;;;-2.669489;48.512802
22081_0030_00001;1;;Rue des Brouettes;22120;22081;Hillion;;;-2.639901;48.485511
22081_0052_00008;8;;Rue de la Fontaine;22120;22081;Hillion;;;-2.641502;48.519194
22081_enhtlx_00004;4;;L'Orme;22120;22081;Hillion;;;-2.632246;48.50347
22081_0174_00004;4;;Impasse des Champs Bras;22120;22081;Hillion;;;-2.623668;48.495314
22081_kr4sfu_00018;18;;Le Plessix;22120;22081;Hillion;;;-2.641642;48.494971
22081_0149_00010;10;;Rue de la Source;22120;22081;Hillion;;;-2.674615;48.524502
22081_0132_00015;15;;Impasse de la Pointe des Guettes;22120;22081;Hillion;;;-2.670247;48.533361
22081_0039_00001;1;;Rue du Domaine;22120;22081;Hillion;;;-2.641593;48.4864
22081_0193_00016;16;;Rue des Tadornes;22120;22081;Hillion;;;-2.663614;48.510501
22081_0166_00002;2;;Route de la Ville Pierre;22120;22081;Hillion;;;-2.643334;48.487774
22081_0084_00001;1;;Allée La Horaine;22120;22081;Hillion;;;-2.663105;48.518272
22081_0054_00005;5;;Rue de la Fontaine de Tual;22120;22081;Hillion;;;-2.643298;48.505631
22081_0032_00009;9;;Rue du Canard;22120;22081;Hillion;;;-2.672466;48.491135
22081_oz9rx3_00010;10;;Route de la Ville Fini;22120;22081;Hillion;;;-2.621333;48.511533
22081_0197_00023;23;;Rue du Grand Léjon;22120;22081;Hillion;;;-2.664352;48.518479
22081_0175_00003;3;;Impasse de Carsugat;22120;22081;Hillion;;;-2.624906;48.496059
22081_0102_00001;1;;Impasse du Marronnier;22120;22081;Hillion;;;-2.636688;48.488664
22081_0086_00006;6;;Rue du Houlet;22120;22081;Hillion;;;-2.668401;48.494467
22081_0041_00005;5;;Rue du Clos Guéguen;22120;22081;Hillion;;;-2.667216;48.51259
22081_0095_00012;12;;Route de Lermot;22120;22081;Hillion;;;-2.667039;48.519603
22081_0050_00012_bis;12;bis;Rue de Fontreven;22120;22081;Hillion;;;-2.671419;48.512407
22081_0037_00007;7;;Rue du Châtel;22120;22081;Hillion;;;-2.643047;48.487646
22081_0100_00035;35;;Rue de la Noë Briens;22120;22081;Hillion;;;-2.655815;48.511999
22081_indujs_00002;2;;Impasse Mytilicole;22120;22081;Hillion;;;-2.65644;48.523745
22081_0052_00006;6;;Rue de la Fontaine;22120;22081;Hillion;;;-2.64171;48.518982
22081_0110_00001;1;;Rue Morin;22120;22081;Hillion;;;-2.639456;48.486568
22081_0051_00014;14;;Rue de Fonteneau;22120;22081;Hillion;;;-2.669391;48.530248
22081_0178_00008;8;;Rue des Châtaigniers;22120;22081;Hillion;;;-2.636097;48.485065
22081_0081_00010;10;;Route de Saint-Guimond;22120;22081;Hillion;;;-2.669933;48.529074
22081_0115_00014_b;14;b;Rue Ollivier Provost;22120;22081;Hillion;;;-2.667481;48.517954
22081_0115_00006;6;;Rue Ollivier Provost;22120;22081;Hillion;;;-2.667513;48.514892
22081_0019_00004;4;;Impasse du Clos des Quilles;22120;22081;Hillion;;;-2.652782;48.502613
22081_0051_00020;20;;Rue de Fonteneau;22120;22081;Hillion;;;-2.668978;48.530585
22081_0123_00001_b;1;b;Rue de la Petite Gare;22120;22081;Hillion;;;-2.6537;48.501513
22081_0174_00009;9;;Impasse des Champs Bras;22120;22081;Hillion;;;-2.623541;48.49503
22081_0033_00018;18;;Route de Carberon;22120;22081;Hillion;;;-2.670193;48.519845
22081_0051_00026;26;;Rue de Fonteneau;22120;22081;Hillion;;;-2.669538;48.531233
22081_0151_00002;2;;Impasse des Sorbiers;22120;22081;Hillion;;;-2.662124;48.497299
22081_0019_00001;1;;Impasse du Clos des Quilles;22120;22081;Hillion;;;-2.653387;48.503017
22081_0124_00003;3;;Rue du Petit Cré;22120;22081;Hillion;;;-2.660355;48.489213
22081_0033_00028;28;;Route de Carberon;22120;22081;Hillion;;;-2.672398;48.521271
22081_0133_00025;25;;Rue du Pont Rolland;22120;22081;Hillion;;;-2.635673;48.519554
22081_0052_00025;25;;Rue de la Fontaine;22120;22081;Hillion;;;-2.640049;48.52
22081_0022_00032;32;;Rue du Crapont;22120;22081;Hillion;;;-2.669199;48.516835
22081_0049_00004;4;;Chemin du Clos Cotte;22120;22081;Hillion;;;-2.667388;48.490343
22081_0197_00032;32;;Rue du Grand Léjon;22120;22081;Hillion;;;-2.663897;48.519021
22081_0080_00013;13;;Rue de la Gravelle;22120;22081;Hillion;;;-2.668133;48.515041
22081_0134_00008;8;;Rue des Portes;22120;22081;Hillion;;;-2.66512;48.515498
22081_0053_00008;8;;Rue de l'Estran;22120;22081;Hillion;;;-2.668894;48.5166
22081_0121_00030;30;;Rue des Peupliers;22120;22081;Hillion;;;-2.636074;48.488675
22081_0176_00005;5;;Rue de la Chicane;22120;22081;Hillion;;;-2.618581;48.504035
22081_b996_00002;2;;Le Long Réage;22120;22081;Hillion;;;-2.632459;48.486083
22081_0095_00016;16;;Route de Lermot;22120;22081;Hillion;;;-2.667051;48.520126
22081_c775_00019;19;;Hameau de Licantois;22120;22081;Hillion;;;-2.637208;48.509321
22081_0065_00048;48;;Route de Fortville;22120;22081;Hillion;;;-2.646361;48.505893
22081_0011_00014;14;;Rue des Bernaches;22120;22081;Hillion;;;-2.671381;48.513153
22081_c775_00003;3;;Hameau de Licantois;22120;22081;Hillion;;;-2.637386;48.510692
22081_0093_00006_bis;6;bis;Rue des Jonchais;22120;22081;Hillion;;;-2.651927;48.500948
22081_0123_00021;21;;Rue de la Petite Gare;22120;22081;Hillion;;;-2.657045;48.499934
22081_0180_00008;8;;Rue des Charmes;22120;22081;Hillion;;;-2.635364;48.485393
22081_0010_00023;23;;Rue de Bêchas;22120;22081;Hillion;;;-2.638105;48.488805
22081_0149_00002;2;;Rue de la Source;22120;22081;Hillion;;;-2.674987;48.523863
22081_0101_00008;8;;Rue de Licellion;22120;22081;Hillion;;;-2.66171;48.491537
22081_0101_00031;31;;Rue de Licellion;22120;22081;Hillion;;;-2.661683;48.48794
22081_0133_00030;30;;Rue du Pont Rolland;22120;22081;Hillion;;;-2.632841;48.519039
22081_0105_00018_b;18;b;Rue de la Mare Noire;22120;22081;Hillion;;;-2.640079;48.484774
22081_0022_00028;28;;Rue du Crapont;22120;22081;Hillion;;;-2.668801;48.516885
22081_hrxsew_00014;14;;Route de Carsugat;22120;22081;Hillion;;;-2.623743;48.497313
22081_9sk9x5_00006;6;;Route du Tertre Piquet;22120;22081;Hillion;;;-2.662879;48.526464
22081_0084_00002;2;;Allée La Horaine;22120;22081;Hillion;;;-2.663261;48.518205
22081_0133_00027;27;;Rue du Pont Rolland;22120;22081;Hillion;;;-2.635567;48.519561
22081_0180_00012;12;;Rue des Charmes;22120;22081;Hillion;;;-2.635247;48.485463
22081_0065_00001;1;;Route de Fortville;22120;22081;Hillion;;;-2.663121;48.513193
22081_0027_00013;13;;Rue du Clos de l'Epine;22120;22081;Hillion;;;-2.659236;48.500597
22081_0143_00021;21;;Rue de la Roche Martin;22120;22081;Hillion;;;-2.621552;48.492275
22081_0022_00015;15;;Rue du Crapont;22120;22081;Hillion;;;-2.669448;48.516678
22081_0036_00005;5;;Impasse de Cré;22120;22081;Hillion;;;-2.660511;48.488639
22081_0105_00012;12;;Rue de la Mare Noire;22120;22081;Hillion;;;-2.640188;48.48499
22081_0139_00004;4;;Rue du Puits;22120;22081;Hillion;;;-2.622927;48.493124
22081_0008_00008;8;;Cour d'En Bas;22120;22081;Hillion;;;-2.668858;48.529365
22081_0010_00001;1;;Rue de Bêchas;22120;22081;Hillion;;;-2.637204;48.486869
22081_0138_00002;2;;Rue de la Presqu'île;22120;22081;Hillion;;;-2.663938;48.515311
22081_0033_00001;1;;Route de Carberon;22120;22081;Hillion;;;-2.668088;48.517986
22081_0081_00009;9;;Route de Saint-Guimond;22120;22081;Hillion;;;-2.669934;48.528827
22081_0101_00015;15;;Rue de Licellion;22120;22081;Hillion;;;-2.660981;48.4902
22081_0079_00015;15;;Route des Grèves;22120;22081;Hillion;;;-2.676748;48.495897
22081_0160_00012;12;;Rue des Vergers;22120;22081;Hillion;;;-2.642887;48.488551
22081_0128_00010;10;;Rue des Phares;22120;22081;Hillion;;;-2.664878;48.517439
22081_0175_00005;5;;Impasse de Carsugat;22120;22081;Hillion;;;-2.624657;48.496358
22081_0197_00015;15;;Rue du Grand Léjon;22120;22081;Hillion;;;-2.665172;48.518661
22081_0117_00028;28;;Rue du Champ Plétan;22120;22081;Hillion;;;-2.662865;48.511702
22081_0124_00011;11;;Rue du Petit Cré;22120;22081;Hillion;;;-2.659429;48.489432
22081_0065_00036;36;;Route de Fortville;22120;22081;Hillion;;;-2.649239;48.507431
22081_0040_00001;1;;Place de l'Eglise;22120;22081;Hillion;;;-2.668266;48.513799
22081_0133_00031;31;;Rue du Pont Rolland;22120;22081;Hillion;;;-2.634434;48.519449
22081_0079_00051;51;;Route des Grèves;22120;22081;Hillion;;;-2.668715;48.487569
22081_0180_00004;4;;Rue des Charmes;22120;22081;Hillion;;;-2.635657;48.485261
22081_0051_00015;15;;Rue de Fonteneau;22120;22081;Hillion;;;-2.670637;48.531437
22081_oz9rx3_00011;11;;Route de la Ville Fini;22120;22081;Hillion;;;-2.621682;48.511866
22081_0113_00005;5;;Impasse du Moulin à vent;22120;22081;Hillion;;;-2.657024;48.483774
22081_0158_00012;12;;Rue de Trégot;22120;22081;Hillion;;;-2.667609;48.528653
22081_0036_00001;1;;Impasse de Cré;22120;22081;Hillion;;;-2.660306;48.489061
22081_0010_00003;3;;Rue de Bêchas;22120;22081;Hillion;;;-2.63743;48.487315
22081_0105_00018;18;;Rue de la Mare Noire;22120;22081;Hillion;;;-2.64043;48.484724
22081_0101_00016_b;16;b;Rue de Licellion;22120;22081;Hillion;;;-2.661481;48.490845
22081_0093_00002_bis;2;bis;Rue des Jonchais;22120;22081;Hillion;;;-2.652711;48.501438
22081_0109_00053;53;;Rue Monseigneur Le Mée;22120;22081;Hillion;;;-2.671331;48.485449
22081_0197_00013;13;;Rue du Grand Léjon;22120;22081;Hillion;;;-2.665246;48.518763
22081_0040_00009;9;;Place de l'Eglise;22120;22081;Hillion;;;-2.668961;48.513786
22081_0150_00014;14;;Rue Saint-Thomas;22120;22081;Hillion;;;-2.641252;48.483969
22081_ch92n9_00021;21;;Quinhouët;22120;22081;Hillion;;;-2.620606;48.477516
22081_5y3eem_00005;5;;La Horvée;22120;22081;Hillion;;;-2.661907;48.51674
22081_0033_00022_bis;22;bis;Route de Carberon;22120;22081;Hillion;;;-2.671168;48.520401
22081_0087_00010;10;;Rue du 8 mai 1945;22120;22081;Hillion;;;-2.66469;48.515639
22081_0110_00030;30;;Rue Morin;22120;22081;Hillion;;;-2.637072;48.486541
22081_0170_00002;2;;Rue du Champ Maret;22120;22081;Hillion;;;-2.65091;48.484895
22081_0115_00003;3;;Rue Ollivier Provost;22120;22081;Hillion;;;-2.667518;48.513897
22081_0133_00001;1;;Rue du Pont Rolland;22120;22081;Hillion;;;-2.638814;48.519295
22081_0031_00004;4;;Impasse du Champ Guérin;22120;22081;Hillion;;;-2.669187;48.488346
22081_0023_00004;4;;Rue du Clos Glot;22120;22081;Hillion;;;-2.641776;48.478087
22081_0045_00013;13;;Rue de l'Etoile;22120;22081;Hillion;;;-2.672727;48.518052
22081_0051_00007;7;;Rue de Fonteneau;22120;22081;Hillion;;;-2.669647;48.530599
22081_0033_00017;17;;Route de Carberon;22120;22081;Hillion;;;-2.671466;48.520471
22081_0150_00031;31;;Rue Saint-Thomas;22120;22081;Hillion;;;-2.637598;48.483338
22081_0085_00001_bis;1;bis;Rue de l'Hôtellerie;22120;22081;Hillion;;;-2.669645;48.513761
22081_0109_00061;61;;Rue Monseigneur Le Mée;22120;22081;Hillion;;;-2.667773;48.485419
22081_0175_00011;11;;Impasse de Carsugat;22120;22081;Hillion;;;-2.623982;48.496371
22081_0158_00007_b;7;b;Rue de Trégot;22120;22081;Hillion;;;-2.668484;48.528228
22081_0010_00002_bis;2;bis;Rue de Bêchas;22120;22081;Hillion;;;-2.637183;48.487134
22081_n0svnv_00002;2;;Chemin de Laniguen;22120;22081;Hillion;;;-2.650769;48.521607
22081_0133_00007;7;;Rue du Pont Rolland;22120;22081;Hillion;;;-2.637913;48.519467
22081_0192_00009;9;;Rue des Sternes;22120;22081;Hillion;;;-2.662754;48.511132
22081_0197_00002;2;;Rue du Grand Léjon;22120;22081;Hillion;;;-2.667013;48.5191
22081_0138_00004;4;;Rue de la Presqu'île;22120;22081;Hillion;;;-2.664078;48.515076
22081_0089_00018;18;;Rue du Haut du Bois;22120;22081;Hillion;;;-2.641766;48.518237
22081_0110_00012;12;;Rue Morin;22120;22081;Hillion;;;-2.641373;48.485437
22081_0100_00013;13;;Rue de la Noë Briens;22120;22081;Hillion;;;-2.661419;48.513251
22081_0006_00002;2;;Allée Barnouic;22120;22081;Hillion;;;-2.664785;48.517802
22081_0117_00014;14;;Rue du Champ Plétan;22120;22081;Hillion;;;-2.664248;48.511482
22081_0180_00022;22;;Rue des Charmes;22120;22081;Hillion;;;-2.63538;48.485663
22081_0009_00015;15;;Rue de la Croix Boissée;22120;22081;Hillion;;;-2.664184;48.512183
22081_0133_00039;39;;Rue du Pont Rolland;22120;22081;Hillion;;;-2.621996;48.519439
22081_0065_00046;46;;Route de Fortville;22120;22081;Hillion;;;-2.64722;48.506407
22081_0034_00001;1;;Impasse Chateaubriand;22120;22081;Hillion;;;-2.645295;48.486252
22081_c775_00051_bis;51;bis;Hameau de Licantois;22120;22081;Hillion;;;-2.6335;48.508837
22081_0080_00005;5;;Rue de la Gravelle;22120;22081;Hillion;;;-2.668584;48.514493
22081_0158_00027;27;;Rue de Trégot;22120;22081;Hillion;;;-2.666261;48.529871
22081_0155_00007;7;;Rue de la Tour du Fa;22120;22081;Hillion;;;-2.667333;48.513703
22081_0026_00009;9;;Venelle de la Cassière;22120;22081;Hillion;;;-2.614027;48.506671
22081_0089_00020;20;;Rue du Haut du Bois;22120;22081;Hillion;;;-2.641386;48.518369
22081_0193_00008;8;;Rue des Tadornes;22120;22081;Hillion;;;-2.664649;48.510762
22081_0027_00005;5;;Rue du Clos de l'Epine;22120;22081;Hillion;;;-2.658845;48.499986
22081_0019_00006;6;;Impasse du Clos des Quilles;22120;22081;Hillion;;;-2.653046;48.502685
22081_0097_00001;1;;Rue de la Lande de Fortville;22120;22081;Hillion;;;-2.646774;48.505575
22081_0161_00001_bis;1;bis;Rue du Viaduc;22120;22081;Hillion;;;-2.616094;48.505672
22081_6y4y43_00007;7;;Kersaint;22120;22081;Hillion;;;-2.676356;48.526402
22081_0026_00007;7;;Venelle de la Cassière;22120;22081;Hillion;;;-2.614029;48.506602
22081_0115_00013;13;;Rue Ollivier Provost;22120;22081;Hillion;;;-2.667549;48.516847
22081_c715_00006;6;;La Ville es Chiens;22120;22081;Hillion;;;-2.622478;48.505935
22081_0169_00004;4;;Impasse de Beau Soleil;22120;22081;Hillion;;;-2.652175;48.485716
22081_0109_00051;51;;Rue Monseigneur Le Mée;22120;22081;Hillion;;;-2.671381;48.485348
22081_0095_00018;18;;Route de Lermot;22120;22081;Hillion;;;-2.667198;48.520381
22081_0094_00005;5;;Impasse de la Ville Jaffray;22120;22081;Hillion;;;-2.622568;48.500595
22081_0110_00028_bis;28;bis;Rue Morin;22120;22081;Hillion;;;-2.637973;48.486198
22081_0011_00001;1;;Rue des Bernaches;22120;22081;Hillion;;;-2.67051;48.51334
22081_0087_00013;13;;Rue du 8 mai 1945;22120;22081;Hillion;;;-2.664722;48.515545
22081_0013_00003;3;;Rue de Bel Air;22120;22081;Hillion;;;-2.661591;48.486804
22081_0160_00001_e;1;e;Rue des Vergers;22120;22081;Hillion;;;-2.641721;48.486941
22081_0051_00003;3;;Rue de Fonteneau;22120;22081;Hillion;;;-2.668882;48.52962
22081_0035_00007;7;;Route de Carmin;22120;22081;Hillion;;;-2.627133;48.485517
22081_0192_00021;21;;Rue des Sternes;22120;22081;Hillion;;;-2.665236;48.510931
22081_0038_00008;8;;Rue du 19 mars 1962;22120;22081;Hillion;;;-2.664512;48.516218
22081_0115_00005_ter;5;ter;Rue Ollivier Provost;22120;22081;Hillion;;;-2.667637;48.515668
22081_0013_00030;30;;Rue de Bel Air;22120;22081;Hillion;;;-2.658139;48.485395
22081_0044_00004;4;;Rue de la Croix Petit Pierre;22120;22081;Hillion;;;-2.66317;48.514107
22081_0113_00001_bis;1;bis;Impasse du Moulin à vent;22120;22081;Hillion;;;-2.65763;48.483937
22081_0022_00024_c;24;c;Rue du Crapont;22120;22081;Hillion;;;-2.668594;48.51692
22081_c720_00013;13;;La Ville Amion;22120;22081;Hillion;;;-2.615757;48.486436
22081_0120_00005;5;;Rue du Perversy;22120;22081;Hillion;;;-2.637419;48.487025
22081_0052_00026;26;;Rue de la Fontaine;22120;22081;Hillion;;;-2.640003;48.519931
22081_0065_00008;8;;Route de Fortville;22120;22081;Hillion;;;-2.661647;48.512227
22081_0093_00014;14;;Rue des Jonchais;22120;22081;Hillion;;;-2.650178;48.49895
22081_0132_00005;5;;Impasse de la Pointe des Guettes;22120;22081;Hillion;;;-2.670676;48.532629
22081_0192_00020;20;;Rue des Sternes;22120;22081;Hillion;;;-2.664052;48.51107
22081_0176_00006;6;;Rue de la Chicane;22120;22081;Hillion;;;-2.624813;48.50165
22081_c720_00008;8;;La Ville Amion;22120;22081;Hillion;;;-2.615552;48.486273
22081_0163_00004;4;;Rue de la Vigne;22120;22081;Hillion;;;-2.641348;48.480916
22081_0042_00005;5;;Venelle des Ecoles;22120;22081;Hillion;;;-2.6654;48.514021
22081_c775_00003_bis;3;bis;Hameau de Licantois;22120;22081;Hillion;;;-2.636885;48.510851
22081_0111_00003;3;;Impasse de la Navière;22120;22081;Hillion;;;-2.645234;48.508128
22081_0121_00006;6;;Rue des Peupliers;22120;22081;Hillion;;;-2.635212;48.487991
22081_0051_00009;9;;Rue de Fonteneau;22120;22081;Hillion;;;-2.669964;48.530967
22081_0140_00013;13;;Route des Quilles;22120;22081;Hillion;;;-2.665154;48.510018
22081_0006_00005;5;;Allée Barnouic;22120;22081;Hillion;;;-2.664863;48.517894
22081_c775_00031;31;;Hameau de Licantois;22120;22081;Hillion;;;-2.636435;48.509282
22081_0124_00014;14;;Rue du Petit Cré;22120;22081;Hillion;;;-2.658623;48.489674
22081_0037_00009;9;;Rue du Châtel;22120;22081;Hillion;;;-2.643134;48.487574
22081_0087_00008;8;;Rue du 8 mai 1945;22120;22081;Hillion;;;-2.664434;48.515667
22081_0139_00008;8;;Rue du Puits;22120;22081;Hillion;;;-2.622418;48.493372
22081_0100_00012;12;;Rue de la Noë Briens;22120;22081;Hillion;;;-2.660767;48.512791
22081_0075_00003_b;3;b;Route de la Grandville;22120;22081;Hillion;;;-2.665453;48.514612
22081_f4qn9f_00009;9;;Carquitté;22120;22081;Hillion;;;-2.630448;48.505104
22081_0100_00031;31;;Rue de la Noë Briens;22120;22081;Hillion;;;-2.658065;48.512432
22081_0111_00004;4;;Impasse de la Navière;22120;22081;Hillion;;;-2.644589;48.507496
22081_0184_00013;13;;Impasse de l'Herbonnet;22120;22081;Hillion;;;-2.636397;48.486121
22081_0158_00022;22;;Rue de Trégot;22120;22081;Hillion;;;-2.666662;48.529468
22081_0117_00004;4;;Rue du Champ Plétan;22120;22081;Hillion;;;-2.665509;48.511384
22081_0129_00008;8;;Impasse de Pissoison;22120;22081;Hillion;;;-2.679065;48.501131
22081_gwcpxv_00014;14;;Carieux;22120;22081;Hillion;;;-2.635747;48.520633
22081_0110_00024;24;;Rue Morin;22120;22081;Hillion;;;-2.640365;48.48601
22081_0105_00006;6;;Rue de la Mare Noire;22120;22081;Hillion;;;-2.640305;48.485451
22081_0079_00026;26;;Route des Grèves;22120;22081;Hillion;;;-2.673353;48.493271
22081_0133_00002;2;;Rue du Pont Rolland;22120;22081;Hillion;;;-2.638327;48.519288
22081_0037_00021;21;;Rue du Châtel;22120;22081;Hillion;;;-2.644208;48.486368
22081_0135_00006_b;6;b;Venelle des Portes;22120;22081;Hillion;;;-2.667289;48.514105
22081_0117_00032;32;;Rue du Champ Plétan;22120;22081;Hillion;;;-2.662494;48.511885
22081_c729_00008;8;;La Ville Orin;22120;22081;Hillion;;;-2.653246;48.516213
22081_0052_00003;3;;Rue de la Fontaine;22120;22081;Hillion;;;-2.641958;48.518782
22081_0197_00024;24;;Rue du Grand Léjon;22120;22081;Hillion;;;-2.664298;48.518515
22081_ch92n9_00023;23;;Quinhouët;22120;22081;Hillion;;;-2.620542;48.47762
22081_0155_00010;10;;Rue de la Tour du Fa;22120;22081;Hillion;;;-2.666433;48.513589
22081_0006_00007;7;;Allée Barnouic;22120;22081;Hillion;;;-2.664758;48.517934
22081_0090_00015;15;;Rue des Jardins;22120;22081;Hillion;;;-2.669908;48.513959
22081_0052_00011;11;;Rue de la Fontaine;22120;22081;Hillion;;;-2.641558;48.519308
22081_0039_00004;4;;Rue du Domaine;22120;22081;Hillion;;;-2.641916;48.486564
22081_0054_00013;13;;Rue de la Fontaine de Tual;22120;22081;Hillion;;;-2.642312;48.506369
22081_0095_00009;9;;Route de Lermot;22120;22081;Hillion;;;-2.667303;48.51984
22081_0132_00001;1;;Impasse de la Pointe des Guettes;22120;22081;Hillion;;;-2.670987;48.532182
22081_0080_00003;3;;Rue de la Gravelle;22120;22081;Hillion;;;-2.668491;48.514328
22081_0160_00010;10;;Rue des Vergers;22120;22081;Hillion;;;-2.642654;48.488397
22081_0082_00011;11;;Rue des Hautières;22120;22081;Hillion;;;-2.658938;48.491118
22081_0079_00005;5;;Route des Grèves;22120;22081;Hillion;;;-2.67471;48.500385
22081_0121_00014;14;;Rue des Peupliers;22120;22081;Hillion;;;-2.635137;48.488582
22081_0162_00016;16;;Rue de la Ville David;22120;22081;Hillion;;;-2.638621;48.514197
22081_0032_00010;10;;Rue du Canard;22120;22081;Hillion;;;-2.67391;48.490749
22081_0148_00002;2;;Rue des Saules;22120;22081;Hillion;;;-2.663353;48.5165
22081_c775_00027;27;;Hameau de Licantois;22120;22081;Hillion;;;-2.636846;48.509503
22081_0171_00001;1;;Rue d'Eole;22120;22081;Hillion;;;-2.654555;48.484911
22081_0152_00004;4;;Rue Théodore Botrel;22120;22081;Hillion;;;-2.643202;48.485423
22081_0196_00005;5;;Rue de l'Hôtelet;22120;22081;Hillion;;;-2.66686;48.518643
22081_0075_00024;24;;Route de la Grandville;22120;22081;Hillion;;;-2.657746;48.515527
22081_0023_00013;13;;Rue du Clos Glot;22120;22081;Hillion;;;-2.644875;48.47707
22081_0158_00020;20;;Rue de Trégot;22120;22081;Hillion;;;-2.666848;48.529339
22081_0089_00007;7;;Rue du Haut du Bois;22120;22081;Hillion;;;-2.640578;48.518714
22081_0100_00009_bis;9;bis;Rue de la Noë Briens;22120;22081;Hillion;;;-2.66197;48.51381
22081_0131_00002;2;;Impasse du Pont Derlande;22120;22081;Hillion;;;-2.670534;48.489516
22081_0191_00008;8;;Rue des Pluviers;22120;22081;Hillion;;;-2.664079;48.510488
22081_0085_00010;10;;Rue de l'Hôtellerie;22120;22081;Hillion;;;-2.670653;48.513888
22081_oz9rx3_00036;36;;Route de la Ville Fini;22120;22081;Hillion;;;-2.628091;48.515712
22081_0093_00016;16;;Rue des Jonchais;22120;22081;Hillion;;;-2.650074;48.498797
22081_0130_00008;8;;Rue de la Porte Roy;22120;22081;Hillion;;;-2.669365;48.513346
22081_0010_00002;2;;Rue de Bêchas;22120;22081;Hillion;;;-2.636988;48.486841
22081_0066_00003;3;;Rue du Verger de Fortville;22120;22081;Hillion;;;-2.645142;48.505957
22081_0193_00002;2;;Rue des Tadornes;22120;22081;Hillion;;;-2.665189;48.511153
22081_0054_00012;12;;Rue de la Fontaine de Tual;22120;22081;Hillion;;;-2.642719;48.505929
22081_b892_00020;20;;La Haute Rivière;22120;22081;Hillion;;;-2.613875;48.495928
22081_0076_00013;13;;Rue des Grands Champs;22120;22081;Hillion;;;-2.64137;48.482844
22081_0124_00012;12;;Rue du Petit Cré;22120;22081;Hillion;;;-2.65877;48.489586
22081_0163_00027;27;;Rue de la Vigne;22120;22081;Hillion;;;-2.640455;48.47795
22081_0108_00010;10;;Allée des Minquiers;22120;22081;Hillion;;;-2.663134;48.518875
22081_0004_00007;7;;Impasse Auguste Brizeux;22120;22081;Hillion;;;-2.645447;48.485422
22081_0025_00026;26;;Rue de Brest;22120;22081;Hillion;;;-2.652951;48.485574
22081_0088_00014;14;;Cour d'En Haut;22120;22081;Hillion;;;-2.669779;48.530103
22081_0097_00008;8;;Rue de la Lande de Fortville;22120;22081;Hillion;;;-2.646888;48.505634
22081_0109_00065;65;;Rue Monseigneur Le Mée;22120;22081;Hillion;;;-2.667255;48.485423
22081_0107_00003;3;;Rue des Marais;22120;22081;Hillion;;;-2.67005;48.512706
22081_0028_00023;23;;Rue de Casseu;22120;22081;Hillion;;;-2.634235;48.508146
22081_0088_00010;10;;Cour d'En Haut;22120;22081;Hillion;;;-2.669861;48.530174
22081_c736_00005;5;;Les Villes Marottes;22120;22081;Hillion;;;-2.648258;48.497137
22081_0108_00005;5;;Allée des Minquiers;22120;22081;Hillion;;;-2.663326;48.518812
22081_0045_00003_bis;3;bis;Rue de l'Etoile;22120;22081;Hillion;;;-2.671123;48.518613
22081_0050_00009_bis;9;bis;Rue de Fontreven;22120;22081;Hillion;;;-2.669224;48.512799
22081_oz9rx3_00002;2;;Route de la Ville Fini;22120;22081;Hillion;;;-2.619593;48.510468
22081_0001_00002;2;;Rue Anatole Le Braz;22120;22081;Hillion;;;-2.646134;48.486694
22081_0065_00019;19;;Route de Fortville;22120;22081;Hillion;;;-2.660482;48.511677
22081_0052_00019;19;;Rue de la Fontaine;22120;22081;Hillion;;;-2.640858;48.519637
22081_0074_00015;15;;Rue Georges Palante;22120;22081;Hillion;;;-2.64068;48.521458
22081_0134_00002;2;;Rue des Portes;22120;22081;Hillion;;;-2.665143;48.51611
22081_0100_00037;37;;Rue de la Noë Briens;22120;22081;Hillion;;;-2.655613;48.511975
22081_0093_00021;21;;Rue des Jonchais;22120;22081;Hillion;;;-2.649054;48.497329
22081_0163_00012;12;;Rue de la Vigne;22120;22081;Hillion;;;-2.640662;48.479996
22081_0089_00019;19;;Rue du Haut du Bois;22120;22081;Hillion;;;-2.639337;48.519113
22081_101xzc_00002;2;;Tanio;22120;22081;Hillion;;;-2.628848;48.516349
22081_c731_00004;4;;La Ville Pépin;22120;22081;Hillion;;;-2.642734;48.500394
22081_0004_00001;1;;Impasse Auguste Brizeux;22120;22081;Hillion;;;-2.645412;48.485884
22081_0139_00007;7;;Rue du Puits;22120;22081;Hillion;;;-2.619848;48.49592
22081_0066_00014;14;;Rue du Verger de Fortville;22120;22081;Hillion;;;-2.643203;48.506733
22081_0037_00019;19;;Rue du Châtel;22120;22081;Hillion;;;-2.64412;48.486507
22081_0184_00014;14;;Impasse de l'Herbonnet;22120;22081;Hillion;;;-2.635878;48.485983
22081_0115_00008_bis;8;bis;Rue Ollivier Provost;22120;22081;Hillion;;;-2.667578;48.515314
22081_0033_00006_bis;6;bis;Route de Carberon;22120;22081;Hillion;;;-2.668208;48.519479
22081_0048_00005;5;;Allée du Ferlas;22120;22081;Hillion;;;-2.666941;48.517641
22081_mrtx3a_00006;6;;La Bande;22120;22081;Hillion;;;-2.612536;48.490175
22081_9sk9x5_00009;9;;Route du Tertre Piquet;22120;22081;Hillion;;;-2.663532;48.526551
22081_0162_00002;2;;Rue de la Ville David;22120;22081;Hillion;;;-2.638875;48.518865
22081_0127_00001;1;;Rue de la Pièce Poulain;22120;22081;Hillion;;;-2.674602;48.522934
22081_0109_00067;67;;Rue Monseigneur Le Mée;22120;22081;Hillion;;;-2.666564;48.485411
22081_0040_00012;12;;Place de l'Eglise;22120;22081;Hillion;;;-2.669194;48.51413
22081_0131_00007;7;;Impasse du Pont Derlande;22120;22081;Hillion;;;-2.672811;48.488041
22081_oz9rx3_00020;20;;Route de la Ville Fini;22120;22081;Hillion;;;-2.622363;48.512496
22081_0089_00010_bis;10;bis;Rue du Haut du Bois;22120;22081;Hillion;;;-2.642777;48.517904
22081_0133_00020;20;;Rue du Pont Rolland;22120;22081;Hillion;;;-2.634964;48.519429
22081_0051_00019;19;;Rue de Fonteneau;22120;22081;Hillion;;;-2.670825;48.531608
22081_0100_00045_bis;45;bis;Rue de la Noë Briens;22120;22081;Hillion;;;-2.653455;48.511786
22081_0132_00002;2;;Impasse de la Pointe des Guettes;22120;22081;Hillion;;;-2.670291;48.533062
22081_0161_00003;3;;Rue du Viaduc;22120;22081;Hillion;;;-2.615368;48.50593
22081_0051_00018;18;;Rue de Fonteneau;22120;22081;Hillion;;;-2.669108;48.530564
22081_0025_00044;44;;Rue de Brest;22120;22081;Hillion;;;-2.656964;48.485242
22081_5y3eem_00007;7;;La Horvée;22120;22081;Hillion;;;-2.661795;48.516739
22081_0075_00001;1;;Route de la Grandville;22120;22081;Hillion;;;-2.666526;48.513896
22081_0155_00005;5;;Rue de la Tour du Fa;22120;22081;Hillion;;;-2.667719;48.513725
22081_0155_00027;27;;Rue de la Tour du Fa;22120;22081;Hillion;;;-2.66466;48.513486
22081_0107_00005;5;;Rue des Marais;22120;22081;Hillion;;;-2.670079;48.512614
22081_0160_00001_c;1;c;Rue des Vergers;22120;22081;Hillion;;;-2.641531;48.48686
22081_0004_00009;9;;Impasse Auguste Brizeux;22120;22081;Hillion;;;-2.64574;48.485421
22081_0052_00020;20;;Rue de la Fontaine;22120;22081;Hillion;;;-2.64034;48.519624
22081_0011_00006;6;;Rue des Bernaches;22120;22081;Hillion;;;-2.670838;48.513446
22081_0110_00008;8;;Rue Morin;22120;22081;Hillion;;;-2.642006;48.485262
22081_0197_00010;10;;Rue du Grand Léjon;22120;22081;Hillion;;;-2.666091;48.519099
22081_0057_00003;3;;Rue des Dunes;22120;22081;Hillion;;;-2.668886;48.516073
22081_0118_00002;2;;Rue du Champ du Pommier;22120;22081;Hillion;;;-2.665789;48.511761
22081_0060_00002_d;2;d;Venelle de la Forge Brûlon;22120;22081;Hillion;;;-2.640588;48.485128
22081_0054_00014;14;;Rue de la Fontaine de Tual;22120;22081;Hillion;;;-2.642463;48.506055
22081_0075_00014;14;;Route de la Grandville;22120;22081;Hillion;;;-2.664562;48.514443
22081_0013_00002;2;;Rue de Bel Air;22120;22081;Hillion;;;-2.661764;48.486739
22081_0161_00005;5;;Rue du Viaduc;22120;22081;Hillion;;;-2.615392;48.506099
22081_0180_00002;2;;Rue des Charmes;22120;22081;Hillion;;;-2.635932;48.48517
22081_b946_00010;10;;La Lande David;22120;22081;Hillion;;;-2.631925;48.488707
22081_0158_00008;8;;Rue de Trégot;22120;22081;Hillion;;;-2.667805;48.52802
22081_0047_00015;15;;Rue des Etangues;22120;22081;Hillion;;;-2.638766;48.482429
22081_8lbj2u_00001;1;;Belleville;22120;22081;Hillion;;;-2.638528;48.502636
22081_0169_00005;5;;Impasse de Beau Soleil;22120;22081;Hillion;;;-2.652262;48.48596
22081_0193_00042;42;;Rue des Tadornes;22120;22081;Hillion;;;-2.661386;48.51116
22081_f4qn9f_00003;3;;Carquitté;22120;22081;Hillion;;;-2.62853;48.504759
22081_1936_00001;1;;Impasse des Eveils;22120;22081;Hillion;;;-2.620416;48.496783
22081_0176_00004;4;;Rue de la Chicane;22120;22081;Hillion;;;-2.623782;48.502017
22081_mrtx3a_00001_bis;1;bis;La Bande;22120;22081;Hillion;;;-2.614648;48.490314
22081_0176_00001;1;;Rue de la Chicane;22120;22081;Hillion;;;-2.618127;48.504365
22081_0179_00005;5;;Rue des Noisetiers;22120;22081;Hillion;;;-2.636993;48.4856
22081_0082_00006;6;;Rue des Hautières;22120;22081;Hillion;;;-2.660093;48.490717
22081_0168_00007;7;;Rue des Chênes;22120;22081;Hillion;;;-2.636197;48.488022
22081_0127_00002;2;;Rue de la Pièce Poulain;22120;22081;Hillion;;;-2.674209;48.522718
22081_0037_00003;3;;Rue du Châtel;22120;22081;Hillion;;;-2.642761;48.487851
22081_0080_00009;9;;Rue de la Gravelle;22120;22081;Hillion;;;-2.668319;48.514738
22081_0149_00001;1;;Rue de la Source;22120;22081;Hillion;;;-2.674981;48.524097
22081_0079_00016;16;;Route des Grèves;22120;22081;Hillion;;;-2.678549;48.497575
22081_0158_00024;24;;Rue de Trégot;22120;22081;Hillion;;;-2.666473;48.529585
22081_0033_00013;13;;Route de Carberon;22120;22081;Hillion;;;-2.668966;48.519102
22081_0171_00007;7;;Rue d'Eole;22120;22081;Hillion;;;-2.653273;48.484993
22081_0184_00001;1;;Impasse de l'Herbonnet;22120;22081;Hillion;;;-2.637381;48.486244
22081_0075_00016;16;;Route de la Grandville;22120;22081;Hillion;;;-2.664231;48.514489
22081_0123_00030;30;;Rue de la Petite Gare;22120;22081;Hillion;;;-2.66101;48.498102
22081_0137_00011;11;;Rue des Ponts Neufs;22120;22081;Hillion;;;-2.614861;48.505708
22081_0075_00022;22;;Route de la Grandville;22120;22081;Hillion;;;-2.663129;48.51477
22081_0162_00010;10;;Rue de la Ville David;22120;22081;Hillion;;;-2.638649;48.516861
22081_0169_00003;3;;Impasse de Beau Soleil;22120;22081;Hillion;;;-2.652406;48.485829
22081_gwcpxv_00002;2;;Carieux;22120;22081;Hillion;;;-2.635018;48.519679
22081_c625_00003;3;;Le Tertre de St-René;22120;22081;Hillion;;;-2.617526;48.483801
22081_0150_00045;45;;Rue Saint-Thomas;22120;22081;Hillion;;;-2.635065;48.482418
22081_0171_00005;5;;Rue d'Eole;22120;22081;Hillion;;;-2.653209;48.484573
22081_0095_00028;28;;Route de Lermot;22120;22081;Hillion;;;-2.666465;48.525907
22081_0012_00007;7;;Venelle de Bourgneuf;22120;22081;Hillion;;;-2.669472;48.5124
22081_0133_00008;8;;Rue du Pont Rolland;22120;22081;Hillion;;;-2.636891;48.519333
22081_0051_00030;30;;Rue de Fonteneau;22120;22081;Hillion;;;-2.669809;48.530947
22081_0125_00002;2;;Rue du Petit Pré;22120;22081;Hillion;;;-2.638453;48.486368
22081_0155_00029;29;;Rue de la Tour du Fa;22120;22081;Hillion;;;-2.664379;48.513455
22081_0051_00001;1;;Rue de Fonteneau;22120;22081;Hillion;;;-2.66801;48.529315
22081_0072_00001;1;;Allée de Fréhel;22120;22081;Hillion;;;-2.664164;48.517479
22081_0025_00012_c;12;c;Rue de Brest;22120;22081;Hillion;;;-2.650496;48.485183
22081_0101_00022;22;;Rue de Licellion;22120;22081;Hillion;;;-2.661142;48.490048
22081_0184_00008_c;8;c;Impasse de l'Herbonnet;22120;22081;Hillion;;;-2.636848;48.486095
22081_0153_00018;18;;Rue du Tertre de Fortville;22120;22081;Hillion;;;-2.644409;48.507054
22081_0101_00027;27;;Rue de Licellion;22120;22081;Hillion;;;-2.661129;48.488064
22081_0161_00014_ter;14;ter;Rue du Viaduc;22120;22081;Hillion;;;-2.615235;48.507014
22081_r2gq4n_00003;3;;Allée Ker Palud;22120;22081;Hillion;;;-2.665137;48.517305
22081_0097_00006;6;;Rue de la Lande de Fortville;22120;22081;Hillion;;;-2.646866;48.505669
22081_0054_00022;22;;Rue de la Fontaine de Tual;22120;22081;Hillion;;;-2.641152;48.505966
22081_0110_00024_bis;24;bis;Rue Morin;22120;22081;Hillion;;;-2.640261;48.486037
22081_0179_00003;3;;Rue des Noisetiers;22120;22081;Hillion;;;-2.636759;48.485686
22081_0126_00022;22;;Rue de la Petite Ligne;22120;22081;Hillion;;;-2.645816;48.505487
22081_0079_00018;18;;Route des Grèves;22120;22081;Hillion;;;-2.678725;48.497375
22081_0193_00044;44;;Rue des Tadornes;22120;22081;Hillion;;;-2.661504;48.511288
22081_0101_00009;9;;Rue de Licellion;22120;22081;Hillion;;;-2.661383;48.491237
22081_0115_00008;8;;Rue Ollivier Provost;22120;22081;Hillion;;;-2.667536;48.515041
22081_0043_00004;4;;Rue Ernest Renan;22120;22081;Hillion;;;-2.644078;48.485313
22081_0052_00027;27;;Rue de la Fontaine;22120;22081;Hillion;;;-2.639733;48.520124
22081_0051_00016;16;;Rue de Fonteneau;22120;22081;Hillion;;;-2.669126;48.530521
22081_0019_00003;3;;Impasse du Clos des Quilles;22120;22081;Hillion;;;-2.652992;48.503323
22081_0166_00005;5;;Route de la Ville Pierre;22120;22081;Hillion;;;-2.645624;48.488022
22081_0051_00032;32;;Rue de Fonteneau;22120;22081;Hillion;;;-2.670182;48.531225
22081_0043_00010;10;;Rue Ernest Renan;22120;22081;Hillion;;;-2.643705;48.485819
22081_0110_00010;10;;Rue Morin;22120;22081;Hillion;;;-2.641924;48.485228
22081_0039_00005;5;;Rue du Domaine;22120;22081;Hillion;;;-2.641954;48.486461
22081_0143_00023;23;;Rue de la Roche Martin;22120;22081;Hillion;;;-2.621219;48.492143
22081_0033_00016;16;;Route de Carberon;22120;22081;Hillion;;;-2.67002;48.519728
22081_0156_00001;1;;Allée Tra-Hillion;22120;22081;Hillion;;;-2.664178;48.518169
22081_arwu96_00009;9;;Grimault;22120;22081;Hillion;;;-2.633032;48.503364
22081_0150_00012;12;;Rue Saint-Thomas;22120;22081;Hillion;;;-2.64228;48.484282
22081_0045_00004;4;;Rue de l'Etoile;22120;22081;Hillion;;;-2.669614;48.519028
22081_ch92n9_00019;19;;Quinhouët;22120;22081;Hillion;;;-2.621152;48.477468
22081_0121_00002;2;;Rue des Peupliers;22120;22081;Hillion;;;-2.635626;48.4878
22081_0079_00007;7;;Route des Grèves;22120;22081;Hillion;;;-2.676741;48.49857
22081_0105_00020;20;;Rue de la Mare Noire;22120;22081;Hillion;;;-2.639936;48.484451
22081_0150_00051;51;;Rue Saint-Thomas;22120;22081;Hillion;;;-2.632903;48.481455
22081_0079_00020;20;;Route des Grèves;22120;22081;Hillion;;;-2.675691;48.493454
22081_0043_00024;24;;Rue Ernest Renan;22120;22081;Hillion;;;-2.642023;48.4859
22081_0101_00051;51;;Rue de Licellion;22120;22081;Hillion;;;-2.662295;48.485785
22081_0150_00011;11;;Rue Saint-Thomas;22120;22081;Hillion;;;-2.641959;48.484352
22081_0085_00011;11;;Rue de l'Hôtellerie;22120;22081;Hillion;;;-2.67099;48.51381
22081_0039_00015;15;;Rue du Domaine;22120;22081;Hillion;;;-2.643248;48.486492
22081_0123_00029;29;;Rue de la Petite Gare;22120;22081;Hillion;;;-2.658546;48.4992
22081_0022_00005;5;;Rue du Crapont;22120;22081;Hillion;;;-2.668163;48.516918
22081_0030_00002;2;;Rue des Brouettes;22120;22081;Hillion;;;-2.639565;48.485734
22081_b892_00018;18;;La Haute Rivière;22120;22081;Hillion;;;-2.613626;48.495807
22081_0079_00012;12;;Route des Grèves;22120;22081;Hillion;;;-2.679273;48.4982
22081_0087_00001;1;;Rue du 8 mai 1945;22120;22081;Hillion;;;-2.66334;48.516128
22081_c775_00024;24;;Hameau de Licantois;22120;22081;Hillion;;;-2.63477;48.509034
22081_0010_00006;6;;Rue de Bêchas;22120;22081;Hillion;;;-2.637412;48.487505
22081_0100_00001;1;;Rue de la Noë Briens;22120;22081;Hillion;;;-2.66234;48.513356
22081_0031_00008;8;;Impasse du Champ Guérin;22120;22081;Hillion;;;-2.668595;48.488712
22081_0013_00001;1;;Rue de Bel Air;22120;22081;Hillion;;;-2.661965;48.486826
22081_0088_00012;12;;Cour d'En Haut;22120;22081;Hillion;;;-2.669783;48.530161
22081_0150_00002;2;;Rue Saint-Thomas;22120;22081;Hillion;;;-2.642419;48.484319
22081_0081_00008;8;;Route de Saint-Guimond;22120;22081;Hillion;;;-2.669897;48.529128
22081_0126_00020;20;;Rue de la Petite Ligne;22120;22081;Hillion;;;-2.646406;48.505192
22081_0123_00018;18;;Rue de la Petite Gare;22120;22081;Hillion;;;-2.656237;48.500458
22081_0121_00005;5;;Rue des Peupliers;22120;22081;Hillion;;;-2.635337;48.488429
22081_c775_00053;53;;Hameau de Licantois;22120;22081;Hillion;;;-2.632858;48.508672
22081_0094_00007;7;;Impasse de la Ville Jaffray;22120;22081;Hillion;;;-2.622913;48.50024
22081_0125_00006;6;;Rue du Petit Pré;22120;22081;Hillion;;;-2.638621;48.487307
22081_0078_00011;11;;Rue de Guiguihen;22120;22081;Hillion;;;-2.653565;48.503558
22081_0076_00003;3;;Rue des Grands Champs;22120;22081;Hillion;;;-2.643899;48.481548
22081_0101_00024_bis;24;bis;Rue de Licellion;22120;22081;Hillion;;;-2.661733;48.489747
22081_0081_00022;22;;Route de Saint-Guimond;22120;22081;Hillion;;;-2.67129;48.527887
22081_0161_00009;9;;Rue du Viaduc;22120;22081;Hillion;;;-2.614771;48.506719
22081_oz9rx3_00009;9;;Route de la Ville Fini;22120;22081;Hillion;;;-2.621932;48.511389
22081_cedp63_00002;2;;Route du Pré Pan;22120;22081;Hillion;;;-2.639325;48.496236
22081_0105_00010;10;;Rue de la Mare Noire;22120;22081;Hillion;;;-2.640374;48.485231
22081_0017_00003;3;;Rue des Ecoles;22120;22081;Hillion;;;-2.665653;48.513239
22081_0143_00013;13;;Rue de la Roche Martin;22120;22081;Hillion;;;-2.622387;48.492522
22081_0010_00011;11;;Rue de Bêchas;22120;22081;Hillion;;;-2.637955;48.487998
22081_0121_00009;9;;Rue des Peupliers;22120;22081;Hillion;;;-2.635461;48.488683
22081_0158_00016;16;;Rue de Trégot;22120;22081;Hillion;;;-2.66718;48.529079
22081_0113_00007;7;;Impasse du Moulin à vent;22120;22081;Hillion;;;-2.656585;48.483649
22081_0160_00014;14;;Rue des Vergers;22120;22081;Hillion;;;-2.64302;48.488624
22081_0171_00016;16;;Rue d'Eole;22120;22081;Hillion;;;-2.65306;48.484221
22081_c715_00004_b;4;b;La Ville es Chiens;22120;22081;Hillion;;;-2.622855;48.505966
22081_c565_00007;7;;La Ville Jéhan;22120;22081;Hillion;;;-2.653828;48.494885
22081_0080_00011;11;;Rue de la Gravelle;22120;22081;Hillion;;;-2.668217;48.514885
22081_0011_00018;18;;Rue des Bernaches;22120;22081;Hillion;;;-2.671147;48.51303
22081_0192_00026;26;;Rue des Sternes;22120;22081;Hillion;;;-2.664749;48.511017
22081_0047_00011;11;;Rue des Etangues;22120;22081;Hillion;;;-2.638965;48.482692
22081_0140_00006;6;;Route des Quilles;22120;22081;Hillion;;;-2.659323;48.504878
22081_0089_00017;17;;Rue du Haut du Bois;22120;22081;Hillion;;;-2.639437;48.519081
22081_0118_00011;11;;Rue du Champ du Pommier;22120;22081;Hillion;;;-2.665647;48.512219
22081_0074_00009;9;;Rue Georges Palante;22120;22081;Hillion;;;-2.64008;48.520744
22081_0047_00005;5;;Rue des Etangues;22120;22081;Hillion;;;-2.639371;48.483155
22081_0158_00011;11;;Rue de Trégot;22120;22081;Hillion;;;-2.667862;48.52854
22081_b892_00001;1;;La Haute Rivière;22120;22081;Hillion;;;-2.612676;48.493783
22081_0027_00010;10;;Rue du Clos de l'Epine;22120;22081;Hillion;;;-2.659086;48.500513
22081_0131_00016_bis;16;bis;Impasse du Pont Derlande;22120;22081;Hillion;;;-2.673076;48.489223
22081_0105_00004;4;;Rue de la Mare Noire;22120;22081;Hillion;;;-2.640337;48.485536
22081_0034_00007;7;;Impasse Chateaubriand;22120;22081;Hillion;;;-2.644935;48.486383
22081_0140_00012;12;;Route des Quilles;22120;22081;Hillion;;;-2.657001;48.503325
22081_0033_00030;30;;Route de Carberon;22120;22081;Hillion;;;-2.672605;48.52139
22081_0010_00005;5;;Rue de Bêchas;22120;22081;Hillion;;;-2.637409;48.487279
22081_0081_00013;13;;Route de Saint-Guimond;22120;22081;Hillion;;;-2.670502;48.52816
22081_0032_00003;3;;Rue du Canard;22120;22081;Hillion;;;-2.67084;48.491393
22081_0123_00006;6;;Rue de la Petite Gare;22120;22081;Hillion;;;-2.654695;48.501217
22081_0023_00032;32;;Rue du Clos Glot;22120;22081;Hillion;;;-2.647959;48.476919
22081_0166_00001;1;;Route de la Ville Pierre;22120;22081;Hillion;;;-2.644419;48.487752
22081_0133_00023;23;;Rue du Pont Rolland;22120;22081;Hillion;;;-2.636275;48.519539
22081_0171_00010;10;;Rue d'Eole;22120;22081;Hillion;;;-2.653971;48.483959
22081_0074_00011_a;11;a;Rue Georges Palante;22120;22081;Hillion;;;-2.640204;48.52091
22081_0193_00028;28;;Rue des Tadornes;22120;22081;Hillion;;;-2.662486;48.510843
22081_0027_00002;2;;Rue du Clos de l'Epine;22120;22081;Hillion;;;-2.658461;48.499631
22081_0078_00001;1;;Rue de Guiguihen;22120;22081;Hillion;;;-2.654319;48.50303
22081_0039_00018;18;;Rue du Domaine;22120;22081;Hillion;;;-2.643228;48.486935
22081_0196_00009;9;;Rue de l'Hôtelet;22120;22081;Hillion;;;-2.666519;48.518425
22081_0127_00005;5;;Rue de la Pièce Poulain;22120;22081;Hillion;;;-2.673881;48.523646
22081_0123_00011;11;;Rue de la Petite Gare;22120;22081;Hillion;;;-2.655678;48.500608
22081_0022_00036;36;;Rue du Crapont;22120;22081;Hillion;;;-2.669243;48.516818
22081_0193_00003;3;;Rue des Tadornes;22120;22081;Hillion;;;-2.662061;48.511067
22081_0192_00012;12;;Rue des Sternes;22120;22081;Hillion;;;-2.663169;48.511143
22081_0040_00002;2;;Place de l'Eglise;22120;22081;Hillion;;;-2.66814;48.513903
22081_0033_00026;26;;Route de Carberon;22120;22081;Hillion;;;-2.672206;48.521156
22081_0150_00039;39;;Rue Saint-Thomas;22120;22081;Hillion;;;-2.635652;48.483597
22081_0074_00013;13;;Rue Georges Palante;22120;22081;Hillion;;;-2.640539;48.521288
22081_c328_00005;5;;Le Pont Harcouët;22120;22081;Hillion;;;-2.645627;48.489982
22081_kr4sfu_00006;6;;Le Plessix;22120;22081;Hillion;;;-2.642549;48.496648
22081_b946_00002;2;;La Lande David;22120;22081;Hillion;;;-2.633889;48.487953
22081_r2gq4n_00001;1;;Allée Ker Palud;22120;22081;Hillion;;;-2.665103;48.517377
22081_c035_00010;10;;Le Moulin de la Perche;22120;22081;Hillion;;;-2.612892;48.494961
22081_0019_00005_bis;5;bis;Impasse du Clos des Quilles;22120;22081;Hillion;;;-2.652945;48.503428
22081_c775_00029;29;;Hameau de Licantois;22120;22081;Hillion;;;-2.636852;48.509291
22081_0192_00004;4;;Rue des Sternes;22120;22081;Hillion;;;-2.662434;48.511389
22081_0075_00003_c;3;c;Route de la Grandville;22120;22081;Hillion;;;-2.665473;48.514668
22081_0117_00011;11;;Rue du Champ Plétan;22120;22081;Hillion;;;-2.663638;48.511649
22081_0115_00012;12;;Rue Ollivier Provost;22120;22081;Hillion;;;-2.66733;48.516883
22081_0001_00016;16;;Rue Anatole Le Braz;22120;22081;Hillion;;;-2.647021;48.485441
22081_0133_00032;32;;Rue du Pont Rolland;22120;22081;Hillion;;;-2.628886;48.518131
22081_0013_00026;26;;Rue de Bel Air;22120;22081;Hillion;;;-2.658124;48.485707
22081_0166_00006;6;;Route de la Ville Pierre;22120;22081;Hillion;;;-2.652702;48.488909
22081_0101_00035_b;35;b;Rue de Licellion;22120;22081;Hillion;;;-2.661402;48.48765
22081_0050_00004;4;;Rue de Fontreven;22120;22081;Hillion;;;-2.668936;48.512858
22081_0090_00001;1;;Rue des Jardins;22120;22081;Hillion;;;-2.670082;48.512997
22081_0039_00025;25;;Rue du Domaine;22120;22081;Hillion;;;-2.643236;48.486643
22081_0153_00008;8;;Rue du Tertre de Fortville;22120;22081;Hillion;;;-2.645987;48.506824
22081_0162_00012_a;12;a;Rue de la Ville David;22120;22081;Hillion;;;-2.638351;48.515263
22081_0125_00004_bis;4;bis;Rue du Petit Pré;22120;22081;Hillion;;;-2.638496;48.486546
22081_0196_00010;10;;Rue de l'Hôtelet;22120;22081;Hillion;;;-2.665675;48.518184
22081_0039_00023;23;;Rue du Domaine;22120;22081;Hillion;;;-2.643352;48.486513
22081_0101_00012;12;;Rue de Licellion;22120;22081;Hillion;;;-2.661434;48.490952
22081_0079_00045;45;;Route des Grèves;22120;22081;Hillion;;;-2.669634;48.489163
22081_0169_00002;2;;Impasse de Beau Soleil;22120;22081;Hillion;;;-2.65219;48.485483
22081_0039_00021;21;;Rue du Domaine;22120;22081;Hillion;;;-2.643574;48.486407
22081_0093_00025;25;;Rue des Jonchais;22120;22081;Hillion;;;-2.648777;48.497379
22081_c720_00011;11;;La Ville Amion;22120;22081;Hillion;;;-2.615345;48.485954
22081_0076_00001_bis;1;bis;Rue des Grands Champs;22120;22081;Hillion;;;-2.644004;48.481795
22081_0065_00016;16;;Route de Fortville;22120;22081;Hillion;;;-2.660517;48.511564
22081_0101_00005;5;;Rue de Licellion;22120;22081;Hillion;;;-2.661601;48.491724
22081_0184_00015;15;;Impasse de l'Herbonnet;22120;22081;Hillion;;;-2.636194;48.486097
22081_0074_00019;19;;Rue Georges Palante;22120;22081;Hillion;;;-2.641005;48.52198
22081_0051_00006;6;;Rue de Fonteneau;22120;22081;Hillion;;;-2.668523;48.529575
22081_0037_00018;18;;Rue du Châtel;22120;22081;Hillion;;;-2.644156;48.486678
22081_0075_00009;9;;Route de la Grandville;22120;22081;Hillion;;;-2.664511;48.51453
22081_0014_00045;45;;Route de Bon Abri;22120;22081;Hillion;;;-2.658848;48.525272
22081_0131_00003;3;;Impasse du Pont Derlande;22120;22081;Hillion;;;-2.670778;48.489275
22081_0150_00006;6;;Rue Saint-Thomas;22120;22081;Hillion;;;-2.642371;48.484306
22081_0048_00007;7;;Allée du Ferlas;22120;22081;Hillion;;;-2.666927;48.517735
22081_b040_00001;1;;La Basse Rivière;22120;22081;Hillion;;;-2.610045;48.491987
22081_0100_00045;45;;Rue de la Noë Briens;22120;22081;Hillion;;;-2.653623;48.511801
22081_0100_00041;41;;Rue de la Noë Briens;22120;22081;Hillion;;;-2.654821;48.511915
22081_0027_00004;4;;Rue du Clos de l'Epine;22120;22081;Hillion;;;-2.658673;48.499826
22081_0131_00006;6;;Impasse du Pont Derlande;22120;22081;Hillion;;;-2.671527;48.489742
22081_0109_00063;63;;Rue Monseigneur Le Mée;22120;22081;Hillion;;;-2.667497;48.485424
22081_0163_00009;9;;Rue de la Vigne;22120;22081;Hillion;;;-2.640572;48.479923
22081_b892_00014;14;;La Haute Rivière;22120;22081;Hillion;;;-2.613292;48.495197
22081_0150_00004;4;;Rue Saint-Thomas;22120;22081;Hillion;;;-2.642395;48.484312
22081_0158_00038;38;;Rue de Trégot;22120;22081;Hillion;;;-2.66494;48.53029
22081_hrxsew_00004;4;;Route de Carsugat;22120;22081;Hillion;;;-2.626389;48.495642
22081_0158_00015;15;;Rue de Trégot;22120;22081;Hillion;;;-2.667356;48.52907
22081_0137_00017;17;;Rue des Ponts Neufs;22120;22081;Hillion;;;-2.613659;48.506066
22081_0153_00020;20;;Rue du Tertre de Fortville;22120;22081;Hillion;;;-2.644031;48.506994
22081_0001_00003;3;;Rue Anatole Le Braz;22120;22081;Hillion;;;-2.646484;48.485974
22081_0075_00002;2;;Route de la Grandville;22120;22081;Hillion;;;-2.666233;48.513988
22081_0006_00001;1;;Allée Barnouic;22120;22081;Hillion;;;-2.664989;48.517719
22081_0163_00041;41;;Rue de la Vigne;22120;22081;Hillion;;;-2.637972;48.474741
22081_0133_00019;19;;Rue du Pont Rolland;22120;22081;Hillion;;;-2.637157;48.51942
22081_0041_00007;7;;Rue du Clos Guéguen;22120;22081;Hillion;;;-2.666807;48.512572
22081_0110_00028;28;;Rue Morin;22120;22081;Hillion;;;-2.638153;48.486188
22081_0131_00011;11;;Impasse du Pont Derlande;22120;22081;Hillion;;;-2.672191;48.487916
22081_0171_00012;12;;Rue d'Eole;22120;22081;Hillion;;;-2.653287;48.48395
22081_0038_00002;2;;Rue du 19 mars 1962;22120;22081;Hillion;;;-2.663781;48.516299
22081_0133_00009;9;;Rue du Pont Rolland;22120;22081;Hillion;;;-2.637682;48.519473
22081_0143_00009;9;;Rue de la Roche Martin;22120;22081;Hillion;;;-2.623538;48.49299
22081_0148_00010;10;;Rue des Saules;22120;22081;Hillion;;;-2.663362;48.517111
22081_0079_00022;22;;Route des Grèves;22120;22081;Hillion;;;-2.675633;48.493436
22081_c775_00045_a;45;a;Hameau de Licantois;22120;22081;Hillion;;;-2.634137;48.509239
22081_0060_00002_c;2;c;Venelle de la Forge Brûlon;22120;22081;Hillion;;;-2.640632;48.485101
22081_0180_00010;10;;Rue des Charmes;22120;22081;Hillion;;;-2.635289;48.485427
22081_0155_00018;18;;Rue de la Tour du Fa;22120;22081;Hillion;;;-2.66508;48.513455
22081_0025_00013_bis;13;bis;Rue de Brest;22120;22081;Hillion;;;-2.648592;48.484988
22081_0060_00001;1;;Venelle de la Forge Brûlon;22120;22081;Hillion;;;-2.641108;48.484708
22081_0057_00005;5;;Rue des Dunes;22120;22081;Hillion;;;-2.668676;48.516153
22081_0178_00010;10;;Rue des Châtaigniers;22120;22081;Hillion;;;-2.636293;48.484828
22081_0163_00002;2;;Rue de la Vigne;22120;22081;Hillion;;;-2.64152;48.480908
22081_0107_00010;10;;Rue des Marais;22120;22081;Hillion;;;-2.674075;48.503418
22081_0134_00007;7;;Rue des Portes;22120;22081;Hillion;;;-2.664685;48.515139
22081_0155_00001;1;;Rue de la Tour du Fa;22120;22081;Hillion;;;-2.668026;48.513793
22081_0193_00024;24;;Rue des Tadornes;22120;22081;Hillion;;;-2.662882;48.510748
22081_0123_00009;9;;Rue de la Petite Gare;22120;22081;Hillion;;;-2.655578;48.500658
22081_0143_00001;1;;Rue de la Roche Martin;22120;22081;Hillion;;;-2.625302;48.493657
22081_0050_00002;2;;Rue de Fontreven;22120;22081;Hillion;;;-2.668652;48.512843
22081_0095_00006;6;;Route de Lermot;22120;22081;Hillion;;;-2.667279;48.519008
22081_0013_00018;18;;Rue de Bel Air;22120;22081;Hillion;;;-2.658068;48.486217
22081_0019_00015;15;;Impasse du Clos des Quilles;22120;22081;Hillion;;;-2.65243;48.502676
22081_0029_00001;1;;Impasse de Carberon;22120;22081;Hillion;;;-2.6756;48.522912
22081_b946_00012;12;;La Lande David;22120;22081;Hillion;;;-2.631412;48.489003
22081_0197_00005;5;;Rue du Grand Léjon;22120;22081;Hillion;;;-2.665681;48.519116
22081_0150_00055;55;;Rue Saint-Thomas;22120;22081;Hillion;;;-2.629817;48.480559
22081_0192_00002;2;;Rue des Sternes;22120;22081;Hillion;;;-2.662097;48.511578
22081_0075_00012;12;;Route de la Grandville;22120;22081;Hillion;;;-2.664782;48.514423
22081_0150_00010;10;;Rue Saint-Thomas;22120;22081;Hillion;;;-2.642309;48.48429
22081_0110_00022_bis;22;bis;Rue Morin;22120;22081;Hillion;;;-2.640828;48.485872
22081_101xzc_00006;6;;Tanio;22120;22081;Hillion;;;-2.627902;48.516536
22081_i3nki5_00002;2;;La Marguette;22120;22081;Hillion;;;-2.644028;48.492321
22081_0102_00003;3;;Impasse du Marronnier;22120;22081;Hillion;;;-2.636919;48.488503
22081_0031_00006;6;;Impasse du Champ Guérin;22120;22081;Hillion;;;-2.668733;48.488406
22081_0131_00009;9;;Impasse du Pont Derlande;22120;22081;Hillion;;;-2.672361;48.487869
22081_0117_00026;26;;Rue du Champ Plétan;22120;22081;Hillion;;;-2.663144;48.51162
22081_0127_00012;12;;Rue de la Pièce Poulain;22120;22081;Hillion;;;-2.673285;48.523882
22081_0097_00012;12;;Rue de la Lande de Fortville;22120;22081;Hillion;;;-2.647201;48.50511
22081_0141_00001;1;;Place des Quilles;22120;22081;Hillion;;;-2.654023;48.502923
22081_0171_00002;2;;Rue d'Eole;22120;22081;Hillion;;;-2.654702;48.484962
22081_0102_00004;4;;Impasse du Marronnier;22120;22081;Hillion;;;-2.637007;48.488654
22081_0133_00016;16;;Rue du Pont Rolland;22120;22081;Hillion;;;-2.635261;48.519442
22081_f4qn9f_00001;1;;Carquitté;22120;22081;Hillion;;;-2.627608;48.506265
22081_1jyt8s_00011;11;;Route de la Vieille Jeannaie;22120;22081;Hillion;;;-2.61852;48.500663
22081_0193_00040;40;;Rue des Tadornes;22120;22081;Hillion;;;-2.66128;48.511075
22081_c775_00041;41;;Hameau de Licantois;22120;22081;Hillion;;;-2.634981;48.509183
22081_0192_00011;11;;Rue des Sternes;22120;22081;Hillion;;;-2.662973;48.511079
22081_0124_00006;6;;Rue du Petit Cré;22120;22081;Hillion;;;-2.659303;48.48937
22081_0126_00010;10;;Rue de la Petite Ligne;22120;22081;Hillion;;;-2.650748;48.503045
22081_b954_00004;4;;La Lande des Aubiers;22120;22081;Hillion;;;-2.663657;48.498736
22081_0117_00034;34;;Rue du Champ Plétan;22120;22081;Hillion;;;-2.662304;48.511997
22081_0191_00010;10;;Rue des Pluviers;22120;22081;Hillion;;;-2.663919;48.510768
22081_0191_00001;1;;Rue des Pluviers;22120;22081;Hillion;;;-2.664508;48.510112
22081_0121_00018;18;;Rue des Peupliers;22120;22081;Hillion;;;-2.635219;48.488715
22081_c775_00050;50;;Hameau de Licantois;22120;22081;Hillion;;;-2.630201;48.50816
22081_0191_00004;4;;Rue des Pluviers;22120;22081;Hillion;;;-2.6643;48.51017
22081_0082_00004;4;;Rue des Hautières;22120;22081;Hillion;;;-2.660501;48.490637
22081_0065_00013;13;;Route de Fortville;22120;22081;Hillion;;;-2.661772;48.512421
22081_0130_00005;5;;Rue de la Porte Roy;22120;22081;Hillion;;;-2.669358;48.51321
22081_0166_00004;4;;Route de la Ville Pierre;22120;22081;Hillion;;;-2.652297;48.488805
22081_c720_00006;6;;La Ville Amion;22120;22081;Hillion;;;-2.615892;48.48616
22081_0123_00001;1;;Rue de la Petite Gare;22120;22081;Hillion;;;-2.653424;48.501678
22081_0120_00001;1;;Rue du Perversy;22120;22081;Hillion;;;-2.638377;48.486724
22081_0133_00012;12;;Rue du Pont Rolland;22120;22081;Hillion;;;-2.636141;48.519458
22081_0128_00006;6;;Rue des Phares;22120;22081;Hillion;;;-2.666042;48.517198
22081_b946_00015;15;;La Lande David;22120;22081;Hillion;;;-2.632482;48.488637
22081_0155_00003;3;;Rue de la Tour du Fa;22120;22081;Hillion;;;-2.667929;48.513768
22081_f44b97_00005;5;;Lermeleu;22120;22081;Hillion;;;-2.64922;48.512987
22081_0009_00001;1;;Rue de la Croix Boissée;22120;22081;Hillion;;;-2.662802;48.512136
22081_0089_00026;26;;Rue du Haut du Bois;22120;22081;Hillion;;;-2.640674;48.51857
22081_0101_00042;42;;Rue de Licellion;22120;22081;Hillion;;;-2.662184;48.487226
22081_c715_00004;4;;La Ville es Chiens;22120;22081;Hillion;;;-2.623162;48.505974
22081_0160_00001_d;1;d;Rue des Vergers;22120;22081;Hillion;;;-2.641611;48.486894
22081_0120_00003_b;3;b;Rue du Perversy;22120;22081;Hillion;;;-2.637819;48.486868
22081_0051_00017;17;;Rue de Fonteneau;22120;22081;Hillion;;;-2.670715;48.531504
22081_1ewuec_00003;3;;Prébis;22120;22081;Hillion;;;-2.662414;48.521376
22081_0033_00003;3;;Route de Carberon;22120;22081;Hillion;;;-2.668331;48.517901
22081_0117_00012;12;;Rue du Champ Plétan;22120;22081;Hillion;;;-2.664621;48.511451
22081_0094_00002;2;;Impasse de la Ville Jaffray;22120;22081;Hillion;;;-2.621589;48.50054
22081_0133_00036;36;;Rue du Pont Rolland;22120;22081;Hillion;;;-2.623658;48.519759
22081_0085_00010_bis;10;bis;Rue de l'Hôtellerie;22120;22081;Hillion;;;-2.670583;48.513888
22081_0139_00010;10;;Rue du Puits;22120;22081;Hillion;;;-2.619797;48.496531
22081_0087_00005;5;;Rue du 8 mai 1945;22120;22081;Hillion;;;-2.663436;48.515819
22081_0150_00033;33;;Rue Saint-Thomas;22120;22081;Hillion;;;-2.637301;48.48321
22081_0028_00019;19;;Rue de Casseu;22120;22081;Hillion;;;-2.634775;48.50802
22081_0110_00026_b;26;b;Rue Morin;22120;22081;Hillion;;;-2.639344;48.485976
22081_0178_00006;6;;Rue des Châtaigniers;22120;22081;Hillion;;;-2.636192;48.485231
22081_0123_00025_ter;25;ter;Rue de la Petite Gare;22120;22081;Hillion;;;-2.657685;48.49923
22081_0022_00034;34;;Rue du Crapont;22120;22081;Hillion;;;-2.669224;48.516825
22081_0133_00022;22;;Rue du Pont Rolland;22120;22081;Hillion;;;-2.634752;48.519412
22081_0148_00001;1;;Rue des Saules;22120;22081;Hillion;;;-2.663497;48.516507
22081_0011_00005;5;;Rue des Bernaches;22120;22081;Hillion;;;-2.671023;48.513352
22081_0037_00011;11;;Rue du Châtel;22120;22081;Hillion;;;-2.643267;48.487451
22081_0107_00011;11;;Rue des Marais;22120;22081;Hillion;;;-2.672277;48.504564
22081_0043_00021;21;;Rue Ernest Renan;22120;22081;Hillion;;;-2.642036;48.48582
22081_0022_00008_a;8;a;Rue du Crapont;22120;22081;Hillion;;;-2.668079;48.517078
22081_0080_00006;6;;Rue de la Gravelle;22120;22081;Hillion;;;-2.668081;48.514919
22081_c775_00055_bis;55;bis;Hameau de Licantois;22120;22081;Hillion;;;-2.632235;48.508803
22081_0166_00007;7;;Route de la Ville Pierre;22120;22081;Hillion;;;-2.651838;48.488633
22081_0026_00002;2;;Venelle de la Cassière;22120;22081;Hillion;;;-2.61393;48.505957
22081_oz9rx3_00022;22;;Route de la Ville Fini;22120;22081;Hillion;;;-2.622521;48.512843
22081_0170_00010;10;;Rue du Champ Maret;22120;22081;Hillion;;;-2.649988;48.484669
22081_0025_00034;34;;Rue de Brest;22120;22081;Hillion;;;-2.655186;48.48585
22081_0004_00013;13;;Impasse Auguste Brizeux;22120;22081;Hillion;;;-2.646221;48.485418
22081_0027_00007;7;;Rue du Clos de l'Epine;22120;22081;Hillion;;;-2.659018;48.500194
22081_0032_00011;11;;Rue du Canard;22120;22081;Hillion;;;-2.672705;48.491075
22081_0155_00006_bis;6;bis;Rue de la Tour du Fa;22120;22081;Hillion;;;-2.666841;48.513552
22081_0173_00015;15;;Impasse du Château Rouge;22120;22081;Hillion;;;-2.643996;48.4829
22081_0101_00023_ter;23;ter;Rue de Licellion;22120;22081;Hillion;;;-2.661457;48.488393
22081_0050_00015_bis;15;bis;Rue de Fontreven;22120;22081;Hillion;;;-2.672209;48.511687
22081_0150_00035;35;;Rue Saint-Thomas;22120;22081;Hillion;;;-2.637189;48.483158
22081_0114_00004;4;;Chemin de la Motte Verte;22120;22081;Hillion;;;-2.663204;48.517371
22081_0140_00010;10;;Route des Quilles;22120;22081;Hillion;;;-2.656866;48.503501
22081_0067_00001;1;;Impasse du Champ Durand;22120;22081;Hillion;;;-2.669252;48.491086
22081_0105_00001;1;;Rue de la Mare Noire;22120;22081;Hillion;;;-2.640303;48.485661
22081_0033_00012;12;;Route de Carberon;22120;22081;Hillion;;;-2.66955;48.519485
22081_0193_00004;4;;Rue des Tadornes;22120;22081;Hillion;;;-2.664992;48.510849
22081_b250_00006;6;;Le Champ Oisel;22120;22081;Hillion;;;-2.640562;48.49136
22081_0023_00011;11;;Rue du Clos Glot;22120;22081;Hillion;;;-2.644359;48.477244
22081_c775_00063;63;;Hameau de Licantois;22120;22081;Hillion;;;-2.628458;48.508694
22081_0109_00049;49;;Rue Monseigneur Le Mée;22120;22081;Hillion;;;-2.671485;48.485346
22081_0101_00025;25;;Rue de Licellion;22120;22081;Hillion;;;-2.661502;48.48807
22081_0125_00003;3;;Rue du Petit Pré;22120;22081;Hillion;;;-2.63856;48.486711
22081_c775_00051_ter;51;ter;Hameau de Licantois;22120;22081;Hillion;;;-2.633283;48.509029
22081_0173_00013;13;;Impasse du Château Rouge;22120;22081;Hillion;;;-2.643586;48.483343
22081_0054_00007;7;;Rue de la Fontaine de Tual;22120;22081;Hillion;;;-2.64321;48.505746
22081_0078_00003;3;;Rue de Guiguihen;22120;22081;Hillion;;;-2.65424;48.50309
22081_0095_00008_bis;8;bis;Route de Lermot;22120;22081;Hillion;;;-2.667086;48.519427
22081_0025_00038;38;;Rue de Brest;22120;22081;Hillion;;;-2.655784;48.485414
22081_0163_00008;8;;Rue de la Vigne;22120;22081;Hillion;;;-2.640671;48.480303
22081_c720_00015;15;;La Ville Amion;22120;22081;Hillion;;;-2.615757;48.486393
22081_0070_00004;4;;Rue du Fournil;22120;22081;Hillion;;;-2.638059;48.48565
22081_c775_00017;17;;Hameau de Licantois;22120;22081;Hillion;;;-2.637406;48.509369
22081_0197_00019;19;;Rue du Grand Léjon;22120;22081;Hillion;;;-2.665058;48.518481
22081_0066_00006;6;;Rue du Verger de Fortville;22120;22081;Hillion;;;-2.644119;48.50633
22081_tqjj9j_00003;3;;Résidence du Domaine;22120;22081;Hillion;;;-2.641058;48.486149
22081_0120_00002;2;;Rue du Perversy;22120;22081;Hillion;;;-2.637688;48.486854
22081_0020_00004;4;;Rue Birlange;22120;22081;Hillion;;;-2.667936;48.514149
22081_0095_00010;10;;Route de Lermot;22120;22081;Hillion;;;-2.667184;48.519205
22081_0065_00011;11;;Route de Fortville;22120;22081;Hillion;;;-2.662106;48.512617
22081_0050_00023;23;;Rue de Fontreven;22120;22081;Hillion;;;-2.67382;48.511035
22081_0050_00019;19;;Rue de Fontreven;22120;22081;Hillion;;;-2.67392;48.511211
22081_0052_00017;17;;Rue de la Fontaine;22120;22081;Hillion;;;-2.641106;48.519514
22081_0105_00011;11;;Rue de la Mare Noire;22120;22081;Hillion;;;-2.639834;48.484493
22081_0193_00006;6;;Rue des Tadornes;22120;22081;Hillion;;;-2.664784;48.510796
22081_0192_00024;24;;Rue des Sternes;22120;22081;Hillion;;;-2.664664;48.511024
22081_0053_00006;6;;Rue de l'Estran;22120;22081;Hillion;;;-2.66906;48.516537
22081_0052_00013_bis;13;bis;Rue de la Fontaine;22120;22081;Hillion;;;-2.641327;48.519407
22081_0192_00019;19;;Rue des Sternes;22120;22081;Hillion;;;-2.664184;48.511014
22081_0022_00044;44;;Rue du Crapont;22120;22081;Hillion;;;-2.669735;48.51663
22081_0180_00005;5;;Rue des Charmes;22120;22081;Hillion;;;-2.635529;48.485384
22081_0022_00012_b;12;b;Rue du Crapont;22120;22081;Hillion;;;-2.668222;48.517004
22081_0001_00018;18;;Rue Anatole Le Braz;22120;22081;Hillion;;;-2.646822;48.485414
22081_0074_00011;11;;Rue Georges Palante;22120;22081;Hillion;;;-2.640394;48.521129
22081_0133_00026;26;;Rue du Pont Rolland;22120;22081;Hillion;;;-2.634117;48.519343
22081_0163_00023_bis;23;bis;Rue de la Vigne;22120;22081;Hillion;;;-2.640374;48.478797
22081_0184_00002;2;;Impasse de l'Herbonnet;22120;22081;Hillion;;;-2.637739;48.486197
22081_0089_00003;3;;Rue du Haut du Bois;22120;22081;Hillion;;;-2.641738;48.518349
22081_0009_00004;4;;Rue de la Croix Boissée;22120;22081;Hillion;;;-2.662493;48.512224
22081_c775_00038;38;;Hameau de Licantois;22120;22081;Hillion;;;-2.632504;48.508378
22081_0123_00007;7;;Rue de la Petite Gare;22120;22081;Hillion;;;-2.654826;48.501022
22081_f4qn9f_00010;10;;Carquitté;22120;22081;Hillion;;;-2.630447;48.505352
22081_arwu96_00003;3;;Grimault;22120;22081;Hillion;;;-2.633315;48.503286
22081_0074_00004;4;;Rue Georges Palante;22120;22081;Hillion;;;-2.639181;48.520222
22081_c775_00059;59;;Hameau de Licantois;22120;22081;Hillion;;;-2.631801;48.508427
22081_0148_00004;4;;Rue des Saules;22120;22081;Hillion;;;-2.66344;48.516683
22081_0133_00041;41;;Rue du Pont Rolland;22120;22081;Hillion;;;-2.622151;48.519534
22081_0197_00026;26;;Rue du Grand Léjon;22120;22081;Hillion;;;-2.664397;48.518623
22081_0037_00027;27;;Rue du Châtel;22120;22081;Hillion;;;-2.644547;48.485921
22081_0035_00005;5;;Route de Carmin;22120;22081;Hillion;;;-2.627778;48.485648
22081_0133_00018;18;;Rue du Pont Rolland;22120;22081;Hillion;;;-2.635455;48.51886
22081_0022_00022_c;22;c;Rue du Crapont;22120;22081;Hillion;;;-2.668563;48.516925
22081_0051_00013;13;;Rue de Fonteneau;22120;22081;Hillion;;;-2.670487;48.531325
22081_0023_00005;5;;Rue du Clos Glot;22120;22081;Hillion;;;-2.642755;48.477727
22081_0140_00001;1;;Route des Quilles;22120;22081;Hillion;;;-2.667053;48.512344
22081_0004_00002;2;;Impasse Auguste Brizeux;22120;22081;Hillion;;;-2.645768;48.485873
22081_0152_00007;7;;Rue Théodore Botrel;22120;22081;Hillion;;;-2.642855;48.485302
22081_0134_00003;3;;Rue des Portes;22120;22081;Hillion;;;-2.665074;48.515805
22081_0078_00006;6;;Rue de Guiguihen;22120;22081;Hillion;;;-2.653267;48.503763
22081_0093_00006;6;;Rue des Jonchais;22120;22081;Hillion;;;-2.652;48.500993
22081_0065_00006;6;;Route de Fortville;22120;22081;Hillion;;;-2.662475;48.512689
22081_c775_00007;7;;Hameau de Licantois;22120;22081;Hillion;;;-2.637664;48.510464
22081_0030_00003;3;;Rue des Brouettes;22120;22081;Hillion;;;-2.639638;48.485621
22081_0158_00019;19;;Rue de Trégot;22120;22081;Hillion;;;-2.666931;48.529368
22081_0019_00013;13;;Impasse du Clos des Quilles;22120;22081;Hillion;;;-2.652497;48.50268
22081_0050_00017;17;;Rue de Fontreven;22120;22081;Hillion;;;-2.672506;48.511856
22081_0108_00012;12;;Allée des Minquiers;22120;22081;Hillion;;;-2.663251;48.518894
22081_0022_00009;9;;Rue du Crapont;22120;22081;Hillion;;;-2.66855;48.516831
22081_0162_00012_b;12;b;Rue de la Ville David;22120;22081;Hillion;;;-2.638328;48.515204
22081_0076_00011;11;;Rue des Grands Champs;22120;22081;Hillion;;;-2.641885;48.482612
22081_0051_00011;11;;Rue de Fonteneau;22120;22081;Hillion;;;-2.670182;48.531111
22081_0020_00003;3;;Rue Birlange;22120;22081;Hillion;;;-2.667896;48.514125
22081_0131_00001;1;;Impasse du Pont Derlande;22120;22081;Hillion;;;-2.670315;48.489553
22081_0076_00002;2;;Rue des Grands Champs;22120;22081;Hillion;;;-2.64192;48.481818
22081_0115_00010;10;;Rue Ollivier Provost;22120;22081;Hillion;;;-2.667561;48.515491
22081_0095_00019;19;;Route de Lermot;22120;22081;Hillion;;;-2.667487;48.522042
22081_c775_00005;5;;Hameau de Licantois;22120;22081;Hillion;;;-2.637289;48.510608
22081_0127_00014;14;;Rue de la Pièce Poulain;22120;22081;Hillion;;;-2.67269;48.524203
22081_0043_00015;15;;Rue Ernest Renan;22120;22081;Hillion;;;-2.642262;48.485677
22081_b805_00002;2;;Le Grand Champ;22120;22081;Hillion;;;-2.65031;48.514077
22081_0180_00020;20;;Rue des Charmes;22120;22081;Hillion;;;-2.635328;48.485613
22081_0098_00001;1;;Impasse du Levant;22120;22081;Hillion;;;-2.654019;48.4856
22081_0166_00008;8;;Route de la Ville Pierre;22120;22081;Hillion;;;-2.653003;48.488813
22081_0039_00020;20;;Rue du Domaine;22120;22081;Hillion;;;-2.643495;48.487076
22081_0193_00036;36;;Rue des Tadornes;22120;22081;Hillion;;;-2.661704;48.511031
22081_0022_00042;42;;Rue du Crapont;22120;22081;Hillion;;;-2.66962;48.516674
22081_0101_00026;26;;Rue de Licellion;22120;22081;Hillion;;;-2.661325;48.489807
22081_indujs_00004;4;;Impasse Mytilicole;22120;22081;Hillion;;;-2.656747;48.523503
22081_0196_00008;8;;Rue de l'Hôtelet;22120;22081;Hillion;;;-2.66578;48.518265
22081_0130_00014;14;;Rue de la Porte Roy;22120;22081;Hillion;;;-2.669747;48.513036
22081_0041_00001_bis;1;bis;Rue du Clos Guéguen;22120;22081;Hillion;;;-2.667516;48.512607
22081_0158_00026;26;;Rue de Trégot;22120;22081;Hillion;;;-2.666371;48.529665
22081_0168_00002;2;;Rue des Chênes;22120;22081;Hillion;;;-2.636078;48.488094
22081_0170_00008;8;;Rue du Champ Maret;22120;22081;Hillion;;;-2.649988;48.484633
22081_0153_00016;16;;Rue du Tertre de Fortville;22120;22081;Hillion;;;-2.644766;48.507082
22081_0095_00004;4;;Route de Lermot;22120;22081;Hillion;;;-2.667523;48.518615
22081_0045_00006;6;;Rue de l'Etoile;22120;22081;Hillion;;;-2.673473;48.518358
22081_0155_00004;4;;Rue de la Tour du Fa;22120;22081;Hillion;;;-2.667287;48.513565
22081_0133_00010;10;;Rue du Pont Rolland;22120;22081;Hillion;;;-2.636725;48.519364
22081_0025_00012_d;12;d;Rue de Brest;22120;22081;Hillion;;;-2.649707;48.485668
22081_0100_00019;19;;Rue de la Noë Briens;22120;22081;Hillion;;;-2.661019;48.513003
22081_0110_00004;4;;Rue Morin;22120;22081;Hillion;;;-2.642386;48.485019
22081_0107_00001;1;;Rue des Marais;22120;22081;Hillion;;;-2.670014;48.512774
22081_0085_00004;4;;Rue de l'Hôtellerie;22120;22081;Hillion;;;-2.669443;48.513833
22081_0013_00022;22;;Rue de Bel Air;22120;22081;Hillion;;;-2.658108;48.485931
22081_0089_00008;8;;Rue du Haut du Bois;22120;22081;Hillion;;;-2.644288;48.517168
22081_0043_00017;17;;Rue Ernest Renan;22120;22081;Hillion;;;-2.642159;48.485743
22081_0155_00013;13;;Rue de la Tour du Fa;22120;22081;Hillion;;;-2.666781;48.513732
22081_c720_00012;12;;La Ville Amion;22120;22081;Hillion;;;-2.615499;48.48635
22081_c035_00012;12;;Le Moulin de la Perche;22120;22081;Hillion;;;-2.613052;48.494916
22081_0132_00019;19;;Impasse de la Pointe des Guettes;22120;22081;Hillion;;;-2.669487;48.534537
22081_0040_00008;8;;Place de l'Eglise;22120;22081;Hillion;;;-2.668195;48.5141
22081_0081_00017;17;;Route de Saint-Guimond;22120;22081;Hillion;;;-2.671168;48.527852
22081_0107_00002;2;;Rue des Marais;22120;22081;Hillion;;;-2.673226;48.5051
22081_0118_00015;15;;Rue du Champ du Pommier;22120;22081;Hillion;;;-2.66517;48.512267
22081_0009_00003;3;;Rue de la Croix Boissée;22120;22081;Hillion;;;-2.663037;48.512246
22081_0043_00006;6;;Rue Ernest Renan;22120;22081;Hillion;;;-2.644037;48.485368
22081_0051_00024;24;;Rue de Fonteneau;22120;22081;Hillion;;;-2.669643;48.530954
22081_0120_00002_bis;2;bis;Rue du Perversy;22120;22081;Hillion;;;-2.638174;48.486703
22081_0197_00016;16;;Rue du Grand Léjon;22120;22081;Hillion;;;-2.665476;48.518896
22081_0143_00011;11;;Rue de la Roche Martin;22120;22081;Hillion;;;-2.623038;48.492808
22081_0148_00008;8;;Rue des Saules;22120;22081;Hillion;;;-2.66331;48.517022
22081_kr4sfu_00007;7;;Le Plessix;22120;22081;Hillion;;;-2.642278;48.496826
22081_0037_00017;17;;Rue du Châtel;22120;22081;Hillion;;;-2.643952;48.486693
22081_0052_00018_bis;18;bis;Rue de la Fontaine;22120;22081;Hillion;;;-2.640509;48.519701
22081_0123_00002_bis;2;bis;Rue de la Petite Gare;22120;22081;Hillion;;;-2.654107;48.5015
22081_0121_00024;24;;Rue des Peupliers;22120;22081;Hillion;;;-2.635354;48.488864
22081_0054_00008_b;8;b;Rue de la Fontaine de Tual;22120;22081;Hillion;;;-2.643118;48.505655
22081_0100_00009;9;;Rue de la Noë Briens;22120;22081;Hillion;;;-2.661773;48.51332
22081_0104_00006;6;;Rue Louis Guilloux;22120;22081;Hillion;;;-2.64571;48.486674
22081_c736_00019;19;;Les Villes Marottes;22120;22081;Hillion;;;-2.647302;48.49621
22081_0049_00002;2;;Chemin du Clos Cotte;22120;22081;Hillion;;;-2.668697;48.490074
22081_0155_00017;17;;Rue de la Tour du Fa;22120;22081;Hillion;;;-2.666155;48.513643
22081_cedp63_00007;7;;Route du Pré Pan;22120;22081;Hillion;;;-2.637295;48.495547
22081_0085_00028;28;;Rue de l'Hôtellerie;22120;22081;Hillion;;;-2.675684;48.514556
22081_0079_00011;11;;Route des Grèves;22120;22081;Hillion;;;-2.677432;48.497192
22081_0079_00059;59;;Route des Grèves;22120;22081;Hillion;;;-2.669081;48.486265
22081_0197_00025;25;;Rue du Grand Léjon;22120;22081;Hillion;;;-2.664448;48.518581
22081_0178_00001;1;;Rue des Châtaigniers;22120;22081;Hillion;;;-2.636301;48.485658
22081_0081_00007;7;;Route de Saint-Guimond;22120;22081;Hillion;;;-2.669826;48.528997
22081_c565_00001;1;;La Ville Jéhan;22120;22081;Hillion;;;-2.653036;48.494805
22081_c775_00005_bis;5;bis;Hameau de Licantois;22120;22081;Hillion;;;-2.637642;48.510516
22081_c328_00001;1;;Le Pont Harcouët;22120;22081;Hillion;;;-2.645067;48.489697
22081_0033_00025;25;;Route de Carberon;22120;22081;Hillion;;;-2.674408;48.522294
22081_0039_00002_b;2;b;Rue du Domaine;22120;22081;Hillion;;;-2.640973;48.486514
22081_0123_00002;2;;Rue de la Petite Gare;22120;22081;Hillion;;;-2.65394;48.501581
22081_0079_00033;33;;Route des Grèves;22120;22081;Hillion;;;-2.670231;48.491593
22081_0037_00013;13;;Rue du Châtel;22120;22081;Hillion;;;-2.643393;48.487305
22081_c775_00025;25;;Hameau de Licantois;22120;22081;Hillion;;;-2.636911;48.509493
22081_0100_00022;22;;Rue de la Noë Briens;22120;22081;Hillion;;;-2.659756;48.512509
22081_c775_00022;22;;Hameau de Licantois;22120;22081;Hillion;;;-2.635206;48.509128
22081_0153_00005;5;;Rue du Tertre de Fortville;22120;22081;Hillion;;;-2.646059;48.506881
22081_0037_00002_b;2;b;Rue du Châtel;22120;22081;Hillion;;;-2.642834;48.487966
22081_0095_00015_b;15;b;Route de Lermot;22120;22081;Hillion;;;-2.667458;48.51982
22081_0009_00011;11;;Rue de la Croix Boissée;22120;22081;Hillion;;;-2.663852;48.512235
22081_0050_00012_ter;12;ter;Rue de Fontreven;22120;22081;Hillion;;;-2.671703;48.512265
22081_0153_00004;4;;Rue du Tertre de Fortville;22120;22081;Hillion;;;-2.646202;48.506147
22081_0001_00001;1;;Rue Anatole Le Braz;22120;22081;Hillion;;;-2.646313;48.486267
22081_0054_00008;8;;Rue de la Fontaine de Tual;22120;22081;Hillion;;;-2.643197;48.505548
22081_0089_00014;14;;Rue du Haut du Bois;22120;22081;Hillion;;;-2.641752;48.51788
22081_0050_00012;12;;Rue de Fontreven;22120;22081;Hillion;;;-2.670624;48.51272
22081_0162_00009;9;;Rue de la Ville David;22120;22081;Hillion;;;-2.63836;48.517872
22081_0075_00010;10;;Route de la Grandville;22120;22081;Hillion;;;-2.665264;48.514377
22081_0197_00001;1;;Rue du Grand Léjon;22120;22081;Hillion;;;-2.666244;48.519147
22081_0125_00009;9;;Rue du Petit Pré;22120;22081;Hillion;;;-2.638866;48.487859
22081_c720_00009;9;;La Ville Amion;22120;22081;Hillion;;;-2.615343;48.485808
22081_0058_00010;10;;Rue de la Forge de Fortville;22120;22081;Hillion;;;-2.64489;48.504646
22081_c734_00001;1;;La Ville Rault;22120;22081;Hillion;;;-2.611761;48.482994
22081_0101_00023_bis;23;bis;Rue de Licellion;22120;22081;Hillion;;;-2.661412;48.488507
22081_0033_00005;5;;Route de Carberon;22120;22081;Hillion;;;-2.668111;48.518151
22081_0130_00004;4;;Rue de la Porte Roy;22120;22081;Hillion;;;-2.669312;48.513452
22081_0085_00001;1;;Rue de l'Hôtellerie;22120;22081;Hillion;;;-2.669432;48.513739
22081_0054_00004;4;;Rue de la Fontaine de Tual;22120;22081;Hillion;;;-2.64367;48.505247
22081_0066_00007;7;;Rue du Verger de Fortville;22120;22081;Hillion;;;-2.644933;48.506031
22081_0048_00001;1;;Allée du Ferlas;22120;22081;Hillion;;;-2.666831;48.517321
22081_0197_00008;8;;Rue du Grand Léjon;22120;22081;Hillion;;;-2.666314;48.51911
22081_0060_00004;4;;Venelle de la Forge Brûlon;22120;22081;Hillion;;;-2.640958;48.484907
22081_0058_00004;4;;Rue de la Forge de Fortville;22120;22081;Hillion;;;-2.644608;48.505135
22081_0155_00009;9;;Rue de la Tour du Fa;22120;22081;Hillion;;;-2.667204;48.5137
22081_0184_00018;18;;Impasse de l'Herbonnet;22120;22081;Hillion;;;-2.635251;48.485934
22081_0009_00005;5;;Rue de la Croix Boissée;22120;22081;Hillion;;;-2.66325;48.512335
22081_c729_00002;2;;La Ville Orin;22120;22081;Hillion;;;-2.653645;48.515835
22081_0033_00031;31;;Route de Carberon;22120;22081;Hillion;;;-2.674961;48.522392
22081_0130_00002;2;;Rue de la Porte Roy;22120;22081;Hillion;;;-2.669236;48.51361
22081_ch92n9_00017;17;;Quinhouët;22120;22081;Hillion;;;-2.621122;48.47736
22081_0065_00026;26;;Route de Fortville;22120;22081;Hillion;;;-2.657289;48.509917
22081_0133_00035_b;35;b;Rue du Pont Rolland;22120;22081;Hillion;;;-2.633458;48.519313
22081_jts46b_00004;4;;La Couronne;22120;22081;Hillion;;;-2.64172;48.492182
22081_0083_00001;1;;Impasse des Hauts de Trégot;22120;22081;Hillion;;;-2.666839;48.530265
22081_0022_00018_b;18;b;Rue du Crapont;22120;22081;Hillion;;;-2.668312;48.516971
22081_0196_00011;11;;Rue de l'Hôtelet;22120;22081;Hillion;;;-2.666294;48.518441
22081_0010_00007;7;;Rue de Bêchas;22120;22081;Hillion;;;-2.637637;48.487649
22081_0176_00003;3;;Rue de la Chicane;22120;22081;Hillion;;;-2.618298;48.504285
22081_0039_00019;19;;Rue du Domaine;22120;22081;Hillion;;;-2.643481;48.48637
22081_0101_00029;29;;Rue de Licellion;22120;22081;Hillion;;;-2.661117;48.488016
22081_0051_00010;10;;Rue de Fonteneau;22120;22081;Hillion;;;-2.66906;48.529857
22081_0090_00007;7;;Rue des Jardins;22120;22081;Hillion;;;-2.67005;48.513188
22081_0009_00006;6;;Rue de la Croix Boissée;22120;22081;Hillion;;;-2.662528;48.512244
22081_0078_00002;2;;Rue de Guiguihen;22120;22081;Hillion;;;-2.653631;48.50345
22081_0150_00019_a;19;a;Rue Saint-Thomas;22120;22081;Hillion;;;-2.641004;48.484091
22081_0193_00007;7;;Rue des Tadornes;22120;22081;Hillion;;;-2.661687;48.511157
22081_0161_00012;12;;Rue du Viaduc;22120;22081;Hillion;;;-2.61568;48.506324
22081_0079_00030;30;;Route des Grèves;22120;22081;Hillion;;;-2.672075;48.493143
22081_b954_00011;11;;La Lande des Aubiers;22120;22081;Hillion;;;-2.662928;48.499858
22081_0089_00016;16;;Rue du Haut du Bois;22120;22081;Hillion;;;-2.641963;48.518177
22081_0074_00010;10;;Rue Georges Palante;22120;22081;Hillion;;;-2.63973;48.520555
22081_0172_00006;6;;Rue de l'Etournay;22120;22081;Hillion;;;-2.638219;48.508523
22081_c775_00057;57;;Hameau de Licantois;22120;22081;Hillion;;;-2.631878;48.50894
22081_0079_00028;28;;Route des Grèves;22120;22081;Hillion;;;-2.672387;48.493224
22081_0171_00002_bis;2;bis;Rue d'Eole;22120;22081;Hillion;;;-2.654703;48.48493
22081_0086_00005;5;;Rue du Houlet;22120;22081;Hillion;;;-2.674385;48.491384
22081_0086_00002;2;;Rue du Houlet;22120;22081;Hillion;;;-2.667727;48.494797
22081_101xzc_00011;11;;Tanio;22120;22081;Hillion;;;-2.62981;48.517817
22081_0001_00004;4;;Rue Anatole Le Braz;22120;22081;Hillion;;;-2.646323;48.486423
22081_b146_00003;3;;Carquitté d'en Haut;22120;22081;Hillion;;;-2.631175;48.503825
22081_0109_00069;69;;Rue Monseigneur Le Mée;22120;22081;Hillion;;;-2.664885;48.485568
