id;numero;rep;nom_voie;code_postal;code_insee;nom_commune;nom_ancienne_commune;nom_ld;lon;lat
40119_0400_00164_b;164;b;Chemin de Castelnau;40700;40119;Hagetmau;;;-0.582236;43.653703
40119_1128_00089;89;;Rue de Loustaou;40700;40119;Hagetmau;;;-0.593574;43.658798
40119_1878_00028;28;;Rue Victor Hugo;40700;40119;Hagetmau;;;-0.592172;43.655169
40119_1810_00434;434;;Chemin de Touron;40700;40119;Hagetmau;;;-0.626534;43.659282
40119_1279_00163_a;163;a;Rue du Moulin;40700;40119;Hagetmau;;;-0.595087;43.653391
40119_0495_00892_b;892;b;Avenue Corisande;40700;40119;Hagetmau;;;-0.602133;43.660537
40119_1834_00567;567;;Avenue du Trace;40700;40119;Hagetmau;;;-0.605738;43.645986
40119_0588_00032;32;;Rue Gambetta;40700;40119;Hagetmau;;;-0.592865;43.655477
40119_0742_00004;4;;Rue des Jardins;40700;40119;Hagetmau;;;-0.594824;43.654996
40119_0385_00008;8;;Rue Carnot;40700;40119;Hagetmau;;;-0.593669;43.653954
40119_0430_00418;418;;Route de Cazalis;40700;40119;Hagetmau;;;-0.622201;43.638064
40119_0598_00542;542;;Avenue de la Gare;40700;40119;Hagetmau;;;-0.584679;43.658812
40119_1736_00036;36;;Rue du Soleil d’Or;40700;40119;Hagetmau;;;-0.584913;43.653519
40119_1655_00022;22;;Rue des Pyrenees;40700;40119;Hagetmau;;;-0.585645;43.652976
40119_1030_00246;246;;Chemin de Larraoucq;40700;40119;Hagetmau;;;-0.599664;43.63177
40119_a093_00022;22;;Lotissement Laouilhé;40700;40119;Hagetmau;;;-0.605158;43.667913
40119_1272_00014;14;;Route de Monségur;40700;40119;Hagetmau;;;-0.59223;43.642929
40119_1500_00417;417;;Chemin de Peyruc;40700;40119;Hagetmau;;;-0.58369;43.665666
40119_0380_00061;61;;Chemin de Capdeville;40700;40119;Hagetmau;;;-0.604134;43.662357
40119_0598_00532;532;;Avenue de la Gare;40700;40119;Hagetmau;;;-0.585457;43.658627
40119_0768_00025;25;;Rue Jean Moulin;40700;40119;Hagetmau;;;-0.605908;43.647863
40119_n4g419_00836;836;;Rue des Chaisiers;40700;40119;Hagetmau;;;-0.609703;43.640512
40119_1279_00033;33;;Rue du Moulin;40700;40119;Hagetmau;;;-0.59428;43.654327
40119_a089_00037;37;;lotissement jouanin;40700;40119;Hagetmau;;;-0.603056;43.645597
40119_1278_00041;41;;Place du Moulin;40700;40119;Hagetmau;;;-0.593817;43.654591
40119_0588_00018;18;;Rue Gambetta;40700;40119;Hagetmau;;;-0.592757;43.65539
40119_a041_00016;16;;Lotissement Capet Bignaou;40700;40119;Hagetmau;;;-0.604764;43.66285
40119_0130_00095;95;;Chemin de Balous;40700;40119;Hagetmau;;;-0.600519;43.661324
40119_1715_00087;87;;Rue Saint - Girons;40700;40119;Hagetmau;;;-0.595161;43.656895
40119_a089_00016;16;;lotissement jouanin;40700;40119;Hagetmau;;;-0.603542;43.646921
40119_1878_00225;225;;Rue Victor Hugo;40700;40119;Hagetmau;;;-0.590894;43.656636
40119_1876_00002_bis;2;bis;Rue de la Venerie;40700;40119;Hagetmau;;;-0.593631;43.656134
40119_a034_00203;203;;Hameau de Busquet;40700;40119;Hagetmau;;;-0.586202;43.660012
40119_1400_00821;821;;Chemin de Pehoun;40700;40119;Hagetmau;;;-0.577427;43.670788
40119_1368_00084;84;;Rue Pascal Duprat;40700;40119;Hagetmau;;;-0.594659;43.655384
40119_a089_00035;35;;lotissement jouanin;40700;40119;Hagetmau;;;-0.603494;43.645284
40119_0598_00054;54;;Avenue de la Gare;40700;40119;Hagetmau;;;-0.590635;43.658656
40119_a089_00052;52;;lotissement jouanin;40700;40119;Hagetmau;;;-0.60485;43.645947
40119_1540_00300;300;;Rue de Piquette;40700;40119;Hagetmau;;;-0.599033;43.654528
40119_1736_00064;64;;Rue du Soleil d’Or;40700;40119;Hagetmau;;;-0.585131;43.654318
40119_jttbez_00219;219;;Chemin de Laplatane;40700;40119;Hagetmau;;;-0.5706;43.651744
40119_1715_00219;219;;Rue Saint - Girons;40700;40119;Hagetmau;;;-0.596631;43.657228
40119_a087_00027;27;;Lotissement les Hauts de Miremont;40700;40119;Hagetmau;;;-0.584452;43.655522
40119_0495_00621;621;;Avenue Corisande;40700;40119;Hagetmau;;;-0.599047;43.65998
40119_1732_00056;56;;Chemin de Sinai;40700;40119;Hagetmau;;;-0.604467;43.645217
40119_0708_00624;624;;Avenue Henri Castelnau;40700;40119;Hagetmau;;;-0.58641;43.672857
40119_1540_00523;523;;Rue de Piquette;40700;40119;Hagetmau;;;-0.601123;43.655953
40119_1020_00422_c;422;c;Chemin de Larode;40700;40119;Hagetmau;;;-0.598925;43.658052
40119_1272_00747;747;;Route de Monségur;40700;40119;Hagetmau;;;-0.594445;43.645577
40119_1830_00115;115;;Chemin de Touyet;40700;40119;Hagetmau;;;-0.570357;43.662216
40119_1276_00041;41;;Rue du Mont Saint-jean;40700;40119;Hagetmau;;;-0.588819;43.657173
40119_a125_00015;15;;Lotissement Venise;40700;40119;Hagetmau;;;-0.601384;43.654046
40119_0212_00035;35;;Route de Bellevue;40700;40119;Hagetmau;;;-0.591219;43.659267
40119_0130_00017;17;;Chemin de Balous;40700;40119;Hagetmau;;;-0.600209;43.660587
40119_0305_00624;624;;Chemin de Busquet;40700;40119;Hagetmau;;;-0.585054;43.661633
40119_1732_00023;23;;Chemin de Sinai;40700;40119;Hagetmau;;;-0.605813;43.645653
40119_0495_00269;269;;Avenue Corisande;40700;40119;Hagetmau;;;-0.594711;43.659509
40119_75cw8h_00039;39;;Rue Francis Maisonnave;40700;40119;Hagetmau;;;-0.60577;43.649161
40119_a034_00030;30;;Hameau de Busquet;40700;40119;Hagetmau;;;-0.58644;43.661018
40119_0750_00182;182;;Chemin de Jeanchicot;40700;40119;Hagetmau;;;-0.608248;43.646641
40119_0385_00515;515;;Rue Carnot;40700;40119;Hagetmau;;;-0.591606;43.658099
40119_8nu9a9_01161;1161;;Route d’Hagetmau;40700;40119;Hagetmau;;;-0.585251;43.677225
40119_0430_00160;160;;Route de Cazalis;40700;40119;Hagetmau;;;-0.618805;43.63875
40119_75cw8h_00070;70;;Rue Francis Maisonnave;40700;40119;Hagetmau;;;-0.603102;43.649586
40119_1020_00375;375;;Chemin de Larode;40700;40119;Hagetmau;;;-0.599395;43.658113
40119_0212_00422;422;;Route de Bellevue;40700;40119;Hagetmau;;;-0.589722;43.662381
40119_1368_00181;181;;Rue Pascal Duprat;40700;40119;Hagetmau;;;-0.594602;43.656131
40119_1272_02513;2513;;Route de Monségur;40700;40119;Hagetmau;;;-0.579084;43.634468
40119_1732_00001;1;;Chemin de Sinai;40700;40119;Hagetmau;;;-0.603239;43.644699
40119_0654_00096;96;;Place Gramont;40700;40119;Hagetmau;;;-0.592693;43.658294
40119_0582_00358;358;;Rue Francis Maysonnave;40700;40119;Hagetmau;;;-0.604799;43.648666
40119_1715_00439;439;;Rue Saint - Girons;40700;40119;Hagetmau;;;-0.600665;43.656311
40119_a089_00045;45;;lotissement jouanin;40700;40119;Hagetmau;;;-0.603466;43.646215
40119_1320_00139;139;;Chemin de Mourères;40700;40119;Hagetmau;;;-0.579822;43.652453
40119_1736_00059;59;;Rue du Soleil d’Or;40700;40119;Hagetmau;;;-0.58474;43.654141
40119_0260_00085;85;;Chemin de Bidalon;40700;40119;Hagetmau;;;-0.599866;43.660205
40119_0768_00020;20;;Rue Jean Moulin;40700;40119;Hagetmau;;;-0.606719;43.646883
40119_0200_00303_c;303;c;Rue de Bel-horizon;40700;40119;Hagetmau;;;-0.58525;43.655833
40119_htdgk2_00386;386;;Baron;40700;40119;Hagetmau;;;-0.589113;43.631064
40119_1272_00289;289;;Route de Monségur;40700;40119;Hagetmau;;;-0.596751;43.649245
40119_a125_00037;37;;Lotissement Venise;40700;40119;Hagetmau;;;-0.600656;43.653228
40119_1736_00062;62;;Rue du Soleil d’Or;40700;40119;Hagetmau;;;-0.58536;43.654368
40119_0305_01115;1115;;Chemin de Busquet;40700;40119;Hagetmau;;;-0.580837;43.663976
40119_0465_00127;127;;Rue du Chene Vert;40700;40119;Hagetmau;;;-0.593536;43.657353
40119_0385_00561;561;;Rue Carnot;40700;40119;Hagetmau;;;-0.591479;43.65852
40119_0990_00065_a;65;a;Chemin de Laouilleroun;40700;40119;Hagetmau;;;-0.57801;43.652635
40119_0212_00289;289;;Route de Bellevue;40700;40119;Hagetmau;;;-0.590514;43.661495
40119_0510_00338;338;;Chemin de Coupes;40700;40119;Hagetmau;;;-0.59637;43.641927
40119_a088_00156;156;;Lotissement Le Hameau du Louts;40700;40119;Hagetmau;;;-0.604186;43.653265
40119_0680_00721;721;;Chemin de Guichot;40700;40119;Hagetmau;;;-0.595679;43.63692
40119_1675_00070;70;;Place de la Republique;40700;40119;Hagetmau;;;-0.593177;43.655433
40119_1098_00621;621;;Chemin des Loussets;40700;40119;Hagetmau;;;-0.589161;43.648153
40119_1876_00053;53;;Rue de la Venerie;40700;40119;Hagetmau;;;-0.593332;43.65644
40119_1732_00556;556;;Chemin de Sinai;40700;40119;Hagetmau;;;-0.600847;43.642218
40119_0541_00606;606;;Route de Doazit;40700;40119;Hagetmau;;;-0.609486;43.667975
40119_1333_00135;135;;Rue Nugent;40700;40119;Hagetmau;;;-0.595468;43.655097
40119_1736_00017;17;;Rue du Soleil d’Or;40700;40119;Hagetmau;;;-0.585956;43.654283
40119_0120_00887;887;;Chemin de Balette;40700;40119;Hagetmau;;;-0.581166;43.649155
40119_0465_00130;130;;Rue du Chene Vert;40700;40119;Hagetmau;;;-0.593502;43.657286
40119_0817_00384;384;;Route de Labastide;40700;40119;Hagetmau;;;-0.598568;43.644857
40119_0385_00274;274;;Rue Carnot;40700;40119;Hagetmau;;;-0.592125;43.656001
40119_a020_00029;29;;Lotissement Bidounat;40700;40119;Hagetmau;;;-0.605507;43.663168
40119_1878_00266;266;;Rue Victor Hugo;40700;40119;Hagetmau;;;-0.590356;43.656789
40119_0495_00664;664;;Avenue Corisande;40700;40119;Hagetmau;;;-0.595744;43.659575
40119_a026_00002;2;;Lotissement le Bois de Bidalon;40700;40119;Hagetmau;;;-0.599092;43.658877
40119_1718_00745;745;;Route de Samadet;40700;40119;Hagetmau;;;-0.573625;43.656085
40119_0495_00565;565;;Avenue Corisande;40700;40119;Hagetmau;;;-0.598244;43.659978
40119_a089_00047;47;;lotissement jouanin;40700;40119;Hagetmau;;;-0.603665;43.645891
40119_0582_00046;46;;Rue Francis Maysonnave;40700;40119;Hagetmau;;;-0.604499;43.648801
40119_0495_00468;468;;Avenue Corisande;40700;40119;Hagetmau;;;-0.597121;43.659914
40119_0680_00675;675;;Chemin de Guichot;40700;40119;Hagetmau;;;-0.59581;43.636531
40119_0240_00224;224;;Chemin de Bethleem;40700;40119;Hagetmau;;;-0.610408;43.66367
40119_1272_00335;335;;Route de Monségur;40700;40119;Hagetmau;;;-0.597475;43.648524
40119_1274_00036;36;;Place Montmartre;40700;40119;Hagetmau;;;-0.590927;43.658479
40119_a089_00023;23;;lotissement jouanin;40700;40119;Hagetmau;;;-0.601987;43.646312
40119_1540_00300_b;300;b;Rue de Piquette;40700;40119;Hagetmau;;;-0.5987;43.655514
40119_1736_00055;55;;Rue du Soleil d’Or;40700;40119;Hagetmau;;;-0.584916;43.654182
40119_1098_00642;642;;Chemin des Loussets;40700;40119;Hagetmau;;;-0.589309;43.647921
40119_1472_00006;6;;Square du Peye;40700;40119;Hagetmau;;;-0.594637;43.655474
40119_0305_00603;603;;Chemin de Busquet;40700;40119;Hagetmau;;;-0.585681;43.661675
40119_a099_00008;8;;Lotissement Moundette;40700;40119;Hagetmau;;;-0.594893;43.661744
40119_0168_00037;37;;Impasse du Béarn;40700;40119;Hagetmau;;;-0.583852;43.652638
40119_a125_00056;56;;Lotissement Venise;40700;40119;Hagetmau;;;-0.598874;43.65172
40119_nj8f47_00081;81;;Lotissement Le Clos de Diane;40700;40119;Hagetmau;;;-0.593693;43.660682
40119_w3wuqz_00006;6;;Zone Artisanale de l’Ocean;40700;40119;Hagetmau;;;-0.601349;43.664645
40119_1338_00004;4;;Route D'Orthez;40700;40119;Hagetmau;;;-0.613755;43.636865
40119_1715_00660;660;;Rue Saint - Girons;40700;40119;Hagetmau;;;-0.601367;43.659059
40119_0200_00036;36;;Rue de Bel-horizon;40700;40119;Hagetmau;;;-0.588558;43.654898
40119_0212_00737;737;;Route de Bellevue;40700;40119;Hagetmau;;;-0.589711;43.665516
40119_1572_00060;60;;Rue Potagère;40700;40119;Hagetmau;;;-0.591916;43.65498
40119_1274_00030;30;;Place Montmartre;40700;40119;Hagetmau;;;-0.590769;43.658308
40119_0742_00044;44;;Rue des Jardins;40700;40119;Hagetmau;;;-0.594557;43.654781
40119_1272_00493;493;;Route de Monségur;40700;40119;Hagetmau;;;-0.596261;43.647435
40119_0400_00016;16;;Chemin de Castelnau;40700;40119;Hagetmau;;;-0.582378;43.656648
40119_1320_01086;1086;;Chemin de Mourères;40700;40119;Hagetmau;;;-0.578754;43.652276
40119_1862_00330;330;;Allée de Turre;40700;40119;Hagetmau;;;-0.59102;43.657509
40119_1368_00203;203;;Rue Pascal Duprat;40700;40119;Hagetmau;;;-0.594418;43.656307
40119_0385_00064;64;;Rue Carnot;40700;40119;Hagetmau;;;-0.593207;43.654327
40119_1258_00190;190;;Enclos de Mirval;40700;40119;Hagetmau;;;-0.596269;43.651001
40119_1333_00145;145;;Rue Nugent;40700;40119;Hagetmau;;;-0.59553;43.65525
40119_0810_00164;164;;Chemin de Junca;40700;40119;Hagetmau;;;-0.593102;43.641592
40119_1655_00025;25;;Rue des Pyrenees;40700;40119;Hagetmau;;;-0.58588;43.653163
40119_a034_00142;142;;Hameau de Busquet;40700;40119;Hagetmau;;;-0.586527;43.66002
40119_1368_00004;4;;Rue Pascal Duprat;40700;40119;Hagetmau;;;-0.594041;43.654816
40119_nj8f47_00033;33;;Lotissement Le Clos de Diane;40700;40119;Hagetmau;;;-0.59388;43.660279
40119_mi2l9x_01209;1209;;Centre Commercial Route d'Orthez;40700;40119;Hagetmau;;;-0.614148;43.636704
40119_0330_00101;101;;Chemin de Caillabet;40700;40119;Hagetmau;;;-0.605604;43.660866
40119_0465_00043;43;;Rue du Chene Vert;40700;40119;Hagetmau;;;-0.594416;43.657073
40119_a125_00043;43;;Lotissement Venise;40700;40119;Hagetmau;;;-0.601689;43.652876
40119_1322_00891;891;;Chemin de Nayet;40700;40119;Hagetmau;;;-0.613904;43.658536
40119_0680_00725;725;;Chemin de Guichot;40700;40119;Hagetmau;;;-0.595663;43.636947
40119_gz9686_00216;216;;Petouya;40700;40119;Hagetmau;;;-0.573768;43.659889
40119_a093_00051;51;;Lotissement Laouilhé;40700;40119;Hagetmau;;;-0.604511;43.667806
40119_1272_01390;1390;;Route de Monségur;40700;40119;Hagetmau;;;-0.588996;43.641407
40119_0s3n6t_01535;1535;;Route de Nayet;40700;40119;Hagetmau;;;-0.620701;43.659854
40119_1710_00246;246;;Rue de la Sabliere;40700;40119;Hagetmau;;;-0.587878;43.660251
40119_0570_00022;22;;Chemin de Fabian Pipion;40700;40119;Hagetmau;;;-0.566013;43.655409
40119_a088_00097;97;;Lotissement Le Hameau du Louts;40700;40119;Hagetmau;;;-0.603402;43.653122
40119_0120_00699;699;;Chemin de Balette;40700;40119;Hagetmau;;;-0.582565;43.650014
40119_1692_00196;196;;Avenue Robert Ducournau;40700;40119;Hagetmau;;;-0.59817;43.651444
40119_0084_00165;165;;Rue d'Albret;40700;40119;Hagetmau;;;-0.59428;43.655741
40119_0768_00004;4;;Rue Jean Moulin;40700;40119;Hagetmau;;;-0.605428;43.64713
40119_1172_00341;341;;Avenue du Maréchal Leclerc;40700;40119;Hagetmau;;;-0.595718;43.654235
40119_1782_00237;237;;Rue Thiers;40700;40119;Hagetmau;;;-0.593825;43.653901
40119_0275_00099;99;;Rue de la Bigorre;40700;40119;Hagetmau;;;-0.58518;43.652122
40119_0768_00014;14;;Rue Jean Moulin;40700;40119;Hagetmau;;;-0.605462;43.647256
40119_0452_00037;37;;Place Charles de Gaulle;40700;40119;Hagetmau;;;-0.59156;43.656691
40119_0310_00069;69;;Chemin de Busqueton;40700;40119;Hagetmau;;;-0.603681;43.649675
40119_1366_00056;56;;Place Pascal Duprat;40700;40119;Hagetmau;;;-0.593845;43.654279
40119_1864_00238;238;;Avenue du Tursan;40700;40119;Hagetmau;;;-0.585843;43.657091
40119_0940_00472;472;;Chemin de Lamarque;40700;40119;Hagetmau;;;-0.565262;43.647571
40119_v34h57_00363;363;;Menaoupede;40700;40119;Hagetmau;;;-0.586886;43.642739
40119_1250_00345;345;;Chemin de Mirefleur;40700;40119;Hagetmau;;;-0.557708;43.656737
40119_1864_00218;218;;Avenue du Tursan;40700;40119;Hagetmau;;;-0.586093;43.657121
40119_1368_00031;31;;Rue Pascal Duprat;40700;40119;Hagetmau;;;-0.594276;43.655007
40119_a034_00036;36;;Hameau de Busquet;40700;40119;Hagetmau;;;-0.586467;43.660948
40119_0582_00041;41;;Rue Francis Maysonnave;40700;40119;Hagetmau;;;-0.60637;43.64951
40119_a091_00021;21;;Lotissement Lissandre;40700;40119;Hagetmau;;;-0.592174;43.664032
40119_1864_00436;436;;Avenue du Tursan;40700;40119;Hagetmau;;;-0.58341;43.656853
40119_0210_00101;101;;Chemin de Bellegarde;40700;40119;Hagetmau;;;-0.610943;43.642466
40119_1333_00220;220;;Rue Nugent;40700;40119;Hagetmau;;;-0.595416;43.655933
40119_0615_00100;100;;Avenue du General Gillot;40700;40119;Hagetmau;;;-0.603125;43.662938
40119_0330_00452;452;;Chemin de Caillabet;40700;40119;Hagetmau;;;-0.609456;43.661544
40119_a020_00026;26;;Lotissement Bidounat;40700;40119;Hagetmau;;;-0.605203;43.663717
40119_1715_00434;434;;Rue Saint - Girons;40700;40119;Hagetmau;;;-0.59912;43.65786
40119_mi2l9x_01321;1321;;Centre Commercial Route d'Orthez;40700;40119;Hagetmau;;;-0.614956;43.635943
40119_0210_00554;554;;Chemin de Bellegarde;40700;40119;Hagetmau;;;-0.614391;43.640392
40119_pynnli_00725;725;;Route de Guichot;40700;40119;Hagetmau;;;-0.595543;43.637136
40119_0496_00028;28;;Impasse Corisande;40700;40119;Hagetmau;;;-0.594165;43.659185
40119_1540_00190;190;;Rue de Piquette;40700;40119;Hagetmau;;;-0.596606;43.654695
40119_1718_00043;43;;Route de Samadet;40700;40119;Hagetmau;;;-0.563814;43.654801
40119_a099_00017;17;;Lotissement Moundette;40700;40119;Hagetmau;;;-0.594866;43.660514
40119_0656_00084;84;;Rue Gramont;40700;40119;Hagetmau;;;-0.593397;43.656941
40119_0200_00303_t;303;t;Rue de Bel-horizon;40700;40119;Hagetmau;;;-0.585602;43.655243
40119_1368_00143;143;;Rue Pascal Duprat;40700;40119;Hagetmau;;;-0.59473;43.6558
40119_a125_00051;51;;Lotissement Venise;40700;40119;Hagetmau;;;-0.599386;43.652346
40119_0582_00033;33;;Rue Francis Maysonnave;40700;40119;Hagetmau;;;-0.604239;43.64871
40119_1322_02671;2671;;Chemin de Nayet;40700;40119;Hagetmau;;;-0.618879;43.669104
40119_a090_00004;4;;Lotissement Jeandemay;40700;40119;Hagetmau;;;-0.602474;43.644952
40119_a099_00001;1;;Lotissement Moundette;40700;40119;Hagetmau;;;-0.594826;43.660694
40119_1336_00025;25;;Cote des Oiseaux;40700;40119;Hagetmau;;;-0.591644;43.655235
40119_1560_00187;187;;Chemin de la Platane;40700;40119;Hagetmau;;;-0.570306;43.652221
40119_0817_00521;521;;Route de Labastide;40700;40119;Hagetmau;;;-0.598664;43.644031
40119_0015_00407;407;;Rue de l'Atlantique;40700;40119;Hagetmau;;;-0.598551;43.663894
40119_0598_00086;86;;Avenue de la Gare;40700;40119;Hagetmau;;;-0.590185;43.658496
40119_1366_00070;70;;Place Pascal Duprat;40700;40119;Hagetmau;;;-0.593907;43.654193
40119_0768_00021;21;;Rue Jean Moulin;40700;40119;Hagetmau;;;-0.606694;43.647059
40119_1500_00639;639;;Chemin de Peyruc;40700;40119;Hagetmau;;;-0.582033;43.664678
40119_a089_00044;44;;lotissement jouanin;40700;40119;Hagetmau;;;-0.603184;43.646527
40119_a089_00060;60;;lotissement jouanin;40700;40119;Hagetmau;;;-0.602384;43.647126
40119_a090_00029;29;;Lotissement Jeandemay;40700;40119;Hagetmau;;;-0.601284;43.645071
40119_1010_00461;461;;Chemin de Largele;40700;40119;Hagetmau;;;-0.570985;43.653842
40119_75cw8h_00050;50;;Rue Francis Maisonnave;40700;40119;Hagetmau;;;-0.604518;43.648742
40119_0200_00426;426;;Rue de Bel-horizon;40700;40119;Hagetmau;;;-0.584027;43.655208
40119_1630_00205;205;;Chemin de Prentigarde;40700;40119;Hagetmau;;;-0.566671;43.650141
40119_0940_00415;415;;Chemin de Lamarque;40700;40119;Hagetmau;;;-0.565333;43.64832
40119_1810_00380;380;;Chemin de Touron;40700;40119;Hagetmau;;;-0.625829;43.659657
40119_1692_00083;83;;Avenue Robert Ducournau;40700;40119;Hagetmau;;;-0.596365;43.651965
40119_a121_00070;70;;Lotissement Trace;40700;40119;Hagetmau;;;-0.603033;43.649561
40119_0970_00526;526;;Chemin de Lannemas;40700;40119;Hagetmau;;;-0.625885;43.648393
40119_1490_00857;857;;Chemin de Peyroulet;40700;40119;Hagetmau;;;-0.614361;43.649074
40119_1276_00462;462;;Rue du Mont Saint-jean;40700;40119;Hagetmau;;;-0.589971;43.655715
40119_0250_00992;992;;Chemin de Betloc;40700;40119;Hagetmau;;;-0.591347;43.666625
40119_a090_00026;26;;Lotissement Jeandemay;40700;40119;Hagetmau;;;-0.601773;43.644552
40119_a094_00090;90;;Lotissement de Loustaou;40700;40119;Hagetmau;;;-0.596168;43.657962
40119_0305_00527;527;;Chemin de Busquet;40700;40119;Hagetmau;;;-0.58566;43.661291
40119_1540_00112;112;;Rue de Piquette;40700;40119;Hagetmau;;;-0.602115;43.656785
40119_0385_00543;543;;Rue Carnot;40700;40119;Hagetmau;;;-0.591556;43.658126
40119_1864_00173;173;;Avenue du Tursan;40700;40119;Hagetmau;;;-0.586697;43.657507
40119_0880_00070;70;;Chemin des Lacs d’Halco;40700;40119;Hagetmau;;;-0.621727;43.643359
40119_1878_00209;209;;Rue Victor Hugo;40700;40119;Hagetmau;;;-0.591022;43.656547
40119_a093_00057;57;;Lotissement Laouilhé;40700;40119;Hagetmau;;;-0.605067;43.666936
40119_0385_00359;359;;Rue Carnot;40700;40119;Hagetmau;;;-0.592052;43.6568
40119_1692_00210;210;;Avenue Robert Ducournau;40700;40119;Hagetmau;;;-0.59829;43.651399
40119_0180_00496;496;;Chemin de Beaupré;40700;40119;Hagetmau;;;-0.572653;43.649245
40119_a089_00027;27;;lotissement jouanin;40700;40119;Hagetmau;;;-0.602836;43.645609
40119_0700_00051;51;;Chemin de Guironcet;40700;40119;Hagetmau;;;-0.583934;43.65415
40119_1172_00288;288;;Avenue du Maréchal Leclerc;40700;40119;Hagetmau;;;-0.596342;43.654491
40119_75cw8h_00066;66;;Rue Francis Maisonnave;40700;40119;Hagetmau;;;-0.603797;43.649299
40119_1272_00490;490;;Route de Monségur;40700;40119;Hagetmau;;;-0.596734;43.647182
40119_a125_00011;11;;Lotissement Venise;40700;40119;Hagetmau;;;-0.600305;43.653794
40119_0495_00874;874;;Avenue Corisande;40700;40119;Hagetmau;;;-0.60192;43.660808
40119_a093_00038;38;;Lotissement Laouilhé;40700;40119;Hagetmau;;;-0.605999;43.666576
40119_0543_00135;135;;Av du Docteur Edouard Castera;40700;40119;Hagetmau;;;-0.592464;43.653078
40119_0454_00036;36;;Avenue Charles Domercq;40700;40119;Hagetmau;;;-0.592749;43.654234
40119_1864_00282;282;;Avenue du Tursan;40700;40119;Hagetmau;;;-0.585305;43.656892
40119_0372_00148;148;;chemin de camhaba est;40700;40119;Hagetmau;;;-0.559032;43.649874
40119_1540_00365;365;;Rue de Piquette;40700;40119;Hagetmau;;;-0.599736;43.65493
40119_1040_00176;176;;Chemin Larrigade;40700;40119;Hagetmau;;;-0.604117;43.661261
40119_1580_00271;271;;Chemin de Pouga;40700;40119;Hagetmau;;;-0.613207;43.635729
40119_a089_00040;40;;lotissement jouanin;40700;40119;Hagetmau;;;-0.6026;43.645955
40119_1333_00049;49;;Rue Nugent;40700;40119;Hagetmau;;;-0.594795;43.654616
40119_1736_00037;37;;Rue du Soleil d’Or;40700;40119;Hagetmau;;;-0.585397;43.654272
40119_0495_00051;51;;Avenue Corisande;40700;40119;Hagetmau;;;-0.591923;43.659015
40119_0120_00697;697;;Chemin de Balette;40700;40119;Hagetmau;;;-0.581979;43.651421
40119_75cw8h_00040;40;;Rue Francis Maisonnave;40700;40119;Hagetmau;;;-0.605935;43.649314
40119_0454_00112;112;;Avenue Charles Domercq;40700;40119;Hagetmau;;;-0.591914;43.653806
40119_yshwad_00023;23;;Lotissement de la Sabliere;40700;40119;Hagetmau;;;-0.588448;43.660132
40119_0742_00080;80;;Rue des Jardins;40700;40119;Hagetmau;;;-0.594978;43.65504
40119_0817_00622;622;;Route de Labastide;40700;40119;Hagetmau;;;-0.59891;43.642888
40119_1250_00159;159;;Chemin de Mirefleur;40700;40119;Hagetmau;;;-0.559864;43.657478
40119_0768_00003;3;;Rue Jean Moulin;40700;40119;Hagetmau;;;-0.605209;43.647351
40119_1834_00009;9;;Avenue du Trace;40700;40119;Hagetmau;;;-0.601855;43.649937
40119_1210_00111;111;;Chemin de Melet;40700;40119;Hagetmau;;;-0.601613;43.658065
40119_0770_00125;125;;Chemin de Jeanpedat;40700;40119;Hagetmau;;;-0.58238;43.640203
40119_1715_00314;314;;Rue Saint - Girons;40700;40119;Hagetmau;;;-0.59775;43.657467
40119_0742_00185;185;;Rue des Jardins;40700;40119;Hagetmau;;;-0.595348;43.655887
40119_0490_00387;387;;Chemin de Claron;40700;40119;Hagetmau;;;-0.572786;43.658728
40119_a091_00012;12;;Lotissement Lissandre;40700;40119;Hagetmau;;;-0.59139;43.663832
40119_0098_00011;11;;Rue Saint Exupery;40700;40119;Hagetmau;;;-0.606525;43.646638
40119_75cw8h_00063;63;;Rue Francis Maisonnave;40700;40119;Hagetmau;;;-0.604635;43.649458
40119_a125_00038;38;;Lotissement Venise;40700;40119;Hagetmau;;;-0.600942;43.653295
40119_1715_00216;216;;Rue Saint - Girons;40700;40119;Hagetmau;;;-0.596626;43.657272
40119_0400_00164;164;;Chemin de Castelnau;40700;40119;Hagetmau;;;-0.582135;43.653838
40119_1878_00078;78;;Rue Victor Hugo;40700;40119;Hagetmau;;;-0.591764;43.6555
40119_0582_00042;42;;Rue Francis Maysonnave;40700;40119;Hagetmau;;;-0.605686;43.64916
40119_0582_00064;64;;Rue Francis Maysonnave;40700;40119;Hagetmau;;;-0.604352;43.649438
40119_0940_00071;71;;Chemin de Lamarque;40700;40119;Hagetmau;;;-0.567213;43.649443
40119_0495_00041;41;;Avenue Corisande;40700;40119;Hagetmau;;;-0.591653;43.658945
40119_0200_00540;540;;Rue de Bel-horizon;40700;40119;Hagetmau;;;-0.582755;43.65548
40119_1338_00102;102;;Route D'Orthez;40700;40119;Hagetmau;;;-0.606826;43.645083
40119_a035_00011;11;;Lotissement Busqueton;40700;40119;Hagetmau;;;-0.600893;43.651263
40119_0430_01098;1098;;Route de Cazalis;40700;40119;Hagetmau;;;-0.623978;43.637753
40119_0580_00024;24;;Chemin de Fouim;40700;40119;Hagetmau;;;-0.59358;43.644321
40119_1692_00334;334;;Avenue Robert Ducournau;40700;40119;Hagetmau;;;-0.599683;43.650888
40119_a089_00022;22;;lotissement jouanin;40700;40119;Hagetmau;;;-0.601973;43.646427
40119_0496_00047;47;;Impasse Corisande;40700;40119;Hagetmau;;;-0.594052;43.659004
40119_aoo5p3_00177;177;;Rue des Tisserands;40700;40119;Hagetmau;;;-0.61048;43.639663
40119_fy34c2_00069;69;;Chemin de Rey Lalanne;40700;40119;Hagetmau;;;-0.608808;43.642892
40119_a089_00039;39;;lotissement jouanin;40700;40119;Hagetmau;;;-0.602797;43.645812
40119_35hxpg_00164;164;;Monplaisir;40700;40119;Hagetmau;;;-0.619051;43.64117
40119_nj8f47_00115;115;;Lotissement Le Clos de Diane;40700;40119;Hagetmau;;;-0.593542;43.66102
40119_0465_00086;86;;Rue du Chene Vert;40700;40119;Hagetmau;;;-0.593929;43.657353
40119_0616_00294;294;;Avenue Georges Pompidou;40700;40119;Hagetmau;;;-0.595501;43.657171
40119_1718_00374;374;;Route de Samadet;40700;40119;Hagetmau;;;-0.57788;43.656388
40119_0545_00105;105;;Rue du Docteur Larquier;40700;40119;Hagetmau;;;-0.593284;43.655648
40119_0084_00008;8;;Rue d'Albret;40700;40119;Hagetmau;;;-0.593061;43.654659
40119_1272_00163;163;;Route de Monségur;40700;40119;Hagetmau;;;-0.598319;43.649193
40119_0212_00803;803;;Route de Bellevue;40700;40119;Hagetmau;;;-0.58901;43.666127
40119_1540_00423;423;;Rue de Piquette;40700;40119;Hagetmau;;;-0.600189;43.655262
40119_1098_01215;1215;;Chemin des Loussets;40700;40119;Hagetmau;;;-0.586261;43.643379
40119_0360_00087;87;;Chemin de Camette;40700;40119;Hagetmau;;;-0.575638;43.663084
40119_1655_00041;41;;Rue des Pyrenees;40700;40119;Hagetmau;;;-0.583925;43.653652
40119_1655_00038;38;;Rue des Pyrenees;40700;40119;Hagetmau;;;-0.583779;43.65366
40119_1020_00241;241;;Chemin de Larode;40700;40119;Hagetmau;;;-0.597981;43.65857
40119_1715_00422;422;;Rue Saint - Girons;40700;40119;Hagetmau;;;-0.598727;43.658049
40119_yshwad_00005;5;;Lotissement de la Sabliere;40700;40119;Hagetmau;;;-0.5888;43.659665
40119_0250_00657;657;;Chemin de Betloc;40700;40119;Hagetmau;;;-0.595316;43.665211
40119_1172_00351;351;;Avenue du Maréchal Leclerc;40700;40119;Hagetmau;;;-0.595682;43.65421
40119_0598_00593;593;;Avenue de la Gare;40700;40119;Hagetmau;;;-0.583704;43.659145
40119_1270_00042;42;;Chemin de Molia;40700;40119;Hagetmau;;;-0.581949;43.657139
40119_0817_00567;567;;Route de Labastide;40700;40119;Hagetmau;;;-0.598781;43.643145
40119_1675_00001;1;;Place de la Republique;40700;40119;Hagetmau;;;-0.593382;43.655178
40119_a020_00010;10;;Lotissement Bidounat;40700;40119;Hagetmau;;;-0.604181;43.664026
40119_0990_00130;130;;Chemin de Laouilleroun;40700;40119;Hagetmau;;;-0.576543;43.651945
40119_0495_00810;810;;Avenue Corisande;40700;40119;Hagetmau;;;-0.601238;43.660401
40119_38k95f_00074;74;;Rue des Platanes;40700;40119;Hagetmau;;;-0.608242;43.645294
40119_1258_00460;460;;Enclos de Mirval;40700;40119;Hagetmau;;;-0.593714;43.649398
40119_1580_00404;404;;Chemin de Pouga;40700;40119;Hagetmau;;;-0.61182;43.635243
40119_a090_00031;31;;Lotissement Jeandemay;40700;40119;Hagetmau;;;-0.601065;43.645524
40119_1272_00201;201;;Route de Monségur;40700;40119;Hagetmau;;;-0.598482;43.649546
40119_0s3n6t_02639;2639;;Route de Nayet;40700;40119;Hagetmau;;;-0.619452;43.66869
40119_0810_00127;127;;Chemin de Junca;40700;40119;Hagetmau;;;-0.592795;43.641909
40119_1322_01674;1674;;Chemin de Nayet;40700;40119;Hagetmau;;;-0.621618;43.661183
40119_1720_00319;319;;Chemin de Saourine;40700;40119;Hagetmau;;;-0.588817;43.639122
40119_0582_00051;51;;Rue Francis Maysonnave;40700;40119;Hagetmau;;;-0.603799;43.649169
40119_a089_00058;58;;lotissement jouanin;40700;40119;Hagetmau;;;-0.602853;43.647087
40119_a035_00013;13;;Lotissement Busqueton;40700;40119;Hagetmau;;;-0.601366;43.651263
40119_1010_00605;605;;Chemin de Largele;40700;40119;Hagetmau;;;-0.569078;43.653606
40119_1715_00371;371;;Rue Saint - Girons;40700;40119;Hagetmau;;;-0.598544;43.657547
40119_a089_00055;55;;lotissement jouanin;40700;40119;Hagetmau;;;-0.604828;43.64527
40119_1390_00622;622;;Chemin de Pedessega;40700;40119;Hagetmau;;;-0.60848;43.632237
40119_1710_00132;132;;Rue de la Sabliere;40700;40119;Hagetmau;;;-0.587747;43.659425
40119_1128_00073;73;;Rue de Loustaou;40700;40119;Hagetmau;;;-0.593411;43.658752
40119_1258_00180;180;;Enclos de Mirval;40700;40119;Hagetmau;;;-0.596107;43.651025
40119_0084_00209;209;;Rue d'Albret;40700;40119;Hagetmau;;;-0.594441;43.655928
40119_1272_00657;657;;Route de Monségur;40700;40119;Hagetmau;;;-0.595113;43.64626
40119_0490_01235;1235;;Chemin de Claron;40700;40119;Hagetmau;;;-0.563117;43.661471
40119_a125_00047;47;;Lotissement Venise;40700;40119;Hagetmau;;;-0.600505;43.652711
40119_1500_01008;1008;;Chemin de Peyruc;40700;40119;Hagetmau;;;-0.578157;43.663288
40119_1210_00064;64;;Chemin de Melet;40700;40119;Hagetmau;;;-0.60164;43.658344
40119_1272_00632;632;;Route de Monségur;40700;40119;Hagetmau;;;-0.595642;43.64615
40119_1210_00127;127;;Chemin de Melet;40700;40119;Hagetmau;;;-0.601662;43.657864
40119_1098_00443;443;;Chemin des Loussets;40700;40119;Hagetmau;;;-0.590626;43.649448
40119_a125_00072;72;;Lotissement Venise;40700;40119;Hagetmau;;;-0.602319;43.652811
40119_1272_00103;103;;Route de Monségur;40700;40119;Hagetmau;;;-0.598375;43.650468
40119_1718_01466;1466;;Route de Samadet;40700;40119;Hagetmau;;;-0.564619;43.654452
40119_1278_00018;18;;Place du Moulin;40700;40119;Hagetmau;;;-0.593469;43.654508
40119_0582_00036;36;;Rue Francis Maysonnave;40700;40119;Hagetmau;;;-0.605103;43.648851
40119_0545_00064;64;;Rue du Docteur Larquier;40700;40119;Hagetmau;;;-0.593674;43.655406
40119_a089_00025;25;;lotissement jouanin;40700;40119;Hagetmau;;;-0.602443;43.645932
40119_1782_00206;206;;Rue Thiers;40700;40119;Hagetmau;;;-0.594002;43.653561
40119_0582_00054;54;;Rue Francis Maysonnave;40700;40119;Hagetmau;;;-0.604856;43.649407
40119_1270_00094;94;;Chemin de Molia;40700;40119;Hagetmau;;;-0.582242;43.657644
40119_0130_00065;65;;Chemin de Balous;40700;40119;Hagetmau;;;-0.600684;43.660952
40119_0120_01086;1086;;Chemin de Balette;40700;40119;Hagetmau;;;-0.574429;43.648713
40119_1715_00221;221;;Rue Saint - Girons;40700;40119;Hagetmau;;;-0.596708;43.65724
40119_1773_00033;33;;Rue des Tanneries;40700;40119;Hagetmau;;;-0.594549;43.653702
40119_0490_01197;1197;;Chemin de Claron;40700;40119;Hagetmau;;;-0.564334;43.661199
40119_1782_00067;67;;Rue Thiers;40700;40119;Hagetmau;;;-0.595135;43.652829
40119_1325_00242;242;;Chemin de Nice;40700;40119;Hagetmau;;;-0.596596;43.643886
40119_0310_00758;758;;Chemin de Busqueton;40700;40119;Hagetmau;;;-0.609835;43.649241
40119_0120_01177;1177;;Chemin de Balette;40700;40119;Hagetmau;;;-0.577381;43.648699
40119_1834_00467;467;;Avenue du Trace;40700;40119;Hagetmau;;;-0.605018;43.646741
40119_1710_00115;115;;Rue de la Sabliere;40700;40119;Hagetmau;;;-0.587907;43.659244
40119_0305_00589;589;;Chemin de Busquet;40700;40119;Hagetmau;;;-0.58566;43.661291
40119_0830_00367;367;;Chemin de Labraouste;40700;40119;Hagetmau;;;-0.567461;43.652153
40119_0084_00091;91;;Rue d'Albret;40700;40119;Hagetmau;;;-0.593827;43.655095
40119_0656_00159;159;;Rue Gramont;40700;40119;Hagetmau;;;-0.592633;43.657271
40119_0s3n6t_00732;732;;Route de Nayet;40700;40119;Hagetmau;;;-0.612495;43.658394
40119_1732_00055;55;;Chemin de Sinai;40700;40119;Hagetmau;;;-0.604708;43.645299
40119_1325_00318;318;;Chemin de Nice;40700;40119;Hagetmau;;;-0.597303;43.643339
40119_0s3n6t_02383;2383;;Route de Nayet;40700;40119;Hagetmau;;;-0.621544;43.665489
40119_1692_00222;222;;Avenue Robert Ducournau;40700;40119;Hagetmau;;;-0.598413;43.651353
40119_mi2l9x_01243;1243;;Centre Commercial Route d'Orthez;40700;40119;Hagetmau;;;-0.61438;43.636457
40119_0130_00178;178;;Chemin de Balous;40700;40119;Hagetmau;;;-0.599357;43.662098
40119_1572_00009;9;;Rue Potagère;40700;40119;Hagetmau;;;-0.592435;43.654931
40119_0250_00217;217;;Chemin de Betloc;40700;40119;Hagetmau;;;-0.598915;43.662209
40119_1278_00016;16;;Place du Moulin;40700;40119;Hagetmau;;;-0.593817;43.654591
40119_0656_00086;86;;Rue Gramont;40700;40119;Hagetmau;;;-0.593351;43.65696
40119_1322_02639;2639;;Chemin de Nayet;40700;40119;Hagetmau;;;-0.619452;43.66869
40119_1655_00024;24;;Rue des Pyrenees;40700;40119;Hagetmau;;;-0.585406;43.652933
40119_0615_00243;243;;Avenue du General Gillot;40700;40119;Hagetmau;;;-0.602563;43.661722
40119_0200_00280;280;;Rue de Bel-horizon;40700;40119;Hagetmau;;;-0.585891;43.655113
40119_0385_00110;110;;Rue Carnot;40700;40119;Hagetmau;;;-0.592793;43.654635
40119_0180_00174;174;;Chemin de Beaupré;40700;40119;Hagetmau;;;-0.572353;43.650058
40119_0495_00513;513;;Avenue Corisande;40700;40119;Hagetmau;;;-0.597594;43.659911
40119_1030_00180;180;;Chemin de Larraoucq;40700;40119;Hagetmau;;;-0.600467;43.631706
40119_0385_00303;303;;Rue Carnot;40700;40119;Hagetmau;;;-0.592223;43.656302
40119_1878_00187;187;;Rue Victor Hugo;40700;40119;Hagetmau;;;-0.591179;43.656414
40119_1715_00581_a;581;a;Rue Saint - Girons;40700;40119;Hagetmau;;;-0.600296;43.658411
40119_a041_00004;4;;Lotissement Capet Bignaou;40700;40119;Hagetmau;;;-0.603381;43.661708
40119_1732_00240;240;;Chemin de Sinai;40700;40119;Hagetmau;;;-0.603419;43.644383
40119_1300_00057;57;;Chemin de Moundette;40700;40119;Hagetmau;;;-0.59289;43.664555
40119_1272_00417;417;;Route de Monségur;40700;40119;Hagetmau;;;-0.596822;43.647982
40119_1490_00590;590;;Chemin de Peyroulet;40700;40119;Hagetmau;;;-0.616917;43.647805
40119_0452_00005;5;;Place Charles de Gaulle;40700;40119;Hagetmau;;;-0.591754;43.65644
40119_1692_00128;128;;Avenue Robert Ducournau;40700;40119;Hagetmau;;;-0.597418;43.651722
40119_1718_01466_b;1466;b;Route de Samadet;40700;40119;Hagetmau;;;-0.565061;43.654322
40119_0250_00275;275;;Chemin de Betloc;40700;40119;Hagetmau;;;-0.598551;43.662396
40119_0710_00309;309;;Chemin de Higueres;40700;40119;Hagetmau;;;-0.61409;43.643044
40119_0598_00534;534;;Avenue de la Gare;40700;40119;Hagetmau;;;-0.584812;43.658778
40119_1736_00061;61;;Rue du Soleil d’Or;40700;40119;Hagetmau;;;-0.584682;43.654128
40119_1864_00096;96;;Avenue du Tursan;40700;40119;Hagetmau;;;-0.58761;43.657082
40119_0465_00027;27;;Rue du Chene Vert;40700;40119;Hagetmau;;;-0.594513;43.657002
40119_1333_00029;29;;Rue Nugent;40700;40119;Hagetmau;;;-0.594567;43.654553
40119_1736_00025;25;;Rue du Soleil d’Or;40700;40119;Hagetmau;;;-0.585781;43.653806
40119_0305_00352;352;;Chemin de Busquet;40700;40119;Hagetmau;;;-0.587677;43.661258
40119_1276_00373;373;;Rue du Mont Saint-jean;40700;40119;Hagetmau;;;-0.590298;43.655144
40119_1368_00173;173;;Rue Pascal Duprat;40700;40119;Hagetmau;;;-0.594636;43.65608
40119_1540_00497;497;;Rue de Piquette;40700;40119;Hagetmau;;;-0.600932;43.65581
40119_1710_00342;342;;Rue de la Sabliere;40700;40119;Hagetmau;;;-0.587544;43.661116
40119_1560_00219;219;;Chemin de la Platane;40700;40119;Hagetmau;;;-0.5706;43.651744
40119_0495_00506;506;;Avenue Corisande;40700;40119;Hagetmau;;;-0.59763;43.659977
40119_0385_00133;133;;Rue Carnot;40700;40119;Hagetmau;;;-0.59279;43.654827
40119_0495_00022;22;;Avenue Corisande;40700;40119;Hagetmau;;;-0.591564;43.659007
40119_1876_00027;27;;Rue de la Venerie;40700;40119;Hagetmau;;;-0.593523;43.656313
40119_0710_00227;227;;Chemin de Higueres;40700;40119;Hagetmau;;;-0.612399;43.642931
40119_1338_00991;991;;Route D'Orthez;40700;40119;Hagetmau;;;-0.612867;43.638784
40119_1368_00080;80;;Rue Pascal Duprat;40700;40119;Hagetmau;;;-0.59461;43.655305
40119_0385_00512;512;;Rue Carnot;40700;40119;Hagetmau;;;-0.591439;43.658056
40119_0541_00722;722;;Route de Doazit;40700;40119;Hagetmau;;;-0.610536;43.668626
40119_0810_00084;84;;Chemin de Junca;40700;40119;Hagetmau;;;-0.592599;43.642313
40119_a125_00074;74;;Lotissement Venise;40700;40119;Hagetmau;;;-0.596814;43.65201
40119_0750_00016;16;;Chemin de Jeanchicot;40700;40119;Hagetmau;;;-0.606226;43.645953
40119_38k95f_00040;40;;Rue des Platanes;40700;40119;Hagetmau;;;-0.607872;43.645095
40119_0541_00490;490;;Route de Doazit;40700;40119;Hagetmau;;;-0.608058;43.667653
40119_1230_00026;26;;Impasse du Midi;40700;40119;Hagetmau;;;-0.590915;43.654407
40119_1715_00324;324;;Rue Saint - Girons;40700;40119;Hagetmau;;;-0.598071;43.657516
40119_0541_00026;26;;Route de Doazit;40700;40119;Hagetmau;;;-0.604099;43.66472
40119_0880_01066;1066;;Chemin des Lacs d’Halco;40700;40119;Hagetmau;;;-0.632544;43.638427
40119_a099_00012;12;;Lotissement Moundette;40700;40119;Hagetmau;;;-0.594278;43.661434
40119_a089_00065;65;;lotissement jouanin;40700;40119;Hagetmau;;;-0.602283;43.647347
40119_1834_00229;229;;Avenue du Trace;40700;40119;Hagetmau;;;-0.603208;43.64839
40119_0200_00453;453;;Rue de Bel-horizon;40700;40119;Hagetmau;;;-0.583619;43.655324
40119_1010_00146;146;;Chemin de Largele;40700;40119;Hagetmau;;;-0.574274;43.655059
40119_0260_00091;91;;Chemin de Bidalon;40700;40119;Hagetmau;;;-0.600446;43.659563
40119_1655_00009;9;;Rue des Pyrenees;40700;40119;Hagetmau;;;-0.586658;43.653925
40119_1368_00091;91;;Rue Pascal Duprat;40700;40119;Hagetmau;;;-0.594712;43.655407
40119_0615_00040;40;;Avenue du General Gillot;40700;40119;Hagetmau;;;-0.603426;43.663458
40119_a125_00067;67;;Lotissement Venise;40700;40119;Hagetmau;;;-0.600909;43.652746
40119_1472_00024;24;;Square du Peye;40700;40119;Hagetmau;;;-0.594447;43.655492
40119_1718_00170;170;;Route de Samadet;40700;40119;Hagetmau;;;-0.580462;43.656459
40119_a125_00033;33;;Lotissement Venise;40700;40119;Hagetmau;;;-0.599403;43.652836
40119_0656_00111;111;;Rue Gramont;40700;40119;Hagetmau;;;-0.59314;43.657177
40119_0582_00060;60;;Rue Francis Maysonnave;40700;40119;Hagetmau;;;-0.60538;43.649865
40119_1655_00026;26;;Rue des Pyrenees;40700;40119;Hagetmau;;;-0.585122;43.652928
40119_0543_00133;133;;Av du Docteur Edouard Castera;40700;40119;Hagetmau;;;-0.592508;43.653104
40119_a035_00010;10;;Lotissement Busqueton;40700;40119;Hagetmau;;;-0.600797;43.651088
40119_0015_00348;348;;Rue de l'Atlantique;40700;40119;Hagetmau;;;-0.599282;43.664011
40119_a041_00001;1;;Lotissement Capet Bignaou;40700;40119;Hagetmau;;;-0.603106;43.662043
40119_yshwad_00024;24;;Lotissement de la Sabliere;40700;40119;Hagetmau;;;-0.588559;43.659871
40119_1718_00263;263;;Route de Samadet;40700;40119;Hagetmau;;;-0.573332;43.655994
40119_a125_00048;48;;Lotissement Venise;40700;40119;Hagetmau;;;-0.600235;43.652624
40119_pynnli_00796;796;;Route de Guichot;40700;40119;Hagetmau;;;-0.59494;43.636679
40119_1834_00339;339;;Avenue du Trace;40700;40119;Hagetmau;;;-0.604092;43.647696
40119_0545_00077;77;;Rue du Docteur Larquier;40700;40119;Hagetmau;;;-0.593883;43.655805
40119_1878_00068;68;;Rue Victor Hugo;40700;40119;Hagetmau;;;-0.591847;43.655409
40119_0580_00255;255;;Chemin de Fouim;40700;40119;Hagetmau;;;-0.595194;43.64261
40119_1715_00581_b;581;b;Rue Saint - Girons;40700;40119;Hagetmau;;;-0.599968;43.658228
40119_1172_00386;386;;Avenue du Maréchal Leclerc;40700;40119;Hagetmau;;;-0.595429;43.653867
40119_a093_00054;54;;Lotissement Laouilhé;40700;40119;Hagetmau;;;-0.604866;43.666725
40119_ry00ps_00020;20;;Impasse des Menuisiers;40700;40119;Hagetmau;;;-0.611761;43.637372
40119_a125_00102;102;;Lotissement Venise;40700;40119;Hagetmau;;;-0.597383;43.651929
40119_1550_00588;588;;Chemin de Piréou;40700;40119;Hagetmau;;;-0.630748;43.647465
40119_a125_00039;39;;Lotissement Venise;40700;40119;Hagetmau;;;-0.601203;43.653357
40119_a125_00046;46;;Lotissement Venise;40700;40119;Hagetmau;;;-0.600824;43.652782
40119_a035_00067;67;;Lotissement Busqueton;40700;40119;Hagetmau;;;-0.603066;43.649334
40119_1338_00424;424;;Route D'Orthez;40700;40119;Hagetmau;;;-0.609289;43.642567
40119_fy34c2_00142;142;;Chemin de Rey Lalanne;40700;40119;Hagetmau;;;-0.607745;43.642046
40119_0452_00015;15;;Place Charles de Gaulle;40700;40119;Hagetmau;;;-0.591687;43.656542
40119_1010_00139;139;;Chemin de Largele;40700;40119;Hagetmau;;;-0.57449;43.65522
40119_0120_00210;210;;Chemin de Balette;40700;40119;Hagetmau;;;-0.587764;43.652368
40119_1718_02979;2979;;Route de Samadet;40700;40119;Hagetmau;;;-0.546689;43.650997
40119_a093_00049;49;;Lotissement Laouilhé;40700;40119;Hagetmau;;;-0.604027;43.668334
40119_0582_00063;63;;Rue Francis Maysonnave;40700;40119;Hagetmau;;;-0.604635;43.649459
40119_1366_00030;30;;Place Pascal Duprat;40700;40119;Hagetmau;;;-0.593569;43.654371
40119_oq4drz_00080;80;;Rue de la Hétraie;40700;40119;Hagetmau;;;-0.60897;43.643838
40119_1732_00033;33;;Chemin de Sinai;40700;40119;Hagetmau;;;-0.60406;43.645046
40119_0598_00541;541;;Avenue de la Gare;40700;40119;Hagetmau;;;-0.584814;43.658984
40119_a020_00011;11;;Lotissement Bidounat;40700;40119;Hagetmau;;;-0.604604;43.664193
40119_1878_00181;181;;Rue Victor Hugo;40700;40119;Hagetmau;;;-0.591233;43.65637
40119_0742_00198;198;;Rue des Jardins;40700;40119;Hagetmau;;;-0.595182;43.655925
40119_1325_00144;144;;Chemin de Nice;40700;40119;Hagetmau;;;-0.595965;43.644466
40119_a090_00015;15;;Lotissement Jeandemay;40700;40119;Hagetmau;;;-0.601367;43.645112
40119_4bt0mb_00137;137;;Bazaillac;40700;40119;Hagetmau;;;-0.584214;43.669498
40119_0140_00053;53;;Chemin de Barbe;40700;40119;Hagetmau;;;-0.615496;43.649467
40119_1878_00120;120;;Rue Victor Hugo;40700;40119;Hagetmau;;;-0.591544;43.655804
40119_1272_00175;175;;Route de Monségur;40700;40119;Hagetmau;;;-0.598521;43.649766
40119_1655_00023;23;;Rue des Pyrenees;40700;40119;Hagetmau;;;-0.58629;43.653388
40119_a088_00034;34;;Lotissement Le Hameau du Louts;40700;40119;Hagetmau;;;-0.602622;43.65328
40119_a088_00131;131;;Lotissement Le Hameau du Louts;40700;40119;Hagetmau;;;-0.603784;43.653133
40119_a088_00074;74;;Lotissement Le Hameau du Louts;40700;40119;Hagetmau;;;-0.60305;43.653217
40119_a125_00058;58;;Lotissement Venise;40700;40119;Hagetmau;;;-0.599502;43.652064
40119_0656_00053;53;;Rue Gramont;40700;40119;Hagetmau;;;-0.593722;43.65682
40119_1276_00249;249;;Rue du Mont Saint-jean;40700;40119;Hagetmau;;;-0.589157;43.655044
40119_1773_00010;10;;Rue des Tanneries;40700;40119;Hagetmau;;;-0.594271;43.653569
40119_1718_01421;1421;;Route de Samadet;40700;40119;Hagetmau;;;-0.565212;43.654665
40119_1500_00836;836;;Chemin de Peyruc;40700;40119;Hagetmau;;;-0.579752;43.663974
40119_0817_00504;504;;Route de Labastide;40700;40119;Hagetmau;;;-0.598761;43.643948
40119_1490_00901;901;;Chemin de Peyroulet;40700;40119;Hagetmau;;;-0.614068;43.649142
40119_0250_00693;693;;Chemin de Betloc;40700;40119;Hagetmau;;;-0.594877;43.66553
40119_1864_00080;80;;Avenue du Tursan;40700;40119;Hagetmau;;;-0.587956;43.656284
40119_1834_00421;421;;Avenue du Trace;40700;40119;Hagetmau;;;-0.604688;43.647074
40119_1655_00033;33;;Rue des Pyrenees;40700;40119;Hagetmau;;;-0.585035;43.653026
40119_1322_00413;413;;Chemin de Nayet;40700;40119;Hagetmau;;;-0.607644;43.658735
40119_0495_00868_b;868;b;Avenue Corisande;40700;40119;Hagetmau;;;-0.601789;43.660699
40119_a090_00030;30;;Lotissement Jeandemay;40700;40119;Hagetmau;;;-0.601169;43.645308
40119_1276_00182;182;;Rue du Mont Saint-jean;40700;40119;Hagetmau;;;-0.588895;43.655604
40119_0495_00770;770;;Avenue Corisande;40700;40119;Hagetmau;;;-0.600805;43.660357
40119_0543_00088;88;;Av du Docteur Edouard Castera;40700;40119;Hagetmau;;;-0.593009;43.653248
40119_a093_00006;6;;Lotissement Laouilhé;40700;40119;Hagetmau;;;-0.606627;43.667117
40119_a125_00045;45;;Lotissement Venise;40700;40119;Hagetmau;;;-0.601113;43.652814
40119_a089_00070;70;;lotissement jouanin;40700;40119;Hagetmau;;;-0.603354;43.647198
40119_1390_00317;317;;Chemin de Pedessega;40700;40119;Hagetmau;;;-0.605842;43.633722
40119_0582_00058;58;;Rue Francis Maysonnave;40700;40119;Hagetmau;;;-0.605467;43.649967
40119_0615_00219;219;;Avenue du General Gillot;40700;40119;Hagetmau;;;-0.602605;43.661919
40119_1878_00245;245;;Rue Victor Hugo;40700;40119;Hagetmau;;;-0.590713;43.656749
40119_1098_00166;166;;Chemin des Loussets;40700;40119;Hagetmau;;;-0.592714;43.651321
40119_1834_00597;597;;Avenue du Trace;40700;40119;Hagetmau;;;-0.605983;43.645756
40119_2cujop_00021;21;;Rue des Chênes;40700;40119;Hagetmau;;;-0.608047;43.644257
40119_1098_00904;904;;Chemin des Loussets;40700;40119;Hagetmau;;;-0.588497;43.645734
40119_0465_00001;1;;Rue du Chene Vert;40700;40119;Hagetmau;;;-0.5947;43.65684
40119_0654_00053;53;;Place Gramont;40700;40119;Hagetmau;;;-0.592733;43.657621
40119_0572_00078;78;;Impasse des Fabriques;40700;40119;Hagetmau;;;-0.614391;43.640392
40119_0200_00303_d;303;d;Rue de Bel-horizon;40700;40119;Hagetmau;;;-0.585247;43.656144
40119_a090_00003;3;;Lotissement Jeandemay;40700;40119;Hagetmau;;;-0.602567;43.64487
40119_75cw8h_00065;65;;Rue Francis Maisonnave;40700;40119;Hagetmau;;;-0.604066;43.649385
40119_a045_00075;75;;lotissement clos de loussets;40700;40119;Hagetmau;;;-0.594231;43.652137
40119_0656_00161;161;;Rue Gramont;40700;40119;Hagetmau;;;-0.592544;43.657287
40119_1336_00150;150;;Cote des Oiseaux;40700;40119;Hagetmau;;;-0.590372;43.65467
40119_1272_00524;524;;Route de Monségur;40700;40119;Hagetmau;;;-0.596051;43.647117
40119_0654_00081;81;;Place Gramont;40700;40119;Hagetmau;;;-0.593045;43.65778
40119_1692_00118;118;;Avenue Robert Ducournau;40700;40119;Hagetmau;;;-0.597053;43.651852
40119_1276_00371;371;;Rue du Mont Saint-jean;40700;40119;Hagetmau;;;-0.590549;43.655683
40119_0768_00029;29;;Rue Jean Moulin;40700;40119;Hagetmau;;;-0.604869;43.648167
40119_1718_00343;343;;Route de Samadet;40700;40119;Hagetmau;;;-0.578618;43.656542
40119_0370_00096;96;;Chemin de Camhaba;40700;40119;Hagetmau;;;-0.563256;43.653156
40119_0430_00959;959;;Route de Cazalis;40700;40119;Hagetmau;;;-0.627326;43.636089
40119_a093_00039;39;;Lotissement Laouilhé;40700;40119;Hagetmau;;;-0.606129;43.66636
40119_1276_00231;231;;Rue du Mont Saint-jean;40700;40119;Hagetmau;;;-0.588988;43.655196
40119_a089_00071;71;;lotissement jouanin;40700;40119;Hagetmau;;;-0.605079;43.646061
40119_a125_00059;59;;Lotissement Venise;40700;40119;Hagetmau;;;-0.599519;43.651994
40119_a090_00023;23;;Lotissement Jeandemay;40700;40119;Hagetmau;;;-0.602452;43.644776
40119_0990_00060;60;;Chemin de Laouilleroun;40700;40119;Hagetmau;;;-0.577516;43.652144
40119_1715_00149;149;;Rue Saint - Girons;40700;40119;Hagetmau;;;-0.595944;43.657091
40119_1366_00024;24;;Place Pascal Duprat;40700;40119;Hagetmau;;;-0.593621;43.654395
40119_1333_00218;218;;Rue Nugent;40700;40119;Hagetmau;;;-0.595423;43.655912
40119_1732_00054;54;;Chemin de Sinai;40700;40119;Hagetmau;;;-0.604912;43.645423
40119_0680_00472;472;;Chemin de Guichot;40700;40119;Hagetmau;;;-0.596412;43.634903
40119_1570_00055;55;;Passage du Pont de Cachot;40700;40119;Hagetmau;;;-0.592217;43.65465
40119_0380_00087;87;;Chemin de Capdeville;40700;40119;Hagetmau;;;-0.603893;43.662435
40119_0240_00031;31;;Chemin de Bethleem;40700;40119;Hagetmau;;;-0.607507;43.663635
40119_1876_00025;25;;Rue de la Venerie;40700;40119;Hagetmau;;;-0.593436;43.656316
40119_0615_00302;302;;Avenue du General Gillot;40700;40119;Hagetmau;;;-0.602689;43.661218
40119_a089_00010;10;;lotissement jouanin;40700;40119;Hagetmau;;;-0.604584;43.646514
40119_dycoil_00509;509;;Gnay;40700;40119;Hagetmau;;;-0.622568;43.649083
40119_1272_00086;86;;Route de Monségur;40700;40119;Hagetmau;;;-0.598529;43.650509
40119_1572_00030;30;;Rue Potagère;40700;40119;Hagetmau;;;-0.592163;43.654897
40119_0545_00091;91;;Rue du Docteur Larquier;40700;40119;Hagetmau;;;-0.59344;43.655609
40119_a125_00052;52;;Lotissement Venise;40700;40119;Hagetmau;;;-0.599112;43.652242
40119_0305_00357;357;;Chemin de Busquet;40700;40119;Hagetmau;;;-0.587704;43.661707
40119_0588_00130;130;;Rue Gambetta;40700;40119;Hagetmau;;;-0.593691;43.656238
40119_0710_00270;270;;Chemin de Higueres;40700;40119;Hagetmau;;;-0.612754;43.642993
40119_a090_00014;14;;Lotissement Jeandemay;40700;40119;Hagetmau;;;-0.601824;43.645266
40119_0200_00448;448;;Rue de Bel-horizon;40700;40119;Hagetmau;;;-0.583812;43.655231
40119_wzrrgg_00116;116;;Lissandre;40700;40119;Hagetmau;;;-0.58995;43.667734
40119_0656_00169;169;;Rue Gramont;40700;40119;Hagetmau;;;-0.592399;43.657325
40119_a090_00020;20;;Lotissement Jeandemay;40700;40119;Hagetmau;;;-0.60207;43.644387
40119_0742_00007;7;;Rue des Jardins;40700;40119;Hagetmau;;;-0.594154;43.654705
40119_0940_00258;258;;Chemin de Lamarque;40700;40119;Hagetmau;;;-0.567731;43.648147
40119_0212_00105;105;;Route de Bellevue;40700;40119;Hagetmau;;;-0.591026;43.659858
40119_0872_01261_a;1261;a;Route de Lacrabe;40700;40119;Hagetmau;;;-0.589278;43.630906
40119_0616_00077;77;;Avenue Georges Pompidou;40700;40119;Hagetmau;;;-0.593647;43.658339
40119_0212_00008;8;;Route de Bellevue;40700;40119;Hagetmau;;;-0.59108;43.659039
40119_1864_00114;114;;Avenue du Tursan;40700;40119;Hagetmau;;;-0.587526;43.657061
40119_1500_00668;668;;Chemin de Peyruc;40700;40119;Hagetmau;;;-0.581847;43.664576
40119_1736_00028;28;;Rue du Soleil d’Or;40700;40119;Hagetmau;;;-0.585784;43.65363
40119_0742_00183;183;;Rue des Jardins;40700;40119;Hagetmau;;;-0.59544;43.655779
40119_1718_00468;468;;Route de Samadet;40700;40119;Hagetmau;;;-0.57684;43.656296
40119_1258_00404;404;;Enclos de Mirval;40700;40119;Hagetmau;;;-0.595012;43.650158
40119_0656_00035;35;;Rue Gramont;40700;40119;Hagetmau;;;-0.593903;43.656712
40119_1272_02103;2103;;Route de Monségur;40700;40119;Hagetmau;;;-0.582381;43.637129
40119_1320_00056;56;;Chemin de Mourères;40700;40119;Hagetmau;;;-0.578802;43.652294
40119_1500_00228;228;;Chemin de Peyruc;40700;40119;Hagetmau;;;-0.585978;43.66684
40119_1338_00002;2;;Route D'Orthez;40700;40119;Hagetmau;;;-0.606218;43.645713
40119_a125_00008;8;;Lotissement Venise;40700;40119;Hagetmau;;;-0.599501;43.653558
40119_a034_00080;80;;Hameau de Busquet;40700;40119;Hagetmau;;;-0.58648;43.660564
40119_0120_00985;985;;Chemin de Balette;40700;40119;Hagetmau;;;-0.580045;43.64884
40119_0872_00835;835;;Route de Lacrabe;40700;40119;Hagetmau;;;-0.591076;43.634018
40119_0305_00068;68;;Chemin de Busquet;40700;40119;Hagetmau;;;-0.589373;43.659277
40119_0385_00553;553;;Rue Carnot;40700;40119;Hagetmau;;;-0.59149;43.658447
40119_1030_00014;14;;Chemin de Larraoucq;40700;40119;Hagetmau;;;-0.602481;43.631843
40119_1692_00095;95;;Avenue Robert Ducournau;40700;40119;Hagetmau;;;-0.59684;43.651839
40119_a035_00082;82;;Lotissement Busqueton;40700;40119;Hagetmau;;;-0.603047;43.65137
40119_0120_01253;1253;;Chemin de Balette;40700;40119;Hagetmau;;;-0.576665;43.648721
40119_a020_00001;1;;Lotissement Bidounat;40700;40119;Hagetmau;;;-0.605442;43.663034
40119_0580_00199;199;;Chemin de Fouim;40700;40119;Hagetmau;;;-0.594966;43.642911
40119_0582_00053;53;;Rue Francis Maysonnave;40700;40119;Hagetmau;;;-0.604511;43.649384
40119_b133_00259;259;;Thomas la Platane;40700;40119;Hagetmau;;;-0.569774;43.653223
40119_a090_00021;21;;Lotissement Jeandemay;40700;40119;Hagetmau;;;-0.602276;43.644221
40119_0990_00065_b;65;b;Chemin de Laouilleroun;40700;40119;Hagetmau;;;-0.577698;43.652727
40119_1080_01015;1015;;Chemin de la Ligne;40700;40119;Hagetmau;;;-0.574292;43.648973
40119_0580_00285;285;;Chemin de Fouim;40700;40119;Hagetmau;;;-0.595358;43.642395
40119_0588_00096;96;;Rue Gambetta;40700;40119;Hagetmau;;;-0.593426;43.65591
40119_0742_00025;25;;Rue des Jardins;40700;40119;Hagetmau;;;-0.594466;43.654721
40119_1368_00211;211;;Rue Pascal Duprat;40700;40119;Hagetmau;;;-0.594333;43.656353
40119_1276_00209;209;;Rue du Mont Saint-jean;40700;40119;Hagetmau;;;-0.588837;43.655376
40119_0708_00138;138;;Avenue Henri Castelnau;40700;40119;Hagetmau;;;-0.585216;43.670016
40119_0598_00205;205;;Avenue de la Gare;40700;40119;Hagetmau;;;-0.588688;43.658423
40119_0710_00158;158;;Chemin de Higueres;40700;40119;Hagetmau;;;-0.611622;43.642905
40119_1272_00135;135;;Route de Monségur;40700;40119;Hagetmau;;;-0.598486;43.650075
40119_0s3n6t_02671;2671;;Route de Nayet;40700;40119;Hagetmau;;;-0.61888;43.669103
40119_75cw8h_00041;41;;Rue Francis Maisonnave;40700;40119;Hagetmau;;;-0.606372;43.649509
40119_0490_00261;261;;Chemin de Claron;40700;40119;Hagetmau;;;-0.574235;43.658008
40119_1080_00056;56;;Chemin de la Ligne;40700;40119;Hagetmau;;;-0.581777;43.656251
40119_1720_00260;260;;Chemin de Saourine;40700;40119;Hagetmau;;;-0.588579;43.639163
40119_1736_00001;1;;Rue du Soleil d’Or;40700;40119;Hagetmau;;;-0.585342;43.654123
40119_a034_00099;99;;Hameau de Busquet;40700;40119;Hagetmau;;;-0.586313;43.660384
40119_1272_00516;516;;Route de Monségur;40700;40119;Hagetmau;;;-0.596211;43.647283
40119_1878_00022;22;;Rue Victor Hugo;40700;40119;Hagetmau;;;-0.592319;43.655152
40119_1540_00174;174;;Rue de Piquette;40700;40119;Hagetmau;;;-0.598128;43.653986
40119_0495_00263;263;;Avenue Corisande;40700;40119;Hagetmau;;;-0.594475;43.659488
40119_0900_00009;9;;Chemin de Lafargue;40700;40119;Hagetmau;;;-0.601784;43.649922
40119_1080_01091;1091;;Chemin de la Ligne;40700;40119;Hagetmau;;;-0.573969;43.648618
40119_1090_00632;632;;Chemin de Lissandre;40700;40119;Hagetmau;;;-0.609101;43.668528
40119_a125_00068;68;;Lotissement Venise;40700;40119;Hagetmau;;;-0.601198;43.652776
40119_0250_00915;915;;Chemin de Betloc;40700;40119;Hagetmau;;;-0.592891;43.666202
40119_1864_00426;426;;Avenue du Tursan;40700;40119;Hagetmau;;;-0.583604;43.656893
40119_1500_01606;1606;;Chemin de Peyruc;40700;40119;Hagetmau;;;-0.573637;43.659649
40119_1718_00615;615;;Route de Samadet;40700;40119;Hagetmau;;;-0.574898;43.656195
40119_0615_00123;123;;Avenue du General Gillot;40700;40119;Hagetmau;;;-0.6029;43.662879
40119_0250_00416;416;;Chemin de Betloc;40700;40119;Hagetmau;;;-0.596893;43.662663
40119_0100_00005;5;;Porte d'Aquitaine;40700;40119;Hagetmau;;;-0.5853;43.654036
40119_1878_00036;36;;Rue Victor Hugo;40700;40119;Hagetmau;;;-0.592103;43.655188
40119_a034_00120;120;;Hameau de Busquet;40700;40119;Hagetmau;;;-0.586517;43.660225
40119_a091_00014;14;;Lotissement Lissandre;40700;40119;Hagetmau;;;-0.592021;43.66384
40119_1718_00128;128;;Route de Samadet;40700;40119;Hagetmau;;;-0.580816;43.65665
40119_a090_00009;9;;Lotissement Jeandemay;40700;40119;Hagetmau;;;-0.601651;43.645838
40119_0730_00592;592;;Route de Horsarrieu;40700;40119;Hagetmau;;;-0.588364;43.67229
40119_1276_00066;66;;Rue du Mont Saint-jean;40700;40119;Hagetmau;;;-0.588897;43.656699
40119_a089_00026;26;;lotissement jouanin;40700;40119;Hagetmau;;;-0.60256;43.645828
40119_0810_00014;14;;Chemin de Junca;40700;40119;Hagetmau;;;-0.59225;43.642843
40119_a125_00053;53;;Lotissement Venise;40700;40119;Hagetmau;;;-0.598841;43.652133
40119_n4g419_00410;410;;Rue des Chaisiers;40700;40119;Hagetmau;;;-0.608808;43.636837
40119_1876_00002;2;;Rue de la Venerie;40700;40119;Hagetmau;;;-0.593727;43.65607
40119_0275_00140;140;;Rue de la Bigorre;40700;40119;Hagetmau;;;-0.585479;43.652494
40119_0385_00381;381;;Rue Carnot;40700;40119;Hagetmau;;;-0.592;43.656958
40119_a093_00001;1;;Lotissement Laouilhé;40700;40119;Hagetmau;;;-0.606592;43.66639
40119_0250_00283;283;;Chemin de Betloc;40700;40119;Hagetmau;;;-0.598891;43.66301
40119_1715_00581;581;;Rue Saint - Girons;40700;40119;Hagetmau;;;-0.600633;43.6586
40119_1110_00075;75;;Rue des Loussets;40700;40119;Hagetmau;;;-0.593813;43.652845
40119_0084_00014;14;;Rue d'Albret;40700;40119;Hagetmau;;;-0.593113;43.654787
40119_1276_00127;127;;Rue du Mont Saint-jean;40700;40119;Hagetmau;;;-0.588676;43.656079
40119_jttbez_00164;164;;Chemin de Laplatane;40700;40119;Hagetmau;;;-0.570711;43.652637
40119_75cw8h_00053;53;;Rue Francis Maisonnave;40700;40119;Hagetmau;;;-0.604513;43.649383
40119_0582_00045;45;;Rue Francis Maysonnave;40700;40119;Hagetmau;;;-0.604811;43.648852
40119_1276_00095;95;;Rue du Mont Saint-jean;40700;40119;Hagetmau;;;-0.588811;43.656468
40119_38k95f_00090;90;;Rue des Platanes;40700;40119;Hagetmau;;;-0.608336;43.645352
40119_1368_00144;144;;Rue Pascal Duprat;40700;40119;Hagetmau;;;-0.594699;43.6558
40119_a035_00068;68;;Lotissement Busqueton;40700;40119;Hagetmau;;;-0.602824;43.649638
40119_0212_00372;372;;Route de Bellevue;40700;40119;Hagetmau;;;-0.589965;43.662132
40119_0084_00041;41;;Rue d'Albret;40700;40119;Hagetmau;;;-0.593395;43.65477
40119_0130_00207;207;;Chemin de Balous;40700;40119;Hagetmau;;;-0.600384;43.662349
40119_a035_00016;16;;Lotissement Busqueton;40700;40119;Hagetmau;;;-0.602189;43.651349
40119_0742_00021;21;;Rue des Jardins;40700;40119;Hagetmau;;;-0.595428;43.656235
40119_0656_00061;61;;Rue Gramont;40700;40119;Hagetmau;;;-0.593687;43.656853
40119_1834_00271;271;;Avenue du Trace;40700;40119;Hagetmau;;;-0.603566;43.648086
40119_0615_00326;326;;Avenue du General Gillot;40700;40119;Hagetmau;;;-0.602633;43.660934
40119_a091_00009;9;;Lotissement Lissandre;40700;40119;Hagetmau;;;-0.591169;43.663944
40119_0680_00500;500;;Chemin de Guichot;40700;40119;Hagetmau;;;-0.596091;43.63498
40119_1276_00346;346;;Rue du Mont Saint-jean;40700;40119;Hagetmau;;;-0.590212;43.655005
40119_a089_00017;17;;lotissement jouanin;40700;40119;Hagetmau;;;-0.603424;43.646687
40119_0200_00242;242;;Rue de Bel-horizon;40700;40119;Hagetmau;;;-0.58628;43.655045
40119_0200_00496;496;;Rue de Bel-horizon;40700;40119;Hagetmau;;;-0.583238;43.65528
40119_1010_00596;596;;Chemin de Largele;40700;40119;Hagetmau;;;-0.56905;43.653443
40119_a093_00004;4;;Lotissement Laouilhé;40700;40119;Hagetmau;;;-0.606896;43.666758
40119_1718_00831;831;;Route de Samadet;40700;40119;Hagetmau;;;-0.572243;43.655952
40119_1630_00270;270;;Chemin de Prentigarde;40700;40119;Hagetmau;;;-0.566733;43.649442
40119_1080_00723;723;;Chemin de la Ligne;40700;40119;Hagetmau;;;-0.577318;43.651365
40119_0454_00025;25;;Avenue Charles Domercq;40700;40119;Hagetmau;;;-0.592966;43.654417
40119_a125_00009;9;;Lotissement Venise;40700;40119;Hagetmau;;;-0.59974;43.653537
40119_0250_00651;651;;Chemin de Betloc;40700;40119;Hagetmau;;;-0.595447;43.665103
40119_0742_00062;62;;Rue des Jardins;40700;40119;Hagetmau;;;-0.59483;43.654883
40119_0545_00073;73;;Rue du Docteur Larquier;40700;40119;Hagetmau;;;-0.593807;43.655683
40119_0495_00157;157;;Avenue Corisande;40700;40119;Hagetmau;;;-0.59334;43.65933
40119_75cw8h_00054;54;;Rue Francis Maisonnave;40700;40119;Hagetmau;;;-0.604858;43.649406
40119_1864_00370;370;;Avenue du Tursan;40700;40119;Hagetmau;;;-0.584383;43.656923
40119_1736_00063;63;;Rue du Soleil d’Or;40700;40119;Hagetmau;;;-0.584652;43.654119
40119_0680_00717;717;;Chemin de Guichot;40700;40119;Hagetmau;;;-0.595695;43.636892
40119_a035_00019;19;;Lotissement Busqueton;40700;40119;Hagetmau;;;-0.603039;43.651431
40119_0s3n6t_01239;1239;;Route de Nayet;40700;40119;Hagetmau;;;-0.617789;43.658427
40119_0496_00014;14;;Impasse Corisande;40700;40119;Hagetmau;;;-0.594134;43.659326
40119_1718_00653;653;;Route de Samadet;40700;40119;Hagetmau;;;-0.57439;43.656156
40119_1650_00319;319;;Chemin de la Providence;40700;40119;Hagetmau;;;-0.597062;43.648448
40119_1675_00056;56;;Place de la Republique;40700;40119;Hagetmau;;;-0.593177;43.655433
40119_0370_00148;148;;Chemin de Camhaba;40700;40119;Hagetmau;;;-0.559555;43.651215
40119_0212_00741;741;;Route de Bellevue;40700;40119;Hagetmau;;;-0.589249;43.665472
40119_0180_00661;661;;Chemin de Beaupré;40700;40119;Hagetmau;;;-0.572581;43.6477
40119_0615_00175;175;;Avenue du General Gillot;40700;40119;Hagetmau;;;-0.602645;43.662318
40119_0872_00032;32;;Route de Lacrabe;40700;40119;Hagetmau;;;-0.589754;43.641309
40119_1098_00764;764;;Chemin des Loussets;40700;40119;Hagetmau;;;-0.588467;43.647166
40119_1040_00777;777;;Chemin Larrigade;40700;40119;Hagetmau;;;-0.607392;43.665775
40119_0240_00155;155;;Chemin de Bethleem;40700;40119;Hagetmau;;;-0.60935;43.663349
40119_0084_00046;46;;Rue d'Albret;40700;40119;Hagetmau;;;-0.593405;43.654887
40119_1878_00112;112;;Rue Victor Hugo;40700;40119;Hagetmau;;;-0.591574;43.655749
40119_a093_00003;3;;Lotissement Laouilhé;40700;40119;Hagetmau;;;-0.606948;43.666643
40119_a020_00033;33;;Lotissement Bidounat;40700;40119;Hagetmau;;;-0.606285;43.663387
40119_0385_00378;378;;Rue Carnot;40700;40119;Hagetmau;;;-0.591855;43.656897
40119_0543_00030;30;;Av du Docteur Edouard Castera;40700;40119;Hagetmau;;;-0.593571;43.653522
40119_1718_00587;587;;Route de Samadet;40700;40119;Hagetmau;;;-0.57533;43.656242
40119_a099_00006;6;;Lotissement Moundette;40700;40119;Hagetmau;;;-0.595035;43.661635
40119_75cw8h_00049;49;;Rue Francis Maisonnave;40700;40119;Hagetmau;;;-0.603677;43.64892
40119_0582_00044;44;;Rue Francis Maysonnave;40700;40119;Hagetmau;;;-0.60509;43.648899
40119_1876_00002_ter;2;ter;Rue de la Venerie;40700;40119;Hagetmau;;;-0.593525;43.656202
40119_1368_00081;81;;Rue Pascal Duprat;40700;40119;Hagetmau;;;-0.594668;43.655288
40119_a026_00009;9;;Lotissement le Bois de Bidalon;40700;40119;Hagetmau;;;-0.59904;43.658615
40119_1572_00058;58;;Rue Potagère;40700;40119;Hagetmau;;;-0.591916;43.65498
40119_1278_00033;33;;Place du Moulin;40700;40119;Hagetmau;;;-0.594145;43.654565
40119_1075_00005;5;;Place de la Liberte;40700;40119;Hagetmau;;;-0.593877;43.655953
40119_0768_00005_bis;5;bis;Rue Jean Moulin;40700;40119;Hagetmau;;;-0.605912;43.646688
40119_fy34c2_00034;34;;Chemin de Rey Lalanne;40700;40119;Hagetmau;;;-0.607489;43.642032
40119_a091_00024;24;;Lotissement Lissandre;40700;40119;Hagetmau;;;-0.59003;43.663645
40119_1736_00009;9;;Rue du Soleil d’Or;40700;40119;Hagetmau;;;-0.586339;43.654392
40119_1278_00007;7;;Place du Moulin;40700;40119;Hagetmau;;;-0.594145;43.654565
40119_1500_00584;584;;Chemin de Peyruc;40700;40119;Hagetmau;;;-0.582407;43.664736
40119_1172_00053;53;;Avenue du Maréchal Leclerc;40700;40119;Hagetmau;;;-0.595684;43.656496
40119_0541_00799;799;;Route de Doazit;40700;40119;Hagetmau;;;-0.611418;43.668947
40119_0680_00141;141;;Chemin de Guichot;40700;40119;Hagetmau;;;-0.600405;43.634612
40119_0496_00024;24;;Impasse Corisande;40700;40119;Hagetmau;;;-0.594145;43.659257
40119_0510_00362;362;;Chemin de Coupes;40700;40119;Hagetmau;;;-0.596207;43.641755
40119_0970_00027;27;;Chemin de Lannemas;40700;40119;Hagetmau;;;-0.624697;43.643917
40119_pynnli_00063;63;;Route de Guichot;40700;40119;Hagetmau;;;-0.601584;43.634923
40119_1336_00013;13;;Cote des Oiseaux;40700;40119;Hagetmau;;;-0.591759;43.655312
40119_1610_00034;34;;Chemin du Pouy;40700;40119;Hagetmau;;;-0.609456;43.64643
40119_1333_00227;227;;Rue Nugent;40700;40119;Hagetmau;;;-0.595471;43.656005
40119_0656_00072;72;;Rue Gramont;40700;40119;Hagetmau;;;-0.593516;43.656864
40119_a090_00033;33;;Lotissement Jeandemay;40700;40119;Hagetmau;;;-0.600702;43.645931
40119_1530_00295;295;;Chemin de Pinot;40700;40119;Hagetmau;;;-0.592901;43.665326
40119_0598_00409;409;;Avenue de la Gare;40700;40119;Hagetmau;;;-0.586127;43.65887
40119_1715_00014;14;;Rue Saint - Girons;40700;40119;Hagetmau;;;-0.594304;43.656588
40119_1782_00209;209;;Rue Thiers;40700;40119;Hagetmau;;;-0.59398;43.65373
40119_a125_00021;21;;Lotissement Venise;40700;40119;Hagetmau;;;-0.600837;43.653342
40119_0200_00648;648;;Rue de Bel-horizon;40700;40119;Hagetmau;;;-0.582278;43.656223
40119_0212_00479;479;;Route de Bellevue;40700;40119;Hagetmau;;;-0.589906;43.663229
40119_0598_00159;159;;Avenue de la Gare;40700;40119;Hagetmau;;;-0.589323;43.65852
40119_a020_00005;5;;Lotissement Bidounat;40700;40119;Hagetmau;;;-0.604388;43.663699
40119_0700_00130;130;;Chemin de Guironcet;40700;40119;Hagetmau;;;-0.583149;43.654863
40119_a035_00012;12;;Lotissement Busqueton;40700;40119;Hagetmau;;;-0.601139;43.651392
40119_0120_00601;601;;Chemin de Balette;40700;40119;Hagetmau;;;-0.584059;43.650684
40119_1862_00050;50;;Allée de Turre;40700;40119;Hagetmau;;;-0.590646;43.657286
40119_1610_00064;64;;Chemin du Pouy;40700;40119;Hagetmau;;;-0.609267;43.646434
40119_0710_00499;499;;Chemin de Higueres;40700;40119;Hagetmau;;;-0.615673;43.642797
40119_a041_00017;17;;Lotissement Capet Bignaou;40700;40119;Hagetmau;;;-0.604925;43.662647
40119_0495_00719_bis;719;bis;Avenue Corisande;40700;40119;Hagetmau;;;-0.600255;43.660248
40119_0880_00001;1;;Chemin des Lacs d’Halco;40700;40119;Hagetmau;;;-0.630281;43.638012
40119_1366_00086;86;;Place Pascal Duprat;40700;40119;Hagetmau;;;-0.594036;43.654044
40119_a125_00001;1;;Lotissement Venise;40700;40119;Hagetmau;;;-0.598912;43.652907
40119_1272_00664;664;;Route de Monségur;40700;40119;Hagetmau;;;-0.594997;43.646042
40119_1098_00664;664;;Chemin des Loussets;40700;40119;Hagetmau;;;-0.589095;43.647671
40119_1500_01151;1151;;Chemin de Peyruc;40700;40119;Hagetmau;;;-0.576327;43.662512
40119_0084_00172;172;;Rue d'Albret;40700;40119;Hagetmau;;;-0.594133;43.655711
40119_a026_00206;206;;Lotissement le Bois de Bidalon;40700;40119;Hagetmau;;;-0.599416;43.65899
40119_0250_00980;980;;Chemin de Betloc;40700;40119;Hagetmau;;;-0.592059;43.666349
40119_1736_00005;5;;Rue du Soleil d’Or;40700;40119;Hagetmau;;;-0.586536;43.654445
40119_a035_00003;3;;Lotissement Busqueton;40700;40119;Hagetmau;;;-0.600649;43.650934
40119_0130_00073;73;;Chemin de Balous;40700;40119;Hagetmau;;;-0.60049;43.661163
40119_0598_00174;174;;Avenue de la Gare;40700;40119;Hagetmau;;;-0.589186;43.658145
40119_0240_00053;53;;Chemin de Bethleem;40700;40119;Hagetmau;;;-0.608033;43.663567
40119_0541_00472;472;;Route de Doazit;40700;40119;Hagetmau;;;-0.608256;43.667193
40119_1876_00002_quater;2;quater;Rue de la Venerie;40700;40119;Hagetmau;;;-0.593425;43.656268
40119_1715_00229;229;;Rue Saint - Girons;40700;40119;Hagetmau;;;-0.596797;43.657255
40119_0180_00368;368;;Chemin de Beaupré;40700;40119;Hagetmau;;;-0.571716;43.65052
40119_1560_00164;164;;Chemin de la Platane;40700;40119;Hagetmau;;;-0.570711;43.652637
40119_1834_00409;409;;Avenue du Trace;40700;40119;Hagetmau;;;-0.604261;43.647032
40119_1110_00166;166;;Rue des Loussets;40700;40119;Hagetmau;;;-0.592748;43.651298
40119_1736_00002;2;;Rue du Soleil d’Or;40700;40119;Hagetmau;;;-0.586508;43.654382
40119_1715_00649;649;;Rue Saint - Girons;40700;40119;Hagetmau;;;-0.601308;43.658981
40119_a125_00024;24;;Lotissement Venise;40700;40119;Hagetmau;;;-0.599993;43.653104
40119_0220_00062;62;;Chemin de Bernadeou;40700;40119;Hagetmau;;;-0.575507;43.651702
40119_0275_00027;27;;Rue de la Bigorre;40700;40119;Hagetmau;;;-0.584378;43.651887
40119_yshwad_00004;4;;Lotissement de la Sabliere;40700;40119;Hagetmau;;;-0.588628;43.659644
40119_0310_00073;73;;Chemin de Busqueton;40700;40119;Hagetmau;;;-0.604103;43.649877
40119_1710_00348;348;;Rue de la Sabliere;40700;40119;Hagetmau;;;-0.587451;43.661292
40119_1736_00057;57;;Rue du Soleil d’Or;40700;40119;Hagetmau;;;-0.584857;43.654168
40119_1736_00023;23;;Rue du Soleil d’Or;40700;40119;Hagetmau;;;-0.585781;43.653806
40119_1276_00385;385;;Rue du Mont Saint-jean;40700;40119;Hagetmau;;;-0.590792;43.655263
40119_0240_00237;237;;Chemin de Bethleem;40700;40119;Hagetmau;;;-0.610192;43.663381
40119_0820_00083;83;;Chemin de Labourdette;40700;40119;Hagetmau;;;-0.584967;43.640025
40119_0570_00184;184;;Chemin de Fabian Pipion;40700;40119;Hagetmau;;;-0.568327;43.656426
40119_0430_00488;488;;Route de Cazalis;40700;40119;Hagetmau;;;-0.623039;43.637972
40119_0430_01066;1066;;Route de Cazalis;40700;40119;Hagetmau;;;-0.623978;43.637753
40119_0545_00019;19;;Rue du Docteur Larquier;40700;40119;Hagetmau;;;-0.594225;43.655259
40119_0598_00437;437;;Avenue de la Gare;40700;40119;Hagetmau;;;-0.585675;43.659323
40119_0385_00547;547;;Rue Carnot;40700;40119;Hagetmau;;;-0.591545;43.658159
40119_1715_00693;693;;Rue Saint - Girons;40700;40119;Hagetmau;;;-0.601644;43.659181
40119_0385_00426;426;;Rue Carnot;40700;40119;Hagetmau;;;-0.591711;43.657312
40119_a034_00202;202;;Hameau de Busquet;40700;40119;Hagetmau;;;-0.586224;43.659887
40119_0582_00039;39;;Rue Francis Maysonnave;40700;40119;Hagetmau;;;-0.605771;43.649162
40119_0656_00114;114;;Rue Gramont;40700;40119;Hagetmau;;;-0.593085;43.657108
40119_0708_00402;402;;Avenue Henri Castelnau;40700;40119;Hagetmau;;;-0.587082;43.670887
40119_0588_00034;34;;Rue Gambetta;40700;40119;Hagetmau;;;-0.592902;43.655509
40119_1720_00355;355;;Chemin de Saourine;40700;40119;Hagetmau;;;-0.589418;43.639192
40119_0495_00044;44;;Avenue Corisande;40700;40119;Hagetmau;;;-0.591742;43.659054
40119_a026_00241;241;;Lotissement le Bois de Bidalon;40700;40119;Hagetmau;;;-0.599735;43.658588
40119_1368_00189;189;;Rue Pascal Duprat;40700;40119;Hagetmau;;;-0.59453;43.65623
40119_0495_00005;5;;Avenue Corisande;40700;40119;Hagetmau;;;-0.591356;43.659004
40119_1718_00215;215;;Route de Samadet;40700;40119;Hagetmau;;;-0.579682;43.656608
40119_0168_00075;75;;Impasse du Béarn;40700;40119;Hagetmau;;;-0.583489;43.652754
40119_0305_00641;641;;Chemin de Busquet;40700;40119;Hagetmau;;;-0.585749;43.662128
40119_0654_00035;35;;Place Gramont;40700;40119;Hagetmau;;;-0.592546;43.657514
40119_yshwad_00011;11;;Lotissement de la Sabliere;40700;40119;Hagetmau;;;-0.589103;43.659926
40119_0615_00147;147;;Avenue du General Gillot;40700;40119;Hagetmau;;;-0.602777;43.662629
40119_1692_00181;181;;Avenue Robert Ducournau;40700;40119;Hagetmau;;;-0.59797;43.651411
40119_a041_00015;15;;Lotissement Capet Bignaou;40700;40119;Hagetmau;;;-0.604413;43.663041
40119_1732_00031;31;;Chemin de Sinai;40700;40119;Hagetmau;;;-0.603572;43.644841
40119_0880_00044;44;;Chemin des Lacs d’Halco;40700;40119;Hagetmau;;;-0.622024;43.642976
40119_0495_00289;289;;Avenue Corisande;40700;40119;Hagetmau;;;-0.594978;43.659532
40119_a020_00028;28;;Lotissement Bidounat;40700;40119;Hagetmau;;;-0.60585;43.663523
40119_0180_00080;80;;Chemin de Beaupré;40700;40119;Hagetmau;;;-0.568743;43.651949
40119_1098_01375;1375;;Chemin des Loussets;40700;40119;Hagetmau;;;-0.588963;43.6417
40119_1276_00404;404;;Rue du Mont Saint-jean;40700;40119;Hagetmau;;;-0.590056;43.655218
40119_38k95f_00005;5;;Rue des Platanes;40700;40119;Hagetmau;;;-0.607559;43.644812
40119_1718_00171;171;;Route de Samadet;40700;40119;Hagetmau;;;-0.580325;43.656679
40119_0180_00030;30;;Chemin de Beaupré;40700;40119;Hagetmau;;;-0.568366;43.651475
40119_a099_00005;5;;Lotissement Moundette;40700;40119;Hagetmau;;;-0.595045;43.661523
40119_a090_00005;5;;Lotissement Jeandemay;40700;40119;Hagetmau;;;-0.602273;43.645122
40119_0212_00443;443;;Route de Bellevue;40700;40119;Hagetmau;;;-0.59006;43.662847
40119_0588_00097;97;;Rue Gambetta;40700;40119;Hagetmau;;;-0.593531;43.655867
40119_a034_00164;164;;Hameau de Busquet;40700;40119;Hagetmau;;;-0.58654;43.659828
40119_0282_00005;5;;Place du Bois;40700;40119;Hagetmau;;;-0.595442;43.656068
40119_1550_00609;609;;Chemin de Piréou;40700;40119;Hagetmau;;;-0.633401;43.647451
40119_0120_01125;1125;;Chemin de Balette;40700;40119;Hagetmau;;;-0.578375;43.648653
40119_0940_00154;154;;Chemin de Lamarque;40700;40119;Hagetmau;;;-0.56828;43.649183
40119_0212_00233;233;;Route de Bellevue;40700;40119;Hagetmau;;;-0.592555;43.660928
40119_1368_00101;101;;Rue Pascal Duprat;40700;40119;Hagetmau;;;-0.594746;43.655514
40119_0480_00073;73;;Chemin de Chicon Cloche;40700;40119;Hagetmau;;;-0.568801;43.66154
40119_0495_00185;185;;Avenue Corisande;40700;40119;Hagetmau;;;-0.593652;43.659374
40119_a093_00021;21;;Lotissement Laouilhé;40700;40119;Hagetmau;;;-0.605455;43.667854
40119_0588_00084;84;;Rue Gambetta;40700;40119;Hagetmau;;;-0.59332;43.655827
40119_1834_00403;403;;Avenue du Trace;40700;40119;Hagetmau;;;-0.604496;43.647193
40119_0582_00062;62;;Rue Francis Maysonnave;40700;40119;Hagetmau;;;-0.604901;43.649476
40119_a125_00007;7;;Lotissement Venise;40700;40119;Hagetmau;;;-0.599406;43.653592
40119_0768_00012;12;;Rue Jean Moulin;40700;40119;Hagetmau;;;-0.605916;43.64679
40119_1715_00569;569;;Rue Saint - Girons;40700;40119;Hagetmau;;;-0.600521;43.658536
40119_1500_01035;1035;;Chemin de Peyruc;40700;40119;Hagetmau;;;-0.577446;43.663079
40119_1440_00100;100;;Chemin de Pentecôte;40700;40119;Hagetmau;;;-0.569706;43.654912
40119_1713_00877;877;;Route de Saint Cricq Chalosse;40700;40119;Hagetmau;;;-0.632204;43.641773
40119_0708_00159;159;;Avenue Henri Castelnau;40700;40119;Hagetmau;;;-0.587926;43.668729
40119_0385_00022;22;;Rue Carnot;40700;40119;Hagetmau;;;-0.593541;43.654047
40119_1718_02364;2364;;Route de Samadet;40700;40119;Hagetmau;;;-0.553786;43.652042
40119_a034_00014;14;;Hameau de Busquet;40700;40119;Hagetmau;;;-0.586447;43.661143
40119_1276_00104;104;;Rue du Mont Saint-jean;40700;40119;Hagetmau;;;-0.588887;43.656293
40119_0385_00215;215;;Rue Carnot;40700;40119;Hagetmau;;;-0.592507;43.655511
40119_0522_00096;96;;Chemin de Dartiguelongue;40700;40119;Hagetmau;;;-0.563373;43.653124
40119_0120_01275;1275;;Chemin de Balette;40700;40119;Hagetmau;;;-0.57622;43.648611
40119_1322_01615;1615;;Chemin de Nayet;40700;40119;Hagetmau;;;-0.622725;43.660097
40119_0330_00101_a;101;a;Chemin de Caillabet;40700;40119;Hagetmau;;;-0.606269;43.659727
40119_1715_00393;393;;Rue Saint - Girons;40700;40119;Hagetmau;;;-0.598768;43.657618
40119_0900_00489;489;;Chemin de Lafargue;40700;40119;Hagetmau;;;-0.600814;43.649445
40119_0598_00842;842;;Avenue de la Gare;40700;40119;Hagetmau;;;-0.582595;43.657133
40119_a125_00079;79;;Lotissement Venise;40700;40119;Hagetmau;;;-0.598467;43.651784
40119_1030_00026;26;;Chemin de Larraoucq;40700;40119;Hagetmau;;;-0.602336;43.631826
40119_0454_00057;57;;Avenue Charles Domercq;40700;40119;Hagetmau;;;-0.592507;43.654245
40119_0495_00344;344;;Avenue Corisande;40700;40119;Hagetmau;;;-0.595532;43.659702
40119_0250_00095;95;;Chemin de Betloc;40700;40119;Hagetmau;;;-0.599143;43.661152
40119_1655_00001;1;;Rue des Pyrenees;40700;40119;Hagetmau;;;-0.586814;43.654329
40119_0270_00135;135;;Chemin de Bieilh;40700;40119;Hagetmau;;;-0.613976;43.644606
40119_a099_00018;18;;Lotissement Moundette;40700;40119;Hagetmau;;;-0.594983;43.660332
40119_1718_01872;1872;;Route de Samadet;40700;40119;Hagetmau;;;-0.560266;43.653371
40119_1322_01866;1866;;Chemin de Nayet;40700;40119;Hagetmau;;;-0.621207;43.663128
40119_1876_00076;76;;Rue de la Venerie;40700;40119;Hagetmau;;;-0.593035;43.656579
40119_1080_00729;729;;Chemin de la Ligne;40700;40119;Hagetmau;;;-0.577098;43.651193
40119_b6449b_00136;136;;Impasse Impasse;40700;40119;Hagetmau;;;-0.590181;43.65358
40119_0250_00468;468;;Chemin de Betloc;40700;40119;Hagetmau;;;-0.596435;43.664167
40119_1274_00032;32;;Place Montmartre;40700;40119;Hagetmau;;;-0.590974;43.658384
40119_1368_00040;40;;Rue Pascal Duprat;40700;40119;Hagetmau;;;-0.594348;43.655095
40119_0656_00092;92;;Rue Gramont;40700;40119;Hagetmau;;;-0.59332;43.656992
40119_0385_00229;229;;Rue Carnot;40700;40119;Hagetmau;;;-0.592458;43.655638
40119_0385_00524;524;;Rue Carnot;40700;40119;Hagetmau;;;-0.591417;43.658156
40119_1692_00280;280;;Avenue Robert Ducournau;40700;40119;Hagetmau;;;-0.599037;43.651127
40119_1540_00300_a;300;a;Rue de Piquette;40700;40119;Hagetmau;;;-0.599208;43.654421
40119_75cw8h_00082;82;;Rue Francis Maisonnave;40700;40119;Hagetmau;;;-0.604504;43.650152
40119_a125_00002;2;;Lotissement Venise;40700;40119;Hagetmau;;;-0.598778;43.653086
40119_a093_00053;53;;Lotissement Laouilhé;40700;40119;Hagetmau;;;-0.604801;43.666814
40119_1736_00043;43;;Rue du Soleil d’Or;40700;40119;Hagetmau;;;-0.584708;43.653881
40119_a093_00050;50;;Lotissement Laouilhé;40700;40119;Hagetmau;;;-0.604371;43.667997
40119_1098_01148;1148;;Chemin des Loussets;40700;40119;Hagetmau;;;-0.586993;43.644103
40119_a091_00036;36;;Lotissement Lissandre;40700;40119;Hagetmau;;;-0.592036;43.663508
40119_a020_00022;22;;Lotissement Bidounat;40700;40119;Hagetmau;;;-0.605854;43.664013
40119_a087_00163;163;;Lotissement les Hauts de Miremont;40700;40119;Hagetmau;;;-0.584004;43.655855
40119_1630_01370;1370;;Chemin de Prentigarde;40700;40119;Hagetmau;;;-0.555091;43.646172
40119_1655_00012;12;;Rue des Pyrenees;40700;40119;Hagetmau;;;-0.586987;43.653485
40119_1834_00213;213;;Avenue du Trace;40700;40119;Hagetmau;;;-0.603132;43.648534
40119_1278_00013;13;;Place du Moulin;40700;40119;Hagetmau;;;-0.593898;43.65454
40119_yshwad_00014;14;;Lotissement de la Sabliere;40700;40119;Hagetmau;;;-0.588721;43.659997
40119_0385_00311;311;;Rue Carnot;40700;40119;Hagetmau;;;-0.592191;43.656384
40119_0330_00565;565;;Chemin de Caillabet;40700;40119;Hagetmau;;;-0.612702;43.661906
40119_1322_01535;1535;;Chemin de Nayet;40700;40119;Hagetmau;;;-0.620699;43.659855
40119_75cw8h_00044;44;;Rue Francis Maisonnave;40700;40119;Hagetmau;;;-0.60509;43.648898
40119_g87lrr_00100;100;;Rue de la ZI de Bellegarde;40700;40119;Hagetmau;;;-0.617417;43.642482
40119_a088_00063;63;;Lotissement Le Hameau du Louts;40700;40119;Hagetmau;;;-0.60298;43.653106
40119_a090_00024;24;;Lotissement Jeandemay;40700;40119;Hagetmau;;;-0.602172;43.644228
40119_1655_00005;5;;Rue des Pyrenees;40700;40119;Hagetmau;;;-0.586824;43.654213
40119_0541_00965;965;;Route de Doazit;40700;40119;Hagetmau;;;-0.612959;43.669903
40119_n4g419_00900;900;;Rue des Chaisiers;40700;40119;Hagetmau;;;-0.610242;43.640527
40119_1110_00060;60;;Rue des Loussets;40700;40119;Hagetmau;;;-0.594006;43.653004
40119_1272_01535;1535;;Route de Monségur;40700;40119;Hagetmau;;;-0.587512;43.64097
40119_1655_00003;3;;Rue des Pyrenees;40700;40119;Hagetmau;;;-0.586804;43.654303
40119_1258_00456;456;;Enclos de Mirval;40700;40119;Hagetmau;;;-0.594455;43.650182
40119_wzrrgg_00117;117;;Lissandre;40700;40119;Hagetmau;;;-0.591017;43.667567
40119_0210_01784;1784;;Chemin de Bellegarde;40700;40119;Hagetmau;;;-0.612661;43.639802
40119_0656_00083;83;;Rue Gramont;40700;40119;Hagetmau;;;-0.593473;43.656978
40119_0305_00355;355;;Chemin de Busquet;40700;40119;Hagetmau;;;-0.588579;43.661719
40119_1736_00019;19;;Rue du Soleil d’Or;40700;40119;Hagetmau;;;-0.585677;43.65409
40119_0090_00023;23;;Passage d’Andouins;40700;40119;Hagetmau;;;-0.593793;43.654881
40119_0171_00125;125;;Rue du Béarn;40700;40119;Hagetmau;;;-0.583825;43.651951
40119_0656_00079;79;;Rue Gramont;40700;40119;Hagetmau;;;-0.59349;43.656968
40119_0495_00875;875;;Avenue Corisande;40700;40119;Hagetmau;;;-0.601704;43.660243
40119_ezui8v_00017;17;;Impasse des Dunes;40700;40119;Hagetmau;;;-0.601563;43.664067
40119_75cw8h_00034;34;;Rue Francis Maisonnave;40700;40119;Hagetmau;;;-0.604498;43.648751
40119_1279_00163_c;163;c;Rue du Moulin;40700;40119;Hagetmau;;;-0.594849;43.653142
40119_1272_01343;1343;;Route de Monségur;40700;40119;Hagetmau;;;-0.589395;43.64159
40119_1440_00145;145;;Chemin de Pentecôte;40700;40119;Hagetmau;;;-0.568981;43.654279
40119_0305_00485;485;;Chemin de Busquet;40700;40119;Hagetmau;;;-0.586441;43.661628
40119_0495_00893;893;;Avenue Corisande;40700;40119;Hagetmau;;;-0.60202;43.660394
40119_1692_00445;445;;Avenue Robert Ducournau;40700;40119;Hagetmau;;;-0.600765;43.650383
40119_0768_00015;15;;Rue Jean Moulin;40700;40119;Hagetmau;;;-0.605179;43.647535
40119_1172_00412;412;;Avenue du Maréchal Leclerc;40700;40119;Hagetmau;;;-0.595193;43.653685
40119_oqa0zm_01761;1761;;Mirval;40700;40119;Hagetmau;;;-0.594127;43.649337
40119_a088_00045;45;;Lotissement Le Hameau du Louts;40700;40119;Hagetmau;;;-0.602642;43.653162
40119_0100_00001;1;;Porte d'Aquitaine;40700;40119;Hagetmau;;;-0.585399;43.654002
40119_1020_00382;382;;Chemin de Larode;40700;40119;Hagetmau;;;-0.599383;43.658231
40119_1400_00419;419;;Chemin de Pehoun;40700;40119;Hagetmau;;;-0.578242;43.66789
40119_a034_00219;219;;Hameau de Busquet;40700;40119;Hagetmau;;;-0.586024;43.660009
40119_0084_00078;78;;Rue d'Albret;40700;40119;Hagetmau;;;-0.593633;43.65506
40119_0400_00086;86;;Chemin de Castelnau;40700;40119;Hagetmau;;;-0.582456;43.65447
40119_1272_00563;563;;Route de Monségur;40700;40119;Hagetmau;;;-0.595731;43.646894
40119_0084_00045;45;;Rue d'Albret;40700;40119;Hagetmau;;;-0.593422;43.654788
40119_1864_00036;36;;Avenue du Tursan;40700;40119;Hagetmau;;;-0.588393;43.657319
40119_a089_00048;48;;lotissement jouanin;40700;40119;Hagetmau;;;-0.603788;43.645652
40119_a090_00036;36;;Lotissement Jeandemay;40700;40119;Hagetmau;;;-0.600996;43.646094
40119_1490_00473;473;;Chemin de Peyroulet;40700;40119;Hagetmau;;;-0.61835;43.647379
40119_0543_00117;117;;Av du Docteur Edouard Castera;40700;40119;Hagetmau;;;-0.592632;43.653183
40119_0454_00078;78;;Avenue Charles Domercq;40700;40119;Hagetmau;;;-0.592365;43.654069
40119_0656_00160;160;;Rue Gramont;40700;40119;Hagetmau;;;-0.592535;43.657164
40119_0200_00630;630;;Rue de Bel-horizon;40700;40119;Hagetmau;;;-0.5826;43.656176
40119_1336_00068;68;;Cote des Oiseaux;40700;40119;Hagetmau;;;-0.591333;43.654906
40119_0212_00417;417;;Route de Bellevue;40700;40119;Hagetmau;;;-0.590128;43.662547
40119_1098_01476;1476;;Chemin des Loussets;40700;40119;Hagetmau;;;-0.588477;43.642148
40119_0100_00003;3;;Porte d'Aquitaine;40700;40119;Hagetmau;;;-0.585399;43.654002
40119_1692_00489;489;;Avenue Robert Ducournau;40700;40119;Hagetmau;;;-0.601448;43.650131
40119_0454_00163;163;;Avenue Charles Domercq;40700;40119;Hagetmau;;;-0.591653;43.653773
40119_0330_00239;239;;Chemin de Caillabet;40700;40119;Hagetmau;;;-0.608023;43.660511
40119_0541_00467;467;;Route de Doazit;40700;40119;Hagetmau;;;-0.608409;43.667063
40119_a090_00006;6;;Lotissement Jeandemay;40700;40119;Hagetmau;;;-0.602102;43.645264
40119_1500_01614;1614;;Chemin de Peyruc;40700;40119;Hagetmau;;;-0.573549;43.659632
40119_1368_00187;187;;Rue Pascal Duprat;40700;40119;Hagetmau;;;-0.594572;43.6562
40119_a091_00011;11;;Lotissement Lissandre;40700;40119;Hagetmau;;;-0.590812;43.663746
40119_0210_00386;386;;Chemin de Bellegarde;40700;40119;Hagetmau;;;-0.615009;43.640669
40119_1272_02062;2062;;Route de Monségur;40700;40119;Hagetmau;;;-0.582843;43.637417
40119_0580_00199_b;199;b;Chemin de Fouim;40700;40119;Hagetmau;;;-0.595087;43.642461
40119_0200_00223_a;223;a;Rue de Bel-horizon;40700;40119;Hagetmau;;;-0.587172;43.655414
40119_0120_00230;230;;Chemin de Balette;40700;40119;Hagetmau;;;-0.587437;43.652344
40119_0582_00059;59;;Rue Francis Maysonnave;40700;40119;Hagetmau;;;-0.60542;43.650079
40119_1272_00605;605;;Route de Monségur;40700;40119;Hagetmau;;;-0.595375;43.646528
40119_1020_00422_a;422;a;Chemin de Larode;40700;40119;Hagetmau;;;-0.599193;43.657953
40119_1274_00062;62;;Place Montmartre;40700;40119;Hagetmau;;;-0.590729;43.658584
40119_0541_00745;745;;Route de Doazit;40700;40119;Hagetmau;;;-0.610945;43.668643
40119_1740_00025;25;;Chemin du Sourt;40700;40119;Hagetmau;;;-0.609601;43.642074
40119_a035_00008;8;;Lotissement Busqueton;40700;40119;Hagetmau;;;-0.601516;43.650993
40119_1710_00074;74;;Rue de la Sabliere;40700;40119;Hagetmau;;;-0.587696;43.658989
40119_0750_00061;61;;Chemin de Jeanchicot;40700;40119;Hagetmau;;;-0.607094;43.645687
40119_ezui8v_00052;52;;Impasse des Dunes;40700;40119;Hagetmau;;;-0.60162;43.664472
40119_0940_00208;208;;Chemin de Lamarque;40700;40119;Hagetmau;;;-0.568179;43.648659
40119_1272_01921;1921;;Route de Monségur;40700;40119;Hagetmau;;;-0.583813;43.6383
40119_0210_00570;570;;Chemin de Bellegarde;40700;40119;Hagetmau;;;-0.616642;43.63993
40119_1713_01301;1301;;Route de Saint Cricq Chalosse;40700;40119;Hagetmau;;;-0.634185;43.645005
40119_0200_00152;152;;Rue de Bel-horizon;40700;40119;Hagetmau;;;-0.587466;43.654946
40119_0700_00038;38;;Chemin de Guironcet;40700;40119;Hagetmau;;;-0.584065;43.654074
40119_aoo5p3_00103;103;;Rue des Tisserands;40700;40119;Hagetmau;;;-0.61076;43.639578
40119_0200_00370;370;;Rue de Bel-horizon;40700;40119;Hagetmau;;;-0.58472;43.655208
40119_a020_00030;30;;Lotissement Bidounat;40700;40119;Hagetmau;;;-0.605895;43.663445
40119_1040_00600;600;;Chemin Larrigade;40700;40119;Hagetmau;;;-0.607183;43.664071
40119_a090_00012;12;;Lotissement Jeandemay;40700;40119;Hagetmau;;;-0.601422;43.645607
40119_1782_00090;90;;Rue Thiers;40700;40119;Hagetmau;;;-0.594873;43.652898
40119_1020_00097;97;;Chemin de Larode;40700;40119;Hagetmau;;;-0.599273;43.658193
40119_0385_00335;335;;Rue Carnot;40700;40119;Hagetmau;;;-0.592133;43.656567
40119_a041_00011;11;;Lotissement Capet Bignaou;40700;40119;Hagetmau;;;-0.604716;43.662727
40119_0275_00119;119;;Rue de la Bigorre;40700;40119;Hagetmau;;;-0.585387;43.652227
40119_0454_00098;98;;Avenue Charles Domercq;40700;40119;Hagetmau;;;-0.59211;43.653912
40119_1276_00103;103;;Rue du Mont Saint-jean;40700;40119;Hagetmau;;;-0.588807;43.656281
40119_1773_00032;32;;Rue des Tanneries;40700;40119;Hagetmau;;;-0.594198;43.653843
40119_1090_00116;116;;Chemin de Lissandre;40700;40119;Hagetmau;;;-0.590294;43.667628
40119_0582_00043;43;;Rue Francis Maysonnave;40700;40119;Hagetmau;;;-0.605468;43.648991
40119_1172_00067;67;;Avenue du Maréchal Leclerc;40700;40119;Hagetmau;;;-0.595737;43.656395
40119_1732_00474;474;;Chemin de Sinai;40700;40119;Hagetmau;;;-0.601748;43.642158
40119_0656_00124;124;;Rue Gramont;40700;40119;Hagetmau;;;-0.59301;43.657124
40119_1655_00037;37;;Rue des Pyrenees;40700;40119;Hagetmau;;;-0.584117;43.653286
40119_1278_00029_bis;29;bis;Place du Moulin;40700;40119;Hagetmau;;;-0.594055;43.654614
40119_a125_00026;26;;Lotissement Venise;40700;40119;Hagetmau;;;-0.599477;43.652933
40119_1230_00070;70;;Impasse du Midi;40700;40119;Hagetmau;;;-0.590776;43.654128
40119_a094_00168;168;;Lotissement de Loustaou;40700;40119;Hagetmau;;;-0.595596;43.657689
40119_1322_02342;2342;;Chemin de Nayet;40700;40119;Hagetmau;;;-0.621092;43.666772
40119_1010_00677;677;;Chemin de Largele;40700;40119;Hagetmau;;;-0.568474;43.65357
40119_ry00ps_00068;68;;Impasse des Menuisiers;40700;40119;Hagetmau;;;-0.612418;43.637803
40119_1030_00448;448;;Chemin de Larraoucq;40700;40119;Hagetmau;;;-0.597199;43.631899
40119_1736_00015;15;;Rue du Soleil d’Or;40700;40119;Hagetmau;;;-0.586045;43.654303
40119_1258_00374;374;;Enclos de Mirval;40700;40119;Hagetmau;;;-0.594884;43.650372
40119_0543_00054;54;;Av du Docteur Edouard Castera;40700;40119;Hagetmau;;;-0.593328;43.653454
40119_0100_00002;2;;Porte d'Aquitaine;40700;40119;Hagetmau;;;-0.585299;43.654038
40119_0598_00132;132;;Avenue de la Gare;40700;40119;Hagetmau;;;-0.58974;43.658078
40119_1692_00392;392;;Avenue Robert Ducournau;40700;40119;Hagetmau;;;-0.599848;43.650828
40119_0495_00910;910;;Avenue Corisande;40700;40119;Hagetmau;;;-0.602247;43.660463
40119_a087_00149;149;;Lotissement les Hauts de Miremont;40700;40119;Hagetmau;;;-0.58401;43.65603
40119_0385_00532;532;;Rue Carnot;40700;40119;Hagetmau;;;-0.59138;43.658224
40119_0980_00860;860;;Chemin de Laouilhe;40700;40119;Hagetmau;;;-0.561473;43.661415
40119_a041_00006;6;;Lotissement Capet Bignaou;40700;40119;Hagetmau;;;-0.603197;43.661599
40119_0140_00015;15;;Chemin de Barbe;40700;40119;Hagetmau;;;-0.614868;43.649111
40119_a020_00024;24;;Lotissement Bidounat;40700;40119;Hagetmau;;;-0.605323;43.664061
40119_1736_00010;10;;Rue du Soleil d’Or;40700;40119;Hagetmau;;;-0.586116;43.654274
40119_1272_00825;825;;Route de Monségur;40700;40119;Hagetmau;;;-0.59388;43.645
40119_m7qxlj_01691;1691;;Bidounat;40700;40119;Hagetmau;;;-0.606761;43.666282
40119_a125_00050;50;;Lotissement Venise;40700;40119;Hagetmau;;;-0.599662;43.652439
40119_1279_00196;196;;Rue du Moulin;40700;40119;Hagetmau;;;-0.595634;43.653315
40119_1300_00200;200;;Chemin de Moundette;40700;40119;Hagetmau;;;-0.592715;43.663468
40119_1272_00060;60;;Route de Monségur;40700;40119;Hagetmau;;;-0.598504;43.650664
40119_1878_00336;336;;Rue Victor Hugo;40700;40119;Hagetmau;;;-0.58967;43.657061
40119_1878_00248;248;;Rue Victor Hugo;40700;40119;Hagetmau;;;-0.590568;43.656682
40119_1782_00164;164;;Rue Thiers;40700;40119;Hagetmau;;;-0.594208;43.653391
40119_1322_02353;2353;;Chemin de Nayet;40700;40119;Hagetmau;;;-0.623881;43.665026
40119_0200_00472;472;;Rue de Bel-horizon;40700;40119;Hagetmau;;;-0.58356;43.655252
40119_1655_00029;29;;Rue des Pyrenees;40700;40119;Hagetmau;;;-0.5856;43.653065
40119_1530_00150;150;;Chemin de Pinot;40700;40119;Hagetmau;;;-0.590995;43.664965
40119_1270_00155;155;;Chemin de Molia;40700;40119;Hagetmau;;;-0.582325;43.65811
40119_1210_00280;280;;Chemin de Melet;40700;40119;Hagetmau;;;-0.602396;43.656718
40119_1336_00021;21;;Cote des Oiseaux;40700;40119;Hagetmau;;;-0.591718;43.655246
40119_1732_00053;53;;Chemin de Sinai;40700;40119;Hagetmau;;;-0.605157;43.645523
40119_1338_01784;1784;;Route D'Orthez;40700;40119;Hagetmau;;;-0.611489;43.639746
40119_1368_00035;35;;Rue Pascal Duprat;40700;40119;Hagetmau;;;-0.594463;43.65512
40119_1862_00033;33;;Allée de Turre;40700;40119;Hagetmau;;;-0.591259;43.657565
40119_0180_00086;86;;Chemin de Beaupré;40700;40119;Hagetmau;;;-0.569087;43.651735
40119_a125_00069;69;;Lotissement Venise;40700;40119;Hagetmau;;;-0.601509;43.652809
40119_1710_00268;268;;Rue de la Sabliere;40700;40119;Hagetmau;;;-0.587835;43.660511
40119_1732_00032;32;;Chemin de Sinai;40700;40119;Hagetmau;;;-0.6038;43.644924
40119_1279_00042;42;;Rue du Moulin;40700;40119;Hagetmau;;;-0.594371;43.654254
40119_1736_00053;53;;Rue du Soleil d’Or;40700;40119;Hagetmau;;;-0.584975;43.654197
40119_w3wuqz_00003;3;;Zone Artisanale de l’Ocean;40700;40119;Hagetmau;;;-0.601349;43.664645
40119_0543_00013;13;;Av du Docteur Edouard Castera;40700;40119;Hagetmau;;;-0.593588;43.653793
40119_75cw8h_00078;78;;Rue Francis Maisonnave;40700;40119;Hagetmau;;;-0.603756;43.650163
40119_1366_00018;18;;Place Pascal Duprat;40700;40119;Hagetmau;;;-0.593677;43.654418
40119_1715_00201;201;;Rue Saint - Girons;40700;40119;Hagetmau;;;-0.596493;43.657187
40119_0817_00283;283;;Route de Labastide;40700;40119;Hagetmau;;;-0.598248;43.645853
40119_1322_02075;2075;;Chemin de Nayet;40700;40119;Hagetmau;;;-0.621331;43.664246
40119_0385_00535;535;;Rue Carnot;40700;40119;Hagetmau;;;-0.591578;43.658061
40119_1322_01352;1352;;Chemin de Nayet;40700;40119;Hagetmau;;;-0.619405;43.658712
40119_1210_00172;172;;Chemin de Melet;40700;40119;Hagetmau;;;-0.601804;43.65776
40119_a099_00007;7;;Lotissement Moundette;40700;40119;Hagetmau;;;-0.595381;43.66196
40119_a034_00170;170;;Hameau de Busquet;40700;40119;Hagetmau;;;-0.586564;43.659762
40119_0084_00018;18;;Rue d'Albret;40700;40119;Hagetmau;;;-0.59317;43.654742
40119_1276_00375;375;;Rue du Mont Saint-jean;40700;40119;Hagetmau;;;-0.590298;43.655144
40119_a089_00013;13;;lotissement jouanin;40700;40119;Hagetmau;;;-0.604217;43.646448
40119_1500_00685;685;;Chemin de Peyruc;40700;40119;Hagetmau;;;-0.581716;43.664603
40119_1530_00254;254;;Chemin de Pinot;40700;40119;Hagetmau;;;-0.592254;43.665203
40119_0545_00052;52;;Rue du Docteur Larquier;40700;40119;Hagetmau;;;-0.59378;43.65534
40119_1570_00046_a;46;a;Passage du Pont de Cachot;40700;40119;Hagetmau;;;-0.591969;43.654481
40119_oq4drz_00034;34;;Rue de la Hétraie;40700;40119;Hagetmau;;;-0.608689;43.644261
40119_1368_00217;217;;Rue Pascal Duprat;40700;40119;Hagetmau;;;-0.594318;43.656383
40119_0385_00158;158;;Rue Carnot;40700;40119;Hagetmau;;;-0.592531;43.655008
40119_1550_00640_b;640;b;Chemin de Piréou;40700;40119;Hagetmau;;;-0.631011;43.647923
40119_1325_00116;116;;Chemin de Nice;40700;40119;Hagetmau;;;-0.595605;43.644818
40119_0495_00448;448;;Avenue Corisande;40700;40119;Hagetmau;;;-0.596743;43.659867
40119_a041_00005;5;;Lotissement Capet Bignaou;40700;40119;Hagetmau;;;-0.603265;43.661601
40119_1834_00516;516;;Avenue du Trace;40700;40119;Hagetmau;;;-0.605492;43.646595
40119_0120_00465;465;;Chemin de Balette;40700;40119;Hagetmau;;;-0.585126;43.651146
40119_1782_00016_a;16;a;Rue Thiers;40700;40119;Hagetmau;;;-0.594079;43.65183
40119_1366_00082;82;;Place Pascal Duprat;40700;40119;Hagetmau;;;-0.593984;43.654097
40119_0872_00647;647;;Route de Lacrabe;40700;40119;Hagetmau;;;-0.590711;43.635928
40119_1128_00057;57;;Rue de Loustaou;40700;40119;Hagetmau;;;-0.593303;43.658711
40119_0s3n6t_01950;1950;;Route de Nayet;40700;40119;Hagetmau;;;-0.617564;43.662638
40119_0385_00391;391;;Rue Carnot;40700;40119;Hagetmau;;;-0.591962;43.657051
40119_1715_00138;138;;Rue Saint - Girons;40700;40119;Hagetmau;;;-0.595803;43.657132
40119_0495_00215;215;;Avenue Corisande;40700;40119;Hagetmau;;;-0.593918;43.659412
40119_0168_00016;16;;Impasse du Béarn;40700;40119;Hagetmau;;;-0.584078;43.652439
40119_a099_00014;14;;Lotissement Moundette;40700;40119;Hagetmau;;;-0.594499;43.661086
40119_0710_00101;101;;Chemin de Higueres;40700;40119;Hagetmau;;;-0.610946;43.642473
40119_75cw8h_00076;76;;Rue Francis Maisonnave;40700;40119;Hagetmau;;;-0.60331;43.65016
40119_1333_00219;219;;Rue Nugent;40700;40119;Hagetmau;;;-0.595487;43.655938
40119_0730_01296;1296;;Route de Horsarrieu;40700;40119;Hagetmau;;;-0.591207;43.677382
40119_1782_00219;219;;Rue Thiers;40700;40119;Hagetmau;;;-0.59398;43.65373
40119_0495_00088;88;;Avenue Corisande;40700;40119;Hagetmau;;;-0.592403;43.659209
40119_1862_00035;35;;Allée de Turre;40700;40119;Hagetmau;;;-0.590973;43.65773
40119_nj8f47_00023;23;;Lotissement Le Clos de Diane;40700;40119;Hagetmau;;;-0.593919;43.660219
40119_0120_00959;959;;Chemin de Balette;40700;40119;Hagetmau;;;-0.580273;43.648903
40119_0768_00006;6;;Rue Jean Moulin;40700;40119;Hagetmau;;;-0.6059;43.64665
40119_a090_00016;16;;Lotissement Jeandemay;40700;40119;Hagetmau;;;-0.601558;43.644795
40119_a125_00041;41;;Lotissement Venise;40700;40119;Hagetmau;;;-0.601759;43.653488
40119_0541_00544;544;;Route de Doazit;40700;40119;Hagetmau;;;-0.608912;43.667601
40119_1862_00472;472;;Allée de Turre;40700;40119;Hagetmau;;;-0.591425;43.657665
40119_1140_00041;41;;Passage Louvigny;40700;40119;Hagetmau;;;-0.592477;43.654373
40119_75cw8h_00032;32;;Rue Francis Maisonnave;40700;40119;Hagetmau;;;-0.604024;43.648676
40119_a087_00055;55;;Lotissement les Hauts de Miremont;40700;40119;Hagetmau;;;-0.584446;43.655752
40119_0615_00320;320;;Avenue du General Gillot;40700;40119;Hagetmau;;;-0.602669;43.661048
40119_1715_00557;557;;Rue Saint - Girons;40700;40119;Hagetmau;;;-0.600319;43.658418
40119_1258_00189;189;;Enclos de Mirval;40700;40119;Hagetmau;;;-0.596227;43.650228
40119_1715_00027;27;;Rue Saint - Girons;40700;40119;Hagetmau;;;-0.59464;43.656481
40119_0656_00071;71;;Rue Gramont;40700;40119;Hagetmau;;;-0.593719;43.657077
40119_tfo45o_00003;3;;Rue des Châtaigniers;40700;40119;Hagetmau;;;-0.608368;43.644778
40119_1080_01207;1207;;Chemin de la Ligne;40700;40119;Hagetmau;;;-0.573603;43.648218
40119_0385_00362;362;;Rue Carnot;40700;40119;Hagetmau;;;-0.591891;43.656812
40119_0820_00498;498;;Chemin de Labourdette;40700;40119;Hagetmau;;;-0.585454;43.642785
40119_1440_00014;14;;Chemin de Pentecôte;40700;40119;Hagetmau;;;-0.569241;43.655404
40119_a041_00010;10;;Lotissement Capet Bignaou;40700;40119;Hagetmau;;;-0.604621;43.66214
40119_0768_00028;28;;Rue Jean Moulin;40700;40119;Hagetmau;;;-0.605122;43.648199
40119_0768_00030;30;;Rue Jean Moulin;40700;40119;Hagetmau;;;-0.604581;43.648119
40119_1272_00351;351;;Route de Monségur;40700;40119;Hagetmau;;;-0.596938;43.648111
40119_0454_00050;50;;Avenue Charles Domercq;40700;40119;Hagetmau;;;-0.592567;43.654182
40119_1540_00376;376;;Rue de Piquette;40700;40119;Hagetmau;;;-0.602174;43.656827
40119_1692_00144;144;;Avenue Robert Ducournau;40700;40119;Hagetmau;;;-0.597621;43.651651
40119_0654_00013;13;;Place Gramont;40700;40119;Hagetmau;;;-0.592375;43.657422
40119_1864_00294;294;;Avenue du Tursan;40700;40119;Hagetmau;;;-0.585239;43.656704
40119_0171_00033;33;;Rue du Béarn;40700;40119;Hagetmau;;;-0.584365;43.652686
40119_1258_00187;187;;Enclos de Mirval;40700;40119;Hagetmau;;;-0.596119;43.650751
40119_1258_00462;462;;Enclos de Mirval;40700;40119;Hagetmau;;;-0.593482;43.649273
40119_0385_00370;370;;Rue Carnot;40700;40119;Hagetmau;;;-0.591875;43.656849
40119_0768_00024;24;;Rue Jean Moulin;40700;40119;Hagetmau;;;-0.606159;43.647683
40119_1500_01214;1214;;Chemin de Peyruc;40700;40119;Hagetmau;;;-0.575905;43.6617
40119_a090_00022;22;;Lotissement Jeandemay;40700;40119;Hagetmau;;;-0.600951;43.645982
40119_0817_00782;782;;Route de Labastide;40700;40119;Hagetmau;;;-0.599525;43.641719
40119_1572_00065;65;;Rue Potagère;40700;40119;Hagetmau;;;-0.591867;43.655119
40119_1272_01265;1265;;Route de Monségur;40700;40119;Hagetmau;;;-0.590528;43.642076
40119_1655_00017;17;;Rue des Pyrenees;40700;40119;Hagetmau;;;-0.586547;43.653688
40119_yshwad_00001;1;;Lotissement de la Sabliere;40700;40119;Hagetmau;;;-0.588216;43.659613
40119_1736_00024;24;;Rue du Soleil d’Or;40700;40119;Hagetmau;;;-0.585875;43.653794
40119_a089_00069;69;;lotissement jouanin;40700;40119;Hagetmau;;;-0.602846;43.647656
40119_0768_00016;16;;Rue Jean Moulin;40700;40119;Hagetmau;;;-0.605674;43.647882
40119_a035_00002;2;;Lotissement Busqueton;40700;40119;Hagetmau;;;-0.600788;43.650854
40119_0615_00056;56;;Avenue du General Gillot;40700;40119;Hagetmau;;;-0.603315;43.663302
40119_a088_00019;19;;Lotissement Le Hameau du Louts;40700;40119;Hagetmau;;;-0.602501;43.653197
40119_0654_00063;63;;Place Gramont;40700;40119;Hagetmau;;;-0.592852;43.657679
40119_0400_00630;630;;Chemin de Castelnau;40700;40119;Hagetmau;;;-0.582292;43.65602
40119_1692_00138;138;;Avenue Robert Ducournau;40700;40119;Hagetmau;;;-0.597538;43.651684
40119_0543_00142;142;;Av du Docteur Edouard Castera;40700;40119;Hagetmau;;;-0.592531;43.652945
40119_1736_00034;34;;Rue du Soleil d’Or;40700;40119;Hagetmau;;;-0.585177;43.653445
40119_0495_00067;67;;Avenue Corisande;40700;40119;Hagetmau;;;-0.592261;43.659103
40119_0171_00060;60;;Rue du Béarn;40700;40119;Hagetmau;;;-0.584337;43.652422
40119_a035_00018;18;;Lotissement Busqueton;40700;40119;Hagetmau;;;-0.602728;43.651401
40119_a099_00020;20;;Lotissement Moundette;40700;40119;Hagetmau;;;-0.59495;43.659885
40119_75cw8h_00055;55;;Rue Francis Maisonnave;40700;40119;Hagetmau;;;-0.605192;43.649428
40119_1410_00762;762;;Chemin de Peliot;40700;40119;Hagetmau;;;-0.565929;43.649848
40119_alblxc_00483;483;;Prince;40700;40119;Hagetmau;;;-0.617237;43.635809
40119_0598_00245;245;;Avenue de la Gare;40700;40119;Hagetmau;;;-0.58821;43.65835
40119_0140_00006;6;;Chemin de Barbe;40700;40119;Hagetmau;;;-0.614634;43.649072
40119_0750_00197;197;;Chemin de Jeanchicot;40700;40119;Hagetmau;;;-0.608414;43.645895
40119_1258_00185;185;;Enclos de Mirval;40700;40119;Hagetmau;;;-0.595999;43.650793
40119_1400_00473;473;;Chemin de Pehoun;40700;40119;Hagetmau;;;-0.578238;43.668221
40119_a091_00032;32;;Lotissement Lissandre;40700;40119;Hagetmau;;;-0.591332;43.663585
40119_a125_00005;5;;Lotissement Venise;40700;40119;Hagetmau;;;-0.599181;43.653654
40119_1410_00607;607;;Chemin de Peliot;40700;40119;Hagetmau;;;-0.564196;43.650204
40119_a089_00031;31;;lotissement jouanin;40700;40119;Hagetmau;;;-0.603726;43.644814
40119_1510_00062;62;;Chemin de Pierroulot;40700;40119;Hagetmau;;;-0.565311;43.655339
40119_0385_00406;406;;Rue Carnot;40700;40119;Hagetmau;;;-0.591766;43.657139
40119_a020_00017;17;;Lotissement Bidounat;40700;40119;Hagetmau;;;-0.605201;43.664741
40119_1270_00268;268;;Chemin de Molia;40700;40119;Hagetmau;;;-0.579002;43.656572
40119_0385_00030;30;;Rue Carnot;40700;40119;Hagetmau;;;-0.593495;43.65408
40119_1718_01667;1667;;Route de Samadet;40700;40119;Hagetmau;;;-0.562501;43.653999
40119_1172_00326;326;;Avenue du Maréchal Leclerc;40700;40119;Hagetmau;;;-0.596069;43.654309
40119_1098_00659;659;;Chemin des Loussets;40700;40119;Hagetmau;;;-0.588895;43.647973
40119_1098_00712;712;;Chemin des Loussets;40700;40119;Hagetmau;;;-0.588899;43.647452
40119_1490_00526;526;;Chemin de Peyroulet;40700;40119;Hagetmau;;;-0.61783;43.647537
40119_0120_01149;1149;;Chemin de Balette;40700;40119;Hagetmau;;;-0.577958;43.648639
40119_gzoptp_00392;392;;Dournan;40700;40119;Hagetmau;;;-0.602395;43.631613
40119_a088_00151;151;;Lotissement Le Hameau du Louts;40700;40119;Hagetmau;;;-0.60393;43.653124
40119_a093_00011;11;;Lotissement Laouilhé;40700;40119;Hagetmau;;;-0.605729;43.667804
40119_a125_00032;32;;Lotissement Venise;40700;40119;Hagetmau;;;-0.599059;43.652721
40119_1040_00567;567;;Chemin Larrigade;40700;40119;Hagetmau;;;-0.607201;43.664296
40119_0710_00291;291;;Chemin de Higueres;40700;40119;Hagetmau;;;-0.613105;43.642721
40119_a091_00019;19;;Lotissement Lissandre;40700;40119;Hagetmau;;;-0.592188;43.663857
40119_1630_01746;1746;;Chemin de Prentigarde;40700;40119;Hagetmau;;;-0.554743;43.646557
40119_1440_00112;112;;Chemin de Pentecôte;40700;40119;Hagetmau;;;-0.569847;43.654597
40119_1878_00092;92;;Rue Victor Hugo;40700;40119;Hagetmau;;;-0.591733;43.655544
40119_1080_00873;873;;Chemin de la Ligne;40700;40119;Hagetmau;;;-0.575807;43.650519
40119_1320_00071;71;;Chemin de Mourères;40700;40119;Hagetmau;;;-0.578892;43.652236
40119_1272_01341;1341;;Route de Monségur;40700;40119;Hagetmau;;;-0.589722;43.641732
40119_0495_00252;252;;Avenue Corisande;40700;40119;Hagetmau;;;-0.594337;43.659544
40119_0750_00130;130;;Chemin de Jeanchicot;40700;40119;Hagetmau;;;-0.60739;43.646513
40119_1864_00090;90;;Avenue du Tursan;40700;40119;Hagetmau;;;-0.587585;43.657267
40119_0830_00395;395;;Chemin de Labraouste;40700;40119;Hagetmau;;;-0.567701;43.651667
40119_0742_00135_bis;135;bis;Rue des Jardins;40700;40119;Hagetmau;;;-0.595379;43.655351
40119_1715_00288;288;;Rue Saint - Girons;40700;40119;Hagetmau;;;-0.597483;43.657426
40119_1655_00028;28;;Rue des Pyrenees;40700;40119;Hagetmau;;;-0.584849;43.652935
40119_a026_00078;78;;Lotissement le Bois de Bidalon;40700;40119;Hagetmau;;;-0.598878;43.65876
40119_1655_00015;15;;Rue des Pyrenees;40700;40119;Hagetmau;;;-0.586569;43.653757
40119_1098_01316;1316;;Chemin des Loussets;40700;40119;Hagetmau;;;-0.587237;43.642934
40119_1715_00636;636;;Rue Saint - Girons;40700;40119;Hagetmau;;;-0.601114;43.658936
40119_0200_00120;120;;Rue de Bel-horizon;40700;40119;Hagetmau;;;-0.587792;43.654936
40119_1530_00095;95;;Chemin de Pinot;40700;40119;Hagetmau;;;-0.590293;43.664815
40119_1366_00084;84;;Place Pascal Duprat;40700;40119;Hagetmau;;;-0.593973;43.654101
40119_0490_00194;194;;Chemin de Claron;40700;40119;Hagetmau;;;-0.574802;43.657593
40119_0385_00014;14;;Rue Carnot;40700;40119;Hagetmau;;;-0.593616;43.653994
40119_0496_00043;43;;Impasse Corisande;40700;40119;Hagetmau;;;-0.594057;43.659044
40119_0872_00447;447;;Route de Lacrabe;40700;40119;Hagetmau;;;-0.589896;43.637615
40119_1272_00588;588;;Route de Monségur;40700;40119;Hagetmau;;;-0.595751;43.646807
40119_1655_00021;21;;Rue des Pyrenees;40700;40119;Hagetmau;;;-0.586475;43.653565
40119_0680_00063;63;;Chemin de Guichot;40700;40119;Hagetmau;;;-0.601341;43.634646
40119_a041_00009;9;;Lotissement Capet Bignaou;40700;40119;Hagetmau;;;-0.604675;43.662016
40119_0940_00508;508;;Chemin de Lamarque;40700;40119;Hagetmau;;;-0.564761;43.647698
40119_1740_00383;383;;Chemin du Sourt;40700;40119;Hagetmau;;;-0.607691;43.639469
40119_75cw8h_00047;47;;Rue Francis Maisonnave;40700;40119;Hagetmau;;;-0.604079;43.648749
40119_1366_00013;13;;Place Pascal Duprat;40700;40119;Hagetmau;;;-0.593688;43.654516
40119_0710_00322;322;;Chemin de Higueres;40700;40119;Hagetmau;;;-0.613312;43.643048
40119_pynnli_00470;470;;Route de Guichot;40700;40119;Hagetmau;;;-0.596597;43.634804
40119_1272_00028;28;;Route de Monségur;40700;40119;Hagetmau;;;-0.594938;43.645542
40119_a089_00042;42;;lotissement jouanin;40700;40119;Hagetmau;;;-0.602633;43.646423
40119_1272_00455;455;;Route de Monségur;40700;40119;Hagetmau;;;-0.596431;43.647613
40119_0582_00037;37;;Rue Francis Maysonnave;40700;40119;Hagetmau;;;-0.605367;43.6489
40119_1834_00341;341;;Avenue du Trace;40700;40119;Hagetmau;;;-0.604159;43.647619
40119_1338_00419;419;;Route D'Orthez;40700;40119;Hagetmau;;;-0.609671;43.641014
40119_0s3n6t_00664;664;;Route de Nayet;40700;40119;Hagetmau;;;-0.611167;43.65858
40119_1740_00471;471;;Chemin du Sourt;40700;40119;Hagetmau;;;-0.609635;43.642073
40119_a089_00005;5;;lotissement jouanin;40700;40119;Hagetmau;;;-0.604347;43.645832
40119_0830_00355;355;;Chemin de Labraouste;40700;40119;Hagetmau;;;-0.567217;43.651771
40119_a035_00006;6;;Lotissement Busqueton;40700;40119;Hagetmau;;;-0.600555;43.65133
40119_0545_00065;65;;Rue du Docteur Larquier;40700;40119;Hagetmau;;;-0.593748;43.655493
40119_1736_00074;74;;Rue du Soleil d’Or;40700;40119;Hagetmau;;;-0.585678;43.653676
40119_a089_00036;36;;lotissement jouanin;40700;40119;Hagetmau;;;-0.603433;43.645392
40119_1782_00050;50;;Rue Thiers;40700;40119;Hagetmau;;;-0.595247;43.65265
40119_1782_00016;16;;Rue Thiers;40700;40119;Hagetmau;;;-0.59543;43.652541
40119_1272_01915;1915;;Route de Monségur;40700;40119;Hagetmau;;;-0.584097;43.638527
40119_75cw8h_00059;59;;Rue Francis Maisonnave;40700;40119;Hagetmau;;;-0.605421;43.650078
40119_0598_00746;746;;Avenue de la Gare;40700;40119;Hagetmau;;;-0.582934;43.657763
40119_1272_01585;1585;;Route de Monségur;40700;40119;Hagetmau;;;-0.586854;43.64066
40119_75cw8h_00035;35;;Rue Francis Maisonnave;40700;40119;Hagetmau;;;-0.604518;43.648742
40119_0543_00107;107;;Av du Docteur Edouard Castera;40700;40119;Hagetmau;;;-0.592719;43.653239
40119_yshwad_00018;18;;Lotissement de la Sabliere;40700;40119;Hagetmau;;;-0.588401;43.660359
40119_a035_00004;4;;Lotissement Busqueton;40700;40119;Hagetmau;;;-0.600693;43.651082
40119_0708_00701;701;;Avenue Henri Castelnau;40700;40119;Hagetmau;;;-0.586313;43.673474
40119_oq4drz_00104;104;;Rue de la Hétraie;40700;40119;Hagetmau;;;-0.608578;43.643741
40119_1020_00384;384;;Chemin de Larode;40700;40119;Hagetmau;;;-0.597163;43.658335
40119_qrpezc_01644;1644;;Molia;40700;40119;Hagetmau;;;-0.582227;43.655881
40119_a094_00040;40;;Lotissement de Loustaou;40700;40119;Hagetmau;;;-0.595618;43.657856
40119_1250_00011;11;;Chemin de Mirefleur;40700;40119;Hagetmau;;;-0.561504;43.658421
40119_0582_00057;57;;Rue Francis Maysonnave;40700;40119;Hagetmau;;;-0.606123;43.649557
40119_1540_00395;395;;Rue de Piquette;40700;40119;Hagetmau;;;-0.600041;43.655141
40119_0495_00280;280;;Avenue Corisande;40700;40119;Hagetmau;;;-0.594638;43.659584
40119_0385_00199;199;;Rue Carnot;40700;40119;Hagetmau;;;-0.592572;43.655336
40119_1655_00036;36;;Rue des Pyrenees;40700;40119;Hagetmau;;;-0.583851;43.65337
40119_1500_00519;519;;Chemin de Peyruc;40700;40119;Hagetmau;;;-0.583076;43.665168
40119_1718_00145_b;145;b;Route de Samadet;40700;40119;Hagetmau;;;-0.580575;43.656816
40119_0260_00003;3;;Chemin de Bidalon;40700;40119;Hagetmau;;;-0.600448;43.659561
40119_0510_00154;154;;Chemin de Coupes;40700;40119;Hagetmau;;;-0.597637;43.643352
40119_0212_00027;27;;Route de Bellevue;40700;40119;Hagetmau;;;-0.59125;43.65915
40119_1864_00439;439;;Avenue du Tursan;40700;40119;Hagetmau;;;-0.583291;43.657017
40119_1338_00001;1;;Route D'Orthez;40700;40119;Hagetmau;;;-0.610774;43.639743
40119_0171_00141;141;;Rue du Béarn;40700;40119;Hagetmau;;;-0.583768;43.651803
40119_yshwad_00025;25;;Lotissement de la Sabliere;40700;40119;Hagetmau;;;-0.588387;43.659891
40119_1040_00204;204;;Chemin Larrigade;40700;40119;Hagetmau;;;-0.604332;43.661671
40119_1258_00152;152;;Enclos de Mirval;40700;40119;Hagetmau;;;-0.595803;43.651141
40119_1334_00011;11;;Rond Point de l’Ocean;40700;40119;Hagetmau;;;-0.598757;43.66414
40119_0742_00045;45;;Rue des Jardins;40700;40119;Hagetmau;;;-0.59465;43.654777
40119_1655_00020;20;;Rue des Pyrenees;40700;40119;Hagetmau;;;-0.586006;43.653087
40119_1878_00132;132;;Rue Victor Hugo;40700;40119;Hagetmau;;;-0.591451;43.655916
40119_1276_00145;145;;Rue du Mont Saint-jean;40700;40119;Hagetmau;;;-0.588664;43.65589
40119_1098_00061;61;;Chemin des Loussets;40700;40119;Hagetmau;;;-0.592237;43.652262
40119_a088_00190;190;;Lotissement Le Hameau du Louts;40700;40119;Hagetmau;;;-0.604582;43.653322
40119_1322_01441;1441;;Chemin de Nayet;40700;40119;Hagetmau;;;-0.620312;43.659289
40119_0708_01161;1161;;Avenue Henri Castelnau;40700;40119;Hagetmau;;;-0.586243;43.67368
40119_0120_01341;1341;;Chemin de Balette;40700;40119;Hagetmau;;;-0.575636;43.648457
40119_0720_00055;55;;Chemin de Hirot;40700;40119;Hagetmau;;;-0.560231;43.66206
40119_0656_00102;102;;Rue Gramont;40700;40119;Hagetmau;;;-0.59322;43.657058
40119_0990_00174;174;;Chemin de Laouilleroun;40700;40119;Hagetmau;;;-0.576057;43.652021
40119_0212_00715;715;;Route de Bellevue;40700;40119;Hagetmau;;;-0.589193;43.665189
40119_1274_00044;44;;Place Montmartre;40700;40119;Hagetmau;;;-0.590861;43.658377
40119_1276_00324;324;;Rue du Mont Saint-jean;40700;40119;Hagetmau;;;-0.589811;43.654879
40119_0330_00434;434;;Chemin de Caillabet;40700;40119;Hagetmau;;;-0.608939;43.661563
40119_0817_00610;610;;Route de Labastide;40700;40119;Hagetmau;;;-0.598881;43.643225
40119_0598_00096;96;;Avenue de la Gare;40700;40119;Hagetmau;;;-0.590137;43.658558
40119_a125_00034;34;;Lotissement Venise;40700;40119;Hagetmau;;;-0.599673;43.652924
40119_0180_00057;57;;Chemin de Beaupré;40700;40119;Hagetmau;;;-0.567038;43.651393
40119_a093_00005;5;;Lotissement Laouilhé;40700;40119;Hagetmau;;;-0.60676;43.666951
40119_1655_00013;13;;Rue des Pyrenees;40700;40119;Hagetmau;;;-0.586599;43.653807
40119_1834_00099;99;;Avenue du Trace;40700;40119;Hagetmau;;;-0.602387;43.649453
40119_1864_00207;207;;Avenue du Tursan;40700;40119;Hagetmau;;;-0.58633;43.657262
40119_0490_00055;55;;Chemin de Claron;40700;40119;Hagetmau;;;-0.560467;43.661723
40119_0430_00300;300;;Route de Cazalis;40700;40119;Hagetmau;;;-0.62042;43.638409
40119_1333_00063;63;;Rue Nugent;40700;40119;Hagetmau;;;-0.594929;43.654647
40119_0305_00554;554;;Chemin de Busquet;40700;40119;Hagetmau;;;-0.585524;43.66125
40119_0120_01224;1224;;Chemin de Balette;40700;40119;Hagetmau;;;-0.576748;43.648686
40119_1020_00550;550;;Chemin de Larode;40700;40119;Hagetmau;;;-0.598728;43.658486
40119_a034_00052;52;;Hameau de Busquet;40700;40119;Hagetmau;;;-0.586464;43.660829
40119_0742_00189;189;;Rue des Jardins;40700;40119;Hagetmau;;;-0.595336;43.655941
40119_1710_00050;50;;Rue de la Sabliere;40700;40119;Hagetmau;;;-0.587934;43.658743
40119_0588_00010;10;;Rue Gambetta;40700;40119;Hagetmau;;;-0.592659;43.655318
40119_1715_00130;130;;Rue Saint - Girons;40700;40119;Hagetmau;;;-0.595672;43.657064
40119_1500_00525;525;;Chemin de Peyruc;40700;40119;Hagetmau;;;-0.58326;43.665343
40119_a125_00065;65;;Lotissement Venise;40700;40119;Hagetmau;;;-0.60023;43.652572
40119_0656_00164;164;;Rue Gramont;40700;40119;Hagetmau;;;-0.5925;43.657225
40119_0495_00681;681;;Avenue Corisande;40700;40119;Hagetmau;;;-0.599772;43.660188
40119_0970_00560;560;;Chemin de Lannemas;40700;40119;Hagetmau;;;-0.626101;43.650523
40119_1368_00010;10;;Rue Pascal Duprat;40700;40119;Hagetmau;;;-0.594095;43.654893
40119_oq4drz_00118;118;;Rue de la Hétraie;40700;40119;Hagetmau;;;-0.608524;43.643805
40119_1718_00966;966;;Route de Samadet;40700;40119;Hagetmau;;;-0.568365;43.655218
40119_a093_00023;23;;Lotissement Laouilhé;40700;40119;Hagetmau;;;-0.604871;43.667977
40119_a034_00196;196;;Hameau de Busquet;40700;40119;Hagetmau;;;-0.586324;43.659888
40119_a093_00008;8;;Lotissement Laouilhé;40700;40119;Hagetmau;;;-0.606338;43.667481
40119_0817_01744;1744;;Route de Labastide;40700;40119;Hagetmau;;;-0.602553;43.633183
40119_1500_01606_a;1606;a;Chemin de Peyruc;40700;40119;Hagetmau;;;-0.57389;43.659373
40119_0430_00333;333;;Route de Cazalis;40700;40119;Hagetmau;;;-0.620505;43.638307
40119_a026_00001_a;1;a;Lotissement le Bois de Bidalon;40700;40119;Hagetmau;;;-0.599126;43.658509
40119_1279_00177;177;;Rue du Moulin;40700;40119;Hagetmau;;;-0.595449;43.653394
40119_1692_00344;344;;Avenue Robert Ducournau;40700;40119;Hagetmau;;;-0.599825;43.650836
40119_0371_00060;60;;Chemin de Cambaha Est;40700;40119;Hagetmau;;;-0.560144;43.651583
40119_0084_00079;79;;Rue d'Albret;40700;40119;Hagetmau;;;-0.593805;43.655076
40119_0210_00078;78;;Chemin de Bellegarde;40700;40119;Hagetmau;;;-0.614322;43.639449
40119_0830_00041;41;;Chemin de Labraouste;40700;40119;Hagetmau;;;-0.565782;43.6545
40119_0385_00388;388;;Rue Carnot;40700;40119;Hagetmau;;;-0.591823;43.657018
40119_1500_00386;386;;Chemin de Peyruc;40700;40119;Hagetmau;;;-0.584478;43.666009
40119_1080_00879;879;;Chemin de la Ligne;40700;40119;Hagetmau;;;-0.575723;43.650307
40119_1333_00027;27;;Rue Nugent;40700;40119;Hagetmau;;;-0.594528;43.654449
40119_0656_00037;37;;Rue Gramont;40700;40119;Hagetmau;;;-0.593863;43.656731
40119_1710_00297;297;;Rue de la Sabliere;40700;40119;Hagetmau;;;-0.58773;43.660874
40119_oq4drz_00035;35;;Rue de la Hétraie;40700;40119;Hagetmau;;;-0.608571;43.64415
40119_1322_01950;1950;;Chemin de Nayet;40700;40119;Hagetmau;;;-0.617564;43.662638
40119_0615_00215;215;;Avenue du General Gillot;40700;40119;Hagetmau;;;-0.602303;43.662096
40119_a020_00031;31;;Lotissement Bidounat;40700;40119;Hagetmau;;;-0.606032;43.663648
40119_oq4drz_00092;92;;Rue de la Hétraie;40700;40119;Hagetmau;;;-0.608909;43.643797
40119_0385_00531;531;;Rue Carnot;40700;40119;Hagetmau;;;-0.591548;43.658234
40119_0817_01302;1302;;Route de Labastide;40700;40119;Hagetmau;;;-0.601359;43.637307
40119_a020_00015;15;;Lotissement Bidounat;40700;40119;Hagetmau;;;-0.605102;43.6645
40119_0385_00069;69;;Rue Carnot;40700;40119;Hagetmau;;;-0.593268;43.65444
40119_a035_00022;22;;Lotissement Busqueton;40700;40119;Hagetmau;;;-0.60257;43.65134
40119_1322_02383;2383;;Chemin de Nayet;40700;40119;Hagetmau;;;-0.623881;43.665026
40119_1715_00383;383;;Rue Saint - Girons;40700;40119;Hagetmau;;;-0.598663;43.657577
40119_0370_00019;19;;Chemin de Camhaba;40700;40119;Hagetmau;;;-0.566042;43.651353
40119_0495_00892_a;892;a;Avenue Corisande;40700;40119;Hagetmau;;;-0.602094;43.660613
40119_0275_00102;102;;Rue de la Bigorre;40700;40119;Hagetmau;;;-0.585258;43.652374
40119_0250_00033;33;;Chemin de Betloc;40700;40119;Hagetmau;;;-0.599546;43.66062
40119_fy34c2_00038_bis;38;bis;Chemin de Rey Lalanne;40700;40119;Hagetmau;;;-0.609464;43.642217
40119_1692_00230;230;;Avenue Robert Ducournau;40700;40119;Hagetmau;;;-0.598507;43.651321
40119_1715_00613;613;;Rue Saint - Girons;40700;40119;Hagetmau;;;-0.600972;43.65879
40119_a035_00024;24;;Lotissement Busqueton;40700;40119;Hagetmau;;;-0.60191;43.651205
40119_1655_00032;32;;Rue des Pyrenees;40700;40119;Hagetmau;;;-0.58412;43.653073
40119_1300_00374;374;;Chemin de Moundette;40700;40119;Hagetmau;;;-0.592441;43.665918
40119_a035_00028;28;;Lotissement Busqueton;40700;40119;Hagetmau;;;-0.601944;43.65042
40119_0200_00567;567;;Rue de Bel-horizon;40700;40119;Hagetmau;;;-0.582817;43.655748
40119_0305_00006;6;;Chemin de Busquet;40700;40119;Hagetmau;;;-0.59007;43.658788
40119_1098_00325;325;;Chemin des Loussets;40700;40119;Hagetmau;;;-0.591665;43.650322
40119_0545_00005;5;;Rue du Docteur Larquier;40700;40119;Hagetmau;;;-0.59437;43.65521
40119_0430_00038;38;;Route de Cazalis;40700;40119;Hagetmau;;;-0.617081;43.639186
40119_0830_00375;375;;Chemin de Labraouste;40700;40119;Hagetmau;;;-0.567622;43.651828
40119_1110_00176;176;;Rue des Loussets;40700;40119;Hagetmau;;;-0.593513;43.65188
40119_0084_00159;159;;Rue d'Albret;40700;40119;Hagetmau;;;-0.594353;43.655685
40119_0710_00596;596;;Chemin de Higueres;40700;40119;Hagetmau;;;-0.617238;43.643556
40119_0543_00095;95;;Av du Docteur Edouard Castera;40700;40119;Hagetmau;;;-0.592829;43.653313
40119_1279_00222;222;;Rue du Moulin;40700;40119;Hagetmau;;;-0.595989;43.653131
40119_0s3n6t_01441;1441;;Route de Nayet;40700;40119;Hagetmau;;;-0.620316;43.659288
40119_a091_00008;8;;Lotissement Lissandre;40700;40119;Hagetmau;;;-0.591241;43.664243
40119_0708_00370;370;;Avenue Henri Castelnau;40700;40119;Hagetmau;;;-0.587174;43.670624
40119_yshwad_00027;27;;Lotissement de la Sabliere;40700;40119;Hagetmau;;;-0.588138;43.659881
40119_0582_00032;32;;Rue Francis Maysonnave;40700;40119;Hagetmau;;;-0.604024;43.648676
40119_0210_00096;96;;Chemin de Bellegarde;40700;40119;Hagetmau;;;-0.612757;43.641393
40119_1172_00315;315;;Avenue du Maréchal Leclerc;40700;40119;Hagetmau;;;-0.595991;43.654452
40119_pynnli_00141;141;;Route de Guichot;40700;40119;Hagetmau;;;-0.600537;43.634827
40119_1368_00018;18;;Rue Pascal Duprat;40700;40119;Hagetmau;;;-0.593533;43.654455
40119_1715_00127;127;;Rue Saint - Girons;40700;40119;Hagetmau;;;-0.595578;43.656999
40119_a125_00054;54;;Lotissement Venise;40700;40119;Hagetmau;;;-0.598567;43.652022
40119_0572_00123;123;;Impasse des Fabriques;40700;40119;Hagetmau;;;-0.613378;43.63951
40119_a089_00050;50;;lotissement jouanin;40700;40119;Hagetmau;;;-0.604395;43.645716
40119_1692_00186;186;;Avenue Robert Ducournau;40700;40119;Hagetmau;;;-0.597974;43.651511
40119_0598_00076;76;;Avenue de la Gare;40700;40119;Hagetmau;;;-0.590267;43.658561
40119_1630_00193;193;;Chemin de Prentigarde;40700;40119;Hagetmau;;;-0.555219;43.651122
40119_0656_00051;51;;Rue Gramont;40700;40119;Hagetmau;;;-0.593764;43.656797
40119_0385_00048;48;;Rue Carnot;40700;40119;Hagetmau;;;-0.593333;43.654221
40119_a089_00041;41;;lotissement jouanin;40700;40119;Hagetmau;;;-0.602372;43.646308
40119_1782_00120;120;;Rue Thiers;40700;40119;Hagetmau;;;-0.594599;43.65309
40119_0385_00104;104;;Rue Carnot;40700;40119;Hagetmau;;;-0.592873;43.654574
40119_0543_00060;60;;Av du Docteur Edouard Castera;40700;40119;Hagetmau;;;-0.593365;43.653364
40119_0543_00106;106;;Av du Docteur Edouard Castera;40700;40119;Hagetmau;;;-0.592854;43.653146
40119_0084_00068;68;;Rue d'Albret;40700;40119;Hagetmau;;;-0.593645;43.65503
40119_0120_00145;145;;Chemin de Balette;40700;40119;Hagetmau;;;-0.58865;43.652532
40119_1325_00322;322;;Chemin de Nice;40700;40119;Hagetmau;;;-0.597375;43.64329
40119_0130_00204;204;;Chemin de Balous;40700;40119;Hagetmau;;;-0.599938;43.662316
40119_1864_00070;70;;Avenue du Tursan;40700;40119;Hagetmau;;;-0.587965;43.656454
40119_0212_00380;380;;Route de Bellevue;40700;40119;Hagetmau;;;-0.589943;43.662227
40119_a034_00197;197;;Hameau de Busquet;40700;40119;Hagetmau;;;-0.586315;43.660013
40119_a041_00018;18;;Lotissement Capet Bignaou;40700;40119;Hagetmau;;;-0.604992;43.662575
40119_1368_00047;47;;Rue Pascal Duprat;40700;40119;Hagetmau;;;-0.594409;43.655108
40119_a026_00132;132;;Lotissement le Bois de Bidalon;40700;40119;Hagetmau;;;-0.59825;43.658984
40119_1540_00050;50;;Rue de Piquette;40700;40119;Hagetmau;;;-0.596375;43.653331
40119_0817_00050;50;;Route de Labastide;40700;40119;Hagetmau;;;-0.597875;43.648148
40119_0100_00004;4;;Porte d'Aquitaine;40700;40119;Hagetmau;;;-0.585299;43.654038
40119_1675_00006;6;;Place de la Republique;40700;40119;Hagetmau;;;-0.593335;43.655409
40119_a034_00085;85;;Hameau de Busquet;40700;40119;Hagetmau;;;-0.586302;43.660511
40119_1140_00041_b;41;b;Passage Louvigny;40700;40119;Hagetmau;;;-0.592522;43.654453
40119_0510_00436;436;;Chemin de Coupes;40700;40119;Hagetmau;;;-0.59691;43.641515
40119_a041_00012;12;;Lotissement Capet Bignaou;40700;40119;Hagetmau;;;-0.604499;43.662806
40119_1736_00026;26;;Rue du Soleil d’Or;40700;40119;Hagetmau;;;-0.585836;43.653738
40119_0588_00060;60;;Rue Gambetta;40700;40119;Hagetmau;;;-0.593155;43.655693
40119_0588_00058;58;;Rue Gambetta;40700;40119;Hagetmau;;;-0.593093;43.655656
40119_0120_00421;421;;Chemin de Balette;40700;40119;Hagetmau;;;-0.585535;43.651234
40119_1128_00140;140;;Rue de Loustaou;40700;40119;Hagetmau;;;-0.594332;43.658866
40119_1300_00156;156;;Chemin de Moundette;40700;40119;Hagetmau;;;-0.592944;43.663744
40119_0250_00598;598;;Chemin de Betloc;40700;40119;Hagetmau;;;-0.595525;43.664199
40119_yshwad_00002;2;;Lotissement de la Sabliere;40700;40119;Hagetmau;;;-0.588385;43.659616
40119_0598_00104;104;;Avenue de la Gare;40700;40119;Hagetmau;;;-0.590055;43.658338
40119_1080_00939;939;;Chemin de la Ligne;40700;40119;Hagetmau;;;-0.575419;43.649888
40119_1715_00153;153;;Rue Saint - Girons;40700;40119;Hagetmau;;;-0.595912;43.657015
40119_a091_00001;1;;Lotissement Lissandre;40700;40119;Hagetmau;;;-0.590949;43.664705
40119_0305_01057;1057;;Chemin de Busquet;40700;40119;Hagetmau;;;-0.58133;43.663632
40119_a017_00136;136;;Lotissement Bégué;40700;40119;Hagetmau;;;-0.591045;43.663091
40119_1732_00002;2;;Chemin de Sinai;40700;40119;Hagetmau;;;-0.602984;43.644775
40119_0543_00070;70;;Av du Docteur Edouard Castera;40700;40119;Hagetmau;;;-0.593198;43.653369
40119_a099_00004;4;;Lotissement Moundette;40700;40119;Hagetmau;;;-0.594928;43.661555
40119_1410_00418;418;;Chemin de Peliot;40700;40119;Hagetmau;;;-0.561964;43.650272
40119_a020_00025;25;;Lotissement Bidounat;40700;40119;Hagetmau;;;-0.605155;43.663921
40119_0490_01187;1187;;Chemin de Claron;40700;40119;Hagetmau;;;-0.564634;43.661168
40119_1030_00629;629;;Chemin de Larraoucq;40700;40119;Hagetmau;;;-0.594924;43.632142
40119_0817_00251;251;;Route de Labastide;40700;40119;Hagetmau;;;-0.597455;43.646364
40119_0543_00080;80;;Av du Docteur Edouard Castera;40700;40119;Hagetmau;;;-0.593113;43.653316
40119_1773_00025;25;;Rue des Tanneries;40700;40119;Hagetmau;;;-0.594283;43.653865
40119_0270_00130;130;;Chemin de Bieilh;40700;40119;Hagetmau;;;-0.613442;43.644115
40119_1272_00610;610;;Route de Monségur;40700;40119;Hagetmau;;;-0.5955;43.646552
40119_0598_00594;594;;Avenue de la Gare;40700;40119;Hagetmau;;;-0.584228;43.658839
40119_1692_00292;292;;Avenue Robert Ducournau;40700;40119;Hagetmau;;;-0.59923;43.65106
40119_0s3n6t_01856;1856;;Route de Nayet;40700;40119;Hagetmau;;;-0.617603;43.660982
40119_1075_00025;25;;Place de la Liberte;40700;40119;Hagetmau;;;-0.593995;43.655847
40119_1610_00009;9;;Chemin du Pouy;40700;40119;Hagetmau;;;-0.608772;43.64606
40119_a125_00014;14;;Lotissement Venise;40700;40119;Hagetmau;;;-0.601075;43.654012
40119_a089_00015;15;;lotissement jouanin;40700;40119;Hagetmau;;;-0.603716;43.646619
40119_0495_00329;329;;Avenue Corisande;40700;40119;Hagetmau;;;-0.595425;43.659563
40119_75cw8h_00064;64;;Rue Francis Maisonnave;40700;40119;Hagetmau;;;-0.604353;43.649436
40119_aoo5p3_00051;51;;Rue des Tisserands;40700;40119;Hagetmau;;;-0.611471;43.639507
40119_1368_00059;59;;Rue Pascal Duprat;40700;40119;Hagetmau;;;-0.594482;43.655165
40119_1718_00074;74;;Route de Samadet;40700;40119;Hagetmau;;;-0.581447;43.656697
40119_0654_00051;51;;Place Gramont;40700;40119;Hagetmau;;;-0.592677;43.657586
40119_a121_00050;50;;Lotissement Trace;40700;40119;Hagetmau;;;-0.603418;43.649191
40119_yshwad_00019;19;;Lotissement de la Sabliere;40700;40119;Hagetmau;;;-0.588305;43.660366
40119_1715_00059;59;;Rue Saint - Girons;40700;40119;Hagetmau;;;-0.596244;43.656393
40119_0310_00071;71;;Chemin de Busqueton;40700;40119;Hagetmau;;;-0.6037;43.649868
40119_1715_00322;322;;Rue Saint - Girons;40700;40119;Hagetmau;;;-0.597978;43.657514
40119_1172_00255;255;;Avenue du Maréchal Leclerc;40700;40119;Hagetmau;;;-0.59601;43.654957
40119_1368_00145;145;;Rue Pascal Duprat;40700;40119;Hagetmau;;;-0.594764;43.655907
40119_yshwad_00026;26;;Lotissement de la Sabliere;40700;40119;Hagetmau;;;-0.588304;43.659875
40119_1834_00115;115;;Avenue du Trace;40700;40119;Hagetmau;;;-0.602548;43.649271
40119_0385_00550;550;;Rue Carnot;40700;40119;Hagetmau;;;-0.591326;43.658378
40119_75cw8h_00045;45;;Rue Francis Maisonnave;40700;40119;Hagetmau;;;-0.604812;43.648851
40119_0656_00167;167;;Rue Gramont;40700;40119;Hagetmau;;;-0.592459;43.657309
40119_0310_00515;515;;Chemin de Busqueton;40700;40119;Hagetmau;;;-0.607642;43.649654
40119_ry00ps_00073;73;;Impasse des Menuisiers;40700;40119;Hagetmau;;;-0.612997;43.637886
40119_0200_00606;606;;Rue de Bel-horizon;40700;40119;Hagetmau;;;-0.582227;43.655881
40119_1736_00003;3;;Rue du Soleil d’Or;40700;40119;Hagetmau;;;-0.585355;43.65415
40119_1279_00039;39;;Rue du Moulin;40700;40119;Hagetmau;;;-0.594292;43.654268
40119_1272_00007;7;;Route de Monségur;40700;40119;Hagetmau;;;-0.598341;43.651195
40119_a091_00034;34;;Lotissement Lissandre;40700;40119;Hagetmau;;;-0.591603;43.663554
40119_0450_00011;11;;Chemin de Chardine;40700;40119;Hagetmau;;;-0.566786;43.651095
40119_2cujop_00020;20;;Rue des Chênes;40700;40119;Hagetmau;;;-0.60795;43.644369
40119_1500_00314;314;;Chemin de Peyruc;40700;40119;Hagetmau;;;-0.585412;43.666616
40119_1655_00014;14;;Rue des Pyrenees;40700;40119;Hagetmau;;;-0.586945;43.653539
40119_0817_00698;698;;Route de Labastide;40700;40119;Hagetmau;;;-0.599198;43.642307
40119_0385_00140;140;;Rue Carnot;40700;40119;Hagetmau;;;-0.592591;43.65485
40119_a020_00023;23;;Lotissement Bidounat;40700;40119;Hagetmau;;;-0.605724;43.663917
40119_a041_00002;2;;Lotissement Capet Bignaou;40700;40119;Hagetmau;;;-0.603362;43.661903
40119_0385_00141_bis;141;bis;Rue Carnot;40700;40119;Hagetmau;;;-0.5928;43.654943
40119_0750_00758;758;;Chemin de Jeanchicot;40700;40119;Hagetmau;;;-0.610056;43.64936
40119_75cw8h_00037;37;;Rue Francis Maisonnave;40700;40119;Hagetmau;;;-0.605369;43.6489
40119_0400_00648;648;;Chemin de Castelnau;40700;40119;Hagetmau;;;-0.582206;43.656357
40119_1272_01464;1464;;Route de Monségur;40700;40119;Hagetmau;;;-0.588223;43.641157
40119_1410_00685;685;;Chemin de Peliot;40700;40119;Hagetmau;;;-0.564987;43.650001
40119_1773_00024;24;;Rue des Tanneries;40700;40119;Hagetmau;;;-0.594283;43.653833
40119_75cw8h_00358;358;;Rue Francis Maisonnave;40700;40119;Hagetmau;;;-0.604799;43.648665
40119_0400_00055;55;;Chemin de Castelnau;40700;40119;Hagetmau;;;-0.582447;43.65469
40119_0543_00045;45;;Av du Docteur Edouard Castera;40700;40119;Hagetmau;;;-0.592974;43.65342
40119_a093_00002;2;;Lotissement Laouilhé;40700;40119;Hagetmau;;;-0.606809;43.666531
40119_0770_00096;96;;Chemin de Jeanpedat;40700;40119;Hagetmau;;;-0.583118;43.640168
40119_0385_00387;387;;Rue Carnot;40700;40119;Hagetmau;;;-0.591978;43.657007
40119_a089_00049;49;;lotissement jouanin;40700;40119;Hagetmau;;;-0.604229;43.645357
40119_0541_00686;686;;Route de Doazit;40700;40119;Hagetmau;;;-0.610192;43.668421
40119_a034_00096;96;;Hameau de Busquet;40700;40119;Hagetmau;;;-0.586489;43.66042
40119_1715_00041;41;;Rue Saint - Girons;40700;40119;Hagetmau;;;-0.594701;43.656594
40119_0543_00084;84;;Av du Docteur Edouard Castera;40700;40119;Hagetmau;;;-0.59307;43.65329
40119_0543_00105;105;;Av du Docteur Edouard Castera;40700;40119;Hagetmau;;;-0.592695;43.653241
40119_1333_00017;17;;Rue Nugent;40700;40119;Hagetmau;;;-0.594398;43.654537
40119_1098_01300;1300;;Chemin des Loussets;40700;40119;Hagetmau;;;-0.58646;43.643013
40119_yshwad_00007;7;;Lotissement de la Sabliere;40700;40119;Hagetmau;;;-0.589044;43.659684
40119_0656_00154;154;;Rue Gramont;40700;40119;Hagetmau;;;-0.592613;43.65716
40119_0s3n6t_02342;2342;;Route de Nayet;40700;40119;Hagetmau;;;-0.621093;43.666772
40119_1782_00018;18;;Rue Thiers;40700;40119;Hagetmau;;;-0.595275;43.652364
40119_1715_00147;147;;Rue Saint - Girons;40700;40119;Hagetmau;;;-0.595789;43.656989
40119_0490_00991;991;;Chemin de Claron;40700;40119;Hagetmau;;;-0.566031;43.660446
40119_1715_00643;643;;Rue Saint - Girons;40700;40119;Hagetmau;;;-0.601043;43.658833
40119_1368_00028;28;;Rue Pascal Duprat;40700;40119;Hagetmau;;;-0.594241;43.655005
40119_0250_00777;777;;Chemin de Betloc;40700;40119;Hagetmau;;;-0.594556;43.665761
40119_0130_00180;180;;Chemin de Balous;40700;40119;Hagetmau;;;-0.599153;43.662493
40119_1718_01049;1049;;Route de Samadet;40700;40119;Hagetmau;;;-0.569622;43.655701
40119_1736_00038;38;;Rue du Soleil d’Or;40700;40119;Hagetmau;;;-0.584695;43.653693
40119_0275_00072;72;;Rue de la Bigorre;40700;40119;Hagetmau;;;-0.58483;43.652148
40119_0543_00144;144;;Av du Docteur Edouard Castera;40700;40119;Hagetmau;;;-0.592388;43.652957
40119_a034_00102;102;;Hameau de Busquet;40700;40119;Hagetmau;;;-0.586509;43.660353
40119_0768_00011;11;;Rue Jean Moulin;40700;40119;Hagetmau;;;-0.606549;43.646457
40119_0212_00294;294;;Route de Bellevue;40700;40119;Hagetmau;;;-0.589594;43.661354
40119_1148_00059;59;;Avenue Lubet Barbon;40700;40119;Hagetmau;;;-0.588148;43.657826
40119_0200_00245;245;;Rue de Bel-horizon;40700;40119;Hagetmau;;;-0.586055;43.655169
40119_1736_00045;45;;Rue du Soleil d’Or;40700;40119;Hagetmau;;;-0.584708;43.653881
40119_1878_00243;243;;Rue Victor Hugo;40700;40119;Hagetmau;;;-0.590729;43.656737
40119_1368_00071;71;;Rue Pascal Duprat;40700;40119;Hagetmau;;;-0.594626;43.655247
40119_1258_00155;155;;Enclos de Mirval;40700;40119;Hagetmau;;;-0.595778;43.650979
40119_0385_00130;130;;Rue Carnot;40700;40119;Hagetmau;;;-0.592639;43.654789
40119_a041_00007;7;;Lotissement Capet Bignaou;40700;40119;Hagetmau;;;-0.603166;43.661681
40119_0212_00467;467;;Route de Bellevue;40700;40119;Hagetmau;;;-0.590017;43.663067
40119_1782_00104;104;;Rue Thiers;40700;40119;Hagetmau;;;-0.59475;43.652985
40119_1272_00259;259;;Route de Monségur;40700;40119;Hagetmau;;;-0.597656;43.648641
40119_1713_00304;304;;Route de Saint Cricq Chalosse;40700;40119;Hagetmau;;;-0.622046;43.64373
40119_a093_00046;46;;Lotissement Laouilhé;40700;40119;Hagetmau;;;-0.605148;43.667655
40119_0656_00033;33;;Rue Gramont;40700;40119;Hagetmau;;;-0.593921;43.656691
40119_0120_01524;1524;;Chemin de Balette;40700;40119;Hagetmau;;;-0.573804;43.648065
40119_1098_01190;1190;;Chemin des Loussets;40700;40119;Hagetmau;;;-0.586735;43.643509
40119_1272_01093;1093;;Route de Monségur;40700;40119;Hagetmau;;;-0.591876;43.642947
40119_1250_00203;203;;Chemin de Mirefleur;40700;40119;Hagetmau;;;-0.559375;43.657316
40119_0616_00263;263;;Avenue Georges Pompidou;40700;40119;Hagetmau;;;-0.595143;43.657317
40119_75cw8h_00062;62;;Rue Francis Maisonnave;40700;40119;Hagetmau;;;-0.604901;43.649476
40119_0385_00245;245;;Rue Carnot;40700;40119;Hagetmau;;;-0.5924;43.655817
40119_a089_00008;8;;lotissement jouanin;40700;40119;Hagetmau;;;-0.604222;43.646316
40119_r8go61_00140;140;;Passage des Entrepreneurs;40700;40119;Hagetmau;;;-0.613653;43.636452
40119_0495_00559;559;;Avenue Corisande;40700;40119;Hagetmau;;;-0.598041;43.659961
40119_a090_00002;2;;Lotissement Jeandemay;40700;40119;Hagetmau;;;-0.603066;43.644725
40119_0171_00160;160;;Rue du Béarn;40700;40119;Hagetmau;;;-0.5838;43.651618
40119_1736_00008;8;;Rue du Soleil d’Or;40700;40119;Hagetmau;;;-0.586191;43.654297
40119_1270_00282;282;;Chemin de Molia;40700;40119;Hagetmau;;;-0.580832;43.657566
40119_1272_00319_a;319;a;Route de Monségur;40700;40119;Hagetmau;;;-0.597773;43.648764
40119_1530_00068;68;;Chemin de Pinot;40700;40119;Hagetmau;;;-0.590201;43.665018
40119_a091_00016;16;;Lotissement Lissandre;40700;40119;Hagetmau;;;-0.592033;43.664105
40119_1366_00064;64;;Place Pascal Duprat;40700;40119;Hagetmau;;;-0.593904;43.654227
40119_1500_01732;1732;;Chemin de Peyruc;40700;40119;Hagetmau;;;-0.572219;43.65961
40119_1276_00531;531;;Rue du Mont Saint-jean;40700;40119;Hagetmau;;;-0.589314;43.656029
40119_0305_00070;70;;Chemin de Busquet;40700;40119;Hagetmau;;;-0.589541;43.659383
40119_0385_00571;571;;Rue Carnot;40700;40119;Hagetmau;;;-0.591448;43.658599
40119_0465_00011;11;;Rue du Chene Vert;40700;40119;Hagetmau;;;-0.59465;43.656892
40119_a089_00030;30;;lotissement jouanin;40700;40119;Hagetmau;;;-0.603332;43.645248
40119_1862_00016;16;;Allée de Turre;40700;40119;Hagetmau;;;-0.591414;43.657519
40119_0120_00507;507;;Chemin de Balette;40700;40119;Hagetmau;;;-0.584725;43.65102
40119_1500_00730;730;;Chemin de Peyruc;40700;40119;Hagetmau;;;-0.580649;43.66407
40119_1878_00386;386;;Rue Victor Hugo;40700;40119;Hagetmau;;;-0.589075;43.657213
40119_75cw8h_00043;43;;Rue Francis Maisonnave;40700;40119;Hagetmau;;;-0.605468;43.648989
40119_0212_00739;739;;Route de Bellevue;40700;40119;Hagetmau;;;-0.590033;43.665591
40119_1718_00133;133;;Route de Samadet;40700;40119;Hagetmau;;;-0.580865;43.656738
40119_0656_00069;69;;Rue Gramont;40700;40119;Hagetmau;;;-0.593594;43.656906
40119_1715_00410;410;;Rue Saint - Girons;40700;40119;Hagetmau;;;-0.598714;43.657675
40119_0120_00255;255;;Chemin de Balette;40700;40119;Hagetmau;;;-0.587321;43.652393
40119_1710_00073;73;;Rue de la Sabliere;40700;40119;Hagetmau;;;-0.587944;43.658986
40119_1172_00033;33;;Avenue du Maréchal Leclerc;40700;40119;Hagetmau;;;-0.595562;43.656631
40119_38k95f_00026;26;;Rue des Platanes;40700;40119;Hagetmau;;;-0.607747;43.645042
40119_0598_00221;221;;Avenue de la Gare;40700;40119;Hagetmau;;;-0.588491;43.658402
40119_1080_00117;117;;Chemin de la Ligne;40700;40119;Hagetmau;;;-0.58135;43.655772
40119_1110_00006;6;;Rue des Loussets;40700;40119;Hagetmau;;;-0.594197;43.65326
40119_a041_00013;13;;Lotissement Capet Bignaou;40700;40119;Hagetmau;;;-0.604336;43.662878
40119_1782_00203;203;;Rue Thiers;40700;40119;Hagetmau;;;-0.594037;43.653714
40119_0545_00028;28;;Rue du Docteur Larquier;40700;40119;Hagetmau;;;-0.594058;43.655237
40119_a035_00080;80;;Lotissement Busqueton;40700;40119;Hagetmau;;;-0.603047;43.65137
40119_1530_00066;66;;Chemin de Pinot;40700;40119;Hagetmau;;;-0.590104;43.665122
40119_0200_00095;95;;Rue de Bel-horizon;40700;40119;Hagetmau;;;-0.587845;43.655005
40119_0710_00563;563;;Chemin de Higueres;40700;40119;Hagetmau;;;-0.616908;43.643106
40119_1333_00113;113;;Rue Nugent;40700;40119;Hagetmau;;;-0.595372;43.654947
40119_0120_01472;1472;;Chemin de Balette;40700;40119;Hagetmau;;;-0.574231;43.648152
40119_a099_00003;3;;Lotissement Moundette;40700;40119;Hagetmau;;;-0.594463;43.661268
40119_0310_00386;386;;Chemin de Busqueton;40700;40119;Hagetmau;;;-0.606203;43.649865
40119_a125_00025;25;;Lotissement Venise;40700;40119;Hagetmau;;;-0.599735;43.653019
40119_a093_00018;18;;Lotissement Laouilhé;40700;40119;Hagetmau;;;-0.606661;43.666983
40119_0400_00003;3;;Chemin de Castelnau;40700;40119;Hagetmau;;;-0.582666;43.655098
40119_1834_00557;557;;Avenue du Trace;40700;40119;Hagetmau;;;-0.605605;43.646175
40119_1540_00024;24;;Rue de Piquette;40700;40119;Hagetmau;;;-0.602118;43.656787
40119_0385_00498;498;;Rue Carnot;40700;40119;Hagetmau;;;-0.591508;43.657872
40119_0120_01376;1376;;Chemin de Balette;40700;40119;Hagetmau;;;-0.575247;43.648328
40119_1333_00212;212;;Rue Nugent;40700;40119;Hagetmau;;;-0.595431;43.655868
40119_0120_00657;657;;Chemin de Balette;40700;40119;Hagetmau;;;-0.583084;43.650473
40119_1366_00048;48;;Place Pascal Duprat;40700;40119;Hagetmau;;;-0.593783;43.654346
40119_1368_00003;3;;Rue Pascal Duprat;40700;40119;Hagetmau;;;-0.594158;43.654815
40119_0582_00047;47;;Rue Francis Maysonnave;40700;40119;Hagetmau;;;-0.604078;43.648751
40119_0768_00019;19;;Rue Jean Moulin;40700;40119;Hagetmau;;;-0.606557;43.647119
40119_0250_00285;285;;Chemin de Betloc;40700;40119;Hagetmau;;;-0.598352;43.66274
40119_1322_00664;664;;Chemin de Nayet;40700;40119;Hagetmau;;;-0.611165;43.65858
40119_1715_00220;220;;Rue Saint - Girons;40700;40119;Hagetmau;;;-0.596789;43.65736
40119_0240_00111;111;;Chemin de Bethleem;40700;40119;Hagetmau;;;-0.60861;43.663476
40119_0541_00870;870;;Route de Doazit;40700;40119;Hagetmau;;;-0.611962;43.669481
40119_1715_00137;137;;Rue Saint - Girons;40700;40119;Hagetmau;;;-0.595676;43.65703
40119_1272_00261;261;;Route de Monségur;40700;40119;Hagetmau;;;-0.598328;43.649316
40119_1878_00217;217;;Rue Victor Hugo;40700;40119;Hagetmau;;;-0.590961;43.65659
40119_1210_00165;165;;Chemin de Melet;40700;40119;Hagetmau;;;-0.601231;43.657615
40119_1736_00011;11;;Rue du Soleil d’Or;40700;40119;Hagetmau;;;-0.58622;43.654358
40119_0212_00005;5;;Route de Bellevue;40700;40119;Hagetmau;;;-0.591304;43.659002
40119_a041_00008;8;;Lotissement Capet Bignaou;40700;40119;Hagetmau;;;-0.603219;43.661802
40119_0742_00291;291;;Rue des Jardins;40700;40119;Hagetmau;;;-0.59519;43.656721
40119_1272_00178;178;;Route de Monségur;40700;40119;Hagetmau;;;-0.599545;43.648722
40119_1300_00147;147;;Chemin de Moundette;40700;40119;Hagetmau;;;-0.592884;43.663831
40119_a089_00001;1;;lotissement jouanin;40700;40119;Hagetmau;;;-0.605269;43.646301
40119_0541_00525;525;;Route de Doazit;40700;40119;Hagetmau;;;-0.608789;43.66726
40119_0495_00789;789;;Avenue Corisande;40700;40119;Hagetmau;;;-0.601223;43.660341
40119_0742_00084;84;;Rue des Jardins;40700;40119;Hagetmau;;;-0.594994;43.655056
40119_1540_00098;98;;Rue de Piquette;40700;40119;Hagetmau;;;-0.602115;43.656785
40119_0310_00468;468;;Chemin de Busqueton;40700;40119;Hagetmau;;;-0.607105;43.649626
40119_a091_00007;7;;Lotissement Lissandre;40700;40119;Hagetmau;;;-0.590778;43.664355
40119_1272_00506;506;;Route de Monségur;40700;40119;Hagetmau;;;-0.596258;43.64733
40119_0385_00358;358;;Rue Carnot;40700;40119;Hagetmau;;;-0.59192;43.656742
40119_1240_00208;208;;Chemin de Mirecastet;40700;40119;Hagetmau;;;-0.579844;43.650059
40119_0541_00632;632;;Route de Doazit;40700;40119;Hagetmau;;;-0.609739;43.668104
40119_0250_00136;136;;Chemin de Betloc;40700;40119;Hagetmau;;;-0.598532;43.661444
40119_1530_00210;210;;Chemin de Pinot;40700;40119;Hagetmau;;;-0.591885;43.665165
40119_1279_00025;25;;Rue du Moulin;40700;40119;Hagetmau;;;-0.59421;43.654407
40119_1098_01424;1424;;Chemin des Loussets;40700;40119;Hagetmau;;;-0.587732;43.642152
40119_75cw8h_00038;38;;Rue Francis Maisonnave;40700;40119;Hagetmau;;;-0.605606;43.649009
40119_0s3n6t_01866;1866;;Route de Nayet;40700;40119;Hagetmau;;;-0.621207;43.663128
40119_0200_00326;326;;Rue de Bel-horizon;40700;40119;Hagetmau;;;-0.585195;43.655201
40119_0490_00132;132;;Chemin de Claron;40700;40119;Hagetmau;;;-0.575318;43.657254
40119_1322_01239;1239;;Chemin de Nayet;40700;40119;Hagetmau;;;-0.617787;43.658427
40119_0541_00636;636;;Route de Doazit;40700;40119;Hagetmau;;;-0.609418;43.668504
40119_0817_00584;584;;Route de Labastide;40700;40119;Hagetmau;;;-0.598834;43.643324
40119_0656_00194;194;;Rue Gramont;40700;40119;Hagetmau;;;-0.592167;43.657285
40119_0455_00120;120;;Chemin du Chateau d’Ages;40700;40119;Hagetmau;;;-0.579588;43.636508
40119_a125_00061;61;;Lotissement Venise;40700;40119;Hagetmau;;;-0.599744;43.652
40119_a035_00005;5;;Lotissement Busqueton;40700;40119;Hagetmau;;;-0.600465;43.651301
40119_1736_00035;35;;Rue du Soleil d’Or;40700;40119;Hagetmau;;;-0.584847;43.653541
40119_a035_00015;15;;Lotissement Busqueton;40700;40119;Hagetmau;;;-0.601957;43.651324
40119_1740_00419;419;;Chemin du Sourt;40700;40119;Hagetmau;;;-0.607261;43.638782
40119_1878_00252;252;;Rue Victor Hugo;40700;40119;Hagetmau;;;-0.590518;43.656714
40119_y18h79_00223;223;;Mirefleur;40700;40119;Hagetmau;;;-0.559392;43.658081
40119_1278_00030;30;;Place du Moulin;40700;40119;Hagetmau;;;-0.593914;43.654729
40119_2cujop_00076;76;;Rue des Chênes;40700;40119;Hagetmau;;;-0.608558;43.644593
40119_0180_00019;19;;Chemin de Beaupré;40700;40119;Hagetmau;;;-0.566432;43.651291
40119_0180_00544;544;;Chemin de Beaupré;40700;40119;Hagetmau;;;-0.572955;43.648787
40119_a125_00042;42;;Lotissement Venise;40700;40119;Hagetmau;;;-0.601958;43.652904
40119_1864_00275;275;;Avenue du Tursan;40700;40119;Hagetmau;;;-0.58537;43.657176
40119_0495_00319;319;;Avenue Corisande;40700;40119;Hagetmau;;;-0.595205;43.659553
40119_1368_00077;77;;Rue Pascal Duprat;40700;40119;Hagetmau;;;-0.594679;43.655306
40119_1368_00063;63;;Rue Pascal Duprat;40700;40119;Hagetmau;;;-0.594535;43.655196
40119_a125_00044;44;;Lotissement Venise;40700;40119;Hagetmau;;;-0.601407;43.652845
40119_1718_00482;482;;Route de Samadet;40700;40119;Hagetmau;;;-0.576377;43.656258
40119_0588_00052;52;;Rue Gambetta;40700;40119;Hagetmau;;;-0.593047;43.655623
40119_yshwad_00015;15;;Lotissement de la Sabliere;40700;40119;Hagetmau;;;-0.588758;43.660153
40119_a089_00033;33;;lotissement jouanin;40700;40119;Hagetmau;;;-0.604085;43.644957
40119_1718_00014;14;;Route de Samadet;40700;40119;Hagetmau;;;-0.569325;43.655519
40119_a094_00140;140;;Lotissement de Loustaou;40700;40119;Hagetmau;;;-0.595936;43.657723
40119_0615_00319;319;;Avenue du General Gillot;40700;40119;Hagetmau;;;-0.602462;43.661001
40119_1368_00043;43;;Rue Pascal Duprat;40700;40119;Hagetmau;;;-0.594498;43.65491
40119_0275_00145;145;;Rue de la Bigorre;40700;40119;Hagetmau;;;-0.585664;43.652421
40119_fy34c2_00038;38;;Chemin de Rey Lalanne;40700;40119;Hagetmau;;;-0.609223;43.642275
40119_0810_00124;124;;Chemin de Junca;40700;40119;Hagetmau;;;-0.59282;43.642074
40119_1110_00178;178;;Rue des Loussets;40700;40119;Hagetmau;;;-0.593421;43.651876
40119_1258_00030;30;;Enclos de Mirval;40700;40119;Hagetmau;;;-0.595995;43.651783
40119_a035_00069;69;;Lotissement Busqueton;40700;40119;Hagetmau;;;-0.603768;43.649691
40119_1692_00121;121;;Avenue Robert Ducournau;40700;40119;Hagetmau;;;-0.597092;43.651747
40119_a091_00017;17;;Lotissement Lissandre;40700;40119;Hagetmau;;;-0.589888;43.663796
40119_a125_00070;70;;Lotissement Venise;40700;40119;Hagetmau;;;-0.6018;43.652842
40119_1876_00005;5;;Rue de la Venerie;40700;40119;Hagetmau;;;-0.593042;43.656877
40119_1279_00027;27;;Rue du Moulin;40700;40119;Hagetmau;;;-0.594242;43.654369
40119_w3wuqz_00011;11;;Zone Artisanale de l’Ocean;40700;40119;Hagetmau;;;-0.598578;43.664107
40119_75cw8h_00051;51;;Rue Francis Maisonnave;40700;40119;Hagetmau;;;-0.603801;43.649168
40119_0522_00210;210;;Chemin de Dartiguelongue;40700;40119;Hagetmau;;;-0.563131;43.653128
40119_0700_00112;112;;Chemin de Guironcet;40700;40119;Hagetmau;;;-0.583438;43.654448
40119_pynnli_00717;717;;Route de Guichot;40700;40119;Hagetmau;;;-0.596759;43.637168
40119_a034_00225;225;;Hameau de Busquet;40700;40119;Hagetmau;;;-0.585931;43.660015
40119_75cw8h_00061;61;;Rue Francis Maisonnave;40700;40119;Hagetmau;;;-0.60518;43.649496
40119_1098_01378;1378;;Chemin des Loussets;40700;40119;Hagetmau;;;-0.587658;43.642652
40119_1272_00010;10;;Route de Monségur;40700;40119;Hagetmau;;;-0.598479;43.650644
40119_1710_00094;94;;Rue de la Sabliere;40700;40119;Hagetmau;;;-0.587546;43.658991
40119_a035_00027;27;;Lotissement Busqueton;40700;40119;Hagetmau;;;-0.601807;43.650554
40119_0710_00635;635;;Chemin de Higueres;40700;40119;Hagetmau;;;-0.617818;43.643217
40119_a094_00084;84;;Lotissement de Loustaou;40700;40119;Hagetmau;;;-0.596096;43.65795
40119_0282_00015;15;;Place du Bois;40700;40119;Hagetmau;;;-0.595371;43.65613
40119_a088_00106;106;;Lotissement Le Hameau du Louts;40700;40119;Hagetmau;;;-0.603328;43.653289
40119_1710_00118;118;;Rue de la Sabliere;40700;40119;Hagetmau;;;-0.587788;43.659227
40119_1790_00030;30;;chemin de thomas;40700;40119;Hagetmau;;;-0.556124;43.652063
40119_0541_00571;571;;Route de Doazit;40700;40119;Hagetmau;;;-0.609314;43.66764
40119_0656_00123;123;;Rue Gramont;40700;40119;Hagetmau;;;-0.592991;43.657199
40119_a034_00074;74;;Hameau de Busquet;40700;40119;Hagetmau;;;-0.586466;43.660619
40119_0598_00413;413;;Avenue de la Gare;40700;40119;Hagetmau;;;-0.586032;43.658865
40119_1718_00501;501;;Route de Samadet;40700;40119;Hagetmau;;;-0.576323;43.656327
40119_1580_00016;16;;Chemin de Pouga;40700;40119;Hagetmau;;;-0.61576;43.635538
40119_a089_00054;54;;lotissement jouanin;40700;40119;Hagetmau;;;-0.605056;43.645385
40119_1272_01669;1669;;Route de Monségur;40700;40119;Hagetmau;;;-0.585646;43.640422
40119_1782_00123;123;;Rue Thiers;40700;40119;Hagetmau;;;-0.594697;43.653099
40119_1572_00057;57;;Rue Potagère;40700;40119;Hagetmau;;;-0.592016;43.654997
40119_1322_00732;732;;Chemin de Nayet;40700;40119;Hagetmau;;;-0.612493;43.658395
40119_1270_00008;8;;Chemin de Molia;40700;40119;Hagetmau;;;-0.581814;43.656897
40119_0768_00018;18;;Rue Jean Moulin;40700;40119;Hagetmau;;;-0.60638;43.64735
40119_0084_00030;30;;Rue d'Albret;40700;40119;Hagetmau;;;-0.593315;43.654836
40119_1715_00265;265;;Rue Saint - Girons;40700;40119;Hagetmau;;;-0.597216;43.657319
40119_gz9686_00217;217;;Petouya;40700;40119;Hagetmau;;;-0.574547;43.660143
40119_1020_00302;302;;Chemin de Larode;40700;40119;Hagetmau;;;-0.598687;43.658494
40119_1876_00114;114;;Rue de la Venerie;40700;40119;Hagetmau;;;-0.592932;43.656874
40119_a093_00019;19;;Lotissement Laouilhé;40700;40119;Hagetmau;;;-0.60649;43.667196
40119_0454_00038;38;;Avenue Charles Domercq;40700;40119;Hagetmau;;;-0.592709;43.654217
40119_a093_00056;56;;Lotissement Laouilhé;40700;40119;Hagetmau;;;-0.605389;43.666839
40119_1279_00163;163;;Rue du Moulin;40700;40119;Hagetmau;;;-0.595311;43.653469
40119_1718_01531;1531;;Route de Samadet;40700;40119;Hagetmau;;;-0.56398;43.654381
40119_i9tq37_00399;399;;Larroude;40700;40119;Hagetmau;;;-0.595206;43.636735
40119_0543_00134;134;;Av du Docteur Edouard Castera;40700;40119;Hagetmau;;;-0.592588;43.652978
40119_38k95f_00001;1;;Rue des Platanes;40700;40119;Hagetmau;;;-0.607481;43.644849
40119_0495_00613;613;;Avenue Corisande;40700;40119;Hagetmau;;;-0.598794;43.659898
40119_1258_00270;270;;Enclos de Mirval;40700;40119;Hagetmau;;;-0.595304;43.651057
40119_0588_00022;22;;Rue Gambetta;40700;40119;Hagetmau;;;-0.592813;43.655445
40119_1258_00458;458;;Enclos de Mirval;40700;40119;Hagetmau;;;-0.594193;43.649864
40119_a034_00019;19;;Hameau de Busquet;40700;40119;Hagetmau;;;-0.586255;43.661092
40119_a125_00019;19;;Lotissement Venise;40700;40119;Hagetmau;;;-0.601353;43.653464
40119_0980_00630;630;;Chemin de Laouilhe;40700;40119;Hagetmau;;;-0.561509;43.659062
40119_1278_00004;4;;Place du Moulin;40700;40119;Hagetmau;;;-0.593971;43.654838
40119_75cw8h_00033;33;;Rue Francis Maisonnave;40700;40119;Hagetmau;;;-0.604239;43.64871
40119_a125_00063;63;;Lotissement Venise;40700;40119;Hagetmau;;;-0.599662;43.65239
40119_0543_00118;118;;Av du Docteur Edouard Castera;40700;40119;Hagetmau;;;-0.592765;43.653093
40119_0130_00186;186;;Chemin de Balous;40700;40119;Hagetmau;;;-0.599769;43.662196
40119_0270_00126;126;;Chemin de Bieilh;40700;40119;Hagetmau;;;-0.613468;43.64408
40119_a020_00007;7;;Lotissement Bidounat;40700;40119;Hagetmau;;;-0.604952;43.66381
40119_1782_00210;210;;Rue Thiers;40700;40119;Hagetmau;;;-0.593899;43.653673
40119_1230_00170;170;;Impasse du Midi;40700;40119;Hagetmau;;;-0.589905;43.65366
40119_0580_00257;257;;Chemin de Fouim;40700;40119;Hagetmau;;;-0.595246;43.642546
40119_g87lrr_00147;147;;Rue de la ZI de Bellegarde;40700;40119;Hagetmau;;;-0.617227;43.642009
40119_1692_00074;74;;Avenue Robert Ducournau;40700;40119;Hagetmau;;;-0.596788;43.651946
40119_0742_00311;311;;Rue des Jardins;40700;40119;Hagetmau;;;-0.595272;43.656887
40119_1090_01999;1999;;Chemin de Lissandre;40700;40119;Hagetmau;;;-0.607786;43.668327
40119_a020_00009;9;;Lotissement Bidounat;40700;40119;Hagetmau;;;-0.60444;43.663854
40119_0385_00141;141;;Rue Carnot;40700;40119;Hagetmau;;;-0.592746;43.654925
40119_1560_00228;228;;Chemin de la Platane;40700;40119;Hagetmau;;;-0.571011;43.651539
40119_0582_00055;55;;Rue Francis Maysonnave;40700;40119;Hagetmau;;;-0.60519;43.64943
40119_1834_00573;573;;Avenue du Trace;40700;40119;Hagetmau;;;-0.605779;43.645941
40119_0452_00035;35;;Place Charles de Gaulle;40700;40119;Hagetmau;;;-0.591577;43.656671
40119_0385_00060;60;;Rue Carnot;40700;40119;Hagetmau;;;-0.593244;43.654289
40119_0495_00236;236;;Avenue Corisande;40700;40119;Hagetmau;;;-0.594057;43.659816
40119_1655_00006;6;;Rue des Pyrenees;40700;40119;Hagetmau;;;-0.586921;43.653827
40119_a035_00075;75;;Lotissement Busqueton;40700;40119;Hagetmau;;;-0.603047;43.65137
40119_0210_00614;614;;Chemin de Bellegarde;40700;40119;Hagetmau;;;-0.615974;43.640169
40119_0510_00491;491;;Chemin de Coupes;40700;40119;Hagetmau;;;-0.595134;43.640921
40119_a089_00059;59;;lotissement jouanin;40700;40119;Hagetmau;;;-0.602605;43.646991
40119_a020_00016;16;;Lotissement Bidounat;40700;40119;Hagetmau;;;-0.605089;43.664676
40119_1098_00839;839;;Chemin des Loussets;40700;40119;Hagetmau;;;-0.587941;43.646718
40119_1090_02047;2047;;Chemin de Lissandre;40700;40119;Hagetmau;;;-0.608129;43.668451
40119_0380_00035;35;;Chemin de Capdeville;40700;40119;Hagetmau;;;-0.603236;43.662317
40119_0098_00008;8;;Rue Saint Exupery;40700;40119;Hagetmau;;;-0.607022;43.646306
40119_1692_00242;242;;Avenue Robert Ducournau;40700;40119;Hagetmau;;;-0.598676;43.651257
40119_0370_00011;11;;Chemin de Camhaba;40700;40119;Hagetmau;;;-0.566022;43.651628
40119_1274_00004;4;;Place Montmartre;40700;40119;Hagetmau;;;-0.591104;43.658405
40119_0654_00067;67;;Place Gramont;40700;40119;Hagetmau;;;-0.592931;43.657698
40119_0615_00275;275;;Avenue du General Gillot;40700;40119;Hagetmau;;;-0.602498;43.6614
40119_1500_00413;413;;Chemin de Peyruc;40700;40119;Hagetmau;;;-0.58436;43.666017
40119_1715_00260;260;;Rue Saint - Girons;40700;40119;Hagetmau;;;-0.597022;43.657368
40119_49p5py_00194;194;;Moscou;40700;40119;Hagetmau;;;-0.577435;43.657685
40119_0370_00060;60;;Chemin de Camhaba;40700;40119;Hagetmau;;;-0.560575;43.651451
40119_0120_01124;1124;;Chemin de Balette;40700;40119;Hagetmau;;;-0.578378;43.648611
40119_0541_00573;573;;Route de Doazit;40700;40119;Hagetmau;;;-0.609557;43.667494
40119_0680_00796;796;;Chemin de Guichot;40700;40119;Hagetmau;;;-0.594743;43.636727
40119_a089_00043;43;;lotissement jouanin;40700;40119;Hagetmau;;;-0.603049;43.646484
40119_a090_00019;19;;Lotissement Jeandemay;40700;40119;Hagetmau;;;-0.602028;43.644573
40119_1290_00027;27;;Chemin du Moulin de Saint-girons;40700;40119;Hagetmau;;;-0.602325;43.657457
40119_0suwok_00055;55;;Impasse des Pins;40700;40119;Hagetmau;;;-0.600322;43.664784
40119_0084_00207;207;;Rue d'Albret;40700;40119;Hagetmau;;;-0.594469;43.655944
40119_0465_00010;10;;Rue du Chene Vert;40700;40119;Hagetmau;;;-0.59464;43.65686
40119_1030_00388;388;;Chemin de Larraoucq;40700;40119;Hagetmau;;;-0.592696;43.631749
40119_1715_00562;562;;Rue Saint - Girons;40700;40119;Hagetmau;;;-0.600326;43.658514
40119_1278_00029;29;;Place du Moulin;40700;40119;Hagetmau;;;-0.594055;43.654614
40119_n4g419_00090;90;;Rue des Chaisiers;40700;40119;Hagetmau;;;-0.613079;43.636897
40119_0768_00022;22;;Rue Jean Moulin;40700;40119;Hagetmau;;;-0.606568;43.647251
40119_0200_00026;26;;Rue de Bel-horizon;40700;40119;Hagetmau;;;-0.588952;43.654878
40119_0742_00292;292;;Rue des Jardins;40700;40119;Hagetmau;;;-0.595054;43.656747
40119_0385_00416;416;;Rue Carnot;40700;40119;Hagetmau;;;-0.591717;43.657245
40119_0708_00134;134;;Avenue Henri Castelnau;40700;40119;Hagetmau;;;-0.587903;43.667527
40119_0180_00272;272;;Chemin de Beaupré;40700;40119;Hagetmau;;;-0.57075;43.651173
40119_0300_00252;252;;Chemin de Bordenave;40700;40119;Hagetmau;;;-0.622809;43.647602
40119_1272_00533;533;;Route de Monségur;40700;40119;Hagetmau;;;-0.595977;43.647148
40119_0543_00098;98;;Av du Docteur Edouard Castera;40700;40119;Hagetmau;;;-0.592421;43.652974
40119_1720_00306;306;;Chemin de Saourine;40700;40119;Hagetmau;;;-0.588579;43.639163
40119_1834_00223;223;;Avenue du Trace;40700;40119;Hagetmau;;;-0.603097;43.648444
40119_0305_01073;1073;;Chemin de Busquet;40700;40119;Hagetmau;;;-0.581391;43.663589
40119_1710_00249;249;;Rue de la Sabliere;40700;40119;Hagetmau;;;-0.587889;43.660522
40119_1272_01485;1485;;Route de Monségur;40700;40119;Hagetmau;;;-0.5879;43.641111
40119_1098_01361;1361;;Chemin des Loussets;40700;40119;Hagetmau;;;-0.586514;43.642059
40119_0385_00472;472;;Rue Carnot;40700;40119;Hagetmau;;;-0.591549;43.657699
40119_0465_00056;56;;Rue du Chene Vert;40700;40119;Hagetmau;;;-0.594251;43.657152
40119_0430_01772;1772;;Route de Cazalis;40700;40119;Hagetmau;;;-0.619135;43.639649
40119_1333_00037;37;;Rue Nugent;40700;40119;Hagetmau;;;-0.594642;43.654566
40119_1240_00269;269;;Chemin de Mirecastet;40700;40119;Hagetmau;;;-0.578411;43.64933
40119_1270_00422;422;;Chemin de Molia;40700;40119;Hagetmau;;;-0.57895;43.656525
40119_0510_00231;231;;Chemin de Coupes;40700;40119;Hagetmau;;;-0.596741;43.64271
40119_1864_00060;60;;Avenue du Tursan;40700;40119;Hagetmau;;;-0.588113;43.656286
40119_0541_00456;456;;Route de Doazit;40700;40119;Hagetmau;;;-0.608101;43.667061
40119_0750_00201;201;;Chemin de Jeanchicot;40700;40119;Hagetmau;;;-0.608289;43.646407
40119_0543_00085;85;;Av du Docteur Edouard Castera;40700;40119;Hagetmau;;;-0.592955;43.653396
40119_0372_00060;60;;chemin de camhaba est;40700;40119;Hagetmau;;;-0.560414;43.651453
40119_1338_00216;216;;Route D'Orthez;40700;40119;Hagetmau;;;-0.607689;43.644196
40119_1098_01115;1115;;Chemin des Loussets;40700;40119;Hagetmau;;;-0.586929;43.644182
40119_a125_00003;3;;Lotissement Venise;40700;40119;Hagetmau;;;-0.598647;43.653261
40119_0450_00019;19;;Chemin de Chardine;40700;40119;Hagetmau;;;-0.566786;43.651095
40119_1834_00293;293;;Avenue du Trace;40700;40119;Hagetmau;;;-0.60379;43.647975
40119_a026_00007;7;;Lotissement le Bois de Bidalon;40700;40119;Hagetmau;;;-0.599092;43.658877
40119_1490_00915;915;;Chemin de Peyroulet;40700;40119;Hagetmau;;;-0.61384;43.649468
40119_0817_00312;312;;Route de Labastide;40700;40119;Hagetmau;;;-0.59843;43.645452
40119_1020_00100;100;;Chemin de Larode;40700;40119;Hagetmau;;;-0.596563;43.659327
40119_0305_00941;941;;Chemin de Busquet;40700;40119;Hagetmau;;;-0.582275;43.663227
40119_a020_00020;20;;Lotissement Bidounat;40700;40119;Hagetmau;;;-0.605525;43.664304
40119_a125_00036;36;;Lotissement Venise;40700;40119;Hagetmau;;;-0.600277;43.653122
40119_1272_00787;787;;Route de Monségur;40700;40119;Hagetmau;;;-0.594108;43.64523
40119_1655_00008;8;;Rue des Pyrenees;40700;40119;Hagetmau;;;-0.587131;43.653673
40119_0588_00042;42;;Rue Gambetta;40700;40119;Hagetmau;;;-0.592962;43.655557
40119_1878_00162;162;;Rue Victor Hugo;40700;40119;Hagetmau;;;-0.591299;43.656117
40119_a089_00032;32;;lotissement jouanin;40700;40119;Hagetmau;;;-0.603995;43.644929
40119_nj8f47_00071;71;;Lotissement Le Clos de Diane;40700;40119;Hagetmau;;;-0.593739;43.660626
40119_a035_00030;30;;Lotissement Busqueton;40700;40119;Hagetmau;;;-0.601595;43.650674
40119_1718_00145_a;145;a;Route de Samadet;40700;40119;Hagetmau;;;-0.580645;43.656777
40119_0495_00402;402;;Avenue Corisande;40700;40119;Hagetmau;;;-0.596198;43.659795
40119_0200_00347;347;;Rue de Bel-horizon;40700;40119;Hagetmau;;;-0.584862;43.655302
40119_1718_02554;2554;;Route de Samadet;40700;40119;Hagetmau;;;-0.552011;43.651741
40119_1270_00078;78;;Chemin de Molia;40700;40119;Hagetmau;;;-0.58184;43.657857
40119_1020_00114;114;;Chemin de Larode;40700;40119;Hagetmau;;;-0.596698;43.659258
40119_0212_00237;237;;Route de Bellevue;40700;40119;Hagetmau;;;-0.592221;43.661397
40119_1020_00462;462;;Chemin de Larode;40700;40119;Hagetmau;;;-0.596915;43.659042
40119_0130_00120;120;;Chemin de Balous;40700;40119;Hagetmau;;;-0.599389;43.661378
40119_1715_00152;152;;Rue Saint - Girons;40700;40119;Hagetmau;;;-0.595919;43.65713
40119_0543_00052;52;;Av du Docteur Edouard Castera;40700;40119;Hagetmau;;;-0.593368;43.65348
40119_1272_00083;83;;Route de Monségur;40700;40119;Hagetmau;;;-0.598441;43.650507
40119_0588_00083;83;;Rue Gambetta;40700;40119;Hagetmau;;;-0.593403;43.655768
40119_1736_00070;70;;Rue du Soleil d’Or;40700;40119;Hagetmau;;;-0.58451;43.654166
40119_a020_00012;12;;Lotissement Bidounat;40700;40119;Hagetmau;;;-0.604764;43.664343
40119_1736_00016;16;;Rue du Soleil d’Or;40700;40119;Hagetmau;;;-0.58596;43.653936
40119_0830_00365;365;;Chemin de Labraouste;40700;40119;Hagetmau;;;-0.567583;43.651908
40119_1610_00302;302;;Chemin du Pouy;40700;40119;Hagetmau;;;-0.612858;43.646877
40119_1810_00478;478;;Chemin de Touron;40700;40119;Hagetmau;;;-0.626956;43.659136
40119_1040_00040;40;;Chemin Larrigade;40700;40119;Hagetmau;;;-0.603358;43.660866
40119_1336_00104;104;;Cote des Oiseaux;40700;40119;Hagetmau;;;-0.590231;43.654693
40119_1560_00072;72;;Chemin de la Platane;40700;40119;Hagetmau;;;-0.570887;43.653119
40119_75cw8h_00036;36;;Rue Francis Maisonnave;40700;40119;Hagetmau;;;-0.605103;43.64885
40119_0990_00605;605;;Chemin de Laouilleroun;40700;40119;Hagetmau;;;-0.571402;43.651476
40119_1736_00013;13;;Rue du Soleil d’Or;40700;40119;Hagetmau;;;-0.586126;43.654328
40119_0495_00353;353;;Avenue Corisande;40700;40119;Hagetmau;;;-0.59563;43.659577
40119_a026_00003;3;;Lotissement le Bois de Bidalon;40700;40119;Hagetmau;;;-0.599092;43.658877
40119_0495_00208;208;;Avenue Corisande;40700;40119;Hagetmau;;;-0.593933;43.659488
40119_0750_00680;680;;Chemin de Jeanchicot;40700;40119;Hagetmau;;;-0.611332;43.649526
40119_a045_00093;93;;lotissement clos de loussets;40700;40119;Hagetmau;;;-0.594283;43.652266
40119_a089_00012;12;;lotissement jouanin;40700;40119;Hagetmau;;;-0.604539;43.646625
40119_1878_00042;42;;Rue Victor Hugo;40700;40119;Hagetmau;;;-0.592038;43.655222
40119_y18h79_00224;224;;Mirefleur;40700;40119;Hagetmau;;;-0.556504;43.658646
40119_0588_00101;101;;Rue Gambetta;40700;40119;Hagetmau;;;-0.593563;43.655889
40119_1230_00080;80;;Impasse du Midi;40700;40119;Hagetmau;;;-0.590599;43.653848
40119_0710_00562;562;;Chemin de Higueres;40700;40119;Hagetmau;;;-0.616054;43.643618
40119_0452_00036;36;;Place Charles de Gaulle;40700;40119;Hagetmau;;;-0.591248;43.656584
40119_0598_00546;546;;Avenue de la Gare;40700;40119;Hagetmau;;;-0.584596;43.658818
40119_0385_00050;50;;Rue Carnot;40700;40119;Hagetmau;;;-0.593305;43.654248
40119_1272_00319_d;319;d;Route de Monségur;40700;40119;Hagetmau;;;-0.597796;43.648783
40119_1540_00465;465;;Rue de Piquette;40700;40119;Hagetmau;;;-0.600707;43.655643
40119_0820_00215;215;;Chemin de Labourdette;40700;40119;Hagetmau;;;-0.584006;43.640818
40119_pssl8p_00532;532;;Barbe;40700;40119;Hagetmau;;;-0.614834;43.649401
40119_0270_00138;138;;Chemin de Bieilh;40700;40119;Hagetmau;;;-0.613145;43.644113
40119_a093_00047;47;;Lotissement Laouilhé;40700;40119;Hagetmau;;;-0.604934;43.667824
40119_1366_00014;14;;Place Pascal Duprat;40700;40119;Hagetmau;;;-0.593472;43.654438
40119_0543_00141;141;;Av du Docteur Edouard Castera;40700;40119;Hagetmau;;;-0.592416;43.653049
40119_1278_00029_ter;29;ter;Place du Moulin;40700;40119;Hagetmau;;;-0.594055;43.654614
40119_1210_00342;342;;Chemin de Melet;40700;40119;Hagetmau;;;-0.602685;43.656375
40119_1490_00050;50;;Chemin de Peyroulet;40700;40119;Hagetmau;;;-0.620985;43.64411
40119_a035_00073;73;;Lotissement Busqueton;40700;40119;Hagetmau;;;-0.604165;43.650002
40119_0454_00197;197;;Avenue Charles Domercq;40700;40119;Hagetmau;;;-0.591285;43.653548
40119_0212_00525;525;;Route de Bellevue;40700;40119;Hagetmau;;;-0.58914;43.663059
40119_a091_00015;15;;Lotissement Lissandre;40700;40119;Hagetmau;;;-0.590023;43.66376
40119_a035_00035;35;;Lotissement Busqueton;40700;40119;Hagetmau;;;-0.602353;43.650142
40119_a035_00074;74;;Lotissement Busqueton;40700;40119;Hagetmau;;;-0.603642;43.650147
40119_0872_00362;362;;Route de Lacrabe;40700;40119;Hagetmau;;;-0.589952;43.638325
40119_0817_01322;1322;;Route de Labastide;40700;40119;Hagetmau;;;-0.601459;43.637063
40119_0880_01098;1098;;Chemin des Lacs d’Halco;40700;40119;Hagetmau;;;-0.631834;43.637127
40119_0s3n6t_01611;1611;;Route de Nayet;40700;40119;Hagetmau;;;-0.622644;43.660041
40119_1540_00124;124;;Rue de Piquette;40700;40119;Hagetmau;;;-0.597548;43.653673
40119_pynnli_00675;675;;Route de Guichot;40700;40119;Hagetmau;;;-0.596175;43.636638
40119_0940_00349;349;;Chemin de Lamarque;40700;40119;Hagetmau;;;-0.566136;43.648126
40119_a026_00001_b;1;b;Lotissement le Bois de Bidalon;40700;40119;Hagetmau;;;-0.599481;43.658772
40119_0708_00725;725;;Avenue Henri Castelnau;40700;40119;Hagetmau;;;-0.586242;43.673683
40119_1333_00043;43;;Rue Nugent;40700;40119;Hagetmau;;;-0.594694;43.654588
40119_0210_00489;489;;Chemin de Bellegarde;40700;40119;Hagetmau;;;-0.614676;43.639939
40119_0465_00014;14;;Rue du Chene Vert;40700;40119;Hagetmau;;;-0.594508;43.65697
40119_0654_00004;4;;Place Gramont;40700;40119;Hagetmau;;;-0.591933;43.657896
40119_0541_00426;426;;Route de Doazit;40700;40119;Hagetmau;;;-0.607799;43.666854
40119_1279_00108;108;;Rue du Moulin;40700;40119;Hagetmau;;;-0.594754;43.653901
40119_0suwok_00020;20;;Impasse des Pins;40700;40119;Hagetmau;;;-0.600019;43.66445
40119_1272_01263;1263;;Route de Monségur;40700;40119;Hagetmau;;;-0.5902;43.641932
40119_1630_00057;57;;Chemin de Prentigarde;40700;40119;Hagetmau;;;-0.566915;43.651321
40119_1080_00071;71;;Chemin de la Ligne;40700;40119;Hagetmau;;;-0.581486;43.656002
40119_1675_00003;3;;Place de la Republique;40700;40119;Hagetmau;;;-0.593469;43.655476
40119_1736_00018;18;;Rue du Soleil d’Or;40700;40119;Hagetmau;;;-0.585944;43.653908
40119_1864_00024;24;;Avenue du Tursan;40700;40119;Hagetmau;;;-0.58851;43.657309
40119_1098_01137;1137;;Chemin des Loussets;40700;40119;Hagetmau;;;-0.586925;43.644176
40119_0582_00065;65;;Rue Francis Maysonnave;40700;40119;Hagetmau;;;-0.604066;43.649385
40119_a020_00002;2;;Lotissement Bidounat;40700;40119;Hagetmau;;;-0.605205;43.663209
40119_1272_01704;1704;;Route de Monségur;40700;40119;Hagetmau;;;-0.585941;43.639914
40119_0084_00025;25;;Rue d'Albret;40700;40119;Hagetmau;;;-0.593332;43.65473
40119_w3wuqz_00007;7;;Zone Artisanale de l’Ocean;40700;40119;Hagetmau;;;-0.601349;43.664645
40119_1300_00332;332;;Chemin de Moundette;40700;40119;Hagetmau;;;-0.592523;43.665487
40119_1878_00308;308;;Rue Victor Hugo;40700;40119;Hagetmau;;;-0.589925;43.656979
40119_0495_00868_a;868;a;Avenue Corisande;40700;40119;Hagetmau;;;-0.601854;43.660684
40119_1368_00069;69;;Rue Pascal Duprat;40700;40119;Hagetmau;;;-0.594571;43.655226
40119_g87lrr_00155;155;;Rue de la ZI de Bellegarde;40700;40119;Hagetmau;;;-0.617103;43.641851
40119_1368_00124;124;;Rue Pascal Duprat;40700;40119;Hagetmau;;;-0.594709;43.655692
40119_1715_00650;650;;Rue Saint - Girons;40700;40119;Hagetmau;;;-0.601259;43.659004
40119_a020_00004_bis;4;bis;Lotissement Bidounat;40700;40119;Hagetmau;;;-0.604495;43.663571
40119_1080_00465;465;;Chemin de la Ligne;40700;40119;Hagetmau;;;-0.579145;43.653011
40119_1540_00222;222;;Rue de Piquette;40700;40119;Hagetmau;;;-0.598615;43.654281
40119_1782_00182;182;;Rue Thiers;40700;40119;Hagetmau;;;-0.594099;43.653484
40119_0305_00038;38;;Chemin de Busquet;40700;40119;Hagetmau;;;-0.589872;43.659024
40119_2cujop_00038;38;;Rue des Chênes;40700;40119;Hagetmau;;;-0.608057;43.644437
40119_0545_00071;71;;Rue du Docteur Larquier;40700;40119;Hagetmau;;;-0.593744;43.655566
40119_1300_00118;118;;Chemin de Moundette;40700;40119;Hagetmau;;;-0.592995;43.664253
40119_0582_00052;52;;Rue Francis Maysonnave;40700;40119;Hagetmau;;;-0.604101;43.649324
40119_38k95f_00089;89;;Rue des Platanes;40700;40119;Hagetmau;;;-0.608347;43.645191
40119_0582_00049;49;;Rue Francis Maysonnave;40700;40119;Hagetmau;;;-0.603675;43.648922
40119_1655_00018;18;;Rue des Pyrenees;40700;40119;Hagetmau;;;-0.586238;43.653204
40119_1834_00277;277;;Avenue du Trace;40700;40119;Hagetmau;;;-0.603389;43.647989
40119_0490_00909;909;;Chemin de Claron;40700;40119;Hagetmau;;;-0.567251;43.660512
40119_1338_00616;616;;Route D'Orthez;40700;40119;Hagetmau;;;-0.606303;43.645706
40119_0817_00661;661;;Route de Labastide;40700;40119;Hagetmau;;;-0.598933;43.64263
40119_0543_00128;128;;Av du Docteur Edouard Castera;40700;40119;Hagetmau;;;-0.592637;43.653012
40119_a090_00035;35;;Lotissement Jeandemay;40700;40119;Hagetmau;;;-0.601285;43.646208
40119_0820_00398;398;;Chemin de Labourdette;40700;40119;Hagetmau;;;-0.583482;43.642697
40119_1715_00352;352;;Rue Saint - Girons;40700;40119;Hagetmau;;;-0.598362;43.657575
40119_0310_00056;56;;Chemin de Busqueton;40700;40119;Hagetmau;;;-0.602331;43.650746
40119_a089_00057;57;;lotissement jouanin;40700;40119;Hagetmau;;;-0.603153;43.647196
40119_1276_00026;26;;Rue du Mont Saint-jean;40700;40119;Hagetmau;;;-0.588925;43.657055
40119_0768_00010;10;;Rue Jean Moulin;40700;40119;Hagetmau;;;-0.606631;43.646482
40119_0400_00069;69;;Chemin de Castelnau;40700;40119;Hagetmau;;;-0.582392;43.654578
40119_0580_00338;338;;Chemin de Fouim;40700;40119;Hagetmau;;;-0.595777;43.641888
40119_yshwad_00020;20;;Lotissement de la Sabliere;40700;40119;Hagetmau;;;-0.588065;43.660131
40119_1655_00016_bis;16;bis;Rue des Pyrenees;40700;40119;Hagetmau;;;-0.586343;43.653305
40119_1540_00411;411;;Rue de Piquette;40700;40119;Hagetmau;;;-0.600282;43.655322
40119_0880_00002;2;;Chemin des Lacs d’Halco;40700;40119;Hagetmau;;;-0.631119;43.638214
40119_1720_00263;263;;Chemin de Saourine;40700;40119;Hagetmau;;;-0.588476;43.638876
40119_0490_00359;359;;Chemin de Claron;40700;40119;Hagetmau;;;-0.573326;43.658454
40119_1736_00068;68;;Rue du Soleil d’Or;40700;40119;Hagetmau;;;-0.584715;43.65422
40119_0710_00496_a;496;a;Chemin de Higueres;40700;40119;Hagetmau;;;-0.615498;43.643513
40119_1782_00173;173;;Rue Thiers;40700;40119;Hagetmau;;;-0.594234;43.653475
40119_a089_00034;34;;lotissement jouanin;40700;40119;Hagetmau;;;-0.603786;43.645394
40119_0180_00011;11;;Chemin de Beaupré;40700;40119;Hagetmau;;;-0.566123;43.651693
40119_1782_00109;109;;Rue Thiers;40700;40119;Hagetmau;;;-0.594898;43.653161
40119_0400_00043;43;;Chemin de Castelnau;40700;40119;Hagetmau;;;-0.58258;43.654944
40119_w3wuqz_00001;1;;Zone Artisanale de l’Ocean;40700;40119;Hagetmau;;;-0.601349;43.664645
40119_a125_00027;27;;Lotissement Venise;40700;40119;Hagetmau;;;-0.599241;43.652857
40119_1630_00791;791;;Chemin de Prentigarde;40700;40119;Hagetmau;;;-0.55889;43.646701
40119_1692_00287;287;;Avenue Robert Ducournau;40700;40119;Hagetmau;;;-0.599027;43.651016
40119_0465_00002;2;;Rue du Chene Vert;40700;40119;Hagetmau;;;-0.594593;43.656854
40119_1862_00026;26;;Allée de Turre;40700;40119;Hagetmau;;;-0.591355;43.657504
40119_0543_00072;72;;Av du Docteur Edouard Castera;40700;40119;Hagetmau;;;-0.593153;43.653344
40119_a035_00076;76;;Lotissement Busqueton;40700;40119;Hagetmau;;;-0.603488;43.650075
40119_0250_00877;877;;Chemin de Betloc;40700;40119;Hagetmau;;;-0.593194;43.666158
40119_1550_00640;640;;Chemin de Piréou;40700;40119;Hagetmau;;;-0.630947;43.647877
40119_1530_00062;62;;Chemin de Pinot;40700;40119;Hagetmau;;;-0.589994;43.665004
40119_0541_00457;457;;Route de Doazit;40700;40119;Hagetmau;;;-0.608313;43.666962
40119_0454_00030;30;;Avenue Charles Domercq;40700;40119;Hagetmau;;;-0.592816;43.654299
40119_0580_00362;362;;Chemin de Fouim;40700;40119;Hagetmau;;;-0.595953;43.641649
40119_0084_00029;29;;Rue d'Albret;40700;40119;Hagetmau;;;-0.593404;43.654775
40119_1020_00570;570;;Chemin de Larode;40700;40119;Hagetmau;;;-0.598728;43.658486
40119_1630_00366;366;;Chemin de Prentigarde;40700;40119;Hagetmau;;;-0.565818;43.649243
40119_0385_00128;128;;Rue Carnot;40700;40119;Hagetmau;;;-0.592662;43.654763
40119_a034_00058;58;;Hameau de Busquet;40700;40119;Hagetmau;;;-0.586463;43.660744
40119_0750_00610;610;;Chemin de Jeanchicot;40700;40119;Hagetmau;;;-0.610489;43.64944
40119_1878_00247;247;;Rue Victor Hugo;40700;40119;Hagetmau;;;-0.590654;43.656774
40119_a093_00013;13;;Lotissement Laouilhé;40700;40119;Hagetmau;;;-0.606017;43.666663
40119_0385_00085;85;;Rue Carnot;40700;40119;Hagetmau;;;-0.593143;43.65453
40119_yshwad_00008;8;;Lotissement de la Sabliere;40700;40119;Hagetmau;;;-0.589138;43.65969
40119_a089_00019;19;;lotissement jouanin;40700;40119;Hagetmau;;;-0.602892;43.646575
40119_89qu1z_00144;144;;Baruquere;40700;40119;Hagetmau;;;-0.58365;43.675117
40119_1020_00294;294;;Chemin de Larode;40700;40119;Hagetmau;;;-0.598597;43.658511
40119_1300_00123;123;;Chemin de Moundette;40700;40119;Hagetmau;;;-0.592907;43.664038
40119_a125_00022;22;;Lotissement Venise;40700;40119;Hagetmau;;;-0.600547;43.653273
40119_0500_00529;529;;Chemin de Coucure;40700;40119;Hagetmau;;;-0.546697;43.645867
40119_0452_00181;181;;Place Charles de Gaulle;40700;40119;Hagetmau;;;-0.591295;43.656354
40119_0656_00075;75;;Rue Gramont;40700;40119;Hagetmau;;;-0.593606;43.657004
40119_0465_00070;70;;Rue du Chene Vert;40700;40119;Hagetmau;;;-0.594076;43.657273
40119_0817_00267;267;;Route de Labastide;40700;40119;Hagetmau;;;-0.598228;43.646086
40119_1040_00652;652;;Chemin Larrigade;40700;40119;Hagetmau;;;-0.606716;43.665234
40119_1272_01453;1453;;Route de Monségur;40700;40119;Hagetmau;;;-0.588448;43.641287
40119_0130_00028;28;;Chemin de Balous;40700;40119;Hagetmau;;;-0.599439;43.660824
40119_1272_02175;2175;;Route de Monségur;40700;40119;Hagetmau;;;-0.582005;43.636818
40119_0680_00940;940;;Chemin de Guichot;40700;40119;Hagetmau;;;-0.593185;43.636598
40119_0656_00121;121;;Rue Gramont;40700;40119;Hagetmau;;;-0.593034;43.65719
40119_1272_00345;345;;Route de Monségur;40700;40119;Hagetmau;;;-0.597134;43.648269
40119_0940_00285;285;;Chemin de Lamarque;40700;40119;Hagetmau;;;-0.566967;43.648516
40119_0543_00061;61;;Av du Docteur Edouard Castera;40700;40119;Hagetmau;;;-0.593143;43.653518
40119_1655_00030;30;;Rue des Pyrenees;40700;40119;Hagetmau;;;-0.584399;43.653002
40119_1140_00015;15;;Passage Louvigny;40700;40119;Hagetmau;;;-0.592685;43.654547
40119_a020_00008;8;;Lotissement Bidounat;40700;40119;Hagetmau;;;-0.60474;43.664123
40119_1172_00380;380;;Avenue du Maréchal Leclerc;40700;40119;Hagetmau;;;-0.595495;43.653907
40119_1692_00403;403;;Avenue Robert Ducournau;40700;40119;Hagetmau;;;-0.599888;43.650701
40119_1834_00121;121;;Avenue du Trace;40700;40119;Hagetmau;;;-0.602611;43.649233
40119_0454_00065;65;;Avenue Charles Domercq;40700;40119;Hagetmau;;;-0.592122;43.654057
40119_fy34c2_00065;65;;Chemin de Rey Lalanne;40700;40119;Hagetmau;;;-0.60921;43.642479
40119_1692_00238;238;;Avenue Robert Ducournau;40700;40119;Hagetmau;;;-0.598578;43.651292
40119_a090_00034;34;;Lotissement Jeandemay;40700;40119;Hagetmau;;;-0.601552;43.6463
40119_1098_00551;551;;Chemin des Loussets;40700;40119;Hagetmau;;;-0.589948;43.648701
40119_a121_00074;74;;Lotissement Trace;40700;40119;Hagetmau;;;-0.603197;43.649859
40119_0084_00060;60;;Rue d'Albret;40700;40119;Hagetmau;;;-0.593577;43.654992
40119_1338_00003;3;;Route D'Orthez;40700;40119;Hagetmau;;;-0.61325;43.636733
40119_1878_00148;148;;Rue Victor Hugo;40700;40119;Hagetmau;;;-0.591362;43.656038
40119_1572_00035;35;;Rue Potagère;40700;40119;Hagetmau;;;-0.59223;43.654964
40119_0580_00185;185;;Chemin de Fouim;40700;40119;Hagetmau;;;-0.594588;43.643316
40119_0598_00439;439;;Avenue de la Gare;40700;40119;Hagetmau;;;-0.585638;43.659127
40119_a089_00056;56;;lotissement jouanin;40700;40119;Hagetmau;;;-0.60429;43.645293
40119_0385_00440;440;;Rue Carnot;40700;40119;Hagetmau;;;-0.591659;43.657444
40119_0817_01350;1350;;Route de Labastide;40700;40119;Hagetmau;;;-0.601574;43.63682
40119_1240_00296;296;;Chemin de Mirecastet;40700;40119;Hagetmau;;;-0.57921;43.64893
40119_a089_00003;3;;lotissement jouanin;40700;40119;Hagetmau;;;-0.604874;43.646093
40119_0768_00001;1;;Rue Jean Moulin;40700;40119;Hagetmau;;;-0.604807;43.647762
40119_a020_00021;21;;Lotissement Bidounat;40700;40119;Hagetmau;;;-0.605659;43.664152
40119_1210_00006;6;;Chemin de Melet;40700;40119;Hagetmau;;;-0.601536;43.658866
40119_1333_00136;136;;Rue Nugent;40700;40119;Hagetmau;;;-0.595405;43.655177
40119_1279_00072;72;;Rue du Moulin;40700;40119;Hagetmau;;;-0.594609;43.654024
40119_1325_00070;70;;Chemin de Nice;40700;40119;Hagetmau;;;-0.59519;43.64517
40119_n4g419_00400;400;;Rue des Chaisiers;40700;40119;Hagetmau;;;-0.60898;43.636517
40119_1530_00170;170;;Chemin de Pinot;40700;40119;Hagetmau;;;-0.59136;43.665048
40119_0490_00608;608;;Chemin de Claron;40700;40119;Hagetmau;;;-0.571238;43.659732
40119_0260_00093;93;;Chemin de Bidalon;40700;40119;Hagetmau;;;-0.600345;43.659717
40119_1278_00008;8;;Place du Moulin;40700;40119;Hagetmau;;;-0.593817;43.654591
40119_0700_00003;3;;Chemin de Guironcet;40700;40119;Hagetmau;;;-0.584371;43.654148
40119_1692_00264;264;;Avenue Robert Ducournau;40700;40119;Hagetmau;;;-0.598872;43.65119
40119_1322_02005;2005;;Chemin de Nayet;40700;40119;Hagetmau;;;-0.62129;43.663758
40119_1020_00165;165;;Chemin de Larode;40700;40119;Hagetmau;;;-0.601234;43.657061
40119_1692_00152;152;;Avenue Robert Ducournau;40700;40119;Hagetmau;;;-0.597848;43.651564
40119_1655_00034;34;;Rue des Pyrenees;40700;40119;Hagetmau;;;-0.583955;43.653221
40119_1550_00640_a;640;a;Chemin de Piréou;40700;40119;Hagetmau;;;-0.631629;43.648979
40119_1020_00422_b;422;b;Chemin de Larode;40700;40119;Hagetmau;;;-0.598833;43.658104
40119_n4g419_00657;657;;Rue des Chaisiers;40700;40119;Hagetmau;;;-0.608916;43.638838
40119_4bt0mb_00138;138;;Bazaillac;40700;40119;Hagetmau;;;-0.584214;43.669498
40119_0383_00022;22;;Place du Caporal Ducos;40700;40119;Hagetmau;;;-0.592914;43.656118
40119_1864_00082;82;;Avenue du Tursan;40700;40119;Hagetmau;;;-0.587955;43.65722
40119_1490_00062;62;;Chemin de Peyroulet;40700;40119;Hagetmau;;;-0.62091;43.644199
40119_38k95f_00017;17;;Rue des Platanes;40700;40119;Hagetmau;;;-0.607711;43.644885
40119_0212_00677;677;;Route de Bellevue;40700;40119;Hagetmau;;;-0.589371;43.66483
40119_0495_00049;49;;Avenue Corisande;40700;40119;Hagetmau;;;-0.592023;43.659043
40119_0742_00094;94;;Rue des Jardins;40700;40119;Hagetmau;;;-0.595032;43.655095
40119_1720_00306_a;306;a;Chemin de Saourine;40700;40119;Hagetmau;;;-0.588212;43.639283
40119_a099_00011;11;;Lotissement Moundette;40700;40119;Hagetmau;;;-0.594268;43.661544
40119_1338_00164;164;;Route D'Orthez;40700;40119;Hagetmau;;;-0.619516;43.64124
40119_0710_00461;461;;Chemin de Higueres;40700;40119;Hagetmau;;;-0.612147;43.642893
40119_1276_00222;222;;Rue du Mont Saint-jean;40700;40119;Hagetmau;;;-0.588989;43.655287
40119_1020_00353;353;;Chemin de Larode;40700;40119;Hagetmau;;;-0.595607;43.659454
40119_1878_00026;26;;Rue Victor Hugo;40700;40119;Hagetmau;;;-0.592225;43.655161
40119_1715_00568;568;;Rue Saint - Girons;40700;40119;Hagetmau;;;-0.600551;43.658635
40119_0656_00047;47;;Rue Gramont;40700;40119;Hagetmau;;;-0.593816;43.656764
40119_a093_00001_bis;1;bis;Lotissement Laouilhé;40700;40119;Hagetmau;;;-0.605744;43.667153
40119_1098_01255;1255;;Chemin des Loussets;40700;40119;Hagetmau;;;-0.586075;43.643146
40119_0588_00091;91;;Rue Gambetta;40700;40119;Hagetmau;;;-0.593463;43.65582
40119_0212_00546;546;;Route de Bellevue;40700;40119;Hagetmau;;;-0.589346;43.663545
40119_1172_00132;132;;Avenue du Maréchal Leclerc;40700;40119;Hagetmau;;;-0.59626;43.655845
40119_1692_00184;184;;Avenue Robert Ducournau;40700;40119;Hagetmau;;;-0.597974;43.651511
40119_a034_00126;126;;Hameau de Busquet;40700;40119;Hagetmau;;;-0.586528;43.660168
40119_1110_00190_a;190;a;Rue des Loussets;40700;40119;Hagetmau;;;-0.5932;43.651792
40119_1500_00506;506;;Chemin de Peyruc;40700;40119;Hagetmau;;;-0.583224;43.665201
40119_0541_00806;806;;Route de Doazit;40700;40119;Hagetmau;;;-0.611337;43.66913
40119_0465_00057;57;;Rue du Chene Vert;40700;40119;Hagetmau;;;-0.59422;43.657194
40119_0385_00307;307;;Rue Carnot;40700;40119;Hagetmau;;;-0.592214;43.656341
40119_1540_00190_a;190;a;Rue de Piquette;40700;40119;Hagetmau;;;-0.59713;43.654461
40119_1276_00242;242;;Rue du Mont Saint-jean;40700;40119;Hagetmau;;;-0.589108;43.65517
40119_1878_00104;104;;Rue Victor Hugo;40700;40119;Hagetmau;;;-0.591621;43.655692
40119_0385_00002;2;;Rue Carnot;40700;40119;Hagetmau;;;-0.5937;43.653924
40119_a125_00035;35;;Lotissement Venise;40700;40119;Hagetmau;;;-0.599971;43.653022
40119_0656_00098;98;;Rue Gramont;40700;40119;Hagetmau;;;-0.593264;43.657018
40119_a020_00018;18;;Lotissement Bidounat;40700;40119;Hagetmau;;;-0.605425;43.664627
40119_0654_00039;39;;Place Gramont;40700;40119;Hagetmau;;;-0.592602;43.657551
40119_a125_00040;40;;Lotissement Venise;40700;40119;Hagetmau;;;-0.601484;43.653423
40119_1210_00055;55;;Chemin de Melet;40700;40119;Hagetmau;;;-0.601539;43.658544
40119_a089_00021;21;;lotissement jouanin;40700;40119;Hagetmau;;;-0.60219;43.646463
40119_a087_00105;105;;Lotissement les Hauts de Miremont;40700;40119;Hagetmau;;;-0.584463;43.656134
40119_0820_00037;37;;Chemin de Labourdette;40700;40119;Hagetmau;;;-0.58487;43.639524
40119_1210_00313;313;;Chemin de Melet;40700;40119;Hagetmau;;;-0.602682;43.656207
40119_a093_00010;10;;Lotissement Laouilhé;40700;40119;Hagetmau;;;-0.606009;43.667753
40119_0582_00061;61;;Rue Francis Maysonnave;40700;40119;Hagetmau;;;-0.605179;43.649497
40119_0810_00151;151;;Chemin de Junca;40700;40119;Hagetmau;;;-0.592931;43.641714
40119_0282_00021;21;;Place du Bois;40700;40119;Hagetmau;;;-0.595281;43.656174
40119_0495_00031;31;;Avenue Corisande;40700;40119;Hagetmau;;;-0.591576;43.658925
40119_fy34c2_00025;25;;Chemin de Rey Lalanne;40700;40119;Hagetmau;;;-0.609476;43.642092
40119_0310_00314;314;;Chemin de Busqueton;40700;40119;Hagetmau;;;-0.605561;43.650206
40119_a089_00066;66;;lotissement jouanin;40700;40119;Hagetmau;;;-0.60245;43.647361
40119_a099_00022;22;;Lotissement Moundette;40700;40119;Hagetmau;;;-0.595129;43.659856
40119_0385_00299;299;;Rue Carnot;40700;40119;Hagetmau;;;-0.592257;43.656236
40119_1368_00021;21;;Rue Pascal Duprat;40700;40119;Hagetmau;;;-0.594332;43.654828
40119_0598_00435;435;;Avenue de la Gare;40700;40119;Hagetmau;;;-0.585763;43.659168
40119_0220_00106;106;;Chemin de Bernadeou;40700;40119;Hagetmau;;;-0.575621;43.651304
40119_0385_00079;79;;Rue Carnot;40700;40119;Hagetmau;;;-0.593197;43.654495
40119_1098_00460;460;;Chemin des Loussets;40700;40119;Hagetmau;;;-0.590747;43.649211
40119_1272_01375;1375;;Route de Monségur;40700;40119;Hagetmau;;;-0.589126;43.641502
40119_0545_00079;79;;Rue du Docteur Larquier;40700;40119;Hagetmau;;;-0.59371;43.655726
40119_1864_00241;241;;Avenue du Tursan;40700;40119;Hagetmau;;;-0.585807;43.657232
40119_1864_00429;429;;Avenue du Tursan;40700;40119;Hagetmau;;;-0.583332;43.657244
40119_a035_00007;7;;Lotissement Busqueton;40700;40119;Hagetmau;;;-0.600799;43.651374
40119_1782_00023;23;;Rue Thiers;40700;40119;Hagetmau;;;-0.595534;43.652616
40119_1440_00019;19;;Chemin de Pentecôte;40700;40119;Hagetmau;;;-0.569144;43.655401
40119_sfeek1_00400;400;;Marlere;40700;40119;Hagetmau;;;-0.595623;43.637234
40119_0212_00166;166;;Route de Bellevue;40700;40119;Hagetmau;;;-0.590438;43.660397
40119_1864_00010;10;;Avenue du Tursan;40700;40119;Hagetmau;;;-0.588671;43.65729
40119_ruxeoj_00242;242;;Geriza;40700;40119;Hagetmau;;;-0.546519;43.6514
40119_a089_00028;28;;lotissement jouanin;40700;40119;Hagetmau;;;-0.603041;43.645433
40119_0385_00347;347;;Rue Carnot;40700;40119;Hagetmau;;;-0.592096;43.656686
40119_0541_00805;805;;Route de Doazit;40700;40119;Hagetmau;;;-0.611864;43.669184
40119_0385_00126;126;;Rue Carnot;40700;40119;Hagetmau;;;-0.592694;43.654726
40119_1715_00042;42;;Rue Saint - Girons;40700;40119;Hagetmau;;;-0.594477;43.656729
40119_0570_00490;490;;Chemin de Fabian Pipion;40700;40119;Hagetmau;;;-0.568916;43.657176
40119_a091_00013;13;;Lotissement Lissandre;40700;40119;Hagetmau;;;-0.590374;43.663754
40119_a099_00002;2;;Lotissement Moundette;40700;40119;Hagetmau;;;-0.594638;43.66099
40119_a093_00048;48;;Lotissement Laouilhé;40700;40119;Hagetmau;;;-0.604633;43.668029
40119_0120_00747;747;;Chemin de Balette;40700;40119;Hagetmau;;;-0.581531;43.6502
40119_1080_00831;831;;Chemin de la Ligne;40700;40119;Hagetmau;;;-0.576286;43.650568
40119_1368_00025;25;;Rue Pascal Duprat;40700;40119;Hagetmau;;;-0.594229;43.654972
40119_0385_00301;301;;Rue Carnot;40700;40119;Hagetmau;;;-0.592225;43.656286
40119_0385_00068;68;;Rue Carnot;40700;40119;Hagetmau;;;-0.59318;43.654353
40119_0200_00294;294;;Rue de Bel-horizon;40700;40119;Hagetmau;;;-0.58561;43.655157
40119_a041_00014;14;;Lotissement Capet Bignaou;40700;40119;Hagetmau;;;-0.604309;43.662969
40119_1862_00077;77;;Allée de Turre;40700;40119;Hagetmau;;;-0.590661;43.6577
40119_a035_00031;31;;Lotissement Busqueton;40700;40119;Hagetmau;;;-0.601195;43.650671
40119_1272_00566;566;;Route de Monségur;40700;40119;Hagetmau;;;-0.595915;43.646981
40119_0250_00567;567;;Chemin de Betloc;40700;40119;Hagetmau;;;-0.596938;43.664606
40119_1630_01310;1310;;Chemin de Prentigarde;40700;40119;Hagetmau;;;-0.555837;43.646254
40119_75cw8h_00048;48;;Rue Francis Maisonnave;40700;40119;Hagetmau;;;-0.603849;43.64875
40119_0656_00138;138;;Rue Gramont;40700;40119;Hagetmau;;;-0.592794;43.657158
40119_0495_00109;109;;Avenue Corisande;40700;40119;Hagetmau;;;-0.592644;43.659203
40119_1172_00257;257;;Avenue du Maréchal Leclerc;40700;40119;Hagetmau;;;-0.595851;43.654977
40119_1390_00468;468;;Chemin de Pedessega;40700;40119;Hagetmau;;;-0.607326;43.633255
40119_1736_00039;39;;Rue du Soleil d’Or;40700;40119;Hagetmau;;;-0.584708;43.653881
40119_0260_00004;4;;Chemin de Bidalon;40700;40119;Hagetmau;;;-0.599729;43.660188
40119_1098_01310;1310;;Chemin des Loussets;40700;40119;Hagetmau;;;-0.586558;43.64279
40119_0817_00460;460;;Route de Labastide;40700;40119;Hagetmau;;;-0.598674;43.644507
40119_0212_00496;496;;Route de Bellevue;40700;40119;Hagetmau;;;-0.588972;43.663325
40119_a093_00020;20;;Lotissement Laouilhé;40700;40119;Hagetmau;;;-0.606326;43.667403
40119_1718_00681;681;;Route de Samadet;40700;40119;Hagetmau;;;-0.574161;43.656131
40119_1864_00394;394;;Avenue du Tursan;40700;40119;Hagetmau;;;-0.58397;43.656927
40119_1732_00022;22;;Chemin de Sinai;40700;40119;Hagetmau;;;-0.602767;43.644521
40119_1740_00039;39;;Chemin du Sourt;40700;40119;Hagetmau;;;-0.608773;43.641691
40119_a089_00029;29;;lotissement jouanin;40700;40119;Hagetmau;;;-0.60313;43.645387
40119_0465_00002_bis;2;bis;Rue du Chene Vert;40700;40119;Hagetmau;;;-0.594003;43.657285
40119_a035_00029;29;;Lotissement Busqueton;40700;40119;Hagetmau;;;-0.601808;43.650467
40119_0200_00589;589;;Rue de Bel-horizon;40700;40119;Hagetmau;;;-0.58273;43.656025
40119_1258_00410;410;;Enclos de Mirval;40700;40119;Hagetmau;;;-0.594946;43.650085
40119_0710_00382;382;;Chemin de Higueres;40700;40119;Hagetmau;;;-0.61426;43.643343
40119_0615_00055;55;;Avenue du General Gillot;40700;40119;Hagetmau;;;-0.602901;43.663359
40119_1790_00008;8;;chemin de thomas;40700;40119;Hagetmau;;;-0.556367;43.652323
40119_1710_00316;316;;Rue de la Sabliere;40700;40119;Hagetmau;;;-0.587642;43.660932
40119_0212_00045;45;;Route de Bellevue;40700;40119;Hagetmau;;;-0.591189;43.659326
40119_0541_00767;767;;Route de Doazit;40700;40119;Hagetmau;;;-0.611131;43.668749
40119_0590_00191;191;;Rue de Gamardon;40700;40119;Hagetmau;;;-0.595809;43.655655
40119_0200_00303_b;303;b;Rue de Bel-horizon;40700;40119;Hagetmau;;;-0.585617;43.655241
40119_a091_00026;26;;Lotissement Lissandre;40700;40119;Hagetmau;;;-0.590423;43.663623
40119_1834_00616;616;;Avenue du Trace;40700;40119;Hagetmau;;;-0.606288;43.645714
40119_0084_00097;97;;Rue d'Albret;40700;40119;Hagetmau;;;-0.593955;43.655196
40119_a099_00001_bis;1;bis;Lotissement Moundette;40700;40119;Hagetmau;;;-0.594773;43.661106
40119_a017_00092;92;;Lotissement Bégué;40700;40119;Hagetmau;;;-0.59083;43.662469
40119_0455_01129;1129;;Chemin du Chateau d’Ages;40700;40119;Hagetmau;;;-0.57665;43.639164
40119_1020_00193;193;;Chemin de Larode;40700;40119;Hagetmau;;;-0.599764;43.657919
40119_1740_00469;469;;Chemin du Sourt;40700;40119;Hagetmau;;;-0.606933;43.638071
40119_0110_00269;269;;Chemin des Arriecqs;40700;40119;Hagetmau;;;-0.587481;43.677859
40119_0305_00110;110;;Chemin de Busquet;40700;40119;Hagetmau;;;-0.58948;43.659564
40119_a034_00218;218;;Hameau de Busquet;40700;40119;Hagetmau;;;-0.586044;43.659861
40119_1258_00194;194;;Enclos de Mirval;40700;40119;Hagetmau;;;-0.596307;43.65086
40119_0305_00558;558;;Chemin de Busquet;40700;40119;Hagetmau;;;-0.585311;43.661441
40119_0212_00735;735;;Route de Bellevue;40700;40119;Hagetmau;;;-0.589625;43.665396
40119_a125_00066;66;;Lotissement Venise;40700;40119;Hagetmau;;;-0.60049;43.652656
40119_1278_00009;9;;Place du Moulin;40700;40119;Hagetmau;;;-0.59388;43.654472
40119_1782_00144;144;;Rue Thiers;40700;40119;Hagetmau;;;-0.594421;43.653226
40119_1876_00096;96;;Rue de la Venerie;40700;40119;Hagetmau;;;-0.592937;43.65667
40119_1715_00088;88;;Rue Saint - Girons;40700;40119;Hagetmau;;;-0.599366;43.657877
40119_1020_00123;123;;Chemin de Larode;40700;40119;Hagetmau;;;-0.596751;43.659135
40119_1834_00591;591;;Avenue du Trace;40700;40119;Hagetmau;;;-0.605908;43.645824
40119_pynnli_00721;721;;Route de Guichot;40700;40119;Hagetmau;;;-0.597346;43.637509
40119_0305_00724;724;;Chemin de Busquet;40700;40119;Hagetmau;;;-0.584195;43.661783
40119_0598_00834;834;;Avenue de la Gare;40700;40119;Hagetmau;;;-0.582592;43.65724
40119_0200_00164;164;;Rue de Bel-horizon;40700;40119;Hagetmau;;;-0.587261;43.65495
40119_1172_00333;333;;Avenue du Maréchal Leclerc;40700;40119;Hagetmau;;;-0.595897;43.654372
40119_pssl8p_00533;533;;Barbe;40700;40119;Hagetmau;;;-0.614834;43.649401
40119_0452_00060;60;;Place Charles de Gaulle;40700;40119;Hagetmau;;;-0.591293;43.656808
40119_1715_00517;517;;Rue Saint - Girons;40700;40119;Hagetmau;;;-0.600115;43.6583
40119_a091_00028;28;;Lotissement Lissandre;40700;40119;Hagetmau;;;-0.59058;43.663623
40119_0615_00217;217;;Avenue du General Gillot;40700;40119;Hagetmau;;;-0.602159;43.662035
40119_a035_00017;17;;Lotissement Busqueton;40700;40119;Hagetmau;;;-0.602449;43.651374
40119_0210_00011;11;;Chemin de Bellegarde;40700;40119;Hagetmau;;;-0.610359;43.642024
40119_1338_00564;564;;Route D'Orthez;40700;40119;Hagetmau;;;-0.610797;43.641719
40119_a125_00023;23;;Lotissement Venise;40700;40119;Hagetmau;;;-0.600275;43.653196
40119_0768_00031;31;;Rue Jean Moulin;40700;40119;Hagetmau;;;-0.604218;43.64806
40119_a090_00032;32;;Lotissement Jeandemay;40700;40119;Hagetmau;;;-0.600975;43.645699
40119_0495_00487;487;;Avenue Corisande;40700;40119;Hagetmau;;;-0.597333;43.65988
40119_0212_00711;711;;Route de Bellevue;40700;40119;Hagetmau;;;-0.589297;43.665003
40119_0282_00019;19;;Place du Bois;40700;40119;Hagetmau;;;-0.595281;43.656174
40119_0084_00067;67;;Rue d'Albret;40700;40119;Hagetmau;;;-0.593669;43.654995
40119_a093_00032;32;;Lotissement Laouilhé;40700;40119;Hagetmau;;;-0.604834;43.666864
40119_1368_00213;213;;Rue Pascal Duprat;40700;40119;Hagetmau;;;-0.594319;43.656363
40119_1290_00082;82;;Chemin du Moulin de Saint-girons;40700;40119;Hagetmau;;;-0.603108;43.657485
40119_1710_00300;300;;Rue de la Sabliere;40700;40119;Hagetmau;;;-0.587702;43.660804
40119_1570_00079;79;;Passage du Pont de Cachot;40700;40119;Hagetmau;;;-0.592285;43.654825
40119_1272_01677;1677;;Route de Monségur;40700;40119;Hagetmau;;;-0.585868;43.639996
40119_1570_00011;11;;Passage du Pont de Cachot;40700;40119;Hagetmau;;;-0.592269;43.654397
40119_1718_00145;145;;Route de Samadet;40700;40119;Hagetmau;;;-0.580641;43.656701
40119_a026_00005;5;;Lotissement le Bois de Bidalon;40700;40119;Hagetmau;;;-0.599092;43.658877
40119_1368_00219;219;;Rue Pascal Duprat;40700;40119;Hagetmau;;;-0.594272;43.656415
40119_1075_00017;17;;Place de la Liberte;40700;40119;Hagetmau;;;-0.594054;43.655893
40119_1736_00007;7;;Rue du Soleil d’Or;40700;40119;Hagetmau;;;-0.586446;43.654419
40119_jttbez_00004;4;;Chemin de Laplatane;40700;40119;Hagetmau;;;-0.571603;43.653848
40119_a020_00034;34;;Lotissement Bidounat;40700;40119;Hagetmau;;;-0.606178;43.663245
40119_75cw8h_00074;74;;Rue Francis Maisonnave;40700;40119;Hagetmau;;;-0.603195;43.64988
40119_0742_00280;280;;Rue des Jardins;40700;40119;Hagetmau;;;-0.595126;43.656614
40119_a034_00063;63;;Hameau de Busquet;40700;40119;Hagetmau;;;-0.586286;43.660705
40119_a090_00028;28;;Lotissement Jeandemay;40700;40119;Hagetmau;;;-0.601378;43.644892
40119_0385_00143;143;;Rue Carnot;40700;40119;Hagetmau;;;-0.592766;43.654829
40119_0305_00257;257;;Chemin de Busquet;40700;40119;Hagetmau;;;-0.588862;43.660794
40119_75cw8h_00057;57;;Rue Francis Maisonnave;40700;40119;Hagetmau;;;-0.606124;43.649555
40119_0180_00573;573;;Chemin de Beaupré;40700;40119;Hagetmau;;;-0.571849;43.648705
40119_0212_00760;760;;Route de Bellevue;40700;40119;Hagetmau;;;-0.588814;43.665455
40119_1736_00030;30;;Rue du Soleil d’Or;40700;40119;Hagetmau;;;-0.585617;43.653502
40119_1010_00576;576;;Chemin de Largele;40700;40119;Hagetmau;;;-0.569654;43.653515
40119_1655_00031;31;;Rue des Pyrenees;40700;40119;Hagetmau;;;-0.585266;43.653033
40119_1098_01455;1455;;Chemin des Loussets;40700;40119;Hagetmau;;;-0.58765;43.642001
40119_a089_00024;24;;lotissement jouanin;40700;40119;Hagetmau;;;-0.602327;43.646066
40119_1580_00346;346;;Chemin de Pouga;40700;40119;Hagetmau;;;-0.612245;43.635448
40119_0130_00170;170;;Chemin de Balous;40700;40119;Hagetmau;;;-0.59988;43.661699
40119_0385_00369;369;;Rue Carnot;40700;40119;Hagetmau;;;-0.592028;43.656869
40119_0400_00540;540;;Chemin de Castelnau;40700;40119;Hagetmau;;;-0.582427;43.655516
40119_0140_00121;121;;Chemin de Barbe;40700;40119;Hagetmau;;;-0.616274;43.649905
40119_1338_00985;985;;Route D'Orthez;40700;40119;Hagetmau;;;-0.612867;43.638784
40119_1864_00444;444;;Avenue du Tursan;40700;40119;Hagetmau;;;-0.583147;43.656776
40119_1290_00091;91;;Chemin du Moulin de Saint-girons;40700;40119;Hagetmau;;;-0.602868;43.657445
40119_0750_00148;148;;Chemin de Jeanchicot;40700;40119;Hagetmau;;;-0.607477;43.646911
40119_a089_00067;67;;lotissement jouanin;40700;40119;Hagetmau;;;-0.602512;43.647267
40119_0380_00049;49;;Chemin de Capdeville;40700;40119;Hagetmau;;;-0.603446;43.66255
40119_1410_00499;499;;Chemin de Peliot;40700;40119;Hagetmau;;;-0.562209;43.650033
40119_0820_00470;470;;Chemin de Labourdette;40700;40119;Hagetmau;;;-0.58551;43.642391
40119_1210_00380;380;;Chemin de Melet;40700;40119;Hagetmau;;;-0.603156;43.655722
40119_1128_00103;103;;Rue de Loustaou;40700;40119;Hagetmau;;;-0.593807;43.658826
40119_0768_00002;2;;Rue Jean Moulin;40700;40119;Hagetmau;;;-0.604995;43.647569
40119_1110_00174;174;;Rue des Loussets;40700;40119;Hagetmau;;;-0.593362;43.652215
40119_1710_00200;200;;Rue de la Sabliere;40700;40119;Hagetmau;;;-0.588001;43.65984
40119_1279_00051;51;;Rue du Moulin;40700;40119;Hagetmau;;;-0.594389;43.654194
40119_0572_00130;130;;Impasse des Fabriques;40700;40119;Hagetmau;;;-0.61347;43.639464
40119_0120_00840;840;;Chemin de Balette;40700;40119;Hagetmau;;;-0.581544;43.649255
40119_a091_00038;38;;Lotissement Lissandre;40700;40119;Hagetmau;;;-0.592396;43.663433
40119_1692_00274;274;;Avenue Robert Ducournau;40700;40119;Hagetmau;;;-0.598969;43.651154
40119_0098_00007;7;;Rue Saint Exupery;40700;40119;Hagetmau;;;-0.606401;43.64663
40119_1338_00109;109;;Route D'Orthez;40700;40119;Hagetmau;;;-0.606966;43.644797
40119_0541_00846;846;;Route de Doazit;40700;40119;Hagetmau;;;-0.611713;43.669384
40119_0370_00165;165;;Chemin de Camhaba;40700;40119;Hagetmau;;;-0.564268;43.653145
40119_a091_00004;4;;Lotissement Lissandre;40700;40119;Hagetmau;;;-0.591104;43.664581
40119_1715_00278;278;;Rue Saint - Girons;40700;40119;Hagetmau;;;-0.59737;43.657406
40119_1864_00306;306;;Avenue du Tursan;40700;40119;Hagetmau;;;-0.584827;43.656993
40119_0742_00055;55;;Rue des Jardins;40700;40119;Hagetmau;;;-0.594763;43.65482
40119_1272_01903;1903;;Route de Monségur;40700;40119;Hagetmau;;;-0.584404;43.638773
40119_1736_00033;33;;Rue du Soleil d’Or;40700;40119;Hagetmau;;;-0.585025;43.653473
40119_4bs5yz_00230;230;;Peyrin;40700;40119;Hagetmau;;;-0.562058;43.659607
40119_1040_00326;326;;Chemin Larrigade;40700;40119;Hagetmau;;;-0.602988;43.660912
40119_1276_00369;369;;Rue du Mont Saint-jean;40700;40119;Hagetmau;;;-0.590298;43.655144
40119_1715_00172;172;;Rue Saint - Girons;40700;40119;Hagetmau;;;-0.596061;43.657186
40119_1272_01274;1274;;Route de Monségur;40700;40119;Hagetmau;;;-0.590357;43.641898
40119_a090_00007;7;;Lotissement Jeandemay;40700;40119;Hagetmau;;;-0.601916;43.645409
40119_0656_00166;166;;Rue Gramont;40700;40119;Hagetmau;;;-0.59246;43.657229
40119_0543_00038;38;;Av du Docteur Edouard Castera;40700;40119;Hagetmau;;;-0.593562;43.653545
40119_1279_00182;182;;Rue du Moulin;40700;40119;Hagetmau;;;-0.595498;43.653399
40119_0970_00035;35;;Chemin de Lannemas;40700;40119;Hagetmau;;;-0.624585;43.644007
40119_0260_00002;2;;Chemin de Bidalon;40700;40119;Hagetmau;;;-0.600898;43.658851
40119_ifx2ci_00231;231;;Camhaba;40700;40119;Hagetmau;;;-0.560733;43.652075
40119_1279_00043;43;;Rue du Moulin;40700;40119;Hagetmau;;;-0.594292;43.654268
40119_1490_01001;1001;;Chemin de Peyroulet;40700;40119;Hagetmau;;;-0.612606;43.649367
40119_a087_00189;189;;Lotissement les Hauts de Miremont;40700;40119;Hagetmau;;;-0.584279;43.65581
40119_a035_00001;1;;Lotissement Busqueton;40700;40119;Hagetmau;;;-0.601059;43.650699
40119_0200_00085;85;;Rue de Bel-horizon;40700;40119;Hagetmau;;;-0.588349;43.654981
40119_0817_00347;347;;Route de Labastide;40700;40119;Hagetmau;;;-0.598335;43.645473
40119_a020_00032;32;;Lotissement Bidounat;40700;40119;Hagetmau;;;-0.606154;43.663572
40119_0970_00570;570;;Chemin de Lannemas;40700;40119;Hagetmau;;;-0.626616;43.648828
40119_a089_00004;4;;lotissement jouanin;40700;40119;Hagetmau;;;-0.604664;43.645982
40119_1iul0i_00295;295;;Beaupre;40700;40119;Hagetmau;;;-0.576458;43.645701
40119_jttbez_00072;72;;Chemin de Laplatane;40700;40119;Hagetmau;;;-0.570888;43.653119
40119_0200_00404;404;;Rue de Bel-horizon;40700;40119;Hagetmau;;;-0.584415;43.655184
40119_a026_00004;4;;Lotissement le Bois de Bidalon;40700;40119;Hagetmau;;;-0.599092;43.658877
40119_1240_00300;300;;Chemin de Mirecastet;40700;40119;Hagetmau;;;-0.579057;43.649437
40119_1715_00335;335;;Rue Saint - Girons;40700;40119;Hagetmau;;;-0.598136;43.657454
40119_1736_00004;4;;Rue du Soleil d’Or;40700;40119;Hagetmau;;;-0.58641;43.654356
40119_1715_00465;465;;Rue Saint - Girons;40700;40119;Hagetmau;;;-0.599522;43.657966
40119_0768_00026;26;;Rue Jean Moulin;40700;40119;Hagetmau;;;-0.605612;43.648029
40119_1366_00076;76;;Place Pascal Duprat;40700;40119;Hagetmau;;;-0.593946;43.654146
40119_a089_00068;68;;lotissement jouanin;40700;40119;Hagetmau;;;-0.602966;43.647452
40119_1500_00333;333;;Chemin de Peyruc;40700;40119;Hagetmau;;;-0.584834;43.666355
40119_1878_00302;302;;Rue Victor Hugo;40700;40119;Hagetmau;;;-0.589991;43.656961
40119_0454_00067;67;;Avenue Charles Domercq;40700;40119;Hagetmau;;;-0.592355;43.654184
40119_75cw8h_00058;58;;Rue Francis Maisonnave;40700;40119;Hagetmau;;;-0.605468;43.649967
40119_yshwad_00021;21;;Lotissement de la Sabliere;40700;40119;Hagetmau;;;-0.58823;43.660153
40119_1110_00093;93;;Rue des Loussets;40700;40119;Hagetmau;;;-0.594416;43.652247
40119_a087_00095;95;;Lotissement les Hauts de Miremont;40700;40119;Hagetmau;;;-0.584676;43.656044
40119_0130_00178_bis;178;bis;Chemin de Balous;40700;40119;Hagetmau;;;-0.599895;43.66197
40119_0250_00005;5;;Chemin de Betloc;40700;40119;Hagetmau;;;-0.599986;43.660363
40119_0598_00297;297;;Avenue de la Gare;40700;40119;Hagetmau;;;-0.58762;43.658309
40119_0385_00111;111;;Rue Carnot;40700;40119;Hagetmau;;;-0.592958;43.654694
40119_a090_00013;13;;Lotissement Jeandemay;40700;40119;Hagetmau;;;-0.601402;43.645542
40119_0615_00291;291;;Avenue du General Gillot;40700;40119;Hagetmau;;;-0.602504;43.661287
40119_0310_00428;428;;Chemin de Busqueton;40700;40119;Hagetmau;;;-0.606591;43.649677
40119_0742_00272;272;;Rue des Jardins;40700;40119;Hagetmau;;;-0.595153;43.656568
40119_1098_01508;1508;;Chemin des Loussets;40700;40119;Hagetmau;;;-0.588573;43.641525
40119_0180_00575;575;;Chemin de Beaupré;40700;40119;Hagetmau;;;-0.571381;43.648635
40119_a125_00031;31;;Lotissement Venise;40700;40119;Hagetmau;;;-0.598821;43.65262
40119_0212_00142;142;;Route de Bellevue;40700;40119;Hagetmau;;;-0.590578;43.660155
40119_1715_00413;413;;Rue Saint - Girons;40700;40119;Hagetmau;;;-0.599121;43.657754
40119_a125_00004;4;;Lotissement Venise;40700;40119;Hagetmau;;;-0.598671;43.653331
40119_0490_00072;72;;Chemin de Claron;40700;40119;Hagetmau;;;-0.576001;43.656792
40119_a099_00021;21;;Lotissement Moundette;40700;40119;Hagetmau;;;-0.595121;43.65992
40119_1272_00319;319;;Route de Monségur;40700;40119;Hagetmau;;;-0.597873;43.648842
40119_a093_00012;12;;Lotissement Laouilhé;40700;40119;Hagetmau;;;-0.606227;43.666423
40119_a026_00001;1;;Lotissement le Bois de Bidalon;40700;40119;Hagetmau;;;-0.599092;43.658877
40119_1878_00231;231;;Rue Victor Hugo;40700;40119;Hagetmau;;;-0.590832;43.656677
40119_1279_00020;20;;Rue du Moulin;40700;40119;Hagetmau;;;-0.594218;43.654439
40119_0750_00203;203;;Chemin de Jeanchicot;40700;40119;Hagetmau;;;-0.608559;43.645919
40119_0385_00486;486;;Rue Carnot;40700;40119;Hagetmau;;;-0.591523;43.657838
40119_1350_00010;10;;Chemin de la Palombiere;40700;40119;Hagetmau;;;-0.587509;43.647311
40119_a090_00027;27;;Lotissement Jeandemay;40700;40119;Hagetmau;;;-0.601577;43.64471
40119_1272_00434;434;;Route de Monségur;40700;40119;Hagetmau;;;-0.596728;43.647788
40119_1338_00061;61;;Route D'Orthez;40700;40119;Hagetmau;;;-0.606432;43.645236
40119_0180_00051;51;;Chemin de Beaupré;40700;40119;Hagetmau;;;-0.567428;43.65127
40119_1782_00099;99;;Rue Thiers;40700;40119;Hagetmau;;;-0.594882;43.652979
40119_a091_00002;2;;Lotissement Lissandre;40700;40119;Hagetmau;;;-0.591072;43.664804
40119_a099_00009;9;;Lotissement Moundette;40700;40119;Hagetmau;;;-0.594666;43.661671
40119_0212_00239;239;;Route de Bellevue;40700;40119;Hagetmau;;;-0.592529;43.661692
40119_1272_02447;2447;;Route de Monségur;40700;40119;Hagetmau;;;-0.579681;43.634946
40119_a035_00020;20;;Lotissement Busqueton;40700;40119;Hagetmau;;;-0.603098;43.651306
40119_1736_00021;21;;Rue du Soleil d’Or;40700;40119;Hagetmau;;;-0.585677;43.65409
40119_0495_00085;85;;Avenue Corisande;40700;40119;Hagetmau;;;-0.592432;43.659149
40119_1258_00330;330;;Enclos de Mirval;40700;40119;Hagetmau;;;-0.595025;43.65082
40119_yshwad_00009;9;;Lotissement de la Sabliere;40700;40119;Hagetmau;;;-0.589364;43.659768
40119_1540_00222_a;222;a;Rue de Piquette;40700;40119;Hagetmau;;;-0.598498;43.654211
40119_a041_00019;19;;Lotissement Capet Bignaou;40700;40119;Hagetmau;;;-0.60491;43.662452
40119_0710_00541;541;;Chemin de Higueres;40700;40119;Hagetmau;;;-0.616338;43.642917
40119_0200_00235;235;;Rue de Bel-horizon;40700;40119;Hagetmau;;;-0.586435;43.6551
40119_1272_01557;1557;;Route de Monségur;40700;40119;Hagetmau;;;-0.587133;43.640809
40119_a099_00016;16;;Lotissement Moundette;40700;40119;Hagetmau;;;-0.594741;43.660709
40119_1878_00052;52;;Rue Victor Hugo;40700;40119;Hagetmau;;;-0.591951;43.655281
40119_1276_00177;177;;Rue du Mont Saint-jean;40700;40119;Hagetmau;;;-0.588712;43.655737
40119_0710_00561;561;;Chemin de Higueres;40700;40119;Hagetmau;;;-0.616716;43.64281
40119_1368_00118;118;;Rue Pascal Duprat;40700;40119;Hagetmau;;;-0.594713;43.655632
40119_0454_00120;120;;Avenue Charles Domercq;40700;40119;Hagetmau;;;-0.591914;43.653806
40119_a125_00071;71;;Lotissement Venise;40700;40119;Hagetmau;;;-0.602204;43.652822
40119_pynnli_00500;500;;Route de Guichot;40700;40119;Hagetmau;;;-0.596007;43.634945
40119_0212_00304;304;;Route de Bellevue;40700;40119;Hagetmau;;;-0.590164;43.661556
40119_a020_00019;19;;Lotissement Bidounat;40700;40119;Hagetmau;;;-0.605496;43.664452
40119_0710_00496;496;;Chemin de Higueres;40700;40119;Hagetmau;;;-0.615443;43.643517
40119_1472_00012;12;;Square du Peye;40700;40119;Hagetmau;;;-0.59458;43.655481
40119_0730_00640;640;;Route de Horsarrieu;40700;40119;Hagetmau;;;-0.588347;43.672651
40119_0275_00128;128;;Rue de la Bigorre;40700;40119;Hagetmau;;;-0.585247;43.652432
40119_a089_00002;2;;lotissement jouanin;40700;40119;Hagetmau;;;-0.605098;43.646223
40119_1368_00113;113;;Rue Pascal Duprat;40700;40119;Hagetmau;;;-0.59476;43.655611
40119_1692_00254;254;;Avenue Robert Ducournau;40700;40119;Hagetmau;;;-0.59877;43.651223
40119_yshwad_00006;6;;Lotissement de la Sabliere;40700;40119;Hagetmau;;;-0.588901;43.659671
40119_0200_00484;484;;Rue de Bel-horizon;40700;40119;Hagetmau;;;-0.583389;43.655267
40119_0710_00185;185;;Chemin de Higueres;40700;40119;Hagetmau;;;-0.61191;43.642722
40119_0s3n6t_02005;2005;;Route de Nayet;40700;40119;Hagetmau;;;-0.621291;43.663757
40119_1692_00322;322;;Avenue Robert Ducournau;40700;40119;Hagetmau;;;-0.599479;43.650966
40119_0495_00878;878;;Avenue Corisande;40700;40119;Hagetmau;;;-0.60195;43.660912
40119_a089_00051;51;;lotissement jouanin;40700;40119;Hagetmau;;;-0.604526;43.645759
40119_1655_00016;16;;Rue des Pyrenees;40700;40119;Hagetmau;;;-0.586423;43.653343
40119_0510_00136;136;;Chemin de Coupes;40700;40119;Hagetmau;;;-0.597637;43.643352
40119_ezui8v_00057;57;;Impasse des Dunes;40700;40119;Hagetmau;;;-0.60177;43.66446
40119_1862_00075;75;;Allée de Turre;40700;40119;Hagetmau;;;-0.590266;43.657806
40119_0310_00089;89;;Chemin de Busqueton;40700;40119;Hagetmau;;;-0.602407;43.650293
40119_a034_00077;77;;Hameau de Busquet;40700;40119;Hagetmau;;;-0.586302;43.660581
40119_1276_00530;530;;Rue du Mont Saint-jean;40700;40119;Hagetmau;;;-0.589358;43.655978
40119_1010_00602;602;;Chemin de Largele;40700;40119;Hagetmau;;;-0.569288;43.653189
40119_0260_00024;24;;Chemin de Bidalon;40700;40119;Hagetmau;;;-0.600795;43.658967
40119_0543_00066;66;;Av du Docteur Edouard Castera;40700;40119;Hagetmau;;;-0.593247;43.653402
40119_0084_00039;39;;Rue d'Albret;40700;40119;Hagetmau;;;-0.593404;43.654775
40119_0250_00277;277;;Chemin de Betloc;40700;40119;Hagetmau;;;-0.598359;43.66238
40119_0656_00063;63;;Rue Gramont;40700;40119;Hagetmau;;;-0.593637;43.656877
40119_0872_00195;195;;Route de Lacrabe;40700;40119;Hagetmau;;;-0.58967;43.639801
40119_0310_00035;35;;Chemin de Busqueton;40700;40119;Hagetmau;;;-0.602278;43.650318
40119_0495_00850;850;;Avenue Corisande;40700;40119;Hagetmau;;;-0.601675;43.66065
40119_0385_00094;94;;Rue Carnot;40700;40119;Hagetmau;;;-0.592957;43.65452
40119_1258_00191;191;;Enclos de Mirval;40700;40119;Hagetmau;;;-0.596462;43.650206
40119_2cujop_00039;39;;Rue des Chênes;40700;40119;Hagetmau;;;-0.608169;43.644312
40119_a041_00020;20;;Lotissement Capet Bignaou;40700;40119;Hagetmau;;;-0.60473;43.662138
40119_0270_00134;134;;Chemin de Bieilh;40700;40119;Hagetmau;;;-0.613425;43.644141
40119_0s3n6t_02353;2353;;Route de Nayet;40700;40119;Hagetmau;;;-0.624857;43.664985
40119_0305_00335;335;;Chemin de Busquet;40700;40119;Hagetmau;;;-0.588185;43.661253
40119_0598_00092;92;;Avenue de la Gare;40700;40119;Hagetmau;;;-0.590201;43.658383
40119_1230_00136;136;;Impasse du Midi;40700;40119;Hagetmau;;;-0.590323;43.653641
40119_1x8i7e_00388;388;;Granget;40700;40119;Hagetmau;;;-0.592677;43.6318
40119_a093_00041;41;;Lotissement Laouilhé;40700;40119;Hagetmau;;;-0.60634;43.666005
40119_1713_00187;187;;Route de Saint Cricq Chalosse;40700;40119;Hagetmau;;;-0.620919;43.643623
40119_a034_00224;224;;Hameau de Busquet;40700;40119;Hagetmau;;;-0.585939;43.659859
40119_1736_00032;32;;Rue du Soleil d’Or;40700;40119;Hagetmau;;;-0.585431;43.653452
40119_0385_00152;152;;Rue Carnot;40700;40119;Hagetmau;;;-0.592551;43.654965
40119_0817_00615;615;;Route de Labastide;40700;40119;Hagetmau;;;-0.598815;43.642954
40119_0710_00496_b;496;b;Chemin de Higueres;40700;40119;Hagetmau;;;-0.615795;43.643012
40119_0742_00047;47;;Rue des Jardins;40700;40119;Hagetmau;;;-0.59443;43.655093
40119_n4g419_00779;779;;Rue des Chaisiers;40700;40119;Hagetmau;;;-0.60952;43.639967
40119_1790_00323;323;;chemin de thomas;40700;40119;Hagetmau;;;-0.570497;43.65509
40119_0582_00038;38;;Rue Francis Maysonnave;40700;40119;Hagetmau;;;-0.605605;43.649011
40119_1279_00048;48;;Rue du Moulin;40700;40119;Hagetmau;;;-0.594423;43.654203
40119_0495_00868;868;;Avenue Corisande;40700;40119;Hagetmau;;;-0.601866;43.660602
40119_0541_00412;412;;Route de Doazit;40700;40119;Hagetmau;;;-0.607696;43.666804
40119_0200_00223_b;223;b;Rue de Bel-horizon;40700;40119;Hagetmau;;;-0.586579;43.655501
40119_1655_00042;42;;Rue des Pyrenees;40700;40119;Hagetmau;;;-0.583632;43.654036
40119_1110_00060_bis;60;bis;Rue des Loussets;40700;40119;Hagetmau;;;-0.593797;43.653096
40119_0710_00354;354;;Chemin de Higueres;40700;40119;Hagetmau;;;-0.613868;43.643356
40119_0830_00418;418;;Chemin de Labraouste;40700;40119;Hagetmau;;;-0.568116;43.651442
40119_a020_00006;6;;Lotissement Bidounat;40700;40119;Hagetmau;;;-0.604092;43.663891
40119_0830_00385;385;;Chemin de Labraouste;40700;40119;Hagetmau;;;-0.567662;43.651749
40119_1773_00173;173;;Rue des Tanneries;40700;40119;Hagetmau;;;-0.594243;43.653536
40119_1333_00309;309;;Rue Nugent;40700;40119;Hagetmau;;;-0.594947;43.656606
40119_1715_00207;207;;Rue Saint - Girons;40700;40119;Hagetmau;;;-0.596498;43.657205
40119_1010_00167;167;;Chemin de Largele;40700;40119;Hagetmau;;;-0.574194;43.655093
40119_a091_00003;3;;Lotissement Lissandre;40700;40119;Hagetmau;;;-0.590953;43.664549
40119_1279_00013;13;;Rue du Moulin;40700;40119;Hagetmau;;;-0.594147;43.654462
40119_0582_00066;66;;Rue Francis Maysonnave;40700;40119;Hagetmau;;;-0.603796;43.6493
40119_a035_00014;14;;Lotissement Busqueton;40700;40119;Hagetmau;;;-0.601577;43.651144
40119_0s3n6t_01352;1352;;Route de Nayet;40700;40119;Hagetmau;;;-0.619407;43.658711
40119_1720_00159;159;;Chemin de Saourine;40700;40119;Hagetmau;;;-0.587475;43.638673
40119_1550_00202;202;;Chemin de Piréou;40700;40119;Hagetmau;;;-0.628231;43.646977
40119_0656_00023;23;;Rue Gramont;40700;40119;Hagetmau;;;-0.594047;43.656598
40119_1878_00050;50;;Rue Victor Hugo;40700;40119;Hagetmau;;;-0.592001;43.655247
40119_a093_00017;17;;Lotissement Laouilhé;40700;40119;Hagetmau;;;-0.606832;43.666768
40119_1276_00367;367;;Rue du Mont Saint-jean;40700;40119;Hagetmau;;;-0.590298;43.655144
40119_1272_00319_b;319;b;Route de Monségur;40700;40119;Hagetmau;;;-0.597639;43.648654
40119_1715_00004;4;;Rue Saint - Girons;40700;40119;Hagetmau;;;-0.594653;43.656807
40119_1300_00185;185;;Chemin de Moundette;40700;40119;Hagetmau;;;-0.592722;43.663523
40119_0990_00065;65;;Chemin de Laouilleroun;40700;40119;Hagetmau;;;-0.578145;43.652094
40119_a094_00116;116;;Lotissement de Loustaou;40700;40119;Hagetmau;;;-0.59624;43.657807
40119_mi2l9x_01225;1225;;Centre Commercial Route d'Orthez;40700;40119;Hagetmau;;;-0.61428;43.636567
40119_0872_00807;807;;Route de Lacrabe;40700;40119;Hagetmau;;;-0.591136;43.634654
40119_0872_00340;340;;Route de Lacrabe;40700;40119;Hagetmau;;;-0.589977;43.638528
40119_a034_00041;41;;Hameau de Busquet;40700;40119;Hagetmau;;;-0.586295;43.660904
40119_1140_00010;10;;Passage Louvigny;40700;40119;Hagetmau;;;-0.592807;43.654524
40119_1540_00476;476;;Rue de Piquette;40700;40119;Hagetmau;;;-0.600474;43.655582
40119_1736_00066;66;;Rue du Soleil d’Or;40700;40119;Hagetmau;;;-0.584919;43.654267
40119_1878_00124;124;;Rue Victor Hugo;40700;40119;Hagetmau;;;-0.591515;43.655837
40119_0520_00121;121;;Chemin de Darrouzes;40700;40119;Hagetmau;;;-0.56122;43.65505
40119_1368_00016;16;;Rue Pascal Duprat;40700;40119;Hagetmau;;;-0.594063;43.654919
40119_1718_00946;946;;Route de Samadet;40700;40119;Hagetmau;;;-0.570811;43.655771
40119_0742_00135;135;;Rue des Jardins;40700;40119;Hagetmau;;;-0.595233;43.655316
40119_0598_00064;64;;Avenue de la Gare;40700;40119;Hagetmau;;;-0.590402;43.658609
40119_a099_00013;13;;Lotissement Moundette;40700;40119;Hagetmau;;;-0.594386;43.661262
40119_1500_01400;1400;;Chemin de Peyruc;40700;40119;Hagetmau;;;-0.574515;43.661252
40119_1490_00985;985;;Chemin de Peyroulet;40700;40119;Hagetmau;;;-0.613013;43.649331
40119_0250_00165;165;;Chemin de Betloc;40700;40119;Hagetmau;;;-0.59899;43.661379
40119_1718_00390;390;;Route de Samadet;40700;40119;Hagetmau;;;-0.577549;43.656359
40119_1720_00196;196;;Chemin de Saourine;40700;40119;Hagetmau;;;-0.587486;43.639021
40119_0120_00803;803;;Chemin de Balette;40700;40119;Hagetmau;;;-0.581583;43.649333
40119_0580_00199_a;199;a;Chemin de Fouim;40700;40119;Hagetmau;;;-0.594532;43.642191
40119_1773_00046;46;;Rue des Tanneries;40700;40119;Hagetmau;;;-0.594065;43.653894
40119_0015_00069;69;;Rue de l'Atlantique;40700;40119;Hagetmau;;;-0.602442;43.66402
40119_1530_00064;64;;Chemin de Pinot;40700;40119;Hagetmau;;;-0.589994;43.665091
40119_1572_00016;16;;Rue Potagère;40700;40119;Hagetmau;;;-0.592447;43.654848
40119_0615_00103;103;;Avenue du General Gillot;40700;40119;Hagetmau;;;-0.602958;43.663
40119_1736_00012;12;;Rue du Soleil d’Or;40700;40119;Hagetmau;;;-0.585984;43.654037
40119_1338_00889;889;;Route D'Orthez;40700;40119;Hagetmau;;;-0.612437;43.639221
40119_1782_00055;55;;Rue Thiers;40700;40119;Hagetmau;;;-0.595277;43.652739
40119_1782_00012;12;;Rue Thiers;40700;40119;Hagetmau;;;-0.595353;43.651968
40119_1572_00036;36;;Rue Potagère;40700;40119;Hagetmau;;;-0.592163;43.654897
40119_0385_00533;533;;Rue Carnot;40700;40119;Hagetmau;;;-0.591541;43.658253
40119_08n29k_00050;50;;Impasse des Sabotiers;40700;40119;Hagetmau;;;-0.610992;43.639913
40119_1773_00034;34;;Rue des Tanneries;40700;40119;Hagetmau;;;-0.594405;43.653842
40119_a034_00008;8;;Hameau de Busquet;40700;40119;Hagetmau;;;-0.586418;43.6612
40119_yshwad_00010;10;;Lotissement de la Sabliere;40700;40119;Hagetmau;;;-0.58924;43.659876
40119_1864_00379;379;;Avenue du Tursan;40700;40119;Hagetmau;;;-0.584115;43.657068
40119_0543_00129;129;;Av du Docteur Edouard Castera;40700;40119;Hagetmau;;;-0.592556;43.653138
40119_0710_00272;272;;Chemin de Higueres;40700;40119;Hagetmau;;;-0.612822;43.643005
40119_0370_00119;119;;Chemin de Camhaba;40700;40119;Hagetmau;;;-0.565159;43.653437
40119_a089_00014;14;;lotissement jouanin;40700;40119;Hagetmau;;;-0.603934;43.646342
40119_0084_00133;133;;Rue d'Albret;40700;40119;Hagetmau;;;-0.594264;43.655384
40119_0385_00233;233;;Rue Carnot;40700;40119;Hagetmau;;;-0.592443;43.655703
40119_a089_00046;46;;lotissement jouanin;40700;40119;Hagetmau;;;-0.603536;43.646065
40119_1878_00258;258;;Rue Victor Hugo;40700;40119;Hagetmau;;;-0.590438;43.656747
40119_0543_00053;53;;Av du Docteur Edouard Castera;40700;40119;Hagetmau;;;-0.593197;43.653552
40119_0495_00842;842;;Avenue Corisande;40700;40119;Hagetmau;;;-0.601492;43.660682
40119_a091_00030;30;;Lotissement Lissandre;40700;40119;Hagetmau;;;-0.590989;43.663606
40119_0084_00219;219;;Rue d'Albret;40700;40119;Hagetmau;;;-0.594635;43.65598
40119_0385_00393;393;;Rue Carnot;40700;40119;Hagetmau;;;-0.591957;43.657074
40119_0582_00040;40;;Rue Francis Maysonnave;40700;40119;Hagetmau;;;-0.605934;43.649315
40119_38k95f_00065;65;;Rue des Platanes;40700;40119;Hagetmau;;;-0.608263;43.645154
40119_0768_00013;13;;Rue Jean Moulin;40700;40119;Hagetmau;;;-0.605701;43.64701
40119_0495_00620;620;;Avenue Corisande;40700;40119;Hagetmau;;;-0.598678;43.660127
40119_0654_00023;23;;Place Gramont;40700;40119;Hagetmau;;;-0.592468;43.657473
40119_0582_00056;56;;Rue Francis Maysonnave;40700;40119;Hagetmau;;;-0.605643;43.649527
40119_1230_00216;216;;Impasse du Midi;40700;40119;Hagetmau;;;-0.589276;43.653629
40119_a017_00126;126;;Lotissement Bégué;40700;40119;Hagetmau;;;-0.590877;43.662968
40119_1322_01856;1856;;Chemin de Nayet;40700;40119;Hagetmau;;;-0.617601;43.660983
40119_0495_00043;43;;Avenue Corisande;40700;40119;Hagetmau;;;-0.591825;43.658518
40119_1720_00306_b;306;b;Chemin de Saourine;40700;40119;Hagetmau;;;-0.588815;43.639299
40119_1692_00114;114;;Avenue Robert Ducournau;40700;40119;Hagetmau;;;-0.597122;43.651831
40119_1338_00468;468;;Route D'Orthez;40700;40119;Hagetmau;;;-0.609637;43.642212
40119_1366_00080;80;;Place Pascal Duprat;40700;40119;Hagetmau;;;-0.593928;43.654121
40119_0120_00337;337;;Chemin de Balette;40700;40119;Hagetmau;;;-0.586421;43.651826
40119_0250_00471;471;;Chemin de Betloc;40700;40119;Hagetmau;;;-0.597049;43.664261
40119_1878_00144;144;;Rue Victor Hugo;40700;40119;Hagetmau;;;-0.591404;43.655981
40119_0817_00690;690;;Route de Labastide;40700;40119;Hagetmau;;;-0.599155;43.642433
40119_a125_00010;10;;Lotissement Venise;40700;40119;Hagetmau;;;-0.599952;43.653653
40119_1718_01057;1057;;Route de Samadet;40700;40119;Hagetmau;;;-0.569322;43.655665
40119_0710_00138;138;;Chemin de Higueres;40700;40119;Hagetmau;;;-0.612791;43.643716
40119_a020_00035;35;;Lotissement Bidounat;40700;40119;Hagetmau;;;-0.606054;43.663092
40119_1878_00018;18;;Rue Victor Hugo;40700;40119;Hagetmau;;;-0.592411;43.655138
40119_0385_00537;537;;Rue Carnot;40700;40119;Hagetmau;;;-0.591513;43.658309
40119_0200_00303_a;303;a;Rue de Bel-horizon;40700;40119;Hagetmau;;;-0.585233;43.6555
40119_0098_00010;10;;Rue Saint Exupery;40700;40119;Hagetmau;;;-0.606401;43.64663
40119_0400_00195;195;;Chemin de Castelnau;40700;40119;Hagetmau;;;-0.581846;43.653722
40119_1276_00198;198;;Rue du Mont Saint-jean;40700;40119;Hagetmau;;;-0.588941;43.655454
40119_a125_00016;16;;Lotissement Venise;40700;40119;Hagetmau;;;-0.60167;43.654057
40119_a093_00052;52;;Lotissement Laouilhé;40700;40119;Hagetmau;;;-0.605744;43.667153
40119_0990_00228;228;;Chemin de Laouilleroun;40700;40119;Hagetmau;;;-0.575456;43.652068
40119_nj8f47_00125;125;;Lotissement Le Clos de Diane;40700;40119;Hagetmau;;;-0.59351;43.661075
40119_0710_00327;327;;Chemin de Higueres;40700;40119;Hagetmau;;;-0.613687;43.643158
40119_0588_00121;121;;Rue Gambetta;40700;40119;Hagetmau;;;-0.593719;43.656015
40119_0656_00206;206;;Rue Gramont;40700;40119;Hagetmau;;;-0.592051;43.657313
40119_1276_00118;118;;Rue du Mont Saint-jean;40700;40119;Hagetmau;;;-0.588962;43.656021
40119_0541_00821;821;;Route de Doazit;40700;40119;Hagetmau;;;-0.612087;43.669314
40119_1098_01207;1207;;Chemin des Loussets;40700;40119;Hagetmau;;;-0.58647;43.643639
40119_a089_00009;9;;lotissement jouanin;40700;40119;Hagetmau;;;-0.604365;43.64642
40119_1864_00347;347;;Avenue du Tursan;40700;40119;Hagetmau;;;-0.584438;43.657085
40119_0385_00327;327;;Rue Carnot;40700;40119;Hagetmau;;;-0.592164;43.656487
40119_0817_00208;208;;Route de Labastide;40700;40119;Hagetmau;;;-0.598269;43.646711
40119_0090_00031;31;;Passage d’Andouins;40700;40119;Hagetmau;;;-0.593927;43.65484
40119_a099_00023;23;;Lotissement Moundette;40700;40119;Hagetmau;;;-0.595424;43.660397
40119_0120_00325;325;;Chemin de Balette;40700;40119;Hagetmau;;;-0.586808;43.652097
40119_1876_00031;31;;Rue de la Venerie;40700;40119;Hagetmau;;;-0.593484;43.656286
40119_1878_00294;294;;Rue Victor Hugo;40700;40119;Hagetmau;;;-0.590085;43.656923
40119_0495_00070;70;;Avenue Corisande;40700;40119;Hagetmau;;;-0.592059;43.659118
40119_35hxpg_01772;1772;;Monplaisir;40700;40119;Hagetmau;;;-0.618914;43.639776
40119_a041_00003;3;;Lotissement Capet Bignaou;40700;40119;Hagetmau;;;-0.60345;43.661818
40119_1790_00193;193;;chemin de thomas;40700;40119;Hagetmau;;;-0.555043;43.651314
40119_1080_00228;228;;Chemin de la Ligne;40700;40119;Hagetmau;;;-0.580585;43.654556
40119_a026_00006;6;;Lotissement le Bois de Bidalon;40700;40119;Hagetmau;;;-0.599092;43.658877
40119_1572_00039;39;;Rue Potagère;40700;40119;Hagetmau;;;-0.592129;43.654957
40119_a090_00018;18;;Lotissement Jeandemay;40700;40119;Hagetmau;;;-0.602402;43.644802
40119_1736_00027;27;;Rue du Soleil d’Or;40700;40119;Hagetmau;;;-0.585781;43.653806
40119_1333_00191;191;;Rue Nugent;40700;40119;Hagetmau;;;-0.595548;43.65565
40119_yshwad_00016;16;;Lotissement de la Sabliere;40700;40119;Hagetmau;;;-0.588684;43.660268
40119_1782_00136;136;;Rue Thiers;40700;40119;Hagetmau;;;-0.594487;43.653171
40119_a093_00009;9;;Lotissement Laouilhé;40700;40119;Hagetmau;;;-0.606202;43.667654
40119_1410_00720;720;;Chemin de Peliot;40700;40119;Hagetmau;;;-0.565419;43.650063
40119_1718_00145_c;145;c;Route de Samadet;40700;40119;Hagetmau;;;-0.580656;43.656908
40119_1715_00363;363;;Rue Saint - Girons;40700;40119;Hagetmau;;;-0.598432;43.657514
40119_1715_00259;259;;Rue Saint - Girons;40700;40119;Hagetmau;;;-0.59713;43.657307
40119_1715_00239;239;;Rue Saint - Girons;40700;40119;Hagetmau;;;-0.596929;43.657276
40119_a090_00025;25;;Lotissement Jeandemay;40700;40119;Hagetmau;;;-0.601957;43.644395
40119_0545_00085;85;;Rue du Docteur Larquier;40700;40119;Hagetmau;;;-0.593503;43.65559
40119_a020_00013;13;;Lotissement Bidounat;40700;40119;Hagetmau;;;-0.604912;43.664202
40119_a125_00018;18;;Lotissement Venise;40700;40119;Hagetmau;;;-0.601615;43.653526
40119_0212_00011;11;;Route de Bellevue;40700;40119;Hagetmau;;;-0.591274;43.659086
40119_0100_00006;6;;Porte d'Aquitaine;40700;40119;Hagetmau;;;-0.585299;43.654038
40119_0520_00115;115;;Chemin de Darrouzes;40700;40119;Hagetmau;;;-0.561108;43.655039
40119_1272_00466;466;;Route de Monségur;40700;40119;Hagetmau;;;-0.596504;43.647572
40119_0s3n6t_01674;1674;;Route de Nayet;40700;40119;Hagetmau;;;-0.62162;43.661182
40119_a125_00020;20;;Lotissement Venise;40700;40119;Hagetmau;;;-0.601106;43.653406
40119_0656_00064;64;;Rue Gramont;40700;40119;Hagetmau;;;-0.593582;43.656829
40119_1020_00031;31;;Chemin de Larode;40700;40119;Hagetmau;;;-0.595852;43.659548
40119_1410_00752;752;;Chemin de Peliot;40700;40119;Hagetmau;;;-0.565865;43.650324
40119_1320_00228;228;;Chemin de Mourères;40700;40119;Hagetmau;;;-0.578754;43.652276
40119_0430_00435;435;;Route de Cazalis;40700;40119;Hagetmau;;;-0.622033;43.638001
40119_0598_00339;339;;Avenue de la Gare;40700;40119;Hagetmau;;;-0.58714;43.658324
40119_1736_00006;6;;Rue du Soleil d’Or;40700;40119;Hagetmau;;;-0.586305;43.654328
40119_a125_00029;29;;Lotissement Venise;40700;40119;Hagetmau;;;-0.598272;43.652393
40119_oz57a9_00026;26;;Papagnan;40700;40119;Hagetmau;;;-0.620102;43.666358
40119_1718_01135;1135;;Route de Samadet;40700;40119;Hagetmau;;;-0.568624;43.655506
40119_a093_00007;7;;Lotissement Laouilhé;40700;40119;Hagetmau;;;-0.606479;43.667304
40119_0385_00357;357;;Rue Carnot;40700;40119;Hagetmau;;;-0.59207;43.656749
40119_0490_00305;305;;Chemin de Claron;40700;40119;Hagetmau;;;-0.573668;43.658277
40119_0582_00034;34;;Rue Francis Maysonnave;40700;40119;Hagetmau;;;-0.604497;43.648752
40119_0270_00116;116;;Chemin de Bieilh;40700;40119;Hagetmau;;;-0.613568;43.64399
40119_1713_00544;544;;Route de Saint Cricq Chalosse;40700;40119;Hagetmau;;;-0.625167;43.643831
40119_0310_00436;436;;Chemin de Busqueton;40700;40119;Hagetmau;;;-0.606773;43.649622
40119_a125_00062;62;;Lotissement Venise;40700;40119;Hagetmau;;;-0.599745;43.652081
40119_1400_00417;417;;Chemin de Pehoun;40700;40119;Hagetmau;;;-0.57826;43.667601
40119_0120_00077;77;;Chemin de Balette;40700;40119;Hagetmau;;;-0.588975;43.652861
40119_0s3n6t_01615;1615;;Route de Nayet;40700;40119;Hagetmau;;;-0.622727;43.660095
40119_0495_00719;719;;Avenue Corisande;40700;40119;Hagetmau;;;-0.600485;43.66027
40119_1715_00212;212;;Rue Saint - Girons;40700;40119;Hagetmau;;;-0.596562;43.65726
40119_0656_00073;73;;Rue Gramont;40700;40119;Hagetmau;;;-0.593692;43.65709
40119_1630_00289;289;;Chemin de Prentigarde;40700;40119;Hagetmau;;;-0.565862;43.650022
40119_1325_00312;312;;Chemin de Nice;40700;40119;Hagetmau;;;-0.597239;43.643383
40119_1715_00305;305;;Rue Saint - Girons;40700;40119;Hagetmau;;;-0.597531;43.657361
40119_0240_00052;52;;Chemin de Bethleem;40700;40119;Hagetmau;;;-0.608052;43.66363
40119_oq4drz_00058;58;;Rue de la Hétraie;40700;40119;Hagetmau;;;-0.608807;43.644087
40119_0200_00303;303;;Rue de Bel-horizon;40700;40119;Hagetmau;;;-0.58571;43.655225
40119_0305_00089;89;;Chemin de Busquet;40700;40119;Hagetmau;;;-0.59018;43.659426
40119_0s3n6t_00413;413;;Route de Nayet;40700;40119;Hagetmau;;;-0.607645;43.658735
40119_0541_00677;677;;Route de Doazit;40700;40119;Hagetmau;;;-0.610222;43.668196
40119_1272_00181;181;;Route de Monségur;40700;40119;Hagetmau;;;-0.597639;43.650753
40119_1655_00011;11;;Rue des Pyrenees;40700;40119;Hagetmau;;;-0.586641;43.65388
40119_0656_00184;184;;Rue Gramont;40700;40119;Hagetmau;;;-0.592353;43.657257
40119_0385_00207;207;;Rue Carnot;40700;40119;Hagetmau;;;-0.592522;43.655461
40119_1715_00035;35;;Rue Saint - Girons;40700;40119;Hagetmau;;;-0.594499;43.656624
40119_0454_00001;1;;Avenue Charles Domercq;40700;40119;Hagetmau;;;-0.592369;43.654237
40119_1718_00539;539;;Route de Samadet;40700;40119;Hagetmau;;;-0.575797;43.656281
40119_0590_00049;49;;Rue de Gamardon;40700;40119;Hagetmau;;;-0.59539;43.655716
40119_0s3n6t_02075;2075;;Route de Nayet;40700;40119;Hagetmau;;;-0.621333;43.664245
40119_1366_00008;8;;Place Pascal Duprat;40700;40119;Hagetmau;;;-0.59376;43.654456
40119_0168_00064;64;;Impasse du Béarn;40700;40119;Hagetmau;;;-0.583493;43.65264
40119_1010_00503;503;;Chemin de Largele;40700;40119;Hagetmau;;;-0.570176;43.653998
40119_a090_00017;17;;Lotissement Jeandemay;40700;40119;Hagetmau;;;-0.602028;43.645034
40119_1276_00418;418;;Rue du Mont Saint-jean;40700;40119;Hagetmau;;;-0.590005;43.655375
40119_0385_00525;525;;Rue Carnot;40700;40119;Hagetmau;;;-0.591568;43.658175
40119_a125_00012;12;;Lotissement Venise;40700;40119;Hagetmau;;;-0.600571;43.65387
40119_1272_00885;885;;Route de Monségur;40700;40119;Hagetmau;;;-0.593454;43.644597
40119_1718_00056;56;;Route de Samadet;40700;40119;Hagetmau;;;-0.581672;43.65672
40119_0545_00075;75;;Rue du Docteur Larquier;40700;40119;Hagetmau;;;-0.593846;43.655746
40119_1272_00325;325;;Route de Monségur;40700;40119;Hagetmau;;;-0.597554;43.648586
40119_0210_00030;30;;Chemin de Bellegarde;40700;40119;Hagetmau;;;-0.61182;43.642315
40119_0171_00030;30;;Rue du Béarn;40700;40119;Hagetmau;;;-0.584468;43.652607
40119_1878_00286;286;;Rue Victor Hugo;40700;40119;Hagetmau;;;-0.590176;43.656881
40119_0180_00392;392;;Chemin de Beaupré;40700;40119;Hagetmau;;;-0.572363;43.650314
40119_0872_00550;550;;Route de Lacrabe;40700;40119;Hagetmau;;;-0.590416;43.636372
40119_0710_00145;145;;Chemin de Higueres;40700;40119;Hagetmau;;;-0.611619;43.642522
40119_a087_00145;145;;Lotissement les Hauts de Miremont;40700;40119;Hagetmau;;;-0.584069;43.656117
40119_a034_00011;11;;Hameau de Busquet;40700;40119;Hagetmau;;;-0.586267;43.661134
40119_a099_00010;10;;Lotissement Moundette;40700;40119;Hagetmau;;;-0.594402;43.661587
40119_pynnli_00940;940;;Route de Guichot;40700;40119;Hagetmau;;;-0.592753;43.636656
40119_1258_00167;167;;Enclos de Mirval;40700;40119;Hagetmau;;;-0.595779;43.650772
40119_0084_00017;17;;Rue d'Albret;40700;40119;Hagetmau;;;-0.593283;43.654696
40119_1276_00379;379;;Rue du Mont Saint-jean;40700;40119;Hagetmau;;;-0.59034;43.655009
40119_0817_00146;146;;Route de Labastide;40700;40119;Hagetmau;;;-0.598228;43.6471
40119_1110_00160;160;;Rue des Loussets;40700;40119;Hagetmau;;;-0.593313;43.652177
40119_0768_00027;27;;Rue Jean Moulin;40700;40119;Hagetmau;;;-0.605359;43.648148
40119_0490_00860;860;;Chemin de Claron;40700;40119;Hagetmau;;;-0.561066;43.661582
40119_jttbez_00228;228;;Chemin de Laplatane;40700;40119;Hagetmau;;;-0.571013;43.651539
40119_a089_00020;20;;lotissement jouanin;40700;40119;Hagetmau;;;-0.602447;43.6465
40119_0588_00074;74;;Rue Gambetta;40700;40119;Hagetmau;;;-0.593241;43.655773
40119_0305_00303;303;;Chemin de Busquet;40700;40119;Hagetmau;;;-0.588519;43.661064
40119_yshwad_00012;12;;Lotissement de la Sabliere;40700;40119;Hagetmau;;;-0.588915;43.659896
40119_1782_00221;221;;Rue Thiers;40700;40119;Hagetmau;;;-0.593947;43.653738
40119_0171_00095;95;;Rue du Béarn;40700;40119;Hagetmau;;;-0.583958;43.652095
40119_rq5eta_00726;726;;La Ville;40700;40119;Hagetmau;;;-0.596797;43.654687
40119_a094_00104;104;;Lotissement de Loustaou;40700;40119;Hagetmau;;;-0.596405;43.657925
40119_0015_00144;144;;Rue de l'Atlantique;40700;40119;Hagetmau;;;-0.601833;43.663768
40119_0130_00212;212;;Chemin de Balous;40700;40119;Hagetmau;;;-0.599792;43.662728
40119_1322_01676;1676;;Chemin de Nayet;40700;40119;Hagetmau;;;-0.62074;43.660845
40119_0742_00088;88;;Rue des Jardins;40700;40119;Hagetmau;;;-0.59494;43.655007
40119_1715_00363_bis;363;bis;Rue Saint - Girons;40700;40119;Hagetmau;;;-0.598455;43.657455
40119_a035_00025;25;;Lotissement Busqueton;40700;40119;Hagetmau;;;-0.601701;43.65101
40119_1715_00295;295;;Rue Saint - Girons;40700;40119;Hagetmau;;;-0.597557;43.657368
40119_1440_00129;129;;Chemin de Pentecôte;40700;40119;Hagetmau;;;-0.569399;43.654814
40119_1276_00436;436;;Rue du Mont Saint-jean;40700;40119;Hagetmau;;;-0.58995;43.655534
40119_0598_00116;116;;Avenue de la Gare;40700;40119;Hagetmau;;;-0.589889;43.658019
40119_1675_00054;54;;Place de la Republique;40700;40119;Hagetmau;;;-0.593177;43.655433
40119_a035_00026;26;;Lotissement Busqueton;40700;40119;Hagetmau;;;-0.601656;43.650701
40119_0582_00048;48;;Rue Francis Maysonnave;40700;40119;Hagetmau;;;-0.603847;43.64875
40119_0200_00256;256;;Rue de Bel-horizon;40700;40119;Hagetmau;;;-0.586119;43.655067
40119_1366_00015;15;;Place Pascal Duprat;40700;40119;Hagetmau;;;-0.593641;43.654494
40119_0250_00173;173;;Chemin de Betloc;40700;40119;Hagetmau;;;-0.598995;43.661825
40119_1148_00093;93;;Avenue Lubet Barbon;40700;40119;Hagetmau;;;-0.588148;43.657826
40119_1834_00449;449;;Avenue du Trace;40700;40119;Hagetmau;;;-0.60488;43.646877
40119_0742_00239;239;;Rue des Jardins;40700;40119;Hagetmau;;;-0.595311;43.656281
40119_0598_00746_bis;746;bis;Avenue de la Gare;40700;40119;Hagetmau;;;-0.582909;43.657802
40119_w3wuqz_00002;2;;Zone Artisanale de l’Ocean;40700;40119;Hagetmau;;;-0.601349;43.664645
40119_1718_00110;110;;Route de Samadet;40700;40119;Hagetmau;;;-0.581208;43.656678
40119_1020_00533;533;;Chemin de Larode;40700;40119;Hagetmau;;;-0.599395;43.658113
40119_1098_01416;1416;;Chemin des Loussets;40700;40119;Hagetmau;;;-0.587461;43.642278
40119_1655_00035;35;;Rue des Pyrenees;40700;40119;Hagetmau;;;-0.584468;43.65309
40119_1630_01391;1391;;Chemin de Prentigarde;40700;40119;Hagetmau;;;-0.555214;43.646678
40119_1878_00066;66;;Rue Victor Hugo;40700;40119;Hagetmau;;;-0.591866;43.655385
40119_1782_00029;29;;Rue Thiers;40700;40119;Hagetmau;;;-0.59402;43.653811
40119_1864_00402;402;;Avenue du Tursan;40700;40119;Hagetmau;;;-0.583867;43.656914
40119_yshwad_00003;3;;Lotissement de la Sabliere;40700;40119;Hagetmau;;;-0.58848;43.659635
40119_a089_00018;18;;lotissement jouanin;40700;40119;Hagetmau;;;-0.603052;43.646608
40119_a089_00053;53;;lotissement jouanin;40700;40119;Hagetmau;;;-0.605295;43.64547
40119_0495_00445;445;;Avenue Corisande;40700;40119;Hagetmau;;;-0.596935;43.659823
40119_0598_00591;591;;Avenue de la Gare;40700;40119;Hagetmau;;;-0.58411;43.659127
40119_0817_00256;256;;Route de Labastide;40700;40119;Hagetmau;;;-0.598282;43.646418
40119_0980_00020;20;;Chemin de Laouilhe;40700;40119;Hagetmau;;;-0.562809;43.654283
40119_a087_00026;26;;Lotissement les Hauts de Miremont;40700;40119;Hagetmau;;;-0.584302;43.65551
40119_a125_00028;28;;Lotissement Venise;40700;40119;Hagetmau;;;-0.598034;43.652294
40119_a020_00003;3;;Lotissement Bidounat;40700;40119;Hagetmau;;;-0.605155;43.663329
40119_1276_00513;513;;Rue du Mont Saint-jean;40700;40119;Hagetmau;;;-0.589448;43.656035
40119_1210_00093;93;;Chemin de Melet;40700;40119;Hagetmau;;;-0.601572;43.658247
40119_0970_00143;143;;Chemin de Lannemas;40700;40119;Hagetmau;;;-0.625286;43.645002
40119_1320_00117;117;;Chemin de Mourères;40700;40119;Hagetmau;;;-0.57937;43.652408
40119_0385_00336;336;;Rue Carnot;40700;40119;Hagetmau;;;-0.591986;43.656546
40119_1715_00069;69;;Rue Saint - Girons;40700;40119;Hagetmau;;;-0.594947;43.656841
40119_1718_01787;1787;;Route de Samadet;40700;40119;Hagetmau;;;-0.560916;43.653601
40119_1270_00360;360;;Chemin de Molia;40700;40119;Hagetmau;;;-0.57897;43.656545
40119_0750_00015;15;;Chemin de Jeanchicot;40700;40119;Hagetmau;;;-0.606362;43.64583
40119_0541_00483;483;;Route de Doazit;40700;40119;Hagetmau;;;-0.60863;43.667163
40119_0543_00009;9;;Av du Docteur Edouard Castera;40700;40119;Hagetmau;;;-0.593674;43.653854
40119_0385_00265;265;;Rue Carnot;40700;40119;Hagetmau;;;-0.592349;43.655958
40119_0598_00309;309;;Avenue de la Gare;40700;40119;Hagetmau;;;-0.587414;43.658306
40119_1333_00215;215;;Rue Nugent;40700;40119;Hagetmau;;;-0.595506;43.655892
40119_1718_01466_a;1466;a;Route de Samadet;40700;40119;Hagetmau;;;-0.564448;43.654144
40119_0730_00554;554;;Route de Horsarrieu;40700;40119;Hagetmau;;;-0.588752;43.671959
40119_1390_00393;393;;Chemin de Pedessega;40700;40119;Hagetmau;;;-0.606357;43.633522
40119_0310_00109;109;;Chemin de Busqueton;40700;40119;Hagetmau;;;-0.602679;43.650009
40119_a125_00049;49;;Lotissement Venise;40700;40119;Hagetmau;;;-0.59994;43.652529
40119_1279_00028;28;;Rue du Moulin;40700;40119;Hagetmau;;;-0.59427;43.654377
40119_1366_00040;40;;Place Pascal Duprat;40700;40119;Hagetmau;;;-0.594077;43.654017
40119_0880_00003;3;;Chemin des Lacs d’Halco;40700;40119;Hagetmau;;;-0.632847;43.638836
40119_0200_00012;12;;Rue de Bel-horizon;40700;40119;Hagetmau;;;-0.589103;43.654877
40119_1128_00026;26;;Rue de Loustaou;40700;40119;Hagetmau;;;-0.592882;43.658577
40119_1279_00006;6;;Rue du Moulin;40700;40119;Hagetmau;;;-0.606065;43.646334
40119_1692_00360;360;;Avenue Robert Ducournau;40700;40119;Hagetmau;;;-0.599951;43.650793
40119_0768_00023;23;;Rue Jean Moulin;40700;40119;Hagetmau;;;-0.606363;43.647482
40119_0598_00409_bis;409;bis;Avenue de la Gare;40700;40119;Hagetmau;;;-0.586283;43.658459
40119_0970_00527;527;;Chemin de Lannemas;40700;40119;Hagetmau;;;-0.627024;43.648188
40119_1864_00340;340;;Avenue du Tursan;40700;40119;Hagetmau;;;-0.584622;43.656957
40119_1338_00171;171;;Route D'Orthez;40700;40119;Hagetmau;;;-0.607246;43.64451
40119_1878_00096;96;;Rue Victor Hugo;40700;40119;Hagetmau;;;-0.59166;43.65564
40119_0212_00482;482;;Route de Bellevue;40700;40119;Hagetmau;;;-0.589611;43.663186
40119_a020_00014;14;;Lotissement Bidounat;40700;40119;Hagetmau;;;-0.605309;43.6644
40119_0385_00373;373;;Rue Carnot;40700;40119;Hagetmau;;;-0.592013;43.656913
40119_0430_00469;469;;Route de Cazalis;40700;40119;Hagetmau;;;-0.622686;43.637929
40119_1140_00041_a;41;a;Passage Louvigny;40700;40119;Hagetmau;;;-0.592424;43.65438
40119_1675_00058;58;;Place de la Republique;40700;40119;Hagetmau;;;-0.593177;43.655433
40119_0140_00532;532;;Chemin de Barbe;40700;40119;Hagetmau;;;-0.615217;43.649494
40119_0768_00017;17;;Rue Jean Moulin;40700;40119;Hagetmau;;;-0.606059;43.647617
40119_0588_00109;109;;Rue Gambetta;40700;40119;Hagetmau;;;-0.593629;43.655943
40119_0742_00019;19;;Rue des Jardins;40700;40119;Hagetmau;;;-0.595523;43.656246
40119_0385_00119;119;;Rue Carnot;40700;40119;Hagetmau;;;-0.592863;43.654751
40119_a091_00010;10;;Lotissement Lissandre;40700;40119;Hagetmau;;;-0.5913;43.664058
40119_0598_00554;554;;Avenue de la Gare;40700;40119;Hagetmau;;;-0.584491;43.658842
40119_75cw8h_00075;75;;Rue Francis Maisonnave;40700;40119;Hagetmau;;;-0.604559;43.649965
40119_1040_00603;603;;Chemin Larrigade;40700;40119;Hagetmau;;;-0.607184;43.664497
40119_1098_01071;1071;;Chemin des Loussets;40700;40119;Hagetmau;;;-0.587322;43.644746
40119_1276_00295;295;;Rue du Mont Saint-jean;40700;40119;Hagetmau;;;-0.589561;43.654815
40119_1736_00060;60;;Rue du Soleil d’Or;40700;40119;Hagetmau;;;-0.585494;43.65433
40119_0084_00089;89;;Rue d'Albret;40700;40119;Hagetmau;;;-0.593887;43.655157
40119_0495_00892;892;;Avenue Corisande;40700;40119;Hagetmau;;;-0.602099;43.66047
40119_0940_00317;317;;Chemin de Lamarque;40700;40119;Hagetmau;;;-0.566651;43.648226
40119_a093_00043;43;;Lotissement Laouilhé;40700;40119;Hagetmau;;;-0.605331;43.667517
40119_1782_00016_b;16;b;Rue Thiers;40700;40119;Hagetmau;;;-0.594493;43.651573
40119_1440_00207;207;;Chemin de Pentecôte;40700;40119;Hagetmau;;;-0.569595;43.654069
40119_0084_00083;83;;Rue d'Albret;40700;40119;Hagetmau;;;-0.593827;43.655112
40119_1718_00016;16;;Route de Samadet;40700;40119;Hagetmau;;;-0.582332;43.656789
40119_1736_00040;40;;Rue du Soleil d’Or;40700;40119;Hagetmau;;;-0.584637;43.653805
40119_1279_00163_b;163;b;Rue du Moulin;40700;40119;Hagetmau;;;-0.595005;43.653317
40119_0708_01010;1010;;Avenue Henri Castelnau;40700;40119;Hagetmau;;;-0.585273;43.676195
40119_1718_00637;637;;Route de Samadet;40700;40119;Hagetmau;;;-0.574641;43.656171
40119_1030_00276;276;;Chemin de Larraoucq;40700;40119;Hagetmau;;;-0.599298;43.631793
40119_1718_00767;767;;Route de Samadet;40700;40119;Hagetmau;;;-0.57321;43.656058
40119_0543_00048;48;;Av du Docteur Edouard Castera;40700;40119;Hagetmau;;;-0.593435;43.653522
40119_1782_00150;150;;Rue Thiers;40700;40119;Hagetmau;;;-0.594381;43.653253
40119_fy34c2_00474;474;;Chemin de Rey Lalanne;40700;40119;Hagetmau;;;-0.601955;43.642134
40119_0430_00164;164;;Route de Cazalis;40700;40119;Hagetmau;;;-0.618974;43.638718
40119_a026_00008;8;;Lotissement le Bois de Bidalon;40700;40119;Hagetmau;;;-0.599092;43.658877
40119_0385_00087;87;;Rue Carnot;40700;40119;Hagetmau;;;-0.593099;43.654571
40119_0120_01455;1455;;Chemin de Balette;40700;40119;Hagetmau;;;-0.57406;43.648344
40119_0598_00365;365;;Avenue de la Gare;40700;40119;Hagetmau;;;-0.586792;43.658529
40119_0654_00088;88;;Place Gramont;40700;40119;Hagetmau;;;-0.592523;43.658276
40119_1864_00168;168;;Avenue du Tursan;40700;40119;Hagetmau;;;-0.58679;43.657175
40119_0385_00221;221;;Rue Carnot;40700;40119;Hagetmau;;;-0.592474;43.655602
40119_0330_00488;488;;Chemin de Caillabet;40700;40119;Hagetmau;;;-0.609889;43.661524
40119_0616_00119;119;;Avenue Georges Pompidou;40700;40119;Hagetmau;;;-0.594162;43.658296
40119_a017_00202;202;;Lotissement Bégué;40700;40119;Hagetmau;;;-0.591043;43.662471
40119_1720_00345;345;;Chemin de Saourine;40700;40119;Hagetmau;;;-0.58904;43.639152
40119_a093_00015;15;;Lotissement Laouilhé;40700;40119;Hagetmau;;;-0.605741;43.667124
40119_0598_00273;273;;Avenue de la Gare;40700;40119;Hagetmau;;;-0.587923;43.65833
40119_0750_00199;199;;Chemin de Jeanchicot;40700;40119;Hagetmau;;;-0.608458;43.646097
40119_1864_00231;231;;Avenue du Tursan;40700;40119;Hagetmau;;;-0.585962;43.657228
40119_qehd8s_00021;21;;Lahire;40700;40119;Hagetmau;;;-0.618938;43.669484
40119_0615_00002;2;;Avenue du General Gillot;40700;40119;Hagetmau;;;-0.603614;43.663689
40119_0385_00076;76;;Rue Carnot;40700;40119;Hagetmau;;;-0.593123;43.654399
40119_0385_00341;341;;Rue Carnot;40700;40119;Hagetmau;;;-0.592116;43.656616
40119_1279_00036;36;;Rue du Moulin;40700;40119;Hagetmau;;;-0.594304;43.654339
40119_1020_00046;46;;Chemin de Larode;40700;40119;Hagetmau;;;-0.596206;43.659512
40119_0suwok_00079;79;;Impasse des Pins;40700;40119;Hagetmau;;;-0.600242;43.66491
40119_0545_00054;54;;Rue du Docteur Larquier;40700;40119;Hagetmau;;;-0.593752;43.655359
40119_1630_00300;300;;Chemin de Prentigarde;40700;40119;Hagetmau;;;-0.566177;43.648971
40119_1500_00037;37;;Chemin de Peyruc;40700;40119;Hagetmau;;;-0.58579;43.666871
40119_1782_00201;201;;Rue Thiers;40700;40119;Hagetmau;;;-0.594025;43.653655
40119_yshwad_00022;22;;Lotissement de la Sabliere;40700;40119;Hagetmau;;;-0.588315;43.660163
40119_a090_00011;11;;Lotissement Jeandemay;40700;40119;Hagetmau;;;-0.60104;43.64605
40119_w3wuqz_00005;5;;Zone Artisanale de l’Ocean;40700;40119;Hagetmau;;;-0.601349;43.664645
40119_0260_00005;5;;Chemin de Bidalon;40700;40119;Hagetmau;;;-0.599866;43.660205
40119_1020_00438;438;;Chemin de Larode;40700;40119;Hagetmau;;;-0.597267;43.658864
40119_0872_01261;1261;;Route de Lacrabe;40700;40119;Hagetmau;;;-0.589259;43.630875
40119_0212_00512;512;;Route de Bellevue;40700;40119;Hagetmau;;;-0.588192;43.663519
40119_0140_00056;56;;Chemin de Barbe;40700;40119;Hagetmau;;;-0.61509;43.649333
40119_0817_00261;261;;Route de Labastide;40700;40119;Hagetmau;;;-0.598217;43.646299
40119_a034_00107;107;;Hameau de Busquet;40700;40119;Hagetmau;;;-0.586324;43.660321
40119_0710_00426;426;;Chemin de Higueres;40700;40119;Hagetmau;;;-0.612508;43.64304
40119_1080_00204;204;;Chemin de la Ligne;40700;40119;Hagetmau;;;-0.580897;43.65499
40119_yshwad_00017;17;;Lotissement de la Sabliere;40700;40119;Hagetmau;;;-0.588556;43.660367
40119_0543_00069;69;;Av du Docteur Edouard Castera;40700;40119;Hagetmau;;;-0.593059;43.653463
40119_1333_00125;125;;Rue Nugent;40700;40119;Hagetmau;;;-0.595433;43.655044
40119_1710_00300_bis;300;bis;Rue de la Sabliere;40700;40119;Hagetmau;;;-0.587684;43.660834
40119_1098_00693;693;;Chemin des Loussets;40700;40119;Hagetmau;;;-0.588781;43.647893
40119_1276_00264;264;;Rue du Mont Saint-jean;40700;40119;Hagetmau;;;-0.589282;43.655019
40119_0656_00146;146;;Rue Gramont;40700;40119;Hagetmau;;;-0.592704;43.657157
40119_0495_00204;204;;Avenue Corisande;40700;40119;Hagetmau;;;-0.593728;43.659458
40119_75cw8h_00052;52;;Rue Francis Maisonnave;40700;40119;Hagetmau;;;-0.604102;43.649323
40119_1878_00369;369;;Rue Victor Hugo;40700;40119;Hagetmau;;;-0.589875;43.657127
40119_n4g419_00054;54;;Rue des Chaisiers;40700;40119;Hagetmau;;;-0.613349;43.637111
40119_1080_01086;1086;;Chemin de la Ligne;40700;40119;Hagetmau;;;-0.578027;43.651857
40119_1655_00019;19;;Rue des Pyrenees;40700;40119;Hagetmau;;;-0.586525;43.653645
40119_0465_00846;846;;Rue du Chene Vert;40700;40119;Hagetmau;;;-0.594051;43.658462
40119_0330_00101_b;101;b;Chemin de Caillabet;40700;40119;Hagetmau;;;-0.606143;43.660114
40119_0598_00508;508;;Avenue de la Gare;40700;40119;Hagetmau;;;-0.585054;43.658599
40119_0541_00736;736;;Route de Doazit;40700;40119;Hagetmau;;;-0.610681;43.668685
40119_0385_00581;581;;Rue Carnot;40700;40119;Hagetmau;;;-0.591413;43.658714
40119_1736_00041;41;;Rue du Soleil d’Or;40700;40119;Hagetmau;;;-0.584708;43.653881
40119_4bt0mb_00148;148;;Bazaillac;40700;40119;Hagetmau;;;-0.584252;43.672368
40119_1692_00451;451;;Avenue Robert Ducournau;40700;40119;Hagetmau;;;-0.600987;43.650298
40119_a088_00124;124;;Lotissement Le Hameau du Louts;40700;40119;Hagetmau;;;-0.603651;43.653246
40119_a017_00166;166;;Lotissement Bégué;40700;40119;Hagetmau;;;-0.591054;43.662983
40119_1338_01440;1440;;Route D'Orthez;40700;40119;Hagetmau;;;-0.616768;43.634924
40119_1530_00374;374;;Chemin de Pinot;40700;40119;Hagetmau;;;-0.592751;43.666017
40119_1272_01469;1469;;Route de Monségur;40700;40119;Hagetmau;;;-0.588228;43.641213
40119_0598_00160;160;;Avenue de la Gare;40700;40119;Hagetmau;;;-0.589432;43.658145
40119_1655_00027;27;;Rue des Pyrenees;40700;40119;Hagetmau;;;-0.585754;43.653115
40119_0656_00076;76;;Rue Gramont;40700;40119;Hagetmau;;;-0.593461;43.656897
40119_75cw8h_00068;68;;Rue Francis Maisonnave;40700;40119;Hagetmau;;;-0.603106;43.649356
40119_0465_00015;15;;Rue du Chene Vert;40700;40119;Hagetmau;;;-0.594569;43.656963
40119_0s3n6t_01676;1676;;Route de Nayet;40700;40119;Hagetmau;;;-0.62074;43.660844
40119_1272_00602;602;;Route de Monségur;40700;40119;Hagetmau;;;-0.595541;43.646588
40119_1715_00024;24;;Rue Saint - Girons;40700;40119;Hagetmau;;;-0.594387;43.656737
40119_0310_00072;72;;Chemin de Busqueton;40700;40119;Hagetmau;;;-0.602672;43.649623
40119_a097_00024;24;;Clos de Mirval;40700;40119;Hagetmau;;;-0.594964;43.650143
40119_0750_00316;316;;Chemin de Jeanchicot;40700;40119;Hagetmau;;;-0.608383;43.647265
40119_a034_00055;55;;Hameau de Busquet;40700;40119;Hagetmau;;;-0.586288;43.660757
40119_1732_00182;182;;Chemin de Sinai;40700;40119;Hagetmau;;;-0.604369;43.644675
40119_1098_00913;913;;Chemin des Loussets;40700;40119;Hagetmau;;;-0.587378;43.646347
40119_0543_00007;7;;Av du Docteur Edouard Castera;40700;40119;Hagetmau;;;-0.59367;43.65392
40119_1876_00044;44;;Rue de la Venerie;40700;40119;Hagetmau;;;-0.593137;43.656437
40119_0180_00152;152;;Chemin de Beaupré;40700;40119;Hagetmau;;;-0.569822;43.651636
40119_0452_00023;23;;Place Charles de Gaulle;40700;40119;Hagetmau;;;-0.59161;43.656624
40119_0710_00106;106;;Chemin de Higueres;40700;40119;Hagetmau;;;-0.610677;43.642767
40119_1740_00441;441;;Chemin du Sourt;40700;40119;Hagetmau;;;-0.607261;43.638782
40119_0120_00055;55;;Chemin de Balette;40700;40119;Hagetmau;;;-0.589247;43.653011
40119_0385_00332;332;;Rue Carnot;40700;40119;Hagetmau;;;-0.591995;43.65651
40119_0385_00137;137;;Rue Carnot;40700;40119;Hagetmau;;;-0.592754;43.654852
40119_1715_00268;268;;Rue Saint - Girons;40700;40119;Hagetmau;;;-0.59725;43.657389
40119_0465_00089;89;;Rue du Chene Vert;40700;40119;Hagetmau;;;-0.594102;43.657302
40119_0495_00117;117;;Avenue Corisande;40700;40119;Hagetmau;;;-0.59289;43.659263
40119_1715_00191;191;;Rue Saint - Girons;40700;40119;Hagetmau;;;-0.596365;43.657179
40119_a034_00148;148;;Hameau de Busquet;40700;40119;Hagetmau;;;-0.586537;43.659965
40119_n4g419_00584;584;;Rue des Chaisiers;40700;40119;Hagetmau;;;-0.608534;43.638507
40119_1368_00053;53;;Rue Pascal Duprat;40700;40119;Hagetmau;;;-0.594439;43.655136
40119_1278_00019;19;;Place du Moulin;40700;40119;Hagetmau;;;-0.593971;43.654594
40119_0500_00135;135;;Chemin de Coucure;40700;40119;Hagetmau;;;-0.545342;43.650699
40119_0400_00164_a;164;a;Chemin de Castelnau;40700;40119;Hagetmau;;;-0.58232;43.653939
40119_1715_00015;15;;Rue Saint - Girons;40700;40119;Hagetmau;;;-0.594383;43.656532
40119_1530_00106;106;;Chemin de Pinot;40700;40119;Hagetmau;;;-0.590639;43.664874
40119_1530_00332;332;;Chemin de Pinot;40700;40119;Hagetmau;;;-0.592661;43.665253
40119_0490_00488;488;;Chemin de Claron;40700;40119;Hagetmau;;;-0.571931;43.65925
40119_0120_00187;187;;Chemin de Balette;40700;40119;Hagetmau;;;-0.587886;43.652422
40119_a125_00064;64;;Lotissement Venise;40700;40119;Hagetmau;;;-0.599944;43.652481
40119_1272_01663;1663;;Route de Monségur;40700;40119;Hagetmau;;;-0.586244;43.640258
40119_0260_00001;1;;Chemin de Bidalon;40700;40119;Hagetmau;;;-0.600989;43.658899
40119_0680_00470;470;;Chemin de Guichot;40700;40119;Hagetmau;;;-0.596401;43.634718
40119_0210_01671;1671;;Chemin de Bellegarde;40700;40119;Hagetmau;;;-0.614983;43.639743
40119_1715_00251;251;;Rue Saint - Girons;40700;40119;Hagetmau;;;-0.597032;43.657298
40119_0120_01373;1373;;Chemin de Balette;40700;40119;Hagetmau;;;-0.575156;43.64836
40119_0200_00223;223;;Rue de Bel-horizon;40700;40119;Hagetmau;;;-0.586567;43.655083
40119_1736_00014;14;;Rue du Soleil d’Or;40700;40119;Hagetmau;;;-0.585969;43.653977
40119_b133_00261;261;;Thomas la Platane;40700;40119;Hagetmau;;;-0.570574;43.654101
40119_0495_00389;389;;Avenue Corisande;40700;40119;Hagetmau;;;-0.596095;43.659713
40119_a035_00009;9;;Lotissement Busqueton;40700;40119;Hagetmau;;;-0.601057;43.650782
40119_0541_01240;1240;;Route de Doazit;40700;40119;Hagetmau;;;-0.615361;43.67167
40119_0180_00422;422;;Chemin de Beaupré;40700;40119;Hagetmau;;;-0.571884;43.649941
40119_b133_01331;1331;;Thomas la Platane;40700;40119;Hagetmau;;;-0.568504;43.654988
40119_0180_00130;130;;Chemin de Beaupré;40700;40119;Hagetmau;;;-0.569575;43.651658
40119_a089_00006;6;;lotissement jouanin;40700;40119;Hagetmau;;;-0.603883;43.645803
40119_1834_00179;179;;Avenue du Trace;40700;40119;Hagetmau;;;-0.602987;43.648825
40119_1570_00046;46;;Passage du Pont de Cachot;40700;40119;Hagetmau;;;-0.591997;43.654509
40119_0742_00100;100;;Rue des Jardins;40700;40119;Hagetmau;;;-0.595024;43.655085
40119_1272_01998;1998;;Route de Monségur;40700;40119;Hagetmau;;;-0.583264;43.637746
40119_0084_00103;103;;Rue d'Albret;40700;40119;Hagetmau;;;-0.593907;43.655156
40119_0768_00005;5;;Rue Jean Moulin;40700;40119;Hagetmau;;;-0.605655;43.6469
40119_a093_00055;55;;Lotissement Laouilhé;40700;40119;Hagetmau;;;-0.605087;43.666746
40119_0385_00044;44;;Rue Carnot;40700;40119;Hagetmau;;;-0.593414;43.654146
40119_0385_00428;428;;Rue Carnot;40700;40119;Hagetmau;;;-0.59168;43.657371
40119_0545_00055;55;;Rue du Docteur Larquier;40700;40119;Hagetmau;;;-0.593849;43.655501
40119_1110_00190;190;;Rue des Loussets;40700;40119;Hagetmau;;;-0.592909;43.651771
40119_0545_00081;81;;Rue du Docteur Larquier;40700;40119;Hagetmau;;;-0.5936;43.655548
40119_0980_00765;765;;Chemin de Laouilhe;40700;40119;Hagetmau;;;-0.561068;43.660877
40119_1272_00085;85;;Route de Monségur;40700;40119;Hagetmau;;;-0.598409;43.650559
40119_1410_00759;759;;Chemin de Peliot;40700;40119;Hagetmau;;;-0.565411;43.649685
40119_1272_00319_c;319;c;Route de Monségur;40700;40119;Hagetmau;;;-0.597992;43.648938
40119_1290_00365;365;;Chemin du Moulin de Saint-girons;40700;40119;Hagetmau;;;-0.605802;43.657159
40119_0240_00371;371;;Chemin de Bethleem;40700;40119;Hagetmau;;;-0.610571;43.66458
40119_0200_00508;508;;Rue de Bel-horizon;40700;40119;Hagetmau;;;-0.58306;43.655298
40119_0120_01426;1426;;Chemin de Balette;40700;40119;Hagetmau;;;-0.574704;43.64822
40119_1010_00462;462;;Chemin de Largele;40700;40119;Hagetmau;;;-0.570365;43.653641
40119_0200_00443;443;;Rue de Bel-horizon;40700;40119;Hagetmau;;;-0.583907;43.655303
40119_0750_00115;115;;Chemin de Jeanchicot;40700;40119;Hagetmau;;;-0.607585;43.645868
40119_1325_00028;28;;Chemin de Nice;40700;40119;Hagetmau;;;-0.594803;43.645469
40119_0210_00592;592;;Chemin de Bellegarde;40700;40119;Hagetmau;;;-0.614391;43.640392
40119_a089_00072;72;;lotissement jouanin;40700;40119;Hagetmau;;;-0.605048;43.646046
40119_1274_00006;6;;Place Montmartre;40700;40119;Hagetmau;;;-0.591255;43.658472
40119_0543_00018;18;;Av du Docteur Edouard Castera;40700;40119;Hagetmau;;;-0.593727;43.65365
40119_0385_00331;331;;Rue Carnot;40700;40119;Hagetmau;;;-0.592144;43.656532
40119_1736_00020;20;;Rue du Soleil d’Or;40700;40119;Hagetmau;;;-0.585919;43.653871
40119_0495_00063;63;;Avenue Corisande;40700;40119;Hagetmau;;;-0.592207;43.659089
40119_a017_00026;26;;Lotissement Bégué;40700;40119;Hagetmau;;;-0.59045;43.662358
40119_0545_00001;1;;Rue du Docteur Larquier;40700;40119;Hagetmau;;;-0.594391;43.655193
40119_0385_00127;127;;Rue Carnot;40700;40119;Hagetmau;;;-0.592813;43.654794
40119_0371_00148;148;;Chemin de Cambaha Est;40700;40119;Hagetmau;;;-0.559032;43.649874
40119_w3wuqz_00004;4;;Zone Artisanale de l’Ocean;40700;40119;Hagetmau;;;-0.601349;43.664645
40119_0742_00309;309;;Rue des Jardins;40700;40119;Hagetmau;;;-0.594992;43.656619
40119_1338_00011;11;;Route D'Orthez;40700;40119;Hagetmau;;;-0.610329;43.642095
40119_a093_00040;40;;Lotissement Laouilhé;40700;40119;Hagetmau;;;-0.606233;43.666185
40119_a090_00008;8;;Lotissement Jeandemay;40700;40119;Hagetmau;;;-0.601835;43.645702
40119_1368_00191;191;;Rue Pascal Duprat;40700;40119;Hagetmau;;;-0.594481;43.65626
40119_a034_00033;33;;Hameau de Busquet;40700;40119;Hagetmau;;;-0.586294;43.66096
40119_1279_00186;186;;Rue du Moulin;40700;40119;Hagetmau;;;-0.595551;43.653367
40119_0098_00009;9;;Rue Saint Exupery;40700;40119;Hagetmau;;;-0.606566;43.646139
40119_a088_00179;179;;Lotissement Le Hameau du Louts;40700;40119;Hagetmau;;;-0.604424;43.65319
40119_a125_00060;60;;Lotissement Venise;40700;40119;Hagetmau;;;-0.599624;43.651943
40119_0s3n6t_00891;891;;Route de Nayet;40700;40119;Hagetmau;;;-0.613906;43.658536
40119_0817_00067;67;;Route de Labastide;40700;40119;Hagetmau;;;-0.597942;43.647804
40119_1876_00065;65;;Rue de la Venerie;40700;40119;Hagetmau;;;-0.593208;43.65653
40119_0656_00077;77;;Rue Gramont;40700;40119;Hagetmau;;;-0.593528;43.656943
40119_0572_00027;27;;Impasse des Fabriques;40700;40119;Hagetmau;;;-0.61394;43.640054
40119_1368_00159;159;;Rue Pascal Duprat;40700;40119;Hagetmau;;;-0.594706;43.655966
40119_a125_00013;13;;Lotissement Venise;40700;40119;Hagetmau;;;-0.600824;43.653942
40119_1736_00022;22;;Rue du Soleil d’Or;40700;40119;Hagetmau;;;-0.585908;43.653845
40119_0543_00051;51;;Av du Docteur Edouard Castera;40700;40119;Hagetmau;;;-0.593232;43.653576
40119_a090_00001;1;;Lotissement Jeandemay;40700;40119;Hagetmau;;;-0.603182;43.644634
40119_a099_00015;15;;Lotissement Moundette;40700;40119;Hagetmau;;;-0.594622;43.660894
40119_0465_00031;31;;Rue du Chene Vert;40700;40119;Hagetmau;;;-0.594462;43.657037
40119_1020_00526;526;;Chemin de Larode;40700;40119;Hagetmau;;;-0.598728;43.658486
40119_0495_00312;312;;Avenue Corisande;40700;40119;Hagetmau;;;-0.595012;43.659635
40119_0541_00434;434;;Route de Doazit;40700;40119;Hagetmau;;;-0.607473;43.667323
40119_1655_00010;10;;Rue des Pyrenees;40700;40119;Hagetmau;;;-0.587145;43.653492
40119_1655_00039;39;;Rue des Pyrenees;40700;40119;Hagetmau;;;-0.583991;43.653485
40119_1878_00201;201;;Rue Victor Hugo;40700;40119;Hagetmau;;;-0.591089;43.656492
40119_1440_00215;215;;Chemin de Pentecôte;40700;40119;Hagetmau;;;-0.569549;43.654093
40119_a091_00006;6;;Lotissement Lissandre;40700;40119;Hagetmau;;;-0.591162;43.6644
40119_0084_00007;7;;Rue d'Albret;40700;40119;Hagetmau;;;-0.593169;43.654639
40119_1090_00117;117;;Chemin de Lissandre;40700;40119;Hagetmau;;;-0.591249;43.667691
40119_1322_01611;1611;;Chemin de Nayet;40700;40119;Hagetmau;;;-0.622643;43.660041
40119_1272_00641;641;;Route de Monségur;40700;40119;Hagetmau;;;-0.595154;43.646317
40119_0310_00067;67;;Chemin de Busqueton;40700;40119;Hagetmau;;;-0.602407;43.650293
40119_1715_00690;690;;Rue Saint - Girons;40700;40119;Hagetmau;;;-0.601725;43.659299
40119_0455_00170;170;;Chemin du Chateau d’Ages;40700;40119;Hagetmau;;;-0.578113;43.636712
40119_0430_00096;96;;Route de Cazalis;40700;40119;Hagetmau;;;-0.617868;43.638972
40119_1276_00078;78;;Rue du Mont Saint-jean;40700;40119;Hagetmau;;;-0.588895;43.656484
40119_0275_00153;153;;Rue de la Bigorre;40700;40119;Hagetmau;;;-0.585711;43.652511
40119_a099_00019;19;;Lotissement Moundette;40700;40119;Hagetmau;;;-0.595084;43.660122
40119_0130_00005;5;;Chemin de Balous;40700;40119;Hagetmau;;;-0.600211;43.66047
40119_1715_00709;709;;Rue Saint - Girons;40700;40119;Hagetmau;;;-0.599329;43.657007
40119_1410_00431;431;;Chemin de Peliot;40700;40119;Hagetmau;;;-0.561227;43.649962
40119_75cw8h_00060;60;;Rue Francis Maisonnave;40700;40119;Hagetmau;;;-0.605381;43.649865
40119_1864_00264;264;;Avenue du Tursan;40700;40119;Hagetmau;;;-0.58557;43.657074
40119_0495_00537;537;;Avenue Corisande;40700;40119;Hagetmau;;;-0.5978;43.659939
40119_0700_00137;137;;Chemin de Guironcet;40700;40119;Hagetmau;;;-0.583489;43.65457
40119_0750_00137;137;;Chemin de Jeanchicot;40700;40119;Hagetmau;;;-0.608161;43.646301
40119_a089_00038;38;;lotissement jouanin;40700;40119;Hagetmau;;;-0.602972;43.645662
40119_1258_00414;414;;Enclos de Mirval;40700;40119;Hagetmau;;;-0.594897;43.650066
40119_1715_00678;678;;Rue Saint - Girons;40700;40119;Hagetmau;;;-0.601529;43.659169
40119_75cw8h_00042;42;;Rue Francis Maisonnave;40700;40119;Hagetmau;;;-0.605686;43.64916
40119_1655_00007;7;;Rue des Pyrenees;40700;40119;Hagetmau;;;-0.586719;43.654002
40119_0300_00216;216;;Chemin de Bordenave;40700;40119;Hagetmau;;;-0.623305;43.647327
40119_0817_00538;538;;Route de Labastide;40700;40119;Hagetmau;;;-0.598792;43.643634
40119_1368_00149;149;;Rue Pascal Duprat;40700;40119;Hagetmau;;;-0.594722;43.655904
40119_0200_00350;350;;Rue de Bel-horizon;40700;40119;Hagetmau;;;-0.584955;43.655219
40119_0130_00275;275;;Chemin de Balous;40700;40119;Hagetmau;;;-0.600365;43.662823
40119_a093_00042;42;;Lotissement Laouilhé;40700;40119;Hagetmau;;;-0.605406;43.667209
40119_yshwad_00013;13;;Lotissement de la Sabliere;40700;40119;Hagetmau;;;-0.588818;43.65989
40119_1718_01107;1107;;Route de Samadet;40700;40119;Hagetmau;;;-0.568954;43.655592
40119_1560_00004;4;;Chemin de la Platane;40700;40119;Hagetmau;;;-0.571602;43.653849
40119_1098_00915;915;;Chemin des Loussets;40700;40119;Hagetmau;;;-0.587629;43.645294
40119_jttbez_00187;187;;Chemin de Laplatane;40700;40119;Hagetmau;;;-0.570307;43.652219
40119_1333_00073;73;;Rue Nugent;40700;40119;Hagetmau;;;-0.595031;43.654702
40119_75cw8h_00080;80;;Rue Francis Maisonnave;40700;40119;Hagetmau;;;-0.604165;43.650186
40119_a125_00030;30;;Lotissement Venise;40700;40119;Hagetmau;;;-0.598529;43.652499
40119_0200_00186;186;;Rue de Bel-horizon;40700;40119;Hagetmau;;;-0.586897;43.654972
40119_1720_00153;153;;Chemin de Saourine;40700;40119;Hagetmau;;;-0.586992;43.63849
40119_0200_00485;485;;Rue de Bel-horizon;40700;40119;Hagetmau;;;-0.583157;43.655355
40119_0480_00196;196;;Chemin de Chicon Cloche;40700;40119;Hagetmau;;;-0.567819;43.662365
40119_0084_00012;12;;Rue d'Albret;40700;40119;Hagetmau;;;-0.593634;43.655112
40119_1782_00087;87;;Rue Thiers;40700;40119;Hagetmau;;;-0.594987;43.652895
40119_0130_00030;30;;Chemin de Balous;40700;40119;Hagetmau;;;-0.59957;43.660885
40119_1500_00415;415;;Chemin de Peyruc;40700;40119;Hagetmau;;;-0.583016;43.666688
40119_0250_00279;279;;Chemin de Betloc;40700;40119;Hagetmau;;;-0.599193;43.662742
40119_0275_00075;75;;Rue de la Bigorre;40700;40119;Hagetmau;;;-0.584798;43.652021
40119_a088_00020;20;;Lotissement Le Hameau du Louts;40700;40119;Hagetmau;;;-0.602475;43.653304
40119_75cw8h_00056;56;;Rue Francis Maisonnave;40700;40119;Hagetmau;;;-0.605645;43.649526
40119_a093_00016;16;;Lotissement Laouilhé;40700;40119;Hagetmau;;;-0.605568;43.667351
40119_0541_00813;813;;Route de Doazit;40700;40119;Hagetmau;;;-0.612066;43.669194
40119_n4g419_00144;144;;Rue des Chaisiers;40700;40119;Hagetmau;;;-0.612172;43.636935
40119_1715_00182;182;;Rue Saint - Girons;40700;40119;Hagetmau;;;-0.596179;43.657213
40119_0084_00084;84;;Rue d'Albret;40700;40119;Hagetmau;;;-0.593811;43.65515
40119_0588_00082;82;;Rue Gambetta;40700;40119;Hagetmau;;;-0.593298;43.655808
40119_0495_00488;488;;Avenue Corisande;40700;40119;Hagetmau;;;-0.59748;43.659959
40119_0588_00090;90;;Rue Gambetta;40700;40119;Hagetmau;;;-0.593375;43.655871
40119_1322_01944;1944;;Chemin de Nayet;40700;40119;Hagetmau;;;-0.619709;43.663137
40119_0400_00065;65;;Chemin de Castelnau;40700;40119;Hagetmau;;;-0.58225;43.654289
40119_0212_00235;235;;Route de Bellevue;40700;40119;Hagetmau;;;-0.592671;43.661465
40119_1276_00505;505;;Rue du Mont Saint-jean;40700;40119;Hagetmau;;;-0.590384;43.65615
40119_a125_00055;55;;Lotissement Venise;40700;40119;Hagetmau;;;-0.598673;43.652012
40119_0543_00104;104;;Av du Docteur Edouard Castera;40700;40119;Hagetmau;;;-0.592934;43.653198
40119_1410_00577;577;;Chemin de Peliot;40700;40119;Hagetmau;;;-0.563664;43.650262
40119_0598_00198;198;;Avenue de la Gare;40700;40119;Hagetmau;;;-0.588839;43.658271
40119_0588_00046;46;;Rue Gambetta;40700;40119;Hagetmau;;;-0.593008;43.655592
40119_1715_00143;143;;Rue Saint - Girons;40700;40119;Hagetmau;;;-0.595733;43.65704
40119_0615_00124;124;;Avenue du General Gillot;40700;40119;Hagetmau;;;-0.603041;43.662721
40119_a087_00101;101;;Lotissement les Hauts de Miremont;40700;40119;Hagetmau;;;-0.584651;43.656149
40119_0210_00889;889;;Chemin de Bellegarde;40700;40119;Hagetmau;;;-0.61329;43.639502
40119_0742_00008;8;;Rue des Jardins;40700;40119;Hagetmau;;;-0.595227;43.655926
40119_1276_00030;30;;Rue du Mont Saint-jean;40700;40119;Hagetmau;;;-0.588903;43.656854
40119_a035_00023;23;;Lotissement Busqueton;40700;40119;Hagetmau;;;-0.602288;43.651313
40119_1713_00104;104;;Route de Saint Cricq Chalosse;40700;40119;Hagetmau;;;-0.619379;43.643652
40119_1276_00174;174;;Rue du Mont Saint-jean;40700;40119;Hagetmau;;;-0.588839;43.655801
40119_1276_00498;498;;Rue du Mont Saint-jean;40700;40119;Hagetmau;;;-0.58978;43.655889
40119_a125_00057;57;;Lotissement Venise;40700;40119;Hagetmau;;;-0.598949;43.652122
40119_0120_00891;891;;Chemin de Balette;40700;40119;Hagetmau;;;-0.580716;43.649004
40119_a093_00037;37;;Lotissement Laouilhé;40700;40119;Hagetmau;;;-0.605895;43.666752
40119_0084_00021;21;;Rue d'Albret;40700;40119;Hagetmau;;;-0.593268;43.654696
40119_0817_00051;51;;Route de Labastide;40700;40119;Hagetmau;;;-0.597806;43.648061
40119_xhvyr6_00709;709;;Barriere;40700;40119;Hagetmau;;;-0.600542;43.657001
40119_1128_00038;38;;Rue de Loustaou;40700;40119;Hagetmau;;;-0.592873;43.658691
40119_1510_00050;50;;Chemin de Pierroulot;40700;40119;Hagetmau;;;-0.5657;43.655379
40119_a089_00007;7;;lotissement jouanin;40700;40119;Hagetmau;;;-0.603817;43.645895
40119_0872_00083;83;;Route de Lacrabe;40700;40119;Hagetmau;;;-0.589506;43.640756
40119_1736_00042;42;;Rue du Soleil d’Or;40700;40119;Hagetmau;;;-0.584579;43.653947
40119_0817_00153;153;;Route de Labastide;40700;40119;Hagetmau;;;-0.59811;43.647358
40119_1864_00326;326;;Avenue du Tursan;40700;40119;Hagetmau;;;-0.585041;43.656776
40119_1570_00046_b;46;b;Passage du Pont de Cachot;40700;40119;Hagetmau;;;-0.591878;43.654511
40119_1715_00202;202;;Rue Saint - Girons;40700;40119;Hagetmau;;;-0.596478;43.657243
40119_0830_00356;356;;Chemin de Labraouste;40700;40119;Hagetmau;;;-0.568067;43.651937
40119_0120_01332;1332;;Chemin de Balette;40700;40119;Hagetmau;;;-0.575656;43.648418
40119_1715_00248;248;;Rue Saint - Girons;40700;40119;Hagetmau;;;-0.597105;43.657363
40119_1834_00265;265;;Avenue du Trace;40700;40119;Hagetmau;;;-0.603348;43.648044
40119_0260_00030;30;;Chemin de Bidalon;40700;40119;Hagetmau;;;-0.60063;43.659128
40119_a125_00006;6;;Lotissement Venise;40700;40119;Hagetmau;;;-0.598823;43.653134
40119_a020_00027;27;;Lotissement Bidounat;40700;40119;Hagetmau;;;-0.605411;43.663452
40119_1715_00151;151;;Rue Saint - Girons;40700;40119;Hagetmau;;;-0.595924;43.657015
40119_0872_00957;957;;Route de Lacrabe;40700;40119;Hagetmau;;;-0.590991;43.63316
40119_1834_00145;145;;Avenue du Trace;40700;40119;Hagetmau;;;-0.602788;43.649012
40119_1500_00365;365;;Chemin de Peyruc;40700;40119;Hagetmau;;;-0.584283;43.666013
40119_0130_00033;33;;Chemin de Balous;40700;40119;Hagetmau;;;-0.600762;43.660753
40119_a125_00017;17;;Lotissement Venise;40700;40119;Hagetmau;;;-0.601859;43.653584
40119_0385_00542;542;;Rue Carnot;40700;40119;Hagetmau;;;-0.59136;43.658306
40119_1300_00295;295;;Chemin de Moundette;40700;40119;Hagetmau;;;-0.593184;43.665357
40119_1710_00053;53;;Rue de la Sabliere;40700;40119;Hagetmau;;;-0.587999;43.658769
40119_1276_00187;187;;Rue du Mont Saint-jean;40700;40119;Hagetmau;;;-0.588768;43.655551
40119_0940_00320;320;;Chemin de Lamarque;40700;40119;Hagetmau;;;-0.567424;43.644477
40119_1715_00627;627;;Rue Saint - Girons;40700;40119;Hagetmau;;;-0.601092;43.658865
40119_1128_00117;117;;Rue de Loustaou;40700;40119;Hagetmau;;;-0.593915;43.658824
40119_0750_00469;469;;Chemin de Jeanchicot;40700;40119;Hagetmau;;;-0.609278;43.648187
40119_a020_00004;4;;Lotissement Bidounat;40700;40119;Hagetmau;;;-0.604879;43.663637
40119_75cw8h_00046;46;;Rue Francis Maisonnave;40700;40119;Hagetmau;;;-0.604501;43.648801
40119_1098_00010;10;;Chemin des Loussets;40700;40119;Hagetmau;;;-0.588167;43.647508
40119_a090_00010;10;;Lotissement Jeandemay;40700;40119;Hagetmau;;;-0.601378;43.646189
40119_a091_00005;5;;Lotissement Lissandre;40700;40119;Hagetmau;;;-0.591102;43.664086
40119_0598_00419;419;;Avenue de la Gare;40700;40119;Hagetmau;;;-0.586045;43.659051
40119_1713_00533;533;;Route de Saint Cricq Chalosse;40700;40119;Hagetmau;;;-0.625771;43.643288
40119_0730_00654;654;;Route de Horsarrieu;40700;40119;Hagetmau;;;-0.588347;43.672727
40119_1272_00752;752;;Route de Monségur;40700;40119;Hagetmau;;;-0.594301;43.645325
40119_0s3n6t_01944;1944;;Route de Nayet;40700;40119;Hagetmau;;;-0.619711;43.663135
40119_0543_00124;124;;Av du Docteur Edouard Castera;40700;40119;Hagetmau;;;-0.592685;43.653041
40119_a093_00014;14;;Lotissement Laouilhé;40700;40119;Hagetmau;;;-0.605874;43.666905
40119_0084_00019;19;;Rue d'Albret;40700;40119;Hagetmau;;;-0.593291;43.654676
