id;numero;rep;nom_voie;code_postal;code_insee;nom_commune;nom_ancienne_commune;nom_ld;lon;lat
45179_0434_00312;312;;Chemin du Sabot;45740;45179;Lailly-en-Val;;;1.6944;47.766917
45179_0380_00062;62;;Rue de monçay;45740;45179;Lailly-en-Val;;;1.714615;47.747858
45179_0439_00019;19;;Route de Sologne;45740;45179;Lailly-en-Val;;;1.697079;47.770004
45179_0380_00306;306;;Rue de monçay;45740;45179;Lailly-en-Val;;;1.692477;47.76615
45179_0040_00012;12;;Route de Beaugency;45740;45179;Lailly-en-Val;;;1.691538;47.771643
45179_0280_00015;15;;Rue de Ligniéres;45740;45179;Lailly-en-Val;;;1.670443;47.754474
45179_0409_00018;18;;Impasse des Picardes;45740;45179;Lailly-en-Val;;;1.6904;47.76581
45179_0300_00012;12;;Rue de la Mairie;45740;45179;Lailly-en-Val;;;1.685718;47.768878
45179_0380_00059;59;;Rue de monçay;45740;45179;Lailly-en-Val;;;1.675715;47.758056
45179_b011_00001;1;;Bois de Moncay;45740;45179;Lailly-en-Val;;;1.743754;47.705271
45179_0520_00001;1;;Route de Villenouan;45740;45179;Lailly-en-Val;;;1.696647;47.773118
45179_0400_00047;47;;Route d'Orléans;45740;45179;Lailly-en-Val;;;1.697527;47.774818
45179_0400_00048;48;;Route d'Orléans;45740;45179;Lailly-en-Val;;;1.696422;47.773608
45179_0021_00017;17;;Impasse Céline;45740;45179;Lailly-en-Val;;;1.690366;47.770831
45179_b107_00001;1;;Le Petit Aunay;45740;45179;Lailly-en-Val;;;1.735656;47.739272
45179_0439_00007;7;;Route de Sologne;45740;45179;Lailly-en-Val;;;1.694974;47.770959
45179_0107_00018;18;;Rue du Clos Drouard;45740;45179;Lailly-en-Val;;;1.689166;47.769805
45179_0097_00012;12;;Allée des Cerfs;45740;45179;Lailly-en-Val;;;1.687464;47.765049
45179_0380_00037;37;;Rue de monçay;45740;45179;Lailly-en-Val;;;1.668493;47.751742
45179_0100_00001;1;;Rue de la Chaintre;45740;45179;Lailly-en-Val;;;1.673312;47.758771
45179_0097_00011;11;;Allée des Cerfs;45740;45179;Lailly-en-Val;;;1.687617;47.764942
45179_0110_00017;17;;Chemin du Clos Moussard;45740;45179;Lailly-en-Val;;;1.686691;47.762685
45179_0460_00042;42;;Rue de la Trépinière;45740;45179;Lailly-en-Val;;;1.667781;47.755416
45179_0165_00001;1;;Chemin de Fourchault;45740;45179;Lailly-en-Val;;;1.69618;47.770797
45179_0439_00012_ter;12;ter;Route de Sologne;45740;45179;Lailly-en-Val;;;1.694709;47.770567
45179_b014_00001;1;;Bois du Foyer;45740;45179;Lailly-en-Val;;;1.751269;47.736992
45179_0110_00021;21;;Chemin du Clos Moussard;45740;45179;Lailly-en-Val;;;1.687126;47.76243
45179_0200_00011;11;;Chemin du Grand Clos;45740;45179;Lailly-en-Val;;;1.662544;47.749181
45179_0400_00017;17;;Route d'Orléans;45740;45179;Lailly-en-Val;;;1.692093;47.770274
45179_0460_00014;14;;Rue de la Trépinière;45740;45179;Lailly-en-Val;;;1.670969;47.75746
45179_0380_00008;8;;Rue de monçay;45740;45179;Lailly-en-Val;;;1.681081;47.762851
45179_0220_00023;23;;Rue Hallée;45740;45179;Lailly-en-Val;;;1.661011;47.74624
45179_0439_00026_bis;26;bis;Route de Sologne;45740;45179;Lailly-en-Val;;;1.698078;47.769225
45179_0400_00009_bis;9;bis;Route d'Orléans;45740;45179;Lailly-en-Val;;;1.690708;47.769195
45179_0360_00009;9;;Chemin de Mévault;45740;45179;Lailly-en-Val;;;1.680008;47.759965
45179_0040_00024;24;;Route de Beaugency;45740;45179;Lailly-en-Val;;;1.689399;47.772025
45179_0380_00381;381;;Rue de monçay;45740;45179;Lailly-en-Val;;;1.693348;47.765828
45179_0403_00006;6;;Chemin du Peliau;45740;45179;Lailly-en-Val;;;1.684841;47.762725
45179_0260_00013;13;;Rue Joubert;45740;45179;Lailly-en-Val;;;1.665477;47.751424
45179_0300_00002;2;;Rue de la Mairie;45740;45179;Lailly-en-Val;;;1.686358;47.77017
45179_0439_00023;23;;Route de Sologne;45740;45179;Lailly-en-Val;;;1.698236;47.769258
45179_0340_00008;8;;Rue de Maulne;45740;45179;Lailly-en-Val;;;1.660637;47.74983
45179_0107_00021;21;;Rue du Clos Drouard;45740;45179;Lailly-en-Val;;;1.689053;47.770632
45179_0300_00004_bis;4;bis;Rue de la Mairie;45740;45179;Lailly-en-Val;;;1.68627;47.770079
45179_nzdkbo_00004;4;;Les Berteches;45740;45179;Lailly-en-Val;;;1.688189;47.766859
45179_0021_00004;4;;Impasse Céline;45740;45179;Lailly-en-Val;;;1.690712;47.77122
45179_0500_00004_bis;4;bis;Rue de Vezenne;45740;45179;Lailly-en-Val;;;1.677441;47.757006
45179_yojbkk_03200_c;3200;c;Les Corbillères;45740;45179;Lailly-en-Val;;;1.678245;47.787351
45179_0022_00027;27;;Rue du Bari;45740;45179;Lailly-en-Val;;;1.684457;47.761303
45179_0300_00034;34;;Rue de la Mairie;45740;45179;Lailly-en-Val;;;1.680258;47.763065
45179_0480_00015;15;;Rue du Val;45740;45179;Lailly-en-Val;;;1.672379;47.758992
45179_0460_00046;46;;Rue de la Trépinière;45740;45179;Lailly-en-Val;;;1.666881;47.755176
45179_0040_00020;20;;Route de Beaugency;45740;45179;Lailly-en-Val;;;1.690027;47.771909
45179_0107_00022;22;;Rue du Clos Drouard;45740;45179;Lailly-en-Val;;;1.688717;47.770142
45179_0360_00003;3;;Chemin de Mévault;45740;45179;Lailly-en-Val;;;1.679582;47.76042
45179_0220_00003;3;;Rue Hallée;45740;45179;Lailly-en-Val;;;1.658642;47.748355
45179_0220_00025;25;;Rue Hallée;45740;45179;Lailly-en-Val;;;1.66167;47.745606
45179_0436_00024;24;;Allée du Sabotier;45740;45179;Lailly-en-Val;;;1.692092;47.767599
45179_0400_00066;66;;Route d'Orléans;45740;45179;Lailly-en-Val;;;1.700267;47.775935
45179_yojbkk_03200_a;3200;a;Les Corbillères;45740;45179;Lailly-en-Val;;;1.678479;47.78716
45179_nzdkbo_00010;10;;Les Berteches;45740;45179;Lailly-en-Val;;;1.688576;47.767054
45179_0520_00024;24;;Route de Villenouan;45740;45179;Lailly-en-Val;;;1.700576;47.77446
45179_0102_00019;19;;Rue des Grands Chênes;45740;45179;Lailly-en-Val;;;1.687725;47.764094
45179_0400_00026;26;;Route d'Orléans;45740;45179;Lailly-en-Val;;;1.693375;47.771196
45179_0169_00001;1;;impasse des gardoirs;45740;45179;Lailly-en-Val;;;1.671108;47.752125
45179_0351_03600_a;3600;a;Rue de Meung;45740;45179;Lailly-en-Val;;Voisins;1.688455;47.788338
45179_0097_00042;42;;Allée des Cerfs;45740;45179;Lailly-en-Val;;;1.688524;47.763373
45179_0011_00002;2;;Impasse du Clos de l'Ange;45740;45179;Lailly-en-Val;;;1.666575;47.754085
45179_0400_00020;20;;Route d'Orléans;45740;45179;Lailly-en-Val;;;1.692931;47.770783
45179_0195_00003;3;;Impasse du Grand Clos;45740;45179;Lailly-en-Val;;;1.661437;47.750345
45179_b040_00007;7;;le Clos Drouard;45740;45179;Lailly-en-Val;;;1.689156;47.769725
45179_0100_00009;9;;Rue de la Chaintre;45740;45179;Lailly-en-Val;;;1.673813;47.759796
45179_0436_00022;22;;Allée du Sabotier;45740;45179;Lailly-en-Val;;;1.692026;47.767564
45179_0400_00022;22;;Route d'Orléans;45740;45179;Lailly-en-Val;;;1.693042;47.77087
45179_0172_00014;14;;Chemin du Gouffre;45740;45179;Lailly-en-Val;;;1.68941;47.765366
45179_0099_00010;10;;Rue des Champs Fleuris;45740;45179;Lailly-en-Val;;;1.685843;47.762676
45179_0439_00016;16;;Route de Sologne;45740;45179;Lailly-en-Val;;;1.695766;47.770502
45179_0414_00007;7;;Rue des Plantes de la Motte;45740;45179;Lailly-en-Val;;;1.699462;47.77001
45179_0300_00046;46;;Rue de la Mairie;45740;45179;Lailly-en-Val;;;1.678602;47.761169
45179_0120_00003;3;;Chemin des Crapaudières;45740;45179;Lailly-en-Val;;;1.700228;47.773793
45179_0400_00069;69;;Route d'Orléans;45740;45179;Lailly-en-Val;;;1.700265;47.777353
45179_0400_00029_g;29;g;Route d'Orléans;45740;45179;Lailly-en-Val;;;1.694505;47.772365
45179_0102_00008;8;;Rue des Grands Chênes;45740;45179;Lailly-en-Val;;;1.687444;47.764343
45179_0414_00040;40;;Rue des Plantes de la Motte;45740;45179;Lailly-en-Val;;;1.697888;47.76982
45179_0436_00012;12;;Allée du Sabotier;45740;45179;Lailly-en-Val;;;1.691192;47.768074
45179_0400_00034;34;;Route d'Orléans;45740;45179;Lailly-en-Val;;;1.694931;47.77197
45179_0160_00008;8;;Rue de la Fontaine;45740;45179;Lailly-en-Val;;;1.687746;47.771606
45179_0460_00034;34;;Rue de la Trépinière;45740;45179;Lailly-en-Val;;;1.668598;47.755812
45179_0110_00005_ter;5;ter;Chemin du Clos Moussard;45740;45179;Lailly-en-Val;;;1.685658;47.763795
45179_0080_00015;15;;Rue du Bourg;45740;45179;Lailly-en-Val;;;1.687963;47.771074
45179_0300_00010;10;;Rue de la Mairie;45740;45179;Lailly-en-Val;;;1.68585;47.769444
45179_0414_00019;19;;Rue des Plantes de la Motte;45740;45179;Lailly-en-Val;;;1.698651;47.770388
45179_0100_00016;16;;Rue de la Chaintre;45740;45179;Lailly-en-Val;;;1.674279;47.760103
45179_0011_00006;6;;Impasse du Clos de l'Ange;45740;45179;Lailly-en-Val;;;1.666803;47.753604
45179_0010_00006;6;;Chemin des Amandiers;45740;45179;Lailly-en-Val;;;1.683652;47.76059
45179_b122_00005;5;;Les Plantes de la Motte;45740;45179;Lailly-en-Val;;;1.698932;47.769536
45179_b096_07201;7201;;Mocque Souris;45740;45179;Lailly-en-Val;;;1.753221;47.7318
45179_0439_00007_a;7;a;Route de Sologne;45740;45179;Lailly-en-Val;;;1.69544;47.771266
45179_0084_00004;4;;Chemin du Bourgneuf;45740;45179;Lailly-en-Val;;;1.69123;47.772373
45179_0320_00001_b;1;b;Rue de Marambault;45740;45179;Lailly-en-Val;;;1.680792;47.76159
45179_0099_00009;9;;Rue des Champs Fleuris;45740;45179;Lailly-en-Val;;;1.68511;47.761581
45179_0300_00023;23;;Rue de la Mairie;45740;45179;Lailly-en-Val;;;1.685581;47.768334
45179_0169_00006;6;;impasse des gardoirs;45740;45179;Lailly-en-Val;;;1.669377;47.751092
45179_0412_00004_bis;4;bis;Chemin des Plantes;45740;45179;Lailly-en-Val;;;1.67367;47.754859
45179_0320_00005;5;;Rue de Marambault;45740;45179;Lailly-en-Val;;;1.681324;47.761128
45179_0099_00013;13;;Rue des Champs Fleuris;45740;45179;Lailly-en-Val;;;1.685063;47.76162
45179_0097_00013;13;;Allée des Cerfs;45740;45179;Lailly-en-Val;;;1.687798;47.764954
45179_0435_00089;89;;Rue du Sabot;45740;45179;Lailly-en-Val;;;1.691719;47.768603
45179_0460_00054;54;;Rue de la Trépinière;45740;45179;Lailly-en-Val;;;1.665898;47.754402
45179_0380_00224;224;;Rue de monçay;45740;45179;Lailly-en-Val;;;1.691526;47.766615
45179_0460_00055;55;;Rue de la Trépinière;45740;45179;Lailly-en-Val;;;1.664573;47.752892
45179_0439_00011;11;;Route de Sologne;45740;45179;Lailly-en-Val;;;1.694594;47.771176
45179_0165_00007_bis;7;bis;Chemin de Fourchault;45740;45179;Lailly-en-Val;;;1.697128;47.772706
45179_0380_00037_bis;37;bis;Rue de monçay;45740;45179;Lailly-en-Val;;;1.668493;47.751742
45179_0160_00006;6;;Rue de la Fontaine;45740;45179;Lailly-en-Val;;;1.687431;47.771647
45179_0140_00018_ter;18;ter;Rue des Ecoles;45740;45179;Lailly-en-Val;;;1.688198;47.768856
45179_0300_00005_bis;5;bis;Rue de la Mairie;45740;45179;Lailly-en-Val;;;1.686417;47.769707
45179_0380_00023;23;;Rue de monçay;45740;45179;Lailly-en-Val;;;1.710442;47.751316
45179_0340_00011_bis;11;bis;Rue de Maulne;45740;45179;Lailly-en-Val;;;1.660061;47.749483
45179_0520_00020;20;;Route de Villenouan;45740;45179;Lailly-en-Val;;;1.6995;47.773983
45179_0099_00008;8;;Rue des Champs Fleuris;45740;45179;Lailly-en-Val;;;1.686345;47.763118
45179_bfcgf9_00001;1;;les Bremailles;45740;45179;Lailly-en-Val;;;1.729385;47.701109
45179_0400_00059;59;;Route d'Orléans;45740;45179;Lailly-en-Val;;;1.699014;47.776189
45179_0380_00089;89;;Rue de monçay;45740;45179;Lailly-en-Val;;;1.671412;47.753805
45179_0380_00009;9;;Rue de monçay;45740;45179;Lailly-en-Val;;;1.687077;47.766526
45179_0436_00020;20;;Allée du Sabotier;45740;45179;Lailly-en-Val;;;1.691945;47.767599
45179_0380_00266;266;;Rue de monçay;45740;45179;Lailly-en-Val;;;1.69192;47.766423
45179_0280_00012;12;;Rue de Ligniéres;45740;45179;Lailly-en-Val;;;1.669868;47.754752
45179_0520_00028;28;;Route de Villenouan;45740;45179;Lailly-en-Val;;;1.701617;47.7747
45179_0400_00003;3;;Route d'Orléans;45740;45179;Lailly-en-Val;;;1.689846;47.768622
45179_0420_00003;3;;Rue du Porteau;45740;45179;Lailly-en-Val;;;1.699031;47.774671
45179_0320_00006;6;;Rue de Marambault;45740;45179;Lailly-en-Val;;;1.681585;47.760955
45179_0107_00001;1;;Rue du Clos Drouard;45740;45179;Lailly-en-Val;;;1.688942;47.769074
45179_0280_00014;14;;Rue de Ligniéres;45740;45179;Lailly-en-Val;;;1.669906;47.754485
45179_0436_00016;16;;Allée du Sabotier;45740;45179;Lailly-en-Val;;;1.691581;47.767831
45179_0400_00001;1;;Route d'Orléans;45740;45179;Lailly-en-Val;;;1.689413;47.768334
45179_0020_00003;3;;Rue de la Bargoudière;45740;45179;Lailly-en-Val;;;1.678735;47.762488
45179_0010_00006_bis;6;bis;Chemin des Amandiers;45740;45179;Lailly-en-Val;;;1.683857;47.760663
45179_0097_00025;25;;Allée des Cerfs;45740;45179;Lailly-en-Val;;;1.688038;47.763703
45179_0520_00007;7;;Route de Villenouan;45740;45179;Lailly-en-Val;;;1.69838;47.774152
45179_0380_00029_bis;29;bis;Rue de monçay;45740;45179;Lailly-en-Val;;;1.680978;47.762136
45179_0436_00002;2;;Allée du Sabotier;45740;45179;Lailly-en-Val;;;1.69117;47.768692
45179_0097_00046;46;;Allée des Cerfs;45740;45179;Lailly-en-Val;;;1.688606;47.763605
45179_0409_00012;12;;Impasse des Picardes;45740;45179;Lailly-en-Val;;;1.69018;47.765633
45179_0110_00003_bis;3;bis;Chemin du Clos Moussard;45740;45179;Lailly-en-Val;;;1.684872;47.763945
45179_0086_00019;19;;Allée des Brémailles;45740;45179;Lailly-en-Val;;;1.687917;47.762855
45179_aph05n_00045;45;;Villenouan;45740;45179;Lailly-en-Val;;;1.708459;47.774202
45179_0435_00112;112;;Rue du Sabot;45740;45179;Lailly-en-Val;;;1.691999;47.768321
45179_0061_00001_bis;1;bis;Chemin du Bas du Gué;45740;45179;Lailly-en-Val;;;1.676009;47.759508
45179_0140_00016;16;;Rue des Ecoles;45740;45179;Lailly-en-Val;;;1.687841;47.769172
45179_0380_00210;210;;Rue de monçay;45740;45179;Lailly-en-Val;;;1.69138;47.766702
45179_0380_00057;57;;Rue de monçay;45740;45179;Lailly-en-Val;;;1.675827;47.758174
45179_0086_00011;11;;Allée des Brémailles;45740;45179;Lailly-en-Val;;;1.687182;47.763335
45179_0022_00013;13;;Rue du Bari;45740;45179;Lailly-en-Val;;;1.68331;47.76232
45179_0300_00024;24;;Rue de la Mairie;45740;45179;Lailly-en-Val;;;1.684784;47.767612
45179_0220_00011;11;;Rue Hallée;45740;45179;Lailly-en-Val;;;1.658207;47.747072
45179_0107_00019;19;;Rue du Clos Drouard;45740;45179;Lailly-en-Val;;;1.688827;47.77049
45179_0112_00004;4;;Clos de la Charpenterie;45740;45179;Lailly-en-Val;;;1.677632;47.759047
45179_0380_00031;31;;Rue de monçay;45740;45179;Lailly-en-Val;;;1.710538;47.751082
45179_0080_00025;25;;Rue du Bourg;45740;45179;Lailly-en-Val;;;1.688929;47.771475
45179_0412_00003_bis;3;bis;Chemin des Plantes;45740;45179;Lailly-en-Val;;;1.673781;47.755002
45179_0380_00301;301;;Rue de monçay;45740;45179;Lailly-en-Val;;;1.692459;47.76625
45179_0370_00003;3;;Rue des Moïses;45740;45179;Lailly-en-Val;;;1.663167;47.751484
45179_0460_00012;12;;Rue de la Trépinière;45740;45179;Lailly-en-Val;;;1.671845;47.758023
45179_0100_00003;3;;Rue de la Chaintre;45740;45179;Lailly-en-Val;;;1.673488;47.759155
45179_0280_00018;18;;Rue de Ligniéres;45740;45179;Lailly-en-Val;;;1.670606;47.754302
45179_0439_00006;6;;Route de Sologne;45740;45179;Lailly-en-Val;;;1.69437;47.771176
45179_0340_00011;11;;Rue de Maulne;45740;45179;Lailly-en-Val;;;1.659941;47.749698
45179_0040_00010;10;;Route de Beaugency;45740;45179;Lailly-en-Val;;;1.691742;47.771608
45179_0107_00010;10;;Rue du Clos Drouard;45740;45179;Lailly-en-Val;;;1.68947;47.769314
45179_0102_00010;10;;Rue des Grands Chênes;45740;45179;Lailly-en-Val;;;1.6877;47.764293
45179_0280_00009;9;;Rue de Ligniéres;45740;45179;Lailly-en-Val;;;1.669791;47.754892
45179_0439_00018_bis;18;bis;Route de Sologne;45740;45179;Lailly-en-Val;;;1.696857;47.770013
45179_0107_00020;20;;Rue du Clos Drouard;45740;45179;Lailly-en-Val;;;1.68894;47.769899
45179_0400_00007;7;;Route d'Orléans;45740;45179;Lailly-en-Val;;;1.690477;47.769041
45179_0400_00068;68;;Route d'Orléans;45740;45179;Lailly-en-Val;;;1.699558;47.776341
45179_0360_00013;13;;Chemin de Mévault;45740;45179;Lailly-en-Val;;;1.680363;47.759704
45179_0180_00005;5;;Chemin du Grand Noyer;45740;45179;Lailly-en-Val;;;1.675637;47.756002
45179_0360_00001;1;;Chemin de Mévault;45740;45179;Lailly-en-Val;;;1.679087;47.760841
45179_0436_00007;7;;Allée du Sabotier;45740;45179;Lailly-en-Val;;;1.69171;47.767856
45179_0097_00036;36;;Allée des Cerfs;45740;45179;Lailly-en-Val;;;1.688739;47.763525
45179_b067_00001;1;;Le Grand Chatillon;45740;45179;Lailly-en-Val;;;1.72267;47.739973
45179_0107_00003;3;;Rue du Clos Drouard;45740;45179;Lailly-en-Val;;;1.689184;47.76922
45179_0380_00036;36;;Rue de monçay;45740;45179;Lailly-en-Val;;;1.711695;47.748976
45179_0400_00011_bis;11;bis;Route d'Orléans;45740;45179;Lailly-en-Val;;;1.690771;47.769151
45179_8najeb_00001;1;;Chemin du Clos Joubert;45740;45179;Lailly-en-Val;;;1.663666;47.751254
45179_0380_00045;45;;Rue de monçay;45740;45179;Lailly-en-Val;;;1.689804;47.767782
45179_0086_00006;6;;Allée des Brémailles;45740;45179;Lailly-en-Val;;;1.687236;47.763494
45179_0102_00014;14;;Rue des Grands Chênes;45740;45179;Lailly-en-Val;;;1.688226;47.764572
45179_0280_00005;5;;Rue de Ligniéres;45740;45179;Lailly-en-Val;;;1.669496;47.75512
45179_0110_00016;16;;Chemin du Clos Moussard;45740;45179;Lailly-en-Val;;;1.685903;47.763049
45179_0460_00064;64;;Rue de la Trépinière;45740;45179;Lailly-en-Val;;;1.664389;47.752824
45179_0400_00061;61;;Route d'Orléans;45740;45179;Lailly-en-Val;;;1.6992;47.776362
45179_nzdkbo_00016;16;;Les Berteches;45740;45179;Lailly-en-Val;;;1.688095;47.766689
45179_8ocuuv_00001;1;;Allée des Ravouillères;45740;45179;Lailly-en-Val;;;1.687314;47.768072
45179_0021_00016;16;;Impasse Céline;45740;45179;Lailly-en-Val;;;1.690327;47.770783
45179_0099_00006;6;;Rue des Champs Fleuris;45740;45179;Lailly-en-Val;;;1.687086;47.763692
45179_0351_02600_a;2600;a;Rue de Meung;45740;45179;Lailly-en-Val;;Ferme de Clossy;1.678483;47.780004
45179_0107_00002_bis;2;bis;Rue du Clos Drouard;45740;45179;Lailly-en-Val;;;1.688772;47.768887
45179_0439_00018;18;;Route de Sologne;45740;45179;Lailly-en-Val;;;1.696228;47.770348
45179_0520_00006_bis;6;bis;Route de Villenouan;45740;45179;Lailly-en-Val;;;1.696954;47.773151
45179_0400_00052;52;;Route d'Orléans;45740;45179;Lailly-en-Val;;;1.697516;47.774491
45179_0520_00003;3;;Route de Villenouan;45740;45179;Lailly-en-Val;;;1.697269;47.773327
45179_0380_00069;69;;Rue de monçay;45740;45179;Lailly-en-Val;;;1.674912;47.757099
45179_so8h8n_00016;16;;Lotissement des Berteches;45740;45179;Lailly-en-Val;;;1.688098;47.766676
45179_0097_00015;15;;Allée des Cerfs;45740;45179;Lailly-en-Val;;;1.688106;47.764996
45179_0165_00005;5;;Chemin de Fourchault;45740;45179;Lailly-en-Val;;;1.696786;47.771122
45179_52milk_00004;4;;Rue de Bourgneuf;45740;45179;Lailly-en-Val;;;1.691229;47.772373
45179_0260_00005;5;;Rue Joubert;45740;45179;Lailly-en-Val;;;1.664682;47.752029
45179_0180_00006;6;;Chemin du Grand Noyer;45740;45179;Lailly-en-Val;;;1.675834;47.755818
45179_0165_00016_bis;16;bis;Chemin de Fourchault;45740;45179;Lailly-en-Val;;;1.697128;47.772706
45179_0160_00009;9;;Rue de la Fontaine;45740;45179;Lailly-en-Val;;;1.687114;47.771014
45179_0300_00030;30;;Rue de la Mairie;45740;45179;Lailly-en-Val;;;1.682151;47.764596
45179_0300_00006;6;;Rue de la Mairie;45740;45179;Lailly-en-Val;;;1.686211;47.769961
45179_0300_00031;31;;Rue de la Mairie;45740;45179;Lailly-en-Val;;;1.684777;47.767506
45179_0172_00010;10;;Chemin du Gouffre;45740;45179;Lailly-en-Val;;;1.688933;47.765814
45179_0380_00217;217;;Rue de monçay;45740;45179;Lailly-en-Val;;;1.691753;47.767008
45179_0107_00024;24;;Rue du Clos Drouard;45740;45179;Lailly-en-Val;;;1.688933;47.770478
45179_0510_00002;2;;Allée des Vignes;45740;45179;Lailly-en-Val;;;1.688303;47.765128
45179_0140_00019;19;;Rue des Ecoles;45740;45179;Lailly-en-Val;;;1.688227;47.768922
45179_0520_00004_bis;4;bis;Route de Villenouan;45740;45179;Lailly-en-Val;;;1.697127;47.772966
45179_0210_00008;8;;Chemin des Guerlets;45740;45179;Lailly-en-Val;;;1.693349;47.766793
45179_0400_00056_bis;56;bis;Route d'Orléans;45740;45179;Lailly-en-Val;;;1.698248;47.775163
45179_0160_00002;2;;Rue de la Fontaine;45740;45179;Lailly-en-Val;;;1.687263;47.771373
45179_0172_00016;16;;Chemin du Gouffre;45740;45179;Lailly-en-Val;;;1.689598;47.765208
45179_0107_00014;14;;Rue du Clos Drouard;45740;45179;Lailly-en-Val;;;1.689514;47.769496
45179_0011_00001;1;;Impasse du Clos de l'Ange;45740;45179;Lailly-en-Val;;;1.667032;47.754223
45179_0165_00007;7;;Chemin de Fourchault;45740;45179;Lailly-en-Val;;;1.696038;47.77184
45179_0414_00010;10;;Rue des Plantes de la Motte;45740;45179;Lailly-en-Val;;;1.699583;47.77001
45179_0460_00009_bis;9;bis;Rue de la Trépinière;45740;45179;Lailly-en-Val;;;1.67216;47.758107
45179_0436_00004;4;;Allée du Sabotier;45740;45179;Lailly-en-Val;;;1.691093;47.768541
45179_0400_00025;25;;Route d'Orléans;45740;45179;Lailly-en-Val;;;1.693042;47.771138
45179_0205_00022;22;;Chemin des Grivelles;45740;45179;Lailly-en-Val;;;1.661868;47.748808
45179_0380_00085;85;;Rue de monçay;45740;45179;Lailly-en-Val;;;1.672565;47.754698
45179_0102_00023;23;;Rue des Grands Chênes;45740;45179;Lailly-en-Val;;;1.688235;47.764221
45179_0080_00012;12;;Rue du Bourg;45740;45179;Lailly-en-Val;;;1.687948;47.770991
45179_0380_00020;20;;Rue de monçay;45740;45179;Lailly-en-Val;;;1.708842;47.750625
45179_0172_00006;6;;Chemin du Gouffre;45740;45179;Lailly-en-Val;;;1.68834;47.766254
45179_0380_00067;67;;Rue de monçay;45740;45179;Lailly-en-Val;;;1.675004;47.757195
45179_0240_00008;8;;Rue de la Haut;45740;45179;Lailly-en-Val;;;1.666976;47.752571
45179_0435_00226;226;;Rue du Sabot;45740;45179;Lailly-en-Val;;;1.692988;47.76771
45179_0110_00006_bis;6;bis;Chemin du Clos Moussard;45740;45179;Lailly-en-Val;;;1.684562;47.763737
45179_0500_00006;6;;Rue de Vezenne;45740;45179;Lailly-en-Val;;;1.677964;47.757188
45179_0460_00035_bis;35;bis;Rue de la Trépinière;45740;45179;Lailly-en-Val;;;1.666998;47.754878
45179_0102_00031;31;;Rue des Grands Chênes;45740;45179;Lailly-en-Val;;;1.686998;47.764387
45179_0480_00001_bis;1;bis;Rue du Val;45740;45179;Lailly-en-Val;;;1.67531;47.758061
45179_0400_00010;10;;Route d'Orléans;45740;45179;Lailly-en-Val;;;1.691735;47.769613
45179_0260_00008;8;;Rue Joubert;45740;45179;Lailly-en-Val;;;1.663915;47.751978
45179_0107_00038;38;;Rue du Clos Drouard;45740;45179;Lailly-en-Val;;;1.690317;47.770256
45179_0400_00058;58;;Route d'Orléans;45740;45179;Lailly-en-Val;;;1.698391;47.7753
45179_0400_00002_c;2;c;Route d'Orléans;45740;45179;Lailly-en-Val;;;1.690065;47.768577
45179_0414_00024;24;;Rue des Plantes de la Motte;45740;45179;Lailly-en-Val;;;1.699083;47.770771
45179_0380_00080;80;;Rue de monçay;45740;45179;Lailly-en-Val;;;1.665753;47.749683
45179_0380_00027_bis;27;bis;Rue de monçay;45740;45179;Lailly-en-Val;;;1.681691;47.76247
45179_0385_00003;3;;Chemin de la Motte Remy;45740;45179;Lailly-en-Val;;;1.702459;47.776364
45179_0340_00015;15;;Rue de Maulne;45740;45179;Lailly-en-Val;;;1.65948;47.749206
45179_0107_00030;30;;Rue du Clos Drouard;45740;45179;Lailly-en-Val;;;1.689824;47.770237
45179_0460_00062;62;;Rue de la Trépinière;45740;45179;Lailly-en-Val;;;1.664558;47.752953
45179_0436_00006;6;;Allée du Sabotier;45740;45179;Lailly-en-Val;;;1.69093;47.768386
45179_0405_00090;90;;Chemin de la Petite Ruelle;45740;45179;Lailly-en-Val;;;1.692507;47.772543
45179_0520_00004;4;;Route de Villenouan;45740;45179;Lailly-en-Val;;;1.695891;47.772896
45179_0439_00018_ter;18;ter;Route de Sologne;45740;45179;Lailly-en-Val;;;1.697151;47.769829
45179_0340_00009;9;;Rue de Maulne;45740;45179;Lailly-en-Val;;;1.660601;47.749699
45179_0380_00062_bis;62;bis;Rue de monçay;45740;45179;Lailly-en-Val;;;1.671533;47.754646
45179_0460_00048;48;;Rue de la Trépinière;45740;45179;Lailly-en-Val;;;1.666636;47.754975
45179_0112_00007;7;;Clos de la Charpenterie;45740;45179;Lailly-en-Val;;;1.67739;47.758853
45179_0520_00011;11;;Route de Villenouan;45740;45179;Lailly-en-Val;;;1.700037;47.774298
45179_0435_00192;192;;Rue du Sabot;45740;45179;Lailly-en-Val;;;1.692688;47.767882
45179_0180_00007;7;;Chemin du Grand Noyer;45740;45179;Lailly-en-Val;;;1.675935;47.755836
45179_0380_00391;391;;Rue de monçay;45740;45179;Lailly-en-Val;;;1.693435;47.765784
45179_0020_00003_bis;3;bis;Rue de la Bargoudière;45740;45179;Lailly-en-Val;;;1.679605;47.762413
45179_0436_00001;1;;Allée du Sabotier;45740;45179;Lailly-en-Val;;;1.691149;47.768207
45179_0080_00019;19;;Rue du Bourg;45740;45179;Lailly-en-Val;;;1.688361;47.771256
45179_0414_00012;12;;Rue des Plantes de la Motte;45740;45179;Lailly-en-Val;;;1.69984;47.770174
45179_0409_00002;2;;Impasse des Picardes;45740;45179;Lailly-en-Val;;;1.689735;47.76528
45179_0172_00004_a;4;a;Chemin du Gouffre;45740;45179;Lailly-en-Val;;;1.687944;47.766546
45179_0403_00018;18;;Chemin du Peliau;45740;45179;Lailly-en-Val;;;1.684688;47.761939
45179_0380_00601;601;;Rue de monçay;45740;45179;Lailly-en-Val;;;1.696009;47.764706
45179_0200_00001;1;;Chemin du Grand Clos;45740;45179;Lailly-en-Val;;;1.660408;47.750342
45179_0414_00018;18;;Rue des Plantes de la Motte;45740;45179;Lailly-en-Val;;;1.69979;47.770583
45179_0200_00009;9;;Chemin du Grand Clos;45740;45179;Lailly-en-Val;;;1.662366;47.749274
45179_0403_00002;2;;Chemin du Peliau;45740;45179;Lailly-en-Val;;;1.685232;47.762958
45179_0100_00006;6;;Rue de la Chaintre;45740;45179;Lailly-en-Val;;;1.673617;47.758895
45179_0435_00240;240;;Rue du Sabot;45740;45179;Lailly-en-Val;;;1.693227;47.767582
45179_0439_00010;10;;Route de Sologne;45740;45179;Lailly-en-Val;;;1.694633;47.771059
45179_0500_00008_bis;8;bis;Rue de Vezenne;45740;45179;Lailly-en-Val;;;1.680717;47.755885
45179_0240_00003;3;;Rue de la Haut;45740;45179;Lailly-en-Val;;;1.666156;47.753855
45179_0460_00021;21;;Rue de la Trépinière;45740;45179;Lailly-en-Val;;;1.670381;47.75689
45179_0080_00021;21;;Rue du Bourg;45740;45179;Lailly-en-Val;;;1.688505;47.771321
45179_0086_00003;3;;Allée des Brémailles;45740;45179;Lailly-en-Val;;;1.68638;47.763927
45179_0300_00042;42;;Rue de la Mairie;45740;45179;Lailly-en-Val;;;1.678786;47.761428
45179_k74oip_00001;1;;Chemin des Bordes;45740;45179;Lailly-en-Val;;;1.67408;47.74632
45179_0460_00009;9;;Rue de la Trépinière;45740;45179;Lailly-en-Val;;;1.672074;47.758089
45179_0080_00027;27;;Rue du Bourg;45740;45179;Lailly-en-Val;;;1.689082;47.771524
45179_0040_00022;22;;Route de Beaugency;45740;45179;Lailly-en-Val;;;1.689633;47.771966
45179_0240_00021;21;;Rue de la Haut;45740;45179;Lailly-en-Val;;;1.668062;47.751975
45179_0300_00043;43;;Rue de la Mairie;45740;45179;Lailly-en-Val;;;1.681721;47.764238
45179_0380_00053;53;;Rue de monçay;45740;45179;Lailly-en-Val;;;1.67603;47.758419
45179_0414_00003;3;;Rue des Plantes de la Motte;45740;45179;Lailly-en-Val;;;1.698999;47.76982
45179_0400_00027;27;;Route d'Orléans;45740;45179;Lailly-en-Val;;;1.694339;47.772183
45179_0460_00043;43;;Rue de la Trépinière;45740;45179;Lailly-en-Val;;;1.666042;47.754151
45179_84t8yb_00054_ter;54;ter;Monçay;45740;45179;Lailly-en-Val;;;1.713307;47.748731
45179_0380_00087;87;;Rue de monçay;45740;45179;Lailly-en-Val;;;1.671713;47.75404
45179_84t8yb_00054;54;;Monçay;45740;45179;Lailly-en-Val;;;1.713365;47.748726
45179_0380_00091_bis;91;bis;Rue de monçay;45740;45179;Lailly-en-Val;;;1.671292;47.753331
45179_b144_05301;5301;;Le Tertre Blanc;45740;45179;Lailly-en-Val;;;1.736728;47.744459
45179_0099_00003;3;;Rue des Champs Fleuris;45740;45179;Lailly-en-Val;;;1.686487;47.763425
45179_0400_00013;13;;Route d'Orléans;45740;45179;Lailly-en-Val;;;1.691483;47.769696
45179_0080_00032;32;;Rue du Bourg;45740;45179;Lailly-en-Val;;;1.690045;47.771548
45179_0172_00018;18;;Chemin du Gouffre;45740;45179;Lailly-en-Val;;;1.689764;47.765026
45179_0460_00033;33;;Rue de la Trépinière;45740;45179;Lailly-en-Val;;;1.66759;47.755315
45179_0414_00032;32;;Rue des Plantes de la Motte;45740;45179;Lailly-en-Val;;;1.698379;47.770288
45179_0080_00010;10;;Rue du Bourg;45740;45179;Lailly-en-Val;;;1.68776;47.770907
45179_ld1v2t_06800;6800;;Pully;45740;45179;Lailly-en-Val;;;1.749561;47.733848
45179_0439_00026;26;;Route de Sologne;45740;45179;Lailly-en-Val;;;1.698233;47.769119
45179_0099_00005;5;;Rue des Champs Fleuris;45740;45179;Lailly-en-Val;;;1.685794;47.762362
45179_0010_00004;4;;Chemin des Amandiers;45740;45179;Lailly-en-Val;;;1.683386;47.760444
45179_0414_00008;8;;Rue des Plantes de la Motte;45740;45179;Lailly-en-Val;;;1.699399;47.769888
45179_0107_00004;4;;Rue du Clos Drouard;45740;45179;Lailly-en-Val;;;1.688953;47.769002
45179_0097_00001;1;;Allée des Cerfs;45740;45179;Lailly-en-Val;;;1.686461;47.765393
45179_0400_00057;57;;Route d'Orléans;45740;45179;Lailly-en-Val;;;1.698816;47.775996
45179_0300_00059_a;59;a;Rue de la Mairie;45740;45179;Lailly-en-Val;;;1.680026;47.762607
45179_0520_00005_bis;5;bis;Route de Villenouan;45740;45179;Lailly-en-Val;;;1.698843;47.773788
45179_0350_00002_a;2;a;Chemin de la Messe;45740;45179;Lailly-en-Val;;;1.669794;47.754746
45179_0361_00004;4;;Chemin des Grands Cours;45740;45179;Lailly-en-Val;;;1.70002;47.776029
45179_0380_00133;133;;Rue de monçay;45740;45179;Lailly-en-Val;;;1.690672;47.767241
45179_0435_00127;127;;Rue du Sabot;45740;45179;Lailly-en-Val;;;1.692084;47.768368
45179_0480_00012_quater;12;quater;Rue du Val;45740;45179;Lailly-en-Val;;;1.672029;47.759365
45179_0084_00006;6;;Chemin du Bourgneuf;45740;45179;Lailly-en-Val;;;1.691352;47.772605
45179_0120_00005;5;;Chemin des Crapaudières;45740;45179;Lailly-en-Val;;;1.700429;47.773662
45179_0480_00009;9;;Rue du Val;45740;45179;Lailly-en-Val;;;1.673195;47.758551
45179_0220_00006_ter;6;ter;Rue Hallée;45740;45179;Lailly-en-Val;;;1.657875;47.748052
45179_0460_00039;39;;Rue de la Trépinière;45740;45179;Lailly-en-Val;;;1.666144;47.754502
45179_0260_00021;21;;Rue Joubert;45740;45179;Lailly-en-Val;;;1.666809;47.750837
45179_0320_00016;16;;Rue de Marambault;45740;45179;Lailly-en-Val;;;1.68221;47.760061
45179_0403_00010;10;;Chemin du Peliau;45740;45179;Lailly-en-Val;;;1.684436;47.762474
45179_0220_00008;8;;Rue Hallée;45740;45179;Lailly-en-Val;;;1.657689;47.747561
45179_0520_00032;32;;Route de Villenouan;45740;45179;Lailly-en-Val;;;1.704544;47.774651
45179_0520_00016;16;;Route de Villenouan;45740;45179;Lailly-en-Val;;;1.699158;47.773853
45179_iwif55_00001;1;;Impasse du Sabot;45740;45179;Lailly-en-Val;;;1.695781;47.7673
45179_0140_00011;11;;Rue des Ecoles;45740;45179;Lailly-en-Val;;;1.687572;47.769738
45179_0261_00001;1;;Place de l'Eglise;45740;45179;Lailly-en-Val;;;1.686354;47.770416
45179_0320_00001;1;;Rue de Marambault;45740;45179;Lailly-en-Val;;;1.680763;47.761555
45179_0300_00047;47;;Rue de la Mairie;45740;45179;Lailly-en-Val;;;1.681122;47.763862
45179_0414_00020;20;;Rue des Plantes de la Motte;45740;45179;Lailly-en-Val;;;1.699513;47.770699
45179_0240_00023;23;;Rue de la Haut;45740;45179;Lailly-en-Val;;;1.668188;47.751892
45179_9wm2i2_00001;1;;Impasse des Grivelles;45740;45179;Lailly-en-Val;;;1.660478;47.747045
45179_84t8yb_00023;23;;Monçay;45740;45179;Lailly-en-Val;;;1.710477;47.751216
45179_0414_00009;9;;Rue des Plantes de la Motte;45740;45179;Lailly-en-Val;;;1.69965;47.770132
45179_0439_00001;1;;Route de Sologne;45740;45179;Lailly-en-Val;;;1.693684;47.771287
45179_0110_00023;23;;Chemin du Clos Moussard;45740;45179;Lailly-en-Val;;;1.687291;47.76234
45179_0435_00107;107;;Rue du Sabot;45740;45179;Lailly-en-Val;;;1.691892;47.768491
45179_0080_00003;3;;Rue du Bourg;45740;45179;Lailly-en-Val;;;1.68665;47.770434
45179_0439_00012_quater;12;quater;Route de Sologne;45740;45179;Lailly-en-Val;;;1.695058;47.770798
45179_0020_00009;9;;Rue de la Bargoudière;45740;45179;Lailly-en-Val;;;1.678722;47.763218
45179_0300_00039;39;;Rue de la Mairie;45740;45179;Lailly-en-Val;;;1.682147;47.764472
45179_0380_00008_bis;8;bis;Rue de monçay;45740;45179;Lailly-en-Val;;;1.680774;47.76285
45179_0145_00003;3;;Sentier des Ecoliers;45740;45179;Lailly-en-Val;;;1.691234;47.77113
45179_0200_00006;6;;Chemin du Grand Clos;45740;45179;Lailly-en-Val;;;1.661708;47.749329
45179_0520_00034;34;;Route de Villenouan;45740;45179;Lailly-en-Val;;;1.701617;47.7747
45179_0140_00007;7;;Rue des Ecoles;45740;45179;Lailly-en-Val;;;1.687273;47.769942
45179_0460_00040;40;;Rue de la Trépinière;45740;45179;Lailly-en-Val;;;1.668019;47.755483
45179_0099_00016;16;;Rue des Champs Fleuris;45740;45179;Lailly-en-Val;;;1.685503;47.7621
45179_0380_00081;81;;Rue de monçay;45740;45179;Lailly-en-Val;;;1.67302;47.755068
45179_0110_00010;10;;Chemin du Clos Moussard;45740;45179;Lailly-en-Val;;;1.685301;47.763406
45179_0436_00018;18;;Allée du Sabotier;45740;45179;Lailly-en-Val;;;1.691798;47.76769
45179_0414_00034;34;;Rue des Plantes de la Motte;45740;45179;Lailly-en-Val;;;1.698189;47.77014
45179_0040_00018;18;;Route de Beaugency;45740;45179;Lailly-en-Val;;;1.690258;47.771868
45179_0280_00017;17;;Rue de Ligniéres;45740;45179;Lailly-en-Val;;;1.670896;47.754173
45179_0414_00036;36;;Rue des Plantes de la Motte;45740;45179;Lailly-en-Val;;;1.698008;47.770007
45179_0099_00018;18;;Rue des Champs Fleuris;45740;45179;Lailly-en-Val;;;1.685314;47.761997
45179_0320_00700;700;;Rue de Marambault;45740;45179;Lailly-en-Val;;;1.686444;47.757653
45179_0400_00002;2;;Route d'Orléans;45740;45179;Lailly-en-Val;;;1.690381;47.768712
45179_0439_00020;20;;Route de Sologne;45740;45179;Lailly-en-Val;;;1.697375;47.769674
45179_0414_00006;6;;Rue des Plantes de la Motte;45740;45179;Lailly-en-Val;;;1.699159;47.769729
45179_0097_00019;19;;Allée des Cerfs;45740;45179;Lailly-en-Val;;;1.688855;47.76378
45179_0300_00061_a;61;a;Rue de la Mairie;45740;45179;Lailly-en-Val;;;1.679873;47.762511
45179_0340_00013;13;;Rue de Maulne;45740;45179;Lailly-en-Val;;;1.65957;47.749444
45179_0400_00011;11;;Route d'Orléans;45740;45179;Lailly-en-Val;;;1.690771;47.769151
45179_0380_00066;66;;Rue de monçay;45740;45179;Lailly-en-Val;;;1.714772;47.747885
45179_0439_00025;25;;Route de Sologne;45740;45179;Lailly-en-Val;;;1.69848;47.769106
45179_0060_00069_quater;69;quater;Route de blois;45740;45179;Lailly-en-Val;;;1.674789;47.756983
45179_0400_00028;28;;Route d'Orléans;45740;45179;Lailly-en-Val;;;1.693605;47.771489
45179_0080_00002_a;2;a;Rue du Bourg;45740;45179;Lailly-en-Val;;;1.687159;47.770289
45179_0107_00013;13;;Rue du Clos Drouard;45740;45179;Lailly-en-Val;;;1.688235;47.769916
45179_ky230q_00006;6;;Impasse du Clos de Maurigault;45740;45179;Lailly-en-Val;;;1.682543;47.761602
45179_0409_00011;11;;Impasse des Picardes;45740;45179;Lailly-en-Val;;;1.690349;47.765645
45179_0380_00068;68;;Rue de monçay;45740;45179;Lailly-en-Val;;;1.714827;47.748462
45179_0460_00048_bis;48;bis;Rue de la Trépinière;45740;45179;Lailly-en-Val;;;1.666305;47.754967
45179_0220_00002;2;;Rue Hallée;45740;45179;Lailly-en-Val;;;1.658217;47.748216
45179_0260_00015;15;;Rue Joubert;45740;45179;Lailly-en-Val;;;1.663977;47.752492
45179_84t8yb_00036;36;;Monçay;45740;45179;Lailly-en-Val;;;1.71154;47.749114
45179_0340_00010;10;;Rue de Maulne;45740;45179;Lailly-en-Val;;;1.660303;47.749699
45179_0380_00148;148;;Rue de monçay;45740;45179;Lailly-en-Val;;;1.690805;47.767084
45179_0380_00073_ter;73;ter;Rue de monçay;45740;45179;Lailly-en-Val;;;1.67464;47.756126
45179_0107_00011_bis;11;bis;Rue du Clos Drouard;45740;45179;Lailly-en-Val;;;1.68856;47.769785
45179_0022_00003;3;;Rue du Bari;45740;45179;Lailly-en-Val;;;1.682322;47.762955
45179_0480_00008;8;;Rue du Val;45740;45179;Lailly-en-Val;;;1.673367;47.75867
45179_0300_00029;29;;Rue de la Mairie;45740;45179;Lailly-en-Val;;;1.685084;47.767795
45179_0439_00004;4;;Route de Sologne;45740;45179;Lailly-en-Val;;;1.694085;47.771192
45179_0510_00001;1;;Allée des Vignes;45740;45179;Lailly-en-Val;;;1.688621;47.765288
45179_0520_00003_a;3;a;Route de Villenouan;45740;45179;Lailly-en-Val;;;1.698133;47.773675
45179_0107_00023;23;;Rue du Clos Drouard;45740;45179;Lailly-en-Val;;;1.689447;47.770586
45179_0180_00003;3;;Chemin du Grand Noyer;45740;45179;Lailly-en-Val;;;1.674883;47.756352
45179_0480_00004;4;;Rue du Val;45740;45179;Lailly-en-Val;;;1.673904;47.758534
45179_0107_00015;15;;Rue du Clos Drouard;45740;45179;Lailly-en-Val;;;1.688603;47.770073
45179_0380_00075_quater;75;quater;Rue de monçay;45740;45179;Lailly-en-Val;;;1.67393;47.755975
45179_0480_00002_bis;2;bis;Rue du Val;45740;45179;Lailly-en-Val;;;1.674402;47.758704
45179_0120_00022;22;;Chemin des Crapaudières;45740;45179;Lailly-en-Val;;;1.700609;47.773469
45179_0510_00004;4;;Allée des Vignes;45740;45179;Lailly-en-Val;;;1.68841;47.7652
45179_b147_00069;69;;Les Trois Cheminees;45740;45179;Lailly-en-Val;;;1.675021;47.756924
45179_0414_00016;16;;Rue des Plantes de la Motte;45740;45179;Lailly-en-Val;;;1.700179;47.770511
45179_0320_00013;13;;Rue de Marambault;45740;45179;Lailly-en-Val;;;1.682718;47.760335
45179_0400_00029;29;;Route d'Orléans;45740;45179;Lailly-en-Val;;;1.694542;47.772339
45179_b058_00001;1;;Les Francs Bois;45740;45179;Lailly-en-Val;;;1.717993;47.72669
45179_0080_00006;6;;Rue du Bourg;45740;45179;Lailly-en-Val;;;1.687034;47.770587
45179_0400_00012;12;;Route d'Orléans;45740;45179;Lailly-en-Val;;;1.692333;47.770174
45179_0320_00009;9;;Rue de Marambault;45740;45179;Lailly-en-Val;;;1.681902;47.760677
45179_0400_00035_bis;35;bis;Route d'Orléans;45740;45179;Lailly-en-Val;;;1.695709;47.773314
45179_0022_00012;12;;Rue du Bari;45740;45179;Lailly-en-Val;;;1.683421;47.76215
45179_0200_00004;4;;Chemin du Grand Clos;45740;45179;Lailly-en-Val;;;1.661655;47.749608
45179_0300_00017;17;;Rue de la Mairie;45740;45179;Lailly-en-Val;;;1.685767;47.768781
45179_0110_00011;11;;Chemin du Clos Moussard;45740;45179;Lailly-en-Val;;;1.685748;47.763251
45179_0405_00060;60;;Chemin de la Petite Ruelle;45740;45179;Lailly-en-Val;;;1.692126;47.772716
45179_0409_00003;3;;Impasse des Picardes;45740;45179;Lailly-en-Val;;;1.689874;47.765267
45179_0011_00010;10;;Impasse du Clos de l'Ange;45740;45179;Lailly-en-Val;;;1.667317;47.753104
45179_0102_00013;13;;Rue des Grands Chênes;45740;45179;Lailly-en-Val;;;1.686617;47.764522
45179_0261_00110;110;;Place de l'Eglise;45740;45179;Lailly-en-Val;;;1.685711;47.770219
45179_0414_00021;21;;Rue des Plantes de la Motte;45740;45179;Lailly-en-Val;;;1.698499;47.770272
45179_0080_00011;11;;Rue du Bourg;45740;45179;Lailly-en-Val;;;1.68772;47.770966
45179_0120_00008;8;;Chemin des Crapaudières;45740;45179;Lailly-en-Val;;;1.700609;47.773469
45179_0380_00030;30;;Rue de monçay;45740;45179;Lailly-en-Val;;;1.711599;47.749594
45179_0340_00018;18;;Rue de Maulne;45740;45179;Lailly-en-Val;;;1.659269;47.749237
45179_0240_00011;11;;Rue de la Haut;45740;45179;Lailly-en-Val;;;1.666488;47.752902
45179_0107_00005;5;;Rue du Clos Drouard;45740;45179;Lailly-en-Val;;;1.689333;47.769575
45179_0400_00017_bis;17;bis;Route d'Orléans;45740;45179;Lailly-en-Val;;;1.690771;47.769151
45179_0380_00021_d;21;d;Rue de monçay;45740;45179;Lailly-en-Val;;;1.682625;47.763582
45179_0260_00022;22;;Rue Joubert;45740;45179;Lailly-en-Val;;;1.666247;47.750902
45179_0360_00001_ter;1;ter;Chemin de Mévault;45740;45179;Lailly-en-Val;;;1.679536;47.760739
45179_0380_00023_bis;23;bis;Rue de monçay;45740;45179;Lailly-en-Val;;;1.669398;47.75245
45179_so8h8n_00004;4;;Lotissement des Berteches;45740;45179;Lailly-en-Val;;;1.688192;47.766846
45179_0400_00070;70;;Route d'Orléans;45740;45179;Lailly-en-Val;;;1.694802;47.772417
45179_0240_00004;4;;Rue de la Haut;45740;45179;Lailly-en-Val;;;1.665538;47.753361
45179_0360_00004;4;;Chemin de Mévault;45740;45179;Lailly-en-Val;;;1.678977;47.760844
45179_0360_00001_bis;1;bis;Chemin de Mévault;45740;45179;Lailly-en-Val;;;1.67972;47.760882
45179_0500_00004;4;;Rue de Vezenne;45740;45179;Lailly-en-Val;;;1.677596;47.757372
45179_0409_00008;8;;Impasse des Picardes;45740;45179;Lailly-en-Val;;;1.68998;47.765475
45179_0040_00002;2;;Route de Beaugency;45740;45179;Lailly-en-Val;;;1.693106;47.771549
45179_0400_00044;44;;Route d'Orléans;45740;45179;Lailly-en-Val;;;1.696151;47.773462
45179_0097_00020;20;;Allée des Cerfs;45740;45179;Lailly-en-Val;;;1.689204;47.764567
45179_0300_00030_bis;30;bis;Rue de la Mairie;45740;45179;Lailly-en-Val;;;1.682151;47.764596
45179_0020_00007;7;;Rue de la Bargoudière;45740;45179;Lailly-en-Val;;;1.678241;47.762958
45179_0300_00020;20;;Rue de la Mairie;45740;45179;Lailly-en-Val;;;1.68551;47.768346
45179_0351_03600_b;3600;b;Rue de Meung;45740;45179;Lailly-en-Val;;Voisins;1.688722;47.78806
45179_0414_00017;17;;Rue des Plantes de la Motte;45740;45179;Lailly-en-Val;;;1.698823;47.77052
45179_0460_00030_ter;30;ter;Rue de la Trépinière;45740;45179;Lailly-en-Val;;;1.669077;47.756331
45179_0400_00042_ter;42;ter;Route d'Orléans;45740;45179;Lailly-en-Val;;;1.695824;47.773099
45179_0260_00006;6;;Rue Joubert;45740;45179;Lailly-en-Val;;;1.663971;47.75208
45179_0414_00022;22;;Rue des Plantes de la Motte;45740;45179;Lailly-en-Val;;;1.699267;47.770779
45179_0220_00006;6;;Rue Hallée;45740;45179;Lailly-en-Val;;;1.657875;47.748052
45179_0205_00017;17;;Chemin des Grivelles;45740;45179;Lailly-en-Val;;;1.663422;47.749648
45179_0040_00007_ter;7;ter;Route de Beaugency;45740;45179;Lailly-en-Val;;;1.690895;47.771618
45179_0420_00002_bis;2;bis;Rue du Porteau;45740;45179;Lailly-en-Val;;;1.698411;47.77481
45179_0380_00027;27;;Rue de monçay;45740;45179;Lailly-en-Val;;;1.711429;47.751683
45179_0400_00032;32;;Route d'Orléans;45740;45179;Lailly-en-Val;;;1.693904;47.771711
45179_0300_00033_b;33;b;Rue de la Mairie;45740;45179;Lailly-en-Val;;;1.68275;47.764795
45179_0435_00272;272;;Rue du Sabot;45740;45179;Lailly-en-Val;;;1.690972;47.768967
45179_0080_00004;4;;Rue du Bourg;45740;45179;Lailly-en-Val;;;1.686898;47.770485
45179_0510_00008;8;;Allée des Vignes;45740;45179;Lailly-en-Val;;;1.688789;47.765467
45179_0080_00029;29;;Rue du Bourg;45740;45179;Lailly-en-Val;;;1.689262;47.771569
45179_0380_00002;2;;Rue de monçay;45740;45179;Lailly-en-Val;;;1.686654;47.766509
45179_0460_00030;30;;Rue de la Trépinière;45740;45179;Lailly-en-Val;;;1.669534;47.756394
45179_0200_00013;13;;Chemin du Grand Clos;45740;45179;Lailly-en-Val;;;1.664042;47.748248
45179_0380_00071;71;;Rue de monçay;45740;45179;Lailly-en-Val;;;1.67448;47.756676
45179_0010_00001;1;;Chemin des Amandiers;45740;45179;Lailly-en-Val;;;1.683384;47.760523
45179_0439_00003;3;;Route de Sologne;45740;45179;Lailly-en-Val;;;1.694312;47.771244
45179_0300_00025;25;;Rue de la Mairie;45740;45179;Lailly-en-Val;;;1.685654;47.768247
45179_0460_00036;36;;Rue de la Trépinière;45740;45179;Lailly-en-Val;;;1.668449;47.755724
45179_0380_00014;14;;Rue de monçay;45740;45179;Lailly-en-Val;;;1.710384;47.751078
45179_0107_00021_ter;21;ter;Rue du Clos Drouard;45740;45179;Lailly-en-Val;;;1.689391;47.770855
45179_ky230q_00002;2;;Impasse du Clos de Maurigault;45740;45179;Lailly-en-Val;;;1.682829;47.761165
45179_0110_00006;6;;Chemin du Clos Moussard;45740;45179;Lailly-en-Val;;;1.68468;47.763697
45179_0102_00021;21;;Rue des Grands Chênes;45740;45179;Lailly-en-Val;;;1.687965;47.764218
45179_0300_00038_bis;38;bis;Rue de la Mairie;45740;45179;Lailly-en-Val;;;1.678533;47.762172
45179_0300_00008;8;;Rue de la Mairie;45740;45179;Lailly-en-Val;;;1.686115;47.769828
45179_0400_00063;63;;Route d'Orléans;45740;45179;Lailly-en-Val;;;1.699384;47.776531
45179_0280_00011;11;;Rue de Ligniéres;45740;45179;Lailly-en-Val;;;1.669965;47.754784
45179_0165_00011;11;;Chemin de Fourchault;45740;45179;Lailly-en-Val;;;1.696832;47.771387
45179_0350_00001;1;;Chemin de la Messe;45740;45179;Lailly-en-Val;;;1.669663;47.754672
45179_0460_00064_bis;64;bis;Rue de la Trépinière;45740;45179;Lailly-en-Val;;;1.665375;47.754032
45179_0125_00002;2;;Impasse de la Croix Blanche;45740;45179;Lailly-en-Val;;;1.69139;47.770463
45179_0260_00018;18;;Rue Joubert;45740;45179;Lailly-en-Val;;;1.665702;47.751228
45179_0011_00008;8;;Impasse du Clos de l'Ange;45740;45179;Lailly-en-Val;;;1.6672;47.75337
45179_0480_00013;13;;Rue du Val;45740;45179;Lailly-en-Val;;;1.672534;47.758861
45179_0520_00009;9;;Route de Villenouan;45740;45179;Lailly-en-Val;;;1.699439;47.774017
45179_0280_00010;10;;Rue de Ligniéres;45740;45179;Lailly-en-Val;;;1.669555;47.755
45179_0409_00010;10;;Impasse des Picardes;45740;45179;Lailly-en-Val;;;1.690036;47.765519
45179_0086_00017;17;;Allée des Brémailles;45740;45179;Lailly-en-Val;;;1.687808;47.762926
45179_0260_00001;1;;Rue Joubert;45740;45179;Lailly-en-Val;;;1.664011;47.752454
45179_0110_00014;14;;Chemin du Clos Moussard;45740;45179;Lailly-en-Val;;;1.685445;47.763321
45179_0200_00002;2;;Chemin du Grand Clos;45740;45179;Lailly-en-Val;;;1.661054;47.749733
45179_0300_00022;22;;Rue de la Mairie;45740;45179;Lailly-en-Val;;;1.685258;47.768056
45179_b066_00001;1;;Le Grand Aunay;45740;45179;Lailly-en-Val;;;1.737004;47.740531
45179_0380_00052;52;;Rue de monçay;45740;45179;Lailly-en-Val;;;1.673925;47.756344
45179_0510_00016;16;;Allée des Vignes;45740;45179;Lailly-en-Val;;;1.689565;47.765223
45179_0205_00015;15;;Chemin des Grivelles;45740;45179;Lailly-en-Val;;;1.663782;47.749832
45179_0099_00012;12;;Rue des Champs Fleuris;45740;45179;Lailly-en-Val;;;1.685885;47.762308
45179_0260_00007;7;;Rue Joubert;45740;45179;Lailly-en-Val;;;1.664877;47.751889
45179_0107_00028;28;;Rue du Clos Drouard;45740;45179;Lailly-en-Val;;;1.689641;47.770337
45179_0107_00009;9;;Rue du Clos Drouard;45740;45179;Lailly-en-Val;;;1.688561;47.769753
45179_0380_00025;25;;Rue de monçay;45740;45179;Lailly-en-Val;;;1.681794;47.763048
45179_0500_00002;2;;Rue de Vezenne;45740;45179;Lailly-en-Val;;;1.676754;47.757619
45179_0040_00030_ter;30;ter;Route de Beaugency;45740;45179;Lailly-en-Val;;;1.689125;47.772809
45179_0380_00153;153;;Rue de monçay;45740;45179;Lailly-en-Val;;;1.690862;47.767119
45179_0102_00003;3;;Rue des Grands Chênes;45740;45179;Lailly-en-Val;;;1.68585;47.76511
45179_0022_00014;14;;Rue du Bari;45740;45179;Lailly-en-Val;;;1.683585;47.761981
45179_0380_00015;15;;Rue de monçay;45740;45179;Lailly-en-Val;;;1.684427;47.764759
45179_0460_00047;47;;Rue de la Trépinière;45740;45179;Lailly-en-Val;;;1.665599;47.754077
45179_0380_00439;439;;Rue de monçay;45740;45179;Lailly-en-Val;;;1.693971;47.765555
45179_0480_00011;11;;Rue du Val;45740;45179;Lailly-en-Val;;;1.672799;47.758639
45179_0340_00009_ter;9;ter;Rue de Maulne;45740;45179;Lailly-en-Val;;;1.660145;47.749834
45179_0022_00017;17;;Rue du Bari;45740;45179;Lailly-en-Val;;;1.683658;47.762031
45179_0102_00018;18;;Rue des Grands Chênes;45740;45179;Lailly-en-Val;;;1.688838;47.764405
45179_0351_02600_d;2600;d;Rue de Meung;45740;45179;Lailly-en-Val;;Ferme de Clossy;1.678467;47.77959
45179_0520_00003_b;3;b;Route de Villenouan;45740;45179;Lailly-en-Val;;;1.697321;47.773528
45179_0520_00010;10;;Route de Villenouan;45740;45179;Lailly-en-Val;;;1.697578;47.773349
45179_so8h8n_00012;12;;Lotissement des Berteches;45740;45179;Lailly-en-Val;;;1.688537;47.76692
45179_0400_00037_bis;37;bis;Route d'Orléans;45740;45179;Lailly-en-Val;;;1.695983;47.773524
45179_0436_00009;9;;Allée du Sabotier;45740;45179;Lailly-en-Val;;;1.692156;47.767978
45179_0080_00003_bis;3;bis;Rue du Bourg;45740;45179;Lailly-en-Val;;;1.68674;47.770489
45179_0172_00008_a;8;a;Chemin du Gouffre;45740;45179;Lailly-en-Val;;;1.688549;47.766094
45179_0405_00145;145;;Chemin de la Petite Ruelle;45740;45179;Lailly-en-Val;;;1.693544;47.772024
45179_0520_00003_d;3;d;Route de Villenouan;45740;45179;Lailly-en-Val;;;1.697733;47.773855
45179_0060_00062;62;;Route de blois;45740;45179;Lailly-en-Val;;;1.673254;47.754849
45179_0380_00040;40;;Rue de monçay;45740;45179;Lailly-en-Val;;;1.675488;47.757974
45179_0400_00050_ter;50;ter;Route d'Orléans;45740;45179;Lailly-en-Val;;;1.697073;47.774118
45179_0340_00016;16;;Rue de Maulne;45740;45179;Lailly-en-Val;;;1.659232;47.749332
45179_0022_00025;25;;Rue du Bari;45740;45179;Lailly-en-Val;;;1.684282;47.761437
45179_0412_00008;8;;Chemin des Plantes;45740;45179;Lailly-en-Val;;;1.674465;47.754366
45179_so8h8n_00006;6;;Lotissement des Berteches;45740;45179;Lailly-en-Val;;;1.688327;47.767053
45179_0400_00003_bis;3;bis;Route d'Orléans;45740;45179;Lailly-en-Val;;;1.689446;47.768285
45179_0350_00003;3;;Chemin de la Messe;45740;45179;Lailly-en-Val;;;1.669399;47.754458
45179_0520_00001_b;1;b;Route de Villenouan;45740;45179;Lailly-en-Val;;;1.696478;47.773115
45179_0520_00008;8;;Route de Villenouan;45740;45179;Lailly-en-Val;;;1.697161;47.773236
45179_0220_00015;15;;Rue Hallée;45740;45179;Lailly-en-Val;;;1.65865;47.746897
45179_0380_00042;42;;Rue de monçay;45740;45179;Lailly-en-Val;;;1.675393;47.757872
45179_0205_00043;43;;Chemin des Grivelles;45740;45179;Lailly-en-Val;;;1.660043;47.747367
45179_0120_00006;6;;Chemin des Crapaudières;45740;45179;Lailly-en-Val;;;1.700468;47.773543
45179_0080_00013;13;;Rue du Bourg;45740;45179;Lailly-en-Val;;;1.687799;47.771002
45179_0405_00083;83;;Chemin de la Petite Ruelle;45740;45179;Lailly-en-Val;;;1.692377;47.772524
45179_0280_00022;22;;Rue de Ligniéres;45740;45179;Lailly-en-Val;;;1.670912;47.754084
45179_84t8yb_00049;49;;Monçay;45740;45179;Lailly-en-Val;;;1.715167;47.748561
45179_0380_00170;170;;Rue de monçay;45740;45179;Lailly-en-Val;;;1.690985;47.766948
45179_0460_00027;27;;Rue de la Trépinière;45740;45179;Lailly-en-Val;;;1.669751;47.756435
45179_0409_00009;9;;Impasse des Picardes;45740;45179;Lailly-en-Val;;;1.69027;47.765581
45179_0060_00048;48;;Route de blois;45740;45179;Lailly-en-Val;;;1.674817;47.757283
45179_0110_00018;18;;Chemin du Clos Moussard;45740;45179;Lailly-en-Val;;;1.686263;47.762832
45179_0510_00006;6;;Allée des Vignes;45740;45179;Lailly-en-Val;;;1.688599;47.765341
45179_0260_00020;20;;Rue Joubert;45740;45179;Lailly-en-Val;;;1.665972;47.75107
45179_0080_00002;2;;Rue du Bourg;45740;45179;Lailly-en-Val;;;1.686787;47.770409
45179_0260_00009;9;;Rue Joubert;45740;45179;Lailly-en-Val;;;1.665067;47.751747
45179_0403_00020;20;;Chemin du Peliau;45740;45179;Lailly-en-Val;;;1.68486;47.761791
45179_0195_00001_bis;1;bis;Impasse du Grand Clos;45740;45179;Lailly-en-Val;;;1.661756;47.750882
45179_0400_00011_ter;11;ter;Route d'Orléans;45740;45179;Lailly-en-Val;;;1.69117;47.769487
45179_0140_00008;8;;Rue des Ecoles;45740;45179;Lailly-en-Val;;;1.68651;47.769724
45179_0420_00008;8;;Rue du Porteau;45740;45179;Lailly-en-Val;;;1.699625;47.77458
45179_0403_00005;5;;Chemin du Peliau;45740;45179;Lailly-en-Val;;;1.684992;47.762708
45179_0040_00010_bis;10;bis;Route de Beaugency;45740;45179;Lailly-en-Val;;;1.69174;47.771607
45179_0040_00003;3;;Route de Beaugency;45740;45179;Lailly-en-Val;;;1.692349;47.771374
45179_0380_00022;22;;Rue de monçay;45740;45179;Lailly-en-Val;;;1.679122;47.761559
45179_84t8yb_00048;48;;Monçay;45740;45179;Lailly-en-Val;;;1.711814;47.748759
45179_0400_00004;4;;Route d'Orléans;45740;45179;Lailly-en-Val;;;1.689382;47.768131
45179_0403_00014;14;;Chemin du Peliau;45740;45179;Lailly-en-Val;;;1.684373;47.76227
45179_0460_00044;44;;Rue de la Trépinière;45740;45179;Lailly-en-Val;;;1.666985;47.755226
45179_0140_00005;5;;Rue des Ecoles;45740;45179;Lailly-en-Val;;;1.687207;47.769907
45179_0414_00002;2;;Rue des Plantes de la Motte;45740;45179;Lailly-en-Val;;;1.698616;47.769704
45179_0102_00025;25;;Rue des Grands Chênes;45740;45179;Lailly-en-Val;;;1.688572;47.764246
45179_0400_00029_h;29;h;Route d'Orléans;45740;45179;Lailly-en-Val;;;1.694339;47.772183
45179_b012_00001;1;;Bois de Vezenne;45740;45179;Lailly-en-Val;;;1.743145;47.705116
45179_0112_00002;2;;Clos de la Charpenterie;45740;45179;Lailly-en-Val;;;1.677236;47.759094
45179_0400_00055_bis;55;bis;Route d'Orléans;45740;45179;Lailly-en-Val;;;1.698231;47.775469
45179_0350_00004;4;;Chemin de la Messe;45740;45179;Lailly-en-Val;;;1.669794;47.754746
45179_0370_00004;4;;Rue des Moïses;45740;45179;Lailly-en-Val;;;1.663043;47.752082
45179_0380_00083;83;;Rue de monçay;45740;45179;Lailly-en-Val;;;1.672794;47.754878
45179_0380_00026;26;;Rue de monçay;45740;45179;Lailly-en-Val;;;1.676677;47.759434
45179_0260_00003;3;;Rue Joubert;45740;45179;Lailly-en-Val;;;1.664348;47.752215
45179_0380_00032;32;;Rue de monçay;45740;45179;Lailly-en-Val;;;1.711234;47.74925
45179_0480_00007;7;;Rue du Val;45740;45179;Lailly-en-Val;;;1.673691;47.758481
45179_0120_00010;10;;Chemin des Crapaudières;45740;45179;Lailly-en-Val;;;1.700543;47.773216
45179_0220_00017;17;;Rue Hallée;45740;45179;Lailly-en-Val;;;1.659486;47.746585
45179_0040_00030_bis;30;bis;Route de Beaugency;45740;45179;Lailly-en-Val;;;1.688897;47.772633
45179_0380_00073;73;;Rue de monçay;45740;45179;Lailly-en-Val;;;1.674397;47.75648
45179_0172_00007;7;;Chemin du Gouffre;45740;45179;Lailly-en-Val;;;1.688817;47.765998
45179_0022_00018;18;;Rue du Bari;45740;45179;Lailly-en-Val;;;1.683886;47.761687
45179_0380_00200;200;;Rue de monçay;45740;45179;Lailly-en-Val;;;1.691203;47.766808
45179_0520_00002_bis;2;bis;Route de Villenouan;45740;45179;Lailly-en-Val;;;1.695595;47.772822
45179_0120_00001;1;;Chemin des Crapaudières;45740;45179;Lailly-en-Val;;;1.69997;47.773973
45179_0379_00049;49;;Hameau de Moncay;45740;45179;Lailly-en-Val;;;1.715095;47.748806
45179_0412_00004;4;;Chemin des Plantes;45740;45179;Lailly-en-Val;;;1.673404;47.755192
45179_0160_00003;3;;Rue de la Fontaine;45740;45179;Lailly-en-Val;;;1.687078;47.770857
45179_0240_00004_bis;4;bis;Rue de la Haut;45740;45179;Lailly-en-Val;;;1.665636;47.753024
45179_0405_00125;125;;Chemin de la Petite Ruelle;45740;45179;Lailly-en-Val;;;1.693111;47.772202
45179_0022_00005;5;;Rue du Bari;45740;45179;Lailly-en-Val;;;1.682522;47.762811
45179_0439_00007_ter;7;ter;Route de Sologne;45740;45179;Lailly-en-Val;;;1.695492;47.770884
45179_0097_00005;5;;Allée des Cerfs;45740;45179;Lailly-en-Val;;;1.686842;47.765166
45179_0380_00079;79;;Rue de monçay;45740;45179;Lailly-en-Val;;;1.673438;47.755471
45179_0107_00021_bis;21;bis;Rue du Clos Drouard;45740;45179;Lailly-en-Val;;;1.689098;47.770652
45179_0435_00191;191;;Rue du Sabot;45740;45179;Lailly-en-Val;;;1.692429;47.768147
45179_0380_00028;28;;Rue de monçay;45740;45179;Lailly-en-Val;;;1.676452;47.759183
45179_0280_00013;13;;Rue de Ligniéres;45740;45179;Lailly-en-Val;;;1.670181;47.754648
45179_0099_00011;11;;Rue des Champs Fleuris;45740;45179;Lailly-en-Val;;;1.685087;47.7616
45179_0112_00008;8;;Clos de la Charpenterie;45740;45179;Lailly-en-Val;;;1.677313;47.758958
45179_0040_00005;5;;Route de Beaugency;45740;45179;Lailly-en-Val;;;1.692078;47.771419
45179_0414_00038;38;;Rue des Plantes de la Motte;45740;45179;Lailly-en-Val;;;1.697877;47.769904
45179_0480_00012;12;;Rue du Val;45740;45179;Lailly-en-Val;;;1.672539;47.758933
45179_0220_00007;7;;Rue Hallée;45740;45179;Lailly-en-Val;;;1.658171;47.748141
45179_nzdkbo_00002;2;;Les Berteches;45740;45179;Lailly-en-Val;;;1.68802;47.766733
45179_0460_00028;28;;Rue de la Trépinière;45740;45179;Lailly-en-Val;;;1.669461;47.75659
45179_0020_00012;12;;Rue de la Bargoudière;45740;45179;Lailly-en-Val;;;1.678855;47.76317
45179_0246_00003;3;;Chemin de la Helliere;45740;45179;Lailly-en-Val;;;1.69891;47.777714
45179_0460_00008;8;;Rue de la Trépinière;45740;45179;Lailly-en-Val;;;1.672353;47.758269
45179_0460_00025;25;;Rue de la Trépinière;45740;45179;Lailly-en-Val;;;1.670008;47.756633
45179_0380_00021_a;21;a;Rue de monçay;45740;45179;Lailly-en-Val;;;1.682914;47.763779
45179_0086_00001;1;;Allée des Brémailles;45740;45179;Lailly-en-Val;;;1.686718;47.764234
45179_0380_00074;74;;Rue de monçay;45740;45179;Lailly-en-Val;;;1.666548;47.750295
45179_0460_00029;29;;Rue de la Trépinière;45740;45179;Lailly-en-Val;;;1.669316;47.756194
45179_0280_00016;16;;Rue de Ligniéres;45740;45179;Lailly-en-Val;;;1.670305;47.754468
45179_0414_00030;30;;Rue des Plantes de la Motte;45740;45179;Lailly-en-Val;;;1.698578;47.770444
45179_0260_00017;17;;Rue Joubert;45740;45179;Lailly-en-Val;;;1.666001;47.751133
45179_0102_00020;20;;Rue des Grands Chênes;45740;45179;Lailly-en-Val;;;1.686998;47.764387
45179_0400_00045;45;;Route d'Orléans;45740;45179;Lailly-en-Val;;;1.69733;47.774634
45179_0172_00003;3;;Chemin du Gouffre;45740;45179;Lailly-en-Val;;;1.688425;47.766309
45179_0097_00014;14;;Allée des Cerfs;45740;45179;Lailly-en-Val;;;1.687768;47.765039
45179_0380_00283;283;;Rue de monçay;45740;45179;Lailly-en-Val;;;1.692243;47.766345
45179_0400_00042;42;;Route d'Orléans;45740;45179;Lailly-en-Val;;;1.695215;47.772652
45179_0169_00008;8;;impasse des gardoirs;45740;45179;Lailly-en-Val;;;1.668876;47.750714
45179_0380_00004;4;;Rue de monçay;45740;45179;Lailly-en-Val;;;1.681685;47.763249
45179_0403_00007;7;;Chemin du Peliau;45740;45179;Lailly-en-Val;;;1.684776;47.762575
45179_0022_00020;20;;Rue du Bari;45740;45179;Lailly-en-Val;;;1.684069;47.761523
45179_ky230q_00007;7;;Impasse du Clos de Maurigault;45740;45179;Lailly-en-Val;;;1.682149;47.761496
45179_0061_00003;3;;Chemin du Bas du Gué;45740;45179;Lailly-en-Val;;;1.676652;47.759352
45179_0200_00010;10;;Chemin du Grand Clos;45740;45179;Lailly-en-Val;;;1.66249;47.749157
45179_0097_00016;16;;Allée des Cerfs;45740;45179;Lailly-en-Val;;;1.688776;47.764925
45179_0500_03300;3300;;Rue de Vezenne;45740;45179;Lailly-en-Val;;Domaine de Vezenne;1.690226;47.749891
45179_0460_00052;52;;Rue de la Trépinière;45740;45179;Lailly-en-Val;;;1.666094;47.754548
45179_0379_00047;47;;Hameau de Moncay;45740;45179;Lailly-en-Val;;;1.714645;47.748792
45179_0460_00039_bis;39;bis;Rue de la Trépinière;45740;45179;Lailly-en-Val;;;1.666102;47.754303
45179_0060_00059_bis;59;bis;Route de blois;45740;45179;Lailly-en-Val;;;1.675664;47.757987
45179_0240_00019;19;;Rue de la Haut;45740;45179;Lailly-en-Val;;;1.667944;47.752066
45179_0220_00004;4;;Rue Hallée;45740;45179;Lailly-en-Val;;;1.65808;47.748147
45179_0409_00006;6;;Impasse des Picardes;45740;45179;Lailly-en-Val;;;1.689871;47.765389
45179_0380_00054_ter;54;ter;Rue de monçay;45740;45179;Lailly-en-Val;;;1.71318;47.748637
45179_0380_00011;11;;Rue de monçay;45740;45179;Lailly-en-Val;;;1.684896;47.765076
45179_0400_00023;23;;Route d'Orléans;45740;45179;Lailly-en-Val;;;1.692902;47.771023
45179_0380_00047;47;;Rue de monçay;45740;45179;Lailly-en-Val;;;1.676715;47.758865
45179_94bcgh_09001;9001;;Le Clos Ribault;45740;45179;Lailly-en-Val;;;1.762638;47.716642
45179_0112_00003;3;;Clos de la Charpenterie;45740;45179;Lailly-en-Val;;;1.67754;47.7591
45179_0380_00046;46;;Rue de monçay;45740;45179;Lailly-en-Val;;;1.711605;47.748588
45179_0320_00003;3;;Rue de Marambault;45740;45179;Lailly-en-Val;;;1.680429;47.761901
45179_0380_00019;19;;Rue de monçay;45740;45179;Lailly-en-Val;;;1.683323;47.764057
45179_0414_00004;4;;Rue des Plantes de la Motte;45740;45179;Lailly-en-Val;;;1.698476;47.76971
45179_0380_00063_bis;63;bis;Rue de monçay;45740;45179;Lailly-en-Val;;;1.675692;47.757554
45179_0340_00005;5;;Rue de Maulne;45740;45179;Lailly-en-Val;;;1.660817;47.751651
45179_0011_00005;5;;Impasse du Clos de l'Ange;45740;45179;Lailly-en-Val;;;1.667618;47.753901
45179_0040_00016;16;;Route de Beaugency;45740;45179;Lailly-en-Val;;;1.6906;47.771809
45179_0110_00007;7;;Chemin du Clos Moussard;45740;45179;Lailly-en-Val;;;1.685325;47.763484
45179_0160_00015;15;;Rue de la Fontaine;45740;45179;Lailly-en-Val;;;1.687281;47.771568
45179_0102_00029;29;;Rue des Grands Chênes;45740;45179;Lailly-en-Val;;;1.68946;47.764099
45179_0086_00015;15;;Allée des Brémailles;45740;45179;Lailly-en-Val;;;1.687574;47.763069
45179_0460_00032;32;;Rue de la Trépinière;45740;45179;Lailly-en-Val;;;1.668715;47.755883
45179_0172_00004_b;4;b;Chemin du Gouffre;45740;45179;Lailly-en-Val;;;1.687899;47.766572
45179_0340_00004;4;;Rue de Maulne;45740;45179;Lailly-en-Val;;;1.662426;47.751572
45179_0436_00005;5;;Allée du Sabotier;45740;45179;Lailly-en-Val;;;1.691519;47.767977
45179_0097_00038;38;;Allée des Cerfs;45740;45179;Lailly-en-Val;;;1.688634;47.763458
45179_0280_00007;7;;Rue de Ligniéres;45740;45179;Lailly-en-Val;;;1.669672;47.75498
45179_8najeb_00100;100;;Chemin du Clos Joubert;45740;45179;Lailly-en-Val;;;1.662579;47.750384
45179_0380_00042_bis;42;bis;Rue de monçay;45740;45179;Lailly-en-Val;;;1.710981;47.748248
45179_0405_00040;40;;Chemin de la Petite Ruelle;45740;45179;Lailly-en-Val;;;1.691917;47.772811
45179_0340_00014;14;;Rue de Maulne;45740;45179;Lailly-en-Val;;;1.659269;47.749237
45179_v3kp6t_02301;2301;;La Humerie;45740;45179;Lailly-en-Val;;;1.710674;47.763604
45179_12aql8_00001;1;;Montizeau;45740;45179;Lailly-en-Val;;;1.702497;47.746373
45179_0140_00004;4;;Rue des Ecoles;45740;45179;Lailly-en-Val;;;1.686756;47.770116
45179_0400_00050_bis;50;bis;Route d'Orléans;45740;45179;Lailly-en-Val;;;1.697024;47.774079
45179_0110_00001_bis;1;bis;Chemin du Clos Moussard;45740;45179;Lailly-en-Val;;;1.684426;47.763835
45179_0320_00001_c;1;c;Rue de Marambault;45740;45179;Lailly-en-Val;;;1.680944;47.761461
45179_0172_00008;8;;Chemin du Gouffre;45740;45179;Lailly-en-Val;;;1.688546;47.766105
45179_0400_00015_bis;15;bis;Route d'Orléans;45740;45179;Lailly-en-Val;;;1.691689;47.770396
45179_0400_00033;33;;Route d'Orléans;45740;45179;Lailly-en-Val;;;1.69511;47.772848
45179_0400_00017_ter;17;ter;Route d'Orléans;45740;45179;Lailly-en-Val;;;1.692335;47.77052
45179_0460_00054_ter;54;ter;Rue de la Trépinière;45740;45179;Lailly-en-Val;;;1.665375;47.754032
45179_0022_00022;22;;Rue du Bari;45740;45179;Lailly-en-Val;;;1.684237;47.761383
45179_0240_00009;9;;Rue de la Haut;45740;45179;Lailly-en-Val;;;1.666307;47.752998
45179_0280_00020;20;;Rue de Ligniéres;45740;45179;Lailly-en-Val;;;1.670811;47.754163
45179_0414_00026;26;;Rue des Plantes de la Motte;45740;45179;Lailly-en-Val;;;1.698906;47.770692
45179_0414_00013;13;;Rue des Plantes de la Motte;45740;45179;Lailly-en-Val;;;1.699588;47.770599
45179_0380_00236;236;;Rue de monçay;45740;45179;Lailly-en-Val;;;1.69163;47.766563
45179_0021_00010;10;;Impasse Céline;45740;45179;Lailly-en-Val;;;1.690235;47.770823
45179_0140_00001;1;;Rue des Ecoles;45740;45179;Lailly-en-Val;;;1.687178;47.770321
45179_0360_00002;2;;Chemin de Mévault;45740;45179;Lailly-en-Val;;;1.678808;47.760924
45179_0166_00005_a;5;a;Impasse Fourchaud;45740;45179;Lailly-en-Val;;;1.696383;47.771601
45179_0435_00062;62;;Rue du Sabot;45740;45179;Lailly-en-Val;;;1.691438;47.768681
45179_0120_00013;13;;Chemin des Crapaudières;45740;45179;Lailly-en-Val;;;1.699542;47.771549
45179_0220_00001_bis;1;bis;Rue Hallée;45740;45179;Lailly-en-Val;;;1.65875;47.748458
45179_0380_00032_bis;32;bis;Rue de monçay;45740;45179;Lailly-en-Val;;;1.675663;47.758716
45179_0380_00043;43;;Rue de monçay;45740;45179;Lailly-en-Val;;;1.678774;47.761049
45179_0380_00018;18;;Rue de monçay;45740;45179;Lailly-en-Val;;;1.679558;47.762026
45179_0240_00019_bis;19;bis;Rue de la Haut;45740;45179;Lailly-en-Val;;;1.668247;47.752262
45179_0409_00014;14;;Impasse des Picardes;45740;45179;Lailly-en-Val;;;1.69026;47.765697
45179_0320_00007;7;;Rue de Marambault;45740;45179;Lailly-en-Val;;;1.681619;47.760897
45179_0097_00002;2;;Allée des Cerfs;45740;45179;Lailly-en-Val;;;1.685779;47.76535
45179_0100_00005;5;;Rue de la Chaintre;45740;45179;Lailly-en-Val;;;1.673077;47.758638
45179_0086_00008;8;;Allée des Brémailles;45740;45179;Lailly-en-Val;;;1.687372;47.763312
45179_0166_00007;7;;Impasse Fourchaud;45740;45179;Lailly-en-Val;;;1.696558;47.771856
45179_52milk_00008;8;;Rue de Bourgneuf;45740;45179;Lailly-en-Val;;;1.691388;47.772828
45179_0011_00001_bis;1;bis;Impasse du Clos de l'Ange;45740;45179;Lailly-en-Val;;;1.666952;47.754341
45179_0435_00145;145;;Rue du Sabot;45740;45179;Lailly-en-Val;;;1.692256;47.768257
45179_so8h8n_00008;8;;Lotissement des Berteches;45740;45179;Lailly-en-Val;;;1.68847;47.767101
45179_0380_00180;180;;Rue de monçay;45740;45179;Lailly-en-Val;;;1.691098;47.766877
45179_0435_00153;153;;Rue du Sabot;45740;45179;Lailly-en-Val;;;1.692332;47.768209
45179_0097_00009;9;;Allée des Cerfs;45740;45179;Lailly-en-Val;;;1.687222;47.764927
45179_0460_00050;50;;Rue de la Trépinière;45740;45179;Lailly-en-Val;;;1.666312;47.754703
45179_0102_00006;6;;Rue des Grands Chênes;45740;45179;Lailly-en-Val;;;1.687189;47.76445
45179_0380_00371;371;;Rue de monçay;45740;45179;Lailly-en-Val;;;1.693222;47.76589
45179_0107_00006;6;;Rue du Clos Drouard;45740;45179;Lailly-en-Val;;;1.68915;47.769121
45179_0380_00024_bis;24;bis;Rue de monçay;45740;45179;Lailly-en-Val;;;1.677355;47.760194
45179_0300_00027_bis;27;bis;Rue de la Mairie;45740;45179;Lailly-en-Val;;;1.686002;47.767872
45179_0020_00002;2;;Rue de la Bargoudière;45740;45179;Lailly-en-Val;;;1.679865;47.76233
45179_0166_00005_bis;5;bis;Impasse Fourchaud;45740;45179;Lailly-en-Val;;;1.696007;47.771819
45179_0380_01260;1260;;Rue de monçay;45740;45179;Lailly-en-Val;;;1.700392;47.759582
45179_0040_00001;1;;Route de Beaugency;45740;45179;Lailly-en-Val;;;1.69262;47.771329
45179_0022_00021;21;;Rue du Bari;45740;45179;Lailly-en-Val;;;1.683968;47.761725
45179_0140_00012;12;;Rue des Ecoles;45740;45179;Lailly-en-Val;;;1.687522;47.769421
45179_0110_00009;9;;Chemin du Clos Moussard;45740;45179;Lailly-en-Val;;;1.685559;47.763361
45179_0160_00005;5;;Rue de la Fontaine;45740;45179;Lailly-en-Val;;;1.686817;47.770886
45179_0414_00015;15;;Rue des Plantes de la Motte;45740;45179;Lailly-en-Val;;;1.699033;47.770669
45179_0300_00016;16;;Rue de la Mairie;45740;45179;Lailly-en-Val;;;1.685637;47.768645
45179_0260_00012;12;;Rue Joubert;45740;45179;Lailly-en-Val;;;1.664158;47.75214
45179_0400_00019;19;;Route d'Orléans;45740;45179;Lailly-en-Val;;;1.692535;47.770694
45179_0351_03300;3300;;Rue de Meung;45740;45179;Lailly-en-Val;;Maisonneuve;1.684839;47.787008
45179_0112_00006;6;;Clos de la Charpenterie;45740;45179;Lailly-en-Val;;;1.677433;47.758853
45179_0436_00028;28;;Allée du Sabotier;45740;45179;Lailly-en-Val;;;1.692348;47.767754
45179_0520_00030;30;;Route de Villenouan;45740;45179;Lailly-en-Val;;;1.70227;47.774806
45179_yojbkk_03200_e;3200;e;Les Corbillères;45740;45179;Lailly-en-Val;;;1.67835;47.787679
45179_0102_00016;16;;Rue des Grands Chênes;45740;45179;Lailly-en-Val;;;1.688552;47.764372
45179_0460_00023;23;;Rue de la Trépinière;45740;45179;Lailly-en-Val;;;1.670185;47.756753
45179_0097_00009_bis;9;bis;Allée des Cerfs;45740;45179;Lailly-en-Val;;;1.687369;47.764855
45179_0380_00021_c;21;c;Rue de monçay;45740;45179;Lailly-en-Val;;;1.682734;47.763652
45179_0110_00004;4;;Chemin du Clos Moussard;45740;45179;Lailly-en-Val;;;1.684448;47.7638
45179_0380_00130;130;;Rue de monçay;45740;45179;Lailly-en-Val;;;1.690573;47.76721
45179_0020_00010;10;;Rue de la Bargoudière;45740;45179;Lailly-en-Val;;;1.678918;47.763108
45179_0403_00004;4;;Chemin du Peliau;45740;45179;Lailly-en-Val;;;1.685044;47.76285
45179_0409_00004;4;;Impasse des Picardes;45740;45179;Lailly-en-Val;;;1.689785;47.765319
45179_0380_00064;64;;Rue de monçay;45740;45179;Lailly-en-Val;;;1.669365;47.752425
45179_0340_00010_bis;10;bis;Rue de Maulne;45740;45179;Lailly-en-Val;;;1.660303;47.749699
45179_0380_00231;231;;Rue de monçay;45740;45179;Lailly-en-Val;;;1.691668;47.766624
45179_0380_00075;75;;Rue de monçay;45740;45179;Lailly-en-Val;;;1.67402;47.756094
45179_0040_00026;26;;Route de Beaugency;45740;45179;Lailly-en-Val;;;1.688939;47.772105
45179_0240_00006;6;;Rue de la Haut;45740;45179;Lailly-en-Val;;;1.666404;47.752907
45179_0061_00001;1;;Chemin du Bas du Gué;45740;45179;Lailly-en-Val;;;1.676652;47.759352
45179_0460_00035;35;;Rue de la Trépinière;45740;45179;Lailly-en-Val;;;1.667012;47.755164
45179_0380_00038;38;;Rue de monçay;45740;45179;Lailly-en-Val;;;1.711877;47.749149
45179_0340_00003;3;;Rue de Maulne;45740;45179;Lailly-en-Val;;;1.659269;47.749237
45179_so8h8n_00010;10;;Lotissement des Berteches;45740;45179;Lailly-en-Val;;;1.688579;47.767042
45179_0165_00019;19;;Chemin de Fourchault;45740;45179;Lailly-en-Val;;;1.69698;47.772708
45179_0145_00001;1;;Sentier des Ecoliers;45740;45179;Lailly-en-Val;;;1.691335;47.771076
45179_0060_00059_quater;59;quater;Route de blois;45740;45179;Lailly-en-Val;;;1.67565;47.757961
45179_0100_00007;7;;Rue de la Chaintre;45740;45179;Lailly-en-Val;;;1.673675;47.759708
45179_0080_00022;22;;Rue du Bourg;45740;45179;Lailly-en-Val;;;1.688673;47.77131
45179_0020_00001;1;;Rue de la Bargoudière;45740;45179;Lailly-en-Val;;;1.679712;47.762176
45179_0460_00013;13;;Rue de la Trépinière;45740;45179;Lailly-en-Val;;;1.671376;47.757703
45179_0120_00004;4;;Chemin des Crapaudières;45740;45179;Lailly-en-Val;;;1.700172;47.773678
45179_0380_00016;16;;Rue de monçay;45740;45179;Lailly-en-Val;;;1.680331;47.762354
45179_0022_00019;19;;Rue du Bari;45740;45179;Lailly-en-Val;;;1.683808;47.761875
45179_0140_00003;3;;Rue des Ecoles;45740;45179;Lailly-en-Val;;;1.686961;47.77001
45179_0380_00095_bis;95;bis;Rue de monçay;45740;45179;Lailly-en-Val;;;1.664219;47.748262
45179_0400_00035;35;;Route d'Orléans;45740;45179;Lailly-en-Val;;;1.6953;47.772999
45179_0380_00085_quater;85;quater;Rue de monçay;45740;45179;Lailly-en-Val;;;1.671921;47.754292
45179_0520_00007_bis;7;bis;Route de Villenouan;45740;45179;Lailly-en-Val;;;1.699084;47.773888
45179_0086_00001_bis;1;bis;Allée des Brémailles;45740;45179;Lailly-en-Val;;;1.68644;47.7641
45179_0260_00001_bis;1;bis;Rue Joubert;45740;45179;Lailly-en-Val;;;1.664232;47.752416
45179_0380_00124;124;;Rue de monçay;45740;45179;Lailly-en-Val;;;1.661678;47.746486
45179_0165_00017;17;;Chemin de Fourchault;45740;45179;Lailly-en-Val;;;1.697217;47.772544
45179_0320_00001_q;1;q;Rue de Marambault;45740;45179;Lailly-en-Val;;;1.680211;47.762082
45179_0260_00014_bis;14;bis;Rue Joubert;45740;45179;Lailly-en-Val;;;1.664834;47.75163
45179_0400_00021;21;;Route d'Orléans;45740;45179;Lailly-en-Val;;;1.692804;47.77094
45179_0101_00005;5;;Chemin du Clos de la Cave;45740;45179;Lailly-en-Val;;;1.673125;47.757454
45179_0022_00010;10;;Rue du Bari;45740;45179;Lailly-en-Val;;;1.683211;47.762296
45179_0520_00013;13;;Route de Villenouan;45740;45179;Lailly-en-Val;;;1.700278;47.774819
45179_0011_00003;3;;Impasse du Clos de l'Ange;45740;45179;Lailly-en-Val;;;1.667191;47.75398
45179_0380_00097;97;;Rue de monçay;45740;45179;Lailly-en-Val;;;1.664315;47.748339
45179_0400_00014;14;;Route d'Orléans;45740;45179;Lailly-en-Val;;;1.692662;47.77049
45179_0300_00026;26;;Rue de la Mairie;45740;45179;Lailly-en-Val;;;1.683362;47.76675
45179_0520_00026_bis;26;bis;Route de Villenouan;45740;45179;Lailly-en-Val;;;1.701313;47.774635
45179_0400_00041;41;;Route d'Orléans;45740;45179;Lailly-en-Val;;;1.696796;47.774164
45179_0086_00004;4;;Allée des Brémailles;45740;45179;Lailly-en-Val;;;1.68654;47.763889
45179_0140_00002;2;;Rue des Ecoles;45740;45179;Lailly-en-Val;;;1.686622;47.770214
45179_0099_00014;14;;Rue des Champs Fleuris;45740;45179;Lailly-en-Val;;;1.685694;47.762203
45179_0205_00018;18;;Chemin des Grivelles;45740;45179;Lailly-en-Val;;;1.662992;47.749364
45179_0380_00002_bis;2;bis;Rue de monçay;45740;45179;Lailly-en-Val;;;1.681933;47.763387
45179_0086_00013;13;;Allée des Brémailles;45740;45179;Lailly-en-Val;;;1.687176;47.763052
45179_0080_00037;37;;Rue du Bourg;45740;45179;Lailly-en-Val;;;1.68999;47.77161
45179_0086_00007;7;;Allée des Brémailles;45740;45179;Lailly-en-Val;;;1.686598;47.76369
45179_0460_00047_ter;47;ter;Rue de la Trépinière;45740;45179;Lailly-en-Val;;;1.665923;47.754314
45179_0097_00023;23;;Allée des Cerfs;45740;45179;Lailly-en-Val;;;1.688272;47.763821
45179_0172_00013;13;;Chemin du Gouffre;45740;45179;Lailly-en-Val;;;1.689382;47.765526
45179_qugp6q_00005;5;;les Plantes;45740;45179;Lailly-en-Val;;;1.674109;47.754736
45179_0435_00204;204;;Rue du Sabot;45740;45179;Lailly-en-Val;;;1.692394;47.767348
45179_0361_00002;2;;Chemin des Grands Cours;45740;45179;Lailly-en-Val;;;1.699939;47.776058
45179_0409_00007;7;;Impasse des Picardes;45740;45179;Lailly-en-Val;;;1.690125;47.765468
45179_84t8yb_00060;60;;Monçay;45740;45179;Lailly-en-Val;;;1.714352;47.748113
45179_3ptqmk_00001;1;;Rue des Garleries;45740;45179;Lailly-en-Val;;;1.678931;47.756742
45179_0107_00036;36;;Rue du Clos Drouard;45740;45179;Lailly-en-Val;;;1.690406;47.770186
45179_0110_00019;19;;Chemin du Clos Moussard;45740;45179;Lailly-en-Val;;;1.686898;47.76256
45179_0110_00022;22;;Chemin du Clos Moussard;45740;45179;Lailly-en-Val;;;1.68674;47.762548
45179_0520_00005;5;;Route de Villenouan;45740;45179;Lailly-en-Val;;;1.698687;47.773726
45179_0246_00001;1;;Chemin de la Helliere;45740;45179;Lailly-en-Val;;;1.699268;47.777612
45179_0300_00051;51;;Rue de la Mairie;45740;45179;Lailly-en-Val;;;1.680688;47.763434
45179_0097_00026;26;;Allée des Cerfs;45740;45179;Lailly-en-Val;;;1.689555;47.764026
45179_0080_00008;8;;Rue du Bourg;45740;45179;Lailly-en-Val;;;1.687424;47.770756
45179_0022_00024;24;;Rue du Bari;45740;45179;Lailly-en-Val;;;1.684403;47.761245
45179_0205_00001;1;;Chemin des Grivelles;45740;45179;Lailly-en-Val;;;1.660452;47.747024
45179_0260_00014;14;;Rue Joubert;45740;45179;Lailly-en-Val;;;1.664734;47.751893
45179_0300_00004_ter;4;ter;Rue de la Mairie;45740;45179;Lailly-en-Val;;;1.686259;47.770077
45179_0110_00001_quater;1;quater;Chemin du Clos Moussard;45740;45179;Lailly-en-Val;;;1.684485;47.763855
45179_0107_00017;17;;Rue du Clos Drouard;45740;45179;Lailly-en-Val;;;1.688699;47.770304
45179_0040_00002_bis;2;bis;Route de Beaugency;45740;45179;Lailly-en-Val;;;1.693165;47.771578
45179_0107_00034;34;;Rue du Clos Drouard;45740;45179;Lailly-en-Val;;;1.690328;47.770102
45179_0460_00058_bis;58;bis;Rue de la Trépinière;45740;45179;Lailly-en-Val;;;1.664261;47.753598
45179_0300_00037;37;;Rue de la Mairie;45740;45179;Lailly-en-Val;;;1.682358;47.764584
45179_0080_00026;26;;Rue du Bourg;45740;45179;Lailly-en-Val;;;1.689085;47.771463
45179_0380_00066_bis;66;bis;Rue de monçay;45740;45179;Lailly-en-Val;;;1.714213;47.748469
45179_0300_00008_bis;8;bis;Rue de la Mairie;45740;45179;Lailly-en-Val;;;1.685886;47.769546
45179_0520_00003_c;3;c;Route de Villenouan;45740;45179;Lailly-en-Val;;;1.697686;47.773796
45179_ky230q_00001;1;;Impasse du Clos de Maurigault;45740;45179;Lailly-en-Val;;;1.682744;47.760877
45179_0140_00021;21;;Rue des Ecoles;45740;45179;Lailly-en-Val;;;1.688837;47.768447
45179_0300_00027;27;;Rue de la Mairie;45740;45179;Lailly-en-Val;;;1.685423;47.768118
45179_0400_00029_b;29;b;Route d'Orléans;45740;45179;Lailly-en-Val;;;1.694188;47.772123
45179_0195_00001;1;;Impasse du Grand Clos;45740;45179;Lailly-en-Val;;;1.661757;47.750882
45179_0361_00006;6;;Chemin des Grands Cours;45740;45179;Lailly-en-Val;;;1.699312;47.776223
45179_0165_00016;16;;Chemin de Fourchault;45740;45179;Lailly-en-Val;;;1.697029;47.772798
45179_0107_00012;12;;Rue du Clos Drouard;45740;45179;Lailly-en-Val;;;1.689536;47.769389
45179_yojbkk_03200_b;3200;b;Les Corbillères;45740;45179;Lailly-en-Val;;;1.678304;47.787212
45179_0380_00051;51;;Rue de monçay;45740;45179;Lailly-en-Val;;;1.676135;47.75854
45179_0460_00054_bis;54;bis;Rue de la Trépinière;45740;45179;Lailly-en-Val;;;1.665637;47.754221
45179_0320_00002;2;;Rue de Marambault;45740;45179;Lailly-en-Val;;;1.680764;47.76099
45179_0380_00048;48;;Rue de monçay;45740;45179;Lailly-en-Val;;;1.711814;47.748759
45179_52milk_00006;6;;Rue de Bourgneuf;45740;45179;Lailly-en-Val;;;1.691352;47.772605
45179_0260_00011;11;;Rue Joubert;45740;45179;Lailly-en-Val;;;1.665255;47.751611
45179_0460_00001;1;;Rue de la Trépinière;45740;45179;Lailly-en-Val;;;1.672906;47.758077
45179_0380_00052_bis;52;bis;Rue de monçay;45740;45179;Lailly-en-Val;;;1.673843;47.756162
45179_0460_00037_bis;37;bis;Rue de la Trépinière;45740;45179;Lailly-en-Val;;;1.666648;47.754599
45179_9wm2i2_00002;2;;Impasse des Grivelles;45740;45179;Lailly-en-Val;;;1.660402;47.746984
45179_0480_00016;16;;Rue du Val;45740;45179;Lailly-en-Val;;;1.671641;47.759627
45179_0107_00016;16;;Rue du Clos Drouard;45740;45179;Lailly-en-Val;;;1.689399;47.769605
45179_0380_00331;331;;Rue de monçay;45740;45179;Lailly-en-Val;;;1.692754;47.766114
45179_0520_00002;2;;Route de Villenouan;45740;45179;Lailly-en-Val;;;1.695939;47.772314
45179_0086_00009;9;;Allée des Brémailles;45740;45179;Lailly-en-Val;;;1.686759;47.763393
45179_0439_00009;9;;Route de Sologne;45740;45179;Lailly-en-Val;;;1.695626;47.770642
45179_0084_00008;8;;Chemin du Bourgneuf;45740;45179;Lailly-en-Val;;;1.691388;47.772829
45179_0380_00015_bis;15;bis;Rue de monçay;45740;45179;Lailly-en-Val;;;1.684226;47.764631
45179_0380_00901;901;;Rue de monçay;45740;45179;Lailly-en-Val;;;1.692081;47.766802
45179_0380_00015_ter;15;ter;Rue de monçay;45740;45179;Lailly-en-Val;;;1.684037;47.764511
45179_0099_00002;2;;Rue des Champs Fleuris;45740;45179;Lailly-en-Val;;;1.687377;47.763878
45179_0200_00005;5;;Chemin du Grand Clos;45740;45179;Lailly-en-Val;;;1.661918;47.749504
45179_0172_00012;12;;Chemin du Gouffre;45740;45179;Lailly-en-Val;;;1.689027;47.765733
45179_0169_00004;4;;impasse des gardoirs;45740;45179;Lailly-en-Val;;;1.670146;47.751694
45179_0300_00044;44;;Rue de la Mairie;45740;45179;Lailly-en-Val;;;1.678671;47.76125
45179_0095_00003;3;;Chemin du Buisson;45740;45179;Lailly-en-Val;;;1.696785;47.775179
45179_0140_00018;18;;Rue des Ecoles;45740;45179;Lailly-en-Val;;;1.687988;47.769048
45179_0520_00026;26;;Route de Villenouan;45740;45179;Lailly-en-Val;;;1.70092;47.774549
45179_0021_00006;6;;Impasse Céline;45740;45179;Lailly-en-Val;;;1.690268;47.771071
45179_0320_00004;4;;Rue de Marambault;45740;45179;Lailly-en-Val;;;1.681065;47.76094
45179_0205_00024;24;;Chemin des Grivelles;45740;45179;Lailly-en-Val;;;1.661881;47.748575
45179_0460_00057;57;;Rue de la Trépinière;45740;45179;Lailly-en-Val;;;1.664287;47.752673
45179_0414_00011;11;;Rue des Plantes de la Motte;45740;45179;Lailly-en-Val;;;1.699855;47.770372
45179_0379_00074;74;;Hameau de Moncay;45740;45179;Lailly-en-Val;;;1.716711;47.748433
45179_0280_00002;2;;Rue de Ligniéres;45740;45179;Lailly-en-Val;;;1.668647;47.755705
45179_0414_00028;28;;Rue des Plantes de la Motte;45740;45179;Lailly-en-Val;;;1.698755;47.770576
45179_0097_00022;22;;Allée des Cerfs;45740;45179;Lailly-en-Val;;;1.689637;47.764195
45179_0220_00001;1;;Rue Hallée;45740;45179;Lailly-en-Val;;;1.65875;47.748458
45179_0160_00003_bis;3;bis;Rue de la Fontaine;45740;45179;Lailly-en-Val;;;1.68669;47.770848
45179_0107_00027;27;;Rue du Clos Drouard;45740;45179;Lailly-en-Val;;;1.689822;47.77031
45179_0435_00091;91;;Rue du Sabot;45740;45179;Lailly-en-Val;;;1.691738;47.76859
45179_0140_00012_bis;12;bis;Rue des Ecoles;45740;45179;Lailly-en-Val;;;1.687412;47.769499
45179_0097_00011_bis;11;bis;Allée des Cerfs;45740;45179;Lailly-en-Val;;;1.687535;47.764929
45179_0240_00017;17;;Rue de la Haut;45740;45179;Lailly-en-Val;;;1.66771;47.752178
45179_0040_00009;9;;Route de Beaugency;45740;45179;Lailly-en-Val;;;1.690684;47.771652
45179_0380_00034;34;;Rue de monçay;45740;45179;Lailly-en-Val;;;1.675928;47.758537
45179_0460_00056;56;;Rue de la Trépinière;45740;45179;Lailly-en-Val;;;1.665102;47.753666
45179_0400_00032_bis;32;bis;Route d'Orléans;45740;45179;Lailly-en-Val;;;1.694336;47.772024
45179_0110_00003;3;;Chemin du Clos Moussard;45740;45179;Lailly-en-Val;;;1.685516;47.764019
45179_0520_00001_a;1;a;Route de Villenouan;45740;45179;Lailly-en-Val;;;1.697;47.773216
45179_0405_00003;3;;Chemin de la Petite Ruelle;45740;45179;Lailly-en-Val;;;1.692785;47.772081
45179_0260_00024;24;;Rue Joubert;45740;45179;Lailly-en-Val;;;1.666582;47.750698
45179_0080_00023;23;;Rue du Bourg;45740;45179;Lailly-en-Val;;;1.688759;47.771421
45179_ky230q_00003;3;;Impasse du Clos de Maurigault;45740;45179;Lailly-en-Val;;;1.683018;47.761389
45179_0165_00021;21;;Chemin de Fourchault;45740;45179;Lailly-en-Val;;;1.696809;47.772825
45179_0400_00001_bis;1;bis;Route d'Orléans;45740;45179;Lailly-en-Val;;;1.68965;47.768547
45179_0360_00006;6;;Chemin de Mévault;45740;45179;Lailly-en-Val;;;1.679252;47.760704
45179_0320_00012;12;;Rue de Marambault;45740;45179;Lailly-en-Val;;;1.681828;47.760764
45179_0400_00037;37;;Route d'Orléans;45740;45179;Lailly-en-Val;;;1.695871;47.77349
45179_0436_00014;14;;Allée du Sabotier;45740;45179;Lailly-en-Val;;;1.6914;47.767947
45179_0020_00006;6;;Rue de la Bargoudière;45740;45179;Lailly-en-Val;;;1.679388;47.762681
45179_0140_00018_bis;18;bis;Rue des Ecoles;45740;45179;Lailly-en-Val;;;1.688115;47.768924
45179_0380_00056;56;;Rue de monçay;45740;45179;Lailly-en-Val;;;1.71368;47.748598
45179_0097_00044;44;;Allée des Cerfs;45740;45179;Lailly-en-Val;;;1.688456;47.763417
45179_0460_00007;7;;Rue de la Trépinière;45740;45179;Lailly-en-Val;;;1.672398;47.758238
45179_0086_00012;12;;Allée des Brémailles;45740;45179;Lailly-en-Val;;;1.688099;47.763144
45179_0403_00105;105;;Chemin du Peliau;45740;45179;Lailly-en-Val;;;1.684968;47.762693
45179_0120_00007;7;;Chemin des Crapaudières;45740;45179;Lailly-en-Val;;;1.700664;47.77351
45179_0010_00002;2;;Chemin des Amandiers;45740;45179;Lailly-en-Val;;;1.682863;47.760141
45179_0351_02600_c;2600;c;Rue de Meung;45740;45179;Lailly-en-Val;;Ferme de Clossy;1.678973;47.779826
45179_0380_00041;41;;Rue de monçay;45740;45179;Lailly-en-Val;;;1.712126;47.749063
45179_0350_00002;2;;Chemin de la Messe;45740;45179;Lailly-en-Val;;;1.670805;47.755236
45179_0400_00060;60;;Route d'Orléans;45740;45179;Lailly-en-Val;;;1.698643;47.775539
45179_0080_00001;1;;Rue du Bourg;45740;45179;Lailly-en-Val;;;1.686578;47.770384
45179_0099_00001;1;;Rue des Champs Fleuris;45740;45179;Lailly-en-Val;;;1.685146;47.761537
45179_0520_00012;12;;Route de Villenouan;45740;45179;Lailly-en-Val;;;1.698222;47.773528
45179_0300_00038_ter;38;ter;Rue de la Mairie;45740;45179;Lailly-en-Val;;;1.679044;47.761974
45179_0400_00065;65;;Route d'Orléans;45740;45179;Lailly-en-Val;;;1.699881;47.776966
45179_0420_00001;1;;Rue du Porteau;45740;45179;Lailly-en-Val;;;1.698646;47.774767
45179_0460_00010;10;;Rue de la Trépinière;45740;45179;Lailly-en-Val;;;1.672103;47.758154
45179_0300_00061_b;61;b;Rue de la Mairie;45740;45179;Lailly-en-Val;;;1.679842;47.762448
45179_0460_00026;26;;Rue de la Trépinière;45740;45179;Lailly-en-Val;;;1.670036;47.756711
45179_0439_00022;22;;Route de Sologne;45740;45179;Lailly-en-Val;;;1.697531;47.769572
45179_0380_00017;17;;Rue de monçay;45740;45179;Lailly-en-Val;;;1.683673;47.764271
45179_0380_00084;84;;Rue de monçay;45740;45179;Lailly-en-Val;;;1.665442;47.749435
45179_0400_00046;46;;Route d'Orléans;45740;45179;Lailly-en-Val;;;1.696151;47.773462
45179_0379_00045;45;;Hameau de Moncay;45740;45179;Lailly-en-Val;;;1.714333;47.748676
45179_0500_00011;11;;Rue de Vezenne;45740;45179;Lailly-en-Val;;;1.677419;47.757555
45179_0102_00022;22;;Rue des Grands Chênes;45740;45179;Lailly-en-Val;;;1.689635;47.764624
45179_0097_00008;8;;Allée des Cerfs;45740;45179;Lailly-en-Val;;;1.686689;47.765353
45179_0380_00095;95;;Rue de monçay;45740;45179;Lailly-en-Val;;;1.664589;47.748475
45179_0022_00004;4;;Rue du Bari;45740;45179;Lailly-en-Val;;;1.682586;47.76267
45179_0380_00113;113;;Rue de monçay;45740;45179;Lailly-en-Val;;;1.690474;47.767367
45179_0100_00012;12;;Rue de la Chaintre;45740;45179;Lailly-en-Val;;;1.673596;47.759638
45179_0060_00059_ter;59;ter;Route de blois;45740;45179;Lailly-en-Val;;;1.675658;47.757974
45179_0120_00009;9;;Chemin des Crapaudières;45740;45179;Lailly-en-Val;;;1.700901;47.773366
45179_0160_00013;13;;Rue de la Fontaine;45740;45179;Lailly-en-Val;;;1.687167;47.771295
45179_0414_00014;14;;Rue des Plantes de la Motte;45740;45179;Lailly-en-Val;;;1.70001;47.770401
45179_0040_00008_bis;8;bis;Route de Beaugency;45740;45179;Lailly-en-Val;;;1.69327;47.771306
45179_0300_00035;35;;Rue de la Mairie;45740;45179;Lailly-en-Val;;;1.682537;47.764681
45179_0169_00003;3;;impasse des gardoirs;45740;45179;Lailly-en-Val;;;1.670942;47.751908
45179_0380_00122_bis;122;bis;Rue de monçay;45740;45179;Lailly-en-Val;;;1.663093;47.747506
45179_0084_00002;2;;Chemin du Bourgneuf;45740;45179;Lailly-en-Val;;;1.691043;47.772117
45179_0380_00122;122;;Rue de monçay;45740;45179;Lailly-en-Val;;;1.689813;47.766729
45179_0172_00008_b;8;b;Chemin du Gouffre;45740;45179;Lailly-en-Val;;;1.688549;47.766094
45179_0205_00045;45;;Chemin des Grivelles;45740;45179;Lailly-en-Val;;;1.659742;47.74713
45179_0040_00004;4;;Route de Beaugency;45740;45179;Lailly-en-Val;;;1.692692;47.771433
45179_0080_00016;16;;Rue du Bourg;45740;45179;Lailly-en-Val;;;1.687979;47.770857
45179_0405_00103;103;;Chemin de la Petite Ruelle;45740;45179;Lailly-en-Val;;;1.69258;47.772438
45179_0102_00001;1;;Rue des Grands Chênes;45740;45179;Lailly-en-Val;;;1.685653;47.765236
45179_0403_00001;1;;Chemin du Peliau;45740;45179;Lailly-en-Val;;;1.685687;47.762727
45179_0261_00080;80;;Place de l'Eglise;45740;45179;Lailly-en-Val;;;1.685581;47.770405
45179_0010_00003;3;;Chemin des Amandiers;45740;45179;Lailly-en-Val;;;1.683924;47.760863
45179_0177_00016;16;;Chemin de la Grande Ruelle;45740;45179;Lailly-en-Val;;;1.694772;47.773793
45179_yojbkk_03200_d;3200;d;Les Corbillères;45740;45179;Lailly-en-Val;;;1.678383;47.787388
45179_0400_00015;15;;Route d'Orléans;45740;45179;Lailly-en-Val;;;1.691741;47.769918
45179_0460_00003;3;;Rue de la Trépinière;45740;45179;Lailly-en-Val;;;1.672741;47.758382
45179_0195_00002;2;;Impasse du Grand Clos;45740;45179;Lailly-en-Val;;;1.661437;47.750345
45179_0101_00006;6;;Chemin du Clos de la Cave;45740;45179;Lailly-en-Val;;;1.673167;47.757509
45179_0380_00060;60;;Rue de monçay;45740;45179;Lailly-en-Val;;;1.672648;47.755071
45179_taj7hl_00001;1;;rue des Fenières;45740;45179;Lailly-en-Val;;;1.688285;47.771727
45179_0097_00018;18;;Allée des Cerfs;45740;45179;Lailly-en-Val;;;1.688973;47.764764
45179_0380_00073_bis;73;bis;Rue de monçay;45740;45179;Lailly-en-Val;;;1.674358;47.756269
45179_0480_00001;1;;Rue du Val;45740;45179;Lailly-en-Val;;;1.6751;47.75815
45179_0107_00025;25;;Rue du Clos Drouard;45740;45179;Lailly-en-Val;;;1.689616;47.770452
45179_0010_00010;10;;Chemin des Amandiers;45740;45179;Lailly-en-Val;;;1.68446;47.761024
45179_0100_00002;2;;Rue de la Chaintre;45740;45179;Lailly-en-Val;;;1.673576;47.758907
45179_0011_00009;9;;Impasse du Clos de l'Ange;45740;45179;Lailly-en-Val;;;1.668087;47.753583
45179_0400_00055;55;;Route d'Orléans;45740;45179;Lailly-en-Val;;;1.697924;47.7752
45179_ky230q_00004;4;;Impasse du Clos de Maurigault;45740;45179;Lailly-en-Val;;;1.683015;47.761855
45179_0110_00005_bis;5;bis;Chemin du Clos Moussard;45740;45179;Lailly-en-Val;;;1.685423;47.763759
45179_0436_00008;8;;Allée du Sabotier;45740;45179;Lailly-en-Val;;;1.690865;47.768285
45179_0380_00041_bis;41;bis;Rue de monçay;45740;45179;Lailly-en-Val;;;1.679174;47.761315
45179_0300_00014;14;;Rue de la Mairie;45740;45179;Lailly-en-Val;;;1.685665;47.768724
45179_0107_00013_bis;13;bis;Rue du Clos Drouard;45740;45179;Lailly-en-Val;;;1.688151;47.770138
45179_0099_00007;7;;Rue des Champs Fleuris;45740;45179;Lailly-en-Val;;;1.685543;47.762226
45179_0169_00005;5;;impasse des gardoirs;45740;45179;Lailly-en-Val;;;1.670028;47.751479
45179_0380_00096;96;;Rue de monçay;45740;45179;Lailly-en-Val;;;1.6645;47.748699
45179_0380_00093;93;;Rue de monçay;45740;45179;Lailly-en-Val;;;1.670713;47.753261
45179_0097_00004;4;;Allée des Cerfs;45740;45179;Lailly-en-Val;;;1.686259;47.765614
45179_0300_00059_b;59;b;Rue de la Mairie;45740;45179;Lailly-en-Val;;;1.680029;47.762544
45179_0412_00009;9;;Chemin des Plantes;45740;45179;Lailly-en-Val;;;1.674329;47.754569
45179_0080_00017;17;;Rue du Bourg;45740;45179;Lailly-en-Val;;;1.688181;47.771176
45179_0380_00063;63;;Rue de monçay;45740;45179;Lailly-en-Val;;;1.675692;47.757554
45179_84t8yb_00047;47;;Monçay;45740;45179;Lailly-en-Val;;;1.714706;47.748697
45179_0370_00005;5;;Rue des Moïses;45740;45179;Lailly-en-Val;;;1.663073;47.752003
45179_0340_00017;17;;Rue de Maulne;45740;45179;Lailly-en-Val;;;1.659007;47.749123
45179_0460_00053;53;;Rue de la Trépinière;45740;45179;Lailly-en-Val;;;1.664894;47.753224
45179_0400_00006;6;;Route d'Orléans;45740;45179;Lailly-en-Val;;;1.691295;47.769316
45179_0140_00009;9;;Rue des Ecoles;45740;45179;Lailly-en-Val;;;1.68764;47.769894
45179_0400_00024;24;;Route d'Orléans;45740;45179;Lailly-en-Val;;;1.694802;47.772417
45179_0480_00012_ter;12;ter;Rue du Val;45740;45179;Lailly-en-Val;;;1.672343;47.759128
45179_0022_00016;16;;Rue du Bari;45740;45179;Lailly-en-Val;;;1.683725;47.761845
45179_0084_00003;3;;Chemin du Bourgneuf;45740;45179;Lailly-en-Val;;;1.693083;47.775265
45179_0412_00003;3;;Chemin des Plantes;45740;45179;Lailly-en-Val;;;1.673878;47.754914
45179_0385_00001;1;;Chemin de la Motte Remy;45740;45179;Lailly-en-Val;;;1.701166;47.777012
45179_0102_00002;2;;Rue des Grands Chênes;45740;45179;Lailly-en-Val;;;1.686839;47.76468
45179_0280_00024;24;;Rue de Ligniéres;45740;45179;Lailly-en-Val;;;1.670975;47.754043
45179_0380_00075_bis;75;bis;Rue de monçay;45740;45179;Lailly-en-Val;;;1.674281;47.75575
45179_0435_00171;171;;Rue du Sabot;45740;45179;Lailly-en-Val;;;1.692429;47.768147
45179_0060_00069_ter;69;ter;Route de blois;45740;45179;Lailly-en-Val;;;1.674744;47.756937
45179_so8h8n_00002;2;;Lotissement des Berteches;45740;45179;Lailly-en-Val;;;1.688024;47.766721
45179_0172_00011;11;;Chemin du Gouffre;45740;45179;Lailly-en-Val;;;1.689289;47.765641
45179_0360_00005;5;;Chemin de Mévault;45740;45179;Lailly-en-Val;;;1.679648;47.760283
45179_0400_00054;54;;Route d'Orléans;45740;45179;Lailly-en-Val;;;1.697693;47.774651
45179_0340_00003_bis;3;bis;Rue de Maulne;45740;45179;Lailly-en-Val;;;1.661269;47.751288
45179_0320_00010;10;;Rue de Marambault;45740;45179;Lailly-en-Val;;;1.68197;47.760652
45179_0380_00082;82;;Rue de monçay;45740;45179;Lailly-en-Val;;;1.66559;47.749553
45179_0405_00070;70;;Chemin de la Petite Ruelle;45740;45179;Lailly-en-Val;;;1.692329;47.772625
45179_0439_00024_bis;24;bis;Route de Sologne;45740;45179;Lailly-en-Val;;;1.697937;47.769318
45179_0022_00006;6;;Rue du Bari;45740;45179;Lailly-en-Val;;;1.682789;47.762537
45179_0084_00001;1;;Chemin du Bourgneuf;45740;45179;Lailly-en-Val;;;1.691423;47.773628
45179_0460_00031;31;;Rue de la Trépinière;45740;45179;Lailly-en-Val;;;1.667957;47.755391
45179_0140_00014;14;;Rue des Ecoles;45740;45179;Lailly-en-Val;;;1.687302;47.769577
45179_0300_00059;59;;Rue de la Mairie;45740;45179;Lailly-en-Val;;;1.6801;47.762504
45179_0380_00501;501;;Rue de monçay;45740;45179;Lailly-en-Val;;;1.69673;47.76506
45179_b158_00036;36;;les Petites Bordes;45740;45179;Lailly-en-Val;;;1.677497;47.748857
45179_0460_00017;17;;Rue de la Trépinière;45740;45179;Lailly-en-Val;;;1.670778;47.7572
45179_0020_00005;5;;Rue de la Bargoudière;45740;45179;Lailly-en-Val;;;1.679097;47.76284
45179_0435_00082;82;;Rue du Sabot;45740;45179;Lailly-en-Val;;;1.69162;47.768562
45179_0439_00008;8;;Route de Sologne;45740;45179;Lailly-en-Val;;;1.694443;47.771015
45179_0380_00087_bis;87;bis;Rue de monçay;45740;45179;Lailly-en-Val;;;1.672307;47.754103
45179_0100_00008;8;;Rue de la Chaintre;45740;45179;Lailly-en-Val;;;1.673584;47.759062
45179_0172_00005;5;;Chemin du Gouffre;45740;45179;Lailly-en-Val;;;1.688539;47.766223
45179_0022_00015;15;;Rue du Bari;45740;45179;Lailly-en-Val;;;1.683499;47.762187
45179_0086_00010;10;;Allée des Brémailles;45740;45179;Lailly-en-Val;;;1.687788;47.763275
45179_0140_00020;20;;Rue des Ecoles;45740;45179;Lailly-en-Val;;;1.688239;47.768843
45179_0380_00296;296;;Rue de monçay;45740;45179;Lailly-en-Val;;;1.692262;47.766254
45179_0400_00008;8;;Route d'Orléans;45740;45179;Lailly-en-Val;;;1.691503;47.769453
45179_0102_00011;11;;Rue des Grands Chênes;45740;45179;Lailly-en-Val;;;1.686546;47.764566
45179_0436_00003;3;;Allée du Sabotier;45740;45179;Lailly-en-Val;;;1.691331;47.768095
45179_0180_00001;1;;Chemin du Grand Noyer;45740;45179;Lailly-en-Val;;;1.674884;47.75643
45179_b0p13b_09601;9601;;La Californie;45740;45179;Lailly-en-Val;;;1.764937;47.711062
45179_0400_00016;16;;Route d'Orléans;45740;45179;Lailly-en-Val;;;1.692792;47.770627
45179_0300_00032;32;;Rue de la Mairie;45740;45179;Lailly-en-Val;;;1.680366;47.763637
45179_0240_00001;1;;Rue de la Haut;45740;45179;Lailly-en-Val;;;1.665317;47.753576
45179_0169_00002_bis;2;bis;impasse des gardoirs;45740;45179;Lailly-en-Val;;;1.67067;47.752485
45179_0300_00015;15;;Rue de la Mairie;45740;45179;Lailly-en-Val;;;1.685826;47.768951
45179_0300_00003;3;;Rue de la Mairie;45740;45179;Lailly-en-Val;;;1.686265;47.769926
45179_ky230q_00005;5;;Impasse du Clos de Maurigault;45740;45179;Lailly-en-Val;;;1.683339;47.761524
45179_0110_00002_b;2;b;Chemin du Clos Moussard;45740;45179;Lailly-en-Val;;;1.683936;47.763964
45179_0300_00007;7;;Rue de la Mairie;45740;45179;Lailly-en-Val;;;1.685931;47.769458
45179_0435_00020;20;;Rue du Sabot;45740;45179;Lailly-en-Val;;;1.690982;47.768961
45179_0380_00054_bis;54;bis;Rue de monçay;45740;45179;Lailly-en-Val;;;1.712784;47.748846
45179_0351_03600_c;3600;c;Rue de Meung;45740;45179;Lailly-en-Val;;Voisins;1.688655;47.788295
45179_0380_00042_ter;42;ter;Rue de monçay;45740;45179;Lailly-en-Val;;;1.712136;47.748951
45179_0160_00004;4;;Rue de la Fontaine;45740;45179;Lailly-en-Val;;;1.687347;47.771518
45179_0480_00017;17;;Rue du Val;45740;45179;Lailly-en-Val;;;1.672145;47.759158
45179_0280_00003;3;;Rue de Ligniéres;45740;45179;Lailly-en-Val;;;1.669253;47.755329
45179_0140_00013;13;;Rue des Ecoles;45740;45179;Lailly-en-Val;;;1.68744;47.769698
45179_0040_00008;8;;Route de Beaugency;45740;45179;Lailly-en-Val;;;1.692107;47.771541
45179_0080_00009;9;;Rue du Bourg;45740;45179;Lailly-en-Val;;;1.687509;47.770873
45179_0097_00030;30;;Allée des Cerfs;45740;45179;Lailly-en-Val;;;1.689034;47.763749
45179_0086_00002;2;;Allée des Brémailles;45740;45179;Lailly-en-Val;;;1.686659;47.764034
45179_0480_00019;19;;Rue du Val;45740;45179;Lailly-en-Val;;;1.671981;47.759282
45179_0435_00312;312;;Rue du Sabot;45740;45179;Lailly-en-Val;;;1.690972;47.768967
45179_0102_00027;27;;Rue des Grands Chênes;45740;45179;Lailly-en-Val;;;1.688895;47.764289
45179_0240_00015;15;;Rue de la Haut;45740;45179;Lailly-en-Val;;;1.667458;47.752333
45179_0110_00012;12;;Chemin du Clos Moussard;45740;45179;Lailly-en-Val;;;1.685391;47.763354
45179_0300_00021;21;;Rue de la Mairie;45740;45179;Lailly-en-Val;;;1.685673;47.76853
45179_0380_00085_bis;85;bis;Rue de monçay;45740;45179;Lailly-en-Val;;;1.672518;47.754423
45179_0080_00007;7;;Rue du Bourg;45740;45179;Lailly-en-Val;;;1.687336;47.770788
45179_0360_00008;8;;Chemin de Mévault;45740;45179;Lailly-en-Val;;;1.679437;47.760574
45179_0435_00102;102;;Rue du Sabot;45740;45179;Lailly-en-Val;;;1.691797;47.768446
45179_0380_00065;65;;Rue de monçay;45740;45179;Lailly-en-Val;;;1.675136;47.757367
45179_0180_00002;2;;Chemin du Grand Noyer;45740;45179;Lailly-en-Val;;;1.675124;47.756228
45179_7fig2e_03901;3901;;Les Gaschetieres;45740;45179;Lailly-en-Val;;;1.727065;47.755107
45179_0405_00110;110;;Chemin de la Petite Ruelle;45740;45179;Lailly-en-Val;;;1.69282;47.772422
45179_0380_00044;44;;Rue de monçay;45740;45179;Lailly-en-Val;;;1.675093;47.757492
45179_0099_00020;20;;Rue des Champs Fleuris;45740;45179;Lailly-en-Val;;;1.685126;47.761895
45179_0400_00029_a;29;a;Route d'Orléans;45740;45179;Lailly-en-Val;;;1.693981;47.771964
45179_0300_00038;38;;Rue de la Mairie;45740;45179;Lailly-en-Val;;;1.679396;47.762137
45179_0011_00004;4;;Impasse du Clos de l'Ange;45740;45179;Lailly-en-Val;;;1.666738;47.753838
45179_0100_00004;4;;Rue de la Chaintre;45740;45179;Lailly-en-Val;;;1.673938;47.759109
45179_0380_00069_bis;69;bis;Rue de monçay;45740;45179;Lailly-en-Val;;;1.674516;47.756714
45179_0107_00008;8;;Rue du Clos Drouard;45740;45179;Lailly-en-Val;;;1.689334;47.769234
45179_0205_00047;47;;Chemin des Grivelles;45740;45179;Lailly-en-Val;;;1.659402;47.746853
45179_0412_00001;1;;Chemin des Plantes;45740;45179;Lailly-en-Val;;;1.673524;47.755181
45179_0300_00033;33;;Rue de la Mairie;45740;45179;Lailly-en-Val;;;1.684581;47.766321
45179_0350_00005;5;;Chemin de la Messe;45740;45179;Lailly-en-Val;;;1.669;47.754142
45179_0520_00018;18;;Route de Villenouan;45740;45179;Lailly-en-Val;;;1.699115;47.773843
45179_0480_00006;6;;Rue du Val;45740;45179;Lailly-en-Val;;;1.673643;47.758527
45179_0210_00004;4;;Chemin des Guerlets;45740;45179;Lailly-en-Val;;;1.69368;47.767085
45179_0112_00001;1;;Clos de la Charpenterie;45740;45179;Lailly-en-Val;;;1.677081;47.759182
45179_0460_00002;2;;Rue de la Trépinière;45740;45179;Lailly-en-Val;;;1.672987;47.758575
45179_0280_00004;4;;Rue de Ligniéres;45740;45179;Lailly-en-Val;;;1.670375;47.754463
45179_0080_00033;33;;Rue du Bourg;45740;45179;Lailly-en-Val;;;1.68948;47.771603
45179_0500_00001;1;;Rue de Vezenne;45740;45179;Lailly-en-Val;;;1.676277;47.75797
45179_0240_00002;2;;Rue de la Haut;45740;45179;Lailly-en-Val;;;1.665311;47.753511
45179_0412_00007;7;;Chemin des Plantes;45740;45179;Lailly-en-Val;;;1.674218;47.754652
45179_0107_00007;7;;Rue du Clos Drouard;45740;45179;Lailly-en-Val;;;1.689221;47.769677
45179_0380_00024;24;;Rue de monçay;45740;45179;Lailly-en-Val;;;1.677587;47.760415
45179_0160_00011;11;;Rue de la Fontaine;45740;45179;Lailly-en-Val;;;1.687147;47.771133
45179_0095_00002;2;;Chemin du Buisson;45740;45179;Lailly-en-Val;;;1.697709;47.77524
45179_0300_00013;13;;Rue de la Mairie;45740;45179;Lailly-en-Val;;;1.686132;47.769031
45179_0300_00011;11;;Rue de la Mairie;45740;45179;Lailly-en-Val;;;1.686392;47.768892
45179_8bej9r_00005;5;;les Miracles;45740;45179;Lailly-en-Val;;;1.698614;47.777901
45179_0409_00016;16;;Impasse des Picardes;45740;45179;Lailly-en-Val;;;1.690333;47.765756
45179_0097_00006;6;;Allée des Cerfs;45740;45179;Lailly-en-Val;;;1.686483;47.765484
45179_0439_00015;15;;Route de Sologne;45740;45179;Lailly-en-Val;;;1.696653;47.77027
45179_0177_00005;5;;Chemin de la Grande Ruelle;45740;45179;Lailly-en-Val;;;1.694596;47.773813
45179_0460_00029_bis;29;bis;Rue de la Trépinière;45740;45179;Lailly-en-Val;;;1.669161;47.756069
45179_0380_00047_bis;47;bis;Rue de monçay;45740;45179;Lailly-en-Val;;;1.676714;47.758865
45179_0380_00025_bis;25;bis;Rue de monçay;45740;45179;Lailly-en-Val;;;1.681596;47.762909
45179_84t8yb_00025;25;;Monçay;45740;45179;Lailly-en-Val;;;1.71136;47.751681
45179_vdclpu_00001;1;;Gonthier;45740;45179;Lailly-en-Val;;;1.716457;47.750581
45179_0400_00049;49;;Route d'Orléans;45740;45179;Lailly-en-Val;;;1.697678;47.774957
45179_0172_00004;4;;Chemin du Gouffre;45740;45179;Lailly-en-Val;;;1.687751;47.766416
45179_0102_00017;17;;Rue des Grands Chênes;45740;45179;Lailly-en-Val;;;1.687543;47.764067
45179_0165_00009;9;;Chemin de Fourchault;45740;45179;Lailly-en-Val;;;1.696484;47.771593
45179_0480_00014;14;;Rue du Val;45740;45179;Lailly-en-Val;;;1.671912;47.759421
45179_0080_00020;20;;Rue du Bourg;45740;45179;Lailly-en-Val;;;1.688326;47.77116
45179_b124_00001;1;;La Pointe des Bordes;45740;45179;Lailly-en-Val;;;1.678041;47.74706
45179_0220_00005;5;;Rue Hallée;45740;45179;Lailly-en-Val;;;1.658448;47.748272
45179_0112_00005;5;;Clos de la Charpenterie;45740;45179;Lailly-en-Val;;;1.677526;47.758923
45179_0436_00026;26;;Allée du Sabotier;45740;45179;Lailly-en-Val;;;1.69204;47.767824
45179_0460_00030_bis;30;bis;Rue de la Trépinière;45740;45179;Lailly-en-Val;;;1.669402;47.756327
45179_0200_00008;8;;Chemin du Grand Clos;45740;45179;Lailly-en-Val;;;1.662209;47.749307
45179_0097_00021;21;;Allée des Cerfs;45740;45179;Lailly-en-Val;;;1.688562;47.763747
45179_0040_00014;14;;Route de Beaugency;45740;45179;Lailly-en-Val;;;1.690994;47.771738
45179_0097_00024;24;;Allée des Cerfs;45740;45179;Lailly-en-Val;;;1.689677;47.764113
45179_0300_00018;18;;Rue de la Mairie;45740;45179;Lailly-en-Val;;;1.6856;47.768543
45179_0500_00002_ter;2;ter;Rue de Vezenne;45740;45179;Lailly-en-Val;;;1.677334;47.757497
45179_0380_00460;460;;Rue de monçay;45740;45179;Lailly-en-Val;;;1.694356;47.765261
45179_0409_00005;5;;Impasse des Picardes;45740;45179;Lailly-en-Val;;;1.690006;47.765373
45179_0220_00013;13;;Rue Hallée;45740;45179;Lailly-en-Val;;;1.657673;47.747381
45179_0080_00018;18;;Rue du Bourg;45740;45179;Lailly-en-Val;;;1.688403;47.771215
45179_0010_00008;8;;Chemin des Amandiers;45740;45179;Lailly-en-Val;;;1.684037;47.760795
45179_0435_00202;202;;Rue du Sabot;45740;45179;Lailly-en-Val;;;1.692264;47.767313
45179_0102_00009;9;;Rue des Grands Chênes;45740;45179;Lailly-en-Val;;;1.686522;47.764703
45179_0110_00001;1;;Chemin du Clos Moussard;45740;45179;Lailly-en-Val;;;1.683988;47.764037
45179_0080_00031;31;;Rue du Bourg;45740;45179;Lailly-en-Val;;;1.68937;47.771588
45179_0380_00049;49;;Rue de monçay;45740;45179;Lailly-en-Val;;;1.676275;47.758712
45179_0400_00031;31;;Route d'Orléans;45740;45179;Lailly-en-Val;;;1.694904;47.772687
45179_0380_00006;6;;Rue de monçay;45740;45179;Lailly-en-Val;;;1.681317;47.763002
45179_0300_00004;4;;Rue de la Mairie;45740;45179;Lailly-en-Val;;;1.68626;47.770099
45179_0022_00009;9;;Rue du Bari;45740;45179;Lailly-en-Val;;;1.682879;47.762567
45179_0220_00009;9;;Rue Hallée;45740;45179;Lailly-en-Val;;;1.658056;47.74782
45179_0380_00353;353;;Rue de monçay;45740;45179;Lailly-en-Val;;;1.692977;47.766009
45179_0380_00050;50;;Rue de monçay;45740;45179;Lailly-en-Val;;;1.711888;47.748795
45179_0380_00047_ter;47;ter;Rue de monçay;45740;45179;Lailly-en-Val;;;1.676715;47.758865
45179_0205_00020;20;;Chemin des Grivelles;45740;45179;Lailly-en-Val;;;1.662566;47.749027
45179_0409_00001;1;;Impasse des Picardes;45740;45179;Lailly-en-Val;;;1.689771;47.765186
45179_0200_00003;3;;Chemin du Grand Clos;45740;45179;Lailly-en-Val;;;1.66125;47.749888
45179_0020_00008;8;;Rue de la Bargoudière;45740;45179;Lailly-en-Val;;;1.679033;47.762967
45179_0510_00018;18;;Allée des Vignes;45740;45179;Lailly-en-Val;;;1.689741;47.765011
45179_0460_00004;4;;Rue de la Trépinière;45740;45179;Lailly-en-Val;;;1.672379;47.758601
45179_0022_00007;7;;Rue du Bari;45740;45179;Lailly-en-Val;;;1.6827;47.762684
45179_0097_00027;27;;Allée des Cerfs;45740;45179;Lailly-en-Val;;;1.687881;47.763683
45179_0420_00002;2;;Rue du Porteau;45740;45179;Lailly-en-Val;;;1.698148;47.774904
45179_0400_00029_c;29;c;Route d'Orléans;45740;45179;Lailly-en-Val;;;1.694339;47.772183
45179_0400_00050;50;;Route d'Orléans;45740;45179;Lailly-en-Val;;;1.696769;47.773876
45179_0400_00056;56;;Route d'Orléans;45740;45179;Lailly-en-Val;;;1.698118;47.775045
45179_0100_00010;10;;Rue de la Chaintre;45740;45179;Lailly-en-Val;;;1.673946;47.759312
45179_0300_00045;45;;Rue de la Mairie;45740;45179;Lailly-en-Val;;;1.681463;47.764075
45179_0205_00019;19;;Chemin des Grivelles;45740;45179;Lailly-en-Val;;;1.663213;47.749438
45179_0400_00073;73;;Route d'Orléans;45740;45179;Lailly-en-Val;;;1.700815;47.777837
45179_52milk_00002;2;;Rue de Bourgneuf;45740;45179;Lailly-en-Val;;;1.691042;47.772117
45179_0177_00006;6;;Chemin de la Grande Ruelle;45740;45179;Lailly-en-Val;;;1.694598;47.773863
45179_0240_00007_bis;7;bis;Rue de la Haut;45740;45179;Lailly-en-Val;;;1.666407;47.753294
45179_wauvuz_07200;7200;;La Vigne;45740;45179;Lailly-en-Val;;;1.753292;47.731589
45179_0200_00007;7;;Chemin du Grand Clos;45740;45179;Lailly-en-Val;;;1.662153;47.749397
45179_0240_00007;7;;Rue de la Haut;45740;45179;Lailly-en-Val;;;1.665878;47.753218
45179_0080_00028;28;;Rue du Bourg;45740;45179;Lailly-en-Val;;;1.689365;47.771529
45179_0097_00028;28;;Allée des Cerfs;45740;45179;Lailly-en-Val;;;1.689348;47.763972
45179_0351_02600_b;2600;b;Rue de Meung;45740;45179;Lailly-en-Val;;Ferme de Clossy;1.678702;47.779944
45179_0460_00037;37;;Rue de la Trépinière;45740;45179;Lailly-en-Val;;;1.666582;47.754846
45179_0380_00003_bis;3;bis;Rue de monçay;45740;45179;Lailly-en-Val;;;1.688437;47.767404
45179_0220_00009_bis;9;bis;Rue Hallée;45740;45179;Lailly-en-Val;;;1.657947;47.747855
45179_0260_00019;19;;Rue Joubert;45740;45179;Lailly-en-Val;;;1.666507;47.751024
45179_0240_00013;13;;Rue de la Haut;45740;45179;Lailly-en-Val;;;1.66701;47.752647
45179_0169_00010;10;;impasse des gardoirs;45740;45179;Lailly-en-Val;;;1.668533;47.75048
45179_0320_00001_t;1;t;Rue de Marambault;45740;45179;Lailly-en-Val;;;1.681412;47.761534
45179_0420_00004;4;;Rue du Porteau;45740;45179;Lailly-en-Val;;;1.698775;47.774679
45179_0040_00030;30;;Route de Beaugency;45740;45179;Lailly-en-Val;;;1.688286;47.772221
45179_0300_00036;36;;Rue de la Mairie;45740;45179;Lailly-en-Val;;;1.679526;47.76228
45179_0169_00002;2;;impasse des gardoirs;45740;45179;Lailly-en-Val;;;1.670628;47.752132
45179_0010_00002_bis;2;bis;Chemin des Amandiers;45740;45179;Lailly-en-Val;;;1.683202;47.760195
45179_0300_00055;55;;Rue de la Mairie;45740;45179;Lailly-en-Val;;;1.680465;47.763186
45179_0300_00053;53;;Rue de la Mairie;45740;45179;Lailly-en-Val;;;1.680501;47.763367
45179_0040_00004_bis;4;bis;Route de Beaugency;45740;45179;Lailly-en-Val;;;1.692357;47.77148
45179_0460_00060;60;;Rue de la Trépinière;45740;45179;Lailly-en-Val;;;1.664799;47.753207
45179_0200_00003_bis;3;bis;Chemin du Grand Clos;45740;45179;Lailly-en-Val;;;1.661754;47.74978
45179_nzdkbo_00006;6;;Les Berteches;45740;45179;Lailly-en-Val;;;1.688324;47.767065
45179_0380_00100;100;;Rue de monçay;45740;45179;Lailly-en-Val;;;1.690308;47.767381
45179_0400_00009;9;;Route d'Orléans;45740;45179;Lailly-en-Val;;;1.690625;47.76914
45179_0166_00007_bis;7;bis;Impasse Fourchaud;45740;45179;Lailly-en-Val;;;1.696558;47.771855
45179_0110_00013;13;;Chemin du Clos Moussard;45740;45179;Lailly-en-Val;;;1.685954;47.763126
45179_0140_00010;10;;Rue des Ecoles;45740;45179;Lailly-en-Val;;;1.687081;47.769807
45179_0097_00034;34;;Allée des Cerfs;45740;45179;Lailly-en-Val;;;1.688905;47.763636
45179_0165_00004;4;;Chemin de Fourchault;45740;45179;Lailly-en-Val;;;1.69687;47.771051
45179_0414_00001;1;;Rue des Plantes de la Motte;45740;45179;Lailly-en-Val;;;1.698719;47.769793
45179_0300_00005;5;;Rue de la Mairie;45740;45179;Lailly-en-Val;;;1.686228;47.769529
45179_0100_00003_bis;3;bis;Rue de la Chaintre;45740;45179;Lailly-en-Val;;;1.673193;47.759284
45179_0280_00001;1;;Rue de Ligniéres;45740;45179;Lailly-en-Val;;;1.668912;47.755611
45179_0210_00002;2;;Chemin des Guerlets;45740;45179;Lailly-en-Val;;;1.693788;47.767177
45179_0380_00015_quater;15;quater;Rue de monçay;45740;45179;Lailly-en-Val;;;1.68386;47.764388
45179_0460_00055_bis;55;bis;Rue de la Trépinière;45740;45179;Lailly-en-Val;;;1.664699;47.752635
45179_0460_00051;51;;Rue de la Trépinière;45740;45179;Lailly-en-Val;;;1.66501;47.753386
45179_0380_00069_ter;69;ter;Rue de monçay;45740;45179;Lailly-en-Val;;;1.675002;47.756777
45179_0380_01001;1001;;Rue de monçay;45740;45179;Lailly-en-Val;;;1.698728;47.762739
45179_0400_00057_bis;57;bis;Route d'Orléans;45740;45179;Lailly-en-Val;;;1.698816;47.775993
45179_0110_00015;15;;Chemin du Clos Moussard;45740;45179;Lailly-en-Val;;;1.68649;47.762803
45179_0350_00006;6;;Chemin de la Messe;45740;45179;Lailly-en-Val;;;1.670306;47.755122
45179_0380_00033;33;;Rue de monçay;45740;45179;Lailly-en-Val;;;1.680395;47.762123
45179_0080_00030;30;;Rue du Bourg;45740;45179;Lailly-en-Val;;;1.68973;47.771549
45179_0380_00001;1;;Rue de monçay;45740;45179;Lailly-en-Val;;;1.669883;47.75283
45179_0380_00165;165;;Rue de monçay;45740;45179;Lailly-en-Val;;;1.691097;47.766971
45179_0097_00008_bis;8;bis;Allée des Cerfs;45740;45179;Lailly-en-Val;;;1.686855;47.765312
45179_0400_00039;39;;Route d'Orléans;45740;45179;Lailly-en-Val;;;1.696457;47.773895
45179_0460_00019;19;;Rue de la Trépinière;45740;45179;Lailly-en-Val;;;1.671092;47.756609
45179_0380_00021_e;21;e;Rue de monçay;45740;45179;Lailly-en-Val;;;1.682585;47.763554
45179_0460_00024;24;;Rue de la Trépinière;45740;45179;Lailly-en-Val;;;1.670319;47.756912
45179_0080_00035;35;;Rue du Bourg;45740;45179;Lailly-en-Val;;;1.689659;47.771611
45179_0125_00003;3;;Impasse de la Croix Blanche;45740;45179;Lailly-en-Val;;;1.691308;47.770412
45179_0412_00001_bis;1;bis;Chemin des Plantes;45740;45179;Lailly-en-Val;;;1.673779;47.755202
45179_0166_00005;5;;Impasse Fourchaud;45740;45179;Lailly-en-Val;;;1.696008;47.771819
45179_0380_00075_ter;75;ter;Rue de monçay;45740;45179;Lailly-en-Val;;;1.67446;47.755289
45179_0300_00057;57;;Rue de la Mairie;45740;45179;Lailly-en-Val;;;1.680126;47.762838
45179_0086_00014;14;;Allée des Brémailles;45740;45179;Lailly-en-Val;;;1.687999;47.762911
45179_0403_00009;9;;Chemin du Peliau;45740;45179;Lailly-en-Val;;;1.684546;47.762433
45179_0460_00041;41;;Rue de la Trépinière;45740;45179;Lailly-en-Val;;;1.665814;47.75427
45179_0460_00049;49;;Rue de la Trépinière;45740;45179;Lailly-en-Val;;;1.665377;47.753937
45179_0480_00010;10;;Rue du Val;45740;45179;Lailly-en-Val;;;1.672833;47.758709
45179_0022_00008;8;;Rue du Bari;45740;45179;Lailly-en-Val;;;1.683005;47.762409
45179_0040_00007;7;;Route de Beaugency;45740;45179;Lailly-en-Val;;;1.691598;47.771531
45179_0400_00052_bis;52;bis;Route d'Orléans;45740;45179;Lailly-en-Val;;;1.697282;47.774289
45179_0300_00049;49;;Rue de la Mairie;45740;45179;Lailly-en-Val;;;1.68087;47.763648
45179_0439_00005;5;;Route de Sologne;45740;45179;Lailly-en-Val;;;1.69473;47.771093
45179_0460_00011;11;;Rue de la Trépinière;45740;45179;Lailly-en-Val;;;1.67183;47.757968
45179_0380_00021_b;21;b;Rue de monçay;45740;45179;Lailly-en-Val;;;1.68282;47.763715
45179_0380_00055;55;;Rue de monçay;45740;45179;Lailly-en-Val;;;1.67593;47.758299
45179_12aql8_00002;2;;Montizeau;45740;45179;Lailly-en-Val;;;1.702251;47.746955
45179_0020_00004;4;;Rue de la Bargoudière;45740;45179;Lailly-en-Val;;;1.679555;47.762557
45179_0021_00001;1;;Impasse Céline;45740;45179;Lailly-en-Val;;;1.691163;47.77132
45179_0102_00015;15;;Rue des Grands Chênes;45740;45179;Lailly-en-Val;;;1.686876;47.764433
45179_0439_00007_bis;7;bis;Route de Sologne;45740;45179;Lailly-en-Val;;;1.6959;47.771188
45179_0380_00203;203;;Rue de monçay;45740;45179;Lailly-en-Val;;;1.691364;47.766805
45179_0125_00001;1;;Impasse de la Croix Blanche;45740;45179;Lailly-en-Val;;;1.691346;47.770343
45179_0380_00261;261;;Rue de monçay;45740;45179;Lailly-en-Val;;;1.691966;47.766479
45179_0400_00030;30;;Route d'Orléans;45740;45179;Lailly-en-Val;;;1.69374;47.771596
45179_0180_00004;4;;Chemin du Grand Noyer;45740;45179;Lailly-en-Val;;;1.675499;47.756014
45179_84t8yb_00070;70;;Monçay;45740;45179;Lailly-en-Val;;;1.715291;47.748527
45179_0101_00004;4;;Chemin du Clos de la Cave;45740;45179;Lailly-en-Val;;;1.67324;47.75733
45179_h1new3_08901;8901;;La Chine;45740;45179;Lailly-en-Val;;;1.762003;47.71824
45179_0405_00140;140;;Chemin de la Petite Ruelle;45740;45179;Lailly-en-Val;;;1.692983;47.772346
45179_0120_00020;20;;Chemin des Crapaudières;45740;45179;Lailly-en-Val;;;1.697675;47.770202
45179_0040_00032;32;;Route de Beaugency;45740;45179;Lailly-en-Val;;;1.6875;47.772359
45179_0169_00007;7;;impasse des gardoirs;45740;45179;Lailly-en-Val;;;1.669007;47.750691
45179_0021_00003;3;;Impasse Céline;45740;45179;Lailly-en-Val;;;1.690689;47.770994
45179_0380_00039;39;;Rue de monçay;45740;45179;Lailly-en-Val;;;1.679656;47.761631
45179_0240_00005;5;;Rue de la Haut;45740;45179;Lailly-en-Val;;;1.665621;47.753345
45179_0300_00019;19;;Rue de la Mairie;45740;45179;Lailly-en-Val;;;1.685724;47.768658
45179_0405_00061;61;;Chemin de la Petite Ruelle;45740;45179;Lailly-en-Val;;;1.692104;47.77266
45179_0439_00002;2;;Route de Sologne;45740;45179;Lailly-en-Val;;;1.693868;47.771215
45179_0379_00042;42;;Hameau de Moncay;45740;45179;Lailly-en-Val;;;1.711167;47.748466
45179_0300_00061;61;;Rue de la Mairie;45740;45179;Lailly-en-Val;;;1.679939;47.762374
45179_0403_00008;8;;Chemin du Peliau;45740;45179;Lailly-en-Val;;;1.684639;47.762599
45179_0110_00005;5;;Chemin du Clos Moussard;45740;45179;Lailly-en-Val;;;1.685034;47.763654
45179_nzdkbo_00014;14;;Les Berteches;45740;45179;Lailly-en-Val;;;1.688275;47.766815
45179_0380_00091;91;;Rue de monçay;45740;45179;Lailly-en-Val;;;1.671237;47.753668
45179_0102_00012;12;;Rue des Grands Chênes;45740;45179;Lailly-en-Val;;;1.687936;47.764307
45179_aufh7d_00003;3;;les Bretonnières;45740;45179;Lailly-en-Val;;;1.677222;47.776305
45179_0380_00061;61;;Rue de monçay;45740;45179;Lailly-en-Val;;;1.675576;47.75788
45179_0165_00003;3;;Chemin de Fourchault;45740;45179;Lailly-en-Val;;;1.696559;47.770995
45179_0260_00010;10;;Rue Joubert;45740;45179;Lailly-en-Val;;;1.664021;47.752015
45179_0107_00011;11;;Rue du Clos Drouard;45740;45179;Lailly-en-Val;;;1.688494;47.769712
45179_0370_00002;2;;Rue des Moïses;45740;45179;Lailly-en-Val;;;1.663698;47.752387
45179_0412_00005;5;;Chemin des Plantes;45740;45179;Lailly-en-Val;;;1.674084;47.7548
45179_0420_00006;6;;Rue du Porteau;45740;45179;Lailly-en-Val;;;1.69924;47.774592
45179_0140_00009_bis;9;bis;Rue des Ecoles;45740;45179;Lailly-en-Val;;;1.68764;47.769894
45179_0435_00002;2;;Rue du Sabot;45740;45179;Lailly-en-Val;;;1.690382;47.768712
45179_0380_00029;29;;Rue de monçay;45740;45179;Lailly-en-Val;;;1.710942;47.751391
45179_0380_00146;146;;Rue de monçay;45740;45179;Lailly-en-Val;;;1.690728;47.767133
45179_0260_00002;2;;Rue Joubert;45740;45179;Lailly-en-Val;;;1.664155;47.752193
45179_0400_00002_b;2;b;Route d'Orléans;45740;45179;Lailly-en-Val;;;1.68934;47.768103
45179_0480_00002;2;;Rue du Val;45740;45179;Lailly-en-Val;;;1.674585;47.758412
45179_0400_00034_bis;34;bis;Route d'Orléans;45740;45179;Lailly-en-Val;;;1.694802;47.772417
45179_0097_00010;10;;Allée des Cerfs;45740;45179;Lailly-en-Val;;;1.686941;47.765198
45179_0080_00024;24;;Rue du Bourg;45740;45179;Lailly-en-Val;;;1.68887;47.771397
45179_0140_00017;17;;Rue des Ecoles;45740;45179;Lailly-en-Val;;;1.687934;47.769161
45179_0110_00008;8;;Chemin du Clos Moussard;45740;45179;Lailly-en-Val;;;1.684459;47.763053
45179_0436_00010;10;;Allée du Sabotier;45740;45179;Lailly-en-Val;;;1.691002;47.768195
45179_0385_00002;2;;Chemin de la Motte Remy;45740;45179;Lailly-en-Val;;;1.7014;47.77675
45179_0101_00003;3;;Chemin du Clos de la Cave;45740;45179;Lailly-en-Val;;;1.67324;47.75733
45179_0380_00012;12;;Rue de monçay;45740;45179;Lailly-en-Val;;;1.680599;47.76253
45179_0380_00003;3;;Rue de monçay;45740;45179;Lailly-en-Val;;;1.688614;47.76752
45179_0500_00002_bis;2;bis;Rue de Vezenne;45740;45179;Lailly-en-Val;;;1.675728;47.758086
45179_0320_00011;11;;Rue de Marambault;45740;45179;Lailly-en-Val;;;1.682223;47.760451
45179_0380_00010;10;;Rue de monçay;45740;45179;Lailly-en-Val;;;1.680772;47.762643
45179_0140_00015;15;;Rue des Ecoles;45740;45179;Lailly-en-Val;;;1.687652;47.769388
45179_0097_00029;29;;Allée des Cerfs;45740;45179;Lailly-en-Val;;;1.687946;47.763479
45179_0480_00005;5;;Rue du Val;45740;45179;Lailly-en-Val;;;1.674307;47.758388
45179_0107_00032;32;;Rue du Clos Drouard;45740;45179;Lailly-en-Val;;;1.690169;47.770059
45179_0040_00006;6;;Route de Beaugency;45740;45179;Lailly-en-Val;;;1.692528;47.771465
45179_0160_00001;1;;Rue de la Fontaine;45740;45179;Lailly-en-Val;;;1.687043;47.770808
45179_0385_00005;5;;Chemin de la Motte Remy;45740;45179;Lailly-en-Val;;;1.703989;47.774943
45179_0439_00012_bis;12;bis;Route de Sologne;45740;45179;Lailly-en-Val;;;1.694682;47.770609
45179_0414_00005;5;;Rue des Plantes de la Motte;45740;45179;Lailly-en-Val;;;1.699226;47.769875
45179_0102_00005;5;;Rue des Grands Chênes;45740;45179;Lailly-en-Val;;;1.685931;47.76478
45179_0520_00006;6;;Route de Villenouan;45740;45179;Lailly-en-Val;;;1.696845;47.773145
45179_0400_00053;53;;Route d'Orléans;45740;45179;Lailly-en-Val;;;1.697848;47.775112
45179_0205_00026;26;;Chemin des Grivelles;45740;45179;Lailly-en-Val;;;1.661749;47.748358
45179_12aql8_00003;3;;Montizeau;45740;45179;Lailly-en-Val;;;1.70335;47.747495
45179_0403_00003;3;;Chemin du Peliau;45740;45179;Lailly-en-Val;;;1.685491;47.762829
45179_0165_00002;2;;Chemin de Fourchault;45740;45179;Lailly-en-Val;;;1.6966;47.770917
45179_0300_00022_bis;22;bis;Rue de la Mairie;45740;45179;Lailly-en-Val;;;1.684625;47.767939
45179_0380_00077;77;;Rue de monçay;45740;45179;Lailly-en-Val;;;1.673607;47.755658
45179_0400_00067;67;;Route d'Orléans;45740;45179;Lailly-en-Val;;;1.700015;47.777098
45179_0021_00009;9;;Impasse Céline;45740;45179;Lailly-en-Val;;;1.69096;47.771022
45179_0097_00003;3;;Allée des Cerfs;45740;45179;Lailly-en-Val;;;1.686645;47.765281
45179_0370_00001_bis;1;bis;Rue des Moïses;45740;45179;Lailly-en-Val;;;1.663336;47.751699
45179_0102_00007;7;;Rue des Grands Chênes;45740;45179;Lailly-en-Val;;;1.686333;47.764809
45179_0400_00038;38;;Route d'Orléans;45740;45179;Lailly-en-Val;;;1.695231;47.772149
45179_0172_00002;2;;Chemin du Gouffre;45740;45179;Lailly-en-Val;;;1.687899;47.766572
45179_0340_00005_bis;5;bis;Rue de Maulne;45740;45179;Lailly-en-Val;;;1.660581;47.751078
45179_0380_00053_bis;53;bis;Rue de monçay;45740;45179;Lailly-en-Val;;;1.668736;47.751932
45179_0180_00001_bis;1;bis;Chemin du Grand Noyer;45740;45179;Lailly-en-Val;;;1.675049;47.756351
45179_0380_00126;126;;Rue de monçay;45740;45179;Lailly-en-Val;;;1.661473;47.746333
45179_0099_00046;46;;Rue des Champs Fleuris;45740;45179;Lailly-en-Val;;;1.687015;47.763818
45179_0021_00008;8;;Impasse Céline;45740;45179;Lailly-en-Val;;;1.690106;47.770917
45179_0320_00009_bis;9;bis;Rue de Marambault;45740;45179;Lailly-en-Val;;;1.682294;47.760594
45179_0260_00004;4;;Rue Joubert;45740;45179;Lailly-en-Val;;;1.664167;47.752257
45179_0080_00005;5;;Rue du Bourg;45740;45179;Lailly-en-Val;;;1.686805;47.770542
45179_0439_00012;12;;Route de Sologne;45740;45179;Lailly-en-Val;;;1.695293;47.770703
45179_0261_00003;3;;Place de l'Eglise;45740;45179;Lailly-en-Val;;;1.686303;47.770344
45179_0110_00020;20;;Chemin du Clos Moussard;45740;45179;Lailly-en-Val;;;1.686512;47.762682
45179_0300_00009;9;;Rue de la Mairie;45740;45179;Lailly-en-Val;;;1.686061;47.769301
45179_0400_00040;40;;Route d'Orléans;45740;45179;Lailly-en-Val;;;1.694972;47.772483
45179_0220_00021;21;;Rue Hallée;45740;45179;Lailly-en-Val;;;1.659737;47.746475
45179_so8h8n_00014;14;;Lotissement des Berteches;45740;45179;Lailly-en-Val;;;1.688278;47.766802
45179_0011_00007;7;;Impasse du Clos de l'Ange;45740;45179;Lailly-en-Val;;;1.667832;47.753819
45179_b036_00001;1;;Clos de Rondeur;45740;45179;Lailly-en-Val;;;1.700204;47.764216
45179_0172_00009;9;;Chemin du Gouffre;45740;45179;Lailly-en-Val;;;1.689183;47.765729
45179_0022_00011;11;;Rue du Bari;45740;45179;Lailly-en-Val;;;1.683099;47.762441
45179_0099_00004;4;;Rue des Champs Fleuris;45740;45179;Lailly-en-Val;;;1.687259;47.7638
45179_0380_00120;120;;Rue de monçay;45740;45179;Lailly-en-Val;;;1.690083;47.767019
45179_0409_00013;13;;Impasse des Picardes;45740;45179;Lailly-en-Val;;;1.690492;47.765759
45179_0370_00001;1;;Rue des Moïses;45740;45179;Lailly-en-Val;;;1.663889;47.752437
45179_0400_00005;5;;Route d'Orléans;45740;45179;Lailly-en-Val;;;1.690249;47.768893
45179_0380_00021;21;;Rue de monçay;45740;45179;Lailly-en-Val;;;1.710418;47.751174
45179_0100_00014;14;;Rue de la Chaintre;45740;45179;Lailly-en-Val;;;1.673861;47.759781
45179_0400_00043;43;;Route d'Orléans;45740;45179;Lailly-en-Val;;;1.695073;47.774745
45179_0022_00023;23;;Rue du Bari;45740;45179;Lailly-en-Val;;;1.684132;47.761573
45179_0097_00032;32;;Allée des Cerfs;45740;45179;Lailly-en-Val;;;1.689121;47.763801
45179_0380_00052_ter;52;ter;Rue de monçay;45740;45179;Lailly-en-Val;;;1.673735;47.756051
45179_0097_00017;17;;Allée des Cerfs;45740;45179;Lailly-en-Val;;;1.68851;47.764964
45179_0460_00028_bis;28;bis;Rue de la Trépinière;45740;45179;Lailly-en-Val;;;1.668988;47.756735
45179_0261_00002;2;;Place de l'Eglise;45740;45179;Lailly-en-Val;;;1.686354;47.770416
45179_0412_00006;6;;Chemin des Plantes;45740;45179;Lailly-en-Val;;;1.673921;47.754799
45179_0500_00001_ter;1;ter;Rue de Vezenne;45740;45179;Lailly-en-Val;;;1.677419;47.757555
45179_0403_00012;12;;Chemin du Peliau;45740;45179;Lailly-en-Val;;;1.684326;47.762393
45179_94c727_07500;7500;;La Berdaudière;45740;45179;Lailly-en-Val;;;1.755625;47.729822
45179_k74oip_00002;2;;Chemin des Bordes;45740;45179;Lailly-en-Val;;;1.674287;47.746144
45179_0380_00013;13;;Rue de monçay;45740;45179;Lailly-en-Val;;;1.684687;47.764935
45179_0403_00011;11;;Chemin du Peliau;45740;45179;Lailly-en-Val;;;1.684682;47.76214
45179_0460_00045;45;;Rue de la Trépinière;45740;45179;Lailly-en-Val;;;1.665782;47.753901
45179_0260_00016;16;;Rue Joubert;45740;45179;Lailly-en-Val;;;1.665402;47.751387
45179_0380_00072;72;;Rue de monçay;45740;45179;Lailly-en-Val;;;1.715798;47.748431
45179_0439_00014;14;;Route de Sologne;45740;45179;Lailly-en-Val;;;1.69551;47.770589
45179_0439_00024;24;;Route de Sologne;45740;45179;Lailly-en-Val;;;1.69772;47.769458
45179_0097_00040;40;;Allée des Cerfs;45740;45179;Lailly-en-Val;;;1.688642;47.763328
45179_0300_00041;41;;Rue de la Mairie;45740;45179;Lailly-en-Val;;;1.681961;47.764362
45179_0405_00020;20;;Chemin de la Petite Ruelle;45740;45179;Lailly-en-Val;;;1.691638;47.772966
45179_0320_00850;850;;Rue de Marambault;45740;45179;Lailly-en-Val;;;1.68769;47.756533
45179_0380_00058;58;;Rue de monçay;45740;45179;Lailly-en-Val;;;1.672905;47.755296
45179_0097_00007;7;;Allée des Cerfs;45740;45179;Lailly-en-Val;;;1.687033;47.765046
45179_nzdkbo_00008;8;;Les Berteches;45740;45179;Lailly-en-Val;;;1.688467;47.767113
45179_0165_00005_bis;5;bis;Chemin de Fourchault;45740;45179;Lailly-en-Val;;;1.697128;47.772706
45179_0460_00006;6;;Rue de la Trépinière;45740;45179;Lailly-en-Val;;;1.671982;47.758514
45179_nzdkbo_00012;12;;Les Berteches;45740;45179;Lailly-en-Val;;;1.688535;47.766932
45179_0460_00045_bis;45;bis;Rue de la Trépinière;45740;45179;Lailly-en-Val;;;1.665667;47.75398
45179_0380_00085_ter;85;ter;Rue de monçay;45740;45179;Lailly-en-Val;;;1.672537;47.754259
45179_0300_00040;40;;Rue de la Mairie;45740;45179;Lailly-en-Val;;;1.678954;47.761661
45179_0400_00036;36;;Route d'Orléans;45740;45179;Lailly-en-Val;;;1.69495;47.771913
45179_0220_00006_bis;6;bis;Rue Hallée;45740;45179;Lailly-en-Val;;;1.657875;47.748052
45179_0246_00005;5;;Chemin de la Helliere;45740;45179;Lailly-en-Val;;;1.698685;47.777934
45179_0040_00028;28;;Route de Beaugency;45740;45179;Lailly-en-Val;;;1.688568;47.77217
45179_0080_00014;14;;Rue du Bourg;45740;45179;Lailly-en-Val;;;1.688028;47.771028
45179_0107_00002;2;;Rue du Clos Drouard;45740;45179;Lailly-en-Val;;;1.68862;47.768798
45179_0300_00048;48;;Rue de la Mairie;45740;45179;Lailly-en-Val;;;1.678479;47.761071
45179_0380_00035;35;;Rue de monçay;45740;45179;Lailly-en-Val;;;1.711767;47.749375
45179_0500_00008;8;;Rue de Vezenne;45740;45179;Lailly-en-Val;;;1.680624;47.755926
45179_0439_00017;17;;Route de Sologne;45740;45179;Lailly-en-Val;;;1.696855;47.770143
45179_0160_00007;7;;Rue de la Fontaine;45740;45179;Lailly-en-Val;;;1.686994;47.770945
45179_0434_00204;204;;Chemin du Sabot;45740;45179;Lailly-en-Val;;;1.693433;47.767344
45179_0460_00016;16;;Rue de la Trépinière;45740;45179;Lailly-en-Val;;;1.671011;47.757487
45179_0400_00071;71;;Route d'Orléans;45740;45179;Lailly-en-Val;;;1.700624;47.777717
45179_0380_00054;54;;Rue de monçay;45740;45179;Lailly-en-Val;;;1.712103;47.748847
45179_0086_00005;5;;Allée des Brémailles;45740;45179;Lailly-en-Val;;;1.686433;47.76382
45179_0460_00058;58;;Rue de la Trépinière;45740;45179;Lailly-en-Val;;;1.665051;47.753627
45179_0439_00021;21;;Route de Sologne;45740;45179;Lailly-en-Val;;;1.69803;47.769394
45179_0460_00015;15;;Rue de la Trépinière;45740;45179;Lailly-en-Val;;;1.671008;47.757393
45179_0439_00013;13;;Route de Sologne;45740;45179;Lailly-en-Val;;;1.696423;47.770374
45179_0360_00007;7;;Chemin de Mévault;45740;45179;Lailly-en-Val;;;1.679793;47.760134
45179_0403_00016;16;;Chemin du Peliau;45740;45179;Lailly-en-Val;;;1.684539;47.76213
