id;numero;rep;nom_voie;code_postal;code_insee;nom_commune;nom_ancienne_commune;nom_ld;lon;lat
49292_0057_00007;7;;Rue de la Coudraye;49750;49292;Val-du-Layon;Saint-Lambert-du-Lattay;;-0.633211;47.300094
49292_8ieq4u_00001;1;;Rue des Louetteries;49190;49292;Val-du-Layon;Saint-Aubin-de-Luigné;;-0.667158;47.328209
49292_0742_00012;12;;Rue des Saunerettes;49190;49292;Val-du-Layon;Saint-Aubin-de-Luigné;;-0.662466;47.32565
49292_8ieq4u_00009;9;;Rue des Louetteries;49190;49292;Val-du-Layon;Saint-Aubin-de-Luigné;;-0.666213;47.329278
49292_3wucgw_00003;3;;Chemin de la Haute Guerche;49190;49292;Val-du-Layon;Saint-Aubin-de-Luigné;;-0.682222;47.321331
49292_ude182_00005_a;5;A;les Barres;49190;49292;Val-du-Layon;Saint-Aubin-de-Luigné;;-0.680963;47.33388
49292_0113_00001_bis;1;Bis;Rue de la Petite Dousarde;49750;49292;Val-du-Layon;Saint-Lambert-du-Lattay;;-0.641604;47.300268
49292_8ieq4u_00015_bis;15;Bis;Rue des Louetteries;49190;49292;Val-du-Layon;Saint-Aubin-de-Luigné;;-0.66523;47.32977
49292_0043_00006;6;;Rue des Ceps;49750;49292;Val-du-Layon;Saint-Lambert-du-Lattay;;-0.63498;47.304808
49292_0120_00017;17;;Rue Rabelais;49750;49292;Val-du-Layon;Saint-Lambert-du-Lattay;;-0.634834;47.301944
49292_0130_00002;2;;Rue Saint-Vincent;49750;49292;Val-du-Layon;Saint-Lambert-du-Lattay;;-0.631428;47.303354
49292_94ylro_00011;11;;la Gauterie;49750;49292;Val-du-Layon;Saint-Lambert-du-Lattay;;-0.638795;47.314875
49292_f9mjhg_00001;1;;la Sablère;49190;49292;Val-du-Layon;Saint-Aubin-de-Luigné;;-0.676897;47.332753
49292_0200_00017;17;;Rue des Cormiers;49750;49292;Val-du-Layon;Saint-Lambert-du-Lattay;;-0.642785;47.305001
49292_0132_00004;4;;Rue des Sauvins;49750;49292;Val-du-Layon;Saint-Lambert-du-Lattay;;-0.633844;47.305041
49292_0093_00001;1;;Rue des Mésanges;49750;49292;Val-du-Layon;Saint-Lambert-du-Lattay;;-0.653379;47.299204
49292_0746_00006;6;;Rue du Jardin;49190;49292;Val-du-Layon;Saint-Aubin-de-Luigné;;-0.663973;47.326399
49292_0723_00002;2;;Rue des Roitelets;49750;49292;Val-du-Layon;Saint-Lambert-du-Lattay;;-0.653752;47.298583
49292_l1y6tn_03554;3554;;Route des Hauts de Chaume;49190;49292;Val-du-Layon;Saint-Aubin-de-Luigné;;-0.652936;47.337057
49292_0108_00017;17;;Rue du Pont-Barré;49750;49292;Val-du-Layon;Saint-Lambert-du-Lattay;;-0.630251;47.302278
49292_0032_00052_a;52;A;Rue de la Belle Angevine;49750;49292;Val-du-Layon;Saint-Lambert-du-Lattay;;-0.635406;47.299
49292_b852_00001_a;1;A;Grande rue;49190;49292;Val-du-Layon;Saint-Aubin-de-Luigné;;-0.673119;47.331913
49292_0725_00034;34;;Rue du Canal de Monsieur;49190;49292;Val-du-Layon;Saint-Aubin-de-Luigné;;-0.667248;47.327284
49292_0761_00004;4;;Venelle des Mineurs;49190;49292;Val-du-Layon;Saint-Aubin-de-Luigné;;-0.693013;47.342302
49292_0758_00006;6;;Chemin des Treize Vents;49190;49292;Val-du-Layon;Saint-Aubin-de-Luigné;;-0.655968;47.33185
49292_dqgb4w_00006;6;;Chemin de la Guiberdière;49190;49292;Val-du-Layon;Saint-Aubin-de-Luigné;;-0.673258;47.302288
49292_0725_00054;54;;Rue du Canal de Monsieur;49190;49292;Val-du-Layon;Saint-Aubin-de-Luigné;;-0.666071;47.326412
49292_b888_00004;4;;le Petit Beauvais;49190;49292;Val-du-Layon;Saint-Aubin-de-Luigné;;-0.66998;47.335784
49292_0747_00001;1;;Rue des Grands Vaux;49190;49292;Val-du-Layon;Saint-Aubin-de-Luigné;;-0.665664;47.328105
49292_0754_00023;23;;Rue de Chantemerle;49190;49292;Val-du-Layon;Saint-Aubin-de-Luigné;;-0.663041;47.327424
49292_b209_00005;5;;le Coin de l'Hyrôme;49750;49292;Val-du-Layon;Saint-Lambert-du-Lattay;;-0.611486;47.305777
49292_0742_00011;11;;Rue des Saunerettes;49190;49292;Val-du-Layon;Saint-Aubin-de-Luigné;;-0.662293;47.325502
49292_xy4vxq_00001;1;;la Vérollière;49750;49292;Val-du-Layon;Saint-Lambert-du-Lattay;;-0.606057;47.29954
49292_0096_00002_d;2;D;Allée des Myosotis;49750;49292;Val-du-Layon;Saint-Lambert-du-Lattay;;-0.644513;47.308974
49292_0733_00022;22;;Rue Jean de Pontoise;49190;49292;Val-du-Layon;Saint-Aubin-de-Luigné;;-0.674085;47.328403
49292_0758_00003;3;;Chemin des Treize Vents;49190;49292;Val-du-Layon;Saint-Aubin-de-Luigné;;-0.656291;47.331319
49292_0108_00023;23;;Rue du Pont-Barré;49750;49292;Val-du-Layon;Saint-Lambert-du-Lattay;;-0.629534;47.302833
49292_0092_00018;18;;Rue Maurice Massignon;49750;49292;Val-du-Layon;Saint-Lambert-du-Lattay;;-0.632383;47.30254
49292_0742_00014;14;;Rue des Saunerettes;49190;49292;Val-du-Layon;Saint-Aubin-de-Luigné;;-0.662209;47.325542
49292_0092_00001;1;;Rue Maurice Massignon;49750;49292;Val-du-Layon;Saint-Lambert-du-Lattay;;-0.632473;47.302511
49292_0094_00015;15;;Allée des Muscaris;49750;49292;Val-du-Layon;Saint-Lambert-du-Lattay;;-0.648374;47.307877
49292_9q5plk_00001;1;;les Bruandières;49190;49292;Val-du-Layon;Saint-Aubin-de-Luigné;;-0.68748;47.33869
49292_0032_00036;36;;Rue de la Belle Angevine;49750;49292;Val-du-Layon;Saint-Lambert-du-Lattay;;-0.634091;47.300027
49292_0059_00004;4;;Allée des Eglantines;49750;49292;Val-du-Layon;Saint-Lambert-du-Lattay;;-0.643565;47.30735
49292_0052_00001;1;;Rue des Chevries;49750;49292;Val-du-Layon;Saint-Lambert-du-Lattay;;-0.640394;47.302139
49292_0758_00007;7;;Chemin des Treize Vents;49190;49292;Val-du-Layon;Saint-Aubin-de-Luigné;;-0.656043;47.331635
49292_0077_00007;7;;Rue de la Gagnerie;49750;49292;Val-du-Layon;Saint-Lambert-du-Lattay;;-0.634796;47.304452
49292_cz3qze_00001;1;;Bézigon;49750;49292;Val-du-Layon;Saint-Lambert-du-Lattay;;-0.630832;47.316044
49292_0752_00005;5;;Rue René Gasnier;49190;49292;Val-du-Layon;Saint-Aubin-de-Luigné;;-0.69423;47.342459
49292_0141_00002;2;;Rue des Tourterelles;49750;49292;Val-du-Layon;Saint-Lambert-du-Lattay;;-0.653727;47.298488
49292_8ieq4u_00019;19;;Rue des Louetteries;49190;49292;Val-du-Layon;Saint-Aubin-de-Luigné;;-0.664979;47.329651
49292_0108_00033;33;;Rue du Pont-Barré;49750;49292;Val-du-Layon;Saint-Lambert-du-Lattay;;-0.628138;47.303859
49292_0032_00042;42;;Rue de la Belle Angevine;49750;49292;Val-du-Layon;Saint-Lambert-du-Lattay;;-0.63444;47.299746
49292_0120_00038_ter;38;Ter;Rue Rabelais;49750;49292;Val-du-Layon;Saint-Lambert-du-Lattay;;-0.6387;47.302394
49292_0092_00016;16;;Rue Maurice Massignon;49750;49292;Val-du-Layon;Saint-Lambert-du-Lattay;;-0.632287;47.302512
49292_0059_00014;14;;Allée des Eglantines;49750;49292;Val-du-Layon;Saint-Lambert-du-Lattay;;-0.644848;47.308025
49292_epg5p5_00007;7;;la Musse;49750;49292;Val-du-Layon;Saint-Lambert-du-Lattay;;-0.658649;47.293364
49292_0040_00011;11;;Place du Cardinal Luçon;49750;49292;Val-du-Layon;Saint-Lambert-du-Lattay;;-0.631612;47.302063
49292_w1ki9t_00009;9;;les Hardières;49750;49292;Val-du-Layon;Saint-Lambert-du-Lattay;;-0.653849;47.306278
49292_0055_00003;3;;Allée des Coquelicots;49750;49292;Val-du-Layon;Saint-Lambert-du-Lattay;;-0.64193;47.307823
49292_vp3lx8_00002;2;;le Vaux Robert;49750;49292;Val-du-Layon;Saint-Lambert-du-Lattay;;-0.631731;47.297176
49292_0032_00010;10;;Rue de la Belle Angevine;49750;49292;Val-du-Layon;Saint-Lambert-du-Lattay;;-0.632715;47.301132
49292_0725_00068_bis;68;Bis;Rue du Canal de Monsieur;49190;49292;Val-du-Layon;Saint-Aubin-de-Luigné;;-0.664531;47.325804
49292_0724_00004;4;;Route de Bellevue;49190;49292;Val-du-Layon;Saint-Aubin-de-Luigné;;-0.662998;47.325249
49292_0120_00031;31;;Rue Rabelais;49750;49292;Val-du-Layon;Saint-Lambert-du-Lattay;;-0.637766;47.302202
49292_0063_00003;3;;Rue des Erables;49750;49292;Val-du-Layon;Saint-Lambert-du-Lattay;;-0.644399;47.304156
49292_0155_00013;13;;Rue des Varennes;49750;49292;Val-du-Layon;Saint-Lambert-du-Lattay;;-0.638796;47.304068
49292_0738_00001;1;;Rue du Paradis;49190;49292;Val-du-Layon;Saint-Aubin-de-Luigné;;-0.664614;47.326744
49292_5r1qnr_00001;1;;le Layon;49750;49292;Val-du-Layon;Saint-Lambert-du-Lattay;;-0.63836;47.316069
49292_b857_00005;5;;la Haute Orière;49190;49292;Val-du-Layon;Saint-Aubin-de-Luigné;;-0.687314;47.298008
49292_8ieq4u_00011;11;;Rue des Louetteries;49190;49292;Val-du-Layon;Saint-Aubin-de-Luigné;;-0.666026;47.329651
49292_gxsl9s_00003;3;;Rue de la Deripée;49190;49292;Val-du-Layon;Saint-Aubin-de-Luigné;;-0.692686;47.343391
49292_0034_00016;16;;Rue du Bon Repos;49750;49292;Val-du-Layon;Saint-Lambert-du-Lattay;;-0.631435;47.3055
49292_0747_00006;6;;Rue des Grands Vaux;49190;49292;Val-du-Layon;Saint-Aubin-de-Luigné;;-0.665137;47.327987
49292_0250_00009_bis;9;Bis;Rue des Frênes;49750;49292;Val-du-Layon;Saint-Lambert-du-Lattay;;-0.641441;47.305425
49292_8ieq4u_00021;21;;Rue des Louetteries;49190;49292;Val-du-Layon;Saint-Aubin-de-Luigné;;-0.665348;47.330253
49292_0748_00001;1;;Rue du Rocher;49190;49292;Val-du-Layon;Saint-Aubin-de-Luigné;;-0.663798;47.32333
49292_0086_00008;8;;Rue du Layon;49750;49292;Val-du-Layon;Saint-Lambert-du-Lattay;;-0.636649;47.304977
49292_0114_00019;19;;Rue des Quatre Chemins;49750;49292;Val-du-Layon;Saint-Lambert-du-Lattay;;-0.636111;47.305946
49292_cz3qze_00002;2;;Bézigon;49750;49292;Val-du-Layon;Saint-Lambert-du-Lattay;;-0.631364;47.31597
49292_rb4xcg_00005;5;;la Chasnière;49750;49292;Val-du-Layon;Saint-Lambert-du-Lattay;;-0.641446;47.281806
49292_0108_00024;24;;Rue du Pont-Barré;49750;49292;Val-du-Layon;Saint-Lambert-du-Lattay;;-0.628913;47.303055
49292_0766_00004;4;;Route de la Corniche Angevine;49190;49292;Val-du-Layon;Saint-Aubin-de-Luigné;;-0.692718;47.342238
49292_0739_00007;7;;Rue du Père Girault;49190;49292;Val-du-Layon;Saint-Aubin-de-Luigné;;-0.663721;47.323239
49292_0034_00006;6;;Rue du Bon Repos;49750;49292;Val-du-Layon;Saint-Lambert-du-Lattay;;-0.632405;47.3038
49292_0033_00002;2;;Allée des Bleuets;49750;49292;Val-du-Layon;Saint-Lambert-du-Lattay;;-0.643634;47.309154
49292_0032_00037;37;;Rue de la Belle Angevine;49750;49292;Val-du-Layon;Saint-Lambert-du-Lattay;;-0.634469;47.299518
49292_0754_00020;20;;Rue de Chantemerle;49190;49292;Val-du-Layon;Saint-Aubin-de-Luigné;;-0.664655;47.328545
49292_0114_00010;10;;Rue des Quatre Chemins;49750;49292;Val-du-Layon;Saint-Lambert-du-Lattay;;-0.634795;47.306033
49292_0762_00002;2;;Chemin des Roseraies;49190;49292;Val-du-Layon;Saint-Aubin-de-Luigné;;-0.694794;47.341583
49292_nw9wgy_00001;1;;la Turpinière;49190;49292;Val-du-Layon;Saint-Aubin-de-Luigné;;-0.689881;47.313686
49292_0119_00002;2;;Chemin de la Prée;49750;49292;Val-du-Layon;Saint-Lambert-du-Lattay;;-0.641654;47.295409
49292_0100_00028;28;;Rue Pasteur;49750;49292;Val-du-Layon;Saint-Lambert-du-Lattay;;-0.637248;47.304745
49292_0132_00025;25;;Rue des Sauvins;49750;49292;Val-du-Layon;Saint-Lambert-du-Lattay;;-0.634117;47.305724
49292_0727_00005_bis;5;Bis;Rue des Coteaux;49190;49292;Val-du-Layon;Saint-Aubin-de-Luigné;;-0.66925;47.330384
49292_0063_00010;10;;Rue des Erables;49750;49292;Val-du-Layon;Saint-Lambert-du-Lattay;;-0.644557;47.303943
49292_ude182_00008;8;;les Barres;49190;49292;Val-du-Layon;Saint-Aubin-de-Luigné;;-0.682184;47.333846
49292_0766_00001;1;;Route de la Corniche Angevine;49190;49292;Val-du-Layon;Saint-Aubin-de-Luigné;;-0.692617;47.342174
49292_dqgb4w_00003;3;;Chemin de la Guiberdière;49750;49292;Val-du-Layon;Saint-Aubin-de-Luigné;;-0.67554;47.300845
49292_w1ki9t_00012;12;;les Hardières;49750;49292;Val-du-Layon;Saint-Lambert-du-Lattay;;-0.653076;47.307605
49292_0077_00008;8;;Rue de la Gagnerie;49750;49292;Val-du-Layon;Saint-Lambert-du-Lattay;;-0.634626;47.304385
49292_44e9g3_00003;3;;Rue de la Fontaine des Sarrazins;49750;49292;Val-du-Layon;Saint-Lambert-du-Lattay;;-0.631696;47.301174
49292_0754_00003;3;;Rue de Chantemerle;49190;49292;Val-du-Layon;Saint-Aubin-de-Luigné;;-0.665091;47.32857
49292_0100_00024;24;;Rue Pasteur;49750;49292;Val-du-Layon;Saint-Lambert-du-Lattay;;-0.636389;47.304313
49292_0097_00006;6;;Allée de l'Orangerie;49750;49292;Val-du-Layon;Saint-Lambert-du-Lattay;;-0.632621;47.300203
49292_0032_00003;3;;Rue de la Belle Angevine;49750;49292;Val-du-Layon;Saint-Lambert-du-Lattay;;-0.632273;47.301331
49292_0il228_00010;10;;Route de Rablay;49750;49292;Val-du-Layon;Saint-Lambert-du-Lattay;;-0.625213;47.303701
49292_0728_00009_e;9;E;Place de l'Eglise;49190;49292;Val-du-Layon;Saint-Aubin-de-Luigné;;-0.671043;47.329577
49292_0767_00009;9;;Rue des Basses Saunerettes;49190;49292;Val-du-Layon;Saint-Aubin-de-Luigné;;-0.661691;47.326284
49292_0736_00001_bis;1;Bis;Chemin des Meuniers;49190;49292;Val-du-Layon;Saint-Aubin-de-Luigné;;-0.663762;47.325694
49292_0100_00032;32;;Rue Pasteur;49750;49292;Val-du-Layon;Saint-Lambert-du-Lattay;;-0.637556;47.304887
49292_0050_00020;20;;Rue des Chesnaies;49750;49292;Val-du-Layon;Saint-Lambert-du-Lattay;;-0.629857;47.306348
49292_0130_00040;40;;Rue Saint-Vincent;49750;49292;Val-du-Layon;Saint-Lambert-du-Lattay;;-0.628012;47.304474
49292_0032_00034;34;;Rue de la Belle Angevine;49750;49292;Val-du-Layon;Saint-Lambert-du-Lattay;;-0.634061;47.300047
49292_0725_00004;4;;Rue du Canal de Monsieur;49190;49292;Val-du-Layon;Saint-Aubin-de-Luigné;;-0.669859;47.328727
49292_vrfukj_00002;2;;la Gourdinière;49190;49292;Val-du-Layon;Saint-Aubin-de-Luigné;;-0.686535;47.344966
49292_0733_00002_bis;2;Bis;Rue Jean de Pontoise;49190;49292;Val-du-Layon;Saint-Aubin-de-Luigné;;-0.670635;47.328677
49292_0744_00001;1;;Impasse de la Poste;49190;49292;Val-du-Layon;Saint-Aubin-de-Luigné;;-0.666003;47.326634
49292_0108_00026;26;;Rue du Pont-Barré;49750;49292;Val-du-Layon;Saint-Lambert-du-Lattay;;-0.628743;47.303174
49292_0077_00004_bis;4;Bis;Rue de la Gagnerie;49750;49292;Val-du-Layon;Saint-Lambert-du-Lattay;;-0.634851;47.303972
49292_0754_00005;5;;Rue de Chantemerle;49190;49292;Val-du-Layon;Saint-Aubin-de-Luigné;;-0.664829;47.328498
49292_0045_00008_bis;8;Bis;Rue de la Chauvière;49750;49292;Val-du-Layon;Saint-Lambert-du-Lattay;;-0.624628;47.305002
49292_0120_00036;36;;Rue Rabelais;49750;49292;Val-du-Layon;Saint-Lambert-du-Lattay;;-0.637012;47.302237
49292_0740_00002;2;;Place du Pont;49190;49292;Val-du-Layon;Saint-Aubin-de-Luigné;;-0.66412;47.324957
49292_0142_00003_bis;3;Bis;Rue de la Treille;49750;49292;Val-du-Layon;Saint-Lambert-du-Lattay;;-0.633338;47.301402
49292_0032_00009;9;;Rue de la Belle Angevine;49750;49292;Val-du-Layon;Saint-Lambert-du-Lattay;;-0.632402;47.301187
49292_0055_00001;1;;Allée des Coquelicots;49750;49292;Val-du-Layon;Saint-Lambert-du-Lattay;;-0.642873;47.306955
49292_0057_00015;15;;Rue de la Coudraye;49750;49292;Val-du-Layon;Saint-Lambert-du-Lattay;;-0.632307;47.299915
49292_b888_00005;5;;le Petit Beauvais;49190;49292;Val-du-Layon;Saint-Aubin-de-Luigné;;-0.669533;47.335309
49292_0751_00003;3;;Rue de la Saulaie;49190;49292;Val-du-Layon;Saint-Aubin-de-Luigné;;-0.663151;47.321687
49292_0754_00021;21;;Rue de Chantemerle;49190;49292;Val-du-Layon;Saint-Aubin-de-Luigné;;-0.663397;47.327525
49292_0120_00022;22;;Rue Rabelais;49750;49292;Val-du-Layon;Saint-Lambert-du-Lattay;;-0.63436;47.301995
49292_0061_00002;2;;Chemin des Denezeries;49750;49292;Val-du-Layon;Saint-Lambert-du-Lattay;;-0.641636;47.294593
49292_0108_00005;5;;Rue du Pont-Barré;49750;49292;Val-du-Layon;Saint-Lambert-du-Lattay;;-0.630792;47.302134
49292_0115_00010;10;;Rue du Petit Chesneau;49750;49292;Val-du-Layon;Saint-Lambert-du-Lattay;;-0.643571;47.299407
49292_0108_00002;2;;Rue du Pont-Barré;49750;49292;Val-du-Layon;Saint-Lambert-du-Lattay;;-0.631365;47.301986
49292_0748_00009;9;;Rue du Rocher;49190;49292;Val-du-Layon;Saint-Aubin-de-Luigné;;-0.664597;47.322158
49292_0761_00008;8;;Venelle des Mineurs;49190;49292;Val-du-Layon;Saint-Aubin-de-Luigné;;-0.693147;47.342907
49292_0076_00007;7;;Rue des Hirondelles;49750;49292;Val-du-Layon;Saint-Lambert-du-Lattay;;-0.655225;47.300448
49292_0094_00004;4;;Allée des Muscaris;49750;49292;Val-du-Layon;Saint-Lambert-du-Lattay;;-0.647689;47.307763
49292_0728_00008;8;;Place de l'Eglise;49190;49292;Val-du-Layon;Saint-Aubin-de-Luigné;;-0.669878;47.329287
49292_0032_00064;64;;Rue de la Belle Angevine;49750;49292;Val-du-Layon;Saint-Lambert-du-Lattay;;-0.636484;47.298115
49292_0025_00001;1;;Allée de la Beaumette;49750;49292;Val-du-Layon;Saint-Lambert-du-Lattay;;-0.645802;47.309801
49292_0105_00005;5;;Allée des Plantes;49750;49292;Val-du-Layon;Saint-Lambert-du-Lattay;;-0.632154;47.300253
49292_0725_00047;47;;Rue du Canal de Monsieur;49190;49292;Val-du-Layon;Saint-Aubin-de-Luigné;;-0.665052;47.325504
49292_0725_00007;7;;Rue du Canal de Monsieur;49190;49292;Val-du-Layon;Saint-Aubin-de-Luigné;;-0.6692;47.328367
49292_0090_00001;1;;Rue du Maréchal Soyer;49750;49292;Val-du-Layon;Saint-Lambert-du-Lattay;;-0.631474;47.301924
49292_nc4pkb_00004;4;;Chemin de la Bergerie;49190;49292;Val-du-Layon;Saint-Aubin-de-Luigné;;-0.666339;47.321169
49292_0033_00005;5;;Allée des Bleuets;49750;49292;Val-du-Layon;Saint-Lambert-du-Lattay;;-0.644065;47.309356
49292_0738_00009;9;;Rue du Paradis;49190;49292;Val-du-Layon;Saint-Aubin-de-Luigné;;-0.664127;47.326865
49292_0081_00010;10;;Rue Jean Tissot;49750;49292;Val-du-Layon;Saint-Lambert-du-Lattay;;-0.636042;47.303399
49292_0120_00010;10;;Rue Rabelais;49750;49292;Val-du-Layon;Saint-Lambert-du-Lattay;;-0.632962;47.301871
49292_b408_00001;1;;le Moulin Cassé;49750;49292;Val-du-Layon;Saint-Lambert-du-Lattay;;-0.613611;47.306829
49292_0095_00004;4;;Chemin des Moulins;49750;49292;Val-du-Layon;Saint-Lambert-du-Lattay;;-0.640978;47.290991
49292_0086_00017;17;;Rue du Layon;49750;49292;Val-du-Layon;Saint-Lambert-du-Lattay;;-0.636027;47.30509
49292_oboo4l_00001;1;;les Bohues;49750;49292;Val-du-Layon;Saint-Lambert-du-Lattay;;-0.648174;47.286531
49292_0108_00036;36;;Rue du Pont-Barré;49750;49292;Val-du-Layon;Saint-Lambert-du-Lattay;;-0.627503;47.304006
49292_0132_00006_bis;6;Bis;Rue des Sauvins;49750;49292;Val-du-Layon;Saint-Lambert-du-Lattay;;-0.633906;47.305317
49292_0086_00007;7;;Rue du Layon;49750;49292;Val-du-Layon;Saint-Lambert-du-Lattay;;-0.636466;47.305283
49292_0733_00001;1;;Rue Jean de Pontoise;49190;49292;Val-du-Layon;Saint-Aubin-de-Luigné;;-0.671063;47.328374
49292_0098_00003;3;;Rue de la Noiraie;49750;49292;Val-du-Layon;Saint-Lambert-du-Lattay;;-0.63391;47.302641
49292_0030_00016;16;;Rue du Bellay;49750;49292;Val-du-Layon;Saint-Lambert-du-Lattay;;-0.640024;47.301758
49292_0741_00007;7;;Rue de Roule Cul;49190;49292;Val-du-Layon;Saint-Aubin-de-Luigné;;-0.670432;47.330549
49292_0120_00037;37;;Rue Rabelais;49750;49292;Val-du-Layon;Saint-Lambert-du-Lattay;;-0.638895;47.302307
49292_0096_00006;6;;Allée des Myosotis;49750;49292;Val-du-Layon;Saint-Lambert-du-Lattay;;-0.643114;47.308005
49292_0114_00004;4;;Rue des Quatre Chemins;49750;49292;Val-du-Layon;Saint-Lambert-du-Lattay;;-0.63442;47.306077
49292_0108_00011;11;;Rue du Pont-Barré;49750;49292;Val-du-Layon;Saint-Lambert-du-Lattay;;-0.630545;47.302161
49292_0760_00006;6;;Promenade Alfred de Musset;49190;49292;Val-du-Layon;Saint-Aubin-de-Luigné;;-0.695362;47.343423
49292_3wucgw_00004;4;;Chemin de la Haute Guerche;49190;49292;Val-du-Layon;Saint-Aubin-de-Luigné;;-0.677204;47.317491
49292_0742_00009;9;;Rue des Saunerettes;49190;49292;Val-du-Layon;Saint-Aubin-de-Luigné;;-0.662438;47.325564
49292_0728_00003;3;;Place de l'Eglise;49190;49292;Val-du-Layon;Saint-Aubin-de-Luigné;;-0.670072;47.328895
49292_0096_00007;7;;Allée des Myosotis;49750;49292;Val-du-Layon;Saint-Lambert-du-Lattay;;-0.64442;47.30939
49292_0109_00004;4;;Allée des Primevères;49750;49292;Val-du-Layon;Saint-Lambert-du-Lattay;;-0.643276;47.308862
49292_0100_00003;3;;Rue Pasteur;49750;49292;Val-du-Layon;Saint-Lambert-du-Lattay;;-0.633451;47.302918
49292_0117_00001;1;;Chemin des Petites Tailles;49750;49292;Val-du-Layon;Saint-Lambert-du-Lattay;;-0.641563;47.294464
49292_0040_00009;9;;Place du Cardinal Luçon;49750;49292;Val-du-Layon;Saint-Lambert-du-Lattay;;-0.631764;47.302055
49292_0108_00022;22;;Rue du Pont-Barré;49750;49292;Val-du-Layon;Saint-Lambert-du-Lattay;;-0.62922;47.302848
49292_94ylro_00007;7;;la Gauterie;49750;49292;Val-du-Layon;Saint-Lambert-du-Lattay;;-0.639274;47.313867
49292_0725_00006;6;;Rue du Canal de Monsieur;49190;49292;Val-du-Layon;Saint-Aubin-de-Luigné;;-0.669573;47.328632
49292_0036_00001;1;;Rue des Bonnes Blanches;49750;49292;Val-du-Layon;Saint-Lambert-du-Lattay;;-0.632269;47.302043
49292_0077_00010;10;;Rue de la Gagnerie;49750;49292;Val-du-Layon;Saint-Lambert-du-Lattay;;-0.634374;47.304455
49292_0153_00007;7;;Allée des Vignes;49750;49292;Val-du-Layon;Saint-Lambert-du-Lattay;;-0.634758;47.305237
49292_0059_00010;10;;Allée des Eglantines;49750;49292;Val-du-Layon;Saint-Lambert-du-Lattay;;-0.644389;47.307834
49292_0120_00048;48;;Rue Rabelais;49750;49292;Val-du-Layon;Saint-Lambert-du-Lattay;;-0.639258;47.302443
49292_0725_00024;24;;Rue du Canal de Monsieur;49190;49292;Val-du-Layon;Saint-Aubin-de-Luigné;;-0.66793;47.327811
49292_0045_00017;17;;Rue de la Chauvière;49750;49292;Val-du-Layon;Saint-Lambert-du-Lattay;;-0.624443;47.306297
49292_8ieq4u_00004;4;;Rue des Louetteries;49190;49292;Val-du-Layon;Saint-Aubin-de-Luigné;;-0.666663;47.328881
49292_0096_00002_c;2;C;Allée des Myosotis;49750;49292;Val-du-Layon;Saint-Lambert-du-Lattay;;-0.644528;47.309081
49292_gxsl9s_00006;6;;Rue de la Deripée;49190;49292;Val-du-Layon;Saint-Aubin-de-Luigné;;-0.692739;47.342981
49292_0025_00007;7;;Allée de la Beaumette;49750;49292;Val-du-Layon;Saint-Lambert-du-Lattay;;-0.647722;47.311994
49292_0045_00010;10;;Rue de la Chauvière;49750;49292;Val-du-Layon;Saint-Lambert-du-Lattay;;-0.624992;47.305722
49292_94ylro_00012;12;;la Gauterie;49750;49292;Val-du-Layon;Saint-Lambert-du-Lattay;;-0.639149;47.313938
49292_8ieq4u_00013;13;;Rue des Louetteries;49190;49292;Val-du-Layon;Saint-Aubin-de-Luigné;;-0.665905;47.329882
49292_0040_00001_bis;1;Bis;Place du Cardinal Luçon;49750;49292;Val-du-Layon;Saint-Lambert-du-Lattay;;-0.632268;47.301955
49292_0742_00007;7;;Rue des Saunerettes;49190;49292;Val-du-Layon;Saint-Aubin-de-Luigné;;-0.66271;47.325674
49292_0153_00009;9;;Allée des Vignes;49750;49292;Val-du-Layon;Saint-Lambert-du-Lattay;;-0.634813;47.305213
49292_w1ki9t_00007;7;;les Hardières;49750;49292;Val-du-Layon;Saint-Lambert-du-Lattay;;-0.652977;47.306646
49292_0092_00008;8;;Rue Maurice Massignon;49750;49292;Val-du-Layon;Saint-Lambert-du-Lattay;;-0.631489;47.30242
49292_0078_00002_bis;2;Bis;Chemin des Grandes Tailles;49750;49292;Val-du-Layon;Saint-Lambert-du-Lattay;;-0.641175;47.293811
49292_0725_00011;11;;Rue du Canal de Monsieur;49190;49292;Val-du-Layon;Saint-Aubin-de-Luigné;;-0.668897;47.328221
49292_0098_00002;2;;Rue de la Noiraie;49750;49292;Val-du-Layon;Saint-Lambert-du-Lattay;;-0.634335;47.302804
49292_0059_00009_bis;9;Bis;Allée des Eglantines;49750;49292;Val-du-Layon;Saint-Lambert-du-Lattay;;-0.644715;47.307871
49292_0759_00004;4;;Square de Chantemerle;49190;49292;Val-du-Layon;Saint-Aubin-de-Luigné;;-0.663106;47.327978
49292_0059_00001;1;;Allée des Eglantines;49750;49292;Val-du-Layon;Saint-Lambert-du-Lattay;;-0.643106;47.306869
49292_0752_00009;9;;Rue René Gasnier;49190;49292;Val-du-Layon;Saint-Aubin-de-Luigné;;-0.694602;47.343736
49292_b673_00001;1;;Sainte Foy;49750;49292;Val-du-Layon;Saint-Lambert-du-Lattay;;-0.670703;47.29145
49292_0725_00044;44;;Rue du Canal de Monsieur;49190;49292;Val-du-Layon;Saint-Aubin-de-Luigné;;-0.666414;47.32663
49292_0739_00009;9;;Rue du Père Girault;49190;49292;Val-du-Layon;Saint-Aubin-de-Luigné;;-0.663011;47.32299
49292_0036_00011;11;;Rue des Bonnes Blanches;49750;49292;Val-du-Layon;Saint-Lambert-du-Lattay;;-0.63229;47.302363
49292_0748_00010;10;;Rue du Rocher;49190;49292;Val-du-Layon;Saint-Aubin-de-Luigné;;-0.664508;47.322128
49292_0117_00009;9;;Chemin des Petites Tailles;49750;49292;Val-du-Layon;Saint-Lambert-du-Lattay;;-0.643023;47.296213
49292_0116_00005;5;;Impasse du Petit Puits;49750;49292;Val-du-Layon;Saint-Lambert-du-Lattay;;-0.642317;47.299663
49292_0767_00011;11;;Rue des Basses Saunerettes;49190;49292;Val-du-Layon;Saint-Aubin-de-Luigné;;-0.661476;47.326165
49292_w82cde_00004;4;;Chemin de la Fresnaye;49190;49292;Val-du-Layon;Saint-Aubin-de-Luigné;;-0.664927;47.307252
49292_0045_00001_bis;1;Bis;Rue de la Chauvière;49750;49292;Val-du-Layon;Saint-Lambert-du-Lattay;;-0.626832;47.304681
49292_0766_00002;2;;Route de la Corniche Angevine;49190;49292;Val-du-Layon;Saint-Aubin-de-Luigné;;-0.692899;47.342087
49292_0748_00011;11;;Rue du Rocher;49190;49292;Val-du-Layon;Saint-Aubin-de-Luigné;;-0.664845;47.321908
49292_0732_00002;2;;Rue de la Herse;49190;49292;Val-du-Layon;Saint-Aubin-de-Luigné;;-0.667432;47.328693
49292_0130_00015;15;;Rue Saint-Vincent;49750;49292;Val-du-Layon;Saint-Lambert-du-Lattay;;-0.629368;47.305289
49292_0092_00014_bis;14;Bis;Rue Maurice Massignon;49750;49292;Val-du-Layon;Saint-Lambert-du-Lattay;;-0.632192;47.302493
49292_0738_00002_ter;2;Ter;Rue du Paradis;49190;49292;Val-du-Layon;Saint-Aubin-de-Luigné;;-0.665481;47.326547
49292_0100_00030;30;;Rue Pasteur;49750;49292;Val-du-Layon;Saint-Lambert-du-Lattay;;-0.637517;47.304869
49292_0046_00006;6;;Chemin de Chanteloup;49750;49292;Val-du-Layon;Saint-Lambert-du-Lattay;;-0.644025;47.289755
49292_0100_00002_bis;2;Bis;Rue Pasteur;49750;49292;Val-du-Layon;Saint-Lambert-du-Lattay;;-0.634072;47.303103
49292_0200_00012;12;;Rue des Cormiers;49750;49292;Val-du-Layon;Saint-Lambert-du-Lattay;;-0.642646;47.305037
49292_0120_00043;43;;Rue Rabelais;49750;49292;Val-du-Layon;Saint-Lambert-du-Lattay;;-0.639773;47.302377
49292_5hv0y3_00001;1;;Allée du Honchereau;49750;49292;Val-du-Layon;Saint-Lambert-du-Lattay;;-0.628062;47.305045
49292_0748_00008;8;;Rue du Rocher;49190;49292;Val-du-Layon;Saint-Aubin-de-Luigné;;-0.664092;47.322736
49292_0114_00029;29;;Rue des Quatre Chemins;49750;49292;Val-du-Layon;Saint-Lambert-du-Lattay;;-0.636796;47.305975
49292_xradm9_00002;2;;Valette;49190;49292;Val-du-Layon;Saint-Aubin-de-Luigné;;-0.682438;47.32669
49292_0050_00004;4;;Rue des Chesnaies;49750;49292;Val-du-Layon;Saint-Lambert-du-Lattay;;-0.627896;47.305615
49292_0748_00004;4;;Rue du Rocher;49190;49292;Val-du-Layon;Saint-Aubin-de-Luigné;;-0.66381;47.322952
49292_0034_00015;15;;Rue du Bon Repos;49750;49292;Val-du-Layon;Saint-Lambert-du-Lattay;;-0.631917;47.304764
49292_0078_00006;6;;Chemin des Grandes Tailles;49750;49292;Val-du-Layon;Saint-Lambert-du-Lattay;;-0.641517;47.291566
49292_0063_00006;6;;Rue des Erables;49750;49292;Val-du-Layon;Saint-Lambert-du-Lattay;;-0.644945;47.304021
49292_0745_00002;2;;Chemin des Chesnaies;49190;49292;Val-du-Layon;Saint-Aubin-de-Luigné;;-0.66192;47.325543
49292_b673_00007;7;;Sainte Foy;49750;49292;Val-du-Layon;Saint-Lambert-du-Lattay;;-0.672309;47.291991
49292_0200_00019;19;;Rue des Cormiers;49750;49292;Val-du-Layon;Saint-Lambert-du-Lattay;;-0.643133;47.30516
49292_0078_00012;12;;Chemin des Grandes Tailles;49750;49292;Val-du-Layon;Saint-Lambert-du-Lattay;;-0.643153;47.290807
49292_0108_00003;3;;Rue du Pont-Barré;49750;49292;Val-du-Layon;Saint-Lambert-du-Lattay;;-0.630849;47.302129
49292_0114_00009;9;;Rue des Quatre Chemins;49750;49292;Val-du-Layon;Saint-Lambert-du-Lattay;;-0.635282;47.305898
49292_0100_00034;34;;Rue Pasteur;49750;49292;Val-du-Layon;Saint-Lambert-du-Lattay;;-0.638672;47.305292
49292_0034_00005;5;;Rue du Bon Repos;49750;49292;Val-du-Layon;Saint-Lambert-du-Lattay;;-0.632721;47.303126
49292_0043_00012;12;;Rue des Ceps;49750;49292;Val-du-Layon;Saint-Lambert-du-Lattay;;-0.635571;47.3049
49292_0732_00003;3;;Rue de la Herse;49190;49292;Val-du-Layon;Saint-Aubin-de-Luigné;;-0.667594;47.328544
49292_0745_00003;3;;Chemin des Chesnaies;49190;49292;Val-du-Layon;Saint-Aubin-de-Luigné;;-0.661755;47.325559
49292_0030_00010;10;;Rue du Bellay;49750;49292;Val-du-Layon;Saint-Lambert-du-Lattay;;-0.639013;47.301912
49292_7g1p4c_00002;2;;Bretonneau;49750;49292;Val-du-Layon;Saint-Lambert-du-Lattay;;-0.628562;47.295027
49292_xradm9_00010;10;;Valette;49190;49292;Val-du-Layon;Saint-Aubin-de-Luigné;;-0.68513;47.327463
49292_0200_00002;2;;Rue des Cormiers;49750;49292;Val-du-Layon;Saint-Lambert-du-Lattay;;-0.641801;47.305168
49292_0032_00070;70;;Rue de la Belle Angevine;49750;49292;Val-du-Layon;Saint-Lambert-du-Lattay;;-0.637078;47.29765
49292_0114_00023;23;;Rue des Quatre Chemins;49750;49292;Val-du-Layon;Saint-Lambert-du-Lattay;;-0.636383;47.305951
49292_0100_00016;16;;Rue Pasteur;49750;49292;Val-du-Layon;Saint-Lambert-du-Lattay;;-0.635296;47.303667
49292_0102_00004;4;;Rue de Périnelle;49750;49292;Val-du-Layon;Saint-Lambert-du-Lattay;;-0.631543;47.301303
49292_0058_00012;12;;Rue de la Croix du Sacré;49750;49292;Val-du-Layon;Saint-Lambert-du-Lattay;;-0.637024;47.305816
49292_0740_00003;3;;Place du Pont;49190;49292;Val-du-Layon;Saint-Aubin-de-Luigné;;-0.663937;47.324924
49292_0098_00006;6;;Rue de la Noiraie;49750;49292;Val-du-Layon;Saint-Lambert-du-Lattay;;-0.634123;47.302622
49292_0142_00011_bis;11;Bis;Rue de la Treille;49750;49292;Val-du-Layon;Saint-Lambert-du-Lattay;;-0.633694;47.300831
49292_0730_00007;7;;Rue de la Gare;49190;49292;Val-du-Layon;Saint-Aubin-de-Luigné;;-0.666596;47.326249
49292_lv5z0y_00004;4;;Rue du Pavillon;49750;49292;Val-du-Layon;Saint-Aubin-de-Luigné;;-0.69097;47.34127
49292_0119_00001;1;;Chemin de la Prée;49750;49292;Val-du-Layon;Saint-Lambert-du-Lattay;;-0.641737;47.295439
49292_0758_00009;9;;Chemin des Treize Vents;49190;49292;Val-du-Layon;Saint-Aubin-de-Luigné;;-0.655539;47.332053
49292_dqgb4w_00001;1;;Chemin de la Guiberdière;49750;49292;Val-du-Layon;Saint-Aubin-de-Luigné;;-0.675574;47.300829
49292_0077_00012;12;;Rue de la Gagnerie;49750;49292;Val-du-Layon;Saint-Lambert-du-Lattay;;-0.634336;47.304469
49292_jpk13l_00002;2;;les Gâts;49750;49292;Val-du-Layon;Saint-Lambert-du-Lattay;;-0.664238;47.298834
49292_0731_00002;2;;Chemin de Girouard;49190;49292;Val-du-Layon;Saint-Aubin-de-Luigné;;-0.663358;47.324881
49292_0132_00009;9;;Rue des Sauvins;49750;49292;Val-du-Layon;Saint-Lambert-du-Lattay;;-0.633831;47.304312
49292_94ylro_00009;9;;la Gauterie;49750;49292;Val-du-Layon;Saint-Lambert-du-Lattay;;-0.639142;47.314245
49292_0063_00024;24;;Rue des Erables;49750;49292;Val-du-Layon;Saint-Lambert-du-Lattay;;-0.64376;47.304865
49292_0730_00001;1;;Rue de la Gare;49190;49292;Val-du-Layon;Saint-Aubin-de-Luigné;;-0.666752;47.326138
49292_0108_00019;19;;Rue du Pont-Barré;49750;49292;Val-du-Layon;Saint-Lambert-du-Lattay;;-0.6302;47.302361
49292_8dn4io_00001;1;;Place de l'Europe;49750;49292;Val-du-Layon;Saint-Lambert-du-Lattay;;-0.627351;47.30369
49292_0132_00013;13;;Rue des Sauvins;49750;49292;Val-du-Layon;Saint-Lambert-du-Lattay;;-0.633984;47.304954
49292_0108_00010;10;;Rue du Pont-Barré;49750;49292;Val-du-Layon;Saint-Lambert-du-Lattay;;-0.630486;47.302028
49292_0108_00020;20;;Rue du Pont-Barré;49750;49292;Val-du-Layon;Saint-Lambert-du-Lattay;;-0.629292;47.302801
49292_0749_00004;4;;Rue des Vignes;49190;49292;Val-du-Layon;Saint-Aubin-de-Luigné;;-0.664988;47.326905
49292_0050_00016;16;;Rue des Chesnaies;49750;49292;Val-du-Layon;Saint-Lambert-du-Lattay;;-0.629346;47.306133
49292_zlyb07_00005;5;;l'Aujardière;49750;49292;Val-du-Layon;Saint-Lambert-du-Lattay;;-0.659146;47.297593
49292_0050_00002_bis;2;Bis;Rue des Chesnaies;49750;49292;Val-du-Layon;Saint-Lambert-du-Lattay;;-0.627904;47.305573
49292_0742_00005;5;;Rue des Saunerettes;49190;49292;Val-du-Layon;Saint-Aubin-de-Luigné;;-0.66282;47.32572
49292_0032_00045;45;;Rue de la Belle Angevine;49750;49292;Val-du-Layon;Saint-Lambert-du-Lattay;;-0.637632;47.296975
49292_0100_00005;5;;Rue Pasteur;49750;49292;Val-du-Layon;Saint-Lambert-du-Lattay;;-0.63386;47.302982
49292_0752_00001;1;;Rue René Gasnier;49190;49292;Val-du-Layon;Saint-Aubin-de-Luigné;;-0.694068;47.342096
49292_0113_00001;1;;Rue de la Petite Dousarde;49750;49292;Val-du-Layon;Saint-Lambert-du-Lattay;;-0.641731;47.300367
49292_0032_00026;26;;Rue de la Belle Angevine;49750;49292;Val-du-Layon;Saint-Lambert-du-Lattay;;-0.633625;47.300402
49292_0046_00002_bis;2;Bis;Chemin de Chanteloup;49750;49292;Val-du-Layon;Saint-Lambert-du-Lattay;;-0.644669;47.289764
49292_0094_00013;13;;Allée des Muscaris;49750;49292;Val-du-Layon;Saint-Lambert-du-Lattay;;-0.647964;47.30777
49292_0758_00002_bis;2;Bis;Chemin des Treize Vents;49190;49292;Val-du-Layon;Saint-Aubin-de-Luigné;;-0.656478;47.331215
49292_0050_00012;12;;Rue des Chesnaies;49750;49292;Val-du-Layon;Saint-Lambert-du-Lattay;;-0.628813;47.306137
49292_0094_00009;9;;Allée des Muscaris;49750;49292;Val-du-Layon;Saint-Lambert-du-Lattay;;-0.647594;47.307328
49292_0059_00008;8;;Allée des Eglantines;49750;49292;Val-du-Layon;Saint-Lambert-du-Lattay;;-0.644166;47.307744
49292_0091_00002;2;;Chemin de la Martinière;49750;49292;Val-du-Layon;Saint-Lambert-du-Lattay;;-0.642912;47.290242
49292_0728_00004;4;;Place de l'Eglise;49190;49292;Val-du-Layon;Saint-Aubin-de-Luigné;;-0.670017;47.329
49292_0725_00026;26;;Rue du Canal de Monsieur;49190;49292;Val-du-Layon;Saint-Aubin-de-Luigné;;-0.667763;47.3277
49292_0094_00006;6;;Allée des Muscaris;49750;49292;Val-du-Layon;Saint-Lambert-du-Lattay;;-0.647875;47.307812
49292_0761_00006;6;;Venelle des Mineurs;49190;49292;Val-du-Layon;Saint-Aubin-de-Luigné;;-0.693178;47.34252
49292_0045_00012;12;;Rue de la Chauvière;49750;49292;Val-du-Layon;Saint-Lambert-du-Lattay;;-0.624969;47.305741
49292_0086_00010;10;;Rue du Layon;49750;49292;Val-du-Layon;Saint-Lambert-du-Lattay;;-0.636635;47.305007
49292_0014_00015;15;;Rue des Acacias;49750;49292;Val-du-Layon;Saint-Lambert-du-Lattay;;-0.643901;47.30521
49292_w82cde_00001;1;;Chemin de la Fresnaye;49190;49292;Val-du-Layon;Saint-Aubin-de-Luigné;;-0.667582;47.308124
49292_0100_00009;9;;Rue Pasteur;49750;49292;Val-du-Layon;Saint-Lambert-du-Lattay;;-0.634587;47.30315
49292_0034_00001;1;;Rue du Bon Repos;49750;49292;Val-du-Layon;Saint-Lambert-du-Lattay;;-0.632823;47.302625
49292_0bkugt_00002;2;;le Landreau;49750;49292;Val-du-Layon;Saint-Lambert-du-Lattay;;-0.652815;47.28608
49292_0200_00020;20;;Rue des Cormiers;49750;49292;Val-du-Layon;Saint-Lambert-du-Lattay;;-0.643237;47.305303
49292_0725_00033;33;;Rue du Canal de Monsieur;49190;49292;Val-du-Layon;Saint-Aubin-de-Luigné;;-0.665726;47.326128
49292_0034_00020;20;;Rue du Bon Repos;49750;49292;Val-du-Layon;Saint-Lambert-du-Lattay;;-0.631246;47.30592
49292_0091_00001;1;;Chemin de la Martinière;49750;49292;Val-du-Layon;Saint-Lambert-du-Lattay;;-0.642559;47.289916
49292_0098_00004;4;;Rue de la Noiraie;49750;49292;Val-du-Layon;Saint-Lambert-du-Lattay;;-0.634364;47.302774
49292_0200_00005;5;;Rue des Cormiers;49750;49292;Val-du-Layon;Saint-Lambert-du-Lattay;;-0.641741;47.304944
49292_0059_00018;18;;Allée des Eglantines;49750;49292;Val-du-Layon;Saint-Lambert-du-Lattay;;-0.646249;47.308465
49292_0748_00021;21;;Rue du Rocher;49190;49292;Val-du-Layon;Saint-Aubin-de-Luigné;;-0.665657;47.321196
49292_xradm9_00022;22;;Valette;49190;49292;Val-du-Layon;Saint-Aubin-de-Luigné;;-0.688;47.329343
49292_0200_00008;8;;Rue des Cormiers;49750;49292;Val-du-Layon;Saint-Lambert-du-Lattay;;-0.642279;47.304868
49292_0059_00005;5;;Allée des Eglantines;49750;49292;Val-du-Layon;Saint-Lambert-du-Lattay;;-0.644009;47.307532
49292_0117_00005;5;;Chemin des Petites Tailles;49750;49292;Val-du-Layon;Saint-Lambert-du-Lattay;;-0.641762;47.295172
49292_0744_00002;2;;Impasse de la Poste;49190;49292;Val-du-Layon;Saint-Aubin-de-Luigné;;-0.666115;47.326647
49292_0120_00016;16;;Rue Rabelais;49750;49292;Val-du-Layon;Saint-Lambert-du-Lattay;;-0.633494;47.301918
49292_0100_00014;14;;Rue Pasteur;49750;49292;Val-du-Layon;Saint-Lambert-du-Lattay;;-0.635267;47.303643
49292_0725_00056;56;;Rue du Canal de Monsieur;49190;49292;Val-du-Layon;Saint-Aubin-de-Luigné;;-0.665971;47.32636
49292_0758_00002;2;;Chemin des Treize Vents;49190;49292;Val-du-Layon;Saint-Aubin-de-Luigné;;-0.656521;47.331158
49292_0153_00001;1;;Allée des Vignes;49750;49292;Val-du-Layon;Saint-Lambert-du-Lattay;;-0.63492;47.305684
49292_0081_00003;3;;Rue Jean Tissot;49750;49292;Val-du-Layon;Saint-Lambert-du-Lattay;;-0.636372;47.302683
49292_0034_00026;26;;Rue du Bon Repos;49750;49292;Val-du-Layon;Saint-Lambert-du-Lattay;;-0.631081;47.307995
49292_0100_00012;12;;Rue Pasteur;49750;49292;Val-du-Layon;Saint-Lambert-du-Lattay;;-0.634903;47.30337
49292_0102_00014;14;;Rue de Périnelle;49750;49292;Val-du-Layon;Saint-Lambert-du-Lattay;;-0.631028;47.300652
49292_0100_00026;26;;Rue Pasteur;49750;49292;Val-du-Layon;Saint-Lambert-du-Lattay;;-0.637209;47.304726
49292_0725_00008;8;;Rue du Canal de Monsieur;49190;49292;Val-du-Layon;Saint-Aubin-de-Luigné;;-0.669434;47.328576
49292_0036_00007;7;;Rue des Bonnes Blanches;49750;49292;Val-du-Layon;Saint-Lambert-du-Lattay;;-0.632295;47.302238
49292_8ieq4u_00008;8;;Rue des Louetteries;49190;49292;Val-du-Layon;Saint-Aubin-de-Luigné;;-0.666326;47.329314
49292_0059_00020;20;;Allée des Eglantines;49750;49292;Val-du-Layon;Saint-Lambert-du-Lattay;;-0.646497;47.308469
49292_0050_00013;13;;Rue des Chesnaies;49750;49292;Val-du-Layon;Saint-Lambert-du-Lattay;;-0.629511;47.305985
49292_0153_00012;12;;Allée des Vignes;49750;49292;Val-du-Layon;Saint-Lambert-du-Lattay;;-0.634978;47.305245
49292_y5w1le_00010;10;;la Genaiserie;49190;49292;Val-du-Layon;Saint-Aubin-de-Luigné;;-0.683441;47.334627
49292_94ylro_00004;4;;la Gauterie;49750;49292;Val-du-Layon;Saint-Lambert-du-Lattay;;-0.639308;47.313276
49292_0120_00029;29;;Rue Rabelais;49750;49292;Val-du-Layon;Saint-Lambert-du-Lattay;;-0.636478;47.301579
49292_0725_00062;62;;Rue du Canal de Monsieur;49190;49292;Val-du-Layon;Saint-Aubin-de-Luigné;;-0.665161;47.325925
49292_0059_00024;24;;Allée des Eglantines;49750;49292;Val-du-Layon;Saint-Lambert-du-Lattay;;-0.647332;47.308554
49292_z914ok_00001;1;;Chemin du Vau;49190;49292;Val-du-Layon;Saint-Aubin-de-Luigné;;-0.675318;47.341152
49292_0074_00006;6;;Chemin de la Fontaine;49750;49292;Val-du-Layon;Saint-Lambert-du-Lattay;;-0.640568;47.290744
49292_0104_00001;1;;Rue du Pin;49750;49292;Val-du-Layon;Saint-Lambert-du-Lattay;;-0.633916;47.303495
49292_0114_00018;18;;Rue des Quatre Chemins;49750;49292;Val-du-Layon;Saint-Lambert-du-Lattay;;-0.636112;47.306029
49292_5hv0y3_00008;8;;Allée du Honchereau;49750;49292;Val-du-Layon;Saint-Lambert-du-Lattay;;-0.627569;47.304808
49292_ude182_00026;26;;les Barres;49190;49292;Val-du-Layon;Saint-Aubin-de-Luigné;;-0.680065;47.333514
49292_0108_00021_bis;21;Bis;Rue du Pont-Barré;49750;49292;Val-du-Layon;Saint-Lambert-du-Lattay;;-0.62981;47.302644
49292_0752_00004;4;;Rue René Gasnier;49190;49292;Val-du-Layon;Saint-Aubin-de-Luigné;;-0.694657;47.34347
49292_0727_00001;1;;Rue des Coteaux;49190;49292;Val-du-Layon;Saint-Aubin-de-Luigné;;-0.670365;47.329584
49292_b888_00002;2;;le Petit Beauvais;49190;49292;Val-du-Layon;Saint-Aubin-de-Luigné;;-0.670097;47.335551
49292_0119_00003;3;;Chemin de la Prée;49750;49292;Val-du-Layon;Saint-Lambert-du-Lattay;;-0.641753;47.296116
49292_0091_00003;3;;Chemin de la Martinière;49750;49292;Val-du-Layon;Saint-Lambert-du-Lattay;;-0.642435;47.289481
49292_0098_00008;8;;Rue de la Noiraie;49750;49292;Val-du-Layon;Saint-Lambert-du-Lattay;;-0.634069;47.302616
49292_8ieq4u_00023;23;;Rue des Louetteries;49190;49292;Val-du-Layon;Saint-Aubin-de-Luigné;;-0.665243;47.330307
49292_vrfukj_00003;3;;la Gourdinière;49190;49292;Val-du-Layon;Saint-Aubin-de-Luigné;;-0.686619;47.344904
49292_ib7hmy_00003;3;;l'Ollulière;49750;49292;Val-du-Layon;Saint-Lambert-du-Lattay;;-0.651841;47.316539
49292_0063_00012;12;;Rue des Erables;49750;49292;Val-du-Layon;Saint-Lambert-du-Lattay;;-0.644407;47.304035
49292_0108_00032;32;;Rue du Pont-Barré;49750;49292;Val-du-Layon;Saint-Lambert-du-Lattay;;-0.628161;47.303539
49292_0738_00005;5;;Rue du Paradis;49190;49292;Val-du-Layon;Saint-Aubin-de-Luigné;;-0.664365;47.32681
49292_0063_00005;5;;Rue des Erables;49750;49292;Val-du-Layon;Saint-Lambert-du-Lattay;;-0.644222;47.304296
49292_0727_00004;4;;Rue des Coteaux;49190;49292;Val-du-Layon;Saint-Aubin-de-Luigné;;-0.670013;47.330269
49292_f9y81b_00003;3;;le Pasty;49190;49292;Val-du-Layon;Saint-Aubin-de-Luigné;;-0.682467;47.30886
49292_0078_00014;14;;Chemin des Grandes Tailles;49750;49292;Val-du-Layon;Saint-Lambert-du-Lattay;;-0.644248;47.290392
49292_w1ki9t_00005;5;;les Hardières;49750;49292;Val-du-Layon;Saint-Lambert-du-Lattay;;-0.653147;47.306908
49292_0034_00009;9;;Rue du Bon Repos;49750;49292;Val-du-Layon;Saint-Lambert-du-Lattay;;-0.632678;47.303445
49292_0745_00009;9;;Chemin des Chesnaies;49190;49292;Val-du-Layon;Saint-Aubin-de-Luigné;;-0.659974;47.326534
49292_0092_00001_bis;1;Bis;Rue Maurice Massignon;49750;49292;Val-du-Layon;Saint-Lambert-du-Lattay;;-0.63208;47.302405
49292_b919_00002;2;;Roche Moreau;49190;49292;Val-du-Layon;Saint-Aubin-de-Luigné;;-0.688336;47.345684
49292_0150_00006;6;;Rue du Val d'Hyrôme;49750;49292;Val-du-Layon;Saint-Lambert-du-Lattay;;-0.624574;47.301037
49292_u5u5f3_00002;2;;la Poilane;49190;49292;Val-du-Layon;Saint-Aubin-de-Luigné;;-0.655207;47.318156
49292_0155_00023;23;;Rue des Varennes;49750;49292;Val-du-Layon;Saint-Lambert-du-Lattay;;-0.638035;47.304839
49292_0078_00004_bis;4;Bis;Chemin des Grandes Tailles;49750;49292;Val-du-Layon;Saint-Lambert-du-Lattay;;-0.641288;47.292135
49292_0102_00008;8;;Rue de Périnelle;49750;49292;Val-du-Layon;Saint-Lambert-du-Lattay;;-0.631168;47.30121
49292_xl4cbz_00006;6;;la Thébauderie;49190;49292;Val-du-Layon;Saint-Aubin-de-Luigné;;-0.671328;47.338566
49292_0057_00023;23;;Rue de la Coudraye;49750;49292;Val-du-Layon;Saint-Lambert-du-Lattay;;-0.629979;47.299426
49292_0069_00007;7;;Rue des Fauvettes;49750;49292;Val-du-Layon;Saint-Lambert-du-Lattay;;-0.655538;47.300641
49292_0107_00003_bis;3;Bis;Rue du Petit Clos;49750;49292;Val-du-Layon;Saint-Lambert-du-Lattay;;-0.641198;47.299368
49292_0738_00006;6;;Rue du Paradis;49190;49292;Val-du-Layon;Saint-Aubin-de-Luigné;;-0.663809;47.327004
49292_0046_00005;5;;Chemin de Chanteloup;49750;49292;Val-du-Layon;Saint-Lambert-du-Lattay;;-0.642824;47.289819
49292_u5u5f3_00001;1;;la Poilane;49190;49292;Val-du-Layon;Saint-Aubin-de-Luigné;;-0.654915;47.317779
49292_0130_00005;5;;Rue Saint-Vincent;49750;49292;Val-du-Layon;Saint-Lambert-du-Lattay;;-0.630877;47.303614
49292_u5u5f3_00006;6;;la Poilane;49190;49292;Val-du-Layon;Saint-Aubin-de-Luigné;;-0.653982;47.31736
49292_0058_00008;8;;Rue de la Croix du Sacré;49750;49292;Val-du-Layon;Saint-Lambert-du-Lattay;;-0.63715;47.305554
49292_0142_00006;6;;Rue de la Treille;49750;49292;Val-du-Layon;Saint-Lambert-du-Lattay;;-0.63377;47.300671
49292_ude182_00013;13;;les Barres;49190;49292;Val-du-Layon;Saint-Aubin-de-Luigné;;-0.680227;47.333541
49292_0122_00010_bis;10;Bis;Place du Ronceray;49750;49292;Val-du-Layon;Saint-Lambert-du-Lattay;;-0.631901;47.301526
49292_0058_00004;4;;Rue de la Croix du Sacré;49750;49292;Val-du-Layon;Saint-Lambert-du-Lattay;;-0.637383;47.305277
49292_cz3qze_00004;4;;Bézigon;49750;49292;Val-du-Layon;Saint-Lambert-du-Lattay;;-0.63062;47.315979
49292_0725_00009;9;;Rue du Canal de Monsieur;49190;49292;Val-du-Layon;Saint-Aubin-de-Luigné;;-0.669057;47.328303
49292_0085_00002;2;;Rue des Lacas;49750;49292;Val-du-Layon;Saint-Lambert-du-Lattay;;-0.645932;47.303284
49292_0724_00014;14;;Route de Bellevue;49190;49292;Val-du-Layon;Saint-Aubin-de-Luigné;;-0.653217;47.333289
49292_3wucgw_00008;8;;Chemin de la Haute Guerche;49190;49292;Val-du-Layon;Saint-Aubin-de-Luigné;;-0.678754;47.317778
49292_0108_00025;25;;Rue du Pont-Barré;49750;49292;Val-du-Layon;Saint-Lambert-du-Lattay;;-0.629205;47.303053
49292_0032_00015;15;;Rue de la Belle Angevine;49750;49292;Val-du-Layon;Saint-Lambert-du-Lattay;;-0.632521;47.301091
49292_gxsl9s_00010;10;;Rue de la Deripée;49190;49292;Val-du-Layon;Saint-Aubin-de-Luigné;;-0.692765;47.343457
49292_0078_00002;2;;Chemin des Grandes Tailles;49750;49292;Val-du-Layon;Saint-Lambert-du-Lattay;;-0.640948;47.292838
49292_0752_00006;6;;Rue René Gasnier;49190;49292;Val-du-Layon;Saint-Aubin-de-Luigné;;-0.694462;47.34459
49292_0120_00024;24;;Rue Rabelais;49750;49292;Val-du-Layon;Saint-Lambert-du-Lattay;;-0.634603;47.30202
49292_0101_00005;5;;Allée des Pervenches;49750;49292;Val-du-Layon;Saint-Lambert-du-Lattay;;-0.645328;47.309358
49292_0728_00009_d;9;D;Place de l'Eglise;49190;49292;Val-du-Layon;Saint-Aubin-de-Luigné;;-0.671055;47.329516
49292_8ieq4u_00005;5;;Rue des Louetteries;49190;49292;Val-du-Layon;Saint-Aubin-de-Luigné;;-0.666648;47.328712
49292_0200_00011;11;;Rue des Cormiers;49750;49292;Val-du-Layon;Saint-Lambert-du-Lattay;;-0.642077;47.304675
49292_0733_00024;24;;Rue Jean de Pontoise;49190;49292;Val-du-Layon;Saint-Aubin-de-Luigné;;-0.677427;47.327947
49292_0155_00009;9;;Rue des Varennes;49750;49292;Val-du-Layon;Saint-Lambert-du-Lattay;;-0.63938;47.303404
49292_0140_00003;3;;Rue des Tonneliers;49750;49292;Val-du-Layon;Saint-Lambert-du-Lattay;;-0.631955;47.302634
49292_0733_00020;20;;Rue Jean de Pontoise;49190;49292;Val-du-Layon;Saint-Aubin-de-Luigné;;-0.673409;47.32836
49292_0092_00001_ter;1;Ter;Rue Maurice Massignon;49750;49292;Val-du-Layon;Saint-Lambert-du-Lattay;;-0.632001;47.302387
49292_0050_00022;22;;Rue des Chesnaies;49750;49292;Val-du-Layon;Saint-Lambert-du-Lattay;;-0.629881;47.306282
49292_0767_00006;6;;Rue des Basses Saunerettes;49190;49292;Val-du-Layon;Saint-Aubin-de-Luigné;;-0.662262;47.326757
49292_0120_00008;8;;Rue Rabelais;49750;49292;Val-du-Layon;Saint-Lambert-du-Lattay;;-0.632651;47.301842
49292_0046_00004;4;;Chemin de Chanteloup;49750;49292;Val-du-Layon;Saint-Lambert-du-Lattay;;-0.644218;47.289719
49292_0032_00024;24;;Rue de la Belle Angevine;49750;49292;Val-du-Layon;Saint-Lambert-du-Lattay;;-0.633446;47.30055
49292_0751_00009;9;;Rue de la Saulaie;49190;49292;Val-du-Layon;Saint-Aubin-de-Luigné;;-0.663454;47.321767
49292_0725_00028;28;;Rue du Canal de Monsieur;49190;49292;Val-du-Layon;Saint-Aubin-de-Luigné;;-0.667603;47.327562
49292_0081_00005;5;;Rue Jean Tissot;49750;49292;Val-du-Layon;Saint-Lambert-du-Lattay;;-0.636371;47.303041
49292_0104_00006;6;;Rue du Pin;49750;49292;Val-du-Layon;Saint-Lambert-du-Lattay;;-0.63381;47.3037
49292_0050_00011;11;;Rue des Chesnaies;49750;49292;Val-du-Layon;Saint-Lambert-du-Lattay;;-0.629431;47.305996
49292_0736_00001;1;;Chemin des Meuniers;49190;49292;Val-du-Layon;Saint-Aubin-de-Luigné;;-0.6637;47.325783
49292_0250_00009;9;;Rue des Frênes;49750;49292;Val-du-Layon;Saint-Lambert-du-Lattay;;-0.641;47.305364
49292_0130_00011;11;;Rue Saint-Vincent;49750;49292;Val-du-Layon;Saint-Lambert-du-Lattay;;-0.630146;47.304655
49292_0764_00002;2;;Chemin des Essarts;49190;49292;Val-du-Layon;Saint-Aubin-de-Luigné;;-0.691159;47.341969
49292_0014_00005;5;;Rue des Acacias;49750;49292;Val-du-Layon;Saint-Lambert-du-Lattay;;-0.644754;47.304622
49292_0060_00004;4;;Rue Emile Godillon;49750;49292;Val-du-Layon;Saint-Lambert-du-Lattay;;-0.632975;47.302347
49292_0120_00017_bis;17;Bis;Rue Rabelais;49750;49292;Val-du-Layon;Saint-Lambert-du-Lattay;;-0.634966;47.301947
49292_0753_00004;4;;Passage Alfred de Musset;49190;49292;Val-du-Layon;Saint-Aubin-de-Luigné;;-0.695204;47.343798
49292_sv6k5h_00001;1;;la Brauderie;49750;49292;Val-du-Layon;Saint-Aubin-de-Luigné;;-0.677423;47.295139
49292_0036_00001_bis;1;Bis;Rue des Bonnes Blanches;49750;49292;Val-du-Layon;Saint-Lambert-du-Lattay;;-0.632265;47.302094
49292_0109_00002;2;;Allée des Primevères;49750;49292;Val-du-Layon;Saint-Lambert-du-Lattay;;-0.643848;47.308713
49292_wopwr8_00004;4;;Chemin de la Rangée;49750;49292;Val-du-Layon;Saint-Lambert-du-Lattay;;-0.642084;47.29127
49292_0725_00003;3;;Rue du Canal de Monsieur;49190;49292;Val-du-Layon;Saint-Aubin-de-Luigné;;-0.669747;47.328593
49292_0120_00047;47;;Rue Rabelais;49750;49292;Val-du-Layon;Saint-Lambert-du-Lattay;;-0.640848;47.302473
49292_0111_00003;3;;Rue de la Petite Pré;49750;49292;Val-du-Layon;Saint-Lambert-du-Lattay;;-0.642788;47.300595
49292_0059_00013;13;;Allée des Eglantines;49750;49292;Val-du-Layon;Saint-Lambert-du-Lattay;;-0.64515;47.308093
49292_rb4xcg_00001;1;;la Chasnière;49750;49292;Val-du-Layon;Saint-Lambert-du-Lattay;;-0.639967;47.284167
49292_0155_00017;17;;Rue des Varennes;49750;49292;Val-du-Layon;Saint-Lambert-du-Lattay;;-0.638426;47.304437
49292_0153_00004;4;;Allée des Vignes;49750;49292;Val-du-Layon;Saint-Lambert-du-Lattay;;-0.634996;47.305542
49292_0754_00015;15;;Rue de Chantemerle;49190;49292;Val-du-Layon;Saint-Aubin-de-Luigné;;-0.663785;47.327655
49292_0107_00005_bis;5;Bis;Rue du Petit Clos;49750;49292;Val-du-Layon;Saint-Lambert-du-Lattay;;-0.641366;47.299143
49292_0132_00011_bis;11;Bis;Rue des Sauvins;49750;49292;Val-du-Layon;Saint-Lambert-du-Lattay;;-0.633947;47.3048
49292_94ylro_00008;8;;la Gauterie;49750;49292;Val-du-Layon;Saint-Lambert-du-Lattay;;-0.639246;47.313629
49292_0764_00005;5;;Chemin des Essarts;49190;49292;Val-du-Layon;Saint-Aubin-de-Luigné;;-0.686895;47.341356
49292_0098_00001;1;;Rue de la Noiraie;49750;49292;Val-du-Layon;Saint-Lambert-du-Lattay;;-0.633954;47.302646
49292_xw6yzz_00001;1;;le Defay;49190;49292;Val-du-Layon;Saint-Aubin-de-Luigné;;-0.657943;47.321312
49292_0032_00044;44;;Rue de la Belle Angevine;49750;49292;Val-du-Layon;Saint-Lambert-du-Lattay;;-0.634528;47.299689
49292_0097_00008;8;;Allée de l'Orangerie;49750;49292;Val-du-Layon;Saint-Lambert-du-Lattay;;-0.632598;47.300245
49292_0078_00016;16;;Chemin des Grandes Tailles;49750;49292;Val-du-Layon;Saint-Lambert-du-Lattay;;-0.645102;47.290028
49292_xrukqh_00004;4;;Impasse du Châtaignier;49750;49292;Val-du-Layon;Saint-Lambert-du-Lattay;;-0.642868;47.305653
49292_vt0ade_00004;4;;l'Aiglerie;49750;49292;Val-du-Layon;Saint-Aubin-de-Luigné;;-0.685606;47.337924
49292_0767_00020;20;;Rue des Basses Saunerettes;49190;49292;Val-du-Layon;Saint-Aubin-de-Luigné;;-0.661233;47.326167
49292_0014_00003;3;;Rue des Acacias;49750;49292;Val-du-Layon;Saint-Lambert-du-Lattay;;-0.644878;47.304482
49292_0754_00019;19;;Rue de Chantemerle;49190;49292;Val-du-Layon;Saint-Aubin-de-Luigné;;-0.6635;47.327555
49292_0200_00021;21;;Rue des Cormiers;49750;49292;Val-du-Layon;Saint-Lambert-du-Lattay;;-0.643319;47.305241
49292_0078_00001;1;;Chemin des Grandes Tailles;49750;49292;Val-du-Layon;Saint-Lambert-du-Lattay;;-0.640922;47.293379
49292_0120_00014;14;;Rue Rabelais;49750;49292;Val-du-Layon;Saint-Lambert-du-Lattay;;-0.633297;47.301901
49292_0032_00005;5;;Rue de la Belle Angevine;49750;49292;Val-du-Layon;Saint-Lambert-du-Lattay;;-0.632317;47.301256
49292_ude182_00009;9;;les Barres;49190;49292;Val-du-Layon;Saint-Aubin-de-Luigné;;-0.680173;47.333816
49292_0062_00006;6;;Ruelle de la Gaieté;49750;49292;Val-du-Layon;Saint-Lambert-du-Lattay;;-0.63696;47.298867
49292_0079_00004;4;;Chemin du Grand Clos;49750;49292;Val-du-Layon;Saint-Lambert-du-Lattay;;-0.639355;47.291899
49292_5r1qnr_00021;21;;le Layon;49750;49292;Val-du-Layon;Saint-Lambert-du-Lattay;;-0.638507;47.316875
49292_0086_00001;1;;Rue du Layon;49750;49292;Val-du-Layon;Saint-Lambert-du-Lattay;;-0.636781;47.304955
49292_0740_00005;5;;Place du Pont;49190;49292;Val-du-Layon;Saint-Aubin-de-Luigné;;-0.663764;47.325181
49292_0767_00007;7;;Rue des Basses Saunerettes;49190;49292;Val-du-Layon;Saint-Aubin-de-Luigné;;-0.661863;47.326372
49292_xl4cbz_00001;1;;la Thébauderie;49190;49292;Val-du-Layon;Saint-Aubin-de-Luigné;;-0.671401;47.338216
49292_0032_00035;35;;Rue de la Belle Angevine;49750;49292;Val-du-Layon;Saint-Lambert-du-Lattay;;-0.634184;47.299748
49292_0058_00010;10;;Rue de la Croix du Sacré;49750;49292;Val-du-Layon;Saint-Lambert-du-Lattay;;-0.637103;47.305642
49292_0132_00008;8;;Rue des Sauvins;49750;49292;Val-du-Layon;Saint-Lambert-du-Lattay;;-0.633922;47.305493
49292_0724_00002;2;;Route de Bellevue;49190;49292;Val-du-Layon;Saint-Aubin-de-Luigné;;-0.663617;47.325195
49292_0737_00012;12;;Chemin de la Mine;49190;49292;Val-du-Layon;Saint-Aubin-de-Luigné;;-0.666973;47.329801
49292_0200_00004;4;;Rue des Cormiers;49750;49292;Val-du-Layon;Saint-Lambert-du-Lattay;;-0.641817;47.305096
49292_0130_00038;38;;Rue Saint-Vincent;49750;49292;Val-du-Layon;Saint-Lambert-du-Lattay;;-0.62826;47.304524
49292_0108_00029;29;;Rue du Pont-Barré;49750;49292;Val-du-Layon;Saint-Lambert-du-Lattay;;-0.628308;47.303893
49292_0034_00022;22;;Rue du Bon Repos;49750;49292;Val-du-Layon;Saint-Lambert-du-Lattay;;-0.631204;47.306069
49292_0120_00032;32;;Rue Rabelais;49750;49292;Val-du-Layon;Saint-Lambert-du-Lattay;;-0.635497;47.302101
49292_0728_00008_bis;8;Bis;Place de l'Eglise;49190;49292;Val-du-Layon;Saint-Aubin-de-Luigné;;-0.670696;47.329464
49292_0727_00007;7;;Rue des Coteaux;49190;49292;Val-du-Layon;Saint-Aubin-de-Luigné;;-0.669607;47.33057
49292_0110_00002;2;;Chemin des Pressoirs;49750;49292;Val-du-Layon;Saint-Lambert-du-Lattay;;-0.640512;47.291607
49292_b673_00006;6;;Sainte Foy;49750;49292;Val-du-Layon;Saint-Lambert-du-Lattay;;-0.67231;47.292096
49292_0725_00022;22;;Rue du Canal de Monsieur;49190;49292;Val-du-Layon;Saint-Aubin-de-Luigné;;-0.668196;47.327958
49292_0096_00008;8;;Allée des Myosotis;49750;49292;Val-du-Layon;Saint-Lambert-du-Lattay;;-0.642653;47.308106
49292_0107_00003;3;;Rue du Petit Clos;49750;49292;Val-du-Layon;Saint-Lambert-du-Lattay;;-0.641017;47.299632
49292_0200_00026;26;;Rue des Cormiers;49750;49292;Val-du-Layon;Saint-Lambert-du-Lattay;;-0.643889;47.305742
49292_0107_00013;13;;Rue du Petit Clos;49750;49292;Val-du-Layon;Saint-Lambert-du-Lattay;;-0.642071;47.298063
49292_0108_00015;15;;Rue du Pont-Barré;49750;49292;Val-du-Layon;Saint-Lambert-du-Lattay;;-0.630367;47.302209
49292_0748_00007;7;;Rue du Rocher;49190;49292;Val-du-Layon;Saint-Aubin-de-Luigné;;-0.664297;47.322589
49292_0725_00025_bis;25;Bis;Rue du Canal de Monsieur;49190;49292;Val-du-Layon;Saint-Aubin-de-Luigné;;-0.66757;47.32743
49292_0032_00008_bis;8;Bis;Rue de la Belle Angevine;49750;49292;Val-du-Layon;Saint-Lambert-du-Lattay;;-0.63265;47.301175
49292_0107_00001;1;;Rue du Petit Clos;49750;49292;Val-du-Layon;Saint-Lambert-du-Lattay;;-0.640858;47.299811
49292_my6eet_00001;1;;les Gelinières;49190;49292;Val-du-Layon;Saint-Aubin-de-Luigné;;-0.672853;47.31681
49292_0130_00042;42;;Rue Saint-Vincent;49750;49292;Val-du-Layon;Saint-Lambert-du-Lattay;;-0.627648;47.30448
49292_0737_00005;5;;Chemin de la Mine;49190;49292;Val-du-Layon;Saint-Aubin-de-Luigné;;-0.668351;47.329226
49292_u8yen8_00006;6;;Paimparé;49750;49292;Val-du-Layon;Saint-Lambert-du-Lattay;;-0.615479;47.308059
49292_0069_00005;5;;Rue des Fauvettes;49750;49292;Val-du-Layon;Saint-Lambert-du-Lattay;;-0.655765;47.300474
49292_0132_00015;15;;Rue des Sauvins;49750;49292;Val-du-Layon;Saint-Lambert-du-Lattay;;-0.633999;47.305035
49292_0120_00002;2;;Rue Rabelais;49750;49292;Val-du-Layon;Saint-Lambert-du-Lattay;;-0.632401;47.301823
49292_0059_00025;25;;Allée des Eglantines;49750;49292;Val-du-Layon;Saint-Lambert-du-Lattay;;-0.647934;47.308644
49292_0132_00021;21;;Rue des Sauvins;49750;49292;Val-du-Layon;Saint-Lambert-du-Lattay;;-0.634075;47.30547
49292_0736_00005;5;;Chemin des Meuniers;49190;49292;Val-du-Layon;Saint-Aubin-de-Luigné;;-0.663212;47.326356
49292_0725_00072;72;;Rue du Canal de Monsieur;49190;49292;Val-du-Layon;Saint-Aubin-de-Luigné;;-0.6643;47.325363
49292_0140_00006;6;;Rue des Tonneliers;49750;49292;Val-du-Layon;Saint-Lambert-du-Lattay;;-0.631839;47.302763
49292_w82cde_00008;8;;Chemin de la Fresnaye;49190;49292;Val-du-Layon;Saint-Aubin-de-Luigné;;-0.666904;47.310025
49292_0092_00012;12;;Rue Maurice Massignon;49750;49292;Val-du-Layon;Saint-Lambert-du-Lattay;;-0.6317;47.302274
49292_l1y6tn_03820;3820;;Route des Hauts de Chaume;49190;49292;Val-du-Layon;Saint-Aubin-de-Luigné;;-0.649874;47.335831
49292_0754_00007;7;;Rue de Chantemerle;49190;49292;Val-du-Layon;Saint-Aubin-de-Luigné;;-0.66456;47.328415
49292_0057_00016;16;;Rue de la Coudraye;49750;49292;Val-du-Layon;Saint-Lambert-du-Lattay;;-0.631624;47.299873
49292_0725_00060;60;;Rue du Canal de Monsieur;49190;49292;Val-du-Layon;Saint-Aubin-de-Luigné;;-0.665315;47.326011
49292_0050_00024;24;;Rue des Chesnaies;49750;49292;Val-du-Layon;Saint-Lambert-du-Lattay;;-0.63048;47.306157
49292_0737_00011;11;;Chemin de la Mine;49190;49292;Val-du-Layon;Saint-Aubin-de-Luigné;;-0.667692;47.329605
49292_0069_00002;2;;Rue des Fauvettes;49750;49292;Val-du-Layon;Saint-Lambert-du-Lattay;;-0.655981;47.300232
49292_0092_00010;10;;Rue Maurice Massignon;49750;49292;Val-du-Layon;Saint-Lambert-du-Lattay;;-0.631637;47.302233
49292_0108_00016_bis;16;Bis;Rue du Pont-Barré;49750;49292;Val-du-Layon;Saint-Lambert-du-Lattay;;-0.6297;47.302511
49292_0097_00004;4;;Allée de l'Orangerie;49750;49292;Val-du-Layon;Saint-Lambert-du-Lattay;;-0.632785;47.300123
49292_b857_00001;1;;la Haute Orière;49190;49292;Val-du-Layon;Saint-Aubin-de-Luigné;;-0.684203;47.296688
49292_0725_00066;66;;Rue du Canal de Monsieur;49190;49292;Val-du-Layon;Saint-Aubin-de-Luigné;;-0.664767;47.325891
49292_0200_00022;22;;Rue des Cormiers;49750;49292;Val-du-Layon;Saint-Lambert-du-Lattay;;-0.643709;47.305553
49292_0059_00009;9;;Allée des Eglantines;49750;49292;Val-du-Layon;Saint-Lambert-du-Lattay;;-0.644419;47.307747
49292_0751_00017;17;;Rue de la Saulaie;49190;49292;Val-du-Layon;Saint-Aubin-de-Luigné;;-0.668517;47.319466
49292_0063_00014;14;;Rue des Erables;49750;49292;Val-du-Layon;Saint-Lambert-du-Lattay;;-0.644237;47.304167
49292_0054_00001;1;;Impasse du Clos du Bois;49750;49292;Val-du-Layon;Saint-Lambert-du-Lattay;;-0.637868;47.315879
49292_0753_00002;2;;Passage Alfred de Musset;49190;49292;Val-du-Layon;Saint-Aubin-de-Luigné;;-0.695257;47.343737
49292_0108_00038;38;;Rue du Pont-Barré;49750;49292;Val-du-Layon;Saint-Lambert-du-Lattay;;-0.627248;47.304179
49292_0250_00007;7;;Rue des Frênes;49750;49292;Val-du-Layon;Saint-Lambert-du-Lattay;;-0.640927;47.305358
49292_0100_00022;22;;Rue Pasteur;49750;49292;Val-du-Layon;Saint-Lambert-du-Lattay;;-0.636138;47.304183
49292_0107_00021;21;;Rue du Petit Clos;49750;49292;Val-du-Layon;Saint-Lambert-du-Lattay;;-0.642396;47.297458
49292_0751_00012;12;;Rue de la Saulaie;49190;49292;Val-du-Layon;Saint-Aubin-de-Luigné;;-0.665722;47.320895
49292_zlyb07_00007;7;;l'Aujardière;49750;49292;Val-du-Layon;Saint-Lambert-du-Lattay;;-0.659057;47.297501
49292_0132_00017;17;;Rue des Sauvins;49750;49292;Val-du-Layon;Saint-Lambert-du-Lattay;;-0.634033;47.305227
49292_0250_00010;10;;Rue des Frênes;49750;49292;Val-du-Layon;Saint-Lambert-du-Lattay;;-0.642263;47.305994
49292_0059_00013_bis;13;Bis;Allée des Eglantines;49750;49292;Val-du-Layon;Saint-Lambert-du-Lattay;;-0.645266;47.308181
49292_0725_00074;74;;Rue du Canal de Monsieur;49190;49292;Val-du-Layon;Saint-Aubin-de-Luigné;;-0.664179;47.325299
49292_0078_00005_ter;5;Ter;Chemin des Grandes Tailles;49750;49292;Val-du-Layon;Saint-Lambert-du-Lattay;;-0.644596;47.29012
49292_0736_00006;6;;Chemin des Meuniers;49190;49292;Val-du-Layon;Saint-Aubin-de-Luigné;;-0.663874;47.325646
49292_0034_00018;18;;Rue du Bon Repos;49750;49292;Val-du-Layon;Saint-Lambert-du-Lattay;;-0.631373;47.305609
49292_8ieq4u_00007;7;;Rue des Louetteries;49190;49292;Val-du-Layon;Saint-Aubin-de-Luigné;;-0.666429;47.32901
49292_xradm9_00012;12;;Valette;49190;49292;Val-du-Layon;Saint-Aubin-de-Luigné;;-0.685413;47.327607
49292_0108_00016;16;;Rue du Pont-Barré;49750;49292;Val-du-Layon;Saint-Lambert-du-Lattay;;-0.629733;47.302487
49292_0760_00004;4;;Promenade Alfred de Musset;49190;49292;Val-du-Layon;Saint-Aubin-de-Luigné;;-0.695288;47.34339
49292_0741_00002;2;;Rue de Roule Cul;49190;49292;Val-du-Layon;Saint-Aubin-de-Luigné;;-0.670808;47.32958
49292_0046_00001;1;;Chemin de Chanteloup;49750;49292;Val-du-Layon;Saint-Lambert-du-Lattay;;-0.643551;47.289862
49292_l1y6tn_01334;1334;;Route des Hauts de Chaume;49190;49292;Val-du-Layon;Saint-Aubin-de-Luigné;;-0.680867;47.339785
49292_ib7hmy_00006;6;;l'Ollulière;49750;49292;Val-du-Layon;Saint-Lambert-du-Lattay;;-0.651634;47.316524
49292_b490_00001_bis;1;Bis;les Petites Tailles;49750;49292;Val-du-Layon;Saint-Lambert-du-Lattay;;-0.640854;47.294374
49292_0736_00008;8;;Chemin des Meuniers;49190;49292;Val-du-Layon;Saint-Aubin-de-Luigné;;-0.663703;47.325879
49292_0114_00016;16;;Rue des Quatre Chemins;49750;49292;Val-du-Layon;Saint-Lambert-du-Lattay;;-0.635842;47.30623
49292_0120_00011;11;;Rue Rabelais;49750;49292;Val-du-Layon;Saint-Lambert-du-Lattay;;-0.633979;47.301769
49292_0155_00011;11;;Rue des Varennes;49750;49292;Val-du-Layon;Saint-Lambert-du-Lattay;;-0.639093;47.303733
49292_0100_00011;11;;Rue Pasteur;49750;49292;Val-du-Layon;Saint-Lambert-du-Lattay;;-0.634882;47.303259
49292_b209_00001;1;;le Coin de l'Hyrôme;49750;49292;Val-du-Layon;Saint-Lambert-du-Lattay;;-0.610877;47.305418
49292_0747_00005;5;;Rue des Grands Vaux;49190;49292;Val-du-Layon;Saint-Aubin-de-Luigné;;-0.665199;47.327929
49292_0060_00004_bis;4;Bis;Rue Emile Godillon;49750;49292;Val-du-Layon;Saint-Lambert-du-Lattay;;-0.633009;47.302259
49292_0748_00007_bis;7;Bis;Rue du Rocher;49190;49292;Val-du-Layon;Saint-Aubin-de-Luigné;;-0.664326;47.32255
49292_0130_00003;3;;Rue Saint-Vincent;49750;49292;Val-du-Layon;Saint-Lambert-du-Lattay;;-0.631351;47.303446
49292_0740_00004;4;;Place du Pont;49190;49292;Val-du-Layon;Saint-Aubin-de-Luigné;;-0.66379;47.3251
49292_73apn9_00001;1;;les Bergères;49750;49292;Val-du-Layon;Saint-Lambert-du-Lattay;;-0.618911;47.303667
49292_a020_00004;4;;ZA du Gué Menois;49750;49292;Val-du-Layon;Saint-Lambert-du-Lattay;;-0.642702;47.302913
49292_0058_00002;2;;Rue de la Croix du Sacré;49750;49292;Val-du-Layon;Saint-Lambert-du-Lattay;;-0.637413;47.305247
49292_0752_00003;3;;Rue René Gasnier;49190;49292;Val-du-Layon;Saint-Aubin-de-Luigné;;-0.694194;47.342354
49292_0043_00004;4;;Rue des Ceps;49750;49292;Val-du-Layon;Saint-Lambert-du-Lattay;;-0.634596;47.304655
49292_0096_00002;2;;Allée des Myosotis;49750;49292;Val-du-Layon;Saint-Lambert-du-Lattay;;-0.643642;47.308413
49292_0755_00002;2;;Chemin des Mérances;49190;49292;Val-du-Layon;Saint-Aubin-de-Luigné;;-0.654681;47.331613
49292_w1ki9t_00001;1;;les Hardières;49750;49292;Val-du-Layon;Saint-Lambert-du-Lattay;;-0.651719;47.306872
49292_0754_00006;6;;Rue de Chantemerle;49190;49292;Val-du-Layon;Saint-Aubin-de-Luigné;;-0.665635;47.328777
49292_0077_00006;6;;Rue de la Gagnerie;49750;49292;Val-du-Layon;Saint-Lambert-du-Lattay;;-0.634846;47.304302
49292_0076_00004;4;;Rue des Hirondelles;49750;49292;Val-du-Layon;Saint-Lambert-du-Lattay;;-0.654119;47.299935
49292_0100_00027;27;;Rue Pasteur;49750;49292;Val-du-Layon;Saint-Lambert-du-Lattay;;-0.639063;47.304987
49292_0728_00013;13;;Place de l'Eglise;49190;49292;Val-du-Layon;Saint-Aubin-de-Luigné;;-0.670663;47.328991
49292_0132_00023;23;;Rue des Sauvins;49750;49292;Val-du-Layon;Saint-Lambert-du-Lattay;;-0.634078;47.305502
49292_0079_00005;5;;Chemin du Grand Clos;49750;49292;Val-du-Layon;Saint-Lambert-du-Lattay;;-0.63929;47.29193
49292_0751_00006;6;;Rue de la Saulaie;49190;49292;Val-du-Layon;Saint-Aubin-de-Luigné;;-0.663492;47.321561
49292_0100_00033;33;;Rue Pasteur;49750;49292;Val-du-Layon;Saint-Lambert-du-Lattay;;-0.639219;47.305263
49292_0200_00006;6;;Rue des Cormiers;49750;49292;Val-du-Layon;Saint-Lambert-du-Lattay;;-0.642114;47.304789
49292_0107_00007;7;;Rue du Petit Clos;49750;49292;Val-du-Layon;Saint-Lambert-du-Lattay;;-0.641548;47.298912
49292_l1y6tn_03642;3642;;Route des Hauts de Chaume;49190;49292;Val-du-Layon;Saint-Aubin-de-Luigné;;-0.651922;47.336683
49292_0098_00010;10;;Rue de la Noiraie;49750;49292;Val-du-Layon;Saint-Lambert-du-Lattay;;-0.633875;47.302595
49292_b888_00008;8;;le Petit Beauvais;49190;49292;Val-du-Layon;Saint-Aubin-de-Luigné;;-0.6698;47.335822
49292_0748_00019;19;;Rue du Rocher;49190;49292;Val-du-Layon;Saint-Aubin-de-Luigné;;-0.665578;47.321239
49292_0108_00035;35;;Rue du Pont-Barré;49750;49292;Val-du-Layon;Saint-Lambert-du-Lattay;;-0.627891;47.30396
49292_0725_00031;31;;Rue du Canal de Monsieur;49190;49292;Val-du-Layon;Saint-Aubin-de-Luigné;;-0.666045;47.3263
49292_0078_00002_ter;2;Ter;Chemin des Grandes Tailles;49750;49292;Val-du-Layon;Saint-Lambert-du-Lattay;;-0.641071;47.292405
49292_0108_00014;14;;Rue du Pont-Barré;49750;49292;Val-du-Layon;Saint-Lambert-du-Lattay;;-0.630197;47.30216
49292_b888_00006;6;;le Petit Beauvais;49190;49292;Val-du-Layon;Saint-Aubin-de-Luigné;;-0.669963;47.335836
49292_0155_00006;6;;Rue des Varennes;49750;49292;Val-du-Layon;Saint-Lambert-du-Lattay;;-0.63954;47.303058
49292_0097_00010;10;;Allée de l'Orangerie;49750;49292;Val-du-Layon;Saint-Lambert-du-Lattay;;-0.632807;47.300303
49292_0759_00007;7;;Square de Chantemerle;49190;49292;Val-du-Layon;Saint-Aubin-de-Luigné;;-0.663112;47.327706
49292_0742_00002;2;;Rue des Saunerettes;49190;49292;Val-du-Layon;Saint-Aubin-de-Luigné;;-0.663364;47.326025
49292_0122_00008;8;;Place du Ronceray;49750;49292;Val-du-Layon;Saint-Lambert-du-Lattay;;-0.632016;47.301408
49292_0033_00001_bis;1;Bis;Allée des Bleuets;49750;49292;Val-du-Layon;Saint-Lambert-du-Lattay;;-0.643673;47.309322
49292_0200_00001;1;;Rue des Cormiers;49750;49292;Val-du-Layon;Saint-Lambert-du-Lattay;;-0.641669;47.305261
49292_0765_00001;1;;Chemin des Perrotelles;49190;49292;Val-du-Layon;Saint-Aubin-de-Luigné;;-0.669133;47.319035
49292_ude182_00005;5;;les Barres;49190;49292;Val-du-Layon;Saint-Aubin-de-Luigné;;-0.681388;47.333596
49292_0200_00015;15;;Rue des Cormiers;49750;49292;Val-du-Layon;Saint-Lambert-du-Lattay;;-0.642478;47.304864
49292_ude182_00012;12;;les Barres;49190;49292;Val-du-Layon;Saint-Aubin-de-Luigné;;-0.680641;47.334031
49292_0113_00005;5;;Rue de la Petite Dousarde;49750;49292;Val-du-Layon;Saint-Lambert-du-Lattay;;-0.642037;47.300966
49292_0100_00002;2;;Rue Pasteur;49750;49292;Val-du-Layon;Saint-Lambert-du-Lattay;;-0.633581;47.303014
49292_0110_00006;6;;Chemin des Pressoirs;49750;49292;Val-du-Layon;Saint-Lambert-du-Lattay;;-0.640508;47.291229
49292_y5w1le_00008;8;;la Genaiserie;49190;49292;Val-du-Layon;Saint-Aubin-de-Luigné;;-0.683097;47.334845
49292_0767_00016;16;;Rue des Basses Saunerettes;49190;49292;Val-du-Layon;Saint-Aubin-de-Luigné;;-0.661591;47.326354
49292_0725_00064;64;;Rue du Canal de Monsieur;49190;49292;Val-du-Layon;Saint-Aubin-de-Luigné;;-0.664961;47.325804
49292_0014_00008;8;;Rue des Acacias;49750;49292;Val-du-Layon;Saint-Lambert-du-Lattay;;-0.643758;47.305145
49292_0120_00034;34;;Rue Rabelais;49750;49292;Val-du-Layon;Saint-Lambert-du-Lattay;;-0.63671;47.302205
49292_0764_00003;3;;Chemin des Essarts;49190;49292;Val-du-Layon;Saint-Aubin-de-Luigné;;-0.688595;47.342506
49292_0107_00004;4;;Rue du Petit Clos;49750;49292;Val-du-Layon;Saint-Lambert-du-Lattay;;-0.64104;47.299751
49292_0731_00006;6;;Chemin de Girouard;49190;49292;Val-du-Layon;Saint-Aubin-de-Luigné;;-0.662888;47.324694
49292_0737_00007_bis;7;Bis;Chemin de la Mine;49190;49292;Val-du-Layon;Saint-Aubin-de-Luigné;;-0.66806;47.329434
49292_0740_00001;1;;Place du Pont;49190;49292;Val-du-Layon;Saint-Aubin-de-Luigné;;-0.664194;47.325098
49292_0074_00003;3;;Chemin de la Fontaine;49750;49292;Val-du-Layon;Saint-Lambert-du-Lattay;;-0.640312;47.290515
49292_0114_00012;12;;Rue des Quatre Chemins;49750;49292;Val-du-Layon;Saint-Lambert-du-Lattay;;-0.634997;47.305993
49292_0767_00012;12;;Rue des Basses Saunerettes;49190;49292;Val-du-Layon;Saint-Aubin-de-Luigné;;-0.661832;47.326479
49292_ude182_00016;16;;les Barres;49190;49292;Val-du-Layon;Saint-Aubin-de-Luigné;;-0.679971;47.334068
49292_0100_00013;13;;Rue Pasteur;49750;49292;Val-du-Layon;Saint-Lambert-du-Lattay;;-0.635261;47.303489
49292_0751_00015;15;;Rue de la Saulaie;49190;49292;Val-du-Layon;Saint-Aubin-de-Luigné;;-0.664672;47.321481
49292_b673_00009;9;;Sainte Foy;49750;49292;Val-du-Layon;Saint-Lambert-du-Lattay;;-0.672519;47.292169
49292_0107_00011;11;;Rue du Petit Clos;49750;49292;Val-du-Layon;Saint-Lambert-du-Lattay;;-0.641829;47.298498
49292_0092_00022;22;;Rue Maurice Massignon;49750;49292;Val-du-Layon;Saint-Lambert-du-Lattay;;-0.632585;47.302582
49292_0724_00016;16;;Route de Bellevue;49190;49292;Val-du-Layon;Saint-Aubin-de-Luigné;;-0.652417;47.334551
49292_0032_00068;68;;Rue de la Belle Angevine;49750;49292;Val-du-Layon;Saint-Lambert-du-Lattay;;-0.636753;47.297895
49292_94ylro_00010;10;;la Gauterie;49750;49292;Val-du-Layon;Saint-Lambert-du-Lattay;;-0.639168;47.313886
49292_0036_00002;2;;Rue des Bonnes Blanches;49750;49292;Val-du-Layon;Saint-Lambert-du-Lattay;;-0.632138;47.30221
49292_0120_00039;39;;Rue Rabelais;49750;49292;Val-du-Layon;Saint-Lambert-du-Lattay;;-0.639096;47.30232
49292_0063_00002;2;;Rue des Erables;49750;49292;Val-du-Layon;Saint-Lambert-du-Lattay;;-0.645275;47.304137
49292_l1y6tn_00421;421;;Route des Hauts de Chaume;49190;49292;Val-du-Layon;Saint-Aubin-de-Luigné;;-0.692772;47.339525
49292_s1syp5_01250;1250;;Route de Saint-Laurent-de-la-Plaine;49750;49292;Val-du-Layon;Saint-Lambert-du-Lattay;;-0.657789;47.304106
49292_0200_00015_bis;15;Bis;Rue des Cormiers;49750;49292;Val-du-Layon;Saint-Lambert-du-Lattay;;-0.642626;47.304934
49292_0736_00022;22;;Chemin des Meuniers;49190;49292;Val-du-Layon;Saint-Aubin-de-Luigné;;-0.662245;47.327984
49292_0758_00004;4;;Chemin des Treize Vents;49190;49292;Val-du-Layon;Saint-Aubin-de-Luigné;;-0.656192;47.331598
49292_5r1qnr_00010;10;;le Layon;49750;49292;Val-du-Layon;Saint-Lambert-du-Lattay;;-0.63801;47.316758
49292_0752_00011;11;;Rue René Gasnier;49190;49292;Val-du-Layon;Saint-Aubin-de-Luigné;;-0.694602;47.343868
49292_0050_00018;18;;Rue des Chesnaies;49750;49292;Val-du-Layon;Saint-Lambert-du-Lattay;;-0.629686;47.306305
49292_0032_00049;49;;Rue de la Belle Angevine;49750;49292;Val-du-Layon;Saint-Lambert-du-Lattay;;-0.638368;47.29638
49292_0731_00007;7;;Chemin de Girouard;49190;49292;Val-du-Layon;Saint-Aubin-de-Luigné;;-0.663073;47.324706
49292_0739_00004;4;;Rue du Père Girault;49190;49292;Val-du-Layon;Saint-Aubin-de-Luigné;;-0.663998;47.3247
49292_b888_00003;3;;le Petit Beauvais;49190;49292;Val-du-Layon;Saint-Aubin-de-Luigné;;-0.670507;47.335082
49292_0032_00019;19;;Rue de la Belle Angevine;49750;49292;Val-du-Layon;Saint-Lambert-du-Lattay;;-0.632629;47.301004
49292_0754_00012;12;;Rue de Chantemerle;49190;49292;Val-du-Layon;Saint-Aubin-de-Luigné;;-0.665384;47.329007
49292_94ylro_00017;17;;la Gauterie;49750;49292;Val-du-Layon;Saint-Lambert-du-Lattay;;-0.638454;47.31548
49292_3wucgw_00002;2;;Chemin de la Haute Guerche;49190;49292;Val-du-Layon;Saint-Aubin-de-Luigné;;-0.676611;47.317317
49292_xw6yzz_00004;4;;le Defay;49190;49292;Val-du-Layon;Saint-Aubin-de-Luigné;;-0.659057;47.319128
49292_0045_00001;1;;Rue de la Chauvière;49750;49292;Val-du-Layon;Saint-Lambert-du-Lattay;;-0.627052;47.304526
49292_0732_00001;1;;Rue de la Herse;49190;49292;Val-du-Layon;Saint-Aubin-de-Luigné;;-0.667673;47.328497
49292_b209_00007;7;;le Coin de l'Hyrôme;49750;49292;Val-du-Layon;Saint-Lambert-du-Lattay;;-0.611333;47.305838
49292_xy4vxq_00007;7;;la Vérollière;49750;49292;Val-du-Layon;Saint-Lambert-du-Lattay;;-0.603211;47.300068
49292_0119_00004;4;;Chemin de la Prée;49750;49292;Val-du-Layon;Saint-Lambert-du-Lattay;;-0.64108;47.295519
49292_0014_00011;11;;Rue des Acacias;49750;49292;Val-du-Layon;Saint-Lambert-du-Lattay;;-0.644194;47.305031
49292_0032_00013;13;;Rue de la Belle Angevine;49750;49292;Val-du-Layon;Saint-Lambert-du-Lattay;;-0.632463;47.301137
49292_0096_00004;4;;Allée des Myosotis;49750;49292;Val-du-Layon;Saint-Lambert-du-Lattay;;-0.643136;47.308028
49292_0736_00007;7;;Chemin des Meuniers;49190;49292;Val-du-Layon;Saint-Aubin-de-Luigné;;-0.663102;47.326536
49292_0057_00011;11;;Rue de la Coudraye;49750;49292;Val-du-Layon;Saint-Lambert-du-Lattay;;-0.63261;47.299884
49292_0078_00010;10;;Chemin des Grandes Tailles;49750;49292;Val-du-Layon;Saint-Lambert-du-Lattay;;-0.641675;47.291342
49292_0032_00001;1;;Rue de la Belle Angevine;49750;49292;Val-du-Layon;Saint-Lambert-du-Lattay;;-0.63217;47.301413
49292_0733_00016;16;;Rue Jean de Pontoise;49190;49292;Val-du-Layon;Saint-Aubin-de-Luigné;;-0.670684;47.327854
49292_5r1qnr_00008;8;;le Layon;49750;49292;Val-du-Layon;Saint-Lambert-du-Lattay;;-0.638449;47.316676
49292_0120_00028;28;;Rue Rabelais;49750;49292;Val-du-Layon;Saint-Lambert-du-Lattay;;-0.634933;47.302048
49292_0724_00015;15;;Route de Bellevue;49190;49292;Val-du-Layon;Saint-Aubin-de-Luigné;;-0.660882;47.32515
49292_0055_00008;8;;Allée des Coquelicots;49750;49292;Val-du-Layon;Saint-Lambert-du-Lattay;;-0.641619;47.307899
49292_0078_00007;7;;Chemin des Grandes Tailles;49750;49292;Val-du-Layon;Saint-Lambert-du-Lattay;;-0.645172;47.28993
49292_0114_00025;25;;Rue des Quatre Chemins;49750;49292;Val-du-Layon;Saint-Lambert-du-Lattay;;-0.636472;47.305949
49292_44e9g3_00004;4;;Rue de la Fontaine des Sarrazins;49750;49292;Val-du-Layon;Saint-Lambert-du-Lattay;;-0.631799;47.301086
49292_y5w1le_00002;2;;la Genaiserie;49190;49292;Val-du-Layon;Saint-Aubin-de-Luigné;;-0.682635;47.334155
49292_0057_00009;9;;Rue de la Coudraye;49750;49292;Val-du-Layon;Saint-Lambert-du-Lattay;;-0.633176;47.300076
49292_0032_00056;56;;Rue de la Belle Angevine;49750;49292;Val-du-Layon;Saint-Lambert-du-Lattay;;-0.63571;47.298804
49292_0092_00001_e;1;E;Rue Maurice Massignon;49750;49292;Val-du-Layon;Saint-Lambert-du-Lattay;;-0.631894;47.302352
49292_cwoyu1_00001;1;;la Carrière;49750;49292;Val-du-Layon;Saint-Aubin-de-Luigné;;-0.677767;47.313649
49292_0076_00010;10;;Rue des Hirondelles;49750;49292;Val-du-Layon;Saint-Lambert-du-Lattay;;-0.654666;47.300286
49292_0094_00017;17;;Allée des Muscaris;49750;49292;Val-du-Layon;Saint-Lambert-du-Lattay;;-0.648656;47.307916
49292_0057_00017;17;;Rue de la Coudraye;49750;49292;Val-du-Layon;Saint-Lambert-du-Lattay;;-0.631549;47.300086
49292_gxsl9s_00002;2;;Rue de la Deripée;49190;49292;Val-du-Layon;Saint-Aubin-de-Luigné;;-0.692711;47.342526
49292_0108_00002_bis;2;Bis;Rue du Pont-Barré;49750;49292;Val-du-Layon;Saint-Lambert-du-Lattay;;-0.631153;47.302015
49292_0094_00001;1;;Allée des Muscaris;49750;49292;Val-du-Layon;Saint-Lambert-du-Lattay;;-0.647089;47.307882
49292_0032_00040;40;;Rue de la Belle Angevine;49750;49292;Val-du-Layon;Saint-Lambert-du-Lattay;;-0.634383;47.299802
49292_0724_00011;11;;Route de Bellevue;49190;49292;Val-du-Layon;Saint-Aubin-de-Luigné;;-0.661472;47.325182
49292_0076_00009;9;;Rue des Hirondelles;49750;49292;Val-du-Layon;Saint-Lambert-du-Lattay;;-0.655323;47.300513
49292_0732_00002_ter;2;Ter;Rue de la Herse;49190;49292;Val-du-Layon;Saint-Aubin-de-Luigné;;-0.667988;47.328351
49292_0725_00035;35;;Rue du Canal de Monsieur;49190;49292;Val-du-Layon;Saint-Aubin-de-Luigné;;-0.665633;47.326081
49292_s1syp5_00480;480;;Route de Saint-Laurent-de-la-Plaine;49750;49292;Val-du-Layon;Saint-Lambert-du-Lattay;;-0.647769;47.303204
49292_0754_00009;9;;Rue de Chantemerle;49190;49292;Val-du-Layon;Saint-Aubin-de-Luigné;;-0.664319;47.328339
49292_0108_00013;13;;Rue du Pont-Barré;49750;49292;Val-du-Layon;Saint-Lambert-du-Lattay;;-0.630413;47.302193
49292_u5u5f3_00004;4;;la Poilane;49190;49292;Val-du-Layon;Saint-Aubin-de-Luigné;;-0.65478;47.317813
49292_gxsl9s_00008;8;;Rue de la Deripée;49190;49292;Val-du-Layon;Saint-Aubin-de-Luigné;;-0.692807;47.343354
49292_xy4vxq_00003;3;;la Vérollière;49750;49292;Val-du-Layon;Saint-Lambert-du-Lattay;;-0.605538;47.299691
49292_0727_00002;2;;Rue des Coteaux;49190;49292;Val-du-Layon;Saint-Aubin-de-Luigné;;-0.670498;47.329547
49292_0096_00003;3;;Allée des Myosotis;49750;49292;Val-du-Layon;Saint-Lambert-du-Lattay;;-0.645207;47.309584
49292_0140_00002;2;;Rue des Tonneliers;49750;49292;Val-du-Layon;Saint-Lambert-du-Lattay;;-0.631887;47.302471
49292_0132_00001;1;;Rue des Sauvins;49750;49292;Val-du-Layon;Saint-Lambert-du-Lattay;;-0.63267;47.303691
49292_phtmcq_01890;1890;;Route de Saint-Laurent-de-la-Plaine;49190;49292;Val-du-Layon;Saint-Aubin-de-Luigné;;-0.666132;47.30485
49292_ude182_00004;4;;les Barres;49190;49292;Val-du-Layon;Saint-Aubin-de-Luigné;;-0.680521;47.33305
49292_0727_00003;3;;Rue des Coteaux;49190;49292;Val-du-Layon;Saint-Aubin-de-Luigné;;-0.669977;47.330122
49292_0767_00013;13;;Rue des Basses Saunerettes;49190;49292;Val-du-Layon;Saint-Aubin-de-Luigné;;-0.661388;47.326133
49292_0107_00002;2;;Rue du Petit Clos;49750;49292;Val-du-Layon;Saint-Lambert-du-Lattay;;-0.640967;47.299937
49292_ib7hmy_00008;8;;l'Ollulière;49750;49292;Val-du-Layon;Saint-Lambert-du-Lattay;;-0.651812;47.316703
49292_0bkugt_00008;8;;le Landreau;49750;49292;Val-du-Layon;Saint-Lambert-du-Lattay;;-0.652293;47.285382
49292_0151_00002;2;;Allée des Violettes;49750;49292;Val-du-Layon;Saint-Lambert-du-Lattay;;-0.642537;47.308785
49292_b673_00010;10;;Sainte Foy;49750;49292;Val-du-Layon;Saint-Lambert-du-Lattay;;-0.672706;47.292418
49292_0100_00039;39;;Rue Pasteur;49750;49292;Val-du-Layon;Saint-Lambert-du-Lattay;;-0.640188;47.305582
49292_0045_00002;2;;Rue de la Chauvière;49750;49292;Val-du-Layon;Saint-Lambert-du-Lattay;;-0.625462;47.305243
49292_0096_00002_h;2;H;Allée des Myosotis;49750;49292;Val-du-Layon;Saint-Lambert-du-Lattay;;-0.644239;47.308805
49292_0140_00008;8;;Rue des Tonneliers;49750;49292;Val-du-Layon;Saint-Lambert-du-Lattay;;-0.631824;47.302955
49292_0032_00050;50;;Rue de la Belle Angevine;49750;49292;Val-du-Layon;Saint-Lambert-du-Lattay;;-0.6353;47.29907
49292_ude182_00007;7;;les Barres;49190;49292;Val-du-Layon;Saint-Aubin-de-Luigné;;-0.680724;47.333973
49292_nbxt2t_00002;2;;Tartifume;49190;49292;Val-du-Layon;Saint-Aubin-de-Luigné;;-0.674025;47.335317
49292_0101_00007;7;;Allée des Pervenches;49750;49292;Val-du-Layon;Saint-Lambert-du-Lattay;;-0.645309;47.309448
49292_0108_00030;30;;Rue du Pont-Barré;49750;49292;Val-du-Layon;Saint-Lambert-du-Lattay;;-0.628354;47.303415
49292_0092_00003;3;;Rue Maurice Massignon;49750;49292;Val-du-Layon;Saint-Lambert-du-Lattay;;-0.632652;47.30253
49292_w82cde_00002;2;;Chemin de la Fresnaye;49190;49292;Val-du-Layon;Saint-Aubin-de-Luigné;;-0.665191;47.307306
49292_u5u5f3_00005;5;;la Poilane;49190;49292;Val-du-Layon;Saint-Aubin-de-Luigné;;-0.654086;47.31732
49292_0150_00004;4;;Rue du Val d'Hyrôme;49750;49292;Val-du-Layon;Saint-Lambert-du-Lattay;;-0.624988;47.301037
49292_0095_00006;6;;Chemin des Moulins;49750;49292;Val-du-Layon;Saint-Lambert-du-Lattay;;-0.639578;47.291219
49292_0725_00051;51;;Rue du Canal de Monsieur;49190;49292;Val-du-Layon;Saint-Aubin-de-Luigné;;-0.664848;47.325657
49292_0724_00023;23;;Route de Bellevue;49190;49292;Val-du-Layon;Saint-Aubin-de-Luigné;;-0.65427;47.331162
49292_0120_00045;45;;Rue Rabelais;49750;49292;Val-du-Layon;Saint-Lambert-du-Lattay;;-0.639938;47.302391
49292_0034_00007;7;;Rue du Bon Repos;49750;49292;Val-du-Layon;Saint-Lambert-du-Lattay;;-0.63274;47.30338
49292_0728_00011;11;;Place de l'Eglise;49190;49292;Val-du-Layon;Saint-Aubin-de-Luigné;;-0.670676;47.329189
49292_0730_00002;2;;Rue de la Gare;49190;49292;Val-du-Layon;Saint-Aubin-de-Luigné;;-0.667012;47.325772
49292_0738_00015;15;;Rue du Paradis;49190;49292;Val-du-Layon;Saint-Aubin-de-Luigné;;-0.663718;47.326903
49292_0741_00004;4;;Rue de Roule Cul;49190;49292;Val-du-Layon;Saint-Aubin-de-Luigné;;-0.670806;47.3296
49292_0057_00003;3;;Rue de la Coudraye;49750;49292;Val-du-Layon;Saint-Lambert-du-Lattay;;-0.633378;47.300203
49292_0108_00025_bis;25;Bis;Rue du Pont-Barré;49750;49292;Val-du-Layon;Saint-Lambert-du-Lattay;;-0.628795;47.303343
49292_0300_00004;4;;Allée des Tilleuls;49750;49292;Val-du-Layon;Saint-Lambert-du-Lattay;;-0.642742;47.306211
49292_0032_00060;60;;Rue de la Belle Angevine;49750;49292;Val-du-Layon;Saint-Lambert-du-Lattay;;-0.635921;47.298551
49292_0055_00010;10;;Allée des Coquelicots;49750;49292;Val-du-Layon;Saint-Lambert-du-Lattay;;-0.64165;47.308007
49292_0096_00011;11;;Allée des Myosotis;49750;49292;Val-du-Layon;Saint-Lambert-du-Lattay;;-0.644242;47.308874
49292_0100_00037;37;;Rue Pasteur;49750;49292;Val-du-Layon;Saint-Lambert-du-Lattay;;-0.639828;47.305484
49292_0152_00004;4;;Place des Vignerons;49750;49292;Val-du-Layon;Saint-Lambert-du-Lattay;;-0.633165;47.299893
49292_0032_00047;47;;Rue de la Belle Angevine;49750;49292;Val-du-Layon;Saint-Lambert-du-Lattay;;-0.638055;47.29632
49292_0114_00008;8;;Rue des Quatre Chemins;49750;49292;Val-du-Layon;Saint-Lambert-du-Lattay;;-0.634678;47.306057
49292_0115_00005_bis;5;Bis;Rue du Petit Chesneau;49750;49292;Val-du-Layon;Saint-Lambert-du-Lattay;;-0.643177;47.299558
49292_0150_00010;10;;Rue du Val d'Hyrôme;49750;49292;Val-du-Layon;Saint-Lambert-du-Lattay;;-0.622129;47.301833
49292_0096_00002_a;2;A;Allée des Myosotis;49750;49292;Val-du-Layon;Saint-Lambert-du-Lattay;;-0.644938;47.309415
49292_ude182_00002;2;;les Barres;49190;49292;Val-du-Layon;Saint-Aubin-de-Luigné;;-0.680317;47.333186
49292_0729_00001;1;;Place de la Gare;49190;49292;Val-du-Layon;Saint-Aubin-de-Luigné;;-0.667642;47.326197
49292_0100_00009_bis;9;Bis;Rue Pasteur;49750;49292;Val-du-Layon;Saint-Lambert-du-Lattay;;-0.634735;47.303196
49292_0727_00005;5;;Rue des Coteaux;49190;49292;Val-du-Layon;Saint-Aubin-de-Luigné;;-0.669359;47.330409
49292_u5u5f3_00010;10;;la Poilane;49190;49292;Val-du-Layon;Saint-Aubin-de-Luigné;;-0.653598;47.317147
49292_0120_00023;23;;Rue Rabelais;49750;49292;Val-du-Layon;Saint-Lambert-du-Lattay;;-0.636349;47.302071
49292_8tpgee_00003;3;;la Tesserie;49190;49292;Val-du-Layon;Saint-Aubin-de-Luigné;;-0.695062;47.309191
49292_0014_00009;9;;Rue des Acacias;49750;49292;Val-du-Layon;Saint-Lambert-du-Lattay;;-0.644444;47.304926
49292_0767_00005;5;;Rue des Basses Saunerettes;49190;49292;Val-du-Layon;Saint-Aubin-de-Luigné;;-0.662069;47.326489
49292_0014_00004;4;;Rue des Acacias;49750;49292;Val-du-Layon;Saint-Lambert-du-Lattay;;-0.644543;47.304714
49292_0109_00006;6;;Allée des Primevères;49750;49292;Val-du-Layon;Saint-Lambert-du-Lattay;;-0.64286;47.308894
49292_0093_00002;2;;Rue des Mésanges;49750;49292;Val-du-Layon;Saint-Lambert-du-Lattay;;-0.653479;47.299117
49292_0056_00008;8;;Rue du Coteau des Martyrs;49750;49292;Val-du-Layon;Saint-Lambert-du-Lattay;;-0.633929;47.299216
49292_0120_00041;41;;Rue Rabelais;49750;49292;Val-du-Layon;Saint-Lambert-du-Lattay;;-0.63939;47.302346
49292_0102_00002;2;;Rue de Périnelle;49750;49292;Val-du-Layon;Saint-Lambert-du-Lattay;;-0.631917;47.301376
49292_0045_00004;4;;Rue de la Chauvière;49750;49292;Val-du-Layon;Saint-Lambert-du-Lattay;;-0.625191;47.305188
49292_0056_00014;14;;Rue du Coteau des Martyrs;49750;49292;Val-du-Layon;Saint-Lambert-du-Lattay;;-0.631718;47.298323
49292_wopwr8_00002;2;;Chemin de la Rangée;49750;49292;Val-du-Layon;Saint-Lambert-du-Lattay;;-0.642229;47.291235
49292_0155_00002;2;;Rue des Varennes;49750;49292;Val-du-Layon;Saint-Lambert-du-Lattay;;-0.639916;47.302647
49292_0122_00004;4;;Place du Ronceray;49750;49292;Val-du-Layon;Saint-Lambert-du-Lattay;;-0.632278;47.301575
49292_0030_00012;12;;Rue du Bellay;49750;49292;Val-du-Layon;Saint-Lambert-du-Lattay;;-0.639567;47.301823
49292_b810_00001;1;;Clos des Saulaies;49190;49292;Val-du-Layon;Saint-Aubin-de-Luigné;;-0.661082;47.322283
49292_0040_00003;3;;Place du Cardinal Luçon;49750;49292;Val-du-Layon;Saint-Lambert-du-Lattay;;-0.632041;47.302071
49292_0010_00008;8;;Rue de l'Abbé Brémond;49750;49292;Val-du-Layon;Saint-Lambert-du-Lattay;;-0.634552;47.300601
49292_0032_00052_d;52;D;Rue de la Belle Angevine;49750;49292;Val-du-Layon;Saint-Lambert-du-Lattay;;-0.635878;47.299135
49292_0751_00013;13;;Rue de la Saulaie;49190;49292;Val-du-Layon;Saint-Aubin-de-Luigné;;-0.664011;47.321567
49292_0761_00001;1;;Venelle des Mineurs;49190;49292;Val-du-Layon;Saint-Aubin-de-Luigné;;-0.692902;47.342343
49292_w1ki9t_00003;3;;les Hardières;49750;49292;Val-du-Layon;Saint-Lambert-du-Lattay;;-0.65272;47.307143
49292_0155_00021;21;;Rue des Varennes;49750;49292;Val-du-Layon;Saint-Lambert-du-Lattay;;-0.638108;47.304759
49292_0014_00002;2;;Rue des Acacias;49750;49292;Val-du-Layon;Saint-Lambert-du-Lattay;;-0.644686;47.304533
49292_0093_00004;4;;Rue des Mésanges;49750;49292;Val-du-Layon;Saint-Lambert-du-Lattay;;-0.653469;47.298875
49292_b413_00001;1;;Moulin Neuf;49750;49292;Val-du-Layon;Saint-Lambert-du-Lattay;;-0.635764;47.286119
49292_0063_00001;1;;Rue des Erables;49750;49292;Val-du-Layon;Saint-Lambert-du-Lattay;;-0.644844;47.304084
49292_0736_00014;14;;Chemin des Meuniers;49190;49292;Val-du-Layon;Saint-Aubin-de-Luigné;;-0.663042;47.326855
49292_3wucgw_00006;6;;Chemin de la Haute Guerche;49190;49292;Val-du-Layon;Saint-Aubin-de-Luigné;;-0.67735;47.317565
49292_0747_00014;14;;Rue des Grands Vaux;49190;49292;Val-du-Layon;Saint-Aubin-de-Luigné;;-0.664585;47.327353
49292_0200_00009;9;;Rue des Cormiers;49750;49292;Val-du-Layon;Saint-Lambert-du-Lattay;;-0.641856;47.304556
49292_l59rib_00001;1;;Sauveroy;49750;49292;Val-du-Layon;Saint-Lambert-du-Lattay;;-0.646328;47.290289
49292_0114_00021;21;;Rue des Quatre Chemins;49750;49292;Val-du-Layon;Saint-Lambert-du-Lattay;;-0.63631;47.305951
49292_0108_00027_bis;27;Bis;Rue du Pont-Barré;49750;49292;Val-du-Layon;Saint-Lambert-du-Lattay;;-0.628355;47.303649
49292_5hv0y3_00004;4;;Allée du Honchereau;49750;49292;Val-du-Layon;Saint-Lambert-du-Lattay;;-0.628008;47.30487
49292_0736_00018;18;;Chemin des Meuniers;49190;49292;Val-du-Layon;Saint-Aubin-de-Luigné;;-0.662441;47.327513
49292_ude182_00001;1;;les Barres;49190;49292;Val-du-Layon;Saint-Aubin-de-Luigné;;-0.679867;47.333222
49292_0034_00013;13;;Rue du Bon Repos;49750;49292;Val-du-Layon;Saint-Lambert-du-Lattay;;-0.632631;47.303636
49292_0761_00002;2;;Venelle des Mineurs;49190;49292;Val-du-Layon;Saint-Aubin-de-Luigné;;-0.692916;47.342206
49292_0755_00003;3;;Chemin des Mérances;49190;49292;Val-du-Layon;Saint-Aubin-de-Luigné;;-0.654772;47.331735
49292_0724_00021;21;;Route de Bellevue;49190;49292;Val-du-Layon;Saint-Aubin-de-Luigné;;-0.654444;47.330756
49292_0078_00001_bis;1;Bis;Chemin des Grandes Tailles;49750;49292;Val-du-Layon;Saint-Lambert-du-Lattay;;-0.642348;47.290852
49292_0019_00004_bis;4;Bis;Rue des Alouettes;49750;49292;Val-du-Layon;Saint-Lambert-du-Lattay;;-0.653439;47.29946
49292_0749_00001;1;;Rue des Vignes;49190;49292;Val-du-Layon;Saint-Aubin-de-Luigné;;-0.665147;47.326885
49292_0120_00013;13;;Rue Rabelais;49750;49292;Val-du-Layon;Saint-Lambert-du-Lattay;;-0.634568;47.301913
49292_0078_00008;8;;Chemin des Grandes Tailles;49750;49292;Val-du-Layon;Saint-Lambert-du-Lattay;;-0.64164;47.291427
49292_0732_00006;6;;Rue de la Herse;49190;49292;Val-du-Layon;Saint-Aubin-de-Luigné;;-0.667109;47.328763
49292_0724_00010;10;;Route de Bellevue;49190;49292;Val-du-Layon;Saint-Aubin-de-Luigné;;-0.65863;47.326218
49292_0723_00005;5;;Rue des Roitelets;49750;49292;Val-du-Layon;Saint-Lambert-du-Lattay;;-0.65224;47.299054
49292_0115_00005;5;;Rue du Petit Chesneau;49750;49292;Val-du-Layon;Saint-Lambert-du-Lattay;;-0.643145;47.299588
49292_0bkugt_00001;1;;le Landreau;49750;49292;Val-du-Layon;Saint-Lambert-du-Lattay;;-0.651423;47.285881
49292_0114_00005;5;;Rue des Quatre Chemins;49750;49292;Val-du-Layon;Saint-Lambert-du-Lattay;;-0.634645;47.305984
49292_0747_00009;9;;Rue des Grands Vaux;49190;49292;Val-du-Layon;Saint-Aubin-de-Luigné;;-0.664504;47.327115
49292_0724_00019;19;;Route de Bellevue;49190;49292;Val-du-Layon;Saint-Aubin-de-Luigné;;-0.654905;47.329576
49292_0108_00034;34;;Rue du Pont-Barré;49750;49292;Val-du-Layon;Saint-Lambert-du-Lattay;;-0.627695;47.303829
49292_0050_00014;14;;Rue des Chesnaies;49750;49292;Val-du-Layon;Saint-Lambert-du-Lattay;;-0.629042;47.30616
49292_0747_00018;18;;Rue des Grands Vaux;49190;49292;Val-du-Layon;Saint-Aubin-de-Luigné;;-0.664365;47.327074
49292_0766_00005;5;;Route de la Corniche Angevine;49190;49292;Val-du-Layon;Saint-Aubin-de-Luigné;;-0.690843;47.344208
49292_0086_00006;6;;Rue du Layon;49750;49292;Val-du-Layon;Saint-Lambert-du-Lattay;;-0.636759;47.30476
49292_0036_00003;3;;Rue des Bonnes Blanches;49750;49292;Val-du-Layon;Saint-Lambert-du-Lattay;;-0.632265;47.302118
49292_0725_00045;45;;Rue du Canal de Monsieur;49190;49292;Val-du-Layon;Saint-Aubin-de-Luigné;;-0.665034;47.325761
49292_0142_00013;13;;Rue de la Treille;49750;49292;Val-du-Layon;Saint-Lambert-du-Lattay;;-0.633703;47.300782
49292_y5w1le_00001;1;;la Genaiserie;49190;49292;Val-du-Layon;Saint-Aubin-de-Luigné;;-0.684074;47.334642
49292_xw6yzz_00006;6;;le Defay;49190;49292;Val-du-Layon;Saint-Aubin-de-Luigné;;-0.659245;47.316462
49292_0736_00002;2;;Chemin des Meuniers;49190;49292;Val-du-Layon;Saint-Aubin-de-Luigné;;-0.664046;47.325392
49292_0059_00015;15;;Allée des Eglantines;49750;49292;Val-du-Layon;Saint-Lambert-du-Lattay;;-0.645367;47.308264
49292_0725_00040;40;;Rue du Canal de Monsieur;49190;49292;Val-du-Layon;Saint-Aubin-de-Luigné;;-0.666586;47.326755
49292_0034_00011;11;;Rue du Bon Repos;49750;49292;Val-du-Layon;Saint-Lambert-du-Lattay;;-0.632678;47.303512
49292_0760_00008;8;;Promenade Alfred de Musset;49190;49292;Val-du-Layon;Saint-Aubin-de-Luigné;;-0.695803;47.343416
49292_0732_00007;7;;Rue de la Herse;49190;49292;Val-du-Layon;Saint-Aubin-de-Luigné;;-0.667192;47.328697
49292_0100_00017;17;;Rue Pasteur;49750;49292;Val-du-Layon;Saint-Lambert-du-Lattay;;-0.635954;47.303981
49292_0100_00019;19;;Rue Pasteur;49750;49292;Val-du-Layon;Saint-Lambert-du-Lattay;;-0.636393;47.304201
49292_1hrwf0_00002;2;;la Binotière;49750;49292;Val-du-Layon;Saint-Aubin-de-Luigné;;-0.692971;47.308495
49292_0130_00001;1;;Rue Saint-Vincent;49750;49292;Val-du-Layon;Saint-Lambert-du-Lattay;;-0.631985;47.30345
49292_0095_00003;3;;Chemin des Moulins;49750;49292;Val-du-Layon;Saint-Lambert-du-Lattay;;-0.641272;47.291093
49292_0737_00014;14;;Chemin de la Mine;49190;49292;Val-du-Layon;Saint-Aubin-de-Luigné;;-0.666497;47.329872
49292_0120_00003;3;;Rue Rabelais;49750;49292;Val-du-Layon;Saint-Lambert-du-Lattay;;-0.632815;47.301755
49292_0079_00007;7;;Chemin du Grand Clos;49750;49292;Val-du-Layon;Saint-Lambert-du-Lattay;;-0.63911;47.291774
49292_0059_00016;16;;Allée des Eglantines;49750;49292;Val-du-Layon;Saint-Lambert-du-Lattay;;-0.645814;47.308567
49292_0025_00003;3;;Allée de la Beaumette;49750;49292;Val-du-Layon;Saint-Lambert-du-Lattay;;-0.645907;47.30984
49292_0114_00011;11;;Rue des Quatre Chemins;49750;49292;Val-du-Layon;Saint-Lambert-du-Lattay;;-0.635489;47.305887
49292_zlyb07_00009;9;;l'Aujardière;49750;49292;Val-du-Layon;Saint-Lambert-du-Lattay;;-0.658385;47.297693
49292_0747_00008;8;;Rue des Grands Vaux;49190;49292;Val-du-Layon;Saint-Aubin-de-Luigné;;-0.664895;47.327918
49292_0055_00014;14;;Allée des Coquelicots;49750;49292;Val-du-Layon;Saint-Lambert-du-Lattay;;-0.641576;47.3087
49292_0034_00003_bis;3;Bis;Rue du Bon Repos;49750;49292;Val-du-Layon;Saint-Lambert-du-Lattay;;-0.632731;47.302958
49292_0108_00012;12;;Rue du Pont-Barré;49750;49292;Val-du-Layon;Saint-Lambert-du-Lattay;;-0.630356;47.302044
49292_0758_00013;13;;Chemin des Treize Vents;49190;49292;Val-du-Layon;Saint-Aubin-de-Luigné;;-0.654781;47.332313
49292_0738_00002_bis;2;Bis;Rue du Paradis;49190;49292;Val-du-Layon;Saint-Aubin-de-Luigné;;-0.665299;47.326348
49292_0045_00007;7;;Rue de la Chauvière;49750;49292;Val-du-Layon;Saint-Lambert-du-Lattay;;-0.626034;47.305232
49292_nbxt2t_00001;1;;Tartifume;49190;49292;Val-du-Layon;Saint-Aubin-de-Luigné;;-0.673132;47.335073
49292_0736_00004;4;;Chemin des Meuniers;49190;49292;Val-du-Layon;Saint-Aubin-de-Luigné;;-0.663948;47.325531
49292_0120_00025;25;;Rue Rabelais;49750;49292;Val-du-Layon;Saint-Lambert-du-Lattay;;-0.636427;47.30208
49292_0727_00006;6;;Rue des Coteaux;49190;49292;Val-du-Layon;Saint-Aubin-de-Luigné;;-0.669885;47.330458
49292_0059_00007;7;;Allée des Eglantines;49750;49292;Val-du-Layon;Saint-Lambert-du-Lattay;;-0.644126;47.307611
49292_0105_00004;4;;Allée des Plantes;49750;49292;Val-du-Layon;Saint-Lambert-du-Lattay;;-0.632048;47.300025
49292_0074_00002;2;;Chemin de la Fontaine;49750;49292;Val-du-Layon;Saint-Lambert-du-Lattay;;-0.640498;47.290833
49292_0108_00028;28;;Rue du Pont-Barré;49750;49292;Val-du-Layon;Saint-Lambert-du-Lattay;;-0.628489;47.303347
49292_0076_00003;3;;Rue des Hirondelles;49750;49292;Val-du-Layon;Saint-Lambert-du-Lattay;;-0.654963;47.300309
49292_0153_00003;3;;Allée des Vignes;49750;49292;Val-du-Layon;Saint-Lambert-du-Lattay;;-0.634895;47.305541
49292_0093_00003;3;;Rue des Mésanges;49750;49292;Val-du-Layon;Saint-Lambert-du-Lattay;;-0.65335;47.298887
49292_0767_00014;14;;Rue des Basses Saunerettes;49190;49292;Val-du-Layon;Saint-Aubin-de-Luigné;;-0.66167;47.326394
49292_w1ki9t_00004;4;;les Hardières;49750;49292;Val-du-Layon;Saint-Lambert-du-Lattay;;-0.65164;47.307142
49292_0130_00007;7;;Rue Saint-Vincent;49750;49292;Val-du-Layon;Saint-Lambert-du-Lattay;;-0.63062;47.303867
49292_0095_00001;1;;Chemin des Moulins;49750;49292;Val-du-Layon;Saint-Lambert-du-Lattay;;-0.641789;47.291097
49292_0725_00027;27;;Rue du Canal de Monsieur;49190;49292;Val-du-Layon;Saint-Aubin-de-Luigné;;-0.667161;47.327063
49292_0767_00001;1;;Rue des Basses Saunerettes;49190;49292;Val-du-Layon;Saint-Aubin-de-Luigné;;-0.662363;47.326695
49292_0250_00013;13;;Rue des Frênes;49750;49292;Val-du-Layon;Saint-Lambert-du-Lattay;;-0.642408;47.305878
49292_0754_00013;13;;Rue de Chantemerle;49190;49292;Val-du-Layon;Saint-Aubin-de-Luigné;;-0.663755;47.327699
49292_xradm9_00014;14;;Valette;49190;49292;Val-du-Layon;Saint-Aubin-de-Luigné;;-0.685472;47.327633
49292_0043_00003;3;;Rue des Ceps;49750;49292;Val-du-Layon;Saint-Lambert-du-Lattay;;-0.635693;47.304586
49292_0725_00025;25;;Rue du Canal de Monsieur;49190;49292;Val-du-Layon;Saint-Aubin-de-Luigné;;-0.667374;47.327279
49292_5r1qnr_00027;27;;le Layon;49750;49292;Val-du-Layon;Saint-Lambert-du-Lattay;;-0.638245;47.31689
49292_0010_00002;2;;Rue de l'Abbé Brémond;49750;49292;Val-du-Layon;Saint-Lambert-du-Lattay;;-0.634078;47.300886
49292_851mfp_00001;1;;la Chauvetterie;49190;49292;Val-du-Layon;Saint-Aubin-de-Luigné;;-0.664726;47.323583
49292_xradm9_00018;18;;Valette;49190;49292;Val-du-Layon;Saint-Aubin-de-Luigné;;-0.687278;47.328755
49292_0045_00006;6;;Rue de la Chauvière;49750;49292;Val-du-Layon;Saint-Lambert-du-Lattay;;-0.625055;47.305148
49292_44e9g3_00001;1;;Rue de la Fontaine des Sarrazins;49750;49292;Val-du-Layon;Saint-Lambert-du-Lattay;;-0.63168;47.301226
49292_0032_00048;48;;Rue de la Belle Angevine;49750;49292;Val-du-Layon;Saint-Lambert-du-Lattay;;-0.635089;47.299232
49292_0043_00007;7;;Rue des Ceps;49750;49292;Val-du-Layon;Saint-Lambert-du-Lattay;;-0.635922;47.304745
49292_ude182_00028;28;;les Barres;49190;49292;Val-du-Layon;Saint-Aubin-de-Luigné;;-0.680083;47.333378
49292_0114_00006;6;;Rue des Quatre Chemins;49750;49292;Val-du-Layon;Saint-Lambert-du-Lattay;;-0.634548;47.306071
49292_0063_00009;9;;Rue des Erables;49750;49292;Val-du-Layon;Saint-Lambert-du-Lattay;;-0.643801;47.304721
49292_0063_00007;7;;Rue des Erables;49750;49292;Val-du-Layon;Saint-Lambert-du-Lattay;;-0.644035;47.304404
49292_0034_00012;12;;Rue du Bon Repos;49750;49292;Val-du-Layon;Saint-Lambert-du-Lattay;;-0.631658;47.305041
49292_epg5p5_00004;4;;la Musse;49750;49292;Val-du-Layon;Saint-Lambert-du-Lattay;;-0.658609;47.293968
49292_b888_00009;9;;le Petit Beauvais;49190;49292;Val-du-Layon;Saint-Aubin-de-Luigné;;-0.669615;47.335722
49292_0105_00009;9;;Allée des Plantes;49750;49292;Val-du-Layon;Saint-Lambert-du-Lattay;;-0.632139;47.30049
49292_0100_00023;23;;Rue Pasteur;49750;49292;Val-du-Layon;Saint-Lambert-du-Lattay;;-0.638866;47.305084
49292_0250_00014;14;;Rue des Frênes;49750;49292;Val-du-Layon;Saint-Lambert-du-Lattay;;-0.643216;47.305754
49292_5hv0y3_00003;3;;Allée du Honchereau;49750;49292;Val-du-Layon;Saint-Lambert-du-Lattay;;-0.627871;47.304891
49292_0754_00022;22;;Rue de Chantemerle;49190;49292;Val-du-Layon;Saint-Aubin-de-Luigné;;-0.664436;47.328477
49292_0130_00009;9;;Rue Saint-Vincent;49750;49292;Val-du-Layon;Saint-Lambert-du-Lattay;;-0.630437;47.304184
49292_0032_00018;18;;Rue de la Belle Angevine;49750;49292;Val-du-Layon;Saint-Lambert-du-Lattay;;-0.63314;47.300791
49292_a020_00005;5;;ZA du Gué Menois;49750;49292;Val-du-Layon;Saint-Lambert-du-Lattay;;-0.64254;47.303362
49292_0032_00022;22;;Rue de la Belle Angevine;49750;49292;Val-du-Layon;Saint-Lambert-du-Lattay;;-0.633335;47.300636
49292_0096_00009;9;;Allée des Myosotis;49750;49292;Val-du-Layon;Saint-Lambert-du-Lattay;;-0.644459;47.309147
49292_0032_00027;27;;Rue de la Belle Angevine;49750;49292;Val-du-Layon;Saint-Lambert-du-Lattay;;-0.633236;47.300512
49292_0200_00010;10;;Rue des Cormiers;49750;49292;Val-du-Layon;Saint-Lambert-du-Lattay;;-0.642447;47.304942
49292_0731_00004;4;;Chemin de Girouard;49190;49292;Val-du-Layon;Saint-Aubin-de-Luigné;;-0.663297;47.324859
49292_0059_00026;26;;Allée des Eglantines;49750;49292;Val-du-Layon;Saint-Lambert-du-Lattay;;-0.64742;47.308577
49292_94ylro_00014;14;;la Gauterie;49750;49292;Val-du-Layon;Saint-Lambert-du-Lattay;;-0.63894;47.314473
49292_0728_00009_a;9;A;Place de l'Eglise;49190;49292;Val-du-Layon;Saint-Aubin-de-Luigné;;-0.67104;47.329556
49292_0250_00004;4;;Rue des Frênes;49750;49292;Val-du-Layon;Saint-Lambert-du-Lattay;;-0.640974;47.305588
49292_0728_00009;9;;Place de l'Eglise;49190;49292;Val-du-Layon;Saint-Aubin-de-Luigné;;-0.670805;47.329456
49292_0725_00019_bis;19;Bis;Rue du Canal de Monsieur;49190;49292;Val-du-Layon;Saint-Aubin-de-Luigné;;-0.667936;47.327715
49292_0725_00030;30;;Rue du Canal de Monsieur;49190;49292;Val-du-Layon;Saint-Aubin-de-Luigné;;-0.667445;47.327447
49292_0100_00008;8;;Rue Pasteur;49750;49292;Val-du-Layon;Saint-Lambert-du-Lattay;;-0.634513;47.303214
49292_0036_00005;5;;Rue des Bonnes Blanches;49750;49292;Val-du-Layon;Saint-Lambert-du-Lattay;;-0.632286;47.302177
49292_b866_00002;2;;la Maison Neuve;49190;49292;Val-du-Layon;Saint-Aubin-de-Luigné;;-0.678343;47.306128
49292_0751_00010;10;;Rue de la Saulaie;49190;49292;Val-du-Layon;Saint-Aubin-de-Luigné;;-0.664795;47.321378
49292_9pb21a_00004;4;;le Carrouer;49190;49292;Val-du-Layon;Saint-Aubin-de-Luigné;;-0.671777;47.337197
49292_0032_00028;28;;Rue de la Belle Angevine;49750;49292;Val-du-Layon;Saint-Lambert-du-Lattay;;-0.633774;47.300274
49292_0130_00004;4;;Rue Saint-Vincent;49750;49292;Val-du-Layon;Saint-Lambert-du-Lattay;;-0.63126;47.303399
49292_0032_00076;76;;Rue de la Belle Angevine;49750;49292;Val-du-Layon;Saint-Lambert-du-Lattay;;-0.638841;47.296196
49292_0043_00010;10;;Rue des Ceps;49750;49292;Val-du-Layon;Saint-Lambert-du-Lattay;;-0.635458;47.304894
49292_0754_00004;4;;Rue de Chantemerle;49190;49292;Val-du-Layon;Saint-Aubin-de-Luigné;;-0.665894;47.328612
49292_0097_00002;2;;Allée de l'Orangerie;49750;49292;Val-du-Layon;Saint-Lambert-du-Lattay;;-0.633021;47.300023
49292_0752_00010;10;;Rue René Gasnier;49190;49292;Val-du-Layon;Saint-Aubin-de-Luigné;;-0.694488;47.345261
49292_0120_00026;26;;Rue Rabelais;49750;49292;Val-du-Layon;Saint-Lambert-du-Lattay;;-0.634707;47.302028
49292_0200_00003;3;;Rue des Cormiers;49750;49292;Val-du-Layon;Saint-Lambert-du-Lattay;;-0.641703;47.305081
49292_0079_00009;9;;Chemin du Grand Clos;49750;49292;Val-du-Layon;Saint-Lambert-du-Lattay;;-0.638621;47.291775
49292_0728_00010;10;;Place de l'Eglise;49190;49292;Val-du-Layon;Saint-Aubin-de-Luigné;;-0.67074;47.32934
49292_0010_00005;5;;Rue de l'Abbé Brémond;49750;49292;Val-du-Layon;Saint-Lambert-du-Lattay;;-0.634557;47.300511
49292_0096_00001;1;;Allée des Myosotis;49750;49292;Val-du-Layon;Saint-Lambert-du-Lattay;;-0.645348;47.309644
49292_0056_00011;11;;Rue du Coteau des Martyrs;49750;49292;Val-du-Layon;Saint-Lambert-du-Lattay;;-0.632363;47.298717
49292_0108_00018;18;;Rue du Pont-Barré;49750;49292;Val-du-Layon;Saint-Lambert-du-Lattay;;-0.629451;47.302689
49292_0063_00020;20;;Rue des Erables;49750;49292;Val-du-Layon;Saint-Lambert-du-Lattay;;-0.643757;47.304453
49292_0086_00013;13;;Rue du Layon;49750;49292;Val-du-Layon;Saint-Lambert-du-Lattay;;-0.636037;47.305262
49292_0077_00005;5;;Rue de la Gagnerie;49750;49292;Val-du-Layon;Saint-Lambert-du-Lattay;;-0.634967;47.304386
49292_0032_00007;7;;Rue de la Belle Angevine;49750;49292;Val-du-Layon;Saint-Lambert-du-Lattay;;-0.63234;47.301237
49292_b673_00005;5;;Sainte Foy;49750;49292;Val-du-Layon;Saint-Lambert-du-Lattay;;-0.672156;47.291854
49292_0046_00002;2;;Chemin de Chanteloup;49750;49292;Val-du-Layon;Saint-Lambert-du-Lattay;;-0.644433;47.289692
49292_0030_00018;18;;Rue du Bellay;49750;49292;Val-du-Layon;Saint-Lambert-du-Lattay;;-0.640333;47.301754
49292_0120_00005;5;;Rue Rabelais;49750;49292;Val-du-Layon;Saint-Lambert-du-Lattay;;-0.63309;47.301785
49292_0105_00007;7;;Allée des Plantes;49750;49292;Val-du-Layon;Saint-Lambert-du-Lattay;;-0.632246;47.300411
49292_0117_00002;2;;Chemin des Petites Tailles;49750;49292;Val-du-Layon;Saint-Lambert-du-Lattay;;-0.641533;47.294985
49292_0747_00003;3;;Rue des Grands Vaux;49190;49292;Val-du-Layon;Saint-Aubin-de-Luigné;;-0.665535;47.328056
49292_0736_00012;12;;Chemin des Meuniers;49190;49292;Val-du-Layon;Saint-Aubin-de-Luigné;;-0.663441;47.326299
49292_0300_00003;3;;Allée des Tilleuls;49750;49292;Val-du-Layon;Saint-Lambert-du-Lattay;;-0.642742;47.30612
49292_0737_00006;6;;Chemin de la Mine;49190;49292;Val-du-Layon;Saint-Aubin-de-Luigné;;-0.668533;47.329213
49292_0733_00018;18;;Rue Jean de Pontoise;49190;49292;Val-du-Layon;Saint-Aubin-de-Luigné;;-0.671498;47.327766
49292_0032_00066;66;;Rue de la Belle Angevine;49750;49292;Val-du-Layon;Saint-Lambert-du-Lattay;;-0.636686;47.297945
49292_0738_00004;4;;Rue du Paradis;49190;49292;Val-du-Layon;Saint-Aubin-de-Luigné;;-0.665034;47.326581
49292_0105_00002;2;;Allée des Plantes;49750;49292;Val-du-Layon;Saint-Lambert-du-Lattay;;-0.632128;47.299959
49292_0724_00007;7;;Route de Bellevue;49190;49292;Val-du-Layon;Saint-Aubin-de-Luigné;;-0.662042;47.325212
49292_0il228_00001;1;;Route de Rablay;49750;49292;Val-du-Layon;Saint-Lambert-du-Lattay;;-0.62645;47.303906
49292_b745_00004;4;;la Basse Orière;49190;49292;Val-du-Layon;Saint-Aubin-de-Luigné;;-0.688309;47.301882
49292_0755_00001;1;;Chemin des Mérances;49190;49292;Val-du-Layon;Saint-Aubin-de-Luigné;;-0.654516;47.331855
49292_0032_00030;30;;Rue de la Belle Angevine;49750;49292;Val-du-Layon;Saint-Lambert-du-Lattay;;-0.63386;47.300207
49292_w1ki9t_00008;8;;les Hardières;49750;49292;Val-du-Layon;Saint-Lambert-du-Lattay;;-0.652632;47.307255
49292_0738_00013;13;;Rue du Paradis;49190;49292;Val-du-Layon;Saint-Aubin-de-Luigné;;-0.663933;47.326912
49292_0122_00010;10;;Place du Ronceray;49750;49292;Val-du-Layon;Saint-Lambert-du-Lattay;;-0.631777;47.301586
49292_0086_00005;5;;Rue du Layon;49750;49292;Val-du-Layon;Saint-Lambert-du-Lattay;;-0.636509;47.305262
49292_0200_00025;25;;Rue des Cormiers;49750;49292;Val-du-Layon;Saint-Lambert-du-Lattay;;-0.643919;47.305624
49292_0756_00002;2;;Chemin de Pissot;49190;49292;Val-du-Layon;Saint-Aubin-de-Luigné;;-0.653634;47.331797
49292_0300_00008;8;;Allée des Tilleuls;49750;49292;Val-du-Layon;Saint-Lambert-du-Lattay;;-0.643009;47.306456
49292_0122_00006;6;;Place du Ronceray;49750;49292;Val-du-Layon;Saint-Lambert-du-Lattay;;-0.632239;47.301517
49292_5r1qnr_00015;15;;le Layon;49750;49292;Val-du-Layon;Saint-Lambert-du-Lattay;;-0.638744;47.316919
49292_0086_00003;3;;Rue du Layon;49750;49292;Val-du-Layon;Saint-Lambert-du-Lattay;;-0.636765;47.304992
49292_0250_00005;5;;Rue des Frênes;49750;49292;Val-du-Layon;Saint-Lambert-du-Lattay;;-0.640821;47.305368
49292_0096_00002_b;2;B;Allée des Myosotis;49750;49292;Val-du-Layon;Saint-Lambert-du-Lattay;;-0.644682;47.309358
49292_0120_00038;38;;Rue Rabelais;49750;49292;Val-du-Layon;Saint-Lambert-du-Lattay;;-0.637636;47.302296
49292_0731_00008;8;;Chemin de Girouard;49190;49292;Val-du-Layon;Saint-Aubin-de-Luigné;;-0.662486;47.324544
49292_0107_00019;19;;Rue du Petit Clos;49750;49292;Val-du-Layon;Saint-Lambert-du-Lattay;;-0.642301;47.297651
49292_8ieq4u_00002;2;;Rue des Louetteries;49190;49292;Val-du-Layon;Saint-Aubin-de-Luigné;;-0.66748;47.328077
49292_0094_00005;5;;Allée des Muscaris;49750;49292;Val-du-Layon;Saint-Lambert-du-Lattay;;-0.647393;47.307581
49292_0079_00002_bis;2;Bis;Chemin du Grand Clos;49750;49292;Val-du-Layon;Saint-Lambert-du-Lattay;;-0.639856;47.292119
49292_0059_00011;11;;Allée des Eglantines;49750;49292;Val-du-Layon;Saint-Lambert-du-Lattay;;-0.644911;47.307956
49292_0140_00010;10;;Rue des Tonneliers;49750;49292;Val-du-Layon;Saint-Lambert-du-Lattay;;-0.631803;47.303023
49292_0050_00004_bis;4;Bis;Rue des Chesnaies;49750;49292;Val-du-Layon;Saint-Lambert-du-Lattay;;-0.627869;47.305711
49292_0116_00003;3;;Impasse du Petit Puits;49750;49292;Val-du-Layon;Saint-Lambert-du-Lattay;;-0.642331;47.299609
49292_xrukqh_00006;6;;Impasse du Châtaignier;49750;49292;Val-du-Layon;Saint-Lambert-du-Lattay;;-0.642691;47.305572
49292_0056_00010;10;;Rue du Coteau des Martyrs;49750;49292;Val-du-Layon;Saint-Lambert-du-Lattay;;-0.633634;47.299025
49292_p07vh3_00001;1;;Route de Chanzeaux;49750;49292;Val-du-Layon;Saint-Aubin-de-Luigné;;-0.680325;47.301994
49292_94ylro_00005;5;;la Gauterie;49750;49292;Val-du-Layon;Saint-Lambert-du-Lattay;;-0.639522;47.313869
49292_5hv0y3_00006;6;;Allée du Honchereau;49750;49292;Val-du-Layon;Saint-Lambert-du-Lattay;;-0.627598;47.304787
49292_0083_00001;1;;Allée des Iris;49750;49292;Val-du-Layon;Saint-Lambert-du-Lattay;;-0.644837;47.309649
49292_0747_00012;12;;Rue des Grands Vaux;49190;49292;Val-du-Layon;Saint-Aubin-de-Luigné;;-0.664631;47.327818
49292_0756_00004;4;;Chemin de Pissot;49190;49292;Val-du-Layon;Saint-Aubin-de-Luigné;;-0.653574;47.331772
49292_0109_00003_bis;3;Bis;Allée des Primevères;49750;49292;Val-du-Layon;Saint-Lambert-du-Lattay;;-0.642661;47.308997
49292_0100_00001;1;;Rue Pasteur;49750;49292;Val-du-Layon;Saint-Lambert-du-Lattay;;-0.633137;47.30285
49292_phtmcq_02000;2000;;Route de Saint-Laurent-de-la-Plaine;49190;49292;Val-du-Layon;Saint-Aubin-de-Luigné;;-0.667593;47.304976
49292_0034_00024;24;;Rue du Bon Repos;49750;49292;Val-du-Layon;Saint-Lambert-du-Lattay;;-0.631076;47.307385
49292_0059_00022;22;;Allée des Eglantines;49750;49292;Val-du-Layon;Saint-Lambert-du-Lattay;;-0.647048;47.308517
49292_0055_00001_bis;1;Bis;Allée des Coquelicots;49750;49292;Val-du-Layon;Saint-Lambert-du-Lattay;;-0.642262;47.307523
49292_0760_00002;2;;Promenade Alfred de Musset;49190;49292;Val-du-Layon;Saint-Aubin-de-Luigné;;-0.694991;47.343338
49292_0109_00008;8;;Allée des Primevères;49750;49292;Val-du-Layon;Saint-Lambert-du-Lattay;;-0.642204;47.309007
49292_0116_00007;7;;Impasse du Petit Puits;49750;49292;Val-du-Layon;Saint-Lambert-du-Lattay;;-0.642354;47.299842
49292_0155_00019;19;;Rue des Varennes;49750;49292;Val-du-Layon;Saint-Lambert-du-Lattay;;-0.638273;47.304588
49292_5r1qnr_00006;6;;le Layon;49750;49292;Val-du-Layon;Saint-Lambert-du-Lattay;;-0.638351;47.316485
49292_0054_00003;3;;Impasse du Clos du Bois;49750;49292;Val-du-Layon;Saint-Lambert-du-Lattay;;-0.637239;47.315795
49292_0767_00004;4;;Rue des Basses Saunerettes;49190;49292;Val-du-Layon;Saint-Aubin-de-Luigné;;-0.662462;47.326954
49292_0032_00062_bis;62;Bis;Rue de la Belle Angevine;49750;49292;Val-du-Layon;Saint-Lambert-du-Lattay;;-0.636104;47.298405
49292_0728_00005;5;;Place de l'Eglise;49190;49292;Val-du-Layon;Saint-Aubin-de-Luigné;;-0.669949;47.32911
49292_0742_00006;6;;Rue des Saunerettes;49190;49292;Val-du-Layon;Saint-Aubin-de-Luigné;;-0.663025;47.325883
49292_0115_00006;6;;Rue du Petit Chesneau;49750;49292;Val-du-Layon;Saint-Lambert-du-Lattay;;-0.64295;47.299822
49292_0754_00001;1;;Rue de Chantemerle;49190;49292;Val-du-Layon;Saint-Aubin-de-Luigné;;-0.665185;47.32858
49292_0153_00008;8;;Allée des Vignes;49750;49292;Val-du-Layon;Saint-Lambert-du-Lattay;;-0.635267;47.305362
49292_0155_00015;15;;Rue des Varennes;49750;49292;Val-du-Layon;Saint-Lambert-du-Lattay;;-0.638602;47.304261
49292_nc4pkb_00008;8;;Chemin de la Bergerie;49190;49292;Val-du-Layon;Saint-Aubin-de-Luigné;;-0.675485;47.322215
49292_0032_00004;4;;Rue de la Belle Angevine;49750;49292;Val-du-Layon;Saint-Lambert-du-Lattay;;-0.632383;47.301384
49292_y5w1le_00014;14;;la Genaiserie;49190;49292;Val-du-Layon;Saint-Aubin-de-Luigné;;-0.684007;47.335745
49292_0040_00005;5;;Place du Cardinal Luçon;49750;49292;Val-du-Layon;Saint-Lambert-du-Lattay;;-0.631936;47.302065
49292_0092_00001_f;1;F;Rue Maurice Massignon;49750;49292;Val-du-Layon;Saint-Lambert-du-Lattay;;-0.631857;47.302329
49292_0114_00015;15;;Rue des Quatre Chemins;49750;49292;Val-du-Layon;Saint-Lambert-du-Lattay;;-0.635848;47.305921
49292_7g1p4c_00001;1;;Bretonneau;49750;49292;Val-du-Layon;Saint-Lambert-du-Lattay;;-0.629907;47.296239
49292_0120_00018;18;;Rue Rabelais;49750;49292;Val-du-Layon;Saint-Lambert-du-Lattay;;-0.633788;47.301947
49292_0057_00019;19;;Rue de la Coudraye;49750;49292;Val-du-Layon;Saint-Lambert-du-Lattay;;-0.631302;47.300064
49292_94ylro_00021;21;;la Gauterie;49750;49292;Val-du-Layon;Saint-Lambert-du-Lattay;;-0.638338;47.315821
49292_l1y6tn_03084;3084;;Route des Hauts de Chaume;49190;49292;Val-du-Layon;Saint-Aubin-de-Luigné;;-0.658791;47.338452
49292_0050_00007;7;;Rue des Chesnaies;49750;49292;Val-du-Layon;Saint-Lambert-du-Lattay;;-0.628633;47.305979
49292_0059_00003;3;;Allée des Eglantines;49750;49292;Val-du-Layon;Saint-Lambert-du-Lattay;;-0.64353;47.307196
49292_0046_00004_bis;4;Bis;Chemin de Chanteloup;49750;49292;Val-du-Layon;Saint-Lambert-du-Lattay;;-0.644328;47.289707
49292_0019_00004;4;;Rue des Alouettes;49750;49292;Val-du-Layon;Saint-Lambert-du-Lattay;;-0.652839;47.299368
49292_0113_00003;3;;Rue de la Petite Dousarde;49750;49292;Val-du-Layon;Saint-Lambert-du-Lattay;;-0.641856;47.300572
49292_0077_00019;19;;Rue de la Gagnerie;49750;49292;Val-du-Layon;Saint-Lambert-du-Lattay;;-0.630748;47.304954
49292_0057_00005;5;;Rue de la Coudraye;49750;49292;Val-du-Layon;Saint-Lambert-du-Lattay;;-0.633305;47.300159
49292_8tpgee_00001;1;;la Tesserie;49190;49292;Val-du-Layon;Saint-Aubin-de-Luigné;;-0.695073;47.309133
49292_0758_00001;1;;Chemin des Treize Vents;49190;49292;Val-du-Layon;Saint-Aubin-de-Luigné;;-0.656518;47.331005
49292_a020_00002;2;;ZA du Gué Menois;49750;49292;Val-du-Layon;Saint-Lambert-du-Lattay;;-0.642704;47.302863
49292_0063_00022;22;;Rue des Erables;49750;49292;Val-du-Layon;Saint-Lambert-du-Lattay;;-0.643523;47.30467
49292_0034_00004;4;;Rue du Bon Repos;49750;49292;Val-du-Layon;Saint-Lambert-du-Lattay;;-0.632659;47.302864
49292_0725_00046;46;;Rue du Canal de Monsieur;49190;49292;Val-du-Layon;Saint-Aubin-de-Luigné;;-0.666322;47.326569
49292_y5w1le_00006;6;;la Genaiserie;49190;49292;Val-du-Layon;Saint-Aubin-de-Luigné;;-0.683164;47.334619
49292_zlyb07_00006;6;;l'Aujardière;49750;49292;Val-du-Layon;Saint-Lambert-du-Lattay;;-0.658297;47.297585
49292_0032_00054_bis;54;Bis;Rue de la Belle Angevine;49750;49292;Val-du-Layon;Saint-Lambert-du-Lattay;;-0.636076;47.299024
49292_0085_00008;8;;Rue des Lacas;49750;49292;Val-du-Layon;Saint-Lambert-du-Lattay;;-0.645672;47.303976
49292_0081_00002;2;;Rue Jean Tissot;49750;49292;Val-du-Layon;Saint-Lambert-du-Lattay;;-0.636168;47.302493
49292_0737_00004;4;;Chemin de la Mine;49190;49292;Val-du-Layon;Saint-Aubin-de-Luigné;;-0.668713;47.32909
49292_0046_00010;10;;Chemin de Chanteloup;49750;49292;Val-du-Layon;Saint-Lambert-du-Lattay;;-0.642876;47.289781
49292_b673_00014;14;;Sainte Foy;49750;49292;Val-du-Layon;Saint-Lambert-du-Lattay;;-0.673471;47.292718
49292_0767_00008;8;;Rue des Basses Saunerettes;49190;49292;Val-du-Layon;Saint-Aubin-de-Luigné;;-0.662215;47.326709
49292_0076_00008;8;;Rue des Hirondelles;49750;49292;Val-du-Layon;Saint-Lambert-du-Lattay;;-0.654357;47.300085
49292_94ylro_00002;2;;la Gauterie;49750;49292;Val-du-Layon;Saint-Lambert-du-Lattay;;-0.639426;47.312902
49292_0250_00011;11;;Rue des Frênes;49750;49292;Val-du-Layon;Saint-Lambert-du-Lattay;;-0.642349;47.305877
49292_0030_00014;14;;Rue du Bellay;49750;49292;Val-du-Layon;Saint-Lambert-du-Lattay;;-0.639694;47.3018
49292_b762_00001;1;;Carrefour Corbin;49190;49292;Val-du-Layon;Saint-Aubin-de-Luigné;;-0.69951;47.340913
49292_0731_00001;1;;Chemin de Girouard;49190;49292;Val-du-Layon;Saint-Aubin-de-Luigné;;-0.66372;47.324945
49292_0094_00007;7;;Allée des Muscaris;49750;49292;Val-du-Layon;Saint-Lambert-du-Lattay;;-0.647838;47.30773
49292_0725_00021;21;;Rue du Canal de Monsieur;49190;49292;Val-du-Layon;Saint-Aubin-de-Luigné;;-0.667809;47.327625
49292_0114_00014;14;;Rue des Quatre Chemins;49750;49292;Val-du-Layon;Saint-Lambert-du-Lattay;;-0.635338;47.305977
49292_0059_00019;19;;Allée des Eglantines;49750;49292;Val-du-Layon;Saint-Lambert-du-Lattay;;-0.646112;47.30841
49292_0736_00016;16;;Chemin des Meuniers;49190;49292;Val-du-Layon;Saint-Aubin-de-Luigné;;-0.662936;47.32697
49292_0132_00019;19;;Rue des Sauvins;49750;49292;Val-du-Layon;Saint-Lambert-du-Lattay;;-0.634035;47.305263
49292_0063_00008;8;;Rue des Erables;49750;49292;Val-du-Layon;Saint-Lambert-du-Lattay;;-0.644718;47.303936
49292_0725_00027_bis;27;Bis;Rue du Canal de Monsieur;49190;49292;Val-du-Layon;Saint-Aubin-de-Luigné;;-0.666963;47.326896
49292_0727_00005_ter;5;Ter;Rue des Coteaux;49190;49292;Val-du-Layon;Saint-Aubin-de-Luigné;;-0.669135;47.33038
49292_0153_00006;6;;Allée des Vignes;49750;49292;Val-du-Layon;Saint-Lambert-du-Lattay;;-0.635279;47.305397
49292_0725_00037;37;;Rue du Canal de Monsieur;49190;49292;Val-du-Layon;Saint-Aubin-de-Luigné;;-0.665437;47.325981
49292_0754_00011;11;;Rue de Chantemerle;49190;49292;Val-du-Layon;Saint-Aubin-de-Luigné;;-0.664079;47.328232
49292_0059_00027;27;;Allée des Eglantines;49750;49292;Val-du-Layon;Saint-Lambert-du-Lattay;;-0.648001;47.308676
49292_0739_00002;2;;Rue du Père Girault;49190;49292;Val-du-Layon;Saint-Aubin-de-Luigné;;-0.663996;47.324827
49292_0724_00017;17;;Route de Bellevue;49190;49292;Val-du-Layon;Saint-Aubin-de-Luigné;;-0.658178;47.326685
49292_xradm9_00020;20;;Valette;49190;49292;Val-du-Layon;Saint-Aubin-de-Luigné;;-0.687864;47.329181
49292_0748_00006;6;;Rue du Rocher;49190;49292;Val-du-Layon;Saint-Aubin-de-Luigné;;-0.663847;47.322895
49292_0114_00003;3;;Rue des Quatre Chemins;49750;49292;Val-du-Layon;Saint-Lambert-du-Lattay;;-0.634406;47.306005
49292_0091_00004;4;;Chemin de la Martinière;49750;49292;Val-du-Layon;Saint-Lambert-du-Lattay;;-0.642733;47.290187
49292_0725_00017;17;;Rue du Canal de Monsieur;49190;49292;Val-du-Layon;Saint-Aubin-de-Luigné;;-0.6685;47.328022
49292_0074_00001_bis;1;Bis;Chemin de la Fontaine;49750;49292;Val-du-Layon;Saint-Lambert-du-Lattay;;-0.640451;47.290753
49292_0092_00005;5;;Rue Maurice Massignon;49750;49292;Val-du-Layon;Saint-Lambert-du-Lattay;;-0.632759;47.302537
49292_0120_00027;27;;Rue Rabelais;49750;49292;Val-du-Layon;Saint-Lambert-du-Lattay;;-0.636755;47.302111
49292_0766_00006;6;;Route de la Corniche Angevine;49190;49292;Val-du-Layon;Saint-Aubin-de-Luigné;;-0.677452;47.347146
49292_0120_00012;12;;Rue Rabelais;49750;49292;Val-du-Layon;Saint-Lambert-du-Lattay;;-0.633225;47.301897
49292_0152_00001;1;;Place des Vignerons;49750;49292;Val-du-Layon;Saint-Lambert-du-Lattay;;-0.633707;47.299936
49292_0764_00006;6;;Chemin des Essarts;49190;49292;Val-du-Layon;Saint-Aubin-de-Luigné;;-0.690425;47.342166
49292_94ylro_00013;13;;la Gauterie;49750;49292;Val-du-Layon;Saint-Lambert-du-Lattay;;-0.638642;47.315092
49292_0754_00008;8;;Rue de Chantemerle;49190;49292;Val-du-Layon;Saint-Aubin-de-Luigné;;-0.665563;47.328851
49292_0132_00008_bis;8;Bis;Rue des Sauvins;49750;49292;Val-du-Layon;Saint-Lambert-du-Lattay;;-0.633942;47.305563
49292_0104_00003;3;;Rue du Pin;49750;49292;Val-du-Layon;Saint-Lambert-du-Lattay;;-0.633878;47.303594
49292_0723_00001;1;;Rue des Roitelets;49750;49292;Val-du-Layon;Saint-Lambert-du-Lattay;;-0.652869;47.298843
49292_a020_00008;8;;ZA du Gué Menois;49750;49292;Val-du-Layon;Saint-Lambert-du-Lattay;;-0.642826;47.303358
49292_0725_00049;49;;Rue du Canal de Monsieur;49190;49292;Val-du-Layon;Saint-Aubin-de-Luigné;;-0.665155;47.325458
49292_0043_00008;8;;Rue des Ceps;49750;49292;Val-du-Layon;Saint-Lambert-du-Lattay;;-0.635109;47.304843
49292_0063_00004;4;;Rue des Erables;49750;49292;Val-du-Layon;Saint-Lambert-du-Lattay;;-0.645184;47.304107
49292_0765_00002;2;;Chemin des Perrotelles;49190;49292;Val-du-Layon;Saint-Aubin-de-Luigné;;-0.669205;47.318971
49292_0200_00018;18;;Rue des Cormiers;49750;49292;Val-du-Layon;Saint-Lambert-du-Lattay;;-0.643066;47.305226
49292_0749_00002;2;;Rue des Vignes;49190;49292;Val-du-Layon;Saint-Aubin-de-Luigné;;-0.665035;47.32684
49292_0725_00019;19;;Rue du Canal de Monsieur;49190;49292;Val-du-Layon;Saint-Aubin-de-Luigné;;-0.668348;47.327942
49292_b5h3n8_00001;1;;la Roche;49190;49292;Val-du-Layon;Saint-Aubin-de-Luigné;;-0.681221;47.326631
49292_xw6yzz_00005;5;;le Defay;49190;49292;Val-du-Layon;Saint-Aubin-de-Luigné;;-0.656321;47.319776
49292_b5h3n8_00002;2;;la Roche;49190;49292;Val-du-Layon;Saint-Aubin-de-Luigné;;-0.680837;47.326508
49292_0758_00005;5;;Chemin des Treize Vents;49190;49292;Val-du-Layon;Saint-Aubin-de-Luigné;;-0.656185;47.331451
49292_0114_00020;20;;Rue des Quatre Chemins;49750;49292;Val-du-Layon;Saint-Lambert-du-Lattay;;-0.636336;47.306031
49292_0045_00005;5;;Rue de la Chauvière;49750;49292;Val-du-Layon;Saint-Lambert-du-Lattay;;-0.626458;47.304945
49292_0120_00032_ter;32;Ter;Rue Rabelais;49750;49292;Val-du-Layon;Saint-Lambert-du-Lattay;;-0.636243;47.302233
49292_0153_00002;2;;Allée des Vignes;49750;49292;Val-du-Layon;Saint-Lambert-du-Lattay;;-0.635016;47.305674
49292_0761_00010;10;;Venelle des Mineurs;49190;49292;Val-du-Layon;Saint-Aubin-de-Luigné;;-0.692872;47.343001
49292_0760_00001;1;;Promenade Alfred de Musset;49190;49292;Val-du-Layon;Saint-Aubin-de-Luigné;;-0.695862;47.343479
49292_0754_00030;30;;Rue de Chantemerle;49190;49292;Val-du-Layon;Saint-Aubin-de-Luigné;;-0.663636;47.32808
49292_xl4cbz_00004;4;;la Thébauderie;49190;49292;Val-du-Layon;Saint-Aubin-de-Luigné;;-0.671299;47.338614
49292_0077_00002;2;;Rue de la Gagnerie;49750;49292;Val-du-Layon;Saint-Lambert-du-Lattay;;-0.635116;47.304116
49292_nc4pkb_00006;6;;Chemin de la Bergerie;49190;49292;Val-du-Layon;Saint-Aubin-de-Luigné;;-0.668224;47.32222
49292_0738_00011;11;;Rue du Paradis;49190;49292;Val-du-Layon;Saint-Aubin-de-Luigné;;-0.664001;47.326898
49292_b209_00003;3;;le Coin de l'Hyrôme;49750;49292;Val-du-Layon;Saint-Lambert-du-Lattay;;-0.610882;47.305462
49292_t4n9fx_00003;3;;la Midonnière;49750;49292;Val-du-Layon;Saint-Lambert-du-Lattay;;-0.6041;47.303981
49292_0076_00014;14;;Rue des Hirondelles;49750;49292;Val-du-Layon;Saint-Lambert-du-Lattay;;-0.655021;47.30057
49292_0725_00001;1;;Rue du Canal de Monsieur;49190;49292;Val-du-Layon;Saint-Aubin-de-Luigné;;-0.669989;47.328695
49292_dqgb4w_00004;4;;Chemin de la Guiberdière;49190;49292;Val-du-Layon;Saint-Aubin-de-Luigné;;-0.67353;47.30205
49292_b866_00004;4;;la Maison Neuve;49190;49292;Val-du-Layon;Saint-Aubin-de-Luigné;;-0.67793;47.306796
49292_0759_00001;1;;Square de Chantemerle;49190;49292;Val-du-Layon;Saint-Aubin-de-Luigné;;-0.663216;47.32771
49292_94ylro_00003;3;;la Gauterie;49750;49292;Val-du-Layon;Saint-Lambert-du-Lattay;;-0.639365;47.313498
49292_vrfukj_00007;7;;la Gourdinière;49190;49292;Val-du-Layon;Saint-Aubin-de-Luigné;;-0.686624;47.345203
49292_0748_00013;13;;Rue du Rocher;49190;49292;Val-du-Layon;Saint-Aubin-de-Luigné;;-0.665049;47.321754
49292_0036_00009;9;;Rue des Bonnes Blanches;49750;49292;Val-du-Layon;Saint-Lambert-du-Lattay;;-0.632299;47.302317
49292_0060_00001;1;;Rue Emile Godillon;49750;49292;Val-du-Layon;Saint-Lambert-du-Lattay;;-0.633205;47.301963
49292_0725_00032;32;;Rue du Canal de Monsieur;49190;49292;Val-du-Layon;Saint-Aubin-de-Luigné;;-0.667402;47.327417
49292_0748_00015;15;;Rue du Rocher;49190;49292;Val-du-Layon;Saint-Aubin-de-Luigné;;-0.665297;47.321522
49292_vrfukj_00005;5;;la Gourdinière;49190;49292;Val-du-Layon;Saint-Aubin-de-Luigné;;-0.686625;47.344949
49292_0074_00004;4;;Chemin de la Fontaine;49750;49292;Val-du-Layon;Saint-Lambert-du-Lattay;;-0.640634;47.290796
49292_xradm9_00004;4;;Valette;49190;49292;Val-du-Layon;Saint-Aubin-de-Luigné;;-0.683277;47.326822
49292_0748_00002;2;;Rue du Rocher;49190;49292;Val-du-Layon;Saint-Aubin-de-Luigné;;-0.663807;47.323119
49292_0754_00017;17;;Rue de Chantemerle;49190;49292;Val-du-Layon;Saint-Aubin-de-Luigné;;-0.663745;47.327625
49292_0101_00003;3;;Allée des Pervenches;49750;49292;Val-du-Layon;Saint-Lambert-du-Lattay;;-0.645374;47.309264
49292_0032_00046;46;;Rue de la Belle Angevine;49750;49292;Val-du-Layon;Saint-Lambert-du-Lattay;;-0.634775;47.299473
49292_0725_00052;52;;Rue du Canal de Monsieur;49190;49292;Val-du-Layon;Saint-Aubin-de-Luigné;;-0.666165;47.326464
49292_0114_00001;1;;Rue des Quatre Chemins;49750;49292;Val-du-Layon;Saint-Lambert-du-Lattay;;-0.634324;47.30601
49292_xradm9_00002_bis;2;Bis;Valette;49190;49292;Val-du-Layon;Saint-Aubin-de-Luigné;;-0.682612;47.326718
49292_0100_00035;35;;Rue Pasteur;49750;49292;Val-du-Layon;Saint-Lambert-du-Lattay;;-0.639775;47.305471
49292_0081_00001;1;;Rue Jean Tissot;49750;49292;Val-du-Layon;Saint-Lambert-du-Lattay;;-0.636248;47.302292
49292_0060_00002;2;;Rue Emile Godillon;49750;49292;Val-du-Layon;Saint-Lambert-du-Lattay;;-0.633096;47.302005
49292_0100_00036;36;;Rue Pasteur;49750;49292;Val-du-Layon;Saint-Lambert-du-Lattay;;-0.639301;47.305463
49292_0758_00011;11;;Chemin des Treize Vents;49190;49292;Val-du-Layon;Saint-Aubin-de-Luigné;;-0.655452;47.332105
49292_0760_00005;5;;Promenade Alfred de Musset;49190;49292;Val-du-Layon;Saint-Aubin-de-Luigné;;-0.697271;47.343345
49292_0108_00008;8;;Rue du Pont-Barré;49750;49292;Val-du-Layon;Saint-Lambert-du-Lattay;;-0.630628;47.30208
49292_0300_00002;2;;Allée des Tilleuls;49750;49292;Val-du-Layon;Saint-Lambert-du-Lattay;;-0.642606;47.306086
49292_0142_00011;11;;Rue de la Treille;49750;49292;Val-du-Layon;Saint-Lambert-du-Lattay;;-0.633642;47.300995
49292_ude182_00001_bis;1;Bis;les Barres;49190;49292;Val-du-Layon;Saint-Aubin-de-Luigné;;-0.68025;47.333346
49292_0114_00027;27;;Rue des Quatre Chemins;49750;49292;Val-du-Layon;Saint-Lambert-du-Lattay;;-0.636672;47.305965
49292_epg5p5_00003;3;;la Musse;49750;49292;Val-du-Layon;Saint-Lambert-du-Lattay;;-0.657996;47.29393
49292_0092_00006;6;;Rue Maurice Massignon;49750;49292;Val-du-Layon;Saint-Lambert-du-Lattay;;-0.631529;47.302173
49292_ude182_00011;11;;les Barres;49190;49292;Val-du-Layon;Saint-Aubin-de-Luigné;;-0.680247;47.333703
49292_0108_00007;7;;Rue du Pont-Barré;49750;49292;Val-du-Layon;Saint-Lambert-du-Lattay;;-0.63068;47.302144
49292_0120_00011_bis;11;Bis;Rue Rabelais;49750;49292;Val-du-Layon;Saint-Lambert-du-Lattay;;-0.634273;47.301809
49292_w82cde_00003;3;;Chemin de la Fresnaye;49190;49292;Val-du-Layon;Saint-Aubin-de-Luigné;;-0.66758;47.310116
49292_0100_00015;15;;Rue Pasteur;49750;49292;Val-du-Layon;Saint-Lambert-du-Lattay;;-0.635523;47.30372
49292_5hv0y3_00005;5;;Allée du Honchereau;49750;49292;Val-du-Layon;Saint-Lambert-du-Lattay;;-0.627834;47.304874
49292_kqdw10_00005;5;;Puits des Essarts;49190;49292;Val-du-Layon;Saint-Aubin-de-Luigné;;-0.68851;47.342979
49292_0096_00013;13;;Allée des Myosotis;49750;49292;Val-du-Layon;Saint-Lambert-du-Lattay;;-0.644007;47.308776
49292_0739_00006;6;;Rue du Père Girault;49190;49292;Val-du-Layon;Saint-Aubin-de-Luigné;;-0.663979;47.32454
49292_0725_00020;20;;Rue du Canal de Monsieur;49190;49292;Val-du-Layon;Saint-Aubin-de-Luigné;;-0.668309;47.328017
49292_lv5z0y_00002;2;;Rue du Pavillon;49190;49292;Val-du-Layon;Saint-Aubin-de-Luigné;;-0.691214;47.341778
49292_y5w1le_00004;4;;la Genaiserie;49190;49292;Val-du-Layon;Saint-Aubin-de-Luigné;;-0.682977;47.334257
49292_0092_00020;20;;Rue Maurice Massignon;49750;49292;Val-du-Layon;Saint-Lambert-du-Lattay;;-0.632503;47.302569
49292_b888_00011;11;;le Petit Beauvais;49190;49292;Val-du-Layon;Saint-Aubin-de-Luigné;;-0.66973;47.335423
49292_0728_00012;12;;Place de l'Eglise;49190;49292;Val-du-Layon;Saint-Aubin-de-Luigné;;-0.67067;47.329038
49292_0751_00007;7;;Rue de la Saulaie;49190;49292;Val-du-Layon;Saint-Aubin-de-Luigné;;-0.663346;47.321866
49292_0095_00005;5;;Chemin des Moulins;49750;49292;Val-du-Layon;Saint-Lambert-du-Lattay;;-0.640758;47.291015
49292_0120_00040;40;;Rue Rabelais;49750;49292;Val-du-Layon;Saint-Lambert-du-Lattay;;-0.638934;47.302413
49292_0105_00001;1;;Allée des Plantes;49750;49292;Val-du-Layon;Saint-Lambert-du-Lattay;;-0.632188;47.300073
49292_0727_00002_bis;2;Bis;Rue des Coteaux;49190;49292;Val-du-Layon;Saint-Aubin-de-Luigné;;-0.670238;47.329923
49292_0078_00005;5;;Chemin des Grandes Tailles;49750;49292;Val-du-Layon;Saint-Lambert-du-Lattay;;-0.643526;47.29065
49292_0099_00003;3;;Chemin de l'Ouche;49750;49292;Val-du-Layon;Saint-Lambert-du-Lattay;;-0.673071;47.291705
49292_0728_00014;14;;Place de l'Eglise;49190;49292;Val-du-Layon;Saint-Aubin-de-Luigné;;-0.670466;47.328867
49292_0738_00007;7;;Rue du Paradis;49190;49292;Val-du-Layon;Saint-Aubin-de-Luigné;;-0.664181;47.326853
49292_0750_00002;2;;Rue du Petit Rocher;49190;49292;Val-du-Layon;Saint-Aubin-de-Luigné;;-0.664346;47.321928
49292_0043_00001;1;;Rue des Ceps;49750;49292;Val-du-Layon;Saint-Lambert-du-Lattay;;-0.635357;47.304806
49292_0728_00009_c;9;C;Place de l'Eglise;49190;49292;Val-du-Layon;Saint-Aubin-de-Luigné;;-0.67105;47.329529
49292_0120_00019;19;;Rue Rabelais;49750;49292;Val-du-Layon;Saint-Lambert-du-Lattay;;-0.635169;47.301965
49292_xradm9_00006;6;;Valette;49190;49292;Val-du-Layon;Saint-Aubin-de-Luigné;;-0.683545;47.326867
49292_0055_00004;4;;Allée des Coquelicots;49750;49292;Val-du-Layon;Saint-Lambert-du-Lattay;;-0.642019;47.307605
49292_0094_00003;3;;Allée des Muscaris;49750;49292;Val-du-Layon;Saint-Lambert-du-Lattay;;-0.6473;47.307697
49292_0060_00002_ter;2;Ter;Rue Emile Godillon;49750;49292;Val-du-Layon;Saint-Lambert-du-Lattay;;-0.63303;47.302216
49292_0153_00010;10;;Allée des Vignes;49750;49292;Val-du-Layon;Saint-Lambert-du-Lattay;;-0.635215;47.305344
49292_0132_00006;6;;Rue des Sauvins;49750;49292;Val-du-Layon;Saint-Lambert-du-Lattay;;-0.633891;47.305278
49292_0761_00012;12;;Venelle des Mineurs;49190;49292;Val-du-Layon;Saint-Aubin-de-Luigné;;-0.692852;47.343001
49292_ude182_00020;20;;les Barres;49190;49292;Val-du-Layon;Saint-Aubin-de-Luigné;;-0.679918;47.333994
49292_0092_00006_bis;6;Bis;Rue Maurice Massignon;49750;49292;Val-du-Layon;Saint-Lambert-du-Lattay;;-0.631434;47.302407
49292_0132_00018;18;;Rue des Sauvins;49750;49292;Val-du-Layon;Saint-Lambert-du-Lattay;;-0.634055;47.306354
49292_5r1qnr_00002;2;;le Layon;49750;49292;Val-du-Layon;Saint-Lambert-du-Lattay;;-0.63827;47.316114
49292_0050_00002;2;;Rue des Chesnaies;49750;49292;Val-du-Layon;Saint-Lambert-du-Lattay;;-0.627985;47.30538
49292_0155_00004;4;;Rue des Varennes;49750;49292;Val-du-Layon;Saint-Lambert-du-Lattay;;-0.639619;47.302978
49292_0059_00015_bis;15;Bis;Allée des Eglantines;49750;49292;Val-du-Layon;Saint-Lambert-du-Lattay;;-0.645414;47.3083
49292_0104_00004;4;;Rue du Pin;49750;49292;Val-du-Layon;Saint-Lambert-du-Lattay;;-0.633806;47.303628
49292_0725_00041;41;;Rue du Canal de Monsieur;49190;49292;Val-du-Layon;Saint-Aubin-de-Luigné;;-0.665292;47.325906
49292_0739_00003;3;;Rue du Père Girault;49190;49292;Val-du-Layon;Saint-Aubin-de-Luigné;;-0.663828;47.323511
49292_0731_00005;5;;Chemin de Girouard;49190;49292;Val-du-Layon;Saint-Aubin-de-Luigné;;-0.663247;47.324777
49292_0115_00003;3;;Rue du Petit Chesneau;49750;49292;Val-du-Layon;Saint-Lambert-du-Lattay;;-0.642728;47.299811
49292_0738_00003;3;;Rue du Paradis;49190;49292;Val-du-Layon;Saint-Aubin-de-Luigné;;-0.664527;47.326769
49292_0096_00017;17;;Allée des Myosotis;49750;49292;Val-du-Layon;Saint-Lambert-du-Lattay;;-0.643235;47.308204
49292_rb4xcg_00003;3;;la Chasnière;49750;49292;Val-du-Layon;Saint-Lambert-du-Lattay;;-0.642962;47.282098
49292_0142_00008;8;;Rue de la Treille;49750;49292;Val-du-Layon;Saint-Lambert-du-Lattay;;-0.633741;47.300367
49292_0730_00008;8;;Rue de la Gare;49190;49292;Val-du-Layon;Saint-Aubin-de-Luigné;;-0.666589;47.326149
49292_0095_00002;2;;Chemin des Moulins;49750;49292;Val-du-Layon;Saint-Lambert-du-Lattay;;-0.641594;47.291047
49292_0116_00002_bis;2;Bis;Impasse du Petit Puits;49750;49292;Val-du-Layon;Saint-Lambert-du-Lattay;;-0.64226;47.299826
49292_0117_00003;3;;Chemin des Petites Tailles;49750;49292;Val-du-Layon;Saint-Lambert-du-Lattay;;-0.641624;47.294948
49292_1hrwf0_00001;1;;la Binotière;49190;49292;Val-du-Layon;Saint-Aubin-de-Luigné;;-0.692633;47.308034
49292_0120_00021;21;;Rue Rabelais;49750;49292;Val-du-Layon;Saint-Lambert-du-Lattay;;-0.636232;47.302061
49292_0101_00008;8;;Allée des Pervenches;49750;49292;Val-du-Layon;Saint-Lambert-du-Lattay;;-0.645511;47.308594
49292_0034_00007_bis;7;Bis;Rue du Bon Repos;49750;49292;Val-du-Layon;Saint-Lambert-du-Lattay;;-0.633007;47.303402
49292_0033_00001;1;;Allée des Bleuets;49750;49292;Val-du-Layon;Saint-Lambert-du-Lattay;;-0.644009;47.309231
49292_0079_00006;6;;Chemin du Grand Clos;49750;49292;Val-du-Layon;Saint-Lambert-du-Lattay;;-0.63921;47.291771
49292_b449_00001;1;;Petit Bois;49750;49292;Val-du-Layon;Saint-Lambert-du-Lattay;;-0.639547;47.298994
49292_0096_00010;10;;Allée des Myosotis;49750;49292;Val-du-Layon;Saint-Lambert-du-Lattay;;-0.642353;47.308155
49292_9pb21a_00006;6;;le Carrouer;49750;49292;Val-du-Layon;Saint-Aubin-de-Luigné;;-0.670185;47.337676
49292_0108_00006;6;;Rue du Pont-Barré;49750;49292;Val-du-Layon;Saint-Lambert-du-Lattay;;-0.630691;47.302074
49292_0250_00012;12;;Rue des Frênes;49750;49292;Val-du-Layon;Saint-Lambert-du-Lattay;;-0.642971;47.305819
49292_0766_00012;12;;Route de la Corniche Angevine;49190;49292;Val-du-Layon;Saint-Aubin-de-Luigné;;-0.676171;47.347684
49292_0100_00007;7;;Rue Pasteur;49750;49292;Val-du-Layon;Saint-Lambert-du-Lattay;;-0.634177;47.303037
49292_dqgb4w_00002;2;;Chemin de la Guiberdière;49190;49292;Val-du-Layon;Saint-Aubin-de-Luigné;;-0.673773;47.301847
49292_0051_00004;4;;Place de Linkebeek;49750;49292;Val-du-Layon;Saint-Lambert-du-Lattay;;-0.633912;47.301462
49292_0107_00015;15;;Rue du Petit Clos;49750;49292;Val-du-Layon;Saint-Lambert-du-Lattay;;-0.642169;47.297886
49292_851mfp_00002;2;;la Chauvetterie;49190;49292;Val-du-Layon;Saint-Aubin-de-Luigné;;-0.664922;47.323494
49292_0725_00010;10;;Rue du Canal de Monsieur;49190;49292;Val-du-Layon;Saint-Aubin-de-Luigné;;-0.66918;47.328447
49292_0096_00019;19;;Allée des Myosotis;49750;49292;Val-du-Layon;Saint-Lambert-du-Lattay;;-0.642338;47.308231
49292_0032_00054;54;;Rue de la Belle Angevine;49750;49292;Val-du-Layon;Saint-Lambert-du-Lattay;;-0.635633;47.298888
49292_0019_00001_bis;1;Bis;Rue des Alouettes;49750;49292;Val-du-Layon;Saint-Lambert-du-Lattay;;-0.652584;47.299291
49292_0078_00010_ter;10;Ter;Chemin des Grandes Tailles;49750;49292;Val-du-Layon;Saint-Lambert-du-Lattay;;-0.642717;47.290866
49292_xy4vxq_00005;5;;la Vérollière;49750;49292;Val-du-Layon;Saint-Lambert-du-Lattay;;-0.604222;47.300209
49292_0200_00016;16;;Rue des Cormiers;49750;49292;Val-du-Layon;Saint-Lambert-du-Lattay;;-0.642759;47.305092
49292_e61pfh_00001;1;;Moulin des Godissas;49750;49292;Val-du-Layon;Saint-Lambert-du-Lattay;;-0.638227;47.285281
49292_0739_00008;8;;Rue du Père Girault;49190;49292;Val-du-Layon;Saint-Aubin-de-Luigné;;-0.663645;47.323298
49292_0104_00002;2;;Rue du Pin;49750;49292;Val-du-Layon;Saint-Lambert-du-Lattay;;-0.633858;47.303466
49292_0725_00050;50;;Rue du Canal de Monsieur;49190;49292;Val-du-Layon;Saint-Aubin-de-Luigné;;-0.666228;47.326506
49292_0045_00023;23;;Rue de la Chauvière;49750;49292;Val-du-Layon;Saint-Lambert-du-Lattay;;-0.622943;47.307319
49292_0730_00006;6;;Rue de la Gare;49190;49292;Val-du-Layon;Saint-Aubin-de-Luigné;;-0.666829;47.325956
49292_0050_00015;15;;Rue des Chesnaies;49750;49292;Val-du-Layon;Saint-Lambert-du-Lattay;;-0.629843;47.306009
49292_z99jss_00001;1;;la Pannerie;49750;49292;Val-du-Layon;Saint-Lambert-du-Lattay;;-0.612857;47.310004
49292_0724_00008;8;;Route de Bellevue;49190;49292;Val-du-Layon;Saint-Aubin-de-Luigné;;-0.658844;47.325961
49292_0034_00022_bis;22;Bis;Rue du Bon Repos;49750;49292;Val-du-Layon;Saint-Lambert-du-Lattay;;-0.63113;47.306267
49292_vrfukj_00001;1;;la Gourdinière;49190;49292;Val-du-Layon;Saint-Aubin-de-Luigné;;-0.686566;47.344676
49292_0754_00025;25;;Rue de Chantemerle;49190;49292;Val-du-Layon;Saint-Aubin-de-Luigné;;-0.662796;47.327353
49292_0751_00005;5;;Rue de la Saulaie;49190;49292;Val-du-Layon;Saint-Aubin-de-Luigné;;-0.66322;47.321828
49292_0758_00017;17;;Chemin des Treize Vents;49190;49292;Val-du-Layon;Saint-Aubin-de-Luigné;;-0.654504;47.33242
49292_0058_00001;1;;Rue de la Croix du Sacré;49750;49292;Val-du-Layon;Saint-Lambert-du-Lattay;;-0.63761;47.305233
49292_0100_00010;10;;Rue Pasteur;49750;49292;Val-du-Layon;Saint-Lambert-du-Lattay;;-0.634551;47.303225
49292_0200_00013;13;;Rue des Cormiers;49750;49292;Val-du-Layon;Saint-Lambert-du-Lattay;;-0.642157;47.304715
49292_0077_00004;4;;Rue de la Gagnerie;49750;49292;Val-du-Layon;Saint-Lambert-du-Lattay;;-0.635057;47.304144
49292_2xmnhc_00002;2;;la Palastrière;49190;49292;Val-du-Layon;Saint-Aubin-de-Luigné;;-0.693365;47.302513
49292_0094_00011;11;;Allée des Muscaris;49750;49292;Val-du-Layon;Saint-Lambert-du-Lattay;;-0.647899;47.307747
49292_0725_00036;36;;Rue du Canal de Monsieur;49190;49292;Val-du-Layon;Saint-Aubin-de-Luigné;;-0.666825;47.326935
49292_0752_00007;7;;Rue René Gasnier;49190;49292;Val-du-Layon;Saint-Aubin-de-Luigné;;-0.694262;47.342544
49292_0078_00012_bis;12;Bis;Chemin des Grandes Tailles;49750;49292;Val-du-Layon;Saint-Lambert-du-Lattay;;-0.643587;47.290722
49292_0096_00005;5;;Allée des Myosotis;49750;49292;Val-du-Layon;Saint-Lambert-du-Lattay;;-0.644614;47.309423
49292_xrukqh_00002;2;;Impasse du Châtaignier;49750;49292;Val-du-Layon;Saint-Lambert-du-Lattay;;-0.642908;47.305675
49292_9pb21a_00002;2;;le Carrouer;49190;49292;Val-du-Layon;Saint-Aubin-de-Luigné;;-0.672029;47.337134
49292_0758_00008;8;;Chemin des Treize Vents;49190;49292;Val-du-Layon;Saint-Aubin-de-Luigné;;-0.655726;47.332008
49292_0047_00002;2;;Impasse du Chai;49750;49292;Val-du-Layon;Saint-Lambert-du-Lattay;;-0.643662;47.289503
49292_0110_00001;1;;Chemin des Pressoirs;49750;49292;Val-du-Layon;Saint-Lambert-du-Lattay;;-0.640482;47.291415
49292_0132_00003;3;;Rue des Sauvins;49750;49292;Val-du-Layon;Saint-Lambert-du-Lattay;;-0.633101;47.303842
49292_vrfukj_00004;4;;la Gourdinière;49190;49292;Val-du-Layon;Saint-Aubin-de-Luigné;;-0.686546;47.345294
49292_0032_00051;51;;Rue de la Belle Angevine;49750;49292;Val-du-Layon;Saint-Lambert-du-Lattay;;-0.638674;47.296127
49292_oboo4l_00003;3;;les Bohues;49750;49292;Val-du-Layon;Saint-Lambert-du-Lattay;;-0.648195;47.286502
49292_0032_00046_bis;46;Bis;Rue de la Belle Angevine;49750;49292;Val-du-Layon;Saint-Lambert-du-Lattay;;-0.634926;47.299369
49292_ude182_00010;10;;les Barres;49190;49292;Val-du-Layon;Saint-Aubin-de-Luigné;;-0.681198;47.333788
49292_0745_00004;4;;Chemin des Chesnaies;49190;49292;Val-du-Layon;Saint-Aubin-de-Luigné;;-0.661582;47.325734
49292_94ylro_00006;6;;la Gauterie;49750;49292;Val-du-Layon;Saint-Lambert-du-Lattay;;-0.639228;47.3134
49292_0754_00018;18;;Rue de Chantemerle;49190;49292;Val-du-Layon;Saint-Aubin-de-Luigné;;-0.664913;47.328627
49292_0074_00001;1;;Chemin de la Fontaine;49750;49292;Val-du-Layon;Saint-Lambert-du-Lattay;;-0.640408;47.290818
49292_0050_00006;6;;Rue des Chesnaies;49750;49292;Val-du-Layon;Saint-Lambert-du-Lattay;;-0.628255;47.305923
49292_ib7hmy_00004;4;;l'Ollulière;49750;49292;Val-du-Layon;Saint-Lambert-du-Lattay;;-0.651491;47.316357
49292_0731_00003;3;;Chemin de Girouard;49190;49292;Val-du-Layon;Saint-Aubin-de-Luigné;;-0.663464;47.324851
49292_0725_00018;18;;Rue du Canal de Monsieur;49190;49292;Val-du-Layon;Saint-Aubin-de-Luigné;;-0.668461;47.328093
49292_0725_00068;68;;Rue du Canal de Monsieur;49190;49292;Val-du-Layon;Saint-Aubin-de-Luigné;;-0.664638;47.325857
49292_0100_00004;4;;Rue Pasteur;49750;49292;Val-du-Layon;Saint-Lambert-du-Lattay;;-0.634227;47.30314
49292_0250_00006;6;;Rue des Frênes;49750;49292;Val-du-Layon;Saint-Lambert-du-Lattay;;-0.641461;47.305553
49292_0032_00032;32;;Rue de la Belle Angevine;49750;49292;Val-du-Layon;Saint-Lambert-du-Lattay;;-0.633998;47.300093
49292_0101_00006;6;;Allée des Pervenches;49750;49292;Val-du-Layon;Saint-Lambert-du-Lattay;;-0.645499;47.308661
49292_0034_00017;17;;Rue du Bon Repos;49750;49292;Val-du-Layon;Saint-Lambert-du-Lattay;;-0.631584;47.305398
49292_0105_00003;3;;Allée des Plantes;49750;49292;Val-du-Layon;Saint-Lambert-du-Lattay;;-0.632161;47.300158
49292_0762_00001;1;;Chemin des Roseraies;49190;49292;Val-du-Layon;Saint-Aubin-de-Luigné;;-0.694206;47.341919
49292_0725_00057;57;;Rue du Canal de Monsieur;49190;49292;Val-du-Layon;Saint-Aubin-de-Luigné;;-0.664497;47.325423
49292_0250_00016;16;;Rue des Frênes;49750;49292;Val-du-Layon;Saint-Lambert-du-Lattay;;-0.643259;47.305733
49292_rj18w8_00001;1;;les Assises;49750;49292;Val-du-Layon;Saint-Lambert-du-Lattay;;-0.659618;47.300993
49292_0150_00005;5;;Rue du Val d'Hyrôme;49750;49292;Val-du-Layon;Saint-Lambert-du-Lattay;;-0.627525;47.301532
49292_0108_00027;27;;Rue du Pont-Barré;49750;49292;Val-du-Layon;Saint-Lambert-du-Lattay;;-0.628424;47.303596
49292_0045_00003;3;;Rue de la Chauvière;49750;49292;Val-du-Layon;Saint-Lambert-du-Lattay;;-0.626554;47.30488
49292_zlyb07_00004;4;;l'Aujardière;49750;49292;Val-du-Layon;Saint-Lambert-du-Lattay;;-0.658422;47.29748
49292_ude182_00014;14;;les Barres;49190;49292;Val-du-Layon;Saint-Aubin-de-Luigné;;-0.680368;47.333979
49292_0078_00003;3;;Chemin des Grandes Tailles;49750;49292;Val-du-Layon;Saint-Lambert-du-Lattay;;-0.643185;47.290733
49292_b673_00004;4;;Sainte Foy;49750;49292;Val-du-Layon;Saint-Lambert-du-Lattay;;-0.671752;47.291777
49292_0109_00001;1;;Allée des Primevères;49750;49292;Val-du-Layon;Saint-Lambert-du-Lattay;;-0.643331;47.308937
49292_0079_00003;3;;Chemin du Grand Clos;49750;49292;Val-du-Layon;Saint-Lambert-du-Lattay;;-0.639687;47.292138
49292_0052_00004;4;;Rue des Chevries;49750;49292;Val-du-Layon;Saint-Lambert-du-Lattay;;-0.64064;47.302003
49292_0050_00008;8;;Rue des Chesnaies;49750;49292;Val-du-Layon;Saint-Lambert-du-Lattay;;-0.628513;47.306025
49292_0059_00002_bis;2;Bis;Allée des Eglantines;49750;49292;Val-du-Layon;Saint-Lambert-du-Lattay;;-0.643359;47.307202
49292_0754_00010;10;;Rue de Chantemerle;49190;49292;Val-du-Layon;Saint-Aubin-de-Luigné;;-0.66543;47.329003
49292_0108_00009;9;;Rue du Pont-Barré;49750;49292;Val-du-Layon;Saint-Lambert-du-Lattay;;-0.630649;47.302148
49292_b745_00002;2;;la Basse Orière;49190;49292;Val-du-Layon;Saint-Aubin-de-Luigné;;-0.686941;47.305778
49292_0bkugt_00004;4;;le Landreau;49750;49292;Val-du-Layon;Saint-Lambert-du-Lattay;;-0.653006;47.286449
49292_0733_00012;12;;Rue Jean de Pontoise;49190;49292;Val-du-Layon;Saint-Aubin-de-Luigné;;-0.670618;47.328196
49292_0122_00012;12;;Place du Ronceray;49750;49292;Val-du-Layon;Saint-Lambert-du-Lattay;;-0.631629;47.30157
49292_b780_00001;1;;Chemin de la Fontaine;49190;49292;Val-du-Layon;Saint-Aubin-de-Luigné;;-0.671456;47.328606
49292_0040_00002;2;;Place du Cardinal Luçon;49750;49292;Val-du-Layon;Saint-Lambert-du-Lattay;;-0.632126;47.301755
49292_0751_00008;8;;Rue de la Saulaie;49190;49292;Val-du-Layon;Saint-Aubin-de-Luigné;;-0.664111;47.321478
49292_0725_00014;14;;Rue du Canal de Monsieur;49190;49292;Val-du-Layon;Saint-Aubin-de-Luigné;;-0.66858;47.328152
49292_0079_00001_ter;1;Ter;Chemin du Grand Clos;49750;49292;Val-du-Layon;Saint-Lambert-du-Lattay;;-0.640426;47.292358
49292_0140_00004;4;;Rue des Tonneliers;49750;49292;Val-du-Layon;Saint-Lambert-du-Lattay;;-0.631811;47.302741
49292_0086_00009;9;;Rue du Layon;49750;49292;Val-du-Layon;Saint-Lambert-du-Lattay;;-0.636312;47.30533
49292_8ieq4u_00025;25;;Rue des Louetteries;49190;49292;Val-du-Layon;Saint-Aubin-de-Luigné;;-0.664995;47.330433
49292_l1y6tn_03294;3294;;Route des Hauts de Chaume;49190;49292;Val-du-Layon;Saint-Aubin-de-Luigné;;-0.656164;47.337789
49292_0062_00008;8;;Ruelle de la Gaieté;49750;49292;Val-du-Layon;Saint-Lambert-du-Lattay;;-0.636891;47.29892
49292_0078_00004;4;;Chemin des Grandes Tailles;49750;49292;Val-du-Layon;Saint-Lambert-du-Lattay;;-0.641442;47.29171
49292_8ieq4u_00015;15;;Rue des Louetteries;49190;49292;Val-du-Layon;Saint-Aubin-de-Luigné;;-0.665788;47.329979
49292_0043_00002;2;;Rue des Ceps;49750;49292;Val-du-Layon;Saint-Lambert-du-Lattay;;-0.634478;47.304614
49292_0062_00002;2;;Ruelle de la Gaieté;49750;49292;Val-du-Layon;Saint-Lambert-du-Lattay;;-0.636758;47.298558
49292_0050_00009;9;;Rue des Chesnaies;49750;49292;Val-du-Layon;Saint-Lambert-du-Lattay;;-0.628904;47.306073
49292_0728_00001;1;;Place de l'Eglise;49190;49292;Val-du-Layon;Saint-Aubin-de-Luigné;;-0.670075;47.328888
49292_epg5p5_00001;1;;la Musse;49750;49292;Val-du-Layon;Saint-Lambert-du-Lattay;;-0.657939;47.293942
49292_0742_00001;1;;Rue des Saunerettes;49190;49292;Val-du-Layon;Saint-Aubin-de-Luigné;;-0.66339;47.325954
49292_5r1qnr_00007;7;;le Layon;49750;49292;Val-du-Layon;Saint-Lambert-du-Lattay;;-0.638864;47.316459
49292_0738_00017;17;;Rue du Paradis;49190;49292;Val-du-Layon;Saint-Aubin-de-Luigné;;-0.663439;47.326719
49292_0032_00062;62;;Rue de la Belle Angevine;49750;49292;Val-du-Layon;Saint-Lambert-du-Lattay;;-0.636003;47.298485
49292_0300_00010;10;;Allée des Tilleuls;49750;49292;Val-du-Layon;Saint-Lambert-du-Lattay;;-0.64308;47.30647
49292_0155_00007;7;;Rue des Varennes;49750;49292;Val-du-Layon;Saint-Lambert-du-Lattay;;-0.639469;47.303316
49292_0751_00001;1;;Rue de la Saulaie;49190;49292;Val-du-Layon;Saint-Aubin-de-Luigné;;-0.662406;47.321773
49292_0742_00004;4;;Rue des Saunerettes;49190;49292;Val-du-Layon;Saint-Aubin-de-Luigné;;-0.663185;47.325948
49292_0032_00052_c;52;C;Rue de la Belle Angevine;49750;49292;Val-du-Layon;Saint-Lambert-du-Lattay;;-0.635826;47.29917
49292_b888_00007;7;;le Petit Beauvais;49190;49292;Val-du-Layon;Saint-Aubin-de-Luigné;;-0.669957;47.335626
49292_0120_00038_bis;38;Bis;Rue Rabelais;49750;49292;Val-du-Layon;Saint-Lambert-du-Lattay;;-0.638139;47.302342
49292_vt0ade_00002;2;;l'Aiglerie;49190;49292;Val-du-Layon;Saint-Aubin-de-Luigné;;-0.683043;47.337364
49292_0062_00004;4;;Ruelle de la Gaieté;49750;49292;Val-du-Layon;Saint-Lambert-du-Lattay;;-0.636838;47.298628
49292_0032_00038;38;;Rue de la Belle Angevine;49750;49292;Val-du-Layon;Saint-Lambert-du-Lattay;;-0.634212;47.299941
49292_0725_00070;70;;Rue du Canal de Monsieur;49190;49292;Val-du-Layon;Saint-Aubin-de-Luigné;;-0.664485;47.325532
49292_3wucgw_00001;1;;Chemin de la Haute Guerche;49190;49292;Val-du-Layon;Saint-Aubin-de-Luigné;;-0.682596;47.320926
49292_0724_00013;13;;Route de Bellevue;49190;49292;Val-du-Layon;Saint-Aubin-de-Luigné;;-0.66139;47.325179
49292_0060_00002_bis;2;Bis;Rue Emile Godillon;49750;49292;Val-du-Layon;Saint-Lambert-du-Lattay;;-0.633061;47.302148
49292_zi9w52_00001;1;;les Gas;49750;49292;Val-du-Layon;Saint-Aubin-de-Luigné;;-0.653624;47.319373
49292_0747_00007;7;;Rue des Grands Vaux;49190;49292;Val-du-Layon;Saint-Aubin-de-Luigné;;-0.664585;47.327261
49292_0014_00006;6;;Rue des Acacias;49750;49292;Val-du-Layon;Saint-Lambert-du-Lattay;;-0.644102;47.304943
49292_0055_00006;6;;Allée des Coquelicots;49750;49292;Val-du-Layon;Saint-Lambert-du-Lattay;;-0.641731;47.307868
49292_0108_00021;21;;Rue du Pont-Barré;49750;49292;Val-du-Layon;Saint-Lambert-du-Lattay;;-0.630166;47.302483
49292_phtmcq_02152;2152;;Route de Saint-Laurent-de-la-Plaine;49190;49292;Val-du-Layon;Saint-Aubin-de-Luigné;;-0.669602;47.305161
49292_ude182_00022;22;;les Barres;49190;49292;Val-du-Layon;Saint-Aubin-de-Luigné;;-0.680072;47.333841
49292_0050_00005;5;;Rue des Chesnaies;49750;49292;Val-du-Layon;Saint-Lambert-du-Lattay;;-0.628555;47.305951
49292_0728_00007;7;;Place de l'Eglise;49190;49292;Val-du-Layon;Saint-Aubin-de-Luigné;;-0.669946;47.329141
49292_0019_00006;6;;Rue des Alouettes;49750;49292;Val-du-Layon;Saint-Lambert-du-Lattay;;-0.653503;47.299722
49292_0300_00007;7;;Allée des Tilleuls;49750;49292;Val-du-Layon;Saint-Lambert-du-Lattay;;-0.64311;47.306346
49292_0725_00013;13;;Rue du Canal de Monsieur;49190;49292;Val-du-Layon;Saint-Aubin-de-Luigné;;-0.668752;47.328148
49292_nc4pkb_00001;1;;Chemin de la Bergerie;49190;49292;Val-du-Layon;Saint-Aubin-de-Luigné;;-0.666083;47.321013
49292_0110_00004;4;;Chemin des Pressoirs;49750;49292;Val-du-Layon;Saint-Lambert-du-Lattay;;-0.64056;47.29146
49292_u8yen8_00004;4;;Paimparé;49750;49292;Val-du-Layon;Saint-Lambert-du-Lattay;;-0.615379;47.308231
49292_0730_00003;3;;Rue de la Gare;49190;49292;Val-du-Layon;Saint-Aubin-de-Luigné;;-0.66668;47.326195
49292_0737_00002;2;;Chemin de la Mine;49190;49292;Val-du-Layon;Saint-Aubin-de-Luigné;;-0.668918;47.328906
49292_0108_00004;4;;Rue du Pont-Barré;49750;49292;Val-du-Layon;Saint-Lambert-du-Lattay;;-0.630767;47.302065
49292_epg5p5_00009;9;;la Musse;49750;49292;Val-du-Layon;Saint-Lambert-du-Lattay;;-0.658322;47.293164
49292_0733_00010;10;;Rue Jean de Pontoise;49190;49292;Val-du-Layon;Saint-Aubin-de-Luigné;;-0.670547;47.328221
49292_0086_00004;4;;Rue du Layon;49750;49292;Val-du-Layon;Saint-Lambert-du-Lattay;;-0.636777;47.304728
49292_0755_00001_a;1;A;Chemin des Mérances;49190;49292;Val-du-Layon;Saint-Aubin-de-Luigné;;-0.654448;47.331886
49292_0747_00010;10;;Rue des Grands Vaux;49190;49292;Val-du-Layon;Saint-Aubin-de-Luigné;;-0.664629;47.327883
49292_u5u5f3_00008;8;;la Poilane;49190;49292;Val-du-Layon;Saint-Aubin-de-Luigné;;-0.65375;47.317212
49292_83dwxc_00001;1;;la Grollerie;49750;49292;Val-du-Layon;Saint-Lambert-du-Lattay;;-0.61542;47.303803
49292_kqdw10_00001;1;;Puits des Essarts;49190;49292;Val-du-Layon;Saint-Aubin-de-Luigné;;-0.689022;47.343088
49292_0032_00025;25;;Rue de la Belle Angevine;49750;49292;Val-du-Layon;Saint-Lambert-du-Lattay;;-0.632985;47.300712
49292_0045_00008_a;8;A;Rue de la Chauvière;49750;49292;Val-du-Layon;Saint-Lambert-du-Lattay;;-0.624777;47.305044
49292_8ieq4u_00003;3;;Rue des Louetteries;49190;49292;Val-du-Layon;Saint-Aubin-de-Luigné;;-0.666879;47.328435
49292_b891_00001;1;;la Petite Brosse;49190;49292;Val-du-Layon;Saint-Aubin-de-Luigné;;-0.682041;47.316391
49292_l1y6tn_03118;3118;;Route des Hauts de Chaume;49190;49292;Val-du-Layon;Saint-Aubin-de-Luigné;;-0.658398;47.338323
49292_0747_00004;4;;Rue des Grands Vaux;49190;49292;Val-du-Layon;Saint-Aubin-de-Luigné;;-0.665449;47.328128
49292_0754_00024;24;;Rue de Chantemerle;49190;49292;Val-du-Layon;Saint-Aubin-de-Luigné;;-0.664186;47.328398
49292_0014_00001;1;;Rue des Acacias;49750;49292;Val-du-Layon;Saint-Lambert-du-Lattay;;-0.645007;47.304319
49292_0052_00002;2;;Rue des Chevries;49750;49292;Val-du-Layon;Saint-Lambert-du-Lattay;;-0.64061;47.302042
49292_0150_00006_bis;6;Bis;Rue du Val d'Hyrôme;49750;49292;Val-du-Layon;Saint-Lambert-du-Lattay;;-0.623336;47.299648
49292_0116_00001;1;;Impasse du Petit Puits;49750;49292;Val-du-Layon;Saint-Lambert-du-Lattay;;-0.642227;47.299543
49292_0032_00031;31;;Rue de la Belle Angevine;49750;49292;Val-du-Layon;Saint-Lambert-du-Lattay;;-0.634;47.299891
49292_b857_00003;3;;la Haute Orière;49190;49292;Val-du-Layon;Saint-Aubin-de-Luigné;;-0.687027;47.298203
49292_3wucgw_00010;10;;Chemin de la Haute Guerche;49190;49292;Val-du-Layon;Saint-Aubin-de-Luigné;;-0.682376;47.320987
49292_0725_00015;15;;Rue du Canal de Monsieur;49190;49292;Val-du-Layon;Saint-Aubin-de-Luigné;;-0.66866;47.328103
49292_0120_00015;15;;Rue Rabelais;49750;49292;Val-du-Layon;Saint-Lambert-du-Lattay;;-0.634628;47.301923
49292_y5w1le_00012;12;;la Genaiserie;49190;49292;Val-du-Layon;Saint-Aubin-de-Luigné;;-0.683848;47.335211
49292_0032_00012;12;;Rue de la Belle Angevine;49750;49292;Val-du-Layon;Saint-Lambert-du-Lattay;;-0.63298;47.30092
49292_0737_00009;9;;Chemin de la Mine;49190;49292;Val-du-Layon;Saint-Aubin-de-Luigné;;-0.667883;47.329538
49292_0032_00017;17;;Rue de la Belle Angevine;49750;49292;Val-du-Layon;Saint-Lambert-du-Lattay;;-0.632573;47.301047
49292_0754_00016;16;;Rue de Chantemerle;49190;49292;Val-du-Layon;Saint-Aubin-de-Luigné;;-0.665334;47.32893
49292_0725_00043;43;;Rue du Canal de Monsieur;49190;49292;Val-du-Layon;Saint-Aubin-de-Luigné;;-0.6652;47.325856
49292_b722_00002;2;;Pas sans Peine;49750;49292;Val-du-Layon;Saint-Lambert-du-Lattay;;-0.65515;47.297552
49292_0120_00032_bis;32;Bis;Rue Rabelais;49750;49292;Val-du-Layon;Saint-Lambert-du-Lattay;;-0.635852;47.302135
49292_0032_00006;6;;Rue de la Belle Angevine;49750;49292;Val-du-Layon;Saint-Lambert-du-Lattay;;-0.632479;47.301313
49292_0063_00016;16;;Rue des Erables;49750;49292;Val-du-Layon;Saint-Lambert-du-Lattay;;-0.644022;47.304305
49292_0733_00014;14;;Rue Jean de Pontoise;49190;49292;Val-du-Layon;Saint-Aubin-de-Luigné;;-0.670684;47.328261
49292_0300_00005;5;;Allée des Tilleuls;49750;49292;Val-du-Layon;Saint-Lambert-du-Lattay;;-0.643185;47.306139
49292_u8yen8_00002;2;;Paimparé;49750;49292;Val-du-Layon;Saint-Lambert-du-Lattay;;-0.615191;47.308438
49292_0200_00007;7;;Rue des Cormiers;49750;49292;Val-du-Layon;Saint-Lambert-du-Lattay;;-0.641811;47.304786
49292_0731_00001_bis;1;Bis;Chemin de Girouard;49190;49292;Val-du-Layon;Saint-Aubin-de-Luigné;;-0.663643;47.324916
49292_xw6yzz_00007;7;;le Defay;49190;49292;Val-du-Layon;Saint-Aubin-de-Luigné;;-0.659082;47.316456
49292_0746_00002;2;;Rue du Jardin;49190;49292;Val-du-Layon;Saint-Aubin-de-Luigné;;-0.663718;47.326316
49292_0107_00009;9;;Rue du Petit Clos;49750;49292;Val-du-Layon;Saint-Lambert-du-Lattay;;-0.641721;47.298663
49292_0140_00005;5;;Rue des Tonneliers;49750;49292;Val-du-Layon;Saint-Lambert-du-Lattay;;-0.63197;47.302672
49292_u5u5f3_00003;3;;la Poilane;49190;49292;Val-du-Layon;Saint-Aubin-de-Luigné;;-0.654464;47.317508
49292_phtmcq_01878;1878;;Route de Saint-Laurent-de-la-Plaine;49190;49292;Val-du-Layon;Saint-Aubin-de-Luigné;;-0.665992;47.304838
49292_0108_00001;1;;Rue du Pont-Barré;49750;49292;Val-du-Layon;Saint-Lambert-du-Lattay;;-0.631262;47.302084
49292_0100_00018;18;;Rue Pasteur;49750;49292;Val-du-Layon;Saint-Lambert-du-Lattay;;-0.635805;47.304014
49292_0132_00002;2;;Rue des Sauvins;49750;49292;Val-du-Layon;Saint-Lambert-du-Lattay;;-0.633796;47.304843
49292_0094_00005_bis;5;Bis;Allée des Muscaris;49750;49292;Val-du-Layon;Saint-Lambert-du-Lattay;;-0.647572;47.30714
49292_2xmnhc_00001;1;;la Palastrière;49190;49292;Val-du-Layon;Saint-Aubin-de-Luigné;;-0.693374;47.30248
49292_0739_00011;11;;Rue du Père Girault;49190;49292;Val-du-Layon;Saint-Aubin-de-Luigné;;-0.662881;47.322946
49292_0032_00023;23;;Rue de la Belle Angevine;49750;49292;Val-du-Layon;Saint-Lambert-du-Lattay;;-0.632921;47.300769
49292_0105_00010;10;;Allée des Plantes;49750;49292;Val-du-Layon;Saint-Lambert-du-Lattay;;-0.632088;47.300484
49292_0725_00042;42;;Rue du Canal de Monsieur;49190;49292;Val-du-Layon;Saint-Aubin-de-Luigné;;-0.666523;47.326712
49292_0766_00007;7;;Route de la Corniche Angevine;49190;49292;Val-du-Layon;Saint-Aubin-de-Luigné;;-0.676755;47.347388
49292_5r1qnr_00025;25;;le Layon;49750;49292;Val-du-Layon;Saint-Lambert-du-Lattay;;-0.638391;47.317015
49292_0150_00008;8;;Rue du Val d'Hyrôme;49750;49292;Val-du-Layon;Saint-Lambert-du-Lattay;;-0.622344;47.301657
49292_0032_00008;8;;Rue de la Belle Angevine;49750;49292;Val-du-Layon;Saint-Lambert-du-Lattay;;-0.632537;47.301269
49292_0115_00002_bis;2;Bis;Rue du Petit Chesneau;49750;49292;Val-du-Layon;Saint-Lambert-du-Lattay;;-0.641784;47.299988
49292_0140_00001;1;;Rue des Tonneliers;49750;49292;Val-du-Layon;Saint-Lambert-du-Lattay;;-0.631973;47.302545
49292_0742_00010;10;;Rue des Saunerettes;49190;49292;Val-du-Layon;Saint-Aubin-de-Luigné;;-0.66264;47.325725
49292_0732_00002_bis;2;Bis;Rue de la Herse;49190;49292;Val-du-Layon;Saint-Aubin-de-Luigné;;-0.667656;47.328554
49292_0250_00002;2;;Rue des Frênes;49750;49292;Val-du-Layon;Saint-Lambert-du-Lattay;;-0.640939;47.305638
49292_0059_00023;23;;Allée des Eglantines;49750;49292;Val-du-Layon;Saint-Lambert-du-Lattay;;-0.647506;47.308501
49292_0107_00008;8;;Rue du Petit Clos;49750;49292;Val-du-Layon;Saint-Lambert-du-Lattay;;-0.641477;47.299163
49292_0108_00018_bis;18;Bis;Rue du Pont-Barré;49750;49292;Val-du-Layon;Saint-Lambert-du-Lattay;;-0.629401;47.302716
49292_0130_00019;19;;Rue Saint-Vincent;49750;49292;Val-du-Layon;Saint-Lambert-du-Lattay;;-0.628773;47.304863
49292_0063_00011;11;;Rue des Erables;49750;49292;Val-du-Layon;Saint-Lambert-du-Lattay;;-0.643946;47.304839
49292_0102_00005;5;;Rue de Périnelle;49750;49292;Val-du-Layon;Saint-Lambert-du-Lattay;;-0.630776;47.301204
49292_0114_00017;17;;Rue des Quatre Chemins;49750;49292;Val-du-Layon;Saint-Lambert-du-Lattay;;-0.636033;47.305939
49292_0030_00008;8;;Rue du Bellay;49750;49292;Val-du-Layon;Saint-Lambert-du-Lattay;;-0.638488;47.301996
49292_0018_00001;1;;Chemin Aile du Moulin;49750;49292;Val-du-Layon;Saint-Lambert-du-Lattay;;-0.639723;47.291413
49292_0086_00015;15;;Rue du Layon;49750;49292;Val-du-Layon;Saint-Lambert-du-Lattay;;-0.636013;47.305238
49292_0728_00016;16;;Place de l'Eglise;49190;49292;Val-du-Layon;Saint-Aubin-de-Luigné;;-0.670196;47.328772
49292_0736_00011;11;;Chemin des Meuniers;49190;49292;Val-du-Layon;Saint-Aubin-de-Luigné;;-0.662968;47.326745
49292_0059_00017;17;;Allée des Eglantines;49750;49292;Val-du-Layon;Saint-Lambert-du-Lattay;;-0.645675;47.308462
49292_0725_00012;12;;Rue du Canal de Monsieur;49190;49292;Val-du-Layon;Saint-Aubin-de-Luigné;;-0.668812;47.328267
49292_0099_00001;1;;Chemin de l'Ouche;49750;49292;Val-du-Layon;Saint-Lambert-du-Lattay;;-0.673025;47.291681
49292_0200_00014;14;;Rue des Cormiers;49750;49292;Val-du-Layon;Saint-Lambert-du-Lattay;;-0.642691;47.30506
49292_zlyb07_00002;2;;l'Aujardière;49750;49292;Val-du-Layon;Saint-Lambert-du-Lattay;;-0.658965;47.29736
49292_b780_00002;2;;Chemin de la Fontaine;49190;49292;Val-du-Layon;Saint-Aubin-de-Luigné;;-0.671563;47.328606
49292_0738_00008;8;;Rue du Paradis;49190;49292;Val-du-Layon;Saint-Aubin-de-Luigné;;-0.663573;47.326919
49292_zlyb07_00011;11;;l'Aujardière;49750;49292;Val-du-Layon;Saint-Lambert-du-Lattay;;-0.658391;47.298151
49292_0032_00011;11;;Rue de la Belle Angevine;49750;49292;Val-du-Layon;Saint-Lambert-du-Lattay;;-0.632433;47.301161
49292_0745_00008;8;;Chemin des Chesnaies;49190;49292;Val-du-Layon;Saint-Aubin-de-Luigné;;-0.660531;47.326464
49292_0760_00003;3;;Promenade Alfred de Musset;49190;49292;Val-du-Layon;Saint-Aubin-de-Luigné;;-0.696767;47.343382
49292_0766_00008;8;;Route de la Corniche Angevine;49190;49292;Val-du-Layon;Saint-Aubin-de-Luigné;;-0.676712;47.347518
49292_0733_00008;8;;Rue Jean de Pontoise;49190;49292;Val-du-Layon;Saint-Aubin-de-Luigné;;-0.670496;47.328284
49292_0032_00021;21;;Rue de la Belle Angevine;49750;49292;Val-du-Layon;Saint-Lambert-du-Lattay;;-0.632732;47.300919
49292_f9y81b_00001;1;;le Pasty;49750;49292;Val-du-Layon;Saint-Aubin-de-Luigné;;-0.684797;47.30653
49292_0759_00005;5;;Square de Chantemerle;49190;49292;Val-du-Layon;Saint-Aubin-de-Luigné;;-0.662981;47.327917
49292_gxsl9s_00004;4;;Rue de la Deripée;49190;49292;Val-du-Layon;Saint-Aubin-de-Luigné;;-0.692706;47.342623
49292_0114_00013;13;;Rue des Quatre Chemins;49750;49292;Val-du-Layon;Saint-Lambert-du-Lattay;;-0.63572;47.305906
49292_0728_00009_b;9;B;Place de l'Eglise;49190;49292;Val-du-Layon;Saint-Aubin-de-Luigné;;-0.671045;47.329543
49292_0754_00026;26;;Rue de Chantemerle;49190;49292;Val-du-Layon;Saint-Aubin-de-Luigné;;-0.664085;47.328366
49292_0019_00001;1;;Rue des Alouettes;49750;49292;Val-du-Layon;Saint-Lambert-du-Lattay;;-0.653835;47.299483
49292_94ylro_00015;15;;la Gauterie;49750;49292;Val-du-Layon;Saint-Lambert-du-Lattay;;-0.638526;47.3153
49292_0107_00006;6;;Rue du Petit Clos;49750;49292;Val-du-Layon;Saint-Lambert-du-Lattay;;-0.641247;47.299459
49292_0725_00023;23;;Rue du Canal de Monsieur;49190;49292;Val-du-Layon;Saint-Aubin-de-Luigné;;-0.667681;47.327519
49292_0076_00001;1;;Rue des Hirondelles;49750;49292;Val-du-Layon;Saint-Lambert-du-Lattay;;-0.65401;47.299614
49292_0115_00012;12;;Rue du Petit Chesneau;49750;49292;Val-du-Layon;Saint-Lambert-du-Lattay;;-0.643676;47.299272
49292_0076_00012;12;;Rue des Hirondelles;49750;49292;Val-du-Layon;Saint-Lambert-du-Lattay;;-0.654737;47.30034
49292_0076_00006;6;;Rue des Hirondelles;49750;49292;Val-du-Layon;Saint-Lambert-du-Lattay;;-0.654174;47.299973
49292_0742_00008;8;;Rue des Saunerettes;49190;49292;Val-du-Layon;Saint-Aubin-de-Luigné;;-0.662858;47.325814
49292_a020_00003;3;;ZA du Gué Menois;49750;49292;Val-du-Layon;Saint-Lambert-du-Lattay;;-0.642388;47.303263
49292_0040_00007;7;;Place du Cardinal Luçon;49750;49292;Val-du-Layon;Saint-Lambert-du-Lattay;;-0.631835;47.302056
49292_fyvvlk_00012;12;;la Perrière;49750;49292;Val-du-Layon;Saint-Lambert-du-Lattay;;-0.637721;47.316689
49292_0115_00004;4;;Rue du Petit Chesneau;49750;49292;Val-du-Layon;Saint-Lambert-du-Lattay;;-0.642629;47.29993
49292_0730_00004;4;;Rue de la Gare;49190;49292;Val-du-Layon;Saint-Aubin-de-Luigné;;-0.666671;47.325796
49292_0748_00017;17;;Rue du Rocher;49190;49292;Val-du-Layon;Saint-Aubin-de-Luigné;;-0.665455;47.32136
49292_0122_00002;2;;Place du Ronceray;49750;49292;Val-du-Layon;Saint-Lambert-du-Lattay;;-0.632315;47.301658
49292_0105_00008;8;;Allée des Plantes;49750;49292;Val-du-Layon;Saint-Lambert-du-Lattay;;-0.632022;47.300423
49292_0094_00008;8;;Allée des Muscaris;49750;49292;Val-du-Layon;Saint-Lambert-du-Lattay;;-0.648299;47.307933
49292_0092_00004;4;;Rue Maurice Massignon;49750;49292;Val-du-Layon;Saint-Lambert-du-Lattay;;-0.631455;47.302136
49292_0751_00011;11;;Rue de la Saulaie;49190;49292;Val-du-Layon;Saint-Aubin-de-Luigné;;-0.663552;47.321642
49292_0747_00016;16;;Rue des Grands Vaux;49190;49292;Val-du-Layon;Saint-Aubin-de-Luigné;;-0.664465;47.327262
49292_0040_00001;1;;Place du Cardinal Luçon;49750;49292;Val-du-Layon;Saint-Lambert-du-Lattay;;-0.632275;47.301895
49292_0250_00001;1;;Rue des Frênes;49750;49292;Val-du-Layon;Saint-Lambert-du-Lattay;;-0.640799;47.305589
49292_0101_00002;2;;Allée des Pervenches;49750;49292;Val-du-Layon;Saint-Lambert-du-Lattay;;-0.645245;47.309291
49292_sy5ihs_00001;1;;Chemin des Mortiers;49190;49292;Val-du-Layon;Saint-Aubin-de-Luigné;;-0.651921;47.333476
49292_0120_00001;1;;Rue Rabelais;49750;49292;Val-du-Layon;Saint-Lambert-du-Lattay;;-0.632567;47.301738
49292_0101_00001;1;;Allée des Pervenches;49750;49292;Val-du-Layon;Saint-Lambert-du-Lattay;;-0.645526;47.308889
49292_kqdw10_00003;3;;Puits des Essarts;49190;49292;Val-du-Layon;Saint-Aubin-de-Luigné;;-0.688437;47.343359
49292_b042_00001;1;;le Bois Joli;49750;49292;Val-du-Layon;Saint-Lambert-du-Lattay;;-0.674409;47.293884
49292_0725_00039;39;;Rue du Canal de Monsieur;49190;49292;Val-du-Layon;Saint-Aubin-de-Luigné;;-0.665359;47.325941
49292_0754_00014;14;;Rue de Chantemerle;49190;49292;Val-du-Layon;Saint-Aubin-de-Luigné;;-0.66533;47.328984
49292_0737_00010;10;;Chemin de la Mine;49190;49292;Val-du-Layon;Saint-Aubin-de-Luigné;;-0.668273;47.329391
49292_0116_00002;2;;Impasse du Petit Puits;49750;49292;Val-du-Layon;Saint-Lambert-du-Lattay;;-0.64225;47.299804
49292_0737_00008;8;;Chemin de la Mine;49190;49292;Val-du-Layon;Saint-Aubin-de-Luigné;;-0.66847;47.329259
49292_0130_00002_bis;2;Bis;Rue Saint-Vincent;49750;49292;Val-du-Layon;Saint-Lambert-du-Lattay;;-0.632349;47.303522
49292_0107_00010;10;;Rue du Petit Clos;49750;49292;Val-du-Layon;Saint-Lambert-du-Lattay;;-0.641611;47.298975
49292_0078_00018;18;;Chemin des Grandes Tailles;49750;49292;Val-du-Layon;Saint-Lambert-du-Lattay;;-0.644473;47.290273
49292_0102_00001;1;;Rue de Périnelle;49750;49292;Val-du-Layon;Saint-Lambert-du-Lattay;;-0.631763;47.301389
49292_0759_00002;2;;Square de Chantemerle;49190;49292;Val-du-Layon;Saint-Aubin-de-Luigné;;-0.663227;47.327922
49292_8ieq4u_00006;6;;Rue des Louetteries;49190;49292;Val-du-Layon;Saint-Aubin-de-Luigné;;-0.666545;47.329028
49292_0742_00003;3;;Rue des Saunerettes;49190;49292;Val-du-Layon;Saint-Aubin-de-Luigné;;-0.663099;47.325834
49292_0733_00006;6;;Rue Jean de Pontoise;49190;49292;Val-du-Layon;Saint-Aubin-de-Luigné;;-0.670799;47.328428
49292_0114_00002;2;;Rue des Quatre Chemins;49750;49292;Val-du-Layon;Saint-Lambert-du-Lattay;;-0.634292;47.306086
49292_0076_00005;5;;Rue des Hirondelles;49750;49292;Val-du-Layon;Saint-Lambert-du-Lattay;;-0.655101;47.30037
49292_0728_00015;15;;Place de l'Eglise;49190;49292;Val-du-Layon;Saint-Aubin-de-Luigné;;-0.670331;47.328821
49292_0762_00003;3;;Chemin des Roseraies;49190;49292;Val-du-Layon;Saint-Aubin-de-Luigné;;-0.694531;47.341739
49292_0014_00013;13;;Rue des Acacias;49750;49292;Val-du-Layon;Saint-Lambert-du-Lattay;;-0.644112;47.305063
49292_0741_00006;6;;Rue de Roule Cul;49190;49292;Val-du-Layon;Saint-Aubin-de-Luigné;;-0.670883;47.330007
49292_b852_00011;11;;Grande rue;49190;49292;Val-du-Layon;Saint-Aubin-de-Luigné;;-0.670424;47.335264
49292_l1y6tn_03586;3586;;Route des Hauts de Chaume;49190;49292;Val-du-Layon;Saint-Aubin-de-Luigné;;-0.652547;47.336941
49292_0751_00002;2;;Rue de la Saulaie;49190;49292;Val-du-Layon;Saint-Aubin-de-Luigné;;-0.662743;47.321654
49292_z99jss_00002;2;;la Pannerie;49750;49292;Val-du-Layon;Saint-Lambert-du-Lattay;;-0.611549;47.310679
49292_0078_00009;9;;Chemin des Grandes Tailles;49750;49292;Val-du-Layon;Saint-Lambert-du-Lattay;;-0.645589;47.290086
49292_0752_00002;2;;Rue René Gasnier;49190;49292;Val-du-Layon;Saint-Aubin-de-Luigné;;-0.694389;47.342646
49292_0766_00003;3;;Route de la Corniche Angevine;49190;49292;Val-du-Layon;Saint-Aubin-de-Luigné;;-0.692122;47.342642
49292_0050_00010;10;;Rue des Chesnaies;49750;49292;Val-du-Layon;Saint-Lambert-du-Lattay;;-0.628726;47.306109
49292_b852_00003;3;;Grande rue;49190;49292;Val-du-Layon;Saint-Aubin-de-Luigné;;-0.672559;47.332506
49292_0754_00028;28;;Rue de Chantemerle;49190;49292;Val-du-Layon;Saint-Aubin-de-Luigné;;-0.6637;47.328108
49292_0740_00006;6;;Place du Pont;49190;49292;Val-du-Layon;Saint-Aubin-de-Luigné;;-0.66397;47.325196
49292_w82cde_00006;6;;Chemin de la Fresnaye;49190;49292;Val-du-Layon;Saint-Aubin-de-Luigné;;-0.666822;47.310001
49292_0732_00014;14;;Rue de la Herse;49190;49292;Val-du-Layon;Saint-Aubin-de-Luigné;;-0.666857;47.328695
49292_0055_00005;5;;Allée des Coquelicots;49750;49292;Val-du-Layon;Saint-Lambert-du-Lattay;;-0.641653;47.30878
49292_0078_00014_ter;14;Ter;Chemin des Grandes Tailles;49750;49292;Val-du-Layon;Saint-Lambert-du-Lattay;;-0.644809;47.290108
49292_phtmcq_02329;2329;;Route de Saint-Laurent-de-la-Plaine;49750;49292;Val-du-Layon;Saint-Aubin-de-Luigné;;-0.671928;47.305271
49292_my6eet_00003;3;;les Gelinières;49190;49292;Val-du-Layon;Saint-Aubin-de-Luigné;;-0.671397;47.316053
49292_xl4cbz_00002;2;;la Thébauderie;49190;49292;Val-du-Layon;Saint-Aubin-de-Luigné;;-0.671249;47.338701
49292_0725_00058;58;;Rue du Canal de Monsieur;49190;49292;Val-du-Layon;Saint-Aubin-de-Luigné;;-0.665399;47.326084
49292_0079_00003_bis;3;Bis;Chemin du Grand Clos;49750;49292;Val-du-Layon;Saint-Lambert-du-Lattay;;-0.639489;47.292049
49292_0114_00010_bis;10;Bis;Rue des Quatre Chemins;49750;49292;Val-du-Layon;Saint-Lambert-du-Lattay;;-0.634844;47.306022
49292_0032_00029;29;;Rue de la Belle Angevine;49750;49292;Val-du-Layon;Saint-Lambert-du-Lattay;;-0.633467;47.300332
49292_0111_00002;2;;Rue de la Petite Pré;49750;49292;Val-du-Layon;Saint-Lambert-du-Lattay;;-0.642174;47.300055
49292_0737_00007;7;;Chemin de la Mine;49190;49292;Val-du-Layon;Saint-Aubin-de-Luigné;;-0.668108;47.329399
49292_0078_00014_bis;14;Bis;Chemin des Grandes Tailles;49750;49292;Val-du-Layon;Saint-Lambert-du-Lattay;;-0.643729;47.290642
49292_0030_00004;4;;Rue du Bellay;49750;49292;Val-du-Layon;Saint-Lambert-du-Lattay;;-0.638018;47.30207
49292_0bkugt_00010;10;;le Landreau;49750;49292;Val-du-Layon;Saint-Lambert-du-Lattay;;-0.652906;47.284907
49292_0085_00006;6;;Rue des Lacas;49750;49292;Val-du-Layon;Saint-Lambert-du-Lattay;;-0.645844;47.303573
49292_0078_00012_ter;12;Ter;Chemin des Grandes Tailles;49750;49292;Val-du-Layon;Saint-Lambert-du-Lattay;;-0.643679;47.290674
49292_94ylro_00019;19;;la Gauterie;49750;49292;Val-du-Layon;Saint-Lambert-du-Lattay;;-0.638375;47.315678
49292_0737_00009_bis;9;Bis;Chemin de la Mine;49190;49292;Val-du-Layon;Saint-Aubin-de-Luigné;;-0.667835;47.329562
49292_puam7v_00001;1;;le Gué;49750;49292;Val-du-Layon;Saint-Lambert-du-Lattay;;-0.646011;47.280328
49292_x62k1m_00001;1;;la Biquerie;49750;49292;Val-du-Layon;Saint-Aubin-de-Luigné;;-0.701392;47.310098
49292_0728_00002;2;;Place de l'Eglise;49190;49292;Val-du-Layon;Saint-Aubin-de-Luigné;;-0.670053;47.328922
49292_0055_00016;16;;Allée des Coquelicots;49750;49292;Val-du-Layon;Saint-Lambert-du-Lattay;;-0.641418;47.308894
49292_0117_00002_bis;2;Bis;Chemin des Petites Tailles;49750;49292;Val-du-Layon;Saint-Lambert-du-Lattay;;-0.641433;47.294571
49292_0749_00005;5;;Rue des Vignes;49190;49292;Val-du-Layon;Saint-Aubin-de-Luigné;;-0.665025;47.32702
49292_0033_00003;3;;Allée des Bleuets;49750;49292;Val-du-Layon;Saint-Lambert-du-Lattay;;-0.643621;47.309371
49292_0300_00001;1;;Allée des Tilleuls;49750;49292;Val-du-Layon;Saint-Lambert-du-Lattay;;-0.642697;47.306081
49292_b888_00001;1;;le Petit Beauvais;49190;49292;Val-du-Layon;Saint-Aubin-de-Luigné;;-0.670242;47.334593
49292_xw6yzz_00003;3;;le Defay;49190;49292;Val-du-Layon;Saint-Aubin-de-Luigné;;-0.658104;47.320591
49292_s1syp5_01290;1290;;Route de Saint-Laurent-de-la-Plaine;49750;49292;Val-du-Layon;Saint-Lambert-du-Lattay;;-0.658263;47.304145
49292_0733_00002;2;;Rue Jean de Pontoise;49190;49292;Val-du-Layon;Saint-Aubin-de-Luigné;;-0.670567;47.328786
49292_0034_00006_bis;6;Bis;Rue du Bon Repos;49750;49292;Val-du-Layon;Saint-Lambert-du-Lattay;;-0.632234;47.304004
49292_0155_00008_bis;8;Bis;Rue des Varennes;49750;49292;Val-du-Layon;Saint-Lambert-du-Lattay;;-0.639229;47.303422
49292_0107_00017;17;;Rue du Petit Clos;49750;49292;Val-du-Layon;Saint-Lambert-du-Lattay;;-0.642255;47.297726
49292_8ieq4u_00010;10;;Rue des Louetteries;49190;49292;Val-du-Layon;Saint-Aubin-de-Luigné;;-0.666166;47.329592
49292_0043_00005;5;;Rue des Ceps;49750;49292;Val-du-Layon;Saint-Lambert-du-Lattay;;-0.635753;47.304584
49292_ib7hmy_00001;1;;l'Ollulière;49750;49292;Val-du-Layon;Saint-Lambert-du-Lattay;;-0.652228;47.316134
49292_0100_00025;25;;Rue Pasteur;49750;49292;Val-du-Layon;Saint-Lambert-du-Lattay;;-0.638925;47.305012
49292_0737_00002_bis;2;Bis;Chemin de la Mine;49190;49292;Val-du-Layon;Saint-Aubin-de-Luigné;;-0.668876;47.328972
49292_0738_00002;2;;Rue du Paradis;49190;49292;Val-du-Layon;Saint-Aubin-de-Luigné;;-0.665453;47.326214
49292_xradm9_00016;16;;Valette;49190;49292;Val-du-Layon;Saint-Aubin-de-Luigné;;-0.685765;47.327806
49292_5hv0y3_00002;2;;Allée du Honchereau;49750;49292;Val-du-Layon;Saint-Lambert-du-Lattay;;-0.628045;47.30489
49292_0748_00003;3;;Rue du Rocher;49190;49292;Val-du-Layon;Saint-Aubin-de-Luigné;;-0.663915;47.323086
49292_0056_00012;12;;Rue du Coteau des Martyrs;49750;49292;Val-du-Layon;Saint-Lambert-du-Lattay;;-0.632858;47.298841
49292_0120_00035;35;;Rue Rabelais;49750;49292;Val-du-Layon;Saint-Lambert-du-Lattay;;-0.638541;47.302272
49292_ude182_00024;24;;les Barres;49190;49292;Val-du-Layon;Saint-Aubin-de-Luigné;;-0.680136;47.333733
49292_0747_00002;2;;Rue des Grands Vaux;49190;49292;Val-du-Layon;Saint-Aubin-de-Luigné;;-0.665678;47.328216
49292_0078_00020;20;;Chemin des Grandes Tailles;49750;49292;Val-du-Layon;Saint-Lambert-du-Lattay;;-0.644591;47.290207
49292_0762_00005;5;;Chemin des Roseraies;49190;49292;Val-du-Layon;Saint-Aubin-de-Luigné;;-0.694825;47.341627
49292_b946_00001;1;;les Petites Barres;49190;49292;Val-du-Layon;Saint-Aubin-de-Luigné;;-0.678191;47.332687
49292_0755_00004;4;;Chemin des Mérances;49190;49292;Val-du-Layon;Saint-Aubin-de-Luigné;;-0.654824;47.331629
49292_0060_00009;9;;Rue Emile Godillon;49750;49292;Val-du-Layon;Saint-Lambert-du-Lattay;;-0.632961;47.302501
49292_0057_00013;13;;Rue de la Coudraye;49750;49292;Val-du-Layon;Saint-Lambert-du-Lattay;;-0.632471;47.299896
49292_0108_00031;31;;Rue du Pont-Barré;49750;49292;Val-du-Layon;Saint-Lambert-du-Lattay;;-0.628376;47.303996
49292_0059_00012;12;;Allée des Eglantines;49750;49292;Val-du-Layon;Saint-Lambert-du-Lattay;;-0.644551;47.307898
49292_0032_00058;58;;Rue de la Belle Angevine;49750;49292;Val-du-Layon;Saint-Lambert-du-Lattay;;-0.635721;47.29881
49292_0725_00029;29;;Rue du Canal de Monsieur;49190;49292;Val-du-Layon;Saint-Aubin-de-Luigné;;-0.666232;47.326385
49292_ude182_00018;18;;les Barres;49190;49292;Val-du-Layon;Saint-Aubin-de-Luigné;;-0.679634;47.334199
49292_0155_00008;8;;Rue des Varennes;49750;49292;Val-du-Layon;Saint-Lambert-du-Lattay;;-0.639331;47.30329
49292_0036_00002_bis;2;Bis;Rue des Bonnes Blanches;49750;49292;Val-du-Layon;Saint-Lambert-du-Lattay;;-0.632186;47.302211
49292_0055_00012;12;;Allée des Coquelicots;49750;49292;Val-du-Layon;Saint-Lambert-du-Lattay;;-0.641703;47.308526
49292_0736_00020;20;;Chemin des Meuniers;49190;49292;Val-du-Layon;Saint-Aubin-de-Luigné;;-0.662314;47.327754
49292_0059_00002;2;;Allée des Eglantines;49750;49292;Val-du-Layon;Saint-Lambert-du-Lattay;;-0.642567;47.306664
49292_0105_00006;6;;Allée des Plantes;49750;49292;Val-du-Layon;Saint-Lambert-du-Lattay;;-0.632009;47.300062
49292_3wucgw_00012;12;;Chemin de la Haute Guerche;49190;49292;Val-du-Layon;Saint-Aubin-de-Luigné;;-0.682093;47.321322
49292_0736_00009;9;;Chemin des Meuniers;49190;49292;Val-du-Layon;Saint-Aubin-de-Luigné;;-0.663081;47.326573
49292_0045_00008;8;;Rue de la Chauvière;49750;49292;Val-du-Layon;Saint-Lambert-du-Lattay;;-0.624929;47.305087
49292_0732_00005;5;;Rue de la Herse;49190;49292;Val-du-Layon;Saint-Aubin-de-Luigné;;-0.667504;47.328601
49292_0725_00005;5;;Rue du Canal de Monsieur;49190;49292;Val-du-Layon;Saint-Aubin-de-Luigné;;-0.669344;47.328428
49292_nc4pkb_00002;2;;Chemin de la Bergerie;49190;49292;Val-du-Layon;Saint-Aubin-de-Luigné;;-0.666228;47.321132
49292_0767_00010;10;;Rue des Basses Saunerettes;49190;49292;Val-du-Layon;Saint-Aubin-de-Luigné;;-0.661985;47.32656
49292_0076_00001_bis;1;Bis;Rue des Hirondelles;49750;49292;Val-du-Layon;Saint-Lambert-du-Lattay;;-0.65493;47.30026
49292_0079_00001_bis;1;Bis;Chemin du Grand Clos;49750;49292;Val-du-Layon;Saint-Lambert-du-Lattay;;-0.639923;47.292219
49292_0032_00046_ter;46;Ter;Rue de la Belle Angevine;49750;49292;Val-du-Layon;Saint-Lambert-du-Lattay;;-0.634965;47.299336
49292_0077_00003;3;;Rue de la Gagnerie;49750;49292;Val-du-Layon;Saint-Lambert-du-Lattay;;-0.635307;47.304208
49292_0200_00024;24;;Rue des Cormiers;49750;49292;Val-du-Layon;Saint-Lambert-du-Lattay;;-0.643842;47.305689
49292_0725_00055;55;;Rue du Canal de Monsieur;49190;49292;Val-du-Layon;Saint-Aubin-de-Luigné;;-0.664613;47.325516
49292_0739_00001;1;;Rue du Père Girault;49190;49292;Val-du-Layon;Saint-Aubin-de-Luigné;;-0.664114;47.324836
49292_0767_00002;2;;Rue des Basses Saunerettes;49190;49292;Val-du-Layon;Saint-Aubin-de-Luigné;;-0.662521;47.326987
49292_0142_00004;4;;Rue de la Treille;49750;49292;Val-du-Layon;Saint-Lambert-du-Lattay;;-0.633637;47.301182
49292_b852_00001;1;;Grande rue;49190;49292;Val-du-Layon;Saint-Aubin-de-Luigné;;-0.673078;47.331942
49292_0069_00001;1;;Rue des Fauvettes;49750;49292;Val-du-Layon;Saint-Lambert-du-Lattay;;-0.656283;47.300047
49292_0766_00010;10;;Route de la Corniche Angevine;49190;49292;Val-du-Layon;Saint-Aubin-de-Luigné;;-0.676234;47.347665
49292_0032_00033;33;;Rue de la Belle Angevine;49750;49292;Val-du-Layon;Saint-Lambert-du-Lattay;;-0.634113;47.299805
49292_xrukqh_00008;8;;Impasse du Châtaignier;49750;49292;Val-du-Layon;Saint-Lambert-du-Lattay;;-0.642648;47.305557
49292_0109_00005;5;;Allée des Primevères;49750;49292;Val-du-Layon;Saint-Lambert-du-Lattay;;-0.642338;47.30906
49292_5r1qnr_00009;9;;le Layon;49750;49292;Val-du-Layon;Saint-Lambert-du-Lattay;;-0.63866;47.316516
49292_l1y6tn_01631;1631;;Route des Hauts de Chaume;49190;49292;Val-du-Layon;Saint-Aubin-de-Luigné;;-0.677053;47.339889
49292_0077_00001;1;;Rue de la Gagnerie;49750;49292;Val-du-Layon;Saint-Lambert-du-Lattay;;-0.635347;47.304185
49292_0060_00007;7;;Rue Emile Godillon;49750;49292;Val-du-Layon;Saint-Lambert-du-Lattay;;-0.633222;47.302503
49292_0758_00010;10;;Chemin des Treize Vents;49190;49292;Val-du-Layon;Saint-Aubin-de-Luigné;;-0.65518;47.332305
49292_teu889_00001;1;;la Bodière;49750;49292;Val-du-Layon;Saint-Lambert-du-Lattay;;-0.619128;47.300652
49292_0141_00003;3;;Rue des Tourterelles;49750;49292;Val-du-Layon;Saint-Lambert-du-Lattay;;-0.652547;47.298136
49292_w1ki9t_00014;14;;les Hardières;49750;49292;Val-du-Layon;Saint-Lambert-du-Lattay;;-0.652949;47.308695
49292_ude182_00003;3;;les Barres;49190;49292;Val-du-Layon;Saint-Aubin-de-Luigné;;-0.680416;47.333329
49292_0060_00003;3;;Rue Emile Godillon;49750;49292;Val-du-Layon;Saint-Lambert-du-Lattay;;-0.633151;47.302122
49292_0155_00010;10;;Rue des Varennes;49750;49292;Val-du-Layon;Saint-Lambert-du-Lattay;;-0.639054;47.303605
49292_0032_00002;2;;Rue de la Belle Angevine;49750;49292;Val-du-Layon;Saint-Lambert-du-Lattay;;-0.632329;47.30139
49292_0153_00005;5;;Allée des Vignes;49750;49292;Val-du-Layon;Saint-Lambert-du-Lattay;;-0.634857;47.305414
49292_0752_00008;8;;Rue René Gasnier;49190;49292;Val-du-Layon;Saint-Aubin-de-Luigné;;-0.692966;47.345044
49292_5r1qnr_00019;19;;le Layon;49750;49292;Val-du-Layon;Saint-Lambert-du-Lattay;;-0.63865;47.317024
49292_0046_00003;3;;Chemin de Chanteloup;49750;49292;Val-du-Layon;Saint-Lambert-du-Lattay;;-0.643388;47.289852
49292_0725_00038;38;;Rue du Canal de Monsieur;49190;49292;Val-du-Layon;Saint-Aubin-de-Luigné;;-0.666682;47.326829
49292_0142_00003;3;;Rue de la Treille;49750;49292;Val-du-Layon;Saint-Lambert-du-Lattay;;-0.633355;47.301374
49292_f9y81b_00002;2;;le Pasty;49750;49292;Val-du-Layon;Saint-Aubin-de-Luigné;;-0.684725;47.306521
49292_0200_00023;23;;Rue des Cormiers;49750;49292;Val-du-Layon;Saint-Lambert-du-Lattay;;-0.643851;47.305559
49292_0724_00009;9;;Route de Bellevue;49190;49292;Val-du-Layon;Saint-Aubin-de-Luigné;;-0.661735;47.325192
49292_0120_00006;6;;Rue Rabelais;49750;49292;Val-du-Layon;Saint-Lambert-du-Lattay;;-0.632574;47.301836
49292_y5w1le_00016;16;;la Genaiserie;49190;49292;Val-du-Layon;Saint-Aubin-de-Luigné;;-0.684015;47.335769
49292_0250_00008;8;;Rue des Frênes;49750;49292;Val-du-Layon;Saint-Lambert-du-Lattay;;-0.642149;47.305964
49292_0100_00031;31;;Rue Pasteur;49750;49292;Val-du-Layon;Saint-Lambert-du-Lattay;;-0.639366;47.305133
49292_0130_00017;17;;Rue Saint-Vincent;49750;49292;Val-du-Layon;Saint-Lambert-du-Lattay;;-0.628868;47.304914
49292_xrukqh_00001;1;;Impasse du Châtaignier;49750;49292;Val-du-Layon;Saint-Lambert-du-Lattay;;-0.642634;47.305615
49292_0058_00006;6;;Rue de la Croix du Sacré;49750;49292;Val-du-Layon;Saint-Lambert-du-Lattay;;-0.637172;47.305517
49292_0118_00003;3;;Chemin du Pot Chesneau;49750;49292;Val-du-Layon;Saint-Lambert-du-Lattay;;-0.647168;47.30422
49292_0059_00006;6;;Allée des Eglantines;49750;49292;Val-du-Layon;Saint-Lambert-du-Lattay;;-0.643847;47.30754
49292_0115_00008;8;;Rue du Petit Chesneau;49750;49292;Val-du-Layon;Saint-Lambert-du-Lattay;;-0.643337;47.299563
49292_0746_00004;4;;Rue du Jardin;49190;49292;Val-du-Layon;Saint-Aubin-de-Luigné;;-0.663929;47.326385
49292_0300_00006;6;;Allée des Tilleuls;49750;49292;Val-du-Layon;Saint-Lambert-du-Lattay;;-0.6428;47.306249
49292_0060_00005;5;;Rue Emile Godillon;49750;49292;Val-du-Layon;Saint-Lambert-du-Lattay;;-0.633141;47.302329
49292_0055_00002;2;;Allée des Coquelicots;49750;49292;Val-du-Layon;Saint-Lambert-du-Lattay;;-0.642348;47.307302
49292_0120_00033;33;;Rue Rabelais;49750;49292;Val-du-Layon;Saint-Lambert-du-Lattay;;-0.638225;47.302245
49292_0100_00020;20;;Rue Pasteur;49750;49292;Val-du-Layon;Saint-Lambert-du-Lattay;;-0.635948;47.304088
49292_0724_00006;6;;Route de Bellevue;49190;49292;Val-du-Layon;Saint-Aubin-de-Luigné;;-0.662525;47.325283
49292_0751_00004;4;;Rue de la Saulaie;49190;49292;Val-du-Layon;Saint-Aubin-de-Luigné;;-0.663264;47.321592
49292_0086_00011;11;;Rue du Layon;49750;49292;Val-du-Layon;Saint-Lambert-du-Lattay;;-0.63624;47.305335
49292_0100_00029;29;;Rue Pasteur;49750;49292;Val-du-Layon;Saint-Lambert-du-Lattay;;-0.63935;47.305092
49292_b852_00005;5;;Grande rue;49190;49292;Val-du-Layon;Saint-Aubin-de-Luigné;;-0.67247;47.332629
49292_0045_00009;9;;Rue de la Chauvière;49750;49292;Val-du-Layon;Saint-Lambert-du-Lattay;;-0.625602;47.30553
49292_0250_00003;3;;Rue des Frênes;49750;49292;Val-du-Layon;Saint-Lambert-du-Lattay;;-0.640883;47.305438
49292_0032_00016;16;;Rue de la Belle Angevine;49750;49292;Val-du-Layon;Saint-Lambert-du-Lattay;;-0.633063;47.300848
49292_t4n9fx_00001;1;;la Midonnière;49750;49292;Val-du-Layon;Saint-Lambert-du-Lattay;;-0.604188;47.304046
49292_0bkugt_00003;3;;le Landreau;49750;49292;Val-du-Layon;Saint-Lambert-du-Lattay;;-0.65172;47.285262
49292_0732_00004;4;;Rue de la Herse;49190;49292;Val-du-Layon;Saint-Aubin-de-Luigné;;-0.667369;47.328727
49292_ude182_00006;6;;les Barres;49190;49292;Val-du-Layon;Saint-Aubin-de-Luigné;;-0.681309;47.333426
49292_0132_00011;11;;Rue des Sauvins;49750;49292;Val-du-Layon;Saint-Lambert-du-Lattay;;-0.633832;47.304414
49292_puam7v_00003;3;;le Gué;49750;49292;Val-du-Layon;Saint-Lambert-du-Lattay;;-0.644892;47.278805
49292_xradm9_00008;8;;Valette;49190;49292;Val-du-Layon;Saint-Aubin-de-Luigné;;-0.683958;47.326936
49292_0745_00001;1;;Chemin des Chesnaies;49190;49292;Val-du-Layon;Saint-Aubin-de-Luigné;;-0.66195;47.325452
49292_0092_00006_ter;6;Ter;Rue Maurice Massignon;49750;49292;Val-du-Layon;Saint-Lambert-du-Lattay;;-0.631421;47.302456
49292_0086_00002;2;;Rue du Layon;49750;49292;Val-du-Layon;Saint-Lambert-du-Lattay;;-0.636823;47.304636
49292_0091_00001_bis;1;Bis;Chemin de la Martinière;49750;49292;Val-du-Layon;Saint-Lambert-du-Lattay;;-0.642554;47.290385
49292_0736_00013;13;;Chemin des Meuniers;49190;49292;Val-du-Layon;Saint-Aubin-de-Luigné;;-0.662211;47.327745
49292_5r1qnr_00011;11;;le Layon;49750;49292;Val-du-Layon;Saint-Lambert-du-Lattay;;-0.638686;47.316656
49292_0730_00005;5;;Rue de la Gare;49190;49292;Val-du-Layon;Saint-Aubin-de-Luigné;;-0.66665;47.326217
49292_0749_00003;3;;Rue des Vignes;49190;49292;Val-du-Layon;Saint-Aubin-de-Luigné;;-0.665092;47.326978
49292_5r1qnr_00017;17;;le Layon;49750;49292;Val-du-Layon;Saint-Lambert-du-Lattay;;-0.638812;47.31706
49292_0077_00002_bis;2;Bis;Rue de la Gagnerie;49750;49292;Val-du-Layon;Saint-Lambert-du-Lattay;;-0.634906;47.303933
49292_0050_00001;1;;Rue des Chesnaies;49750;49292;Val-du-Layon;Saint-Lambert-du-Lattay;;-0.628084;47.305397
49292_8ieq4u_00017;17;;Rue des Louetteries;49190;49292;Val-du-Layon;Saint-Aubin-de-Luigné;;-0.664961;47.329695
49292_0079_00001;1;;Chemin du Grand Clos;49750;49292;Val-du-Layon;Saint-Lambert-du-Lattay;;-0.640191;47.292301
49292_0100_00006;6;;Rue Pasteur;49750;49292;Val-du-Layon;Saint-Lambert-du-Lattay;;-0.634269;47.303152
49292_0063_00018;18;;Rue des Erables;49750;49292;Val-du-Layon;Saint-Lambert-du-Lattay;;-0.643841;47.304405
49292_0090_00003;3;;Rue du Maréchal Soyer;49750;49292;Val-du-Layon;Saint-Lambert-du-Lattay;;-0.631518;47.301564
49292_0079_00002;2;;Chemin du Grand Clos;49750;49292;Val-du-Layon;Saint-Lambert-du-Lattay;;-0.640636;47.292322
49292_0096_00002_e;2;E;Allée des Myosotis;49750;49292;Val-du-Layon;Saint-Lambert-du-Lattay;;-0.644507;47.308939
49292_b857_00002;2;;la Haute Orière;49190;49292;Val-du-Layon;Saint-Aubin-de-Luigné;;-0.686776;47.298177
49292_0107_00005;5;;Rue du Petit Clos;49750;49292;Val-du-Layon;Saint-Lambert-du-Lattay;;-0.641328;47.299195
49292_0034_00003;3;;Rue du Bon Repos;49750;49292;Val-du-Layon;Saint-Lambert-du-Lattay;;-0.632774;47.302744
49292_0078_00010_bis;10;Bis;Chemin des Grandes Tailles;49750;49292;Val-du-Layon;Saint-Lambert-du-Lattay;;-0.642215;47.29097
49292_0109_00003;3;;Allée des Primevères;49750;49292;Val-du-Layon;Saint-Lambert-du-Lattay;;-0.642846;47.30898
49292_44e9g3_00002;2;;Rue de la Fontaine des Sarrazins;49750;49292;Val-du-Layon;Saint-Lambert-du-Lattay;;-0.631782;47.301053
49292_0b2ypw_00002;2;;la Mussardière;49750;49292;Val-du-Layon;Saint-Lambert-du-Lattay;;-0.647985;47.299713
49292_0741_00008;8;;Rue de Roule Cul;49190;49292;Val-du-Layon;Saint-Aubin-de-Luigné;;-0.67144;47.330451
49292_0bkugt_00006;6;;le Landreau;49750;49292;Val-du-Layon;Saint-Lambert-du-Lattay;;-0.653023;47.286469
49292_0092_00014;14;;Rue Maurice Massignon;49750;49292;Val-du-Layon;Saint-Lambert-du-Lattay;;-0.63213;47.302482
49292_0034_00002;2;;Rue du Bon Repos;49750;49292;Val-du-Layon;Saint-Lambert-du-Lattay;;-0.63266;47.302758
49292_0754_00002;2;;Rue de Chantemerle;49190;49292;Val-du-Layon;Saint-Aubin-de-Luigné;;-0.666111;47.328485
49292_0032_00020;20;;Rue de la Belle Angevine;49750;49292;Val-du-Layon;Saint-Lambert-du-Lattay;;-0.633243;47.300709
49292_0759_00003;3;;Square de Chantemerle;49190;49292;Val-du-Layon;Saint-Aubin-de-Luigné;;-0.663188;47.327977
49292_l59rib_00002;2;;Sauveroy;49750;49292;Val-du-Layon;Saint-Lambert-du-Lattay;;-0.6477;47.291112
49292_0085_00005;5;;Rue des Lacas;49750;49292;Val-du-Layon;Saint-Lambert-du-Lattay;;-0.646048;47.303374
49292_0019_00005;5;;Rue des Alouettes;49750;49292;Val-du-Layon;Saint-Lambert-du-Lattay;;-0.655631;47.299758
49292_0092_00012_bis;12;Bis;Rue Maurice Massignon;49750;49292;Val-du-Layon;Saint-Lambert-du-Lattay;;-0.631724;47.302337
49292_0111_00001;1;;Rue de la Petite Pré;49750;49292;Val-du-Layon;Saint-Lambert-du-Lattay;;-0.642401;47.300295
49292_0725_00053;53;;Rue du Canal de Monsieur;49190;49292;Val-du-Layon;Saint-Aubin-de-Luigné;;-0.664691;47.325563
49292_0046_00008;8;;Chemin de Chanteloup;49750;49292;Val-du-Layon;Saint-Lambert-du-Lattay;;-0.643465;47.289803
49292_0120_00026_bis;26;Bis;Rue Rabelais;49750;49292;Val-du-Layon;Saint-Lambert-du-Lattay;;-0.634826;47.302042
49292_0748_00005;5;;Rue du Rocher;49190;49292;Val-du-Layon;Saint-Aubin-de-Luigné;;-0.664111;47.322828
49292_0014_00007;7;;Rue des Acacias;49750;49292;Val-du-Layon;Saint-Lambert-du-Lattay;;-0.644626;47.304781
49292_0019_00002;2;;Rue des Alouettes;49750;49292;Val-du-Layon;Saint-Lambert-du-Lattay;;-0.652635;47.299362
49292_0115_00001;1;;Rue du Petit Chesneau;49750;49292;Val-du-Layon;Saint-Lambert-du-Lattay;;-0.641452;47.299904
49292_ib7hmy_00002;2;;l'Ollulière;49750;49292;Val-du-Layon;Saint-Lambert-du-Lattay;;-0.652266;47.315796
49292_x90yqc_00001;1;;Impasse de l'Ecole René Guy Cadou;49190;49292;Val-du-Layon;Saint-Aubin-de-Luigné;;-0.66448;47.326368
49292_0759_00006;6;;Square de Chantemerle;49190;49292;Val-du-Layon;Saint-Aubin-de-Luigné;;-0.66301;47.327877
49292_0120_00020;20;;Rue Rabelais;49750;49292;Val-du-Layon;Saint-Lambert-du-Lattay;;-0.633937;47.30196
