id;numero;rep;nom_voie;code_postal;code_insee;nom_commune;nom_ancienne_commune;nom_ld;lon;lat
68063_0230_00008;8;;Rue des Fabriques;68700;68063;Cernay;;;7.179676;47.808714
68063_0230_00011;11;;Rue des Fabriques;68700;68063;Cernay;;;7.181093;47.808823
68063_0626_00016;16;;Rue de la 4ème D.M.M.;68700;68063;Cernay;;;7.172972;47.799511
68063_0630_00007;7;;Rue du Raisin;68700;68063;Cernay;;;7.166045;47.814818
68063_0752_00016;16;;Allée des Séquoias;68700;68063;Cernay;;;7.166092;47.809551
68063_0470_00030;30;;Rue des Montagnes;68700;68063;Cernay;;;7.16941;47.814841
68063_0082_00018;18;;Rue d’Auvergne;68700;68063;Cernay;;;7.177056;47.79666
68063_0100_00047_c;47;c;Faubourg de Belfort;68700;68063;Cernay;;;7.174722;47.797037
68063_0270_00010;10;;Rue du Freundstein;68700;68063;Cernay;;;7.181866;47.811785
68063_0730_00024;24;;Rue Saint-Morand;68700;68063;Cernay;;;7.164097;47.815308
68063_0740_00009;9;;Rue Sandoz;68700;68063;Cernay;;;7.164431;47.807172
68063_0020_00011;11;;Rue Amélie Zurcher;68700;68063;Cernay;;;7.186083;47.81267
68063_0397_00001;1;;Rue des Lilas;68700;68063;Cernay;;;7.171278;47.806941
68063_0320_00041;41;;Rue Haffner;68700;68063;Cernay;;;7.175511;47.810041
68063_0390_00010;10;;Rue Latouche;68700;68063;Cernay;;;7.173169;47.809365
68063_0533_00001;1;;Rue Paul Baudry;68700;68063;Cernay;;;7.190963;47.812478
68063_0790_00002;2;;Rue de la Synagogue;68700;68063;Cernay;;;7.176497;47.809263
68063_0511_00001;1;;Impasse des Pâquerettes;68700;68063;Cernay;;;7.186231;47.804067
68063_0111_00008;8;;Rue Blaise Pascal;68700;68063;Cernay;;;7.182792;47.807261
68063_0100_00009;9;;Faubourg de Belfort;68700;68063;Cernay;;;7.175057;47.800146
68063_jlzcon_00010;10;;Rue Roger Hassenforder;68700;68063;Cernay;;;7.166026;47.804781
68063_0900_00006;6;;Rue de Wattwiller;68700;68063;Cernay;;;7.181548;47.810696
68063_0890_00008;8;;Faubourg des Vosges;68700;68063;Cernay;;;7.171702;47.810176
68063_a6yhef_00001;1;;Impasse du Mimosa;68700;68063;Cernay;;;7.187829;47.803854
68063_0335_00007;7;;Rue de l’Industrie;68700;68063;Cernay;;;7.201217;47.795208
68063_0223_00006;6;;Place des Étoiles;68700;68063;Cernay;;;7.161437;47.795076
68063_0433_00001;1;;Rue du Markstein;68700;68063;Cernay;;;7.181355;47.810944
68063_0165_00002;2;;Rue du Château;68700;68063;Cernay;;;7.173901;47.810814
68063_0922_00014;14;;Rue Camille Oberreiner;68700;68063;Cernay;;;7.169288;47.811916
68063_0880_00001;1;;Rue des Vignes;68700;68063;Cernay;;;7.174407;47.812482
68063_0820_00014;14;;Rue de Thann;68700;68063;Cernay;;;7.174531;47.809503
68063_0900_00037;37;;Rue de Wattwiller;68700;68063;Cernay;;;7.180354;47.813109
68063_0065_00008;8;;Rue des Artisans;68700;68063;Cernay;;;7.155856;47.810717
68063_0149_00010;10;;Rue des Cavaliers;68700;68063;Cernay;;;7.16072;47.801336
68063_0370_00012;12;;Rue Joseph Vogt;68700;68063;Cernay;;;7.188569;47.813162
68063_0210_00008;8;;Rue de la Douane;68700;68063;Cernay;;;7.180945;47.798253
68063_0493_00005;5;;Impasse des Mûriers;68700;68063;Cernay;;;7.168159;47.801943
68063_0350_00005;5;;Rue James Barbier;68700;68063;Cernay;;;7.176251;47.807417
68063_0553_00008;8;;Avenue de la Plaine;68700;68063;Cernay;;;7.181368;47.795646
68063_0215_00002;2;;Rue Edmond Rogelet;68700;68063;Cernay;;;7.19051;47.810521
68063_0210_00065;65;;Rue de la Douane;68700;68063;Cernay;;;7.182779;47.794652
68063_0360_00049;49;;Rue Joseph Dépierre;68700;68063;Cernay;;;7.171747;47.814109
68063_0149_00014;14;;Rue des Cavaliers;68700;68063;Cernay;;;7.160553;47.801057
68063_0860_00020;20;;Rue du Ventron;68700;68063;Cernay;;;7.182136;47.81315
68063_0910_00055_b;55;b;Rue de Wittelsheim;68700;68063;Cernay;;;7.185684;47.803022
68063_0082_00035;35;;Rue d’Auvergne;68700;68063;Cernay;;;7.175844;47.798154
68063_0250_00011;11;;Rue des Fleurs;68700;68063;Cernay;;;7.179835;47.801288
68063_0645_00032_a;32;a;Rue René Guibert;68700;68063;Cernay;;;7.171059;47.80241
68063_0065_00029;29;;Rue des Artisans;68700;68063;Cernay;;;7.153929;47.810335
68063_0015_00012;12;;Avenue d’Alsace;68700;68063;Cernay;;;7.16892;47.794751
68063_0094_00022;22;;Rue des Bâtisseurs;68700;68063;Cernay;;;7.17684;47.800867
68063_0111_00025;25;;Rue Blaise Pascal;68700;68063;Cernay;;;7.183915;47.80789
68063_0336_00002;2;;Impasse de l’Industrie;68700;68063;Cernay;;;7.187392;47.797199
68063_0360_00015;15;;Rue Joseph Dépierre;68700;68063;Cernay;;;7.167212;47.813055
68063_0065_00027;27;;Rue des Artisans;68700;68063;Cernay;;;7.154246;47.810448
68063_0750_00067;67;;Rue de Schweighouse;68700;68063;Cernay;;;7.179818;47.79656
68063_0149_00013;13;;Rue des Cavaliers;68700;68063;Cernay;;;7.160764;47.800871
68063_0312_00012;12;;Rue Gustave Eiffel;68700;68063;Cernay;;;7.18307;47.803712
68063_0750_00035;35;;Rue de Schweighouse;68700;68063;Cernay;;;7.179493;47.798688
68063_0336_00008;8;;Impasse de l’Industrie;68700;68063;Cernay;;;7.187737;47.797611
68063_0335_00003_b;3;b;Rue de l’Industrie;68700;68063;Cernay;;;7.201994;47.80321
68063_0040_00008;8;;Rue de l’Ancienne Cure;68700;68063;Cernay;;;7.17375;47.809447
68063_0350_00007;7;;Rue James Barbier;68700;68063;Cernay;;;7.176536;47.807493
68063_0650_00019;19;;Rue du Repos;68700;68063;Cernay;;;7.17353;47.811232
68063_0770_00024_b;24;b;Rue de Soultz;68700;68063;Cernay;;;7.179904;47.812911
68063_0350_00006;6;;Rue James Barbier;68700;68063;Cernay;;;7.176306;47.807303
68063_0070_00027;27;;Rue de l’Asile;68700;68063;Cernay;;;7.169828;47.798312
68063_0743_00004;4;;Rue des Sarments;68700;68063;Cernay;;;7.169155;47.814134
68063_70a9ra_00006;6;;Impasse des Mésanges;68700;68063;Cernay;;;7.179238;47.810176
68063_0165_00008;8;;Rue du Château;68700;68063;Cernay;;;7.174387;47.810735
68063_0090_00002;2;;Rue du Ballon;68700;68063;Cernay;;;7.174348;47.811758
68063_0830_00011;11;;Rue de la Thur;68700;68063;Cernay;;;7.176399;47.803914
68063_0397_00023;23;;Rue des Lilas;68700;68063;Cernay;;;7.169864;47.806109
68063_0330_00016;16;;Rue de l’Hôpital;68700;68063;Cernay;;;7.173932;47.807704
68063_0551_00013;13;;Rue des Pinsons;68700;68063;Cernay;;;7.188583;47.810483
68063_0100_00059_a;59;a;Faubourg de Belfort;68700;68063;Cernay;;;7.174059;47.796378
68063_0740_00113;113;;Rue Sandoz;68700;68063;Cernay;;;7.158929;47.807779
68063_0082_00072;72;;Rue d’Auvergne;68700;68063;Cernay;;;7.177966;47.796894
68063_0397_00021;21;;Rue des Lilas;68700;68063;Cernay;;;7.169998;47.806297
68063_0275_00004;4;;Impasse des Garages;68700;68063;Cernay;;;7.176751;47.806929
68063_0399_00003;3;;Rue du Limousin;68700;68063;Cernay;;;7.176948;47.796148
68063_r41wid_00007;7;;Avenue Albert Schweitzer;68700;68063;Cernay;;;7.179922;47.807321
68063_0390_00009_a;9;a;Rue Latouche;68700;68063;Cernay;;;7.173191;47.808851
68063_0210_00038;38;;Rue de la Douane;68700;68063;Cernay;;;7.182414;47.795542
68063_0200_00005;5;;Rue de la Côte 425;68700;68063;Cernay;;;7.170438;47.809054
68063_0740_00006;6;;Rue Sandoz;68700;68063;Cernay;;;7.16847;47.808419
68063_0370_00007;7;;Rue Joseph Vogt;68700;68063;Cernay;;;7.187364;47.813056
68063_0910_00042;42;;Rue de Wittelsheim;68700;68063;Cernay;;;7.183722;47.802505
68063_0921_00003;3;;Rue des Cèdres;68700;68063;Cernay;;;7.168787;47.808813
68063_0900_00021;21;;Rue de Wattwiller;68700;68063;Cernay;;;7.181191;47.81152
68063_0440_00001;1;;Rue de la Marne;68700;68063;Cernay;;;7.176173;47.811723
68063_0045_00004;4;;Rue d'Aquitaine;68700;68063;Cernay;;;7.174824;47.795167
68063_0213_00002;2;;Rue des Écuyers;68700;68063;Cernay;;;7.163115;47.801949
68063_0910_00001;1;;Rue de Wittelsheim;68700;68063;Cernay;;;7.177009;47.803296
68063_0230_00010_a;10;a;Rue des Fabriques;68700;68063;Cernay;;;7.179785;47.808067
68063_0690_00002_b;2;b;Rue du Rossberg;68700;68063;Cernay;;;7.182102;47.810868
68063_0397_00013;13;;Rue des Lilas;68700;68063;Cernay;;;7.170203;47.806434
68063_0890_00219;219;;Faubourg des Vosges;68700;68063;Cernay;;;7.140327;47.808334
68063_0350_00022;22;;Rue James Barbier;68700;68063;Cernay;;;7.177891;47.807652
68063_0910_00006;6;;Rue de Wittelsheim;68700;68063;Cernay;;;7.177549;47.803079
68063_0490_00006;6;;Rue de Mulhouse;68700;68063;Cernay;;;7.183024;47.802074
68063_0560_00028_a;28;a;Rue Raymond Poincaré;68700;68063;Cernay;;;7.174181;47.807074
68063_0240_00011;11;;Rue de la Ferme;68700;68063;Cernay;;;7.167741;47.797803
68063_0765_00003;3;;Sentier des Sorcières;68700;68063;Cernay;;;7.175889;47.810244
68063_0380_00006;6;;Rue du Jura;68700;68063;Cernay;;;7.184631;47.812638
68063_0100_00031;31;;Faubourg de Belfort;68700;68063;Cernay;;;7.17423;47.798652
68063_0360_00038;38;;Rue Joseph Dépierre;68700;68063;Cernay;;;7.172241;47.814175
68063_0752_00012;12;;Allée des Séquoias;68700;68063;Cernay;;;7.16602;47.809824
68063_0325_00011;11;;Rue des Hirondelles;68700;68063;Cernay;;;7.169974;47.797759
68063_0551_00009;9;;Rue des Pinsons;68700;68063;Cernay;;;7.188062;47.810523
68063_0511_00006;6;;Impasse des Pâquerettes;68700;68063;Cernay;;;7.186;47.803811
68063_0752_00014;14;;Allée des Séquoias;68700;68063;Cernay;;;7.166045;47.809709
68063_0740_00095;95;;Rue Sandoz;68700;68063;Cernay;;;7.160884;47.807472
68063_0148_00002;2;;Impasse des Cerisiers;68700;68063;Cernay;;;7.167985;47.813985
68063_0535_00006;6;;Rue du Peintre Jean-Paul Carrère;68700;68063;Cernay;;;7.186118;47.809945
68063_0093_00001;1;;Avenue Bartholdi;68700;68063;Cernay;;;7.183608;47.804152
68063_0820_00008;8;;Rue de Thann;68700;68063;Cernay;;;7.175027;47.809314
68063_0213_00003;3;;Rue des Écuyers;68700;68063;Cernay;;;7.163219;47.8018
68063_0210_00021_f;21;f;Rue de la Douane;68700;68063;Cernay;;;7.181931;47.798385
68063_0280_00012;12;;Rue de la Gare;68700;68063;Cernay;;;7.174593;47.802113
68063_0440_00004;4;;Rue de la Marne;68700;68063;Cernay;;;7.17583;47.811869
68063_0841_00008;8;;Rue des Tulipes;68700;68063;Cernay;;;7.185073;47.807339
68063_0910_00053;53;;Rue de Wittelsheim;68700;68063;Cernay;;;7.18564;47.802576
68063_0225_00031;31;;Rue de l’Europe;68700;68063;Cernay;;;7.184007;47.79147
68063_0876_00002_b;2;b;Rue Victor Hugo;68700;68063;Cernay;;;7.19283;47.812093
68063_0446_00004;4;;Rue des Mélèzes;68700;68063;Cernay;;;7.173665;47.812313
68063_0920_00001_a;1;a;Rue Xavier Schaffhauser;68700;68063;Cernay;;;7.173616;47.809125
68063_0770_00006;6;;Rue de Soultz;68700;68063;Cernay;;;7.179761;47.810992
68063_0900_00023_a;23;a;Rue de Wattwiller;68700;68063;Cernay;;;7.181151;47.811624
68063_0333_00006;6;;Rue du 8 Mai;68700;68063;Cernay;;;7.174486;47.800368
68063_0770_00001_e;1;e;Rue de Soultz;68700;68063;Cernay;;;7.17764;47.80947
68063_0850_00020;20;;Faubourg d’Uffholtz;68700;68063;Cernay;;;7.17724;47.812916
68063_0190_00006;6;;Faubourg de Colmar;68700;68063;Cernay;;;7.180196;47.809104
68063_0490_00038;38;;Rue de Mulhouse;68700;68063;Cernay;;;7.185951;47.800059
68063_0100_00017_a;17;a;Faubourg de Belfort;68700;68063;Cernay;;;7.175302;47.799324
68063_0215_00019;19;;Rue Edmond Rogelet;68700;68063;Cernay;;;7.19016;47.811223
68063_0320_00039;39;;Rue Haffner;68700;68063;Cernay;;;7.175386;47.81006
68063_0750_00013;13;;Rue de Schweighouse;68700;68063;Cernay;;;7.178408;47.80182
68063_0884_00003;3;;Rue des Violettes;68700;68063;Cernay;;;7.184228;47.807469
68063_0626_00008;8;;Rue de la 4ème D.M.M.;68700;68063;Cernay;;;7.17343;47.800262
68063_0223_00003;3;;Place des Étoiles;68700;68063;Cernay;;;7.161062;47.795889
68063_0835_00006;6;;Rue des Tirailleurs;68700;68063;Cernay;;;7.170898;47.799927
68063_0770_00004_a;4;a;Rue de Soultz;68700;68063;Cernay;;;7.178665;47.809878
68063_0140_00001;1;;Rue de Bretagne;68700;68063;Cernay;;;7.176119;47.798571
68063_0760_00004;4;;Rue de la Somme;68700;68063;Cernay;;;7.176214;47.812452
68063_0750_00015;15;;Rue de Schweighouse;68700;68063;Cernay;;;7.178547;47.80162
68063_0556_00003;3;;Quai des Platanes;68700;68063;Cernay;;;7.17094;47.805987
68063_0150_00025;25;;Rue de Champagne;68700;68063;Cernay;;;7.176444;47.799981
68063_0744_00006_b;6;b;Rue de la Sauge;68700;68063;Cernay;;;7.200027;47.804205
68063_0185_00001;1;;Rue des Collines;68700;68063;Cernay;;;7.167337;47.813659
68063_0700_00001;1;;Impasse Sainte-Barbe;68700;68063;Cernay;;;7.17825;47.807966
68063_0720_00008;8;;Rue Saint-Joseph;68700;68063;Cernay;;;7.177314;47.801752
68063_0330_00022;22;;Rue de l’Hôpital;68700;68063;Cernay;;;7.173703;47.807723
68063_0720_00010;10;;Rue Saint-Joseph;68700;68063;Cernay;;;7.177583;47.801701
68063_0900_00029;29;;Rue de Wattwiller;68700;68063;Cernay;;;7.180824;47.812194
68063_0336_00004;4;;Impasse de l’Industrie;68700;68063;Cernay;;;7.187467;47.797299
68063_0041_00008;8;;Rue André Malraux;68700;68063;Cernay;;;7.192342;47.811196
68063_0470_00016;16;;Rue des Montagnes;68700;68063;Cernay;;;7.170197;47.813035
68063_0210_00053;53;;Rue de la Douane;68700;68063;Cernay;;;7.182602;47.795324
68063_0921_00030;30;;Rue des Cèdres;68700;68063;Cernay;;;7.166729;47.810011
68063_0530_00007;7;;Rue du Parc;68700;68063;Cernay;;;7.172792;47.803166
68063_0490_00029;29;;Rue de Mulhouse;68700;68063;Cernay;;;7.185578;47.800503
68063_0600_00008;8;;Rue de Provence;68700;68063;Cernay;;;7.176114;47.798376
68063_0800_00012;12;;Rue de la Teinturerie;68700;68063;Cernay;;;7.187089;47.810701
68063_0280_00007;7;;Rue de la Gare;68700;68063;Cernay;;;7.173671;47.801989
68063_0390_00001;1;;Rue Latouche;68700;68063;Cernay;;;7.173433;47.809683
68063_0890_00012;12;;Faubourg des Vosges;68700;68063;Cernay;;;7.171301;47.810252
68063_0082_00032;32;;Rue d’Auvergne;68700;68063;Cernay;;;7.176052;47.797375
68063_0350_00003;3;;Rue James Barbier;68700;68063;Cernay;;;7.176126;47.80742
68063_0850_00004;4;;Faubourg d’Uffholtz;68700;68063;Cernay;;;7.176764;47.811789
68063_0600_00003_b;3;b;Rue de Provence;68700;68063;Cernay;;;7.176852;47.798382
68063_0391_00002;2;;Rue du Laurier;68700;68063;Cernay;;;7.197938;47.804488
68063_0470_00024;24;;Rue des Montagnes;68700;68063;Cernay;;;7.169759;47.814036
68063_0780_00006;6;;Rue de Steinbach;68700;68063;Cernay;;;7.168267;47.810795
68063_0082_00074;74;;Rue d’Auvergne;68700;68063;Cernay;;;7.178286;47.796812
68063_0508_00001;1;;Rue des Orchidées;68700;68063;Cernay;;;7.186693;47.80654
68063_0746_00011;11;;Rue des Saules;68700;68063;Cernay;;;7.172594;47.813663
68063_0161_00138;138;;Avenue Charles de Gaulle;68700;68063;Cernay;;;7.191594;47.791407
68063_0210_00023;23;;Rue de la Douane;68700;68063;Cernay;;;7.181221;47.798109
68063_0541_00001;1;;Rue Pierre et Marie Curie;68700;68063;Cernay;;;7.182946;47.805053
68063_0530_00008;8;;Rue du Parc;68700;68063;Cernay;;;7.172407;47.802831
68063_0335_00013;13;;Rue de l’Industrie;68700;68063;Cernay;;;7.186411;47.797475
68063_0877_00014;14;;Rue du Vieil Armand;68700;68063;Cernay;;;7.176573;47.810573
68063_0180_00010;10;;Rue Clemenceau;68700;68063;Cernay;;;7.176875;47.808887
68063_0190_00008;8;;Faubourg de Colmar;68700;68063;Cernay;;;7.180471;47.809176
68063_0161_00069_c;69;c;Avenue Charles de Gaulle;68700;68063;Cernay;;;7.185225;47.799129
68063_0841_00002;2;;Rue des Tulipes;68700;68063;Cernay;;;7.184977;47.807635
68063_0398_00029;29;;Rue du Lot-et-Garonne;68700;68063;Cernay;;;7.179097;47.795824
68063_0875_00021;21;;Rue de la Victoire;68700;68063;Cernay;;;7.171068;47.798558
68063_0185_00007;7;;Rue des Collines;68700;68063;Cernay;;;7.166223;47.813898
68063_0610_00008;8;;Rue des Puits;68700;68063;Cernay;;;7.168113;47.811888
68063_0875_00013;13;;Rue de la Victoire;68700;68063;Cernay;;;7.171195;47.798814
68063_0190_00039;39;;Faubourg de Colmar;68700;68063;Cernay;;;7.186002;47.811117
68063_0910_00044_a;44;a;Rue de Wittelsheim;68700;68063;Cernay;;;7.184248;47.802512
68063_0280_00016;16;;Rue de la Gare;68700;68063;Cernay;;;7.17381;47.80209
68063_0475_00025;25;;Avenue Montaigne;68700;68063;Cernay;;;7.183578;47.806988
68063_0350_00024;24;;Rue James Barbier;68700;68063;Cernay;;;7.178202;47.808229
68063_0360_00003;3;;Rue Joseph Dépierre;68700;68063;Cernay;;;7.166455;47.812503
68063_0843_00008;8;;Impasse du Trèfle;68700;68063;Cernay;;;7.182186;47.799611
68063_0470_00046;46;;Rue des Montagnes;68700;68063;Cernay;;;7.168246;47.816797
68063_0094_00001;1;;Rue des Bâtisseurs;68700;68063;Cernay;;;7.178232;47.800368
68063_0060_00006;6;;Rue de l’Argonne;68700;68063;Cernay;;;7.185401;47.81264
68063_0743_00010;10;;Rue des Sarments;68700;68063;Cernay;;;7.168787;47.814772
68063_0330_00008;8;;Rue de l’Hôpital;68700;68063;Cernay;;;7.174744;47.80761
68063_0330_00001;1;;Rue de l’Hôpital;68700;68063;Cernay;;;7.174409;47.807328
68063_a6yhef_00005;5;;Impasse du Mimosa;68700;68063;Cernay;;;7.187738;47.803646
68063_0407_00025;25;;Rue du Manège;68700;68063;Cernay;;;7.164289;47.801814
68063_0100_00061;61;;Faubourg de Belfort;68700;68063;Cernay;;;7.173142;47.796567
68063_0923_00019;19;;Rue Daniel Eck;68700;68063;Cernay;;;7.185305;47.809588
68063_0591_00001;1;;Rue des Primevères;68700;68063;Cernay;;;7.186866;47.80736
68063_0900_00001_a;1;a;Rue de Wattwiller;68700;68063;Cernay;;;7.181292;47.809913
68063_0540_00017;17;;Rue Pierre Burtschell;68700;68063;Cernay;;;7.176124;47.812608
68063_0750_00027;27;;Rue de Schweighouse;68700;68063;Cernay;;;7.17945;47.799642
68063_0206_00004;4;;Rue de Lattre de Tassigny;68700;68063;Cernay;;;7.17287;47.799817
68063_0501_00010;10;;Rue de Normandie;68700;68063;Cernay;;;7.173882;47.792664
68063_0910_00052_b;52;b;Rue de Wittelsheim;68700;68063;Cernay;;;7.185049;47.802481
68063_0470_00059;59;;Rue des Montagnes;68700;68063;Cernay;;;7.166709;47.817251
68063_0850_00023;23;;Faubourg d’Uffholtz;68700;68063;Cernay;;;7.17732;47.813328
68063_0225_00055;55;;Rue de l’Europe;68700;68063;Cernay;;;7.192748;47.788657
68063_0100_00016_b;16;b;Faubourg de Belfort;68700;68063;Cernay;;;7.171795;47.795076
68063_0910_00086;86;;Rue de Wittelsheim;68700;68063;Cernay;;;7.196537;47.802953
68063_0213_00005;5;;Rue des Écuyers;68700;68063;Cernay;;;7.163183;47.801651
68063_0910_00047;47;;Rue de Wittelsheim;68700;68063;Cernay;;;7.184675;47.802604
68063_0744_00008_b;8;b;Rue de la Sauge;68700;68063;Cernay;;;7.200894;47.804364
68063_0399_00002;2;;Rue du Limousin;68700;68063;Cernay;;;7.177082;47.796054
68063_0730_00002;2;;Rue Saint-Morand;68700;68063;Cernay;;;7.164914;47.813288
68063_0300_00008;8;;Rue de Graffenwald;68700;68063;Cernay;;;7.186342;47.801952
68063_0720_00005_d;5;d;Rue Saint-Joseph;68700;68063;Cernay;;;7.177224;47.802141
68063_0501_00008;8;;Rue de Normandie;68700;68063;Cernay;;;7.172149;47.792377
68063_0230_00051;51;;Rue des Fabriques;68700;68063;Cernay;;;7.187092;47.80965
68063_0755_00001;1;;Rue Soeur Elvine;68700;68063;Cernay;;;7.171652;47.809841
68063_0740_00089;89;;Rue Sandoz;68700;68063;Cernay;;;7.161221;47.807082
68063_0900_00006_a;6;a;Rue de Wattwiller;68700;68063;Cernay;;;7.182082;47.810702
68063_r41wid_00018;18;;Avenue Albert Schweitzer;68700;68063;Cernay;;;7.181219;47.807121
68063_0541_00005;5;;Rue Pierre et Marie Curie;68700;68063;Cernay;;;7.183853;47.805138
68063_0297_00002;2;;Rue George Sand;68700;68063;Cernay;;;7.191212;47.812249
68063_0041_00023;23;;Rue André Malraux;68700;68063;Cernay;;;7.192455;47.810751
68063_0740_00117;117;;Rue Sandoz;68700;68063;Cernay;;;7.158553;47.80776
68063_0111_00005;5;;Rue Blaise Pascal;68700;68063;Cernay;;;7.183062;47.808022
68063_0530_00015;15;;Rue du Parc;68700;68063;Cernay;;;7.173875;47.803084
68063_0147_00007;7;;Impasse des Cèdres;68700;68063;Cernay;;;7.16735;47.8091
68063_0157_00002;2;;Rue de la Charité;68700;68063;Cernay;;;7.171693;47.79603
68063_0520_00014;14;;Rue du Paradis;68700;68063;Cernay;;;7.175065;47.810879
68063_0140_00004;4;;Rue de Bretagne;68700;68063;Cernay;;;7.176348;47.798785
68063_r41wid_00002;2;;Avenue Albert Schweitzer;68700;68063;Cernay;;;7.17809;47.80723
68063_0920_00001;1;;Rue Xavier Schaffhauser;68700;68063;Cernay;;;7.173651;47.809596
68063_0173_00007;7;;Rue des Cigognes;68700;68063;Cernay;;;7.189077;47.812806
68063_0923_00005;5;;Rue Daniel Eck;68700;68063;Cernay;;;7.185511;47.810573
68063_0560_00045;45;;Rue Raymond Poincaré;68700;68063;Cernay;;;7.176079;47.804207
68063_0090_00012;12;;Rue du Ballon;68700;68063;Cernay;;;7.175204;47.812433
68063_0065_00002;2;;Rue des Artisans;68700;68063;Cernay;;;7.157058;47.811349
68063_0470_00035;35;;Rue des Montagnes;68700;68063;Cernay;;;7.169382;47.814683
68063_0800_00020;20;;Rue de la Teinturerie;68700;68063;Cernay;;;7.187221;47.810742
68063_0446_00007;7;;Rue des Mélèzes;68700;68063;Cernay;;;7.173198;47.812313
68063_0890_00011;11;;Faubourg des Vosges;68700;68063;Cernay;;;7.170599;47.810242
68063_0645_00027;27;;Rue René Guibert;68700;68063;Cernay;;;7.169183;47.802322
68063_0350_00026;26;;Rue James Barbier;68700;68063;Cernay;;;7.178472;47.808588
68063_0230_00070;70;;Rue des Fabriques;68700;68063;Cernay;;;7.190304;47.810252
68063_0750_00051;51;;Rue de Schweighouse;68700;68063;Cernay;;;7.179608;47.797608
68063_0082_00016;16;;Rue d’Auvergne;68700;68063;Cernay;;;7.177195;47.796624
68063_0400_00012;12;;Rue de Lutterbach;68700;68063;Cernay;;;7.183436;47.801648
68063_0322_00006;6;;Impasse des Hérons;68700;68063;Cernay;;;7.191159;47.813406
68063_0045_00001;1;;Rue d'Aquitaine;68700;68063;Cernay;;;7.175204;47.79518
68063_0333_00020;20;;Rue du 8 Mai;68700;68063;Cernay;;;7.173632;47.798473
68063_0740_00067;67;;Rue Sandoz;68700;68063;Cernay;;;7.162177;47.807446
68063_0220_00003;3;;Rue de l’Église;68700;68063;Cernay;;;7.175183;47.808143
68063_0490_00008;8;;Rue de Mulhouse;68700;68063;Cernay;;;7.183175;47.801998
68063_0480_00019;19;;Rue des Moulins;68700;68063;Cernay;;;7.17438;47.807926
68063_0482_00004;4;;Impasse du Muguet;68700;68063;Cernay;;;7.186825;47.803845
68063_0144_00007;7;;Rue de Buhl;68700;68063;Cernay;;;7.189338;47.810777
68063_0360_00017;17;;Rue Joseph Dépierre;68700;68063;Cernay;;;7.167369;47.813112
68063_0475_00021;21;;Avenue Montaigne;68700;68063;Cernay;;;7.183273;47.806925
68063_0910_00041_a;41;a;Rue de Wittelsheim;68700;68063;Cernay;;;7.18395;47.803026
68063_0752_00013;13;;Allée des Séquoias;68700;68063;Cernay;;;7.166253;47.808943
68063_0060_00004;4;;Rue de l’Argonne;68700;68063;Cernay;;;7.185436;47.81248
68063_0322_00001;1;;Impasse des Hérons;68700;68063;Cernay;;;7.19031;47.813273
68063_0560_00017;17;;Rue Raymond Poincaré;68700;68063;Cernay;;;7.175692;47.808018
68063_0880_00010;10;;Rue des Vignes;68700;68063;Cernay;;;7.175171;47.813203
68063_0360_00007;7;;Rue Joseph Dépierre;68700;68063;Cernay;;;7.167112;47.812694
68063_0880_00014;14;;Rue des Vignes;68700;68063;Cernay;;;7.174578;47.813651
68063_0380_00010;10;;Rue du Jura;68700;68063;Cernay;;;7.184863;47.812706
68063_0752_00030;30;;Allée des Séquoias;68700;68063;Cernay;;;7.166201;47.808257
68063_0890_00221;221;;Faubourg des Vosges;68700;68063;Cernay;;;7.140025;47.808241
68063_0070_00023;23;;Rue de l’Asile;68700;68063;Cernay;;;7.17038;47.798218
68063_0336_00020;20;;Impasse de l’Industrie;68700;68063;Cernay;;;7.187509;47.797585
68063_0490_00016;16;;Rue de Mulhouse;68700;68063;Cernay;;;7.18385;47.801563
68063_0161_00060;60;;Avenue Charles de Gaulle;68700;68063;Cernay;;;7.18477;47.798366
68063_0850_00015;15;;Faubourg d’Uffholtz;68700;68063;Cernay;;;7.176832;47.812348
68063_0161_00045;45;;Avenue Charles de Gaulle;68700;68063;Cernay;;;7.182747;47.800349
68063_0645_00043_a;43;a;Rue René Guibert;68700;68063;Cernay;;;7.166705;47.801743
68063_0090_00018;18;;Rue du Ballon;68700;68063;Cernay;;;7.176852;47.813357
68063_0890_00121;121;;Faubourg des Vosges;68700;68063;Cernay;;;7.154312;47.811598
68063_0770_00002_c;2;c;Rue de Soultz;68700;68063;Cernay;;;7.179139;47.809503
68063_0190_00046;46;;Faubourg de Colmar;68700;68063;Cernay;;;7.188638;47.811766
68063_0360_00034;34;;Rue Joseph Dépierre;68700;68063;Cernay;;;7.171789;47.813997
68063_0260_00005;5;;Rue du Fossé;68700;68063;Cernay;;;7.176888;47.809549
68063_0876_00007_b;7;b;Rue Victor Hugo;68700;68063;Cernay;;;7.193524;47.812249
68063_0876_00009;9;;Rue Victor Hugo;68700;68063;Cernay;;;7.193233;47.811363
68063_0570_00006;6;;Rue des Prés;68700;68063;Cernay;;;7.176611;47.806489
68063_0082_00066;66;;Rue d’Auvergne;68700;68063;Cernay;;;7.177058;47.797136
68063_0752_00001;1;;Allée des Séquoias;68700;68063;Cernay;;;7.166393;47.810465
68063_0750_00046_b;46;b;Rue de Schweighouse;68700;68063;Cernay;;;7.177983;47.79756
68063_0900_00018;18;;Rue de Wattwiller;68700;68063;Cernay;;;7.18037;47.81324
68063_0297_00018;18;;Rue George Sand;68700;68063;Cernay;;;7.191675;47.810848
68063_0210_00015;15;;Rue de la Douane;68700;68063;Cernay;;;7.180536;47.798943
68063_0165_00006;6;;Rue du Château;68700;68063;Cernay;;;7.174095;47.811122
68063_0760_00007;7;;Rue de la Somme;68700;68063;Cernay;;;7.17562;47.812557
68063_0470_00018;18;;Rue des Montagnes;68700;68063;Cernay;;;7.170103;47.813187
68063_0567_00007;7;;Rue de la 1ère Armée;68700;68063;Cernay;;;7.162644;47.811592
68063_0240_00017;17;;Rue de la Ferme;68700;68063;Cernay;;;7.167359;47.797051
68063_0910_00049_a;49;a;Rue de Wittelsheim;68700;68063;Cernay;;;7.184957;47.803142
68063_0630_00054_b;54;b;Rue du Raisin;68700;68063;Cernay;;;7.172433;47.815585
68063_0850_00022;22;;Faubourg d’Uffholtz;68700;68063;Cernay;;;7.177301;47.813042
68063_0876_00002_c;2;c;Rue Victor Hugo;68700;68063;Cernay;;;7.193142;47.812121
68063_0610_00001;1;;Rue des Puits;68700;68063;Cernay;;;7.168022;47.812127
68063_0690_00023;23;;Rue du Rossberg;68700;68063;Cernay;;;7.184799;47.810949
68063_0501_00001;1;;Rue de Normandie;68700;68063;Cernay;;;7.172542;47.793969
68063_0922_00017;17;;Rue Camille Oberreiner;68700;68063;Cernay;;;7.168689;47.811808
68063_0910_00031;31;;Rue de Wittelsheim;68700;68063;Cernay;;;7.180559;47.802791
68063_0190_00009;9;;Faubourg de Colmar;68700;68063;Cernay;;;7.180168;47.809267
68063_0508_00003;3;;Rue des Orchidées;68700;68063;Cernay;;;7.187509;47.806697
68063_0446_00014;14;;Rue des Mélèzes;68700;68063;Cernay;;;7.172621;47.812739
68063_0890_00068;68;;Faubourg des Vosges;68700;68063;Cernay;;;7.162207;47.811236
68063_0325_00015;15;;Rue des Hirondelles;68700;68063;Cernay;;;7.169906;47.797614
68063_0752_00032;32;;Allée des Séquoias;68700;68063;Cernay;;;7.16646;47.808425
68063_0140_00002;2;;Rue de Bretagne;68700;68063;Cernay;;;7.176426;47.79857
68063_0213_00009;9;;Rue des Écuyers;68700;68063;Cernay;;;7.163101;47.801322
68063_0161_00042;42;;Avenue Charles de Gaulle;68700;68063;Cernay;;;7.182046;47.800653
68063_0835_00033;33;;Rue des Tirailleurs;68700;68063;Cernay;;;7.170396;47.7987
68063_0240_00009;9;;Rue de la Ferme;68700;68063;Cernay;;;7.16782;47.797951
68063_0030_00011_a;11;a;Rue de l’Ancien Hôpital;68700;68063;Cernay;;;7.176299;47.808047
68063_0560_00029;29;;Rue Raymond Poincaré;68700;68063;Cernay;;;7.175602;47.807098
68063_0880_00008;8;;Rue des Vignes;68700;68063;Cernay;;;7.175002;47.813234
68063_0161_00055_a;55;a;Avenue Charles de Gaulle;68700;68063;Cernay;;;7.184224;47.800044
68063_0360_00063;63;;Rue Joseph Dépierre;68700;68063;Cernay;;;7.173304;47.814692
68063_0240_00021;21;;Rue de la Ferme;68700;68063;Cernay;;;7.167163;47.796673
68063_0330_00036;36;;Rue de l’Hôpital;68700;68063;Cernay;;;7.173236;47.807777
68063_0430_00001;1;;Rue Marie Louise;68700;68063;Cernay;;;7.187373;47.812421
68063_0890_00014;14;;Faubourg des Vosges;68700;68063;Cernay;;;7.171124;47.810283
68063_0780_00041;41;;Rue de Steinbach;68700;68063;Cernay;;;7.16557;47.811734
68063_0325_00004;4;;Rue des Hirondelles;68700;68063;Cernay;;;7.168626;47.797975
68063_0910_00073_a;73;a;Rue de Wittelsheim;68700;68063;Cernay;;;7.187526;47.80258
68063_0100_00008;8;;Faubourg de Belfort;68700;68063;Cernay;;;7.172937;47.796925
68063_0890_00151;151;;Faubourg des Vosges;68700;68063;Cernay;;;7.149602;47.810778
68063_0298_00005;5;;Rue Georges Risler;68700;68063;Cernay;;;7.172113;47.807993
68063_0410_00001;1;;Rue de la Mare;68700;68063;Cernay;;;7.175951;47.808131
68063_0333_00014;14;;Rue du 8 Mai;68700;68063;Cernay;;;7.174088;47.799374
68063_0910_00040;40;;Rue de Wittelsheim;68700;68063;Cernay;;;7.183361;47.802507
68063_0700_00002;2;;Impasse Sainte-Barbe;68700;68063;Cernay;;;7.178727;47.807975
68063_0610_00018;18;;Rue des Puits;68700;68063;Cernay;;;7.168206;47.812517
68063_0270_00014;14;;Rue du Freundstein;68700;68063;Cernay;;;7.182132;47.811778
68063_0391_00012;12;;Rue du Laurier;68700;68063;Cernay;;;7.194256;47.805487
68063_0835_00029;29;;Rue des Tirailleurs;68700;68063;Cernay;;;7.170463;47.798829
68063_0800_00002;2;;Rue de la Teinturerie;68700;68063;Cernay;;;7.186339;47.810452
68063_0360_00067;67;;Rue Joseph Dépierre;68700;68063;Cernay;;;7.173624;47.814793
68063_0875_00001;1;;Rue de la Victoire;68700;68063;Cernay;;;7.171515;47.799425
68063_0560_00057;57;;Rue Raymond Poincaré;68700;68063;Cernay;;;7.176332;47.803621
68063_0820_00003;3;;Rue de Thann;68700;68063;Cernay;;;7.17403;47.809588
68063_0730_00010;10;;Rue Saint-Morand;68700;68063;Cernay;;;7.164828;47.813958
68063_0094_00010;10;;Rue des Bâtisseurs;68700;68063;Cernay;;;7.177822;47.800632
68063_0887_00003;3;;Impasse du Vorberg;68700;68063;Cernay;;;7.167445;47.815569
68063_0100_00037_a;37;a;Faubourg de Belfort;68700;68063;Cernay;;;7.17503;47.797953
68063_0551_00020;20;;Rue des Pinsons;68700;68063;Cernay;;;7.188339;47.810903
68063_0900_00001;1;;Rue de Wattwiller;68700;68063;Cernay;;;7.181442;47.810018
68063_0910_00077_a;77;a;Rue de Wittelsheim;68700;68063;Cernay;;;7.188175;47.802496
68063_0390_00004;4;;Rue Latouche;68700;68063;Cernay;;;7.173204;47.809585
68063_0480_00013;13;;Rue des Moulins;68700;68063;Cernay;;;7.174784;47.807869
68063_0260_00017;17;;Rue du Fossé;68700;68063;Cernay;;;7.1767;47.808646
68063_0600_00018;18;;Rue de Provence;68700;68063;Cernay;;;7.177325;47.798176
68063_0356_00006;6;;Rue des Jonquilles;68700;68063;Cernay;;;7.179862;47.806685
68063_0230_00075;75;;Rue des Fabriques;68700;68063;Cernay;;;7.189927;47.810256
68063_0090_00004;4;;Rue du Ballon;68700;68063;Cernay;;;7.174526;47.811902
68063_0630_00054_c;54;c;Rue du Raisin;68700;68063;Cernay;;;7.172521;47.815364
68063_0850_00003;3;;Faubourg d’Uffholtz;68700;68063;Cernay;;;7.17648;47.811352
68063_0475_00037;37;;Avenue Montaigne;68700;68063;Cernay;;;7.186735;47.808405
68063_0210_00020_a;20;a;Rue de la Douane;68700;68063;Cernay;;;7.181216;47.796956
68063_0045_00002;2;;Rue d'Aquitaine;68700;68063;Cernay;;;7.175063;47.795109
68063_0325_00023;23;;Rue des Hirondelles;68700;68063;Cernay;;;7.169081;47.79777
68063_0210_00026_a;26;a;Rue de la Douane;68700;68063;Cernay;;;7.182093;47.796543
68063_0420_00009;9;;Rue du Maréchal Foch;68700;68063;Cernay;;;7.174419;47.80862
68063_0041_00005;5;;Rue André Malraux;68700;68063;Cernay;;;7.191928;47.812102
68063_0843_00004;4;;Impasse du Trèfle;68700;68063;Cernay;;;7.182528;47.799765
68063_0270_00003;3;;Rue du Freundstein;68700;68063;Cernay;;;7.181333;47.811859
68063_0082_00006;6;;Rue d’Auvergne;68700;68063;Cernay;;;7.177877;47.796444
68063_0391_00008;8;;Rue du Laurier;68700;68063;Cernay;;;7.195244;47.803658
68063_0030_00012;12;;Rue de l’Ancien Hôpital;68700;68063;Cernay;;;7.176244;47.808242
68063_0560_00004;4;;Rue Raymond Poincaré;68700;68063;Cernay;;;7.175531;47.808435
68063_0530_00014;14;;Rue du Parc;68700;68063;Cernay;;;7.172895;47.803085
68063_0320_00029_a;29;a;Rue Haffner;68700;68063;Cernay;;;7.174726;47.81016
68063_0920_00008;8;;Rue Xavier Schaffhauser;68700;68063;Cernay;;;7.173501;47.809103
68063_0360_00057;57;;Rue Joseph Dépierre;68700;68063;Cernay;;;7.172542;47.814444
68063_0551_00018;18;;Rue des Pinsons;68700;68063;Cernay;;;7.188191;47.81077
68063_0877_00016;16;;Rue du Vieil Armand;68700;68063;Cernay;;;7.176698;47.810813
68063_0750_00020;20;;Rue de Schweighouse;68700;68063;Cernay;;;7.179272;47.799885
68063_0397_00014;14;;Rue des Lilas;68700;68063;Cernay;;;7.169649;47.806623
68063_0630_00043;43;;Rue du Raisin;68700;68063;Cernay;;;7.170553;47.815572
68063_0541_00026;26;;Rue Pierre et Marie Curie;68700;68063;Cernay;;;7.187057;47.804702
68063_0490_00042;42;;Rue de Mulhouse;68700;68063;Cernay;;;7.186207;47.799844
68063_0159_00003;3;;Rue Charles Baudelaire;68700;68063;Cernay;;;7.190679;47.812083
68063_0213_00021;21;;Rue des Écuyers;68700;68063;Cernay;;;7.162212;47.801042
68063_0147_00003;3;;Impasse des Cèdres;68700;68063;Cernay;;;7.167747;47.809188
68063_0041_00025;25;;Rue André Malraux;68700;68063;Cernay;;;7.192587;47.810732
68063_0210_00047;47;;Rue de la Douane;68700;68063;Cernay;;;7.182488;47.795899
68063_0360_00057_a;57;a;Rue Joseph Dépierre;68700;68063;Cernay;;;7.17201;47.815144
68063_0750_00069_d;69;d;Rue de Schweighouse;68700;68063;Cernay;;;7.180768;47.796342
68063_0161_00034;34;;Avenue Charles de Gaulle;68700;68063;Cernay;;;7.180965;47.801584
68063_0213_00008;8;;Rue des Écuyers;68700;68063;Cernay;;;7.162983;47.801479
68063_0433_00021;21;;Rue du Markstein;68700;68063;Cernay;;;7.180462;47.81116
68063_0740_00023;23;;Rue Sandoz;68700;68063;Cernay;;;7.163795;47.807407
68063_0161_00063;63;;Avenue Charles de Gaulle;68700;68063;Cernay;;;7.18405;47.799224
68063_0842_00013;13;;Rue de la Turbine;68700;68063;Cernay;;;7.157156;47.810085
68063_0490_00007;7;;Rue de Mulhouse;68700;68063;Cernay;;;7.18379;47.801753
68063_0650_00013;13;;Rue du Repos;68700;68063;Cernay;;;7.173065;47.810927
68063_0041_00001;1;;Rue André Malraux;68700;68063;Cernay;;;7.192217;47.812133
68063_0630_00003;3;;Rue du Raisin;68700;68063;Cernay;;;7.165187;47.81485
68063_0744_00024;24;;Rue de la Sauge;68700;68063;Cernay;;;7.199653;47.804825
68063_0877_00015;15;;Rue du Vieil Armand;68700;68063;Cernay;;;7.176493;47.81068
68063_0520_00005;5;;Rue du Paradis;68700;68063;Cernay;;;7.174545;47.809946
68063_0752_00038;38;;Allée des Séquoias;68700;68063;Cernay;;;7.167307;47.808287
68063_0270_00008;8;;Rue du Freundstein;68700;68063;Cernay;;;7.181729;47.811783
68063_0750_00022;22;;Rue de Schweighouse;68700;68063;Cernay;;;7.179255;47.799511
68063_0910_00020;20;;Rue de Wittelsheim;68700;68063;Cernay;;;7.180423;47.80269
68063_0750_00034;34;;Rue de Schweighouse;68700;68063;Cernay;;;7.179422;47.798044
68063_0860_00024;24;;Rue du Ventron;68700;68063;Cernay;;;7.181322;47.81319
68063_0591_00011;11;;Rue des Primevères;68700;68063;Cernay;;;7.187029;47.806973
68063_0535_00005;5;;Rue du Peintre Jean-Paul Carrère;68700;68063;Cernay;;;7.186348;47.809811
68063_0320_00047;47;;Rue Haffner;68700;68063;Cernay;;;7.175882;47.809977
68063_0470_00012;12;;Rue des Montagnes;68700;68063;Cernay;;;7.170272;47.812856
68063_0551_00024;24;;Rue des Pinsons;68700;68063;Cernay;;;7.188525;47.811039
68063_0310_00011;11;;Rue de Guebwiller;68700;68063;Cernay;;;7.175832;47.810976
68063_0752_00004_bis;4;bis;Allée des Séquoias;68700;68063;Cernay;;;7.165752;47.810597
68063_0161_00073_b;73;b;Avenue Charles de Gaulle;68700;68063;Cernay;;;7.185678;47.798976
68063_0921_00001;1;;Rue des Cèdres;68700;68063;Cernay;;;7.169069;47.808765
68063_0213_00011;11;;Rue des Écuyers;68700;68063;Cernay;;;7.16307;47.801137
68063_r41wid_00008;8;;Avenue Albert Schweitzer;68700;68063;Cernay;;;7.178853;47.807213
68063_0770_00016;16;;Rue de Soultz;68700;68063;Cernay;;;7.179414;47.811755
68063_0910_00024;24;;Rue de Wittelsheim;68700;68063;Cernay;;;7.181163;47.802585
68063_0299_00006;6;;Rue des Géraniums;68700;68063;Cernay;;;7.171658;47.806864
68063_0750_00040;40;;Rue de Schweighouse;68700;68063;Cernay;;;7.178428;47.797867
68063_0556_00007;7;;Quai des Platanes;68700;68063;Cernay;;;7.170603;47.806019
68063_0250_00016_a;16;a;Rue des Fleurs;68700;68063;Cernay;;;7.179398;47.801699
68063_0090_00003;3;;Rue du Ballon;68700;68063;Cernay;;;7.174173;47.811754
68063_0148_00008;8;;Impasse des Cerisiers;68700;68063;Cernay;;;7.168034;47.814419
68063_0333_00004;4;;Rue du 8 Mai;68700;68063;Cernay;;;7.174316;47.800606
68063_0470_00031;31;;Rue des Montagnes;68700;68063;Cernay;;;7.169504;47.814422
68063_0398_00018;18;;Rue du Lot-et-Garonne;68700;68063;Cernay;;;7.177496;47.795863
68063_0835_00017;17;;Rue des Tirailleurs;68700;68063;Cernay;;;7.170665;47.799207
68063_0600_00004;4;;Rue de Provence;68700;68063;Cernay;;;7.175479;47.798527
68063_0370_00001;1;;Rue Joseph Vogt;68700;68063;Cernay;;;7.186511;47.812985
68063_0390_00002;2;;Rue Latouche;68700;68063;Cernay;;;7.173204;47.809655
68063_0470_00021;21;;Rue des Montagnes;68700;68063;Cernay;;;7.170284;47.812617
68063_0833_00004;4;;Rue des Tilleuls;68700;68063;Cernay;;;7.173643;47.813778
68063_0750_00043_b;43;b;Rue de Schweighouse;68700;68063;Cernay;;;7.179558;47.798144
68063_0146_00028;28;;Rue du Cercle;68700;68063;Cernay;;;7.173633;47.810051
68063_0890_00009;9;;Faubourg des Vosges;68700;68063;Cernay;;;7.170756;47.810224
68063_0398_00001;1;;Rue du Lot-et-Garonne;68700;68063;Cernay;;;7.173396;47.7962
68063_0720_00002;2;;Rue Saint-Joseph;68700;68063;Cernay;;;7.176022;47.802023
68063_0744_00016;16;;Rue de la Sauge;68700;68063;Cernay;;;7.203;47.805133
68063_0900_00019;19;;Rue de Wattwiller;68700;68063;Cernay;;;7.181233;47.811417
68063_0600_00005;5;;Rue de Provence;68700;68063;Cernay;;;7.177713;47.798176
68063_0922_00004;4;;Rue Camille Oberreiner;68700;68063;Cernay;;;7.170214;47.811717
68063_0470_00033;33;;Rue des Montagnes;68700;68063;Cernay;;;7.169434;47.814576
68063_0647_00001;1;;Passage René Kuder;68700;68063;Cernay;;;7.175098;47.809515
68063_0910_00019;19;;Rue de Wittelsheim;68700;68063;Cernay;;;7.178878;47.803024
68063_0626_00006;6;;Rue de la 4ème D.M.M.;68700;68063;Cernay;;;7.173581;47.800575
68063_0161_00069;69;;Avenue Charles de Gaulle;68700;68063;Cernay;;;7.184757;47.798992
68063_0910_00044;44;;Rue de Wittelsheim;68700;68063;Cernay;;;7.184098;47.802506
68063_0260_00013;13;;Rue du Fossé;68700;68063;Cernay;;;7.176832;47.809266
68063_0320_00025;25;;Rue Haffner;68700;68063;Cernay;;;7.174319;47.810239
68063_0160_00003;3;;Rue Charles Baudry;68700;68063;Cernay;;;7.170095;47.80971
68063_0094_00014;14;;Rue des Bâtisseurs;68700;68063;Cernay;;;7.177446;47.800721
68063_0230_00014;14;;Rue des Fabriques;68700;68063;Cernay;;;7.180561;47.808692
68063_0692_00004;4;;Rue du Roussillon;68700;68063;Cernay;;;7.175784;47.795377
68063_0100_00033_a;33;a;Faubourg de Belfort;68700;68063;Cernay;;;7.174991;47.798486
68063_0560_00015;15;;Rue Raymond Poincaré;68700;68063;Cernay;;;7.175685;47.80815
68063_0210_00004;4;;Rue de la Douane;68700;68063;Cernay;;;7.180627;47.798623
68063_0040_00002_a;2;a;Rue de l’Ancienne Cure;68700;68063;Cernay;;;7.17409;47.809364
68063_0190_00021_d;21;d;Faubourg de Colmar;68700;68063;Cernay;;;7.182482;47.810462
68063_0535_00010;10;;Rue du Peintre Jean-Paul Carrère;68700;68063;Cernay;;;7.186144;47.809576
68063_0065_00035;35;;Rue des Artisans;68700;68063;Cernay;;;7.152035;47.809782
68063_0100_00045;45;;Faubourg de Belfort;68700;68063;Cernay;;;7.173635;47.797537
68063_0360_00021;21;;Rue Joseph Dépierre;68700;68063;Cernay;;;7.167519;47.81284
68063_0360_00039;39;;Rue Joseph Dépierre;68700;68063;Cernay;;;7.170899;47.81375
68063_0260_00013_b;13;b;Rue du Fossé;68700;68063;Cernay;;;7.176783;47.809074
68063_0541_00008;8;;Rue Pierre et Marie Curie;68700;68063;Cernay;;;7.183719;47.804823
68063_0360_00016;16;;Rue Joseph Dépierre;68700;68063;Cernay;;;7.169772;47.813323
68063_0470_00020;20;;Rue des Montagnes;68700;68063;Cernay;;;7.170039;47.813318
68063_0215_00006;6;;Rue Edmond Rogelet;68700;68063;Cernay;;;7.190405;47.810898
68063_0493_00002;2;;Impasse des Mûriers;68700;68063;Cernay;;;7.16793;47.801975
68063_0900_00002;2;;Rue de Wattwiller;68700;68063;Cernay;;;7.181577;47.810469
68063_0335_00014;14;;Rue de l’Industrie;68700;68063;Cernay;;;7.193306;47.795379
68063_0140_00007;7;;Rue de Bretagne;68700;68063;Cernay;;;7.176388;47.799075
68063_0680_00007;7;;Rue Roger Preiss;68700;68063;Cernay;;;7.179637;47.810632
68063_0770_00024;24;;Rue de Soultz;68700;68063;Cernay;;;7.17935;47.812858
68063_0755_00004;4;;Rue Soeur Elvine;68700;68063;Cernay;;;7.171293;47.809648
68063_0300_00022;22;;Rue de Graffenwald;68700;68063;Cernay;;;7.187239;47.801236
68063_0645_00037;37;;Rue René Guibert;68700;68063;Cernay;;;7.167523;47.802407
68063_0480_00012;12;;Rue des Moulins;68700;68063;Cernay;;;7.174784;47.807954
68063_0161_00049_a;49;a;Avenue Charles de Gaulle;68700;68063;Cernay;;;7.18325;47.79991
68063_0553_00003;3;;Avenue de la Plaine;68700;68063;Cernay;;;7.181741;47.795816
68063_0740_00065;65;;Rue Sandoz;68700;68063;Cernay;;;7.162297;47.807451
68063_0550_00010;10;;Rue des Pins;68700;68063;Cernay;;;7.188522;47.801984
68063_0665_00008;8;;Rue de la Résistance;68700;68063;Cernay;;;7.172171;47.798836
68063_0860_00004;4;;Rue du Ventron;68700;68063;Cernay;;;7.18269;47.811329
68063_0692_00005;5;;Rue du Roussillon;68700;68063;Cernay;;;7.175962;47.795412
68063_0157_00014;14;;Rue de la Charité;68700;68063;Cernay;;;7.168696;47.795945
68063_r41wid_00009;9;;Avenue Albert Schweitzer;68700;68063;Cernay;;;7.18024;47.807312
68063_0560_00031;31;;Rue Raymond Poincaré;68700;68063;Cernay;;;7.175573;47.806706
68063_0157_00015;15;;Rue de la Charité;68700;68063;Cernay;;;7.170037;47.796041
68063_0322_00009;9;;Impasse des Hérons;68700;68063;Cernay;;;7.19129;47.813584
68063_0748_00015;15;;Rue du Schlaegling;68700;68063;Cernay;;;7.165861;47.815851
68063_0645_00005;5;;Rue René Guibert;68700;68063;Cernay;;;7.17238;47.803805
68063_0213_00023;23;;Rue des Écuyers;68700;68063;Cernay;;;7.162026;47.801028
68063_0360_00051;51;;Rue Joseph Dépierre;68700;68063;Cernay;;;7.171915;47.814183
68063_0623_00001_a;1;a;Rue du 4 Février;68700;68063;Cernay;;;7.172607;47.800761
68063_0210_00049_a;49;a;Rue de la Douane;68700;68063;Cernay;;;7.183496;47.79585
68063_0230_00068;68;;Rue des Fabriques;68700;68063;Cernay;;;7.190212;47.810224
68063_0297_00003;3;;Rue George Sand;68700;68063;Cernay;;;7.191099;47.812131
68063_0720_00012_a;12;a;Rue Saint-Joseph;68700;68063;Cernay;;;7.177884;47.801641
68063_0180_00007_a;7;a;Rue Clemenceau;68700;68063;Cernay;;;7.176125;47.809185
68063_0460_00010;10;;Rue du Molkenrain;68700;68063;Cernay;;;7.182451;47.811257
68063_0910_00034;34;;Rue de Wittelsheim;68700;68063;Cernay;;;7.182299;47.802494
68063_0150_00002;2;;Rue de Champagne;68700;68063;Cernay;;;7.176216;47.799971
68063_0350_00008;8;;Rue James Barbier;68700;68063;Cernay;;;7.176503;47.8073
68063_0876_00001;1;;Rue Victor Hugo;68700;68063;Cernay;;;7.192689;47.812177
68063_0680_00014_a;14;a;Rue Roger Preiss;68700;68063;Cernay;;;7.180419;47.810403
68063_0720_00012_e;12;e;Rue Saint-Joseph;68700;68063;Cernay;;;7.177674;47.801166
68063_0093_00012;12;;Avenue Bartholdi;68700;68063;Cernay;;;7.187559;47.803997
68063_0210_00024;24;;Rue de la Douane;68700;68063;Cernay;;;7.181972;47.796787
68063_0161_00007;7;;Avenue Charles de Gaulle;68700;68063;Cernay;;;7.180165;47.802304
68063_0140_00010;10;;Rue de Bretagne;68700;68063;Cernay;;;7.176617;47.799291
68063_0335_00010;10;;Rue de l’Industrie;68700;68063;Cernay;;;7.195952;47.794201
68063_0835_00021;21;;Rue des Tirailleurs;68700;68063;Cernay;;;7.170601;47.799083
68063_0446_00012;12;;Rue des Mélèzes;68700;68063;Cernay;;;7.172583;47.812585
68063_0626_00014;14;;Rue de la 4ème D.M.M.;68700;68063;Cernay;;;7.173162;47.799799
68063_0680_00019;19;;Rue Roger Preiss;68700;68063;Cernay;;;7.181072;47.81035
68063_0167_00005;5;;Rue des Chênes;68700;68063;Cernay;;;7.172917;47.813368
68063_0215_00003;3;;Rue Edmond Rogelet;68700;68063;Cernay;;;7.190313;47.81067
68063_0900_00017_b;17;b;Rue de Wattwiller;68700;68063;Cernay;;;7.180734;47.811441
68063_0520_00015;15;;Rue du Paradis;68700;68063;Cernay;;;7.175006;47.811033
68063_0260_00015;15;;Rue du Fossé;68700;68063;Cernay;;;7.176716;47.808748
68063_0144_00030;30;;Rue de Buhl;68700;68063;Cernay;;;7.189279;47.811681
68063_0730_00016;16;;Rue Saint-Morand;68700;68063;Cernay;;;7.164657;47.814578
68063_0120_00012;12;;Rue du Bonhomme;68700;68063;Cernay;;;7.180464;47.812629
68063_0490_00020_a;20;a;Rue de Mulhouse;68700;68063;Cernay;;;7.184268;47.801239
68063_0490_00017;17;;Rue de Mulhouse;68700;68063;Cernay;;;7.184753;47.801035
68063_0322_00002;2;;Impasse des Hérons;68700;68063;Cernay;;;7.190571;47.81319
68063_0163_00014;14;;Rue des Charmilles;68700;68063;Cernay;;;7.17094;47.801282
68063_0841_00007;7;;Rue des Tulipes;68700;68063;Cernay;;;7.185929;47.80681
68063_0082_00075;75;;Rue d’Auvergne;68700;68063;Cernay;;;7.178122;47.79713
68063_0875_00002_c;2;c;Rue de la Victoire;68700;68063;Cernay;;;7.171525;47.799728
68063_0230_00026;26;;Rue des Fabriques;68700;68063;Cernay;;;7.181057;47.808379
68063_0740_00115;115;;Rue Sandoz;68700;68063;Cernay;;;7.158743;47.807771
68063_0690_00006;6;;Rue du Rossberg;68700;68063;Cernay;;;7.182497;47.810865
68063_0520_00007;7;;Rue du Paradis;68700;68063;Cernay;;;7.174561;47.810022
68063_0440_00002;2;;Rue de la Marne;68700;68063;Cernay;;;7.176146;47.811825
68063_0470_00003;3;;Rue des Montagnes;68700;68063;Cernay;;;7.171129;47.811268
68063_0550_00014_b;14;b;Rue des Pins;68700;68063;Cernay;;;7.189332;47.801858
68063_0910_00029_a;29;a;Rue de Wittelsheim;68700;68063;Cernay;;;7.180227;47.802849
68063_0540_00005;5;;Rue Pierre Burtschell;68700;68063;Cernay;;;7.175419;47.811745
68063_0065_00029_a;29;a;Rue des Artisans;68700;68063;Cernay;;;7.153871;47.810314
68063_0470_00042;42;;Rue des Montagnes;68700;68063;Cernay;;;7.168317;47.816365
68063_0190_00014;14;;Faubourg de Colmar;68700;68063;Cernay;;;7.18116;47.809357
68063_0144_00016;16;;Rue de Buhl;68700;68063;Cernay;;;7.189491;47.81085
68063_0630_00048;48;;Rue du Raisin;68700;68063;Cernay;;;7.171421;47.815726
68063_0551_00014;14;;Rue des Pinsons;68700;68063;Cernay;;;7.187896;47.810518
68063_0161_00045_a;45;a;Avenue Charles de Gaulle;68700;68063;Cernay;;;7.182816;47.800288
68063_jlzcon_00009;9;;Rue Roger Hassenforder;68700;68063;Cernay;;;7.166193;47.804412
68063_0520_00006;6;;Rue du Paradis;68700;68063;Cernay;;;7.174698;47.810034
68063_a6yhef_00002;2;;Impasse du Mimosa;68700;68063;Cernay;;;7.187577;47.80367
68063_0335_00009;9;;Rue de l’Industrie;68700;68063;Cernay;;;7.199419;47.793303
68063_0910_00001_a;1;a;Rue de Wittelsheim;68700;68063;Cernay;;;7.177138;47.803066
68063_0923_00017;17;;Rue Daniel Eck;68700;68063;Cernay;;;7.185233;47.809689
68063_0843_00003;3;;Impasse du Trèfle;68700;68063;Cernay;;;7.182709;47.799809
68063_amal2e_00006;6;;Rue d’Aspach;68700;68063;Cernay;;;7.17316;47.801253
68063_0161_00061;61;;Avenue Charles de Gaulle;68700;68063;Cernay;;;7.184518;47.799493
68063_0360_00008;8;;Rue Joseph Dépierre;68700;68063;Cernay;;;7.168745;47.813103
68063_0750_00017;17;;Rue de Schweighouse;68700;68063;Cernay;;;7.178684;47.801438
68063_0230_00035;35;;Rue des Fabriques;68700;68063;Cernay;;;7.182644;47.809022
68063_0167_00010;10;;Rue des Chênes;68700;68063;Cernay;;;7.173348;47.813288
68063_0770_00009_a;9;a;Rue de Soultz;68700;68063;Cernay;;;7.178656;47.811265
68063_0010_00014;14;;Rue des Alpes;68700;68063;Cernay;;;7.185029;47.81209
68063_0900_00031;31;;Rue de Wattwiller;68700;68063;Cernay;;;7.18076;47.812294
68063_0155_00001;1;;Rue des Champs;68700;68063;Cernay;;;7.176691;47.804703
68063_0645_00057;57;;Rue René Guibert;68700;68063;Cernay;;;7.16555;47.802048
68063_0770_00027_a;27;a;Rue de Soultz;68700;68063;Cernay;;;7.178559;47.812396
68063_0323_00002;2;;Rue des Hérons;68700;68063;Cernay;;;7.189487;47.812505
68063_0645_00033;33;;Rue René Guibert;68700;68063;Cernay;;;7.168044;47.802469
68063_0190_00029;29;;Faubourg de Colmar;68700;68063;Cernay;;;7.183702;47.810381
68063_0334_00009;9;;Rue des Indiennes;68700;68063;Cernay;;;7.167329;47.80618
68063_0210_00016;16;;Rue de la Douane;68700;68063;Cernay;;;7.181124;47.797386
68063_0541_00007;7;;Rue Pierre et Marie Curie;68700;68063;Cernay;;;7.184238;47.805204
68063_0210_00023_a;23;a;Rue de la Douane;68700;68063;Cernay;;;7.181146;47.798208
68063_0161_00087;87;;Avenue Charles de Gaulle;68700;68063;Cernay;;;7.185679;47.797914
68063_0740_00099;99;;Rue Sandoz;68700;68063;Cernay;;;7.160409;47.807592
68063_0877_00004;4;;Rue du Vieil Armand;68700;68063;Cernay;;;7.175936;47.809604
68063_0910_00046;46;;Rue de Wittelsheim;68700;68063;Cernay;;;7.184388;47.802499
68063_0750_00040_c;40;c;Rue de Schweighouse;68700;68063;Cernay;;;7.178387;47.797769
68063_0135_00001;1;;Rue du Bramont;68700;68063;Cernay;;;7.183749;47.813641
68063_0225_00045;45;;Rue de l’Europe;68700;68063;Cernay;;;7.190205;47.785997
68063_0910_00023;23;;Rue de Wittelsheim;68700;68063;Cernay;;;7.179448;47.80294
68063_0180_00001;1;;Rue Clemenceau;68700;68063;Cernay;;;7.175827;47.809019
68063_0215_00025;25;;Rue Edmond Rogelet;68700;68063;Cernay;;;7.190059;47.811615
68063_0780_00002;2;;Rue de Steinbach;68700;68063;Cernay;;;7.168665;47.810608
68063_0750_00001;1;;Rue de Schweighouse;68700;68063;Cernay;;;7.177599;47.802831
68063_0740_00148;148;;Rue Sandoz;68700;68063;Cernay;;;7.153968;47.808339
68063_0482_00001;1;;Impasse du Muguet;68700;68063;Cernay;;;7.187094;47.803939
68063_0748_00001;1;;Rue du Schlaegling;68700;68063;Cernay;;;7.167241;47.816128
68063_0161_00018;18;;Avenue Charles de Gaulle;68700;68063;Cernay;;;7.179207;47.802512
68063_0842_00007_a;7;a;Rue de la Turbine;68700;68063;Cernay;;;7.156298;47.810005
68063_dyl9bl_00001;1;;Impasse des Chevaliers;68700;68063;Cernay;;;7.17591;47.809394
68063_0460_00005;5;;Rue du Molkenrain;68700;68063;Cernay;;;7.182241;47.811336
68063_0630_00035;35;;Rue du Raisin;68700;68063;Cernay;;;7.16928;47.81524
68063_0210_00009;9;;Rue de la Douane;68700;68063;Cernay;;;7.180226;47.799269
68063_0921_00004;4;;Rue des Cèdres;68700;68063;Cernay;;;7.168745;47.80902
68063_0030_00009;9;;Rue de l’Ancien Hôpital;68700;68063;Cernay;;;7.176315;47.80826
68063_0390_00016;16;;Rue Latouche;68700;68063;Cernay;;;7.173132;47.809128
68063_0240_00004;4;;Rue de la Ferme;68700;68063;Cernay;;;7.16802;47.798784
68063_0082_00019;19;;Rue d’Auvergne;68700;68063;Cernay;;;7.175636;47.796941
68063_0877_00005;5;;Rue du Vieil Armand;68700;68063;Cernay;;;7.175762;47.809495
68063_0190_00021_c;21;c;Faubourg de Colmar;68700;68063;Cernay;;;7.182264;47.810416
68063_0393_00011;11;;Rue Léonard Schott;68700;68063;Cernay;;;7.1632;47.806936
68063_0210_00049;49;;Rue de la Douane;68700;68063;Cernay;;;7.183159;47.795893
68063_0020_00001;1;;Rue Amélie Zurcher;68700;68063;Cernay;;;7.186629;47.811782
68063_0270_00018;18;;Rue du Freundstein;68700;68063;Cernay;;;7.182399;47.811777
68063_0835_00031;31;;Rue des Tirailleurs;68700;68063;Cernay;;;7.170428;47.798761
68063_0215_00004;4;;Rue Edmond Rogelet;68700;68063;Cernay;;;7.190456;47.810719
68063_0591_00007;7;;Rue des Primevères;68700;68063;Cernay;;;7.186952;47.807155
68063_0130_00003;3;;Rue de Bourgogne;68700;68063;Cernay;;;7.177546;47.798682
68063_0070_00025;25;;Rue de l’Asile;68700;68063;Cernay;;;7.17006;47.798257
68063_0100_00014;14;;Faubourg de Belfort;68700;68063;Cernay;;;7.17241;47.796319
68063_0770_00015;15;;Rue de Soultz;68700;68063;Cernay;;;7.178642;47.811686
68063_0398_00027;27;;Rue du Lot-et-Garonne;68700;68063;Cernay;;;7.178859;47.795866
68063_0082_00047;47;;Rue d’Auvergne;68700;68063;Cernay;;;7.175209;47.798294
68063_0020_00005;5;;Rue Amélie Zurcher;68700;68063;Cernay;;;7.186548;47.812174
68063_0910_00004;4;;Rue de Wittelsheim;68700;68063;Cernay;;;7.176871;47.803139
68063_0752_00004;4;;Allée des Séquoias;68700;68063;Cernay;;;7.16581;47.810549
68063_0190_00021;21;;Faubourg de Colmar;68700;68063;Cernay;;;7.182558;47.810051
68063_0094_00019;19;;Rue des Bâtisseurs;68700;68063;Cernay;;;7.176603;47.800705
68063_0160_00008;8;;Rue Charles Baudry;68700;68063;Cernay;;;7.169907;47.809877
68063_0433_00017;17;;Rue du Markstein;68700;68063;Cernay;;;7.180677;47.811151
68063_0740_00109;109;;Rue Sandoz;68700;68063;Cernay;;;7.159382;47.807757
68063_0746_00026;26;;Rue des Saules;68700;68063;Cernay;;;7.172638;47.814218
68063_0210_00011_a;11;a;Rue de la Douane;68700;68063;Cernay;;;7.180993;47.799113
68063_amal2e_00005;5;;Rue d’Aspach;68700;68063;Cernay;;;7.172987;47.800506
68063_0230_00055;55;;Rue des Fabriques;68700;68063;Cernay;;;7.188192;47.809875
68063_0508_00009;9;;Rue des Orchidées;68700;68063;Cernay;;;7.188878;47.806716
68063_0510_00007_a;7;a;Rue de la Paix;68700;68063;Cernay;;;7.177256;47.810322
68063_0510_00004;4;;Rue de la Paix;68700;68063;Cernay;;;7.177831;47.8107
68063_0100_00075;75;;Faubourg de Belfort;68700;68063;Cernay;;;7.172104;47.79399
68063_0446_00008;8;;Rue des Mélèzes;68700;68063;Cernay;;;7.173162;47.812406
68063_0541_00050;50;;Rue Pierre et Marie Curie;68700;68063;Cernay;;;7.18961;47.805001
68063_0200_00002_a;2;a;Rue de la Côte 425;68700;68063;Cernay;;;7.170581;47.809079
68063_0398_00008;8;;Rue du Lot-et-Garonne;68700;68063;Cernay;;;7.174616;47.795689
68063_0560_00035;35;;Rue Raymond Poincaré;68700;68063;Cernay;;;7.175467;47.806283
68063_0600_00022;22;;Rue de Provence;68700;68063;Cernay;;;7.177717;47.798106
68063_0475_00007;7;;Avenue Montaigne;68700;68063;Cernay;;;7.181103;47.806668
68063_0335_00006;6;;Rue de l’Industrie;68700;68063;Cernay;;;7.197599;47.794918
68063_0082_00022;22;;Rue d’Auvergne;68700;68063;Cernay;;;7.176646;47.79683
68063_0645_00029;29;;Rue René Guibert;68700;68063;Cernay;;;7.168903;47.80238
68063_0163_00006;6;;Rue des Charmilles;68700;68063;Cernay;;;7.172065;47.801355
68063_0370_00003;3;;Rue Joseph Vogt;68700;68063;Cernay;;;7.186788;47.813002
68063_0860_00008;8;;Rue du Ventron;68700;68063;Cernay;;;7.182731;47.811897
68063_0390_00015;15;;Rue Latouche;68700;68063;Cernay;;;7.173105;47.808239
68063_0921_00017;17;;Rue des Cèdres;68700;68063;Cernay;;;7.166986;47.809593
68063_0299_00004;4;;Rue des Géraniums;68700;68063;Cernay;;;7.172016;47.806718
68063_0830_00013;13;;Rue de la Thur;68700;68063;Cernay;;;7.176367;47.803999
68063_0112_00009;9;;Impasse des Bleuets;68700;68063;Cernay;;;7.184805;47.803856
68063_0551_00005;5;;Rue des Pinsons;68700;68063;Cernay;;;7.187839;47.810321
68063_0090_00008;8;;Rue du Ballon;68700;68063;Cernay;;;7.174916;47.812235
68063_0335_00017;17;;Rue de l’Industrie;68700;68063;Cernay;;;7.186533;47.798098
68063_0780_00037;37;;Rue de Steinbach;68700;68063;Cernay;;;7.165782;47.811608
68063_0430_00003;3;;Rue Marie Louise;68700;68063;Cernay;;;7.187652;47.812448
68063_0397_00007;7;;Rue des Lilas;68700;68063;Cernay;;;7.170508;47.806856
68063_0876_00004;4;;Rue Victor Hugo;68700;68063;Cernay;;;7.19359;47.812106
68063_0875_00015;15;;Rue de la Victoire;68700;68063;Cernay;;;7.171167;47.798751
68063_0200_00019;19;;Rue de la Côte 425;68700;68063;Cernay;;;7.168838;47.810206
68063_0360_00010;10;;Rue Joseph Dépierre;68700;68063;Cernay;;;7.168895;47.813129
68063_0433_00029;29;;Rue du Markstein;68700;68063;Cernay;;;7.180219;47.811235
68063_0921_00028;28;;Rue des Cèdres;68700;68063;Cernay;;;7.166591;47.810065
68063_0149_00003;3;;Rue des Cavaliers;68700;68063;Cernay;;;7.160872;47.801732
68063_0300_00016_b;16;b;Rue de Graffenwald;68700;68063;Cernay;;;7.185898;47.801013
68063_0770_00024_a;24;a;Rue de Soultz;68700;68063;Cernay;;;7.17926;47.813141
68063_0490_00044;44;;Rue de Mulhouse;68700;68063;Cernay;;;7.186259;47.799795
68063_0740_00060;60;;Rue Sandoz;68700;68063;Cernay;;;7.16029;47.80774
68063_0842_00019;19;;Rue de la Turbine;68700;68063;Cernay;;;7.158022;47.810225
68063_0397_00003;3;;Rue des Lilas;68700;68063;Cernay;;;7.170964;47.806939
68063_0680_00004;4;;Rue Roger Preiss;68700;68063;Cernay;;;7.179297;47.810636
68063_0300_00011;11;;Rue de Graffenwald;68700;68063;Cernay;;;7.186955;47.801607
68063_0850_00009;9;;Faubourg d’Uffholtz;68700;68063;Cernay;;;7.176573;47.811602
68063_0210_00033;33;;Rue de la Douane;68700;68063;Cernay;;;7.18203;47.796938
68063_0065_00030;30;;Rue des Artisans;68700;68063;Cernay;;;7.154186;47.810419
68063_0780_00028_a;28;a;Rue de Steinbach;68700;68063;Cernay;;;7.165058;47.81301
68063_jlzcon_00011;11;;Rue Roger Hassenforder;68700;68063;Cernay;;;7.166582;47.803295
68063_0015_00001;1;;Avenue d’Alsace;68700;68063;Cernay;;;7.170588;47.793827
68063_0207_00011;11;;Place du Donon;68700;68063;Cernay;;;7.183724;47.812266
68063_0560_00027;27;;Rue Raymond Poincaré;68700;68063;Cernay;;;7.17563;47.80725
68063_0490_00024;24;;Rue de Mulhouse;68700;68063;Cernay;;;7.184518;47.801058
68063_0210_00049_b;49;b;Rue de la Douane;68700;68063;Cernay;;;7.183642;47.795841
68063_0250_00016_c;16;c;Rue des Fleurs;68700;68063;Cernay;;;7.179812;47.801659
68063_0312_00001;1;;Rue Gustave Eiffel;68700;68063;Cernay;;;7.180625;47.804304
68063_0910_00056;56;;Rue de Wittelsheim;68700;68063;Cernay;;;7.187444;47.8024
68063_0100_00085;85;;Faubourg de Belfort;68700;68063;Cernay;;;7.170052;47.790019
68063_0230_00058;58;;Rue des Fabriques;68700;68063;Cernay;;;7.187312;47.809576
68063_0921_00014;14;;Rue des Cèdres;68700;68063;Cernay;;;7.169004;47.809544
68063_0335_00003_a;3;a;Rue de l’Industrie;68700;68063;Cernay;;;7.2017;47.802456
68063_0660_00001_a;1;a;Rue du Réservoir;68700;68063;Cernay;;;7.168058;47.81356
68063_0630_00046;46;;Rue du Raisin;68700;68063;Cernay;;;7.17099;47.815573
68063_0900_00001_b;1;b;Rue de Wattwiller;68700;68063;Cernay;;;7.181114;47.810008
68063_0910_00027;27;;Rue de Wittelsheim;68700;68063;Cernay;;;7.180052;47.802859
68063_0500_00006;6;;Rue Neuve;68700;68063;Cernay;;;7.171128;47.809662
68063_0510_00002_a;2;a;Rue de la Paix;68700;68063;Cernay;;;7.178195;47.810606
68063_0167_00012;12;;Rue des Chênes;68700;68063;Cernay;;;7.173231;47.813288
68063_0280_00005_b;5;b;Rue de la Gare;68700;68063;Cernay;;;7.174473;47.801861
68063_0155_00014;14;;Rue des Champs;68700;68063;Cernay;;;7.178229;47.804317
68063_0645_00048;48;;Rue René Guibert;68700;68063;Cernay;;;7.166957;47.802407
68063_0130_00011;11;;Rue de Bourgogne;68700;68063;Cernay;;;7.177884;47.799361
68063_0560_00023_a;23;a;Rue Raymond Poincaré;68700;68063;Cernay;;;7.175937;47.807589
68063_0320_00013;13;;Rue Haffner;68700;68063;Cernay;;;7.173601;47.810375
68063_amal2e_00009;9;;Rue d’Aspach;68700;68063;Cernay;;;7.172358;47.801002
68063_0470_00040;40;;Rue des Montagnes;68700;68063;Cernay;;;7.168543;47.816143
68063_0752_00023;23;;Allée des Séquoias;68700;68063;Cernay;;;7.167368;47.808369
68063_0433_00019;19;;Rue du Markstein;68700;68063;Cernay;;;7.180592;47.811175
68063_0161_00038;38;;Avenue Charles de Gaulle;68700;68063;Cernay;;;7.181415;47.801204
68063_0750_00030_a;30;a;Rue de Schweighouse;68700;68063;Cernay;;;7.1792;47.798566
68063_0665_00004;4;;Rue de la Résistance;68700;68063;Cernay;;;7.172337;47.799138
68063_0310_00008;8;;Rue de Guebwiller;68700;68063;Cernay;;;7.17585;47.810763
68063_0690_00001;1;;Rue du Rossberg;68700;68063;Cernay;;;7.181666;47.810973
68063_0600_00020;20;;Rue de Provence;68700;68063;Cernay;;;7.177541;47.798087
68063_0537_00002;2;;Rue de Picardie;68700;68063;Cernay;;;7.178317;47.796298
68063_0240_00031;31;;Rue de la Ferme;68700;68063;Cernay;;;7.167889;47.795848
68063_0230_00003;3;;Rue des Fabriques;68700;68063;Cernay;;;7.179947;47.808771
68063_0225_00053;53;;Rue de l’Europe;68700;68063;Cernay;;;7.191691;47.788213
68063_0155_00012;12;;Rue des Champs;68700;68063;Cernay;;;7.177734;47.804536
68063_0298_00006;6;;Rue Georges Risler;68700;68063;Cernay;;;7.172132;47.808996
68063_0835_00001;1;;Rue des Tirailleurs;68700;68063;Cernay;;;7.171396;47.800473
68063_0740_00091;91;;Rue Sandoz;68700;68063;Cernay;;;7.161207;47.807208
68063_0921_00002;2;;Rue des Cèdres;68700;68063;Cernay;;;7.169144;47.808852
68063_0535_00016;16;;Rue du Peintre Jean-Paul Carrère;68700;68063;Cernay;;;7.186315;47.809235
68063_0223_00008;8;;Place des Étoiles;68700;68063;Cernay;;;7.16294;47.795357
68063_0320_00049;49;;Rue Haffner;68700;68063;Cernay;;;7.176;47.809952
68063_0215_00010;10;;Rue Edmond Rogelet;68700;68063;Cernay;;;7.1903;47.811277
68063_0740_00055;55;;Rue Sandoz;68700;68063;Cernay;;;7.162723;47.80747
68063_0210_00025;25;;Rue de la Douane;68700;68063;Cernay;;;7.181374;47.797911
68063_0921_00013_b;13;b;Rue des Cèdres;68700;68063;Cernay;;;7.167374;47.809338
68063_0540_00008;8;;Rue Pierre Burtschell;68700;68063;Cernay;;;7.175936;47.8122
68063_0280_00008;8;;Rue de la Gare;68700;68063;Cernay;;;7.175221;47.802379
68063_0623_00005;5;;Rue du 4 Février;68700;68063;Cernay;;;7.172364;47.800324
68063_0155_00020;20;;Rue des Champs;68700;68063;Cernay;;;7.177495;47.80398
68063_0082_00065;65;;Rue d’Auvergne;68700;68063;Cernay;;;7.17696;47.797502
68063_0770_00027_b;27;b;Rue de Soultz;68700;68063;Cernay;;;7.178586;47.812619
68063_0190_00023;23;;Faubourg de Colmar;68700;68063;Cernay;;;7.183258;47.810247
68063_0744_00008;8;;Rue de la Sauge;68700;68063;Cernay;;;7.200686;47.804351
68063_0230_00022;22;;Rue des Fabriques;68700;68063;Cernay;;;7.181006;47.808724
68063_0910_00008;8;;Rue de Wittelsheim;68700;68063;Cernay;;;7.177787;47.80304
68063_0665_00018;18;;Rue de la Résistance;68700;68063;Cernay;;;7.171787;47.798376
68063_0690_00004;4;;Rue du Rossberg;68700;68063;Cernay;;;7.183275;47.810876
68063_0045_00005;5;;Rue d'Aquitaine;68700;68063;Cernay;;;7.174416;47.795362
68063_0770_00023;23;;Rue de Soultz;68700;68063;Cernay;;;7.17929;47.811884
68063_0041_00006;6;;Rue André Malraux;68700;68063;Cernay;;;7.192273;47.811402
68063_0210_00031;31;;Rue de la Douane;68700;68063;Cernay;;;7.182654;47.79718
68063_0630_00056;56;;Rue du Raisin;68700;68063;Cernay;;;7.173187;47.81602
68063_0335_00001;1;;Rue de l’Industrie;68700;68063;Cernay;;;7.199809;47.803206
68063_0325_00013;13;;Rue des Hirondelles;68700;68063;Cernay;;;7.169934;47.797683
68063_0750_00053_a;53;a;Rue de Schweighouse;68700;68063;Cernay;;;7.179623;47.797446
68063_0173_00013;13;;Rue des Cigognes;68700;68063;Cernay;;;7.188922;47.813499
68063_0350_00011;11;;Rue James Barbier;68700;68063;Cernay;;;7.177577;47.807564
68063_0540_00009;9;;Rue Pierre Burtschell;68700;68063;Cernay;;;7.175682;47.812073
68063_0560_00009;9;;Rue Raymond Poincaré;68700;68063;Cernay;;;7.175687;47.808442
68063_0880_00006;6;;Rue des Vignes;68700;68063;Cernay;;;7.174707;47.812973
68063_0190_00053;53;;Faubourg de Colmar;68700;68063;Cernay;;;7.188454;47.811887
68063_0190_00049;49;;Faubourg de Colmar;68700;68063;Cernay;;;7.187789;47.811794
68063_0470_00001_b;1;b;Rue des Montagnes;68700;68063;Cernay;;;7.170916;47.810778
68063_0475_00009;9;;Avenue Montaigne;68700;68063;Cernay;;;7.181578;47.806745
68063_0680_00023;23;;Rue Roger Preiss;68700;68063;Cernay;;;7.181315;47.810307
68063_0330_00012;12;;Rue de l’Hôpital;68700;68063;Cernay;;;7.174482;47.807651
68063_0750_00008;8;;Rue de Schweighouse;68700;68063;Cernay;;;7.17715;47.802594
68063_0155_00002;2;;Rue des Champs;68700;68063;Cernay;;;7.176539;47.804659
68063_0780_00049;49;;Rue de Steinbach;68700;68063;Cernay;;;7.165949;47.81194
68063_0840_00001;1;;Rue Traversière;68700;68063;Cernay;;;7.174107;47.808779
68063_0750_00059;59;;Rue de Schweighouse;68700;68063;Cernay;;;7.179682;47.797141
68063_0065_00033;33;;Rue des Artisans;68700;68063;Cernay;;;7.153111;47.810067
68063_0082_00012;12;;Rue d’Auvergne;68700;68063;Cernay;;;7.177472;47.796552
68063_0843_00002;2;;Impasse du Trèfle;68700;68063;Cernay;;;7.182844;47.799871
68063_0493_00002_a;2;a;Impasse des Mûriers;68700;68063;Cernay;;;7.167632;47.801873
68063_0157_00025;25;;Rue de la Charité;68700;68063;Cernay;;;7.168892;47.795793
68063_0167_00001;1;;Rue des Chênes;68700;68063;Cernay;;;7.173851;47.813515
68063_0500_00010;10;;Rue Neuve;68700;68063;Cernay;;;7.171036;47.809348
68063_0130_00007;7;;Rue de Bourgogne;68700;68063;Cernay;;;7.177719;47.799022
68063_0875_00027;27;;Rue de la Victoire;68700;68063;Cernay;;;7.170975;47.798366
68063_0393_00005;5;;Rue Léonard Schott;68700;68063;Cernay;;;7.16385;47.807063
68063_0770_00001_b;1;b;Rue de Soultz;68700;68063;Cernay;;;7.178302;47.809221
68063_0551_00015;15;;Rue des Pinsons;68700;68063;Cernay;;;7.188637;47.810291
68063_0740_00119;119;;Rue Sandoz;68700;68063;Cernay;;;7.158353;47.807735
68063_0748_00007;7;;Rue du Schlaegling;68700;68063;Cernay;;;7.166684;47.815729
68063_0152_00005;5;;Impasse de la Chapelle;68700;68063;Cernay;;;7.182813;47.799408
68063_0890_00023_a;23;a;Faubourg des Vosges;68700;68063;Cernay;;;7.169355;47.810134
68063_0190_00013;13;;Faubourg de Colmar;68700;68063;Cernay;;;7.181156;47.80959
68063_0910_00055_a;55;a;Rue de Wittelsheim;68700;68063;Cernay;;;7.185885;47.80301
68063_0752_00026;26;;Allée des Séquoias;68700;68063;Cernay;;;7.166145;47.808517
68063_0230_00015;15;;Rue des Fabriques;68700;68063;Cernay;;;7.181178;47.808827
68063_0835_00011;11;;Rue des Tirailleurs;68700;68063;Cernay;;;7.170837;47.79952
68063_0744_00008_a;8;a;Rue de la Sauge;68700;68063;Cernay;;;7.200771;47.804364
68063_0610_00004;4;;Rue des Puits;68700;68063;Cernay;;;7.168058;47.811703
68063_0890_00001_a;1;a;Faubourg des Vosges;68700;68063;Cernay;;;7.172574;47.809822
68063_0210_00022;22;;Rue de la Douane;68700;68063;Cernay;;;7.181048;47.796923
68063_0750_00019;19;;Rue de Schweighouse;68700;68063;Cernay;;;7.178846;47.801218
68063_0560_00026;26;;Rue Raymond Poincaré;68700;68063;Cernay;;;7.175087;47.807259
68063_0161_00008;8;;Avenue Charles de Gaulle;68700;68063;Cernay;;;7.178412;47.802832
68063_0330_00038;38;;Rue de l’Hôpital;68700;68063;Cernay;;;7.173125;47.807794
68063_0421_00003;3;;Impasse des Marguerites;68700;68063;Cernay;;;7.183795;47.803596
68063_0397_00004;4;;Rue des Lilas;68700;68063;Cernay;;;7.170629;47.807043
68063_0161_00054;54;;Avenue Charles de Gaulle;68700;68063;Cernay;;;7.18446;47.798599
68063_0877_00009;9;;Rue du Vieil Armand;68700;68063;Cernay;;;7.176294;47.810301
68063_0921_00020;20;;Rue des Cèdres;68700;68063;Cernay;;;7.167629;47.809615
68063_0877_00010;10;;Rue du Vieil Armand;68700;68063;Cernay;;;7.176406;47.810262
68063_0650_00011;11;;Rue du Repos;68700;68063;Cernay;;;7.172905;47.81082
68063_0398_00014;14;;Rue du Lot-et-Garonne;68700;68063;Cernay;;;7.176933;47.795837
68063_0850_00011;11;;Faubourg d’Uffholtz;68700;68063;Cernay;;;7.176655;47.811862
68063_0360_00055;55;;Rue Joseph Dépierre;68700;68063;Cernay;;;7.172274;47.814336
68063_0230_00019;19;;Rue des Fabriques;68700;68063;Cernay;;;7.181311;47.808837
68063_0161_00051_d;51;d;Avenue Charles de Gaulle;68700;68063;Cernay;;;7.183846;47.800066
68063_0015_00005;5;;Avenue d’Alsace;68700;68063;Cernay;;;7.169315;47.793222
68063_0570_00020;20;;Rue des Prés;68700;68063;Cernay;;;7.178558;47.806644
68063_0750_00048_a;48;a;Rue de Schweighouse;68700;68063;Cernay;;;7.17818;47.797395
68063_0111_00033;33;;Rue Blaise Pascal;68700;68063;Cernay;;;7.184416;47.807942
68063_0740_00053;53;;Rue Sandoz;68700;68063;Cernay;;;7.162783;47.807472
68063_0433_00027;27;;Rue du Markstein;68700;68063;Cernay;;;7.18025;47.811208
68063_0921_00021;21;;Rue des Cèdres;68700;68063;Cernay;;;7.166472;47.809994
68063_0161_00052;52;;Avenue Charles de Gaulle;68700;68063;Cernay;;;7.184308;47.798712
68063_0875_00023;23;;Rue de la Victoire;68700;68063;Cernay;;;7.171033;47.798499
68063_0197_00004;4;;Rue des Commandos;68700;68063;Cernay;;;7.172903;47.798213
68063_0157_00001_c;1;c;Rue de la Charité;68700;68063;Cernay;;;7.17221;47.795407
68063_amal2e_00002_b;2;b;Rue d’Aspach;68700;68063;Cernay;;;7.174371;47.801373
68063_0360_00036;36;;Rue Joseph Dépierre;68700;68063;Cernay;;;7.172042;47.814093
68063_0480_00007;7;;Rue des Moulins;68700;68063;Cernay;;;7.175111;47.807829
68063_0270_00020;20;;Rue du Freundstein;68700;68063;Cernay;;;7.182525;47.811779
68063_0161_00033;33;;Avenue Charles de Gaulle;68700;68063;Cernay;;;7.182033;47.800954
68063_0210_00007_c;7;c;Rue de la Douane;68700;68063;Cernay;;;7.181071;47.799397
68063_0390_00005;5;;Rue Latouche;68700;68063;Cernay;;;7.173225;47.809062
68063_0740_00071;71;;Rue Sandoz;68700;68063;Cernay;;;7.161913;47.807439
68063_0922_00002;2;;Rue Camille Oberreiner;68700;68063;Cernay;;;7.170474;47.811748
68063_0120_00001_c;1;c;Rue du Bonhomme;68700;68063;Cernay;;;7.180042;47.812471
68063_0330_00032;32;;Rue de l’Hôpital;68700;68063;Cernay;;;7.173369;47.80776
68063_0884_00004;4;;Rue des Violettes;68700;68063;Cernay;;;7.183977;47.807423
68063_0475_00013;13;;Avenue Montaigne;68700;68063;Cernay;;;7.182802;47.806838
68063_0490_00010;10;;Rue de Mulhouse;68700;68063;Cernay;;;7.183358;47.801904
68063_0835_00019;19;;Rue des Tirailleurs;68700;68063;Cernay;;;7.170636;47.799141
68063_0760_00009;9;;Rue de la Somme;68700;68063;Cernay;;;7.175526;47.81259
68063_0210_00013_a;13;a;Rue de la Douane;68700;68063;Cernay;;;7.181409;47.799236
68063_0470_00005;5;;Rue des Montagnes;68700;68063;Cernay;;;7.170774;47.811581
68063_0748_00034;34;;Rue du Schlaegling;68700;68063;Cernay;;;7.164029;47.815664
68063_0157_00021;21;;Rue de la Charité;68700;68063;Cernay;;;7.169555;47.796012
68063_0645_00040;40;;Rue René Guibert;68700;68063;Cernay;;;7.169213;47.802449
68063_0790_00003_c;3;c;Rue de la Synagogue;68700;68063;Cernay;;;7.176458;47.809448
68063_0112_00005;5;;Impasse des Bleuets;68700;68063;Cernay;;;7.185215;47.803943
68063_0210_00037;37;;Rue de la Douane;68700;68063;Cernay;;;7.182206;47.796609
68063_0520_00010;10;;Rue du Paradis;68700;68063;Cernay;;;7.174953;47.810679
68063_0397_00019;19;;Rue des Lilas;68700;68063;Cernay;;;7.170328;47.806308
68063_0740_00081;81;;Rue Sandoz;68700;68063;Cernay;;;7.161303;47.807134
68063_0560_00043_b;43;b;Rue Raymond Poincaré;68700;68063;Cernay;;;7.176025;47.804336
68063_0535_00009;9;;Rue du Peintre Jean-Paul Carrère;68700;68063;Cernay;;;7.186539;47.809149
68063_0250_00013_a;13;a;Rue des Fleurs;68700;68063;Cernay;;;7.179555;47.801286
68063_0190_00003;3;;Faubourg de Colmar;68700;68063;Cernay;;;7.179468;47.809046
68063_0100_00015;15;;Faubourg de Belfort;68700;68063;Cernay;;;7.174747;47.799751
68063_0330_00024;24;;Rue de l’Hôpital;68700;68063;Cernay;;;7.173633;47.80773
68063_0740_00031;31;;Rue Sandoz;68700;68063;Cernay;;;7.164024;47.807572
68063_0093_00007;7;;Avenue Bartholdi;68700;68063;Cernay;;;7.184577;47.80433
68063_0185_00004;4;;Rue des Collines;68700;68063;Cernay;;;7.16678;47.814179
68063_0207_00001;1;;Place du Donon;68700;68063;Cernay;;;7.183978;47.811945
68063_0090_00006;6;;Rue du Ballon;68700;68063;Cernay;;;7.174813;47.812163
68063_0551_00008;8;;Rue des Pinsons;68700;68063;Cernay;;;7.187439;47.810213
68063_0407_00005;5;;Rue du Manège;68700;68063;Cernay;;;7.165279;47.801546
68063_0230_00037;37;;Rue des Fabriques;68700;68063;Cernay;;;7.183698;47.809226
68063_0780_00027;27;;Rue de Steinbach;68700;68063;Cernay;;;7.166217;47.811846
68063_0223_00002;2;;Place des Étoiles;68700;68063;Cernay;;;7.161349;47.796212
68063_0890_00135;135;;Faubourg des Vosges;68700;68063;Cernay;;;7.151474;47.811175
68063_0910_00089;89;;Rue de Wittelsheim;68700;68063;Cernay;;;7.191847;47.802865
68063_0144_00011;11;;Rue de Buhl;68700;68063;Cernay;;;7.189251;47.811151
68063_0173_00009;9;;Rue des Cigognes;68700;68063;Cernay;;;7.18904;47.812957
68063_0325_00006;6;;Rue des Hirondelles;68700;68063;Cernay;;;7.168515;47.797769
68063_0890_00229;229;;Faubourg des Vosges;68700;68063;Cernay;;;7.138896;47.807916
68063_0220_00017;17;;Rue de l’Église;68700;68063;Cernay;;;7.174982;47.808427
68063_0623_00007;7;;Rue du 4 Février;68700;68063;Cernay;;;7.172299;47.800197
68063_0300_00016_a;16;a;Rue de Graffenwald;68700;68063;Cernay;;;7.185734;47.801092
68063_0493_00007;7;;Impasse des Mûriers;68700;68063;Cernay;;;7.168142;47.801822
68063_0645_00013;13;;Rue René Guibert;68700;68063;Cernay;;;7.171503;47.802948
68063_0220_00021;21;;Rue de l’Église;68700;68063;Cernay;;;7.174991;47.808495
68063_0910_00091;91;;Rue de Wittelsheim;68700;68063;Cernay;;;7.191952;47.802996
68063_0680_00016;16;;Rue Roger Preiss;68700;68063;Cernay;;;7.180696;47.810346
68063_0161_00016;16;;Avenue Charles de Gaulle;68700;68063;Cernay;;;7.179081;47.802567
68063_0207_00007;7;;Place du Donon;68700;68063;Cernay;;;7.183792;47.812096
68063_0407_00013;13;;Rue du Manège;68700;68063;Cernay;;;7.164539;47.801398
68063_0297_00004;4;;Rue George Sand;68700;68063;Cernay;;;7.191272;47.812068
68063_0150_00003;3;;Rue de Champagne;68700;68063;Cernay;;;7.178287;47.799835
68063_0200_00003;3;;Rue de la Côte 425;68700;68063;Cernay;;;7.170673;47.808932
68063_0570_00005;5;;Rue des Prés;68700;68063;Cernay;;;7.176443;47.806577
68063_0744_00030;30;;Rue de la Sauge;68700;68063;Cernay;;;7.198521;47.804578
68063_0922_00020;20;;Rue Camille Oberreiner;68700;68063;Cernay;;;7.169141;47.812987
68063_0159_00007;7;;Rue Charles Baudelaire;68700;68063;Cernay;;;7.190794;47.811854
68063_0298_00030;30;;Rue Georges Risler;68700;68063;Cernay;;;7.172447;47.805981
68063_0475_00011;11;;Avenue Montaigne;68700;68063;Cernay;;;7.182367;47.806779
68063_0780_00020;20;;Rue de Steinbach;68700;68063;Cernay;;;7.16619;47.812016
68063_0541_00018;18;;Rue Pierre et Marie Curie;68700;68063;Cernay;;;7.185576;47.80481
68063_0890_00026;26;;Faubourg des Vosges;68700;68063;Cernay;;;7.169556;47.810455
68063_0093_00017;17;;Avenue Bartholdi;68700;68063;Cernay;;;7.18792;47.804299
68063_0720_00014;14;;Rue Saint-Joseph;68700;68063;Cernay;;;7.178112;47.801592
68063_0440_00008;8;;Rue de la Marne;68700;68063;Cernay;;;7.175154;47.811966
68063_0161_00009;9;;Avenue Charles de Gaulle;68700;68063;Cernay;;;7.180376;47.802222
68063_0890_00221_b;221;b;Faubourg des Vosges;68700;68063;Cernay;;;7.14032;47.807753
68063_0752_00009;9;;Allée des Séquoias;68700;68063;Cernay;;;7.1663;47.809369
68063_0120_00010;10;;Rue du Bonhomme;68700;68063;Cernay;;;7.18042;47.812524
68063_0910_00022;22;;Rue de Wittelsheim;68700;68063;Cernay;;;7.180737;47.802645
68063_0690_00018;18;;Rue du Rossberg;68700;68063;Cernay;;;7.184656;47.810865
68063_0880_00009;9;;Rue des Vignes;68700;68063;Cernay;;;7.17459;47.813169
68063_0082_00041;41;;Rue d’Auvergne;68700;68063;Cernay;;;7.175413;47.798091
68063_0220_00012;12;;Rue de l’Église;68700;68063;Cernay;;;7.174872;47.808277
68063_0645_00058;58;;Rue René Guibert;68700;68063;Cernay;;;7.158345;47.801286
68063_0920_00002;2;;Rue Xavier Schaffhauser;68700;68063;Cernay;;;7.173498;47.809451
68063_0161_00026;26;;Avenue Charles de Gaulle;68700;68063;Cernay;;;7.18006;47.80216
68063_0890_00019;19;;Faubourg des Vosges;68700;68063;Cernay;;;7.169646;47.810336
68063_0161_00056;56;;Avenue Charles de Gaulle;68700;68063;Cernay;;;7.184561;47.798526
68063_0750_00021;21;;Rue de Schweighouse;68700;68063;Cernay;;;7.179044;47.800941
68063_0335_00004_c;4;c;Rue de l’Industrie;68700;68063;Cernay;;;7.198559;47.795617
68063_0752_00002;2;;Allée des Séquoias;68700;68063;Cernay;;;7.166199;47.810555
68063_0630_00014;14;;Rue du Raisin;68700;68063;Cernay;;;7.168441;47.815133
68063_0541_00010;10;;Rue Pierre et Marie Curie;68700;68063;Cernay;;;7.183987;47.804809
68063_0082_00068;68;;Rue d’Auvergne;68700;68063;Cernay;;;7.177358;47.797052
68063_0390_00013;13;;Rue Latouche;68700;68063;Cernay;;;7.173142;47.808486
68063_0360_00009;9;;Rue Joseph Dépierre;68700;68063;Cernay;;;7.166812;47.812883
68063_0155_00019;19;;Rue des Champs;68700;68063;Cernay;;;7.178087;47.803613
68063_0215_00016;16;;Rue Edmond Rogelet;68700;68063;Cernay;;;7.190147;47.811848
68063_0172_00005;5;;Impasse des Cigognes;68700;68063;Cernay;;;7.188442;47.812435
68063_0120_00002;2;;Rue du Bonhomme;68700;68063;Cernay;;;7.179872;47.81217
68063_0215_00023;23;;Rue Edmond Rogelet;68700;68063;Cernay;;;7.190102;47.811437
68063_0161_00132;132;;Avenue Charles de Gaulle;68700;68063;Cernay;;;7.191164;47.791948
68063_0475_00033;33;;Avenue Montaigne;68700;68063;Cernay;;;7.186218;47.807508
68063_0065_00003;3;;Rue des Artisans;68700;68063;Cernay;;;7.157542;47.811368
68063_0160_00012;12;;Rue Charles Baudry;68700;68063;Cernay;;;7.169828;47.80973
68063_0180_00012;12;;Rue Clemenceau;68700;68063;Cernay;;;7.176983;47.808876
68063_0323_00005;5;;Rue des Hérons;68700;68063;Cernay;;;7.190098;47.813147
68063_0148_00007;7;;Impasse des Cerisiers;68700;68063;Cernay;;;7.167897;47.814419
68063_0750_00074;74;;Rue de Schweighouse;68700;68063;Cernay;;;7.179751;47.795012
68063_0210_00041_a;41;a;Rue de la Douane;68700;68063;Cernay;;;7.183399;47.796374
68063_0161_00028;28;;Avenue Charles de Gaulle;68700;68063;Cernay;;;7.180177;47.802113
68063_0397_00005;5;;Rue des Lilas;68700;68063;Cernay;;;7.170758;47.806907
68063_0710_00001;1;;Rue Sainte-Odile;68700;68063;Cernay;;;7.177039;47.807859
68063_0094_00015;15;;Rue des Bâtisseurs;68700;68063;Cernay;;;7.17704;47.800714
68063_0391_00001;1;;Rue du Laurier;68700;68063;Cernay;;;7.196973;47.804117
68063_0835_00023;23;;Rue des Tirailleurs;68700;68063;Cernay;;;7.170567;47.799018
68063_0890_00048;48;;Faubourg des Vosges;68700;68063;Cernay;;;7.16583;47.810883
68063_0398_00015;15;;Rue du Lot-et-Garonne;68700;68063;Cernay;;;7.175417;47.795795
68063_0130_00014;14;;Rue de Bourgogne;68700;68063;Cernay;;;7.177909;47.79913
68063_0740_00083;83;;Rue Sandoz;68700;68063;Cernay;;;7.161309;47.807069
68063_0475_00006;6;;Avenue Montaigne;68700;68063;Cernay;;;7.180748;47.806268
68063_0470_00041;41;;Rue des Montagnes;68700;68063;Cernay;;;7.168575;47.815878
68063_0750_00068;68;;Rue de Schweighouse;68700;68063;Cernay;;;7.179797;47.795258
68063_0210_00021;21;;Rue de la Douane;68700;68063;Cernay;;;7.180808;47.798634
68063_0730_00014;14;;Rue Saint-Morand;68700;68063;Cernay;;;7.164736;47.814368
68063_0082_00064;64;;Rue d’Auvergne;68700;68063;Cernay;;;7.176738;47.797235
68063_0560_00029_a;29;a;Rue Raymond Poincaré;68700;68063;Cernay;;;7.175586;47.806991
68063_0790_00001;1;;Rue de la Synagogue;68700;68063;Cernay;;;7.176347;47.809154
68063_0535_00004;4;;Rue du Peintre Jean-Paul Carrère;68700;68063;Cernay;;;7.186106;47.810134
68063_0878_00001;1;;Rue de Vieux-Thann;68700;68063;Cernay;;;7.152624;47.811271
68063_jlzcon_00005;5;;Rue Roger Hassenforder;68700;68063;Cernay;;;7.170638;47.803556
68063_0020_00015;15;;Rue Amélie Zurcher;68700;68063;Cernay;;;7.185992;47.81306
68063_0910_00007;7;;Rue de Wittelsheim;68700;68063;Cernay;;;7.177671;47.803192
68063_0190_00018_a;18;a;Faubourg de Colmar;68700;68063;Cernay;;;7.183331;47.809909
68063_0065_00012_a;12;a;Rue des Artisans;68700;68063;Cernay;;;7.15431;47.810617
68063_0161_00011;11;;Avenue Charles de Gaulle;68700;68063;Cernay;;;7.180684;47.802099
68063_0884_00009;9;;Rue des Violettes;68700;68063;Cernay;;;7.184336;47.807212
68063_0878_00007;7;;Rue de Vieux-Thann;68700;68063;Cernay;;;7.153022;47.809872
68063_0744_00018;18;;Rue de la Sauge;68700;68063;Cernay;;;7.202769;47.805413
68063_0820_00001;1;;Rue de Thann;68700;68063;Cernay;;;7.174258;47.8095
68063_0480_00002;2;;Rue des Moulins;68700;68063;Cernay;;;7.176332;47.807797
68063_0082_00057;57;;Rue d’Auvergne;68700;68063;Cernay;;;7.176679;47.797852
68063_0744_00022;22;;Rue de la Sauge;68700;68063;Cernay;;;7.201516;47.805602
68063_0752_00010;10;;Allée des Séquoias;68700;68063;Cernay;;;7.166028;47.80986
68063_0650_00017;17;;Rue du Repos;68700;68063;Cernay;;;7.173426;47.811156
68063_amal2e_00002_d;2;d;Rue d’Aspach;68700;68063;Cernay;;;7.174822;47.801312
68063_0041_00009;9;;Rue André Malraux;68700;68063;Cernay;;;7.192036;47.811833
68063_0180_00019;19;;Rue Clemenceau;68700;68063;Cernay;;;7.177806;47.808954
68063_0645_00047;47;;Rue René Guibert;68700;68063;Cernay;;;7.166287;47.801467
68063_0645_00010;10;;Rue René Guibert;68700;68063;Cernay;;;7.173467;47.804342
68063_0320_00063;63;;Rue Haffner;68700;68063;Cernay;;;7.176753;47.809775
68063_0560_00021;21;;Rue Raymond Poincaré;68700;68063;Cernay;;;7.17569;47.807743
68063_0094_00016;16;;Rue des Bâtisseurs;68700;68063;Cernay;;;7.177294;47.800756
68063_0190_00028;28;;Faubourg de Colmar;68700;68063;Cernay;;;7.186669;47.811149
68063_0910_00048;48;;Rue de Wittelsheim;68700;68063;Cernay;;;7.184628;47.802493
68063_0323_00008;8;;Rue des Hérons;68700;68063;Cernay;;;7.190027;47.813332
68063_0877_00017;17;;Rue du Vieil Armand;68700;68063;Cernay;;;7.176583;47.810837
68063_0600_00003_a;3;a;Rue de Provence;68700;68063;Cernay;;;7.176982;47.798349
68063_0750_00030_b;30;b;Rue de Schweighouse;68700;68063;Cernay;;;7.178925;47.798636
68063_0300_00013;13;;Rue de Graffenwald;68700;68063;Cernay;;;7.187108;47.801454
68063_0740_00043;43;;Rue Sandoz;68700;68063;Cernay;;;7.163182;47.807526
68063_0446_00009;9;;Rue des Mélèzes;68700;68063;Cernay;;;7.172927;47.812363
68063_0398_00028;28;;Rue du Lot-et-Garonne;68700;68063;Cernay;;;7.178793;47.795761
68063_0833_00008;8;;Rue des Tilleuls;68700;68063;Cernay;;;7.173639;47.814137
68063_0190_00018_c;18;c;Faubourg de Colmar;68700;68063;Cernay;;;7.183262;47.809558
68063_0100_00043;43;;Faubourg de Belfort;68700;68063;Cernay;;;7.173727;47.797714
68063_0680_00020;20;;Rue Roger Preiss;68700;68063;Cernay;;;7.181293;47.810228
68063_0560_00047;47;;Rue Raymond Poincaré;68700;68063;Cernay;;;7.176123;47.804111
68063_0750_00009;9;;Rue de Schweighouse;68700;68063;Cernay;;;7.178211;47.802095
68063_0591_00003;3;;Rue des Primevères;68700;68063;Cernay;;;7.186897;47.807279
68063_0623_00015;15;;Rue du 4 Février;68700;68063;Cernay;;;7.172063;47.799729
68063_0537_00004;4;;Rue de Picardie;68700;68063;Cernay;;;7.178416;47.79647
68063_0350_00009_b;9;b;Rue James Barbier;68700;68063;Cernay;;;7.177091;47.807389
68063_0230_00021;21;;Rue des Fabriques;68700;68063;Cernay;;;7.18143;47.808847
68063_0850_00025;25;;Faubourg d’Uffholtz;68700;68063;Cernay;;;7.177449;47.813497
68063_0299_00010;10;;Rue des Géraniums;68700;68063;Cernay;;;7.171488;47.807181
68063_0094_00005;5;;Rue des Bâtisseurs;68700;68063;Cernay;;;7.177831;47.800515
68063_0520_00012;12;;Rue du Paradis;68700;68063;Cernay;;;7.17501;47.810784
68063_0740_00101;101;;Rue Sandoz;68700;68063;Cernay;;;7.160235;47.807641
68063_0780_00051;51;;Rue de Steinbach;68700;68063;Cernay;;;7.165895;47.812113
68063_0730_00022;22;;Rue Saint-Morand;68700;68063;Cernay;;;7.164291;47.815095
68063_0407_00017;17;;Rue du Manège;68700;68063;Cernay;;;7.164225;47.801382
68063_0780_00047;47;;Rue de Steinbach;68700;68063;Cernay;;;7.165736;47.811803
68063_0260_00031;31;;Rue du Fossé;68700;68063;Cernay;;;7.176585;47.807985
68063_0190_00036;36;;Faubourg de Colmar;68700;68063;Cernay;;;7.187269;47.811325
68063_0065_00013;13;;Rue des Artisans;68700;68063;Cernay;;;7.156285;47.810231
68063_0391_00011;11;;Rue du Laurier;68700;68063;Cernay;;;7.194476;47.803715
68063_0070_00006;6;;Rue de l’Asile;68700;68063;Cernay;;;7.170725;47.798349
68063_0082_00020;20;;Rue d’Auvergne;68700;68063;Cernay;;;7.176929;47.796693
68063_0500_00001;1;;Rue Neuve;68700;68063;Cernay;;;7.171331;47.809934
68063_0356_00008;8;;Rue des Jonquilles;68700;68063;Cernay;;;7.180524;47.806653
68063_0320_00045;45;;Rue Haffner;68700;68063;Cernay;;;7.175803;47.809989
68063_0890_00056;56;;Faubourg des Vosges;68700;68063;Cernay;;;7.164767;47.810995
68063_0748_00004;4;;Rue du Schlaegling;68700;68063;Cernay;;;7.167199;47.816208
68063_0770_00002_b;2;b;Rue de Soultz;68700;68063;Cernay;;;7.178686;47.809551
68063_0320_00027;27;;Rue Haffner;68700;68063;Cernay;;;7.174498;47.810203
68063_0475_00029;29;;Avenue Montaigne;68700;68063;Cernay;;;7.184707;47.807214
68063_0740_00062;62;;Rue Sandoz;68700;68063;Cernay;;;7.160062;47.807788
68063_0250_00005;5;;Rue des Fleurs;68700;68063;Cernay;;;7.180478;47.801287
68063_amal2e_00003;3;;Rue d’Aspach;68700;68063;Cernay;;;7.173322;47.801102
68063_0100_00055_bis;55;bis;Faubourg de Belfort;68700;68063;Cernay;;;7.174586;47.796582
68063_0540_00007;7;;Rue Pierre Burtschell;68700;68063;Cernay;;;7.175599;47.811971
68063_0065_00005;5;;Rue des Artisans;68700;68063;Cernay;;;7.157389;47.811327
68063_0510_00009;9;;Rue de la Paix;68700;68063;Cernay;;;7.177231;47.810784
68063_0020_00013;13;;Rue Amélie Zurcher;68700;68063;Cernay;;;7.186039;47.812859
68063_0320_00059;59;;Rue Haffner;68700;68063;Cernay;;;7.176587;47.809825
68063_0335_00028;28;;Rue de l’Industrie;68700;68063;Cernay;;;7.186728;47.798141
68063_0790_00005;5;;Rue de la Synagogue;68700;68063;Cernay;;;7.176444;47.809607
68063_0550_00004;4;;Rue des Pins;68700;68063;Cernay;;;7.187297;47.802223
68063_0190_00033;33;;Faubourg de Colmar;68700;68063;Cernay;;;7.18426;47.810572
68063_0820_00030;30;;Rue de Thann;68700;68063;Cernay;;;7.173464;47.809872
68063_0645_00027_a;27;a;Rue René Guibert;68700;68063;Cernay;;;7.169338;47.802302
68063_0167_00003;3;;Rue des Chênes;68700;68063;Cernay;;;7.173312;47.813369
68063_0433_00031;31;;Rue du Markstein;68700;68063;Cernay;;;7.18019;47.811296
68063_0210_00021_d;21;d;Rue de la Douane;68700;68063;Cernay;;;7.181431;47.798372
68063_0890_00001;1;;Faubourg des Vosges;68700;68063;Cernay;;;7.172841;47.809821
68063_0350_00012;12;;Rue James Barbier;68700;68063;Cernay;;;7.177549;47.807247
68063_0161_00041_a;41;a;Avenue Charles de Gaulle;68700;68063;Cernay;;;7.182541;47.800534
68063_0320_00003;3;;Rue Haffner;68700;68063;Cernay;;;7.173313;47.810151
68063_0010_00001;1;;Rue des Alpes;68700;68063;Cernay;;;7.183233;47.811616
68063_0470_00038;38;;Rue des Montagnes;68700;68063;Cernay;;;7.168685;47.81593
68063_0560_00012;12;;Rue Raymond Poincaré;68700;68063;Cernay;;;7.175524;47.808127
68063_0190_00011;11;;Faubourg de Colmar;68700;68063;Cernay;;;7.180822;47.809478
68063_0060_00005;5;;Rue de l’Argonne;68700;68063;Cernay;;;7.185106;47.813184
68063_0082_00078;78;;Rue d’Auvergne;68700;68063;Cernay;;;7.178911;47.796781
68063_0145_00015;15;;Rue du Canal;68700;68063;Cernay;;;7.140917;47.808046
68063_0475_00017;17;;Avenue Montaigne;68700;68063;Cernay;;;7.182959;47.806869
68063_0470_00017;17;;Rue des Montagnes;68700;68063;Cernay;;;7.170278;47.812242
68063_0890_00032;32;;Faubourg des Vosges;68700;68063;Cernay;;;7.168187;47.810454
68063_0446_00006;6;;Rue des Mélèzes;68700;68063;Cernay;;;7.173416;47.812359
68063_0155_00002_a;2;a;Rue des Champs;68700;68063;Cernay;;;7.176376;47.80469
68063_0310_00007;7;;Rue de Guebwiller;68700;68063;Cernay;;;7.175719;47.81077
68063_0780_00030;30;;Rue de Steinbach;68700;68063;Cernay;;;7.164972;47.813093
68063_0470_00021_a;21;a;Rue des Montagnes;68700;68063;Cernay;;;7.170331;47.812525
68063_0683_00001;1;;Passage des Roses;68700;68063;Cernay;;;7.183184;47.812448
68063_0744_00002;2;;Rue de la Sauge;68700;68063;Cernay;;;7.198191;47.804176
68063_0780_00031;31;;Rue de Steinbach;68700;68063;Cernay;;;7.165804;47.811764
68063_0750_00057_a;57;a;Rue de Schweighouse;68700;68063;Cernay;;;7.179652;47.797252
68063_0540_00016;16;;Rue Pierre Burtschell;68700;68063;Cernay;;;7.176772;47.813208
68063_0312_00014;14;;Rue Gustave Eiffel;68700;68063;Cernay;;;7.183145;47.804129
68063_0752_00008;8;;Allée des Séquoias;68700;68063;Cernay;;;7.166034;47.809961
68063_0560_00033;33;;Rue Raymond Poincaré;68700;68063;Cernay;;;7.175498;47.80646
68063_0320_00053;53;;Rue Haffner;68700;68063;Cernay;;;7.176326;47.809889
68063_0045_00009;9;;Rue d'Aquitaine;68700;68063;Cernay;;;7.174207;47.795107
68063_0190_00030;30;;Faubourg de Colmar;68700;68063;Cernay;;;7.186799;47.811201
68063_0551_00026;26;;Rue des Pinsons;68700;68063;Cernay;;;7.188583;47.810985
68063_0501_00005;5;;Rue de Normandie;68700;68063;Cernay;;;7.174061;47.793426
68063_0890_00115;115;;Faubourg des Vosges;68700;68063;Cernay;;;7.154936;47.811641
68063_0890_00050;50;;Faubourg des Vosges;68700;68063;Cernay;;;7.165592;47.81092
68063_0887_00005;5;;Impasse du Vorberg;68700;68063;Cernay;;;7.166987;47.815513
68063_0161_00020;20;;Avenue Charles de Gaulle;68700;68063;Cernay;;;7.179246;47.802494
68063_0161_00136;136;;Avenue Charles de Gaulle;68700;68063;Cernay;;;7.191354;47.791708
68063_0082_00023;23;;Rue d’Auvergne;68700;68063;Cernay;;;7.175674;47.797182
68063_0120_00004;4;;Rue du Bonhomme;68700;68063;Cernay;;;7.179973;47.812258
68063_0561_00005;5;;Rue du Poitou;68700;68063;Cernay;;;7.174792;47.795311
68063_0877_00003;3;;Rue du Vieil Armand;68700;68063;Cernay;;;7.175735;47.80939
68063_0010_00009;9;;Rue des Alpes;68700;68063;Cernay;;;7.185646;47.81224
68063_0843_00009;9;;Impasse du Trèfle;68700;68063;Cernay;;;7.182358;47.799508
68063_0740_00146;146;;Rue Sandoz;68700;68063;Cernay;;;7.154766;47.80827
68063_0440_00005;5;;Rue de la Marne;68700;68063;Cernay;;;7.175718;47.811784
68063_0460_00001;1;;Rue du Molkenrain;68700;68063;Cernay;;;7.181665;47.811348
68063_0300_00004;4;;Rue de Graffenwald;68700;68063;Cernay;;;7.18583;47.802268
68063_0300_00023;23;;Rue de Graffenwald;68700;68063;Cernay;;;7.1881;47.800764
68063_0560_00011;11;;Rue Raymond Poincaré;68700;68063;Cernay;;;7.175684;47.808333
68063_0065_00031_a;31;a;Rue des Artisans;68700;68063;Cernay;;;7.153308;47.810103
68063_0160_00007;7;;Rue Charles Baudry;68700;68063;Cernay;;;7.169898;47.809056
68063_0900_00001_c;1;c;Rue de Wattwiller;68700;68063;Cernay;;;7.181245;47.810035
68063_0167_00014;14;;Rue des Chênes;68700;68063;Cernay;;;7.172684;47.813096
68063_0750_00023_c;23;c;Rue de Schweighouse;68700;68063;Cernay;;;7.179351;47.800433
68063_0312_00002;2;;Rue Gustave Eiffel;68700;68063;Cernay;;;7.182508;47.803132
68063_0500_00002;2;;Rue Neuve;68700;68063;Cernay;;;7.171251;47.810091
68063_0623_00018;18;;Rue du 4 Février;68700;68063;Cernay;;;7.171978;47.799854
68063_0240_00019;19;;Rue de la Ferme;68700;68063;Cernay;;;7.167265;47.796887
68063_0180_00015;15;;Rue Clemenceau;68700;68063;Cernay;;;7.17744;47.809556
68063_0165_00012;12;;Rue du Château;68700;68063;Cernay;;;7.17458;47.811043
68063_0541_00032;32;;Rue Pierre et Marie Curie;68700;68063;Cernay;;;7.189635;47.804044
68063_0740_00009_a;9;a;Rue Sandoz;68700;68063;Cernay;;;7.164417;47.807101
68063_0860_00018;18;;Rue du Ventron;68700;68063;Cernay;;;7.182253;47.812985
68063_0922_00009;9;;Rue Camille Oberreiner;68700;68063;Cernay;;;7.169331;47.81152
68063_0560_00031_b;31;b;Rue Raymond Poincaré;68700;68063;Cernay;;;7.175569;47.806877
68063_0111_00001;1;;Rue Blaise Pascal;68700;68063;Cernay;;;7.182662;47.807623
68063_0860_00005;5;;Rue du Ventron;68700;68063;Cernay;;;7.182125;47.812459
68063_jlzcon_00007;7;;Rue Roger Hassenforder;68700;68063;Cernay;;;7.169902;47.803927
68063_0190_00040;40;;Faubourg de Colmar;68700;68063;Cernay;;;7.187984;47.811541
68063_0475_00002;2;;Avenue Montaigne;68700;68063;Cernay;;;7.179849;47.806313
68063_0433_00005;5;;Rue du Markstein;68700;68063;Cernay;;;7.181182;47.810998
68063_0556_00005;5;;Quai des Platanes;68700;68063;Cernay;;;7.170736;47.806009
68063_0510_00023;23;;Rue de la Paix;68700;68063;Cernay;;;7.172182;47.810989
68063_0100_00006_a;6;a;Faubourg de Belfort;68700;68063;Cernay;;;7.173076;47.797082
68063_0510_00016;16;;Rue de la Paix;68700;68063;Cernay;;;7.174952;47.811232
68063_0065_00006;6;;Rue des Artisans;68700;68063;Cernay;;;7.155764;47.811019
68063_0490_00032;32;;Rue de Mulhouse;68700;68063;Cernay;;;7.185495;47.800412
68063_0490_00021;21;;Rue de Mulhouse;68700;68063;Cernay;;;7.184943;47.800898
68063_0740_00103;103;;Rue Sandoz;68700;68063;Cernay;;;7.160043;47.807684
68063_0300_00002;2;;Rue de Graffenwald;68700;68063;Cernay;;;7.18571;47.802355
68063_0111_00006;6;;Rue Blaise Pascal;68700;68063;Cernay;;;7.182716;47.807254
68063_0330_00030;30;;Rue de l’Hôpital;68700;68063;Cernay;;;7.173435;47.807753
68063_0130_00005_a;5;a;Rue de Bourgogne;68700;68063;Cernay;;;7.177593;47.798784
68063_0082_00053;53;;Rue d’Auvergne;68700;68063;Cernay;;;7.176117;47.798005
68063_0230_00053;53;;Rue des Fabriques;68700;68063;Cernay;;;7.188042;47.809838
68063_amal2e_00029;29;;Rue d’Aspach;68700;68063;Cernay;;;7.170888;47.800655
68063_0530_00020;20;;Rue du Parc;68700;68063;Cernay;;;7.173908;47.802989
68063_0210_00006;6;;Rue de la Douane;68700;68063;Cernay;;;7.180778;47.798441
68063_0770_00014_a;14;a;Rue de Soultz;68700;68063;Cernay;;;7.179757;47.811234
68063_0161_00022;22;;Avenue Charles de Gaulle;68700;68063;Cernay;;;7.179438;47.802408
68063_0210_00051;51;;Rue de la Douane;68700;68063;Cernay;;;7.182561;47.795559
68063_0140_00009;9;;Rue de Bretagne;68700;68063;Cernay;;;7.176477;47.799244
68063_0755_00007;7;;Rue Soeur Elvine;68700;68063;Cernay;;;7.171552;47.809594
68063_0398_00016;16;;Rue du Lot-et-Garonne;68700;68063;Cernay;;;7.177228;47.795862
68063_0360_00044;44;;Rue Joseph Dépierre;68700;68063;Cernay;;;7.172999;47.814469
68063_0320_00043;43;;Rue Haffner;68700;68063;Cernay;;;7.175661;47.810016
68063_0391_00004;4;;Rue du Laurier;68700;68063;Cernay;;;7.196706;47.804287
68063_0530_00012;12;;Rue du Parc;68700;68063;Cernay;;;7.173128;47.802827
68063_0323_00012;12;;Rue des Hérons;68700;68063;Cernay;;;7.18949;47.813338
68063_0511_00004;4;;Impasse des Pâquerettes;68700;68063;Cernay;;;7.18596;47.803932
68063_0830_00007;7;;Rue de la Thur;68700;68063;Cernay;;;7.176467;47.803728
68063_0213_00015;15;;Rue des Écuyers;68700;68063;Cernay;;;7.162934;47.801294
68063_0147_00009;9;;Impasse des Cèdres;68700;68063;Cernay;;;7.167833;47.808908
68063_0560_00039;39;;Rue Raymond Poincaré;68700;68063;Cernay;;;7.175437;47.805971
68063_0770_00004;4;;Rue de Soultz;68700;68063;Cernay;;;7.179211;47.81096
68063_0210_00048;48;;Rue de la Douane;68700;68063;Cernay;;;7.182675;47.794554
68063_0360_00061;61;;Rue Joseph Dépierre;68700;68063;Cernay;;;7.17306;47.814611
68063_0393_00009;9;;Rue Léonard Schott;68700;68063;Cernay;;;7.163544;47.807016
68063_0163_00018;18;;Rue des Charmilles;68700;68063;Cernay;;;7.170904;47.800942
68063_0692_00010;10;;Rue du Roussillon;68700;68063;Cernay;;;7.175298;47.794894
68063_0923_00013;13;;Rue Daniel Eck;68700;68063;Cernay;;;7.185233;47.810054
68063_0890_00137;137;;Faubourg des Vosges;68700;68063;Cernay;;;7.151037;47.81111
68063_0250_00007;7;;Rue des Fleurs;68700;68063;Cernay;;;7.180241;47.801286
68063_0850_00001;1;;Faubourg d’Uffholtz;68700;68063;Cernay;;;7.17642;47.811177
68063_0210_00005;5;;Rue de la Douane;68700;68063;Cernay;;;7.17986;47.799664
68063_0150_00013;13;;Rue de Champagne;68700;68063;Cernay;;;7.177462;47.799828
68063_0746_00013;13;;Rue des Saules;68700;68063;Cernay;;;7.172595;47.814001
68063_0740_00033;33;;Rue Sandoz;68700;68063;Cernay;;;7.164064;47.807667
68063_0060_00003;3;;Rue de l’Argonne;68700;68063;Cernay;;;7.185192;47.813005
68063_0157_00013;13;;Rue de la Charité;68700;68063;Cernay;;;7.170146;47.796104
68063_0397_00020;20;;Rue des Lilas;68700;68063;Cernay;;;7.169695;47.806128
68063_0570_00009;9;;Rue des Prés;68700;68063;Cernay;;;7.177418;47.806611
68063_0750_00058;58;;Rue de Schweighouse;68700;68063;Cernay;;;7.179728;47.796208
68063_0551_00032;32;;Rue des Pinsons;68700;68063;Cernay;;;7.188715;47.810467
68063_0510_00005_a;5;a;Rue de la Paix;68700;68063;Cernay;;;7.177596;47.810184
68063_0541_00014;14;;Rue Pierre et Marie Curie;68700;68063;Cernay;;;7.184493;47.804854
68063_0149_00011;11;;Rue des Cavaliers;68700;68063;Cernay;;;7.160775;47.80101
68063_0260_00013_a;13;a;Rue du Fossé;68700;68063;Cernay;;;7.176811;47.809173
68063_0910_00077;77;;Rue de Wittelsheim;68700;68063;Cernay;;;7.188048;47.802506
68063_0780_00053_a;53;a;Rue de Steinbach;68700;68063;Cernay;;;7.16572;47.812252
68063_0876_00003;3;;Rue Victor Hugo;68700;68063;Cernay;;;7.19298;47.812196
68063_0407_00010;10;;Rue du Manège;68700;68063;Cernay;;;7.164444;47.80186
68063_0510_00007;7;;Rue de la Paix;68700;68063;Cernay;;;7.17747;47.810701
68063_0300_00015;15;;Rue de Graffenwald;68700;68063;Cernay;;;7.187268;47.801336
68063_0082_00031;31;;Rue d’Auvergne;68700;68063;Cernay;;;7.175987;47.797744
68063_0780_00039;39;;Rue de Steinbach;68700;68063;Cernay;;;7.165687;47.811655
68063_0225_00025;25;;Rue de l’Europe;68700;68063;Cernay;;;7.184182;47.792353
68063_0620_00002;2;;Rue des Pyrénées;68700;68063;Cernay;;;7.185088;47.811449
68063_0740_00107;107;;Rue Sandoz;68700;68063;Cernay;;;7.159621;47.80774
68063_0835_00003;3;;Rue des Tirailleurs;68700;68063;Cernay;;;7.171245;47.800313
68063_0490_00023;23;;Rue de Mulhouse;68700;68063;Cernay;;;7.185156;47.800758
68063_0157_00035;35;;Rue de la Charité;68700;68063;Cernay;;;7.169083;47.795552
68063_0910_00059;59;;Rue de Wittelsheim;68700;68063;Cernay;;;7.186152;47.802558
68063_0556_00006;6;;Quai des Platanes;68700;68063;Cernay;;;7.171197;47.806233
68063_0755_00005;5;;Rue Soeur Elvine;68700;68063;Cernay;;;7.17159;47.80969
68063_0190_00021_b;21;b;Faubourg de Colmar;68700;68063;Cernay;;;7.182358;47.81028
68063_0149_00008;8;;Rue des Cavaliers;68700;68063;Cernay;;;7.160736;47.801453
68063_0334_00011;11;;Rue des Indiennes;68700;68063;Cernay;;;7.166759;47.806177
68063_0157_00001;1;;Rue de la Charité;68700;68063;Cernay;;;7.171546;47.795662
68063_0210_00005_a;5;a;Rue de la Douane;68700;68063;Cernay;;;7.180568;47.799619
68063_0112_00011;11;;Impasse des Bleuets;68700;68063;Cernay;;;7.184769;47.803961
68063_0325_00031;31;;Rue des Hirondelles;68700;68063;Cernay;;;7.168399;47.797248
68063_0760_00001_a;1;a;Rue de la Somme;68700;68063;Cernay;;;7.176143;47.812361
68063_0215_00013;13;;Rue Edmond Rogelet;68700;68063;Cernay;;;7.19024;47.81095
68063_0884_00007;7;;Rue des Violettes;68700;68063;Cernay;;;7.184316;47.80727
68063_0750_00024;24;;Rue de Schweighouse;68700;68063;Cernay;;;7.179286;47.799273
68063_0230_00025;25;;Rue des Fabriques;68700;68063;Cernay;;;7.182008;47.808901
68063_0740_00035;35;;Rue Sandoz;68700;68063;Cernay;;;7.163578;47.807591
68063_0560_00036;36;;Rue Raymond Poincaré;68700;68063;Cernay;;;7.175764;47.804273
68063_0210_00061;61;;Rue de la Douane;68700;68063;Cernay;;;7.182701;47.794922
68063_0623_00009;9;;Rue du 4 Février;68700;68063;Cernay;;;7.172235;47.800077
68063_0390_00012;12;;Rue Latouche;68700;68063;Cernay;;;7.173161;47.809298
68063_0157_00005;5;;Rue de la Charité;68700;68063;Cernay;;;7.170634;47.796099
68063_0770_00001_c;1;c;Rue de Soultz;68700;68063;Cernay;;;7.177808;47.80938
68063_0390_00020;20;;Rue Latouche;68700;68063;Cernay;;;7.173088;47.808801
68063_0890_00006;6;;Faubourg des Vosges;68700;68063;Cernay;;;7.172001;47.810129
68063_0560_00013;13;;Rue Raymond Poincaré;68700;68063;Cernay;;;7.175673;47.808218
68063_0270_00012;12;;Rue du Freundstein;68700;68063;Cernay;;;7.181999;47.811781
68063_0150_00017;17;;Rue de Champagne;68700;68063;Cernay;;;7.177083;47.799842
68063_0833_00005;5;;Rue des Tilleuls;68700;68063;Cernay;;;7.173518;47.813809
68063_0185_00003;3;;Rue des Collines;68700;68063;Cernay;;;7.166849;47.813449
68063_0645_00030;30;;Rue René Guibert;68700;68063;Cernay;;;7.17123;47.802699
68063_0300_00018_e;18;e;Rue de Graffenwald;68700;68063;Cernay;;;7.186149;47.80118
68063_0750_00085;85;;Rue de Schweighouse;68700;68063;Cernay;;;7.179879;47.794888
68063_0842_00017;17;;Rue de la Turbine;68700;68063;Cernay;;;7.157541;47.810205
68063_0150_00001;1;;Rue de Champagne;68700;68063;Cernay;;;7.178587;47.799813
68063_0922_00018;18;;Rue Camille Oberreiner;68700;68063;Cernay;;;7.169108;47.812654
68063_0630_00006;6;;Rue du Raisin;68700;68063;Cernay;;;7.166095;47.81472
68063_0220_00002;2;;Rue de l’Église;68700;68063;Cernay;;;7.175289;47.80805
68063_0750_00010;10;;Rue de Schweighouse;68700;68063;Cernay;;;7.177877;47.802356
68063_0100_00071;71;;Faubourg de Belfort;68700;68063;Cernay;;;7.172255;47.794683
68063_0770_00001_f;1;f;Rue de Soultz;68700;68063;Cernay;;;7.177573;47.809899
68063_0433_00003;3;;Rue du Markstein;68700;68063;Cernay;;;7.181268;47.810971
68063_0111_00027;27;;Rue Blaise Pascal;68700;68063;Cernay;;;7.184015;47.807859
68063_0740_00025;25;;Rue Sandoz;68700;68063;Cernay;;;7.163707;47.807401
68063_amal2e_00002_c;2;c;Rue d’Aspach;68700;68063;Cernay;;;7.174605;47.801349
68063_0887_00007;7;;Impasse du Vorberg;68700;68063;Cernay;;;7.166868;47.815532
68063_0163_00008;8;;Rue des Charmilles;68700;68063;Cernay;;;7.171769;47.801338
68063_0490_00050;50;;Rue de Mulhouse;68700;68063;Cernay;;;7.186561;47.799522
68063_0147_00005;5;;Impasse des Cèdres;68700;68063;Cernay;;;7.16712;47.809196
68063_0551_00010;10;;Rue des Pinsons;68700;68063;Cernay;;;7.187534;47.810244
68063_0770_00019_a;19;a;Rue de Soultz;68700;68063;Cernay;;;7.178579;47.811998
68063_0740_00007;7;;Rue Sandoz;68700;68063;Cernay;;;7.164406;47.80735
68063_0397_00010;10;;Rue des Lilas;68700;68063;Cernay;;;7.169744;47.806842
68063_0923_00014;14;;Rue Daniel Eck;68700;68063;Cernay;;;7.185451;47.809601
68063_0841_00006;6;;Rue des Tulipes;68700;68063;Cernay;;;7.185046;47.80747
68063_0884_00006;6;;Rue des Violettes;68700;68063;Cernay;;;7.184061;47.807219
68063_0230_00007;7;;Rue des Fabriques;68700;68063;Cernay;;;7.180644;47.808788
68063_0780_00004;4;;Rue de Steinbach;68700;68063;Cernay;;;7.168364;47.810746
68063_0770_00026;26;;Rue de Soultz;68700;68063;Cernay;;;7.179231;47.813286
68063_0100_00003_a;3;a;Faubourg de Belfort;68700;68063;Cernay;;;7.175757;47.801234
68063_0393_00001;1;;Rue Léonard Schott;68700;68063;Cernay;;;7.164164;47.807013
68063_0197_00001;1;;Rue des Commandos;68700;68063;Cernay;;;7.173223;47.797992
68063_0880_00024;24;;Rue des Vignes;68700;68063;Cernay;;;7.174528;47.814319
68063_0560_00024;24;;Rue Raymond Poincaré;68700;68063;Cernay;;;7.175462;47.807505
68063_0890_00064;64;;Faubourg des Vosges;68700;68063;Cernay;;;7.163552;47.811064
68063_0740_00085;85;;Rue Sandoz;68700;68063;Cernay;;;7.161311;47.807027
68063_0690_00007;7;;Rue du Rossberg;68700;68063;Cernay;;;7.182455;47.810965
68063_0161_00031;31;;Avenue Charles de Gaulle;68700;68063;Cernay;;;7.181918;47.801052
68063_0683_00003;3;;Passage des Roses;68700;68063;Cernay;;;7.183053;47.812637
68063_0030_00011;11;;Rue de l’Ancien Hôpital;68700;68063;Cernay;;;7.176302;47.808137
68063_0541_00016;16;;Rue Pierre et Marie Curie;68700;68063;Cernay;;;7.184733;47.804916
68063_0370_00013;13;;Rue Joseph Vogt;68700;68063;Cernay;;;7.1883;47.813271
68063_0161_00003;3;;Avenue Charles de Gaulle;68700;68063;Cernay;;;7.179371;47.80261
68063_0298_00026;26;;Rue Georges Risler;68700;68063;Cernay;;;7.172285;47.80656
68063_0880_00029;29;;Rue des Vignes;68700;68063;Cernay;;;7.173339;47.815516
68063_0538_00005;5;;Allée du Piémont;68700;68063;Cernay;;;7.192969;47.810997
68063_0350_00014;14;;Rue James Barbier;68700;68063;Cernay;;;7.177737;47.806985
68063_0890_00227;227;;Faubourg des Vosges;68700;68063;Cernay;;;7.139127;47.807983
68063_0600_00001_a;1;a;Rue de Provence;68700;68063;Cernay;;;7.174665;47.798815
68063_0150_00010;10;;Rue de Champagne;68700;68063;Cernay;;;7.178571;47.799714
68063_0710_00003;3;;Rue Sainte-Odile;68700;68063;Cernay;;;7.177185;47.808343
68063_0300_00020;20;;Rue de Graffenwald;68700;68063;Cernay;;;7.187106;47.801345
68063_0206_00002_a;2;a;Rue de Lattre de Tassigny;68700;68063;Cernay;;;7.173624;47.799368
68063_0322_00003;3;;Impasse des Hérons;68700;68063;Cernay;;;7.190635;47.813323
68063_0900_00025;25;;Rue de Wattwiller;68700;68063;Cernay;;;7.181039;47.811884
68063_0240_00013;13;;Rue de la Ferme;68700;68063;Cernay;;;7.167545;47.797415
68063_0680_00015;15;;Rue Roger Preiss;68700;68063;Cernay;;;7.180493;47.810455
68063_0530_00002;2;;Rue du Parc;68700;68063;Cernay;;;7.171927;47.803067
68063_0082_00033;33;;Rue d’Auvergne;68700;68063;Cernay;;;7.175779;47.798036
68063_0213_00007;7;;Rue des Écuyers;68700;68063;Cernay;;;7.163141;47.801494
68063_0157_00037;37;;Rue de la Charité;68700;68063;Cernay;;;7.168933;47.795619
68063_0475_00043;43;;Avenue Montaigne;68700;68063;Cernay;;;7.19066;47.808485
68063_0130_00009;9;;Rue de Bourgogne;68700;68063;Cernay;;;7.177805;47.799188
68063_0560_00046;46;;Rue Raymond Poincaré;68700;68063;Cernay;;;7.176057;47.803606
68063_0910_00002;2;;Rue de Wittelsheim;68700;68063;Cernay;;;7.176709;47.803171
68063_0910_00065;65;;Rue de Wittelsheim;68700;68063;Cernay;;;7.186971;47.802941
68063_0556_00004;4;;Quai des Platanes;68700;68063;Cernay;;;7.17161;47.805813
68063_0070_00031;31;;Rue de l’Asile;68700;68063;Cernay;;;7.168898;47.798529
68063_0610_00011;11;;Rue des Puits;68700;68063;Cernay;;;7.168117;47.812799
68063_0830_00008;8;;Rue de la Thur;68700;68063;Cernay;;;7.176253;47.804647
68063_0210_00034_a;34;a;Rue de la Douane;68700;68063;Cernay;;;7.182315;47.796126
68063_0147_00001;1;;Impasse des Cèdres;68700;68063;Cernay;;;7.167955;47.809355
68063_0890_00129;129;;Faubourg des Vosges;68700;68063;Cernay;;;7.153294;47.811543
68063_0900_00023;23;;Rue de Wattwiller;68700;68063;Cernay;;;7.181114;47.81171
68063_0480_00003;3;;Rue des Moulins;68700;68063;Cernay;;;7.176103;47.807737
68063_0210_00044;44;;Rue de la Douane;68700;68063;Cernay;;;7.182573;47.794969
68063_0770_00011;11;;Rue de Soultz;68700;68063;Cernay;;;7.179113;47.811361
68063_0323_00014;14;;Rue des Hérons;68700;68063;Cernay;;;7.189245;47.813332
68063_0082_00003;3;;Rue d’Auvergne;68700;68063;Cernay;;;7.177429;47.796459
68063_0692_00011;11;;Rue du Roussillon;68700;68063;Cernay;;;7.175515;47.794819
68063_0560_00059;59;;Rue Raymond Poincaré;68700;68063;Cernay;;;7.176363;47.803561
68063_0220_00018;18;;Rue de l’Église;68700;68063;Cernay;;;7.174909;47.808515
68063_0551_00002;2;;Rue des Pinsons;68700;68063;Cernay;;;7.187491;47.809776
68063_0820_00016;16;;Rue de Thann;68700;68063;Cernay;;;7.174283;47.8096
68063_0880_00003;3;;Rue des Vignes;68700;68063;Cernay;;;7.174512;47.812668
68063_0360_00011;11;;Rue Joseph Dépierre;68700;68063;Cernay;;;7.166882;47.81294
68063_0094_00020;20;;Rue des Bâtisseurs;68700;68063;Cernay;;;7.177002;47.800829
68063_0890_00015;15;;Faubourg des Vosges;68700;68063;Cernay;;;7.170004;47.810305
68063_0149_00007;7;;Rue des Cavaliers;68700;68063;Cernay;;;7.16085;47.801381
68063_0551_00003;3;;Rue des Pinsons;68700;68063;Cernay;;;7.187597;47.81008
68063_0150_00006;6;;Rue de Champagne;68700;68063;Cernay;;;7.177508;47.799725
68063_0210_00018;18;;Rue de la Douane;68700;68063;Cernay;;;7.181584;47.797413
68063_0890_00022;22;;Faubourg des Vosges;68700;68063;Cernay;;;7.170414;47.810376
68063_0161_00035;35;;Avenue Charles de Gaulle;68700;68063;Cernay;;;7.182119;47.800872
68063_0560_00022;22;;Rue Raymond Poincaré;68700;68063;Cernay;;;7.175479;47.807606
68063_0630_00008;8;;Rue du Raisin;68700;68063;Cernay;;;7.16726;47.814978
68063_0541_00030;30;;Rue Pierre et Marie Curie;68700;68063;Cernay;;;7.186977;47.804387
68063_0740_00079;79;;Rue Sandoz;68700;68063;Cernay;;;7.161289;47.807284
68063_0210_00040;40;;Rue de la Douane;68700;68063;Cernay;;;7.182447;47.795347
68063_0740_00121;121;;Rue Sandoz;68700;68063;Cernay;;;7.158162;47.807707
68063_0860_00026;26;;Rue du Ventron;68700;68063;Cernay;;;7.181056;47.813109
68063_0210_00021_e;21;e;Rue de la Douane;68700;68063;Cernay;;;7.181684;47.798378
68063_0310_00003;3;;Rue de Guebwiller;68700;68063;Cernay;;;7.175603;47.810556
68063_0924_00001;1;;Rue de Burnhaupt;68700;68063;Cernay;;;7.187379;47.79861
68063_0740_00150_a;150;a;Rue Sandoz;68700;68063;Cernay;;;7.157069;47.806604
68063_0890_00040;40;;Faubourg des Vosges;68700;68063;Cernay;;;7.167245;47.81049
68063_0890_00223_a;223;a;Faubourg des Vosges;68700;68063;Cernay;;;7.139695;47.808171
68063_0880_00017_a;17;a;Rue des Vignes;68700;68063;Cernay;;;7.174392;47.813948
68063_0060_00010;10;;Rue de l’Argonne;68700;68063;Cernay;;;7.185315;47.812988
68063_0922_00010;10;;Rue Camille Oberreiner;68700;68063;Cernay;;;7.169534;47.81159
68063_0690_00021;21;;Rue du Rossberg;68700;68063;Cernay;;;7.18443;47.810951
68063_0050_00004;4;;Rue des Ardennes;68700;68063;Cernay;;;7.184698;47.811717
68063_0240_00007;7;;Rue de la Ferme;68700;68063;Cernay;;;7.167902;47.798101
68063_0910_00012;12;;Rue de Wittelsheim;68700;68063;Cernay;;;7.17939;47.802826
68063_0060_00008;8;;Rue de l’Argonne;68700;68063;Cernay;;;7.185354;47.812813
68063_0470_00007;7;;Rue des Montagnes;68700;68063;Cernay;;;7.170603;47.811619
68063_0161_00073_a;73;a;Avenue Charles de Gaulle;68700;68063;Cernay;;;7.185413;47.798897
68063_0210_00013_b;13;b;Rue de la Douane;68700;68063;Cernay;;;7.181182;47.799247
68063_0157_00017;17;;Rue de la Charité;68700;68063;Cernay;;;7.169884;47.796002
68063_0470_00047;47;;Rue des Montagnes;68700;68063;Cernay;;;7.167839;47.816557
68063_0820_00022_a;22;a;Rue de Thann;68700;68063;Cernay;;;7.174016;47.809788
68063_0145_00017;17;;Rue du Canal;68700;68063;Cernay;;;7.140778;47.808208
68063_0835_00004;4;;Rue des Tirailleurs;68700;68063;Cernay;;;7.170978;47.800102
68063_0240_00014;14;;Rue de la Ferme;68700;68063;Cernay;;;7.167829;47.795633
68063_0230_00039;39;;Rue des Fabriques;68700;68063;Cernay;;;7.18399;47.80995
68063_0397_00016;16;;Rue des Lilas;68700;68063;Cernay;;;7.169664;47.806438
68063_0755_00002_a;2;a;Rue Soeur Elvine;68700;68063;Cernay;;;7.171443;47.809915
68063_0470_00002;2;;Rue des Montagnes;68700;68063;Cernay;;;7.170967;47.810606
68063_0312_00006;6;;Rue Gustave Eiffel;68700;68063;Cernay;;;7.182738;47.803368
68063_0100_00017;17;;Faubourg de Belfort;68700;68063;Cernay;;;7.174664;47.799511
68063_0360_00030;30;;Rue Joseph Dépierre;68700;68063;Cernay;;;7.171354;47.813817
68063_0161_00036;36;;Avenue Charles de Gaulle;68700;68063;Cernay;;;7.181132;47.801438
68063_0215_00012;12;;Rue Edmond Rogelet;68700;68063;Cernay;;;7.190252;47.811463
68063_0320_00031;31;;Rue Haffner;68700;68063;Cernay;;;7.174946;47.810125
68063_0843_00007;7;;Impasse du Trèfle;68700;68063;Cernay;;;7.182121;47.799669
68063_0300_00024;24;;Rue de Graffenwald;68700;68063;Cernay;;;7.187369;47.801141
68063_0884_00005;5;;Rue des Violettes;68700;68063;Cernay;;;7.184253;47.807416
68063_0330_00014;14;;Rue de l’Hôpital;68700;68063;Cernay;;;7.17421;47.807682
68063_0890_00007;7;;Faubourg des Vosges;68700;68063;Cernay;;;7.171046;47.810184
68063_0876_00006_b;6;b;Rue Victor Hugo;68700;68063;Cernay;;;7.193353;47.811834
68063_0446_00016;16;;Rue des Mélèzes;68700;68063;Cernay;;;7.172598;47.812905
68063_0540_00002;2;;Rue Pierre Burtschell;68700;68063;Cernay;;;7.175298;47.8113
68063_0082_00048;48;;Rue d’Auvergne;68700;68063;Cernay;;;7.176617;47.797679
68063_0298_00036;36;;Rue Georges Risler;68700;68063;Cernay;;;7.174371;47.806194
68063_0161_00049;49;;Avenue Charles de Gaulle;68700;68063;Cernay;;;7.182853;47.800258
68063_0460_00007;7;;Rue du Molkenrain;68700;68063;Cernay;;;7.182461;47.811336
68063_0157_00007;7;;Rue de la Charité;68700;68063;Cernay;;;7.170543;47.795919
68063_0350_00002;2;;Rue James Barbier;68700;68063;Cernay;;;7.175963;47.80732
68063_0920_00010;10;;Rue Xavier Schaffhauser;68700;68063;Cernay;;;7.173492;47.809024
68063_0100_00081;81;;Faubourg de Belfort;68700;68063;Cernay;;;7.170184;47.790306
68063_0320_00057;57;;Rue Haffner;68700;68063;Cernay;;;7.176511;47.809844
68063_0100_00035;35;;Faubourg de Belfort;68700;68063;Cernay;;;7.174014;47.798237
68063_0010_00016;16;;Rue des Alpes;68700;68063;Cernay;;;7.185304;47.812183
68063_0520_00018;18;;Rue du Paradis;68700;68063;Cernay;;;7.175173;47.811067
68063_0340_00009;9;;Rue Ingold;68700;68063;Cernay;;;7.174211;47.808091
68063_0924_00003;3;;Rue de Burnhaupt;68700;68063;Cernay;;;7.187666;47.798538
68063_0920_00007;7;;Rue Xavier Schaffhauser;68700;68063;Cernay;;;7.173547;47.808504
68063_0082_00030;30;;Rue d’Auvergne;68700;68063;Cernay;;;7.176089;47.797097
68063_0890_00123;123;;Faubourg des Vosges;68700;68063;Cernay;;;7.154003;47.811593
68063_0100_00015_a;15;a;Faubourg de Belfort;68700;68063;Cernay;;;7.175667;47.799593
68063_0541_00020;20;;Rue Pierre et Marie Curie;68700;68063;Cernay;;;7.186039;47.80476
68063_0398_00011;11;;Rue du Lot-et-Garonne;68700;68063;Cernay;;;7.175029;47.795784
68063_0210_00012_b;12;b;Rue de la Douane;68700;68063;Cernay;;;7.181378;47.797704
68063_0475_00031;31;;Avenue Montaigne;68700;68063;Cernay;;;7.184778;47.807221
68063_0535_00018;18;;Rue du Peintre Jean-Paul Carrère;68700;68063;Cernay;;;7.186372;47.809018
68063_0120_00001_d;1;d;Rue du Bonhomme;68700;68063;Cernay;;;7.180111;47.81253
68063_0550_00001_a;1;a;Rue des Pins;68700;68063;Cernay;;;7.188506;47.802103
68063_0835_00007;7;;Rue des Tirailleurs;68700;68063;Cernay;;;7.171091;47.799981
68063_0877_00011;11;;Rue du Vieil Armand;68700;68063;Cernay;;;7.176357;47.810423
68063_0510_00010;10;;Rue de la Paix;68700;68063;Cernay;;;7.176813;47.811011
68063_0740_00087;87;;Rue Sandoz;68700;68063;Cernay;;;7.161316;47.806978
68063_0645_00032;32;;Rue René Guibert;68700;68063;Cernay;;;7.170768;47.802338
68063_0300_00010;10;;Rue de Graffenwald;68700;68063;Cernay;;;7.186275;47.80167
68063_0610_00002;2;;Rue des Puits;68700;68063;Cernay;;;7.167974;47.811598
68063_0350_00016;16;;Rue James Barbier;68700;68063;Cernay;;;7.177726;47.806906
68063_0300_00018_a;18;a;Rue de Graffenwald;68700;68063;Cernay;;;7.186849;47.801413
68063_0740_00097_a;97;a;Rue Sandoz;68700;68063;Cernay;;;7.160751;47.807504
68063_0213_00014;14;;Rue des Écuyers;68700;68063;Cernay;;;7.162372;47.80183
68063_0560_00048;48;;Rue Raymond Poincaré;68700;68063;Cernay;;;7.176158;47.803346
68063_0144_00013;13;;Rue de Buhl;68700;68063;Cernay;;;7.189196;47.811338
68063_0837_00003;3;;Rue des Travailleurs;68700;68063;Cernay;;;7.181515;47.809226
68063_0050_00003;3;;Rue des Ardennes;68700;68063;Cernay;;;7.184808;47.81126
68063_0623_00014;14;;Rue du 4 Février;68700;68063;Cernay;;;7.172088;47.800064
68063_0530_00003;3;;Rue du Parc;68700;68063;Cernay;;;7.172283;47.803151
68063_0922_00021;21;;Rue Camille Oberreiner;68700;68063;Cernay;;;7.168757;47.812377
68063_0833_00010;10;;Rue des Tilleuls;68700;68063;Cernay;;;7.173647;47.814312
68063_0100_00019;19;;Faubourg de Belfort;68700;68063;Cernay;;;7.174497;47.799212
68063_0890_00005;5;;Faubourg des Vosges;68700;68063;Cernay;;;7.171548;47.810079
68063_0910_00063;63;;Rue de Wittelsheim;68700;68063;Cernay;;;7.186754;47.802553
68063_0850_00008;8;;Faubourg d’Uffholtz;68700;68063;Cernay;;;7.176856;47.811992
68063_0538_00003;3;;Allée du Piémont;68700;68063;Cernay;;;7.192773;47.811718
68063_0910_00079;79;;Rue de Wittelsheim;68700;68063;Cernay;;;7.188301;47.802492
68063_0421_00005;5;;Impasse des Marguerites;68700;68063;Cernay;;;7.183585;47.803543
68063_0645_00031;31;;Rue René Guibert;68700;68063;Cernay;;;7.168388;47.80247
68063_0082_00039;39;;Rue d’Auvergne;68700;68063;Cernay;;;7.175685;47.798103
68063_0197_00003;3;;Rue des Commandos;68700;68063;Cernay;;;7.17301;47.798036
68063_0752_00007;7;;Allée des Séquoias;68700;68063;Cernay;;;7.166195;47.809582
68063_0210_00007_b;7;b;Rue de la Douane;68700;68063;Cernay;;;7.180692;47.799414
68063_0100_00020;20;;Faubourg de Belfort;68700;68063;Cernay;;;7.171695;47.794482
68063_0890_00070;70;;Faubourg des Vosges;68700;68063;Cernay;;;7.161322;47.811336
68063_0120_00001_a;1;a;Rue du Bonhomme;68700;68063;Cernay;;;7.179895;47.812364
68063_0690_00014;14;;Rue du Rossberg;68700;68063;Cernay;;;7.183955;47.810872
68063_0360_00053;53;;Rue Joseph Dépierre;68700;68063;Cernay;;;7.172086;47.81425
68063_0093_00015;15;;Avenue Bartholdi;68700;68063;Cernay;;;7.18744;47.804407
68063_0540_00012;12;;Rue Pierre Burtschell;68700;68063;Cernay;;;7.176465;47.812857
68063_0665_00016;16;;Rue de la Résistance;68700;68063;Cernay;;;7.171979;47.798454
68063_0190_00044;44;;Faubourg de Colmar;68700;68063;Cernay;;;7.188426;47.8117
68063_0924_00004;4;;Rue de Burnhaupt;68700;68063;Cernay;;;7.187272;47.798289
68063_0185_00009;9;;Rue des Collines;68700;68063;Cernay;;;7.166642;47.814155
68063_0833_00006;6;;Rue des Tilleuls;68700;68063;Cernay;;;7.173639;47.813954
68063_0830_00017;17;;Rue de la Thur;68700;68063;Cernay;;;7.176312;47.80416
68063_0157_00004;4;;Rue de la Charité;68700;68063;Cernay;;;7.171314;47.79614
68063_0393_00003;3;;Rue Léonard Schott;68700;68063;Cernay;;;7.164153;47.807118
68063_0398_00005;5;;Rue du Lot-et-Garonne;68700;68063;Cernay;;;7.174324;47.795828
68063_0910_00041_b;41;b;Rue de Wittelsheim;68700;68063;Cernay;;;7.183862;47.80292
68063_0173_00002;2;;Rue des Cigognes;68700;68063;Cernay;;;7.189271;47.81265
68063_0740_00075;75;;Rue Sandoz;68700;68063;Cernay;;;7.1617;47.807431
68063_0111_00020;20;;Rue Blaise Pascal;68700;68063;Cernay;;;7.18452;47.807629
68063_0630_00029;29;;Rue du Raisin;68700;68063;Cernay;;;7.167976;47.8152
68063_0333_00012;12;;Rue du 8 Mai;68700;68063;Cernay;;;7.174165;47.799518
68063_0045_00006;6;;Rue d'Aquitaine;68700;68063;Cernay;;;7.174581;47.795219
68063_0623_00010;10;;Rue du 4 Février;68700;68063;Cernay;;;7.172193;47.800267
68063_0877_00006;6;;Rue du Vieil Armand;68700;68063;Cernay;;;7.176152;47.809791
68063_0323_00001;1;;Rue des Hérons;68700;68063;Cernay;;;7.189743;47.812667
68063_0095_00005;5;;Impasse des Bégonias;68700;68063;Cernay;;;7.184183;47.803789
68063_0630_00045;45;;Rue du Raisin;68700;68063;Cernay;;;7.170448;47.815711
68063_0540_00003;3;;Rue Pierre Burtschell;68700;68063;Cernay;;;7.175346;47.811619
68063_0397_00022;22;;Rue des Lilas;68700;68063;Cernay;;;7.169734;47.80608
68063_0680_00013;13;;Rue Roger Preiss;68700;68063;Cernay;;;7.180282;47.810495
68063_0890_00025;25;;Faubourg des Vosges;68700;68063;Cernay;;;7.168918;47.81039
68063_r41wid_00006;6;;Avenue Albert Schweitzer;68700;68063;Cernay;;;7.178545;47.807218
68063_0720_00003;3;;Rue Saint-Joseph;68700;68063;Cernay;;;7.176749;47.801985
68063_0760_00003;3;;Rue de la Somme;68700;68063;Cernay;;;7.175864;47.812461
68063_0835_00005;5;;Rue des Tirailleurs;68700;68063;Cernay;;;7.17118;47.800138
68063_0490_00024_a;24;a;Rue de Mulhouse;68700;68063;Cernay;;;7.184659;47.800971
68063_0157_00029;29;;Rue de la Charité;68700;68063;Cernay;;;7.169319;47.795569
68063_0750_00014;14;;Rue de Schweighouse;68700;68063;Cernay;;;7.178167;47.801976
68063_0830_00003;3;;Rue de la Thur;68700;68063;Cernay;;;7.176513;47.803588
68063_0110_00002;2;;Rue du Blanchiment;68700;68063;Cernay;;;7.186312;47.810751
68063_0082_00002;2;;Rue d’Auvergne;68700;68063;Cernay;;;7.178134;47.796379
68063_0750_00008_a;8;a;Rue de Schweighouse;68700;68063;Cernay;;;7.177627;47.802503
68063_0480_00020;20;;Rue des Moulins;68700;68063;Cernay;;;7.173596;47.8081
68063_0591_00002;2;;Rue des Primevères;68700;68063;Cernay;;;7.186457;47.807121
68063_0280_00004;4;;Rue de la Gare;68700;68063;Cernay;;;7.174985;47.803048
68063_0680_00010;10;;Rue Roger Preiss;68700;68063;Cernay;;;7.179977;47.810493
68063_0750_00060;60;;Rue de Schweighouse;68700;68063;Cernay;;;7.17976;47.796097
68063_0690_00002;2;;Rue du Rossberg;68700;68063;Cernay;;;7.182036;47.810868
68063_0111_00012;12;;Rue Blaise Pascal;68700;68063;Cernay;;;7.183107;47.807301
68063_0610_00022;22;;Rue des Puits;68700;68063;Cernay;;;7.168262;47.81279
68063_0880_00015;15;;Rue des Vignes;68700;68063;Cernay;;;7.174402;47.813778
68063_0330_00003;3;;Rue de l’Hôpital;68700;68063;Cernay;;;7.174273;47.807615
68063_0010_00002;2;;Rue des Alpes;68700;68063;Cernay;;;7.183113;47.811485
68063_0910_00014;14;;Rue de Wittelsheim;68700;68063;Cernay;;;7.179873;47.80276
68063_0393_00013;13;;Rue Léonard Schott;68700;68063;Cernay;;;7.16282;47.806953
68063_0645_00051;51;;Rue René Guibert;68700;68063;Cernay;;;7.166285;47.801634
68063_0920_00005_c;5;c;Rue Xavier Schaffhauser;68700;68063;Cernay;;;7.17359;47.808821
68063_0560_00016;16;;Rue Raymond Poincaré;68700;68063;Cernay;;;7.175517;47.807886
68063_0213_00017;17;;Rue des Écuyers;68700;68063;Cernay;;;7.16259;47.801244
68063_0630_00013;13;;Rue du Raisin;68700;68063;Cernay;;;7.167022;47.815013
68063_0082_00077;77;;Rue d’Auvergne;68700;68063;Cernay;;;7.178316;47.797079
68063_0320_00009;9;;Rue Haffner;68700;68063;Cernay;;;7.173425;47.810373
68063_0610_00009;9;;Rue des Puits;68700;68063;Cernay;;;7.168099;47.812663
68063_0300_00018_f;18;f;Rue de Graffenwald;68700;68063;Cernay;;;7.186241;47.801102
68063_0275_00006;6;;Impasse des Garages;68700;68063;Cernay;;;7.17696;47.806967
68063_0910_00030;30;;Rue de Wittelsheim;68700;68063;Cernay;;;7.181997;47.802487
68063_0470_00006;6;;Rue des Montagnes;68700;68063;Cernay;;;7.170711;47.812073
68063_0430_00006;6;;Rue Marie Louise;68700;68063;Cernay;;;7.187702;47.812215
68063_0750_00039;39;;Rue de Schweighouse;68700;68063;Cernay;;;7.179531;47.798377
68063_0335_00005;5;;Rue de l’Industrie;68700;68063;Cernay;;;7.201354;47.798604
68063_0780_00021;21;;Rue de Steinbach;68700;68063;Cernay;;;7.166169;47.811543
68063_0837_00002;2;;Rue des Travailleurs;68700;68063;Cernay;;;7.181757;47.809259
68063_0210_00021_b;21;b;Rue de la Douane;68700;68063;Cernay;;;7.182034;47.798602
68063_0860_00007;7;;Rue du Ventron;68700;68063;Cernay;;;7.181668;47.812685
68063_0880_00016;16;;Rue des Vignes;68700;68063;Cernay;;;7.174563;47.813799
68063_0110_00010;10;;Rue du Blanchiment;68700;68063;Cernay;;;7.186835;47.81092
68063_0390_00028;28;;Rue Latouche;68700;68063;Cernay;;;7.172969;47.808148
68063_0270_00005;5;;Rue du Freundstein;68700;68063;Cernay;;;7.181471;47.811856
68063_0350_00010;10;;Rue James Barbier;68700;68063;Cernay;;;7.177226;47.807253
68063_0750_00047;47;;Rue de Schweighouse;68700;68063;Cernay;;;7.179573;47.797917
68063_0740_00058;58;;Rue Sandoz;68700;68063;Cernay;;;7.160507;47.807711
68063_0161_00004;4;;Avenue Charles de Gaulle;68700;68063;Cernay;;;7.178148;47.802937
68063_r41wid_00003;3;;Avenue Albert Schweitzer;68700;68063;Cernay;;;7.178915;47.807289
68063_0850_00022_a;22;a;Faubourg d’Uffholtz;68700;68063;Cernay;;;7.177857;47.812855
68063_0210_00010;10;;Rue de la Douane;68700;68063;Cernay;;;7.18106;47.798117
68063_0180_00012_a;12;a;Rue Clemenceau;68700;68063;Cernay;;;7.177279;47.808851
68063_0111_00019;19;;Rue Blaise Pascal;68700;68063;Cernay;;;7.183632;47.808044
68063_0230_00030;30;;Rue des Fabriques;68700;68063;Cernay;;;7.181298;47.808385
68063_0720_00012_b;12;b;Rue Saint-Joseph;68700;68063;Cernay;;;7.177726;47.801288
68063_0111_00031;31;;Rue Blaise Pascal;68700;68063;Cernay;;;7.184194;47.80789
68063_0860_00022;22;;Rue du Ventron;68700;68063;Cernay;;;7.181577;47.813272
68063_0790_00003;3;;Rue de la Synagogue;68700;68063;Cernay;;;7.176205;47.809647
68063_0645_00008;8;;Rue René Guibert;68700;68063;Cernay;;;7.173729;47.804407
68063_0790_00007;7;;Rue de la Synagogue;68700;68063;Cernay;;;7.176331;47.809628
68063_0210_00020;20;;Rue de la Douane;68700;68063;Cernay;;;7.181816;47.79707
68063_0750_00016;16;;Rue de Schweighouse;68700;68063;Cernay;;;7.178448;47.801513
68063_0623_00003;3;;Rue du 4 Février;68700;68063;Cernay;;;7.172436;47.800479
68063_0710_00002;2;;Rue Sainte-Odile;68700;68063;Cernay;;;7.177099;47.808097
68063_0041_00002;2;;Rue André Malraux;68700;68063;Cernay;;;7.192192;47.811839
68063_0877_00008_a;8;a;Rue du Vieil Armand;68700;68063;Cernay;;;7.176646;47.810114
68063_0230_00001;1;;Rue des Fabriques;68700;68063;Cernay;;;7.179781;47.808785
68063_0149_00005;5;;Rue des Cavaliers;68700;68063;Cernay;;;7.160861;47.801558
68063_0213_00027;27;;Rue des Écuyers;68700;68063;Cernay;;;7.162139;47.801453
68063_0730_00008;8;;Rue Saint-Morand;68700;68063;Cernay;;;7.164846;47.813732
68063_0330_00026;26;;Rue de l’Hôpital;68700;68063;Cernay;;;7.173569;47.807736
68063_0860_00013;13;;Rue du Ventron;68700;68063;Cernay;;;7.181513;47.812915
68063_0152_00006;6;;Impasse de la Chapelle;68700;68063;Cernay;;;7.182611;47.799302
68063_0530_00009;9;;Rue du Parc;68700;68063;Cernay;;;7.173071;47.803159
68063_0510_00012;12;;Rue de la Paix;68700;68063;Cernay;;;7.175909;47.811129
68063_0180_00020;20;;Rue Clemenceau;68700;68063;Cernay;;;7.177635;47.808804
68063_0850_00014;14;;Faubourg d’Uffholtz;68700;68063;Cernay;;;7.177055;47.812494
68063_0740_00057;57;;Rue Sandoz;68700;68063;Cernay;;;7.162665;47.807467
68063_0260_00002_b;2;b;Rue du Fossé;68700;68063;Cernay;;;7.176739;47.809419
68063_0210_00007;7;;Rue de la Douane;68700;68063;Cernay;;;7.180073;47.799437
68063_0163_00001;1;;Rue des Charmilles;68700;68063;Cernay;;;7.172107;47.801199
68063_0040_00004;4;;Rue de l’Ancienne Cure;68700;68063;Cernay;;;7.173952;47.809399
68063_0185_00002;2;;Rue des Collines;68700;68063;Cernay;;;7.166923;47.813973
68063_0890_00113;113;;Faubourg des Vosges;68700;68063;Cernay;;;7.158674;47.811437
68063_0390_00009;9;;Rue Latouche;68700;68063;Cernay;;;7.173203;47.808907
68063_0600_00003;3;;Rue de Provence;68700;68063;Cernay;;;7.177185;47.798304
68063_0333_00002;2;;Rue du 8 Mai;68700;68063;Cernay;;;7.174105;47.80066
68063_0623_00006;6;;Rue du 4 Février;68700;68063;Cernay;;;7.17229;47.800469
68063_0850_00027;27;;Faubourg d’Uffholtz;68700;68063;Cernay;;;7.177574;47.813697
68063_0398_00025;25;;Rue du Lot-et-Garonne;68700;68063;Cernay;;;7.178616;47.795904
68063_0740_00142;142;;Rue Sandoz;68700;68063;Cernay;;;7.154841;47.808369
68063_0111_00010;10;;Rue Blaise Pascal;68700;68063;Cernay;;;7.183023;47.807285
68063_0780_00020_b;20;b;Rue de Steinbach;68700;68063;Cernay;;;7.166463;47.812073
68063_0630_00010;10;;Rue du Raisin;68700;68063;Cernay;;;7.167551;47.815045
68063_0490_00005;5;;Rue de Mulhouse;68700;68063;Cernay;;;7.183595;47.801874
68063_0830_00001;1;;Rue de la Thur;68700;68063;Cernay;;;7.176551;47.803479
68063_0325_00025;25;;Rue des Hirondelles;68700;68063;Cernay;;;7.168849;47.797825
68063_0910_00003;3;;Rue de Wittelsheim;68700;68063;Cernay;;;7.177258;47.803266
68063_0570_00004_a;4;a;Rue des Prés;68700;68063;Cernay;;;7.176456;47.806498
68063_0630_00039_b;39;b;Rue du Raisin;68700;68063;Cernay;;;7.169648;47.815728
68063_0470_00039;39;;Rue des Montagnes;68700;68063;Cernay;;;7.169117;47.815105
68063_0556_00009;9;;Quai des Platanes;68700;68063;Cernay;;;7.170395;47.80604
68063_0298_00004;4;;Rue Georges Risler;68700;68063;Cernay;;;7.172219;47.809353
68063_0082_00062;62;;Rue d’Auvergne;68700;68063;Cernay;;;7.176181;47.797341
68063_0223_00007;7;;Place des Étoiles;68700;68063;Cernay;;;7.162197;47.794875
68063_0180_00021_a;21;a;Rue Clemenceau;68700;68063;Cernay;;;7.177899;47.808947
68063_0050_00002;2;;Rue des Ardennes;68700;68063;Cernay;;;7.184813;47.811554
68063_0190_00025;25;;Faubourg de Colmar;68700;68063;Cernay;;;7.183401;47.810289
68063_0395_00003;3;;Rue de la Liberté;68700;68063;Cernay;;;7.173782;47.800051
68063_0843_00010;10;;Impasse du Trèfle;68700;68063;Cernay;;;7.182264;47.799457
68063_0161_00120;120;;Avenue Charles de Gaulle;68700;68063;Cernay;;;7.189506;47.794098
68063_0299_00001;1;;Rue des Géraniums;68700;68063;Cernay;;;7.172165;47.806651
68063_0490_00027;27;;Rue de Mulhouse;68700;68063;Cernay;;;7.185439;47.800587
68063_0841_00010;10;;Rue des Tulipes;68700;68063;Cernay;;;7.185345;47.806804
68063_0446_00001;1;;Rue des Mélèzes;68700;68063;Cernay;;;7.174086;47.812151
68063_0111_00002;2;;Rue Blaise Pascal;68700;68063;Cernay;;;7.182168;47.80724
68063_0490_00030;30;;Rue de Mulhouse;68700;68063;Cernay;;;7.185193;47.800617
68063_0250_00001;1;;Rue des Fleurs;68700;68063;Cernay;;;7.180916;47.801286
68063_0560_00025;25;;Rue Raymond Poincaré;68700;68063;Cernay;;;7.175637;47.807484
68063_0335_00026;26;;Rue de l’Industrie;68700;68063;Cernay;;;7.186898;47.797745
68063_0770_00025;25;;Rue de Soultz;68700;68063;Cernay;;;7.179304;47.811988
68063_0550_00005;5;;Rue des Pins;68700;68063;Cernay;;;7.188856;47.802036
68063_0470_00029;29;;Rue des Montagnes;68700;68063;Cernay;;;7.169614;47.814115
68063_0082_00061;61;;Rue d’Auvergne;68700;68063;Cernay;;;7.176994;47.797735
68063_0322_00004;4;;Impasse des Hérons;68700;68063;Cernay;;;7.1908;47.81328
68063_0530_00004;4;;Rue du Parc;68700;68063;Cernay;;;7.172276;47.803064
68063_0270_00001;1;;Rue du Freundstein;68700;68063;Cernay;;;7.181201;47.811861
68063_0082_00037;37;;Rue d’Auvergne;68700;68063;Cernay;;;7.175697;47.798184
68063_0880_00017;17;;Rue des Vignes;68700;68063;Cernay;;;7.174392;47.813977
68063_0270_00011;11;;Rue du Freundstein;68700;68063;Cernay;;;7.181876;47.811853
68063_0820_00024;24;;Rue de Thann;68700;68063;Cernay;;;7.173745;47.809792
68063_0190_00031;31;;Faubourg de Colmar;68700;68063;Cernay;;;7.183853;47.810437
68063_0100_00039;39;;Faubourg de Belfort;68700;68063;Cernay;;;7.173862;47.797997
68063_0480_00005;5;;Rue des Moulins;68700;68063;Cernay;;;7.175892;47.807753
68063_0082_00004;4;;Rue d’Auvergne;68700;68063;Cernay;;;7.178016;47.796409
68063_0780_00022;22;;Rue de Steinbach;68700;68063;Cernay;;;7.166078;47.812104
68063_0480_00029;29;;Rue des Moulins;68700;68063;Cernay;;;7.173168;47.808075
68063_amal2e_00001;1;;Rue d’Aspach;68700;68063;Cernay;;;7.173435;47.801079
68063_0600_00001;1;;Rue de Provence;68700;68063;Cernay;;;7.175276;47.798676
68063_0398_00010;10;;Rue du Lot-et-Garonne;68700;68063;Cernay;;;7.175435;47.795688
68063_0100_00018;18;;Faubourg de Belfort;68700;68063;Cernay;;;7.171348;47.794348
68063_0540_00011;11;;Rue Pierre Burtschell;68700;68063;Cernay;;;7.175736;47.812141
68063_0835_00027;27;;Rue des Tirailleurs;68700;68063;Cernay;;;7.170498;47.798894
68063_0645_00069;69;;Rue René Guibert;68700;68063;Cernay;;;7.163669;47.801267
68063_0161_00081;81;;Avenue Charles de Gaulle;68700;68063;Cernay;;;7.185593;47.798323
68063_0390_00006;6;;Rue Latouche;68700;68063;Cernay;;;7.173196;47.809521
68063_0298_00028;28;;Rue Georges Risler;68700;68063;Cernay;;;7.172349;47.806357
68063_0161_00022_a;22;a;Avenue Charles de Gaulle;68700;68063;Cernay;;;7.179125;47.802351
68063_0750_00033;33;;Rue de Schweighouse;68700;68063;Cernay;;;7.179448;47.799053
68063_0910_00021;21;;Rue de Wittelsheim;68700;68063;Cernay;;;7.179246;47.802967
68063_0650_00005;5;;Rue du Repos;68700;68063;Cernay;;;7.172645;47.810517
68063_0560_00002;2;;Rue Raymond Poincaré;68700;68063;Cernay;;;7.175523;47.80848
68063_0591_00005;5;;Rue des Primevères;68700;68063;Cernay;;;7.186926;47.807216
68063_0875_00019;19;;Rue de la Victoire;68700;68063;Cernay;;;7.171098;47.798626
68063_0360_00041;41;;Rue Joseph Dépierre;68700;68063;Cernay;;;7.171128;47.81384
68063_0500_00004;4;;Rue Neuve;68700;68063;Cernay;;;7.171209;47.809936
68063_0480_00018;18;;Rue des Moulins;68700;68063;Cernay;;;7.173864;47.808071
68063_0910_00049_b;49;b;Rue de Wittelsheim;68700;68063;Cernay;;;7.184926;47.803299
68063_0511_00003;3;;Impasse des Pâquerettes;68700;68063;Cernay;;;7.186184;47.803908
68063_0750_00071_b;71;b;Rue de Schweighouse;68700;68063;Cernay;;;7.180261;47.796219
68063_0230_00038;38;;Rue des Fabriques;68700;68063;Cernay;;;7.181452;47.808756
68063_0683_00002;2;;Passage des Roses;68700;68063;Cernay;;;7.183604;47.813066
68063_0200_00006;6;;Rue de la Côte 425;68700;68063;Cernay;;;7.170196;47.809294
68063_0875_00002_b;2;b;Rue de la Victoire;68700;68063;Cernay;;;7.171602;47.799888
68063_0082_00040;40;;Rue d’Auvergne;68700;68063;Cernay;;;7.176208;47.79766
68063_0877_00012;12;;Rue du Vieil Armand;68700;68063;Cernay;;;7.17651;47.810453
68063_0490_00003;3;;Rue de Mulhouse;68700;68063;Cernay;;;7.183377;47.801994
68063_0298_00001;1;;Rue Georges Risler;68700;68063;Cernay;;;7.172493;47.809514
68063_70a9ra_00004;4;;Impasse des Mésanges;68700;68063;Cernay;;;7.179289;47.810061
68063_0630_00054_a;54;a;Rue du Raisin;68700;68063;Cernay;;;7.172139;47.815912
68063_0330_00002;2;;Rue de l’Hôpital;68700;68063;Cernay;;;7.174999;47.807567
68063_0921_00010;10;;Rue des Cèdres;68700;68063;Cernay;;;7.16927;47.809453
68063_0550_00007;7;;Rue des Pins;68700;68063;Cernay;;;7.18926;47.801966
68063_0260_00019;19;;Rue du Fossé;68700;68063;Cernay;;;7.176684;47.808545
68063_0157_00023;23;;Rue de la Charité;68700;68063;Cernay;;;7.169428;47.796072
68063_0800_00010;10;;Rue de la Teinturerie;68700;68063;Cernay;;;7.186892;47.810642
68063_0780_00045;45;;Rue de Steinbach;68700;68063;Cernay;;;7.165532;47.811806
68063_0100_00027;27;;Faubourg de Belfort;68700;68063;Cernay;;;7.174253;47.798782
68063_0510_00018;18;;Rue de la Paix;68700;68063;Cernay;;;7.174657;47.811267
68063_0890_00024;24;;Faubourg des Vosges;68700;68063;Cernay;;;7.169813;47.810433
68063_0370_00017;17;;Rue Joseph Vogt;68700;68063;Cernay;;;7.188777;47.813265
68063_0470_00010_a;10;a;Rue des Montagnes;68700;68063;Cernay;;;7.170452;47.81255
68063_0830_00006;6;;Rue de la Thur;68700;68063;Cernay;;;7.176273;47.804581
68063_0340_00001;1;;Rue Ingold;68700;68063;Cernay;;;7.174289;47.808446
68063_0250_00009;9;;Rue des Fleurs;68700;68063;Cernay;;;7.180034;47.801289
68063_0149_00001;1;;Rue des Cavaliers;68700;68063;Cernay;;;7.160881;47.801902
68063_0094_00017;17;;Rue des Bâtisseurs;68700;68063;Cernay;;;7.176862;47.800762
68063_amal2e_00008_b;8;b;Rue d’Aspach;68700;68063;Cernay;;;7.171459;47.800983
68063_0230_00009;9;;Rue des Fabriques;68700;68063;Cernay;;;7.180811;47.808795
68063_0060_00014;14;;Rue de l’Argonne;68700;68063;Cernay;;;7.185305;47.813313
68063_0770_00027;27;;Rue de Soultz;68700;68063;Cernay;;;7.179317;47.812148
68063_0630_00017;17;;Rue du Raisin;68700;68063;Cernay;;;7.167654;47.815159
68063_0746_00015;15;;Rue des Saules;68700;68063;Cernay;;;7.172524;47.814179
68063_0500_00007_a;7;a;Rue Neuve;68700;68063;Cernay;;;7.171113;47.809186
68063_0210_00067_a;67;a;Rue de la Douane;68700;68063;Cernay;;;7.182959;47.794112
68063_0210_00057;57;;Rue de la Douane;68700;68063;Cernay;;;7.182624;47.795151
68063_0155_00003;3;;Rue des Champs;68700;68063;Cernay;;;7.177048;47.804648
68063_0910_00057_a;57;a;Rue de Wittelsheim;68700;68063;Cernay;;;7.186024;47.803271
68063_0280_00005_a;5;a;Rue de la Gare;68700;68063;Cernay;;;7.174645;47.80194
68063_0446_00011;11;;Rue des Mélèzes;68700;68063;Cernay;;;7.172645;47.812414
68063_0645_00030_b;30;b;Rue René Guibert;68700;68063;Cernay;;;7.170275;47.8028
68063_0020_00007;7;;Rue Amélie Zurcher;68700;68063;Cernay;;;7.186169;47.812272
68063_0300_00006;6;;Rue de Graffenwald;68700;68063;Cernay;;;7.185952;47.802182
68063_0390_00011;11;;Rue Latouche;68700;68063;Cernay;;;7.17315;47.808545
68063_0030_00005;5;;Rue de l’Ancien Hôpital;68700;68063;Cernay;;;7.176354;47.808489
68063_0173_00008;8;;Rue des Cigognes;68700;68063;Cernay;;;7.189157;47.813139
68063_0520_00004;4;;Rue du Paradis;68700;68063;Cernay;;;7.174648;47.809847
68063_0750_00038_a;38;a;Rue de Schweighouse;68700;68063;Cernay;;;7.179454;47.7977
68063_0420_00004;4;;Rue du Maréchal Foch;68700;68063;Cernay;;;7.173634;47.808736
68063_0360_00006;6;;Rue Joseph Dépierre;68700;68063;Cernay;;;7.168609;47.813049
68063_0645_00039;39;;Rue René Guibert;68700;68063;Cernay;;;7.167196;47.802332
68063_0878_00010;10;;Rue de Vieux-Thann;68700;68063;Cernay;;;7.152801;47.809653
68063_0780_00020_a;20;a;Rue de Steinbach;68700;68063;Cernay;;;7.166379;47.81204
68063_0225_00035;35;;Rue de l’Europe;68700;68063;Cernay;;;7.184674;47.789884
68063_0300_00018_c;18;c;Rue de Graffenwald;68700;68063;Cernay;;;7.18642;47.801255
68063_0310_00010;10;;Rue de Guebwiller;68700;68063;Cernay;;;7.175909;47.810873
68063_0744_00020;20;;Rue de la Sauge;68700;68063;Cernay;;;7.202202;47.805506
68063_0480_00017;17;;Rue des Moulins;68700;68063;Cernay;;;7.174562;47.807901
68063_0300_00014;14;;Rue de Graffenwald;68700;68063;Cernay;;;7.186834;47.80163
68063_0746_00022;22;;Rue des Saules;68700;68063;Cernay;;;7.172721;47.813808
68063_0630_00052_a;52;a;Rue du Raisin;68700;68063;Cernay;;;7.171673;47.815813
68063_0490_00028_a;28;a;Rue de Mulhouse;68700;68063;Cernay;;;7.184896;47.800803
68063_0082_00005;5;;Rue d’Auvergne;68700;68063;Cernay;;;7.177082;47.796539
68063_0560_00028;28;;Rue Raymond Poincaré;68700;68063;Cernay;;;7.175036;47.807127
68063_0280_00003_a;3;a;Rue de la Gare;68700;68063;Cernay;;;7.17509;47.802115
68063_0837_00004;4;;Rue des Travailleurs;68700;68063;Cernay;;;7.181735;47.809364
68063_0335_00022;22;;Rue de l’Industrie;68700;68063;Cernay;;;7.187108;47.797367
68063_0173_00004;4;;Rue des Cigognes;68700;68063;Cernay;;;7.189225;47.81282
68063_0230_00049;49;;Rue des Fabriques;68700;68063;Cernay;;;7.186938;47.809626
68063_0475_00035;35;;Avenue Montaigne;68700;68063;Cernay;;;7.186862;47.808082
68063_0887_00001;1;;Impasse du Vorberg;68700;68063;Cernay;;;7.16767;47.815713
68063_0093_00019;19;;Avenue Bartholdi;68700;68063;Cernay;;;7.187532;47.804697
68063_0530_00006;6;;Rue du Parc;68700;68063;Cernay;;;7.172195;47.802867
68063_0780_00025;25;;Rue de Steinbach;68700;68063;Cernay;;;7.166309;47.811778
68063_0501_00003;3;;Rue de Normandie;68700;68063;Cernay;;;7.173071;47.793841
68063_0910_00013;13;;Rue de Wittelsheim;68700;68063;Cernay;;;7.178263;47.80311
68063_0720_00009;9;;Rue Saint-Joseph;68700;68063;Cernay;;;7.177521;47.801828
68063_0160_00004;4;;Rue Charles Baudry;68700;68063;Cernay;;;7.169986;47.810023
68063_0470_00025;25;;Rue des Montagnes;68700;68063;Cernay;;;7.17008;47.813053
68063_0630_00015;15;;Rue du Raisin;68700;68063;Cernay;;;7.167362;47.815096
68063_0750_00045;45;;Rue de Schweighouse;68700;68063;Cernay;;;7.179564;47.79801
68063_0391_00009;9;;Rue du Laurier;68700;68063;Cernay;;;7.194512;47.803431
68063_0560_00043;43;;Rue Raymond Poincaré;68700;68063;Cernay;;;7.17599;47.804409
68063_0111_00022;22;;Rue Blaise Pascal;68700;68063;Cernay;;;7.184606;47.807642
68063_0190_00004;4;;Faubourg de Colmar;68700;68063;Cernay;;;7.179646;47.808936
68063_0560_00044;44;;Rue Raymond Poincaré;68700;68063;Cernay;;;7.175971;47.803808
68063_0560_00019;19;;Rue Raymond Poincaré;68700;68063;Cernay;;;7.175694;47.807911
68063_0297_00012;12;;Rue George Sand;68700;68063;Cernay;;;7.191499;47.811387
68063_0190_00041;41;;Faubourg de Colmar;68700;68063;Cernay;;;7.186404;47.811438
68063_0480_00027;27;;Rue des Moulins;68700;68063;Cernay;;;7.173307;47.808059
68063_0921_00018;18;;Rue des Cèdres;68700;68063;Cernay;;;7.167992;47.809526
68063_0250_00003;3;;Rue des Fleurs;68700;68063;Cernay;;;7.180712;47.801283
68063_0320_00005;5;;Rue Haffner;68700;68063;Cernay;;;7.173371;47.81027
68063_0880_00002;2;;Rue des Vignes;68700;68063;Cernay;;;7.17462;47.812694
68063_0520_00011;11;;Rue du Paradis;68700;68063;Cernay;;;7.174776;47.81062
68063_0591_00009;9;;Rue des Primevères;68700;68063;Cernay;;;7.186982;47.807085
68063_0752_00028;28;;Allée des Séquoias;68700;68063;Cernay;;;7.166141;47.808283
68063_0750_00073;73;;Rue de Schweighouse;68700;68063;Cernay;;;7.179931;47.795989
68063_0878_00012;12;;Rue de Vieux-Thann;68700;68063;Cernay;;;7.15309;47.809451
68063_0833_00009;9;;Rue des Tilleuls;68700;68063;Cernay;;;7.173512;47.814199
68063_0320_00033;33;;Rue Haffner;68700;68063;Cernay;;;7.175071;47.810103
68063_0230_00062;62;;Rue des Fabriques;68700;68063;Cernay;;;7.187665;47.809642
68063_0130_00016;16;;Rue de Bourgogne;68700;68063;Cernay;;;7.178076;47.799453
68063_0600_00002_a;2;a;Rue de Provence;68700;68063;Cernay;;;7.175048;47.798634
68063_0480_00015;15;;Rue des Moulins;68700;68063;Cernay;;;7.174682;47.807887
68063_0490_00040;40;;Rue de Mulhouse;68700;68063;Cernay;;;7.186118;47.799919
68063_0161_00046;46;;Avenue Charles de Gaulle;68700;68063;Cernay;;;7.181586;47.800161
68063_0163_00004;4;;Rue des Charmilles;68700;68063;Cernay;;;7.172324;47.801372
68063_0600_00010;10;;Rue de Provence;68700;68063;Cernay;;;7.176337;47.798374
68063_0890_00133;133;;Faubourg des Vosges;68700;68063;Cernay;;;7.15203;47.811286
68063_0470_00023_a;23;a;Rue des Montagnes;68700;68063;Cernay;;;7.17009;47.812967
68063_0111_00039;39;;Rue Blaise Pascal;68700;68063;Cernay;;;7.184699;47.80794
68063_0645_00043;43;;Rue René Guibert;68700;68063;Cernay;;;7.166742;47.801928
68063_0210_00003;3;;Rue de la Douane;68700;68063;Cernay;;;7.179708;47.799831
68063_0330_00005;5;;Rue de l’Hôpital;68700;68063;Cernay;;;7.17403;47.807643
68063_0748_00017;17;;Rue du Schlaegling;68700;68063;Cernay;;;7.165425;47.815878
68063_0921_00007;7;;Rue des Cèdres;68700;68063;Cernay;;;7.168585;47.809009
68063_0444_00003;3;;Rue Maurice Koechlin;68700;68063;Cernay;;;7.181521;47.802
68063_0148_00003;3;;Impasse des Cerisiers;68700;68063;Cernay;;;7.167728;47.814326
68063_0740_00005;5;;Rue Sandoz;68700;68063;Cernay;;;7.164373;47.807528
68063_0750_00050;50;;Rue de Schweighouse;68700;68063;Cernay;;;7.1796;47.796839
68063_0297_00009;9;;Rue George Sand;68700;68063;Cernay;;;7.191304;47.811081
68063_0207_00003;3;;Place du Donon;68700;68063;Cernay;;;7.183867;47.811991
68063_0645_00069_a;69;a;Rue René Guibert;68700;68063;Cernay;;;7.163765;47.801219
68063_0300_00009;9;;Rue de Graffenwald;68700;68063;Cernay;;;7.187088;47.80192
68063_0550_00014;14;;Rue des Pins;68700;68063;Cernay;;;7.189414;47.801836
68063_0890_00021;21;;Faubourg des Vosges;68700;68063;Cernay;;;7.169475;47.810347
68063_0510_00005;5;;Rue de la Paix;68700;68063;Cernay;;;7.177819;47.810446
68063_0501_00002;2;;Rue de Normandie;68700;68063;Cernay;;;7.172844;47.793183
68063_0090_00022;22;;Rue du Ballon;68700;68063;Cernay;;;7.177207;47.813637
68063_0780_00053;53;;Rue de Steinbach;68700;68063;Cernay;;;7.165692;47.812274
68063_0152_00002;2;;Impasse de la Chapelle;68700;68063;Cernay;;;7.182991;47.79965
68063_0041_00017;17;;Rue André Malraux;68700;68063;Cernay;;;7.192233;47.811103
68063_0144_00008;8;;Rue de Buhl;68700;68063;Cernay;;;7.189567;47.810574
68063_0740_00111;111;;Rue Sandoz;68700;68063;Cernay;;;7.159147;47.807766
68063_0910_00052;52;;Rue de Wittelsheim;68700;68063;Cernay;;;7.185278;47.80248
68063_0190_00034;34;;Faubourg de Colmar;68700;68063;Cernay;;;7.187071;47.811282
68063_0650_00002;2;;Rue du Repos;68700;68063;Cernay;;;7.173223;47.810903
68063_0215_00017;17;;Rue Edmond Rogelet;68700;68063;Cernay;;;7.1902;47.81109
68063_0149_00009;9;;Rue des Cavaliers;68700;68063;Cernay;;;7.160836;47.801195
68063_0260_00033;33;;Rue du Fossé;68700;68063;Cernay;;;7.176559;47.807877
68063_0213_00001;1;;Rue des Écuyers;68700;68063;Cernay;;;7.163278;47.801957
68063_0207_00009;9;;Place du Donon;68700;68063;Cernay;;;7.183733;47.812166
68063_0740_00010;10;;Rue Sandoz;68700;68063;Cernay;;;7.168064;47.808394
68063_0398_00031;31;;Rue du Lot-et-Garonne;68700;68063;Cernay;;;7.179337;47.795789
68063_0190_00022;22;;Faubourg de Colmar;68700;68063;Cernay;;;7.184637;47.809797
68063_0230_00064;64;;Rue des Fabriques;68700;68063;Cernay;;;7.187824;47.80967
68063_0298_00032;32;;Rue Georges Risler;68700;68063;Cernay;;;7.173415;47.805908
68063_amal2e_00002_a;2;a;Rue d’Aspach;68700;68063;Cernay;;;7.174035;47.801034
68063_0876_00010_a;10;a;Rue Victor Hugo;68700;68063;Cernay;;;7.193127;47.811445
68063_0610_00010;10;;Rue des Puits;68700;68063;Cernay;;;7.168131;47.811983
68063_0770_00018;18;;Rue de Soultz;68700;68063;Cernay;;;7.17952;47.812011
68063_0446_00010;10;;Rue des Mélèzes;68700;68063;Cernay;;;7.173001;47.812433
68063_0600_00001_b;1;b;Rue de Provence;68700;68063;Cernay;;;7.174745;47.798794
68063_0748_00023;23;;Rue du Schlaegling;68700;68063;Cernay;;;7.164401;47.815663
68063_0163_00012;12;;Rue des Charmilles;68700;68063;Cernay;;;7.171141;47.801296
68063_0155_00022;22;;Rue des Champs;68700;68063;Cernay;;;7.177823;47.80393
68063_0041_00013;13;;Rue André Malraux;68700;68063;Cernay;;;7.192104;47.81149
68063_0645_00034;34;;Rue René Guibert;68700;68063;Cernay;;;7.170322;47.802304
68063_0325_00009;9;;Rue des Hirondelles;68700;68063;Cernay;;;7.16992;47.797833
68063_0480_00021;21;;Rue des Moulins;68700;68063;Cernay;;;7.174222;47.807945
68063_0090_00020;20;;Rue du Ballon;68700;68063;Cernay;;;7.177098;47.813568
68063_0630_00009;9;;Rue du Raisin;68700;68063;Cernay;;;7.166397;47.814855
68063_0890_00217;217;;Faubourg des Vosges;68700;68063;Cernay;;;7.140751;47.808488
68063_0860_00009;9;;Rue du Ventron;68700;68063;Cernay;;;7.181412;47.812603
68063_0750_00036_a;36;a;Rue de Schweighouse;68700;68063;Cernay;;;7.178606;47.798041
68063_0878_00005;5;;Rue de Vieux-Thann;68700;68063;Cernay;;;7.152784;47.810668
68063_0360_00037;37;;Rue Joseph Dépierre;68700;68063;Cernay;;;7.170703;47.813691
68063_0820_00022;22;;Rue de Thann;68700;68063;Cernay;;;7.174049;47.809681
68063_0501_00007;7;;Rue de Normandie;68700;68063;Cernay;;;7.174142;47.793712
68063_0210_00045_a;45;a;Rue de la Douane;68700;68063;Cernay;;;7.183686;47.796099
68063_0095_00001;1;;Impasse des Bégonias;68700;68063;Cernay;;;7.184227;47.803978
68063_0225_00021;21;;Rue de l’Europe;68700;68063;Cernay;;;7.185997;47.793492
68063_0752_00015_b;15;b;Allée des Séquoias;68700;68063;Cernay;;;7.166207;47.808678
68063_0551_00016;16;;Rue des Pinsons;68700;68063;Cernay;;;7.188036;47.810646
68063_0740_00019;19;;Rue Sandoz;68700;68063;Cernay;;;7.163954;47.807418
68063_0626_00004;4;;Rue de la 4ème D.M.M.;68700;68063;Cernay;;;7.17365;47.800693
68063_0157_00019;19;;Rue de la Charité;68700;68063;Cernay;;;7.16972;47.795972
68063_0645_00023;23;;Rue René Guibert;68700;68063;Cernay;;;7.169518;47.802262
68063_0163_00010;10;;Rue des Charmilles;68700;68063;Cernay;;;7.171454;47.801318
68063_0750_00062;62;;Rue de Schweighouse;68700;68063;Cernay;;;7.179683;47.796388
68063_0210_00027_b;27;b;Rue de la Douane;68700;68063;Cernay;;;7.18215;47.797371
68063_0922_00019;19;;Rue Camille Oberreiner;68700;68063;Cernay;;;7.168873;47.812141
68063_0760_00001_b;1;b;Rue de la Somme;68700;68063;Cernay;;;7.176175;47.812345
68063_0090_00001;1;;Rue du Ballon;68700;68063;Cernay;;;7.173905;47.811544
68063_0210_00011;11;;Rue de la Douane;68700;68063;Cernay;;;7.180368;47.799113
68063_0230_00034;34;;Rue des Fabriques;68700;68063;Cernay;;;7.181231;47.808642
68063_0750_00064;64;;Rue de Schweighouse;68700;68063;Cernay;;;7.179812;47.795524
68063_0030_00001;1;;Rue de l’Ancien Hôpital;68700;68063;Cernay;;;7.176349;47.808743
68063_0190_00045;45;;Faubourg de Colmar;68700;68063;Cernay;;;7.187186;47.811749
68063_0850_00002;2;;Faubourg d’Uffholtz;68700;68063;Cernay;;;7.176739;47.811675
68063_0910_00080;80;;Rue de Wittelsheim;68700;68063;Cernay;;;7.19297;47.802578
68063_0350_00015;15;;Rue James Barbier;68700;68063;Cernay;;;7.177894;47.808093
68063_0210_00022_a;22;a;Rue de la Douane;68700;68063;Cernay;;;7.181928;47.796874
68063_0407_00009;9;;Rue du Manège;68700;68063;Cernay;;;7.164913;47.801487
68063_0480_00014;14;;Rue des Moulins;68700;68063;Cernay;;;7.174515;47.80799
68063_0744_00008_c;8;c;Rue de la Sauge;68700;68063;Cernay;;;7.201003;47.804397
68063_0090_00009;9;;Rue du Ballon;68700;68063;Cernay;;;7.175884;47.812989
68063_0910_00035;35;;Rue de Wittelsheim;68700;68063;Cernay;;;7.181083;47.802723
68063_0082_00046;46;;Rue d’Auvergne;68700;68063;Cernay;;;7.176547;47.797703
68063_0298_00008;8;;Rue Georges Risler;68700;68063;Cernay;;;7.17194;47.808642
68063_0040_00002;2;;Rue de l’Ancienne Cure;68700;68063;Cernay;;;7.174027;47.809381
68063_0860_00012;12;;Rue du Ventron;68700;68063;Cernay;;;7.182711;47.812339
68063_0520_00013;13;;Rue du Paradis;68700;68063;Cernay;;;7.174947;47.810917
68063_0215_00021;21;;Rue Edmond Rogelet;68700;68063;Cernay;;;7.190145;47.811309
68063_0100_00051;51;;Faubourg de Belfort;68700;68063;Cernay;;;7.173399;47.797009
68063_0041_00004;4;;Rue André Malraux;68700;68063;Cernay;;;7.19221;47.811596
68063_0335_00003_c;3;c;Rue de l’Industrie;68700;68063;Cernay;;;7.200861;47.801141
68063_0322_00005;5;;Impasse des Hérons;68700;68063;Cernay;;;7.190867;47.813413
68063_0050_00008;8;;Rue des Ardennes;68700;68063;Cernay;;;7.184427;47.812142
68063_0750_00031;31;;Rue de Schweighouse;68700;68063;Cernay;;;7.179435;47.799335
68063_0748_00009;9;;Rue du Schlaegling;68700;68063;Cernay;;;7.166275;47.815977
68063_0530_00018;18;;Rue du Parc;68700;68063;Cernay;;;7.1736;47.803037
68063_0210_00044_b;44;b;Rue de la Douane;68700;68063;Cernay;;;7.182004;47.794778
68063_0240_00002;2;;Rue de la Ferme;68700;68063;Cernay;;;7.16853;47.799716
68063_0161_00104;104;;Avenue Charles de Gaulle;68700;68063;Cernay;;;7.188114;47.795391
68063_0336_00014;14;;Impasse de l’Industrie;68700;68063;Cernay;;;7.188048;47.797882
68063_0740_00066;66;;Rue Sandoz;68700;68063;Cernay;;;7.159895;47.807807
68063_0041_00007;7;;Rue André Malraux;68700;68063;Cernay;;;7.192053;47.812007
68063_0407_00002;2;;Rue du Manège;68700;68063;Cernay;;;7.165253;47.801918
68063_0390_00014;14;;Rue Latouche;68700;68063;Cernay;;;7.173154;47.809229
68063_0900_00016;16;;Rue de Wattwiller;68700;68063;Cernay;;;7.18047;47.813086
68063_0360_00020;20;;Rue Joseph Dépierre;68700;68063;Cernay;;;7.170491;47.813522
68063_0645_00009;9;;Rue René Guibert;68700;68063;Cernay;;;7.17204;47.803639
68063_0190_00031_bis;31;bis;Faubourg de Colmar;68700;68063;Cernay;;;7.183997;47.810482
68063_0740_00049;49;;Rue Sandoz;68700;68063;Cernay;;;7.163068;47.807118
68063_0890_00017;17;;Faubourg des Vosges;68700;68063;Cernay;;;7.169795;47.810324
68063_0111_00018;18;;Rue Blaise Pascal;68700;68063;Cernay;;;7.183654;47.807426
68063_0330_00010;10;;Rue de l’Hôpital;68700;68063;Cernay;;;7.17462;47.807629
68063_0082_00042;42;;Rue d’Auvergne;68700;68063;Cernay;;;7.176312;47.797764
68063_0623_00016;16;;Rue du 4 Février;68700;68063;Cernay;;;7.172033;47.799967
68063_0910_00005;5;;Rue de Wittelsheim;68700;68063;Cernay;;;7.177474;47.803222
68063_0320_00007;7;;Rue Haffner;68700;68063;Cernay;;;7.173413;47.810337
68063_0407_00007;7;;Rue du Manège;68700;68063;Cernay;;;7.165115;47.801508
68063_0130_00004;4;;Rue de Bourgogne;68700;68063;Cernay;;;7.177548;47.798469
68063_0750_00013_a;13;a;Rue de Schweighouse;68700;68063;Cernay;;;7.178457;47.801739
68063_0880_00019;19;;Rue des Vignes;68700;68063;Cernay;;;7.174388;47.814132
68063_0161_00005;5;;Avenue Charles de Gaulle;68700;68063;Cernay;;;7.179908;47.802411
68063_0250_00013;13;;Rue des Fleurs;68700;68063;Cernay;;;7.179317;47.801284
68063_0400_00006;6;;Rue de Lutterbach;68700;68063;Cernay;;;7.182431;47.801407
68063_0910_00049;49;;Rue de Wittelsheim;68700;68063;Cernay;;;7.185044;47.802595
68063_0910_00075;75;;Rue de Wittelsheim;68700;68063;Cernay;;;7.187748;47.802535
68063_0890_00062;62;;Faubourg des Vosges;68700;68063;Cernay;;;7.16393;47.811044
68063_0900_00003;3;;Rue de Wattwiller;68700;68063;Cernay;;;7.181531;47.810122
68063_0680_00003;3;;Rue Roger Preiss;68700;68063;Cernay;;;7.179313;47.810697
68063_0680_00022;22;;Rue Roger Preiss;68700;68063;Cernay;;;7.181413;47.810205
68063_0161_00089;89;;Avenue Charles de Gaulle;68700;68063;Cernay;;;7.185849;47.797788
68063_0877_00008;8;;Rue du Vieil Armand;68700;68063;Cernay;;;7.176236;47.809951
68063_0560_00043_a;43;a;Rue Raymond Poincaré;68700;68063;Cernay;;;7.17605;47.804282
68063_0748_00021;21;;Rue du Schlaegling;68700;68063;Cernay;;;7.165001;47.815818
68063_0010_00005;5;;Rue des Alpes;68700;68063;Cernay;;;7.184974;47.812161
68063_0397_00018;18;;Rue des Lilas;68700;68063;Cernay;;;7.169658;47.806282
68063_0173_00003;3;;Rue des Cigognes;68700;68063;Cernay;;;7.189161;47.812391
68063_0270_00002;2;;Rue du Freundstein;68700;68063;Cernay;;;7.181303;47.811778
68063_0207_00005;5;;Place du Donon;68700;68063;Cernay;;;7.183828;47.812043
68063_0910_00055;55;;Rue de Wittelsheim;68700;68063;Cernay;;;7.185882;47.802566
68063_0100_00039_a;39;a;Faubourg de Belfort;68700;68063;Cernay;;;7.173894;47.798055
68063_0660_00002;2;;Rue du Réservoir;68700;68063;Cernay;;;7.168417;47.813412
68063_0470_00015;15;;Rue des Montagnes;68700;68063;Cernay;;;7.170377;47.812224
68063_0150_00011;11;;Rue de Champagne;68700;68063;Cernay;;;7.177603;47.799834
68063_0397_00002;2;;Rue des Lilas;68700;68063;Cernay;;;7.170971;47.807029
68063_0560_00003_a;3;a;Rue Raymond Poincaré;68700;68063;Cernay;;;7.175699;47.808678
68063_0780_00026_a;26;a;Rue de Steinbach;68700;68063;Cernay;;;7.165374;47.812725
68063_0161_00051_a;51;a;Avenue Charles de Gaulle;68700;68063;Cernay;;;7.183969;47.799833
68063_0082_00055;55;;Rue d’Auvergne;68700;68063;Cernay;;;7.176375;47.797937
68063_0360_00019;19;;Rue Joseph Dépierre;68700;68063;Cernay;;;7.167489;47.81312
68063_0840_00005;5;;Rue Traversière;68700;68063;Cernay;;;7.174177;47.809018
68063_0093_00005_a;5;a;Avenue Bartholdi;68700;68063;Cernay;;;7.184185;47.804263
68063_0538_00007;7;;Allée du Piémont;68700;68063;Cernay;;;7.19294;47.81078
68063_0610_00003;3;;Rue des Puits;68700;68063;Cernay;;;7.168042;47.812257
68063_0692_00003;3;;Rue du Roussillon;68700;68063;Cernay;;;7.176038;47.795592
68063_0150_00004;4;;Rue de Champagne;68700;68063;Cernay;;;7.176324;47.79991
68063_0260_00009;9;;Rue du Fossé;68700;68063;Cernay;;;7.17685;47.809381
68063_0210_00043;43;;Rue de la Douane;68700;68063;Cernay;;;7.182388;47.796207
68063_0082_00029;29;;Rue d’Auvergne;68700;68063;Cernay;;;7.175892;47.797565
68063_0144_00001;1;;Rue de Buhl;68700;68063;Cernay;;;7.189272;47.810355
68063_0330_00028;28;;Rue de l’Hôpital;68700;68063;Cernay;;;7.173502;47.807746
68063_0750_00048;48;;Rue de Schweighouse;68700;68063;Cernay;;;7.179522;47.797066
68063_0190_00035;35;;Faubourg de Colmar;68700;68063;Cernay;;;7.185309;47.810927
68063_0880_00005;5;;Rue des Vignes;68700;68063;Cernay;;;7.174585;47.812863
68063_0420_00013;13;;Rue du Maréchal Foch;68700;68063;Cernay;;;7.17399;47.808636
68063_0877_00002;2;;Rue du Vieil Armand;68700;68063;Cernay;;;7.175827;47.809288
68063_0921_00008;8;;Rue des Cèdres;68700;68063;Cernay;;;7.169192;47.80934
68063_0280_00014;14;;Rue de la Gare;68700;68063;Cernay;;;7.173955;47.802076
68063_0065_00005_a;5;a;Rue des Artisans;68700;68063;Cernay;;;7.15676;47.811149
68063_0626_00012;12;;Rue de la 4ème D.M.M.;68700;68063;Cernay;;;7.17321;47.799906
68063_0740_00150;150;;Rue Sandoz;68700;68063;Cernay;;;7.153141;47.808549
68063_0800_00008;8;;Rue de la Teinturerie;68700;68063;Cernay;;;7.186736;47.810591
68063_0770_00014;14;;Rue de Soultz;68700;68063;Cernay;;;7.179319;47.811313
68063_0743_00006;6;;Rue des Sarments;68700;68063;Cernay;;;7.169081;47.814192
68063_0475_00012;12;;Avenue Montaigne;68700;68063;Cernay;;;7.184194;47.806873
68063_0210_00042_b;42;b;Rue de la Douane;68700;68063;Cernay;;;7.182386;47.795139
68063_0890_00001_b;1;b;Faubourg des Vosges;68700;68063;Cernay;;;7.172132;47.809972
68063_0320_00021;21;;Rue Haffner;68700;68063;Cernay;;;7.174093;47.810291
68063_0560_00040;40;;Rue Raymond Poincaré;68700;68063;Cernay;;;7.175849;47.80408
68063_0890_00033;33;;Faubourg des Vosges;68700;68063;Cernay;;;7.168066;47.810304
68063_0093_00003;3;;Avenue Bartholdi;68700;68063;Cernay;;;7.183925;47.804213
68063_0155_00015;15;;Rue des Champs;68700;68063;Cernay;;;7.178379;47.80432
68063_0690_00008;8;;Rue du Rossberg;68700;68063;Cernay;;;7.182936;47.810876
68063_0720_00012_d;12;d;Rue Saint-Joseph;68700;68063;Cernay;;;7.17769;47.801207
68063_0744_00028;28;;Rue de la Sauge;68700;68063;Cernay;;;7.199089;47.804651
68063_0082_00017;17;;Rue d’Auvergne;68700;68063;Cernay;;;7.175704;47.796889
68063_0490_00038_a;38;a;Rue de Mulhouse;68700;68063;Cernay;;;7.186045;47.799972
68063_0910_00084;84;;Rue de Wittelsheim;68700;68063;Cernay;;;7.196113;47.802858
68063_0082_00069;69;;Rue d’Auvergne;68700;68063;Cernay;;;7.177545;47.797279
68063_0100_00041;41;;Faubourg de Belfort;68700;68063;Cernay;;;7.173807;47.797887
68063_0320_00029;29;;Rue Haffner;68700;68063;Cernay;;;7.174806;47.810145
68063_amal2e_00004;4;;Rue d’Aspach;68700;68063;Cernay;;;7.173578;47.801179
68063_0835_00013;13;;Rue des Tirailleurs;68700;68063;Cernay;;;7.170752;47.799341
68063_0645_00046;46;;Rue René Guibert;68700;68063;Cernay;;;7.1671;47.80244
68063_0830_00021;21;;Rue de la Thur;68700;68063;Cernay;;;7.17625;47.804352
68063_0490_00018;18;;Rue de Mulhouse;68700;68063;Cernay;;;7.183966;47.801466
68063_0630_00052_b;52;b;Rue du Raisin;68700;68063;Cernay;;;7.171818;47.815837
68063_0750_00044;44;;Rue de Schweighouse;68700;68063;Cernay;;;7.179528;47.797244
68063_0842_00021;21;;Rue de la Turbine;68700;68063;Cernay;;;7.158883;47.810164
68063_0173_00001;1;;Rue des Cigognes;68700;68063;Cernay;;;7.189169;47.81224
68063_0312_00018;18;;Rue Gustave Eiffel;68700;68063;Cernay;;;7.183038;47.804388
68063_0875_00009;9;;Rue de la Victoire;68700;68063;Cernay;;;7.17127;47.79894
68063_0746_00024;24;;Rue des Saules;68700;68063;Cernay;;;7.172726;47.81401
68063_0082_00013;13;;Rue d’Auvergne;68700;68063;Cernay;;;7.175988;47.796808
68063_0553_00002;2;;Avenue de la Plaine;68700;68063;Cernay;;;7.180195;47.795624
68063_0770_00005_a;5;a;Rue de Soultz;68700;68063;Cernay;;;7.178761;47.810831
68063_0190_00042;42;;Faubourg de Colmar;68700;68063;Cernay;;;7.18826;47.811649
68063_0094_00003;3;;Rue des Bâtisseurs;68700;68063;Cernay;;;7.177967;47.800475
68063_0360_00027;27;;Rue Joseph Dépierre;68700;68063;Cernay;;;7.168315;47.813082
68063_0298_00001_a;1;a;Rue Georges Risler;68700;68063;Cernay;;;7.17239;47.80913
68063_jlzcon_00003;3;;Rue Roger Hassenforder;68700;68063;Cernay;;;7.171078;47.803628
68063_0335_00004;4;;Rue de l’Industrie;68700;68063;Cernay;;;7.198556;47.798068
68063_0220_00014;14;;Rue de l’Église;68700;68063;Cernay;;;7.174893;47.808401
68063_0333_00022;22;;Rue du 8 Mai;68700;68063;Cernay;;;7.173562;47.798349
68063_0790_00003_a;3;a;Rue de la Synagogue;68700;68063;Cernay;;;7.176421;47.809343
68063_0878_00006;6;;Rue de Vieux-Thann;68700;68063;Cernay;;;7.152735;47.809828
68063_0692_00002;2;;Rue du Roussillon;68700;68063;Cernay;;;7.175876;47.795591
68063_0082_00060;60;;Rue d’Auvergne;68700;68063;Cernay;;;7.176258;47.797329
68063_0740_00002;2;;Rue Sandoz;68700;68063;Cernay;;;7.17071;47.808785
68063_0210_00067;67;;Rue de la Douane;68700;68063;Cernay;;;7.182829;47.794538
68063_0850_00024;24;;Faubourg d’Uffholtz;68700;68063;Cernay;;;7.177376;47.813168
68063_0921_00022;22;;Rue des Cèdres;68700;68063;Cernay;;;7.167456;47.809734
68063_0560_00055;55;;Rue Raymond Poincaré;68700;68063;Cernay;;;7.176305;47.803688
68063_0420_00017;17;;Rue du Maréchal Foch;68700;68063;Cernay;;;7.17365;47.808647
68063_0877_00004_a;4;a;Rue du Vieil Armand;68700;68063;Cernay;;;7.175889;47.809517
68063_0490_00015_b;15;b;Rue de Mulhouse;68700;68063;Cernay;;;7.184537;47.801208
68063_0148_00005;5;;Impasse des Cerisiers;68700;68063;Cernay;;;7.167734;47.814374
68063_0161_00059;59;;Avenue Charles de Gaulle;68700;68063;Cernay;;;7.18377;47.799467
68063_0690_00016;16;;Rue du Rossberg;68700;68063;Cernay;;;7.184239;47.810872
68063_0320_00011;11;;Rue Haffner;68700;68063;Cernay;;;7.173492;47.810377
68063_0190_00047;47;;Faubourg de Colmar;68700;68063;Cernay;;;7.187514;47.811767
68063_0190_00043;43;;Faubourg de Colmar;68700;68063;Cernay;;;7.186683;47.811459
68063_0167_00004;4;;Rue des Chênes;68700;68063;Cernay;;;7.173697;47.813413
68063_0240_00027;27;;Rue de la Ferme;68700;68063;Cernay;;;7.167951;47.796271
68063_0398_00003;3;;Rue du Lot-et-Garonne;68700;68063;Cernay;;;7.173914;47.795919
68063_0645_00028;28;;Rue René Guibert;68700;68063;Cernay;;;7.171308;47.802907
68063_0876_00011;11;;Rue Victor Hugo;68700;68063;Cernay;;;7.192946;47.811233
68063_0750_00061;61;;Rue de Schweighouse;68700;68063;Cernay;;;7.179728;47.796941
68063_0215_00007;7;;Rue Edmond Rogelet;68700;68063;Cernay;;;7.190283;47.81079
68063_0850_00019;19;;Faubourg d’Uffholtz;68700;68063;Cernay;;;7.177058;47.812848
68063_0335_00003;3;;Rue de l’Industrie;68700;68063;Cernay;;;7.201052;47.800036
68063_0610_00006;6;;Rue des Puits;68700;68063;Cernay;;;7.168099;47.811808
68063_0325_00008;8;;Rue des Hirondelles;68700;68063;Cernay;;;7.168404;47.797557
68063_0161_00102;102;;Avenue Charles de Gaulle;68700;68063;Cernay;;;7.187335;47.795157
68063_0148_00004;4;;Impasse des Cerisiers;68700;68063;Cernay;;;7.168185;47.814099
68063_0280_00010;10;;Rue de la Gare;68700;68063;Cernay;;;7.174707;47.802138
68063_0320_00035;35;;Rue Haffner;68700;68063;Cernay;;;7.175194;47.810087
68063_0360_00033;33;;Rue Joseph Dépierre;68700;68063;Cernay;;;7.16965;47.813406
68063_0213_00010;10;;Rue des Écuyers;68700;68063;Cernay;;;7.162287;47.801485
68063_0692_00007;7;;Rue du Roussillon;68700;68063;Cernay;;;7.175834;47.795181
68063_0570_00010;10;;Rue des Prés;68700;68063;Cernay;;;7.17738;47.806432
68063_0910_00051;51;;Rue de Wittelsheim;68700;68063;Cernay;;;7.185359;47.802583
68063_0240_00015;15;;Rue de la Ferme;68700;68063;Cernay;;;7.167447;47.797219
68063_0100_00035_a;35;a;Faubourg de Belfort;68700;68063;Cernay;;;7.174042;47.798299
68063_0878_00008;8;;Rue de Vieux-Thann;68700;68063;Cernay;;;7.152775;47.809745
68063_0623_00011;11;;Rue du 4 Février;68700;68063;Cernay;;;7.172173;47.799949
68063_0144_00012;12;;Rue de Buhl;68700;68063;Cernay;;;7.189537;47.810701
68063_0744_00006_a;6;a;Rue de la Sauge;68700;68063;Cernay;;;7.200248;47.804223
68063_0298_00001_b;1;b;Rue Georges Risler;68700;68063;Cernay;;;7.172433;47.809265
68063_0393_00019;19;;Rue Léonard Schott;68700;68063;Cernay;;;7.16218;47.806872
68063_0260_00025;25;;Rue du Fossé;68700;68063;Cernay;;;7.176636;47.808303
68063_0493_00003;3;;Impasse des Mûriers;68700;68063;Cernay;;;7.168067;47.802039
68063_0210_00028;28;;Rue de la Douane;68700;68063;Cernay;;;7.182147;47.796433
68063_0172_00001;1;;Impasse des Cigognes;68700;68063;Cernay;;;7.188615;47.812535
68063_0210_00012_a;12;a;Rue de la Douane;68700;68063;Cernay;;;7.180566;47.797824
68063_0920_00014;14;;Rue Xavier Schaffhauser;68700;68063;Cernay;;;7.17342;47.808397
68063_0082_00063;63;;Rue d’Auvergne;68700;68063;Cernay;;;7.177006;47.797662
68063_0399_00001;1;;Rue du Limousin;68700;68063;Cernay;;;7.176924;47.79601
68063_0407_00023;23;;Rue du Manège;68700;68063;Cernay;;;7.164255;47.80166
68063_0752_00020;20;;Allée des Séquoias;68700;68063;Cernay;;;7.166165;47.809055
68063_0910_00038;38;;Rue de Wittelsheim;68700;68063;Cernay;;;7.182886;47.802503
68063_0312_00016;16;;Rue Gustave Eiffel;68700;68063;Cernay;;;7.183086;47.804259
68063_0320_00023;23;;Rue Haffner;68700;68063;Cernay;;;7.174199;47.810268
68063_0130_00010;10;;Rue de Bourgogne;68700;68063;Cernay;;;7.177724;47.798811
68063_0082_00010;10;;Rue d’Auvergne;68700;68063;Cernay;;;7.177603;47.796516
68063_0215_00027;27;;Rue Edmond Rogelet;68700;68063;Cernay;;;7.19;47.811794
68063_0550_00006;6;;Rue des Pins;68700;68063;Cernay;;;7.187733;47.802147
68063_0015_00014;14;;Avenue d’Alsace;68700;68063;Cernay;;;7.1637;47.795903
68063_0780_00033;33;;Rue de Steinbach;68700;68063;Cernay;;;7.165806;47.811627
68063_0210_00039;39;;Rue de la Douane;68700;68063;Cernay;;;7.182271;47.796433
68063_0560_00032;32;;Rue Raymond Poincaré;68700;68063;Cernay;;;7.175205;47.805798
68063_0850_00005;5;;Faubourg d’Uffholtz;68700;68063;Cernay;;;7.176516;47.81143
68063_0553_00004;4;;Avenue de la Plaine;68700;68063;Cernay;;;7.180581;47.795628
68063_0299_00002;2;;Rue des Géraniums;68700;68063;Cernay;;;7.17214;47.806733
68063_0541_00028;28;;Rue Pierre et Marie Curie;68700;68063;Cernay;;;7.186532;47.80466
68063_0535_00019;19;;Rue du Peintre Jean-Paul Carrère;68700;68063;Cernay;;;7.187733;47.80904
68063_0910_00029;29;;Rue de Wittelsheim;68700;68063;Cernay;;;7.18033;47.802834
68063_0161_00024;24;;Avenue Charles de Gaulle;68700;68063;Cernay;;;7.179749;47.802288
68063_0835_00037;37;;Rue des Tirailleurs;68700;68063;Cernay;;;7.170301;47.798505
68063_0645_00097;97;;Rue René Guibert;68700;68063;Cernay;;;7.160232;47.80131
68063_0842_00005;5;;Rue de la Turbine;68700;68063;Cernay;;;7.155662;47.80976
68063_0890_00035;35;;Faubourg des Vosges;68700;68063;Cernay;;;7.167564;47.810299
68063_0420_00015;15;;Rue du Maréchal Foch;68700;68063;Cernay;;;7.173833;47.808641
68063_0910_00082;82;;Rue de Wittelsheim;68700;68063;Cernay;;;7.192449;47.799782
68063_0820_00012;12;;Rue de Thann;68700;68063;Cernay;;;7.174701;47.809438
68063_0157_00027;27;;Rue de la Charité;68700;68063;Cernay;;;7.169071;47.795668
68063_0149_00004;4;;Rue des Cavaliers;68700;68063;Cernay;;;7.160739;47.801708
68063_0312_00004;4;;Rue Gustave Eiffel;68700;68063;Cernay;;;7.182624;47.803247
68063_0541_00006;6;;Rue Pierre et Marie Curie;68700;68063;Cernay;;;7.183593;47.804599
68063_0297_00014;14;;Rue George Sand;68700;68063;Cernay;;;7.191566;47.811167
68063_0770_00001_d;1;d;Rue de Soultz;68700;68063;Cernay;;;7.178194;47.809719
68063_0070_00011;11;;Rue de l’Asile;68700;68063;Cernay;;;7.171483;47.798091
68063_0094_00018;18;;Rue des Bâtisseurs;68700;68063;Cernay;;;7.177145;47.800794
68063_0082_00028;28;;Rue d’Auvergne;68700;68063;Cernay;;;7.176566;47.796855
68063_0397_00006;6;;Rue des Lilas;68700;68063;Cernay;;;7.170335;47.806913
68063_0610_00005;5;;Rue des Puits;68700;68063;Cernay;;;7.168063;47.812396
68063_amal2e_00002;2;;Rue d’Aspach;68700;68063;Cernay;;;7.174378;47.800934
68063_0922_00007;7;;Rue Camille Oberreiner;68700;68063;Cernay;;;7.16955;47.811443
68063_0280_00001_a;1;a;Rue de la Gare;68700;68063;Cernay;;;7.175211;47.802167
68063_0567_00009;9;;Rue de la 1ère Armée;68700;68063;Cernay;;;7.16245;47.811574
68063_0030_00004;4;;Rue de l’Ancien Hôpital;68700;68063;Cernay;;;7.176252;47.808746
68063_0407_00001;1;;Rue du Manège;68700;68063;Cernay;;;7.165364;47.801786
68063_0511_00002;2;;Impasse des Pâquerettes;68700;68063;Cernay;;;7.186088;47.804078
68063_0297_00008;8;;Rue George Sand;68700;68063;Cernay;;;7.191391;47.811728
68063_0161_00069_b;69;b;Avenue Charles de Gaulle;68700;68063;Cernay;;;7.185074;47.799086
68063_0890_00223;223;;Faubourg des Vosges;68700;68063;Cernay;;;7.139811;47.808187
68063_0206_00002;2;;Rue de Lattre de Tassigny;68700;68063;Cernay;;;7.17346;47.799388
68063_0910_00015;15;;Rue de Wittelsheim;68700;68063;Cernay;;;7.178462;47.803081
68063_0743_00003;3;;Rue des Sarments;68700;68063;Cernay;;;7.168861;47.814924
68063_0860_00016;16;;Rue du Ventron;68700;68063;Cernay;;;7.182364;47.812813
68063_0230_00005;5;;Rue des Fabriques;68700;68063;Cernay;;;7.180256;47.808778
68063_0600_00014;14;;Rue de Provence;68700;68063;Cernay;;;7.176892;47.798279
68063_0770_00031;31;;Rue de Soultz;68700;68063;Cernay;;;7.1793;47.812397
68063_0140_00013;13;;Rue de Bretagne;68700;68063;Cernay;;;7.176666;47.799605
68063_0570_00016;16;;Rue des Prés;68700;68063;Cernay;;;7.178796;47.806353
68063_0924_00002;2;;Rue de Burnhaupt;68700;68063;Cernay;;;7.187207;47.798441
68063_0680_00018;18;;Rue Roger Preiss;68700;68063;Cernay;;;7.181153;47.81025
68063_0680_00025;25;;Rue Roger Preiss;68700;68063;Cernay;;;7.181432;47.810284
68063_r41wid_00004;4;;Avenue Albert Schweitzer;68700;68063;Cernay;;;7.178334;47.807224
68063_0144_00024;24;;Rue de Buhl;68700;68063;Cernay;;;7.189414;47.811151
68063_0213_00029;29;;Rue des Écuyers;68700;68063;Cernay;;;7.162174;47.801618
68063_0860_00003;3;;Rue du Ventron;68700;68063;Cernay;;;7.182245;47.812281
68063_0875_00011;11;;Rue de la Victoire;68700;68063;Cernay;;;7.171236;47.798875
68063_0420_00010;10;;Rue du Maréchal Foch;68700;68063;Cernay;;;7.17124;47.808848
68063_0082_00024;24;;Rue d’Auvergne;68700;68063;Cernay;;;7.176711;47.796951
68063_0645_00012;12;;Rue René Guibert;68700;68063;Cernay;;;7.173207;47.804281
68063_0360_00065;65;;Rue Joseph Dépierre;68700;68063;Cernay;;;7.173449;47.814746
68063_0840_00003;3;;Rue Traversière;68700;68063;Cernay;;;7.174149;47.808902
68063_0720_00005_a;5;a;Rue Saint-Joseph;68700;68063;Cernay;;;7.177072;47.801923
68063_amal2e_00034;34;;Rue d’Aspach;68700;68063;Cernay;;;7.168747;47.800215
68063_0322_00011;11;;Impasse des Hérons;68700;68063;Cernay;;;7.191461;47.813531
68063_0842_00009;9;;Rue de la Turbine;68700;68063;Cernay;;;7.156523;47.810019
68063_0100_00041_b;41;b;Faubourg de Belfort;68700;68063;Cernay;;;7.173755;47.797799
68063_0270_00016;16;;Rue du Freundstein;68700;68063;Cernay;;;7.182272;47.811777
68063_0398_00023;23;;Rue du Lot-et-Garonne;68700;68063;Cernay;;;7.178395;47.795944
68063_0230_00010;10;;Rue des Fabriques;68700;68063;Cernay;;;7.179931;47.8087
68063_0470_00022;22;;Rue des Montagnes;68700;68063;Cernay;;;7.169877;47.813709
68063_0680_00002;2;;Rue Roger Preiss;68700;68063;Cernay;;;7.179125;47.81067
68063_0163_00016;16;;Rue des Charmilles;68700;68063;Cernay;;;7.170899;47.801144
68063_0490_00015_a;15;a;Rue de Mulhouse;68700;68063;Cernay;;;7.184651;47.801123
68063_0333_00024;24;;Rue du 8 Mai;68700;68063;Cernay;;;7.173516;47.798231
68063_0323_00004;4;;Rue des Hérons;68700;68063;Cernay;;;7.189787;47.812581
68063_0890_00042;42;;Faubourg des Vosges;68700;68063;Cernay;;;7.166817;47.810629
68063_0190_00021_a;21;a;Faubourg de Colmar;68700;68063;Cernay;;;7.182964;47.810154
68063_0094_00011;11;;Rue des Bâtisseurs;68700;68063;Cernay;;;7.177162;47.800464
68063_0065_00020;20;;Rue des Artisans;68700;68063;Cernay;;;7.151275;47.80977
68063_0380_00004;4;;Rue du Jura;68700;68063;Cernay;;;7.183228;47.812199
68063_0350_00013;13;;Rue James Barbier;68700;68063;Cernay;;;7.177717;47.807728
68063_0300_00006_a;6;a;Rue de Graffenwald;68700;68063;Cernay;;;7.186089;47.802112
68063_0510_00013;13;;Rue de la Paix;68700;68063;Cernay;;;7.173059;47.811507
68063_0750_00036;36;;Rue de Schweighouse;68700;68063;Cernay;;;7.179449;47.797823
68063_0161_00013;13;;Avenue Charles de Gaulle;68700;68063;Cernay;;;7.180809;47.802004
68063_0900_00007_a;7;a;Rue de Wattwiller;68700;68063;Cernay;;;7.181445;47.810695
68063_0551_00004;4;;Rue des Pinsons;68700;68063;Cernay;;;7.18744;47.809994
68063_0082_00050;50;;Rue d’Auvergne;68700;68063;Cernay;;;7.176763;47.797619
68063_0298_00010;10;;Rue Georges Risler;68700;68063;Cernay;;;7.171925;47.808199
68063_0752_00022;22;;Allée des Séquoias;68700;68063;Cernay;;;7.166129;47.808922
68063_0884_00002;2;;Rue des Violettes;68700;68063;Cernay;;;7.183952;47.807478
68063_0923_00007;7;;Rue Daniel Eck;68700;68063;Cernay;;;7.185317;47.810508
68063_0744_00012;12;;Rue de la Sauge;68700;68063;Cernay;;;7.20252;47.804714
68063_0910_00081;81;;Rue de Wittelsheim;68700;68063;Cernay;;;7.188568;47.802483
68063_0850_00017;17;;Faubourg d’Uffholtz;68700;68063;Cernay;;;7.176993;47.8127
68063_0325_00035;35;;Rue des Hirondelles;68700;68063;Cernay;;;7.167979;47.797442
68063_r41wid_00012;12;;Avenue Albert Schweitzer;68700;68063;Cernay;;;7.179291;47.807202
68063_0335_00004_a;4;a;Rue de l’Industrie;68700;68063;Cernay;;;7.198192;47.797333
68063_0330_00034;34;;Rue de l’Hôpital;68700;68063;Cernay;;;7.173304;47.807768
68063_0770_00001_a;1;a;Rue de Soultz;68700;68063;Cernay;;;7.178276;47.809116
68063_0750_00070;70;;Rue de Schweighouse;68700;68063;Cernay;;;7.179766;47.795167
68063_0623_00013;13;;Rue du 4 Février;68700;68063;Cernay;;;7.172107;47.799828
68063_0300_00003;3;;Rue de Graffenwald;68700;68063;Cernay;;;7.186216;47.802123
68063_0161_00030;30;;Avenue Charles de Gaulle;68700;68063;Cernay;;;7.180499;47.80198
68063_0520_00002_a;2;a;Rue du Paradis;68700;68063;Cernay;;;7.174514;47.809568
68063_0541_00024;24;;Rue Pierre et Marie Curie;68700;68063;Cernay;;;7.186008;47.804529
68063_0161_00140;140;;Avenue Charles de Gaulle;68700;68063;Cernay;;;7.192011;47.790859
68063_0660_00004;4;;Rue du Réservoir;68700;68063;Cernay;;;7.168305;47.81351
68063_0310_00012;12;;Rue de Guebwiller;68700;68063;Cernay;;;7.175966;47.810972
68063_0560_00053;53;;Rue Raymond Poincaré;68700;68063;Cernay;;;7.176244;47.803822
68063_0535_00020;20;;Rue du Peintre Jean-Paul Carrère;68700;68063;Cernay;;;7.186463;47.808861
68063_0120_00008;8;;Rue du Bonhomme;68700;68063;Cernay;;;7.180401;47.812417
68063_jlzcon_00004;4;;Rue Roger Hassenforder;68700;68063;Cernay;;;7.169686;47.804589
68063_0922_00011;11;;Rue Camille Oberreiner;68700;68063;Cernay;;;7.169195;47.811627
68063_0180_00003;3;;Rue Clemenceau;68700;68063;Cernay;;;7.176034;47.809012
68063_0240_00003;3;;Rue de la Ferme;68700;68063;Cernay;;;7.168068;47.798438
68063_0878_00009;9;;Rue de Vieux-Thann;68700;68063;Cernay;;;7.153279;47.809502
68063_0370_00005;5;;Rue Joseph Vogt;68700;68063;Cernay;;;7.187076;47.813026
68063_0225_00029;29;;Rue de l’Europe;68700;68063;Cernay;;;7.183427;47.791686
68063_0010_00004;4;;Rue des Alpes;68700;68063;Cernay;;;7.183337;47.811553
68063_0923_00015;15;;Rue Daniel Eck;68700;68063;Cernay;;;7.185238;47.809872
68063_0185_00008;8;;Rue des Collines;68700;68063;Cernay;;;7.166521;47.814629
68063_0910_00026;26;;Rue de Wittelsheim;68700;68063;Cernay;;;7.18151;47.802537
68063_0322_00007;7;;Impasse des Hérons;68700;68063;Cernay;;;7.191167;47.81353
68063_0240_00025;25;;Rue de la Ferme;68700;68063;Cernay;;;7.167618;47.796109
68063_0740_00037;37;;Rue Sandoz;68700;68063;Cernay;;;7.163481;47.807573
68063_0391_00010;10;;Rue du Laurier;68700;68063;Cernay;;;7.193395;47.804606
68063_0360_00012;12;;Rue Joseph Dépierre;68700;68063;Cernay;;;7.169413;47.813231
68063_0070_00013;13;;Rue de l’Asile;68700;68063;Cernay;;;7.171326;47.798116
68063_0835_00035;35;;Rue des Tirailleurs;68700;68063;Cernay;;;7.170354;47.798625
68063_0922_00013;13;;Rue Camille Oberreiner;68700;68063;Cernay;;;7.168785;47.811652
68063_0100_00069;69;;Faubourg de Belfort;68700;68063;Cernay;;;7.172417;47.795079
68063_0730_00012;12;;Rue Saint-Morand;68700;68063;Cernay;;;7.164806;47.81416
68063_0015_00010;10;;Avenue d’Alsace;68700;68063;Cernay;;;7.167272;47.795122
68063_dyl9bl_00002;2;;Impasse des Chevaliers;68700;68063;Cernay;;;7.176051;47.809377
68063_0298_00034;34;;Rue Georges Risler;68700;68063;Cernay;;;7.17486;47.806156
68063_a6yhef_00003;3;;Impasse du Mimosa;68700;68063;Cernay;;;7.187802;47.803698
68063_0681_00003;3;;Rue des Romains;68700;68063;Cernay;;;7.195695;47.789276
68063_0683_00007;7;;Passage des Roses;68700;68063;Cernay;;;7.18268;47.813064
68063_0190_00002;2;;Faubourg de Colmar;68700;68063;Cernay;;;7.179476;47.808884
68063_0550_00002;2;;Rue des Pins;68700;68063;Cernay;;;7.186687;47.802332
68063_0752_00015_a;15;a;Allée des Séquoias;68700;68063;Cernay;;;7.166255;47.808836
68063_0744_00010;10;;Rue de la Sauge;68700;68063;Cernay;;;7.201892;47.804591
68063_0159_00005;5;;Rue Charles Baudelaire;68700;68063;Cernay;;;7.190765;47.811956
68063_0330_00009;9;;Rue de l’Hôpital;68700;68063;Cernay;;;7.17339;47.807675
68063_0300_00018_b;18;b;Rue de Graffenwald;68700;68063;Cernay;;;7.186702;47.801376
68063_0730_00004;4;;Rue Saint-Morand;68700;68063;Cernay;;;7.164884;47.813421
68063_0015_00004;4;;Avenue d’Alsace;68700;68063;Cernay;;;7.169743;47.794494
68063_0645_00038;38;;Rue René Guibert;68700;68063;Cernay;;;7.169538;47.80239
68063_0750_00023_b;23;b;Rue de Schweighouse;68700;68063;Cernay;;;7.179311;47.800547
68063_0190_00018_b;18;b;Faubourg de Colmar;68700;68063;Cernay;;;7.183266;47.809769
68063_0100_00023;23;;Faubourg de Belfort;68700;68063;Cernay;;;7.174385;47.799006
68063_0645_00045;45;;Rue René Guibert;68700;68063;Cernay;;;7.166441;47.802171
68063_0740_00021;21;;Rue Sandoz;68700;68063;Cernay;;;7.163874;47.807414
68063_0325_00001;1;;Rue des Hirondelles;68700;68063;Cernay;;;7.169401;47.798293
68063_0470_00013;13;;Rue des Montagnes;68700;68063;Cernay;;;7.17053;47.812176
68063_0230_00052;52;;Rue des Fabriques;68700;68063;Cernay;;;7.184977;47.808798
68063_0923_00011;11;;Rue Daniel Eck;68700;68063;Cernay;;;7.185233;47.810218
68063_0630_00039_a;39;a;Rue du Raisin;68700;68063;Cernay;;;7.169771;47.815566
68063_0770_00009;9;;Rue de Soultz;68700;68063;Cernay;;;7.179081;47.811114
68063_0790_00004;4;;Rue de la Synagogue;68700;68063;Cernay;;;7.176539;47.809399
68063_0750_00018;18;;Rue de Schweighouse;68700;68063;Cernay;;;7.179224;47.800202
68063_0910_00045;45;;Rue de Wittelsheim;68700;68063;Cernay;;;7.184318;47.8028
68063_0041_00021;21;;Rue André Malraux;68700;68063;Cernay;;;7.192437;47.810812
68063_0161_00055;55;;Avenue Charles de Gaulle;68700;68063;Cernay;;;7.183595;47.799616
68063_0250_00008;8;;Rue des Fleurs;68700;68063;Cernay;;;7.180101;47.80137
68063_0490_00036;36;;Rue de Mulhouse;68700;68063;Cernay;;;7.185808;47.800187
68063_0500_00007;7;;Rue Neuve;68700;68063;Cernay;;;7.171098;47.809126
68063_0900_00002_a;2;a;Rue de Wattwiller;68700;68063;Cernay;;;7.181608;47.810293
68063_0750_00008_b;8;b;Rue de Schweighouse;68700;68063;Cernay;;;7.177402;47.802547
68063_0173_00006;6;;Rue des Cigognes;68700;68063;Cernay;;;7.189188;47.812988
68063_0820_00005;5;;Rue de Thann;68700;68063;Cernay;;;7.173899;47.809633
68063_0750_00063;63;;Rue de Schweighouse;68700;68063;Cernay;;;7.179748;47.796801
68063_0752_00006;6;;Allée des Séquoias;68700;68063;Cernay;;;7.165824;47.810311
68063_0470_00051;51;;Rue des Montagnes;68700;68063;Cernay;;;7.167264;47.816821
68063_0213_00006;6;;Rue des Écuyers;68700;68063;Cernay;;;7.163042;47.801634
68063_0560_00014;14;;Rue Raymond Poincaré;68700;68063;Cernay;;;7.175518;47.807974
68063_0161_00006;6;;Avenue Charles de Gaulle;68700;68063;Cernay;;;7.178267;47.802886
68063_0100_00003_d;3;d;Faubourg de Belfort;68700;68063;Cernay;;;7.176325;47.801062
68063_0770_00002_d;2;d;Rue de Soultz;68700;68063;Cernay;;;7.178973;47.809095
68063_0820_00010;10;;Rue de Thann;68700;68063;Cernay;;;7.174827;47.809395
68063_0752_00021;21;;Allée des Séquoias;68700;68063;Cernay;;;7.1671;47.808462
68063_0333_00016;16;;Rue du 8 Mai;68700;68063;Cernay;;;7.173833;47.798879
68063_0470_00010;10;;Rue des Montagnes;68700;68063;Cernay;;;7.170429;47.812586
68063_0570_00018;18;;Rue des Prés;68700;68063;Cernay;;;7.179295;47.806337
68063_0740_00063;63;;Rue Sandoz;68700;68063;Cernay;;;7.1624;47.807456
68063_0142_00001;1;;Rue de la Cartisane;68700;68063;Cernay;;;7.165873;47.807154
68063_0790_00003_b;3;b;Rue de la Synagogue;68700;68063;Cernay;;;7.176439;47.809395
68063_0215_00029;29;;Rue Edmond Rogelet;68700;68063;Cernay;;;7.189946;47.811996
68063_0360_00025;25;;Rue Joseph Dépierre;68700;68063;Cernay;;;7.167958;47.812969
68063_0841_00001;1;;Rue des Tulipes;68700;68063;Cernay;;;7.185521;47.807623
68063_0541_00009;9;;Rue Pierre et Marie Curie;68700;68063;Cernay;;;7.184615;47.805269
68063_0620_00005;5;;Rue des Pyrénées;68700;68063;Cernay;;;7.185338;47.81162
68063_0398_00026;26;;Rue du Lot-et-Garonne;68700;68063;Cernay;;;7.178285;47.795605
68063_0650_00015;15;;Rue du Repos;68700;68063;Cernay;;;7.173258;47.811058
68063_0398_00024;24;;Rue du Lot-et-Garonne;68700;68063;Cernay;;;7.178057;47.795583
68063_0490_00004;4;;Rue de Mulhouse;68700;68063;Cernay;;;7.182861;47.802169
68063_0210_00037_a;37;a;Rue de la Douane;68700;68063;Cernay;;;7.183028;47.796534
68063_0770_00014_b;14;b;Rue de Soultz;68700;68063;Cernay;;;7.179356;47.81148
68063_0875_00007;7;;Rue de la Victoire;68700;68063;Cernay;;;7.171296;47.799003
68063_0391_00007;7;;Rue du Laurier;68700;68063;Cernay;;;7.195367;47.803426
68063_0541_00022;22;;Rue Pierre et Marie Curie;68700;68063;Cernay;;;7.185566;47.804569
68063_0325_00027;27;;Rue des Hirondelles;68700;68063;Cernay;;;7.168562;47.797537
68063_0511_00005;5;;Impasse des Pâquerettes;68700;68063;Cernay;;;7.186161;47.803794
68063_0040_00006;6;;Rue de l’Ancienne Cure;68700;68063;Cernay;;;7.173854;47.80942
68063_0110_00008;8;;Rue du Blanchiment;68700;68063;Cernay;;;7.186696;47.810879
68063_0165_00010;10;;Rue du Château;68700;68063;Cernay;;;7.174476;47.810889
68063_0330_00004;4;;Rue de l’Hôpital;68700;68063;Cernay;;;7.174919;47.807584
68063_0300_00001;1;;Rue de Graffenwald;68700;68063;Cernay;;;7.185914;47.802341
68063_0082_00001;1;;Rue d’Auvergne;68700;68063;Cernay;;;7.177709;47.796384
68063_0530_00010;10;;Rue du Parc;68700;68063;Cernay;;;7.172725;47.802836
68063_0161_00074;74;;Avenue Charles de Gaulle;68700;68063;Cernay;;;7.185368;47.797396
68063_0690_00019;19;;Rue du Rossberg;68700;68063;Cernay;;;7.184115;47.810955
68063_0173_00011;11;;Rue des Cigognes;68700;68063;Cernay;;;7.189005;47.813109
68063_0200_00002;2;;Rue de la Côte 425;68700;68063;Cernay;;;7.170698;47.809027
68063_0144_00022;22;;Rue de Buhl;68700;68063;Cernay;;;7.189453;47.811003
68063_0220_00005;5;;Rue de l’Église;68700;68063;Cernay;;;7.175052;47.808121
68063_0020_00009;9;;Rue Amélie Zurcher;68700;68063;Cernay;;;7.186122;47.812465
68063_0750_00071_a;71;a;Rue de Schweighouse;68700;68063;Cernay;;;7.180101;47.796219
68063_0490_00048;48;;Rue de Mulhouse;68700;68063;Cernay;;;7.186384;47.799677
68063_0924_00005;5;;Rue de Burnhaupt;68700;68063;Cernay;;;7.187737;47.798394
68063_0700_00004;4;;Impasse Sainte-Barbe;68700;68063;Cernay;;;7.179448;47.807974
68063_0157_00011;11;;Rue de la Charité;68700;68063;Cernay;;;7.170226;47.796196
68063_0390_00015_b;15;b;Rue Latouche;68700;68063;Cernay;;;7.173115;47.808347
68063_0740_00047;47;;Rue Sandoz;68700;68063;Cernay;;;7.163042;47.807223
68063_0843_00005;5;;Impasse du Trèfle;68700;68063;Cernay;;;7.182369;47.799733
68063_0150_00009;9;;Rue de Champagne;68700;68063;Cernay;;;7.177753;47.799834
68063_0610_00007;7;;Rue des Puits;68700;68063;Cernay;;;7.168083;47.81253
68063_0790_00004_a;4;a;Rue de la Synagogue;68700;68063;Cernay;;;7.176555;47.809441
68063_0082_00009;9;;Rue d’Auvergne;68700;68063;Cernay;;;7.176315;47.796729
68063_0240_00001;1;;Rue de la Ferme;68700;68063;Cernay;;;7.168162;47.798609
68063_0210_00018_a;18;a;Rue de la Douane;68700;68063;Cernay;;;7.18174;47.797208
68063_amal2e_00002_e;2;e;Rue d’Aspach;68700;68063;Cernay;;;7.175038;47.801279
68063_0070_00007;7;;Rue de l’Asile;68700;68063;Cernay;;;7.171298;47.797284
68063_0230_00010_b;10;b;Rue des Fabriques;68700;68063;Cernay;;;7.180053;47.808674
68063_0665_00020;20;;Rue de la Résistance;68700;68063;Cernay;;;7.171726;47.798295
68063_0560_00010;10;;Rue Raymond Poincaré;68700;68063;Cernay;;;7.175528;47.808207
68063_0551_00017;17;;Rue des Pinsons;68700;68063;Cernay;;;7.188684;47.810092
68063_0560_00048_b;48;b;Rue Raymond Poincaré;68700;68063;Cernay;;;7.175794;47.803365
68063_0210_00026;26;;Rue de la Douane;68700;68063;Cernay;;;7.182042;47.796644
68063_0520_00009;9;;Rue du Paradis;68700;68063;Cernay;;;7.174578;47.810097
68063_0250_00010;10;;Rue des Fleurs;68700;68063;Cernay;;;7.179887;47.801365
68063_0850_00010;10;;Faubourg d’Uffholtz;68700;68063;Cernay;;;7.176905;47.812184
68063_0490_00048_a;48;a;Rue de Mulhouse;68700;68063;Cernay;;;7.186478;47.799581
68063_0180_00014;14;;Rue Clemenceau;68700;68063;Cernay;;;7.178029;47.808764
68063_0570_00012;12;;Rue des Prés;68700;68063;Cernay;;;7.177877;47.806379
68063_0770_00021;21;;Rue de Soultz;68700;68063;Cernay;;;7.17925;47.811788
68063_0770_00011_a;11;a;Rue de Soultz;68700;68063;Cernay;;;7.179156;47.811241
68063_0111_00023;23;;Rue Blaise Pascal;68700;68063;Cernay;;;7.183569;47.808156
68063_0310_00006;6;;Rue de Guebwiller;68700;68063;Cernay;;;7.175789;47.810657
68063_0111_00017;17;;Rue Blaise Pascal;68700;68063;Cernay;;;7.183578;47.807978
68063_0910_00058;58;;Rue de Wittelsheim;68700;68063;Cernay;;;7.187722;47.802399
68063_0130_00008;8;;Rue de Bourgogne;68700;68063;Cernay;;;7.177668;47.798697
68063_0490_00028;28;;Rue de Mulhouse;68700;68063;Cernay;;;7.185008;47.800737
68063_0320_00019;19;;Rue Haffner;68700;68063;Cernay;;;7.17399;47.810313
68063_0161_00062;62;;Avenue Charles de Gaulle;68700;68063;Cernay;;;7.184978;47.798201
68063_0140_00005;5;;Rue de Bretagne;68700;68063;Cernay;;;7.176297;47.79891
68063_0623_00001;1;;Rue du 4 Février;68700;68063;Cernay;;;7.172526;47.800651
68063_0541_00012;12;;Rue Pierre et Marie Curie;68700;68063;Cernay;;;7.184239;47.804822
68063_0626_00007;7;;Rue de la 4ème D.M.M.;68700;68063;Cernay;;;7.172526;47.798622
68063_0420_00006;6;;Rue du Maréchal Foch;68700;68063;Cernay;;;7.173192;47.808757
68063_0320_00037;37;;Rue Haffner;68700;68063;Cernay;;;7.175287;47.810074
68063_0740_00144;144;;Rue Sandoz;68700;68063;Cernay;;;7.15473;47.808178
68063_0490_00001;1;;Rue de Mulhouse;68700;68063;Cernay;;;7.183105;47.80215
68063_0280_00001;1;;Rue de la Gare;68700;68063;Cernay;;;7.175431;47.802193
68063_0720_00011;11;;Rue Saint-Joseph;68700;68063;Cernay;;;7.177725;47.801789
68063_0200_00004;4;;Rue de la Côte 425;68700;68063;Cernay;;;7.170399;47.809181
68063_0680_00005;5;;Rue Roger Preiss;68700;68063;Cernay;;;7.179474;47.810663
68063_0752_00003_a;3;a;Allée des Séquoias;68700;68063;Cernay;;;7.166418;47.810328
68063_0750_00069_a;69;a;Rue de Schweighouse;68700;68063;Cernay;;;7.18028;47.796341
68063_0433_00013;13;;Rue du Markstein;68700;68063;Cernay;;;7.180846;47.811099
68063_0923_00012;12;;Rue Daniel Eck;68700;68063;Cernay;;;7.185516;47.809723
68063_0842_00020;20;;Rue de la Turbine;68700;68063;Cernay;;;7.158618;47.810272
68063_0163_00002;2;;Rue des Charmilles;68700;68063;Cernay;;;7.172427;47.801259
68063_0560_00061;61;;Rue Raymond Poincaré;68700;68063;Cernay;;;7.176463;47.803377
68063_0475_00015;15;;Avenue Montaigne;68700;68063;Cernay;;;7.182885;47.806849
68063_0665_00001;1;;Rue de la Résistance;68700;68063;Cernay;;;7.17224;47.798445
68063_0740_00073;73;;Rue Sandoz;68700;68063;Cernay;;;7.161823;47.807434
68063_0393_00015;15;;Rue Léonard Schott;68700;68063;Cernay;;;7.162674;47.806967
68063_0446_00002;2;;Rue des Mélèzes;68700;68063;Cernay;;;7.174029;47.812248
68063_0645_00044;44;;Rue René Guibert;68700;68063;Cernay;;;7.167301;47.802495
68063_0360_00023;23;;Rue Joseph Dépierre;68700;68063;Cernay;;;7.167754;47.812907
68063_0161_00039_a;39;a;Avenue Charles de Gaulle;68700;68063;Cernay;;;7.182436;47.800631
68063_r41wid_00016;16;;Avenue Albert Schweitzer;68700;68063;Cernay;;;7.180329;47.807087
68063_0112_00001;1;;Impasse des Bleuets;68700;68063;Cernay;;;7.185251;47.804177
68063_0922_00001;1;;Rue Camille Oberreiner;68700;68063;Cernay;;;7.170087;47.81149
68063_0720_00012_c;12;c;Rue Saint-Joseph;68700;68063;Cernay;;;7.177709;47.80124
68063_0837_00006;6;;Rue des Travailleurs;68700;68063;Cernay;;;7.181723;47.809519
68063_0921_00009;9;;Rue des Cèdres;68700;68063;Cernay;;;7.168376;47.809333
68063_0910_00032;32;;Rue de Wittelsheim;68700;68063;Cernay;;;7.182132;47.802493
68063_0752_00019;19;;Allée des Séquoias;68700;68063;Cernay;;;7.166839;47.808557
68063_0790_00006;6;;Rue de la Synagogue;68700;68063;Cernay;;;7.176611;47.809579
68063_0144_00028;28;;Rue de Buhl;68700;68063;Cernay;;;7.189332;47.811505
68063_0890_00016_a;16;a;Faubourg des Vosges;68700;68063;Cernay;;;7.170953;47.810306
68063_0510_00014;14;;Rue de la Paix;68700;68063;Cernay;;;7.175635;47.811155
68063_0551_00030;30;;Rue des Pinsons;68700;68063;Cernay;;;7.18866;47.810673
68063_0150_00007;7;;Rue de Champagne;68700;68063;Cernay;;;7.177832;47.799842
68063_0843_00006;6;;Impasse du Trèfle;68700;68063;Cernay;;;7.182465;47.799648
68063_0015_00003;3;;Avenue d’Alsace;68700;68063;Cernay;;;7.170224;47.792924
68063_0480_00022;22;;Rue des Moulins;68700;68063;Cernay;;;7.173511;47.808117
68063_0100_00057;57;;Faubourg de Belfort;68700;68063;Cernay;;;7.173282;47.796859
68063_0750_00069;69;;Rue de Schweighouse;68700;68063;Cernay;;;7.179915;47.796358
68063_0407_00004;4;;Rue du Manège;68700;68063;Cernay;;;7.165219;47.801684
68063_0475_00010;10;;Avenue Montaigne;68700;68063;Cernay;;;7.183824;47.806804
68063_0082_00015;15;;Rue d’Auvergne;68700;68063;Cernay;;;7.175819;47.796849
68063_amal2e_00032;32;;Rue d’Aspach;68700;68063;Cernay;;;7.170553;47.800719
68063_0570_00001_a;1;a;Rue des Prés;68700;68063;Cernay;;;7.175804;47.80665
68063_0550_00012;12;;Rue des Pins;68700;68063;Cernay;;;7.189149;47.80189
68063_0610_00016;16;;Rue des Puits;68700;68063;Cernay;;;7.168188;47.812384
68063_0094_00004;4;;Rue des Bâtisseurs;68700;68063;Cernay;;;7.178504;47.800346
68063_0750_00071_c;71;c;Rue de Schweighouse;68700;68063;Cernay;;;7.180404;47.796221
68063_0312_00010;10;;Rue Gustave Eiffel;68700;68063;Cernay;;;7.18295;47.803597
68063_0490_00002;2;;Rue de Mulhouse;68700;68063;Cernay;;;7.182707;47.802269
68063_jlzcon_00006;6;;Rue Roger Hassenforder;68700;68063;Cernay;;;7.167776;47.804749
68063_0820_00004;4;;Rue de Thann;68700;68063;Cernay;;;7.175366;47.809165
68063_0830_00002;2;;Rue de la Thur;68700;68063;Cernay;;;7.176403;47.804213
68063_0398_00030;30;;Rue du Lot-et-Garonne;68700;68063;Cernay;;;7.17928;47.795682
68063_0740_00152;152;;Rue Sandoz;68700;68063;Cernay;;;7.152998;47.808511
68063_0297_00016;16;;Rue George Sand;68700;68063;Cernay;;;7.191623;47.811012
68063_0490_00025;25;;Rue de Mulhouse;68700;68063;Cernay;;;7.185244;47.800708
68063_0520_00003;3;;Rue du Paradis;68700;68063;Cernay;;;7.174525;47.809879
68063_0530_00024;24;;Rue du Parc;68700;68063;Cernay;;;7.174095;47.802548
68063_0100_00006;6;;Faubourg de Belfort;68700;68063;Cernay;;;7.172963;47.796754
68063_0740_00059;59;;Rue Sandoz;68700;68063;Cernay;;;7.162601;47.807465
68063_0680_00014;14;;Rue Roger Preiss;68700;68063;Cernay;;;7.180894;47.810292
68063_0630_00041;41;;Rue du Raisin;68700;68063;Cernay;;;7.17017;47.815402
68063_0921_00026;26;;Rue des Cèdres;68700;68063;Cernay;;;7.166892;47.809886
68063_0770_00002_a;2;a;Rue de Soultz;68700;68063;Cernay;;;7.178579;47.808996
68063_0421_00001;1;;Impasse des Marguerites;68700;68063;Cernay;;;7.183673;47.803717
68063_0157_00001_b;1;b;Rue de la Charité;68700;68063;Cernay;;;7.172012;47.795442
68063_0082_00067_a;67;a;Rue d’Auvergne;68700;68063;Cernay;;;7.177226;47.797377
68063_0210_00030;30;;Rue de la Douane;68700;68063;Cernay;;;7.182235;47.796246
68063_0850_00018;18;;Faubourg d’Uffholtz;68700;68063;Cernay;;;7.177173;47.812764
68063_0210_00012_c;12;c;Rue de la Douane;68700;68063;Cernay;;;7.181454;47.797614
68063_0490_00031;31;;Rue de Mulhouse;68700;68063;Cernay;;;7.185665;47.800444
68063_0297_00001;1;;Rue George Sand;68700;68063;Cernay;;;7.191042;47.812281
68063_0082_00043;43;;Rue d’Auvergne;68700;68063;Cernay;;;7.175283;47.798221
68063_0400_00014;14;;Rue de Lutterbach;68700;68063;Cernay;;;7.182963;47.801536
68063_0397_00011;11;;Rue des Lilas;68700;68063;Cernay;;;7.169979;47.806381
68063_0130_00001;1;;Rue de Bourgogne;68700;68063;Cernay;;;7.17745;47.79852
68063_0360_00013;13;;Rue Joseph Dépierre;68700;68063;Cernay;;;7.167039;47.812994
68063_0082_00076;76;;Rue d’Auvergne;68700;68063;Cernay;;;7.178725;47.796863
68063_0180_00017_a;17;a;Rue Clemenceau;68700;68063;Cernay;;;7.17754;47.808978
68063_0190_00017;17;;Faubourg de Colmar;68700;68063;Cernay;;;7.18185;47.809834
68063_0665_00006;6;;Rue de la Résistance;68700;68063;Cernay;;;7.172268;47.798996
68063_0740_00077;77;;Rue Sandoz;68700;68063;Cernay;;;7.161553;47.80742
68063_0333_00008;8;;Rue du 8 Mai;68700;68063;Cernay;;;7.174438;47.80025
68063_0312_00008;8;;Rue Gustave Eiffel;68700;68063;Cernay;;;7.18284;47.80348
68063_0770_00003;3;;Rue de Soultz;68700;68063;Cernay;;;7.178562;47.810104
68063_0720_00004;4;;Rue Saint-Joseph;68700;68063;Cernay;;;7.176298;47.801963
68063_0922_00023;23;;Rue Camille Oberreiner;68700;68063;Cernay;;;7.168922;47.812542
68063_0140_00014;14;;Rue de Bretagne;68700;68063;Cernay;;;7.176815;47.799612
68063_0190_00001_a;1;a;Faubourg de Colmar;68700;68063;Cernay;;;7.179172;47.808953
68063_0360_00031;31;;Rue Joseph Dépierre;68700;68063;Cernay;;;7.169266;47.813319
68063_0690_00012;12;;Rue du Rossberg;68700;68063;Cernay;;;7.183692;47.810873
68063_0780_00008;8;;Rue de Steinbach;68700;68063;Cernay;;;7.168097;47.81088
68063_0551_00011;11;;Rue des Pinsons;68700;68063;Cernay;;;7.188537;47.810647
68063_0470_00014;14;;Rue des Montagnes;68700;68063;Cernay;;;7.170239;47.812944
68063_0160_00006;6;;Rue Charles Baudry;68700;68063;Cernay;;;7.169947;47.809948
68063_0446_00003;3;;Rue des Mélèzes;68700;68063;Cernay;;;7.173782;47.812206
68063_0877_00013;13;;Rue du Vieil Armand;68700;68063;Cernay;;;7.176433;47.810556
68063_0010_00007;7;;Rue des Alpes;68700;68063;Cernay;;;7.18523;47.812251
68063_0480_00010;10;;Rue des Moulins;68700;68063;Cernay;;;7.17497;47.807931
68063_0890_00066;66;;Faubourg des Vosges;68700;68063;Cernay;;;7.163224;47.811098
68063_0360_00022;22;;Rue Joseph Dépierre;68700;68063;Cernay;;;7.170669;47.813569
68063_0300_00010_a;10;a;Rue de Graffenwald;68700;68063;Cernay;;;7.185862;47.801586
68063_0780_00005;5;;Rue de Steinbach;68700;68063;Cernay;;;7.167221;47.811225
68063_0920_00006;6;;Rue Xavier Schaffhauser;68700;68063;Cernay;;;7.173451;47.809171
68063_0213_00004;4;;Rue des Écuyers;68700;68063;Cernay;;;7.163075;47.801795
68063_0780_00043;43;;Rue de Steinbach;68700;68063;Cernay;;;7.165508;47.811786
68063_0260_00008;8;;Rue du Fossé;68700;68063;Cernay;;;7.176714;47.8093
68063_0157_00001_a;1;a;Rue de la Charité;68700;68063;Cernay;;;7.171835;47.795514
68063_0082_00056;56;;Rue d’Auvergne;68700;68063;Cernay;;;7.17647;47.797275
68063_0210_00008_a;8;a;Rue de la Douane;68700;68063;Cernay;;;7.180382;47.798239
68063_0475_00004;4;;Avenue Montaigne;68700;68063;Cernay;;;7.180357;47.806292
68063_0537_00006;6;;Rue de Picardie;68700;68063;Cernay;;;7.178518;47.796646
68063_0475_00019;19;;Avenue Montaigne;68700;68063;Cernay;;;7.183176;47.806908
68063_0610_00002_a;2;a;Rue des Puits;68700;68063;Cernay;;;7.16786;47.811484
68063_0510_00006;6;;Rue de la Paix;68700;68063;Cernay;;;7.177469;47.810804
68063_0665_00002;2;;Rue de la Résistance;68700;68063;Cernay;;;7.172404;47.799279
68063_0155_00006;6;;Rue des Champs;68700;68063;Cernay;;;7.176776;47.804614
68063_0161_00021;21;;Avenue Charles de Gaulle;68700;68063;Cernay;;;7.181233;47.801635
68063_0190_00020;20;;Faubourg de Colmar;68700;68063;Cernay;;;7.18462;47.81011
68063_0144_00014;14;;Rue de Buhl;68700;68063;Cernay;;;7.189767;47.810714
68063_0094_00009;9;;Rue des Bâtisseurs;68700;68063;Cernay;;;7.177359;47.800632
68063_0333_00018;18;;Rue du 8 Mai;68700;68063;Cernay;;;7.173786;47.798756
68063_0880_00011;11;;Rue des Vignes;68700;68063;Cernay;;;7.174538;47.813351
68063_0360_00028;28;;Rue Joseph Dépierre;68700;68063;Cernay;;;7.171212;47.813747
68063_0100_00003_c;3;c;Faubourg de Belfort;68700;68063;Cernay;;;7.17612;47.801165
68063_0360_00069;69;;Rue Joseph Dépierre;68700;68063;Cernay;;;7.173895;47.814861
68063_0334_00006;6;;Rue des Indiennes;68700;68063;Cernay;;;7.167028;47.806639
68063_0830_00005;5;;Rue de la Thur;68700;68063;Cernay;;;7.176491;47.803651
68063_0770_00016_c;16;c;Rue de Soultz;68700;68063;Cernay;;;7.180015;47.811523
68063_0770_00017;17;;Rue de Soultz;68700;68063;Cernay;;;7.179144;47.811558
68063_0320_00001;1;;Rue Haffner;68700;68063;Cernay;;;7.173269;47.81001
68063_0570_00007;7;;Rue des Prés;68700;68063;Cernay;;;7.176746;47.80656
68063_0430_00004;4;;Rue Marie Louise;68700;68063;Cernay;;;7.187413;47.81219
68063_0755_00011;11;;Rue Soeur Elvine;68700;68063;Cernay;;;7.171327;47.809573
68063_0210_00021_a;21;a;Rue de la Douane;68700;68063;Cernay;;;7.181703;47.798616
68063_0312_00005;5;;Rue Gustave Eiffel;68700;68063;Cernay;;;7.182112;47.804706
68063_0082_00070;70;;Rue d’Auvergne;68700;68063;Cernay;;;7.177673;47.796966
68063_0390_00024;24;;Rue Latouche;68700;68063;Cernay;;;7.173016;47.808364
68063_0740_00027;27;;Rue Sandoz;68700;68063;Cernay;;;7.164303;47.807474
68063_0500_00005;5;;Rue Neuve;68700;68063;Cernay;;;7.171152;47.809358
68063_0190_00018_d;18;d;Faubourg de Colmar;68700;68063;Cernay;;;7.18325;47.809386
68063_0530_00001;1;;Rue du Parc;68700;68063;Cernay;;;7.172023;47.803145
68063_0850_00034;34;;Faubourg d’Uffholtz;68700;68063;Cernay;;;7.178241;47.812984
68063_0360_00024;24;;Rue Joseph Dépierre;68700;68063;Cernay;;;7.170878;47.813629
68063_0440_00009;9;;Rue de la Marne;68700;68063;Cernay;;;7.174865;47.811917
68063_0645_00049;49;;Rue René Guibert;68700;68063;Cernay;;;7.166443;47.801626
68063_0475_00023;23;;Avenue Montaigne;68700;68063;Cernay;;;7.183507;47.806973
68063_0884_00001;1;;Rue des Violettes;68700;68063;Cernay;;;7.184166;47.807581
68063_0082_00026;26;;Rue d’Auvergne;68700;68063;Cernay;;;7.176631;47.796968
68063_0570_00003;3;;Rue des Prés;68700;68063;Cernay;;;7.176148;47.806612
68063_0300_00026;26;;Rue de Graffenwald;68700;68063;Cernay;;;7.187604;47.800972
68063_0335_00019;19;;Rue de l’Industrie;68700;68063;Cernay;;;7.18644;47.798279
68063_0750_00038;38;;Rue de Schweighouse;68700;68063;Cernay;;;7.179461;47.7976
68063_0240_00029;29;;Rue de la Ferme;68700;68063;Cernay;;;7.167997;47.796145
68063_0161_00059_a;59;a;Avenue Charles de Gaulle;68700;68063;Cernay;;;7.185011;47.799759
68063_0501_00004;4;;Rue de Normandie;68700;68063;Cernay;;;7.172096;47.793274
68063_0890_00023;23;;Faubourg des Vosges;68700;68063;Cernay;;;7.169237;47.810366
68063_0161_00048;48;;Avenue Charles de Gaulle;68700;68063;Cernay;;;7.183739;47.799197
68063_0370_00006;6;;Rue Joseph Vogt;68700;68063;Cernay;;;7.18802;47.812969
68063_0260_00002;2;;Rue du Fossé;68700;68063;Cernay;;;7.176752;47.809549
68063_0922_00003;3;;Rue Camille Oberreiner;68700;68063;Cernay;;;7.169866;47.811386
68063_0510_00017;17;;Rue de la Paix;68700;68063;Cernay;;;7.17233;47.811426
68063_0190_00026;26;;Faubourg de Colmar;68700;68063;Cernay;;;7.186537;47.811105
68063_0750_00040_b;40;b;Rue de Schweighouse;68700;68063;Cernay;;;7.178394;47.797726
68063_0210_00033_b;33;b;Rue de la Douane;68700;68063;Cernay;;;7.183365;47.796854
68063_0159_00009;9;;Rue Charles Baudelaire;68700;68063;Cernay;;;7.190823;47.811748
68063_0890_00155;155;;Faubourg des Vosges;68700;68063;Cernay;;;7.148942;47.810591
68063_0490_00019;19;;Rue de Mulhouse;68700;68063;Cernay;;;7.18527;47.801284
68063_0300_00005;5;;Rue de Graffenwald;68700;68063;Cernay;;;7.186451;47.801979
68063_0683_00009;9;;Passage des Roses;68700;68063;Cernay;;;7.182577;47.813204
68063_0508_00007;7;;Rue des Orchidées;68700;68063;Cernay;;;7.18839;47.80652
68063_0850_00022_c;22;c;Faubourg d’Uffholtz;68700;68063;Cernay;;;7.178233;47.812725
68063_0090_00010;10;;Rue du Ballon;68700;68063;Cernay;;;7.175037;47.812316
68063_0750_00041;41;;Rue de Schweighouse;68700;68063;Cernay;;;7.17954;47.798283
68063_0230_00066;66;;Rue des Fabriques;68700;68063;Cernay;;;7.189615;47.810032
68063_0082_00052;52;;Rue d’Auvergne;68700;68063;Cernay;;;7.176559;47.797509
68063_0230_00024;24;;Rue des Fabriques;68700;68063;Cernay;;;7.18115;47.808651
68063_0630_00033;33;;Rue du Raisin;68700;68063;Cernay;;;7.168876;47.815241
68063_0645_00024;24;;Rue René Guibert;68700;68063;Cernay;;;7.171617;47.803524
68063_0230_00042;42;;Rue des Fabriques;68700;68063;Cernay;;;7.181659;47.808749
68063_0320_00061;61;;Rue Haffner;68700;68063;Cernay;;;7.176672;47.809802
68063_0560_00005;5;;Rue Raymond Poincaré;68700;68063;Cernay;;;7.175692;47.80857
68063_0210_00045;45;;Rue de la Douane;68700;68063;Cernay;;;7.183369;47.796204
68063_0600_00012;12;;Rue de Provence;68700;68063;Cernay;;;7.176661;47.798335
68063_0830_00009;9;;Rue de la Thur;68700;68063;Cernay;;;7.176429;47.803821
68063_0720_00013;13;;Rue Saint-Joseph;68700;68063;Cernay;;;7.178011;47.801736
68063_0752_00036;36;;Allée des Séquoias;68700;68063;Cernay;;;7.167139;47.80834
68063_0160_00005;5;;Rue Charles Baudry;68700;68063;Cernay;;;7.16995;47.809112
68063_0541_00004;4;;Rue Pierre et Marie Curie;68700;68063;Cernay;;;7.183453;47.804576
68063_0180_00005;5;;Rue Clemenceau;68700;68063;Cernay;;;7.176217;47.809026
68063_0398_00009;9;;Rue du Lot-et-Garonne;68700;68063;Cernay;;;7.17479;47.795788
68063_0407_00008;8;;Rue du Manège;68700;68063;Cernay;;;7.164403;47.801663
68063_0080_00043;43;;Route d'Aspach;68700;68063;Cernay;;;7.155348;47.791199
68063_0760_00001;1;;Rue de la Somme;68700;68063;Cernay;;;7.176407;47.81226
68063_0350_00009;9;;Rue James Barbier;68700;68063;Cernay;;;7.17694;47.807399
68063_0840_00007;7;;Rue Traversière;68700;68063;Cernay;;;7.174224;47.809186
68063_0310_00002;2;;Rue de Guebwiller;68700;68063;Cernay;;;7.17567;47.81044
68063_0210_00041;41;;Rue de la Douane;68700;68063;Cernay;;;7.182317;47.796363
68063_0922_00012;12;;Rue Camille Oberreiner;68700;68063;Cernay;;;7.169349;47.811741
68063_0130_00006;6;;Rue de Bourgogne;68700;68063;Cernay;;;7.177607;47.798585
68063_0446_00005;5;;Rue des Mélèzes;68700;68063;Cernay;;;7.173481;47.812258
68063_0750_00037;37;;Rue de Schweighouse;68700;68063;Cernay;;;7.179513;47.798492
68063_0325_00002;2;;Rue des Hirondelles;68700;68063;Cernay;;;7.169083;47.798005
68063_0551_00022;22;;Rue des Pinsons;68700;68063;Cernay;;;7.188453;47.811009
68063_0082_00049;49;;Rue d’Auvergne;68700;68063;Cernay;;;7.175173;47.798211
68063_0850_00028;28;;Faubourg d’Uffholtz;68700;68063;Cernay;;;7.178017;47.813325
68063_0095_00003;3;;Impasse des Bégonias;68700;68063;Cernay;;;7.184337;47.803792
68063_0230_00012;12;;Rue des Fabriques;68700;68063;Cernay;;;7.180278;47.808693
68063_0470_00045;45;;Rue des Montagnes;68700;68063;Cernay;;;7.168246;47.81626
68063_0820_00020;20;;Rue de Thann;68700;68063;Cernay;;;7.174295;47.809793
68063_0070_00017;17;;Rue de l’Asile;68700;68063;Cernay;;;7.170894;47.798187
68063_0336_00016;16;;Impasse de l’Industrie;68700;68063;Cernay;;;7.187821;47.797858
68063_0860_00011;11;;Rue du Ventron;68700;68063;Cernay;;;7.181147;47.812522
68063_0161_00122;122;;Avenue Charles de Gaulle;68700;68063;Cernay;;;7.189636;47.793984
68063_0690_00015;15;;Rue du Rossberg;68700;68063;Cernay;;;7.183509;47.810965
68063_0155_00004;4;;Rue des Champs;68700;68063;Cernay;;;7.176653;47.804642
68063_0260_00021;21;;Rue du Fossé;68700;68063;Cernay;;;7.176669;47.80849
68063_0398_00033;33;;Rue du Lot-et-Garonne;68700;68063;Cernay;;;7.179646;47.795753
68063_0090_00005;5;;Rue du Ballon;68700;68063;Cernay;;;7.175408;47.812696
68063_0045_00007;7;;Rue d'Aquitaine;68700;68063;Cernay;;;7.174296;47.795273
68063_0910_00073;73;;Rue de Wittelsheim;68700;68063;Cernay;;;7.187398;47.80253
68063_0440_00003;3;;Rue de la Marne;68700;68063;Cernay;;;7.175975;47.811749
68063_0240_00001_a;1;a;Rue de la Ferme;68700;68063;Cernay;;;7.168857;47.799946
68063_0161_00097;97;;Avenue Charles de Gaulle;68700;68063;Cernay;;;7.188553;47.795336
68063_0090_00007;7;;Rue du Ballon;68700;68063;Cernay;;;7.1757;47.812876
68063_0100_00006;6;;Faubourg de Belfort;68700;68063;Cernay;;;7.173021;47.797028
68063_0752_00024;24;;Allée des Séquoias;68700;68063;Cernay;;;7.166039;47.808667
68063_0335_00002;2;;Rue de l’Industrie;68700;68063;Cernay;;;7.198405;47.803232
68063_0370_00004;4;;Rue Joseph Vogt;68700;68063;Cernay;;;7.187592;47.812846
68063_0820_00018;18;;Rue de Thann;68700;68063;Cernay;;;7.17423;47.809683
68063_0180_00004;4;;Rue Clemenceau;68700;68063;Cernay;;;7.176423;47.808927
68063_0215_00018;18;;Rue Edmond Rogelet;68700;68063;Cernay;;;7.190096;47.812052
68063_0010_00006;6;;Rue des Alpes;68700;68063;Cernay;;;7.183576;47.811628
68063_0420_00019;19;;Rue du Maréchal Foch;68700;68063;Cernay;;;7.173317;47.808647
68063_0750_00081;81;;Rue de Schweighouse;68700;68063;Cernay;;;7.179945;47.795277
68063_0161_00015;15;;Avenue Charles de Gaulle;68700;68063;Cernay;;;7.1809;47.801925
68063_0391_00003;3;;Rue du Laurier;68700;68063;Cernay;;;7.196212;47.804165
68063_0220_00016;16;;Rue de l’Église;68700;68063;Cernay;;;7.174903;47.80847
68063_0551_00007;7;;Rue des Pinsons;68700;68063;Cernay;;;7.187941;47.810425
68063_0398_00012;12;;Rue du Lot-et-Garonne;68700;68063;Cernay;;;7.175303;47.795687
68063_0210_00034;34;;Rue de la Douane;68700;68063;Cernay;;;7.182374;47.795995
68063_0850_00032;32;;Faubourg d’Uffholtz;68700;68063;Cernay;;;7.178086;47.813025
68063_0752_00018;18;;Allée des Séquoias;68700;68063;Cernay;;;7.166164;47.809384
68063_0850_00036;36;;Faubourg d’Uffholtz;68700;68063;Cernay;;;7.178362;47.813177
68063_0850_00013;13;;Faubourg d’Uffholtz;68700;68063;Cernay;;;7.176728;47.81213
68063_0240_00005;5;;Rue de la Ferme;68700;68063;Cernay;;;7.167987;47.798252
68063_0540_00013;13;;Rue Pierre Burtschell;68700;68063;Cernay;;;7.175793;47.81221
68063_0180_00011;11;;Rue Clemenceau;68700;68063;Cernay;;;7.176815;47.809012
68063_0140_00012;12;;Rue de Bretagne;68700;68063;Cernay;;;7.176711;47.799457
68063_0280_00006;6;;Rue de la Gare;68700;68063;Cernay;;;7.175355;47.802491
68063_0200_00017;17;;Rue de la Côte 425;68700;68063;Cernay;;;7.169102;47.809981
68063_0015_00011;11;;Avenue d’Alsace;68700;68063;Cernay;;;7.16814;47.794919
68063_0890_00066_a;66;a;Faubourg des Vosges;68700;68063;Cernay;;;7.162776;47.81115
68063_0921_00024;24;;Rue des Cèdres;68700;68063;Cernay;;;7.167392;47.809727
68063_0111_00004;4;;Rue Blaise Pascal;68700;68063;Cernay;;;7.182633;47.807242
68063_0490_00046;46;;Rue de Mulhouse;68700;68063;Cernay;;;7.186306;47.79976
68063_0750_00065;65;;Rue de Schweighouse;68700;68063;Cernay;;;7.179769;47.796713
68063_0230_00044;44;;Rue des Fabriques;68700;68063;Cernay;;;7.182145;47.808698
68063_0213_00012;12;;Rue des Écuyers;68700;68063;Cernay;;;7.162339;47.801659
68063_0407_00019;19;;Rue du Manège;68700;68063;Cernay;;;7.164209;47.801421
68063_0157_00033;33;;Rue de la Charité;68700;68063;Cernay;;;7.169278;47.795472
68063_0320_00015;15;;Rue Haffner;68700;68063;Cernay;;;7.173742;47.810359
68063_0100_00013;13;;Faubourg de Belfort;68700;68063;Cernay;;;7.174939;47.799935
68063_0220_00008;8;;Rue de l’Église;68700;68063;Cernay;;;7.174844;47.808188
68063_0878_00004;4;;Rue de Vieux-Thann;68700;68063;Cernay;;;7.152616;47.810529
68063_0850_00012;12;;Faubourg d’Uffholtz;68700;68063;Cernay;;;7.177013;47.812376
68063_0111_00009;9;;Rue Blaise Pascal;68700;68063;Cernay;;;7.183633;47.807707
68063_0746_00020;20;;Rue des Saules;68700;68063;Cernay;;;7.172725;47.813631
68063_0100_00059_b;59;b;Faubourg de Belfort;68700;68063;Cernay;;;7.174359;47.796233
68063_0878_00015;15;;Rue de Vieux-Thann;68700;68063;Cernay;;;7.15367;47.808898
68063_0480_00023;23;;Rue des Moulins;68700;68063;Cernay;;;7.173765;47.807999
68063_0884_00008;8;;Rue des Violettes;68700;68063;Cernay;;;7.184086;47.807166
68063_0120_00001;1;;Rue du Bonhomme;68700;68063;Cernay;;;7.18044;47.812803
68063_0210_00019;19;;Rue de la Douane;68700;68063;Cernay;;;7.180646;47.798809
68063_0920_00013_a;13;a;Rue Xavier Schaffhauser;68700;68063;Cernay;;;7.173451;47.80853
68063_0140_00006;6;;Rue de Bretagne;68700;68063;Cernay;;;7.17644;47.798956
68063_0230_00018;18;;Rue des Fabriques;68700;68063;Cernay;;;7.180838;47.808709
68063_0299_00003;3;;Rue des Géraniums;68700;68063;Cernay;;;7.171893;47.806636
68063_0360_00001;1;;Rue Joseph Dépierre;68700;68063;Cernay;;;7.165957;47.812431
68063_0501_00006;6;;Rue de Normandie;68700;68063;Cernay;;;7.171804;47.792697
68063_0878_00003;3;;Rue de Vieux-Thann;68700;68063;Cernay;;;7.152727;47.810912
68063_0560_00007;7;;Rue Raymond Poincaré;68700;68063;Cernay;;;7.175684;47.808497
68063_0910_00067;67;;Rue de Wittelsheim;68700;68063;Cernay;;;7.186992;47.803101
68063_0298_00007;7;;Rue Georges Risler;68700;68063;Cernay;;;7.172493;47.806839
68063_0623_00004;4;;Rue du 4 Février;68700;68063;Cernay;;;7.172344;47.800574
68063_0395_00001;1;;Rue de la Liberté;68700;68063;Cernay;;;7.173968;47.800013
68063_0300_00024_a;24;a;Rue de Graffenwald;68700;68063;Cernay;;;7.187472;47.801067
68063_0335_00009_a;9;a;Rue de l’Industrie;68700;68063;Cernay;;;7.201079;47.791937
68063_0833_00003;3;;Rue des Tilleuls;68700;68063;Cernay;;;7.173514;47.81362
68063_0744_00004;4;;Rue de la Sauge;68700;68063;Cernay;;;7.198495;47.804087
68063_0820_00007;7;;Rue de Thann;68700;68063;Cernay;;;7.173693;47.809683
68063_0700_00003;3;;Impasse Sainte-Barbe;68700;68063;Cernay;;;7.179181;47.807859
68063_0399_00005;5;;Rue du Limousin;68700;68063;Cernay;;;7.177025;47.796295
68063_0397_00008;8;;Rue des Lilas;68700;68063;Cernay;;;7.170003;47.806846
68063_0850_00007;7;;Faubourg d’Uffholtz;68700;68063;Cernay;;;7.176531;47.81149
68063_0770_00016_a;16;a;Rue de Soultz;68700;68063;Cernay;;;7.179698;47.811693
68063_0100_00017_b;17;b;Faubourg de Belfort;68700;68063;Cernay;;;7.174578;47.799417
68063_0922_00008;8;;Rue Camille Oberreiner;68700;68063;Cernay;;;7.169675;47.811538
68063_0770_00037;37;;Rue de Soultz;68700;68063;Cernay;;;7.179081;47.813042
68063_amal2e_00013;13;;Rue d’Aspach;68700;68063;Cernay;;;7.171768;47.800894
68063_0920_00003;3;;Rue Xavier Schaffhauser;68700;68063;Cernay;;;7.173594;47.809028
68063_0120_00006;6;;Rue du Bonhomme;68700;68063;Cernay;;;7.180082;47.812333
68063_0094_00013;13;;Rue des Bâtisseurs;68700;68063;Cernay;;;7.177063;47.800504
68063_0645_00050;50;;Rue René Guibert;68700;68063;Cernay;;;7.166906;47.802389
68063_0890_00149;149;;Faubourg des Vosges;68700;68063;Cernay;;;7.149913;47.810844
68063_0190_00011_b;11;b;Faubourg de Colmar;68700;68063;Cernay;;;7.180525;47.809383
68063_0370_00010;10;;Rue Joseph Vogt;68700;68063;Cernay;;;7.188356;47.813073
68063_0744_00008_d;8;d;Rue de la Sauge;68700;68063;Cernay;;;7.201115;47.804414
68063_0900_00017_a;17;a;Rue de Wattwiller;68700;68063;Cernay;;;7.180459;47.811488
68063_0740_00029;29;;Rue Sandoz;68700;68063;Cernay;;;7.164313;47.807416
68063_0743_00008;8;;Rue des Sarments;68700;68063;Cernay;;;7.168957;47.81443
68063_0225_00051;51;;Rue de l’Europe;68700;68063;Cernay;;;7.19009;47.788496
68063_0336_00006;6;;Impasse de l’Industrie;68700;68063;Cernay;;;7.187592;47.797422
68063_0681_00001;1;;Rue des Romains;68700;68063;Cernay;;;7.194272;47.788567
68063_0420_00021;21;;Rue du Maréchal Foch;68700;68063;Cernay;;;7.172506;47.808407
68063_0230_00077;77;;Rue des Fabriques;68700;68063;Cernay;;;7.190189;47.810337
68063_0210_00044_a;44;a;Rue de la Douane;68700;68063;Cernay;;;7.182598;47.794831
68063_0210_00014;14;;Rue de la Douane;68700;68063;Cernay;;;7.180789;47.797385
68063_0740_00051;51;;Rue Sandoz;68700;68063;Cernay;;;7.162929;47.807335
68063_0163_00007;7;;Rue des Charmilles;68700;68063;Cernay;;;7.17104;47.801035
68063_70a9ra_00001;1;;Impasse des Mésanges;68700;68063;Cernay;;;7.179073;47.810046
68063_0645_00067;67;;Rue René Guibert;68700;68063;Cernay;;;7.163748;47.801427
68063_0750_00046;46;;Rue de Schweighouse;68700;68063;Cernay;;;7.178665;47.797379
68063_0835_00025;25;;Rue des Tirailleurs;68700;68063;Cernay;;;7.17053;47.798953
68063_0297_00020;20;;Rue George Sand;68700;68063;Cernay;;;7.191742;47.810643
68063_0082_00081;81;;Rue d’Auvergne;68700;68063;Cernay;;;7.178812;47.796954
68063_0065_00008_a;8;a;Rue des Artisans;68700;68063;Cernay;;;7.155112;47.810849
68063_0835_00009;9;;Rue des Tirailleurs;68700;68063;Cernay;;;7.170917;47.799656
68063_0335_00008;8;;Rue de l’Industrie;68700;68063;Cernay;;;7.197098;47.793496
68063_0161_00032;32;;Avenue Charles de Gaulle;68700;68063;Cernay;;;7.180692;47.801808
68063_0480_00009;9;;Rue des Moulins;68700;68063;Cernay;;;7.175012;47.807842
68063_0921_00011;11;;Rue des Cèdres;68700;68063;Cernay;;;7.169167;47.809562
68063_0230_00057;57;;Rue des Fabriques;68700;68063;Cernay;;;7.188347;47.809906
68063_0010_00008;8;;Rue des Alpes;68700;68063;Cernay;;;7.183821;47.811709
68063_0050_00007;7;;Rue des Ardennes;68700;68063;Cernay;;;7.184551;47.81165
68063_0270_00004;4;;Rue du Freundstein;68700;68063;Cernay;;;7.181466;47.811779
68063_0180_00002;2;;Rue Clemenceau;68700;68063;Cernay;;;7.176172;47.808915
68063_0680_00006;6;;Rue Roger Preiss;68700;68063;Cernay;;;7.179533;47.810589
68063_0645_00004;4;;Rue René Guibert;68700;68063;Cernay;;;7.174152;47.804518
68063_0210_00012;12;;Rue de la Douane;68700;68063;Cernay;;;7.181196;47.797933
68063_0570_00002;2;;Rue des Prés;68700;68063;Cernay;;;7.176141;47.80653
68063_0110_00012;12;;Rue du Blanchiment;68700;68063;Cernay;;;7.186945;47.810957
68063_0410_00002;2;;Rue de la Mare;68700;68063;Cernay;;;7.176071;47.808062
68063_0537_00003;3;;Rue de Picardie;68700;68063;Cernay;;;7.178126;47.796212
68063_0780_00023;23;;Rue de Steinbach;68700;68063;Cernay;;;7.166297;47.811597
68063_0325_00033;33;;Rue des Hirondelles;68700;68063;Cernay;;;7.168297;47.797232
68063_0820_00009;9;;Rue de Thann;68700;68063;Cernay;;;7.173163;47.809774
68063_0922_00016;16;;Rue Camille Oberreiner;68700;68063;Cernay;;;7.169088;47.812355
68063_0167_00002;2;;Rue des Chênes;68700;68063;Cernay;;;7.17403;47.813433
68063_0157_00009;9;;Rue de la Charité;68700;68063;Cernay;;;7.170464;47.795769
68063_0920_00012;12;;Rue Xavier Schaffhauser;68700;68063;Cernay;;;7.173466;47.808787
68063_0750_00023;23;;Rue de Schweighouse;68700;68063;Cernay;;;7.179259;47.800664
68063_0540_00004;4;;Rue Pierre Burtschell;68700;68063;Cernay;;;7.175387;47.811461
68063_0535_00002;2;;Rue du Peintre Jean-Paul Carrère;68700;68063;Cernay;;;7.186087;47.810327
68063_0100_00021;21;;Faubourg de Belfort;68700;68063;Cernay;;;7.17445;47.799079
68063_0112_00007;7;;Impasse des Bleuets;68700;68063;Cernay;;;7.185023;47.803899
68063_0390_00007;7;;Rue Latouche;68700;68063;Cernay;;;7.173213;47.80899
68063_0299_00008;8;;Rue des Géraniums;68700;68063;Cernay;;;7.171559;47.807009
68063_0910_00079_b;79;b;Rue de Wittelsheim;68700;68063;Cernay;;;7.188425;47.802771
68063_0645_00015;15;;Rue René Guibert;68700;68063;Cernay;;;7.1714;47.802672
68063_0360_00059_b;59;b;Rue Joseph Dépierre;68700;68063;Cernay;;;7.172557;47.814969
68063_0921_00006;6;;Rue des Cèdres;68700;68063;Cernay;;;7.168791;47.809238
68063_0820_00022_c;22;c;Rue de Thann;68700;68063;Cernay;;;7.174205;47.809931
68063_0399_00004;4;;Rue du Limousin;68700;68063;Cernay;;;7.177166;47.796256
68063_0620_00007;7;;Rue des Pyrénées;68700;68063;Cernay;;;7.185501;47.811717
68063_0300_00017;17;;Rue de Graffenwald;68700;68063;Cernay;;;7.187405;47.801241
68063_0770_00002;2;;Rue de Soultz;68700;68063;Cernay;;;7.178483;47.809339
68063_0300_00007;7;;Rue de Graffenwald;68700;68063;Cernay;;;7.186737;47.801822
68063_0155_00008;8;;Rue des Champs;68700;68063;Cernay;;;7.177056;47.80459
68063_0065_00012;12;;Rue des Artisans;68700;68063;Cernay;;;7.153815;47.810437
68063_0110_00016;16;;Rue du Blanchiment;68700;68063;Cernay;;;7.18723;47.810778
68063_0398_00017;17;;Rue du Lot-et-Garonne;68700;68063;Cernay;;;7.175681;47.795829
68063_0780_00003;3;;Rue de Steinbach;68700;68063;Cernay;;;7.167502;47.811068
68063_0880_00007;7;;Rue des Vignes;68700;68063;Cernay;;;7.174617;47.813048
68063_0270_00009;9;;Rue du Freundstein;68700;68063;Cernay;;;7.181741;47.811853
68063_0780_00028;28;;Rue de Steinbach;68700;68063;Cernay;;;7.165156;47.81292
68063_0082_00034;34;;Rue d’Auvergne;68700;68063;Cernay;;;7.176121;47.797477
68063_0130_00002;2;;Rue de Bourgogne;68700;68063;Cernay;;;7.177509;47.798362
68063_0297_00005;5;;Rue George Sand;68700;68063;Cernay;;;7.191154;47.811992
68063_0150_00019;19;;Rue de Champagne;68700;68063;Cernay;;;7.176931;47.799867
68063_0220_00001;1;;Rue de l’Église;68700;68063;Cernay;;;7.175356;47.808103
68063_0740_00061;61;;Rue Sandoz;68700;68063;Cernay;;;7.162504;47.807463
68063_0470_00011;11;;Rue des Montagnes;68700;68063;Cernay;;;7.17065;47.811979
68063_0420_00007;7;;Rue du Maréchal Foch;68700;68063;Cernay;;;7.174478;47.808325
68063_0150_00023;23;;Rue de Champagne;68700;68063;Cernay;;;7.17657;47.799954
68063_0398_00004_a;4;a;Rue du Lot-et-Garonne;68700;68063;Cernay;;;7.173688;47.795448
68063_0750_00040_d;40;d;Rue de Schweighouse;68700;68063;Cernay;;;7.178579;47.797643
68063_0630_00034;34;;Rue du Raisin;68700;68063;Cernay;;;7.169676;47.815226
68063_0890_00225;225;;Faubourg des Vosges;68700;68063;Cernay;;;7.139364;47.808055
68063_0370_00002;2;;Rue Joseph Vogt;68700;68063;Cernay;;;7.187295;47.812813
68063_0690_00003;3;;Rue du Rossberg;68700;68063;Cernay;;;7.181883;47.810972
68063_0161_00040;40;;Avenue Charles de Gaulle;68700;68063;Cernay;;;7.181677;47.800972
68063_0720_00006;6;;Rue Saint-Joseph;68700;68063;Cernay;;;7.176779;47.801862
68063_0850_00022_b;22;b;Faubourg d’Uffholtz;68700;68063;Cernay;;;7.178046;47.812791
68063_0910_00060;60;;Rue de Wittelsheim;68700;68063;Cernay;;;7.187966;47.802391
68063_0540_00001;1;;Rue Pierre Burtschell;68700;68063;Cernay;;;7.175258;47.811479
68063_0100_00047_b;47;b;Faubourg de Belfort;68700;68063;Cernay;;;7.174146;47.797239
68063_0470_00004;4;;Rue des Montagnes;68700;68063;Cernay;;;7.171058;47.810784
68063_0280_00003;3;;Rue de la Gare;68700;68063;Cernay;;;7.174917;47.80205
68063_0161_00047;47;;Avenue Charles de Gaulle;68700;68063;Cernay;;;7.182931;47.800195
68063_0161_00041;41;;Avenue Charles de Gaulle;68700;68063;Cernay;;;7.18243;47.800614
68063_0152_00003;3;;Impasse de la Chapelle;68700;68063;Cernay;;;7.183;47.799547
68063_0420_00001;1;;Rue du Maréchal Foch;68700;68063;Cernay;;;7.175246;47.808591
68063_0560_00051;51;;Rue Raymond Poincaré;68700;68063;Cernay;;;7.176182;47.803966
68063_0190_00019;19;;Faubourg de Colmar;68700;68063;Cernay;;;7.182297;47.809968
68063_0680_00001;1;;Rue Roger Preiss;68700;68063;Cernay;;;7.179149;47.81073
68063_0440_00007;7;;Rue de la Marne;68700;68063;Cernay;;;7.175092;47.811884
68063_0100_00047;47;;Faubourg de Belfort;68700;68063;Cernay;;;7.173586;47.797352
68063_0470_00019_a;19;a;Rue des Montagnes;68700;68063;Cernay;;;7.17037;47.812432
68063_0200_00010;10;;Rue de la Côte 425;68700;68063;Cernay;;;7.169075;47.810177
68063_0161_00025;25;;Avenue Charles de Gaulle;68700;68063;Cernay;;;7.181448;47.801453
68063_0213_00019;19;;Rue des Écuyers;68700;68063;Cernay;;;7.162302;47.801236
68063_0093_00021;21;;Avenue Bartholdi;68700;68063;Cernay;;;7.188012;47.804594
68063_0010_00003;3;;Rue des Alpes;68700;68063;Cernay;;;7.18352;47.811711
68063_0540_00021;21;;Rue Pierre Burtschell;68700;68063;Cernay;;;7.176392;47.812942
68063_0350_00009_a;9;a;Rue James Barbier;68700;68063;Cernay;;;7.176787;47.807403
68063_0755_00002;2;;Rue Soeur Elvine;68700;68063;Cernay;;;7.171483;47.809675
68063_0890_00147;147;;Faubourg des Vosges;68700;68063;Cernay;;;7.150317;47.810946
68063_0780_00013;13;;Rue de Steinbach;68700;68063;Cernay;;;7.16671;47.811528
68063_0880_00013;13;;Rue des Vignes;68700;68063;Cernay;;;7.174416;47.813605
68063_0910_00057;57;;Rue de Wittelsheim;68700;68063;Cernay;;;7.185393;47.803022
68063_0397_00012;12;;Rue des Lilas;68700;68063;Cernay;;;7.169485;47.806806
68063_0433_00007;7;;Rue du Markstein;68700;68063;Cernay;;;7.181099;47.811024
68063_0030_00007;7;;Rue de l’Ancien Hôpital;68700;68063;Cernay;;;7.176334;47.808377
68063_0200_00008;8;;Rue de la Côte 425;68700;68063;Cernay;;;7.169717;47.809624
68063_0530_00026;26;;Rue du Parc;68700;68063;Cernay;;;7.17433;47.80255
68063_0230_00032;32;;Rue des Fabriques;68700;68063;Cernay;;;7.181412;47.808401
68063_0560_00008;8;;Rue Raymond Poincaré;68700;68063;Cernay;;;7.175531;47.808307
68063_0620_00004;4;;Rue des Pyrénées;68700;68063;Cernay;;;7.185388;47.811545
68063_0780_00001;1;;Rue de Steinbach;68700;68063;Cernay;;;7.167866;47.810887
68063_0540_00015;15;;Rue Pierre Burtschell;68700;68063;Cernay;;;7.175846;47.81228
68063_0770_00007;7;;Rue de Soultz;68700;68063;Cernay;;;7.179044;47.810963
68063_0740_00097;97;;Rue Sandoz;68700;68063;Cernay;;;7.160621;47.807532
68063_0730_00006;6;;Rue Saint-Morand;68700;68063;Cernay;;;7.164858;47.813538
68063_0213_00016;16;;Rue des Écuyers;68700;68063;Cernay;;;7.162412;47.80199
68063_amal2e_00031;31;;Rue d’Aspach;68700;68063;Cernay;;;7.170469;47.800533
68063_0535_00008;8;;Rue du Peintre Jean-Paul Carrère;68700;68063;Cernay;;;7.186139;47.809767
68063_0223_00005;5;;Place des Étoiles;68700;68063;Cernay;;;7.160794;47.795299
68063_0510_00022;22;;Rue de la Paix;68700;68063;Cernay;;;7.17413;47.811353
68063_r41wid_00010;10;;Avenue Albert Schweitzer;68700;68063;Cernay;;;7.179017;47.807207
68063_0508_00005;5;;Rue des Orchidées;68700;68063;Cernay;;;7.187915;47.80645
68063_0740_00039;39;;Rue Sandoz;68700;68063;Cernay;;;7.163377;47.807559
68063_0750_00011;11;;Rue de Schweighouse;68700;68063;Cernay;;;7.178317;47.801948
68063_0923_00006;6;;Rue Daniel Eck;68700;68063;Cernay;;;7.185395;47.81023
68063_0645_00007;7;;Rue René Guibert;68700;68063;Cernay;;;7.172221;47.803727
68063_0210_00002;2;;Rue de la Douane;68700;68063;Cernay;;;7.180175;47.799121
68063_r41wid_00005;5;;Avenue Albert Schweitzer;68700;68063;Cernay;;;7.179126;47.807283
68063_0752_00003_b;3;b;Allée des Séquoias;68700;68063;Cernay;;;7.166335;47.810203
68063_0660_00001;1;;Rue du Réservoir;68700;68063;Cernay;;;7.168021;47.813593
68063_0755_00009;9;;Rue Soeur Elvine;68700;68063;Cernay;;;7.171424;47.809555
68063_0910_00041;41;;Rue de Wittelsheim;68700;68063;Cernay;;;7.183784;47.802625
68063_0570_00002_a;2;a;Rue des Prés;68700;68063;Cernay;;;7.175975;47.806548
68063_0480_00001_b;1;b;Rue des Moulins;68700;68063;Cernay;;;7.176599;47.807687
68063_0310_00004;4;;Rue de Guebwiller;68700;68063;Cernay;;;7.17573;47.810544
68063_0665_00014;14;;Rue de la Résistance;68700;68063;Cernay;;;7.172022;47.798549
68063_0240_00033;33;;Rue de la Ferme;68700;68063;Cernay;;;7.168056;47.795708
68063_0921_00005;5;;Rue des Cèdres;68700;68063;Cernay;;;7.16855;47.808858
68063_0165_00004;4;;Rue du Château;68700;68063;Cernay;;;7.173999;47.810968
68063_0111_00011;11;;Rue Blaise Pascal;68700;68063;Cernay;;;7.183688;47.807768
68063_0890_00117;117;;Faubourg des Vosges;68700;68063;Cernay;;;7.154645;47.811637
68063_0082_00021;21;;Rue d’Auvergne;68700;68063;Cernay;;;7.175604;47.797051
68063_0683_00004;4;;Passage des Roses;68700;68063;Cernay;;;7.182348;47.814102
68063_0475_00014;14;;Avenue Montaigne;68700;68063;Cernay;;;7.18469;47.806971
68063_0225_00053_a;53;a;Rue de l’Europe;68700;68063;Cernay;;;7.192077;47.788349
68063_0161_00033_a;33;a;Avenue Charles de Gaulle;68700;68063;Cernay;;;7.182091;47.800903
68063_0920_00016;16;;Rue Xavier Schaffhauser;68700;68063;Cernay;;;7.173379;47.808239
68063_0433_00009;9;;Rue du Markstein;68700;68063;Cernay;;;7.181015;47.811049
68063_amal2e_00011;11;;Rue d’Aspach;68700;68063;Cernay;;;7.171993;47.800938
68063_0050_00005;5;;Rue des Ardennes;68700;68063;Cernay;;;7.184661;47.811498
68063_0140_00008;8;;Rue de Bretagne;68700;68063;Cernay;;;7.176526;47.799124
68063_0180_00006;6;;Rue Clemenceau;68700;68063;Cernay;;;7.176571;47.808921
68063_0591_00004;4;;Rue des Primevères;68700;68063;Cernay;;;7.186725;47.806987
68063_0890_00013;13;;Faubourg des Vosges;68700;68063;Cernay;;;7.170429;47.810261
68063_0325_00019;19;;Rue des Hirondelles;68700;68063;Cernay;;;7.169663;47.797636
68063_0060_00007;7;;Rue de l’Argonne;68700;68063;Cernay;;;7.185141;47.813311
68063_0398_00013;13;;Rue du Lot-et-Garonne;68700;68063;Cernay;;;7.175188;47.795787
68063_0149_00006;6;;Rue des Cavaliers;68700;68063;Cernay;;;7.160731;47.801565
68063_0626_00010;10;;Rue de la 4ème D.M.M.;68700;68063;Cernay;;;7.173372;47.800129
68063_0111_00021;21;;Rue Blaise Pascal;68700;68063;Cernay;;;7.183517;47.808096
68063_0890_00046;46;;Faubourg des Vosges;68700;68063;Cernay;;;7.166235;47.810812
68063_0922_00015;15;;Rue Camille Oberreiner;68700;68063;Cernay;;;7.168643;47.811615
68063_0167_00006;6;;Rue des Chênes;68700;68063;Cernay;;;7.173552;47.813317
68063_0390_00018;18;;Rue Latouche;68700;68063;Cernay;;;7.173103;47.808909
68063_0082_00038;38;;Rue d’Auvergne;68700;68063;Cernay;;;7.176188;47.797604
68063_0560_00049;49;;Rue Raymond Poincaré;68700;68063;Cernay;;;7.176138;47.804067
68063_0780_00009;9;;Rue de Steinbach;68700;68063;Cernay;;;7.166922;47.811391
68063_0690_00013;13;;Rue du Rossberg;68700;68063;Cernay;;;7.183374;47.810966
68063_0041_00019_a;19;a;Rue André Malraux;68700;68063;Cernay;;;7.192409;47.810895
68063_0370_00008;8;;Rue Joseph Vogt;68700;68063;Cernay;;;7.188202;47.812996
68063_0270_00006;6;;Rue du Freundstein;68700;68063;Cernay;;;7.181599;47.811775
68063_0190_00007;7;;Faubourg de Colmar;68700;68063;Cernay;;;7.179845;47.809404
68063_0530_00017;17;;Rue du Parc;68700;68063;Cernay;;;7.174168;47.803041
68063_0900_00017;17;;Rue de Wattwiller;68700;68063;Cernay;;;7.181254;47.811331
68063_0690_00017;17;;Rue du Rossberg;68700;68063;Cernay;;;7.1837;47.810956
68063_0550_00016;16;;Rue des Pins;68700;68063;Cernay;;;7.189618;47.801739
68063_0900_00007;7;;Rue de Wattwiller;68700;68063;Cernay;;;7.181457;47.810587
68063_0206_00006;6;;Rue de Lattre de Tassigny;68700;68063;Cernay;;;7.172737;47.799857
68063_0360_00032;32;;Rue Joseph Dépierre;68700;68063;Cernay;;;7.171534;47.813907
68063_0780_00015;15;;Rue de Steinbach;68700;68063;Cernay;;;7.166614;47.811589
68063_0683_00005;5;;Passage des Roses;68700;68063;Cernay;;;7.182903;47.812839
68063_0280_00005;5;;Rue de la Gare;68700;68063;Cernay;;;7.174787;47.801999
68063_0082_00014;14;;Rue d’Auvergne;68700;68063;Cernay;;;7.177342;47.796586
68063_0820_00002;2;;Rue de Thann;68700;68063;Cernay;;;7.175514;47.809102
68063_0660_00006;6;;Rue du Réservoir;68700;68063;Cernay;;;7.168127;47.813655
68063_0180_00017;17;;Rue Clemenceau;68700;68063;Cernay;;;7.177314;47.808971
68063_0190_00005;5;;Faubourg de Colmar;68700;68063;Cernay;;;7.179787;47.809149
68063_0880_00018;18;;Rue des Vignes;68700;68063;Cernay;;;7.174558;47.813892
68063_0144_00003;3;;Rue de Buhl;68700;68063;Cernay;;;7.188933;47.810301
68063_0650_00002_a;2;a;Rue du Repos;68700;68063;Cernay;;;7.173472;47.810956
68063_0041_00019_b;19;b;Rue André Malraux;68700;68063;Cernay;;;7.192388;47.810955
68063_0173_00005;5;;Rue des Cigognes;68700;68063;Cernay;;;7.189094;47.812639
68063_0910_00017;17;;Rue de Wittelsheim;68700;68063;Cernay;;;7.178657;47.803054
68063_0159_00011;11;;Rue Charles Baudelaire;68700;68063;Cernay;;;7.190851;47.811658
68063_0880_00021;21;;Rue des Vignes;68700;68063;Cernay;;;7.174371;47.814357
68063_0250_00016;16;;Rue des Fleurs;68700;68063;Cernay;;;7.179288;47.801538
68063_0800_00006;6;;Rue de la Teinturerie;68700;68063;Cernay;;;7.186588;47.810547
68063_0530_00005;5;;Rue du Parc;68700;68063;Cernay;;;7.17254;47.803159
68063_0041_00015;15;;Rue André Malraux;68700;68063;Cernay;;;7.192175;47.811253
68063_0393_00017;17;;Rue Léonard Schott;68700;68063;Cernay;;;7.162521;47.806959
68063_0551_00006;6;;Rue des Pinsons;68700;68063;Cernay;;;7.187419;47.810141
68063_0780_00007;7;;Rue de Steinbach;68700;68063;Cernay;;;7.167023;47.811327
68063_0161_00050;50;;Avenue Charles de Gaulle;68700;68063;Cernay;;;7.18393;47.799016
68063_0860_00015;15;;Rue du Ventron;68700;68063;Cernay;;;7.181251;47.812834
68063_0720_00001;1;;Rue Saint-Joseph;68700;68063;Cernay;;;7.176189;47.802107
68063_0540_00006;6;;Rue Pierre Burtschell;68700;68063;Cernay;;;7.175458;47.811591
68063_0748_00005;5;;Rue du Schlaegling;68700;68063;Cernay;;;7.166834;47.815765
68063_0510_00008;8;;Rue de la Paix;68700;68063;Cernay;;;7.177107;47.810917
68063_0397_00009;9;;Rue des Lilas;68700;68063;Cernay;;;7.169901;47.806739
68063_0397_00015;15;;Rue des Lilas;68700;68063;Cernay;;;7.170374;47.806437
68063_0923_00009;9;;Rue Daniel Eck;68700;68063;Cernay;;;7.185238;47.810388
68063_0082_00071;71;;Rue d’Auvergne;68700;68063;Cernay;;;7.177737;47.797232
68063_0150_00008;8;;Rue de Champagne;68700;68063;Cernay;;;7.177964;47.799685
68063_amal2e_00005_a;5;a;Rue d’Aspach;68700;68063;Cernay;;;7.172877;47.800175
68063_0157_00039;39;;Rue de la Charité;68700;68063;Cernay;;;7.168603;47.795779
68063_0082_00008;8;;Rue d’Auvergne;68700;68063;Cernay;;;7.177733;47.796482
68063_0820_00022_b;22;b;Rue de Thann;68700;68063;Cernay;;;7.174159;47.809829
68063_0560_00037;37;;Rue Raymond Poincaré;68700;68063;Cernay;;;7.175454;47.80613
68063_0082_00011;11;;Rue d’Auvergne;68700;68063;Cernay;;;7.176152;47.796772
68063_0770_00005;5;;Rue de Soultz;68700;68063;Cernay;;;7.178772;47.810516
68063_0330_00006;6;;Rue de l’Hôpital;68700;68063;Cernay;;;7.174836;47.807593
68063_0082_00036;36;;Rue d’Auvergne;68700;68063;Cernay;;;7.176153;47.797533
68063_0260_00004;4;;Rue du Fossé;68700;68063;Cernay;;;7.176618;47.808737
68063_0100_00003_b;3;b;Faubourg de Belfort;68700;68063;Cernay;;;7.175925;47.801197
68063_0350_00001;1;;Rue James Barbier;68700;68063;Cernay;;;7.175866;47.807434
68063_0561_00001;1;;Rue du Poitou;68700;68063;Cernay;;;7.174929;47.795577
68063_0620_00001;1;;Rue des Pyrénées;68700;68063;Cernay;;;7.184005;47.811193
68063_0480_00016;16;;Rue des Moulins;68700;68063;Cernay;;;7.174309;47.808014
68063_0300_00012;12;;Rue de Graffenwald;68700;68063;Cernay;;;7.186648;47.801789
68063_0155_00010;10;;Rue des Champs;68700;68063;Cernay;;;7.177323;47.804565
68063_0093_00005;5;;Avenue Bartholdi;68700;68063;Cernay;;;7.184334;47.804292
68063_0553_00006;6;;Avenue de la Plaine;68700;68063;Cernay;;;7.180957;47.795635
68063_0750_00057;57;;Rue de Schweighouse;68700;68063;Cernay;;;7.179639;47.797368
68063_0161_00053;53;;Avenue Charles de Gaulle;68700;68063;Cernay;;;7.183488;47.799708
68063_0360_00026;26;;Rue Joseph Dépierre;68700;68063;Cernay;;;7.171059;47.813685
68063_0060_00012;12;;Rue de l’Argonne;68700;68063;Cernay;;;7.185291;47.813168
68063_0065_00014;14;;Rue des Artisans;68700;68063;Cernay;;;7.153212;47.810237
68063_0420_00002;2;;Rue du Maréchal Foch;68700;68063;Cernay;;;7.173809;47.808724
68063_0360_00047;47;;Rue Joseph Dépierre;68700;68063;Cernay;;;7.171592;47.814045
68063_0161_00069_d;69;d;Avenue Charles de Gaulle;68700;68063;Cernay;;;7.18569;47.799271
68063_0877_00001;1;;Rue du Vieil Armand;68700;68063;Cernay;;;7.175699;47.809258
68063_0890_00045;45;;Faubourg des Vosges;68700;68063;Cernay;;;7.164855;47.810839
68063_0890_00038;38;;Faubourg des Vosges;68700;68063;Cernay;;;7.167535;47.810449
68063_0100_00067;67;;Faubourg de Belfort;68700;68063;Cernay;;;7.172524;47.795273
68063_0690_00009;9;;Rue du Rossberg;68700;68063;Cernay;;;7.183069;47.810966
68063_0215_00014;14;;Rue Edmond Rogelet;68700;68063;Cernay;;;7.190201;47.811661
68063_0645_00059;59;;Rue René Guibert;68700;68063;Cernay;;;7.164834;47.801989
68063_0860_00017;17;;Rue du Ventron;68700;68063;Cernay;;;7.180985;47.812752
68063_0841_00005;5;;Rue des Tulipes;68700;68063;Cernay;;;7.186383;47.80692
68063_0860_00001;1;;Rue du Ventron;68700;68063;Cernay;;;7.182379;47.81211
68063_0740_00001;1;;Rue Sandoz;68700;68063;Cernay;;;7.17062;47.807949
68063_0750_00007;7;;Rue de Schweighouse;68700;68063;Cernay;;;7.178074;47.802291
68063_0330_00020;20;;Rue de l’Hôpital;68700;68063;Cernay;;;7.17377;47.807717
68063_0920_00009;9;;Rue Xavier Schaffhauser;68700;68063;Cernay;;;7.173538;47.808419
68063_0120_00001_b;1;b;Rue du Bonhomme;68700;68063;Cernay;;;7.179969;47.812419
68063_0397_00017;17;;Rue des Lilas;68700;68063;Cernay;;;7.170399;47.806362
68063_0082_00007_a;7;a;Rue d’Auvergne;68700;68063;Cernay;;;7.176602;47.796662
68063_0493_00002_b;2;b;Impasse des Mûriers;68700;68063;Cernay;;;7.167638;47.802121
68063_0325_00021;21;;Rue des Hirondelles;68700;68063;Cernay;;;7.169401;47.797699
68063_0880_00023;23;;Rue des Vignes;68700;68063;Cernay;;;7.174245;47.814685
68063_0750_00032;32;;Rue de Schweighouse;68700;68063;Cernay;;;7.179361;47.798304
68063_0152_00004;4;;Impasse de la Chapelle;68700;68063;Cernay;;;7.18273;47.799491
68063_0190_00051;51;;Faubourg de Colmar;68700;68063;Cernay;;;7.188242;47.811837
68063_0065_00010;10;;Rue des Artisans;68700;68063;Cernay;;;7.15484;47.810778
68063_0335_00030;30;;Rue de l’Industrie;68700;68063;Cernay;;;7.186667;47.798342
68063_0093_00009;9;;Avenue Bartholdi;68700;68063;Cernay;;;7.184913;47.8044
68063_0100_00033;33;;Faubourg de Belfort;68700;68063;Cernay;;;7.174108;47.798478
68063_0161_00055_b;55;b;Avenue Charles de Gaulle;68700;68063;Cernay;;;7.184345;47.800096
68063_0144_00032;32;;Rue de Buhl;68700;68063;Cernay;;;7.189247;47.811837
68063_0180_00021;21;;Rue Clemenceau;68700;68063;Cernay;;;7.178073;47.808929
68063_0065_00001;1;;Rue des Artisans;68700;68063;Cernay;;;7.157914;47.811499
68063_0144_00009;9;;Rue de Buhl;68700;68063;Cernay;;;7.1893;47.810961
68063_0910_00025;25;;Rue de Wittelsheim;68700;68063;Cernay;;;7.179707;47.802907
68063_0830_00023;23;;Rue de la Thur;68700;68063;Cernay;;;7.176204;47.804447
68063_0041_00011;11;;Rue André Malraux;68700;68063;Cernay;;;7.192057;47.811645
68063_0750_00053;53;;Rue de Schweighouse;68700;68063;Cernay;;;7.17963;47.797504
68063_0094_00002;2;;Rue des Bâtisseurs;68700;68063;Cernay;;;7.17874;47.800213
68063_0240_00023;23;;Rue de la Ferme;68700;68063;Cernay;;;7.167438;47.796299
68063_0645_00011;11;;Rue René Guibert;68700;68063;Cernay;;;7.17169;47.803295
68063_0551_00028;28;;Rue des Pinsons;68700;68063;Cernay;;;7.18861;47.81087
68063_0407_00003;3;;Rue du Manège;68700;68063;Cernay;;;7.165339;47.801622
68063_0325_00029;29;;Rue des Hirondelles;68700;68063;Cernay;;;7.168452;47.797343
68063_0200_00009;9;;Rue de la Côte 425;68700;68063;Cernay;;;7.170082;47.809262
68063_0833_00011;11;;Rue des Tilleuls;68700;68063;Cernay;;;7.173487;47.814448
68063_0230_00036;36;;Rue des Fabriques;68700;68063;Cernay;;;7.181327;47.808744
68063_0161_00051_b;51;b;Avenue Charles de Gaulle;68700;68063;Cernay;;;7.18409;47.799878
68063_0400_00002;2;;Rue de Lutterbach;68700;68063;Cernay;;;7.181965;47.801292
68063_0111_00007;7;;Rue Blaise Pascal;68700;68063;Cernay;;;7.183175;47.807691
68063_0890_00221_a;221;a;Faubourg des Vosges;68700;68063;Cernay;;;7.140247;47.807876
68063_70a9ra_00002;2;;Impasse des Mésanges;68700;68063;Cernay;;;7.17913;47.809818
68063_0010_00010;10;;Rue des Alpes;68700;68063;Cernay;;;7.18404;47.811782
68063_0880_00012;12;;Rue des Vignes;68700;68063;Cernay;;;7.174625;47.813443
68063_0161_00023;23;;Avenue Charles de Gaulle;68700;68063;Cernay;;;7.181327;47.801555
68063_0370_00011;11;;Rue Joseph Vogt;68700;68063;Cernay;;;7.188217;47.81324
68063_0620_00003;3;;Rue des Pyrénées;68700;68063;Cernay;;;7.184254;47.811268
68063_0190_00024;24;;Faubourg de Colmar;68700;68063;Cernay;;;7.186386;47.811066
68063_0391_00005;5;;Rue du Laurier;68700;68063;Cernay;;;7.195748;47.803439
68063_0910_00036;36;;Rue de Wittelsheim;68700;68063;Cernay;;;7.182465;47.802498
68063_0750_00069_b;69;b;Rue de Schweighouse;68700;68063;Cernay;;;7.180552;47.796344
68063_0560_00006;6;;Rue Raymond Poincaré;68700;68063;Cernay;;;7.175531;47.808386
68063_0740_00123;123;;Rue Sandoz;68700;68063;Cernay;;;7.15799;47.807686
68063_0900_00015;15;;Rue de Wattwiller;68700;68063;Cernay;;;7.181358;47.811121
68063_0360_00004;4;;Rue Joseph Dépierre;68700;68063;Cernay;;;7.16709;47.812549
68063_0082_00073;73;;Rue d’Auvergne;68700;68063;Cernay;;;7.177929;47.797176
68063_0320_00002;2;;Rue Haffner;68700;68063;Cernay;;;7.176536;47.809761
68063_0690_00005;5;;Rue du Rossberg;68700;68063;Cernay;;;7.18224;47.810967
68063_0340_00003;3;;Rue Ingold;68700;68063;Cernay;;;7.17428;47.808382
68063_0493_00006;6;;Impasse des Mûriers;68700;68063;Cernay;;;7.168006;47.80176
68063_0070_00009;9;;Rue de l’Asile;68700;68063;Cernay;;;7.17163;47.798051
68063_0570_00001_b;1;b;Rue des Prés;68700;68063;Cernay;;;7.17603;47.806621
68063_0190_00038;38;;Faubourg de Colmar;68700;68063;Cernay;;;7.187554;47.811423
68063_0890_00003;3;;Faubourg des Vosges;68700;68063;Cernay;;;7.171822;47.810027
68063_0082_00051;51;;Rue d’Auvergne;68700;68063;Cernay;;;7.175132;47.798123
68063_0510_00021;21;;Rue de la Paix;68700;68063;Cernay;;;7.172251;47.811145
68063_0560_00042;42;;Rue Raymond Poincaré;68700;68063;Cernay;;;7.175891;47.803993
68063_0880_00014_a;14;a;Rue des Vignes;68700;68063;Cernay;;;7.174596;47.813547
68063_0407_00011;11;;Rue du Manège;68700;68063;Cernay;;;7.16475;47.801451
68063_0250_00016_b;16;b;Rue des Fleurs;68700;68063;Cernay;;;7.179666;47.801697
68063_0398_00006;6;;Rue du Lot-et-Garonne;68700;68063;Cernay;;;7.174282;47.795717
68063_0206_00001;1;;Rue de Lattre de Tassigny;68700;68063;Cernay;;;7.173536;47.799169
68063_0770_00022;22;;Rue de Soultz;68700;68063;Cernay;;;7.17944;47.8126
68063_0475_00041;41;;Avenue Montaigne;68700;68063;Cernay;;;7.189157;47.808802
68063_0299_00012;12;;Rue des Géraniums;68700;68063;Cernay;;;7.171404;47.807361
68063_0230_00041;41;;Rue des Fabriques;68700;68063;Cernay;;;7.184302;47.809277
68063_0094_00007;7;;Rue des Bâtisseurs;68700;68063;Cernay;;;7.177654;47.80056
68063_0530_00011;11;;Rue du Parc;68700;68063;Cernay;;;7.173341;47.803137
68063_0843_00001;1;;Impasse du Trèfle;68700;68063;Cernay;;;7.182708;47.799936
68063_0740_00127;127;;Rue Sandoz;68700;68063;Cernay;;;7.157662;47.807665
68063_0520_00008;8;;Rue du Paradis;68700;68063;Cernay;;;7.174904;47.810589
68063_0541_00024_a;24;a;Rue Pierre et Marie Curie;68700;68063;Cernay;;;7.185993;47.804473
68063_0130_00012;12;;Rue de Bourgogne;68700;68063;Cernay;;;7.177791;47.798935
68063_0180_00017_b;17;b;Rue Clemenceau;68700;68063;Cernay;;;7.17759;47.808976
68063_0225_00023;23;;Rue de l’Europe;68700;68063;Cernay;;;7.185093;47.792961
68063_0161_00037;37;;Avenue Charles de Gaulle;68700;68063;Cernay;;;7.182176;47.800828
68063_0100_00016_a;16;a;Faubourg de Belfort;68700;68063;Cernay;;;7.171855;47.795203
68063_0750_00004;4;;Rue de Schweighouse;68700;68063;Cernay;;;7.177614;47.802653
68063_0560_00003;3;;Rue Raymond Poincaré;68700;68063;Cernay;;;7.175712;47.808735
68063_0360_00005;5;;Rue Joseph Dépierre;68700;68063;Cernay;;;7.166909;47.812607
68063_0185_00006;6;;Rue des Collines;68700;68063;Cernay;;;7.166649;47.814397
68063_0490_00054;54;;Rue de Mulhouse;68700;68063;Cernay;;;7.186891;47.799327
68063_0094_00023;23;;Rue des Bâtisseurs;68700;68063;Cernay;;;7.176264;47.800783
68063_0420_00005;5;;Rue du Maréchal Foch;68700;68063;Cernay;;;7.174709;47.808609
68063_0561_00003;3;;Rue du Poitou;68700;68063;Cernay;;;7.174834;47.795429
68063_0090_00014;14;;Rue du Ballon;68700;68063;Cernay;;;7.175768;47.812792
68063_0910_00050;50;;Rue de Wittelsheim;68700;68063;Cernay;;;7.184877;47.802483
68063_0323_00010;10;;Rue des Hérons;68700;68063;Cernay;;;7.18975;47.813339
68063_0537_00001;1;;Rue de Picardie;68700;68063;Cernay;;;7.178145;47.796053
68063_0100_00053;53;;Faubourg de Belfort;68700;68063;Cernay;;;7.173337;47.79689
68063_0630_00012;12;;Rue du Raisin;68700;68063;Cernay;;;7.167939;47.815097
68063_0600_00016;16;;Rue de Provence;68700;68063;Cernay;;;7.177116;47.79823
68063_0878_00013;13;;Rue de Vieux-Thann;68700;68063;Cernay;;;7.153487;47.809194
68063_0161_00001;1;;Avenue Charles de Gaulle;68700;68063;Cernay;;;7.178944;47.80278
68063_0100_00003;3;;Faubourg de Belfort;68700;68063;Cernay;;;7.175521;47.800818
68063_0920_00005;5;;Rue Xavier Schaffhauser;68700;68063;Cernay;;;7.173593;47.80895
68063_0770_00020;20;;Rue de Soultz;68700;68063;Cernay;;;7.179504;47.812258
68063_0650_00007;7;;Rue du Repos;68700;68063;Cernay;;;7.172773;47.810686
68063_0360_00029;29;;Rue Joseph Dépierre;68700;68063;Cernay;;;7.168866;47.813236
68063_0213_00013;13;;Rue des Écuyers;68700;68063;Cernay;;;7.162908;47.801123
68063_r41wid_00020;20;;Avenue Albert Schweitzer;68700;68063;Cernay;;;7.181601;47.807064
68063_0210_00031_a;31;a;Rue de la Douane;68700;68063;Cernay;;;7.183045;47.797197
68063_0910_00018;18;;Rue de Wittelsheim;68700;68063;Cernay;;;7.180104;47.802728
68063_0144_00005;5;;Rue de Buhl;68700;68063;Cernay;;;7.189387;47.810596
68063_0910_00071;71;;Rue de Wittelsheim;68700;68063;Cernay;;;7.187189;47.802548
68063_0093_00002;2;;Avenue Bartholdi;68700;68063;Cernay;;;7.18333;47.803906
68063_0645_00029_a;29;a;Rue René Guibert;68700;68063;Cernay;;;7.168755;47.802408
68063_0161_00010;10;;Avenue Charles de Gaulle;68700;68063;Cernay;;;7.178599;47.80276
68063_0260_00007;7;;Rue du Fossé;68700;68063;Cernay;;;7.176867;47.809461
68063_0094_00012;12;;Rue des Bâtisseurs;68700;68063;Cernay;;;7.177604;47.800683
68063_0480_00008;8;;Rue des Moulins;68700;68063;Cernay;;;7.175104;47.807913
68063_0560_00018;18;;Rue Raymond Poincaré;68700;68063;Cernay;;;7.175506;47.807752
68063_0692_00001;1;;Rue du Roussillon;68700;68063;Cernay;;;7.176113;47.795721
68063_0841_00003;3;;Rue des Tulipes;68700;68063;Cernay;;;7.186157;47.807066
68063_0560_00023;23;;Rue Raymond Poincaré;68700;68063;Cernay;;;7.175653;47.807584
68063_0398_00021;21;;Rue du Lot-et-Garonne;68700;68063;Cernay;;;7.177605;47.795986
68063_0890_00153;153;;Faubourg des Vosges;68700;68063;Cernay;;;7.149403;47.810727
68063_0260_00023;23;;Rue du Fossé;68700;68063;Cernay;;;7.176657;47.808413
68063_0780_00019;19;;Rue de Steinbach;68700;68063;Cernay;;;7.166197;47.811502
68063_0230_00017;17;;Rue des Fabriques;68700;68063;Cernay;;;7.181248;47.808829
68063_0312_00020;20;;Rue Gustave Eiffel;68700;68063;Cernay;;;7.183012;47.804547
68063_0172_00006;6;;Impasse des Cigognes;68700;68063;Cernay;;;7.188354;47.812343
68063_0780_00029;29;;Rue de Steinbach;68700;68063;Cernay;;;7.166005;47.811896
68063_0155_00016;16;;Rue des Champs;68700;68063;Cernay;;;7.178076;47.804078
68063_0850_00016;16;;Faubourg d’Uffholtz;68700;68063;Cernay;;;7.17711;47.812619
68063_0620_00008;8;;Rue des Pyrénées;68700;68063;Cernay;;;7.185621;47.81165
68063_0875_00017;17;;Rue de la Victoire;68700;68063;Cernay;;;7.171128;47.798687
68063_0645_00065;65;;Rue René Guibert;68700;68063;Cernay;;;7.163809;47.801615
68063_0875_00004_b;4;b;Rue de la Victoire;68700;68063;Cernay;;;7.170739;47.798544
68063_0850_00021;21;;Faubourg d’Uffholtz;68700;68063;Cernay;;;7.17716;47.813068
68063_0665_00012;12;;Rue de la Résistance;68700;68063;Cernay;;;7.172079;47.798651
68063_0172_00004;4;;Impasse des Cigognes;68700;68063;Cernay;;;7.188507;47.812324
68063_0336_00018;18;;Impasse de l’Industrie;68700;68063;Cernay;;;7.187518;47.797803
68063_0510_00007_b;7;b;Rue de la Paix;68700;68063;Cernay;;;7.177094;47.810106
68063_0161_00014;14;;Avenue Charles de Gaulle;68700;68063;Cernay;;;7.178872;47.802648
68063_0297_00007;7;;Rue George Sand;68700;68063;Cernay;;;7.191124;47.811604
68063_0645_00052;52;;Rue René Guibert;68700;68063;Cernay;;;7.166733;47.802351
68063_0540_00010;10;;Rue Pierre Burtschell;68700;68063;Cernay;;;7.176356;47.812731
68063_0360_00003_a;3;a;Rue Joseph Dépierre;68700;68063;Cernay;;;7.166753;47.812556
68063_0161_00027;27;;Avenue Charles de Gaulle;68700;68063;Cernay;;;7.18159;47.801331
68063_0130_00005;5;;Rue de Bourgogne;68700;68063;Cernay;;;7.177637;47.798866
68063_jlzcon_00001;1;;Rue Roger Hassenforder;68700;68063;Cernay;;;7.171;47.803987
68063_0325_00007;7;;Rue des Hirondelles;68700;68063;Cernay;;;7.169716;47.797882
68063_0433_00025;25;;Rue du Markstein;68700;68063;Cernay;;;7.180292;47.811186
68063_0860_00014;14;;Rue du Ventron;68700;68063;Cernay;;;7.182616;47.81247
68063_0230_00028;28;;Rue des Fabriques;68700;68063;Cernay;;;7.181167;47.808382
68063_0830_00004;4;;Rue de la Thur;68700;68063;Cernay;;;7.176303;47.804482
68063_0157_00041;41;;Rue de la Charité;68700;68063;Cernay;;;7.168355;47.79567
68063_0623_00008;8;;Rue du 4 Février;68700;68063;Cernay;;;7.172242;47.800366
68063_0210_00029;29;;Rue de la Douane;68700;68063;Cernay;;;7.181937;47.797118
68063_0470_00034;34;;Rue des Montagnes;68700;68063;Cernay;;;7.1689;47.815604
68063_0250_00012;12;;Rue des Fleurs;68700;68063;Cernay;;;7.179689;47.801365
68063_0850_00026;26;;Faubourg d’Uffholtz;68700;68063;Cernay;;;7.177478;47.813322
68063_0146_00026;26;;Rue du Cercle;68700;68063;Cernay;;;7.173602;47.809985
68063_0470_00027;27;;Rue des Montagnes;68700;68063;Cernay;;;7.169689;47.813805
68063_0149_00002;2;;Rue des Cavaliers;68700;68063;Cernay;;;7.16075;47.801885
68063_0230_00047;47;;Rue des Fabriques;68700;68063;Cernay;;;7.185783;47.809427
68063_0520_00016;16;;Rue du Paradis;68700;68063;Cernay;;;7.175122;47.810978
68063_0060_00001;1;;Rue de l’Argonne;68700;68063;Cernay;;;7.185233;47.812742
68063_0100_00071_a;71;a;Faubourg de Belfort;68700;68063;Cernay;;;7.172337;47.794921
68063_0830_00019;19;;Rue de la Thur;68700;68063;Cernay;;;7.17628;47.804245
68063_0172_00002_a;2;a;Impasse des Cigognes;68700;68063;Cernay;;;7.188659;47.812389
68063_0020_00003;3;;Rue Amélie Zurcher;68700;68063;Cernay;;;7.186587;47.811976
68063_0082_00079;79;;Rue d’Auvergne;68700;68063;Cernay;;;7.178554;47.797018
68063_0645_00003;3;;Rue René Guibert;68700;68063;Cernay;;;7.173413;47.804064
68063_0744_00010_a;10;a;Rue de la Sauge;68700;68063;Cernay;;;7.201407;47.804534
68063_0890_00052;52;;Faubourg des Vosges;68700;68063;Cernay;;;7.165033;47.810978
68063_0770_00010;10;;Rue de Soultz;68700;68063;Cernay;;;7.179572;47.811056
68063_0110_00004;4;;Rue du Blanchiment;68700;68063;Cernay;;;7.186421;47.810785
68063_0370_00009;9;;Rue Joseph Vogt;68700;68063;Cernay;;;7.188098;47.813063
68063_0094_00006;6;;Rue des Bâtisseurs;68700;68063;Cernay;;;7.178298;47.800475
68063_0910_00045_a;45;a;Rue de Wittelsheim;68700;68063;Cernay;;;7.184615;47.80329
68063_0665_00010;10;;Rue de la Résistance;68700;68063;Cernay;;;7.172125;47.798732
68063_0910_00039;39;;Rue de Wittelsheim;68700;68063;Cernay;;;7.183288;47.802625
68063_0210_00021_c;21;c;Rue de la Douane;68700;68063;Cernay;;;7.181186;47.798374
68063_0407_00015;15;;Rue du Manège;68700;68063;Cernay;;;7.164322;47.801372
68063_0070_00015;15;;Rue de l’Asile;68700;68063;Cernay;;;7.17115;47.798149
68063_0880_00031;31;;Rue des Vignes;68700;68063;Cernay;;;7.173255;47.815741
68063_0225_00047;47;;Rue de l’Europe;68700;68063;Cernay;;;7.191722;47.787198
68063_0623_00002;2;;Rue du 4 Février;68700;68063;Cernay;;;7.172388;47.800673
68063_0045_00003;3;;Rue d'Aquitaine;68700;68063;Cernay;;;7.174547;47.795332
68063_jlzcon_00008;8;;Rue Roger Hassenforder;68700;68063;Cernay;;;7.167491;47.804791
68063_0390_00022;22;;Rue Latouche;68700;68063;Cernay;;;7.173038;47.808578
68063_0551_00001;1;;Rue des Pinsons;68700;68063;Cernay;;;7.187601;47.809885
68063_0541_00003;3;;Rue Pierre et Marie Curie;68700;68063;Cernay;;;7.183357;47.805126
68063_0213_00033;33;;Rue des Écuyers;68700;68063;Cernay;;;7.162262;47.801966
68063_0623_00012;12;;Rue du 4 Février;68700;68063;Cernay;;;7.172138;47.800168
68063_0015_00016;16;;Avenue d’Alsace;68700;68063;Cernay;;;7.16299;47.796089
68063_0752_00034;34;;Allée des Séquoias;68700;68063;Cernay;;;7.166888;47.808444
68063_0111_00014;14;;Rue Blaise Pascal;68700;68063;Cernay;;;7.183346;47.807347
68063_0570_00014;14;;Rue des Prés;68700;68063;Cernay;;;7.178294;47.806372
68063_0875_00004_a;4;a;Rue de la Victoire;68700;68063;Cernay;;;7.170821;47.798526
68063_0100_00047_a;47;a;Faubourg de Belfort;68700;68063;Cernay;;;7.174093;47.797123
68063_0225_00001;1;;Rue de l’Europe;68700;68063;Cernay;;;7.187314;47.795137
68063_0750_00032_a;32;a;Rue de Schweighouse;68700;68063;Cernay;;;7.179395;47.798175
68063_0270_00007;7;;Rue du Freundstein;68700;68063;Cernay;;;7.181612;47.811854
68063_0600_00006;6;;Rue de Provence;68700;68063;Cernay;;;7.175815;47.798448
68063_0493_00004;4;;Impasse des Mûriers;68700;68063;Cernay;;;7.167853;47.801806
68063_0161_00085;85;;Avenue Charles de Gaulle;68700;68063;Cernay;;;7.185522;47.798039
68063_0323_00007;7;;Rue des Hérons;68700;68063;Cernay;;;7.189685;47.813257
68063_0223_00004;4;;Place des Étoiles;68700;68063;Cernay;;;7.160364;47.795806
68063_0835_00001_a;1;a;Rue des Tirailleurs;68700;68063;Cernay;;;7.171458;47.800599
68063_0760_00002;2;;Rue de la Somme;68700;68063;Cernay;;;7.176368;47.812392
68063_0093_00006;6;;Avenue Bartholdi;68700;68063;Cernay;;;7.183925;47.804026
68063_0323_00006;6;;Rue des Hérons;68700;68063;Cernay;;;7.190399;47.812881
68063_0398_00004_b;4;b;Rue du Lot-et-Garonne;68700;68063;Cernay;;;7.173867;47.795641
68063_0875_00002_a;2;a;Rue de la Victoire;68700;68063;Cernay;;;7.171679;47.800031
68063_0470_00037;37;;Rue des Montagnes;68700;68063;Cernay;;;7.169284;47.814827
68063_0610_00014;14;;Rue des Puits;68700;68063;Cernay;;;7.168175;47.812248
68063_0520_00013_a;13;a;Rue du Paradis;68700;68063;Cernay;;;7.174891;47.810839
68063_0490_00026;26;;Rue de Mulhouse;68700;68063;Cernay;;;7.184776;47.800882
68063_0082_00007_b;7;b;Rue d’Auvergne;68700;68063;Cernay;;;7.176742;47.796631
68063_0900_00027;27;;Rue de Wattwiller;68700;68063;Cernay;;;7.18086;47.81209
68063_0570_00004;4;;Rue des Prés;68700;68063;Cernay;;;7.176298;47.806506
68063_0161_00019;19;;Avenue Charles de Gaulle;68700;68063;Cernay;;;7.181148;47.801704
68063_0093_00010;10;;Avenue Bartholdi;68700;68063;Cernay;;;7.186796;47.804075
68063_0841_00004;4;;Rue des Tulipes;68700;68063;Cernay;;;7.185014;47.807523
68063_0310_00005;5;;Rue de Guebwiller;68700;68063;Cernay;;;7.175664;47.810668
68063_0360_00002;2;;Rue Joseph Dépierre;68700;68063;Cernay;;;7.166051;47.812329
68063_0493_00001;1;;Impasse des Mûriers;68700;68063;Cernay;;;7.167916;47.802151
68063_0190_00010;10;;Faubourg de Colmar;68700;68063;Cernay;;;7.180789;47.80928
68063_0407_00027;27;;Rue du Manège;68700;68063;Cernay;;;7.164314;47.801929
68063_0185_00011;11;;Rue des Collines;68700;68063;Cernay;;;7.166503;47.81436
68063_0748_00011;11;;Rue du Schlaegling;68700;68063;Cernay;;;7.166127;47.815308
68063_0082_00045;45;;Rue d’Auvergne;68700;68063;Cernay;;;7.175336;47.798294
68063_0157_00031;31;;Rue de la Charité;68700;68063;Cernay;;;7.169608;47.795514
68063_0100_00001;1;;Faubourg de Belfort;68700;68063;Cernay;;;7.176452;47.803149
68063_0750_00005;5;;Rue de Schweighouse;68700;68063;Cernay;;;7.177895;47.802498
68063_0320_00017;17;;Rue Haffner;68700;68063;Cernay;;;7.17388;47.810338
68063_0875_00003;3;;Rue de la Victoire;68700;68063;Cernay;;;7.171418;47.799224
68063_0755_00003;3;;Rue Soeur Elvine;68700;68063;Cernay;;;7.171628;47.809777
68063_0144_00002;2;;Rue de Buhl;68700;68063;Cernay;;;7.189647;47.810289
68063_0923_00001;1;;Rue Daniel Eck;68700;68063;Cernay;;;7.18596;47.810716
68063_0148_00006;6;;Impasse des Cerisiers;68700;68063;Cernay;;;7.168102;47.814305
68063_0150_00005;5;;Rue de Champagne;68700;68063;Cernay;;;7.178041;47.799842
68063_0850_00030;30;;Faubourg d’Uffholtz;68700;68063;Cernay;;;7.177958;47.813068
68063_0391_00006;6;;Rue du Laurier;68700;68063;Cernay;;;7.19596;47.804567
68063_0760_00005;5;;Rue de la Somme;68700;68063;Cernay;;;7.175735;47.812515
68063_0630_00037;37;;Rue du Raisin;68700;68063;Cernay;;;7.169591;47.815292
68063_0200_00009_a;9;a;Rue de la Côte 425;68700;68063;Cernay;;;7.170057;47.809277
68063_0750_00066_a;66;a;Rue de Schweighouse;68700;68063;Cernay;;;7.179794;47.795343
68063_0230_00068_a;68;a;Rue des Fabriques;68700;68063;Cernay;;;7.189923;47.810134
68063_0876_00006_a;6;a;Rue Victor Hugo;68700;68063;Cernay;;;7.193226;47.811825
68063_0876_00005;5;;Rue Victor Hugo;68700;68063;Cernay;;;7.193269;47.812224
68063_0770_00012;12;;Rue de Soultz;68700;68063;Cernay;;;7.179274;47.811141
68063_0510_00011;11;;Rue de la Paix;68700;68063;Cernay;;;7.173412;47.81141
68063_0210_00046;46;;Rue de la Douane;68700;68063;Cernay;;;7.182655;47.794637
68063_0070_00029;29;;Rue de l’Asile;68700;68063;Cernay;;;7.169193;47.798457
68063_0298_00012;12;;Rue Georges Risler;68700;68063;Cernay;;;7.171919;47.807957
68063_0260_00003;3;;Rue du Fossé;68700;68063;Cernay;;;7.176894;47.809572
68063_0433_00015;15;;Rue du Markstein;68700;68063;Cernay;;;7.180763;47.811125
68063_0111_00013;13;;Rue Blaise Pascal;68700;68063;Cernay;;;7.183568;47.807821
68063_0070_00033;33;;Rue de l’Asile;68700;68063;Cernay;;;7.168658;47.798583
68063_0213_00031;31;;Rue des Écuyers;68700;68063;Cernay;;;7.162231;47.801802
68063_0875_00005;5;;Rue de la Victoire;68700;68063;Cernay;;;7.171345;47.799088
68063_0082_00054;54;;Rue d’Auvergne;68700;68063;Cernay;;;7.176512;47.797428
68063_0160_00010;10;;Rue Charles Baudry;68700;68063;Cernay;;;7.169872;47.809806
68063_0835_00002;2;;Rue des Tirailleurs;68700;68063;Cernay;;;7.171075;47.800272
68063_0150_00021;21;;Rue de Champagne;68700;68063;Cernay;;;7.176707;47.799915
68063_0398_00007;7;;Rue du Lot-et-Garonne;68700;68063;Cernay;;;7.174559;47.795801
68063_0750_00049;49;;Rue de Schweighouse;68700;68063;Cernay;;;7.179592;47.797798
68063_0161_00044_a;44;a;Avenue Charles de Gaulle;68700;68063;Cernay;;;7.182731;47.800076
68063_0310_00001;1;;Rue de Guebwiller;68700;68063;Cernay;;;7.175548;47.810462
68063_0100_00037;37;;Faubourg de Belfort;68700;68063;Cernay;;;7.173959;47.798146
68063_0100_00037_b;37;b;Faubourg de Belfort;68700;68063;Cernay;;;7.174449;47.798025
68063_0910_00061;61;;Rue de Wittelsheim;68700;68063;Cernay;;;7.186401;47.80255
68063_0690_00011;11;;Rue du Rossberg;68700;68063;Cernay;;;7.183231;47.810967
68063_0630_00050;50;;Rue du Raisin;68700;68063;Cernay;;;7.171753;47.81541
68063_0390_00008;8;;Rue Latouche;68700;68063;Cernay;;;7.173184;47.809445
68063_0093_00008;8;;Avenue Bartholdi;68700;68063;Cernay;;;7.184924;47.804225
68063_0335_00024;24;;Rue de l’Industrie;68700;68063;Cernay;;;7.186989;47.797534
68063_0190_00027;27;;Faubourg de Colmar;68700;68063;Cernay;;;7.183553;47.810333
68063_0620_00006;6;;Rue des Pyrénées;68700;68063;Cernay;;;7.185593;47.811566
68063_0100_00004;4;;Faubourg de Belfort;68700;68063;Cernay;;;7.173131;47.797337
68063_0460_00003;3;;Rue du Molkenrain;68700;68063;Cernay;;;7.181884;47.81134
68063_0260_00002_a;2;a;Rue du Fossé;68700;68063;Cernay;;;7.17673;47.80939
68063_0860_00006;6;;Rue du Ventron;68700;68063;Cernay;;;7.182731;47.811649
68063_0740_00062_a;62;a;Rue Sandoz;68700;68063;Cernay;;;7.159948;47.807805
68063_0750_00067_a;67;a;Rue de Schweighouse;68700;68063;Cernay;;;7.179909;47.796447
68063_0163_00003;3;;Rue des Charmilles;68700;68063;Cernay;;;7.171779;47.801237
68063_0750_00043_a;43;a;Rue de Schweighouse;68700;68063;Cernay;;;7.179554;47.798218
68063_0910_00011;11;;Rue de Wittelsheim;68700;68063;Cernay;;;7.177984;47.80315
68063_0330_00018;18;;Rue de l’Hôpital;68700;68063;Cernay;;;7.173843;47.807713
68063_0744_00006;6;;Rue de la Sauge;68700;68063;Cernay;;;7.200168;47.804063
68063_0094_00024;24;;Rue des Bâtisseurs;68700;68063;Cernay;;;7.176651;47.800917
68063_0740_00093;93;;Rue Sandoz;68700;68063;Cernay;;;7.161089;47.807431
68063_0161_00071;71;;Avenue Charles de Gaulle;68700;68063;Cernay;;;7.184562;47.798809
68063_0082_00058;58;;Rue d’Auvergne;68700;68063;Cernay;;;7.176387;47.797295
68063_0297_00006;6;;Rue George Sand;68700;68063;Cernay;;;7.191329;47.811901
68063_0540_00019;19;;Rue Pierre Burtschell;68700;68063;Cernay;;;7.176272;47.8128
68063_0890_00072;72;;Faubourg des Vosges;68700;68063;Cernay;;;7.161082;47.811359
68063_0600_00002;2;;Rue de Provence;68700;68063;Cernay;;;7.175227;47.798591
68063_0407_00006;6;;Rue du Manège;68700;68063;Cernay;;;7.164768;47.801554
68063_0090_00019;19;;Rue du Ballon;68700;68063;Cernay;;;7.176856;47.813535
68063_0161_00046_a;46;a;Avenue Charles de Gaulle;68700;68063;Cernay;;;7.183063;47.798949
68063_0320_00055;55;;Rue Haffner;68700;68063;Cernay;;;7.17643;47.809861
68063_0645_00036;36;;Rue René Guibert;68700;68063;Cernay;;;7.169819;47.802344
68063_0520_00002;2;;Rue du Paradis;68700;68063;Cernay;;;7.174604;47.809764
68063_0045_00007_a;7;a;Rue d'Aquitaine;68700;68063;Cernay;;;7.174219;47.795556
68063_0744_00014;14;;Rue de la Sauge;68700;68063;Cernay;;;7.202974;47.804878
68063_0094_00008;8;;Rue des Bâtisseurs;68700;68063;Cernay;;;7.178057;47.800559
68063_0910_00093;93;;Rue de Wittelsheim;68700;68063;Cernay;;;7.192127;47.803147
68063_0111_00035;35;;Rue Blaise Pascal;68700;68063;Cernay;;;7.184519;47.80791
68063_0878_00002;2;;Rue de Vieux-Thann;68700;68063;Cernay;;;7.152503;47.811044
68063_0420_00011;11;;Rue du Maréchal Foch;68700;68063;Cernay;;;7.174163;47.808623
68063_0180_00013;13;;Rue Clemenceau;68700;68063;Cernay;;;7.177003;47.808998
68063_0842_00015;15;;Rue de la Turbine;68700;68063;Cernay;;;7.157043;47.810178
68063_0065_00005_b;5;b;Rue des Artisans;68700;68063;Cernay;;;7.157176;47.811251
68063_0830_00015;15;;Rue de la Thur;68700;68063;Cernay;;;7.176338;47.804088
68063_0692_00009;9;;Rue du Roussillon;68700;68063;Cernay;;;7.175653;47.795005
68063_0161_00058;58;;Avenue Charles de Gaulle;68700;68063;Cernay;;;7.184679;47.798439
68063_0210_00025_b;25;b;Rue de la Douane;68700;68063;Cernay;;;7.181686;47.797509
68063_0200_00001;1;;Rue de la Côte 425;68700;68063;Cernay;;;7.170761;47.80889
68063_0530_00019;19;;Rue du Parc;68700;68063;Cernay;;;7.174323;47.803046
68063_0100_00025;25;;Faubourg de Belfort;68700;68063;Cernay;;;7.174338;47.798936
68063_0890_00054;54;;Faubourg des Vosges;68700;68063;Cernay;;;7.165296;47.81096
68063_amal2e_00008;8;;Rue d’Aspach;68700;68063;Cernay;;;7.172864;47.80124
68063_0630_00002;2;;Rue du Raisin;68700;68063;Cernay;;;7.165675;47.814741
68063_jlzcon_00002;2;;Rue Roger Hassenforder;68700;68063;Cernay;;;7.170256;47.804472
68063_0470_00001;1;;Rue des Montagnes;68700;68063;Cernay;;;7.171011;47.811008
68063_0336_00012;12;;Impasse de l’Industrie;68700;68063;Cernay;;;7.188041;47.797817
68063_0325_00005;5;;Rue des Hirondelles;68700;68063;Cernay;;;7.169435;47.79779
68063_0250_00006;6;;Rue des Fleurs;68700;68063;Cernay;;;7.180307;47.801367
68063_0111_00015;15;;Rue Blaise Pascal;68700;68063;Cernay;;;7.183623;47.80788
68063_0230_00045;45;;Rue des Fabriques;68700;68063;Cernay;;;7.185021;47.809339
68063_0298_00002;2;;Rue Georges Risler;68700;68063;Cernay;;;7.172306;47.809707
68063_0750_00030_c;30;c;Rue de Schweighouse;68700;68063;Cernay;;;7.178638;47.798709
68063_0490_00020;20;;Rue de Mulhouse;68700;68063;Cernay;;;7.184107;47.801353
68063_r41wid_00022;22;;Avenue Albert Schweitzer;68700;68063;Cernay;;;7.182085;47.807632
68063_0144_00004;4;;Rue de Buhl;68700;68063;Cernay;;;7.189607;47.810426
68063_0050_00010;10;;Rue des Ardennes;68700;68063;Cernay;;;7.184244;47.812369
68063_0210_00015_b;15;b;Rue de la Douane;68700;68063;Cernay;;;7.181558;47.798942
68063_0161_00039;39;;Avenue Charles de Gaulle;68700;68063;Cernay;;;7.182325;47.800712
68063_0380_00002;2;;Rue du Jura;68700;68063;Cernay;;;7.18299;47.812119
68063_0833_00007;7;;Rue des Tilleuls;68700;68063;Cernay;;;7.173512;47.813988
68063_0890_00020;20;;Faubourg des Vosges;68700;68063;Cernay;;;7.170591;47.810346
68063_0230_00043;43;;Rue des Fabriques;68700;68063;Cernay;;;7.184699;47.809298
68063_0299_00005;5;;Rue des Géraniums;68700;68063;Cernay;;;7.171304;47.807279
68063_0225_00027;27;;Rue de l’Europe;68700;68063;Cernay;;;7.183902;47.791963
68063_0770_00028;28;;Rue de Soultz;68700;68063;Cernay;;;7.179212;47.813457
68063_amal2e_00007;7;;Rue d’Aspach;68700;68063;Cernay;;;7.172874;47.801079
68063_0510_00020;20;;Rue de la Paix;68700;68063;Cernay;;;7.174413;47.811294
68063_0215_00008;8;;Rue Edmond Rogelet;68700;68063;Cernay;;;7.190351;47.811086
68063_0780_00010;10;;Rue de Steinbach;68700;68063;Cernay;;;7.16796;47.810948
68063_0500_00003;3;;Rue Neuve;68700;68063;Cernay;;;7.171285;47.809838
68063_0890_00016;16;;Faubourg des Vosges;68700;68063;Cernay;;;7.170963;47.810307
68063_0645_00073;73;;Rue René Guibert;68700;68063;Cernay;;;7.161757;47.802083
68063_0145_00013;13;;Rue du Canal;68700;68063;Cernay;;;7.141082;47.807856
68063_0161_00051_c;51;c;Avenue Charles de Gaulle;68700;68063;Cernay;;;7.183986;47.800102
68063_0551_00012;12;;Rue des Pinsons;68700;68063;Cernay;;;7.18775;47.810393
68063_0065_00037;37;;Rue des Artisans;68700;68063;Cernay;;;7.151349;47.809622
68063_0433_00011;11;;Rue du Markstein;68700;68063;Cernay;;;7.18093;47.811074
68063_0155_00013;13;;Rue des Champs;68700;68063;Cernay;;;7.178891;47.804456
68063_amal2e_00027;27;;Rue d’Aspach;68700;68063;Cernay;;;7.171209;47.800751
68063_0180_00007;7;;Rue Clemenceau;68700;68063;Cernay;;;7.176308;47.809033
68063_0626_00002;2;;Rue de la 4ème D.M.M.;68700;68063;Cernay;;;7.173707;47.800825
68063_0470_00026;26;;Rue des Montagnes;68700;68063;Cernay;;;7.169699;47.814289
68063_0835_00015;15;;Rue des Tirailleurs;68700;68063;Cernay;;;7.170707;47.79927
68063_0470_00049;49;;Rue des Montagnes;68700;68063;Cernay;;;7.167411;47.816745
68063_0015_00018;18;;Avenue d’Alsace;68700;68063;Cernay;;;7.16196;47.796506
68063_r41wid_00014;14;;Avenue Albert Schweitzer;68700;68063;Cernay;;;7.179925;47.807074
68063_0149_00016;16;;Rue des Cavaliers;68700;68063;Cernay;;;7.160673;47.800866
68063_0160_00009;9;;Rue Charles Baudry;68700;68063;Cernay;;;7.169797;47.809004
68063_0560_00034;34;;Rue Raymond Poincaré;68700;68063;Cernay;;;7.175615;47.804555
68063_0210_00023_b;23;b;Rue de la Douane;68700;68063;Cernay;;;7.181136;47.798287
68063_0210_00003_a;3;a;Rue de la Douane;68700;68063;Cernay;;;7.180184;47.799845
68063_0111_00003;3;;Rue Blaise Pascal;68700;68063;Cernay;;;7.182598;47.808004
68063_0325_00003;3;;Rue des Hirondelles;68700;68063;Cernay;;;7.169247;47.79784
68063_0490_00009;9;;Rue de Mulhouse;68700;68063;Cernay;;;7.184154;47.801498
68063_0470_00008;8;;Rue des Montagnes;68700;68063;Cernay;;;7.170546;47.812359
68063_0030_00010;10;;Rue de l’Ancien Hôpital;68700;68063;Cernay;;;7.176244;47.808269
68063_0780_00011;11;;Rue de Steinbach;68700;68063;Cernay;;;7.166816;47.811464
68063_0550_00008_a;8;a;Rue des Pins;68700;68063;Cernay;;;7.188045;47.801912
68063_0223_00001;1;;Place des Étoiles;68700;68063;Cernay;;;7.161973;47.796072
68063_0750_00023_a;23;a;Rue de Schweighouse;68700;68063;Cernay;;;7.179165;47.80078
68063_0144_00006;6;;Rue de Buhl;68700;68063;Cernay;;;7.189598;47.810456
68063_r41wid_00011;11;;Avenue Albert Schweitzer;68700;68063;Cernay;;;7.181754;47.807922
68063_0770_00018_a;18;a;Rue de Soultz;68700;68063;Cernay;;;7.18015;47.811881
68063_0161_00072;72;;Avenue Charles de Gaulle;68700;68063;Cernay;;;7.185738;47.797481
68063_r41wid_00001;1;;Avenue Albert Schweitzer;68700;68063;Cernay;;;7.178706;47.807293
68063_0210_00027_a;27;a;Rue de la Douane;68700;68063;Cernay;;;7.182001;47.797374
68063_0750_00026;26;;Rue de Schweighouse;68700;68063;Cernay;;;7.179298;47.799145
68063_0065_00002_a;2;a;Rue des Artisans;68700;68063;Cernay;;;7.156427;47.811189
68063_0740_00064;64;;Rue Sandoz;68700;68063;Cernay;;;7.159748;47.807825
68063_0082_00044;44;;Rue d’Auvergne;68700;68063;Cernay;;;7.176428;47.797724
68063_0876_00010_b;10;b;Rue Victor Hugo;68700;68063;Cernay;;;7.192969;47.81143
68063_0172_00003;3;;Impasse des Cigognes;68700;68063;Cernay;;;7.188415;47.812554
68063_0650_00003;3;;Rue du Repos;68700;68063;Cernay;;;7.172545;47.810362
68063_0433_00023;23;;Rue du Markstein;68700;68063;Cernay;;;7.180356;47.811164
68063_0325_00017;17;;Rue des Hirondelles;68700;68063;Cernay;;;7.169828;47.797603
68063_0840_00009;9;;Rue Traversière;68700;68063;Cernay;;;7.174279;47.809357
68063_0748_00002;2;;Rue du Schlaegling;68700;68063;Cernay;;;7.167533;47.816288
68063_0480_00011;11;;Rue des Moulins;68700;68063;Cernay;;;7.174901;47.807857
68063_0740_00105;105;;Rue Sandoz;68700;68063;Cernay;;;7.159851;47.807716
68063_0835_00008;8;;Rue des Tirailleurs;68700;68063;Cernay;;;7.17079;47.799753
68063_0530_00022;22;;Rue du Parc;68700;68063;Cernay;;;7.173857;47.802544
68063_0541_00002;2;;Rue Pierre et Marie Curie;68700;68063;Cernay;;;7.183253;47.804745
68063_0750_00075;75;;Rue de Schweighouse;68700;68063;Cernay;;;7.179985;47.795833
68063_0850_00006;6;;Faubourg d’Uffholtz;68700;68063;Cernay;;;7.176796;47.811867
68063_0470_00019;19;;Rue des Montagnes;68700;68063;Cernay;;;7.170453;47.812303
68063_0770_00029;29;;Rue de Soultz;68700;68063;Cernay;;;7.179251;47.812576
68063_0148_00001;1;;Impasse des Cerisiers;68700;68063;Cernay;;;7.16782;47.814129
68063_0210_00002_a;2;a;Rue de la Douane;68700;68063;Cernay;;;7.180421;47.798847
68063_0910_00043;43;;Rue de Wittelsheim;68700;68063;Cernay;;;7.184061;47.802625
68063_0740_00125;125;;Rue Sandoz;68700;68063;Cernay;;;7.157817;47.80767
68063_0161_00046_b;46;b;Avenue Charles de Gaulle;68700;68063;Cernay;;;7.18324;47.798871
68063_0535_00001;1;;Rue du Peintre Jean-Paul Carrère;68700;68063;Cernay;;;7.186259;47.810907
68063_0910_00033;33;;Rue de Wittelsheim;68700;68063;Cernay;;;7.180819;47.802759
68063_0150_00015;15;;Rue de Champagne;68700;68063;Cernay;;;7.17727;47.799822
68063_0010_00018;18;;Rue des Alpes;68700;68063;Cernay;;;7.185714;47.812131
68063_0837_00001;1;;Rue des Travailleurs;68700;68063;Cernay;;;7.181626;47.808958
68063_0748_00013;13;;Rue du Schlaegling;68700;68063;Cernay;;;7.166027;47.815559
68063_0100_00049;49;;Faubourg de Belfort;68700;68063;Cernay;;;7.173408;47.79712
68063_0041_00003;3;;Rue André Malraux;68700;68063;Cernay;;;7.191995;47.81214
68063_0140_00011;11;;Rue de Bretagne;68700;68063;Cernay;;;7.176568;47.799414
68063_0750_00003;3;;Rue de Schweighouse;68700;68063;Cernay;;;7.177729;47.802675
68063_0921_00016;16;;Rue des Cèdres;68700;68063;Cernay;;;7.168863;47.809399
68063_0230_00013;13;;Rue des Fabriques;68700;68063;Cernay;;;7.18107;47.808962
68063_0398_00002;2;;Rue du Lot-et-Garonne;68700;68063;Cernay;;;7.173081;47.795625
68063_0350_00018;18;;Rue James Barbier;68700;68063;Cernay;;;7.17772;47.806838
68063_0535_00007;7;;Rue du Peintre Jean-Paul Carrère;68700;68063;Cernay;;;7.186373;47.809613
68063_0890_00010;10;;Faubourg des Vosges;68700;68063;Cernay;;;7.171462;47.810216
68063_0510_00002;2;;Rue de la Paix;68700;68063;Cernay;;;7.178396;47.810552
68063_0280_00002;2;;Rue de la Gare;68700;68063;Cernay;;;7.175982;47.802991
68063_0213_00025;25;;Rue des Écuyers;68700;68063;Cernay;;;7.161953;47.801218
68063_0770_00005_b;5;b;Rue de Soultz;68700;68063;Cernay;;;7.178445;47.810939
68063_0420_00003;3;;Rue du Maréchal Foch;68700;68063;Cernay;;;7.174842;47.808605
68063_0333_00010;10;;Rue du 8 Mai;68700;68063;Cernay;;;7.174224;47.79966
68063_0407_00021;21;;Rue du Manège;68700;68063;Cernay;;;7.164215;47.801509
68063_0190_00032;32;;Faubourg de Colmar;68700;68063;Cernay;;;7.186942;47.811247
68063_0430_00002;2;;Rue Marie Louise;68700;68063;Cernay;;;7.187115;47.812156
68063_0225_00037;37;;Rue de l’Europe;68700;68063;Cernay;;;7.183204;47.788317
68063_0094_00021;21;;Rue des Bâtisseurs;68700;68063;Cernay;;;7.176151;47.800475
68063_0110_00006;6;;Rue du Blanchiment;68700;68063;Cernay;;;7.186564;47.810831
68063_0144_00015;15;;Rue de Buhl;68700;68063;Cernay;;;7.189138;47.811542
68063_0645_00022;22;;Rue René Guibert;68700;68063;Cernay;;;7.171776;47.803762
68063_0752_00005;5;;Allée des Séquoias;68700;68063;Cernay;;;7.166087;47.809832
68063_0921_00019;19;;Rue des Cèdres;68700;68063;Cernay;;;7.166838;47.809801
68063_0100_00003_e;3;e;Faubourg de Belfort;68700;68063;Cernay;;;7.176297;47.800973
68063_0150_00004_a;4;a;Rue de Champagne;68700;68063;Cernay;;;7.176197;47.799679
68063_0370_00015;15;;Rue Joseph Vogt;68700;68063;Cernay;;;7.188506;47.813236
68063_0740_00041;41;;Rue Sandoz;68700;68063;Cernay;;;7.163277;47.807545
68063_0480_00004;4;;Rue des Moulins;68700;68063;Cernay;;;7.175832;47.807848
68063_0530_00013;13;;Rue du Parc;68700;68063;Cernay;;;7.173611;47.80312
68063_0335_00011;11;;Rue de l’Industrie;68700;68063;Cernay;;;7.186859;47.797411
68063_0050_00006;6;;Rue des Ardennes;68700;68063;Cernay;;;7.184608;47.811866
68063_0144_00017;17;;Rue de Buhl;68700;68063;Cernay;;;7.189088;47.811755
68063_0500_00004_a;4;a;Rue Neuve;68700;68063;Cernay;;;7.171188;47.809852
68063_0144_00026;26;;Rue de Buhl;68700;68063;Cernay;;;7.189372;47.811328
68063_0350_00004;4;;Rue James Barbier;68700;68063;Cernay;;;7.176125;47.807314
68063_0230_00016;16;;Rue des Fabriques;68700;68063;Cernay;;;7.180677;47.808698
68063_0111_00037;37;;Rue Blaise Pascal;68700;68063;Cernay;;;7.184596;47.807975
68063_0100_00083;83;;Faubourg de Belfort;68700;68063;Cernay;;;7.170147;47.790205
68063_0520_00001;1;;Rue du Paradis;68700;68063;Cernay;;;7.174472;47.809746
68063_0360_00048;48;;Rue Joseph Dépierre;68700;68063;Cernay;;;7.173724;47.814696
68063_0720_00007;7;;Rue Saint-Joseph;68700;68063;Cernay;;;7.177317;47.801867
68063_0780_00026;26;;Rue de Steinbach;68700;68063;Cernay;;;7.165303;47.812794
68063_0740_00008;8;;Rue Sandoz;68700;68063;Cernay;;;7.168341;47.808495
68063_0680_00021;21;;Rue Roger Preiss;68700;68063;Cernay;;;7.1812;47.810326
68063_0190_00037;37;;Faubourg de Colmar;68700;68063;Cernay;;;7.185745;47.811039
68063_0010_00012;12;;Rue des Alpes;68700;68063;Cernay;;;7.184277;47.811848
68063_0180_00008;8;;Rue Clemenceau;68700;68063;Cernay;;;7.17679;47.808907
68063_0920_00005_b;5;b;Rue Xavier Schaffhauser;68700;68063;Cernay;;;7.173587;47.808886
68063_0260_00029;29;;Rue du Fossé;68700;68063;Cernay;;;7.176598;47.808097
68063_0140_00003;3;;Rue de Bretagne;68700;68063;Cernay;;;7.176203;47.798733
68063_0630_00040;40;;Rue du Raisin;68700;68063;Cernay;;;7.170486;47.8154
68063_0533_00008;8;;Rue Paul Baudry;68700;68063;Cernay;;;7.19844;47.81164
68063_0210_00033_a;33;a;Rue de la Douane;68700;68063;Cernay;;;7.182893;47.796858
68063_0923_00008;8;;Rue Daniel Eck;68700;68063;Cernay;;;7.185397;47.810071
68063_0312_00003;3;;Rue Gustave Eiffel;68700;68063;Cernay;;;7.181627;47.804821
68063_0082_00025;25;;Rue d’Auvergne;68700;68063;Cernay;;;7.175061;47.797282
68063_0160_00001;1;;Rue Charles Baudry;68700;68063;Cernay;;;7.170218;47.81015
68063_0161_00051;51;;Avenue Charles de Gaulle;68700;68063;Cernay;;;7.183338;47.799832
68063_0030_00009_a;9;a;Rue de l’Ancien Hôpital;68700;68063;Cernay;;;7.176318;47.808226
68063_0482_00003;3;;Impasse du Muguet;68700;68063;Cernay;;;7.18706;47.803811
68063_0740_00069;69;;Rue Sandoz;68700;68063;Cernay;;;7.162032;47.807444
68063_0100_00055;55;;Faubourg de Belfort;68700;68063;Cernay;;;7.173259;47.7968
68063_0610_00012;12;;Rue des Puits;68700;68063;Cernay;;;7.168154;47.812117
68063_0610_00020;20;;Rue des Puits;68700;68063;Cernay;;;7.168231;47.812656
68063_0475_00008;8;;Avenue Montaigne;68700;68063;Cernay;;;7.183445;47.806723
68063_0680_00011;11;;Rue Roger Preiss;68700;68063;Cernay;;;7.180146;47.810867
68063_0190_00015;15;;Faubourg de Colmar;68700;68063;Cernay;;;7.181421;47.809681
68063_0070_00004;4;;Rue de l’Asile;68700;68063;Cernay;;;7.169754;47.797033
68063_0921_00013_a;13;a;Rue des Cèdres;68700;68063;Cernay;;;7.167617;47.809493
68063_0645_00030_a;30;a;Rue René Guibert;68700;68063;Cernay;;;7.170684;47.802755
68063_0161_00075;75;;Avenue Charles de Gaulle;68700;68063;Cernay;;;7.184886;47.798533
68063_0185_00005;5;;Rue des Collines;68700;68063;Cernay;;;7.166596;47.813704
68063_0112_00003;3;;Impasse des Bleuets;68700;68063;Cernay;;;7.185209;47.804045
68063_0398_00019;19;;Rue du Lot-et-Garonne;68700;68063;Cernay;;;7.175892;47.795858
68063_0340_00007;7;;Rue Ingold;68700;68063;Cernay;;;7.174245;47.808226
68063_0082_00067;67;;Rue d’Auvergne;68700;68063;Cernay;;;7.177342;47.797332
68063_0910_00054;54;;Rue de Wittelsheim;68700;68063;Cernay;;;7.185471;47.802463
68063_0161_00069_a;69;a;Avenue Charles de Gaulle;68700;68063;Cernay;;;7.184572;47.79895
68063_0470_00023;23;;Rue des Montagnes;68700;68063;Cernay;;;7.170153;47.812839
68063_0082_00027;27;;Rue d’Auvergne;68700;68063;Cernay;;;7.1758;47.79739
68063_0398_00020;20;;Rue du Lot-et-Garonne;68700;68063;Cernay;;;7.177758;47.795859
68063_0850_00002_a;2;a;Faubourg d’Uffholtz;68700;68063;Cernay;;;7.176744;47.811736
68063_0750_00016_a;16;a;Rue de Schweighouse;68700;68063;Cernay;;;7.178749;47.801143
68063_0111_00016;16;;Rue Blaise Pascal;68700;68063;Cernay;;;7.183427;47.807361
68063_0780_00017;17;;Rue de Steinbach;68700;68063;Cernay;;;7.166528;47.811644
68063_0780_00018;18;;Rue de Steinbach;68700;68063;Cernay;;;7.166455;47.811814
68063_0180_00009;9;;Rue Clemenceau;68700;68063;Cernay;;;7.176538;47.809026
68063_0692_00008;8;;Rue du Roussillon;68700;68063;Cernay;;;7.175343;47.794955
68063_0922_00006;6;;Rue Camille Oberreiner;68700;68063;Cernay;;;7.169979;47.811592
68063_0360_00059_a;59;a;Rue Joseph Dépierre;68700;68063;Cernay;;;7.172757;47.814517
68063_0876_00008;8;;Rue Victor Hugo;68700;68063;Cernay;;;7.193365;47.811483
68063_0923_00002;2;;Rue Daniel Eck;68700;68063;Cernay;;;7.185865;47.810573
68063_0152_00001;1;;Impasse de la Chapelle;68700;68063;Cernay;;;7.183161;47.799627
68063_0875_00025;25;;Rue de la Victoire;68700;68063;Cernay;;;7.170999;47.798434
68063_0645_00063;63;;Rue René Guibert;68700;68063;Cernay;;;7.163732;47.801981
68063_0740_00003;3;;Rue Sandoz;68700;68063;Cernay;;;7.164362;47.807633
68063_0410_00003;3;;Rue de la Mare;68700;68063;Cernay;;;7.176059;47.808129
68063_0159_00001;1;;Rue Charles Baudelaire;68700;68063;Cernay;;;7.190626;47.812213
68063_0570_00001;1;;Rue des Prés;68700;68063;Cernay;;;7.175928;47.806637
68063_0553_00010;10;;Avenue de la Plaine;68700;68063;Cernay;;;7.181756;47.795651
68063_0393_00007;7;;Rue Léonard Schott;68700;68063;Cernay;;;7.163692;47.80705
68063_0480_00001_a;1;a;Rue des Moulins;68700;68063;Cernay;;;7.176513;47.807706
68063_0230_00005_b;5;b;Rue des Fabriques;68700;68063;Cernay;;;7.18049;47.808774
68063_0167_00008;8;;Rue des Chênes;68700;68063;Cernay;;;7.173441;47.813285
68063_0890_00036;36;;Faubourg des Vosges;68700;68063;Cernay;;;7.167975;47.810437
68063_0260_00001;1;;Rue du Fossé;68700;68063;Cernay;;;7.176913;47.809677
68063_0336_00010;10;;Impasse de l’Industrie;68700;68063;Cernay;;;7.187938;47.797737
68063_0923_00004;4;;Rue Daniel Eck;68700;68063;Cernay;;;7.185552;47.810469
68063_0750_00028;28;;Rue de Schweighouse;68700;68063;Cernay;;;7.179324;47.79888
68063_0323_00003;3;;Rue des Hérons;68700;68063;Cernay;;;7.19016;47.812912
68063_0110_00014;14;;Rue du Blanchiment;68700;68063;Cernay;;;7.187135;47.810922
68063_0470_00032;32;;Rue des Montagnes;68700;68063;Cernay;;;7.169287;47.815046
68063_0149_00012;12;;Rue des Cavaliers;68700;68063;Cernay;;;7.160716;47.801225
68063_0630_00001;1;;Rue du Raisin;68700;68063;Cernay;;;7.164728;47.814829
68063_0748_00003;3;;Rue du Schlaegling;68700;68063;Cernay;;;7.166795;47.816038
68063_0770_00019;19;;Rue de Soultz;68700;68063;Cernay;;;7.179223;47.811631
68063_0398_00022;22;;Rue du Lot-et-Garonne;68700;68063;Cernay;;;7.178082;47.795848
68063_0501_00012;12;;Rue de Normandie;68700;68063;Cernay;;;7.173639;47.79151
68063_0197_00002;2;;Rue des Commandos;68700;68063;Cernay;;;7.172321;47.798584
68063_0480_00001;1;;Rue des Moulins;68700;68063;Cernay;;;7.176255;47.807727
68063_0335_00005_b;5;b;Rue de l’Industrie;68700;68063;Cernay;;;7.20372;47.796132
68063_0310_00009;9;;Rue de Guebwiller;68700;68063;Cernay;;;7.175778;47.810878
68063_0230_00023;23;;Rue des Fabriques;68700;68063;Cernay;;;7.181511;47.808855
68063_0842_00011;11;;Rue de la Turbine;68700;68063;Cernay;;;7.15675;47.810081
68063_0820_00006;6;;Rue de Thann;68700;68063;Cernay;;;7.175208;47.809232
68063_0440_00006;6;;Rue de la Marne;68700;68063;Cernay;;;7.175261;47.811953
68063_0082_00059;59;;Rue d’Auvergne;68700;68063;Cernay;;;7.176906;47.7978
68063_0680_00014_b;14;b;Rue Roger Preiss;68700;68063;Cernay;;;7.180584;47.810369
68063_0623_00020;20;;Rue du 4 Février;68700;68063;Cernay;;;7.171926;47.799753
68063_0740_00045;45;;Rue Sandoz;68700;68063;Cernay;;;7.163077;47.807516
68063_0161_00134;134;;Avenue Charles de Gaulle;68700;68063;Cernay;;;7.191333;47.791759
68063_0692_00006;6;;Rue du Roussillon;68700;68063;Cernay;;;7.17568;47.795182
68063_0155_00018;18;;Rue des Champs;68700;68063;Cernay;;;7.17757;47.804099
68063_0335_00015;15;;Rue de l’Industrie;68700;68063;Cernay;;;7.186719;47.797688
68063_0490_00012;12;;Rue de Mulhouse;68700;68063;Cernay;;;7.183546;47.801799
68063_0530_00016;16;;Rue du Parc;68700;68063;Cernay;;;7.173265;47.803062
68063_0210_00001;1;;Rue de la Douane;68700;68063;Cernay;;;7.179526;47.800016
68063_0752_00011;11;;Allée des Séquoias;68700;68063;Cernay;;;7.166331;47.809167
68063_0297_00010;10;;Rue George Sand;68700;68063;Cernay;;;7.191444;47.811554
68063_0210_00013;13;;Rue de la Douane;68700;68063;Cernay;;;7.181619;47.799092
68063_0475_00027;27;;Avenue Montaigne;68700;68063;Cernay;;;7.183826;47.807033
68063_0300_00018_d;18;d;Rue de Graffenwald;68700;68063;Cernay;;;7.186445;47.801157
68063_0923_00010;10;;Rue Daniel Eck;68700;68063;Cernay;;;7.185424;47.809882
68063_0752_00017;17;;Allée des Séquoias;68700;68063;Cernay;;;7.166523;47.808515
68063_0921_00015;15;;Rue des Cèdres;68700;68063;Cernay;;;7.167078;47.80953
68063_0111_00029;29;;Rue Blaise Pascal;68700;68063;Cernay;;;7.184095;47.807922
68063_0770_00013;13;;Rue de Soultz;68700;68063;Cernay;;;7.178846;47.811682
68063_0500_00008;8;;Rue Neuve;68700;68063;Cernay;;;7.171108;47.809596
68063_0210_00042_a;42;a;Rue de la Douane;68700;68063;Cernay;;;7.182365;47.795208
68063_0560_00039_a;39;a;Rue Raymond Poincaré;68700;68063;Cernay;;;7.175556;47.805842
68063_0744_00001;1;;Rue de la Sauge;68700;68063;Cernay;;;7.199716;47.804556
68063_0923_00003;3;;Rue Daniel Eck;68700;68063;Cernay;;;7.185742;47.810646
