id;numero;rep;nom_voie;code_postal;code_insee;nom_commune;nom_ancienne_commune;nom_ld;lon;lat
68118_0990_00010;10;;Rue Saint-Martin;68440;68118;Habsheim;;;7.42524;47.726808
68118_0235_00002;2;;Rue du Château;68440;68118;Habsheim;;;7.416121;47.737238
68118_0530_00004;4;;Rue Louis Pasteur;68440;68118;Habsheim;;;7.422919;47.722016
68118_0280_00089_a;89;a;Rue de la Délivrance;68440;68118;Habsheim;;;7.419477;47.728787
68118_0280_00001_a;1;a;Rue de la Délivrance;68440;68118;Habsheim;;;7.418231;47.736807
68118_0420_00008_a;8;a;Rue des Grillons;68440;68118;Habsheim;;;7.421574;47.72671
68118_0528_00039;39;;Rue Louis Blériot;68440;68118;Habsheim;;;7.42282;47.73591
68118_0280_00012_a;12;a;Rue de la Délivrance;68440;68118;Habsheim;;;7.418411;47.735596
68118_0140_00023_b;23;b;Rue des Bleuets;68440;68118;Habsheim;;;7.421412;47.731027
68118_0380_00081_b;81;b;Rue du Général de Gaulle;68440;68118;Habsheim;;;7.417401;47.729372
68118_0380_00160_a;160;a;Rue du Général de Gaulle;68440;68118;Habsheim;;;7.417529;47.72088
68118_0640_00037;37;;Rue de la Montagne;68440;68118;Habsheim;;;7.413815;47.731426
68118_0280_00145;145;;Rue de la Délivrance;68440;68118;Habsheim;;;7.419478;47.72425
68118_0040_00019;19;;Rue des Alouettes;68440;68118;Habsheim;;;7.423385;47.721732
68118_0840_00014;14;;Rue des Prés;68440;68118;Habsheim;;;7.414747;47.725767
68118_0220_00015;15;;Rue de la Chapelle;68440;68118;Habsheim;;;7.419933;47.723647
68118_0280_00005_a;5;a;Rue de la Délivrance;68440;68118;Habsheim;;;7.419052;47.735955
68118_0920_00004;4;;Rue du Réservoir;68440;68118;Habsheim;;;7.415221;47.73733
68118_0140_00016_b;16;b;Rue des Bleuets;68440;68118;Habsheim;;;7.421965;47.730676
68118_0440_00004_a;4;a;Rue de la Hardt;68440;68118;Habsheim;;;7.419727;47.723076
68118_0207_00010;10;;Rue du Chant des Oiseaux;68440;68118;Habsheim;;;7.421376;47.714724
68118_0080_00006;6;;Impasse de l’Arbourg;68440;68118;Habsheim;;;7.416477;47.727434
68118_0460_00001;1;;Rue de Hombourg;68440;68118;Habsheim;;;7.420734;47.72866
68118_0420_00030;30;;Rue des Grillons;68440;68118;Habsheim;;;7.421871;47.724323
68118_0523_00001_a;1;a;Rue de Landser;68440;68118;Habsheim;;;7.416098;47.722246
68118_0160_00007;7;;Rue de la Carrière;68440;68118;Habsheim;;;7.422372;47.727722
68118_0460_00005;5;;Rue de Hombourg;68440;68118;Habsheim;;;7.422123;47.729272
68118_0260_00044;44;;Rue du Colonel Fabien;68440;68118;Habsheim;;;7.408019;47.729771
68118_0380_00081_a;81;a;Rue du Général de Gaulle;68440;68118;Habsheim;;;7.416926;47.729401
68118_0280_00142;142;;Rue de la Délivrance;68440;68118;Habsheim;;;7.419143;47.724355
68118_0523_00010_b;10;b;Rue de Landser;68440;68118;Habsheim;;;7.415663;47.721187
68118_1055_00001;1;;Avenue Valparc;68440;68118;Habsheim;;;7.419103;47.740813
68118_0720_00014;14;;Rue de Niffer;68440;68118;Habsheim;;;7.422334;47.725129
68118_0380_00130;130;;Rue du Général de Gaulle;68440;68118;Habsheim;;;7.417563;47.723704
68118_0600_00033;33;;Rue des Merles;68440;68118;Habsheim;;;7.420584;47.724153
68118_1010_00001;1;;Rue de la Source;68440;68118;Habsheim;;;7.409367;47.729115
68118_0820_00004;4;;Rue du Petit Vignoble;68440;68118;Habsheim;;;7.415482;47.731054
68118_0040_00008;8;;Rue des Alouettes;68440;68118;Habsheim;;;7.422042;47.723218
68118_1000_00006;6;;Rue Scholler;68440;68118;Habsheim;;;7.414121;47.73007
68118_0070_00003;3;;Rue André Jeannin;68440;68118;Habsheim;;;7.421578;47.735799
68118_0380_00220;220;;Rue du Général de Gaulle;68440;68118;Habsheim;;;7.418979;47.715507
68118_0260_00038;38;;Rue du Colonel Fabien;68440;68118;Habsheim;;;7.409243;47.729436
68118_0380_00206;206;;Rue du Général de Gaulle;68440;68118;Habsheim;;;7.418754;47.716961
68118_0340_00011;11;;Rue d’Eschentzwiller;68440;68118;Habsheim;;;7.416626;47.722401
68118_0280_00117;117;;Rue de la Délivrance;68440;68118;Habsheim;;;7.419552;47.72651
68118_0280_00134;134;;Rue de la Délivrance;68440;68118;Habsheim;;;7.419178;47.724974
68118_0280_00136;136;;Rue de la Délivrance;68440;68118;Habsheim;;;7.419075;47.724761
68118_0340_00009;9;;Rue d’Eschentzwiller;68440;68118;Habsheim;;;7.416909;47.722335
68118_0380_00051;51;;Rue du Général de Gaulle;68440;68118;Habsheim;;;7.417032;47.732201
68118_0950_00006;6;;Impasse des Roses;68440;68118;Habsheim;;;7.423349;47.729915
68118_0740_00001_b;1;b;Ruelle du Parc;68440;68118;Habsheim;;;7.419713;47.727485
68118_0380_00029_a;29;a;Rue du Général de Gaulle;68440;68118;Habsheim;;;7.418235;47.734159
68118_1160_00006;6;;Rue du Vorbourg;68440;68118;Habsheim;;;7.415139;47.731824
68118_0380_00015;15;;Rue du Général de Gaulle;68440;68118;Habsheim;;;7.417335;47.735699
68118_0990_00009;9;;Rue Saint-Martin;68440;68118;Habsheim;;;7.424662;47.726179
68118_1140_00011;11;;Rue du Vignoble;68440;68118;Habsheim;;;7.415637;47.726663
68118_0600_00039;39;;Rue des Merles;68440;68118;Habsheim;;;7.420535;47.72389
68118_0820_00020;20;;Rue du Petit Vignoble;68440;68118;Habsheim;;;7.412502;47.730829
68118_0140_00041_d;41;d;Rue des Bleuets;68440;68118;Habsheim;;;7.420362;47.732845
68118_0280_00076_a;76;a;Rue de la Délivrance;68440;68118;Habsheim;;;7.418828;47.729683
68118_0900_00013;13;;Rue de la Rampe;68440;68118;Habsheim;;;7.419713;47.736717
68118_0560_00005;5;;Rue du Maréchal de Lattre de Tassigny;68440;68118;Habsheim;;;7.417811;47.730084
68118_0255_00014;14;;Impasse des Closeries;68440;68118;Habsheim;;;7.424309;47.726917
68118_0730_00009;9;;Impasse des Oeillets;68440;68118;Habsheim;;;7.419369;47.731268
68118_0140_00026;26;;Rue des Bleuets;68440;68118;Habsheim;;;7.421883;47.731816
68118_1000_00002_a;2;a;Rue Scholler;68440;68118;Habsheim;;;7.413667;47.730269
68118_0980_00004;4;;Impasse du Ruisseau;68440;68118;Habsheim;;;7.416537;47.727073
68118_0280_00126;126;;Rue de la Délivrance;68440;68118;Habsheim;;;7.419008;47.725652
68118_0640_00020;20;;Rue de la Montagne;68440;68118;Habsheim;;;7.41475;47.734976
68118_0727_00015;15;;Rue Nungesser et Coli;68440;68118;Habsheim;;;7.422499;47.735181
68118_0420_00012;12;;Rue des Grillons;68440;68118;Habsheim;;;7.422065;47.726455
68118_0560_00007;7;;Rue du Maréchal de Lattre de Tassigny;68440;68118;Habsheim;;;7.41814;47.730146
68118_0990_00005;5;;Rue Saint-Martin;68440;68118;Habsheim;;;7.424588;47.725882
68118_0420_00010;10;;Rue des Grillons;68440;68118;Habsheim;;;7.42213;47.726659
68118_1180_00019;19;;Rue de Zurich;68440;68118;Habsheim;;;7.426338;47.726078
68118_0440_00004;4;;Rue de la Hardt;68440;68118;Habsheim;;;7.420041;47.723077
68118_0380_00168;168;;Rue du Général de Gaulle;68440;68118;Habsheim;;;7.418409;47.719914
68118_0400_00001;1;;Rue Georges Wodli;68440;68118;Habsheim;;;7.417305;47.734773
68118_0380_00124_a;124;a;Rue du Général de Gaulle;68440;68118;Habsheim;;;7.417614;47.724489
68118_1080_00003;3;;Rue des Vignerons;68440;68118;Habsheim;;;7.41363;47.728142
68118_1080_00019;19;;Rue des Vignerons;68440;68118;Habsheim;;;7.412421;47.728946
68118_0380_00186_b;186;b;Rue du Général de Gaulle;68440;68118;Habsheim;;;7.416897;47.718489
68118_0280_00114;114;;Rue de la Délivrance;68440;68118;Habsheim;;;7.419372;47.727143
68118_0471_00005;5;;Rue de l’Industrie;68440;68118;Habsheim;;;7.416664;47.741728
68118_0010_00006;6;;Rue Albert Schweitzer;68440;68118;Habsheim;;;7.415164;47.732444
68118_0255_00015;15;;Impasse des Closeries;68440;68118;Habsheim;;;7.424438;47.727084
68118_0935_00004;4;;Rue de Rixheim;68440;68118;Habsheim;;;7.418133;47.738804
68118_0360_00026_a;26;a;Rue des Faisans;68440;68118;Habsheim;;;7.412377;47.724993
68118_0120_00009_a;9;a;Chemin de l’Aviation;68440;68118;Habsheim;;;7.419373;47.738586
68118_1020_00001;1;;Impasse de la Synagogue;68440;68118;Habsheim;;;7.418562;47.72878
68118_0380_00117_b;117;b;Rue du Général de Gaulle;68440;68118;Habsheim;;;7.418303;47.726314
68118_0900_00007;7;;Rue de la Rampe;68440;68118;Habsheim;;;7.419063;47.737628
68118_0040_00012;12;;Rue des Alouettes;68440;68118;Habsheim;;;7.422123;47.722737
68118_0900_00005_d;5;d;Rue de la Rampe;68440;68118;Habsheim;;;7.41902;47.737939
68118_0082_00006;6;;Rue de l’Artisanat;68440;68118;Habsheim;;;7.418352;47.739639
68118_0640_00002;2;;Rue de la Montagne;68440;68118;Habsheim;;;7.415684;47.736699
68118_0380_00080;80;;Rue du Général de Gaulle;68440;68118;Habsheim;;;7.416348;47.729779
68118_0420_00018;18;;Rue des Grillons;68440;68118;Habsheim;;;7.421926;47.725937
68118_0380_00173;173;;Rue du Général de Gaulle;68440;68118;Habsheim;;;7.419589;47.717753
68118_0922_00026;26;;Rue du Rhin;68440;68118;Habsheim;;;7.425407;47.728652
68118_0360_00015;15;;Rue des Faisans;68440;68118;Habsheim;;;7.413463;47.72582
68118_0640_00026;26;;Rue de la Montagne;68440;68118;Habsheim;;;7.41445;47.734234
68118_1140_00013;13;;Rue du Vignoble;68440;68118;Habsheim;;;7.415121;47.726973
68118_1140_00009;9;;Rue du Vignoble;68440;68118;Habsheim;;;7.415867;47.726656
68118_0120_00010;10;;Chemin de l’Aviation;68440;68118;Habsheim;;;7.420878;47.738547
68118_0900_00005_b;5;b;Rue de la Rampe;68440;68118;Habsheim;;;7.418786;47.737712
68118_0280_00143;143;;Rue de la Délivrance;68440;68118;Habsheim;;;7.419519;47.724416
68118_0560_00001;1;;Rue du Maréchal de Lattre de Tassigny;68440;68118;Habsheim;;;7.416807;47.729978
68118_0600_00027;27;;Rue des Merles;68440;68118;Habsheim;;;7.420609;47.724546
68118_0380_00222;222;;Rue du Général de Gaulle;68440;68118;Habsheim;;;7.417867;47.714913
68118_0860_00008;8;;Rue du Président Roosevelt;68440;68118;Habsheim;;;7.418357;47.726684
68118_0640_00006;6;;Rue de la Montagne;68440;68118;Habsheim;;;7.415535;47.736187
68118_1050_00009;9;;Rue de Uffheim;68440;68118;Habsheim;;;7.417572;47.720606
68118_pmro7l_00007_a;7;a;rue Tomi Ungerer;68440;68118;Habsheim;;;7.423561;47.721181
68118_0380_00065;65;;Rue du Général de Gaulle;68440;68118;Habsheim;;;7.416937;47.730773
68118_0140_00053_b;53;b;Rue des Bleuets;68440;68118;Habsheim;;;7.420601;47.733712
68118_0770_00028;28;;Rue Paul Verlaine;68440;68118;Habsheim;;;7.424168;47.722878
68118_0360_00029;29;;Rue des Faisans;68440;68118;Habsheim;;;7.413194;47.724262
68118_0760_00011;11;;Rue de la Patrie;68440;68118;Habsheim;;;7.418553;47.730447
68118_0280_00070;70;;Rue de la Délivrance;68440;68118;Habsheim;;;7.41873;47.730732
68118_0520_00023;23;;Rue de Kembs;68440;68118;Habsheim;;;7.423587;47.726103
68118_0922_00020;20;;Rue du Rhin;68440;68118;Habsheim;;;7.424995;47.728879
68118_0951_00007;7;;Impasse du Rossignol;68440;68118;Habsheim;;;7.418924;47.720289
68118_0120_00011_b;11;b;Chemin de l’Aviation;68440;68118;Habsheim;;;7.419488;47.738576
68118_0140_00013;13;;Rue des Bleuets;68440;68118;Habsheim;;;7.420441;47.730084
68118_0130_00011;11;;Rue des Bergers;68440;68118;Habsheim;;;7.422552;47.730595
68118_0040_00029;29;;Rue des Alouettes;68440;68118;Habsheim;;;7.422901;47.720979
68118_0260_00005_b;5;b;Rue du Colonel Fabien;68440;68118;Habsheim;;;7.41498;47.729065
68118_0260_00042_a;42;a;Rue du Colonel Fabien;68440;68118;Habsheim;;;7.408469;47.729649
68118_0360_00018;18;;Rue des Faisans;68440;68118;Habsheim;;;7.413122;47.725875
68118_0528_00028_a;28;a;Rue Louis Blériot;68440;68118;Habsheim;;;7.421707;47.736528
68118_0727_00037_a;37;a;Rue Nungesser et Coli;68440;68118;Habsheim;;;7.423757;47.734695
68118_0727_00029;29;;Rue Nungesser et Coli;68440;68118;Habsheim;;;7.423488;47.735328
68118_0377_00002_a;2;a;Rue des Gardes-Vignes;68440;68118;Habsheim;;;7.410129;47.729813
68118_1140_00012;12;;Rue du Vignoble;68440;68118;Habsheim;;;7.415964;47.726783
68118_0490_00007;7;;Rue Jean-Georges Stoffel;68440;68118;Habsheim;;;7.421555;47.72192
68118_0420_00015;15;;Rue des Grillons;68440;68118;Habsheim;;;7.422427;47.724973
68118_0141_00011;11;;Impasse des Bleuets;68440;68118;Habsheim;;;7.42242;47.732487
68118_0820_00028_a;28;a;Rue du Petit Vignoble;68440;68118;Habsheim;;;7.412247;47.729997
68118_0280_00115;115;;Rue de la Délivrance;68440;68118;Habsheim;;;7.419827;47.726668
68118_0460_00003;3;;Rue de Hombourg;68440;68118;Habsheim;;;7.420997;47.728794
68118_0070_00004;4;;Rue André Jeannin;68440;68118;Habsheim;;;7.420899;47.735446
68118_0380_00176;176;;Rue du Général de Gaulle;68440;68118;Habsheim;;;7.417424;47.719397
68118_0620_00017;17;;Rue du Miroir;68440;68118;Habsheim;;;7.414826;47.727794
68118_1160_00001;1;;Rue du Vorbourg;68440;68118;Habsheim;;;7.415807;47.73155
68118_0820_00014;14;;Rue du Petit Vignoble;68440;68118;Habsheim;;;7.413813;47.730822
68118_1050_00005;5;;Rue de Uffheim;68440;68118;Habsheim;;;7.417002;47.720533
68118_0727_00016;16;;Rue Nungesser et Coli;68440;68118;Habsheim;;;7.423283;47.734865
68118_0380_00084_a;84;a;Rue du Général de Gaulle;68440;68118;Habsheim;;;7.416398;47.729562
68118_0580_00025;25;;Rue du Maréchal Foch;68440;68118;Habsheim;;;7.418977;47.72868
68118_0770_00032;32;;Rue Paul Verlaine;68440;68118;Habsheim;;;7.42437;47.723221
68118_0720_00007;7;;Rue de Niffer;68440;68118;Habsheim;;;7.420793;47.725413
68118_0380_00198;198;;Rue du Général de Gaulle;68440;68118;Habsheim;;;7.418645;47.717606
68118_0490_00009;9;;Rue Jean-Georges Stoffel;68440;68118;Habsheim;;;7.421736;47.72189
68118_0250_00009;9;;Rue du Cimetière;68440;68118;Habsheim;;;7.418374;47.724279
68118_0990_00026;26;;Rue Saint-Martin;68440;68118;Habsheim;;;7.425275;47.727899
68118_0800_00001_b;1;b;Rue de Petit-Landau;68440;68118;Habsheim;;;7.422749;47.72844
68118_0366_00002;2;;Rue de la Forêt;68440;68118;Habsheim;;;7.428837;47.723172
68118_0725_00013;13;;Rue des Noyers;68440;68118;Habsheim;;;7.415064;47.739409
68118_0360_00006_a;6;a;Rue des Faisans;68440;68118;Habsheim;;;7.413658;47.726967
68118_0380_00032;32;;Rue du Général de Gaulle;68440;68118;Habsheim;;;7.416921;47.734311
68118_0220_00017;17;;Rue de la Chapelle;68440;68118;Habsheim;;;7.421077;47.724128
68118_1000_00001;1;;Rue Scholler;68440;68118;Habsheim;;;7.414419;47.73041
68118_0260_00041;41;;Rue du Colonel Fabien;68440;68118;Habsheim;;;7.408793;47.728838
68118_0360_00022_d;22;d;Rue des Faisans;68440;68118;Habsheim;;;7.412339;47.725514
68118_0990_00049;49;;Rue Saint-Martin;68440;68118;Habsheim;;;7.424509;47.727886
68118_0380_00200_b;200;b;Rue du Général de Gaulle;68440;68118;Habsheim;;;7.418655;47.717451
68118_0800_00010;10;;Rue de Petit-Landau;68440;68118;Habsheim;;;7.422878;47.728211
68118_1000_00004;4;;Rue Scholler;68440;68118;Habsheim;;;7.414143;47.730184
68118_0380_00200;200;;Rue du Général de Gaulle;68440;68118;Habsheim;;;7.418347;47.717462
68118_0840_00005;5;;Rue des Prés;68440;68118;Habsheim;;;7.415337;47.726208
68118_0770_00007;7;;Rue Paul Verlaine;68440;68118;Habsheim;;;7.422871;47.723299
68118_0580_00009;9;;Rue du Maréchal Foch;68440;68118;Habsheim;;;7.417408;47.728853
68118_0770_00015_a;15;a;Rue Paul Verlaine;68440;68118;Habsheim;;;7.423525;47.72352
68118_0922_00040;40;;Rue du Rhin;68440;68118;Habsheim;;;7.425346;47.728506
68118_0280_00001;1;;Rue de la Délivrance;68440;68118;Habsheim;;;7.417656;47.736981
68118_1020_00002_b;2;b;Impasse de la Synagogue;68440;68118;Habsheim;;;7.418833;47.729004
68118_0952_00002;2;;Rue du Rossignol;68440;68118;Habsheim;;;7.419505;47.719666
68118_0760_00004_a;4;a;Rue de la Patrie;68440;68118;Habsheim;;;7.417758;47.730543
68118_0900_00045_b;45;b;Rue de la Rampe;68440;68118;Habsheim;;;7.423964;47.734444
68118_0300_00009;9;;Rue de Dietwiller;68440;68118;Habsheim;;;7.416861;47.721165
68118_0523_00031;31;;Rue de Landser;68440;68118;Habsheim;;;7.417483;47.719139
68118_0460_00013;13;;Rue de Hombourg;68440;68118;Habsheim;;;7.423839;47.729711
68118_0380_00084;84;;Rue du Général de Gaulle;68440;68118;Habsheim;;;7.416378;47.72936
68118_0727_00033;33;;Rue Nungesser et Coli;68440;68118;Habsheim;;;7.423606;47.735084
68118_0951_00004;4;;Impasse du Rossignol;68440;68118;Habsheim;;;7.420218;47.719713
68118_1140_00006;6;;Rue du Vignoble;68440;68118;Habsheim;;;7.416684;47.726755
68118_0380_00150;150;;Rue du Général de Gaulle;68440;68118;Habsheim;;;7.417988;47.721728
68118_1060_00021;21;;Rue de la Victoire;68440;68118;Habsheim;;;7.41867;47.728242
68118_0260_00023;23;;Rue du Colonel Fabien;68440;68118;Habsheim;;;7.411381;47.729311
68118_0280_00086;86;;Rue de la Délivrance;68440;68118;Habsheim;;;7.419318;47.7288
68118_0280_00105;105;;Rue de la Délivrance;68440;68118;Habsheim;;;7.419542;47.727202
68118_0380_00056_c;56;c;Rue du Général de Gaulle;68440;68118;Habsheim;;;7.415302;47.732241
68118_0380_00024_a;24;a;Rue du Général de Gaulle;68440;68118;Habsheim;;;7.416257;47.734959
68118_0990_00024;24;;Rue Saint-Martin;68440;68118;Habsheim;;;7.425587;47.727852
68118_0720_00029;29;;Rue de Niffer;68440;68118;Habsheim;;;7.423272;47.725289
68118_0990_00047;47;;Rue Saint-Martin;68440;68118;Habsheim;;;7.424188;47.727904
68118_0380_00184;184;;Rue du Général de Gaulle;68440;68118;Habsheim;;;7.418405;47.718806
68118_0727_00001;1;;Rue Nungesser et Coli;68440;68118;Habsheim;;;7.421634;47.734868
68118_0380_00028_a;28;a;Rue du Général de Gaulle;68440;68118;Habsheim;;;7.416492;47.734634
68118_0980_00003;3;;Impasse du Ruisseau;68440;68118;Habsheim;;;7.416763;47.727006
68118_0380_00149;149;;Rue du Général de Gaulle;68440;68118;Habsheim;;;7.418202;47.723228
68118_0380_00016;16;;Rue du Général de Gaulle;68440;68118;Habsheim;;;7.417017;47.735776
68118_0640_00036;36;;Rue de la Montagne;68440;68118;Habsheim;;;7.41375;47.733439
68118_1060_00019;19;;Rue de la Victoire;68440;68118;Habsheim;;;7.418696;47.728063
68118_0220_00012_a;12;a;Rue de la Chapelle;68440;68118;Habsheim;;;7.421647;47.723483
68118_0280_00096;96;;Rue de la Délivrance;68440;68118;Habsheim;;;7.419297;47.728116
68118_0440_00032;32;;Rue de la Hardt;68440;68118;Habsheim;;;7.420168;47.720892
68118_0770_00009;9;;Rue Paul Verlaine;68440;68118;Habsheim;;;7.42285;47.723522
68118_0070_00008;8;;Rue André Jeannin;68440;68118;Habsheim;;;7.421901;47.735552
68118_0220_00026;26;;Rue de la Chapelle;68440;68118;Habsheim;;;7.423401;47.724119
68118_0360_00007;7;;Rue des Faisans;68440;68118;Habsheim;;;7.414294;47.72651
68118_0580_00017;17;;Rue du Maréchal Foch;68440;68118;Habsheim;;;7.418204;47.728787
68118_0997_00001;1;;Rue de Schlierbach;68440;68118;Habsheim;;;7.407221;47.713982
68118_0180_00001;1;;Rue du Cerf;68440;68118;Habsheim;;;7.42545;47.723313
68118_0380_00029_c;29;c;Rue du Général de Gaulle;68440;68118;Habsheim;;;7.417769;47.734222
68118_1140_00015;15;;Rue du Vignoble;68440;68118;Habsheim;;;7.414849;47.72719
68118_1060_00013;13;;Rue de la Victoire;68440;68118;Habsheim;;;7.418407;47.727805
68118_0530_00019;19;;Rue Louis Pasteur;68440;68118;Habsheim;;;7.424104;47.72219
68118_1080_00012;12;;Rue des Vignerons;68440;68118;Habsheim;;;7.413235;47.728614
68118_0900_00015_a;15;a;Rue de la Rampe;68440;68118;Habsheim;;;7.419993;47.736433
68118_0990_00045;45;;Rue Saint-Martin;68440;68118;Habsheim;;;7.424102;47.727856
68118_0440_00006;6;;Rue de la Hardt;68440;68118;Habsheim;;;7.420048;47.722886
68118_0420_00004;4;;Rue des Grillons;68440;68118;Habsheim;;;7.422171;47.726872
68118_0640_00018;18;;Rue de la Montagne;68440;68118;Habsheim;;;7.41473;47.735192
68118_0780_00003;3;;Rue des Peintres;68440;68118;Habsheim;;;7.417645;47.7327
68118_0580_00012_a;12;a;Rue du Maréchal Foch;68440;68118;Habsheim;;;7.417899;47.728345
68118_0770_00006;6;;Rue Paul Verlaine;68440;68118;Habsheim;;;7.42303;47.722768
68118_0070_00006;6;;Rue André Jeannin;68440;68118;Habsheim;;;7.421536;47.735511
68118_0140_00053_a;53;a;Rue des Bleuets;68440;68118;Habsheim;;;7.42095;47.733715
68118_1140_00017;17;;Rue du Vignoble;68440;68118;Habsheim;;;7.414556;47.727414
68118_0735_00014;14;;Rue d’Ottmarsheim;68440;68118;Habsheim;;;7.424551;47.729195
68118_0440_00027;27;;Rue de la Hardt;68440;68118;Habsheim;;;7.42087;47.721212
68118_0380_00180;180;;Rue du Général de Gaulle;68440;68118;Habsheim;;;7.418205;47.719073
68118_0760_00005;5;;Rue de la Patrie;68440;68118;Habsheim;;;7.418064;47.73074
68118_0360_00004;4;;Rue des Faisans;68440;68118;Habsheim;;;7.41338;47.727065
68118_0780_00002_a;2;a;Rue des Peintres;68440;68118;Habsheim;;;7.417359;47.732594
68118_0280_00007_a;7;a;Rue de la Délivrance;68440;68118;Habsheim;;;7.419122;47.735543
68118_0140_00006;6;;Rue des Bleuets;68440;68118;Habsheim;;;7.4218;47.729369
68118_0360_00011;11;;Rue des Faisans;68440;68118;Habsheim;;;7.413751;47.726261
68118_0130_00007_a;7;a;Rue des Bergers;68440;68118;Habsheim;;;7.422277;47.730119
68118_0280_00017;17;;Rue de la Délivrance;68440;68118;Habsheim;;;7.419121;47.734399
68118_0735_00018;18;;Rue d’Ottmarsheim;68440;68118;Habsheim;;;7.423961;47.729341
68118_0660_00002;2;;Rue des Muguets;68440;68118;Habsheim;;;7.418948;47.73154
68118_0040_00014;14;;Rue des Alouettes;68440;68118;Habsheim;;;7.422013;47.722528
68118_0922_00004;4;;Rue du Rhin;68440;68118;Habsheim;;;7.42402;47.728831
68118_0471_00003;3;;Rue de l’Industrie;68440;68118;Habsheim;;;7.417926;47.741329
68118_0530_00003;3;;Rue Louis Pasteur;68440;68118;Habsheim;;;7.423009;47.722459
68118_0800_00053;53;;Rue de Petit-Landau;68440;68118;Habsheim;;;7.431416;47.729293
68118_0280_00015_a;15;a;Rue de la Délivrance;68440;68118;Habsheim;;;7.419396;47.73456
68118_0440_00022;22;;Rue de la Hardt;68440;68118;Habsheim;;;7.420009;47.721528
68118_1080_00007;7;;Rue des Vignerons;68440;68118;Habsheim;;;7.413192;47.728297
68118_0760_00007;7;;Rue de la Patrie;68440;68118;Habsheim;;;7.418309;47.730634
68118_0520_00009;9;;Rue de Kembs;68440;68118;Habsheim;;;7.421889;47.727598
68118_0380_00141;141;;Rue du Général de Gaulle;68440;68118;Habsheim;;;7.417989;47.724213
68118_0280_00031_a;31;a;Rue de la Délivrance;68440;68118;Habsheim;;;7.419808;47.733055
68118_0520_00017_a;17;a;Rue de Kembs;68440;68118;Habsheim;;;7.423141;47.726633
68118_0040_00024;24;;Rue des Alouettes;68440;68118;Habsheim;;;7.422362;47.721711
68118_0300_00002;2;;Rue de Dietwiller;68440;68118;Habsheim;;;7.417878;47.721439
68118_0130_00003;3;;Rue des Bergers;68440;68118;Habsheim;;;7.422394;47.729741
68118_0860_00016;16;;Rue du Président Roosevelt;68440;68118;Habsheim;;;7.418955;47.726694
68118_0280_00090;90;;Rue de la Délivrance;68440;68118;Habsheim;;;7.419255;47.728297
68118_0040_00028_b;28;b;Rue des Alouettes;68440;68118;Habsheim;;;7.421825;47.72137
68118_0440_00025;25;;Rue de la Hardt;68440;68118;Habsheim;;;7.42074;47.721202
68118_0280_00031_c;31;c;Rue de la Délivrance;68440;68118;Habsheim;;;7.420685;47.733042
68118_0523_00010_d;10;d;Rue de Landser;68440;68118;Habsheim;;;7.41595;47.721056
68118_0780_00004;4;;Rue des Peintres;68440;68118;Habsheim;;;7.417516;47.732546
68118_0952_00007;7;;Rue du Rossignol;68440;68118;Habsheim;;;7.419327;47.719909
68118_0820_00016;16;;Rue du Petit Vignoble;68440;68118;Habsheim;;;7.413161;47.730846
68118_0380_00047;47;;Rue du Général de Gaulle;68440;68118;Habsheim;;;7.417077;47.732802
68118_0523_00033;33;;Rue de Landser;68440;68118;Habsheim;;;7.41676;47.718774
68118_0120_00018;18;;Chemin de l’Aviation;68440;68118;Habsheim;;;7.421639;47.738825
68118_0820_00030;30;;Rue du Petit Vignoble;68440;68118;Habsheim;;;7.412492;47.729847
68118_0020_00006;6;;Rue des Alliés;68440;68118;Habsheim;;;7.418091;47.729599
68118_0360_00004_b;4;b;Rue des Faisans;68440;68118;Habsheim;;;7.41305;47.727107
68118_0140_00007;7;;Rue des Bleuets;68440;68118;Habsheim;;;7.421424;47.729733
68118_0040_00004;4;;Rue des Alouettes;68440;68118;Habsheim;;;7.421983;47.723657
68118_0720_00020;20;;Rue de Niffer;68440;68118;Habsheim;;;7.423766;47.72506
68118_0120_00027;27;;Chemin de l’Aviation;68440;68118;Habsheim;;;7.420934;47.738975
68118_1060_00008;8;;Rue de la Victoire;68440;68118;Habsheim;;;7.418672;47.727238
68118_0280_00023_a;23;a;Rue de la Délivrance;68440;68118;Habsheim;;;7.419409;47.733795
68118_0371_00003;3;;Passage des Frères Hertzog;68440;68118;Habsheim;;;7.415385;47.728303
68118_0530_00021;21;;Rue Louis Pasteur;68440;68118;Habsheim;;;7.424457;47.722215
68118_0380_00206_a;206;a;Rue du Général de Gaulle;68440;68118;Habsheim;;;7.418255;47.716978
68118_1140_00010;10;;Rue du Vignoble;68440;68118;Habsheim;;;7.41615;47.726762
68118_0727_00005;5;;Rue Nungesser et Coli;68440;68118;Habsheim;;;7.421995;47.734914
68118_0260_00002_a;2;a;Rue du Colonel Fabien;68440;68118;Habsheim;;;7.415672;47.729428
68118_0380_00085;85;;Rue du Général de Gaulle;68440;68118;Habsheim;;;7.416954;47.729269
68118_0120_00005;5;;Chemin de l’Aviation;68440;68118;Habsheim;;;7.418802;47.738495
68118_0240_00005;5;;Rue du Chemin de Fer;68440;68118;Habsheim;;;7.419928;47.734063
68118_0640_00013;13;;Rue de la Montagne;68440;68118;Habsheim;;;7.414944;47.734427
68118_1050_00010;10;;Rue de Uffheim;68440;68118;Habsheim;;;7.416829;47.719998
68118_0280_00128_b;128;b;Rue de la Délivrance;68440;68118;Habsheim;;;7.418315;47.725296
68118_0727_00006;6;;Rue Nungesser et Coli;68440;68118;Habsheim;;;7.422353;47.73493
68118_0207_00012;12;;Rue du Chant des Oiseaux;68440;68118;Habsheim;;;7.421483;47.71511
68118_0580_00031;31;;Rue du Maréchal Foch;68440;68118;Habsheim;;;7.420051;47.728593
68118_pmro7l_00009;9;;rue Tomi Ungerer;68440;68118;Habsheim;;;7.423163;47.721168
68118_0480_00006;6;;Ruelle des Jardiniers;68440;68118;Habsheim;;;7.415858;47.727402
68118_0380_00126_a;126;a;Rue du Général de Gaulle;68440;68118;Habsheim;;;7.417386;47.724167
68118_0935_00010;10;;Rue de Rixheim;68440;68118;Habsheim;;;7.417003;47.739992
68118_0584_00001;1;;Impasse Marie Freund;68440;68118;Habsheim;;;7.419123;47.723174
68118_0140_00043;43;;Rue des Bleuets;68440;68118;Habsheim;;;7.421605;47.733044
68118_0735_00001;1;;Rue d’Ottmarsheim;68440;68118;Habsheim;;;7.423583;47.728651
68118_0780_00010;10;;Rue des Peintres;68440;68118;Habsheim;;;7.418574;47.732527
68118_0420_00019;19;;Rue des Grillons;68440;68118;Habsheim;;;7.422293;47.724712
68118_0790_00006;6;;Rue des Perdrix;68440;68118;Habsheim;;;7.410816;47.728666
68118_0140_00071;71;;Rue des Bleuets;68440;68118;Habsheim;;;7.419537;47.735811
68118_1065_00001;1;;Rue Victor Hugo;68440;68118;Habsheim;;;7.420726;47.722801
68118_0530_00005;5;;Rue Louis Pasteur;68440;68118;Habsheim;;;7.423198;47.722336
68118_0490_00012;12;;Rue Jean-Georges Stoffel;68440;68118;Habsheim;;;7.421976;47.721733
68118_pmro7l_00018;18;;rue Tomi Ungerer;68440;68118;Habsheim;;;7.423166;47.721388
68118_1080_00011;11;;Rue des Vignerons;68440;68118;Habsheim;;;7.412538;47.728523
68118_0780_00002;2;;Rue des Peintres;68440;68118;Habsheim;;;7.41713;47.732583
68118_0120_00014;14;;Chemin de l’Aviation;68440;68118;Habsheim;;;7.421514;47.738653
68118_0520_00028;28;;Rue de Kembs;68440;68118;Habsheim;;;7.425932;47.723989
68118_0480_00005;5;;Ruelle des Jardiniers;68440;68118;Habsheim;;;7.416124;47.727316
68118_0140_00051_a;51;a;Rue des Bleuets;68440;68118;Habsheim;;;7.420905;47.733372
68118_1060_00022;22;;Rue de la Victoire;68440;68118;Habsheim;;;7.418782;47.727724
68118_0140_00061;61;;Rue des Bleuets;68440;68118;Habsheim;;;7.420276;47.734544
68118_0020_00007;7;;Rue des Alliés;68440;68118;Habsheim;;;7.41782;47.729042
68118_0280_00112;112;;Rue de la Délivrance;68440;68118;Habsheim;;;7.419362;47.727222
68118_1050_00023;23;;Rue de Uffheim;68440;68118;Habsheim;;;7.416866;47.719697
68118_0220_00006_a;6;a;Rue de la Chapelle;68440;68118;Habsheim;;;7.420694;47.723159
68118_0720_00025;25;;Rue de Niffer;68440;68118;Habsheim;;;7.422981;47.725293
68118_0460_00015;15;;Rue de Hombourg;68440;68118;Habsheim;;;7.424039;47.729753
68118_0600_00011;11;;Rue des Merles;68440;68118;Habsheim;;;7.420886;47.725974
68118_0800_00002;2;;Rue de Petit-Landau;68440;68118;Habsheim;;;7.421683;47.728272
68118_0820_00005_b;5;b;Rue du Petit Vignoble;68440;68118;Habsheim;;;7.415244;47.730169
68118_0380_00043;43;;Rue du Général de Gaulle;68440;68118;Habsheim;;;7.417099;47.733055
68118_0380_00004_d;4;d;Rue du Général de Gaulle;68440;68118;Habsheim;;;7.41697;47.737613
68118_0340_00004;4;;Rue d’Eschentzwiller;68440;68118;Habsheim;;;7.416238;47.722701
68118_0380_00136;136;;Rue du Général de Gaulle;68440;68118;Habsheim;;;7.417921;47.723092
68118_0010_00009;9;;Rue Albert Schweitzer;68440;68118;Habsheim;;;7.414305;47.732805
68118_0760_00006;6;;Rue de la Patrie;68440;68118;Habsheim;;;7.417978;47.730641
68118_0380_00124_e;124;e;Rue du Général de Gaulle;68440;68118;Habsheim;;;7.417158;47.724534
68118_0523_00014;14;;Rue de Landser;68440;68118;Habsheim;;;7.4159;47.720757
68118_0280_00139;139;;Rue de la Délivrance;68440;68118;Habsheim;;;7.419408;47.724715
68118_0952_00003;3;;Rue du Rossignol;68440;68118;Habsheim;;;7.419033;47.719729
68118_1180_00003;3;;Rue de Zurich;68440;68118;Habsheim;;;7.424667;47.725425
68118_0440_00003;3;;Rue de la Hardt;68440;68118;Habsheim;;;7.420348;47.722917
68118_0680_00006;6;;Rue des Narcisses;68440;68118;Habsheim;;;7.42076;47.730996
68118_0440_00013;13;;Rue de la Hardt;68440;68118;Habsheim;;;7.420481;47.722141
68118_0140_00004;4;;Rue des Bleuets;68440;68118;Habsheim;;;7.421814;47.72929
68118_0199_00007;7;;Rue Jacqueline Auriol;68440;68118;Habsheim;;;7.41996;47.738934
68118_0380_00109;109;;Rue du Général de Gaulle;68440;68118;Habsheim;;;7.417534;47.727202
68118_0280_00118;118;;Rue de la Délivrance;68440;68118;Habsheim;;;7.419277;47.72635
68118_0640_00001_a;1;a;Rue de la Montagne;68440;68118;Habsheim;;;7.415791;47.735972
68118_1000_00005;5;;Rue Scholler;68440;68118;Habsheim;;;7.414444;47.729931
68118_0320_00008;8;;Impasse de l’École;68440;68118;Habsheim;;;7.415856;47.728851
68118_0280_00101;101;;Rue de la Délivrance;68440;68118;Habsheim;;;7.419513;47.727689
68118_1160_00002;2;;Rue du Vorbourg;68440;68118;Habsheim;;;7.416634;47.731595
68118_0640_00024;24;;Rue de la Montagne;68440;68118;Habsheim;;;7.414481;47.734393
68118_0220_00019_a;19;a;Rue de la Chapelle;68440;68118;Habsheim;;;7.421542;47.724487
68118_0380_00195;195;;Rue du Général de Gaulle;68440;68118;Habsheim;;;7.42127;47.715596
68118_0220_00022;22;;Rue de la Chapelle;68440;68118;Habsheim;;;7.422765;47.724157
68118_0500_00005;5;;Rue de la Justice;68440;68118;Habsheim;;;7.417881;47.727989
68118_0780_00006;6;;Rue des Peintres;68440;68118;Habsheim;;;7.417832;47.732539
68118_0360_00006;6;;Rue des Faisans;68440;68118;Habsheim;;;7.413948;47.726968
68118_0780_00008_a;8;a;Rue des Peintres;68440;68118;Habsheim;;;7.418262;47.732527
68118_0608_00008;8;;Rue des Mésanges;68440;68118;Habsheim;;;7.420248;47.71941
68118_0580_00010;10;;Rue du Maréchal Foch;68440;68118;Habsheim;;;7.417819;47.72861
68118_0770_00015;15;;Rue Paul Verlaine;68440;68118;Habsheim;;;7.423544;47.723389
68118_0120_00029;29;;Chemin de l’Aviation;68440;68118;Habsheim;;;7.421223;47.739014
68118_pmro7l_00005;5;;rue Tomi Ungerer;68440;68118;Habsheim;;;7.424052;47.721152
68118_0380_00119;119;;Rue du Général de Gaulle;68440;68118;Habsheim;;;7.417618;47.726188
68118_0380_00134_a;134;a;Rue du Général de Gaulle;68440;68118;Habsheim;;;7.417125;47.723379
68118_0900_00023;23;;Rue de la Rampe;68440;68118;Habsheim;;;7.420468;47.736005
68118_0060_00008;8;;Rue de l’Alsbourg;68440;68118;Habsheim;;;7.415427;47.737018
68118_0952_00009;9;;Rue du Rossignol;68440;68118;Habsheim;;;7.419458;47.720059
68118_0840_00004;4;;Rue des Prés;68440;68118;Habsheim;;;7.414916;47.726614
68118_0460_00007;7;;Rue de Hombourg;68440;68118;Habsheim;;;7.422233;47.729321
68118_0380_00166;166;;Rue du Général de Gaulle;68440;68118;Habsheim;;;7.418339;47.720262
68118_0800_00006_a;6;a;Rue de Petit-Landau;68440;68118;Habsheim;;;7.421911;47.727827
68118_0380_00059;59;;Rue du Général de Gaulle;68440;68118;Habsheim;;;7.417;47.731528
68118_0020_00003;3;;Rue des Alliés;68440;68118;Habsheim;;;7.417775;47.728882
68118_0380_00166_a;166;a;Rue du Général de Gaulle;68440;68118;Habsheim;;;7.418373;47.720089
68118_0280_00084_a;84;a;Rue de la Délivrance;68440;68118;Habsheim;;;7.419305;47.728888
68118_1050_00015;15;;Rue de Uffheim;68440;68118;Habsheim;;;7.417493;47.720061
68118_1050_00004;4;;Rue de Uffheim;68440;68118;Habsheim;;;7.41678;47.720279
68118_0460_00003_b;3;b;Rue de Hombourg;68440;68118;Habsheim;;;7.420693;47.728985
68118_0860_00018;18;;Rue du Président Roosevelt;68440;68118;Habsheim;;;7.419078;47.726695
68118_0380_00094;94;;Rue du Général de Gaulle;68440;68118;Habsheim;;;7.416109;47.728486
68118_0380_00001_c;1;c;Rue du Général de Gaulle;68440;68118;Habsheim;;;7.418035;47.737754
68118_0780_00006_a;6;a;Rue des Peintres;68440;68118;Habsheim;;;7.417943;47.732536
68118_0082_00010;10;;Rue de l’Artisanat;68440;68118;Habsheim;;;7.417636;47.740119
68118_pmro7l_00006;6;;rue Tomi Ungerer;68440;68118;Habsheim;;;7.424002;47.721402
68118_0560_00015;15;;Rue du Maréchal de Lattre de Tassigny;68440;68118;Habsheim;;;7.418708;47.730071
68118_0380_00045;45;;Rue du Général de Gaulle;68440;68118;Habsheim;;;7.417084;47.732873
68118_0280_00116;116;;Rue de la Délivrance;68440;68118;Habsheim;;;7.41935;47.726979
68118_0900_00037;37;;Rue de la Rampe;68440;68118;Habsheim;;;7.42136;47.73499
68118_0380_00036_b;36;b;Rue du Général de Gaulle;68440;68118;Habsheim;;;7.415796;47.734035
68118_0520_00051;51;;Rue de Kembs;68440;68118;Habsheim;;;7.427898;47.723985
68118_0380_00001_b;1;b;Rue du Général de Gaulle;68440;68118;Habsheim;;;7.41829;47.737247
68118_0380_00192;192;;Rue du Général de Gaulle;68440;68118;Habsheim;;;7.418556;47.717983
68118_1140_00007;7;;Rue du Vignoble;68440;68118;Habsheim;;;7.416141;47.726628
68118_0990_00016;16;;Rue Saint-Martin;68440;68118;Habsheim;;;7.426235;47.726978
68118_0255_00009;9;;Impasse des Closeries;68440;68118;Habsheim;;;7.423899;47.727079
68118_0280_00007_e;7;e;Rue de la Délivrance;68440;68118;Habsheim;;;7.419701;47.735544
68118_0380_00018;18;;Rue du Général de Gaulle;68440;68118;Habsheim;;;7.416972;47.735447
68118_0280_00036_a;36;a;Rue de la Délivrance;68440;68118;Habsheim;;;7.417989;47.733256
68118_0280_00149;149;;Rue de la Délivrance;68440;68118;Habsheim;;;7.419425;47.723855
68118_0360_00016;16;;Rue des Faisans;68440;68118;Habsheim;;;7.412917;47.726062
68118_1080_00004;4;;Rue des Vignerons;68440;68118;Habsheim;;;7.413796;47.728259
68118_0900_00003;3;;Rue de la Rampe;68440;68118;Habsheim;;;7.418423;47.738091
68118_0720_00019;19;;Rue de Niffer;68440;68118;Habsheim;;;7.422598;47.725319
68118_1140_00021;21;;Rue du Vignoble;68440;68118;Habsheim;;;7.414498;47.727797
68118_0820_00005;5;;Rue du Petit Vignoble;68440;68118;Habsheim;;;7.415035;47.730353
68118_0140_00033;33;;Rue des Bleuets;68440;68118;Habsheim;;;7.42156;47.732343
68118_0840_00023;23;;Rue des Prés;68440;68118;Habsheim;;;7.415267;47.724627
68118_0520_00030;30;;Rue de Kembs;68440;68118;Habsheim;;;7.426212;47.723635
68118_0885_00005;5;;Rue des Raisins;68440;68118;Habsheim;;;7.412038;47.727983
68118_1180_00017;17;;Rue de Zurich;68440;68118;Habsheim;;;7.426451;47.726098
68118_0380_00186;186;;Rue du Général de Gaulle;68440;68118;Habsheim;;;7.417878;47.718515
68118_0207_00006;6;;Rue du Chant des Oiseaux;68440;68118;Habsheim;;;7.421341;47.714925
68118_1055_00004;4;;Avenue Valparc;68440;68118;Habsheim;;;7.419638;47.740482
68118_0640_00032;32;;Rue de la Montagne;68440;68118;Habsheim;;;7.413995;47.733698
68118_0380_00117_a;117;a;Rue du Général de Gaulle;68440;68118;Habsheim;;;7.417922;47.726403
68118_0380_00006_a;6;a;Rue du Général de Gaulle;68440;68118;Habsheim;;;7.416795;47.737423
68118_0380_00054_b;54;b;Rue du Général de Gaulle;68440;68118;Habsheim;;;7.416367;47.73228
68118_0820_00012;12;;Rue du Petit Vignoble;68440;68118;Habsheim;;;7.414149;47.730804
68118_0377_00001;1;;Rue des Gardes-Vignes;68440;68118;Habsheim;;;7.409855;47.729592
68118_0770_00004;4;;Rue Paul Verlaine;68440;68118;Habsheim;;;7.422746;47.722744
68118_0523_00012;12;;Rue de Landser;68440;68118;Habsheim;;;7.415891;47.720907
68118_0380_00115;115;;Rue du Général de Gaulle;68440;68118;Habsheim;;;7.417574;47.726618
68118_1065_00007;7;;Rue Victor Hugo;68440;68118;Habsheim;;;7.421335;47.72318
68118_0770_00021;21;;Rue Paul Verlaine;68440;68118;Habsheim;;;7.423852;47.723418
68118_0720_00009;9;;Rue de Niffer;68440;68118;Habsheim;;;7.421195;47.725393
68118_0380_00001_a;1;a;Rue du Général de Gaulle;68440;68118;Habsheim;;;7.418119;47.737385
68118_0160_00008;8;;Rue de la Carrière;68440;68118;Habsheim;;;7.422273;47.728144
68118_1050_00017;17;;Rue de Uffheim;68440;68118;Habsheim;;;7.417456;47.719875
68118_0640_00056;56;;Rue de la Montagne;68440;68118;Habsheim;;;7.412686;47.731674
68118_0420_00008;8;;Rue des Grillons;68440;68118;Habsheim;;;7.421899;47.72671
68118_0523_00004;4;;Rue de Landser;68440;68118;Habsheim;;;7.41564;47.721932
68118_0280_00061;61;;Rue de la Délivrance;68440;68118;Habsheim;;;7.418955;47.730669
68118_0380_00119_b;119;b;Rue du Général de Gaulle;68440;68118;Habsheim;;;7.418267;47.726097
68118_0280_00106;106;;Rue de la Délivrance;68440;68118;Habsheim;;;7.419345;47.727553
68118_0990_00015;15;;Rue Saint-Martin;68440;68118;Habsheim;;;7.424665;47.726387
68118_0720_00010;10;;Rue de Niffer;68440;68118;Habsheim;;;7.421359;47.725042
68118_0360_00022;22;;Rue des Faisans;68440;68118;Habsheim;;;7.412205;47.725765
68118_0520_00018;18;;Rue de Kembs;68440;68118;Habsheim;;;7.422915;47.726165
68118_y3gm45_00008;8;;rue Louis Clément Faller;68440;68118;Habsheim;;;7.422998;47.720655
68118_0600_00026;26;;Rue des Merles;68440;68118;Habsheim;;;7.420259;47.724781
68118_0380_00216;216;;Rue du Général de Gaulle;68440;68118;Habsheim;;;7.419195;47.71596
68118_0130_00004;4;;Rue des Bergers;68440;68118;Habsheim;;;7.42286;47.730082
68118_0280_00124;124;;Rue de la Délivrance;68440;68118;Habsheim;;;7.419117;47.725771
68118_0140_00059;59;;Rue des Bleuets;68440;68118;Habsheim;;;7.420641;47.734369
68118_0040_00031;31;;Rue des Alouettes;68440;68118;Habsheim;;;7.422931;47.720808
68118_0640_00004;4;;Rue de la Montagne;68440;68118;Habsheim;;;7.415459;47.736397
68118_0580_00020;20;;Rue du Maréchal Foch;68440;68118;Habsheim;;;7.42002;47.728337
68118_0040_00010;10;;Rue des Alouettes;68440;68118;Habsheim;;;7.422105;47.722994
68118_0280_00032_b;32;b;Rue de la Délivrance;68440;68118;Habsheim;;;7.418056;47.733486
68118_0140_00003_e;3;e;Rue des Bleuets;68440;68118;Habsheim;;;7.420533;47.72939
68118_0260_00025;25;;Rue du Colonel Fabien;68440;68118;Habsheim;;;7.410561;47.729112
68118_0380_00208;208;;Rue du Général de Gaulle;68440;68118;Habsheim;;;7.418731;47.716772
68118_0020_00004;4;;Rue des Alliés;68440;68118;Habsheim;;;7.418057;47.729488
68118_0660_00004;4;;Rue des Muguets;68440;68118;Habsheim;;;7.419314;47.731496
68118_0380_00056;56;;Rue du Général de Gaulle;68440;68118;Habsheim;;;7.416649;47.732073
68118_0820_00007;7;;Rue du Petit Vignoble;68440;68118;Habsheim;;;7.414674;47.730546
68118_0471_00008;8;;Rue de l’Industrie;68440;68118;Habsheim;;;7.418822;47.740873
68118_pmro7l_00014;14;;rue Tomi Ungerer;68440;68118;Habsheim;;;7.423266;47.721568
68118_1060_00007;7;;Rue de la Victoire;68440;68118;Habsheim;;;7.418067;47.727428
68118_0660_00008;8;;Rue des Muguets;68440;68118;Habsheim;;;7.419957;47.73152
68118_0530_00010;10;;Rue Louis Pasteur;68440;68118;Habsheim;;;7.423691;47.721999
68118_0725_00007;7;;Rue des Noyers;68440;68118;Habsheim;;;7.416825;47.738854
68118_0990_00004;4;;Rue Saint-Martin;68440;68118;Habsheim;;;7.425126;47.725764
68118_0620_00001;1;;Rue du Miroir;68440;68118;Habsheim;;;7.416476;47.727667
68118_0220_00012;12;;Rue de la Chapelle;68440;68118;Habsheim;;;7.421326;47.723733
68118_0200_00008;8;;Rue du Champ des Dimes;68440;68118;Habsheim;;;7.414266;47.728911
68118_0380_00052_a;52;a;Rue du Général de Gaulle;68440;68118;Habsheim;;;7.41668;47.732418
68118_0280_00122_a;122;a;Rue de la Délivrance;68440;68118;Habsheim;;;7.418676;47.726031
68118_0300_00005;5;;Rue de Dietwiller;68440;68118;Habsheim;;;7.417395;47.721204
68118_0520_00016;16;;Rue de Kembs;68440;68118;Habsheim;;;7.422704;47.726441
68118_0380_00120;120;;Rue du Général de Gaulle;68440;68118;Habsheim;;;7.417415;47.72582
68118_0235_00011;11;;Rue du Château;68440;68118;Habsheim;;;7.415724;47.737677
68118_0990_00018;18;;Rue Saint-Martin;68440;68118;Habsheim;;;7.426215;47.727161
68118_0280_00005;5;;Rue de la Délivrance;68440;68118;Habsheim;;;7.419035;47.736119
68118_0235_00021;21;;Rue du Château;68440;68118;Habsheim;;;7.415406;47.738334
68118_0180_00023;23;;Rue du Cerf;68440;68118;Habsheim;;;7.425216;47.722823
68118_0380_00054_a;54;a;Rue du Général de Gaulle;68440;68118;Habsheim;;;7.416505;47.732264
68118_0140_00035;35;;Rue des Bleuets;68440;68118;Habsheim;;;7.421644;47.732558
68118_0380_00113;113;;Rue du Général de Gaulle;68440;68118;Habsheim;;;7.417714;47.726918
68118_0580_00014;14;;Rue du Maréchal Foch;68440;68118;Habsheim;;;7.418367;47.728567
68118_0380_00137;137;;Rue du Général de Gaulle;68440;68118;Habsheim;;;7.417927;47.724549
68118_0800_00003;3;;Rue de Petit-Landau;68440;68118;Habsheim;;;7.423027;47.728842
68118_0060_00012;12;;Rue de l’Alsbourg;68440;68118;Habsheim;;;7.41406;47.736852
68118_0260_00050;50;;Rue du Colonel Fabien;68440;68118;Habsheim;;;7.407886;47.729275
68118_0800_00004;4;;Rue de Petit-Landau;68440;68118;Habsheim;;;7.4218;47.728076
68118_0640_00007;7;;Rue de la Montagne;68440;68118;Habsheim;;;7.415178;47.735048
68118_0490_00011;11;;Rue Jean-Georges Stoffel;68440;68118;Habsheim;;;7.421946;47.721889
68118_0900_00049;49;;Rue de la Rampe;68440;68118;Habsheim;;;7.422554;47.733755
68118_0420_00014;14;;Rue des Grillons;68440;68118;Habsheim;;;7.421935;47.726243
68118_0727_00003;3;;Rue Nungesser et Coli;68440;68118;Habsheim;;;7.421736;47.735056
68118_0800_00005;5;;Rue de Petit-Landau;68440;68118;Habsheim;;;7.423012;47.728557
68118_0207_00001;1;;Rue du Chant des Oiseaux;68440;68118;Habsheim;;;7.420794;47.715171
68118_0280_00148;148;;Rue de la Délivrance;68440;68118;Habsheim;;;7.419054;47.723826
68118_0040_00028;28;;Rue des Alouettes;68440;68118;Habsheim;;;7.422343;47.721381
68118_0141_00009;9;;Impasse des Bleuets;68440;68118;Habsheim;;;7.422654;47.732261
68118_0820_00006_a;6;a;Rue du Petit Vignoble;68440;68118;Habsheim;;;7.414859;47.731003
68118_0360_00028;28;;Rue des Faisans;68440;68118;Habsheim;;;7.412391;47.724741
68118_0840_00028;28;;Rue des Prés;68440;68118;Habsheim;;;7.414548;47.724316
68118_0140_00009;9;;Rue des Bleuets;68440;68118;Habsheim;;;7.421392;47.729879
68118_0380_00037;37;;Rue du Général de Gaulle;68440;68118;Habsheim;;;7.417141;47.733561
68118_0280_00141;141;;Rue de la Délivrance;68440;68118;Habsheim;;;7.419552;47.724542
68118_0990_00055;55;;Rue Saint-Martin;68440;68118;Habsheim;;;7.424805;47.72788
68118_0207_00004;4;;Rue du Chant des Oiseaux;68440;68118;Habsheim;;;7.421237;47.715051
68118_0260_00005_a;5;a;Rue du Colonel Fabien;68440;68118;Habsheim;;;7.41497;47.729372
68118_0900_00017;17;;Rue de la Rampe;68440;68118;Habsheim;;;7.420169;47.736219
68118_0820_00009;9;;Rue du Petit Vignoble;68440;68118;Habsheim;;;7.413674;47.730559
68118_0640_00035;35;;Rue de la Montagne;68440;68118;Habsheim;;;7.413905;47.731664
68118_0840_00014_a;14;a;Rue des Prés;68440;68118;Habsheim;;;7.414444;47.725631
68118_0840_00011;11;;Rue des Prés;68440;68118;Habsheim;;;7.415161;47.725671
68118_0360_00021;21;;Rue des Faisans;68440;68118;Habsheim;;;7.413527;47.72522
68118_1180_00023;23;;Rue de Zurich;68440;68118;Habsheim;;;7.426395;47.726236
68118_0952_00010;10;;Rue du Rossignol;68440;68118;Habsheim;;;7.420214;47.720297
68118_0380_00010;10;;Rue du Général de Gaulle;68440;68118;Habsheim;;;7.417298;47.736742
68118_0280_00051;51;;Rue de la Délivrance;68440;68118;Habsheim;;;7.418834;47.731247
68118_0220_00006;6;;Rue de la Chapelle;68440;68118;Habsheim;;;7.420556;47.723582
68118_1180_00011;11;;Rue de Zurich;68440;68118;Habsheim;;;7.42648;47.725893
68118_0600_00017;17;;Rue des Merles;68440;68118;Habsheim;;;7.42072;47.725085
68118_0130_00018;18;;Rue des Bergers;68440;68118;Habsheim;;;7.423049;47.730901
68118_0280_00021;21;;Rue de la Délivrance;68440;68118;Habsheim;;;7.419096;47.734101
68118_0400_00003;3;;Rue Georges Wodli;68440;68118;Habsheim;;;7.417851;47.734736
68118_0240_00009;9;;Rue du Chemin de Fer;68440;68118;Habsheim;;;7.420818;47.734021
68118_0523_00025;25;;Rue de Landser;68440;68118;Habsheim;;;7.416914;47.719379
68118_0460_00006;6;;Rue de Hombourg;68440;68118;Habsheim;;;7.423099;47.729275
68118_0280_00104;104;;Rue de la Délivrance;68440;68118;Habsheim;;;7.419358;47.727643
68118_0900_00067;67;;Rue de la Rampe;68440;68118;Habsheim;;;7.424666;47.731722
68118_0600_00031;31;;Rue des Merles;68440;68118;Habsheim;;;7.420607;47.724349
68118_0380_00041;41;;Rue du Général de Gaulle;68440;68118;Habsheim;;;7.417119;47.733306
68118_0320_00001;1;;Impasse de l’École;68440;68118;Habsheim;;;7.415994;47.729161
68118_0280_00027;27;;Rue de la Délivrance;68440;68118;Habsheim;;;7.419293;47.733405
68118_0490_00004;4;;Rue Jean-Georges Stoffel;68440;68118;Habsheim;;;7.421193;47.72164
68118_0255_00010;10;;Impasse des Closeries;68440;68118;Habsheim;;;7.423885;47.72694
68118_0280_00083_c;83;c;Rue de la Délivrance;68440;68118;Habsheim;;;7.419746;47.729683
68118_0360_00013;13;;Rue des Faisans;68440;68118;Habsheim;;;7.413588;47.725973
68118_0420_00022_a;22;a;Rue des Grillons;68440;68118;Habsheim;;;7.421849;47.725556
68118_0840_00002;2;;Rue des Prés;68440;68118;Habsheim;;;7.415008;47.726745
68118_0900_00005_c;5;c;Rue de la Rampe;68440;68118;Habsheim;;;7.418859;47.737926
68118_0530_00012;12;;Rue Louis Pasteur;68440;68118;Habsheim;;;7.424008;47.722027
68118_0520_00005;5;;Rue de Kembs;68440;68118;Habsheim;;;7.42148;47.727983
68118_0952_00006;6;;Rue du Rossignol;68440;68118;Habsheim;;;7.419808;47.719882
68118_1060_00024;24;;Rue de la Victoire;68440;68118;Habsheim;;;7.418805;47.727973
68118_0070_00005;5;;Rue André Jeannin;68440;68118;Habsheim;;;7.421875;47.735801
68118_0120_00023;23;;Chemin de l’Aviation;68440;68118;Habsheim;;;7.420731;47.738711
68118_0420_00009;9;;Rue des Grillons;68440;68118;Habsheim;;;7.422397;47.726137
68118_0130_00007;7;;Rue des Bergers;68440;68118;Habsheim;;;7.42253;47.73014
68118_0020_00011;11;;Rue des Alliés;68440;68118;Habsheim;;;7.417768;47.729862
68118_0260_00046;46;;Rue du Colonel Fabien;68440;68118;Habsheim;;;7.407382;47.729546
68118_0380_00146;146;;Rue du Général de Gaulle;68440;68118;Habsheim;;;7.417513;47.721911
68118_0140_00041_b;41;b;Rue des Bleuets;68440;68118;Habsheim;;;7.421002;47.732842
68118_0760_00010;10;;Rue de la Patrie;68440;68118;Habsheim;;;7.418172;47.730428
68118_0380_00203;203;;Rue du Général de Gaulle;68440;68118;Habsheim;;;7.420515;47.714178
68118_1080_00016;16;;Rue des Vignerons;68440;68118;Habsheim;;;7.413288;47.72902
68118_0180_00018;18;;Rue du Cerf;68440;68118;Habsheim;;;7.42452;47.722464
68118_0280_00089;89;;Rue de la Délivrance;68440;68118;Habsheim;;;7.419724;47.728914
68118_0020_00008;8;;Rue des Alliés;68440;68118;Habsheim;;;7.418376;47.729705
68118_0060_00006;6;;Rue de l’Alsbourg;68440;68118;Habsheim;;;7.41616;47.737006
68118_0260_00048;48;;Rue du Colonel Fabien;68440;68118;Habsheim;;;7.407876;47.729522
68118_0380_00053;53;;Rue du Général de Gaulle;68440;68118;Habsheim;;;7.417016;47.731993
68118_1180_00029;29;;Rue de Zurich;68440;68118;Habsheim;;;7.426298;47.726417
68118_0040_00018_a;18;a;Rue des Alouettes;68440;68118;Habsheim;;;7.421295;47.722208
68118_0140_00017;17;;Rue des Bleuets;68440;68118;Habsheim;;;7.421061;47.730694
68118_0600_00021;21;;Rue des Merles;68440;68118;Habsheim;;;7.42068;47.724876
68118_0584_00005;5;;Impasse Marie Freund;68440;68118;Habsheim;;;7.419495;47.722835
68118_0480_00004;4;;Ruelle des Jardiniers;68440;68118;Habsheim;;;7.415729;47.727462
68118_0180_00020;20;;Rue du Cerf;68440;68118;Habsheim;;;7.424438;47.721843
68118_1180_00001;1;;Rue de Zurich;68440;68118;Habsheim;;;7.424394;47.725362
68118_0120_00012;12;;Chemin de l’Aviation;68440;68118;Habsheim;;;7.421171;47.738583
68118_0280_00050;50;;Rue de la Délivrance;68440;68118;Habsheim;;;7.418077;47.73182
68118_0140_00003_a;3;a;Rue des Bleuets;68440;68118;Habsheim;;;7.421324;47.729315
68118_0820_00001;1;;Rue du Petit Vignoble;68440;68118;Habsheim;;;7.41581;47.730685
68118_0300_00001;1;;Rue de Dietwiller;68440;68118;Habsheim;;;7.417914;47.721252
68118_0220_00030_a;30;a;Rue de la Chapelle;68440;68118;Habsheim;;;7.423752;47.72478
68118_0280_00097_b;97;b;Rue de la Délivrance;68440;68118;Habsheim;;;7.420282;47.727803
68118_0380_00035_b;35;b;Rue du Général de Gaulle;68440;68118;Habsheim;;;7.418154;47.733646
68118_0680_00008;8;;Rue des Narcisses;68440;68118;Habsheim;;;7.420532;47.730818
68118_0140_00069;69;;Rue des Bleuets;68440;68118;Habsheim;;;7.419816;47.735321
68118_0800_00004_a;4;a;Rue de Petit-Landau;68440;68118;Habsheim;;;7.421843;47.728206
68118_0380_00004_e;4;e;Rue du Général de Gaulle;68440;68118;Habsheim;;;7.416808;47.737612
68118_0380_00214;214;;Rue du Général de Gaulle;68440;68118;Habsheim;;;7.418898;47.716207
68118_0020_00016;16;;Rue des Alliés;68440;68118;Habsheim;;;7.417918;47.729959
68118_0040_00009;9;;Rue des Alouettes;68440;68118;Habsheim;;;7.422435;47.722655
68118_0380_00084_b;84;b;Rue du Général de Gaulle;68440;68118;Habsheim;;;7.416154;47.729537
68118_0380_00205;205;;Rue du Général de Gaulle;68440;68118;Habsheim;;;7.421421;47.714178
68118_1180_00021;21;;Rue de Zurich;68440;68118;Habsheim;;;7.426212;47.72606
68118_0380_00026;26;;Rue du Général de Gaulle;68440;68118;Habsheim;;;7.416945;47.734783
68118_0380_00079_a;79;a;Rue du Général de Gaulle;68440;68118;Habsheim;;;7.416945;47.729624
68118_0380_00142_b;142;b;Rue du Général de Gaulle;68440;68118;Habsheim;;;7.41735;47.722365
68118_0480_00014;14;;Ruelle des Jardiniers;68440;68118;Habsheim;;;7.416324;47.727025
68118_0010_00001;1;;Rue Albert Schweitzer;68440;68118;Habsheim;;;7.414329;47.731935
68118_0900_00005;5;;Rue de la Rampe;68440;68118;Habsheim;;;7.418454;47.737927
68118_0520_00021;21;;Rue de Kembs;68440;68118;Habsheim;;;7.423465;47.726407
68118_0727_00009;9;;Rue Nungesser et Coli;68440;68118;Habsheim;;;7.422089;47.735187
68118_0640_00001;1;;Rue de la Montagne;68440;68118;Habsheim;;;7.415979;47.736298
68118_0082_00002;2;;Rue de l’Artisanat;68440;68118;Habsheim;;;7.418193;47.739046
68118_0280_00075;75;;Rue de la Délivrance;68440;68118;Habsheim;;;7.419062;47.72986
68118_0255_00001;1;;Impasse des Closeries;68440;68118;Habsheim;;;7.423095;47.727144
68118_0460_00002_b;2;b;Rue de Hombourg;68440;68118;Habsheim;;;7.421815;47.728521
68118_0440_00005;5;;Rue de la Hardt;68440;68118;Habsheim;;;7.420396;47.722784
68118_0380_00040;40;;Rue du Général de Gaulle;68440;68118;Habsheim;;;7.41685;47.733417
68118_0500_00001;1;;Rue de la Justice;68440;68118;Habsheim;;;7.417297;47.727895
68118_0380_00124_d;124;d;Rue du Général de Gaulle;68440;68118;Habsheim;;;7.417248;47.724531
68118_0900_00015_c;15;c;Rue de la Rampe;68440;68118;Habsheim;;;7.420424;47.736498
68118_0380_00013_b;13;b;Rue du Général de Gaulle;68440;68118;Habsheim;;;7.417999;47.735877
68118_0420_00017;17;;Rue des Grillons;68440;68118;Habsheim;;;7.422255;47.724866
68118_0935_00008;8;;Rue de Rixheim;68440;68118;Habsheim;;;7.417485;47.739306
68118_0920_00005;5;;Rue du Réservoir;68440;68118;Habsheim;;;7.414554;47.737509
68118_0520_00008;8;;Rue de Kembs;68440;68118;Habsheim;;;7.420915;47.727757
68118_0220_00037;37;;Rue de la Chapelle;68440;68118;Habsheim;;;7.423504;47.724942
68118_0380_00125;125;;Rue du Général de Gaulle;68440;68118;Habsheim;;;7.41814;47.725507
68118_0380_00052;52;;Rue du Général de Gaulle;68440;68118;Habsheim;;;7.416695;47.732478
68118_0790_00999;999;;Rue des Perdrix;68440;68118;Habsheim;;;7.411081;47.726542
68118_0990_00022;22;;Rue Saint-Martin;68440;68118;Habsheim;;;7.425974;47.727521
68118_0380_00148;148;;Rue du Général de Gaulle;68440;68118;Habsheim;;;7.417946;47.721965
68118_0200_00006_b;6;b;Rue du Champ des Dimes;68440;68118;Habsheim;;;7.414006;47.729001
68118_0523_00010_c;10;c;Rue de Landser;68440;68118;Habsheim;;;7.415924;47.721154
68118_0280_00039_c;39;c;Rue de la Délivrance;68440;68118;Habsheim;;;7.419604;47.732357
68118_0720_00010_a;10;a;Rue de Niffer;68440;68118;Habsheim;;;7.421548;47.725073
68118_0180_00004;4;;Rue du Cerf;68440;68118;Habsheim;;;7.424341;47.724201
68118_0725_00005;5;;Rue des Noyers;68440;68118;Habsheim;;;7.416988;47.738645
68118_0280_00037_a;37;a;Rue de la Délivrance;68440;68118;Habsheim;;;7.420587;47.732623
68118_1080_00015;15;;Rue des Vignerons;68440;68118;Habsheim;;;7.412816;47.728697
68118_0140_00049;49;;Rue des Bleuets;68440;68118;Habsheim;;;7.420714;47.73356
68118_0380_00178_a;178;a;Rue du Général de Gaulle;68440;68118;Habsheim;;;7.418532;47.719112
68118_0380_00084_c;84;c;Rue du Général de Gaulle;68440;68118;Habsheim;;;7.416325;47.729543
68118_0380_00230;230;;Rue du Général de Gaulle;68440;68118;Habsheim;;;7.419564;47.71315
68118_0199_00004;4;;Rue Jacqueline Auriol;68440;68118;Habsheim;;;7.420298;47.73892
68118_0420_00005;5;;Rue des Grillons;68440;68118;Habsheim;;;7.422378;47.726564
68118_0720_00017;17;;Rue de Niffer;68440;68118;Habsheim;;;7.422397;47.725318
68118_0140_00003;3;;Rue des Bleuets;68440;68118;Habsheim;;;7.421497;47.729299
68118_0260_00007;7;;Rue du Colonel Fabien;68440;68118;Habsheim;;;7.414427;47.729495
68118_0480_00012;12;;Ruelle des Jardiniers;68440;68118;Habsheim;;;7.416041;47.727026
68118_0727_00008;8;;Rue Nungesser et Coli;68440;68118;Habsheim;;;7.422602;47.734956
68118_0440_00024;24;;Rue de la Hardt;68440;68118;Habsheim;;;7.420383;47.721514
68118_0490_00010;10;;Rue Jean-Georges Stoffel;68440;68118;Habsheim;;;7.421782;47.7217
68118_0080_00002;2;;Impasse de l’Arbourg;68440;68118;Habsheim;;;7.416914;47.72747
68118_0010_00003;3;;Rue Albert Schweitzer;68440;68118;Habsheim;;;7.414385;47.732213
68118_0740_00009;9;;Ruelle du Parc;68440;68118;Habsheim;;;7.421112;47.727432
68118_0530_00017;17;;Rue Louis Pasteur;68440;68118;Habsheim;;;7.423951;47.722398
68118_0280_00142_a;142;a;Rue de la Délivrance;68440;68118;Habsheim;;;7.418876;47.724309
68118_0020_00002;2;;Rue des Alliés;68440;68118;Habsheim;;;7.418229;47.729258
68118_0990_00011;11;;Rue Saint-Martin;68440;68118;Habsheim;;;7.424639;47.726244
68118_0440_00023;23;;Rue de la Hardt;68440;68118;Habsheim;;;7.420689;47.721427
68118_0141_00003;3;;Impasse des Bleuets;68440;68118;Habsheim;;;7.42228;47.732341
68118_0120_00001;1;;Chemin de l’Aviation;68440;68118;Habsheim;;;7.418294;47.738375
68118_0600_00015_b;15;b;Rue des Merles;68440;68118;Habsheim;;;7.421128;47.725628
68118_0280_00071;71;;Rue de la Délivrance;68440;68118;Habsheim;;;7.418991;47.730079
68118_0720_00016;16;;Rue de Niffer;68440;68118;Habsheim;;;7.42281;47.7251
68118_0640_00016_a;16;a;Rue de la Montagne;68440;68118;Habsheim;;;7.414582;47.735415
68118_0530_00011;11;;Rue Louis Pasteur;68440;68118;Habsheim;;;7.423662;47.722369
68118_0820_00010;10;;Rue du Petit Vignoble;68440;68118;Habsheim;;;7.414527;47.730785
68118_0460_00017;17;;Rue de Hombourg;68440;68118;Habsheim;;;7.424262;47.729798
68118_0380_00120_a;120;a;Rue du Général de Gaulle;68440;68118;Habsheim;;;7.417415;47.725637
68118_0840_00001_b;1;b;Rue des Prés;68440;68118;Habsheim;;;7.415224;47.726518
68118_1060_00009;9;;Rue de la Victoire;68440;68118;Habsheim;;;7.418587;47.727439
68118_y3gm45_00006;6;;rue Louis Clément Faller;68440;68118;Habsheim;;;7.423284;47.720683
68118_0490_00001;1;;Rue Jean-Georges Stoffel;68440;68118;Habsheim;;;7.420947;47.721789
68118_0260_00011;11;;Rue du Colonel Fabien;68440;68118;Habsheim;;;7.413732;47.72946
68118_0860_00010;10;;Rue du Président Roosevelt;68440;68118;Habsheim;;;7.41848;47.726704
68118_0600_00015;15;;Rue des Merles;68440;68118;Habsheim;;;7.420842;47.725627
68118_0528_00034;34;;Rue Louis Blériot;68440;68118;Habsheim;;;7.42238;47.735913
68118_0580_00003;3;;Rue du Maréchal Foch;68440;68118;Habsheim;;;7.417176;47.728854
68118_0380_00138;138;;Rue du Général de Gaulle;68440;68118;Habsheim;;;7.41777;47.722873
68118_0380_00122;122;;Rue du Général de Gaulle;68440;68118;Habsheim;;;7.417448;47.72555
68118_0377_00004;4;;Rue des Gardes-Vignes;68440;68118;Habsheim;;;7.410613;47.729946
68118_0740_00014;14;;Ruelle du Parc;68440;68118;Habsheim;;;7.421358;47.727169
68118_0380_00182;182;;Rue du Général de Gaulle;68440;68118;Habsheim;;;7.417803;47.71912
68118_1050_00001;1;;Rue de Uffheim;68440;68118;Habsheim;;;7.41646;47.720523
68118_0440_00028;28;;Rue de la Hardt;68440;68118;Habsheim;;;7.420136;47.72123
68118_0360_00004_a;4;a;Rue des Faisans;68440;68118;Habsheim;;;7.412611;47.727075
68118_0260_00016;16;;Rue du Colonel Fabien;68440;68118;Habsheim;;;7.412397;47.729682
68118_0460_00010;10;;Rue de Hombourg;68440;68118;Habsheim;;;7.423322;47.729326
68118_0820_00022;22;;Rue du Petit Vignoble;68440;68118;Habsheim;;;7.412168;47.7307
68118_0235_00017;17;;Rue du Château;68440;68118;Habsheim;;;7.415428;47.738035
68118_0255_00006;6;;Impasse des Closeries;68440;68118;Habsheim;;;7.423308;47.726972
68118_0120_00025;25;;Chemin de l’Aviation;68440;68118;Habsheim;;;7.42103;47.738779
68118_0520_00023_a;23;a;Rue de Kembs;68440;68118;Habsheim;;;7.423895;47.726116
68118_0130_00002;2;;Rue des Bergers;68440;68118;Habsheim;;;7.422752;47.72973
68118_0199_00005;5;;Rue Jacqueline Auriol;68440;68118;Habsheim;;;7.419981;47.738826
68118_0528_00002_a;2;a;Rue Louis Blériot;68440;68118;Habsheim;;;7.420186;47.738297
68118_0280_00026;26;;Rue de la Délivrance;68440;68118;Habsheim;;;7.418758;47.734145
68118_0500_00017;17;;Rue de la Justice;68440;68118;Habsheim;;;7.418131;47.72842
68118_0380_00071;71;;Rue du Général de Gaulle;68440;68118;Habsheim;;;7.416714;47.730338
68118_0220_00019;19;;Rue de la Chapelle;68440;68118;Habsheim;;;7.421268;47.724019
68118_0820_00001_b;1;b;Rue du Petit Vignoble;68440;68118;Habsheim;;;7.415996;47.730668
68118_0620_00009;9;;Rue du Miroir;68440;68118;Habsheim;;;7.415992;47.727769
68118_znr8vi_00003;3;;Rue de Zimmersheim;68440;68118;Habsheim;;;7.417763;47.714303
68118_0600_00003;3;;Rue des Merles;68440;68118;Habsheim;;;7.420942;47.726774
68118_0380_00033_a;33;a;Rue du Général de Gaulle;68440;68118;Habsheim;;;7.417484;47.733913
68118_0471_00004;4;;Rue de l’Industrie;68440;68118;Habsheim;;;7.417648;47.740737
68118_0523_00018;18;;Rue de Landser;68440;68118;Habsheim;;;7.415942;47.720514
68118_0300_00007;7;;Rue de Dietwiller;68440;68118;Habsheim;;;7.417125;47.721192
68118_0528_00024;24;;Rue Louis Blériot;68440;68118;Habsheim;;;7.421726;47.736642
68118_0580_00018;18;;Rue du Maréchal Foch;68440;68118;Habsheim;;;7.419764;47.72849
68118_0360_00019;19;;Rue des Faisans;68440;68118;Habsheim;;;7.413641;47.725461
68118_pmro7l_00022;22;;rue Tomi Ungerer;68440;68118;Habsheim;;;7.422849;47.721361
68118_0220_00008;8;;Rue de la Chapelle;68440;68118;Habsheim;;;7.420861;47.723646
68118_0420_00021;21;;Rue des Grillons;68440;68118;Habsheim;;;7.422229;47.724566
68118_0120_00021;21;;Chemin de l’Aviation;68440;68118;Habsheim;;;7.420683;47.738949
68118_0560_00014;14;;Rue du Maréchal de Lattre de Tassigny;68440;68118;Habsheim;;;7.418575;47.729966
68118_0640_00008;8;;Rue de la Montagne;68440;68118;Habsheim;;;7.415138;47.736188
68118_0920_00003;3;;Rue du Réservoir;68440;68118;Habsheim;;;7.414637;47.737272
68118_0580_00022;22;;Rue du Maréchal Foch;68440;68118;Habsheim;;;7.420335;47.728331
68118_0360_00028_a;28;a;Rue des Faisans;68440;68118;Habsheim;;;7.412815;47.724735
68118_0380_00142;142;;Rue du Général de Gaulle;68440;68118;Habsheim;;;7.41787;47.722429
68118_0660_00009_b;9;b;Rue des Muguets;68440;68118;Habsheim;;;7.420702;47.731945
68118_0280_00033;33;;Rue de la Délivrance;68440;68118;Habsheim;;;7.41883;47.732914
68118_1060_00026;26;;Rue de la Victoire;68440;68118;Habsheim;;;7.418862;47.728047
68118_0280_00097;97;;Rue de la Délivrance;68440;68118;Habsheim;;;7.41946;47.727998
68118_1060_00012;12;;Rue de la Victoire;68440;68118;Habsheim;;;7.418897;47.727398
68118_0160_00006;6;;Rue de la Carrière;68440;68118;Habsheim;;;7.422274;47.728108
68118_0255_00008;8;;Impasse des Closeries;68440;68118;Habsheim;;;7.423423;47.726965
68118_0922_00042;42;;Rue du Rhin;68440;68118;Habsheim;;;7.425272;47.728515
68118_0380_00095;95;;Rue du Général de Gaulle;68440;68118;Habsheim;;;7.416916;47.728239
68118_0380_00004_a;4;a;Rue du Général de Gaulle;68440;68118;Habsheim;;;7.417441;47.737723
68118_0280_00076_b;76;b;Rue de la Délivrance;68440;68118;Habsheim;;;7.418811;47.729724
68118_0523_00010;10;;Rue de Landser;68440;68118;Habsheim;;;7.415841;47.72131
68118_0160_00005;5;;Rue de la Carrière;68440;68118;Habsheim;;;7.422416;47.727857
68118_0380_00073_b;73;b;Rue du Général de Gaulle;68440;68118;Habsheim;;;7.41711;47.730211
68118_0580_00016;16;;Rue du Maréchal Foch;68440;68118;Habsheim;;;7.419028;47.728501
68118_0700_00002;2;;Impasse Nationale;68440;68118;Habsheim;;;7.415987;47.729943
68118_0380_00007;7;;Rue du Général de Gaulle;68440;68118;Habsheim;;;7.417489;47.736469
68118_0520_00021_a;21;a;Rue de Kembs;68440;68118;Habsheim;;;7.423845;47.726419
68118_0260_00035;35;;Rue du Colonel Fabien;68440;68118;Habsheim;;;7.409649;47.728861
68118_0727_00021;21;;Rue Nungesser et Coli;68440;68118;Habsheim;;;7.42302;47.735471
68118_0922_00038;38;;Rue du Rhin;68440;68118;Habsheim;;;7.425401;47.728508
68118_1180_00031;31;;Rue de Zurich;68440;68118;Habsheim;;;7.426207;47.726385
68118_0920_00002;2;;Rue du Réservoir;68440;68118;Habsheim;;;7.415228;47.737197
68118_0952_00001;1;;Rue du Rossignol;68440;68118;Habsheim;;;7.419119;47.719573
68118_0380_00032_a;32;a;Rue du Général de Gaulle;68440;68118;Habsheim;;;7.41607;47.734401
68118_0120_00031;31;;Chemin de l’Aviation;68440;68118;Habsheim;;;7.421547;47.73906
68118_0130_00013;13;;Rue des Bergers;68440;68118;Habsheim;;;7.422532;47.73082
68118_0770_00016;16;;Rue Paul Verlaine;68440;68118;Habsheim;;;7.423324;47.722796
68118_0380_00012_c;12;c;Rue du Général de Gaulle;68440;68118;Habsheim;;;7.416497;47.736336
68118_0720_00033;33;;Rue de Niffer;68440;68118;Habsheim;;;7.423752;47.725217
68118_0640_00030;30;;Rue de la Montagne;68440;68118;Habsheim;;;7.414286;47.73382
68118_0600_00013;13;;Rue des Merles;68440;68118;Habsheim;;;7.420894;47.725798
68118_0380_00174;174;;Rue du Général de Gaulle;68440;68118;Habsheim;;;7.417922;47.720006
68118_0010_00008;8;;Rue Albert Schweitzer;68440;68118;Habsheim;;;7.414799;47.732768
68118_1180_00013;13;;Rue de Zurich;68440;68118;Habsheim;;;7.426459;47.725952
68118_0770_00014;14;;Rue Paul Verlaine;68440;68118;Habsheim;;;7.423292;47.723094
68118_0340_00001;1;;Rue d’Eschentzwiller;68440;68118;Habsheim;;;7.417821;47.722658
68118_0260_00039;39;;Rue du Colonel Fabien;68440;68118;Habsheim;;;7.409854;47.728575
68118_0320_00002;2;;Impasse de l’École;68440;68118;Habsheim;;;7.415914;47.729187
68118_0380_00087;87;;Rue du Général de Gaulle;68440;68118;Habsheim;;;7.416761;47.729176
68118_0180_00034;34;;Rue du Cerf;68440;68118;Habsheim;;;7.424623;47.720602
68118_0260_00002_b;2;b;Rue du Colonel Fabien;68440;68118;Habsheim;;;7.415575;47.729552
68118_0640_00046;46;;Rue de la Montagne;68440;68118;Habsheim;;;7.413603;47.732609
68118_1060_00020;20;;Rue de la Victoire;68440;68118;Habsheim;;;7.418711;47.727564
68118_0207_00002;2;;Rue du Chant des Oiseaux;68440;68118;Habsheim;;;7.42082;47.714884
68118_0380_00028;28;;Rue du Général de Gaulle;68440;68118;Habsheim;;;7.416915;47.734679
68118_0640_00028;28;;Rue de la Montagne;68440;68118;Habsheim;;;7.414532;47.733988
68118_0727_00004;4;;Rue Nungesser et Coli;68440;68118;Habsheim;;;7.422169;47.734715
68118_0900_00005_e;5;e;Rue de la Rampe;68440;68118;Habsheim;;;7.419173;47.737951
68118_0640_00052;52;;Rue de la Montagne;68440;68118;Habsheim;;;7.413324;47.731818
68118_0160_00013;13;;Rue de la Carrière;68440;68118;Habsheim;;;7.423515;47.727445
68118_0860_00009;9;;Rue du Président Roosevelt;68440;68118;Habsheim;;;7.419223;47.726841
68118_0790_00011;11;;Rue des Perdrix;68440;68118;Habsheim;;;7.411527;47.727936
68118_0922_00010;10;;Rue du Rhin;68440;68118;Habsheim;;;7.424402;47.728852
68118_pmro7l_00004;4;;rue Tomi Ungerer;68440;68118;Habsheim;;;7.424236;47.721444
68118_0380_00064_b;64;b;Rue du Général de Gaulle;68440;68118;Habsheim;;;7.415909;47.731287
68118_0440_00008;8;;Rue de la Hardt;68440;68118;Habsheim;;;7.420117;47.722675
68118_0760_00009;9;;Rue de la Patrie;68440;68118;Habsheim;;;7.418547;47.730557
68118_0235_00003;3;;Rue du Château;68440;68118;Habsheim;;;7.415714;47.737357
68118_0280_00010;10;;Rue de la Délivrance;68440;68118;Habsheim;;;7.418795;47.73585
68118_0990_00019;19;;Rue Saint-Martin;68440;68118;Habsheim;;;7.424676;47.726516
68118_0640_00005;5;;Rue de la Montagne;68440;68118;Habsheim;;;7.415302;47.735241
68118_0990_00013;13;;Rue Saint-Martin;68440;68118;Habsheim;;;7.424685;47.726313
68118_0380_00153;153;;Rue du Général de Gaulle;68440;68118;Habsheim;;;7.418789;47.721344
68118_0280_00039_a;39;a;Rue de la Délivrance;68440;68118;Habsheim;;;7.419997;47.732366
68118_0260_00006;6;;Rue du Colonel Fabien;68440;68118;Habsheim;;;7.414987;47.729574
68118_0800_00014;14;;Rue de Petit-Landau;68440;68118;Habsheim;;;7.423518;47.727738
68118_0520_00027;27;;Rue de Kembs;68440;68118;Habsheim;;;7.423942;47.725759
68118_1080_00006;6;;Rue des Vignerons;68440;68118;Habsheim;;;7.413563;47.728283
68118_0160_00001;1;;Rue de la Carrière;68440;68118;Habsheim;;;7.422527;47.728193
68118_1065_00011;11;;Rue Victor Hugo;68440;68118;Habsheim;;;7.421786;47.722934
68118_0440_00019;19;;Rue de la Hardt;68440;68118;Habsheim;;;7.420573;47.721805
68118_0727_00027;27;;Rue Nungesser et Coli;68440;68118;Habsheim;;;7.423404;47.735519
68118_0640_00033;33;;Rue de la Montagne;68440;68118;Habsheim;;;7.413847;47.731873
68118_0500_00015;15;;Rue de la Justice;68440;68118;Habsheim;;;7.418119;47.728293
68118_0740_00012;12;;Ruelle du Parc;68440;68118;Habsheim;;;7.420989;47.72725
68118_0060_00002;2;;Rue de l’Alsbourg;68440;68118;Habsheim;;;7.416714;47.736806
68118_1065_00003;3;;Rue Victor Hugo;68440;68118;Habsheim;;;7.421055;47.722937
68118_0180_00024;24;;Rue du Cerf;68440;68118;Habsheim;;;7.424557;47.720938
68118_0720_00012;12;;Rue de Niffer;68440;68118;Habsheim;;;7.421797;47.725133
68118_0990_00012;12;;Rue Saint-Martin;68440;68118;Habsheim;;;7.425502;47.726655
68118_0530_00008;8;;Rue Louis Pasteur;68440;68118;Habsheim;;;7.423403;47.72197
68118_pmro7l_00020;20;;rue Tomi Ungerer;68440;68118;Habsheim;;;7.42302;47.72138
68118_0140_00012;12;;Rue des Bleuets;68440;68118;Habsheim;;;7.42185;47.730116
68118_0471_00006;6;;Rue de l’Industrie;68440;68118;Habsheim;;;7.418291;47.740812
68118_0280_00029_a;29;a;Rue de la Délivrance;68440;68118;Habsheim;;;7.419377;47.733261
68118_0280_00019;19;;Rue de la Délivrance;68440;68118;Habsheim;;;7.41905;47.734248
68118_0380_00022;22;;Rue du Général de Gaulle;68440;68118;Habsheim;;;7.416981;47.735054
68118_0235_00005;5;;Rue du Château;68440;68118;Habsheim;;;7.41618;47.737523
68118_0520_00010;10;;Rue de Kembs;68440;68118;Habsheim;;;7.421761;47.727443
68118_0620_00011;11;;Rue du Miroir;68440;68118;Habsheim;;;7.415694;47.727774
68118_1020_00004;4;;Impasse de la Synagogue;68440;68118;Habsheim;;;7.418708;47.729005
68118_0380_00150_a;150;a;Rue du Général de Gaulle;68440;68118;Habsheim;;;7.417335;47.721674
68118_0140_00023;23;;Rue des Bleuets;68440;68118;Habsheim;;;7.421464;47.73084
68118_0860_00012;12;;Rue du Président Roosevelt;68440;68118;Habsheim;;;7.418564;47.726701
68118_1140_00016;16;;Rue du Vignoble;68440;68118;Habsheim;;;7.414906;47.727473
68118_0380_00127;127;;Rue du Général de Gaulle;68440;68118;Habsheim;;;7.417863;47.725315
68118_0640_00038;38;;Rue de la Montagne;68440;68118;Habsheim;;;7.414044;47.733193
68118_0640_00056_a;56;a;Rue de la Montagne;68440;68118;Habsheim;;;7.412365;47.731868
68118_0280_00064;64;;Rue de la Délivrance;68440;68118;Habsheim;;;7.4185;47.730823
68118_0380_00044;44;;Rue du Général de Gaulle;68440;68118;Habsheim;;;7.416813;47.733086
68118_0900_00031;31;;Rue de la Rampe;68440;68118;Habsheim;;;7.421494;47.735301
68118_0600_00032;32;;Rue des Merles;68440;68118;Habsheim;;;7.419947;47.724187
68118_0500_00002;2;;Rue de la Justice;68440;68118;Habsheim;;;7.417508;47.727791
68118_1060_00004;4;;Rue de la Victoire;68440;68118;Habsheim;;;7.418269;47.727348
68118_1050_00019;19;;Rue de Uffheim;68440;68118;Habsheim;;;7.417403;47.719724
68118_0727_00037_b;37;b;Rue Nungesser et Coli;68440;68118;Habsheim;;;7.423177;47.734616
68118_0280_00024;24;;Rue de la Délivrance;68440;68118;Habsheim;;;7.418742;47.734393
68118_y3gm45_00003;3;;rue Louis Clément Faller;68440;68118;Habsheim;;;7.423632;47.720856
68118_0460_00016;16;;Rue de Hombourg;68440;68118;Habsheim;;;7.424169;47.729543
68118_0400_00002;2;;Rue Georges Wodli;68440;68118;Habsheim;;;7.417306;47.734678
68118_0820_00003;3;;Rue du Petit Vignoble;68440;68118;Habsheim;;;7.415473;47.730699
68118_0950_00003;3;;Impasse des Roses;68440;68118;Habsheim;;;7.42323;47.730134
68118_0380_00072;72;;Rue du Général de Gaulle;68440;68118;Habsheim;;;7.416135;47.730437
68118_0680_00004;4;;Rue des Narcisses;68440;68118;Habsheim;;;7.420863;47.731172
68118_0770_00024;24;;Rue Paul Verlaine;68440;68118;Habsheim;;;7.423806;47.723144
68118_1139_00004;4;;Passage du Vignoble;68440;68118;Habsheim;;;7.41655;47.726969
68118_0380_00111;111;;Rue du Général de Gaulle;68440;68118;Habsheim;;;7.417455;47.727024
68118_0660_00009_a;9;a;Rue des Muguets;68440;68118;Habsheim;;;7.420669;47.73212
68118_0528_00006;6;;Rue Louis Blériot;68440;68118;Habsheim;;;7.419536;47.738005
68118_0380_00004_b;4;b;Rue du Général de Gaulle;68440;68118;Habsheim;;;7.417385;47.737553
68118_0360_00024;24;;Rue des Faisans;68440;68118;Habsheim;;;7.411478;47.725064
68118_0600_00018;18;;Rue des Merles;68440;68118;Habsheim;;;7.420436;47.725531
68118_0523_00020;20;;Rue de Landser;68440;68118;Habsheim;;;7.416037;47.720219
68118_0860_00007;7;;Rue du Président Roosevelt;68440;68118;Habsheim;;;7.419169;47.726952
68118_0360_00010;10;;Rue des Faisans;68440;68118;Habsheim;;;7.413566;47.726575
68118_0720_00011;11;;Rue de Niffer;68440;68118;Habsheim;;;7.421529;47.725377
68118_0660_00011;11;;Rue des Muguets;68440;68118;Habsheim;;;7.420681;47.731745
68118_0360_00014;14;;Rue des Faisans;68440;68118;Habsheim;;;7.413204;47.72624
68118_0523_00005;5;;Rue de Landser;68440;68118;Habsheim;;;7.416142;47.722047
68118_0600_00015_a;15;a;Rue des Merles;68440;68118;Habsheim;;;7.420986;47.725611
68118_0951_00002;2;;Impasse du Rossignol;68440;68118;Habsheim;;;7.419978;47.719741
68118_0530_00015;15;;Rue Louis Pasteur;68440;68118;Habsheim;;;7.424017;47.722569
68118_0922_00008;8;;Rue du Rhin;68440;68118;Habsheim;;;7.424229;47.728841
68118_0725_00003;3;;Rue des Noyers;68440;68118;Habsheim;;;7.417139;47.738393
68118_0380_00117;117;;Rue du Général de Gaulle;68440;68118;Habsheim;;;7.41759;47.726462
68118_0380_00106;106;;Rue du Général de Gaulle;68440;68118;Habsheim;;;7.416958;47.727574
68118_0800_00008;8;;Rue de Petit-Landau;68440;68118;Habsheim;;;7.422278;47.728238
68118_0640_00021_a;21;a;Rue de la Montagne;68440;68118;Habsheim;;;7.415047;47.733592
68118_0366_00006;6;;Rue de la Forêt;68440;68118;Habsheim;;;7.430261;47.722438
68118_0280_00074;74;;Rue de la Délivrance;68440;68118;Habsheim;;;7.418739;47.729811
68118_0220_00024_a;24;a;Rue de la Chapelle;68440;68118;Habsheim;;;7.423146;47.724389
68118_0780_00001;1;;Rue des Peintres;68440;68118;Habsheim;;;7.417121;47.732707
68118_0560_00002;2;;Rue du Maréchal de Lattre de Tassigny;68440;68118;Habsheim;;;7.416941;47.729883
68118_0380_00170;170;;Rue du Général de Gaulle;68440;68118;Habsheim;;;7.418468;47.719474
68118_0140_00024;24;;Rue des Bleuets;68440;68118;Habsheim;;;7.421907;47.731419
68118_0620_00002_b;2;b;Rue du Miroir;68440;68118;Habsheim;;;7.415992;47.727871
68118_1050_00007;7;;Rue de Uffheim;68440;68118;Habsheim;;;7.417276;47.720566
68118_0735_00007;7;;Rue d’Ottmarsheim;68440;68118;Habsheim;;;7.423609;47.729321
68118_0280_00116_b;116;b;Rue de la Délivrance;68440;68118;Habsheim;;;7.419324;47.726906
68118_0260_00012;12;;Rue du Colonel Fabien;68440;68118;Habsheim;;;7.413692;47.729721
68118_0580_00015;15;;Rue du Maréchal Foch;68440;68118;Habsheim;;;7.418045;47.728798
68118_0120_00006;6;;Chemin de l’Aviation;68440;68118;Habsheim;;;7.420095;47.738445
68118_0280_00007_d;7;d;Rue de la Délivrance;68440;68118;Habsheim;;;7.419588;47.735543
68118_0380_00011;11;;Rue du Général de Gaulle;68440;68118;Habsheim;;;7.417424;47.736117
68118_0380_00030;30;;Rue du Général de Gaulle;68440;68118;Habsheim;;;7.416927;47.734452
68118_0380_00128;128;;Rue du Général de Gaulle;68440;68118;Habsheim;;;7.417565;47.723972
68118_0360_00014_a;14;a;Rue des Faisans;68440;68118;Habsheim;;;7.41223;47.726188
68118_0160_00003;3;;Rue de la Carrière;68440;68118;Habsheim;;;7.422462;47.727986
68118_0380_00035_a;35;a;Rue du Général de Gaulle;68440;68118;Habsheim;;;7.417655;47.733668
68118_0120_00016;16;;Chemin de l’Aviation;68440;68118;Habsheim;;;7.421995;47.738631
68118_1060_00014;14;;Rue de la Victoire;68440;68118;Habsheim;;;7.418999;47.727537
68118_0640_00031;31;;Rue de la Montagne;68440;68118;Habsheim;;;7.414053;47.732307
68118_0120_00004;4;;Chemin de l’Aviation;68440;68118;Habsheim;;;7.419742;47.738404
68118_0990_00023;23;;Rue Saint-Martin;68440;68118;Habsheim;;;7.424725;47.72665
68118_0420_00022;22;;Rue des Grillons;68440;68118;Habsheim;;;7.421987;47.725543
68118_0460_00011;11;;Rue de Hombourg;68440;68118;Habsheim;;;7.423474;47.729638
68118_0840_00012;12;;Rue des Prés;68440;68118;Habsheim;;;7.414357;47.725773
68118_0360_00012;12;;Rue des Faisans;68440;68118;Habsheim;;;7.412283;47.726498
68118_0528_00030_b;30;b;Rue Louis Blériot;68440;68118;Habsheim;;;7.421112;47.736257
68118_0140_00015;15;;Rue des Bleuets;68440;68118;Habsheim;;;7.421497;47.730333
68118_0250_00007;7;;Rue du Cimetière;68440;68118;Habsheim;;;7.418379;47.724395
68118_0770_00005;5;;Rue Paul Verlaine;68440;68118;Habsheim;;;7.422621;47.723297
68118_0380_00133;133;;Rue du Général de Gaulle;68440;68118;Habsheim;;;7.41783;47.72502
68118_0420_00032;32;;Rue des Grillons;68440;68118;Habsheim;;;7.421814;47.724139
68118_0280_00091;91;;Rue de la Délivrance;68440;68118;Habsheim;;;7.419359;47.728356
68118_0060_00003;3;;Rue de l’Alsbourg;68440;68118;Habsheim;;;7.414729;47.736787
68118_0740_00011;11;;Ruelle du Parc;68440;68118;Habsheim;;;7.421427;47.727401
68118_0990_00020;20;;Rue Saint-Martin;68440;68118;Habsheim;;;7.426089;47.727355
68118_pmro7l_00002;2;;rue Tomi Ungerer;68440;68118;Habsheim;;;7.424512;47.721507
68118_0280_00049;49;;Rue de la Délivrance;68440;68118;Habsheim;;;7.418823;47.731337
68118_0180_00012;12;;Rue du Cerf;68440;68118;Habsheim;;;7.424428;47.723432
68118_0280_00130;130;;Rue de la Délivrance;68440;68118;Habsheim;;;7.419119;47.725258
68118_0380_00081_c;81;c;Rue du Général de Gaulle;68440;68118;Habsheim;;;7.417409;47.729287
68118_0130_00012;12;;Rue des Bergers;68440;68118;Habsheim;;;7.423488;47.730671
68118_0990_00006;6;;Rue Saint-Martin;68440;68118;Habsheim;;;7.425214;47.726095
68118_0260_00040;40;;Rue du Colonel Fabien;68440;68118;Habsheim;;;7.408732;47.72971
68118_0340_00002_b;2;b;Rue d’Eschentzwiller;68440;68118;Habsheim;;;7.416558;47.722733
68118_0180_00008;8;;Rue du Cerf;68440;68118;Habsheim;;;7.424322;47.723859
68118_0280_00025;25;;Rue de la Délivrance;68440;68118;Habsheim;;;7.419057;47.733562
68118_0260_00028_a;28;a;Rue du Colonel Fabien;68440;68118;Habsheim;;;7.410413;47.729692
68118_0990_00051;51;;Rue Saint-Martin;68440;68118;Habsheim;;;7.424607;47.727897
68118_0680_00003;3;;Rue des Narcisses;68440;68118;Habsheim;;;7.420173;47.731112
68118_1040_00006;6;;Ruelle des Tuileries;68440;68118;Habsheim;;;7.418049;47.730219
68118_0380_00122_a;122;a;Rue du Général de Gaulle;68440;68118;Habsheim;;;7.417367;47.724833
68118_0640_00042;42;;Rue de la Montagne;68440;68118;Habsheim;;;7.413395;47.732914
68118_0280_00062;62;;Rue de la Délivrance;68440;68118;Habsheim;;;7.418725;47.730831
68118_0070_00001;1;;Rue André Jeannin;68440;68118;Habsheim;;;7.421399;47.735766
68118_0951_00006;6;;Impasse du Rossignol;68440;68118;Habsheim;;;7.420599;47.719738
68118_1065_00005;5;;Rue Victor Hugo;68440;68118;Habsheim;;;7.421025;47.723146
68118_0460_00009;9;;Rue de Hombourg;68440;68118;Habsheim;;;7.422785;47.729465
68118_0380_00034;34;;Rue du Général de Gaulle;68440;68118;Habsheim;;;7.416887;47.734055
68118_1160_00005;5;;Rue du Vorbourg;68440;68118;Habsheim;;;7.414365;47.731668
68118_0420_00024;24;;Rue des Grillons;68440;68118;Habsheim;;;7.421931;47.725363
68118_0528_00037;37;;Rue Louis Blériot;68440;68118;Habsheim;;;7.423109;47.736213
68118_0523_00006;6;;Rue de Landser;68440;68118;Habsheim;;;7.415808;47.721714
68118_0480_00010;10;;Ruelle des Jardiniers;68440;68118;Habsheim;;;7.415659;47.727068
68118_0990_00027;27;;Rue Saint-Martin;68440;68118;Habsheim;;;7.424862;47.726943
68118_0440_00034;34;;Rue de la Hardt;68440;68118;Habsheim;;;7.4205;47.72094
68118_0528_00015;15;;Rue Louis Blériot;68440;68118;Habsheim;;;7.421292;47.737703
68118_0180_00028;28;;Rue du Cerf;68440;68118;Habsheim;;;7.424037;47.72089
68118_0480_00007_a;7;a;Ruelle des Jardiniers;68440;68118;Habsheim;;;7.416032;47.727245
68118_0380_00092;92;;Rue du Général de Gaulle;68440;68118;Habsheim;;;7.416394;47.728834
68118_0003_00006;6;;Rue des Abeilles;68440;68118;Habsheim;;;7.413981;47.725024
68118_0490_00003;3;;Rue Jean-Georges Stoffel;68440;68118;Habsheim;;;7.421151;47.721823
68118_0600_00010_a;10;a;Rue des Merles;68440;68118;Habsheim;;;7.420105;47.726376
68118_0360_00020_b;20;b;Rue des Faisans;68440;68118;Habsheim;;;7.412088;47.726
68118_0951_00010;10;;Impasse du Rossignol;68440;68118;Habsheim;;;7.420538;47.72007
68118_0380_00056_a;56;a;Rue du Général de Gaulle;68440;68118;Habsheim;;;7.416394;47.732165
68118_1180_00025;25;;Rue de Zurich;68440;68118;Habsheim;;;7.426279;47.726217
68118_0770_00018;18;;Rue Paul Verlaine;68440;68118;Habsheim;;;7.423611;47.722816
68118_0040_00021;21;;Rue des Alouettes;68440;68118;Habsheim;;;7.422756;47.72166
68118_0140_00025;25;;Rue des Bleuets;68440;68118;Habsheim;;;7.421517;47.731184
68118_0380_00012_b;12;b;Rue du Général de Gaulle;68440;68118;Habsheim;;;7.416489;47.73591
68118_0380_00100;100;;Rue du Général de Gaulle;68440;68118;Habsheim;;;7.41673;47.728018
68118_0260_00030;30;;Rue du Colonel Fabien;68440;68118;Habsheim;;;7.410456;47.729387
68118_0380_00162;162;;Rue du Général de Gaulle;68440;68118;Habsheim;;;7.418253;47.72066
68118_0130_00008;8;;Rue des Bergers;68440;68118;Habsheim;;;7.423741;47.730519
68118_0280_00083_a;83;a;Rue de la Délivrance;68440;68118;Habsheim;;;7.419686;47.729437
68118_0725_00001_a;1;a;Rue des Noyers;68440;68118;Habsheim;;;7.41686;47.73815
68118_0250_00013;13;;Rue du Cimetière;68440;68118;Habsheim;;;7.418436;47.724025
68118_0280_00063;63;;Rue de la Délivrance;68440;68118;Habsheim;;;7.419265;47.730641
68118_0528_00032;32;;Rue Louis Blériot;68440;68118;Habsheim;;;7.422008;47.736134
68118_0220_00024;24;;Rue de la Chapelle;68440;68118;Habsheim;;;7.422966;47.724233
68118_0820_00024;24;;Rue du Petit Vignoble;68440;68118;Habsheim;;;7.412377;47.730536
68118_0130_00011_a;11;a;Rue des Bergers;68440;68118;Habsheim;;;7.42232;47.730633
68118_0360_00002;2;;Rue des Faisans;68440;68118;Habsheim;;;7.414195;47.727128
68118_0420_00026;26;;Rue des Grillons;68440;68118;Habsheim;;;7.421901;47.724746
68118_1140_00001;1;;Rue du Vignoble;68440;68118;Habsheim;;;7.417057;47.726519
68118_0952_00017;17;;Rue du Rossignol;68440;68118;Habsheim;;;7.420267;47.72059
68118_0380_00074;74;;Rue du Général de Gaulle;68440;68118;Habsheim;;;7.415915;47.730312
68118_0460_00002_c;2;c;Rue de Hombourg;68440;68118;Habsheim;;;7.421927;47.728857
68118_0300_00003;3;;Rue de Dietwiller;68440;68118;Habsheim;;;7.417659;47.721236
68118_0900_00021;21;;Rue de la Rampe;68440;68118;Habsheim;;;7.420619;47.736258
68118_1050_00006;6;;Rue de Uffheim;68440;68118;Habsheim;;;7.417068;47.720286
68118_0280_00128;128;;Rue de la Délivrance;68440;68118;Habsheim;;;7.41905;47.725485
68118_0727_00017;17;;Rue Nungesser et Coli;68440;68118;Habsheim;;;7.42282;47.735216
68118_0520_00018_a;18;a;Rue de Kembs;68440;68118;Habsheim;;;7.422946;47.725993
68118_1055_00007;7;;Avenue Valparc;68440;68118;Habsheim;;;7.420756;47.740313
68118_0640_00050;50;;Rue de la Montagne;68440;68118;Habsheim;;;7.413675;47.732063
68118_0900_00015;15;;Rue de la Rampe;68440;68118;Habsheim;;;7.419813;47.736609
68118_0520_00032;32;;Rue de Kembs;68440;68118;Habsheim;;;7.42684;47.722521
68118_0360_00027;27;;Rue des Faisans;68440;68118;Habsheim;;;7.413204;47.724494
68118_0220_00010_a;10;a;Rue de la Chapelle;68440;68118;Habsheim;;;7.421345;47.723472
68118_0280_00128_a;128;a;Rue de la Délivrance;68440;68118;Habsheim;;;7.418674;47.72526
68118_1055_00013;13;;Avenue Valparc;68440;68118;Habsheim;;;7.421621;47.73964
68118_0380_00012_e;12;e;Rue du Général de Gaulle;68440;68118;Habsheim;;;7.417119;47.736262
68118_0490_00006;6;;Rue Jean-Georges Stoffel;68440;68118;Habsheim;;;7.421377;47.721604
68118_0220_00014;14;;Rue de la Chapelle;68440;68118;Habsheim;;;7.421624;47.723755
68118_0280_00079;79;;Rue de la Délivrance;68440;68118;Habsheim;;;7.419141;47.729686
68118_0280_00072;72;;Rue de la Délivrance;68440;68118;Habsheim;;;7.41874;47.730654
68118_0528_00004_b;4;b;Rue Louis Blériot;68440;68118;Habsheim;;;7.419968;47.738095
68118_0860_00005;5;;Rue du Président Roosevelt;68440;68118;Habsheim;;;7.418957;47.726909
68118_0520_00017_c;17;c;Rue de Kembs;68440;68118;Habsheim;;;7.424244;47.726559
68118_0380_00093;93;;Rue du Général de Gaulle;68440;68118;Habsheim;;;7.416761;47.728924
68118_0280_00044_a;44;a;Rue de la Délivrance;68440;68118;Habsheim;;;7.418461;47.73232
68118_0380_00089;89;;Rue du Général de Gaulle;68440;68118;Habsheim;;;7.416734;47.729082
68118_0800_00051;51;;Rue de Petit-Landau;68440;68118;Habsheim;;;7.430853;47.728881
68118_0070_00011;11;;Rue André Jeannin;68440;68118;Habsheim;;;7.423199;47.735937
68118_0380_00195_a;195;a;Rue du Général de Gaulle;68440;68118;Habsheim;;;7.419976;47.715285
68118_0990_00043;43;;Rue Saint-Martin;68440;68118;Habsheim;;;7.424102;47.727686
68118_0280_00055;55;;Rue de la Délivrance;68440;68118;Habsheim;;;7.418842;47.731146
68118_0280_00146;146;;Rue de la Délivrance;68440;68118;Habsheim;;;7.419097;47.72403
68118_0640_00029;29;;Rue de la Montagne;68440;68118;Habsheim;;;7.414125;47.73263
68118_0140_00059_b;59;b;Rue des Bleuets;68440;68118;Habsheim;;;7.419833;47.734416
68118_0280_00111;111;;Rue de la Délivrance;68440;68118;Habsheim;;;7.41948;47.726943
68118_0255_00016;16;;Impasse des Closeries;68440;68118;Habsheim;;;7.424423;47.726911
68118_0220_00004;4;;Rue de la Chapelle;68440;68118;Habsheim;;;7.420373;47.723556
68118_0380_00031;31;;Rue du Général de Gaulle;68440;68118;Habsheim;;;7.417406;47.734025
68118_0280_00078;78;;Rue de la Délivrance;68440;68118;Habsheim;;;7.419108;47.729433
68118_0040_00005;5;;Rue des Alouettes;68440;68118;Habsheim;;;7.422293;47.723238
68118_0235_00027;27;;Rue du Château;68440;68118;Habsheim;;;7.415428;47.738761
68118_0235_00012;12;;Rue du Château;68440;68118;Habsheim;;;7.41627;47.738308
68118_0420_00028;28;;Rue des Grillons;68440;68118;Habsheim;;;7.421893;47.724533
68118_0380_00120_b;120;b;Rue du Général de Gaulle;68440;68118;Habsheim;;;7.41708;47.725813
68118_pmro7l_00008;8;;rue Tomi Ungerer;68440;68118;Habsheim;;;7.423772;47.721431
68118_0380_00020;20;;Rue du Général de Gaulle;68440;68118;Habsheim;;;7.417003;47.735252
68118_0990_00003;3;;Rue Saint-Martin;68440;68118;Habsheim;;;7.424511;47.725755
68118_0280_00076;76;;Rue de la Délivrance;68440;68118;Habsheim;;;7.418953;47.729652
68118_1060_00003;3;;Rue de la Victoire;68440;68118;Habsheim;;;7.417905;47.727448
68118_0920_00001;1;;Rue du Réservoir;68440;68118;Habsheim;;;7.41409;47.737202
68118_0460_00002;2;;Rue de Hombourg;68440;68118;Habsheim;;;7.42249;47.729102
68118_1010_00007;7;;Rue de la Source;68440;68118;Habsheim;;;7.409118;47.72821
68118_0727_00007;7;;Rue Nungesser et Coli;68440;68118;Habsheim;;;7.422113;47.735109
68118_0900_00029;29;;Rue de la Rampe;68440;68118;Habsheim;;;7.421103;47.73526
68118_0770_00020;20;;Rue Paul Verlaine;68440;68118;Habsheim;;;7.423603;47.723123
68118_1055_00006;6;;Avenue Valparc;68440;68118;Habsheim;;;7.419247;47.740218
68118_0280_00151;151;;Rue de la Délivrance;68440;68118;Habsheim;;;7.41939;47.723647
68118_0280_00122;122;;Rue de la Délivrance;68440;68118;Habsheim;;;7.419001;47.726044
68118_0140_00027;27;;Rue des Bleuets;68440;68118;Habsheim;;;7.421545;47.731317
68118_0520_00012;12;;Rue de Kembs;68440;68118;Habsheim;;;7.422056;47.727196
68118_0951_00003;3;;Impasse du Rossignol;68440;68118;Habsheim;;;7.419286;47.720511
68118_0199_00002;2;;Rue Jacqueline Auriol;68440;68118;Habsheim;;;7.420331;47.738735
68118_0770_00012;12;;Rue Paul Verlaine;68440;68118;Habsheim;;;7.423193;47.72309
68118_0140_00032;32;;Rue des Bleuets;68440;68118;Habsheim;;;7.421886;47.732681
68118_0380_00039;39;;Rue du Général de Gaulle;68440;68118;Habsheim;;;7.41713;47.733433
68118_0440_00014;14;;Rue de la Hardt;68440;68118;Habsheim;;;7.42018;47.722174
68118_0255_00007;7;;Impasse des Closeries;68440;68118;Habsheim;;;7.423573;47.727123
68118_0528_00028_d;28;d;Rue Louis Blériot;68440;68118;Habsheim;;;7.421432;47.736492
68118_0790_00007;7;;Rue des Perdrix;68440;68118;Habsheim;;;7.41146;47.728372
68118_1050_00011;11;;Rue de Uffheim;68440;68118;Habsheim;;;7.417474;47.720415
68118_0220_00002;2;;Rue de la Chapelle;68440;68118;Habsheim;;;7.419964;47.723483
68118_pmro7l_00010;10;;rue Tomi Ungerer;68440;68118;Habsheim;;;7.423558;47.721421
68118_0922_00022;22;;Rue du Rhin;68440;68118;Habsheim;;;7.425101;47.728884
68118_0220_00035;35;;Rue de la Chapelle;68440;68118;Habsheim;;;7.423321;47.724794
68118_0380_00001;1;;Rue du Général de Gaulle;68440;68118;Habsheim;;;7.417691;47.737346
68118_0360_00008;8;;Rue des Faisans;68440;68118;Habsheim;;;7.41329;47.726798
68118_0820_00015;15;;Rue du Petit Vignoble;68440;68118;Habsheim;;;7.412924;47.730205
68118_0380_00033;33;;Rue du Général de Gaulle;68440;68118;Habsheim;;;7.417208;47.733882
68118_0600_00035;35;;Rue des Merles;68440;68118;Habsheim;;;7.420588;47.724088
68118_0790_00008;8;;Rue des Perdrix;68440;68118;Habsheim;;;7.411182;47.728321
68118_0040_00026;26;;Rue des Alouettes;68440;68118;Habsheim;;;7.422397;47.721548
68118_0260_00028;28;;Rue du Colonel Fabien;68440;68118;Habsheim;;;7.410878;47.729528
68118_0770_00010;10;;Rue Paul Verlaine;68440;68118;Habsheim;;;7.423092;47.723077
68118_0235_00029;29;;Rue du Château;68440;68118;Habsheim;;;7.415373;47.738928
68118_0640_00015;15;;Rue de la Montagne;68440;68118;Habsheim;;;7.415314;47.734351
68118_0020_00009;9;;Rue des Alliés;68440;68118;Habsheim;;;7.417827;47.729358
68118_1055_00011;11;;Avenue Valparc;68440;68118;Habsheim;;;7.421579;47.739938
68118_0951_00011;11;;Impasse du Rossignol;68440;68118;Habsheim;;;7.419262;47.720169
68118_0280_00028;28;;Rue de la Délivrance;68440;68118;Habsheim;;;7.418746;47.733961
68118_0528_00002;2;;Rue Louis Blériot;68440;68118;Habsheim;;;7.419973;47.738271
68118_0380_00224;224;;Rue du Général de Gaulle;68440;68118;Habsheim;;;7.419068;47.714455
68118_0725_00011;11;;Rue des Noyers;68440;68118;Habsheim;;;7.415127;47.739168
68118_0528_00030_a;30;a;Rue Louis Blériot;68440;68118;Habsheim;;;7.421514;47.736309
68118_0980_00001_a;1;a;Impasse du Ruisseau;68440;68118;Habsheim;;;7.416846;47.727005
68118_0380_00097;97;;Rue du Général de Gaulle;68440;68118;Habsheim;;;7.416996;47.728099
68118_0727_00025;25;;Rue Nungesser et Coli;68440;68118;Habsheim;;;7.42329;47.735563
68118_0990_00007;7;;Rue Saint-Martin;68440;68118;Habsheim;;;7.424584;47.726007
68118_0260_00017;17;;Rue du Colonel Fabien;68440;68118;Habsheim;;;7.412152;47.729507
68118_0280_00040;40;;Rue de la Délivrance;68440;68118;Habsheim;;;7.418554;47.732989
68118_0010_00002;2;;Rue Albert Schweitzer;68440;68118;Habsheim;;;7.414551;47.731951
68118_0727_00023;23;;Rue Nungesser et Coli;68440;68118;Habsheim;;;7.423216;47.735262
68118_0235_00009;9;;Rue du Château;68440;68118;Habsheim;;;7.415936;47.737646
68118_0735_00003;3;;Rue d’Ottmarsheim;68440;68118;Habsheim;;;7.423563;47.728893
68118_0660_00016;16;;Rue des Muguets;68440;68118;Habsheim;;;7.421403;47.731516
68118_0180_00022;22;;Rue du Cerf;68440;68118;Habsheim;;;7.424486;47.721653
68118_0199_00009;9;;Rue Jacqueline Auriol;68440;68118;Habsheim;;;7.419938;47.738987
68118_0380_00098;98;;Rue du Général de Gaulle;68440;68118;Habsheim;;;7.416619;47.728255
68118_0520_00049;49;;Rue de Kembs;68440;68118;Habsheim;;;7.427562;47.724256
68118_0770_00017;17;;Rue Paul Verlaine;68440;68118;Habsheim;;;7.423454;47.72383
68118_0580_00013;13;;Rue du Maréchal Foch;68440;68118;Habsheim;;;7.4179;47.728813
68118_0140_00051_b;51;b;Rue des Bleuets;68440;68118;Habsheim;;;7.421365;47.733377
68118_0380_00048_c;48;c;Rue du Général de Gaulle;68440;68118;Habsheim;;;7.415634;47.732966
68118_0900_00065;65;;Rue de la Rampe;68440;68118;Habsheim;;;7.424346;47.732485
68118_0340_00004_b;4;b;Rue d’Eschentzwiller;68440;68118;Habsheim;;;7.415896;47.722661
68118_0920_00006;6;;Rue du Réservoir;68440;68118;Habsheim;;;7.415374;47.737492
68118_0660_00010;10;;Rue des Muguets;68440;68118;Habsheim;;;7.420218;47.731529
68118_0420_00011;11;;Rue des Grillons;68440;68118;Habsheim;;;7.422403;47.725693
68118_0280_00080;80;;Rue de la Délivrance;68440;68118;Habsheim;;;7.41916;47.729253
68118_0980_00001;1;;Impasse du Ruisseau;68440;68118;Habsheim;;;7.416915;47.726965
68118_0950_00009;9;;Impasse des Roses;68440;68118;Habsheim;;;7.424063;47.730343
68118_0140_00017_a;17;a;Rue des Bleuets;68440;68118;Habsheim;;;7.420111;47.730384
68118_0160_00004;4;;Rue de la Carrière;68440;68118;Habsheim;;;7.422175;47.728126
68118_0380_00090;90;;Rue du Général de Gaulle;68440;68118;Habsheim;;;7.416124;47.728895
68118_0500_00010;10;;Rue de la Justice;68440;68118;Habsheim;;;7.418223;47.72836
68118_0180_00016;16;;Rue du Cerf;68440;68118;Habsheim;;;7.424444;47.722656
68118_0260_00029;29;;Rue du Colonel Fabien;68440;68118;Habsheim;;;7.409785;47.729101
68118_0380_00196_a;196;a;Rue du Général de Gaulle;68440;68118;Habsheim;;;7.41833;47.717774
68118_1160_00006_a;6;a;Rue du Vorbourg;68440;68118;Habsheim;;;7.414911;47.731849
68118_0471_00016;16;;Rue de l’Industrie;68440;68118;Habsheim;;;7.420034;47.740866
68118_0180_00014;14;;Rue du Cerf;68440;68118;Habsheim;;;7.424508;47.722843
68118_0560_00011;11;;Rue du Maréchal de Lattre de Tassigny;68440;68118;Habsheim;;;7.418437;47.730048
68118_0280_00037;37;;Rue de la Délivrance;68440;68118;Habsheim;;;7.418885;47.732573
68118_1140_00008;8;;Rue du Vignoble;68440;68118;Habsheim;;;7.416406;47.726825
68118_0560_00016;16;;Rue du Maréchal de Lattre de Tassigny;68440;68118;Habsheim;;;7.418774;47.729988
68118_0140_00041_c;41;c;Rue des Bleuets;68440;68118;Habsheim;;;7.420682;47.732844
68118_0528_00018;18;;Rue Louis Blériot;68440;68118;Habsheim;;;7.421304;47.73705
68118_0560_00010;10;;Rue du Maréchal de Lattre de Tassigny;68440;68118;Habsheim;;;7.418347;47.72999
68118_0580_00008;8;;Rue du Maréchal Foch;68440;68118;Habsheim;;;7.417583;47.728628
68118_0380_00118;118;;Rue du Général de Gaulle;68440;68118;Habsheim;;;7.417168;47.726141
68118_y3gm45_00005;5;;rue Louis Clément Faller;68440;68118;Habsheim;;;7.423657;47.720666
68118_0380_00067;67;;Rue du Général de Gaulle;68440;68118;Habsheim;;;7.416903;47.730654
68118_0380_00102;102;;Rue du Général de Gaulle;68440;68118;Habsheim;;;7.416809;47.727892
68118_0380_00084_d;84;d;Rue du Général de Gaulle;68440;68118;Habsheim;;;7.41612;47.729334
68118_0120_00002_a;2;a;Chemin de l’Aviation;68440;68118;Habsheim;;;7.418806;47.7383
68118_0380_00204;204;;Rue du Général de Gaulle;68440;68118;Habsheim;;;7.418757;47.717101
68118_0952_00011;11;;Rue du Rossignol;68440;68118;Habsheim;;;7.419775;47.720298
68118_0528_00022;22;;Rue Louis Blériot;68440;68118;Habsheim;;;7.421444;47.736786
68118_0840_00001;1;;Rue des Prés;68440;68118;Habsheim;;;7.415279;47.726723
68118_0040_00020;20;;Rue des Alouettes;68440;68118;Habsheim;;;7.422286;47.722089
68118_1080_00025;25;;Rue des Vignerons;68440;68118;Habsheim;;;7.412987;47.729294
68118_0950_00007;7;;Impasse des Roses;68440;68118;Habsheim;;;7.423783;47.730284
68118_0920_00007_a;7;a;Rue du Réservoir;68440;68118;Habsheim;;;7.414666;47.737709
68118_0140_00021;21;;Rue des Bleuets;68440;68118;Habsheim;;;7.42152;47.730679
68118_0922_00024;24;;Rue du Rhin;68440;68118;Habsheim;;;7.425206;47.728889
68118_0380_00068;68;;Rue du Général de Gaulle;68440;68118;Habsheim;;;7.416573;47.73074
68118_0600_00001;1;;Rue des Merles;68440;68118;Habsheim;;;7.421007;47.726964
68118_0380_00173_a;173;a;Rue du Général de Gaulle;68440;68118;Habsheim;;;7.419826;47.717575
68118_0140_00022_a;22;a;Rue des Bleuets;68440;68118;Habsheim;;;7.422282;47.731414
68118_0280_00073;73;;Rue de la Délivrance;68440;68118;Habsheim;;;7.419502;47.729984
68118_0922_00028;28;;Rue du Rhin;68440;68118;Habsheim;;;7.425332;47.728643
68118_0820_00007_a;7;a;Rue du Petit Vignoble;68440;68118;Habsheim;;;7.414581;47.730552
68118_0300_00006;6;;Rue de Dietwiller;68440;68118;Habsheim;;;7.417359;47.721419
68118_0380_00104;104;;Rue du Général de Gaulle;68440;68118;Habsheim;;;7.416882;47.727727
68118_0480_00008;8;;Ruelle des Jardiniers;68440;68118;Habsheim;;;7.415638;47.727276
68118_0280_00002_a;2;a;Rue de la Délivrance;68440;68118;Habsheim;;;7.418358;47.736561
68118_0530_00013;13;;Rue Louis Pasteur;68440;68118;Habsheim;;;7.423561;47.722519
68118_0380_00107;107;;Rue du Général de Gaulle;68440;68118;Habsheim;;;7.417281;47.727461
68118_0380_00105;105;;Rue du Général de Gaulle;68440;68118;Habsheim;;;7.417257;47.727627
68118_0640_00020_bis;20;bis;Rue de la Montagne;68440;68118;Habsheim;;;7.414383;47.735043
68118_1050_00003;3;;Rue de Uffheim;68440;68118;Habsheim;;;7.416717;47.720521
68118_0523_00027;27;;Rue de Landser;68440;68118;Habsheim;;;7.416779;47.719099
68118_0380_00049;49;;Rue du Général de Gaulle;68440;68118;Habsheim;;;7.417052;47.732386
68118_1055_00009;9;;Avenue Valparc;68440;68118;Habsheim;;;7.419278;47.739647
68118_1080_00001;1;;Rue des Vignerons;68440;68118;Habsheim;;;7.4143;47.727975
68118_0820_00011;11;;Rue du Petit Vignoble;68440;68118;Habsheim;;;7.413042;47.730578
68118_0922_00007;7;;Rue du Rhin;68440;68118;Habsheim;;;7.425124;47.729114
68118_0922_00032;32;;Rue du Rhin;68440;68118;Habsheim;;;7.425209;47.728625
68118_0220_00033;33;;Rue de la Chapelle;68440;68118;Habsheim;;;7.423006;47.724661
68118_0380_00129;129;;Rue du Général de Gaulle;68440;68118;Habsheim;;;7.417888;47.725182
68118_0380_00099;99;;Rue du Général de Gaulle;68440;68118;Habsheim;;;7.417177;47.727997
68118_0280_00009;9;;Rue de la Délivrance;68440;68118;Habsheim;;;7.419194;47.735296
68118_0770_00030;30;;Rue Paul Verlaine;68440;68118;Habsheim;;;7.424098;47.723196
68118_0900_00045;45;;Rue de la Rampe;68440;68118;Habsheim;;;7.423022;47.734352
68118_0280_00069;69;;Rue de la Délivrance;68440;68118;Habsheim;;;7.418976;47.730154
68118_0380_00147;147;;Rue du Général de Gaulle;68440;68118;Habsheim;;;7.418217;47.723425
68118_0380_00029_b;29;b;Rue du Général de Gaulle;68440;68118;Habsheim;;;7.418047;47.734207
68118_0140_00039;39;;Rue des Bleuets;68440;68118;Habsheim;;;7.421213;47.732596
68118_0280_00046;46;;Rue de la Délivrance;68440;68118;Habsheim;;;7.41846;47.732155
68118_0440_00001;1;;Rue de la Hardt;68440;68118;Habsheim;;;7.420321;47.723091
68118_0280_00043;43;;Rue de la Délivrance;68440;68118;Habsheim;;;7.418863;47.731998
68118_0240_00001;1;;Rue du Chemin de Fer;68440;68118;Habsheim;;;7.419362;47.734072
68118_0140_00001;1;;Rue des Bleuets;68440;68118;Habsheim;;;7.421397;47.729074
68118_0952_00013;13;;Rue du Rossignol;68440;68118;Habsheim;;;7.41982;47.720483
68118_0727_00019;19;;Rue Nungesser et Coli;68440;68118;Habsheim;;;7.422735;47.735407
68118_0260_00042;42;;Rue du Colonel Fabien;68440;68118;Habsheim;;;7.408587;47.72938
68118_0280_00092;92;;Rue de la Délivrance;68440;68118;Habsheim;;;7.419276;47.728214
68118_0207_00008;8;;Rue du Chant des Oiseaux;68440;68118;Habsheim;;;7.421368;47.714824
68118_0380_00101;101;;Rue du Général de Gaulle;68440;68118;Habsheim;;;7.417091;47.727912
68118_0770_00026;26;;Rue Paul Verlaine;68440;68118;Habsheim;;;7.423882;47.722852
68118_0530_00007;7;;Rue Louis Pasteur;68440;68118;Habsheim;;;7.423317;47.722113
68118_0523_00029;29;;Rue de Landser;68440;68118;Habsheim;;;7.417135;47.719079
68118_0380_00034_a;34;a;Rue du Général de Gaulle;68440;68118;Habsheim;;;7.416288;47.734184
68118_znr8vi_00006;6;;Rue de Zimmersheim;68440;68118;Habsheim;;;7.415963;47.714206
68118_0280_00125;125;;Rue de la Délivrance;68440;68118;Habsheim;;;7.419478;47.725953
68118_0380_00145;145;;Rue du Général de Gaulle;68440;68118;Habsheim;;;7.418148;47.72372
68118_1060_00028;28;;Rue de la Victoire;68440;68118;Habsheim;;;7.418822;47.728484
68118_0584_00003;3;;Impasse Marie Freund;68440;68118;Habsheim;;;7.419055;47.723002
68118_0140_00022;22;;Rue des Bleuets;68440;68118;Habsheim;;;7.421898;47.73118
68118_0380_00084_e;84;e;Rue du Général de Gaulle;68440;68118;Habsheim;;;7.415976;47.729362
68118_0950_00005;5;;Impasse des Roses;68440;68118;Habsheim;;;7.42349;47.730205
68118_0380_00131;131;;Rue du Général de Gaulle;68440;68118;Habsheim;;;7.41795;47.725091
68118_0180_00030;30;;Rue du Cerf;68440;68118;Habsheim;;;7.424045;47.72056
68118_0740_00005;5;;Ruelle du Parc;68440;68118;Habsheim;;;7.4203;47.727408
68118_0280_00044;44;;Rue de la Délivrance;68440;68118;Habsheim;;;7.418608;47.73279
68118_0260_00002_c;2;c;Rue du Colonel Fabien;68440;68118;Habsheim;;;7.416099;47.729294
68118_0235_00010;10;;Rue du Château;68440;68118;Habsheim;;;7.416305;47.738036
68118_0680_00001;1;;Rue des Narcisses;68440;68118;Habsheim;;;7.419759;47.73089
68118_0120_00011_d;11;d;Chemin de l’Aviation;68440;68118;Habsheim;;;7.419787;47.738636
68118_0900_00015_b;15;b;Rue de la Rampe;68440;68118;Habsheim;;;7.420112;47.73644
68118_0900_00013_a;13;a;Rue de la Rampe;68440;68118;Habsheim;;;7.420333;47.736667
68118_0840_00016;16;;Rue des Prés;68440;68118;Habsheim;;;7.414751;47.725467
68118_0380_00168_a;168;a;Rue du Général de Gaulle;68440;68118;Habsheim;;;7.418432;47.719737
68118_0520_00025;25;;Rue de Kembs;68440;68118;Habsheim;;;7.423752;47.725926
68118_1080_00013;13;;Rue des Vignerons;68440;68118;Habsheim;;;7.412888;47.728517
68118_0280_00087;87;;Rue de la Délivrance;68440;68118;Habsheim;;;7.419426;47.729039
68118_0725_00009;9;;Rue des Noyers;68440;68118;Habsheim;;;7.41547;47.739244
68118_0380_00082;82;;Rue du Général de Gaulle;68440;68118;Habsheim;;;7.416388;47.729644
68118_0260_00014;14;;Rue du Colonel Fabien;68440;68118;Habsheim;;;7.413113;47.729677
68118_0180_00029;29;;Rue du Cerf;68440;68118;Habsheim;;;7.424873;47.722382
68118_0900_00039_c;39;c;Rue de la Rampe;68440;68118;Habsheim;;;7.422539;47.734505
68118_1060_00001;1;;Rue de la Victoire;68440;68118;Habsheim;;;7.417947;47.72768
68118_0380_00073;73;;Rue du Général de Gaulle;68440;68118;Habsheim;;;7.416741;47.730199
68118_0280_00042;42;;Rue de la Délivrance;68440;68118;Habsheim;;;7.418613;47.732854
68118_0280_00137;137;;Rue de la Délivrance;68440;68118;Habsheim;;;7.4194;47.724845
68118_0380_00042_b;42;b;Rue du Général de Gaulle;68440;68118;Habsheim;;;7.415527;47.733429
68118_0520_00020;20;;Rue de Kembs;68440;68118;Habsheim;;;7.423286;47.725894
68118_0560_00006;6;;Rue du Maréchal de Lattre de Tassigny;68440;68118;Habsheim;;;7.417415;47.729937
68118_0660_00012;12;;Rue des Muguets;68440;68118;Habsheim;;;7.420482;47.731528
68118_0220_00030;30;;Rue de la Chapelle;68440;68118;Habsheim;;;7.423645;47.724591
68118_0900_00039_a;39;a;Rue de la Rampe;68440;68118;Habsheim;;;7.42202;47.734457
68118_1010_00005;5;;Rue de la Source;68440;68118;Habsheim;;;7.409116;47.728383
68118_0280_00015;15;;Rue de la Délivrance;68440;68118;Habsheim;;;7.419094;47.734709
68118_0260_00032;32;;Rue du Colonel Fabien;68440;68118;Habsheim;;;7.410193;47.72934
68118_0990_00014;14;;Rue Saint-Martin;68440;68118;Habsheim;;;7.425766;47.726739
68118_0922_00009;9;;Rue du Rhin;68440;68118;Habsheim;;;7.425088;47.729169
68118_0440_00026;26;;Rue de la Hardt;68440;68118;Habsheim;;;7.420406;47.721403
68118_0950_00004;4;;Impasse des Roses;68440;68118;Habsheim;;;7.423076;47.729846
68118_1080_00002;2;;Rue des Vignerons;68440;68118;Habsheim;;;7.414377;47.728187
68118_0730_00007;7;;Impasse des Oeillets;68440;68118;Habsheim;;;7.419717;47.731305
68118_0380_00124_c;124;c;Rue du Général de Gaulle;68440;68118;Habsheim;;;7.417441;47.724503
68118_0280_00029_c;29;c;Rue de la Délivrance;68440;68118;Habsheim;;;7.419913;47.733254
68118_0300_00013;13;;Rue de Dietwiller;68440;68118;Habsheim;;;7.416318;47.721136
68118_0280_00039_b;39;b;Rue de la Délivrance;68440;68118;Habsheim;;;7.420804;47.732316
68118_0620_00002;2;;Rue du Miroir;68440;68118;Habsheim;;;7.416244;47.727888
68118_0720_00015;15;;Rue de Niffer;68440;68118;Habsheim;;;7.422286;47.725326
68118_0490_00002;2;;Rue Jean-Georges Stoffel;68440;68118;Habsheim;;;7.420977;47.721633
68118_1140_00014;14;;Rue du Vignoble;68440;68118;Habsheim;;;7.415119;47.727353
68118_0528_00002_b;2;b;Rue Louis Blériot;68440;68118;Habsheim;;;7.419605;47.738195
68118_0280_00029;29;;Rue de la Délivrance;68440;68118;Habsheim;;;7.419092;47.733263
68118_0120_00011_c;11;c;Chemin de l’Aviation;68440;68118;Habsheim;;;7.419673;47.738617
68118_1140_00005;5;;Rue du Vignoble;68440;68118;Habsheim;;;7.416362;47.726617
68118_0951_00001;1;;Impasse du Rossignol;68440;68118;Habsheim;;;7.419546;47.720486
68118_0280_00012;12;;Rue de la Délivrance;68440;68118;Habsheim;;;7.41811;47.735663
68118_0580_00027;27;;Rue du Maréchal Foch;68440;68118;Habsheim;;;7.419644;47.728663
68118_0020_00014;14;;Rue des Alliés;68440;68118;Habsheim;;;7.418081;47.729842
68118_0860_00001;1;;Rue du Président Roosevelt;68440;68118;Habsheim;;;7.418223;47.726799
68118_0280_00008;8;;Rue de la Délivrance;68440;68118;Habsheim;;;7.418738;47.736035
68118_0735_00020;20;;Rue d’Ottmarsheim;68440;68118;Habsheim;;;7.424515;47.729423
68118_0140_00011;11;;Rue des Bleuets;68440;68118;Habsheim;;;7.420911;47.730015
68118_0900_00001;1;;Rue de la Rampe;68440;68118;Habsheim;;;7.418262;47.738225
68118_0070_00012;12;;Rue André Jeannin;68440;68118;Habsheim;;;7.422607;47.735652
68118_0800_00006;6;;Rue de Petit-Landau;68440;68118;Habsheim;;;7.421997;47.728149
68118_0520_00026;26;;Rue de Kembs;68440;68118;Habsheim;;;7.425444;47.724164
68118_0520_00029;29;;Rue de Kembs;68440;68118;Habsheim;;;7.424065;47.725597
68118_0900_00011;11;;Rue de la Rampe;68440;68118;Habsheim;;;7.419765;47.736862
68118_0380_00048;48;;Rue du Général de Gaulle;68440;68118;Habsheim;;;7.416792;47.732835
68118_0240_00007;7;;Rue du Chemin de Fer;68440;68118;Habsheim;;;7.420376;47.734061
68118_0280_00011;11;;Rue de la Délivrance;68440;68118;Habsheim;;;7.419199;47.735044
68118_0660_00009;9;;Rue des Muguets;68440;68118;Habsheim;;;7.420217;47.731738
68118_0727_00012;12;;Rue Nungesser et Coli;68440;68118;Habsheim;;;7.422928;47.734834
68118_0471_00002;2;;Rue de l’Industrie;68440;68118;Habsheim;;;7.416577;47.740415
68118_0380_00035;35;;Rue du Général de Gaulle;68440;68118;Habsheim;;;7.417153;47.733725
68118_0520_00015;15;;Rue de Kembs;68440;68118;Habsheim;;;7.42282;47.726813
68118_0740_00004;4;;Ruelle du Parc;68440;68118;Habsheim;;;7.420001;47.727373
68118_0520_00011;11;;Rue de Kembs;68440;68118;Habsheim;;;7.422333;47.727232
68118_y3gm45_00004;4;;rue Louis Clément Faller;68440;68118;Habsheim;;;7.423231;47.720837
68118_0952_00008;8;;Rue du Rossignol;68440;68118;Habsheim;;;7.420064;47.720135
68118_0280_00013;13;;Rue de la Délivrance;68440;68118;Habsheim;;;7.419122;47.734868
68118_0640_00017;17;;Rue de la Montagne;68440;68118;Habsheim;;;7.414873;47.733984
68118_0727_00002;2;;Rue Nungesser et Coli;68440;68118;Habsheim;;;7.42188;47.734686
68118_0020_00010;10;;Rue des Alliés;68440;68118;Habsheim;;;7.418242;47.729686
68118_0420_00003;3;;Rue des Grillons;68440;68118;Habsheim;;;7.422384;47.726704
68118_1020_00003;3;;Impasse de la Synagogue;68440;68118;Habsheim;;;7.418926;47.729144
68118_0990_00041;41;;Rue Saint-Martin;68440;68118;Habsheim;;;7.424173;47.727617
68118_0280_00095;95;;Rue de la Délivrance;68440;68118;Habsheim;;;7.419437;47.728094
68118_0140_00031;31;;Rue des Bleuets;68440;68118;Habsheim;;;7.421469;47.732138
68118_0255_00002;2;;Impasse des Closeries;68440;68118;Habsheim;;;7.422835;47.727
68118_0140_00003_f;3;f;Rue des Bleuets;68440;68118;Habsheim;;;7.42009;47.729414
68118_0380_00050_b;50;b;Rue du Général de Gaulle;68440;68118;Habsheim;;;7.41633;47.732716
68118_0280_00041;41;;Rue de la Délivrance;68440;68118;Habsheim;;;7.419055;47.732165
68118_0280_00032;32;;Rue de la Délivrance;68440;68118;Habsheim;;;7.418776;47.733632
68118_0380_00066;66;;Rue du Général de Gaulle;68440;68118;Habsheim;;;7.416557;47.731014
68118_0300_00004;4;;Rue de Dietwiller;68440;68118;Habsheim;;;7.417624;47.721449
68118_0380_00161;161;;Rue du Général de Gaulle;68440;68118;Habsheim;;;7.419394;47.718919
68118_0740_00001;1;;Ruelle du Parc;68440;68118;Habsheim;;;7.419521;47.727507
68118_0440_00010;10;;Rue de la Hardt;68440;68118;Habsheim;;;7.420079;47.722454
68118_0260_00001;1;;Rue du Colonel Fabien;68440;68118;Habsheim;;;7.415544;47.729315
68118_1160_00002_a;2;a;Rue du Vorbourg;68440;68118;Habsheim;;;7.416081;47.731706
68118_0952_00004;4;;Rue du Rossignol;68440;68118;Habsheim;;;7.419731;47.719713
68118_0070_00007;7;;Rue André Jeannin;68440;68118;Habsheim;;;7.422101;47.735829
68118_0280_00002;2;;Rue de la Délivrance;68440;68118;Habsheim;;;7.418668;47.736543
68118_0460_00003_a;3;a;Rue de Hombourg;68440;68118;Habsheim;;;7.421322;47.728895
68118_0040_00001_b;1;b;Rue des Alouettes;68440;68118;Habsheim;;;7.422258;47.723752
68118_0235_00006;6;;Rue du Château;68440;68118;Habsheim;;;7.416083;47.737837
68118_0140_00005_a;5;a;Rue des Bleuets;68440;68118;Habsheim;;;7.420881;47.729589
68118_0520_00004;4;;Rue de Kembs;68440;68118;Habsheim;;;7.421008;47.728036
68118_0380_00190;190;;Rue du Général de Gaulle;68440;68118;Habsheim;;;7.418695;47.718134
68118_0280_00127;127;;Rue de la Délivrance;68440;68118;Habsheim;;;7.419459;47.725824
68118_0480_00003;3;;Ruelle des Jardiniers;68440;68118;Habsheim;;;7.415939;47.727472
68118_0180_00006;6;;Rue du Cerf;68440;68118;Habsheim;;;7.424322;47.724019
68118_0020_00001;1;;Rue des Alliés;68440;68118;Habsheim;;;7.417743;47.728832
68118_0640_00009_b;9;b;Rue de la Montagne;68440;68118;Habsheim;;;7.415855;47.734622
68118_0600_00005;5;;Rue des Merles;68440;68118;Habsheim;;;7.420862;47.726603
68118_0280_00030;30;;Rue de la Délivrance;68440;68118;Habsheim;;;7.418647;47.733756
68118_1080_00001_a;1;a;Rue des Vignerons;68440;68118;Habsheim;;;7.414032;47.728043
68118_0530_00009;9;;Rue Louis Pasteur;68440;68118;Habsheim;;;7.423608;47.722147
68118_0380_00004;4;;Rue du Général de Gaulle;68440;68118;Habsheim;;;7.417475;47.737855
68118_0727_00010;10;;Rue Nungesser et Coli;68440;68118;Habsheim;;;7.422565;47.734762
68118_0371_00001;1;;Passage des Frères Hertzog;68440;68118;Habsheim;;;7.415386;47.727934
68118_1050_00008;8;;Rue de Uffheim;68440;68118;Habsheim;;;7.417085;47.719992
68118_0520_00006;6;;Rue de Kembs;68440;68118;Habsheim;;;7.421341;47.727804
68118_0900_00009;9;;Rue de la Rampe;68440;68118;Habsheim;;;7.41913;47.737259
68118_0300_00012;12;;Rue de Dietwiller;68440;68118;Habsheim;;;7.416558;47.721342
68118_0280_00066;66;;Rue de la Délivrance;68440;68118;Habsheim;;;7.418199;47.730851
68118_0720_00021;21;;Rue de Niffer;68440;68118;Habsheim;;;7.42268;47.725303
68118_0130_00020;20;;Rue des Bergers;68440;68118;Habsheim;;;7.423009;47.731096
68118_0380_00049_a;49;a;Rue du Général de Gaulle;68440;68118;Habsheim;;;7.417639;47.732347
68118_0380_00036;36;;Rue du Général de Gaulle;68440;68118;Habsheim;;;7.41676;47.733784
68118_0951_00012;12;;Impasse du Rossignol;68440;68118;Habsheim;;;7.420258;47.71998
68118_0380_00069;69;;Rue du Général de Gaulle;68440;68118;Habsheim;;;7.416972;47.730542
68118_0255_00003;3;;Impasse des Closeries;68440;68118;Habsheim;;;7.423207;47.72714
68118_1060_00015;15;;Rue de la Victoire;68440;68118;Habsheim;;;7.418695;47.727784
68118_0280_00058;58;;Rue de la Délivrance;68440;68118;Habsheim;;;7.418696;47.731264
68118_0900_00035;35;;Rue de la Rampe;68440;68118;Habsheim;;;7.421201;47.735121
68118_0235_00023;23;;Rue du Château;68440;68118;Habsheim;;;7.415438;47.738472
68118_0460_00019;19;;Rue de Hombourg;68440;68118;Habsheim;;;7.424476;47.729825
68118_0140_00073;73;;Rue des Bleuets;68440;68118;Habsheim;;;7.419433;47.735984
68118_0010_00004;4;;Rue Albert Schweitzer;68440;68118;Habsheim;;;7.414633;47.732262
68118_0200_00003;3;;Rue du Champ des Dimes;68440;68118;Habsheim;;;7.414659;47.728791
68118_0380_00177;177;;Rue du Général de Gaulle;68440;68118;Habsheim;;;7.419855;47.716867
68118_0160_00009;9;;Rue de la Carrière;68440;68118;Habsheim;;;7.422578;47.727498
68118_0380_00196;196;;Rue du Général de Gaulle;68440;68118;Habsheim;;;7.418648;47.717798
68118_0530_00002;2;;Rue Louis Pasteur;68440;68118;Habsheim;;;7.422916;47.722205
68118_0280_00093;93;;Rue de la Délivrance;68440;68118;Habsheim;;;7.419384;47.728247
68118_0280_00067_a;67;a;Rue de la Délivrance;68440;68118;Habsheim;;;7.418974;47.730233
68118_0260_00010;10;;Rue du Colonel Fabien;68440;68118;Habsheim;;;7.414326;47.729675
68118_1020_00002_a;2;a;Impasse de la Synagogue;68440;68118;Habsheim;;;7.418816;47.728914
68118_0660_00005;5;;Rue des Muguets;68440;68118;Habsheim;;;7.419595;47.731784
68118_0040_00023;23;;Rue des Alouettes;68440;68118;Habsheim;;;7.422738;47.721502
68118_0140_00005_b;5;b;Rue des Bleuets;68440;68118;Habsheim;;;7.420438;47.729616
68118_0528_00028_f;28;f;Rue Louis Blériot;68440;68118;Habsheim;;;7.42125;47.736468
68118_0460_00008;8;;Rue de Hombourg;68440;68118;Habsheim;;;7.423278;47.728986
68118_0280_00014;14;;Rue de la Délivrance;68440;68118;Habsheim;;;7.418796;47.735439
68118_0010_00005;5;;Rue Albert Schweitzer;68440;68118;Habsheim;;;7.414472;47.732506
68118_0380_00155_a;155;a;Rue du Général de Gaulle;68440;68118;Habsheim;;;7.419124;47.720707
68118_0950_00010;10;;Impasse des Roses;68440;68118;Habsheim;;;7.423916;47.73006
68118_0070_00002;2;;Rue André Jeannin;68440;68118;Habsheim;;;7.421244;47.735474
68118_0640_00058;58;;Rue de la Montagne;68440;68118;Habsheim;;;7.413388;47.731356
68118_0740_00008;8;;Ruelle du Parc;68440;68118;Habsheim;;;7.420305;47.727312
68118_0580_00023;23;;Rue du Maréchal Foch;68440;68118;Habsheim;;;7.418813;47.728713
68118_0380_00064;64;;Rue du Général de Gaulle;68440;68118;Habsheim;;;7.416696;47.731326
68118_y3gm45_00011;11;;rue Louis Clément Faller;68440;68118;Habsheim;;;7.423045;47.720432
68118_0380_00124_f;124;f;Rue du Général de Gaulle;68440;68118;Habsheim;;;7.417288;47.724631
68118_0140_00037;37;;Rue des Bleuets;68440;68118;Habsheim;;;7.421447;47.732578
68118_0380_00060;60;;Rue du Général de Gaulle;68440;68118;Habsheim;;;7.416701;47.731799
68118_0380_00005;5;;Rue du Général de Gaulle;68440;68118;Habsheim;;;7.417693;47.736567
68118_0130_00018_a;18;a;Rue des Bergers;68440;68118;Habsheim;;;7.423507;47.731026
68118_0235_00004;4;;Rue du Château;68440;68118;Habsheim;;;7.416314;47.737787
68118_0380_00126;126;;Rue du Général de Gaulle;68440;68118;Habsheim;;;7.417525;47.724354
68118_0740_00003;3;;Ruelle du Parc;68440;68118;Habsheim;;;7.419878;47.727483
68118_0600_00002;2;;Rue des Merles;68440;68118;Habsheim;;;7.420678;47.727203
68118_0735_00010;10;;Rue d’Ottmarsheim;68440;68118;Habsheim;;;7.423981;47.728981
68118_0840_00010;10;;Rue des Prés;68440;68118;Habsheim;;;7.414819;47.725942
68118_0640_00023;23;;Rue de la Montagne;68440;68118;Habsheim;;;7.414526;47.733373
68118_1180_00005;5;;Rue de Zurich;68440;68118;Habsheim;;;7.425852;47.725533
68118_0640_00025;25;;Rue de la Montagne;68440;68118;Habsheim;;;7.414476;47.733235
68118_0280_00016;16;;Rue de la Délivrance;68440;68118;Habsheim;;;7.418664;47.735255
68118_0640_00016;16;;Rue de la Montagne;68440;68118;Habsheim;;;7.41496;47.735415
68118_0020_00012;12;;Rue des Alliés;68440;68118;Habsheim;;;7.418121;47.729701
68118_0040_00022;22;;Rue des Alouettes;68440;68118;Habsheim;;;7.422322;47.721926
68118_0380_00064_c;64;c;Rue du Général de Gaulle;68440;68118;Habsheim;;;7.415662;47.731328
68118_0600_00025;25;;Rue des Merles;68440;68118;Habsheim;;;7.420615;47.724608
68118_0280_00122_b;122;b;Rue de la Délivrance;68440;68118;Habsheim;;;7.418731;47.726086
68118_0280_00107;107;;Rue de la Délivrance;68440;68118;Habsheim;;;7.419499;47.727108
68118_0600_00030;30;;Rue des Merles;68440;68118;Habsheim;;;7.420233;47.724219
68118_0840_00017;17;;Rue des Prés;68440;68118;Habsheim;;;7.41525;47.725149
68118_0280_00048;48;;Rue de la Délivrance;68440;68118;Habsheim;;;7.418568;47.731834
68118_0680_00001_a;1;a;Rue des Narcisses;68440;68118;Habsheim;;;7.419847;47.730988
68118_0380_00046;46;;Rue du Général de Gaulle;68440;68118;Habsheim;;;7.416793;47.732935
68118_y3gm45_00007;7;;rue Louis Clément Faller;68440;68118;Habsheim;;;7.423676;47.720494
68118_0140_00015_a;15;a;Rue des Bleuets;68440;68118;Habsheim;;;7.420954;47.730345
68118_0380_00078;78;;Rue du Général de Gaulle;68440;68118;Habsheim;;;7.416381;47.729916
68118_0380_00006;6;;Rue du Général de Gaulle;68440;68118;Habsheim;;;7.417321;47.737356
68118_0720_00027;27;;Rue de Niffer;68440;68118;Habsheim;;;7.423178;47.725287
68118_0200_00010;10;;Rue du Champ des Dimes;68440;68118;Habsheim;;;7.41429;47.728752
68118_0520_00013;13;;Rue de Kembs;68440;68118;Habsheim;;;7.422482;47.727117
68118_0380_00143_b;143;b;Rue du Général de Gaulle;68440;68118;Habsheim;;;7.418136;47.723928
68118_0280_00039;39;;Rue de la Délivrance;68440;68118;Habsheim;;;7.418844;47.732406
68118_0040_00015;15;;Rue des Alouettes;68440;68118;Habsheim;;;7.422533;47.722163
68118_0280_00121;121;;Rue de la Délivrance;68440;68118;Habsheim;;;7.419456;47.726209
68118_0500_00003;3;;Rue de la Justice;68440;68118;Habsheim;;;7.417697;47.727913
68118_0130_00001;1;;Rue des Bergers;68440;68118;Habsheim;;;7.422378;47.729523
68118_0130_00017;17;;Rue des Bergers;68440;68118;Habsheim;;;7.422448;47.731152
68118_0260_00018;18;;Rue du Colonel Fabien;68440;68118;Habsheim;;;7.412137;47.72973
68118_0280_00065;65;;Rue de la Délivrance;68440;68118;Habsheim;;;7.418902;47.730528
68118_0280_00081;81;;Rue de la Délivrance;68440;68118;Habsheim;;;7.419278;47.729542
68118_0199_00001;1;;Rue Jacqueline Auriol;68440;68118;Habsheim;;;7.42004;47.738684
68118_0060_00001;1;;Rue de l’Alsbourg;68440;68118;Habsheim;;;7.416039;47.736661
68118_0600_00005_a;5;a;Rue des Merles;68440;68118;Habsheim;;;7.421402;47.726486
68118_0280_00035;35;;Rue de la Délivrance;68440;68118;Habsheim;;;7.419891;47.732558
68118_0280_00129;129;;Rue de la Délivrance;68440;68118;Habsheim;;;7.419567;47.725617
68118_0280_00133;133;;Rue de la Délivrance;68440;68118;Habsheim;;;7.419454;47.725198
68118_y3gm45_00009;9;;rue Louis Clément Faller;68440;68118;Habsheim;;;7.423365;47.72045
68118_0640_00014;14;;Rue de la Montagne;68440;68118;Habsheim;;;7.415201;47.735647
68118_1060_00017;17;;Rue de la Victoire;68440;68118;Habsheim;;;7.418702;47.727971
68118_0207_00001_a;1;a;Rue du Chant des Oiseaux;68440;68118;Habsheim;;;7.42028;47.71513
68118_0220_00010;10;;Rue de la Chapelle;68440;68118;Habsheim;;;7.420967;47.723417
68118_0260_00003;3;;Rue du Colonel Fabien;68440;68118;Habsheim;;;7.415323;47.729347
68118_0780_00004_a;4;a;Rue des Peintres;68440;68118;Habsheim;;;7.417626;47.732543
68118_0280_00004;4;;Rue de la Délivrance;68440;68118;Habsheim;;;7.418223;47.73627
68118_0480_00002;2;;Ruelle des Jardiniers;68440;68118;Habsheim;;;7.41583;47.727731
68118_0250_00015;15;;Rue du Cimetière;68440;68118;Habsheim;;;7.418524;47.723822
68118_0420_00020;20;;Rue des Grillons;68440;68118;Habsheim;;;7.421832;47.725728
68118_0140_00008;8;;Rue des Bleuets;68440;68118;Habsheim;;;7.421885;47.729753
68118_0280_00099;99;;Rue de la Délivrance;68440;68118;Habsheim;;;7.419464;47.727799
68118_0840_00020;20;;Rue des Prés;68440;68118;Habsheim;;;7.414717;47.725037
68118_0580_00019;19;;Rue du Maréchal Foch;68440;68118;Habsheim;;;7.418389;47.728759
68118_0990_00053;53;;Rue Saint-Martin;68440;68118;Habsheim;;;7.42471;47.72787
68118_0523_00002;2;;Rue de Landser;68440;68118;Habsheim;;;7.415644;47.722081
68118_0440_00011;11;;Rue de la Hardt;68440;68118;Habsheim;;;7.420581;47.722298
68118_0280_00120;120;;Rue de la Délivrance;68440;68118;Habsheim;;;7.419112;47.726205
68118_0660_00003;3;;Rue des Muguets;68440;68118;Habsheim;;;7.419357;47.731727
68118_0180_00041;41;;Rue du Cerf;68440;68118;Habsheim;;;7.425353;47.721229
68118_1050_00002;2;;Rue de Uffheim;68440;68118;Habsheim;;;7.416515;47.720247
68118_0730_00003;3;;Impasse des Oeillets;68440;68118;Habsheim;;;7.420208;47.731309
68118_0990_00001;1;;Rue Saint-Martin;68440;68118;Habsheim;;;7.424538;47.725627
68118_0377_00006;6;;Rue des Gardes-Vignes;68440;68118;Habsheim;;;7.410285;47.73013
68118_0860_00020;20;;Rue du Président Roosevelt;68440;68118;Habsheim;;;7.419296;47.726694
68118_0500_00011;11;;Rue de la Justice;68440;68118;Habsheim;;;7.418101;47.728108
68118_0280_00140;140;;Rue de la Délivrance;68440;68118;Habsheim;;;7.419127;47.72452
68118_1010_00005_a;5;a;Rue de la Source;68440;68118;Habsheim;;;7.409591;47.728365
68118_0640_00054;54;;Rue de la Montagne;68440;68118;Habsheim;;;7.413395;47.731661
68118_0840_00030;30;;Rue des Prés;68440;68118;Habsheim;;;7.414494;47.724146
68118_0380_00073_a;73;a;Rue du Général de Gaulle;68440;68118;Habsheim;;;7.416925;47.730194
68118_0040_00017;17;;Rue des Alouettes;68440;68118;Habsheim;;;7.42258;47.721908
68118_0280_00031_b;31;b;Rue de la Délivrance;68440;68118;Habsheim;;;7.420124;47.733052
68118_1000_00002;2;;Rue Scholler;68440;68118;Habsheim;;;7.414222;47.730564
68118_0528_00028_b;28;b;Rue Louis Blériot;68440;68118;Habsheim;;;7.421615;47.736516
68118_0990_00017;17;;Rue Saint-Martin;68440;68118;Habsheim;;;7.424704;47.726449
68118_0922_00018;18;;Rue du Rhin;68440;68118;Habsheim;;;7.424889;47.728874
68118_0400_00004;4;;Rue Georges Wodli;68440;68118;Habsheim;;;7.417956;47.734631
68118_0580_00011;11;;Rue du Maréchal Foch;68440;68118;Habsheim;;;7.417553;47.728941
68118_0380_00002;2;;Rue du Général de Gaulle;68440;68118;Habsheim;;;7.417472;47.737991
68118_0780_00005;5;;Rue des Peintres;68440;68118;Habsheim;;;7.418506;47.732674
68118_0952_00005;5;;Rue du Rossignol;68440;68118;Habsheim;;;7.419037;47.719878
68118_0380_00175;175;;Rue du Général de Gaulle;68440;68118;Habsheim;;;7.419519;47.718126
68118_0380_00086;86;;Rue du Général de Gaulle;68440;68118;Habsheim;;;7.416362;47.729102
68118_0540_00001_b;1;b;Ruelle de la Mairie;68440;68118;Habsheim;;;7.416288;47.728277
68118_1055_00015;15;;Avenue Valparc;68440;68118;Habsheim;;;7.421438;47.739435
68118_0280_00131;131;;Rue de la Délivrance;68440;68118;Habsheim;;;7.419442;47.725504
68118_0360_00024_a;24;a;Rue des Faisans;68440;68118;Habsheim;;;7.412771;47.72527
68118_0280_00006;6;;Rue de la Délivrance;68440;68118;Habsheim;;;7.418768;47.736219
68118_0380_00155;155;;Rue du Général de Gaulle;68440;68118;Habsheim;;;7.418955;47.720689
68118_0840_00006;6;;Rue des Prés;68440;68118;Habsheim;;;7.414955;47.726476
68118_0360_00034;34;;Rue des Faisans;68440;68118;Habsheim;;;7.412624;47.724095
68118_0440_00030;30;;Rue de la Hardt;68440;68118;Habsheim;;;7.420041;47.720881
68118_0380_00064_d;64;d;Rue du Général de Gaulle;68440;68118;Habsheim;;;7.415302;47.731374
68118_0280_00132;132;;Rue de la Délivrance;68440;68118;Habsheim;;;7.418907;47.725098
68118_0950_00012;12;;Impasse des Roses;68440;68118;Habsheim;;;7.424186;47.730186
68118_0885_00001;1;;Rue des Raisins;68440;68118;Habsheim;;;7.413021;47.728073
68118_0523_00010_a;10;a;Rue de Landser;68440;68118;Habsheim;;;7.415664;47.721001
68118_0380_00183;183;;Rue du Général de Gaulle;68440;68118;Habsheim;;;7.41989;47.716225
68118_0460_00003_c;3;c;Rue de Hombourg;68440;68118;Habsheim;;;7.420219;47.729057
68118_0200_00012;12;;Rue du Champ des Dimes;68440;68118;Habsheim;;;7.414202;47.728572
68118_0380_00123;123;;Rue du Général de Gaulle;68440;68118;Habsheim;;;7.417714;47.725615
68118_0922_00002;2;;Rue du Rhin;68440;68118;Habsheim;;;7.423915;47.728827
68118_0020_00009_b;9;b;Rue des Alliés;68440;68118;Habsheim;;;7.417895;47.729531
68118_0360_00020;20;;Rue des Faisans;68440;68118;Habsheim;;;7.412465;47.725948
68118_0280_00081_a;81;a;Rue de la Délivrance;68440;68118;Habsheim;;;7.419474;47.729399
68118_0800_00049;49;;Rue de Petit-Landau;68440;68118;Habsheim;;;7.430329;47.729185
68118_0140_00016;16;;Rue des Bleuets;68440;68118;Habsheim;;;7.421912;47.730378
68118_1010_00003;3;;Rue de la Source;68440;68118;Habsheim;;;7.409133;47.728674
68118_0380_00079_b;79;b;Rue du Général de Gaulle;68440;68118;Habsheim;;;7.417182;47.729618
68118_0990_00029;29;;Rue Saint-Martin;68440;68118;Habsheim;;;7.424918;47.727074
68118_0952_00019;19;;Rue du Rossignol;68440;68118;Habsheim;;;7.420518;47.720512
68118_0860_00006;6;;Rue du Président Roosevelt;68440;68118;Habsheim;;;7.41816;47.726702
68118_0600_00024;24;;Rue des Merles;68440;68118;Habsheim;;;7.420426;47.725118
68118_0840_00032;32;;Rue des Prés;68440;68118;Habsheim;;;7.413825;47.724226
68118_0140_00051;51;;Rue des Bleuets;68440;68118;Habsheim;;;7.420451;47.733389
68118_0235_00025;25;;Rue du Château;68440;68118;Habsheim;;;7.415428;47.738604
68118_0280_00103;103;;Rue de la Délivrance;68440;68118;Habsheim;;;7.419642;47.727369
68118_0500_00004;4;;Rue de la Justice;68440;68118;Habsheim;;;7.41801;47.727827
68118_0380_00108;108;;Rue du Général de Gaulle;68440;68118;Habsheim;;;7.417036;47.727235
68118_0380_00066_a;66;a;Rue du Général de Gaulle;68440;68118;Habsheim;;;7.416186;47.731049
68118_0640_00022_b;22;b;Rue de la Montagne;68440;68118;Habsheim;;;7.414355;47.734515
68118_0070_00014;14;;Rue André Jeannin;68440;68118;Habsheim;;;7.422987;47.735698
68118_0280_00109;109;;Rue de la Délivrance;68440;68118;Habsheim;;;7.419489;47.727005
68118_0380_00081;81;;Rue du Général de Gaulle;68440;68118;Habsheim;;;7.416705;47.729392
68118_0140_00005;5;;Rue des Bleuets;68440;68118;Habsheim;;;7.421255;47.729527
68118_0727_00014;14;;Rue Nungesser et Coli;68440;68118;Habsheim;;;7.423038;47.735012
68118_0120_00007;7;;Chemin de l’Aviation;68440;68118;Habsheim;;;7.419043;47.738548
68118_0730_00005;5;;Impasse des Oeillets;68440;68118;Habsheim;;;7.419911;47.731306
68118_1000_00008;8;;Rue Scholler;68440;68118;Habsheim;;;7.41408;47.72989
68118_0530_00006;6;;Rue Louis Pasteur;68440;68118;Habsheim;;;7.423092;47.721923
68118_1055_00005;5;;Avenue Valparc;68440;68118;Habsheim;;;7.4212;47.740806
68118_0280_00035_b;35;b;Rue de la Délivrance;68440;68118;Habsheim;;;7.419568;47.732504
68118_0200_00006;6;;Rue du Champ des Dimes;68440;68118;Habsheim;;;7.414215;47.729147
68118_0260_00013;13;;Rue du Colonel Fabien;68440;68118;Habsheim;;;7.413381;47.729518
68118_0523_00011;11;;Rue de Landser;68440;68118;Habsheim;;;7.416393;47.721578
68118_0380_00134;134;;Rue du Général de Gaulle;68440;68118;Habsheim;;;7.417775;47.723359
68118_0584_00009;9;;Impasse Marie Freund;68440;68118;Habsheim;;;7.41965;47.721884
68118_0640_00021;21;;Rue de la Montagne;68440;68118;Habsheim;;;7.414648;47.733653
68118_0922_00016;16;;Rue du Rhin;68440;68118;Habsheim;;;7.424718;47.728866
68118_0280_00030_a;30;a;Rue de la Délivrance;68440;68118;Habsheim;;;7.418161;47.733819
68118_0900_00005_a;5;a;Rue de la Rampe;68440;68118;Habsheim;;;7.419374;47.737796
68118_1180_00006;6;;Rue de Zurich;68440;68118;Habsheim;;;7.426731;47.725571
68118_0840_00031;31;;Rue des Prés;68440;68118;Habsheim;;;7.415028;47.723957
68118_0280_00068;68;;Rue de la Délivrance;68440;68118;Habsheim;;;7.418058;47.730868
68118_0280_00148_a;148;a;Rue de la Délivrance;68440;68118;Habsheim;;;7.41911;47.723718
68118_0120_00009;9;;Chemin de l’Aviation;68440;68118;Habsheim;;;7.419261;47.738802
68118_0790_00009;9;;Rue des Perdrix;68440;68118;Habsheim;;;7.411514;47.728135
68118_1050_00025;25;;Rue de Uffheim;68440;68118;Habsheim;;;7.416624;47.719705
68118_0280_00150;150;;Rue de la Délivrance;68440;68118;Habsheim;;;7.41886;47.723514
68118_0280_00084;84;;Rue de la Délivrance;68440;68118;Habsheim;;;7.419269;47.729102
68118_0200_00005;5;;Rue du Champ des Dimes;68440;68118;Habsheim;;;7.414608;47.728159
68118_0260_00021;21;;Rue du Colonel Fabien;68440;68118;Habsheim;;;7.411653;47.729358
68118_0800_00018;18;;Rue de Petit-Landau;68440;68118;Habsheim;;;7.42384;47.727952
68118_0040_00018;18;;Rue des Alouettes;68440;68118;Habsheim;;;7.42217;47.722352
68118_0840_00016_a;16;a;Rue des Prés;68440;68118;Habsheim;;;7.414372;47.725447
68118_0200_00004;4;;Rue du Champ des Dimes;68440;68118;Habsheim;;;7.413832;47.729126
68118_0840_00033;33;;Rue des Prés;68440;68118;Habsheim;;;7.414841;47.723755
68118_0280_00035_a;35;a;Rue de la Délivrance;68440;68118;Habsheim;;;7.419585;47.732648
68118_0790_00001;1;;Rue des Perdrix;68440;68118;Habsheim;;;7.411291;47.72897
68118_0900_00039_b;39;b;Rue de la Rampe;68440;68118;Habsheim;;;7.422284;47.734479
68118_1060_00006;6;;Rue de la Victoire;68440;68118;Habsheim;;;7.41835;47.727344
68118_pmro7l_00012;12;;rue Tomi Ungerer;68440;68118;Habsheim;;;7.423483;47.721585
68118_0528_00024_a;24;a;Rue Louis Blériot;68440;68118;Habsheim;;;7.4213;47.736608
68118_0180_00020_a;20;a;Rue du Cerf;68440;68118;Habsheim;;;7.424008;47.721777
68118_0300_00011;11;;Rue de Dietwiller;68440;68118;Habsheim;;;7.416596;47.72117
68118_0255_00005;5;;Impasse des Closeries;68440;68118;Habsheim;;;7.423455;47.727137
68118_0820_00008;8;;Rue du Petit Vignoble;68440;68118;Habsheim;;;7.414774;47.730723
68118_0922_00006;6;;Rue du Rhin;68440;68118;Habsheim;;;7.424123;47.728836
68118_1160_00004;4;;Rue du Vorbourg;68440;68118;Habsheim;;;7.415516;47.731791
68118_0520_00002;2;;Rue de Kembs;68440;68118;Habsheim;;;7.420738;47.727961
68118_0740_00007;7;;Ruelle du Parc;68440;68118;Habsheim;;;7.420644;47.727474
68118_0280_00135;135;;Rue de la Délivrance;68440;68118;Habsheim;;;7.419449;47.724981
68118_0920_00007;7;;Rue du Réservoir;68440;68118;Habsheim;;;7.414876;47.737634
68118_0380_00055;55;;Rue du Général de Gaulle;68440;68118;Habsheim;;;7.417002;47.731857
68118_0380_00079;79;;Rue du Général de Gaulle;68440;68118;Habsheim;;;7.416718;47.729675
68118_0130_00006;6;;Rue des Bergers;68440;68118;Habsheim;;;7.422882;47.730283
68118_0280_00046_b;46;b;Rue de la Délivrance;68440;68118;Habsheim;;;7.418382;47.731997
68118_0600_00015_c;15;c;Rue des Merles;68440;68118;Habsheim;;;7.421264;47.725615
68118_0490_00005;5;;Rue Jean-Georges Stoffel;68440;68118;Habsheim;;;7.421322;47.721893
68118_0300_00008;8;;Rue de Dietwiller;68440;68118;Habsheim;;;7.417091;47.72138
68118_0060_00004;4;;Rue de l’Alsbourg;68440;68118;Habsheim;;;7.41656;47.736823
68118_0140_00009_a;9;a;Rue des Bleuets;68440;68118;Habsheim;;;7.421527;47.730079
68118_0520_00034;34;;Rue de Kembs;68440;68118;Habsheim;;;7.42719;47.723512
68118_0380_00050;50;;Rue du Général de Gaulle;68440;68118;Habsheim;;;7.41678;47.73266
68118_0255_00011;11;;Impasse des Closeries;68440;68118;Habsheim;;;7.424013;47.727072
68118_0922_00030;30;;Rue du Rhin;68440;68118;Habsheim;;;7.425221;47.728691
68118_0523_00008;8;;Rue de Landser;68440;68118;Habsheim;;;7.41579;47.721473
68118_1140_00002;2;;Rue du Vignoble;68440;68118;Habsheim;;;7.417039;47.726732
68118_0900_00019;19;;Rue de la Rampe;68440;68118;Habsheim;;;7.420209;47.736145
68118_0280_00003;3;;Rue de la Délivrance;68440;68118;Habsheim;;;7.418594;47.736763
68118_0922_00036;36;;Rue du Rhin;68440;68118;Habsheim;;;7.425472;47.728524
68118_0260_00034;34;;Rue du Colonel Fabien;68440;68118;Habsheim;;;7.413677;47.733662
68118_0380_00054;54;;Rue du Général de Gaulle;68440;68118;Habsheim;;;7.416777;47.732302
68118_0280_00021_a;21;a;Rue de la Délivrance;68440;68118;Habsheim;;;7.41932;47.733909
68118_0380_00124_b;124;b;Rue du Général de Gaulle;68440;68118;Habsheim;;;7.417539;47.724494
68118_0380_00058;58;;Rue du Général de Gaulle;68440;68118;Habsheim;;;7.416228;47.73197
68118_0360_00025;25;;Rue des Faisans;68440;68118;Habsheim;;;7.413324;47.724816
68118_0140_00034;34;;Rue des Bleuets;68440;68118;Habsheim;;;7.422032;47.732947
68118_0250_00001;1;;Rue du Cimetière;68440;68118;Habsheim;;;7.418072;47.724812
68118_1065_00009_a;9;a;Rue Victor Hugo;68440;68118;Habsheim;;;7.421706;47.723173
68118_0280_00054;54;;Rue de la Délivrance;68440;68118;Habsheim;;;7.418529;47.731465
68118_0790_00002;2;;Rue des Perdrix;68440;68118;Habsheim;;;7.410985;47.729076
68118_0420_00007;7;;Rue des Grillons;68440;68118;Habsheim;;;7.422367;47.72634
68118_0020_00005;5;;Rue des Alliés;68440;68118;Habsheim;;;7.417765;47.728961
68118_0660_00013;13;;Rue des Muguets;68440;68118;Habsheim;;;7.421042;47.731766
68118_0640_00039;39;;Rue de la Montagne;68440;68118;Habsheim;;;7.413845;47.731272
68118_0280_00059;59;;Rue de la Délivrance;68440;68118;Habsheim;;;7.419012;47.730853
68118_0380_00139;139;;Rue du Général de Gaulle;68440;68118;Habsheim;;;7.417946;47.724462
68118_0020_00009_a;9;a;Rue des Alliés;68440;68118;Habsheim;;;7.417937;47.729633
68118_0380_00103;103;;Rue du Général de Gaulle;68440;68118;Habsheim;;;7.417186;47.727773
68118_0380_00038;38;;Rue du Général de Gaulle;68440;68118;Habsheim;;;7.416831;47.733624
68118_0440_00016;16;;Rue de la Hardt;68440;68118;Habsheim;;;7.420172;47.721944
68118_0420_00022_b;22;b;Rue des Grillons;68440;68118;Habsheim;;;7.421653;47.725563
68118_0528_00021;21;;Rue Louis Blériot;68440;68118;Habsheim;;;7.421966;47.736877
68118_0380_00021;21;;Rue du Général de Gaulle;68440;68118;Habsheim;;;7.417284;47.735161
68118_0640_00044;44;;Rue de la Montagne;68440;68118;Habsheim;;;7.413945;47.732718
68118_0620_00015;15;;Rue du Miroir;68440;68118;Habsheim;;;7.415167;47.727767
68118_0380_00063;63;;Rue du Général de Gaulle;68440;68118;Habsheim;;;7.416941;47.730997
68118_0471_00007;7;;Rue de l’Industrie;68440;68118;Habsheim;;;7.418883;47.741227
68118_0255_00004;4;;Impasse des Closeries;68440;68118;Habsheim;;;7.422947;47.726993
68118_0480_00009_b;9;b;Ruelle des Jardiniers;68440;68118;Habsheim;;;7.41658;47.727253
68118_1140_00018;18;;Rue du Vignoble;68440;68118;Habsheim;;;7.414828;47.727578
68118_0360_00036;36;;Rue des Faisans;68440;68118;Habsheim;;;7.412365;47.723943
68118_0420_00016;16;;Rue des Grillons;68440;68118;Habsheim;;;7.421835;47.726087
68118_0520_00017_b;17;b;Rue de Kembs;68440;68118;Habsheim;;;7.42369;47.726611
68118_0380_00070;70;;Rue du Général de Gaulle;68440;68118;Habsheim;;;7.416293;47.73032
68118_0040_00002;2;;Rue des Alouettes;68440;68118;Habsheim;;;7.421949;47.723855
68118_0140_00029;29;;Rue des Bleuets;68440;68118;Habsheim;;;7.4215;47.73197
68118_0280_00119;119;;Rue de la Délivrance;68440;68118;Habsheim;;;7.419512;47.726308
68118_0380_00027;27;;Rue du Général de Gaulle;68440;68118;Habsheim;;;7.417233;47.734555
68118_0380_00012_a;12;a;Rue du Général de Gaulle;68440;68118;Habsheim;;;7.416349;47.735698
68118_0082_00008;8;;Rue de l’Artisanat;68440;68118;Habsheim;;;7.418449;47.740284
68118_0600_00006;6;;Rue des Merles;68440;68118;Habsheim;;;7.420564;47.726793
68118_0130_00010;10;;Rue des Bergers;68440;68118;Habsheim;;;7.423;47.730581
68118_0360_00023;23;;Rue des Faisans;68440;68118;Habsheim;;;7.413387;47.72508
68118_0900_00043;43;;Rue de la Rampe;68440;68118;Habsheim;;;7.422129;47.734236
68118_znr8vi_00008;8;;Rue de Zimmersheim;68440;68118;Habsheim;;;7.415551;47.714011
68118_0377_00002;2;;Rue des Gardes-Vignes;68440;68118;Habsheim;;;7.410132;47.729648
68118_0528_00008;8;;Rue Louis Blériot;68440;68118;Habsheim;;;7.420591;47.737948
68118_0199_00006;6;;Rue Jacqueline Auriol;68440;68118;Habsheim;;;7.420308;47.739079
68118_0820_00012_a;12;a;Rue du Petit Vignoble;68440;68118;Habsheim;;;7.414186;47.731039
68118_0130_00014;14;;Rue des Bergers;68440;68118;Habsheim;;;7.423682;47.730738
68118_0140_00041_a;41;a;Rue des Bleuets;68440;68118;Habsheim;;;7.421321;47.732841
68118_0040_00003;3;;Rue des Alouettes;68440;68118;Habsheim;;;7.422288;47.723527
68118_0660_00007;7;;Rue des Muguets;68440;68118;Habsheim;;;7.419943;47.731796
68118_0280_00083_b;83;b;Rue de la Délivrance;68440;68118;Habsheim;;;7.419923;47.72963
68118_0800_00007;7;;Rue de Petit-Landau;68440;68118;Habsheim;;;7.423177;47.728358
68118_0600_00004;4;;Rue des Merles;68440;68118;Habsheim;;;7.420594;47.727
68118_0922_00034;34;;Rue du Rhin;68440;68118;Habsheim;;;7.425225;47.728586
68118_0280_00147;147;;Rue de la Délivrance;68440;68118;Habsheim;;;7.419459;47.724038
68118_0250_00017;17;;Rue du Cimetière;68440;68118;Habsheim;;;7.418632;47.723675
68118_0380_00042_a;42;a;Rue du Général de Gaulle;68440;68118;Habsheim;;;7.415851;47.733398
68118_0250_00005;5;;Rue du Cimetière;68440;68118;Habsheim;;;7.418217;47.724519
68118_0735_00005;5;;Rue d’Ottmarsheim;68440;68118;Habsheim;;;7.423577;47.729108
68118_0130_00009;9;;Rue des Bergers;68440;68118;Habsheim;;;7.422547;47.730382
68118_1080_00018;18;;Rue des Vignerons;68440;68118;Habsheim;;;7.413321;47.729142
68118_0040_00006;6;;Rue des Alouettes;68440;68118;Habsheim;;;7.421996;47.723434
68118_0380_00173_c;173;c;Rue du Général de Gaulle;68440;68118;Habsheim;;;7.419804;47.717197
68118_0420_00022_c;22;c;Rue des Grillons;68440;68118;Habsheim;;;7.421505;47.725579
68118_0200_00001_a;1;a;Rue du Champ des Dimes;68440;68118;Habsheim;;;7.414403;47.72925
68118_0640_00011;11;;Rue de la Montagne;68440;68118;Habsheim;;;7.415033;47.734605
68118_0380_00091;91;;Rue du Général de Gaulle;68440;68118;Habsheim;;;7.416758;47.729008
68118_0240_00003;3;;Rue du Chemin de Fer;68440;68118;Habsheim;;;7.419623;47.734071
68118_0950_00008;8;;Impasse des Roses;68440;68118;Habsheim;;;7.423598;47.72998
68118_0280_00007_b;7;b;Rue de la Délivrance;68440;68118;Habsheim;;;7.419292;47.735541
68118_0280_00094;94;;Rue de la Délivrance;68440;68118;Habsheim;;;7.419292;47.728169
68118_0280_00038;38;;Rue de la Délivrance;68440;68118;Habsheim;;;7.418425;47.733121
68118_0640_00003_a;3;a;Rue de la Montagne;68440;68118;Habsheim;;;7.415578;47.735425
68118_0280_00009_b;9;b;Rue de la Délivrance;68440;68118;Habsheim;;;7.419389;47.735386
68118_0380_00126_b;126;b;Rue du Général de Gaulle;68440;68118;Habsheim;;;7.41733;47.724326
68118_0727_00013;13;;Rue Nungesser et Coli;68440;68118;Habsheim;;;7.422439;47.735399
68118_0380_00121;121;;Rue du Général de Gaulle;68440;68118;Habsheim;;;7.417691;47.725954
68118_0990_00057;57;;Rue Saint-Martin;68440;68118;Habsheim;;;7.424915;47.727889
68118_0990_00008;8;;Rue Saint-Martin;68440;68118;Habsheim;;;7.425092;47.72629
68118_0380_00009;9;;Rue du Général de Gaulle;68440;68118;Habsheim;;;7.417466;47.736329
68118_0840_00026;26;;Rue des Prés;68440;68118;Habsheim;;;7.414599;47.724502
68118_0255_00013;13;;Impasse des Closeries;68440;68118;Habsheim;;;7.424322;47.727085
68118_1180_00015;15;;Rue de Zurich;68440;68118;Habsheim;;;7.42644;47.726004
68118_0360_00012_a;12;a;Rue des Faisans;68440;68118;Habsheim;;;7.41278;47.726639
68118_0380_00017;17;;Rue du Général de Gaulle;68440;68118;Habsheim;;;7.417311;47.735551
68118_0740_00006;6;;Ruelle du Parc;68440;68118;Habsheim;;;7.420024;47.727218
68118_0235_00019;19;;Rue du Château;68440;68118;Habsheim;;;7.415393;47.738202
68118_0760_00003;3;;Rue de la Patrie;68440;68118;Habsheim;;;7.417883;47.730795
68118_0280_00065_b;65;b;Rue de la Délivrance;68440;68118;Habsheim;;;7.419056;47.730443
68118_0380_00170_a;170;a;Rue du Général de Gaulle;68440;68118;Habsheim;;;7.418324;47.719478
68118_0800_00012;12;;Rue de Petit-Landau;68440;68118;Habsheim;;;7.422998;47.728196
68118_0340_00008;8;;Rue d’Eschentzwiller;68440;68118;Habsheim;;;7.415267;47.722469
68118_0380_00012_d;12;d;Rue du Général de Gaulle;68440;68118;Habsheim;;;7.416605;47.736537
68118_0180_00026;26;;Rue du Cerf;68440;68118;Habsheim;;;7.424294;47.720914
68118_0727_00031;31;;Rue Nungesser et Coli;68440;68118;Habsheim;;;7.423564;47.735145
68118_0360_00002_a;2;a;Rue des Faisans;68440;68118;Habsheim;;;7.413179;47.727285
68118_0460_00002_a;2;a;Rue de Hombourg;68440;68118;Habsheim;;;7.421303;47.728574
68118_1065_00009;9;;Rue Victor Hugo;68440;68118;Habsheim;;;7.421481;47.722939
68118_0770_00002;2;;Rue Paul Verlaine;68440;68118;Habsheim;;;7.422692;47.723065
68118_1180_00035;35;;Rue de Zurich;68440;68118;Habsheim;;;7.426759;47.726306
68118_0255_00012;12;;Impasse des Closeries;68440;68118;Habsheim;;;7.423998;47.726934
68118_0380_00048_b;48;b;Rue du Général de Gaulle;68440;68118;Habsheim;;;7.416137;47.732905
68118_1060_00025;25;;Rue de la Victoire;68440;68118;Habsheim;;;7.418687;47.728513
68118_0235_00015;15;;Rue du Château;68440;68118;Habsheim;;;7.415441;47.737865
68118_0560_00008;8;;Rue du Maréchal de Lattre de Tassigny;68440;68118;Habsheim;;;7.417578;47.729942
68118_0820_00002;2;;Rue du Petit Vignoble;68440;68118;Habsheim;;;7.415854;47.73088
68118_0608_00004;4;;Rue des Mésanges;68440;68118;Habsheim;;;7.419847;47.719381
68118_0280_00010_a;10;a;Rue de la Délivrance;68440;68118;Habsheim;;;7.418349;47.735823
68118_0580_00021;21;;Rue du Maréchal Foch;68440;68118;Habsheim;;;7.41871;47.728724
68118_0400_00005;5;;Rue Georges Wodli;68440;68118;Habsheim;;;7.418685;47.734675
68118_0040_00001;1;;Rue des Alouettes;68440;68118;Habsheim;;;7.422205;47.72392
68118_0523_00013;13;;Rue de Landser;68440;68118;Habsheim;;;7.416391;47.720802
68118_0640_00003;3;;Rue de la Montagne;68440;68118;Habsheim;;;7.415679;47.735736
68118_0260_00022;22;;Rue du Colonel Fabien;68440;68118;Habsheim;;;7.411541;47.72954
68118_0235_00016;16;;Rue du Château;68440;68118;Habsheim;;;7.416257;47.738782
68118_0528_00004;4;;Rue Louis Blériot;68440;68118;Habsheim;;;7.420438;47.738103
68118_0640_00009;9;;Rue de la Montagne;68440;68118;Habsheim;;;7.415099;47.734839
68118_0140_00003_d;3;d;Rue des Bleuets;68440;68118;Habsheim;;;7.420707;47.729373
68118_0760_00004;4;;Rue de la Patrie;68440;68118;Habsheim;;;7.417755;47.730735
68118_0528_00035;35;;Rue Louis Blériot;68440;68118;Habsheim;;;7.422644;47.736124
68118_0180_00010;10;;Rue du Cerf;68440;68118;Habsheim;;;7.424374;47.723654
68118_0600_00010;10;;Rue des Merles;68440;68118;Habsheim;;;7.420454;47.726344
68118_0220_00028;28;;Rue de la Chapelle;68440;68118;Habsheim;;;7.423411;47.724513
68118_0727_00035;35;;Rue Nungesser et Coli;68440;68118;Habsheim;;;7.423622;47.734943
68118_0840_00026_a;26;a;Rue des Prés;68440;68118;Habsheim;;;7.413796;47.724387
68118_0140_00003_c;3;c;Rue des Bleuets;68440;68118;Habsheim;;;7.420929;47.729352
68118_0280_00032_a;32;a;Rue de la Délivrance;68440;68118;Habsheim;;;7.418615;47.733468
68118_0820_00026;26;;Rue du Petit Vignoble;68440;68118;Habsheim;;;7.412287;47.730406
68118_1050_00012;12;;Rue de Uffheim;68440;68118;Habsheim;;;7.416568;47.719968
68118_0560_00013;13;;Rue du Maréchal de Lattre de Tassigny;68440;68118;Habsheim;;;7.418545;47.730059
68118_0922_00014;14;;Rue du Rhin;68440;68118;Habsheim;;;7.424613;47.728861
68118_0770_00019;19;;Rue Paul Verlaine;68440;68118;Habsheim;;;7.423761;47.72382
68118_0199_00011;11;;Rue Jacqueline Auriol;68440;68118;Habsheim;;;7.419681;47.738904
68118_0600_00023;23;;Rue des Merles;68440;68118;Habsheim;;;7.420642;47.724809
68118_0280_00065_a;65;a;Rue de la Délivrance;68440;68118;Habsheim;;;7.419271;47.730494
68118_0280_00029_b;29;b;Rue de la Délivrance;68440;68118;Habsheim;;;7.41967;47.733245
68118_pmro7l_00001;1;;rue Tomi Ungerer;68440;68118;Habsheim;;;7.424577;47.721225
68118_0500_00006;6;;Rue de la Justice;68440;68118;Habsheim;;;7.418224;47.727932
68118_0820_00006;6;;Rue du Petit Vignoble;68440;68118;Habsheim;;;7.415217;47.730806
68118_0140_00057;57;;Rue des Bleuets;68440;68118;Habsheim;;;7.420716;47.734214
68118_0040_00007;7;;Rue des Alouettes;68440;68118;Habsheim;;;7.42237;47.722974
68118_0560_00004;4;;Rue du Maréchal de Lattre de Tassigny;68440;68118;Habsheim;;;7.417042;47.729878
68118_0770_00008;8;;Rue Paul Verlaine;68440;68118;Habsheim;;;7.422989;47.723068
68118_1180_00007;7;;Rue de Zurich;68440;68118;Habsheim;;;7.426064;47.725979
68118_0380_00012_b;12;b;Rue du Général de Gaulle;68440;68118;Habsheim;;;7.418716;47.73564
68118_0523_00009;9;;Rue de Landser;68440;68118;Habsheim;;;7.416502;47.721854
68118_pmro7l_00003;3;;rue Tomi Ungerer;68440;68118;Habsheim;;;7.424298;47.721189
68118_1180_00027;27;;Rue de Zurich;68440;68118;Habsheim;;;7.426162;47.726198
68118_0820_00028;28;;Rue du Petit Vignoble;68440;68118;Habsheim;;;7.41227;47.730153
68118_0471_00014;14;;Rue de l’Industrie;68440;68118;Habsheim;;;7.419891;47.741302
68118_0280_00031;31;;Rue de la Délivrance;68440;68118;Habsheim;;;7.418789;47.733087
68118_0840_00025;25;;Rue des Prés;68440;68118;Habsheim;;;7.415185;47.724389
68118_0840_00018;18;;Rue des Prés;68440;68118;Habsheim;;;7.414559;47.725233
68118_0990_00035;35;;Rue Saint-Martin;68440;68118;Habsheim;;;7.424875;47.72761
68118_0990_00002;2;;Rue Saint-Martin;68440;68118;Habsheim;;;7.425048;47.725543
68118_0480_00009;9;;Ruelle des Jardiniers;68440;68118;Habsheim;;;7.416466;47.727289
68118_0735_00012;12;;Rue d’Ottmarsheim;68440;68118;Habsheim;;;7.424566;47.729012
68118_0120_00008;8;;Chemin de l’Aviation;68440;68118;Habsheim;;;7.420531;47.73851
68118_0280_00052;52;;Rue de la Délivrance;68440;68118;Habsheim;;;7.418535;47.731646
68118_0340_00006;6;;Rue d’Eschentzwiller;68440;68118;Habsheim;;;7.415556;47.722639
68118_0280_00085;85;;Rue de la Délivrance;68440;68118;Habsheim;;;7.419383;47.729174
68118_0440_00008_a;8;a;Rue de la Hardt;68440;68118;Habsheim;;;7.419676;47.722636
68118_0730_00001;1;;Impasse des Oeillets;68440;68118;Habsheim;;;7.420404;47.731308
68118_1050_00013;13;;Rue de Uffheim;68440;68118;Habsheim;;;7.417463;47.72024
68118_0360_00026;26;;Rue des Faisans;68440;68118;Habsheim;;;7.412794;47.725012
68118_znr8vi_00015;15;;Rue de Zimmersheim;68440;68118;Habsheim;;;7.413039;47.713345
68118_0600_00009;9;;Rue des Merles;68440;68118;Habsheim;;;7.420911;47.726142
68118_0140_00003_b;3;b;Rue des Bleuets;68440;68118;Habsheim;;;7.421102;47.729336
68118_0620_00003;3;;Rue du Miroir;68440;68118;Habsheim;;;7.416479;47.727598
68118_0951_00005;5;;Impasse du Rossignol;68440;68118;Habsheim;;;7.418975;47.720465
68118_0520_00031;31;;Rue de Kembs;68440;68118;Habsheim;;;7.424095;47.725518
68118_0528_00023;23;;Rue Louis Blériot;68440;68118;Habsheim;;;7.421996;47.736735
68118_0280_00123;123;;Rue de la Délivrance;68440;68118;Habsheim;;;7.419533;47.726029
68118_0600_00016;16;;Rue des Merles;68440;68118;Habsheim;;;7.420432;47.725678
68118_0840_00003;3;;Rue des Prés;68440;68118;Habsheim;;;7.416428;47.726372
68118_0640_00019;19;;Rue de la Montagne;68440;68118;Habsheim;;;7.414769;47.733812
68118_0040_00016;16;;Rue des Alouettes;68440;68118;Habsheim;;;7.421683;47.722332
68118_0900_00033;33;;Rue de la Rampe;68440;68118;Habsheim;;;7.421582;47.735172
68118_0260_00037;37;;Rue du Colonel Fabien;68440;68118;Habsheim;;;7.409555;47.728587
68118_0922_00005;5;;Rue du Rhin;68440;68118;Habsheim;;;7.425144;47.729061
68118_0140_00053_c;53;c;Rue des Bleuets;68440;68118;Habsheim;;;7.420288;47.733713
68118_0199_00003;3;;Rue Jacqueline Auriol;68440;68118;Habsheim;;;7.419998;47.738743
68118_0140_00018;18;;Rue des Bleuets;68440;68118;Habsheim;;;7.421902;47.730813
68118_0130_00020_a;20;a;Rue des Bergers;68440;68118;Habsheim;;;7.423355;47.731167
68118_0260_00004;4;;Rue du Colonel Fabien;68440;68118;Habsheim;;;7.415251;47.729795
68118_0990_00031;31;;Rue Saint-Martin;68440;68118;Habsheim;;;7.424937;47.727201
68118_0280_00088;88;;Rue de la Délivrance;68440;68118;Habsheim;;;7.419265;47.72839
68118_0523_00003;3;;Rue de Landser;68440;68118;Habsheim;;;7.416527;47.722107
68118_0528_00030;30;;Rue Louis Blériot;68440;68118;Habsheim;;;7.421971;47.736365
68118_0725_00001;1;;Rue des Noyers;68440;68118;Habsheim;;;7.417083;47.738097
68118_0500_00013;13;;Rue de la Justice;68440;68118;Habsheim;;;7.41812;47.728224
68118_0620_00007;7;;Rue du Miroir;68440;68118;Habsheim;;;7.416096;47.727768
68118_0820_00017;17;;Rue du Petit Vignoble;68440;68118;Habsheim;;;7.412792;47.729993
68118_0400_00006;6;;Rue Georges Wodli;68440;68118;Habsheim;;;7.418807;47.734575
68118_0380_00116;116;;Rue du Général de Gaulle;68440;68118;Habsheim;;;7.417226;47.72705
68118_0280_00138;138;;Rue de la Délivrance;68440;68118;Habsheim;;;7.419025;47.724643
68118_0528_00028_c;28;c;Rue Louis Blériot;68440;68118;Habsheim;;;7.421524;47.736504
68118_0523_00009_a;9;a;Rue de Landser;68440;68118;Habsheim;;;7.416824;47.72193
68118_0260_00008;8;;Rue du Colonel Fabien;68440;68118;Habsheim;;;7.414704;47.729637
68118_0500_00008;8;;Rue de la Justice;68440;68118;Habsheim;;;7.418223;47.728068
68118_0600_00036;36;;Rue des Merles;68440;68118;Habsheim;;;7.420205;47.723777
68118_0380_00188;188;;Rue du Général de Gaulle;68440;68118;Habsheim;;;7.418456;47.718465
68118_pmro7l_00016;16;;rue Tomi Ungerer;68440;68118;Habsheim;;;7.423331;47.721401
68118_0951_00008;8;;Impasse du Rossignol;68440;68118;Habsheim;;;7.420626;47.719899
68118_0160_00002;2;;Rue de la Carrière;68440;68118;Habsheim;;;7.422165;47.72777
68118_0140_00010;10;;Rue des Bleuets;68440;68118;Habsheim;;;7.421886;47.729885
68118_0680_00006_a;6;a;Rue des Narcisses;68440;68118;Habsheim;;;7.420337;47.730958
68118_0380_00199;199;;Rue du Général de Gaulle;68440;68118;Habsheim;;;7.420159;47.714601
68118_1080_00009;9;;Rue des Vignerons;68440;68118;Habsheim;;;7.412722;47.728315
68118_0260_00009;9;;Rue du Colonel Fabien;68440;68118;Habsheim;;;7.414024;47.729524
68118_0900_00025;25;;Rue de la Rampe;68440;68118;Habsheim;;;7.420718;47.735771
68118_0300_00014;14;;Rue de Dietwiller;68440;68118;Habsheim;;;7.416276;47.721311
68118_0380_00050_a;50;a;Rue du Général de Gaulle;68440;68118;Habsheim;;;7.415952;47.732762
68118_0235_00007;7;;Rue du Château;68440;68118;Habsheim;;;7.415997;47.73751
68118_0520_00007;7;;Rue de Kembs;68440;68118;Habsheim;;;7.421666;47.727736
68118_0220_00020;20;;Rue de la Chapelle;68440;68118;Habsheim;;;7.422562;47.723736
68118_0600_00019;19;;Rue des Merles;68440;68118;Habsheim;;;7.420693;47.725006
68118_0280_00023;23;;Rue de la Délivrance;68440;68118;Habsheim;;;7.419056;47.733801
68118_1060_00010;10;;Rue de la Victoire;68440;68118;Habsheim;;;7.41889;47.727259
68118_0140_00059_a;59;a;Rue des Bleuets;68440;68118;Habsheim;;;7.420271;47.73436
68118_1080_00020;20;;Rue des Vignerons;68440;68118;Habsheim;;;7.413351;47.729289
68118_0580_00033;33;;Rue du Maréchal Foch;68440;68118;Habsheim;;;7.420405;47.728538
68118_0380_00056_b;56;b;Rue du Général de Gaulle;68440;68118;Habsheim;;;7.415804;47.732191
68118_0440_00009;9;;Rue de la Hardt;68440;68118;Habsheim;;;7.420738;47.72241
68118_0580_00012;12;;Rue du Maréchal Foch;68440;68118;Habsheim;;;7.418045;47.728594
68118_0360_00031;31;;Rue des Faisans;68440;68118;Habsheim;;;7.413201;47.724063
68118_0990_00039;39;;Rue Saint-Martin;68440;68118;Habsheim;;;7.424502;47.727618
68118_pmro7l_00007;7;;rue Tomi Ungerer;68440;68118;Habsheim;;;7.423803;47.721152
68118_0020_00002_a;2;a;Rue des Alliés;68440;68118;Habsheim;;;7.41854;47.729372
68118_0600_00028;28;;Rue des Merles;68440;68118;Habsheim;;;7.420297;47.724639
68118_0380_00076;76;;Rue du Général de Gaulle;68440;68118;Habsheim;;;7.41639;47.730057
68118_0380_00063_a;63;a;Rue du Général de Gaulle;68440;68118;Habsheim;;;7.417829;47.731202
68118_0260_00020;20;;Rue du Colonel Fabien;68440;68118;Habsheim;;;7.411824;47.729677
68118_0380_00029;29;;Rue du Général de Gaulle;68440;68118;Habsheim;;;7.417214;47.734316
68118_0760_00012;12;;Rue de la Patrie;68440;68118;Habsheim;;;7.418528;47.730205
68118_0250_00003;3;;Rue du Cimetière;68440;68118;Habsheim;;;7.418194;47.724644
68118_0800_00001;1;;Rue de Petit-Landau;68440;68118;Habsheim;;;7.422202;47.72841
68118_0560_00012;12;;Rue du Maréchal de Lattre de Tassigny;68440;68118;Habsheim;;;7.41843;47.729981
68118_0600_00034;34;;Rue des Merles;68440;68118;Habsheim;;;7.420252;47.723978
68118_0380_00012;12;;Rue du Général de Gaulle;68440;68118;Habsheim;;;7.417257;47.736599
68118_0280_00082;82;;Rue de la Délivrance;68440;68118;Habsheim;;;7.419213;47.729194
68118_0200_00003_a;3;a;Rue du Champ des Dimes;68440;68118;Habsheim;;;7.414669;47.728618
68118_0440_00015;15;;Rue de la Hardt;68440;68118;Habsheim;;;7.421055;47.722189
68118_0922_00011;11;;Rue du Rhin;68440;68118;Habsheim;;;7.425068;47.72923
68118_0528_00001;1;;Rue Louis Blériot;68440;68118;Habsheim;;;7.42078;47.738219
68118_0584_00001_a;1;a;Impasse Marie Freund;68440;68118;Habsheim;;;7.419256;47.723082
68118_0250_00011;11;;Rue du Cimetière;68440;68118;Habsheim;;;7.41841;47.724121
68118_0600_00012_a;12;a;Rue des Merles;68440;68118;Habsheim;;;7.420509;47.726098
68118_0640_00060;60;;Rue de la Montagne;68440;68118;Habsheim;;;7.413347;47.731065
68118_0340_00002;2;;Rue d’Eschentzwiller;68440;68118;Habsheim;;;7.41698;47.722787
68118_0660_00001;1;;Rue des Muguets;68440;68118;Habsheim;;;7.418943;47.731768
68118_0380_00123_a;123;a;Rue du Général de Gaulle;68440;68118;Habsheim;;;7.418023;47.725702
68118_0380_00181;181;;Rue du Général de Gaulle;68440;68118;Habsheim;;;7.420009;47.716482
68118_0380_00042;42;;Rue du Général de Gaulle;68440;68118;Habsheim;;;7.416802;47.733231
68118_0280_00007_c;7;c;Rue de la Délivrance;68440;68118;Habsheim;;;7.419398;47.735546
68118_1160_00008;8;;Rue du Vorbourg;68440;68118;Habsheim;;;7.414006;47.731841
68118_0380_00144;144;;Rue du Général de Gaulle;68440;68118;Habsheim;;;7.417877;47.72224
68118_0320_00006;6;;Impasse de l’École;68440;68118;Habsheim;;;7.415858;47.728945
68118_0140_00030;30;;Rue des Bleuets;68440;68118;Habsheim;;;7.421889;47.732436
68118_0440_00021;21;;Rue de la Hardt;68440;68118;Habsheim;;;7.420645;47.721549
68118_1080_00005;5;;Rue des Vignerons;68440;68118;Habsheim;;;7.413304;47.728083
68118_0280_00108;108;;Rue de la Délivrance;68440;68118;Habsheim;;;7.41935;47.727393
68118_0380_00172;172;;Rue du Général de Gaulle;68440;68118;Habsheim;;;7.417861;47.719555
68118_0070_00010;10;;Rue André Jeannin;68440;68118;Habsheim;;;7.422242;47.735609
68118_0600_00014_b;14;b;Rue des Merles;68440;68118;Habsheim;;;7.420131;47.725959
68118_0380_00013;13;;Rue du Général de Gaulle;68440;68118;Habsheim;;;7.417395;47.735958
68118_0280_00077;77;;Rue de la Délivrance;68440;68118;Habsheim;;;7.419108;47.729758
68118_0952_00012;12;;Rue du Rossignol;68440;68118;Habsheim;;;7.420518;47.720283
68118_0580_00001;1;;Rue du Maréchal Foch;68440;68118;Habsheim;;;7.417072;47.728867
68118_0460_00004;4;;Rue de Hombourg;68440;68118;Habsheim;;;7.422843;47.729169
68118_0720_00031;31;;Rue de Niffer;68440;68118;Habsheim;;;7.423653;47.725235
68118_0120_00002;2;;Chemin de l’Aviation;68440;68118;Habsheim;;;7.419075;47.738374
68118_0660_00014;14;;Rue des Muguets;68440;68118;Habsheim;;;7.420998;47.731511
68118_0600_00037;37;;Rue des Merles;68440;68118;Habsheim;;;7.420576;47.723956
68118_0180_00032;32;;Rue du Cerf;68440;68118;Habsheim;;;7.424315;47.720579
68118_0640_00028_a;28;a;Rue de la Montagne;68440;68118;Habsheim;;;7.414027;47.734058
68118_0520_00001;1;;Rue de Kembs;68440;68118;Habsheim;;;7.420977;47.72825
68118_0280_00034;34;;Rue de la Délivrance;68440;68118;Habsheim;;;7.418523;47.733377
68118_0440_00036;36;;Rue de la Hardt;68440;68118;Habsheim;;;7.420523;47.720829
68118_0160_00011;11;;Rue de la Carrière;68440;68118;Habsheim;;;7.423983;47.727425
68118_0380_00024;24;;Rue du Général de Gaulle;68440;68118;Habsheim;;;7.41697;47.73493
68118_0530_00014;14;;Rue Louis Pasteur;68440;68118;Habsheim;;;7.424475;47.722071
68118_0082_00004;4;;Rue de l’Artisanat;68440;68118;Habsheim;;;7.417784;47.739717
68118_0260_00026;26;;Rue du Colonel Fabien;68440;68118;Habsheim;;;7.41123;47.729699
68118_0280_00057;57;;Rue de la Délivrance;68440;68118;Habsheim;;;7.418863;47.730979
68118_0760_00008;8;;Rue de la Patrie;68440;68118;Habsheim;;;7.418264;47.730491
68118_0523_00002_a;2;a;Rue de Landser;68440;68118;Habsheim;;;7.415736;47.722268
68118_0720_00023;23;;Rue de Niffer;68440;68118;Habsheim;;;7.422881;47.725295
68118_0380_00124;124;;Rue du Général de Gaulle;68440;68118;Habsheim;;;7.417629;47.724714
68118_0440_00012;12;;Rue de la Hardt;68440;68118;Habsheim;;;7.419802;47.722134
68118_1080_00014;14;;Rue des Vignerons;68440;68118;Habsheim;;;7.413293;47.728834
68118_0440_00017;17;;Rue de la Hardt;68440;68118;Habsheim;;;7.420551;47.72196
68118_0540_00001_a;1;a;Ruelle de la Mairie;68440;68118;Habsheim;;;7.416098;47.728269
68118_0560_00003;3;;Rue du Maréchal de Lattre de Tassigny;68440;68118;Habsheim;;;7.417564;47.730037
68118_0371_00005;5;;Passage des Frères Hertzog;68440;68118;Habsheim;;;7.415462;47.728473
68118_0280_00007;7;;Rue de la Délivrance;68440;68118;Habsheim;;;7.419098;47.735777
68118_0735_00001_a;1;a;Rue d’Ottmarsheim;68440;68118;Habsheim;;;7.423477;47.728451
68118_0600_00007;7;;Rue des Merles;68440;68118;Habsheim;;;7.42091;47.726312
68118_0420_00023;23;;Rue des Grillons;68440;68118;Habsheim;;;7.422245;47.72435
68118_0640_00021_b;21;b;Rue de la Montagne;68440;68118;Habsheim;;;7.414997;47.733257
68118_0280_00144;144;;Rue de la Délivrance;68440;68118;Habsheim;;;7.419125;47.724181
68118_0380_00075;75;;Rue du Général de Gaulle;68440;68118;Habsheim;;;7.416694;47.730119
68118_0380_00004_c;4;c;Rue du Général de Gaulle;68440;68118;Habsheim;;;7.417118;47.737586
68118_0720_00008;8;;Rue de Niffer;68440;68118;Habsheim;;;7.421181;47.72515
68118_0140_00002;2;;Rue des Bleuets;68440;68118;Habsheim;;;7.421814;47.729193
68118_0180_00027;27;;Rue du Cerf;68440;68118;Habsheim;;;7.424866;47.72246
68118_0060_00006_b;6;b;Rue de l’Alsbourg;68440;68118;Habsheim;;;7.415744;47.73699
68118_0280_00067;67;;Rue de la Délivrance;68440;68118;Habsheim;;;7.418968;47.730332
68118_1180_00033;33;;Rue de Zurich;68440;68118;Habsheim;;;7.426085;47.726363
68118_0380_00008;8;;Rue du Général de Gaulle;68440;68118;Habsheim;;;7.417263;47.737187
68118_0951_00009;9;;Impasse du Rossignol;68440;68118;Habsheim;;;7.418973;47.720095
68118_0380_00064_a;64;a;Rue du Général de Gaulle;68440;68118;Habsheim;;;7.416478;47.731186
68118_0380_00062;62;;Rue du Général de Gaulle;68440;68118;Habsheim;;;7.416703;47.731465
68118_1050_00021;21;;Rue de Uffheim;68440;68118;Habsheim;;;7.417139;47.719692
68118_0180_00025;25;;Rue du Cerf;68440;68118;Habsheim;;;7.424899;47.722542
68118_0380_00057;57;;Rue du Général de Gaulle;68440;68118;Habsheim;;;7.417087;47.731693
68118_0380_00019;19;;Rue du Général de Gaulle;68440;68118;Habsheim;;;7.417394;47.735376
68118_0380_00077;77;;Rue du Général de Gaulle;68440;68118;Habsheim;;;7.41675;47.729874
68118_0235_00014;14;;Rue du Château;68440;68118;Habsheim;;;7.415774;47.738574
68118_pmro7l_00011;11;;rue Tomi Ungerer;68440;68118;Habsheim;;;7.422855;47.721137
68118_0180_00002_a;2;a;Rue du Cerf;68440;68118;Habsheim;;;7.424151;47.724706
68118_0990_00021;21;;Rue Saint-Martin;68440;68118;Habsheim;;;7.4247;47.726584
68118_0360_00017;17;;Rue des Faisans;68440;68118;Habsheim;;;7.413541;47.725631
68118_0380_00023;23;;Rue du Général de Gaulle;68440;68118;Habsheim;;;7.417262;47.734925
68118_0380_00202;202;;Rue du Général de Gaulle;68440;68118;Habsheim;;;7.418646;47.717286
68118_0580_00029;29;;Rue du Maréchal Foch;68440;68118;Habsheim;;;7.419854;47.72863
68118_0380_00190_a;190;a;Rue du Général de Gaulle;68440;68118;Habsheim;;;7.418272;47.71812
68118_0380_00160;160;;Rue du Général de Gaulle;68440;68118;Habsheim;;;7.418207;47.720909
68118_0280_00113;113;;Rue de la Délivrance;68440;68118;Habsheim;;;7.419552;47.726834
68118_0280_00098;98;;Rue de la Délivrance;68440;68118;Habsheim;;;7.419322;47.727959
68118_0120_00003;3;;Chemin de l’Aviation;68440;68118;Habsheim;;;7.418554;47.738492
68118_0580_00024;24;;Rue du Maréchal Foch;68440;68118;Habsheim;;;7.420543;47.728307
68118_0530_00001;1;;Rue Louis Pasteur;68440;68118;Habsheim;;;7.422703;47.722421
68118_0720_00004;4;;Rue de Niffer;68440;68118;Habsheim;;;7.420161;47.72518
68118_0922_00044;44;;Rue du Rhin;68440;68118;Habsheim;;;7.425182;47.72851
68118_0528_00025;25;;Rue Louis Blériot;68440;68118;Habsheim;;;7.422602;47.736843
68118_0760_00013;13;;Rue de la Patrie;68440;68118;Habsheim;;;7.418759;47.730317
68118_0340_00007;7;;Rue d’Eschentzwiller;68440;68118;Habsheim;;;7.417119;47.722464
68118_0885_00003;3;;Rue des Raisins;68440;68118;Habsheim;;;7.41261;47.728078
68118_0990_00033;33;;Rue Saint-Martin;68440;68118;Habsheim;;;7.424987;47.727326
68118_0523_00007;7;;Rue de Landser;68440;68118;Habsheim;;;7.416146;47.721803
68118_0380_00004_f;4;f;Rue du Général de Gaulle;68440;68118;Habsheim;;;7.416661;47.737634
68118_0235_00013;13;;Rue du Château;68440;68118;Habsheim;;;7.415431;47.737716
68118_0770_00011;11;;Rue Paul Verlaine;68440;68118;Habsheim;;;7.423149;47.723388
68118_0790_00010;10;;Rue des Perdrix;68440;68118;Habsheim;;;7.411174;47.728148
68118_0380_00136_a;136;a;Rue du Général de Gaulle;68440;68118;Habsheim;;;7.417566;47.723056
68118_0920_00009;9;;Rue du Réservoir;68440;68118;Habsheim;;;7.414899;47.737823
68118_0180_00002;2;;Rue du Cerf;68440;68118;Habsheim;;;7.424301;47.724384
68118_0141_00013;13;;Impasse des Bleuets;68440;68118;Habsheim;;;7.422227;47.732708
68118_0620_00005;5;;Rue du Miroir;68440;68118;Habsheim;;;7.416247;47.727707
68118_0200_00002;2;;Rue du Champ des Dimes;68440;68118;Habsheim;;;7.414185;47.729345
68118_0990_00025;25;;Rue Saint-Martin;68440;68118;Habsheim;;;7.424851;47.726844
68118_0735_00016;16;;Rue d’Ottmarsheim;68440;68118;Habsheim;;;7.424217;47.729173
68118_0460_00018;18;;Rue de Hombourg;68440;68118;Habsheim;;;7.424601;47.729616
68118_0608_00002;2;;Rue des Mésanges;68440;68118;Habsheim;;;7.419445;47.719341
68118_0660_00006;6;;Rue des Muguets;68440;68118;Habsheim;;;7.419654;47.731531
68118_1140_00004;4;;Rue du Vignoble;68440;68118;Habsheim;;;7.416845;47.726882
68118_0990_00037;37;;Rue Saint-Martin;68440;68118;Habsheim;;;7.424687;47.727615
68118_0620_00008;8;;Rue du Miroir;68440;68118;Habsheim;;;7.415025;47.727892
68118_0490_00008;8;;Rue Jean-Georges Stoffel;68440;68118;Habsheim;;;7.421611;47.72163
68118_0070_00016;16;;Rue André Jeannin;68440;68118;Habsheim;;;7.423252;47.735728
68118_0260_00002;2;;Rue du Colonel Fabien;68440;68118;Habsheim;;;7.415233;47.729481
68118_0640_00040;40;;Rue de la Montagne;68440;68118;Habsheim;;;7.413973;47.732985
68118_0922_00012;12;;Rue du Rhin;68440;68118;Habsheim;;;7.424507;47.728856
68118_0280_00118_a;118;a;Rue de la Délivrance;68440;68118;Habsheim;;;7.418945;47.726403
68118_0280_00078_a;78;a;Rue de la Délivrance;68440;68118;Habsheim;;;7.418993;47.729519
68118_0640_00023_b;23;b;Rue de la Montagne;68440;68118;Habsheim;;;7.414766;47.733338
68118_0480_00001;1;;Ruelle des Jardiniers;68440;68118;Habsheim;;;7.415924;47.727642
68118_0280_00009_a;9;a;Rue de la Délivrance;68440;68118;Habsheim;;;7.419569;47.73537
68118_0140_00017_b;17;b;Rue des Bleuets;68440;68118;Habsheim;;;7.42054;47.730574
68118_0780_00008;8;;Rue des Peintres;68440;68118;Habsheim;;;7.418152;47.73253
68118_0340_00005;5;;Rue d’Eschentzwiller;68440;68118;Habsheim;;;7.417287;47.722599
68118_1140_00003;3;;Rue du Vignoble;68440;68118;Habsheim;;;7.416958;47.726639
68118_0380_00173_b;173;b;Rue du Général de Gaulle;68440;68118;Habsheim;;;7.420708;47.717674
68118_0140_00027_b;27;b;Rue des Bleuets;68440;68118;Habsheim;;;7.421481;47.731799
68118_0528_00028_e;28;e;Rue Louis Blériot;68440;68118;Habsheim;;;7.421341;47.73648
68118_0640_00048;48;;Rue de la Montagne;68440;68118;Habsheim;;;7.413724;47.732312
68118_0010_00007;7;;Rue Albert Schweitzer;68440;68118;Habsheim;;;7.414574;47.73278
68118_0480_00007;7;;Ruelle des Jardiniers;68440;68118;Habsheim;;;7.416167;47.727263
68118_0952_00015;15;;Rue du Rossignol;68440;68118;Habsheim;;;7.420062;47.720539
68118_0380_00009_b;9;b;Rue du Général de Gaulle;68440;68118;Habsheim;;;7.417816;47.736284
68118_y3gm45_00002;2;;rue Louis Clément Faller;68440;68118;Habsheim;;;7.423219;47.721011
68118_0770_00022;22;;Rue Paul Verlaine;68440;68118;Habsheim;;;7.423705;47.723133
68118_0235_00008;8;;Rue du Château;68440;68118;Habsheim;;;7.415879;47.738027
68118_1060_00011;11;;Rue de la Victoire;68440;68118;Habsheim;;;7.418315;47.727642
68118_0380_00014;14;;Rue du Général de Gaulle;68440;68118;Habsheim;;;7.417129;47.735963
68118_0380_00186_a;186;a;Rue du Général de Gaulle;68440;68118;Habsheim;;;7.417426;47.718506
68118_0600_00029;29;;Rue des Merles;68440;68118;Habsheim;;;7.420634;47.724416
