id;numero;rep;nom_voie;code_postal;code_insee;nom_commune;nom_ancienne_commune;nom_ld;lon;lat
68298_0685_00021;21;;Chemin de Saint-Pierre sur l’Hâte;68160;68298;Sainte-Marie-aux-Mines;;;7.177475;48.224422
68298_0356_00010;10;;Rue Jacob Amann;68160;68298;Sainte-Marie-aux-Mines;;Echery;7.16159;48.233153
68298_0670_00059;59;;Rue Saint-Louis;68160;68298;Sainte-Marie-aux-Mines;;;7.182098;48.243252
68298_0429_00003;3;;Clos Liversel;68160;68298;Sainte-Marie-aux-Mines;;;7.17166;48.242597
68298_0695_00000;0;;Route du Stade;68160;68298;Sainte-Marie-aux-Mines;;;7.164875;48.235729
68298_0370_00048;48;;Rue Jean-Jacques Bock;68160;68298;Sainte-Marie-aux-Mines;;;7.173954;48.248997
68298_0370_00030;30;;Rue Jean-Jacques Bock;68160;68298;Sainte-Marie-aux-Mines;;;7.173708;48.247534
68298_d5eq4a_00000;0;;Bellevue;68160;68298;Sainte-Marie-aux-Mines;;;7.17969;48.247955
68298_0780_00006;6;;Rue Wilson;68160;68298;Sainte-Marie-aux-Mines;;;7.190774;48.25117
68298_0730_00023_a;23;a;Rue du Temple;68160;68298;Sainte-Marie-aux-Mines;;;7.185121;48.245794
68298_akwwpl_00003;3;;Sur les Prés;68160;68298;Sainte-Marie-aux-Mines;;;7.199087;48.253755
68298_0140_00018;18;;Rue du Docteur Weisgerber;68160;68298;Sainte-Marie-aux-Mines;;;7.183769;48.245912
68298_0741_00033;33;;Rue d'Untergrombach;68160;68298;Sainte-Marie-aux-Mines;;;7.163303;48.231926
68298_b025_00002_a;2;a;La Côte d'Echery;68160;68298;Sainte-Marie-aux-Mines;;;7.151887;48.234268
68298_b076_00015;15;;La Petite Lièpvre;68160;68298;Sainte-Marie-aux-Mines;;;7.143899;48.220065
68298_0750_00019;19;;Rue de la Vieille Poste;68160;68298;Sainte-Marie-aux-Mines;;;7.182318;48.244889
68298_qraux3_00001;1;;Rue Sur l'Ile;68160;68298;Sainte-Marie-aux-Mines;;;7.176666;48.238734
68298_an2ds1_00004;4;;Rue des Boutons d’Or;68160;68298;Sainte-Marie-aux-Mines;;;7.173632;48.237064
68298_b025_00005;5;;La Côte d'Echery;68160;68298;Sainte-Marie-aux-Mines;;;7.145031;48.23315
68298_b025_00009_d;9;d;La Côte d'Echery;68160;68298;Sainte-Marie-aux-Mines;;;7.137874;48.224494
68298_b094_00026;26;;Saint Blaise;68160;68298;Sainte-Marie-aux-Mines;;;7.217037;48.256926
68298_84e575_00064;64;;Echery;68160;68298;Sainte-Marie-aux-Mines;;;7.15861;48.228244
68298_0623_00026;26;;Rue Les Mélèzes;68160;68298;Sainte-Marie-aux-Mines;;;7.200298;48.251816
68298_b094_00020_b;20;b;Saint Blaise;68160;68298;Sainte-Marie-aux-Mines;;;7.220213;48.257903
68298_0413_00001_a;1;a;Rue de la Forge;68160;68298;Sainte-Marie-aux-Mines;;;7.199844;48.253939
68298_0623_00024_a;24;a;Rue Les Mélèzes;68160;68298;Sainte-Marie-aux-Mines;;;7.200011;48.251748
68298_0685_00018;18;;Chemin de Saint-Pierre sur l’Hâte;68160;68298;Sainte-Marie-aux-Mines;;;7.171067;48.227502
68298_0330_00007;7;;Haute Rue;68160;68298;Sainte-Marie-aux-Mines;;;7.179358;48.245292
68298_0025_00008;8;;Rue de l'Ancienne Cité Blech;68160;68298;Sainte-Marie-aux-Mines;;;7.193377;48.251902
68298_0623_00038;38;;Rue Les Mélèzes;68160;68298;Sainte-Marie-aux-Mines;;;7.201127;48.252266
68298_0110_00239_b;239;b;Rue Clemenceau;68160;68298;Sainte-Marie-aux-Mines;;;7.170854;48.242975
68298_0280_00033;33;;Rue du Général Bourgeois;68160;68298;Sainte-Marie-aux-Mines;;;7.179222;48.241088
68298_0685_00015;15;;Chemin de Saint-Pierre sur l’Hâte;68160;68298;Sainte-Marie-aux-Mines;;;7.170984;48.226546
68298_b076_00048;48;;La Petite Lièpvre;68160;68298;Sainte-Marie-aux-Mines;;;7.117793;48.200514
68298_b057_01111;1111;;Haut de Faite;68160;68298;Sainte-Marie-aux-Mines;;;7.145007;48.246434
68298_0780_00047;47;;Rue Wilson;68160;68298;Sainte-Marie-aux-Mines;;;7.188082;48.248687
68298_ukissk_00009;9;;Brifosse;68160;68298;Sainte-Marie-aux-Mines;;;7.167106;48.243114
68298_0780_00075;75;;Rue Wilson;68160;68298;Sainte-Marie-aux-Mines;;;7.187139;48.247846
68298_qwpmkr_00005;5;;Chemin de la Croix de Mission;68160;68298;Sainte-Marie-aux-Mines;;;7.184294;48.249494
68298_0470_00017;17;;Rue des Mines;68160;68298;Sainte-Marie-aux-Mines;;;7.180497;48.240028
68298_0623_00003;3;;Rue Les Mélèzes;68160;68298;Sainte-Marie-aux-Mines;;;7.197079;48.252187
68298_0356_00011;11;;Rue Jacob Amann;68160;68298;Sainte-Marie-aux-Mines;;Echery;7.161547;48.233049
68298_0735_00002;2;;Rue de Trzic;68160;68298;Sainte-Marie-aux-Mines;;;7.198778;48.250004
68298_0380_00026;26;;Rue Jean Jaurès;68160;68298;Sainte-Marie-aux-Mines;;;7.191215;48.250673
68298_qraux3_00009;9;;Rue Sur l'Ile;68160;68298;Sainte-Marie-aux-Mines;;;7.176049;48.238537
68298_0081_00010;10;;Rue des Cerisiers;68160;68298;Sainte-Marie-aux-Mines;;;7.193225;48.249461
68298_b096_00001_a;1;a;Saint Philippe;68160;68298;Sainte-Marie-aux-Mines;;Saint-Philippe;7.184013;48.238305
68298_0650_00002;2;;Quartier Rohmer;68160;68298;Sainte-Marie-aux-Mines;;;7.187109;48.248966
68298_0450_00100;100;;Rue du Maréchal de Lattre de Tassigny;68160;68298;Sainte-Marie-aux-Mines;;;7.183937;48.246421
68298_0380_00016;16;;Rue Jean Jaurès;68160;68298;Sainte-Marie-aux-Mines;;;7.190784;48.250284
68298_0280_00038;38;;Rue du Général Bourgeois;68160;68298;Sainte-Marie-aux-Mines;;;7.179927;48.241837
68298_0610_00016;16;;Rue Reber;68160;68298;Sainte-Marie-aux-Mines;;;7.186392;48.247011
68298_gjh79y_00033;33;;Fertrupt;68160;68298;Sainte-Marie-aux-Mines;;;7.199026;48.244555
68298_0780_00060;60;;Rue Wilson;68160;68298;Sainte-Marie-aux-Mines;;;7.186735;48.24764
68298_b076_09003;9003;;La Petite Lièpvre;68160;68298;Sainte-Marie-aux-Mines;;;7.135988;48.21363
68298_0130_00003;3;;Rue du Docteur Mühlenbeck;68160;68298;Sainte-Marie-aux-Mines;;;7.180373;48.245736
68298_0280_00029;29;;Rue du Général Bourgeois;68160;68298;Sainte-Marie-aux-Mines;;;7.179318;48.241172
68298_0110_00231;231;;Rue Clemenceau;68160;68298;Sainte-Marie-aux-Mines;;;7.174845;48.242711
68298_0780_00072_bis;72;bis;Rue Wilson;68160;68298;Sainte-Marie-aux-Mines;;;7.186026;48.247262
68298_gjh79y_00013_b;13;b;Fertrupt;68160;68298;Sainte-Marie-aux-Mines;;;7.199588;48.248098
68298_0695_00022;22;;Route du Stade;68160;68298;Sainte-Marie-aux-Mines;;;7.163543;48.235387
68298_0370_00046;46;;Rue Jean-Jacques Bock;68160;68298;Sainte-Marie-aux-Mines;;;7.173969;48.248912
68298_0670_00047;47;;Rue Saint-Louis;68160;68298;Sainte-Marie-aux-Mines;;;7.181711;48.242567
68298_b025_00013;13;;La Côte d'Echery;68160;68298;Sainte-Marie-aux-Mines;;;7.140611;48.220798
68298_d5eq4a_00008;8;;Bellevue;68160;68298;Sainte-Marie-aux-Mines;;;7.181553;48.247097
68298_b076_00028;28;;La Petite Lièpvre;68160;68298;Sainte-Marie-aux-Mines;;;7.127097;48.205795
68298_0741_00046;46;;Rue d'Untergrombach;68160;68298;Sainte-Marie-aux-Mines;;;7.163493;48.232165
68298_0110_00197;197;;Rue Clemenceau;68160;68298;Sainte-Marie-aux-Mines;;;7.179159;48.24444
68298_0370_00042;42;;Rue Jean-Jacques Bock;68160;68298;Sainte-Marie-aux-Mines;;;7.173997;48.248785
68298_0280_00084_b;84;b;Rue du Général Bourgeois;68160;68298;Sainte-Marie-aux-Mines;;;7.174811;48.238454
68298_0286_00034;34;;Rue du Général Vandenberg;68160;68298;Sainte-Marie-aux-Mines;;;7.18486;48.246392
68298_0560_00029;29;;Rue du Président Poincaré;68160;68298;Sainte-Marie-aux-Mines;;;7.185074;48.248787
68298_0280_00023;23;;Rue du Général Bourgeois;68160;68298;Sainte-Marie-aux-Mines;;;7.179661;48.241461
68298_0780_00099;99;;Rue Wilson;68160;68298;Sainte-Marie-aux-Mines;;;7.186128;48.247231
68298_0140_00016;16;;Rue du Docteur Weisgerber;68160;68298;Sainte-Marie-aux-Mines;;;7.183722;48.245892
68298_0450_00114;114;;Rue du Maréchal de Lattre de Tassigny;68160;68298;Sainte-Marie-aux-Mines;;;7.182476;48.24581
68298_b025_00003;3;;La Côte d'Echery;68160;68298;Sainte-Marie-aux-Mines;;;7.151705;48.234117
68298_0670_00007;7;;Rue Saint-Louis;68160;68298;Sainte-Marie-aux-Mines;;;7.179589;48.240773
68298_an2ds1_00007;7;;Rue des Boutons d’Or;68160;68298;Sainte-Marie-aux-Mines;;;7.17309;48.236645
68298_0623_00035;35;;Rue Les Mélèzes;68160;68298;Sainte-Marie-aux-Mines;;;7.200004;48.252445
68298_0380_00014;14;;Rue Jean Jaurès;68160;68298;Sainte-Marie-aux-Mines;;;7.19072;48.250228
68298_0650_00003;3;;Quartier Rohmer;68160;68298;Sainte-Marie-aux-Mines;;;7.186925;48.249026
68298_0260_00012;12;;Rue du Foulon;68160;68298;Sainte-Marie-aux-Mines;;;7.178851;48.242445
68298_b069_01111;1111;;Lingoutte Hohltanne;68160;68298;Sainte-Marie-aux-Mines;;;7.179557;48.220053
68298_0520_00002;2;;Petite Rue du Temple;68160;68298;Sainte-Marie-aux-Mines;;;7.184239;48.245762
68298_0450_00128;128;;Rue du Maréchal de Lattre de Tassigny;68160;68298;Sainte-Marie-aux-Mines;;;7.181205;48.245245
68298_0623_00017;17;;Rue Les Mélèzes;68160;68298;Sainte-Marie-aux-Mines;;;7.198648;48.252267
68298_0356_00013;13;;Rue Jacob Amann;68160;68298;Sainte-Marie-aux-Mines;;Echery;7.161407;48.232727
68298_0780_00023;23;;Rue Wilson;68160;68298;Sainte-Marie-aux-Mines;;;7.189387;48.249824
68298_0560_00039;39;;Rue du Président Poincaré;68160;68298;Sainte-Marie-aux-Mines;;;7.18678;48.248582
68298_bdt3xj_00011;11;;Rue Saint-Michel;68160;68298;Sainte-Marie-aux-Mines;;;7.190784;48.247753
68298_0286_00028;28;;Rue du Général Vandenberg;68160;68298;Sainte-Marie-aux-Mines;;;7.184587;48.246272
68298_qraux3_00008;8;;Rue Sur l'Ile;68160;68298;Sainte-Marie-aux-Mines;;;7.176214;48.238531
68298_0356_00032;32;;Rue Jacob Amann;68160;68298;Sainte-Marie-aux-Mines;;Echery;7.158039;48.229827
68298_0130_00007_a;7;a;Rue du Docteur Mühlenbeck;68160;68298;Sainte-Marie-aux-Mines;;;7.181491;48.246907
68298_0623_00024;24;;Rue Les Mélèzes;68160;68298;Sainte-Marie-aux-Mines;;;7.199515;48.251971
68298_0510_00008;8;;Rue Osmont;68160;68298;Sainte-Marie-aux-Mines;;;7.18168;48.243497
68298_0356_00021;21;;Rue Jacob Amann;68160;68298;Sainte-Marie-aux-Mines;;Echery;7.161017;48.231424
68298_0458_00003;3;;Place Foch;68160;68298;Sainte-Marie-aux-Mines;;;7.179983;48.245328
68298_0286_00026;26;;Rue du Général Vandenberg;68160;68298;Sainte-Marie-aux-Mines;;;7.184508;48.246237
68298_47qio8_00003;3;;Fischtal;68160;68298;Sainte-Marie-aux-Mines;;;7.2024;48.237707
68298_0760_00006;6;;Sentier des Vignes;68160;68298;Sainte-Marie-aux-Mines;;;7.186091;48.249416
68298_bdt3xj_00112;112;;Rue Saint-Michel;68160;68298;Sainte-Marie-aux-Mines;;;7.187428;48.246423
68298_0735_00025;25;;Rue de Trzic;68160;68298;Sainte-Marie-aux-Mines;;;7.201005;48.249987
68298_x6juef_00001;1;;Chemin de Saint Blaise;68160;68298;Sainte-Marie-aux-Mines;;;7.20642;48.25518
68298_gjh79y_00040_b;40;b;Fertrupt;68160;68298;Sainte-Marie-aux-Mines;;;7.199659;48.245006
68298_0450_00090;90;;Rue du Maréchal de Lattre de Tassigny;68160;68298;Sainte-Marie-aux-Mines;;;7.184389;48.246635
68298_84e575_00052;52;;Echery;68160;68298;Sainte-Marie-aux-Mines;;;7.163469;48.230792
68298_0780_00064;64;;Rue Wilson;68160;68298;Sainte-Marie-aux-Mines;;;7.186509;48.247522
68298_0780_00036;36;;Rue Wilson;68160;68298;Sainte-Marie-aux-Mines;;;7.187739;48.248534
68298_0735_00008_a;8;a;Rue de Trzic;68160;68298;Sainte-Marie-aux-Mines;;;7.200365;48.251285
68298_0380_00006_a;6;a;Rue Jean Jaurès;68160;68298;Sainte-Marie-aux-Mines;;;7.190268;48.249687
68298_84e575_00042;42;;Echery;68160;68298;Sainte-Marie-aux-Mines;;;7.161836;48.231714
68298_0685_00006;6;;Chemin de Saint-Pierre sur l’Hâte;68160;68298;Sainte-Marie-aux-Mines;;;7.168407;48.228101
68298_0090_00003;3;;Rue du Champ de la Chatte;68160;68298;Sainte-Marie-aux-Mines;;;7.178451;48.241437
68298_0505_00023;23;;Rue de la Nouvelle Cité Blech;68160;68298;Sainte-Marie-aux-Mines;;;7.193847;48.252138
68298_an2ds1_00008;8;;Rue des Boutons d’Or;68160;68298;Sainte-Marie-aux-Mines;;;7.172787;48.236458
68298_0780_00005;5;;Rue Wilson;68160;68298;Sainte-Marie-aux-Mines;;;7.190363;48.250674
68298_a003_00012;12;;Lotissement les Primevères;68160;68298;Sainte-Marie-aux-Mines;;;7.172798;48.235045
68298_84e575_00058_a;58;a;Echery;68160;68298;Sainte-Marie-aux-Mines;;;7.16573;48.230629
68298_0670_00019;19;;Rue Saint-Louis;68160;68298;Sainte-Marie-aux-Mines;;;7.180258;48.241419
68298_gjh79y_00007_a;7;a;Fertrupt;68160;68298;Sainte-Marie-aux-Mines;;;7.198711;48.249802
68298_0110_00208;208;;Rue Clemenceau;68160;68298;Sainte-Marie-aux-Mines;;;7.172313;48.243064
68298_0110_00246;246;;Rue Clemenceau;68160;68298;Sainte-Marie-aux-Mines;;;7.168789;48.24298
68298_0110_00144;144;;Rue Clemenceau;68160;68298;Sainte-Marie-aux-Mines;;;7.179042;48.244513
68298_ukissk_00019;19;;Brifosse;68160;68298;Sainte-Marie-aux-Mines;;;7.165764;48.243595
68298_0580_00004;4;;Rue des Prés;68160;68298;Sainte-Marie-aux-Mines;;;7.178837;48.243659
68298_0081_00020;20;;Rue des Cerisiers;68160;68298;Sainte-Marie-aux-Mines;;;7.197953;48.249541
68298_84e575_00050;50;;Echery;68160;68298;Sainte-Marie-aux-Mines;;;7.16313;48.2309
68298_gjh79y_00039;39;;Fertrupt;68160;68298;Sainte-Marie-aux-Mines;;;7.199167;48.243957
68298_0500_00016;16;;Rue Narbey;68160;68298;Sainte-Marie-aux-Mines;;;7.184318;48.24783
68298_0370_00054;54;;Rue Jean-Jacques Bock;68160;68298;Sainte-Marie-aux-Mines;;;7.173659;48.249253
68298_0600_00007;7;;Chemin du Rauenthal;68160;68298;Sainte-Marie-aux-Mines;;;7.166689;48.226367
68298_bdt3xj_00015;15;;Rue Saint-Michel;68160;68298;Sainte-Marie-aux-Mines;;;7.190213;48.247586
68298_0695_00010;10;;Route du Stade;68160;68298;Sainte-Marie-aux-Mines;;;7.164623;48.235675
68298_b096_00014;14;;Saint Philippe;68160;68298;Sainte-Marie-aux-Mines;;Saint-Philippe;7.188877;48.230343
68298_0370_00005;5;;Rue Jean-Jacques Bock;68160;68298;Sainte-Marie-aux-Mines;;;7.175677;48.244323
68298_0640_00012;12;;Avenue Robert Zeller;68160;68298;Sainte-Marie-aux-Mines;;;7.192213;48.250666
68298_0370_00016;16;;Rue Jean-Jacques Bock;68160;68298;Sainte-Marie-aux-Mines;;;7.175264;48.24519
68298_a004_00020;20;;lotissement les Coquelicots;68160;68298;Sainte-Marie-aux-Mines;;;7.216893;48.25844
68298_b057_00011;11;;Haut de Faite;68160;68298;Sainte-Marie-aux-Mines;;;7.143197;48.246545
68298_0450_00137;137;;Rue du Maréchal de Lattre de Tassigny;68160;68298;Sainte-Marie-aux-Mines;;;7.183803;48.246262
68298_0780_00086;86;;Rue Wilson;68160;68298;Sainte-Marie-aux-Mines;;;7.185116;48.246895
68298_0760_00015;15;;Sentier des Vignes;68160;68298;Sainte-Marie-aux-Mines;;;7.188293;48.250525
68298_b073_00053;53;;Le Petit Haut;68160;68298;Sainte-Marie-aux-Mines;;;7.217333;48.245449
68298_0450_00179;179;;Rue du Maréchal de Lattre de Tassigny;68160;68298;Sainte-Marie-aux-Mines;;;7.180708;48.245054
68298_0370_00056;56;;Rue Jean-Jacques Bock;68160;68298;Sainte-Marie-aux-Mines;;;7.174107;48.249381
68298_0370_00021;21;;Rue Jean-Jacques Bock;68160;68298;Sainte-Marie-aux-Mines;;;7.174458;48.246155
68298_0750_00015;15;;Rue de la Vieille Poste;68160;68298;Sainte-Marie-aux-Mines;;;7.182209;48.244868
68298_gjh79y_00038;38;;Fertrupt;68160;68298;Sainte-Marie-aux-Mines;;;7.199164;48.242821
68298_0685_00013;13;;Chemin de Saint-Pierre sur l’Hâte;68160;68298;Sainte-Marie-aux-Mines;;;7.170715;48.227093
68298_0450_00167_b;167;b;Rue du Maréchal de Lattre de Tassigny;68160;68298;Sainte-Marie-aux-Mines;;;7.181779;48.245299
68298_0695_00018;18;;Route du Stade;68160;68298;Sainte-Marie-aux-Mines;;;7.163567;48.235408
68298_hql0a6_00011;11;;Impasse de Saint Blaise;68160;68298;Sainte-Marie-aux-Mines;;;7.217879;48.259013
68298_0356_00029_c;29;c;Rue Jacob Amann;68160;68298;Sainte-Marie-aux-Mines;;Echery;7.159706;48.230771
68298_gjh79y_00023_a;23;a;Fertrupt;68160;68298;Sainte-Marie-aux-Mines;;;7.199019;48.24599
68298_0780_00048;48;;Rue Wilson;68160;68298;Sainte-Marie-aux-Mines;;;7.187203;48.24804
68298_0280_00036;36;;Rue du Général Bourgeois;68160;68298;Sainte-Marie-aux-Mines;;;7.179974;48.241999
68298_0280_00021_a;21;a;Rue du Général Bourgeois;68160;68298;Sainte-Marie-aux-Mines;;;7.179749;48.241624
68298_0670_00063;63;;Rue Saint-Louis;68160;68298;Sainte-Marie-aux-Mines;;;7.18216;48.243343
68298_0429_00001;1;;Clos Liversel;68160;68298;Sainte-Marie-aux-Mines;;;7.171659;48.24291
68298_0100_00003;3;;Rue du Château d'Eau;68160;68298;Sainte-Marie-aux-Mines;;;7.176997;48.239507
68298_0025_00002;2;;Rue de l'Ancienne Cité Blech;68160;68298;Sainte-Marie-aux-Mines;;;7.193575;48.251664
68298_an2ds1_00001;1;;Rue des Boutons d’Or;68160;68298;Sainte-Marie-aux-Mines;;;7.174142;48.237354
68298_0110_00000;0;;Rue Clemenceau;68160;68298;Sainte-Marie-aux-Mines;;;7.173601;48.242672
68298_b076_00025;25;;La Petite Lièpvre;68160;68298;Sainte-Marie-aux-Mines;;;7.137374;48.213982
68298_0380_00036;36;;Rue Jean Jaurès;68160;68298;Sainte-Marie-aux-Mines;;;7.19251;48.251194
68298_0405_00002;2;;Place Keufer;68160;68298;Sainte-Marie-aux-Mines;;;7.185512;48.246687
68298_b044_00001;1;;La Goutte des Pommes;68160;68298;Sainte-Marie-aux-Mines;;;7.190714;48.251929
68298_gjh79y_00036;36;;Fertrupt;68160;68298;Sainte-Marie-aux-Mines;;;7.198253;48.242566
68298_0470_00015_a;15;a;Rue des Mines;68160;68298;Sainte-Marie-aux-Mines;;;7.18059;48.240291
68298_0730_00005_a;5;a;Rue du Temple;68160;68298;Sainte-Marie-aux-Mines;;;7.1833;48.244984
68298_0620_00007;7;;Rue de la République;68160;68298;Sainte-Marie-aux-Mines;;;7.175657;48.241913
68298_0735_00007;7;;Rue de Trzic;68160;68298;Sainte-Marie-aux-Mines;;;7.199461;48.251366
68298_0780_00033;33;;Rue Wilson;68160;68298;Sainte-Marie-aux-Mines;;;7.188988;48.249457
68298_0688_00002;2;;Rue des Sapeurs Pompiers;68160;68298;Sainte-Marie-aux-Mines;;;7.191245;48.251254
68298_an2ds1_01111;1111;;Rue des Boutons d’Or;68160;68298;Sainte-Marie-aux-Mines;;;7.171645;48.235786
68298_0780_00038;38;;Rue Wilson;68160;68298;Sainte-Marie-aux-Mines;;;7.187639;48.248457
68298_0370_00006_b;6;b;Rue Jean-Jacques Bock;68160;68298;Sainte-Marie-aux-Mines;;;7.17634;48.244512
68298_0280_00025;25;;Rue du Général Bourgeois;68160;68298;Sainte-Marie-aux-Mines;;;7.179507;48.24131
68298_0735_00021;21;;Rue de Trzic;68160;68298;Sainte-Marie-aux-Mines;;;7.200293;48.250517
68298_0490_00001;1;;Impasse du Moulin;68160;68298;Sainte-Marie-aux-Mines;;;7.182004;48.244746
68298_0620_00008;8;;Rue de la République;68160;68298;Sainte-Marie-aux-Mines;;;7.175412;48.241859
68298_b096_00006;6;;Saint Philippe;68160;68298;Sainte-Marie-aux-Mines;;Saint-Philippe;7.186115;48.237435
68298_0110_00156;156;;Rue Clemenceau;68160;68298;Sainte-Marie-aux-Mines;;;7.178233;48.244242
68298_0741_00029;29;;Rue d'Untergrombach;68160;68298;Sainte-Marie-aux-Mines;;;7.163422;48.232028
68298_477oq4_00050;50;;Mongoutte;68160;68298;Sainte-Marie-aux-Mines;;;7.206762;48.250661
68298_0025_00005;5;;Rue de l'Ancienne Cité Blech;68160;68298;Sainte-Marie-aux-Mines;;;7.193393;48.251772
68298_84e575_00005;5;;Echery;68160;68298;Sainte-Marie-aux-Mines;;;7.162165;48.233787
68298_d5eq4a_00010;10;;Bellevue;68160;68298;Sainte-Marie-aux-Mines;;;7.179676;48.247658
68298_0420_00007;7;;Rue de la Liberté;68160;68298;Sainte-Marie-aux-Mines;;;7.185336;48.244886
68298_bdt3xj_00003;3;;Rue Saint-Michel;68160;68298;Sainte-Marie-aux-Mines;;;7.191427;48.247957
68298_0470_00024;24;;Rue des Mines;68160;68298;Sainte-Marie-aux-Mines;;Saint-Philippe;7.18222;48.239211
68298_0750_00016;16;;Rue de la Vieille Poste;68160;68298;Sainte-Marie-aux-Mines;;;7.182729;48.245119
68298_0741_00038;38;;Rue d'Untergrombach;68160;68298;Sainte-Marie-aux-Mines;;;7.163705;48.232488
68298_0280_00035_b;35;b;Rue du Général Bourgeois;68160;68298;Sainte-Marie-aux-Mines;;;7.178991;48.240912
68298_b076_00025_a;25;a;La Petite Lièpvre;68160;68298;Sainte-Marie-aux-Mines;;;7.135052;48.212713
68298_0110_00238;238;;Rue Clemenceau;68160;68298;Sainte-Marie-aux-Mines;;;7.169469;48.243043
68298_0356_00001_a;1;a;Rue Jacob Amann;68160;68298;Sainte-Marie-aux-Mines;;Echery;7.16276;48.234598
68298_b076_00026;26;;La Petite Lièpvre;68160;68298;Sainte-Marie-aux-Mines;;;7.134436;48.212094
68298_b096_00002;2;;Saint Philippe;68160;68298;Sainte-Marie-aux-Mines;;Saint-Philippe;7.184186;48.238152
68298_b025_00010;10;;La Côte d'Echery;68160;68298;Sainte-Marie-aux-Mines;;;7.14648;48.22809
68298_0413_00006;6;;Rue de la Forge;68160;68298;Sainte-Marie-aux-Mines;;;7.198517;48.253755
68298_0zf9ex_00008;8;;Fenarupt;68160;68298;Sainte-Marie-aux-Mines;;;7.174837;48.253884
68298_0025_00013;13;;Rue de l'Ancienne Cité Blech;68160;68298;Sainte-Marie-aux-Mines;;;7.193185;48.25202
68298_gjh79y_00041_b;41;b;Fertrupt;68160;68298;Sainte-Marie-aux-Mines;;;7.199772;48.245472
68298_0623_00034_a;34;a;Rue Les Mélèzes;68160;68298;Sainte-Marie-aux-Mines;;;7.20208;48.25178
68298_0fo2ve_00027;27;;Buerstenbuckel;68160;68298;Sainte-Marie-aux-Mines;;;7.219728;48.25501
68298_0130_00019;19;;Rue du Docteur Mühlenbeck;68160;68298;Sainte-Marie-aux-Mines;;;7.183778;48.248421
68298_0670_00022;22;;Rue Saint-Louis;68160;68298;Sainte-Marie-aux-Mines;;;7.180986;48.24193
68298_0780_00074;74;;Rue Wilson;68160;68298;Sainte-Marie-aux-Mines;;;7.185859;48.247189
68298_0450_00161;161;;Rue du Maréchal de Lattre de Tassigny;68160;68298;Sainte-Marie-aux-Mines;;;7.182181;48.245456
68298_0110_00250;250;;Rue Clemenceau;68160;68298;Sainte-Marie-aux-Mines;;;7.167935;48.242813
68298_0695_00013_c;13;c;Route du Stade;68160;68298;Sainte-Marie-aux-Mines;;;7.163759;48.235013
68298_qwpmkr_00002;2;;Chemin de la Croix de Mission;68160;68298;Sainte-Marie-aux-Mines;;;7.184544;48.24913
68298_b076_00019;19;;La Petite Lièpvre;68160;68298;Sainte-Marie-aux-Mines;;;7.140755;48.216584
68298_0734_00008;8;;Place de Trzic;68160;68298;Sainte-Marie-aux-Mines;;;7.198571;48.250609
68298_gjh79y_00025;25;;Fertrupt;68160;68298;Sainte-Marie-aux-Mines;;;7.198324;48.246019
68298_0780_00061;61;;Rue Wilson;68160;68298;Sainte-Marie-aux-Mines;;;7.187567;48.248267
68298_0780_00117;117;;Rue Wilson;68160;68298;Sainte-Marie-aux-Mines;;;7.185561;48.246976
68298_0670_00016;16;;Rue Saint-Louis;68160;68298;Sainte-Marie-aux-Mines;;;7.180693;48.241712
68298_0110_00217;217;;Rue Clemenceau;68160;68298;Sainte-Marie-aux-Mines;;;7.178001;48.244117
68298_0458_00001;1;;Place Foch;68160;68298;Sainte-Marie-aux-Mines;;;7.180082;48.245254
68298_0780_00020;20;;Rue Wilson;68160;68298;Sainte-Marie-aux-Mines;;;7.188757;48.249395
68298_0741_00013;13;;Rue d'Untergrombach;68160;68298;Sainte-Marie-aux-Mines;;;7.171123;48.23531
68298_0570_00000;0;;Place Prensureux;68160;68298;Sainte-Marie-aux-Mines;;;7.18826;48.248782
68298_0730_00027;27;;Rue du Temple;68160;68298;Sainte-Marie-aux-Mines;;;7.184855;48.245978
68298_0670_00071;71;;Rue Saint-Louis;68160;68298;Sainte-Marie-aux-Mines;;;7.182365;48.243654
68298_0410_00008;8;;Rue Kroeber-Imlin;68160;68298;Sainte-Marie-aux-Mines;;;7.179795;48.243055
68298_b096_00010;10;;Saint Philippe;68160;68298;Sainte-Marie-aux-Mines;;Saint-Philippe;7.184594;48.236298
68298_akwwpl_00013_b;13;b;Sur les Prés;68160;68298;Sainte-Marie-aux-Mines;;;7.203607;48.253446
68298_0280_00022_a;22;a;Rue du Général Bourgeois;68160;68298;Sainte-Marie-aux-Mines;;;7.180482;48.242381
68298_0110_00232;232;;Rue Clemenceau;68160;68298;Sainte-Marie-aux-Mines;;;7.169914;48.243059
68298_gfezrv_00006;6;;Les Marronniers;68160;68298;Sainte-Marie-aux-Mines;;;7.200768;48.252777
68298_0780_00025;25;;Rue Wilson;68160;68298;Sainte-Marie-aux-Mines;;;7.189333;48.249773
68298_0695_00010_a;10;a;Route du Stade;68160;68298;Sainte-Marie-aux-Mines;;;7.164554;48.235673
68298_0670_00010;10;;Rue Saint-Louis;68160;68298;Sainte-Marie-aux-Mines;;;7.180463;48.241563
68298_gw6swx_00001;1;;Chemin du Point du Jour;68160;68298;Sainte-Marie-aux-Mines;;;7.171397;48.246721
68298_0356_00002_a;2;a;Rue Jacob Amann;68160;68298;Sainte-Marie-aux-Mines;;Echery;7.163253;48.235095
68298_0780_00057;57;;Rue Wilson;68160;68298;Sainte-Marie-aux-Mines;;;7.187682;48.248352
68298_pyrgrp_00060;60;;Adelspach;68160;68298;Sainte-Marie-aux-Mines;;;7.211947;48.221336
68298_0110_00205;205;;Rue Clemenceau;68160;68298;Sainte-Marie-aux-Mines;;;7.178764;48.244286
68298_0620_00010;10;;Rue de la République;68160;68298;Sainte-Marie-aux-Mines;;;7.174848;48.241788
68298_0110_00240;240;;Rue Clemenceau;68160;68298;Sainte-Marie-aux-Mines;;;7.169386;48.243038
68298_0370_00063;63;;Rue Jean-Jacques Bock;68160;68298;Sainte-Marie-aux-Mines;;;7.174104;48.248635
68298_0741_00028;28;;Rue d'Untergrombach;68160;68298;Sainte-Marie-aux-Mines;;;7.164062;48.233011
68298_0780_00011;11;;Rue Wilson;68160;68298;Sainte-Marie-aux-Mines;;;7.189939;48.250308
68298_0450_00000;0;;Rue du Maréchal de Lattre de Tassigny;68160;68298;Sainte-Marie-aux-Mines;;;7.182844;48.245994
68298_0560_00022_a;22;a;Rue du Président Poincaré;68160;68298;Sainte-Marie-aux-Mines;;;7.184283;48.248659
68298_0610_00008;8;;Rue Reber;68160;68298;Sainte-Marie-aux-Mines;;;7.186031;48.246805
68298_b4r26x_00009;9;;Rue de la Bourgonde;68160;68298;Sainte-Marie-aux-Mines;;;7.198774;48.234451
68298_0510_00003;3;;Rue Osmont;68160;68298;Sainte-Marie-aux-Mines;;;7.181073;48.243736
68298_0640_00008;8;;Avenue Robert Zeller;68160;68298;Sainte-Marie-aux-Mines;;;7.193527;48.251045
68298_0623_00042;42;;Rue Les Mélèzes;68160;68298;Sainte-Marie-aux-Mines;;;7.200671;48.252358
68298_0734_00004;4;;Place de Trzic;68160;68298;Sainte-Marie-aux-Mines;;;7.198469;48.251045
68298_0780_00085;85;;Rue Wilson;68160;68298;Sainte-Marie-aux-Mines;;;7.186687;48.247521
68298_0741_00015;15;;Rue d'Untergrombach;68160;68298;Sainte-Marie-aux-Mines;;;7.171033;48.23531
68298_gfezrv_00002;2;;Les Marronniers;68160;68298;Sainte-Marie-aux-Mines;;;7.201743;48.252801
68298_bdt3xj_00023;23;;Rue Saint-Michel;68160;68298;Sainte-Marie-aux-Mines;;;7.189333;48.247285
68298_b073_00057;57;;Le Petit Haut;68160;68298;Sainte-Marie-aux-Mines;;;7.219397;48.239146
68298_47qio8_00002;2;;Fischtal;68160;68298;Sainte-Marie-aux-Mines;;;7.199873;48.2394
68298_0734_00001;1;;Place de Trzic;68160;68298;Sainte-Marie-aux-Mines;;;7.198035;48.251043
68298_0356_00003_c;3;c;Rue Jacob Amann;68160;68298;Sainte-Marie-aux-Mines;;Echery;7.162563;48.234263
68298_0640_00007_b;7;b;Avenue Robert Zeller;68160;68298;Sainte-Marie-aux-Mines;;;7.193556;48.250962
68298_0110_00198;198;;Rue Clemenceau;68160;68298;Sainte-Marie-aux-Mines;;;7.173385;48.243046
68298_0623_00040;40;;Rue Les Mélèzes;68160;68298;Sainte-Marie-aux-Mines;;;7.200879;48.252317
68298_0610_00046;46;;Rue Reber;68160;68298;Sainte-Marie-aux-Mines;;;7.1893;48.248855
68298_0090_00009;9;;Rue du Champ de la Chatte;68160;68298;Sainte-Marie-aux-Mines;;;7.178351;48.242168
68298_gjh79y_00026_a;26;a;Fertrupt;68160;68298;Sainte-Marie-aux-Mines;;;7.198301;48.246334
68298_0620_00006;6;;Rue de la République;68160;68298;Sainte-Marie-aux-Mines;;;7.175904;48.241954
68298_0623_00034_b;34;b;Rue Les Mélèzes;68160;68298;Sainte-Marie-aux-Mines;;;7.202417;48.251805
68298_0640_00010;10;;Avenue Robert Zeller;68160;68298;Sainte-Marie-aux-Mines;;;7.193123;48.250923
68298_0670_00001;1;;Rue Saint-Louis;68160;68298;Sainte-Marie-aux-Mines;;;7.179347;48.240778
68298_0470_00021;21;;Rue des Mines;68160;68298;Sainte-Marie-aux-Mines;;;7.1811;48.239742
68298_0695_00013_f;13;f;Route du Stade;68160;68298;Sainte-Marie-aux-Mines;;;7.163931;48.23471
68298_bdt3xj_00005;5;;Rue Saint-Michel;68160;68298;Sainte-Marie-aux-Mines;;;7.190815;48.247903
68298_a003_00011;11;;Lotissement les Primevères;68160;68298;Sainte-Marie-aux-Mines;;;7.173254;48.235075
68298_0110_00200;200;;Rue Clemenceau;68160;68298;Sainte-Marie-aux-Mines;;;7.173205;48.243046
68298_0130_00014;14;;Rue du Docteur Mühlenbeck;68160;68298;Sainte-Marie-aux-Mines;;;7.182768;48.247773
68298_0780_00001;1;;Rue Wilson;68160;68298;Sainte-Marie-aux-Mines;;;7.190924;48.251192
68298_0620_00013;13;;Rue de la République;68160;68298;Sainte-Marie-aux-Mines;;;7.174105;48.241721
68298_84e575_00062;62;;Echery;68160;68298;Sainte-Marie-aux-Mines;;;7.164729;48.230132
68298_0450_00149;149;;Rue du Maréchal de Lattre de Tassigny;68160;68298;Sainte-Marie-aux-Mines;;;7.183152;48.245993
68298_0475_00002;2;;Place des Mineurs;68160;68298;Sainte-Marie-aux-Mines;;Echery;7.161669;48.232217
68298_akwwpl_00004;4;;Sur les Prés;68160;68298;Sainte-Marie-aux-Mines;;;7.199664;48.253047
68298_b076_00014;14;;La Petite Lièpvre;68160;68298;Sainte-Marie-aux-Mines;;;7.14447;48.22028
68298_gjh79y_00008;8;;Fertrupt;68160;68298;Sainte-Marie-aux-Mines;;;7.198984;48.249481
68298_a003_00009;9;;Lotissement les Primevères;68160;68298;Sainte-Marie-aux-Mines;;;7.17338;48.235113
68298_b094_00018;18;;Saint Blaise;68160;68298;Sainte-Marie-aux-Mines;;;7.21875;48.258131
68298_a004_00004;4;;lotissement les Coquelicots;68160;68298;Sainte-Marie-aux-Mines;;;7.218125;48.258934
68298_0280_00000;0;;Rue du Général Bourgeois;68160;68298;Sainte-Marie-aux-Mines;;;7.178919;48.240847
68298_a59xn7_00002;2;;Chemin de la Tour des Mineurs;68160;68298;Sainte-Marie-aux-Mines;;;7.161835;48.231161
68298_gjh79y_00021;21;;Fertrupt;68160;68298;Sainte-Marie-aux-Mines;;;7.199089;48.245689
68298_0415_00002;2;;Place Laure Diebold Mutschler;68160;68298;Sainte-Marie-aux-Mines;;;7.183269;48.245236
68298_0640_00002_b;2;b;Avenue Robert Zeller;68160;68298;Sainte-Marie-aux-Mines;;;7.194997;48.251914
68298_0130_00013;13;;Rue du Docteur Mühlenbeck;68160;68298;Sainte-Marie-aux-Mines;;;7.18269;48.247731
68298_0670_00049;49;;Rue Saint-Louis;68160;68298;Sainte-Marie-aux-Mines;;;7.181836;48.242736
68298_b4r26x_00001;1;;Rue de la Bourgonde;68160;68298;Sainte-Marie-aux-Mines;;;7.199563;48.239083
68298_0670_00024;24;;Rue Saint-Louis;68160;68298;Sainte-Marie-aux-Mines;;;7.181084;48.242016
68298_0110_00172;172;;Rue Clemenceau;68160;68298;Sainte-Marie-aux-Mines;;;7.176728;48.243899
68298_0741_00006;6;;Rue d'Untergrombach;68160;68298;Sainte-Marie-aux-Mines;;;7.172926;48.235943
68298_0780_00010_a;10;a;Rue Wilson;68160;68298;Sainte-Marie-aux-Mines;;;7.190396;48.251132
68298_gjh79y_00035;35;;Fertrupt;68160;68298;Sainte-Marie-aux-Mines;;;7.198307;48.243215
68298_0280_00036_c;36;c;Rue du Général Bourgeois;68160;68298;Sainte-Marie-aux-Mines;;;7.180417;48.241857
68298_0413_00004_b;4;b;Rue de la Forge;68160;68298;Sainte-Marie-aux-Mines;;;7.199441;48.253936
68298_jygmyg_00002;2;;Rue des Terrasses du Plein Soleil;68160;68298;Sainte-Marie-aux-Mines;;;7.20272;48.2488
68298_0610_00015;15;;Rue Reber;68160;68298;Sainte-Marie-aux-Mines;;;7.186889;48.247217
68298_0110_00209;209;;Rue Clemenceau;68160;68298;Sainte-Marie-aux-Mines;;;7.178436;48.244217
68298_84e575_00037;37;;Echery;68160;68298;Sainte-Marie-aux-Mines;;;7.161592;48.232424
68298_qwpmkr_00010;10;;Chemin de la Croix de Mission;68160;68298;Sainte-Marie-aux-Mines;;;7.184281;48.251054
68298_0280_00036_b;36;b;Rue du Général Bourgeois;68160;68298;Sainte-Marie-aux-Mines;;;7.18033;48.241888
68298_0130_00005;5;;Rue du Docteur Mühlenbeck;68160;68298;Sainte-Marie-aux-Mines;;;7.180569;48.245855
68298_0560_00035_b;35;b;Rue du Président Poincaré;68160;68298;Sainte-Marie-aux-Mines;;;7.185702;48.248291
68298_0685_00016;16;;Chemin de Saint-Pierre sur l’Hâte;68160;68298;Sainte-Marie-aux-Mines;;;7.169424;48.227748
68298_b094_00032;32;;Saint Blaise;68160;68298;Sainte-Marie-aux-Mines;;;7.217073;48.257029
68298_0640_00010_b;10;b;Avenue Robert Zeller;68160;68298;Sainte-Marie-aux-Mines;;;7.193069;48.250909
68298_0470_00043;43;;Rue des Mines;68160;68298;Sainte-Marie-aux-Mines;;;7.183782;48.238568
68298_0110_00216;216;;Rue Clemenceau;68160;68298;Sainte-Marie-aux-Mines;;;7.171579;48.243056
68298_0730_00023;23;;Rue du Temple;68160;68298;Sainte-Marie-aux-Mines;;;7.184599;48.245717
68298_0780_00077;77;;Rue Wilson;68160;68298;Sainte-Marie-aux-Mines;;;7.18705;48.247771
68298_0780_00004;4;;Rue Wilson;68160;68298;Sainte-Marie-aux-Mines;;;7.190955;48.251378
68298_84e575_00038;38;;Echery;68160;68298;Sainte-Marie-aux-Mines;;;7.161695;48.232046
68298_b096_00003;3;;Saint Philippe;68160;68298;Sainte-Marie-aux-Mines;;Saint-Philippe;7.18425;48.238114
68298_0450_00167_a;167;a;Rue du Maréchal de Lattre de Tassigny;68160;68298;Sainte-Marie-aux-Mines;;;7.18187;48.245324
68298_gjh79y_00024;24;;Fertrupt;68160;68298;Sainte-Marie-aux-Mines;;;7.198514;48.245971
68298_0350_00009;9;;Rue Houchot;68160;68298;Sainte-Marie-aux-Mines;;;7.180452;48.246238
68298_0450_00116;116;;Rue du Maréchal de Lattre de Tassigny;68160;68298;Sainte-Marie-aux-Mines;;;7.182095;48.245618
68298_0330_00006;6;;Haute Rue;68160;68298;Sainte-Marie-aux-Mines;;;7.179348;48.245272
68298_0110_00174;174;;Rue Clemenceau;68160;68298;Sainte-Marie-aux-Mines;;;7.176516;48.243842
68298_0260_00011;11;;Rue du Foulon;68160;68298;Sainte-Marie-aux-Mines;;;7.178985;48.242413
68298_x6juef_00003;3;;Chemin de Saint Blaise;68160;68298;Sainte-Marie-aux-Mines;;;7.209388;48.254222
68298_0610_00018;18;;Rue Reber;68160;68298;Sainte-Marie-aux-Mines;;;7.186528;48.247094
68298_0356_00029_d;29;d;Rue Jacob Amann;68160;68298;Sainte-Marie-aux-Mines;;Echery;7.159678;48.230848
68298_gjh79y_00009_a;9;a;Fertrupt;68160;68298;Sainte-Marie-aux-Mines;;;7.199449;48.248897
68298_b025_00009_a;9;a;La Côte d'Echery;68160;68298;Sainte-Marie-aux-Mines;;;7.14204;48.226881
68298_0560_00025_a;25;a;Rue du Président Poincaré;68160;68298;Sainte-Marie-aux-Mines;;;7.184664;48.248723
68298_0560_00037;37;;Rue du Président Poincaré;68160;68298;Sainte-Marie-aux-Mines;;;7.186213;48.248529
68298_0410_00003;3;;Rue Kroeber-Imlin;68160;68298;Sainte-Marie-aux-Mines;;;7.18015;48.244321
68298_b073_00052;52;;Le Petit Haut;68160;68298;Sainte-Marie-aux-Mines;;;7.213409;48.242406
68298_b4r26x_00002_a;2;a;Rue de la Bourgonde;68160;68298;Sainte-Marie-aux-Mines;;;7.200697;48.238575
68298_0356_00006_a;6;a;Rue Jacob Amann;68160;68298;Sainte-Marie-aux-Mines;;Echery;7.162097;48.233711
68298_0130_00017;17;;Rue du Docteur Mühlenbeck;68160;68298;Sainte-Marie-aux-Mines;;;7.183153;48.248031
68298_gjh79y_00044;44;;Fertrupt;68160;68298;Sainte-Marie-aux-Mines;;;7.200099;48.246288
68298_0410_00021;21;;Rue Kroeber-Imlin;68160;68298;Sainte-Marie-aux-Mines;;;7.179905;48.24253
68298_b025_00011;11;;La Côte d'Echery;68160;68298;Sainte-Marie-aux-Mines;;;7.144919;48.225544
68298_b076_00031;31;;La Petite Lièpvre;68160;68298;Sainte-Marie-aux-Mines;;;7.121843;48.200591
68298_0600_00011;11;;Chemin du Rauenthal;68160;68298;Sainte-Marie-aux-Mines;;;7.165901;48.222974
68298_gjh79y_00011;11;;Fertrupt;68160;68298;Sainte-Marie-aux-Mines;;;7.19947;48.248857
68298_0110_00160;160;;Rue Clemenceau;68160;68298;Sainte-Marie-aux-Mines;;;7.177859;48.244164
68298_0695_00005_a;5;a;Route du Stade;68160;68298;Sainte-Marie-aux-Mines;;;7.168991;48.236572
68298_bdt3xj_00022;22;;Rue Saint-Michel;68160;68298;Sainte-Marie-aux-Mines;;;7.188976;48.247076
68298_b094_00008_a;8;a;Saint Blaise;68160;68298;Sainte-Marie-aux-Mines;;;7.219224;48.259056
68298_0735_00041;41;;Rue de Trzic;68160;68298;Sainte-Marie-aux-Mines;;;7.202049;48.249357
68298_a003_00017_b;17;b;Lotissement les Primevères;68160;68298;Sainte-Marie-aux-Mines;;;7.171664;48.23517
68298_0450_00129;129;;Rue du Maréchal de Lattre de Tassigny;68160;68298;Sainte-Marie-aux-Mines;;;7.184318;48.246506
68298_0280_00067;67;;Rue du Général Bourgeois;68160;68298;Sainte-Marie-aux-Mines;;;7.175482;48.238753
68298_0110_00201;201;;Rue Clemenceau;68160;68298;Sainte-Marie-aux-Mines;;;7.178987;48.244349
68298_0580_09003;9003;;Rue des Prés;68160;68298;Sainte-Marie-aux-Mines;;;7.178399;48.243949
68298_0140_00010;10;;Rue du Docteur Weisgerber;68160;68298;Sainte-Marie-aux-Mines;;;7.183437;48.245638
68298_0458_00006;6;;Place Foch;68160;68298;Sainte-Marie-aux-Mines;;;7.179527;48.244937
68298_gjh79y_00046;46;;Fertrupt;68160;68298;Sainte-Marie-aux-Mines;;;7.199972;48.246545
68298_a045_00006;6;;Residence les Fougères;68160;68298;Sainte-Marie-aux-Mines;;;7.174228;48.237784
68298_0734_00005;5;;Place de Trzic;68160;68298;Sainte-Marie-aux-Mines;;;7.198516;48.250924
68298_0610_00009;9;;Rue Reber;68160;68298;Sainte-Marie-aux-Mines;;;7.186174;48.246819
68298_0780_00080;80;;Rue Wilson;68160;68298;Sainte-Marie-aux-Mines;;;7.185453;48.247012
68298_0780_00041;41;;Rue Wilson;68160;68298;Sainte-Marie-aux-Mines;;;7.188719;48.249183
68298_b094_00022;22;;Saint Blaise;68160;68298;Sainte-Marie-aux-Mines;;;7.218126;48.257616
68298_0380_00004;4;;Rue Jean Jaurès;68160;68298;Sainte-Marie-aux-Mines;;;7.19004;48.249456
68298_b025_00014;14;;La Côte d'Echery;68160;68298;Sainte-Marie-aux-Mines;;;7.13824;48.217944
68298_0zf9ex_00004;4;;Fenarupt;68160;68298;Sainte-Marie-aux-Mines;;;7.173699;48.251512
68298_0688_00004;4;;Rue des Sapeurs Pompiers;68160;68298;Sainte-Marie-aux-Mines;;;7.191549;48.251022
68298_0670_00054_a;54;a;Rue Saint-Louis;68160;68298;Sainte-Marie-aux-Mines;;;7.182853;48.244549
68298_gfezrv_00004;4;;Les Marronniers;68160;68298;Sainte-Marie-aux-Mines;;;7.201242;48.252756
68298_0370_00003;3;;Rue Jean-Jacques Bock;68160;68298;Sainte-Marie-aux-Mines;;;7.175783;48.244201
68298_0220_00006;6;;Place de la Fleur;68160;68298;Sainte-Marie-aux-Mines;;;7.186059;48.245975
68298_0280_00049;49;;Rue du Général Bourgeois;68160;68298;Sainte-Marie-aux-Mines;;;7.178007;48.240053
68298_0640_00002_a;2;a;Avenue Robert Zeller;68160;68298;Sainte-Marie-aux-Mines;;;7.19522;48.252002
68298_b076_00013;13;;La Petite Lièpvre;68160;68298;Sainte-Marie-aux-Mines;;;7.145909;48.221414
68298_gjh79y_00027_a;27;a;Fertrupt;68160;68298;Sainte-Marie-aux-Mines;;;7.198233;48.245838
68298_0695_00010_b;10;b;Route du Stade;68160;68298;Sainte-Marie-aux-Mines;;;7.164481;48.235657
68298_84e575_00034;34;;Echery;68160;68298;Sainte-Marie-aux-Mines;;;7.161733;48.231674
68298_0130_00006;6;;Rue du Docteur Mühlenbeck;68160;68298;Sainte-Marie-aux-Mines;;;7.181229;48.24664
68298_0623_00039;39;;Rue Les Mélèzes;68160;68298;Sainte-Marie-aux-Mines;;;7.199286;48.252544
68298_0623_00006;6;;Rue Les Mélèzes;68160;68298;Sainte-Marie-aux-Mines;;;7.198087;48.251814
68298_0741_00001;1;;Rue d'Untergrombach;68160;68298;Sainte-Marie-aux-Mines;;;7.174197;48.236479
68298_0081_00006;6;;Rue des Cerisiers;68160;68298;Sainte-Marie-aux-Mines;;;7.192728;48.249319
68298_0081_00001_a;1;a;Rue des Cerisiers;68160;68298;Sainte-Marie-aux-Mines;;;7.1905;48.248909
68298_0630_00006;6;;Carrefour de Ribeauvillé;68160;68298;Sainte-Marie-aux-Mines;;;7.195821;48.251788
68298_0600_00013;13;;Chemin du Rauenthal;68160;68298;Sainte-Marie-aux-Mines;;;7.163741;48.219651
68298_0741_00044;44;;Rue d'Untergrombach;68160;68298;Sainte-Marie-aux-Mines;;;7.16357;48.232268
68298_b094_00001;1;;Saint Blaise;68160;68298;Sainte-Marie-aux-Mines;;;7.218252;48.259336
68298_d5eq4a_00008_a;8;a;Bellevue;68160;68298;Sainte-Marie-aux-Mines;;;7.181195;48.24741
68298_0610_00032;32;;Rue Reber;68160;68298;Sainte-Marie-aux-Mines;;;7.188154;48.248155
68298_0505_00027;27;;Rue de la Nouvelle Cité Blech;68160;68298;Sainte-Marie-aux-Mines;;;7.193534;48.252501
68298_0450_00088;88;;Rue du Maréchal de Lattre de Tassigny;68160;68298;Sainte-Marie-aux-Mines;;;7.184859;48.246795
68298_84e575_00059;59;;Echery;68160;68298;Sainte-Marie-aux-Mines;;;7.164639;48.230127
68298_0780_00027;27;;Rue Wilson;68160;68298;Sainte-Marie-aux-Mines;;;7.189297;48.249755
68298_0685_00004;4;;Chemin de Saint-Pierre sur l’Hâte;68160;68298;Sainte-Marie-aux-Mines;;;7.168063;48.228242
68298_gjh79y_00010;10;;Fertrupt;68160;68298;Sainte-Marie-aux-Mines;;;7.199484;48.248785
68298_gjh79y_00034;34;;Fertrupt;68160;68298;Sainte-Marie-aux-Mines;;;7.198572;48.243996
68298_0610_00005;5;;Rue Reber;68160;68298;Sainte-Marie-aux-Mines;;;7.185998;48.246735
68298_0025_00020;20;;Rue de l'Ancienne Cité Blech;68160;68298;Sainte-Marie-aux-Mines;;;7.193049;48.252294
68298_0685_00003;3;;Chemin de Saint-Pierre sur l’Hâte;68160;68298;Sainte-Marie-aux-Mines;;;7.166121;48.229808
68298_0500_00012;12;;Rue Narbey;68160;68298;Sainte-Marie-aux-Mines;;;7.184575;48.247512
68298_0110_00146;146;;Rue Clemenceau;68160;68298;Sainte-Marie-aux-Mines;;;7.178872;48.244413
68298_0450_00141;141;;Rue du Maréchal de Lattre de Tassigny;68160;68298;Sainte-Marie-aux-Mines;;;7.183489;48.246135
68298_0730_00014;14;;Rue du Temple;68160;68298;Sainte-Marie-aux-Mines;;;7.183988;48.245419
68298_0110_00234;234;;Rue Clemenceau;68160;68298;Sainte-Marie-aux-Mines;;;7.169785;48.243056
68298_0623_00041;41;;Rue Les Mélèzes;68160;68298;Sainte-Marie-aux-Mines;;;7.199104;48.252564
68298_0090_00014;14;;Rue du Champ de la Chatte;68160;68298;Sainte-Marie-aux-Mines;;;7.178472;48.241595
68298_0780_00101;101;;Rue Wilson;68160;68298;Sainte-Marie-aux-Mines;;;7.186058;48.247197
68298_84e575_00065;65;;Echery;68160;68298;Sainte-Marie-aux-Mines;;;7.165549;48.230064
68298_0560_00030;30;;Rue du Président Poincaré;68160;68298;Sainte-Marie-aux-Mines;;;7.185379;48.248878
68298_0760_00004;4;;Sentier des Vignes;68160;68298;Sainte-Marie-aux-Mines;;;7.185871;48.249297
68298_0110_00148;148;;Rue Clemenceau;68160;68298;Sainte-Marie-aux-Mines;;;7.178621;48.244334
68298_0380_00006_b;6;b;Rue Jean Jaurès;68160;68298;Sainte-Marie-aux-Mines;;;7.190276;48.249699
68298_0695_00012;12;;Route du Stade;68160;68298;Sainte-Marie-aux-Mines;;;7.164153;48.235604
68298_b076_00021;21;;La Petite Lièpvre;68160;68298;Sainte-Marie-aux-Mines;;;7.140293;48.216551
68298_0741_00022;22;;Rue d'Untergrombach;68160;68298;Sainte-Marie-aux-Mines;;;7.166054;48.234106
68298_0560_00033;33;;Rue du Président Poincaré;68160;68298;Sainte-Marie-aux-Mines;;;7.185564;48.248722
68298_0081_00022;22;;Rue des Cerisiers;68160;68298;Sainte-Marie-aux-Mines;;;7.19833;48.249328
68298_0350_00010;10;;Rue Houchot;68160;68298;Sainte-Marie-aux-Mines;;;7.180536;48.246314
68298_0730_00021;21;;Rue du Temple;68160;68298;Sainte-Marie-aux-Mines;;;7.184885;48.245304
68298_b073_00048;48;;Le Petit Haut;68160;68298;Sainte-Marie-aux-Mines;;;7.203832;48.247785
68298_0110_00225_a;225;a;Rue Clemenceau;68160;68298;Sainte-Marie-aux-Mines;;;7.175262;48.242753
68298_0670_00025;25;;Rue Saint-Louis;68160;68298;Sainte-Marie-aux-Mines;;;7.180745;48.241675
68298_0741_00026;26;;Rue d'Untergrombach;68160;68298;Sainte-Marie-aux-Mines;;;7.164169;48.233107
68298_0280_00056;56;;Rue du Général Bourgeois;68160;68298;Sainte-Marie-aux-Mines;;;7.178517;48.240343
68298_an2ds1_00019;19;;Rue des Boutons d’Or;68160;68298;Sainte-Marie-aux-Mines;;;7.173886;48.236984
68298_0380_00006;6;;Rue Jean Jaurès;68160;68298;Sainte-Marie-aux-Mines;;;7.190142;48.249578
68298_0780_00062;62;;Rue Wilson;68160;68298;Sainte-Marie-aux-Mines;;;7.186645;48.247593
68298_gjh79y_00042;42;;Fertrupt;68160;68298;Sainte-Marie-aux-Mines;;;7.19995;48.245743
68298_gjh79y_00018;18;;Fertrupt;68160;68298;Sainte-Marie-aux-Mines;;;7.199096;48.24632
68298_0623_00031;31;;Rue Les Mélèzes;68160;68298;Sainte-Marie-aux-Mines;;;7.201272;48.252187
68298_akwwpl_00013;13;;Sur les Prés;68160;68298;Sainte-Marie-aux-Mines;;;7.203221;48.253406
68298_0470_00007;7;;Rue des Mines;68160;68298;Sainte-Marie-aux-Mines;;;7.179781;48.240448
68298_0110_00248;248;;Rue Clemenceau;68160;68298;Sainte-Marie-aux-Mines;;;7.168744;48.242973
68298_0685_00012;12;;Chemin de Saint-Pierre sur l’Hâte;68160;68298;Sainte-Marie-aux-Mines;;;7.169144;48.227748
68298_0780_00034;34;;Rue Wilson;68160;68298;Sainte-Marie-aux-Mines;;;7.187803;48.248584
68298_0130_00005_a;5;a;Rue du Docteur Mühlenbeck;68160;68298;Sainte-Marie-aux-Mines;;;7.180577;48.245962
68298_0090_00008;8;;Rue du Champ de la Chatte;68160;68298;Sainte-Marie-aux-Mines;;;7.179161;48.241495
68298_0110_00219;219;;Rue Clemenceau;68160;68298;Sainte-Marie-aux-Mines;;;7.177796;48.244006
68298_0741_00027_a;27;a;Rue d'Untergrombach;68160;68298;Sainte-Marie-aux-Mines;;;7.163698;48.232366
68298_0780_00053;53;;Rue Wilson;68160;68298;Sainte-Marie-aux-Mines;;;7.187856;48.248492
68298_0735_00013;13;;Rue de Trzic;68160;68298;Sainte-Marie-aux-Mines;;;7.199844;48.250878
68298_b025_00005_a;5;a;La Côte d'Echery;68160;68298;Sainte-Marie-aux-Mines;;;7.143715;48.230827
68298_b025_00006;6;;La Côte d'Echery;68160;68298;Sainte-Marie-aux-Mines;;;7.146105;48.229776
68298_47qio8_00005;5;;Fischtal;68160;68298;Sainte-Marie-aux-Mines;;;7.204969;48.236495
68298_jygmyg_00003;3;;Rue des Terrasses du Plein Soleil;68160;68298;Sainte-Marie-aux-Mines;;;7.202764;48.248766
68298_0670_00069;69;;Rue Saint-Louis;68160;68298;Sainte-Marie-aux-Mines;;;7.182323;48.243598
68298_0560_00042;42;;Rue du Président Poincaré;68160;68298;Sainte-Marie-aux-Mines;;;7.186661;48.24863
68298_0780_00014;14;;Rue Wilson;68160;68298;Sainte-Marie-aux-Mines;;;7.190058;48.25055
68298_bdt3xj_00008;8;;Rue Saint-Michel;68160;68298;Sainte-Marie-aux-Mines;;;7.191079;48.24775
68298_0623_00010;10;;Rue Les Mélèzes;68160;68298;Sainte-Marie-aux-Mines;;;7.197808;48.25219
68298_0741_00020;20;;Rue d'Untergrombach;68160;68298;Sainte-Marie-aux-Mines;;;7.170294;48.235237
68298_0640_00007_a;7;a;Avenue Robert Zeller;68160;68298;Sainte-Marie-aux-Mines;;;7.193556;48.250962
68298_0356_00022;22;;Rue Jacob Amann;68160;68298;Sainte-Marie-aux-Mines;;Echery;7.160901;48.231188
68298_gjh79y_00030;30;;Fertrupt;68160;68298;Sainte-Marie-aux-Mines;;;7.198989;48.245252
68298_0505_00022;22;;Rue de la Nouvelle Cité Blech;68160;68298;Sainte-Marie-aux-Mines;;;7.194059;48.251963
68298_0640_00004;4;;Avenue Robert Zeller;68160;68298;Sainte-Marie-aux-Mines;;;7.194678;48.251696
68298_gjh79y_00040;40;;Fertrupt;68160;68298;Sainte-Marie-aux-Mines;;;7.199583;48.244936
68298_0780_00067;67;;Rue Wilson;68160;68298;Sainte-Marie-aux-Mines;;;7.187424;48.248139
68298_0410_00009;9;;Rue Kroeber-Imlin;68160;68298;Sainte-Marie-aux-Mines;;;7.180009;48.243375
68298_b094_00020;20;;Saint Blaise;68160;68298;Sainte-Marie-aux-Mines;;;7.220123;48.257446
68298_0610_00003;3;;Rue Reber;68160;68298;Sainte-Marie-aux-Mines;;;7.185866;48.24669
68298_0735_00012;12;;Rue de Trzic;68160;68298;Sainte-Marie-aux-Mines;;;7.200882;48.250473
68298_84e575_00058;58;;Echery;68160;68298;Sainte-Marie-aux-Mines;;;7.164606;48.230496
68298_0356_00029_b;29;b;Rue Jacob Amann;68160;68298;Sainte-Marie-aux-Mines;;Echery;7.159937;48.23061
68298_0450_00138;138;;Rue du Maréchal de Lattre de Tassigny;68160;68298;Sainte-Marie-aux-Mines;;;7.18039;48.245053
68298_0280_00065;65;;Rue du Général Bourgeois;68160;68298;Sainte-Marie-aux-Mines;;;7.175641;48.238788
68298_0110_00225;225;;Rue Clemenceau;68160;68298;Sainte-Marie-aux-Mines;;;7.175354;48.243358
68298_a003_00001;1;;Lotissement les Primevères;68160;68298;Sainte-Marie-aux-Mines;;;7.174321;48.23552
68298_0356_00020;20;;Rue Jacob Amann;68160;68298;Sainte-Marie-aux-Mines;;Echery;7.160892;48.231394
68298_bdt3xj_00025;25;;Rue Saint-Michel;68160;68298;Sainte-Marie-aux-Mines;;;7.189011;48.247347
68298_0741_00041;41;;Rue d'Untergrombach;68160;68298;Sainte-Marie-aux-Mines;;;7.16255;48.231363
68298_gjh79y_00026;26;;Fertrupt;68160;68298;Sainte-Marie-aux-Mines;;;7.19836;48.246318
68298_0560_00025_b;25;b;Rue du Président Poincaré;68160;68298;Sainte-Marie-aux-Mines;;;7.184854;48.248753
68298_gjh79y_00007;7;;Fertrupt;68160;68298;Sainte-Marie-aux-Mines;;;7.19856;48.249992
68298_0780_00115;115;;Rue Wilson;68160;68298;Sainte-Marie-aux-Mines;;;7.185624;48.247003
68298_0620_00014;14;;Rue de la République;68160;68298;Sainte-Marie-aux-Mines;;;7.17373;48.241793
68298_0370_00061;61;;Rue Jean-Jacques Bock;68160;68298;Sainte-Marie-aux-Mines;;;7.174058;48.24886
68298_0650_00008;8;;Quartier Rohmer;68160;68298;Sainte-Marie-aux-Mines;;;7.186832;48.249184
68298_0280_00058;58;;Rue du Général Bourgeois;68160;68298;Sainte-Marie-aux-Mines;;;7.178459;48.240301
68298_0610_00010;10;;Rue Reber;68160;68298;Sainte-Marie-aux-Mines;;;7.186068;48.246837
68298_0780_00029;29;;Rue Wilson;68160;68298;Sainte-Marie-aux-Mines;;;7.189157;48.249618
68298_0622_00003;3;;Rue des Genêts;68160;68298;Sainte-Marie-aux-Mines;;;7.182194;48.246222
68298_0110_00230;230;;Rue Clemenceau;68160;68298;Sainte-Marie-aux-Mines;;;7.170083;48.243064
68298_0450_00159;159;;Rue du Maréchal de Lattre de Tassigny;68160;68298;Sainte-Marie-aux-Mines;;;7.18233;48.245542
68298_84e575_00045;45;;Echery;68160;68298;Sainte-Marie-aux-Mines;;;7.162586;48.231103
68298_0286_00040;40;;Rue du Général Vandenberg;68160;68298;Sainte-Marie-aux-Mines;;;7.185114;48.246485
68298_0110_00210;210;;Rue Clemenceau;68160;68298;Sainte-Marie-aux-Mines;;;7.172194;48.24306
68298_0380_00012;12;;Rue Jean Jaurès;68160;68298;Sainte-Marie-aux-Mines;;;7.190626;48.250138
68298_0623_00004;4;;Rue Les Mélèzes;68160;68298;Sainte-Marie-aux-Mines;;;7.198252;48.251546
68298_0560_00046;46;;Rue du Président Poincaré;68160;68298;Sainte-Marie-aux-Mines;;;7.187022;48.248641
68298_0260_00009;9;;Rue du Foulon;68160;68298;Sainte-Marie-aux-Mines;;;7.179065;48.242388
68298_0413_00013;13;;Rue de la Forge;68160;68298;Sainte-Marie-aux-Mines;;;7.202787;48.254884
68298_0429_00005;5;;Clos Liversel;68160;68298;Sainte-Marie-aux-Mines;;;7.171421;48.242575
68298_0505_00028;28;;Rue de la Nouvelle Cité Blech;68160;68298;Sainte-Marie-aux-Mines;;;7.193574;48.252532
68298_0090_00010;10;;Rue du Champ de la Chatte;68160;68298;Sainte-Marie-aux-Mines;;;7.178789;48.241572
68298_0735_00018;18;;Rue de Trzic;68160;68298;Sainte-Marie-aux-Mines;;;7.201434;48.250122
68298_l9ehxv_00000;0;;Route de Rimpi;68160;68298;Sainte-Marie-aux-Mines;;;7.169364;48.231792
68298_0470_00029;29;;Rue des Mines;68160;68298;Sainte-Marie-aux-Mines;;Saint-Philippe;7.181745;48.239415
68298_0695_00005;5;;Route du Stade;68160;68298;Sainte-Marie-aux-Mines;;;7.170165;48.236884
68298_0780_00072;72;;Rue Wilson;68160;68298;Sainte-Marie-aux-Mines;;;7.186038;48.247277
68298_0405_00001;1;;Place Keufer;68160;68298;Sainte-Marie-aux-Mines;;;7.185473;48.24683
68298_0110_00192;192;;Rue Clemenceau;68160;68298;Sainte-Marie-aux-Mines;;;7.17393;48.243045
68298_0081_00002;2;;Rue des Cerisiers;68160;68298;Sainte-Marie-aux-Mines;;;7.191735;48.248912
68298_0670_00021;21;;Rue Saint-Louis;68160;68298;Sainte-Marie-aux-Mines;;;7.18076;48.241508
68298_b025_00009;9;;La Côte d'Echery;68160;68298;Sainte-Marie-aux-Mines;;;7.141999;48.22683
68298_0560_00038;38;;Rue du Président Poincaré;68160;68298;Sainte-Marie-aux-Mines;;;7.185684;48.248753
68298_hql0a6_00010;10;;Impasse de Saint Blaise;68160;68298;Sainte-Marie-aux-Mines;;;7.218079;48.259029
68298_0741_00024;24;;Rue d'Untergrombach;68160;68298;Sainte-Marie-aux-Mines;;;7.16426;48.233196
68298_a003_00013;13;;Lotissement les Primevères;68160;68298;Sainte-Marie-aux-Mines;;;7.172678;48.234996
68298_0735_00004;4;;Rue de Trzic;68160;68298;Sainte-Marie-aux-Mines;;;7.199291;48.25096
68298_0450_00092;92;;Rue du Maréchal de Lattre de Tassigny;68160;68298;Sainte-Marie-aux-Mines;;;7.184263;48.246587
68298_a003_00010;10;;Lotissement les Primevères;68160;68298;Sainte-Marie-aux-Mines;;;7.173234;48.235121
68298_b076_00012;12;;La Petite Lièpvre;68160;68298;Sainte-Marie-aux-Mines;;;7.146876;48.222988
68298_0zf9ex_00002;2;;Fenarupt;68160;68298;Sainte-Marie-aux-Mines;;;7.175119;48.250217
68298_0670_00003;3;;Rue Saint-Louis;68160;68298;Sainte-Marie-aux-Mines;;;7.179333;48.240559
68298_0280_00042_a;42;a;Rue du Général Bourgeois;68160;68298;Sainte-Marie-aux-Mines;;;7.179246;48.240963
68298_0730_00018;18;;Rue du Temple;68160;68298;Sainte-Marie-aux-Mines;;;7.184469;48.245779
68298_0510_00004;4;;Rue Osmont;68160;68298;Sainte-Marie-aux-Mines;;;7.181072;48.243654
68298_b076_00035;35;;La Petite Lièpvre;68160;68298;Sainte-Marie-aux-Mines;;;7.114372;48.192913
68298_akwwpl_00008;8;;Sur les Prés;68160;68298;Sainte-Marie-aux-Mines;;;7.199574;48.252956
68298_0695_00007_a;7;a;Route du Stade;68160;68298;Sainte-Marie-aux-Mines;;;7.165032;48.2357
68298_an2ds1_00005;5;;Rue des Boutons d’Or;68160;68298;Sainte-Marie-aux-Mines;;;7.173386;48.236843
68298_0760_00013;13;;Sentier des Vignes;68160;68298;Sainte-Marie-aux-Mines;;;7.187621;48.250384
68298_b057_00012;12;;Haut de Faite;68160;68298;Sainte-Marie-aux-Mines;;;7.145849;48.247973
68298_0356_00009;9;;Rue Jacob Amann;68160;68298;Sainte-Marie-aux-Mines;;Echery;7.161707;48.233233
68298_an2ds1_00012;12;;Rue des Boutons d’Or;68160;68298;Sainte-Marie-aux-Mines;;;7.172631;48.236347
68298_0610_00009_c;9;c;Rue Reber;68160;68298;Sainte-Marie-aux-Mines;;;7.186462;48.24697
68298_0735_00008;8;;Rue de Trzic;68160;68298;Sainte-Marie-aux-Mines;;;7.199372;48.251399
68298_0450_00177;177;;Rue du Maréchal de Lattre de Tassigny;68160;68298;Sainte-Marie-aux-Mines;;;7.180847;48.245075
68298_0695_00009;9;;Route du Stade;68160;68298;Sainte-Marie-aux-Mines;;;7.164937;48.235674
68298_b044_00003;3;;La Goutte des Pommes;68160;68298;Sainte-Marie-aux-Mines;;;7.189848;48.252468
68298_0780_00063;63;;Rue Wilson;68160;68298;Sainte-Marie-aux-Mines;;;7.187517;48.248214
68298_84e575_00053;53;;Echery;68160;68298;Sainte-Marie-aux-Mines;;;7.163934;48.2306
68298_0220_00007;7;;Place de la Fleur;68160;68298;Sainte-Marie-aux-Mines;;;7.185547;48.246404
68298_0600_00002_b;2;b;Chemin du Rauenthal;68160;68298;Sainte-Marie-aux-Mines;;;7.164864;48.22931
68298_0610_00040;40;;Rue Reber;68160;68298;Sainte-Marie-aux-Mines;;;7.188864;48.248442
68298_0110_00244;244;;Rue Clemenceau;68160;68298;Sainte-Marie-aux-Mines;;;7.169084;48.24301
68298_0610_00023;23;;Rue Reber;68160;68298;Sainte-Marie-aux-Mines;;;7.187711;48.247735
68298_84e575_00063;63;;Echery;68160;68298;Sainte-Marie-aux-Mines;;;7.165031;48.230235
68298_jygmyg_00006;6;;Rue des Terrasses du Plein Soleil;68160;68298;Sainte-Marie-aux-Mines;;;7.203033;48.248859
68298_0622_00001;1;;Rue des Genêts;68160;68298;Sainte-Marie-aux-Mines;;;7.181877;48.245661
68298_0688_00005;5;;Rue des Sapeurs Pompiers;68160;68298;Sainte-Marie-aux-Mines;;;7.191637;48.251056
68298_0670_00015_a;15;a;Rue Saint-Louis;68160;68298;Sainte-Marie-aux-Mines;;;7.180214;48.241394
68298_0370_00018;18;;Rue Jean-Jacques Bock;68160;68298;Sainte-Marie-aux-Mines;;;7.175065;48.245453
68298_0780_00009;9;;Rue Wilson;68160;68298;Sainte-Marie-aux-Mines;;;7.190038;48.250399
68298_b076_00011;11;;La Petite Lièpvre;68160;68298;Sainte-Marie-aux-Mines;;;7.148345;48.223836
68298_b4r26x_00012;12;;Rue de la Bourgonde;68160;68298;Sainte-Marie-aux-Mines;;;7.197836;48.237164
68298_zprjv5_00003;3;;Hergauchamps;68160;68298;Sainte-Marie-aux-Mines;;;7.149772;48.242985
68298_0670_00075;75;;Rue Saint-Louis;68160;68298;Sainte-Marie-aux-Mines;;;7.182511;48.243872
68298_0741_00010;10;;Rue d'Untergrombach;68160;68298;Sainte-Marie-aux-Mines;;;7.171652;48.23548
68298_0090_00018;18;;Rue du Champ de la Chatte;68160;68298;Sainte-Marie-aux-Mines;;;7.178541;48.241927
68298_b094_00003;3;;Saint Blaise;68160;68298;Sainte-Marie-aux-Mines;;;7.218248;48.259319
68298_0780_00003;3;;Rue Wilson;68160;68298;Sainte-Marie-aux-Mines;;;7.190568;48.250851
68298_0470_00031;31;;Rue des Mines;68160;68298;Sainte-Marie-aux-Mines;;;7.182298;48.239284
68298_0780_00097;97;;Rue Wilson;68160;68298;Sainte-Marie-aux-Mines;;;7.186185;48.247267
68298_0110_00221;221;;Rue Clemenceau;68160;68298;Sainte-Marie-aux-Mines;;;7.177531;48.244005
68298_0780_00035;35;;Rue Wilson;68160;68298;Sainte-Marie-aux-Mines;;;7.188933;48.249415
68298_b058_00009;9;;la Haute Broque;68160;68298;Sainte-Marie-aux-Mines;;;7.14282;48.235191
68298_0780_00028;28;;Rue Wilson;68160;68298;Sainte-Marie-aux-Mines;;;7.188126;48.248816
68298_0450_00167;167;;Rue du Maréchal de Lattre de Tassigny;68160;68298;Sainte-Marie-aux-Mines;;;7.181973;48.245351
68298_0749_00003;3;;Impasse de la Vieille Poste;68160;68298;Sainte-Marie-aux-Mines;;;7.181267;48.24492
68298_bdt3xj_00019;19;;Rue Saint-Michel;68160;68298;Sainte-Marie-aux-Mines;;;7.189801;48.247455
68298_0286_00022;22;;Rue du Général Vandenberg;68160;68298;Sainte-Marie-aux-Mines;;;7.184222;48.246139
68298_mb2l65_00001;1;;Rue de la Goutte Saint Blaise;68160;68298;Sainte-Marie-aux-Mines;;;7.219948;48.258684
68298_0370_00028_a;28;a;Rue Jean-Jacques Bock;68160;68298;Sainte-Marie-aux-Mines;;;7.17371;48.247428
68298_0280_00047;47;;Rue du Général Bourgeois;68160;68298;Sainte-Marie-aux-Mines;;;7.177882;48.24042
68298_b076_00006;6;;La Petite Lièpvre;68160;68298;Sainte-Marie-aux-Mines;;;7.152879;48.227753
68298_0734_00006;6;;Place de Trzic;68160;68298;Sainte-Marie-aux-Mines;;;7.198619;48.250742
68298_0600_00005;5;;Chemin du Rauenthal;68160;68298;Sainte-Marie-aux-Mines;;;7.16614;48.227381
68298_b094_00003_b;3;b;Saint Blaise;68160;68298;Sainte-Marie-aux-Mines;;;7.21798;48.259237
68298_0780_00015;15;;Rue Wilson;68160;68298;Sainte-Marie-aux-Mines;;;7.189737;48.250138
68298_0470_00022;22;;Rue des Mines;68160;68298;Sainte-Marie-aux-Mines;;Saint-Philippe;7.181987;48.239287
68298_bdt3xj_00003_a;3;a;Rue Saint-Michel;68160;68298;Sainte-Marie-aux-Mines;;;7.19149;48.248379
68298_bdt3xj_00010;10;;Rue Saint-Michel;68160;68298;Sainte-Marie-aux-Mines;;;7.190734;48.247647
68298_a003_00004;4;;Lotissement les Primevères;68160;68298;Sainte-Marie-aux-Mines;;;7.174372;48.235636
68298_0400_00001_a;1;a;Rue des Jardins;68160;68298;Sainte-Marie-aux-Mines;;;7.183188;48.246718
68298_gjh79y_00029;29;;Fertrupt;68160;68298;Sainte-Marie-aux-Mines;;;7.199125;48.245255
68298_0370_00026;26;;Rue Jean-Jacques Bock;68160;68298;Sainte-Marie-aux-Mines;;;7.173973;48.24687
68298_0110_00236;236;;Rue Clemenceau;68160;68298;Sainte-Marie-aux-Mines;;;7.169666;48.243056
68298_qwpmkr_00005_a;5;a;Chemin de la Croix de Mission;68160;68298;Sainte-Marie-aux-Mines;;;7.183819;48.250115
68298_gjh79y_00001;1;;Fertrupt;68160;68298;Sainte-Marie-aux-Mines;;;7.197484;48.251533
68298_a003_00002;2;;Lotissement les Primevères;68160;68298;Sainte-Marie-aux-Mines;;;7.17457;48.235777
68298_0470_00018;18;;Rue des Mines;68160;68298;Sainte-Marie-aux-Mines;;Saint-Philippe;7.181725;48.239403
68298_0670_00013;13;;Rue Saint-Louis;68160;68298;Sainte-Marie-aux-Mines;;;7.179821;48.241054
68298_0623_00036;36;;Rue Les Mélèzes;68160;68298;Sainte-Marie-aux-Mines;;;7.201459;48.252163
68298_0380_00002_b;2;b;Rue Jean Jaurès;68160;68298;Sainte-Marie-aux-Mines;;;7.189943;48.249354
68298_b094_00031;31;;Saint Blaise;68160;68298;Sainte-Marie-aux-Mines;;;7.217099;48.257038
68298_0735_00005;5;;Rue de Trzic;68160;68298;Sainte-Marie-aux-Mines;;;7.199378;48.250778
68298_qwpmkr_00007;7;;Chemin de la Croix de Mission;68160;68298;Sainte-Marie-aux-Mines;;;7.184787;48.249897
68298_0735_00003_a;3;a;Rue de Trzic;68160;68298;Sainte-Marie-aux-Mines;;;7.199147;48.250018
68298_0110_00242;242;;Rue Clemenceau;68160;68298;Sainte-Marie-aux-Mines;;;7.16927;48.243022
68298_akwwpl_00005;5;;Sur les Prés;68160;68298;Sainte-Marie-aux-Mines;;;7.199671;48.253018
68298_0560_00036;36;;Rue du Président Poincaré;68160;68298;Sainte-Marie-aux-Mines;;;7.185581;48.248803
68298_0280_00017;17;;Rue du Général Bourgeois;68160;68298;Sainte-Marie-aux-Mines;;;7.179859;48.241994
68298_0140_00006;6;;Rue du Docteur Weisgerber;68160;68298;Sainte-Marie-aux-Mines;;;7.183142;48.24533
68298_0286_00032;32;;Rue du Général Vandenberg;68160;68298;Sainte-Marie-aux-Mines;;;7.184722;48.246332
68298_0450_00110;110;;Rue du Maréchal de Lattre de Tassigny;68160;68298;Sainte-Marie-aux-Mines;;;7.183243;48.246126
68298_0450_00104;104;;Rue du Maréchal de Lattre de Tassigny;68160;68298;Sainte-Marie-aux-Mines;;;7.183731;48.246326
68298_0413_00005;5;;Rue de la Forge;68160;68298;Sainte-Marie-aux-Mines;;;7.19866;48.253638
68298_0780_00002_a;2;a;Rue Wilson;68160;68298;Sainte-Marie-aux-Mines;;;7.191048;48.25153
68298_a003_00017_a;17;a;Lotissement les Primevères;68160;68298;Sainte-Marie-aux-Mines;;;7.171674;48.234808
68298_0510_00002;2;;Rue Osmont;68160;68298;Sainte-Marie-aux-Mines;;;7.180549;48.243771
68298_bdt3xj_00004;4;;Rue Saint-Michel;68160;68298;Sainte-Marie-aux-Mines;;;7.191503;48.247882
68298_0330_00003;3;;Haute Rue;68160;68298;Sainte-Marie-aux-Mines;;;7.179155;48.244933
68298_a003_00008;8;;Lotissement les Primevères;68160;68298;Sainte-Marie-aux-Mines;;;7.173842;48.235323
68298_b094_00026_a;26;a;Saint Blaise;68160;68298;Sainte-Marie-aux-Mines;;;7.216859;48.25681
68298_0670_00060;60;;Rue Saint-Louis;68160;68298;Sainte-Marie-aux-Mines;;;7.18304;48.244919
68298_0670_00021_a;21;a;Rue Saint-Louis;68160;68298;Sainte-Marie-aux-Mines;;;7.180619;48.24161
68298_0730_00019_a;19;a;Rue du Temple;68160;68298;Sainte-Marie-aux-Mines;;;7.184217;48.2454
68298_b025_00004_a;4;a;La Côte d'Echery;68160;68298;Sainte-Marie-aux-Mines;;;7.148391;48.231016
68298_0410_00009_a;9;a;Rue Kroeber-Imlin;68160;68298;Sainte-Marie-aux-Mines;;;7.180021;48.243404
68298_0081_00008;8;;Rue des Cerisiers;68160;68298;Sainte-Marie-aux-Mines;;;7.193065;48.24939
68298_0110_00199;199;;Rue Clemenceau;68160;68298;Sainte-Marie-aux-Mines;;;7.179057;48.244379
68298_0413_00001;1;;Rue de la Forge;68160;68298;Sainte-Marie-aux-Mines;;;7.201174;48.254512
68298_bdt3xj_00006;6;;Rue Saint-Michel;68160;68298;Sainte-Marie-aux-Mines;;;7.191271;48.247808
68298_0741_00032;32;;Rue d'Untergrombach;68160;68298;Sainte-Marie-aux-Mines;;;7.163916;48.232849
68298_b094_00001_a;1;a;Saint Blaise;68160;68298;Sainte-Marie-aux-Mines;;;7.218217;48.259414
68298_bdt3xj_00001;1;;Rue Saint-Michel;68160;68298;Sainte-Marie-aux-Mines;;;7.191597;48.2484
68298_0380_00008;8;;Rue Jean Jaurès;68160;68298;Sainte-Marie-aux-Mines;;;7.190383;48.249842
68298_0685_00028;28;;Chemin de Saint-Pierre sur l’Hâte;68160;68298;Sainte-Marie-aux-Mines;;;7.172756;48.225435
68298_0110_00220;220;;Rue Clemenceau;68160;68298;Sainte-Marie-aux-Mines;;;7.170964;48.243054
68298_mb2l65_00007;7;;Rue de la Goutte Saint Blaise;68160;68298;Sainte-Marie-aux-Mines;;;7.22003;48.258411
68298_0100_00001;1;;Rue du Château d'Eau;68160;68298;Sainte-Marie-aux-Mines;;;7.177294;48.23984
68298_k903vq_00009;9;;la Fouchelle;68160;68298;Sainte-Marie-aux-Mines;;;7.18344;48.241719
68298_0623_00033;33;;Rue Les Mélèzes;68160;68298;Sainte-Marie-aux-Mines;;;7.200634;48.25229
68298_0356_00019;19;;Rue Jacob Amann;68160;68298;Sainte-Marie-aux-Mines;;Echery;7.160926;48.231585
68298_gjh79y_00032;32;;Fertrupt;68160;68298;Sainte-Marie-aux-Mines;;;7.199122;48.244853
68298_0735_00022;22;;Rue de Trzic;68160;68298;Sainte-Marie-aux-Mines;;;7.20206;48.249777
68298_0780_00051;51;;Rue Wilson;68160;68298;Sainte-Marie-aux-Mines;;;7.187892;48.24853
68298_0280_00045;45;;Rue du Général Bourgeois;68160;68298;Sainte-Marie-aux-Mines;;;7.178044;48.240577
68298_b094_00018_b;18;b;Saint Blaise;68160;68298;Sainte-Marie-aux-Mines;;;7.220134;48.257922
68298_gjh79y_00008_b;8;b;Fertrupt;68160;68298;Sainte-Marie-aux-Mines;;;7.198993;48.249459
68298_0610_00007_a;7;a;Rue Reber;68160;68298;Sainte-Marie-aux-Mines;;;7.186075;48.246762
68298_0400_00004;4;;Rue des Jardins;68160;68298;Sainte-Marie-aux-Mines;;;7.183512;48.246544
68298_0450_00145;145;;Rue du Maréchal de Lattre de Tassigny;68160;68298;Sainte-Marie-aux-Mines;;;7.183306;48.24606
68298_gjh79y_00030_b;30;b;Fertrupt;68160;68298;Sainte-Marie-aux-Mines;;;7.198735;48.24434
68298_pyrgrp_00059_b;59;b;Adelspach;68160;68298;Sainte-Marie-aux-Mines;;;7.211834;48.223327
68298_0413_00003;3;;Rue de la Forge;68160;68298;Sainte-Marie-aux-Mines;;;7.199265;48.253795
68298_0130_00005_c;5;c;Rue du Docteur Mühlenbeck;68160;68298;Sainte-Marie-aux-Mines;;;7.181073;48.246477
68298_0280_00061;61;;Rue du Général Bourgeois;68160;68298;Sainte-Marie-aux-Mines;;;7.177869;48.239893
68298_0090_00005;5;;Rue du Champ de la Chatte;68160;68298;Sainte-Marie-aux-Mines;;;7.178493;48.241853
68298_akwwpl_00001;1;;Sur les Prés;68160;68298;Sainte-Marie-aux-Mines;;;7.205103;48.254094
68298_0470_00005;5;;Rue des Mines;68160;68298;Sainte-Marie-aux-Mines;;;7.179709;48.240491
68298_0025_00004;4;;Rue de l'Ancienne Cité Blech;68160;68298;Sainte-Marie-aux-Mines;;;7.193483;48.251778
68298_qraux3_00014;14;;Rue Sur l'Ile;68160;68298;Sainte-Marie-aux-Mines;;;7.176937;48.238578
68298_0780_00017_a;17;a;Rue Wilson;68160;68298;Sainte-Marie-aux-Mines;;;7.189576;48.249982
68298_0670_00083;83;;Rue Saint-Louis;68160;68298;Sainte-Marie-aux-Mines;;;7.183016;48.244605
68298_0429_00006;6;;Clos Liversel;68160;68298;Sainte-Marie-aux-Mines;;;7.171408;48.24273
68298_0600_00004;4;;Chemin du Rauenthal;68160;68298;Sainte-Marie-aux-Mines;;;7.165247;48.228808
68298_84e575_00055;55;;Echery;68160;68298;Sainte-Marie-aux-Mines;;;7.164142;48.230577
68298_gjh79y_00020;20;;Fertrupt;68160;68298;Sainte-Marie-aux-Mines;;;7.199119;48.245982
68298_0110_00249;249;;Rue Clemenceau;68160;68298;Sainte-Marie-aux-Mines;;;7.165894;48.242498
68298_ukissk_00012;12;;Brifosse;68160;68298;Sainte-Marie-aux-Mines;;;7.168061;48.243445
68298_b025_00015;15;;La Côte d'Echery;68160;68298;Sainte-Marie-aux-Mines;;;7.136686;48.216373
68298_yhj1f2_00001;1;;Le Haycot;68160;68298;Sainte-Marie-aux-Mines;;;7.139544;48.196263
68298_b073_00054_b;54;b;Le Petit Haut;68160;68298;Sainte-Marie-aux-Mines;;;7.217372;48.245365
68298_gjh79y_00016;16;;Fertrupt;68160;68298;Sainte-Marie-aux-Mines;;;7.198994;48.247034
68298_bdt3xj_00114;114;;Rue Saint-Michel;68160;68298;Sainte-Marie-aux-Mines;;;7.187255;48.24632
68298_0280_00041;41;;Rue du Général Bourgeois;68160;68298;Sainte-Marie-aux-Mines;;;7.178636;48.240598
68298_0410_00019;19;;Rue Kroeber-Imlin;68160;68298;Sainte-Marie-aux-Mines;;;7.179886;48.242693
68298_0560_00035_d;35;d;Rue du Président Poincaré;68160;68298;Sainte-Marie-aux-Mines;;;7.186035;48.248435
68298_0670_00061;61;;Rue Saint-Louis;68160;68298;Sainte-Marie-aux-Mines;;;7.182136;48.243296
68298_0741_00020;20;;Rue d'Untergrombach;68160;68298;Sainte-Marie-aux-Mines;;;7.16981;48.23513
68298_b4r26x_00004;4;;Rue de la Bourgonde;68160;68298;Sainte-Marie-aux-Mines;;;7.19951;48.237469
68298_bdt3xj_00021;21;;Rue Saint-Michel;68160;68298;Sainte-Marie-aux-Mines;;;7.18954;48.24736
68298_0780_00052;52;;Rue Wilson;68160;68298;Sainte-Marie-aux-Mines;;;7.187027;48.24788
68298_0380_00018;18;;Rue Jean Jaurès;68160;68298;Sainte-Marie-aux-Mines;;;7.190882;48.250386
68298_bdt3xj_00017;17;;Rue Saint-Michel;68160;68298;Sainte-Marie-aux-Mines;;;7.189977;48.247532
68298_0380_00024;24;;Rue Jean Jaurès;68160;68298;Sainte-Marie-aux-Mines;;;7.191109;48.250632
68298_0780_00003_a;3;a;Rue Wilson;68160;68298;Sainte-Marie-aux-Mines;;;7.190768;48.251044
68298_0623_00030;30;;Rue Les Mélèzes;68160;68298;Sainte-Marie-aux-Mines;;;7.200952;48.251789
68298_0280_00084;84;;Rue du Général Bourgeois;68160;68298;Sainte-Marie-aux-Mines;;;7.175061;48.238561
68298_0500_00002;2;;Rue Narbey;68160;68298;Sainte-Marie-aux-Mines;;;7.184987;48.246999
68298_hql0a6_00005;5;;Impasse de Saint Blaise;68160;68298;Sainte-Marie-aux-Mines;;;7.218213;48.259136
68298_0640_00004_a;4;a;Avenue Robert Zeller;68160;68298;Sainte-Marie-aux-Mines;;;7.194181;48.251607
68298_0410_00015;15;;Rue Kroeber-Imlin;68160;68298;Sainte-Marie-aux-Mines;;;7.179887;48.243028
68298_0780_00044;44;;Rue Wilson;68160;68298;Sainte-Marie-aux-Mines;;;7.187392;48.248294
68298_0350_00002;2;;Rue Houchot;68160;68298;Sainte-Marie-aux-Mines;;;7.179871;48.24551
68298_a003_00003;3;;Lotissement les Primevères;68160;68298;Sainte-Marie-aux-Mines;;;7.174067;48.23537
68298_0610_00011;11;;Rue Reber;68160;68298;Sainte-Marie-aux-Mines;;;7.186592;48.247051
68298_0780_00021;21;;Rue Wilson;68160;68298;Sainte-Marie-aux-Mines;;;7.18946;48.249881
68298_gjh79y_00016_a;16;a;Fertrupt;68160;68298;Sainte-Marie-aux-Mines;;;7.198979;48.247004
68298_0400_00003;3;;Rue des Jardins;68160;68298;Sainte-Marie-aux-Mines;;;7.182939;48.24688
68298_0735_00029;29;;Rue de Trzic;68160;68298;Sainte-Marie-aux-Mines;;;7.202034;48.249956
68298_gjh79y_00028;28;;Fertrupt;68160;68298;Sainte-Marie-aux-Mines;;;7.199005;48.245528
68298_0780_00013;13;;Rue Wilson;68160;68298;Sainte-Marie-aux-Mines;;;7.189773;48.250166
68298_b025_00066;66;;La Côte d'Echery;68160;68298;Sainte-Marie-aux-Mines;;;7.155544;48.235725
68298_0623_00018;18;;Rue Les Mélèzes;68160;68298;Sainte-Marie-aux-Mines;;;7.198796;48.25215
68298_0570_00002;2;;Place Prensureux;68160;68298;Sainte-Marie-aux-Mines;;;7.188959;48.248972
68298_0623_00002;2;;Rue Les Mélèzes;68160;68298;Sainte-Marie-aux-Mines;;;7.198287;48.25141
68298_gjh79y_00013;13;;Fertrupt;68160;68298;Sainte-Marie-aux-Mines;;;7.199245;48.248468
68298_0470_00016;16;;Rue des Mines;68160;68298;Sainte-Marie-aux-Mines;;Saint-Philippe;7.181553;48.239477
68298_0110_00180;180;;Rue Clemenceau;68160;68298;Sainte-Marie-aux-Mines;;;7.175475;48.243491
68298_0380_00020;20;;Rue Jean Jaurès;68160;68298;Sainte-Marie-aux-Mines;;;7.190945;48.250461
68298_0380_00002;2;;Rue Jean Jaurès;68160;68298;Sainte-Marie-aux-Mines;;;7.189768;48.24915
68298_ukissk_00006;6;;Brifosse;68160;68298;Sainte-Marie-aux-Mines;;;7.167501;48.243153
68298_0025_00012;12;;Rue de l'Ancienne Cité Blech;68160;68298;Sainte-Marie-aux-Mines;;;7.193278;48.252033
68298_0110_00194;194;;Rue Clemenceau;68160;68298;Sainte-Marie-aux-Mines;;;7.173699;48.243038
68298_0610_00028_a;28;a;Rue Reber;68160;68298;Sainte-Marie-aux-Mines;;;7.187803;48.247874
68298_0413_00015;15;;Rue de la Forge;68160;68298;Sainte-Marie-aux-Mines;;;7.202313;48.254844
68298_0zf9ex_00006;6;;Fenarupt;68160;68298;Sainte-Marie-aux-Mines;;;7.174113;48.252937
68298_0695_00013;13;;Route du Stade;68160;68298;Sainte-Marie-aux-Mines;;;7.163615;48.235249
68298_0280_00076_a;76;a;Rue du Général Bourgeois;68160;68298;Sainte-Marie-aux-Mines;;;7.177329;48.239214
68298_0741_00004;4;;Rue d'Untergrombach;68160;68298;Sainte-Marie-aux-Mines;;;7.173569;48.236218
68298_0750_00009;9;;Rue de la Vieille Poste;68160;68298;Sainte-Marie-aux-Mines;;;7.181865;48.244938
68298_0450_00157;157;;Rue du Maréchal de Lattre de Tassigny;68160;68298;Sainte-Marie-aux-Mines;;;7.182719;48.245764
68298_0670_00051;51;;Rue Saint-Louis;68160;68298;Sainte-Marie-aux-Mines;;;7.18193;48.242875
68298_0090_00007;7;;Rue du Champ de la Chatte;68160;68298;Sainte-Marie-aux-Mines;;;7.178491;48.242013
68298_0110_00228;228;;Rue Clemenceau;68160;68298;Sainte-Marie-aux-Mines;;;7.170212;48.243058
68298_0741_00031;31;;Rue d'Untergrombach;68160;68298;Sainte-Marie-aux-Mines;;;7.163349;48.231969
68298_0580_00002;2;;Rue des Prés;68160;68298;Sainte-Marie-aux-Mines;;;7.178595;48.243954
68298_0670_00020;20;;Rue Saint-Louis;68160;68298;Sainte-Marie-aux-Mines;;;7.180859;48.241831
68298_0413_00001_c;1;c;Rue de la Forge;68160;68298;Sainte-Marie-aux-Mines;;;7.199901;48.25395
68298_0610_00021;21;;Rue Reber;68160;68298;Sainte-Marie-aux-Mines;;;7.187508;48.247607
68298_0110_00237;237;;Rue Clemenceau;68160;68298;Sainte-Marie-aux-Mines;;;7.172726;48.24298
68298_0610_00038;38;;Rue Reber;68160;68298;Sainte-Marie-aux-Mines;;;7.188739;48.248398
68298_0622_00004;4;;Rue des Genêts;68160;68298;Sainte-Marie-aux-Mines;;;7.181211;48.246116
68298_0110_00233;233;;Rue Clemenceau;68160;68298;Sainte-Marie-aux-Mines;;;7.173643;48.242497
68298_0623_00027;27;;Rue Les Mélèzes;68160;68298;Sainte-Marie-aux-Mines;;;7.200494;48.251986
68298_0356_00030;30;;Rue Jacob Amann;68160;68298;Sainte-Marie-aux-Mines;;Echery;7.16004;48.230211
68298_0623_00029;29;;Rue Les Mélèzes;68160;68298;Sainte-Marie-aux-Mines;;;7.201439;48.252132
68298_gjh79y_00043;43;;Fertrupt;68160;68298;Sainte-Marie-aux-Mines;;;7.200239;48.246267
68298_0741_00025;25;;Rue d'Untergrombach;68160;68298;Sainte-Marie-aux-Mines;;;7.163905;48.232702
68298_0130_00018;18;;Rue du Docteur Mühlenbeck;68160;68298;Sainte-Marie-aux-Mines;;;7.183585;48.248292
68298_gjh79y_00037;37;;Fertrupt;68160;68298;Sainte-Marie-aux-Mines;;;7.198532;48.242248
68298_gjh79y_00017_a;17;a;Fertrupt;68160;68298;Sainte-Marie-aux-Mines;;;7.19921;48.246647
68298_a004_00010;10;;lotissement les Coquelicots;68160;68298;Sainte-Marie-aux-Mines;;;7.217784;48.258923
68298_0640_00006;6;;Avenue Robert Zeller;68160;68298;Sainte-Marie-aux-Mines;;;7.194025;48.251233
68298_0390_00005;5;;Chemin des Jardiniers;68160;68298;Sainte-Marie-aux-Mines;;;7.192768;48.249958
68298_0780_00079;79;;Rue Wilson;68160;68298;Sainte-Marie-aux-Mines;;;7.18693;48.247666
68298_0356_00005;5;;Rue Jacob Amann;68160;68298;Sainte-Marie-aux-Mines;;Echery;7.162164;48.233779
68298_ukissk_00024;24;;Brifosse;68160;68298;Sainte-Marie-aux-Mines;;;7.168193;48.243554
68298_0110_00193;193;;Rue Clemenceau;68160;68298;Sainte-Marie-aux-Mines;;;7.179492;48.244641
68298_0570_00003;3;;Place Prensureux;68160;68298;Sainte-Marie-aux-Mines;;;7.189362;48.249306
68298_0780_00082;82;;Rue Wilson;68160;68298;Sainte-Marie-aux-Mines;;;7.185413;48.246981
68298_0750_00011;11;;Rue de la Vieille Poste;68160;68298;Sainte-Marie-aux-Mines;;;7.181985;48.244919
68298_0760_00003;3;;Sentier des Vignes;68160;68298;Sainte-Marie-aux-Mines;;;7.185777;48.249233
68298_edtgd4_00001;1;;Place des Tisserands;68160;68298;Sainte-Marie-aux-Mines;;;7.183778;48.247777
68298_0110_00248_a;248;a;Rue Clemenceau;68160;68298;Sainte-Marie-aux-Mines;;;7.168383;48.242911
68298_0741_00023;23;;Rue d'Untergrombach;68160;68298;Sainte-Marie-aux-Mines;;;7.164037;48.232895
68298_b096_00009;9;;Saint Philippe;68160;68298;Sainte-Marie-aux-Mines;;Saint-Philippe;7.1883;48.235729
68298_0735_00023;23;;Rue de Trzic;68160;68298;Sainte-Marie-aux-Mines;;;7.200654;48.250102
68298_0410_00006;6;;Rue Kroeber-Imlin;68160;68298;Sainte-Marie-aux-Mines;;;7.179933;48.243385
68298_0450_00123;123;;Rue du Maréchal de Lattre de Tassigny;68160;68298;Sainte-Marie-aux-Mines;;;7.184648;48.24664
68298_0450_00175;175;;Rue du Maréchal de Lattre de Tassigny;68160;68298;Sainte-Marie-aux-Mines;;;7.180931;48.245083
68298_0470_00015;15;;Rue des Mines;68160;68298;Sainte-Marie-aux-Mines;;;7.180479;48.240209
68298_0110_00168;168;;Rue Clemenceau;68160;68298;Sainte-Marie-aux-Mines;;;7.176892;48.243933
68298_0688_00003;3;;Rue des Sapeurs Pompiers;68160;68298;Sainte-Marie-aux-Mines;;;7.191433;48.251234
68298_0450_00119;119;;Rue du Maréchal de Lattre de Tassigny;68160;68298;Sainte-Marie-aux-Mines;;;7.184914;48.24674
68298_f2lz6c_09002;9002;;Col des Bagenelles;68160;68298;Sainte-Marie-aux-Mines;;;7.114595;48.192667
68298_b4r26x_00006;6;;Rue de la Bourgonde;68160;68298;Sainte-Marie-aux-Mines;;;7.199867;48.237504
68298_0450_00133;133;;Rue du Maréchal de Lattre de Tassigny;68160;68298;Sainte-Marie-aux-Mines;;;7.184033;48.246377
68298_b094_00008_c;8;c;Saint Blaise;68160;68298;Sainte-Marie-aux-Mines;;;7.21866;48.258472
68298_zprjv5_00006;6;;Hergauchamps;68160;68298;Sainte-Marie-aux-Mines;;;7.146243;48.242605
68298_0741_00008;8;;Rue d'Untergrombach;68160;68298;Sainte-Marie-aux-Mines;;;7.172272;48.235683
68298_an2ds1_00009;9;;Rue des Boutons d’Or;68160;68298;Sainte-Marie-aux-Mines;;;7.172624;48.236378
68298_0670_00052;52;;Rue Saint-Louis;68160;68298;Sainte-Marie-aux-Mines;;;7.182422;48.243929
68298_b058_00011;11;;la Haute Broque;68160;68298;Sainte-Marie-aux-Mines;;;7.13462;48.233602
68298_0670_00039_a;39;a;Rue Saint-Louis;68160;68298;Sainte-Marie-aux-Mines;;;7.181714;48.242246
68298_0735_00010;10;;Rue de Trzic;68160;68298;Sainte-Marie-aux-Mines;;;7.200698;48.25042
68298_0500_00008;8;;Rue Narbey;68160;68298;Sainte-Marie-aux-Mines;;;7.184777;48.247269
68298_0670_00039;39;;Rue Saint-Louis;68160;68298;Sainte-Marie-aux-Mines;;;7.181446;48.242257
68298_0410_00014;14;;Rue Kroeber-Imlin;68160;68298;Sainte-Marie-aux-Mines;;;7.17979;48.242563
68298_0110_00202;202;;Rue Clemenceau;68160;68298;Sainte-Marie-aux-Mines;;;7.172941;48.243048
68298_0450_00108;108;;Rue du Maréchal de Lattre de Tassigny;68160;68298;Sainte-Marie-aux-Mines;;;7.183425;48.246183
68298_0380_00034;34;;Rue Jean Jaurès;68160;68298;Sainte-Marie-aux-Mines;;;7.192424;48.251168
68298_0735_00001;1;;Rue de Trzic;68160;68298;Sainte-Marie-aux-Mines;;;7.19893;48.249954
68298_0356_00030_a;30;a;Rue Jacob Amann;68160;68298;Sainte-Marie-aux-Mines;;Echery;7.159695;48.230051
68298_b4r26x_00011_a;11;a;Rue de la Bourgonde;68160;68298;Sainte-Marie-aux-Mines;;;7.198561;48.234428
68298_0450_00183;183;;Rue du Maréchal de Lattre de Tassigny;68160;68298;Sainte-Marie-aux-Mines;;;7.180557;48.245011
68298_0600_00014;14;;Chemin du Rauenthal;68160;68298;Sainte-Marie-aux-Mines;;;7.161059;48.216856
68298_an2ds1_00018;18;;Rue des Boutons d’Or;68160;68298;Sainte-Marie-aux-Mines;;;7.173863;48.236911
68298_0380_00048;48;;Rue Jean Jaurès;68160;68298;Sainte-Marie-aux-Mines;;;7.193201;48.251484
68298_0370_00019;19;;Rue Jean-Jacques Bock;68160;68298;Sainte-Marie-aux-Mines;;;7.174559;48.246026
68298_0500_00006;6;;Rue Narbey;68160;68298;Sainte-Marie-aux-Mines;;;7.184822;48.247207
68298_zprjv5_00002;2;;Hergauchamps;68160;68298;Sainte-Marie-aux-Mines;;;7.15079;48.243896
68298_0623_00007;7;;Rue Les Mélèzes;68160;68298;Sainte-Marie-aux-Mines;;;7.197413;48.251892
68298_0623_00023;23;;Rue Les Mélèzes;68160;68298;Sainte-Marie-aux-Mines;;;7.199581;48.251995
68298_0429_00007;7;;Clos Liversel;68160;68298;Sainte-Marie-aux-Mines;;;7.171403;48.242814
68298_0780_00095;95;;Rue Wilson;68160;68298;Sainte-Marie-aux-Mines;;;7.186317;48.247327
68298_0356_00029;29;;Rue Jacob Amann;68160;68298;Sainte-Marie-aux-Mines;;Echery;7.160339;48.23046
68298_0280_00039;39;;Rue du Général Bourgeois;68160;68298;Sainte-Marie-aux-Mines;;;7.178734;48.240693
68298_0458_00007;7;;Place Foch;68160;68298;Sainte-Marie-aux-Mines;;;7.179491;48.244905
68298_0110_00211;211;;Rue Clemenceau;68160;68298;Sainte-Marie-aux-Mines;;;7.178337;48.244191
68298_0670_00067;67;;Rue Saint-Louis;68160;68298;Sainte-Marie-aux-Mines;;;7.182309;48.243579
68298_0600_00010;10;;Chemin du Rauenthal;68160;68298;Sainte-Marie-aux-Mines;;;7.166143;48.223634
68298_0510_00006;6;;Rue Osmont;68160;68298;Sainte-Marie-aux-Mines;;;7.181517;48.243542
68298_0695_00013_a;13;a;Route du Stade;68160;68298;Sainte-Marie-aux-Mines;;;7.1636;48.235185
68298_0750_00014;14;;Rue de la Vieille Poste;68160;68298;Sainte-Marie-aux-Mines;;;7.182607;48.24504
68298_a004_00002;2;;lotissement les Coquelicots;68160;68298;Sainte-Marie-aux-Mines;;;7.218334;48.258949
68298_0370_00044;44;;Rue Jean-Jacques Bock;68160;68298;Sainte-Marie-aux-Mines;;;7.173994;48.248856
68298_0420_00001_a;1;a;Rue de la Liberté;68160;68298;Sainte-Marie-aux-Mines;;;7.185515;48.24532
68298_0640_00017;17;;Avenue Robert Zeller;68160;68298;Sainte-Marie-aux-Mines;;;7.191498;48.250323
68298_0520_00001;1;;Petite Rue du Temple;68160;68298;Sainte-Marie-aux-Mines;;;7.184379;48.245707
68298_0750_00006;6;;Rue de la Vieille Poste;68160;68298;Sainte-Marie-aux-Mines;;;7.182242;48.244946
68298_0356_00024;24;;Rue Jacob Amann;68160;68298;Sainte-Marie-aux-Mines;;Echery;7.16072;48.230792
68298_0450_00136;136;;Rue du Maréchal de Lattre de Tassigny;68160;68298;Sainte-Marie-aux-Mines;;;7.180532;48.245097
68298_0110_00215;215;;Rue Clemenceau;68160;68298;Sainte-Marie-aux-Mines;;;7.17817;48.244167
68298_0500_00010;10;;Rue Narbey;68160;68298;Sainte-Marie-aux-Mines;;;7.1847;48.247353
68298_0650_00008_a;8;a;Quartier Rohmer;68160;68298;Sainte-Marie-aux-Mines;;;7.186738;48.249219
68298_0780_00026;26;;Rue Wilson;68160;68298;Sainte-Marie-aux-Mines;;;7.188317;48.248994
68298_qwpmkr_00002_a;2;a;Chemin de la Croix de Mission;68160;68298;Sainte-Marie-aux-Mines;;;7.18452;48.249187
68298_0780_00093;93;;Rue Wilson;68160;68298;Sainte-Marie-aux-Mines;;;7.186399;48.247371
68298_0110_00268;268;;Rue Clemenceau;68160;68298;Sainte-Marie-aux-Mines;;;7.161977;48.244038
68298_0380_00052;52;;Rue Jean Jaurès;68160;68298;Sainte-Marie-aux-Mines;;;7.195625;48.252537
68298_0410_00012;12;;Rue Kroeber-Imlin;68160;68298;Sainte-Marie-aux-Mines;;;7.179729;48.242672
68298_0450_00187;187;;Rue du Maréchal de Lattre de Tassigny;68160;68298;Sainte-Marie-aux-Mines;;;7.180069;48.244873
68298_0620_00012;12;;Rue de la République;68160;68298;Sainte-Marie-aux-Mines;;;7.174386;48.241727
68298_b076_00024;24;;La Petite Lièpvre;68160;68298;Sainte-Marie-aux-Mines;;;7.138579;48.214617
68298_0780_00071;71;;Rue Wilson;68160;68298;Sainte-Marie-aux-Mines;;;7.187267;48.247965
68298_0500_00001;1;;Rue Narbey;68160;68298;Sainte-Marie-aux-Mines;;;7.184098;48.247634
68298_f2lz6c_09001;9001;;Col des Bagenelles;68160;68298;Sainte-Marie-aux-Mines;;;7.115185;48.192894
68298_0623_00013;13;;Rue Les Mélèzes;68160;68298;Sainte-Marie-aux-Mines;;;7.197788;48.251318
68298_0623_00001;1;;Rue Les Mélèzes;68160;68298;Sainte-Marie-aux-Mines;;;7.196972;48.252284
68298_0450_00112;112;;Rue du Maréchal de Lattre de Tassigny;68160;68298;Sainte-Marie-aux-Mines;;;7.18311;48.246068
68298_0350_00006;6;;Rue Houchot;68160;68298;Sainte-Marie-aux-Mines;;;7.180156;48.245779
68298_0623_00046;46;;Rue Les Mélèzes;68160;68298;Sainte-Marie-aux-Mines;;;7.199775;48.252524
68298_0670_00015;15;;Rue Saint-Louis;68160;68298;Sainte-Marie-aux-Mines;;;7.180217;48.241354
68298_0685_00009;9;;Chemin de Saint-Pierre sur l’Hâte;68160;68298;Sainte-Marie-aux-Mines;;;7.170182;48.227382
68298_an2ds1_00020;20;;Rue des Boutons d’Or;68160;68298;Sainte-Marie-aux-Mines;;;7.174022;48.237239
68298_0110_00158;158;;Rue Clemenceau;68160;68298;Sainte-Marie-aux-Mines;;;7.178084;48.244212
68298_0450_00155;155;;Rue du Maréchal de Lattre de Tassigny;68160;68298;Sainte-Marie-aux-Mines;;;7.182865;48.24584
68298_0775_00001;1;;Rue Waltersperger;68160;68298;Sainte-Marie-aux-Mines;;;7.177278;48.243035
68298_gjh79y_00014_a;14;a;Fertrupt;68160;68298;Sainte-Marie-aux-Mines;;;7.199573;48.247462
68298_0620_00003;3;;Rue de la République;68160;68298;Sainte-Marie-aux-Mines;;;7.17661;48.242044
68298_0081_00007;7;;Rue des Cerisiers;68160;68298;Sainte-Marie-aux-Mines;;;7.192148;48.249337
68298_0510_00005;5;;Rue Osmont;68160;68298;Sainte-Marie-aux-Mines;;;7.181648;48.243594
68298_0640_00011;11;;Avenue Robert Zeller;68160;68298;Sainte-Marie-aux-Mines;;;7.192571;48.250678
68298_0280_00022;22;;Rue du Général Bourgeois;68160;68298;Sainte-Marie-aux-Mines;;;7.179946;48.242362
68298_0280_00040;40;;Rue du Général Bourgeois;68160;68298;Sainte-Marie-aux-Mines;;;7.179916;48.241754
68298_0110_00195;195;;Rue Clemenceau;68160;68298;Sainte-Marie-aux-Mines;;;7.179299;48.244511
68298_b096_00005;5;;Saint Philippe;68160;68298;Sainte-Marie-aux-Mines;;Saint-Philippe;7.186257;48.237409
68298_0280_00036_a;36;a;Rue du Général Bourgeois;68160;68298;Sainte-Marie-aux-Mines;;;7.180116;48.241943
68298_0286_00036;36;;Rue du Général Vandenberg;68160;68298;Sainte-Marie-aux-Mines;;;7.184955;48.246433
68298_0470_00045;45;;Rue des Mines;68160;68298;Sainte-Marie-aux-Mines;;;7.184104;48.238296
68298_0280_00082;82;;Rue du Général Bourgeois;68160;68298;Sainte-Marie-aux-Mines;;;7.175317;48.238582
68298_0620_00001;1;;Rue de la République;68160;68298;Sainte-Marie-aux-Mines;;;7.177737;48.242214
68298_0760_00014;14;;Sentier des Vignes;68160;68298;Sainte-Marie-aux-Mines;;;7.188035;48.250445
68298_0450_00189;189;;Rue du Maréchal de Lattre de Tassigny;68160;68298;Sainte-Marie-aux-Mines;;;7.180014;48.244867
68298_0735_00033;33;;Rue de Trzic;68160;68298;Sainte-Marie-aux-Mines;;;7.201763;48.24973
68298_an2ds1_00006;6;;Rue des Boutons d’Or;68160;68298;Sainte-Marie-aux-Mines;;;7.173236;48.236696
68298_0413_00009;9;;Rue de la Forge;68160;68298;Sainte-Marie-aux-Mines;;;7.201825;48.25472
68298_0560_00040_a;40;a;Rue du Président Poincaré;68160;68298;Sainte-Marie-aux-Mines;;;7.186115;48.248574
68298_d5eq4a_00009;9;;Bellevue;68160;68298;Sainte-Marie-aux-Mines;;;7.18113;48.247467
68298_0110_00207;207;;Rue Clemenceau;68160;68298;Sainte-Marie-aux-Mines;;;7.178612;48.244266
68298_0356_00014;14;;Rue Jacob Amann;68160;68298;Sainte-Marie-aux-Mines;;Echery;7.161307;48.232537
68298_gjh79y_00013_a;13;a;Fertrupt;68160;68298;Sainte-Marie-aux-Mines;;;7.199555;48.248235
68298_0450_00090_a;90;a;Rue du Maréchal de Lattre de Tassigny;68160;68298;Sainte-Marie-aux-Mines;;;7.184365;48.246624
68298_0670_00000;0;;Rue Saint-Louis;68160;68298;Sainte-Marie-aux-Mines;;;7.182697;48.244149
68298_0780_00002;2;;Rue Wilson;68160;68298;Sainte-Marie-aux-Mines;;;7.191111;48.251659
68298_0420_00003;3;;Rue de la Liberté;68160;68298;Sainte-Marie-aux-Mines;;;7.18601;48.245465
68298_0470_00009;9;;Rue des Mines;68160;68298;Sainte-Marie-aux-Mines;;;7.179836;48.240423
68298_0zf9ex_00004_b;4;b;Fenarupt;68160;68298;Sainte-Marie-aux-Mines;;;7.173656;48.25187
68298_b094_00020_d;20;d;Saint Blaise;68160;68298;Sainte-Marie-aux-Mines;;;7.220115;48.257494
68298_0610_00036;36;;Rue Reber;68160;68298;Sainte-Marie-aux-Mines;;;7.18858;48.248295
68298_0356_00006;6;;Rue Jacob Amann;68160;68298;Sainte-Marie-aux-Mines;;Echery;7.161932;48.233673
68298_b081_00002;2;;Prés de la Fonderie;68160;68298;Sainte-Marie-aux-Mines;;;7.172448;48.231803
68298_0610_00009_b;9;b;Rue Reber;68160;68298;Sainte-Marie-aux-Mines;;;7.186364;48.246922
68298_47qio8_00007_a;7;a;Fischtal;68160;68298;Sainte-Marie-aux-Mines;;;7.20676;48.235267
68298_0741_00017;17;;Rue d'Untergrombach;68160;68298;Sainte-Marie-aux-Mines;;;7.170413;48.234729
68298_0670_00052_a;52;a;Rue Saint-Louis;68160;68298;Sainte-Marie-aux-Mines;;;7.182677;48.244294
68298_b076_00020;20;;La Petite Lièpvre;68160;68298;Sainte-Marie-aux-Mines;;;7.14029;48.216649
68298_0622_00005;5;;Rue des Genêts;68160;68298;Sainte-Marie-aux-Mines;;;7.181609;48.246415
68298_0735_00043;43;;Rue de Trzic;68160;68298;Sainte-Marie-aux-Mines;;;7.202149;48.249389
68298_0780_00109;109;;Rue Wilson;68160;68298;Sainte-Marie-aux-Mines;;;7.185822;48.2471
68298_mb16xf_00022;22;;le Chauffour;68160;68298;Sainte-Marie-aux-Mines;;;7.172793;48.221084
68298_0760_00008_a;8;a;Sentier des Vignes;68160;68298;Sainte-Marie-aux-Mines;;;7.186622;48.249831
68298_b094_00025;25;;Saint Blaise;68160;68298;Sainte-Marie-aux-Mines;;;7.217557;48.257304
68298_0280_00027;27;;Rue du Général Bourgeois;68160;68298;Sainte-Marie-aux-Mines;;;7.179375;48.241216
68298_0780_00050;50;;Rue Wilson;68160;68298;Sainte-Marie-aux-Mines;;;7.187043;48.247901
68298_0370_00006_a;6;a;Rue Jean-Jacques Bock;68160;68298;Sainte-Marie-aux-Mines;;;7.176303;48.244458
68298_0110_00142;142;;Rue Clemenceau;68160;68298;Sainte-Marie-aux-Mines;;;7.179169;48.244588
68298_an2ds1_00002;2;;Rue des Boutons d’Or;68160;68298;Sainte-Marie-aux-Mines;;;7.173935;48.237265
68298_ukissk_00003;3;;Brifosse;68160;68298;Sainte-Marie-aux-Mines;;;7.167444;48.24283
68298_0630_00001_a;1;a;Carrefour de Ribeauvillé;68160;68298;Sainte-Marie-aux-Mines;;;7.196438;48.252684
68298_0110_00224;224;;Rue Clemenceau;68160;68298;Sainte-Marie-aux-Mines;;;7.170623;48.243041
68298_84e575_00048;48;;Echery;68160;68298;Sainte-Marie-aux-Mines;;;7.162802;48.23104
68298_0670_00026;26;;Rue Saint-Louis;68160;68298;Sainte-Marie-aux-Mines;;;7.181365;48.24227
68298_0560_00032;32;;Rue du Président Poincaré;68160;68298;Sainte-Marie-aux-Mines;;;7.185396;48.248889
68298_0356_00018;18;;Rue Jacob Amann;68160;68298;Sainte-Marie-aux-Mines;;Echery;7.16103;48.231755
68298_gfezrv_00003;3;;Les Marronniers;68160;68298;Sainte-Marie-aux-Mines;;;7.201189;48.252941
68298_a045_00005;5;;Residence les Fougères;68160;68298;Sainte-Marie-aux-Mines;;;7.17561;48.237602
68298_0695_00011;11;;Route du Stade;68160;68298;Sainte-Marie-aux-Mines;;;7.164656;48.235605
68298_b076_00007;7;;La Petite Lièpvre;68160;68298;Sainte-Marie-aux-Mines;;;7.152598;48.22748
68298_0750_00003;3;;Rue de la Vieille Poste;68160;68298;Sainte-Marie-aux-Mines;;;7.181411;48.245017
68298_0760_00011;11;;Sentier des Vignes;68160;68298;Sainte-Marie-aux-Mines;;;7.1872;48.250146
68298_0780_00059;59;;Rue Wilson;68160;68298;Sainte-Marie-aux-Mines;;;7.187617;48.248302
68298_0741_00019;19;;Rue d'Untergrombach;68160;68298;Sainte-Marie-aux-Mines;;;7.171185;48.234594
68298_0370_00057;57;;Rue Jean-Jacques Bock;68160;68298;Sainte-Marie-aux-Mines;;;7.174062;48.24931
68298_0370_00012;12;;Rue Jean-Jacques Bock;68160;68298;Sainte-Marie-aux-Mines;;;7.175471;48.244881
68298_84e575_00046;46;;Echery;68160;68298;Sainte-Marie-aux-Mines;;;7.162654;48.231121
68298_0470_00012;12;;Rue des Mines;68160;68298;Sainte-Marie-aux-Mines;;Saint-Philippe;7.181322;48.239573
68298_0670_00081;81;;Rue Saint-Louis;68160;68298;Sainte-Marie-aux-Mines;;;7.182892;48.244426
68298_0110_00226;226;;Rue Clemenceau;68160;68298;Sainte-Marie-aux-Mines;;;7.170414;48.243048
68298_0370_00017;17;;Rue Jean-Jacques Bock;68160;68298;Sainte-Marie-aux-Mines;;;7.175026;48.245355
68298_0110_00225_b;225;b;Rue Clemenceau;68160;68298;Sainte-Marie-aux-Mines;;;7.174838;48.243166
68298_0695_00001_a;1;a;Route du Stade;68160;68298;Sainte-Marie-aux-Mines;;;7.171578;48.237155
68298_0623_00022;22;;Rue Les Mélèzes;68160;68298;Sainte-Marie-aux-Mines;;;7.198849;48.251879
68298_0640_00007;7;;Avenue Robert Zeller;68160;68298;Sainte-Marie-aux-Mines;;;7.193556;48.250962
68298_0735_00009;9;;Rue de Trzic;68160;68298;Sainte-Marie-aux-Mines;;;7.200135;48.25122
68298_0780_00018_a;18;a;Rue Wilson;68160;68298;Sainte-Marie-aux-Mines;;;7.189584;48.250135
68298_b076_00018;18;;La Petite Lièpvre;68160;68298;Sainte-Marie-aux-Mines;;;7.141812;48.21761
68298_0505_00026;26;;Rue de la Nouvelle Cité Blech;68160;68298;Sainte-Marie-aux-Mines;;;7.193741;48.252335
68298_0450_00134;134;;Rue du Maréchal de Lattre de Tassigny;68160;68298;Sainte-Marie-aux-Mines;;;7.180744;48.245133
68298_0560_00023;23;;Rue du Président Poincaré;68160;68298;Sainte-Marie-aux-Mines;;;7.184205;48.248551
68298_0380_00030;30;;Rue Jean Jaurès;68160;68298;Sainte-Marie-aux-Mines;;;7.191525;48.250821
68298_0623_00032;32;;Rue Les Mélèzes;68160;68298;Sainte-Marie-aux-Mines;;;7.201343;48.251775
68298_0560_00025;25;;Rue du Président Poincaré;68160;68298;Sainte-Marie-aux-Mines;;;7.184333;48.248611
68298_0110_00237_a;237;a;Rue Clemenceau;68160;68298;Sainte-Marie-aux-Mines;;;7.173015;48.242975
68298_0780_00017;17;;Rue Wilson;68160;68298;Sainte-Marie-aux-Mines;;;7.189635;48.250038
68298_0610_00031;31;;Rue Reber;68160;68298;Sainte-Marie-aux-Mines;;;7.189601;48.24861
68298_a004_00016;16;;lotissement les Coquelicots;68160;68298;Sainte-Marie-aux-Mines;;;7.217396;48.258831
68298_b4r26x_00011;11;;Rue de la Bourgonde;68160;68298;Sainte-Marie-aux-Mines;;;7.198553;48.234455
68298_b094_00033;33;;Saint Blaise;68160;68298;Sainte-Marie-aux-Mines;;;7.216734;48.256773
68298_0623_00020;20;;Rue Les Mélèzes;68160;68298;Sainte-Marie-aux-Mines;;;7.199171;48.252043
68298_0670_00011;11;;Rue Saint-Louis;68160;68298;Sainte-Marie-aux-Mines;;;7.179823;48.241056
68298_bdt3xj_00012;12;;Rue Saint-Michel;68160;68298;Sainte-Marie-aux-Mines;;;7.190496;48.247576
68298_0741_00024_a;24;a;Rue d'Untergrombach;68160;68298;Sainte-Marie-aux-Mines;;;7.164393;48.233381
68298_0760_00009;9;;Sentier des Vignes;68160;68298;Sainte-Marie-aux-Mines;;;7.186937;48.250033
68298_0780_00065;65;;Rue Wilson;68160;68298;Sainte-Marie-aux-Mines;;;7.187462;48.248157
68298_0780_00089;89;;Rue Wilson;68160;68298;Sainte-Marie-aux-Mines;;;7.186502;48.247417
68298_akwwpl_00001;1;;Sur les Prés;68160;68298;Sainte-Marie-aux-Mines;;;7.199389;48.25298
68298_b076_00008;8;;La Petite Lièpvre;68160;68298;Sainte-Marie-aux-Mines;;;7.151413;48.226634
68298_0350_00003;3;;Rue Houchot;68160;68298;Sainte-Marie-aux-Mines;;;7.179933;48.245571
68298_0356_00029_a;29;a;Rue Jacob Amann;68160;68298;Sainte-Marie-aux-Mines;;Echery;7.160105;48.230493
68298_0695_00001;1;;Route du Stade;68160;68298;Sainte-Marie-aux-Mines;;;7.171597;48.237158
68298_0685_00030;30;;Chemin de Saint-Pierre sur l’Hâte;68160;68298;Sainte-Marie-aux-Mines;;;7.174342;48.224178
68298_0356_00007;7;;Rue Jacob Amann;68160;68298;Sainte-Marie-aux-Mines;;Echery;7.161776;48.233321
68298_b094_00020_a;20;a;Saint Blaise;68160;68298;Sainte-Marie-aux-Mines;;;7.220562;48.257932
68298_0600_00002_a;2;a;Chemin du Rauenthal;68160;68298;Sainte-Marie-aux-Mines;;;7.16476;48.229454
68298_0670_00077;77;;Rue Saint-Louis;68160;68298;Sainte-Marie-aux-Mines;;;7.182557;48.243929
68298_0570_00004_bis;4;bis;Place Prensureux;68160;68298;Sainte-Marie-aux-Mines;;;7.189248;48.249184
68298_0081_00018;18;;Rue des Cerisiers;68160;68298;Sainte-Marie-aux-Mines;;;7.197413;48.249819
68298_0670_00006;6;;Rue Saint-Louis;68160;68298;Sainte-Marie-aux-Mines;;;7.179496;48.240852
68298_0110_00214;214;;Rue Clemenceau;68160;68298;Sainte-Marie-aux-Mines;;;7.171886;48.243059
68298_0500_00014;14;;Rue Narbey;68160;68298;Sainte-Marie-aux-Mines;;;7.184414;48.247704
68298_b094_00020_c;20;c;Saint Blaise;68160;68298;Sainte-Marie-aux-Mines;;;7.219918;48.257847
68298_b076_00003_a;3;a;La Petite Lièpvre;68160;68298;Sainte-Marie-aux-Mines;;;7.154769;48.22908
68298_0370_00006_e;6;e;Rue Jean-Jacques Bock;68160;68298;Sainte-Marie-aux-Mines;;;7.175802;48.244323
68298_0600_00009;9;;Chemin du Rauenthal;68160;68298;Sainte-Marie-aux-Mines;;;7.166341;48.224632
68298_0695_00002;2;;Route du Stade;68160;68298;Sainte-Marie-aux-Mines;;;7.166463;48.236106
68298_pzf7on_00020;20;;Florival;68160;68298;Sainte-Marie-aux-Mines;;;7.19292;48.243158
68298_b025_00005_b;5;b;La Côte d'Echery;68160;68298;Sainte-Marie-aux-Mines;;;7.144124;48.2329
68298_b096_00004_b;4;b;Saint Philippe;68160;68298;Sainte-Marie-aux-Mines;;Saint-Philippe;7.185228;48.237021
68298_0760_00008;8;;Sentier des Vignes;68160;68298;Sainte-Marie-aux-Mines;;;7.186562;48.249802
68298_0735_00019;19;;Rue de Trzic;68160;68298;Sainte-Marie-aux-Mines;;;7.201016;48.250846
68298_0356_00028;28;;Rue Jacob Amann;68160;68298;Sainte-Marie-aux-Mines;;Echery;7.160567;48.230646
68298_bdt3xj_00016;16;;Rue Saint-Michel;68160;68298;Sainte-Marie-aux-Mines;;;7.18982;48.247347
68298_0741_00030;30;;Rue d'Untergrombach;68160;68298;Sainte-Marie-aux-Mines;;;7.163991;48.232937
68298_0750_00002_a;2;a;Rue de la Vieille Poste;68160;68298;Sainte-Marie-aux-Mines;;;7.181951;48.244975
68298_0zf9ex_00004_a;4;a;Fenarupt;68160;68298;Sainte-Marie-aux-Mines;;;7.173903;48.251742
68298_b076_00001_a;1;a;La Petite Lièpvre;68160;68298;Sainte-Marie-aux-Mines;;;7.156801;48.229635
68298_0081_00001;1;;Rue des Cerisiers;68160;68298;Sainte-Marie-aux-Mines;;;7.190795;48.248849
68298_0640_00003;3;;Avenue Robert Zeller;68160;68298;Sainte-Marie-aux-Mines;;;7.194467;48.251415
68298_0380_00050;50;;Rue Jean Jaurès;68160;68298;Sainte-Marie-aux-Mines;;;7.194815;48.252141
68298_0505_00024;24;;Rue de la Nouvelle Cité Blech;68160;68298;Sainte-Marie-aux-Mines;;;7.193882;48.252173
68298_0730_00017;17;;Rue du Temple;68160;68298;Sainte-Marie-aux-Mines;;;7.183773;48.245368
68298_0110_00222;222;;Rue Clemenceau;68160;68298;Sainte-Marie-aux-Mines;;;7.170821;48.243045
68298_0780_00019;19;;Rue Wilson;68160;68298;Sainte-Marie-aux-Mines;;;7.189518;48.249929
68298_0140_00009;9;;Rue du Docteur Weisgerber;68160;68298;Sainte-Marie-aux-Mines;;;7.183984;48.245984
68298_jygmyg_00009;9;;Rue des Terrasses du Plein Soleil;68160;68298;Sainte-Marie-aux-Mines;;;7.202662;48.248984
68298_0741_00054;54;;Rue d'Untergrombach;68160;68298;Sainte-Marie-aux-Mines;;;7.16272;48.231607
68298_0780_00069;69;;Rue Wilson;68160;68298;Sainte-Marie-aux-Mines;;;7.187321;48.248052
68298_gjh79y_00027_f;27;f;Fertrupt;68160;68298;Sainte-Marie-aux-Mines;;;7.197934;48.24536
68298_0610_00044;44;;Rue Reber;68160;68298;Sainte-Marie-aux-Mines;;;7.189217;48.248638
68298_a004_00018;18;;lotissement les Coquelicots;68160;68298;Sainte-Marie-aux-Mines;;;7.217021;48.258566
68298_0560_00028;28;;Rue du Président Poincaré;68160;68298;Sainte-Marie-aux-Mines;;;7.185158;48.248857
68298_0570_00004;4;;Place Prensureux;68160;68298;Sainte-Marie-aux-Mines;;;7.188945;48.249067
68298_0081_00016;16;;Rue des Cerisiers;68160;68298;Sainte-Marie-aux-Mines;;;7.195704;48.250554
68298_0780_00081;81;;Rue Wilson;68160;68298;Sainte-Marie-aux-Mines;;;7.186833;48.247599
68298_0413_00011;11;;Rue de la Forge;68160;68298;Sainte-Marie-aux-Mines;;;7.202137;48.254802
68298_0280_00076_b;76;b;Rue du Général Bourgeois;68160;68298;Sainte-Marie-aux-Mines;;;7.177225;48.239106
68298_0380_00038;38;;Rue Jean Jaurès;68160;68298;Sainte-Marie-aux-Mines;;;7.192556;48.251216
68298_ukissk_00010;10;;Brifosse;68160;68298;Sainte-Marie-aux-Mines;;;7.167691;48.243235
68298_0735_00026;26;;Rue de Trzic;68160;68298;Sainte-Marie-aux-Mines;;;7.201586;48.249455
68298_0280_00035;35;;Rue du Général Bourgeois;68160;68298;Sainte-Marie-aux-Mines;;;7.17911;48.24099
68298_0685_00026;26;;Chemin de Saint-Pierre sur l’Hâte;68160;68298;Sainte-Marie-aux-Mines;;;7.17096;48.226715
68298_0470_00013;13;;Rue des Mines;68160;68298;Sainte-Marie-aux-Mines;;;7.180356;48.240084
68298_0081_00012;12;;Rue des Cerisiers;68160;68298;Sainte-Marie-aux-Mines;;;7.193453;48.249602
68298_0620_00009;9;;Rue de la République;68160;68298;Sainte-Marie-aux-Mines;;;7.175176;48.241819
68298_b094_00008;8;;Saint Blaise;68160;68298;Sainte-Marie-aux-Mines;;;7.219609;48.259102
68298_84e575_00047;47;;Echery;68160;68298;Sainte-Marie-aux-Mines;;;7.162773;48.231055
68298_0370_00008;8;;Rue Jean-Jacques Bock;68160;68298;Sainte-Marie-aux-Mines;;;7.175654;48.244487
68298_0470_00041;41;;Rue des Mines;68160;68298;Sainte-Marie-aux-Mines;;;7.183531;48.238752
68298_0735_00003;3;;Rue de Trzic;68160;68298;Sainte-Marie-aux-Mines;;;7.199119;48.250009
68298_0730_00023_b;23;b;Rue du Temple;68160;68298;Sainte-Marie-aux-Mines;;;7.185041;48.245803
68298_b058_00010;10;;la Haute Broque;68160;68298;Sainte-Marie-aux-Mines;;;7.134485;48.232447
68298_0370_00040;40;;Rue Jean-Jacques Bock;68160;68298;Sainte-Marie-aux-Mines;;;7.173643;48.248566
68298_0623_00009;9;;Rue Les Mélèzes;68160;68298;Sainte-Marie-aux-Mines;;;7.197547;48.251779
68298_0411_00001;1;;Passage Kurtz;68160;68298;Sainte-Marie-aux-Mines;;;7.186044;48.248108
68298_gjh79y_00027;27;;Fertrupt;68160;68298;Sainte-Marie-aux-Mines;;;7.198265;48.246017
68298_b094_00034;34;;Saint Blaise;68160;68298;Sainte-Marie-aux-Mines;;;7.216352;48.256585
68298_gjh79y_00031;31;;Fertrupt;68160;68298;Sainte-Marie-aux-Mines;;;7.199136;48.24507
68298_b076_00002;2;;La Petite Lièpvre;68160;68298;Sainte-Marie-aux-Mines;;;7.156745;48.229543
68298_b096_00007;7;;Saint Philippe;68160;68298;Sainte-Marie-aux-Mines;;Saint-Philippe;7.185853;48.237425
68298_0450_00169;169;;Rue du Maréchal de Lattre de Tassigny;68160;68298;Sainte-Marie-aux-Mines;;;7.181424;48.245202
68298_gjh79y_00047;47;;Fertrupt;68160;68298;Sainte-Marie-aux-Mines;;;7.199984;48.246625
68298_0450_00147;147;;Rue du Maréchal de Lattre de Tassigny;68160;68298;Sainte-Marie-aux-Mines;;;7.183273;48.24605
68298_0560_00022;22;;Rue du Président Poincaré;68160;68298;Sainte-Marie-aux-Mines;;;7.184248;48.248636
68298_0622_00002;2;;Rue des Genêts;68160;68298;Sainte-Marie-aux-Mines;;;7.181339;48.245787
68298_qwpmkr_00003;3;;Chemin de la Croix de Mission;68160;68298;Sainte-Marie-aux-Mines;;;7.184488;48.249262
68298_0fo2ve_00029;29;;Buerstenbuckel;68160;68298;Sainte-Marie-aux-Mines;;;7.218399;48.252835
68298_0623_00014;14;;Rue Les Mélèzes;68160;68298;Sainte-Marie-aux-Mines;;;7.198426;48.252343
68298_0110_00158_a;158;a;Rue Clemenceau;68160;68298;Sainte-Marie-aux-Mines;;;7.177545;48.244565
68298_0650_00004;4;;Quartier Rohmer;68160;68298;Sainte-Marie-aux-Mines;;;7.187041;48.249013
68298_0760_00002;2;;Sentier des Vignes;68160;68298;Sainte-Marie-aux-Mines;;;7.185653;48.249088
68298_0750_00004;4;;Rue de la Vieille Poste;68160;68298;Sainte-Marie-aux-Mines;;;7.182179;48.244944
68298_0780_00076;76;;Rue Wilson;68160;68298;Sainte-Marie-aux-Mines;;;7.185718;48.24713
68298_0780_00083;83;;Rue Wilson;68160;68298;Sainte-Marie-aux-Mines;;;7.186787;48.247576
68298_gjh79y_00050;50;;Fertrupt;68160;68298;Sainte-Marie-aux-Mines;;;7.199925;48.246656
68298_0380_00009;9;;Rue Jean Jaurès;68160;68298;Sainte-Marie-aux-Mines;;;7.191017;48.250403
68298_0730_00013;13;;Rue du Temple;68160;68298;Sainte-Marie-aux-Mines;;;7.183574;48.24528
68298_b025_00004_c;4;c;La Côte d'Echery;68160;68298;Sainte-Marie-aux-Mines;;;7.148654;48.23166
68298_0741_00001_a;1;a;Rue d'Untergrombach;68160;68298;Sainte-Marie-aux-Mines;;;7.174607;48.236287
68298_0380_00046;46;;Rue Jean Jaurès;68160;68298;Sainte-Marie-aux-Mines;;;7.193025;48.25141
68298_0741_00048;48;;Rue d'Untergrombach;68160;68298;Sainte-Marie-aux-Mines;;;7.163232;48.231973
68298_b025_00016;16;;La Côte d'Echery;68160;68298;Sainte-Marie-aux-Mines;;;7.133728;48.216404
68298_b096_00015;15;;Saint Philippe;68160;68298;Sainte-Marie-aux-Mines;;;7.180254;48.239592
68298_a003_00017;17;;Lotissement les Primevères;68160;68298;Sainte-Marie-aux-Mines;;;7.171757;48.234997
68298_0450_00151;151;;Rue du Maréchal de Lattre de Tassigny;68160;68298;Sainte-Marie-aux-Mines;;;7.18306;48.245949
68298_a59xn7_00001;1;;Chemin de la Tour des Mineurs;68160;68298;Sainte-Marie-aux-Mines;;;7.1619;48.231163
68298_0450_00118;118;;Rue du Maréchal de Lattre de Tassigny;68160;68298;Sainte-Marie-aux-Mines;;;7.181752;48.245404
68298_0760_00012;12;;Sentier des Vignes;68160;68298;Sainte-Marie-aux-Mines;;;7.187449;48.250318
68298_84e575_00040;40;;Echery;68160;68298;Sainte-Marie-aux-Mines;;;7.161777;48.231841
68298_k903vq_00010;10;;la Fouchelle;68160;68298;Sainte-Marie-aux-Mines;;;7.185565;48.241835
68298_0zf9ex_00010;10;;Fenarupt;68160;68298;Sainte-Marie-aux-Mines;;;7.176089;48.253831
68298_x6juef_00005;5;;Chemin de Saint Blaise;68160;68298;Sainte-Marie-aux-Mines;;;7.210413;48.254372
68298_0110_00190;190;;Rue Clemenceau;68160;68298;Sainte-Marie-aux-Mines;;;7.174551;48.243155
68298_zprjv5_00001;1;;Hergauchamps;68160;68298;Sainte-Marie-aux-Mines;;;7.153743;48.243805
68298_0741_00007;7;;Rue d'Untergrombach;68160;68298;Sainte-Marie-aux-Mines;;;7.172582;48.235811
68298_0623_00025;25;;Rue Les Mélèzes;68160;68298;Sainte-Marie-aux-Mines;;;7.200436;48.252007
68298_b096_00001;1;;Saint Philippe;68160;68298;Sainte-Marie-aux-Mines;;Saint-Philippe;7.182397;48.239254
68298_0330_00001;1;;Haute Rue;68160;68298;Sainte-Marie-aux-Mines;;;7.17934;48.244863
68298_0670_00051_b;51;b;Rue Saint-Louis;68160;68298;Sainte-Marie-aux-Mines;;;7.181967;48.242969
68298_0750_00023;23;;Rue de la Vieille Poste;68160;68298;Sainte-Marie-aux-Mines;;;7.182607;48.244968
68298_mb2l65_00009;9;;Rue de la Goutte Saint Blaise;68160;68298;Sainte-Marie-aux-Mines;;;7.220075;48.258338
68298_0450_00135;135;;Rue du Maréchal de Lattre de Tassigny;68160;68298;Sainte-Marie-aux-Mines;;;7.183894;48.246294
68298_0780_00031;31;;Rue Wilson;68160;68298;Sainte-Marie-aux-Mines;;;7.189068;48.249544
68298_gjh79y_00019_a;19;a;Fertrupt;68160;68298;Sainte-Marie-aux-Mines;;;7.19921;48.246348
68298_b076_00035_a;35;a;La Petite Lièpvre;68160;68298;Sainte-Marie-aux-Mines;;;7.114253;48.192851
68298_0130_00007;7;;Rue du Docteur Mühlenbeck;68160;68298;Sainte-Marie-aux-Mines;;;7.181317;48.246721
68298_0025_00017;17;;Rue de l'Ancienne Cité Blech;68160;68298;Sainte-Marie-aux-Mines;;;7.193078;48.25215
68298_0280_00040_a;40;a;Rue du Général Bourgeois;68160;68298;Sainte-Marie-aux-Mines;;;7.179849;48.241564
68298_gjh79y_00012_a;12;a;Fertrupt;68160;68298;Sainte-Marie-aux-Mines;;;7.199066;48.248684
68298_0405_00003;3;;Place Keufer;68160;68298;Sainte-Marie-aux-Mines;;;7.18518;48.246672
68298_0280_00042;42;;Rue du Général Bourgeois;68160;68298;Sainte-Marie-aux-Mines;;;7.179826;48.241495
68298_0600_00001;1;;Chemin du Rauenthal;68160;68298;Sainte-Marie-aux-Mines;;;7.16474;48.229674
68298_0570_00001;1;;Place Prensureux;68160;68298;Sainte-Marie-aux-Mines;;;7.188791;48.248933
68298_gjh79y_00027_c;27;c;Fertrupt;68160;68298;Sainte-Marie-aux-Mines;;;7.197996;48.245391
68298_b076_00030;30;;La Petite Lièpvre;68160;68298;Sainte-Marie-aux-Mines;;;7.125677;48.202789
68298_0110_00218;218;;Rue Clemenceau;68160;68298;Sainte-Marie-aux-Mines;;;7.171214;48.243047
68298_0741_00034;34;;Rue d'Untergrombach;68160;68298;Sainte-Marie-aux-Mines;;;7.163885;48.232801
68298_0623_00005;5;;Rue Les Mélèzes;68160;68298;Sainte-Marie-aux-Mines;;;7.197237;48.252049
68298_0370_00034;34;;Rue Jean-Jacques Bock;68160;68298;Sainte-Marie-aux-Mines;;;7.173692;48.248171
68298_0370_00024_a;24;a;Rue Jean-Jacques Bock;68160;68298;Sainte-Marie-aux-Mines;;;7.174106;48.246745
68298_pyrgrp_00059;59;;Adelspach;68160;68298;Sainte-Marie-aux-Mines;;;7.211914;48.223441
68298_0685_00008;8;;Chemin de Saint-Pierre sur l’Hâte;68160;68298;Sainte-Marie-aux-Mines;;;7.168563;48.22801
68298_0610_00024;24;;Rue Reber;68160;68298;Sainte-Marie-aux-Mines;;;7.187465;48.247661
68298_0670_00014;14;;Rue Saint-Louis;68160;68298;Sainte-Marie-aux-Mines;;;7.180604;48.241656
68298_0630_00001;1;;Carrefour de Ribeauvillé;68160;68298;Sainte-Marie-aux-Mines;;;7.197598;48.25306
68298_b094_00026;26;;Saint Blaise;68160;68298;Sainte-Marie-aux-Mines;;;7.216837;48.2568
68298_0400_00006;6;;Rue des Jardins;68160;68298;Sainte-Marie-aux-Mines;;;7.183441;48.246602
68298_0560_00039_a;39;a;Rue du Président Poincaré;68160;68298;Sainte-Marie-aux-Mines;;;7.186712;48.248582
68298_0370_00059;59;;Rue Jean-Jacques Bock;68160;68298;Sainte-Marie-aux-Mines;;;7.174026;48.249019
68298_gjh79y_00040_a;40;a;Fertrupt;68160;68298;Sainte-Marie-aux-Mines;;;7.199733;48.245175
68298_0695_00001_b;1;b;Route du Stade;68160;68298;Sainte-Marie-aux-Mines;;;7.170791;48.237004
68298_0110_00212;212;;Rue Clemenceau;68160;68298;Sainte-Marie-aux-Mines;;;7.172017;48.24306
68298_b4r26x_00016;16;;Rue de la Bourgonde;68160;68298;Sainte-Marie-aux-Mines;;;7.200657;48.231376
68298_0730_00025;25;;Rue du Temple;68160;68298;Sainte-Marie-aux-Mines;;;7.184676;48.245857
68298_b096_00013;13;;Saint Philippe;68160;68298;Sainte-Marie-aux-Mines;;Saint-Philippe;7.185755;48.231994
68298_b4r26x_00014;14;;Rue de la Bourgonde;68160;68298;Sainte-Marie-aux-Mines;;;7.197521;48.237694
68298_b4r26x_00013;13;;Rue de la Bourgonde;68160;68298;Sainte-Marie-aux-Mines;;;7.197398;48.237481
68298_84e575_00057;57;;Echery;68160;68298;Sainte-Marie-aux-Mines;;;7.164486;48.230388
68298_gjh79y_00008_a;8;a;Fertrupt;68160;68298;Sainte-Marie-aux-Mines;;;7.198964;48.249507
68298_0370_00026_b;26;b;Rue Jean-Jacques Bock;68160;68298;Sainte-Marie-aux-Mines;;;7.173798;48.247094
68298_ukissk_00002;2;;Brifosse;68160;68298;Sainte-Marie-aux-Mines;;;7.167502;48.242829
68298_0280_00019;19;;Rue du Général Bourgeois;68160;68298;Sainte-Marie-aux-Mines;;;7.179827;48.241879
68298_akwwpl_00002;2;;Sur les Prés;68160;68298;Sainte-Marie-aux-Mines;;;7.206613;48.254425
68298_0780_00111;111;;Rue Wilson;68160;68298;Sainte-Marie-aux-Mines;;;7.185741;48.247051
68298_0735_00011;11;;Rue de Trzic;68160;68298;Sainte-Marie-aux-Mines;;;7.19981;48.251037
68298_0380_00050_a;50;a;Rue Jean Jaurès;68160;68298;Sainte-Marie-aux-Mines;;;7.195355;48.252425
68298_0280_00021;21;;Rue du Général Bourgeois;68160;68298;Sainte-Marie-aux-Mines;;;7.179805;48.24174
68298_0140_00014;14;;Rue du Docteur Weisgerber;68160;68298;Sainte-Marie-aux-Mines;;;7.183557;48.245738
68298_0370_00022;22;;Rue Jean-Jacques Bock;68160;68298;Sainte-Marie-aux-Mines;;;7.174591;48.246087
68298_0380_00001;1;;Rue Jean Jaurès;68160;68298;Sainte-Marie-aux-Mines;;;7.190401;48.249091
68298_0623_00044;44;;Rue Les Mélèzes;68160;68298;Sainte-Marie-aux-Mines;;;7.200126;48.252474
68298_0110_00154;154;;Rue Clemenceau;68160;68298;Sainte-Marie-aux-Mines;;;7.178322;48.244255
68298_0420_00006;6;;Rue de la Liberté;68160;68298;Sainte-Marie-aux-Mines;;;7.187418;48.244865
68298_a003_00005;5;;Lotissement les Primevères;68160;68298;Sainte-Marie-aux-Mines;;;7.173779;48.23525
68298_b076_00014_a;14;a;La Petite Lièpvre;68160;68298;Sainte-Marie-aux-Mines;;;7.144552;48.220348
68298_84e575_00044;44;;Echery;68160;68298;Sainte-Marie-aux-Mines;;;7.162193;48.23142
68298_0623_00028;28;;Rue Les Mélèzes;68160;68298;Sainte-Marie-aux-Mines;;;7.200768;48.251801
68298_gjh79y_00045;45;;Fertrupt;68160;68298;Sainte-Marie-aux-Mines;;;7.200009;48.246421
68298_0600_00003;3;;Chemin du Rauenthal;68160;68298;Sainte-Marie-aux-Mines;;;7.165146;48.228985
68298_bdt3xj_00007;7;;Rue Saint-Michel;68160;68298;Sainte-Marie-aux-Mines;;;7.190788;48.247969
68298_0110_00178;178;;Rue Clemenceau;68160;68298;Sainte-Marie-aux-Mines;;;7.175754;48.243583
68298_0741_00027;27;;Rue d'Untergrombach;68160;68298;Sainte-Marie-aux-Mines;;;7.163793;48.232509
68298_0110_00256;256;;Rue Clemenceau;68160;68298;Sainte-Marie-aux-Mines;;;7.167038;48.242613
68298_rpetgg_00011;11;;la Sermonette;68160;68298;Sainte-Marie-aux-Mines;;;7.189252;48.242631
68298_0741_00003;3;;Rue d'Untergrombach;68160;68298;Sainte-Marie-aux-Mines;;;7.173932;48.236368
68298_477oq4_00051;51;;Mongoutte;68160;68298;Sainte-Marie-aux-Mines;;;7.210488;48.251111
68298_0110_00235;235;;Rue Clemenceau;68160;68298;Sainte-Marie-aux-Mines;;;7.173544;48.242974
68298_0670_00065;65;;Rue Saint-Louis;68160;68298;Sainte-Marie-aux-Mines;;;7.182228;48.243451
68298_0780_00032_a;32;a;Rue Wilson;68160;68298;Sainte-Marie-aux-Mines;;;7.187943;48.248693
68298_gjh79y_00030_a;30;a;Fertrupt;68160;68298;Sainte-Marie-aux-Mines;;;7.19898;48.244965
68298_0280_00076;76;;Rue du Général Bourgeois;68160;68298;Sainte-Marie-aux-Mines;;;7.177455;48.239313
68298_b073_00054;54;;Le Petit Haut;68160;68298;Sainte-Marie-aux-Mines;;;7.216895;48.244603
68298_ukissk_00007;7;;Brifosse;68160;68298;Sainte-Marie-aux-Mines;;;7.167247;48.243129
68298_0390_00011;11;;Chemin des Jardiniers;68160;68298;Sainte-Marie-aux-Mines;;;7.19346;48.250382
68298_0450_00098;98;;Rue du Maréchal de Lattre de Tassigny;68160;68298;Sainte-Marie-aux-Mines;;;7.184026;48.24647
68298_0670_00051_c;51;c;Rue Saint-Louis;68160;68298;Sainte-Marie-aux-Mines;;;7.181905;48.242851
68298_0025_00014;14;;Rue de l'Ancienne Cité Blech;68160;68298;Sainte-Marie-aux-Mines;;;7.19325;48.252046
68298_0356_00001;1;;Rue Jacob Amann;68160;68298;Sainte-Marie-aux-Mines;;Echery;7.16294;48.234919
68298_0695_00020;20;;Route du Stade;68160;68298;Sainte-Marie-aux-Mines;;;7.163553;48.235398
68298_0220_00005;5;;Place de la Fleur;68160;68298;Sainte-Marie-aux-Mines;;;7.185182;48.246214
68298_b073_00049;49;;Le Petit Haut;68160;68298;Sainte-Marie-aux-Mines;;;7.208879;48.248624
68298_akwwpl_00002;2;;Sur les Prés;68160;68298;Sainte-Marie-aux-Mines;;;7.199432;48.253017
68298_a004_00014;14;;lotissement les Coquelicots;68160;68298;Sainte-Marie-aux-Mines;;;7.217446;48.258848
68298_0280_00080;80;;Rue du Général Bourgeois;68160;68298;Sainte-Marie-aux-Mines;;;7.175537;48.238663
68298_0025_00019;19;;Rue de l'Ancienne Cité Blech;68160;68298;Sainte-Marie-aux-Mines;;;7.192982;48.252266
68298_0695_00013_d;13;d;Route du Stade;68160;68298;Sainte-Marie-aux-Mines;;;7.163828;48.234947
68298_b076_00003;3;;La Petite Lièpvre;68160;68298;Sainte-Marie-aux-Mines;;;7.154829;48.229134
68298_0280_00046;46;;Rue du Général Bourgeois;68160;68298;Sainte-Marie-aux-Mines;;;7.17888;48.240668
68298_qraux3_00011;11;;Rue Sur l'Ile;68160;68298;Sainte-Marie-aux-Mines;;;7.176982;48.238639
68298_0695_00003;3;;Route du Stade;68160;68298;Sainte-Marie-aux-Mines;;;7.170452;48.236938
68298_0610_00012;12;;Rue Reber;68160;68298;Sainte-Marie-aux-Mines;;;7.186152;48.246871
68298_0695_00013_e;13;e;Route du Stade;68160;68298;Sainte-Marie-aux-Mines;;;7.163841;48.234783
68298_0780_00055;55;;Rue Wilson;68160;68298;Sainte-Marie-aux-Mines;;;7.187767;48.248417
68298_0735_00014;14;;Rue de Trzic;68160;68298;Sainte-Marie-aux-Mines;;;7.20093;48.250429
68298_0429_00002;2;;Clos Liversel;68160;68298;Sainte-Marie-aux-Mines;;;7.171651;48.242714
68298_0370_00005_a;5;a;Rue Jean-Jacques Bock;68160;68298;Sainte-Marie-aux-Mines;;;7.175344;48.244904
68298_0280_00015;15;;Rue du Général Bourgeois;68160;68298;Sainte-Marie-aux-Mines;;;7.17987;48.242072
68298_b076_00005;5;;La Petite Lièpvre;68160;68298;Sainte-Marie-aux-Mines;;;7.153941;48.228485
68298_0623_00048;48;;Rue Les Mélèzes;68160;68298;Sainte-Marie-aux-Mines;;;7.198915;48.252613
68298_bdt3xj_00020;20;;Rue Saint-Michel;68160;68298;Sainte-Marie-aux-Mines;;;7.189255;48.247178
68298_0110_00252;252;;Rue Clemenceau;68160;68298;Sainte-Marie-aux-Mines;;;7.1678;48.242781
68298_0110_00000;0;;Rue Clemenceau;68160;68298;Sainte-Marie-aux-Mines;;;7.169444;48.242962
68298_0640_00019;19;;Avenue Robert Zeller;68160;68298;Sainte-Marie-aux-Mines;;;7.191057;48.25014
68298_0685_00005;5;;Chemin de Saint-Pierre sur l’Hâte;68160;68298;Sainte-Marie-aux-Mines;;;7.169147;48.227649
68298_an2ds1_00014;14;;Rue des Boutons d’Or;68160;68298;Sainte-Marie-aux-Mines;;;7.173183;48.236505
68298_0760_00016_a;16;a;Sentier des Vignes;68160;68298;Sainte-Marie-aux-Mines;;;7.189101;48.250616
68298_0685_00020;20;;Chemin de Saint-Pierre sur l’Hâte;68160;68298;Sainte-Marie-aux-Mines;;;7.170477;48.227516
68298_ukissk_00013;13;;Brifosse;68160;68298;Sainte-Marie-aux-Mines;;;7.166555;48.24313
68298_cp32n2_00017;17;;Les Suscités;68160;68298;Sainte-Marie-aux-Mines;;;7.194057;48.23248
68298_0600_00009_a;9;a;Chemin du Rauenthal;68160;68298;Sainte-Marie-aux-Mines;;;7.166268;48.224211
68298_0670_00018;18;;Rue Saint-Louis;68160;68298;Sainte-Marie-aux-Mines;;;7.180809;48.241777
68298_0370_00032;32;;Rue Jean-Jacques Bock;68160;68298;Sainte-Marie-aux-Mines;;;7.173712;48.247956
68298_0110_00206;206;;Rue Clemenceau;68160;68298;Sainte-Marie-aux-Mines;;;7.172459;48.243051
68298_0280_00061_b;61;b;Rue du Général Bourgeois;68160;68298;Sainte-Marie-aux-Mines;;;7.177637;48.239646
68298_0280_00050;50;;Rue du Général Bourgeois;68160;68298;Sainte-Marie-aux-Mines;;;7.17873;48.240542
68298_0730_00011;11;;Rue du Temple;68160;68298;Sainte-Marie-aux-Mines;;;7.183529;48.245229
68298_0280_00048;48;;Rue du Général Bourgeois;68160;68298;Sainte-Marie-aux-Mines;;;7.178838;48.240625
68298_gjh79y_00027_b;27;b;Fertrupt;68160;68298;Sainte-Marie-aux-Mines;;;7.198031;48.245597
68298_0735_00016;16;;Rue de Trzic;68160;68298;Sainte-Marie-aux-Mines;;;7.200887;48.250237
68298_0370_00023;23;;Rue Jean-Jacques Bock;68160;68298;Sainte-Marie-aux-Mines;;;7.174365;48.246289
68298_0110_00247;247;;Rue Clemenceau;68160;68298;Sainte-Marie-aux-Mines;;;7.168167;48.242786
68298_0780_00084;84;;Rue Wilson;68160;68298;Sainte-Marie-aux-Mines;;;7.185327;48.246962
68298_0741_00002;2;;Rue d'Untergrombach;68160;68298;Sainte-Marie-aux-Mines;;;7.174082;48.23643
68298_0750_00021;21;;Rue de la Vieille Poste;68160;68298;Sainte-Marie-aux-Mines;;;7.182495;48.244933
68298_0623_00011;11;;Rue Les Mélèzes;68160;68298;Sainte-Marie-aux-Mines;;;7.197644;48.25147
68298_0470_00011;11;;Rue des Mines;68160;68298;Sainte-Marie-aux-Mines;;;7.17992;48.240386
68298_0356_00025;25;;Rue Jacob Amann;68160;68298;Sainte-Marie-aux-Mines;;Echery;7.160664;48.230744
68298_0735_00017_a;17;a;Rue de Trzic;68160;68298;Sainte-Marie-aux-Mines;;;7.201146;48.251172
68298_0470_00039;39;;Rue des Mines;68160;68298;Sainte-Marie-aux-Mines;;;7.183333;48.238931
68298_0560_00026;26;;Rue du Président Poincaré;68160;68298;Sainte-Marie-aux-Mines;;;7.184959;48.248839
68298_0450_00173;173;;Rue du Maréchal de Lattre de Tassigny;68160;68298;Sainte-Marie-aux-Mines;;;7.181147;48.245099
68298_gjh79y_00041;41;;Fertrupt;68160;68298;Sainte-Marie-aux-Mines;;;7.199872;48.245561
68298_0370_00020;20;;Rue Jean-Jacques Bock;68160;68298;Sainte-Marie-aux-Mines;;;7.174701;48.245931
68298_0370_00006_c;6;c;Rue Jean-Jacques Bock;68160;68298;Sainte-Marie-aux-Mines;;;7.17648;48.244547
68298_0100_00004;4;;Rue du Château d'Eau;68160;68298;Sainte-Marie-aux-Mines;;;7.176854;48.239372
68298_0140_00012;12;;Rue du Docteur Weisgerber;68160;68298;Sainte-Marie-aux-Mines;;;7.18347;48.245662
68298_0370_00006;6;;Rue Jean-Jacques Bock;68160;68298;Sainte-Marie-aux-Mines;;;7.175988;48.244145
68298_0610_00007;7;;Rue Reber;68160;68298;Sainte-Marie-aux-Mines;;;7.186168;48.246687
68298_0286_00030;30;;Rue du Général Vandenberg;68160;68298;Sainte-Marie-aux-Mines;;;7.184683;48.24631
68298_0450_00157_a;157;a;Rue du Maréchal de Lattre de Tassigny;68160;68298;Sainte-Marie-aux-Mines;;;7.182516;48.245659
68298_0580_00003;3;;Rue des Prés;68160;68298;Sainte-Marie-aux-Mines;;;7.17866;48.243976
68298_b096_00004;4;;Saint Philippe;68160;68298;Sainte-Marie-aux-Mines;;Saint-Philippe;7.185221;48.236996
68298_b076_00010;10;;La Petite Lièpvre;68160;68298;Sainte-Marie-aux-Mines;;;7.149918;48.225213
68298_0370_00028;28;;Rue Jean-Jacques Bock;68160;68298;Sainte-Marie-aux-Mines;;;7.173715;48.247256
68298_0415_00001;1;;Place Laure Diebold Mutschler;68160;68298;Sainte-Marie-aux-Mines;;;7.18356;48.245472
68298_b012_00013;13;;Champ de la Chatte;68160;68298;Sainte-Marie-aux-Mines;;;7.169622;48.241569
68298_0780_00105;105;;Rue Wilson;68160;68298;Sainte-Marie-aux-Mines;;;7.18595;48.247165
68298_0410_00011;11;;Rue Kroeber-Imlin;68160;68298;Sainte-Marie-aux-Mines;;;7.179921;48.24316
68298_0450_00106;106;;Rue du Maréchal de Lattre de Tassigny;68160;68298;Sainte-Marie-aux-Mines;;;7.183557;48.246239
68298_0735_00017;17;;Rue de Trzic;68160;68298;Sainte-Marie-aux-Mines;;;7.200518;48.251151
68298_0530_00001;1;;Petite Rue Saint-Louis;68160;68298;Sainte-Marie-aux-Mines;;;7.181082;48.242239
68298_0370_00006_d;6;d;Rue Jean-Jacques Bock;68160;68298;Sainte-Marie-aux-Mines;;;7.176486;48.244588
68298_0330_00004;4;;Haute Rue;68160;68298;Sainte-Marie-aux-Mines;;;7.179219;48.245037
68298_b094_00030;30;;Saint Blaise;68160;68298;Sainte-Marie-aux-Mines;;;7.21713;48.257071
68298_0370_00024_b;24;b;Rue Jean-Jacques Bock;68160;68298;Sainte-Marie-aux-Mines;;;7.174162;48.246671
68298_0695_00016;16;;Route du Stade;68160;68298;Sainte-Marie-aux-Mines;;;7.16358;48.235415
68298_0650_00002_b;2;b;Quartier Rohmer;68160;68298;Sainte-Marie-aux-Mines;;;7.187209;48.248861
68298_0110_00150;150;;Rue Clemenceau;68160;68298;Sainte-Marie-aux-Mines;;;7.178462;48.244292
68298_0110_00207_a;207;a;Rue Clemenceau;68160;68298;Sainte-Marie-aux-Mines;;;7.178595;48.244261
68298_0450_00132;132;;Rue du Maréchal de Lattre de Tassigny;68160;68298;Sainte-Marie-aux-Mines;;;7.180879;48.24517
68298_b4r26x_00006_a;6;a;Rue de la Bourgonde;68160;68298;Sainte-Marie-aux-Mines;;;7.199886;48.237587
68298_0370_00025;25;;Rue Jean-Jacques Bock;68160;68298;Sainte-Marie-aux-Mines;;;7.174274;48.246387
68298_0370_00002;2;;Rue Jean-Jacques Bock;68160;68298;Sainte-Marie-aux-Mines;;;7.176239;48.243962
68298_0413_00001_b;1;b;Rue de la Forge;68160;68298;Sainte-Marie-aux-Mines;;;7.201011;48.253771
68298_0750_00013;13;;Rue de la Vieille Poste;68160;68298;Sainte-Marie-aux-Mines;;;7.182129;48.24489
68298_0741_00052;52;;Rue d'Untergrombach;68160;68298;Sainte-Marie-aux-Mines;;;7.162915;48.231755
68298_0685_00019;19;;Chemin de Saint-Pierre sur l’Hâte;68160;68298;Sainte-Marie-aux-Mines;;;7.176048;48.222985
68298_0280_00078;78;;Rue du Général Bourgeois;68160;68298;Sainte-Marie-aux-Mines;;;7.177056;48.238957
68298_0140_00008;8;;Rue du Docteur Weisgerber;68160;68298;Sainte-Marie-aux-Mines;;;7.183324;48.245516
68298_0640_00002;2;;Avenue Robert Zeller;68160;68298;Sainte-Marie-aux-Mines;;;7.195429;48.252095
68298_an2ds1_00011;11;;Rue des Boutons d’Or;68160;68298;Sainte-Marie-aux-Mines;;;7.172457;48.236291
68298_0110_00254;254;;Rue Clemenceau;68160;68298;Sainte-Marie-aux-Mines;;;7.167284;48.24268
68298_0670_00079;79;;Rue Saint-Louis;68160;68298;Sainte-Marie-aux-Mines;;;7.182615;48.244008
68298_b094_00017;17;;Saint Blaise;68160;68298;Sainte-Marie-aux-Mines;;;7.218588;48.258804
68298_a045_00004;4;;Residence les Fougères;68160;68298;Sainte-Marie-aux-Mines;;;7.174926;48.237884
68298_0780_00103;103;;Rue Wilson;68160;68298;Sainte-Marie-aux-Mines;;;7.185998;48.247176
68298_0610_00030;30;;Rue Reber;68160;68298;Sainte-Marie-aux-Mines;;;7.187956;48.247953
68298_gjh79y_00033_a;33;a;Fertrupt;68160;68298;Sainte-Marie-aux-Mines;;;7.198963;48.244416
68298_0220_00003;3;;Place de la Fleur;68160;68298;Sainte-Marie-aux-Mines;;;7.184931;48.246175
68298_b076_00017;17;;La Petite Lièpvre;68160;68298;Sainte-Marie-aux-Mines;;;7.144003;48.219274
68298_0780_00039;39;;Rue Wilson;68160;68298;Sainte-Marie-aux-Mines;;;7.188784;48.249284
68298_0356_00002;2;;Rue Jacob Amann;68160;68298;Sainte-Marie-aux-Mines;;Echery;7.162792;48.234376
68298_ukissk_00008;8;;Brifosse;68160;68298;Sainte-Marie-aux-Mines;;;7.16761;48.243191
68298_x6juef_00007;7;;Chemin de Saint Blaise;68160;68298;Sainte-Marie-aux-Mines;;;7.213245;48.255309
68298_0450_00153;153;;Rue du Maréchal de Lattre de Tassigny;68160;68298;Sainte-Marie-aux-Mines;;;7.182975;48.245901
68298_0640_00015;15;;Avenue Robert Zeller;68160;68298;Sainte-Marie-aux-Mines;;;7.191715;48.250437
68298_0380_00022;22;;Rue Jean Jaurès;68160;68298;Sainte-Marie-aux-Mines;;;7.191057;48.250586
68298_an2ds1_00010;10;;Rue des Boutons d’Or;68160;68298;Sainte-Marie-aux-Mines;;;7.172232;48.236196
68298_qraux3_00007;7;;Rue Sur l'Ile;68160;68298;Sainte-Marie-aux-Mines;;;7.176351;48.238648
68298_0735_00027;27;;Rue de Trzic;68160;68298;Sainte-Marie-aux-Mines;;;7.201615;48.250072
68298_0450_00143;143;;Rue du Maréchal de Lattre de Tassigny;68160;68298;Sainte-Marie-aux-Mines;;;7.183426;48.246106
68298_0402_00003;3;;Rue Kuhn;68160;68298;Sainte-Marie-aux-Mines;;;7.181929;48.246537
68298_b4r26x_00008;8;;Rue de la Bourgonde;68160;68298;Sainte-Marie-aux-Mines;;;7.200237;48.237614
68298_an2ds1_01112;1112;;Rue des Boutons d’Or;68160;68298;Sainte-Marie-aux-Mines;;;7.171334;48.235698
68298_0420_00004;4;;Rue de la Liberté;68160;68298;Sainte-Marie-aux-Mines;;;7.186114;48.245493
68298_0730_00007;7;;Rue du Temple;68160;68298;Sainte-Marie-aux-Mines;;;7.183398;48.245081
68298_0380_00010;10;;Rue Jean Jaurès;68160;68298;Sainte-Marie-aux-Mines;;;7.190462;48.249933
68298_gjh79y_00011_a;11;a;Fertrupt;68160;68298;Sainte-Marie-aux-Mines;;;7.199533;48.248434
68298_0110_00196;196;;Rue Clemenceau;68160;68298;Sainte-Marie-aux-Mines;;;7.173542;48.243057
68298_0110_00248_b;248;b;Rue Clemenceau;68160;68298;Sainte-Marie-aux-Mines;;;7.168123;48.242858
68298_0600_00012;12;;Chemin du Rauenthal;68160;68298;Sainte-Marie-aux-Mines;;;7.16408;48.220344
68298_rpetgg_00011_a;11;a;la Sermonette;68160;68298;Sainte-Marie-aux-Mines;;;7.189468;48.243054
68298_0370_00050;50;;Rue Jean-Jacques Bock;68160;68298;Sainte-Marie-aux-Mines;;;7.173937;48.249054
68298_0750_00010;10;;Rue de la Vieille Poste;68160;68298;Sainte-Marie-aux-Mines;;;7.182466;48.244997
68298_0025_00001;1;;Rue de l'Ancienne Cité Blech;68160;68298;Sainte-Marie-aux-Mines;;;7.193502;48.251643
68298_qraux3_00002;2;;Rue Sur l'Ile;68160;68298;Sainte-Marie-aux-Mines;;;7.176571;48.238666
68298_0670_00049_a;49;a;Rue Saint-Louis;68160;68298;Sainte-Marie-aux-Mines;;;7.181731;48.242597
68298_0110_00170;170;;Rue Clemenceau;68160;68298;Sainte-Marie-aux-Mines;;;7.176713;48.243894
68298_0623_00019;19;;Rue Les Mélèzes;68160;68298;Sainte-Marie-aux-Mines;;;7.198775;48.252203
68298_0110_00184;184;;Rue Clemenceau;68160;68298;Sainte-Marie-aux-Mines;;;7.174877;48.243277
68298_0110_00262;262;;Rue Clemenceau;68160;68298;Sainte-Marie-aux-Mines;;;7.165913;48.242947
68298_0413_00007;7;;Rue de la Forge;68160;68298;Sainte-Marie-aux-Mines;;;7.198229;48.253532
68298_0670_00017;17;;Rue Saint-Louis;68160;68298;Sainte-Marie-aux-Mines;;;7.180237;48.241407
68298_84e575_00056;56;;Echery;68160;68298;Sainte-Marie-aux-Mines;;;7.164383;48.2305
68298_0280_00054;54;;Rue du Général Bourgeois;68160;68298;Sainte-Marie-aux-Mines;;;7.178574;48.240392
68298_gjh79y_00041_c;41;c;Fertrupt;68160;68298;Sainte-Marie-aux-Mines;;;7.199937;48.245809
68298_0623_00037;37;;Rue Les Mélèzes;68160;68298;Sainte-Marie-aux-Mines;;;7.199728;48.252486
68298_b094_00023;23;;Saint Blaise;68160;68298;Sainte-Marie-aux-Mines;;;7.217838;48.257512
68298_0413_00004_a;4;a;Rue de la Forge;68160;68298;Sainte-Marie-aux-Mines;;;7.199397;48.253913
68298_0081_00014;14;;Rue des Cerisiers;68160;68298;Sainte-Marie-aux-Mines;;;7.194791;48.250277
68298_0670_00050;50;;Rue Saint-Louis;68160;68298;Sainte-Marie-aux-Mines;;;7.182349;48.243726
68298_47qio8_00001;1;;Fischtal;68160;68298;Sainte-Marie-aux-Mines;;;7.19976;48.239574
68298_0670_00051_a;51;a;Rue Saint-Louis;68160;68298;Sainte-Marie-aux-Mines;;;7.181922;48.242858
68298_0380_00002_a;2;a;Rue Jean Jaurès;68160;68298;Sainte-Marie-aux-Mines;;;7.189916;48.249323
68298_0695_00007;7;;Route du Stade;68160;68298;Sainte-Marie-aux-Mines;;;7.167149;48.236086
68298_0330_00010;10;;Haute Rue;68160;68298;Sainte-Marie-aux-Mines;;;7.179451;48.245461
68298_an2ds1_00003;3;;Rue des Boutons d’Or;68160;68298;Sainte-Marie-aux-Mines;;;7.173761;48.237168
68298_0370_00001;1;;Rue Jean-Jacques Bock;68160;68298;Sainte-Marie-aux-Mines;;;7.175933;48.244109
68298_0670_00035;35;;Rue Saint-Louis;68160;68298;Sainte-Marie-aux-Mines;;;7.181309;48.242117
68298_0780_00113;113;;Rue Wilson;68160;68298;Sainte-Marie-aux-Mines;;;7.185666;48.247029
68298_0280_00044;44;;Rue du Général Bourgeois;68160;68298;Sainte-Marie-aux-Mines;;;7.178979;48.240786
68298_jygmyg_00004;4;;Rue des Terrasses du Plein Soleil;68160;68298;Sainte-Marie-aux-Mines;;;7.202833;48.248769
68298_jygmyg_00001;1;;Rue des Terrasses du Plein Soleil;68160;68298;Sainte-Marie-aux-Mines;;;7.20272;48.248868
68298_0110_00260;260;;Rue Clemenceau;68160;68298;Sainte-Marie-aux-Mines;;;7.165889;48.242874
68298_0620_00002;2;;Rue de la République;68160;68298;Sainte-Marie-aux-Mines;;;7.176848;48.242084
68298_0734_00003;3;;Place de Trzic;68160;68298;Sainte-Marie-aux-Mines;;;7.198407;48.251094
68298_a004_00006;6;;lotissement les Coquelicots;68160;68298;Sainte-Marie-aux-Mines;;;7.218071;48.25894
68298_rpetgg_00007;7;;la Sermonette;68160;68298;Sainte-Marie-aux-Mines;;;7.190132;48.244117
68298_scbgxo_00001;1;;Rue de la Résistance;68160;68298;Sainte-Marie-aux-Mines;;;7.177864;48.243314
68298_0110_00247_a;247;a;Rue Clemenceau;68160;68298;Sainte-Marie-aux-Mines;;;7.166489;48.242417
68298_0610_00007_b;7;b;Rue Reber;68160;68298;Sainte-Marie-aux-Mines;;;7.186093;48.24677
68298_0670_00008;8;;Rue Saint-Louis;68160;68298;Sainte-Marie-aux-Mines;;;7.179874;48.241207
68298_0356_00001_b;1;b;Rue Jacob Amann;68160;68298;Sainte-Marie-aux-Mines;;Echery;7.162685;48.23445
68298_gjh79y_00015;15;;Fertrupt;68160;68298;Sainte-Marie-aux-Mines;;;7.199659;48.247038
68298_0650_00006;6;;Quartier Rohmer;68160;68298;Sainte-Marie-aux-Mines;;;7.186935;48.249102
68298_0110_00182_a;182;a;Rue Clemenceau;68160;68298;Sainte-Marie-aux-Mines;;;7.175245;48.243405
68298_0560_00044;44;;Rue du Président Poincaré;68160;68298;Sainte-Marie-aux-Mines;;;7.186972;48.248641
68298_0695_00006;6;;Route du Stade;68160;68298;Sainte-Marie-aux-Mines;;;7.165421;48.235853
68298_0730_00029;29;;Rue du Temple;68160;68298;Sainte-Marie-aux-Mines;;;7.184969;48.246049
68298_0110_00162;162;;Rue Clemenceau;68160;68298;Sainte-Marie-aux-Mines;;;7.177693;48.244121
68298_0110_00182;182;;Rue Clemenceau;68160;68298;Sainte-Marie-aux-Mines;;;7.175047;48.24335
68298_0780_00058;58;;Rue Wilson;68160;68298;Sainte-Marie-aux-Mines;;;7.1868;48.24769
68298_0780_00022;22;;Rue Wilson;68160;68298;Sainte-Marie-aux-Mines;;;7.188507;48.249172
68298_bdt3xj_00009;9;;Rue Saint-Michel;68160;68298;Sainte-Marie-aux-Mines;;;7.190738;48.247955
68298_scbgxo_00003;3;;Rue de la Résistance;68160;68298;Sainte-Marie-aux-Mines;;;7.179341;48.243783
68298_gfezrv_00001;1;;Les Marronniers;68160;68298;Sainte-Marie-aux-Mines;;;7.201637;48.253023
68298_0380_00040;40;;Rue Jean Jaurès;68160;68298;Sainte-Marie-aux-Mines;;;7.192579;48.25123
68298_0670_00032;32;;Rue Saint-Louis;68160;68298;Sainte-Marie-aux-Mines;;;7.181783;48.242818
68298_0640_00013;13;;Avenue Robert Zeller;68160;68298;Sainte-Marie-aux-Mines;;;7.191828;48.250462
68298_ukissk_00004;4;;Brifosse;68160;68298;Sainte-Marie-aux-Mines;;;7.167525;48.243017
68298_84e575_00057_a;57;a;Echery;68160;68298;Sainte-Marie-aux-Mines;;;7.164465;48.230408
68298_gjh79y_00017;17;;Fertrupt;68160;68298;Sainte-Marie-aux-Mines;;;7.199234;48.246691
68298_b025_00001;1;;La Côte d'Echery;68160;68298;Sainte-Marie-aux-Mines;;;7.155853;48.235986
68298_0735_00028;28;;Rue de Trzic;68160;68298;Sainte-Marie-aux-Mines;;;7.202612;48.249308
68298_0610_00029;29;;Rue Reber;68160;68298;Sainte-Marie-aux-Mines;;;7.188414;48.248125
68298_0650_00007;7;;Quartier Rohmer;68160;68298;Sainte-Marie-aux-Mines;;;7.186731;48.24918
68298_jygmyg_00005;5;;Rue des Terrasses du Plein Soleil;68160;68298;Sainte-Marie-aux-Mines;;;7.202971;48.248811
68298_a004_00024;24;;lotissement les Coquelicots;68160;68298;Sainte-Marie-aux-Mines;;;7.216731;48.258339
68298_0450_00126;126;;Rue du Maréchal de Lattre de Tassigny;68160;68298;Sainte-Marie-aux-Mines;;;7.181264;48.245259
68298_0670_00048;48;;Rue Saint-Louis;68160;68298;Sainte-Marie-aux-Mines;;;7.182302;48.243656
68298_0356_00031;31;;Rue Jacob Amann;68160;68298;Sainte-Marie-aux-Mines;;Echery;7.158365;48.230549
68298_cp32n2_00018;18;;Les Suscités;68160;68298;Sainte-Marie-aux-Mines;;;7.194165;48.23243
68298_0350_00013;13;;Rue Houchot;68160;68298;Sainte-Marie-aux-Mines;;;7.180933;48.246715
68298_0623_00015;15;;Rue Les Mélèzes;68160;68298;Sainte-Marie-aux-Mines;;;7.197132;48.252527
68298_0400_00001;1;;Rue des Jardins;68160;68298;Sainte-Marie-aux-Mines;;;7.183522;48.246513
68298_0650_00005;5;;Quartier Rohmer;68160;68298;Sainte-Marie-aux-Mines;;;7.18689;48.24905
68298_b094_00002_a;2;a;Saint Blaise;68160;68298;Sainte-Marie-aux-Mines;;;7.218203;48.259206
68298_b076_00022;22;;La Petite Lièpvre;68160;68298;Sainte-Marie-aux-Mines;;;7.140378;48.215555
68298_0458_00008;8;;Place Foch;68160;68298;Sainte-Marie-aux-Mines;;;7.17943;48.244864
68298_0670_00057;57;;Rue Saint-Louis;68160;68298;Sainte-Marie-aux-Mines;;;7.182023;48.243121
68298_0450_00139;139;;Rue du Maréchal de Lattre de Tassigny;68160;68298;Sainte-Marie-aux-Mines;;;7.183558;48.24616
68298_0695_00013_g;13;g;Route du Stade;68160;68298;Sainte-Marie-aux-Mines;;;7.164008;48.234626
68298_0640_00009;9;;Avenue Robert Zeller;68160;68298;Sainte-Marie-aux-Mines;;;7.192542;48.250677
68298_gjh79y_00026_c;26;c;Fertrupt;68160;68298;Sainte-Marie-aux-Mines;;;7.198148;48.246097
68298_a004_00026;26;;lotissement les Coquelicots;68160;68298;Sainte-Marie-aux-Mines;;;7.216565;48.258245
68298_hql0a6_00009;9;;Impasse de Saint Blaise;68160;68298;Sainte-Marie-aux-Mines;;;7.218186;48.259132
68298_0735_00035;35;;Rue de Trzic;68160;68298;Sainte-Marie-aux-Mines;;;7.201472;48.249467
68298_0356_00023_a;23;a;Rue Jacob Amann;68160;68298;Sainte-Marie-aux-Mines;;Echery;7.160433;48.230462
68298_a003_00014;14;;Lotissement les Primevères;68160;68298;Sainte-Marie-aux-Mines;;;7.172409;48.235029
68298_84e575_00050_b;50;b;Echery;68160;68298;Sainte-Marie-aux-Mines;;;7.163184;48.230884
68298_0741_00040;40;;Rue d'Untergrombach;68160;68298;Sainte-Marie-aux-Mines;;;7.163664;48.232426
68298_mb2l65_00005;5;;Rue de la Goutte Saint Blaise;68160;68298;Sainte-Marie-aux-Mines;;;7.219986;48.258488
68298_0685_00001;1;;Chemin de Saint-Pierre sur l’Hâte;68160;68298;Sainte-Marie-aux-Mines;;;7.165611;48.230017
68298_0741_00021;21;;Rue d'Untergrombach;68160;68298;Sainte-Marie-aux-Mines;;;7.164634;48.233407
68298_gjh79y_00014;14;;Fertrupt;68160;68298;Sainte-Marie-aux-Mines;;;7.1996;48.247806
68298_b076_00029;29;;La Petite Lièpvre;68160;68298;Sainte-Marie-aux-Mines;;;7.126591;48.205314
68298_b076_00032;32;;La Petite Lièpvre;68160;68298;Sainte-Marie-aux-Mines;;;7.121318;48.200051
68298_0380_00044;44;;Rue Jean Jaurès;68160;68298;Sainte-Marie-aux-Mines;;;7.192839;48.25135
68298_0760_00010;10;;Sentier des Vignes;68160;68298;Sainte-Marie-aux-Mines;;;7.18701;48.250053
68298_0780_00060_a;60;a;Rue Wilson;68160;68298;Sainte-Marie-aux-Mines;;;7.186622;48.247786
68298_0735_00024;24;;Rue de Trzic;68160;68298;Sainte-Marie-aux-Mines;;;7.201839;48.249682
68298_0330_00011;11;;Haute Rue;68160;68298;Sainte-Marie-aux-Mines;;;7.179514;48.245598
68298_0640_00001;1;;Avenue Robert Zeller;68160;68298;Sainte-Marie-aux-Mines;;;7.195683;48.252163
68298_qwpmkr_00001;1;;Chemin de la Croix de Mission;68160;68298;Sainte-Marie-aux-Mines;;;7.184601;48.248997
68298_0370_00038;38;;Rue Jean-Jacques Bock;68160;68298;Sainte-Marie-aux-Mines;;;7.174121;48.248319
68298_gjh79y_00012;12;;Fertrupt;68160;68298;Sainte-Marie-aux-Mines;;;7.199066;48.248739
68298_0475_00001;1;;Place des Mineurs;68160;68298;Sainte-Marie-aux-Mines;;Echery;7.161523;48.232482
68298_0025_00011;11;;Rue de l'Ancienne Cité Blech;68160;68298;Sainte-Marie-aux-Mines;;;7.193205;48.251998
68298_0280_00043;43;;Rue du Général Bourgeois;68160;68298;Sainte-Marie-aux-Mines;;;7.17826;48.240504
68298_0110_00164;164;;Rue Clemenceau;68160;68298;Sainte-Marie-aux-Mines;;;7.177281;48.244043
68298_0350_00004;4;;Rue Houchot;68160;68298;Sainte-Marie-aux-Mines;;;7.180007;48.245638
68298_a004_00008;8;;lotissement les Coquelicots;68160;68298;Sainte-Marie-aux-Mines;;;7.217847;48.25892
68298_0420_00005;5;;Rue de la Liberté;68160;68298;Sainte-Marie-aux-Mines;;;7.187587;48.245627
68298_0730_00012;12;;Rue du Temple;68160;68298;Sainte-Marie-aux-Mines;;;7.183671;48.245461
68298_0220_00001;1;;Place de la Fleur;68160;68298;Sainte-Marie-aux-Mines;;;7.185195;48.246379
68298_0780_00056;56;;Rue Wilson;68160;68298;Sainte-Marie-aux-Mines;;;7.186829;48.247713
68298_0780_00068;68;;Rue Wilson;68160;68298;Sainte-Marie-aux-Mines;;;7.186308;48.24741
68298_0390_00001;1;;Chemin des Jardiniers;68160;68298;Sainte-Marie-aux-Mines;;;7.192423;48.249691
68298_0560_00034;34;;Rue du Président Poincaré;68160;68298;Sainte-Marie-aux-Mines;;;7.185537;48.248823
68298_b076_00016;16;;La Petite Lièpvre;68160;68298;Sainte-Marie-aux-Mines;;;7.144013;48.219971
68298_0025_00006;6;;Rue de l'Ancienne Cité Blech;68160;68298;Sainte-Marie-aux-Mines;;;7.193468;48.251793
68298_b069_00001;1;;Lingoutte Hohltanne;68160;68298;Sainte-Marie-aux-Mines;;;7.179363;48.219731
68298_0130_00015;15;;Rue du Docteur Mühlenbeck;68160;68298;Sainte-Marie-aux-Mines;;;7.182855;48.247834
68298_0670_00056;56;;Rue Saint-Louis;68160;68298;Sainte-Marie-aux-Mines;;;7.182949;48.244708
68298_0610_00014;14;;Rue Reber;68160;68298;Sainte-Marie-aux-Mines;;;7.186268;48.246948
68298_0410_00017;17;;Rue Kroeber-Imlin;68160;68298;Sainte-Marie-aux-Mines;;;7.179864;48.242837
68298_0470_00001;1;;Rue des Mines;68160;68298;Sainte-Marie-aux-Mines;;;7.179569;48.24066
68298_47qio8_00002;2;;Fischtal;68160;68298;Sainte-Marie-aux-Mines;;;7.20017;48.23796
68298_0695_00014;14;;Route du Stade;68160;68298;Sainte-Marie-aux-Mines;;;7.163952;48.235553
68298_b094_00018_a;18;a;Saint Blaise;68160;68298;Sainte-Marie-aux-Mines;;;7.220096;48.257917
68298_84e575_00054;54;;Echery;68160;68298;Sainte-Marie-aux-Mines;;;7.163969;48.230591
68298_0685_00014;14;;Chemin de Saint-Pierre sur l’Hâte;68160;68298;Sainte-Marie-aux-Mines;;;7.169213;48.227736
68298_0780_00066;66;;Rue Wilson;68160;68298;Sainte-Marie-aux-Mines;;;7.18641;48.247463
68298_0110_00264;264;;Rue Clemenceau;68160;68298;Sainte-Marie-aux-Mines;;;7.165812;48.242903
68298_0110_00191;191;;Rue Clemenceau;68160;68298;Sainte-Marie-aux-Mines;;;7.179772;48.244625
68298_0600_00002;2;;Chemin du Rauenthal;68160;68298;Sainte-Marie-aux-Mines;;;7.165085;48.229084
68298_b025_00002;2;;La Côte d'Echery;68160;68298;Sainte-Marie-aux-Mines;;;7.152713;48.234596
68298_0413_00002_a;2;a;Rue de la Forge;68160;68298;Sainte-Marie-aux-Mines;;;7.20146;48.254714
68298_0356_00013_a;13;a;Rue Jacob Amann;68160;68298;Sainte-Marie-aux-Mines;;Echery;7.161466;48.232859
68298_an2ds1_00017;17;;Rue des Boutons d’Or;68160;68298;Sainte-Marie-aux-Mines;;;7.173793;48.236861
68298_0735_00006;6;;Rue de Trzic;68160;68298;Sainte-Marie-aux-Mines;;;7.199299;48.251128
68298_gjh79y_00022;22;;Fertrupt;68160;68298;Sainte-Marie-aux-Mines;;;7.199089;48.245656
68298_0750_00001;1;;Rue de la Vieille Poste;68160;68298;Sainte-Marie-aux-Mines;;;7.18132;48.244923
68298_nazq9c_00016;16;;Haicot;68160;68298;Sainte-Marie-aux-Mines;;;7.140168;48.19686
68298_0780_00037;37;;Rue Wilson;68160;68298;Sainte-Marie-aux-Mines;;;7.18884;48.249336
68298_0470_00035;35;;Rue des Mines;68160;68298;Sainte-Marie-aux-Mines;;;7.182425;48.239304
68298_jygmyg_00007;7;;Rue des Terrasses du Plein Soleil;68160;68298;Sainte-Marie-aux-Mines;;;7.203025;48.248909
68298_0380_00032;32;;Rue Jean Jaurès;68160;68298;Sainte-Marie-aux-Mines;;;7.192121;48.251064
68298_0560_00040;40;;Rue du Président Poincaré;68160;68298;Sainte-Marie-aux-Mines;;;7.185902;48.248626
68298_0350_00012;12;;Rue Houchot;68160;68298;Sainte-Marie-aux-Mines;;;7.180807;48.246611
68298_k903vq_00008;8;;la Fouchelle;68160;68298;Sainte-Marie-aux-Mines;;;7.183666;48.242099
68298_0356_00003;3;;Rue Jacob Amann;68160;68298;Sainte-Marie-aux-Mines;;Echery;7.162382;48.234088
68298_a004_00012;12;;lotissement les Coquelicots;68160;68298;Sainte-Marie-aux-Mines;;;7.217649;48.258903
68298_0410_00010;10;;Rue Kroeber-Imlin;68160;68298;Sainte-Marie-aux-Mines;;;7.17971;48.242705
68298_0735_00039;39;;Rue de Trzic;68160;68298;Sainte-Marie-aux-Mines;;;7.201702;48.249291
68298_0110_00251;251;;Rue Clemenceau;68160;68298;Sainte-Marie-aux-Mines;;;7.165677;48.242552
68298_gjh79y_00019;19;;Fertrupt;68160;68298;Sainte-Marie-aux-Mines;;;7.199077;48.246266
68298_0734_00007;7;;Place de Trzic;68160;68298;Sainte-Marie-aux-Mines;;;7.198732;48.25063
68298_b076_00004;4;;La Petite Lièpvre;68160;68298;Sainte-Marie-aux-Mines;;;7.154466;48.228854
68298_0780_00087;87;;Rue Wilson;68160;68298;Sainte-Marie-aux-Mines;;;7.186657;48.247509
68298_0490_00002;2;;Impasse du Moulin;68160;68298;Sainte-Marie-aux-Mines;;;7.182139;48.244723
68298_84e575_00050_a;50;a;Echery;68160;68298;Sainte-Marie-aux-Mines;;;7.163258;48.230803
68298_0356_00023;23;;Rue Jacob Amann;68160;68298;Sainte-Marie-aux-Mines;;Echery;7.160918;48.230909
68298_0780_00046;46;;Rue Wilson;68160;68298;Sainte-Marie-aux-Mines;;;7.187337;48.248215
68298_a003_00006;6;;Lotissement les Primevères;68160;68298;Sainte-Marie-aux-Mines;;;7.174124;48.235469
68298_gjh79y_00047_a;47;a;Fertrupt;68160;68298;Sainte-Marie-aux-Mines;;;7.200751;48.246845
68298_0685_00022;22;;Chemin de Saint-Pierre sur l’Hâte;68160;68298;Sainte-Marie-aux-Mines;;;7.170497;48.227397
68298_b025_00009_b;9;b;La Côte d'Echery;68160;68298;Sainte-Marie-aux-Mines;;;7.13549;48.223719
68298_0380_00028;28;;Rue Jean Jaurès;68160;68298;Sainte-Marie-aux-Mines;;;7.191336;48.250736
68298_0280_00031;31;;Rue du Général Bourgeois;68160;68298;Sainte-Marie-aux-Mines;;;7.179275;48.24113
68298_0760_00001;1;;Sentier des Vignes;68160;68298;Sainte-Marie-aux-Mines;;;7.185633;48.249051
68298_0081_00005;5;;Rue des Cerisiers;68160;68298;Sainte-Marie-aux-Mines;;;7.191757;48.248986
68298_a004_00022;22;;lotissement les Coquelicots;68160;68298;Sainte-Marie-aux-Mines;;;7.216802;48.258376
68298_0750_00012;12;;Rue de la Vieille Poste;68160;68298;Sainte-Marie-aux-Mines;;;7.1825;48.245005
68298_0410_00007;7;;Rue Kroeber-Imlin;68160;68298;Sainte-Marie-aux-Mines;;;7.180213;48.244133
68298_b094_00033_a;33;a;Saint Blaise;68160;68298;Sainte-Marie-aux-Mines;;;7.216745;48.256793
68298_0370_00024;24;;Rue Jean-Jacques Bock;68160;68298;Sainte-Marie-aux-Mines;;;7.174361;48.246395
68298_0741_00005;5;;Rue d'Untergrombach;68160;68298;Sainte-Marie-aux-Mines;;;7.173209;48.236061
68298_0623_00034;34;;Rue Les Mélèzes;68160;68298;Sainte-Marie-aux-Mines;;;7.20155;48.251768
68298_0450_00102;102;;Rue du Maréchal de Lattre de Tassigny;68160;68298;Sainte-Marie-aux-Mines;;;7.183799;48.246357
68298_0670_00037;37;;Rue Saint-Louis;68160;68298;Sainte-Marie-aux-Mines;;;7.181339;48.242144
68298_0505_00021;21;;Rue de la Nouvelle Cité Blech;68160;68298;Sainte-Marie-aux-Mines;;;7.19401;48.251944
68298_0560_00043;43;;Rue du Président Poincaré;68160;68298;Sainte-Marie-aux-Mines;;;7.187149;48.24855
68298_0470_00019;19;;Rue des Mines;68160;68298;Sainte-Marie-aux-Mines;;;7.180742;48.239944
68298_an2ds1_00016;16;;Rue des Boutons d’Or;68160;68298;Sainte-Marie-aux-Mines;;;7.173671;48.236835
68298_0286_00038;38;;Rue du Général Vandenberg;68160;68298;Sainte-Marie-aux-Mines;;;7.185;48.246452
68298_0390_00009;9;;Chemin des Jardiniers;68160;68298;Sainte-Marie-aux-Mines;;;7.193155;48.250189
68298_0741_00009;9;;Rue d'Untergrombach;68160;68298;Sainte-Marie-aux-Mines;;;7.172028;48.235604
68298_0685_00000;0;;Chemin de Saint-Pierre sur l’Hâte;68160;68298;Sainte-Marie-aux-Mines;;;7.169596;48.227724
68298_0130_00017_b;17;b;Rue du Docteur Mühlenbeck;68160;68298;Sainte-Marie-aux-Mines;;;7.183494;48.24825
68298_0750_00008;8;;Rue de la Vieille Poste;68160;68298;Sainte-Marie-aux-Mines;;;7.182372;48.244969
68298_0390_00007;7;;Chemin des Jardiniers;68160;68298;Sainte-Marie-aux-Mines;;;7.192944;48.250065
68298_0413_00002;2;;Rue de la Forge;68160;68298;Sainte-Marie-aux-Mines;;;7.201522;48.254731
68298_0450_00122;122;;Rue du Maréchal de Lattre de Tassigny;68160;68298;Sainte-Marie-aux-Mines;;;7.181451;48.245309
68298_gjh79y_00049;49;;Fertrupt;68160;68298;Sainte-Marie-aux-Mines;;;7.199961;48.246425
68298_0560_00035_a;35;a;Rue du Président Poincaré;68160;68298;Sainte-Marie-aux-Mines;;;7.185912;48.248548
68298_0280_00061_a;61;a;Rue du Général Bourgeois;68160;68298;Sainte-Marie-aux-Mines;;;7.177757;48.239771
68298_0025_00003;3;;Rue de l'Ancienne Cité Blech;68160;68298;Sainte-Marie-aux-Mines;;;7.193411;48.251753
68298_0610_00034;34;;Rue Reber;68160;68298;Sainte-Marie-aux-Mines;;;7.188248;48.248283
68298_b012_00015;15;;Champ de la Chatte;68160;68298;Sainte-Marie-aux-Mines;;;7.166984;48.240443
68298_0220_00004;4;;Place de la Fleur;68160;68298;Sainte-Marie-aux-Mines;;;7.18508;48.246121
68298_0560_00035_c;35;c;Rue du Président Poincaré;68160;68298;Sainte-Marie-aux-Mines;;;7.185598;48.248232
68298_0688_00001;1;;Rue des Sapeurs Pompiers;68160;68298;Sainte-Marie-aux-Mines;;;7.191205;48.251421
68298_0560_00024;24;;Rue du Président Poincaré;68160;68298;Sainte-Marie-aux-Mines;;;7.184713;48.24881
68298_0780_00042;42;;Rue Wilson;68160;68298;Sainte-Marie-aux-Mines;;;7.187423;48.248329
68298_0110_00166;166;;Rue Clemenceau;68160;68298;Sainte-Marie-aux-Mines;;;7.177227;48.244023
68298_0610_00019;19;;Rue Reber;68160;68298;Sainte-Marie-aux-Mines;;;7.187185;48.247417
68298_0735_00045;45;;Rue de Trzic;68160;68298;Sainte-Marie-aux-Mines;;;7.202286;48.249084
68298_0415_00003;3;;Place Laure Diebold Mutschler;68160;68298;Sainte-Marie-aux-Mines;;;7.183108;48.245021
68298_0350_00011;11;;Rue Houchot;68160;68298;Sainte-Marie-aux-Mines;;;7.18061;48.246412
68298_0750_00020;20;;Rue de la Vieille Poste;68160;68298;Sainte-Marie-aux-Mines;;;7.182794;48.245107
68298_0470_00014;14;;Rue des Mines;68160;68298;Sainte-Marie-aux-Mines;;Saint-Philippe;7.181441;48.239522
68298_0110_00241;241;;Rue Clemenceau;68160;68298;Sainte-Marie-aux-Mines;;;7.170166;48.242482
68298_0356_00004;4;;Rue Jacob Amann;68160;68298;Sainte-Marie-aux-Mines;;Echery;7.162121;48.233864
68298_0356_00015;15;;Rue Jacob Amann;68160;68298;Sainte-Marie-aux-Mines;;Echery;7.161234;48.232395
68298_0780_00040;40;;Rue Wilson;68160;68298;Sainte-Marie-aux-Mines;;;7.187458;48.248376
68298_0760_00007;7;;Sentier des Vignes;68160;68298;Sainte-Marie-aux-Mines;;;7.186224;48.249556
68298_b096_00003_a;3;a;Saint Philippe;68160;68298;Sainte-Marie-aux-Mines;;Saint-Philippe;7.184447;48.23779
68298_qwpmkr_00009;9;;Chemin de la Croix de Mission;68160;68298;Sainte-Marie-aux-Mines;;;7.185103;48.250756
68298_0286_00019;19;;Rue du Général Vandenberg;68160;68298;Sainte-Marie-aux-Mines;;;7.184497;48.246196
68298_0735_00037;37;;Rue de Trzic;68160;68298;Sainte-Marie-aux-Mines;;;7.2016;48.249322
68298_b076_00033_a;33;a;La Petite Lièpvre;68160;68298;Sainte-Marie-aux-Mines;;;7.118305;48.20028
68298_a003_00015;15;;Lotissement les Primevères;68160;68298;Sainte-Marie-aux-Mines;;;7.172099;48.235006
68298_0560_00027;27;;Rue du Président Poincaré;68160;68298;Sainte-Marie-aux-Mines;;;7.184913;48.248763
68298_0090_00001;1;;Rue du Champ de la Chatte;68160;68298;Sainte-Marie-aux-Mines;;;7.17876;48.241278
68298_0780_00070;70;;Rue Wilson;68160;68298;Sainte-Marie-aux-Mines;;;7.186094;48.247307
68298_0450_00121;121;;Rue du Maréchal de Lattre de Tassigny;68160;68298;Sainte-Marie-aux-Mines;;;7.184772;48.246693
68298_0470_00047;47;;Rue des Mines;68160;68298;Sainte-Marie-aux-Mines;;Saint-Philippe;7.184531;48.237798
68298_0560_00031;31;;Rue du Président Poincaré;68160;68298;Sainte-Marie-aux-Mines;;;7.185466;48.248755
68298_jygmyg_00008;8;;Rue des Terrasses du Plein Soleil;68160;68298;Sainte-Marie-aux-Mines;;;7.20299;48.248943
68298_0470_00008;8;;Rue des Mines;68160;68298;Sainte-Marie-aux-Mines;;;7.181128;48.239671
68298_0410_00005;5;;Rue Kroeber-Imlin;68160;68298;Sainte-Marie-aux-Mines;;;7.18017;48.244268
68298_0140_00005;5;;Rue du Docteur Weisgerber;68160;68298;Sainte-Marie-aux-Mines;;;7.183645;48.245749
68298_an2ds1_00015;15;;Rue des Boutons d’Or;68160;68298;Sainte-Marie-aux-Mines;;;7.17358;48.236847
68298_ukissk_00015;15;;Brifosse;68160;68298;Sainte-Marie-aux-Mines;;;7.166616;48.243004
68298_b096_00009_a;9;a;Saint Philippe;68160;68298;Sainte-Marie-aux-Mines;;Saint-Philippe;7.188251;48.235735
68298_ukissk_00017;17;;Brifosse;68160;68298;Sainte-Marie-aux-Mines;;;7.166582;48.242982
68298_mb16xf_00021;21;;le Chauffour;68160;68298;Sainte-Marie-aux-Mines;;;7.172647;48.221013
68298_0600_00006;6;;Chemin du Rauenthal;68160;68298;Sainte-Marie-aux-Mines;;;7.16652;48.226996
68298_0610_00026;26;;Rue Reber;68160;68298;Sainte-Marie-aux-Mines;;;7.187609;48.247743
68298_hql0a6_00012;12;;Impasse de Saint Blaise;68160;68298;Sainte-Marie-aux-Mines;;;7.217717;48.259007
68298_0600_00015;15;;Chemin du Rauenthal;68160;68298;Sainte-Marie-aux-Mines;;;7.160249;48.216191
68298_0130_00016;16;;Rue du Docteur Mühlenbeck;68160;68298;Sainte-Marie-aux-Mines;;;7.183039;48.247945
68298_0450_00094;94;;Rue du Maréchal de Lattre de Tassigny;68160;68298;Sainte-Marie-aux-Mines;;;7.184104;48.246515
68298_0695_00013_h;13;h;Route du Stade;68160;68298;Sainte-Marie-aux-Mines;;;7.164024;48.234579
68298_0110_00204;204;;Rue Clemenceau;68160;68298;Sainte-Marie-aux-Mines;;;7.172624;48.243059
68298_0110_00186;186;;Rue Clemenceau;68160;68298;Sainte-Marie-aux-Mines;;;7.17486;48.24327
68298_0350_00014;14;;Rue Houchot;68160;68298;Sainte-Marie-aux-Mines;;;7.181066;48.246814
68298_b096_00004_a;4;a;Saint Philippe;68160;68298;Sainte-Marie-aux-Mines;;Saint-Philippe;7.184571;48.237644
68298_0780_00032;32;;Rue Wilson;68160;68298;Sainte-Marie-aux-Mines;;;7.187871;48.248639
68298_qraux3_00015;15;;Rue Sur l'Ile;68160;68298;Sainte-Marie-aux-Mines;;;7.176723;48.238732
68298_0410_00001;1;;Rue Kroeber-Imlin;68160;68298;Sainte-Marie-aux-Mines;;;7.180087;48.244425
68298_0025_00010;10;;Rue de l'Ancienne Cité Blech;68160;68298;Sainte-Marie-aux-Mines;;;7.19336;48.251922
68298_0560_00020;20;;Rue du Président Poincaré;68160;68298;Sainte-Marie-aux-Mines;;;7.183979;48.248507
68298_0780_00008;8;;Rue Wilson;68160;68298;Sainte-Marie-aux-Mines;;;7.190654;48.251066
68298_0280_00035_a;35;a;Rue du Général Bourgeois;68160;68298;Sainte-Marie-aux-Mines;;;7.178923;48.241194
68298_0620_00005;5;;Rue de la République;68160;68298;Sainte-Marie-aux-Mines;;;7.176142;48.24198
68298_0670_00000;0;;Rue Saint-Louis;68160;68298;Sainte-Marie-aux-Mines;;;7.182887;48.244587
68298_47qio8_01111;1111;;Fischtal;68160;68298;Sainte-Marie-aux-Mines;;;7.200331;48.238781
68298_0760_00005;5;;Sentier des Vignes;68160;68298;Sainte-Marie-aux-Mines;;;7.186038;48.249417
68298_0623_00021;21;;Rue Les Mélèzes;68160;68298;Sainte-Marie-aux-Mines;;;7.199321;48.25205
68298_0100_00002;2;;Rue du Château d'Eau;68160;68298;Sainte-Marie-aux-Mines;;;7.177206;48.239766
68298_b094_00019;19;;Saint Blaise;68160;68298;Sainte-Marie-aux-Mines;;;7.219358;48.257747
68298_0450_00120;120;;Rue du Maréchal de Lattre de Tassigny;68160;68298;Sainte-Marie-aux-Mines;;;7.181559;48.245336
68298_0280_00052;52;;Rue du Général Bourgeois;68160;68298;Sainte-Marie-aux-Mines;;;7.178661;48.240482
68298_0734_00009;9;;Place de Trzic;68160;68298;Sainte-Marie-aux-Mines;;;7.198436;48.250573
68298_0025_00018;18;;Rue de l'Ancienne Cité Blech;68160;68298;Sainte-Marie-aux-Mines;;;7.193155;48.252169
68298_0685_00024;24;;Chemin de Saint-Pierre sur l’Hâte;68160;68298;Sainte-Marie-aux-Mines;;;7.170796;48.22705
68298_0380_00006_c;6;c;Rue Jean Jaurès;68160;68298;Sainte-Marie-aux-Mines;;;7.190286;48.24971
68298_0620_00011;11;;Rue de la République;68160;68298;Sainte-Marie-aux-Mines;;;7.174703;48.241779
68298_0750_00025;25;;Rue de la Vieille Poste;68160;68298;Sainte-Marie-aux-Mines;;;7.18274;48.245002
68298_0370_00052;52;;Rue Jean-Jacques Bock;68160;68298;Sainte-Marie-aux-Mines;;;7.17392;48.249126
68298_0110_00152;152;;Rue Clemenceau;68160;68298;Sainte-Marie-aux-Mines;;;7.178389;48.244269
68298_0780_00018;18;;Rue Wilson;68160;68298;Sainte-Marie-aux-Mines;;;7.189851;48.250374
68298_mb2l65_00003;3;;Rue de la Goutte Saint Blaise;68160;68298;Sainte-Marie-aux-Mines;;;7.219957;48.258568
68298_0450_00163;163;;Rue du Maréchal de Lattre de Tassigny;68160;68298;Sainte-Marie-aux-Mines;;;7.182117;48.245425
68298_0470_00003;3;;Rue des Mines;68160;68298;Sainte-Marie-aux-Mines;;;7.179649;48.240527
68298_0450_00125;125;;Rue du Maréchal de Lattre de Tassigny;68160;68298;Sainte-Marie-aux-Mines;;;7.184576;48.246614
68298_0685_00010;10;;Chemin de Saint-Pierre sur l’Hâte;68160;68298;Sainte-Marie-aux-Mines;;;7.168892;48.227822
68298_0470_00015_b;15;b;Rue des Mines;68160;68298;Sainte-Marie-aux-Mines;;;7.180585;48.240325
68298_0350_00005;5;;Rue Houchot;68160;68298;Sainte-Marie-aux-Mines;;;7.18008;48.245695
68298_0zf9ex_00003;3;;Fenarupt;68160;68298;Sainte-Marie-aux-Mines;;;7.17273;48.250322
68298_0560_00021;21;;Rue du Président Poincaré;68160;68298;Sainte-Marie-aux-Mines;;;7.184027;48.248466
68298_0695_00004;4;;Route du Stade;68160;68298;Sainte-Marie-aux-Mines;;;7.165744;48.23598
68298_0780_00010_b;10;b;Rue Wilson;68160;68298;Sainte-Marie-aux-Mines;;;7.190262;48.250729
68298_0090_00016;16;;Rue du Champ de la Chatte;68160;68298;Sainte-Marie-aux-Mines;;;7.178492;48.241707
68298_0505_00025;25;;Rue de la Nouvelle Cité Blech;68160;68298;Sainte-Marie-aux-Mines;;;7.193749;48.252258
68298_0530_00002;2;;Petite Rue Saint-Louis;68160;68298;Sainte-Marie-aux-Mines;;;7.180832;48.242312
68298_b025_00004;4;;La Côte d'Echery;68160;68298;Sainte-Marie-aux-Mines;;;7.148369;48.23135
68298_0140_00007;7;;Rue du Docteur Weisgerber;68160;68298;Sainte-Marie-aux-Mines;;;7.183776;48.245876
68298_0685_00007;7;;Chemin de Saint-Pierre sur l’Hâte;68160;68298;Sainte-Marie-aux-Mines;;;7.169401;48.227414
68298_0110_00140;140;;Rue Clemenceau;68160;68298;Sainte-Marie-aux-Mines;;;7.179289;48.244678
68298_gjh79y_00015_a;15;a;Fertrupt;68160;68298;Sainte-Marie-aux-Mines;;;7.199423;48.247218
68298_0450_00185;185;;Rue du Maréchal de Lattre de Tassigny;68160;68298;Sainte-Marie-aux-Mines;;;7.180295;48.244939
68298_0140_00002;2;;Rue du Docteur Weisgerber;68160;68298;Sainte-Marie-aux-Mines;;;7.183077;48.245145
68298_0670_00012;12;;Rue Saint-Louis;68160;68298;Sainte-Marie-aux-Mines;;;7.180571;48.241635
68298_0780_00073;73;;Rue Wilson;68160;68298;Sainte-Marie-aux-Mines;;;7.187198;48.247899
68298_0450_00127;127;;Rue du Maréchal de Lattre de Tassigny;68160;68298;Sainte-Marie-aux-Mines;;;7.184424;48.24655
68298_0429_00004;4;;Clos Liversel;68160;68298;Sainte-Marie-aux-Mines;;;7.17155;48.242528
68298_0356_00029_e;29;e;Rue Jacob Amann;68160;68298;Sainte-Marie-aux-Mines;;;7.159657;48.231184
68298_b094_00008_b;8;b;Saint Blaise;68160;68298;Sainte-Marie-aux-Mines;;;7.21885;48.258962
68298_0025_00016;16;;Rue de l'Ancienne Cité Blech;68160;68298;Sainte-Marie-aux-Mines;;;7.193162;48.252147
68298_pyrgrp_00059_a;59;a;Adelspach;68160;68298;Sainte-Marie-aux-Mines;;;7.211888;48.22341
68298_0330_00005;5;;Haute Rue;68160;68298;Sainte-Marie-aux-Mines;;;7.179277;48.245136
68298_0350_00001;1;;Rue Houchot;68160;68298;Sainte-Marie-aux-Mines;;;7.179831;48.245466
68298_b4r26x_00007;7;;Rue de la Bourgonde;68160;68298;Sainte-Marie-aux-Mines;;;7.199367;48.235922
68298_47qio8_00004;4;;Fischtal;68160;68298;Sainte-Marie-aux-Mines;;;7.204174;48.237085
68298_0450_00130;130;;Rue du Maréchal de Lattre de Tassigny;68160;68298;Sainte-Marie-aux-Mines;;;7.181054;48.245209
68298_0458_00005;5;;Place Foch;68160;68298;Sainte-Marie-aux-Mines;;;7.179783;48.245034
68298_0780_00010;10;;Rue Wilson;68160;68298;Sainte-Marie-aux-Mines;;;7.190356;48.250832
68298_b076_00016_a;16;a;La Petite Lièpvre;68160;68298;Sainte-Marie-aux-Mines;;;7.144032;48.219947
68298_0600_00002_c;2;c;Chemin du Rauenthal;68160;68298;Sainte-Marie-aux-Mines;;;7.165074;48.229003
68298_0470_00002;2;;Rue des Mines;68160;68298;Sainte-Marie-aux-Mines;;;7.179529;48.240539
68298_gjh79y_00009;9;;Fertrupt;68160;68298;Sainte-Marie-aux-Mines;;;7.19928;48.249111
68298_gjh79y_00020_a;20;a;Fertrupt;68160;68298;Sainte-Marie-aux-Mines;;;7.199155;48.246111
68298_ukissk_00011;11;;Brifosse;68160;68298;Sainte-Marie-aux-Mines;;;7.166972;48.243101
68298_0130_00002;2;;Rue du Docteur Mühlenbeck;68160;68298;Sainte-Marie-aux-Mines;;;7.180306;48.245673
68298_0741_00036;36;;Rue d'Untergrombach;68160;68298;Sainte-Marie-aux-Mines;;;7.163751;48.232569
68298_0130_00004;4;;Rue du Docteur Mühlenbeck;68160;68298;Sainte-Marie-aux-Mines;;;7.180463;48.245823
68298_zprjv5_00005;5;;Hergauchamps;68160;68298;Sainte-Marie-aux-Mines;;;7.147034;48.244934
68298_b094_00025_a;25;a;Saint Blaise;68160;68298;Sainte-Marie-aux-Mines;;;7.217042;48.256969
68298_0500_00004;4;;Rue Narbey;68160;68298;Sainte-Marie-aux-Mines;;;7.184913;48.247098
68298_gjh79y_00043_a;43;a;Fertrupt;68160;68298;Sainte-Marie-aux-Mines;;;7.200696;48.246615
68298_0623_00008;8;;Rue Les Mélèzes;68160;68298;Sainte-Marie-aux-Mines;;;7.197992;48.251946
68298_0280_00037;37;;Rue du Général Bourgeois;68160;68298;Sainte-Marie-aux-Mines;;;7.178857;48.240796
68298_0780_00049;49;;Rue Wilson;68160;68298;Sainte-Marie-aux-Mines;;;7.187963;48.248587
68298_ukissk_00005;5;;Brifosse;68160;68298;Sainte-Marie-aux-Mines;;;7.167385;48.243129
68298_0780_00054;54;;Rue Wilson;68160;68298;Sainte-Marie-aux-Mines;;;7.186904;48.247767
68298_0530_00003;3;;Petite Rue Saint-Louis;68160;68298;Sainte-Marie-aux-Mines;;;7.180665;48.242362
68298_0140_00004;4;;Rue du Docteur Weisgerber;68160;68298;Sainte-Marie-aux-Mines;;;7.183109;48.24525
68298_0780_00024;24;;Rue Wilson;68160;68298;Sainte-Marie-aux-Mines;;;7.188342;48.249022
68298_b076_00027;27;;La Petite Lièpvre;68160;68298;Sainte-Marie-aux-Mines;;;7.130444;48.20907
68298_0610_00042;42;;Rue Reber;68160;68298;Sainte-Marie-aux-Mines;;;7.189045;48.248538
68298_0110_00256_a;256;a;Rue Clemenceau;68160;68298;Sainte-Marie-aux-Mines;;;7.166597;48.242527
68298_0623_00046_a;46;a;Rue Les Mélèzes;68160;68298;Sainte-Marie-aux-Mines;;;7.199445;48.252584
68298_0735_00008_b;8;b;Rue de Trzic;68160;68298;Sainte-Marie-aux-Mines;;;7.200498;48.251257
68298_0370_00014;14;;Rue Jean-Jacques Bock;68160;68298;Sainte-Marie-aux-Mines;;;7.175285;48.245148
68298_gfezrv_00005;5;;Les Marronniers;68160;68298;Sainte-Marie-aux-Mines;;;7.200809;48.252818
68298_0280_00084_a;84;a;Rue du Général Bourgeois;68160;68298;Sainte-Marie-aux-Mines;;;7.17494;48.238499
68298_0130_00005_b;5;b;Rue du Docteur Mühlenbeck;68160;68298;Sainte-Marie-aux-Mines;;;7.180915;48.246299
68298_b076_00001;1;;La Petite Lièpvre;68160;68298;Sainte-Marie-aux-Mines;;;7.156851;48.229634
68298_0623_00016;16;;Rue Les Mélèzes;68160;68298;Sainte-Marie-aux-Mines;;;7.198591;48.252251
68298_zprjv5_00008;8;;Hergauchamps;68160;68298;Sainte-Marie-aux-Mines;;;7.143075;48.238098
68298_zprjv5_00001_a;1;a;Hergauchamps;68160;68298;Sainte-Marie-aux-Mines;;;7.152212;48.244428
68298_0780_00030;30;;Rue Wilson;68160;68298;Sainte-Marie-aux-Mines;;;7.187991;48.248726
68298_b096_00017;17;;Saint Philippe;68160;68298;Sainte-Marie-aux-Mines;;;7.176065;48.235308
68298_0620_00004;4;;Rue de la République;68160;68298;Sainte-Marie-aux-Mines;;;7.176375;48.242013
68298_b073_00056;56;;Le Petit Haut;68160;68298;Sainte-Marie-aux-Mines;;;7.217871;48.241606
68298_0140_00020;20;;Rue du Docteur Weisgerber;68160;68298;Sainte-Marie-aux-Mines;;;7.183829;48.245964
68298_0380_00009_a;9;a;Rue Jean Jaurès;68160;68298;Sainte-Marie-aux-Mines;;;7.191107;48.250505
68298_0025_00007;7;;Rue de l'Ancienne Cité Blech;68160;68298;Sainte-Marie-aux-Mines;;;7.193302;48.251883
68298_0741_00042;42;;Rue d'Untergrombach;68160;68298;Sainte-Marie-aux-Mines;;;7.163614;48.232339
68298_0081_00004;4;;Rue des Cerisiers;68160;68298;Sainte-Marie-aux-Mines;;;7.192135;48.249189
68298_0458_00004;4;;Place Foch;68160;68298;Sainte-Marie-aux-Mines;;;7.179917;48.245264
68298_0220_00002;2;;Place de la Fleur;68160;68298;Sainte-Marie-aux-Mines;;;7.185069;48.246303
68298_zprjv5_00007;7;;Hergauchamps;68160;68298;Sainte-Marie-aux-Mines;;;7.142429;48.240808
68298_a045_00003;3;;Residence les Fougères;68160;68298;Sainte-Marie-aux-Mines;;;7.174473;48.237781
68298_0110_00176;176;;Rue Clemenceau;68160;68298;Sainte-Marie-aux-Mines;;;7.17605;48.243688
68298_0110_00195_a;195;a;Rue Clemenceau;68160;68298;Sainte-Marie-aux-Mines;;;7.179282;48.244509
68298_0110_00223;223;;Rue Clemenceau;68160;68298;Sainte-Marie-aux-Mines;;;7.17723;48.243949
68298_0622_00001_a;1;a;Rue des Genêts;68160;68298;Sainte-Marie-aux-Mines;;;7.181647;48.24557
68298_0390_00003;3;;Chemin des Jardiniers;68160;68298;Sainte-Marie-aux-Mines;;;7.192615;48.249843
68298_an2ds1_00013;13;;Rue des Boutons d’Or;68160;68298;Sainte-Marie-aux-Mines;;;7.172927;48.236463
68298_0670_00000;0;;Rue Saint-Louis;68160;68298;Sainte-Marie-aux-Mines;;;7.182562;48.244163
68298_0370_00010;10;;Rue Jean-Jacques Bock;68160;68298;Sainte-Marie-aux-Mines;;;7.175547;48.244693
68298_0560_00035;35;;Rue du Président Poincaré;68160;68298;Sainte-Marie-aux-Mines;;;7.185683;48.248658
68298_0735_00020;20;;Rue de Trzic;68160;68298;Sainte-Marie-aux-Mines;;;7.201565;48.250139
68298_0749_00001;1;;Impasse de la Vieille Poste;68160;68298;Sainte-Marie-aux-Mines;;;7.181187;48.244907
68298_0560_00041;41;;Rue du Président Poincaré;68160;68298;Sainte-Marie-aux-Mines;;;7.186941;48.248592
68298_0356_00008;8;;Rue Jacob Amann;68160;68298;Sainte-Marie-aux-Mines;;Echery;7.16181;48.233514
68298_0470_00010;10;;Rue des Mines;68160;68298;Sainte-Marie-aux-Mines;;Saint-Philippe;7.181237;48.239612
68298_0356_00009_a;9;a;Rue Jacob Amann;68160;68298;Sainte-Marie-aux-Mines;;Echery;7.16166;48.233145
68298_0zf9ex_00004_c;4;c;Fenarupt;68160;68298;Sainte-Marie-aux-Mines;;;7.1738;48.251222
68298_mb2l65_00011;11;;Rue de la Goutte Saint Blaise;68160;68298;Sainte-Marie-aux-Mines;;;7.220165;48.258423
68298_0286_00017;17;;Rue du Général Vandenberg;68160;68298;Sainte-Marie-aux-Mines;;;7.184398;48.24616
68298_0350_00007;7;;Rue Houchot;68160;68298;Sainte-Marie-aux-Mines;;;7.180337;48.245994
68298_bdt3xj_00014;14;;Rue Saint-Michel;68160;68298;Sainte-Marie-aux-Mines;;;7.190245;48.247497
68298_0130_00001;1;;Rue du Docteur Mühlenbeck;68160;68298;Sainte-Marie-aux-Mines;;;7.180235;48.245618
68298_0220_00002_a;2;a;Place de la Fleur;68160;68298;Sainte-Marie-aux-Mines;;;7.184941;48.246229
68298_0750_00005;5;;Rue de la Vieille Poste;68160;68298;Sainte-Marie-aux-Mines;;;7.181609;48.244903
68298_pzf7on_00000;0;;Florival;68160;68298;Sainte-Marie-aux-Mines;;;7.194865;48.238951
68298_0110_00203;203;;Rue Clemenceau;68160;68298;Sainte-Marie-aux-Mines;;;7.178782;48.244292
68298_0685_00017;17;;Chemin de Saint-Pierre sur l’Hâte;68160;68298;Sainte-Marie-aux-Mines;;;7.174946;48.223671
68298_84e575_00049;49;;Echery;68160;68298;Sainte-Marie-aux-Mines;;;7.163099;48.230857
68298_0640_00005;5;;Avenue Robert Zeller;68160;68298;Sainte-Marie-aux-Mines;;;7.19421;48.251247
68298_0610_00001;1;;Rue Reber;68160;68298;Sainte-Marie-aux-Mines;;;7.185968;48.246392
68298_0370_00004;4;;Rue Jean-Jacques Bock;68160;68298;Sainte-Marie-aux-Mines;;;7.176172;48.244009
68298_0130_00011;11;;Rue du Docteur Mühlenbeck;68160;68298;Sainte-Marie-aux-Mines;;;7.182559;48.247647
68298_b096_00003_b;3;b;Saint Philippe;68160;68298;Sainte-Marie-aux-Mines;;Saint-Philippe;7.184319;48.237964
68298_0610_00002;2;;Rue Reber;68160;68298;Sainte-Marie-aux-Mines;;;7.185756;48.24671
68298_0741_00050;50;;Rue d'Untergrombach;68160;68298;Sainte-Marie-aux-Mines;;;7.162999;48.231814
68298_0560_00048;48;;Rue du Président Poincaré;68160;68298;Sainte-Marie-aux-Mines;;;7.187429;48.248518
68298_bdt3xj_00002;2;;Rue Saint-Michel;68160;68298;Sainte-Marie-aux-Mines;;;7.191645;48.248148
68298_0741_00027_b;27;b;Rue d'Untergrombach;68160;68298;Sainte-Marie-aux-Mines;;;7.16356;48.232157
68298_bdt3xj_00013;13;;Rue Saint-Michel;68160;68298;Sainte-Marie-aux-Mines;;;7.190437;48.247631
68298_0780_00016;16;;Rue Wilson;68160;68298;Sainte-Marie-aux-Mines;;;7.189925;48.250431
68298_0110_00188;188;;Rue Clemenceau;68160;68298;Sainte-Marie-aux-Mines;;;7.174644;48.243186
68298_0670_00009;9;;Rue Saint-Louis;68160;68298;Sainte-Marie-aux-Mines;;;7.179669;48.240863
68298_gjh79y_00019_b;19;b;Fertrupt;68160;68298;Sainte-Marie-aux-Mines;;;7.199293;48.246613
68298_0450_00131;131;;Rue du Maréchal de Lattre de Tassigny;68160;68298;Sainte-Marie-aux-Mines;;;7.184208;48.246459
68298_0420_00001;1;;Rue de la Liberté;68160;68298;Sainte-Marie-aux-Mines;;;7.184611;48.245278
68298_b025_00004_b;4;b;La Côte d'Echery;68160;68298;Sainte-Marie-aux-Mines;;;7.14839;48.23141
68298_47qio8_00007;7;;Fischtal;68160;68298;Sainte-Marie-aux-Mines;;;7.208839;48.234017
68298_0695_00008;8;;Route du Stade;68160;68298;Sainte-Marie-aux-Mines;;;7.165194;48.235777
68298_0470_00020;20;;Rue des Mines;68160;68298;Sainte-Marie-aux-Mines;;Saint-Philippe;7.181836;48.23935
68298_0650_00001;1;;Quartier Rohmer;68160;68298;Sainte-Marie-aux-Mines;;;7.18703;48.248928
68298_b076_00035_b;35;b;La Petite Lièpvre;68160;68298;Sainte-Marie-aux-Mines;;;7.114163;48.192825
68298_b096_00011;11;;Saint Philippe;68160;68298;Sainte-Marie-aux-Mines;;Saint-Philippe;7.184149;48.234236
68298_0zf9ex_01113;1113;;Fenarupt;68160;68298;Sainte-Marie-aux-Mines;;;7.174644;48.250498
68298_b044_00002;2;;La Goutte des Pommes;68160;68298;Sainte-Marie-aux-Mines;;;7.190518;48.252043
68298_0735_00015;15;;Rue de Trzic;68160;68298;Sainte-Marie-aux-Mines;;;7.199919;48.2509
68298_0695_00013_b;13;b;Route du Stade;68160;68298;Sainte-Marie-aux-Mines;;;7.163683;48.235098
68298_0370_00001_a;1;a;Rue Jean-Jacques Bock;68160;68298;Sainte-Marie-aux-Mines;;;7.175906;48.24413
68298_0286_00024;24;;Rue du Général Vandenberg;68160;68298;Sainte-Marie-aux-Mines;;;7.184417;48.246204
68298_0370_00036;36;;Rue Jean-Jacques Bock;68160;68298;Sainte-Marie-aux-Mines;;;7.17386;48.248445
68298_akwwpl_00020;20;;Sur les Prés;68160;68298;Sainte-Marie-aux-Mines;;;7.206017;48.255507
68298_0380_00011;11;;Rue Jean Jaurès;68160;68298;Sainte-Marie-aux-Mines;;;7.191427;48.250689
68298_0670_00085;85;;Rue Saint-Louis;68160;68298;Sainte-Marie-aux-Mines;;;7.183055;48.244667
68298_0610_00027;27;;Rue Reber;68160;68298;Sainte-Marie-aux-Mines;;;7.187997;48.24789
68298_0286_00015;15;;Rue du Général Vandenberg;68160;68298;Sainte-Marie-aux-Mines;;;7.184236;48.246087
68298_0110_00229;229;;Rue Clemenceau;68160;68298;Sainte-Marie-aux-Mines;;;7.173764;48.242686
68298_qwpmkr_00004;4;;Chemin de la Croix de Mission;68160;68298;Sainte-Marie-aux-Mines;;;7.184424;48.249345
68298_a003_00007;7;;Lotissement les Primevères;68160;68298;Sainte-Marie-aux-Mines;;;7.173551;48.235169
68298_0450_00124;124;;Rue du Maréchal de Lattre de Tassigny;68160;68298;Sainte-Marie-aux-Mines;;;7.181388;48.245295
68298_gjh79y_00005;5;;Fertrupt;68160;68298;Sainte-Marie-aux-Mines;;;7.198282;48.250324
68298_0670_00073;73;;Rue Saint-Louis;68160;68298;Sainte-Marie-aux-Mines;;;7.182404;48.24371
68298_0450_00165;165;;Rue du Maréchal de Lattre de Tassigny;68160;68298;Sainte-Marie-aux-Mines;;;7.182028;48.245374
