id;numero;rep;nom_voie;code_postal;code_insee;nom_commune;nom_ancienne_commune;nom_ld;lon;lat
74241_0127_00018;18;;Impasse des Prés Verts;74490;74241;Saint-Jeoire;;;6.464686;46.145753
74241_0106_00131;131;;Rue Gaspard Monge;74490;74241;Saint-Jeoire;;;6.465002;46.136494
74241_0123_00529;529;;Route des Poses;74490;74241;Saint-Jeoire;;;6.463202;46.170183
74241_a009_00132;132;;Lotissement les Bois de Risse;74490;74241;Saint-Jeoire;;;6.472387;46.138996
74241_0116_00037;37;;Montée de Perreuse;74490;74241;Saint-Jeoire;;;6.459322;46.13948
74241_0115_00018;18;;Impasse de Peramioux;74490;74241;Saint-Jeoire;;;6.469228;46.14904
74241_0131_00443;443;;Chemin de la Ravoire;74490;74241;Saint-Jeoire;;;6.466768;46.141317
74241_0172_00707;707;;Avenue de Tremercier;74490;74241;Saint-Jeoire;;;6.469167;46.13561
74241_0102_00106;106;;Route du Mole;74490;74241;Saint-Jeoire;;;6.458963;46.133613
74241_0152_00014;14;;Rue de Savoie;74490;74241;Saint-Jeoire;;;6.454906;46.138448
74241_0155_02065;2065;;Route de la Serra;74490;74241;Saint-Jeoire;;;6.497867;46.126064
74241_0016_00304;304;;Route de la Bevière;74490;74241;Saint-Jeoire;;;6.470914;46.147256
74241_a011_00038;38;;Lotissement les Cyclamens;74490;74241;Saint-Jeoire;;;6.459869;46.133977
74241_0036_02217;2217;;Route de Cormand;74490;74241;Saint-Jeoire;;;6.484826;46.123639
74241_0102_00185;185;;Route du Mole;74490;74241;Saint-Jeoire;;;6.458721;46.1329
74241_0099_00891;891;;Route de Marignier;74490;74241;Saint-Jeoire;;;6.484948;46.130306
74241_a021_00061;61;;Lotissement le Château Vieux;74490;74241;Saint-Jeoire;;;6.47107;46.138196
74241_a019_00045;45;;Lotissement le Turchon;74490;74241;Saint-Jeoire;;;6.468059;46.144686
74241_0181_00129;129;;Rue des Tovets;74490;74241;Saint-Jeoire;;;6.467281;46.146569
74241_0017_00128;128;;Chemin du Bois Layât;74490;74241;Saint-Jeoire;;;6.449323;46.135322
74241_0178_00027;27;;Avenue de la Tour de Fer;74490;74241;Saint-Jeoire;;;6.456457;46.13847
74241_0143_00025;25;;Ancien Chemin de Saint-Jeoire;74490;74241;Saint-Jeoire;;;6.473249;46.165598
74241_0015_00089;89;;Chemin des Beulets;74490;74241;Saint-Jeoire;;;6.488896;46.119506
74241_0013_00073;73;;Chemin de Bellensol;74490;74241;Saint-Jeoire;;;6.46199;46.139794
74241_0023_01287;1287;;Route de sur Chable;74490;74241;Saint-Jeoire;;;6.469981;46.15795
74241_0028_00094;94;;Route de Charny;74490;74241;Saint-Jeoire;;;6.46712;46.136676
74241_0123_00559;559;;Route des Poses;74490;74241;Saint-Jeoire;;;6.46331;46.170314
74241_0147_00035;35;;Rue François Melchior de Saint-Jeoir;74490;74241;Saint-Jeoire;;;6.459741;46.137707
74241_0027_00203;203;;Route de Chaîne d’Or;74490;74241;Saint-Jeoire;;;6.450053;46.176787
74241_0148_00219;219;;Route des Salles;74490;74241;Saint-Jeoire;;;6.488708;46.120002
74241_0058_00202;202;;Rue du Faucigny;74490;74241;Saint-Jeoire;;;6.459238;46.138053
74241_0033_00073;73;;Avenue des Colombières;74490;74241;Saint-Jeoire;;;6.459112;46.136853
74241_mptnl9_00006;6;;Lotissement Le Hameau de La Scierie;74490;74241;Saint-Jeoire;;;6.450438;46.136297
74241_0002_00096;96;;Rue de l’Ancienne Gare;74490;74241;Saint-Jeoire;;;6.452469;46.136334
74241_0186_02262;2262;;Route de la Vallée du Giffre;74490;74241;Saint-Jeoire;;;6.477901;46.13592
74241_0011_00215;215;;Montée de Beauregard;74490;74241;Saint-Jeoire;;;6.455925;46.140271
74241_0042_00114;114;;Rue Jean-Jacques Dussaix;74490;74241;Saint-Jeoire;;;6.462524;46.137111
74241_0061_00117;117;;Route des Feulâtes;74490;74241;Saint-Jeoire;;;6.455257;46.138622
74241_0058_00143;143;;Rue du Faucigny;74490;74241;Saint-Jeoire;;;6.458528;46.138211
74241_0184_00632;632;;Route de l’Usine;74490;74241;Saint-Jeoire;;;6.490761;46.125332
74241_8qhthf_00070;70;;Lotissement Les Balcons de Chounaz;74490;74241;Saint-Jeoire;;;6.477324;46.142794
74241_0098_00024;24;;Place du Marche;74490;74241;Saint-Jeoire;;;6.459614;46.138309
74241_0036_01110;1110;;Route de Cormand;74490;74241;Saint-Jeoire;;;6.475634;46.131031
74241_0145_00204;204;;Rue Allamand de Saint-Jeoire;74490;74241;Saint-Jeoire;;;6.45804;46.14014
74241_kdfk3j_00081;81;;Zone Industrielle du Giffre;74490;74241;Saint-Jeoire;;;6.490698;46.125233
74241_0150_00048;48;;Rue de la Sapinière;74490;74241;Saint-Jeoire;;;6.469495;46.137163
74241_0160_00052;52;;Place Germain Sommeiller;74490;74241;Saint-Jeoire;;;6.458605;46.139037
74241_0101_00029;29;;Chemin de la Minoterie;74490;74241;Saint-Jeoire;;;6.468746;46.148931
74241_0061_00093;93;;Route des Feulâtes;74490;74241;Saint-Jeoire;;;6.455599;46.138595
74241_a018_00127;127;;Lotissement les Terrasses du Mole;74490;74241;Saint-Jeoire;;;6.480378;46.126032
74241_0160_00096;96;;Place Germain Sommeiller;74490;74241;Saint-Jeoire;;;6.458971;46.138982
74241_0038_00060;60;;Impasse de la Couaz;74490;74241;Saint-Jeoire;;;6.46487;46.145461
74241_0013_00117;117;;Chemin de Bellensol;74490;74241;Saint-Jeoire;;;6.461126;46.139371
74241_0181_00375;375;;Rue des Tovets;74490;74241;Saint-Jeoire;;;6.468611;46.14857
74241_0032_00156;156;;Route de Chounaz;74490;74241;Saint-Jeoire;;;6.479523;46.136463
74241_a019_00028;28;;Lotissement le Turchon;74490;74241;Saint-Jeoire;;;6.46834;46.145264
74241_0131_00137;137;;Chemin de la Ravoire;74490;74241;Saint-Jeoire;;;6.461483;46.138798
74241_0115_00063;63;;Impasse de Peramioux;74490;74241;Saint-Jeoire;;;6.469402;46.149397
74241_0048_00051;51;;Place de l’Église;74490;74241;Saint-Jeoire;;;6.459365;46.138846
74241_a021_00039;39;;Lotissement le Château Vieux;74490;74241;Saint-Jeoire;;;6.47087;46.138149
74241_0124_01019;1019;;Route de Pouilly;74490;74241;Saint-Jeoire;;;6.466295;46.145852
74241_0080_00110;110;;Rue d’Hisson;74490;74241;Saint-Jeoire;;;6.458359;46.135872
74241_0032_01165;1165;;Route de Chounaz;74490;74241;Saint-Jeoire;;;6.478192;46.142498
74241_0099_00963;963;;Route de Marignier;74490;74241;Saint-Jeoire;;;6.486008;46.129713
74241_0002_00129;129;;Rue de l’Ancienne Gare;74490;74241;Saint-Jeoire;;;6.45125;46.136287
74241_0105_00063;63;;Avenue Gaspard Monge;74490;74241;Saint-Jeoire;;;6.461105;46.136802
74241_0027_00515;515;;Route de Chaîne d’Or;74490;74241;Saint-Jeoire;;;6.449863;46.176219
74241_0172_00157;157;;Avenue de Tremercier;74490;74241;Saint-Jeoire;;;6.462726;46.137477
74241_0036_01378;1378;;Route de Cormand;74490;74241;Saint-Jeoire;;;6.477135;46.128774
74241_a016_00054;54;;Lotissement de la Ravoire;74490;74241;Saint-Jeoire;;;6.470185;46.140743
74241_0140_00116;116;;La Vieille Route;74490;74241;Saint-Jeoire;;;6.461794;46.137029
74241_0142_00072;72;;Rue du Domaine Saint-Georges;74490;74241;Saint-Jeoire;;;6.454214;46.136675
74241_0037_00220;220;;Chemin le Coteau;74490;74241;Saint-Jeoire;;;6.469739;46.136178
74241_8qhthf_00016;16;;Lotissement Les Balcons de Chounaz;74490;74241;Saint-Jeoire;;;6.476641;46.142441
74241_0107_00123;123;;Route de Montrenaz;74490;74241;Saint-Jeoire;;;6.460123;46.134885
74241_a012_00146;146;;Lotissement le Hameau du Mont Blanc;74490;74241;Saint-Jeoire;;;6.469951;46.146854
74241_0028_00188;188;;Route de Charny;74490;74241;Saint-Jeoire;;;6.46917;46.136161
74241_a009_00097;97;;Lotissement les Bois de Risse;74490;74241;Saint-Jeoire;;;6.472211;46.138647
74241_0098_00013;13;;Place du Marche;74490;74241;Saint-Jeoire;;;6.45926;46.138226
74241_0106_00012;12;;Rue Gaspard Monge;74490;74241;Saint-Jeoire;;;6.464853;46.135366
74241_0091_00244;244;;Montée des Jourdillets;74490;74241;Saint-Jeoire;;;6.474263;46.166027
74241_0100_00052;52;;Route de Millière;74490;74241;Saint-Jeoire;;;6.459143;46.133276
74241_a016_00030;30;;Lotissement de la Ravoire;74490;74241;Saint-Jeoire;;;6.47022;46.140927
74241_a017_00146;146;;Lotissement des Roches;74490;74241;Saint-Jeoire;;;6.455073;46.136364
74241_0167_00171;171;;Rue sur Naves;74490;74241;Saint-Jeoire;;;6.463167;46.138476
74241_0124_01475;1475;;Route de Pouilly;74490;74241;Saint-Jeoire;;;6.468115;46.149798
74241_0058_00252;252;;Rue du Faucigny;74490;74241;Saint-Jeoire;;;6.459786;46.137931
74241_0023_00390_b;390;b;Route de sur Chable;74490;74241;Saint-Jeoire;;;6.470359;46.165593
74241_a017_00156;156;;Lotissement des Roches;74490;74241;Saint-Jeoire;;;6.45509;46.136285
74241_a013_00043;43;;Résidence Mont Blanc;74490;74241;Saint-Jeoire;;;6.472355;46.165005
74241_0032_01127;1127;;Route de Chounaz;74490;74241;Saint-Jeoire;;;6.477505;46.142065
74241_a018_00022;22;;Lotissement les Terrasses du Mole;74490;74241;Saint-Jeoire;;;6.480621;46.126335
74241_0032_00265;265;;Route de Chounaz;74490;74241;Saint-Jeoire;;;6.479152;46.13737
74241_0036_01417;1417;;Route de Cormand;74490;74241;Saint-Jeoire;;;6.478114;46.128452
74241_0039_00099;99;;Impasse de la Courtoise;74490;74241;Saint-Jeoire;;;6.466389;46.147657
74241_0140_00122;122;;La Vieille Route;74490;74241;Saint-Jeoire;;;6.46179;46.136747
74241_0028_00107;107;;Route de Charny;74490;74241;Saint-Jeoire;;;6.467451;46.136986
74241_mptnl9_00002;2;;Lotissement Le Hameau de La Scierie;74490;74241;Saint-Jeoire;;;6.450431;46.1366
74241_0121_00057;57;;Chemin du Pont du Cruz;74490;74241;Saint-Jeoire;;;6.469668;46.149204
74241_0105_00152;152;;Avenue Gaspard Monge;74490;74241;Saint-Jeoire;;;6.462003;46.136608
74241_0147_00071;71;;Rue François Melchior de Saint-Jeoir;74490;74241;Saint-Jeoire;;;6.459786;46.137381
74241_8qhthf_00069;69;;Lotissement Les Balcons de Chounaz;74490;74241;Saint-Jeoire;;;6.477305;46.142598
74241_0023_00100;100;;Route de sur Chable;74490;74241;Saint-Jeoire;;;6.471899;46.165122
74241_ko2ivr_00010;10;;Lotissement Le Clos d'Armounet;74490;74241;Saint-Jeoire;;;6.465615;46.147138
74241_0036_01199;1199;;Route de Cormand;74490;74241;Saint-Jeoire;;;6.476144;46.130145
74241_a009_00232;232;;Lotissement les Bois de Risse;74490;74241;Saint-Jeoire;;;6.472586;46.139755
74241_0003_00329;329;;Route d’Anthon;74490;74241;Saint-Jeoire;;;6.492787;46.126526
74241_0017_00102;102;;Chemin du Bois Layât;74490;74241;Saint-Jeoire;;;6.449327;46.135554
74241_0114_00228;228;;Rue de Narvik;74490;74241;Saint-Jeoire;;;6.46413;46.14613
74241_0147_00051;51;;Rue François Melchior de Saint-Jeoir;74490;74241;Saint-Jeoire;;;6.459748;46.137524
74241_0039_00047;47;;Impasse de la Courtoise;74490;74241;Saint-Jeoire;;;6.466749;46.147297
74241_0114_00018;18;;Rue de Narvik;74490;74241;Saint-Jeoire;;;6.466631;46.146646
74241_0042_00026;26;;Rue Jean-Jacques Dussaix;74490;74241;Saint-Jeoire;;;6.462619;46.136406
74241_0037_00044;44;;Chemin le Coteau;74490;74241;Saint-Jeoire;;;6.470478;46.137579
74241_0064_00189;189;;Chemin de la Fin;74490;74241;Saint-Jeoire;;;6.453832;46.136166
74241_0058_00169;169;;Rue du Faucigny;74490;74241;Saint-Jeoire;;;6.458786;46.138153
74241_0027_00681;681;;Route de Chaîne d’Or;74490;74241;Saint-Jeoire;;;6.451815;46.176267
74241_0007_00183;183;;Impasse Barteudet;74490;74241;Saint-Jeoire;;;6.456078;46.13586
74241_0004_00104;104;;Route d’Aveyran;74490;74241;Saint-Jeoire;;;6.469483;46.166556
74241_ko2ivr_00003;3;;Lotissement Le Clos d'Armounet;74490;74241;Saint-Jeoire;;;6.465714;46.146674
74241_0027_00703;703;;Route de Chaîne d’Or;74490;74241;Saint-Jeoire;;;6.452134;46.176276
74241_0032_00201;201;;Route de Chounaz;74490;74241;Saint-Jeoire;;;6.479286;46.136934
74241_0148_00033;33;;Route des Salles;74490;74241;Saint-Jeoire;;;6.489237;46.120171
74241_0099_00695;695;;Route de Marignier;74490;74241;Saint-Jeoire;;;6.483386;46.131645
74241_0028_00145;145;;Route de Charny;74490;74241;Saint-Jeoire;;;6.468103;46.137247
74241_0036_02474;2474;;Route de Cormand;74490;74241;Saint-Jeoire;;;6.486453;46.122281
74241_a019_00028;28;;Lotissement le Turchon;74490;74241;Saint-Jeoire;;;6.468095;46.144815
74241_0064_00209;209;;Chemin de la Fin;74490;74241;Saint-Jeoire;;;6.454201;46.136005
74241_mptnl9_00001;1;;Lotissement Le Hameau de La Scierie;74490;74241;Saint-Jeoire;;;6.450567;46.136673
74241_0075_00202;202;;Allée de la Géode;74490;74241;Saint-Jeoire;;;6.466546;46.133799
74241_0144_00045;45;;Impasse Allamand de Saint-Jeoire;74490;74241;Saint-Jeoire;;;6.457257;46.139511
74241_m4u5rz_00031_c;31;c;Lotissement Montrenaz;74490;74241;Saint-Jeoire;;;6.458153;46.133175
74241_0140_00012;12;;La Vieille Route;74490;74241;Saint-Jeoire;;;6.460677;46.137515
74241_0148_00818;818;;Route des Salles;74490;74241;Saint-Jeoire;;;6.483838;46.121498
74241_0160_00073;73;;Place Germain Sommeiller;74490;74241;Saint-Jeoire;;;6.458864;46.139228
74241_0036_02150;2150;;Route de Cormand;74490;74241;Saint-Jeoire;;;6.484206;46.123965
74241_ko2ivr_00008;8;;Lotissement Le Clos d'Armounet;74490;74241;Saint-Jeoire;;;6.465885;46.147208
74241_0114_00354;354;;Rue de Narvik;74490;74241;Saint-Jeoire;;;6.462875;46.145541
74241_0036_01384;1384;;Route de Cormand;74490;74241;Saint-Jeoire;;;6.477496;46.128902
74241_yfj7pr_00006;6;;Impasse du Clos d’Ambion;74490;74241;Saint-Jeoire;;;6.452899;46.137008
74241_0178_00566;566;;Avenue de la Tour de Fer;74490;74241;Saint-Jeoire;;;6.449721;46.137112
74241_0099_00098;98;;Route de Marignier;74490;74241;Saint-Jeoire;;;6.477065;46.135354
74241_0033_00525;525;;Avenue des Colombières;74490;74241;Saint-Jeoire;;;6.452971;46.137273
74241_0058_00260;260;;Rue du Faucigny;74490;74241;Saint-Jeoire;;;6.459918;46.137874
74241_0016_00134;134;;Route de la Bevière;74490;74241;Saint-Jeoire;;;6.469955;46.145992
74241_0181_00197;197;;Rue des Tovets;74490;74241;Saint-Jeoire;;;6.467626;46.147092
74241_0152_00105;105;;Rue de Savoie;74490;74241;Saint-Jeoire;;;6.453542;46.138189
74241_0058_00147;147;;Rue du Faucigny;74490;74241;Saint-Jeoire;;;6.458628;46.138187
74241_0002_00071;71;;Rue de l’Ancienne Gare;74490;74241;Saint-Jeoire;;;6.452122;46.136211
74241_0002_00111;111;;Rue de l’Ancienne Gare;74490;74241;Saint-Jeoire;;;6.451761;46.136225
74241_0115_00011;11;;Impasse de Peramioux;74490;74241;Saint-Jeoire;;;6.469137;46.149037
74241_0184_00383;383;;Route de l’Usine;74490;74241;Saint-Jeoire;;;6.491018;46.126782
74241_0032_00973;973;;Route de Chounaz;74490;74241;Saint-Jeoire;;;6.476019;46.143084
74241_a010_00226;226;;Lotissement le Château;74490;74241;Saint-Jeoire;;;6.459845;46.141054
74241_0160_00088;88;;Place Germain Sommeiller;74490;74241;Saint-Jeoire;;;6.45895;46.138998
74241_0115_00064;64;;Impasse de Peramioux;74490;74241;Saint-Jeoire;;;6.469457;46.149496
74241_a014_00065;65;;Résidence Perreuse;74490;74241;Saint-Jeoire;;;6.460234;46.140511
74241_0036_01226;1226;;Route de Cormand;74490;74241;Saint-Jeoire;;;6.475885;46.130079
74241_0099_00096;96;;Route de Marignier;74490;74241;Saint-Jeoire;;;6.47715;46.135329
74241_0011_00216;216;;Montée de Beauregard;74490;74241;Saint-Jeoire;;;6.455567;46.140455
74241_0032_00254;254;;Route de Chounaz;74490;74241;Saint-Jeoire;;;6.479428;46.137209
74241_0184_00451;451;;Route de l’Usine;74490;74241;Saint-Jeoire;;;6.491523;46.126266
74241_0142_00027;27;;Rue du Domaine Saint-Georges;74490;74241;Saint-Jeoire;;;6.455199;46.137102
74241_0058_00302;302;;Rue du Faucigny;74490;74241;Saint-Jeoire;;;6.460434;46.137659
74241_0033_00475;475;;Avenue des Colombières;74490;74241;Saint-Jeoire;;;6.454722;46.137132
74241_0178_00757;757;;Avenue de la Tour de Fer;74490;74241;Saint-Jeoire;;;6.448159;46.135568
74241_0184_00398;398;;Route de l’Usine;74490;74241;Saint-Jeoire;;;6.491111;46.126535
74241_0032_01100;1100;;Route de Chounaz;74490;74241;Saint-Jeoire;;;6.476674;46.141816
74241_0036_01981;1981;;Route de Cormand;74490;74241;Saint-Jeoire;;;6.482708;46.125166
74241_0080_00028;28;;Rue d’Hisson;74490;74241;Saint-Jeoire;;;6.457429;46.136297
74241_0054_00125;125;;Rue de la Faitaman;74490;74241;Saint-Jeoire;;;6.460859;46.135971
74241_0036_02580;2580;;Route de Cormand;74490;74241;Saint-Jeoire;;;6.488393;46.121657
74241_0123_00106;106;;Route des Poses;74490;74241;Saint-Jeoire;;;6.46586;46.169384
74241_a010_00288;288;;Lotissement le Château;74490;74241;Saint-Jeoire;;;6.459221;46.140823
74241_0024_00352;352;;Impasse du Chaffard;74490;74241;Saint-Jeoire;;;6.448605;46.136987
74241_0099_00411;411;;Route de Marignier;74490;74241;Saint-Jeoire;;;6.480747;46.133281
74241_0167_00206;206;;Rue sur Naves;74490;74241;Saint-Jeoire;;;6.463403;46.138321
74241_0023_00928;928;;Route de sur Chable;74490;74241;Saint-Jeoire;;;6.469318;46.160944
74241_0075_00129;129;;Allée de la Géode;74490;74241;Saint-Jeoire;;;6.468729;46.133448
74241_0184_00573;573;;Route de l’Usine;74490;74241;Saint-Jeoire;;;6.492349;46.125292
74241_a020_00135;135;;Résidence le Turchon;74490;74241;Saint-Jeoire;;;6.461648;46.141412
74241_0061_00056;56;;Route des Feulâtes;74490;74241;Saint-Jeoire;;;6.456035;46.13866
74241_0099_00655;655;;Route de Marignier;74490;74241;Saint-Jeoire;;;6.4829;46.131653
74241_0013_00049;49;;Chemin de Bellensol;74490;74241;Saint-Jeoire;;;6.461267;46.13999
74241_0172_00058;58;;Avenue de Tremercier;74490;74241;Saint-Jeoire;;;6.461261;46.13753
74241_0167_00174;174;;Rue sur Naves;74490;74241;Saint-Jeoire;;;6.463134;46.13827
74241_a021_00041;41;;Lotissement le Château Vieux;74490;74241;Saint-Jeoire;;;6.470772;46.138642
74241_0036_01101;1101;;Route de Cormand;74490;74241;Saint-Jeoire;;;6.47586;46.131325
74241_0015_00046;46;;Chemin des Beulets;74490;74241;Saint-Jeoire;;;6.489476;46.119554
74241_0160_00082;82;;Place Germain Sommeiller;74490;74241;Saint-Jeoire;;;6.458853;46.139023
74241_0036_01543;1543;;Route de Cormand;74490;74241;Saint-Jeoire;;;6.478816;46.128046
74241_a021_00054;54;;Lotissement le Château Vieux;74490;74241;Saint-Jeoire;;;6.471527;46.137851
74241_a012_00192;192;;Lotissement le Hameau du Mont Blanc;74490;74241;Saint-Jeoire;;;6.469251;46.146991
74241_0024_00341;341;;Impasse du Chaffard;74490;74241;Saint-Jeoire;;;6.448014;46.137353
74241_a011_00057;57;;Lotissement les Cyclamens;74490;74241;Saint-Jeoire;;;6.460133;46.133738
74241_0114_00314;314;;Rue de Narvik;74490;74241;Saint-Jeoire;;;6.463207;46.145713
74241_0058_00276;276;;Rue du Faucigny;74490;74241;Saint-Jeoire;;;6.460087;46.137804
74241_0040_00183;183;;Route de Crêt Morand Mounet;74490;74241;Saint-Jeoire;;;6.471214;46.158185
74241_0145_00173;173;;Rue Allamand de Saint-Jeoire;74490;74241;Saint-Jeoire;;;6.457626;46.139994
74241_0028_00013;13;;Route de Charny;74490;74241;Saint-Jeoire;;;6.466261;46.136906
74241_0114_00191;191;;Rue de Narvik;74490;74241;Saint-Jeoire;;;6.464597;46.146114
74241_0140_00118;118;;La Vieille Route;74490;74241;Saint-Jeoire;;;6.461885;46.137
74241_0172_00180;180;;Avenue de Tremercier;74490;74241;Saint-Jeoire;;;6.462894;46.137255
74241_0004_00122;122;;Route d’Aveyran;74490;74241;Saint-Jeoire;;;6.469689;46.16663
74241_0045_00158;158;;Rue des Écoles;74490;74241;Saint-Jeoire;;;6.46283;46.136648
74241_0152_00063;63;;Rue de Savoie;74490;74241;Saint-Jeoire;;;6.454188;46.138285
74241_0167_00011;11;;Rue sur Naves;74490;74241;Saint-Jeoire;;;6.462658;46.139467
74241_0032_01138;1138;;Route de Chounaz;74490;74241;Saint-Jeoire;;;6.477439;46.141883
74241_0016_00381;381;;Route de la Bevière;74490;74241;Saint-Jeoire;;;6.470278;46.147675
74241_0058_00265;265;;Rue du Faucigny;74490;74241;Saint-Jeoire;;;6.459927;46.137964
74241_0150_00019;19;;Rue de la Sapinière;74490;74241;Saint-Jeoire;;;6.469382;46.137404
74241_0016_00044;44;;Route de la Bevière;74490;74241;Saint-Jeoire;;;6.469011;46.145418
74241_0058_00292;292;;Rue du Faucigny;74490;74241;Saint-Jeoire;;;6.460247;46.137736
74241_0148_00787;787;;Route des Salles;74490;74241;Saint-Jeoire;;;6.483807;46.121382
74241_yfj7pr_00005;5;;Impasse du Clos d’Ambion;74490;74241;Saint-Jeoire;;;6.452987;46.136975
74241_0123_00357;357;;Route des Poses;74490;74241;Saint-Jeoire;;;6.465234;46.170148
74241_0181_00156;156;;Rue des Tovets;74490;74241;Saint-Jeoire;;;6.46771;46.146743
74241_0124_00187;187;;Route de Pouilly;74490;74241;Saint-Jeoire;;;6.460296;46.139892
74241_0002_00110;110;;Rue de l’Ancienne Gare;74490;74241;Saint-Jeoire;;;6.451672;46.136416
74241_a017_00139;139;;Lotissement des Roches;74490;74241;Saint-Jeoire;;;6.45529;46.136414
74241_0036_01076;1076;;Route de Cormand;74490;74241;Saint-Jeoire;;;6.47578;46.131365
74241_0178_00540;540;;Avenue de la Tour de Fer;74490;74241;Saint-Jeoire;;;6.450148;46.136801
74241_0058_00156;156;;Rue du Faucigny;74490;74241;Saint-Jeoire;;;6.458605;46.137937
74241_m4u5rz_00031_b;31;b;Lotissement Montrenaz;74490;74241;Saint-Jeoire;;;6.458244;46.133141
74241_a011_00060;60;;Lotissement les Cyclamens;74490;74241;Saint-Jeoire;;;6.460063;46.1337
74241_a017_00072;72;;Lotissement des Roches;74490;74241;Saint-Jeoire;;;6.455961;46.136736
74241_0003_00391;391;;Route d’Anthon;74490;74241;Saint-Jeoire;;;6.493801;46.126536
74241_mptnl9_00011;11;;Lotissement Le Hameau de La Scierie;74490;74241;Saint-Jeoire;;;6.450831;46.136461
74241_0181_00337;337;;Rue des Tovets;74490;74241;Saint-Jeoire;;;6.468258;46.148256
74241_0016_00172;172;;Route de la Bevière;74490;74241;Saint-Jeoire;;;6.470363;46.146201
74241_0102_00131;131;;Route du Mole;74490;74241;Saint-Jeoire;;;6.458881;46.133339
74241_0143_00040;40;;Ancien Chemin de Saint-Jeoire;74490;74241;Saint-Jeoire;;;6.472898;46.165475
74241_0124_00190;190;;Route de Pouilly;74490;74241;Saint-Jeoire;;;6.460679;46.139571
74241_0058_00036;36;;Rue du Faucigny;74490;74241;Saint-Jeoire;;;6.457126;46.138172
74241_0023_00956;956;;Route de sur Chable;74490;74241;Saint-Jeoire;;;6.469483;46.160689
74241_0124_00400;400;;Route de Pouilly;74490;74241;Saint-Jeoire;;;6.461934;46.141014
74241_0028_00305;305;;Route de Charny;74490;74241;Saint-Jeoire;;;6.469986;46.137831
74241_0124_01342;1342;;Route de Pouilly;74490;74241;Saint-Jeoire;;;6.46792;46.148616
74241_0028_00505;505;;Route de Charny;74490;74241;Saint-Jeoire;;;6.470526;46.139412
74241_0080_00113;113;;Rue d’Hisson;74490;74241;Saint-Jeoire;;;6.458395;46.135923
74241_0016_00289;289;;Route de la Bevière;74490;74241;Saint-Jeoire;;;6.470902;46.146955
74241_0152_00092;92;;Rue de Savoie;74490;74241;Saint-Jeoire;;;6.453663;46.138257
74241_0015_00008;8;;Chemin des Beulets;74490;74241;Saint-Jeoire;;;6.489801;46.119723
74241_a009_00025;25;;Lotissement les Bois de Risse;74490;74241;Saint-Jeoire;;;6.472303;46.138318
74241_0028_00249;249;;Route de Charny;74490;74241;Saint-Jeoire;;;6.469169;46.137885
74241_0007_00131;131;;Impasse Barteudet;74490;74241;Saint-Jeoire;;;6.456972;46.136038
74241_0038_00056;56;;Impasse de la Couaz;74490;74241;Saint-Jeoire;;;6.46497;46.145364
74241_0091_00179;179;;Montée des Jourdillets;74490;74241;Saint-Jeoire;;;6.475218;46.165593
74241_0124_00879;879;;Route de Pouilly;74490;74241;Saint-Jeoire;;;6.465508;46.144863
74241_a017_00130;130;;Lotissement des Roches;74490;74241;Saint-Jeoire;;;6.455244;46.136506
74241_0058_00088;88;;Rue du Faucigny;74490;74241;Saint-Jeoire;;;6.45779;46.138256
74241_0037_00205;205;;Chemin le Coteau;74490;74241;Saint-Jeoire;;;6.469726;46.1364
74241_0181_00127;127;;Rue des Tovets;74490;74241;Saint-Jeoire;;;6.467233;46.146524
74241_0027_00688;688;;Route de Chaîne d’Or;74490;74241;Saint-Jeoire;;;6.452002;46.176009
74241_0028_00273;273;;Route de Charny;74490;74241;Saint-Jeoire;;;6.469621;46.13773
74241_0017_00084;84;;Chemin du Bois Layât;74490;74241;Saint-Jeoire;;;6.449342;46.135675
74241_0080_00058;58;;Rue d’Hisson;74490;74241;Saint-Jeoire;;;6.457637;46.136207
74241_0186_02268;2268;;Route de la Vallée du Giffre;74490;74241;Saint-Jeoire;;;6.476576;46.136429
74241_0054_00074;74;;Rue de la Faitaman;74490;74241;Saint-Jeoire;;;6.461541;46.136058
74241_0124_01009;1009;;Route de Pouilly;74490;74241;Saint-Jeoire;;;6.46627;46.145803
74241_0114_00062;62;;Rue de Narvik;74490;74241;Saint-Jeoire;;;6.466161;46.146488
74241_0152_00033;33;;Rue de Savoie;74490;74241;Saint-Jeoire;;;6.454501;46.13838
74241_0145_00070;70;;Rue Allamand de Saint-Jeoire;74490;74241;Saint-Jeoire;;;6.457915;46.138991
74241_0155_00135;135;;Route de la Serra;74490;74241;Saint-Jeoire;;;6.478984;46.135992
74241_0143_00079;79;;Ancien Chemin de Saint-Jeoire;74490;74241;Saint-Jeoire;;;6.473323;46.16523
74241_0016_00254;254;;Route de la Bevière;74490;74241;Saint-Jeoire;;;6.470957;46.146675
74241_a017_00086;86;;Lotissement des Roches;74490;74241;Saint-Jeoire;;;6.455794;46.136669
74241_mptnl9_00008;8;;Lotissement Le Hameau de La Scierie;74490;74241;Saint-Jeoire;;;6.450572;46.136261
74241_0100_00118;118;;Route de Millière;74490;74241;Saint-Jeoire;;;6.459031;46.133077
74241_0181_00303;303;;Rue des Tovets;74490;74241;Saint-Jeoire;;;6.468156;46.147979
74241_0145_00103;103;;Rue Allamand de Saint-Jeoire;74490;74241;Saint-Jeoire;;;6.457776;46.139364
74241_0111_00079;79;;Montée de la Mule;74490;74241;Saint-Jeoire;;;6.468793;46.167215
74241_0109_00100;100;;Route des Moulins;74490;74241;Saint-Jeoire;;;6.463593;46.135631
74241_0061_00175;175;;Route des Feulâtes;74490;74241;Saint-Jeoire;;;6.454599;46.138939
74241_a010_00099;99;;Lotissement le Château;74490;74241;Saint-Jeoire;;;6.460896;46.141578
74241_0017_00074;74;;Chemin du Bois Layât;74490;74241;Saint-Jeoire;;;6.449361;46.135745
74241_0121_00135;135;;Chemin du Pont du Cruz;74490;74241;Saint-Jeoire;;;6.470107;46.149881
74241_a017_00116;116;;Lotissement des Roches;74490;74241;Saint-Jeoire;;;6.45546;46.136564
74241_ko2ivr_00005;5;;Lotissement Le Clos d'Armounet;74490;74241;Saint-Jeoire;;;6.465822;46.147104
74241_0058_00206;206;;Rue du Faucigny;74490;74241;Saint-Jeoire;;;6.459333;46.138048
74241_0016_00467;467;;Route de la Bevière;74490;74241;Saint-Jeoire;;;6.469657;46.14833
74241_0058_00255;255;;Rue du Faucigny;74490;74241;Saint-Jeoire;;;6.459859;46.137981
74241_yfj7pr_00003;3;;Impasse du Clos d’Ambion;74490;74241;Saint-Jeoire;;;6.45308;46.13705
74241_0172_00571;571;;Avenue de Tremercier;74490;74241;Saint-Jeoire;;;6.467562;46.136099
74241_0147_00022;22;;Rue François Melchior de Saint-Jeoir;74490;74241;Saint-Jeoire;;;6.45964;46.137775
74241_0080_00015;15;;Rue d’Hisson;74490;74241;Saint-Jeoire;;;6.457296;46.136377
74241_0032_00973_d;973;d;Route de Chounaz;74490;74241;Saint-Jeoire;;;6.476838;46.142934
74241_0140_00131;131;;La Vieille Route;74490;74241;Saint-Jeoire;;;6.462015;46.137018
74241_0036_01541;1541;;Route de Cormand;74490;74241;Saint-Jeoire;;;6.478988;46.128006
74241_0032_00991;991;;Route de Chounaz;74490;74241;Saint-Jeoire;;;6.476116;46.142805
74241_0002_00098;98;;Rue de l’Ancienne Gare;74490;74241;Saint-Jeoire;;;6.452011;46.136432
74241_0032_00336;336;;Route de Chounaz;74490;74241;Saint-Jeoire;;;6.479199;46.137885
74241_0114_00216;216;;Rue de Narvik;74490;74241;Saint-Jeoire;;;6.463872;46.147189
74241_0109_00150;150;;Route des Moulins;74490;74241;Saint-Jeoire;;;6.464557;46.135294
74241_0023_00921;921;;Route de sur Chable;74490;74241;Saint-Jeoire;;;6.469407;46.161108
74241_0109_00068;68;;Route des Moulins;74490;74241;Saint-Jeoire;;;6.463347;46.135608
74241_0109_00327;327;;Route des Moulins;74490;74241;Saint-Jeoire;;;6.466055;46.134865
74241_a021_00055;55;;Lotissement le Château Vieux;74490;74241;Saint-Jeoire;;;6.471455;46.138509
74241_0124_00110;110;;Route de Pouilly;74490;74241;Saint-Jeoire;;;6.459096;46.139963
74241_0181_00140;140;;Rue des Tovets;74490;74241;Saint-Jeoire;;;6.467421;46.146619
74241_0115_00094;94;;Impasse de Peramioux;74490;74241;Saint-Jeoire;;;6.469429;46.149713
74241_0099_00682;682;;Route de Marignier;74490;74241;Saint-Jeoire;;;6.482895;46.131303
74241_0003_00382;382;;Route d’Anthon;74490;74241;Saint-Jeoire;;;6.493593;46.126214
74241_0147_00111;111;;Rue François Melchior de Saint-Jeoir;74490;74241;Saint-Jeoire;;;6.460033;46.13705
74241_0186_02268;2268;;Route de la Vallée du Giffre;74490;74241;Saint-Jeoire;;;6.477925;46.135886
74241_0023_00836;836;;Route de sur Chable;74490;74241;Saint-Jeoire;;;6.469232;46.161667
74241_a015_00027;27;;Lotissement de Pouilly;74490;74241;Saint-Jeoire;;;6.469992;46.14867
74241_a021_00045;45;;Lotissement le Château Vieux;74490;74241;Saint-Jeoire;;;6.470753;46.138724
74241_0023_01066;1066;;Route de sur Chable;74490;74241;Saint-Jeoire;;;6.469399;46.159841
74241_0099_00090;90;;Route de Marignier;74490;74241;Saint-Jeoire;;;6.478167;46.135414
74241_0131_00208;208;;Chemin de la Ravoire;74490;74241;Saint-Jeoire;;;6.468289;46.143437
74241_0058_00007;7;;Rue du Faucigny;74490;74241;Saint-Jeoire;;;6.456838;46.138616
74241_0058_00216;216;;Rue du Faucigny;74490;74241;Saint-Jeoire;;;6.459368;46.138055
74241_0033_00015;15;;Avenue des Colombières;74490;74241;Saint-Jeoire;;;6.4597;46.136787
74241_0054_00200;200;;Rue de la Faitaman;74490;74241;Saint-Jeoire;;;6.460459;46.136078
74241_0172_00737;737;;Avenue de Tremercier;74490;74241;Saint-Jeoire;;;6.469468;46.135408
74241_0017_00046;46;;Chemin du Bois Layât;74490;74241;Saint-Jeoire;;;6.449361;46.136027
74241_a010_00120;120;;Lotissement le Château;74490;74241;Saint-Jeoire;;;6.460489;46.141909
74241_0030_00700;700;;Chemin du Château de Copponaz;74490;74241;Saint-Jeoire;;;6.462805;46.131459
74241_0131_00067;67;;Chemin de la Ravoire;74490;74241;Saint-Jeoire;;;6.460437;46.138514
74241_0099_00092;92;;Route de Marignier;74490;74241;Saint-Jeoire;;;6.4778;46.135242
74241_0032_00419;419;;Route de Chounaz;74490;74241;Saint-Jeoire;;;6.478661;46.138658
74241_uh2asn_00062;62;;Rue de La Pallud;74490;74241;Saint-Jeoire;;;6.470213;46.134121
74241_a020_00096;96;;Résidence le Turchon;74490;74241;Saint-Jeoire;;;6.461421;46.141974
74241_0028_00556;556;;Route de Charny;74490;74241;Saint-Jeoire;;;6.470163;46.139731
74241_0181_00387;387;;Rue des Tovets;74490;74241;Saint-Jeoire;;;6.468661;46.148624
74241_0073_00065;65;;Impasse des Gelinottes;74490;74241;Saint-Jeoire;;;6.466788;46.147773
74241_0036_02329;2329;;Route de Cormand;74490;74241;Saint-Jeoire;;;6.48581;46.122792
74241_0116_00018;18;;Montée de Perreuse;74490;74241;Saint-Jeoire;;;6.459338;46.139267
74241_a017_00081;81;;Lotissement des Roches;74490;74241;Saint-Jeoire;;;6.455885;46.136436
74241_0058_00012;12;;Rue du Faucigny;74490;74241;Saint-Jeoire;;;6.45708;46.138447
74241_0178_00178;178;;Avenue de la Tour de Fer;74490;74241;Saint-Jeoire;;;6.454435;46.138245
74241_a010_00128;128;;Lotissement le Château;74490;74241;Saint-Jeoire;;;6.46036;46.141846
74241_a021_00049;49;;Lotissement le Château Vieux;74490;74241;Saint-Jeoire;;;6.471218;46.139042
74241_0115_00024;24;;Impasse de Peramioux;74490;74241;Saint-Jeoire;;;6.469336;46.149143
74241_0150_00088;88;;Rue de la Sapinière;74490;74241;Saint-Jeoire;;;6.469783;46.137155
74241_0178_00672;672;;Avenue de la Tour de Fer;74490;74241;Saint-Jeoire;;;6.448741;46.136458
74241_0013_00072;72;;Chemin de Bellensol;74490;74241;Saint-Jeoire;;;6.461129;46.139753
74241_a011_00004;4;;Lotissement les Cyclamens;74490;74241;Saint-Jeoire;;;6.459706;46.134087
74241_0098_00012;12;;Place du Marche;74490;74241;Saint-Jeoire;;;6.459581;46.138143
74241_0007_00251;251;;Impasse Barteudet;74490;74241;Saint-Jeoire;;;6.455271;46.135943
74241_0124_01275;1275;;Route de Pouilly;74490;74241;Saint-Jeoire;;;6.467575;46.148047
74241_0150_00085;85;;Rue de la Sapinière;74490;74241;Saint-Jeoire;;;6.469906;46.137206
74241_0032_00098;98;;Route de Chounaz;74490;74241;Saint-Jeoire;;;6.479611;46.135916
74241_0091_00165;165;;Montée des Jourdillets;74490;74241;Saint-Jeoire;;;6.475683;46.165824
74241_0058_00226;226;;Rue du Faucigny;74490;74241;Saint-Jeoire;;;6.45953;46.138036
74241_0045_00159;159;;Rue des Écoles;74490;74241;Saint-Jeoire;;;6.46272;46.136584
74241_0016_00510;510;;Route de la Bevière;74490;74241;Saint-Jeoire;;;6.469448;46.148741
74241_0004_00200;200;;Route d’Aveyran;74490;74241;Saint-Jeoire;;;6.470203;46.167323
74241_0124_00432;432;;Route de Pouilly;74490;74241;Saint-Jeoire;;;6.461962;46.141046
74241_0080_00092;92;;Rue d’Hisson;74490;74241;Saint-Jeoire;;;6.458178;46.135951
74241_0178_00168;168;;Avenue de la Tour de Fer;74490;74241;Saint-Jeoire;;;6.454773;46.138354
74241_0102_00104;104;;Route du Mole;74490;74241;Saint-Jeoire;;;6.458974;46.133634
74241_0114_00176;176;;Rue de Narvik;74490;74241;Saint-Jeoire;;;6.464902;46.146361
74241_ko2ivr_00001;1;;Lotissement Le Clos d'Armounet;74490;74241;Saint-Jeoire;;;6.46582;46.146573
74241_0007_00202;202;;Impasse Barteudet;74490;74241;Saint-Jeoire;;;6.456019;46.135949
74241_0017_00093;93;;Chemin du Bois Layât;74490;74241;Saint-Jeoire;;;6.44951;46.1356
74241_0064_00215;215;;Chemin de la Fin;74490;74241;Saint-Jeoire;;;6.453831;46.136004
74241_0121_00064;64;;Chemin du Pont du Cruz;74490;74241;Saint-Jeoire;;;6.469964;46.149358
74241_0013_00039;39;;Chemin de Bellensol;74490;74241;Saint-Jeoire;;;6.46128;46.140072
74241_0144_00044;44;;Impasse Allamand de Saint-Jeoire;74490;74241;Saint-Jeoire;;;6.457317;46.139623
74241_0124_00761;761;;Route de Pouilly;74490;74241;Saint-Jeoire;;;6.464159;46.144138
74241_a021_00059;59;;Lotissement le Château Vieux;74490;74241;Saint-Jeoire;;;6.471341;46.138478
74241_0033_00515;515;;Avenue des Colombières;74490;74241;Saint-Jeoire;;;6.45297;46.137301
74241_0073_00119;119;;Impasse des Gelinottes;74490;74241;Saint-Jeoire;;;6.466582;46.148326
74241_0027_00207;207;;Route de Chaîne d’Or;74490;74241;Saint-Jeoire;;;6.450073;46.176632
74241_0075_00123;123;;Allée de la Géode;74490;74241;Saint-Jeoire;;;6.467875;46.133609
74241_8qhthf_00031;31;;Lotissement Les Balcons de Chounaz;74490;74241;Saint-Jeoire;;;6.476876;46.142383
74241_0142_00057;57;;Rue du Domaine Saint-Georges;74490;74241;Saint-Jeoire;;;6.454336;46.13659
74241_0148_00885;885;;Route des Salles;74490;74241;Saint-Jeoire;;;6.48304;46.12179
74241_0111_00081;81;;Montée de la Mule;74490;74241;Saint-Jeoire;;;6.468745;46.167175
74241_0140_00090;90;;La Vieille Route;74490;74241;Saint-Jeoire;;;6.46152;46.137152
74241_0058_00019;19;;Rue du Faucigny;74490;74241;Saint-Jeoire;;;6.45696;46.138573
74241_0028_00009;9;;Route de Charny;74490;74241;Saint-Jeoire;;;6.466561;46.136669
74241_0032_00233;233;;Route de Chounaz;74490;74241;Saint-Jeoire;;;6.479228;46.137135
74241_0178_00568;568;;Avenue de la Tour de Fer;74490;74241;Saint-Jeoire;;;6.449635;46.136937
74241_a016_00010;10;;Lotissement de la Ravoire;74490;74241;Saint-Jeoire;;;6.470261;46.1413
74241_a017_00083;83;;Lotissement des Roches;74490;74241;Saint-Jeoire;;;6.455784;46.13644
74241_0036_01182;1182;;Route de Cormand;74490;74241;Saint-Jeoire;;;6.475843;46.130136
74241_0058_00220;220;;Rue du Faucigny;74490;74241;Saint-Jeoire;;;6.459412;46.138049
74241_0017_00139;139;;Chemin du Bois Layât;74490;74241;Saint-Jeoire;;;6.449409;46.135194
74241_0178_00088;88;;Avenue de la Tour de Fer;74490;74241;Saint-Jeoire;;;6.455559;46.138505
74241_0140_00058;58;;La Vieille Route;74490;74241;Saint-Jeoire;;;6.461135;46.137305
74241_0100_00066;66;;Route de Millière;74490;74241;Saint-Jeoire;;;6.459173;46.133218
74241_0036_02472;2472;;Route de Cormand;74490;74241;Saint-Jeoire;;;6.487195;46.122104
74241_0181_00138;138;;Rue des Tovets;74490;74241;Saint-Jeoire;;;6.467424;46.146497
74241_0036_01939;1939;;Route de Cormand;74490;74241;Saint-Jeoire;;;6.482477;46.125421
74241_0058_00116;116;;Rue du Faucigny;74490;74241;Saint-Jeoire;;;6.458095;46.138198
74241_0023_01013;1013;;Route de sur Chable;74490;74241;Saint-Jeoire;;;6.469975;46.160923
74241_0058_00195;195;;Rue du Faucigny;74490;74241;Saint-Jeoire;;;6.459163;46.138133
74241_0099_00543;543;;Route de Marignier;74490;74241;Saint-Jeoire;;;6.481803;46.132381
74241_0035_00097;97;;Impasse de la Corbaz;74490;74241;Saint-Jeoire;;;6.487288;46.129484
74241_0036_02476;2476;;Route de Cormand;74490;74241;Saint-Jeoire;;;6.48649;46.122257
74241_0109_00013;13;;Route des Moulins;74490;74241;Saint-Jeoire;;;6.462751;46.136095
74241_0058_00155;155;;Rue du Faucigny;74490;74241;Saint-Jeoire;;;6.458664;46.138173
74241_0071_00028;28;;Chemin de la Fruitière;74490;74241;Saint-Jeoire;;;6.467648;46.148792
74241_0023_01392;1392;;Route de sur Chable;74490;74241;Saint-Jeoire;;;6.469633;46.157016
74241_a014_00053;53;;Résidence Perreuse;74490;74241;Saint-Jeoire;;;6.460524;46.140439
74241_0042_00034;34;;Rue Jean-Jacques Dussaix;74490;74241;Saint-Jeoire;;;6.462513;46.136455
74241_0036_02474;2474;;Route de Cormand;74490;74241;Saint-Jeoire;;;6.486948;46.122022
74241_0115_00049;49;;Impasse de Peramioux;74490;74241;Saint-Jeoire;;;6.469358;46.149291
74241_0036_02527;2527;;Route de Cormand;74490;74241;Saint-Jeoire;;;6.487717;46.122103
74241_0186_02291;2291;;Route de la Vallée du Giffre;74490;74241;Saint-Jeoire;;;6.476705;46.136631
74241_0028_01097;1097;;Route de Charny;74490;74241;Saint-Jeoire;;;6.468691;46.144448
74241_0004_00118;118;;Route d’Aveyran;74490;74241;Saint-Jeoire;;;6.470247;46.16636
74241_a012_00133;133;;Lotissement le Hameau du Mont Blanc;74490;74241;Saint-Jeoire;;;6.469741;46.146843
74241_0109_00062;62;;Route des Moulins;74490;74241;Saint-Jeoire;;;6.463131;46.135789
74241_0095_00083;83;;Route du Lavoir;74490;74241;Saint-Jeoire;;;6.473412;46.166409
74241_r2zbju_02500;2500;;Route d'Onnion;74490;74241;Saint-Jeoire;;;6.477607;46.165492
74241_0023_01405;1405;;Route de sur Chable;74490;74241;Saint-Jeoire;;;6.469995;46.15692
74241_0147_00023;23;;Rue François Melchior de Saint-Jeoir;74490;74241;Saint-Jeoire;;;6.459706;46.137793
74241_a021_00050;50;;Lotissement le Château Vieux;74490;74241;Saint-Jeoire;;;6.471117;46.137893
74241_0028_01244;1244;;Route de Charny;74490;74241;Saint-Jeoire;;;6.468085;46.145644
74241_0007_00253;253;;Impasse Barteudet;74490;74241;Saint-Jeoire;;;6.455208;46.135989
74241_0045_00135;135;;Rue des Écoles;74490;74241;Saint-Jeoire;;;6.462896;46.136562
74241_a021_00047;47;;Lotissement le Château Vieux;74490;74241;Saint-Jeoire;;;6.471149;46.138852
74241_0028_01282;1282;;Route de Charny;74490;74241;Saint-Jeoire;;;6.467901;46.146024
74241_ko2ivr_00004;4;;Lotissement Le Clos d'Armounet;74490;74241;Saint-Jeoire;;;6.465902;46.146825
74241_0017_00052;52;;Chemin du Bois Layât;74490;74241;Saint-Jeoire;;;6.449371;46.135916
74241_a010_00124;124;;Lotissement le Château;74490;74241;Saint-Jeoire;;;6.460367;46.142115
74241_yfj7pr_00002;2;;Impasse du Clos d’Ambion;74490;74241;Saint-Jeoire;;;6.452911;46.137251
74241_0181_00051;51;;Rue des Tovets;74490;74241;Saint-Jeoire;;;6.466843;46.145997
74241_0178_00751;751;;Avenue de la Tour de Fer;74490;74241;Saint-Jeoire;;;6.448196;46.13565
74241_0036_02245;2245;;Route de Cormand;74490;74241;Saint-Jeoire;;;6.485196;46.124012
74241_0023_00298;298;;Route de sur Chable;74490;74241;Saint-Jeoire;;;6.470591;46.16446
74241_0091_00183;183;;Montée des Jourdillets;74490;74241;Saint-Jeoire;;;6.474698;46.165585
74241_a010_00207;207;;Lotissement le Château;74490;74241;Saint-Jeoire;;;6.459957;46.140982
74241_0075_00051;51;;Allée de la Géode;74490;74241;Saint-Jeoire;;;6.468491;46.133865
74241_0101_00021;21;;Chemin de la Minoterie;74490;74241;Saint-Jeoire;;;6.468704;46.148903
74241_0114_00174;174;;Rue de Narvik;74490;74241;Saint-Jeoire;;;6.464893;46.146245
74241_0145_00013;13;;Rue Allamand de Saint-Jeoire;74490;74241;Saint-Jeoire;;;6.457689;46.13852
74241_0064_00039;39;;Chemin de la Fin;74490;74241;Saint-Jeoire;;;6.453549;46.13748
74241_0027_00410;410;;Route de Chaîne d’Or;74490;74241;Saint-Jeoire;;;6.450219;46.174562
74241_0172_00685;685;;Avenue de Tremercier;74490;74241;Saint-Jeoire;;;6.468995;46.135645
74241_0058_00064;64;;Rue du Faucigny;74490;74241;Saint-Jeoire;;;6.457403;46.138041
74241_0186_00942;942;;Route de la Vallée du Giffre;74490;74241;Saint-Jeoire;;;6.460282;46.134358
74241_0004_00168;168;;Route d’Aveyran;74490;74241;Saint-Jeoire;;;6.469913;46.167007
74241_0036_02010;2010;;Route de Cormand;74490;74241;Saint-Jeoire;;;6.482623;46.12459
74241_0016_00406;406;;Route de la Bevière;74490;74241;Saint-Jeoire;;;6.470145;46.147898
74241_0028_00612;612;;Route de Charny;74490;74241;Saint-Jeoire;;;6.470993;46.140361
74241_0002_00128;128;;Rue de l’Ancienne Gare;74490;74241;Saint-Jeoire;;;6.451433;46.136338
74241_0064_00213;213;;Chemin de la Fin;74490;74241;Saint-Jeoire;;;6.45433;46.135916
74241_0114_00101;101;;Rue de Narvik;74490;74241;Saint-Jeoire;;;6.465586;46.146232
74241_a013_00157;157;;Résidence Mont Blanc;74490;74241;Saint-Jeoire;;;6.472041;46.16413
74241_0023_00552;552;;Route de sur Chable;74490;74241;Saint-Jeoire;;;6.469535;46.164594
74241_0016_00285;285;;Route de la Bevière;74490;74241;Saint-Jeoire;;;6.470923;46.146931
74241_0073_00030;30;;Impasse des Gelinottes;74490;74241;Saint-Jeoire;;;6.467137;46.14786
74241_0036_02259;2259;;Route de Cormand;74490;74241;Saint-Jeoire;;;6.485199;46.123327
74241_a012_00130;130;;Lotissement le Hameau du Mont Blanc;74490;74241;Saint-Jeoire;;;6.469839;46.146771
74241_0102_00066;66;;Route du Mole;74490;74241;Saint-Jeoire;;;6.459177;46.133933
74241_0091_00154;154;;Montée des Jourdillets;74490;74241;Saint-Jeoire;;;6.47568;46.166141
74241_0160_00048;48;;Place Germain Sommeiller;74490;74241;Saint-Jeoire;;;6.458463;46.13907
74241_0144_00018;18;;Impasse Allamand de Saint-Jeoire;74490;74241;Saint-Jeoire;;;6.457712;46.139581
74241_0148_00882;882;;Route des Salles;74490;74241;Saint-Jeoire;;;6.483063;46.12191
74241_0037_00051;51;;Chemin le Coteau;74490;74241;Saint-Jeoire;;;6.470662;46.137519
74241_0032_00550;550;;Route de Chounaz;74490;74241;Saint-Jeoire;;;6.47796;46.139733
74241_0028_00186;186;;Route de Charny;74490;74241;Saint-Jeoire;;;6.469232;46.136552
74241_0003_00356;356;;Route d’Anthon;74490;74241;Saint-Jeoire;;;6.493074;46.126116
74241_0184_00632;632;;Route de l’Usine;74490;74241;Saint-Jeoire;;;6.493016;46.12483
74241_0184_00416;416;;Route de l’Usine;74490;74241;Saint-Jeoire;;;6.491274;46.126372
74241_0112_00330;330;;Route Nanterne;74490;74241;Saint-Jeoire;;;6.485008;46.125776
74241_m4u5rz_00031_a;31;a;Lotissement Montrenaz;74490;74241;Saint-Jeoire;;;6.458361;46.133113
74241_0181_00238;238;;Rue des Tovets;74490;74241;Saint-Jeoire;;;6.467963;46.147414
74241_0036_02302;2302;;Route de Cormand;74490;74241;Saint-Jeoire;;;6.485421;46.122834
74241_0003_00320;320;;Route d’Anthon;74490;74241;Saint-Jeoire;;;6.492914;46.126173
74241_0131_00090;90;;Chemin de la Ravoire;74490;74241;Saint-Jeoire;;;6.468287;46.144478
74241_0089_00069;69;;Rue du 28 Janvier 1944;74490;74241;Saint-Jeoire;;;6.465319;46.145762
74241_0148_00843;843;;Route des Salles;74490;74241;Saint-Jeoire;;;6.483719;46.121442
74241_0036_01834;1834;;Route de Cormand;74490;74241;Saint-Jeoire;;;6.481637;46.125909
74241_0097_00215;215;;Impasse des Maisons Neuves;74490;74241;Saint-Jeoire;;;6.487575;46.12915
74241_0124_00113;113;;Route de Pouilly;74490;74241;Saint-Jeoire;;;6.459419;46.139955
74241_0147_00018;18;;Rue François Melchior de Saint-Jeoir;74490;74241;Saint-Jeoire;;;6.459638;46.137851
74241_0124_00460;460;;Route de Pouilly;74490;74241;Saint-Jeoire;;;6.462721;46.141861
74241_mptnl9_00004;4;;Lotissement Le Hameau de La Scierie;74490;74241;Saint-Jeoire;;;6.450432;46.136408
74241_uh2asn_00158;158;;Rue de La Pallud;74490;74241;Saint-Jeoire;;;6.471287;46.134074
74241_mptnl9_00019;19;;Lotissement Le Hameau de La Scierie;74490;74241;Saint-Jeoire;;;6.451001;46.136824
74241_0150_00053;53;;Rue de la Sapinière;74490;74241;Saint-Jeoire;;;6.469626;46.137218
74241_0045_00118;118;;Rue des Écoles;74490;74241;Saint-Jeoire;;;6.463233;46.13673
74241_8qhthf_00048;48;;Lotissement Les Balcons de Chounaz;74490;74241;Saint-Jeoire;;;6.477042;46.142612
74241_0147_00054;54;;Rue François Melchior de Saint-Jeoir;74490;74241;Saint-Jeoire;;;6.459683;46.137513
74241_0016_00094;94;;Route de la Bevière;74490;74241;Saint-Jeoire;;;6.469473;46.145756
74241_0167_00043;43;;Rue sur Naves;74490;74241;Saint-Jeoire;;;6.462987;46.139264
74241_0131_00194;194;;Chemin de la Ravoire;74490;74241;Saint-Jeoire;;;6.461724;46.138816
74241_0102_00183;183;;Route du Mole;74490;74241;Saint-Jeoire;;;6.458734;46.132929
74241_0048_00003;3;;Place de l’Église;74490;74241;Saint-Jeoire;;;6.459076;46.138364
74241_0032_01040;1040;;Route de Chounaz;74490;74241;Saint-Jeoire;;;6.476215;46.14226
74241_0033_00214;214;;Avenue des Colombières;74490;74241;Saint-Jeoire;;;6.45641;46.137538
74241_a018_00008;8;;Lotissement les Terrasses du Mole;74490;74241;Saint-Jeoire;;;6.480507;46.12641
74241_0100_00097;97;;Route de Millière;74490;74241;Saint-Jeoire;;;6.459005;46.13312
74241_0058_00137;137;;Rue du Faucigny;74490;74241;Saint-Jeoire;;;6.458428;46.138255
74241_0004_00027;27;;Route d’Aveyran;74490;74241;Saint-Jeoire;;;6.469633;46.165778
74241_0148_00126;126;;Route des Salles;74490;74241;Saint-Jeoire;;;6.4883;46.12069
74241_0127_00038;38;;Impasse des Prés Verts;74490;74241;Saint-Jeoire;;;6.46438;46.145563
74241_0058_00371;371;;Rue du Faucigny;74490;74241;Saint-Jeoire;;;6.461444;46.138045
74241_ko2ivr_00006;6;;Lotissement Le Clos d'Armounet;74490;74241;Saint-Jeoire;;;6.466087;46.147058
74241_0167_00067;67;;Rue sur Naves;74490;74241;Saint-Jeoire;;;6.463047;46.139225
74241_0064_00196;196;;Chemin de la Fin;74490;74241;Saint-Jeoire;;;6.453704;46.136119
74241_0147_00074;74;;Rue François Melchior de Saint-Jeoir;74490;74241;Saint-Jeoire;;;6.459701;46.137371
74241_0038_00050;50;;Impasse de la Couaz;74490;74241;Saint-Jeoire;;;6.46502;46.145426
74241_a015_00052;52;;Lotissement de Pouilly;74490;74241;Saint-Jeoire;;;6.470305;46.148659
74241_0028_00445;445;;Route de Charny;74490;74241;Saint-Jeoire;;;6.469969;46.139047
74241_0015_00011;11;;Chemin des Beulets;74490;74241;Saint-Jeoire;;;6.489798;46.119683
74241_0099_00637;637;;Route de Marignier;74490;74241;Saint-Jeoire;;;6.482728;46.131757
74241_0058_00049;49;;Rue du Faucigny;74490;74241;Saint-Jeoire;;;6.45729;46.138641
74241_0045_00017;17;;Rue des Écoles;74490;74241;Saint-Jeoire;;;6.463373;46.135955
74241_0036_01116;1116;;Route de Cormand;74490;74241;Saint-Jeoire;;;6.475789;46.130692
74241_0031_00039;39;;Impasse de Château Vieux;74490;74241;Saint-Jeoire;;;6.470447;46.139055
74241_0172_00063;63;;Avenue de Tremercier;74490;74241;Saint-Jeoire;;;6.461539;46.137566
74241_0124_01215;1215;;Route de Pouilly;74490;74241;Saint-Jeoire;;;6.467357;46.147534
74241_0036_01394;1394;;Route de Cormand;74490;74241;Saint-Jeoire;;;6.477317;46.128898
74241_0102_00147;147;;Route du Mole;74490;74241;Saint-Jeoire;;;6.458795;46.133192
74241_0075_00198;198;;Allée de la Géode;74490;74241;Saint-Jeoire;;;6.466711;46.133793
74241_0142_00024;24;;Rue du Domaine Saint-Georges;74490;74241;Saint-Jeoire;;;6.454648;46.136899
74241_0036_01923;1923;;Route de Cormand;74490;74241;Saint-Jeoire;;;6.48232;46.12551
74241_0035_00108;108;;Impasse de la Corbaz;74490;74241;Saint-Jeoire;;;6.487242;46.129365
74241_0172_00060;60;;Avenue de Tremercier;74490;74241;Saint-Jeoire;;;6.461397;46.137506
74241_0010_00395;395;;Chemin de Beauregard;74490;74241;Saint-Jeoire;;;6.458982;46.143175
74241_0038_00041;41;;Impasse de la Couaz;74490;74241;Saint-Jeoire;;;6.465794;46.145566
74241_0015_00018;18;;Chemin des Beulets;74490;74241;Saint-Jeoire;;;6.489631;46.11968
74241_0036_01487;1487;;Route de Cormand;74490;74241;Saint-Jeoire;;;6.478213;46.128348
74241_0121_00054;54;;Chemin du Pont du Cruz;74490;74241;Saint-Jeoire;;;6.469689;46.149163
74241_0032_01155;1155;;Route de Chounaz;74490;74241;Saint-Jeoire;;;6.477721;46.141863
74241_0100_00019;19;;Route de Millière;74490;74241;Saint-Jeoire;;;6.459016;46.133382
74241_0178_00445;445;;Avenue de la Tour de Fer;74490;74241;Saint-Jeoire;;;6.452013;46.137033
74241_0071_00081;81;;Chemin de la Fruitière;74490;74241;Saint-Jeoire;;;6.466987;46.149293
74241_0140_00102;102;;La Vieille Route;74490;74241;Saint-Jeoire;;;6.461629;46.137108
74241_0178_00200;200;;Avenue de la Tour de Fer;74490;74241;Saint-Jeoire;;;6.454232;46.138166
74241_0036_02841;2841;;Route de Cormand;74490;74241;Saint-Jeoire;;;6.490176;46.119428
74241_mptnl9_00005;5;;Lotissement Le Hameau de La Scierie;74490;74241;Saint-Jeoire;;;6.450563;46.136371
74241_0124_01331;1331;;Route de Pouilly;74490;74241;Saint-Jeoire;;;6.467746;46.148568
74241_0027_00677;677;;Route de Chaîne d’Or;74490;74241;Saint-Jeoire;;;6.451803;46.176155
74241_0032_00975;975;;Route de Chounaz;74490;74241;Saint-Jeoire;;;6.475963;46.142943
74241_0105_00100;100;;Avenue Gaspard Monge;74490;74241;Saint-Jeoire;;;6.461317;46.136663
74241_0035_00075;75;;Impasse de la Corbaz;74490;74241;Saint-Jeoire;;;6.486912;46.129533
74241_0032_01135;1135;;Route de Chounaz;74490;74241;Saint-Jeoire;;;6.477828;46.14229
74241_0027_00211;211;;Route de Chaîne d’Or;74490;74241;Saint-Jeoire;;;6.449902;46.176737
74241_a016_00106;106;;Lotissement de la Ravoire;74490;74241;Saint-Jeoire;;;6.470044;46.140255
74241_0178_00209;209;;Avenue de la Tour de Fer;74490;74241;Saint-Jeoire;;;6.454069;46.138031
74241_a021_00058;58;;Lotissement le Château Vieux;74490;74241;Saint-Jeoire;;;6.471389;46.137913
74241_117075_00055;55;;Rue de l'Hôtel de Ville;74490;74241;Saint-Jeoire;;;6.458847;46.137776
74241_0184_00595;595;;Route de l’Usine;74490;74241;Saint-Jeoire;;;6.492545;46.125162
74241_m4u5rz_00015;15;;Lotissement Montrenaz;74490;74241;Saint-Jeoire;;;6.458363;46.133274
74241_0099_00094;94;;Route de Marignier;74490;74241;Saint-Jeoire;;;6.477099;46.135217
74241_0080_00148;148;;Rue d’Hisson;74490;74241;Saint-Jeoire;;;6.458481;46.135413
74241_0023_00352;352;;Route de sur Chable;74490;74241;Saint-Jeoire;;;6.470372;46.165409
74241_0123_00080;80;;Route des Poses;74490;74241;Saint-Jeoire;;;6.465654;46.169104
74241_0178_00110;110;;Avenue de la Tour de Fer;74490;74241;Saint-Jeoire;;;6.455139;46.138452
74241_0036_01414;1414;;Route de Cormand;74490;74241;Saint-Jeoire;;;6.477586;46.128811
74241_0167_00086;86;;Rue sur Naves;74490;74241;Saint-Jeoire;;;6.463143;46.139085
74241_0099_00501;501;;Route de Marignier;74490;74241;Saint-Jeoire;;;6.481494;46.132625
74241_mptnl9_00003;3;;Lotissement Le Hameau de La Scierie;74490;74241;Saint-Jeoire;;;6.450559;46.13652
74241_0167_00093;93;;Rue sur Naves;74490;74241;Saint-Jeoire;;;6.463342;46.139021
74241_a010_00208;208;;Lotissement le Château;74490;74241;Saint-Jeoire;;;6.45988;46.141109
74241_a017_00152;152;;Lotissement des Roches;74490;74241;Saint-Jeoire;;;6.455071;46.13632
74241_0101_00012;12;;Chemin de la Minoterie;74490;74241;Saint-Jeoire;;;6.468774;46.14888
74241_0181_00148;148;;Rue des Tovets;74490;74241;Saint-Jeoire;;;6.467457;46.14675
74241_0036_02180;2180;;Route de Cormand;74490;74241;Saint-Jeoire;;;6.484438;46.123778
74241_0178_00413;413;;Avenue de la Tour de Fer;74490;74241;Saint-Jeoire;;;6.452038;46.13711
74241_0114_00212;212;;Rue de Narvik;74490;74241;Saint-Jeoire;;;6.464154;46.146274
74241_0028_01231;1231;;Route de Charny;74490;74241;Saint-Jeoire;;;6.467817;46.145311
74241_0071_00077;77;;Chemin de la Fruitière;74490;74241;Saint-Jeoire;;;6.467238;46.14901
74241_0172_00043;43;;Avenue de Tremercier;74490;74241;Saint-Jeoire;;;6.461211;46.137617
74241_0032_00973_b;973;b;Route de Chounaz;74490;74241;Saint-Jeoire;;;6.476504;46.14324
74241_a019_00039;39;;Lotissement le Turchon;74490;74241;Saint-Jeoire;;;6.468015;46.14479
74241_0016_00353;353;;Route de la Bevière;74490;74241;Saint-Jeoire;;;6.470568;46.147479
74241_a009_00178;178;;Lotissement les Bois de Risse;74490;74241;Saint-Jeoire;;;6.472495;46.139445
74241_0036_01868;1868;;Route de Cormand;74490;74241;Saint-Jeoire;;;6.481768;46.125796
74241_0172_00281;281;;Avenue de Tremercier;74490;74241;Saint-Jeoire;;;6.464318;46.137109
74241_0032_00973_a;973;a;Route de Chounaz;74490;74241;Saint-Jeoire;;;6.476339;46.14335
74241_0178_00570;570;;Avenue de la Tour de Fer;74490;74241;Saint-Jeoire;;;6.449791;46.136772
74241_0178_00581;581;;Avenue de la Tour de Fer;74490;74241;Saint-Jeoire;;;6.44983;46.13658
74241_0075_00050;50;;Allée de la Géode;74490;74241;Saint-Jeoire;;;6.46878;46.134074
74241_0060_00045;45;;Impasse de la Ferme de Montrenaz;74490;74241;Saint-Jeoire;;;6.458584;46.133723
74241_0036_01283;1283;;Route de Cormand;74490;74241;Saint-Jeoire;;;6.47671;46.129612
74241_0152_00127;127;;Rue de Savoie;74490;74241;Saint-Jeoire;;;6.453446;46.138162
74241_0058_00288;288;;Rue du Faucigny;74490;74241;Saint-Jeoire;;;6.46018;46.137762
74241_0172_00237;237;;Avenue de Tremercier;74490;74241;Saint-Jeoire;;;6.463737;46.137207
74241_0036_02114;2114;;Route de Cormand;74490;74241;Saint-Jeoire;;;6.483806;46.124411
74241_0124_00055;55;;Route de Pouilly;74490;74241;Saint-Jeoire;;;6.459223;46.140156
74241_0109_00347;347;;Route des Moulins;74490;74241;Saint-Jeoire;;;6.466326;46.134798
74241_0033_00488;488;;Avenue des Colombières;74490;74241;Saint-Jeoire;;;6.453767;46.137385
74241_0061_00010;10;;Route des Feulâtes;74490;74241;Saint-Jeoire;;;6.456628;46.138619
74241_0013_00071;71;;Chemin de Bellensol;74490;74241;Saint-Jeoire;;;6.461823;46.139727
74241_a018_00093;93;;Lotissement les Terrasses du Mole;74490;74241;Saint-Jeoire;;;6.480992;46.125794
74241_0142_00021;21;;Rue du Domaine Saint-Georges;74490;74241;Saint-Jeoire;;;6.455017;46.137054
74241_0172_00545;545;;Avenue de Tremercier;74490;74241;Saint-Jeoire;;;6.467477;46.136146
74241_0109_00288;288;;Route des Moulins;74490;74241;Saint-Jeoire;;;6.465694;46.134864
74241_0036_02342;2342;;Route de Cormand;74490;74241;Saint-Jeoire;;;6.485967;46.122505
74241_0016_00508;508;;Route de la Bevière;74490;74241;Saint-Jeoire;;;6.469541;46.148665
74241_0147_00017;17;;Rue François Melchior de Saint-Jeoir;74490;74241;Saint-Jeoire;;;6.459698;46.137883
74241_0040_00142;142;;Route de Crêt Morand Mounet;74490;74241;Saint-Jeoire;;;6.471031;46.158298
74241_0028_00205;205;;Route de Charny;74490;74241;Saint-Jeoire;;;6.468806;46.1375
74241_0032_01131;1131;;Route de Chounaz;74490;74241;Saint-Jeoire;;;6.477614;46.14228
74241_0023_01374;1374;;Route de sur Chable;74490;74241;Saint-Jeoire;;;6.469921;46.157405
74241_0033_00465;465;;Avenue des Colombières;74490;74241;Saint-Jeoire;;;6.454724;46.137162
74241_0036_02300;2300;;Route de Cormand;74490;74241;Saint-Jeoire;;;6.485285;46.123027
74241_0016_00306;306;;Route de la Bevière;74490;74241;Saint-Jeoire;;;6.470811;46.147222
74241_0181_00378;378;;Rue des Tovets;74490;74241;Saint-Jeoire;;;6.469012;46.148199
74241_a009_00121;121;;Lotissement les Bois de Risse;74490;74241;Saint-Jeoire;;;6.471908;46.138902
74241_0017_00024;24;;Chemin du Bois Layât;74490;74241;Saint-Jeoire;;;6.449243;46.136233
74241_mptnl9_00014;14;;Lotissement Le Hameau de La Scierie;74490;74241;Saint-Jeoire;;;6.451277;46.136624
74241_0124_01414;1414;;Route de Pouilly;74490;74241;Saint-Jeoire;;;6.468122;46.149297
74241_m4u5rz_00016;16;;Lotissement Montrenaz;74490;74241;Saint-Jeoire;;;6.458251;46.133293
74241_0058_00337;337;;Rue du Faucigny;74490;74241;Saint-Jeoire;;;6.461109;46.138012
74241_0033_00260;260;;Avenue des Colombières;74490;74241;Saint-Jeoire;;;6.456665;46.137942
74241_0152_00089;89;;Rue de Savoie;74490;74241;Saint-Jeoire;;;6.453844;46.138238
74241_0037_00148;148;;Chemin le Coteau;74490;74241;Saint-Jeoire;;;6.469853;46.136803
74241_0102_00130;130;;Route du Mole;74490;74241;Saint-Jeoire;;;6.458598;46.133502
74241_0142_00087;87;;Rue du Domaine Saint-Georges;74490;74241;Saint-Jeoire;;;6.45398;46.136471
74241_0036_02161;2161;;Route de Cormand;74490;74241;Saint-Jeoire;;;6.484393;46.123919
74241_0172_00661;661;;Avenue de Tremercier;74490;74241;Saint-Jeoire;;;6.468623;46.135999
74241_0124_00756;756;;Route de Pouilly;74490;74241;Saint-Jeoire;;;6.464857;46.143896
74241_0145_00016;16;;Rue Allamand de Saint-Jeoire;74490;74241;Saint-Jeoire;;;6.458096;46.138476
74241_0023_00480;480;;Route de sur Chable;74490;74241;Saint-Jeoire;;;6.469546;46.165162
74241_0058_00222;222;;Rue du Faucigny;74490;74241;Saint-Jeoire;;;6.459474;46.138036
74241_0147_00083;83;;Rue François Melchior de Saint-Jeoir;74490;74241;Saint-Jeoire;;;6.459817;46.137291
74241_0172_00407;407;;Avenue de Tremercier;74490;74241;Saint-Jeoire;;;6.465841;46.136704
74241_0102_00231;231;;Route du Mole;74490;74241;Saint-Jeoire;;;6.458218;46.132569
74241_0060_00019;19;;Impasse de la Ferme de Montrenaz;74490;74241;Saint-Jeoire;;;6.458767;46.1338
74241_0042_00030;30;;Rue Jean-Jacques Dussaix;74490;74241;Saint-Jeoire;;;6.462748;46.136424
74241_0036_02228;2228;;Route de Cormand;74490;74241;Saint-Jeoire;;;6.484655;46.123409
74241_0028_01104;1104;;Route de Charny;74490;74241;Saint-Jeoire;;;6.468841;46.144498
74241_0037_00013;13;;Chemin le Coteau;74490;74241;Saint-Jeoire;;;6.470494;46.137779
74241_0107_00104;104;;Route de Montrenaz;74490;74241;Saint-Jeoire;;;6.459778;46.135067
74241_0033_00019;19;;Avenue des Colombières;74490;74241;Saint-Jeoire;;;6.45943;46.136807
74241_0017_00036;36;;Chemin du Bois Layât;74490;74241;Saint-Jeoire;;;6.449344;46.136121
74241_0060_00115;115;;Impasse de la Ferme de Montrenaz;74490;74241;Saint-Jeoire;;;6.458006;46.133464
74241_0102_00050;50;;Route du Mole;74490;74241;Saint-Jeoire;;;6.459303;46.134086
74241_0042_00022;22;;Rue Jean-Jacques Dussaix;74490;74241;Saint-Jeoire;;;6.462594;46.13636
74241_0172_00709;709;;Avenue de Tremercier;74490;74241;Saint-Jeoire;;;6.469174;46.135586
74241_0140_00104;104;;La Vieille Route;74490;74241;Saint-Jeoire;;;6.461713;46.137073
74241_0036_00047;47;;Route de Cormand;74490;74241;Saint-Jeoire;;;6.469272;46.134147
74241_0037_00159;159;;Chemin le Coteau;74490;74241;Saint-Jeoire;;;6.46983;46.136663
74241_0015_00066;66;;Chemin des Beulets;74490;74241;Saint-Jeoire;;;6.489214;46.119505
74241_0017_00077;77;;Chemin du Bois Layât;74490;74241;Saint-Jeoire;;;6.449531;46.13574
74241_0027_00633;633;;Route de Chaîne d’Or;74490;74241;Saint-Jeoire;;;6.451486;46.175984
74241_0023_00986;986;;Route de sur Chable;74490;74241;Saint-Jeoire;;;6.469541;46.160612
74241_0028_00146;146;;Route de Charny;74490;74241;Saint-Jeoire;;;6.468405;46.136814
74241_0100_00136;136;;Route de Millière;74490;74241;Saint-Jeoire;;;6.458891;46.13308
74241_0061_00076;76;;Route des Feulâtes;74490;74241;Saint-Jeoire;;;6.455684;46.13868
74241_a017_00140;140;;Lotissement des Roches;74490;74241;Saint-Jeoire;;;6.455082;46.136469
74241_0111_00049;49;;Montée de la Mule;74490;74241;Saint-Jeoire;;;6.469221;46.167069
74241_0058_00264;264;;Rue du Faucigny;74490;74241;Saint-Jeoire;;;6.460002;46.137838
74241_0038_00120;120;;Impasse de la Couaz;74490;74241;Saint-Jeoire;;;6.464648;46.144845
74241_0016_00165;165;;Route de la Bevière;74490;74241;Saint-Jeoire;;;6.470075;46.146143
74241_a020_00115;115;;Résidence le Turchon;74490;74241;Saint-Jeoire;;;6.461715;46.141675
74241_0186_02166;2166;;Route de la Vallée du Giffre;74490;74241;Saint-Jeoire;;;6.475269;46.136306
74241_0140_00036;36;;La Vieille Route;74490;74241;Saint-Jeoire;;;6.460988;46.137376
74241_a021_00043;43;;Lotissement le Château Vieux;74490;74241;Saint-Jeoire;;;6.470666;46.138702
74241_a012_00136;136;;Lotissement le Hameau du Mont Blanc;74490;74241;Saint-Jeoire;;;6.469917;46.14681
74241_0028_00290;290;;Route de Charny;74490;74241;Saint-Jeoire;;;6.469691;46.137661
74241_0131_00124;124;;Chemin de la Ravoire;74490;74241;Saint-Jeoire;;;6.468343;46.144077
74241_0172_00173;173;;Avenue de Tremercier;74490;74241;Saint-Jeoire;;;6.462816;46.137436
74241_0172_00085;85;;Avenue de Tremercier;74490;74241;Saint-Jeoire;;;6.461727;46.137538
74241_0016_00340;340;;Route de la Bevière;74490;74241;Saint-Jeoire;;;6.47064;46.147625
74241_0007_00144;144;;Impasse Barteudet;74490;74241;Saint-Jeoire;;;6.456648;46.135873
74241_r2zbju_02500;2500;;Route d'Onnion;74490;74241;Saint-Jeoire;;;6.47662;46.165347
74241_0058_00171;171;;Rue du Faucigny;74490;74241;Saint-Jeoire;;;6.458902;46.138149
74241_0024_00307;307;;Impasse du Chaffard;74490;74241;Saint-Jeoire;;;6.447482;46.137193
74241_0023_01394;1394;;Route de sur Chable;74490;74241;Saint-Jeoire;;;6.469421;46.156906
74241_0121_00137;137;;Chemin du Pont du Cruz;74490;74241;Saint-Jeoire;;;6.470392;46.149832
74241_0039_00030;30;;Impasse de la Courtoise;74490;74241;Saint-Jeoire;;;6.466848;46.147262
74241_0032_00206;206;;Route de Chounaz;74490;74241;Saint-Jeoire;;;6.479385;46.136825
74241_0042_00068;68;;Rue Jean-Jacques Dussaix;74490;74241;Saint-Jeoire;;;6.462431;46.136788
74241_0036_01235;1235;;Route de Cormand;74490;74241;Saint-Jeoire;;;6.476324;46.129913
74241_mptnl9_00010;10;;Lotissement Le Hameau de La Scierie;74490;74241;Saint-Jeoire;;;6.450741;46.136255
74241_0113_00016;16;;Montée des Nants;74490;74241;Saint-Jeoire;;;6.46807;46.148517
74241_0073_00093;93;;Impasse des Gelinottes;74490;74241;Saint-Jeoire;;;6.466608;46.14803
74241_0004_00260;260;;Route d’Aveyran;74490;74241;Saint-Jeoire;;;6.470518;46.167585
74241_0186_02272;2272;;Route de la Vallée du Giffre;74490;74241;Saint-Jeoire;;;6.476873;46.136098
74241_0058_00198;198;;Rue du Faucigny;74490;74241;Saint-Jeoire;;;6.459134;46.138053
74241_a016_00074;74;;Lotissement de la Ravoire;74490;74241;Saint-Jeoire;;;6.470151;46.14054
74241_0112_00978;978;;Route Nanterne;74490;74241;Saint-Jeoire;;;6.488096;46.126191
74241_0028_01279;1279;;Route de Charny;74490;74241;Saint-Jeoire;;;6.467539;46.145957
74241_0004_00089;89;;Route d’Aveyran;74490;74241;Saint-Jeoire;;;6.469286;46.166376
74241_0099_00722;722;;Route de Marignier;74490;74241;Saint-Jeoire;;;6.483391;46.131194
74241_0075_00100;100;;Allée de la Géode;74490;74241;Saint-Jeoire;;;6.467864;46.133916
74241_0186_01995;1995;;Route de la Vallée du Giffre;74490;74241;Saint-Jeoire;;;6.474005;46.136036
74241_0181_00231;231;;Rue des Tovets;74490;74241;Saint-Jeoire;;;6.467887;46.147476
74241_0114_00289;289;;Rue de Narvik;74490;74241;Saint-Jeoire;;;6.463402;46.145724
74241_0178_00675;675;;Avenue de la Tour de Fer;74490;74241;Saint-Jeoire;;;6.448527;46.136097
74241_0015_00041;41;;Chemin des Beulets;74490;74241;Saint-Jeoire;;;6.489584;46.119562
74241_0031_00042;42;;Impasse de Château Vieux;74490;74241;Saint-Jeoire;;;6.470626;46.139059
74241_a009_00082;82;;Lotissement les Bois de Risse;74490;74241;Saint-Jeoire;;;6.472248;46.138503
74241_0140_00072;72;;La Vieille Route;74490;74241;Saint-Jeoire;;;6.461348;46.137224
74241_0105_00034;34;;Avenue Gaspard Monge;74490;74241;Saint-Jeoire;;;6.460216;46.136754
74241_0178_00099;99;;Avenue de la Tour de Fer;74490;74241;Saint-Jeoire;;;6.455372;46.138134
74241_mptnl9_00017;17;;Lotissement Le Hameau de La Scierie;74490;74241;Saint-Jeoire;;;6.451013;46.136665
74241_0172_00035;35;;Avenue de Tremercier;74490;74241;Saint-Jeoire;;;6.461083;46.137639
74241_0028_00592;592;;Route de Charny;74490;74241;Saint-Jeoire;;;6.470345;46.140212
74241_0042_00014;14;;Rue Jean-Jacques Dussaix;74490;74241;Saint-Jeoire;;;6.462559;46.1363
74241_a010_00219;219;;Lotissement le Château;74490;74241;Saint-Jeoire;;;6.460063;46.140869
74241_0107_00103;103;;Route de Montrenaz;74490;74241;Saint-Jeoire;;;6.460046;46.135171
74241_0116_00028;28;;Montée de Perreuse;74490;74241;Saint-Jeoire;;;6.459336;46.139311
74241_mptnl9_00015;15;;Lotissement Le Hameau de La Scierie;74490;74241;Saint-Jeoire;;;6.451013;46.136557
74241_a021_00057;57;;Lotissement le Château Vieux;74490;74241;Saint-Jeoire;;;6.471434;46.138471
74241_0016_00123;123;;Route de la Bevière;74490;74241;Saint-Jeoire;;;6.469713;46.145962
74241_0111_00022;22;;Montée de la Mule;74490;74241;Saint-Jeoire;;;6.469606;46.167048
74241_0039_00071;71;;Impasse de la Courtoise;74490;74241;Saint-Jeoire;;;6.466607;46.147509
74241_0048_00047;47;;Place de l’Église;74490;74241;Saint-Jeoire;;;6.459694;46.138733
74241_0140_00004;4;;La Vieille Route;74490;74241;Saint-Jeoire;;;6.460611;46.137548
74241_0178_00645;645;;Avenue de la Tour de Fer;74490;74241;Saint-Jeoire;;;6.44909;46.136284
74241_0181_00332;332;;Rue des Tovets;74490;74241;Saint-Jeoire;;;6.468425;46.148185
74241_0167_00222;222;;Rue sur Naves;74490;74241;Saint-Jeoire;;;6.463579;46.13852
74241_0048_00011;11;;Place de l’Église;74490;74241;Saint-Jeoire;;;6.459097;46.138535
74241_0058_00131;131;;Rue du Faucigny;74490;74241;Saint-Jeoire;;;6.458379;46.138317
74241_0075_00212;212;;Allée de la Géode;74490;74241;Saint-Jeoire;;;6.467188;46.133159
74241_0064_00096;96;;Chemin de la Fin;74490;74241;Saint-Jeoire;;;6.453833;46.137041
74241_0178_00248;248;;Avenue de la Tour de Fer;74490;74241;Saint-Jeoire;;;6.453707;46.137994
74241_0178_00717;717;;Avenue de la Tour de Fer;74490;74241;Saint-Jeoire;;;6.44846;46.136075
74241_0172_00387;387;;Avenue de Tremercier;74490;74241;Saint-Jeoire;;;6.465574;46.136796
74241_0004_00253;253;;Route d’Aveyran;74490;74241;Saint-Jeoire;;;6.470033;46.167845
74241_0178_00179;179;;Avenue de la Tour de Fer;74490;74241;Saint-Jeoire;;;6.454373;46.138135
74241_0124_00963;963;;Route de Pouilly;74490;74241;Saint-Jeoire;;;6.466074;46.145499
74241_0131_00235;235;;Chemin de la Ravoire;74490;74241;Saint-Jeoire;;;6.462305;46.1393
74241_0038_00104;104;;Impasse de la Couaz;74490;74241;Saint-Jeoire;;;6.464755;46.14497
74241_0172_00325;325;;Avenue de Tremercier;74490;74241;Saint-Jeoire;;;6.464938;46.136992
74241_a010_00126;126;;Lotissement le Château;74490;74241;Saint-Jeoire;;;6.460248;46.1421
74241_a012_00241;241;;Lotissement le Hameau du Mont Blanc;74490;74241;Saint-Jeoire;;;6.468939;46.146788
74241_0181_00285;285;;Rue des Tovets;74490;74241;Saint-Jeoire;;;6.468047;46.147834
74241_0102_00201;201;;Route du Mole;74490;74241;Saint-Jeoire;;;6.459044;46.1325
74241_0016_00460;460;;Route de la Bevière;74490;74241;Saint-Jeoire;;;6.469774;46.148296
74241_0002_00039;39;;Rue de l’Ancienne Gare;74490;74241;Saint-Jeoire;;;6.453055;46.136058
74241_a010_00239;239;;Lotissement le Château;74490;74241;Saint-Jeoire;;;6.459838;46.140901
74241_0120_00079;79;;Allée du Pont Béguin;74490;74241;Saint-Jeoire;;;6.458953;46.139523
74241_a018_00115;115;;Lotissement les Terrasses du Mole;74490;74241;Saint-Jeoire;;;6.480547;46.125945
74241_0124_00956;956;;Route de Pouilly;74490;74241;Saint-Jeoire;;;6.466348;46.145238
74241_0181_00204;204;;Rue des Tovets;74490;74241;Saint-Jeoire;;;6.467746;46.147118
74241_0073_00083;83;;Impasse des Gelinottes;74490;74241;Saint-Jeoire;;;6.466628;46.147964
74241_0112_00019;19;;Route Nanterne;74490;74241;Saint-Jeoire;;;6.48188;46.126016
74241_0114_00193;193;;Rue de Narvik;74490;74241;Saint-Jeoire;;;6.464557;46.146071
74241_0061_00030;30;;Route des Feulâtes;74490;74241;Saint-Jeoire;;;6.456439;46.138627
74241_0036_01334;1334;;Route de Cormand;74490;74241;Saint-Jeoire;;;6.477255;46.129078
74241_0003_00121;121;;Route d’Anthon;74490;74241;Saint-Jeoire;;;6.49084;46.127318
74241_a017_00157;157;;Lotissement des Roches;74490;74241;Saint-Jeoire;;;6.455237;46.13627
74241_a011_00041;41;;Lotissement les Cyclamens;74490;74241;Saint-Jeoire;;;6.459985;46.133984
74241_0075_00266;266;;Allée de la Géode;74490;74241;Saint-Jeoire;;;6.467335;46.133127
74241_0140_00029;29;;La Vieille Route;74490;74241;Saint-Jeoire;;;6.46105;46.137414
74241_0058_00243;243;;Rue du Faucigny;74490;74241;Saint-Jeoire;;;6.459755;46.138024
74241_0091_00158;158;;Montée des Jourdillets;74490;74241;Saint-Jeoire;;;6.475716;46.166197
74241_0080_00161;161;;Rue d’Hisson;74490;74241;Saint-Jeoire;;;6.45886;46.135715
74241_0036_01900;1900;;Route de Cormand;74490;74241;Saint-Jeoire;;;6.482106;46.125572
74241_0042_00078;78;;Rue Jean-Jacques Dussaix;74490;74241;Saint-Jeoire;;;6.462659;46.136832
74241_0167_00182;182;;Rue sur Naves;74490;74241;Saint-Jeoire;;;6.463265;46.138228
74241_0028_01031;1031;;Route de Charny;74490;74241;Saint-Jeoire;;;6.468946;46.143984
74241_0124_00825;825;;Route de Pouilly;74490;74241;Saint-Jeoire;;;6.465099;46.144513
74241_0040_00111;111;;Route de Crêt Morand Mounet;74490;74241;Saint-Jeoire;;;6.470374;46.158437
74241_0032_00453;453;;Route de Chounaz;74490;74241;Saint-Jeoire;;;6.478256;46.138756
74241_0058_00297;297;;Rue du Faucigny;74490;74241;Saint-Jeoire;;;6.460528;46.138057
74241_0002_00031;31;;Rue de l’Ancienne Gare;74490;74241;Saint-Jeoire;;;6.453259;46.135982
74241_0020_00544;544;;Route des Cerisiers;74490;74241;Saint-Jeoire;;;6.466761;46.160298
74241_mptnl9_00013;13;;Lotissement Le Hameau de La Scierie;74490;74241;Saint-Jeoire;;;6.451058;46.136452
74241_0039_00139;139;;Impasse de la Courtoise;74490;74241;Saint-Jeoire;;;6.465962;46.147867
74241_0155_00051;51;;Route de la Serra;74490;74241;Saint-Jeoire;;;6.478262;46.136314
74241_a018_00097;97;;Lotissement les Terrasses du Mole;74490;74241;Saint-Jeoire;;;6.480903;46.125813
74241_0112_01011;1011;;Route Nanterne;74490;74241;Saint-Jeoire;;;6.488784;46.125798
74241_0075_00127;127;;Allée de la Géode;74490;74241;Saint-Jeoire;;;6.468429;46.133506
74241_0042_00060;60;;Rue Jean-Jacques Dussaix;74490;74241;Saint-Jeoire;;;6.462446;46.136702
74241_0145_00010;10;;Rue Allamand de Saint-Jeoire;74490;74241;Saint-Jeoire;;;6.457855;46.138468
74241_0075_00125;125;;Allée de la Géode;74490;74241;Saint-Jeoire;;;6.468258;46.133584
74241_a018_00046;46;;Lotissement les Terrasses du Mole;74490;74241;Saint-Jeoire;;;6.480863;46.126077
74241_0073_00038;38;;Impasse des Gelinottes;74490;74241;Saint-Jeoire;;;6.467026;46.147819
74241_0075_00270;270;;Allée de la Géode;74490;74241;Saint-Jeoire;;;6.468216;46.132926
74241_0031_00050;50;;Impasse de Château Vieux;74490;74241;Saint-Jeoire;;;6.470689;46.139147
74241_0028_00493;493;;Route de Charny;74490;74241;Saint-Jeoire;;;6.469914;46.13931
74241_0032_00973_c;973;c;Route de Chounaz;74490;74241;Saint-Jeoire;;;6.476638;46.143132
74241_0064_00017;17;;Chemin de la Fin;74490;74241;Saint-Jeoire;;;6.453403;46.137661
74241_0123_00509;509;;Route des Poses;74490;74241;Saint-Jeoire;;;6.462485;46.169721
74241_a020_00068;68;;Résidence le Turchon;74490;74241;Saint-Jeoire;;;6.461729;46.14222
74241_0058_00108;108;;Rue du Faucigny;74490;74241;Saint-Jeoire;;;6.457999;46.138103
74241_0181_00156;156;;Rue des Tovets;74490;74241;Saint-Jeoire;;;6.467628;46.146964
74241_0178_00051;51;;Avenue de la Tour de Fer;74490;74241;Saint-Jeoire;;;6.456225;46.138472
74241_0105_00043;43;;Avenue Gaspard Monge;74490;74241;Saint-Jeoire;;;6.460727;46.136805
74241_0027_00704;704;;Route de Chaîne d’Or;74490;74241;Saint-Jeoire;;;6.452395;46.175969
74241_0114_00133;133;;Rue de Narvik;74490;74241;Saint-Jeoire;;;6.465279;46.146232
74241_0028_00015;15;;Route de Charny;74490;74241;Saint-Jeoire;;;6.466204;46.137031
74241_0023_00967;967;;Route de sur Chable;74490;74241;Saint-Jeoire;;;6.46959;46.160724
74241_a017_00062;62;;Lotissement des Roches;74490;74241;Saint-Jeoire;;;6.456083;46.136761
74241_0036_01829;1829;;Route de Cormand;74490;74241;Saint-Jeoire;;;6.481259;46.126247
74241_0033_00256;256;;Avenue des Colombières;74490;74241;Saint-Jeoire;;;6.456658;46.137792
74241_0131_00445;445;;Chemin de la Ravoire;74490;74241;Saint-Jeoire;;;6.466708;46.141279
74241_0011_00217;217;;Montée de Beauregard;74490;74241;Saint-Jeoire;;;6.455632;46.140148
74241_0172_00587;587;;Avenue de Tremercier;74490;74241;Saint-Jeoire;;;6.467742;46.136035
74241_0007_00076;76;;Impasse Barteudet;74490;74241;Saint-Jeoire;;;6.456997;46.136353
74241_0032_00971;971;;Route de Chounaz;74490;74241;Saint-Jeoire;;;6.475881;46.142964
74241_0107_00067;67;;Route de Montrenaz;74490;74241;Saint-Jeoire;;;6.460151;46.135499
74241_0099_00559;559;;Route de Marignier;74490;74241;Saint-Jeoire;;;6.482009;46.132241
74241_0181_00358;358;;Rue des Tovets;74490;74241;Saint-Jeoire;;;6.468613;46.148472
74241_a014_00013;13;;Résidence Perreuse;74490;74241;Saint-Jeoire;;;6.460811;46.140386
74241_0140_00080;80;;La Vieille Route;74490;74241;Saint-Jeoire;;;6.461447;46.137179
74241_0004_00051;51;;Route d’Aveyran;74490;74241;Saint-Jeoire;;;6.469444;46.166188
74241_0102_00209;209;;Route du Mole;74490;74241;Saint-Jeoire;;;6.458615;46.13268
74241_0124_00972;972;;Route de Pouilly;74490;74241;Saint-Jeoire;;;6.46622;46.145384
74241_0131_00234;234;;Chemin de la Ravoire;74490;74241;Saint-Jeoire;;;6.462226;46.138987
74241_0048_00007;7;;Place de l’Église;74490;74241;Saint-Jeoire;;;6.459082;46.138473
74241_0099_00684;684;;Route de Marignier;74490;74241;Saint-Jeoire;;;6.482698;46.131162
74241_a012_00164;164;;Lotissement le Hameau du Mont Blanc;74490;74241;Saint-Jeoire;;;6.469789;46.14714
74241_0145_00170;170;;Rue Allamand de Saint-Jeoire;74490;74241;Saint-Jeoire;;;6.458025;46.140023
74241_0028_01302;1302;;Route de Charny;74490;74241;Saint-Jeoire;;;6.46797;46.146166
74241_0172_00155;155;;Avenue de Tremercier;74490;74241;Saint-Jeoire;;;6.46262;46.137494
74241_a009_00156;156;;Lotissement les Bois de Risse;74490;74241;Saint-Jeoire;;;6.472439;46.139235
74241_0028_01323;1323;;Route de Charny;74490;74241;Saint-Jeoire;;;6.467336;46.14607
74241_0015_00089;89;;Chemin des Beulets;74490;74241;Saint-Jeoire;;;6.489366;46.119504
74241_0116_00006;6;;Montée de Perreuse;74490;74241;Saint-Jeoire;;;6.459526;46.139159
74241_0032_00286;286;;Route de Chounaz;74490;74241;Saint-Jeoire;;;6.479224;46.137464
74241_0184_00596;596;;Route de l’Usine;74490;74241;Saint-Jeoire;;;6.49216;46.124926
74241_0099_00591;591;;Route de Marignier;74490;74241;Saint-Jeoire;;;6.482351;46.132007
74241_0169_00533;533;;Route du Télésiège;74490;74241;Saint-Jeoire;;;6.464107;46.16857
74241_0036_01549;1549;;Route de Cormand;74490;74241;Saint-Jeoire;;;6.479079;46.127809
74241_0111_00115;115;;Montée de la Mule;74490;74241;Saint-Jeoire;;;6.468862;46.167694
74241_0004_00109;109;;Route d’Aveyran;74490;74241;Saint-Jeoire;;;6.469424;46.166592
74241_0020_00238;238;;Route des Cerisiers;74490;74241;Saint-Jeoire;;;6.467946;46.159862
74241_0131_00550;550;;Chemin de la Ravoire;74490;74241;Saint-Jeoire;;;6.46543;46.141646
74241_0142_00073;73;;Rue du Domaine Saint-Georges;74490;74241;Saint-Jeoire;;;6.454237;46.136564
74241_0080_00141;141;;Rue d’Hisson;74490;74241;Saint-Jeoire;;;6.458611;46.135816
74241_0148_00286;286;;Route des Salles;74490;74241;Saint-Jeoire;;;6.488326;46.119466
74241_a009_00175;175;;Lotissement les Bois de Risse;74490;74241;Saint-Jeoire;;;6.472413;46.13943
74241_0042_00036;36;;Rue Jean-Jacques Dussaix;74490;74241;Saint-Jeoire;;;6.462501;46.13652
74241_0027_00404;404;;Route de Chaîne d’Or;74490;74241;Saint-Jeoire;;;6.44993;46.174958
74241_0184_00594;594;;Route de l’Usine;74490;74241;Saint-Jeoire;;;6.492314;46.125034
74241_0111_00071;71;;Montée de la Mule;74490;74241;Saint-Jeoire;;;6.469018;46.167377
74241_0004_00042;42;;Route d’Aveyran;74490;74241;Saint-Jeoire;;;6.469573;46.166121
74241_0100_00012;12;;Route de Millière;74490;74241;Saint-Jeoire;;;6.458996;46.133421
74241_a010_00186;186;;Lotissement le Château;74490;74241;Saint-Jeoire;;;6.459993;46.141276
74241_0035_00049;49;;Impasse de la Corbaz;74490;74241;Saint-Jeoire;;;6.486689;46.129559
74241_a016_00120;120;;Lotissement de la Ravoire;74490;74241;Saint-Jeoire;;;6.470026;46.14013
74241_a010_00122;122;;Lotissement le Château;74490;74241;Saint-Jeoire;;;6.460466;46.142056
74241_0089_00082;82;;Rue du 28 Janvier 1944;74490;74241;Saint-Jeoire;;;6.46518;46.145866
74241_0112_00332;332;;Route Nanterne;74490;74241;Saint-Jeoire;;;6.485205;46.126007
74241_0109_00066;66;;Route des Moulins;74490;74241;Saint-Jeoire;;;6.463283;46.135648
74241_a012_00240;240;;Lotissement le Hameau du Mont Blanc;74490;74241;Saint-Jeoire;;;6.468889;46.146843
74241_0058_00051;51;;Rue du Faucigny;74490;74241;Saint-Jeoire;;;6.457326;46.138512
74241_a021_00053;53;;Lotissement le Château Vieux;74490;74241;Saint-Jeoire;;;6.471305;46.138566
74241_0045_00036;36;;Rue des Écoles;74490;74241;Saint-Jeoire;;;6.463591;46.136062
74241_0172_00028;28;;Avenue de Tremercier;74490;74241;Saint-Jeoire;;;6.460977;46.137573
74241_0007_00155;155;;Impasse Barteudet;74490;74241;Saint-Jeoire;;;6.456475;46.135818
74241_0121_00042;42;;Chemin du Pont du Cruz;74490;74241;Saint-Jeoire;;;6.469588;46.149081
74241_0102_00167;167;;Route du Mole;74490;74241;Saint-Jeoire;;;6.458825;46.133047
74241_0109_00054;54;;Route des Moulins;74490;74241;Saint-Jeoire;;;6.463017;46.135589
74241_0099_00693;693;;Route de Marignier;74490;74241;Saint-Jeoire;;;6.483944;46.131629
74241_0032_00977;977;;Route de Chounaz;74490;74241;Saint-Jeoire;;;6.476205;46.142945
74241_0033_00099;99;;Avenue des Colombières;74490;74241;Saint-Jeoire;;;6.458774;46.136881
74241_0093_00020;20;;Route de la Joux;74490;74241;Saint-Jeoire;;;6.448632;46.176711
74241_0181_00341;341;;Rue des Tovets;74490;74241;Saint-Jeoire;;;6.468374;46.148281
74241_0036_01092;1092;;Route de Cormand;74490;74241;Saint-Jeoire;;;6.475773;46.13151
74241_0114_00043;43;;Rue de Narvik;74490;74241;Saint-Jeoire;;;6.46651;46.146502
74241_0036_02520;2520;;Route de Cormand;74490;74241;Saint-Jeoire;;;6.487594;46.121993
74241_a012_00215;215;;Lotissement le Hameau du Mont Blanc;74490;74241;Saint-Jeoire;;;6.469267;46.146903
74241_0045_00066;66;;Rue des Écoles;74490;74241;Saint-Jeoire;;;6.463674;46.136332
74241_0111_00051;51;;Montée de la Mule;74490;74241;Saint-Jeoire;;;6.469261;46.166889
74241_0058_00027;27;;Rue du Faucigny;74490;74241;Saint-Jeoire;;;6.457162;46.138713
74241_0060_00095;95;;Impasse de la Ferme de Montrenaz;74490;74241;Saint-Jeoire;;;6.458435;46.133665
74241_0143_00107;107;;Ancien Chemin de Saint-Jeoire;74490;74241;Saint-Jeoire;;;6.473393;46.164887
74241_0111_00030;30;;Montée de la Mule;74490;74241;Saint-Jeoire;;;6.469622;46.167122
74241_0028_00036;36;;Route de Charny;74490;74241;Saint-Jeoire;;;6.466892;46.136556
74241_0028_00049;49;;Route de Charny;74490;74241;Saint-Jeoire;;;6.466887;46.13665
74241_0023_00046;46;;Route de sur Chable;74490;74241;Saint-Jeoire;;;6.472486;46.165524
74241_0150_00105;105;;Rue de la Sapinière;74490;74241;Saint-Jeoire;;;6.470198;46.13719
74241_0028_00200;200;;Route de Charny;74490;74241;Saint-Jeoire;;;6.46869;46.137367
74241_0181_00403;403;;Rue des Tovets;74490;74241;Saint-Jeoire;;;6.468827;46.14877
74241_0114_00387;387;;Rue de Narvik;74490;74241;Saint-Jeoire;;;6.462563;46.1453
74241_a009_00153;153;;Lotissement les Bois de Risse;74490;74241;Saint-Jeoire;;;6.472357;46.139204
74241_0032_00220;220;;Route de Chounaz;74490;74241;Saint-Jeoire;;;6.479513;46.13723
74241_0037_00221;221;;Chemin le Coteau;74490;74241;Saint-Jeoire;;;6.469821;46.136192
74241_0099_01027;1027;;Route de Marignier;74490;74241;Saint-Jeoire;;;6.486195;46.1295
74241_0178_00688;688;;Avenue de la Tour de Fer;74490;74241;Saint-Jeoire;;;6.448692;46.136309
74241_0036_01377;1377;;Route de Cormand;74490;74241;Saint-Jeoire;;;6.477442;46.12903
74241_0023_01324;1324;;Route de sur Chable;74490;74241;Saint-Jeoire;;;6.469942;46.157611
74241_0032_01042;1042;;Route de Chounaz;74490;74241;Saint-Jeoire;;;6.476291;46.142079
74241_0186_02131;2131;;Route de la Vallée du Giffre;74490;74241;Saint-Jeoire;;;6.475014;46.136381
74241_0002_00073;73;;Rue de l’Ancienne Gare;74490;74241;Saint-Jeoire;;;6.451931;46.136218
74241_0152_00150;150;;Rue de Savoie;74490;74241;Saint-Jeoire;;;6.453072;46.138086
74241_0099_00727;727;;Route de Marignier;74490;74241;Saint-Jeoire;;;6.483598;46.13119
74241_0011_00214;214;;Montée de Beauregard;74490;74241;Saint-Jeoire;;;6.455636;46.140951
74241_0109_00447;447;;Route des Moulins;74490;74241;Saint-Jeoire;;;6.467844;46.13465
74241_0140_00018;18;;La Vieille Route;74490;74241;Saint-Jeoire;;;6.460799;46.137436
74241_0004_00093;93;;Route d’Aveyran;74490;74241;Saint-Jeoire;;;6.469268;46.16651
74241_0054_00203;203;;Rue de la Faitaman;74490;74241;Saint-Jeoire;;;6.460207;46.136341
74241_0020_00520;520;;Route des Cerisiers;74490;74241;Saint-Jeoire;;;6.466705;46.160368
74241_0178_00084;84;;Avenue de la Tour de Fer;74490;74241;Saint-Jeoire;;;6.455643;46.138515
74241_0058_00311;311;;Rue du Faucigny;74490;74241;Saint-Jeoire;;;6.46068;46.138036
74241_0033_00452;452;;Avenue des Colombières;74490;74241;Saint-Jeoire;;;6.453875;46.137352
74241_a012_00089;89;;Lotissement le Hameau du Mont Blanc;74490;74241;Saint-Jeoire;;;6.469392;46.14654
74241_0124_01407;1407;;Route de Pouilly;74490;74241;Saint-Jeoire;;;6.467937;46.149282
74241_0003_00362;362;;Route d’Anthon;74490;74241;Saint-Jeoire;;;6.493552;46.126066
74241_a017_00031;31;;Lotissement des Roches;74490;74241;Saint-Jeoire;;;6.456589;46.136695
74241_0100_00038;38;;Route de Millière;74490;74241;Saint-Jeoire;;;6.45919;46.133344
74241_0107_00126;126;;Route de Montrenaz;74490;74241;Saint-Jeoire;;;6.459671;46.134894
74241_0040_00104;104;;Route de Crêt Morand Mounet;74490;74241;Saint-Jeoire;;;6.470469;46.158494
74241_0184_00530;530;;Route de l’Usine;74490;74241;Saint-Jeoire;;;6.491917;46.125645
74241_0028_01225;1225;;Route de Charny;74490;74241;Saint-Jeoire;;;6.468034;46.145399
74241_0091_00252;252;;Montée des Jourdillets;74490;74241;Saint-Jeoire;;;6.474276;46.16598
74241_0058_00174;174;;Rue du Faucigny;74490;74241;Saint-Jeoire;;;6.458817;46.137935
74241_a010_00267;267;;Lotissement le Château;74490;74241;Saint-Jeoire;;;6.459492;46.140574
74241_0131_00010;10;;Chemin de la Ravoire;74490;74241;Saint-Jeoire;;;6.459761;46.138401
74241_a010_00221;221;;Lotissement le Château;74490;74241;Saint-Jeoire;;;6.460046;46.140824
74241_0024_00350;350;;Impasse du Chaffard;74490;74241;Saint-Jeoire;;;6.448351;46.137168
74241_0027_00416;416;;Route de Chaîne d’Or;74490;74241;Saint-Jeoire;;;6.450479;46.174807
74241_0058_00043;43;;Rue du Faucigny;74490;74241;Saint-Jeoire;;;6.457271;46.13872
74241_a011_00052;52;;Lotissement les Cyclamens;74490;74241;Saint-Jeoire;;;6.459971;46.133697
74241_a017_00048;48;;Lotissement des Roches;74490;74241;Saint-Jeoire;;;6.456202;46.136763
74241_0004_00037;37;;Route d’Aveyran;74490;74241;Saint-Jeoire;;;6.469533;46.166093
74241_0058_00009;9;;Rue du Faucigny;74490;74241;Saint-Jeoire;;;6.457027;46.138932
74241_0172_00336;336;;Avenue de Tremercier;74490;74241;Saint-Jeoire;;;6.464853;46.136907
74241_0042_00074;74;;Rue Jean-Jacques Dussaix;74490;74241;Saint-Jeoire;;;6.462574;46.136881
74241_0091_00156;156;;Montée des Jourdillets;74490;74241;Saint-Jeoire;;;6.475674;46.166228
74241_0036_02471;2471;;Route de Cormand;74490;74241;Saint-Jeoire;;;6.48759;46.122292
74241_a012_00224;224;;Lotissement le Hameau du Mont Blanc;74490;74241;Saint-Jeoire;;;6.469193;46.146962
74241_0058_00193;193;;Rue du Faucigny;74490;74241;Saint-Jeoire;;;6.459049;46.138138
74241_0027_00690;690;;Route de Chaîne d’Or;74490;74241;Saint-Jeoire;;;6.452121;46.175995
74241_0148_00880;880;;Route des Salles;74490;74241;Saint-Jeoire;;;6.483487;46.121922
74241_0186_02262;2262;;Route de la Vallée du Giffre;74490;74241;Saint-Jeoire;;;6.476352;46.136432
74241_0115_00041;41;;Impasse de Peramioux;74490;74241;Saint-Jeoire;;;6.469288;46.149175
74241_0020_00191;191;;Route des Cerisiers;74490;74241;Saint-Jeoire;;;6.468366;46.159258
74241_0102_00092;92;;Route du Mole;74490;74241;Saint-Jeoire;;;6.459023;46.133679
74241_0035_00113;113;;Impasse de la Corbaz;74490;74241;Saint-Jeoire;;;6.487334;46.129416
74241_a012_00110;110;;Lotissement le Hameau du Mont Blanc;74490;74241;Saint-Jeoire;;;6.469604;46.146634
74241_0131_00002;2;;Chemin de la Ravoire;74490;74241;Saint-Jeoire;;;6.459683;46.138379
74241_0124_00950;950;;Route de Pouilly;74490;74241;Saint-Jeoire;;;6.466118;46.145335
74241_0147_00036;36;;Rue François Melchior de Saint-Jeoir;74490;74241;Saint-Jeoire;;;6.459388;46.137736
74241_0155_00363;363;;Route de la Serra;74490;74241;Saint-Jeoire;;;6.481276;46.134344
74241_0064_00211;211;;Chemin de la Fin;74490;74241;Saint-Jeoire;;;6.454414;46.13592
74241_0037_00180;180;;Chemin le Coteau;74490;74241;Saint-Jeoire;;;6.469636;46.136486
74241_0167_00002;2;;Rue sur Naves;74490;74241;Saint-Jeoire;;;6.462536;46.139298
74241_0131_00028;28;;Chemin de la Ravoire;74490;74241;Saint-Jeoire;;;6.46001;46.138444
74241_0114_00065;65;;Rue de Narvik;74490;74241;Saint-Jeoire;;;6.466125;46.146396
74241_a017_00049;49;;Lotissement des Roches;74490;74241;Saint-Jeoire;;;6.456171;46.136684
74241_0028_00184;184;;Route de Charny;74490;74241;Saint-Jeoire;;;6.468863;46.136856
74241_0184_00484;484;;Route de l’Usine;74490;74241;Saint-Jeoire;;;6.491669;46.12597
74241_0124_01047;1047;;Route de Pouilly;74490;74241;Saint-Jeoire;;;6.466442;46.146066
74241_0131_00197;197;;Chemin de la Ravoire;74490;74241;Saint-Jeoire;;;6.461957;46.139014
74241_0178_00101;101;;Avenue de la Tour de Fer;74490;74241;Saint-Jeoire;;;6.455275;46.138389
74241_0123_00363;363;;Route des Poses;74490;74241;Saint-Jeoire;;;6.466322;46.169951
74241_0033_00248;248;;Avenue des Colombières;74490;74241;Saint-Jeoire;;;6.45679;46.137738
74241_0124_01429;1429;;Route de Pouilly;74490;74241;Saint-Jeoire;;;6.467726;46.149388
74241_0140_00020;20;;La Vieille Route;74490;74241;Saint-Jeoire;;;6.460836;46.137496
74241_0048_00001;1;;Place de l’Église;74490;74241;Saint-Jeoire;;;6.459177;46.138376
74241_0181_00408;408;;Rue des Tovets;74490;74241;Saint-Jeoire;;;6.468972;46.148776
74241_0143_00057;57;;Ancien Chemin de Saint-Jeoire;74490;74241;Saint-Jeoire;;;6.473286;46.165417
74241_0160_00102;102;;Place Germain Sommeiller;74490;74241;Saint-Jeoire;;;6.459072;46.138951
74241_0127_00026;26;;Impasse des Prés Verts;74490;74241;Saint-Jeoire;;;6.464485;46.145707
74241_0033_00191;191;;Avenue des Colombières;74490;74241;Saint-Jeoire;;;6.458117;46.136934
74241_0032_00979;979;;Route de Chounaz;74490;74241;Saint-Jeoire;;;6.476037;46.14299
74241_0131_00173;173;;Chemin de la Ravoire;74490;74241;Saint-Jeoire;;;6.461738;46.138912
74241_0124_00817;817;;Route de Pouilly;74490;74241;Saint-Jeoire;;;6.465015;46.144475
74241_0033_00131;131;;Avenue des Colombières;74490;74241;Saint-Jeoire;;;6.458389;46.136912
74241_0048_00049;49;;Place de l’Église;74490;74241;Saint-Jeoire;;;6.459557;46.138749
74241_0121_00014;14;;Chemin du Pont du Cruz;74490;74241;Saint-Jeoire;;;6.469362;46.148904
74241_0048_00039;39;;Place de l’Église;74490;74241;Saint-Jeoire;;;6.459177;46.138782
74241_0089_00018;18;;Rue du 28 Janvier 1944;74490;74241;Saint-Jeoire;;;6.465939;46.145655
74241_0058_00308;308;;Rue du Faucigny;74490;74241;Saint-Jeoire;;;6.460514;46.137617
74241_0100_00090;90;;Route de Millière;74490;74241;Saint-Jeoire;;;6.459083;46.133116
74241_0028_00590;590;;Route de Charny;74490;74241;Saint-Jeoire;;;6.470283;46.140064
74241_0045_00041;41;;Rue des Écoles;74490;74241;Saint-Jeoire;;;6.463329;46.13613
74241_0058_00053;53;;Rue du Faucigny;74490;74241;Saint-Jeoire;;;6.457399;46.138489
74241_0058_00177;177;;Rue du Faucigny;74490;74241;Saint-Jeoire;;;6.458983;46.138143
74241_0124_00789;789;;Route de Pouilly;74490;74241;Saint-Jeoire;;;6.46495;46.144426
74241_0028_01324;1324;;Route de Charny;74490;74241;Saint-Jeoire;;;6.467414;46.146118
74241_0116_00014;14;;Montée de Perreuse;74490;74241;Saint-Jeoire;;;6.459347;46.139202
74241_0186_00960;960;;Route de la Vallée du Giffre;74490;74241;Saint-Jeoire;;;6.461153;46.134217
74241_a020_00026;26;;Résidence le Turchon;74490;74241;Saint-Jeoire;;;6.462417;46.142088
74241_0002_00051;51;;Rue de l’Ancienne Gare;74490;74241;Saint-Jeoire;;;6.452577;46.136253
74241_0121_00001;1;;Chemin du Pont du Cruz;74490;74241;Saint-Jeoire;;;6.4692;46.148884
74241_0058_00065;65;;Rue du Faucigny;74490;74241;Saint-Jeoire;;;6.457523;46.138468
74241_0109_00064;64;;Route des Moulins;74490;74241;Saint-Jeoire;;;6.463197;46.135628
74241_0032_01120;1120;;Route de Chounaz;74490;74241;Saint-Jeoire;;;6.476912;46.141668
74241_0178_00397;397;;Avenue de la Tour de Fer;74490;74241;Saint-Jeoire;;;6.45223;46.137141
74241_0036_02227;2227;;Route de Cormand;74490;74241;Saint-Jeoire;;;6.485082;46.123502
74241_0147_00065;65;;Rue François Melchior de Saint-Jeoir;74490;74241;Saint-Jeoire;;;6.459759;46.137449
74241_0036_02476;2476;;Route de Cormand;74490;74241;Saint-Jeoire;;;6.486976;46.121962
74241_a013_00121;121;;Résidence Mont Blanc;74490;74241;Saint-Jeoire;;;6.471928;46.164497
74241_0002_00042;42;;Rue de l’Ancienne Gare;74490;74241;Saint-Jeoire;;;6.453182;46.136184
74241_0100_00078;78;;Route de Millière;74490;74241;Saint-Jeoire;;;6.459116;46.133161
74241_0181_00282;282;;Rue des Tovets;74490;74241;Saint-Jeoire;;;6.468098;46.147782
74241_0036_01341;1341;;Route de Cormand;74490;74241;Saint-Jeoire;;;6.477029;46.129379
74241_0181_00226;226;;Rue des Tovets;74490;74241;Saint-Jeoire;;;6.467906;46.147323
74241_0033_00113;113;;Avenue des Colombières;74490;74241;Saint-Jeoire;;;6.458573;46.136894
74241_0037_00200;200;;Chemin le Coteau;74490;74241;Saint-Jeoire;;;6.469638;46.13643
74241_a021_00056;56;;Lotissement le Château Vieux;74490;74241;Saint-Jeoire;;;6.471497;46.137904
74241_0039_00005;5;;Impasse de la Courtoise;74490;74241;Saint-Jeoire;;;6.46706;46.147058
74241_0124_00167;167;;Route de Pouilly;74490;74241;Saint-Jeoire;;;6.460148;46.13988
74241_0181_00071;71;;Rue des Tovets;74490;74241;Saint-Jeoire;;;6.466993;46.146081
74241_0028_00182;182;;Route de Charny;74490;74241;Saint-Jeoire;;;6.468712;46.136845
74241_0091_00195;195;;Montée des Jourdillets;74490;74241;Saint-Jeoire;;;6.475168;46.16591
74241_0002_00043;43;;Rue de l’Ancienne Gare;74490;74241;Saint-Jeoire;;;6.452885;46.136209
74241_0181_00212;212;;Rue des Tovets;74490;74241;Saint-Jeoire;;;6.467809;46.147193
74241_0058_00044;44;;Rue du Faucigny;74490;74241;Saint-Jeoire;;;6.457221;46.138373
74241_0143_00026;26;;Ancien Chemin de Saint-Jeoire;74490;74241;Saint-Jeoire;;;6.472947;46.165524
74241_0121_00103;103;;Chemin du Pont du Cruz;74490;74241;Saint-Jeoire;;;6.470192;46.149553
74241_a010_00104;104;;Lotissement le Château;74490;74241;Saint-Jeoire;;;6.46089;46.141688
74241_0023_00390_a;390;a;Route de sur Chable;74490;74241;Saint-Jeoire;;;6.470416;46.165481
74241_0027_00706;706;;Route de Chaîne d’Or;74490;74241;Saint-Jeoire;;;6.452305;46.176049
74241_0035_00080;80;;Impasse de la Corbaz;74490;74241;Saint-Jeoire;;;6.486975;46.129364
74241_0027_00692;692;;Route de Chaîne d’Or;74490;74241;Saint-Jeoire;;;6.45188;46.175992
74241_0058_00298;298;;Rue du Faucigny;74490;74241;Saint-Jeoire;;;6.46033;46.137698
74241_0023_00012;12;;Route de sur Chable;74490;74241;Saint-Jeoire;;;6.473043;46.165933
74241_0097_00214;214;;Impasse des Maisons Neuves;74490;74241;Saint-Jeoire;;;6.487323;46.129146
74241_0181_00117;117;;Rue des Tovets;74490;74241;Saint-Jeoire;;;6.467269;46.146464
74241_a010_00164;164;;Lotissement le Château;74490;74241;Saint-Jeoire;;;6.460143;46.141451
74241_0099_00317;317;;Route de Marignier;74490;74241;Saint-Jeoire;;;6.480101;46.133887
74241_0027_00213;213;;Route de Chaîne d’Or;74490;74241;Saint-Jeoire;;;6.449971;46.176658
74241_0089_00134;134;;Rue du 28 Janvier 1944;74490;74241;Saint-Jeoire;;;6.464593;46.145982
74241_0025_00070;70;;Promenade du Chaffard;74490;74241;Saint-Jeoire;;;6.452497;46.138337
74241_0131_00271;271;;Chemin de la Ravoire;74490;74241;Saint-Jeoire;;;6.462737;46.139711
74241_0145_00018;18;;Rue Allamand de Saint-Jeoire;74490;74241;Saint-Jeoire;;;6.458255;46.138426
74241_0184_00600;600;;Route de l’Usine;74490;74241;Saint-Jeoire;;;6.492684;46.124891
74241_0147_00102;102;;Rue François Melchior de Saint-Jeoir;74490;74241;Saint-Jeoire;;;6.459723;46.137075
74241_0024_00297;297;;Impasse du Chaffard;74490;74241;Saint-Jeoire;;;6.446466;46.137081
74241_0124_01391;1391;;Route de Pouilly;74490;74241;Saint-Jeoire;;;6.467894;46.149105
74241_0036_02141;2141;;Route de Cormand;74490;74241;Saint-Jeoire;;;6.484343;46.123979
74241_0172_00049;49;;Avenue de Tremercier;74490;74241;Saint-Jeoire;;;6.461306;46.137608
74241_0178_00630;630;;Avenue de la Tour de Fer;74490;74241;Saint-Jeoire;;;6.449218;46.136496
74241_0036_02103;2103;;Route de Cormand;74490;74241;Saint-Jeoire;;;6.483962;46.124441
74241_0186_02272;2272;;Route de la Vallée du Giffre;74490;74241;Saint-Jeoire;;;6.477944;46.13586
74241_0054_00136;136;;Rue de la Faitaman;74490;74241;Saint-Jeoire;;;6.460768;46.136025
74241_0152_00072;72;;Rue de Savoie;74490;74241;Saint-Jeoire;;;6.45416;46.13836
74241_a009_00115;115;;Lotissement les Bois de Risse;74490;74241;Saint-Jeoire;;;6.471946;46.138818
74241_0028_00570;570;;Route de Charny;74490;74241;Saint-Jeoire;;;6.470264;46.139932
74241_a010_00180;180;;Lotissement le Château;74490;74241;Saint-Jeoire;;;6.460182;46.141332
74241_0091_00178;178;;Montée des Jourdillets;74490;74241;Saint-Jeoire;;;6.475424;46.165976
74241_0140_00005;5;;La Vieille Route;74490;74241;Saint-Jeoire;;;6.460669;46.137604
74241_0036_01539;1539;;Route de Cormand;74490;74241;Saint-Jeoire;;;6.478883;46.127792
74241_0028_00170;170;;Route de Charny;74490;74241;Saint-Jeoire;;;6.468705;46.13702
74241_a010_00271;271;;Lotissement le Château;74490;74241;Saint-Jeoire;;;6.459263;46.140683
74241_0181_00343;343;;Rue des Tovets;74490;74241;Saint-Jeoire;;;6.468418;46.148325
74241_0124_00731;731;;Route de Pouilly;74490;74241;Saint-Jeoire;;;6.464347;46.143835
74241_0075_00147;147;;Allée de la Géode;74490;74241;Saint-Jeoire;;;6.467314;46.133659
74241_0017_00017;17;;Chemin du Bois Layât;74490;74241;Saint-Jeoire;;;6.449377;46.136327
74241_0045_00022;22;;Rue des Écoles;74490;74241;Saint-Jeoire;;;6.463498;46.135994
74241_0123_00056;56;;Route des Poses;74490;74241;Saint-Jeoire;;;6.465343;46.169122
74241_0064_00136;136;;Chemin de la Fin;74490;74241;Saint-Jeoire;;;6.453928;46.136646
74241_0036_02191;2191;;Route de Cormand;74490;74241;Saint-Jeoire;;;6.484582;46.123778
74241_0172_00141;141;;Avenue de Tremercier;74490;74241;Saint-Jeoire;;;6.462519;46.137407
74241_0024_00381;381;;Impasse du Chaffard;74490;74241;Saint-Jeoire;;;6.448057;46.137458
74241_0080_00180;180;;Rue d’Hisson;74490;74241;Saint-Jeoire;;;6.459195;46.135593
74241_0032_00822;822;;Route de Chounaz;74490;74241;Saint-Jeoire;;;6.476054;46.141476
74241_0145_00077;77;;Rue Allamand de Saint-Jeoire;74490;74241;Saint-Jeoire;;;6.457732;46.13913
74241_0036_01649;1649;;Route de Cormand;74490;74241;Saint-Jeoire;;;6.479659;46.127198
74241_0181_00412;412;;Rue des Tovets;74490;74241;Saint-Jeoire;;;6.468923;46.148737
74241_0169_00649;649;;Route du Télésiège;74490;74241;Saint-Jeoire;;;6.463977;46.168844
74241_0013_00186;186;;Chemin de Bellensol;74490;74241;Saint-Jeoire;;;6.460664;46.138916
74241_0116_00016;16;;Montée de Perreuse;74490;74241;Saint-Jeoire;;;6.459346;46.139227
74241_0058_00235;235;;Rue du Faucigny;74490;74241;Saint-Jeoire;;;6.459656;46.138089
74241_0100_00040;40;;Route de Millière;74490;74241;Saint-Jeoire;;;6.459298;46.133311
74241_a010_00293;293;;Lotissement le Château;74490;74241;Saint-Jeoire;;;6.459202;46.140722
74241_a010_00263;263;;Lotissement le Château;74490;74241;Saint-Jeoire;;;6.45958;46.140626
74241_0102_00069;69;;Route du Mole;74490;74241;Saint-Jeoire;;;6.459237;46.133879
74241_0064_00152;152;;Chemin de la Fin;74490;74241;Saint-Jeoire;;;6.45346;46.136667
74241_0181_00264;264;;Rue des Tovets;74490;74241;Saint-Jeoire;;;6.46802;46.147637
74241_a015_00047;47;;Lotissement de Pouilly;74490;74241;Saint-Jeoire;;;6.470098;46.148656
74241_0147_00002;2;;Rue François Melchior de Saint-Jeoir;74490;74241;Saint-Jeoire;;;6.459623;46.137993
74241_0099_00607;607;;Route de Marignier;74490;74241;Saint-Jeoire;;;6.482424;46.131951
74241_0013_00179;179;;Chemin de Bellensol;74490;74241;Saint-Jeoire;;;6.460762;46.138885
74241_0032_00242;242;;Route de Chounaz;74490;74241;Saint-Jeoire;;;6.479413;46.137028
74241_0123_00355;355;;Route des Poses;74490;74241;Saint-Jeoire;;;6.465264;46.169844
74241_0016_00218;218;;Route de la Bevière;74490;74241;Saint-Jeoire;;;6.470717;46.146438
74241_0048_00023;23;;Place de l’Église;74490;74241;Saint-Jeoire;;;6.459113;46.138588
74241_0045_00164;164;;Rue des Écoles;74490;74241;Saint-Jeoire;;;6.462672;46.136638
74241_0042_00032;32;;Rue Jean-Jacques Dussaix;74490;74241;Saint-Jeoire;;;6.46266;46.136465
74241_0111_00125;125;;Montée de la Mule;74490;74241;Saint-Jeoire;;;6.468815;46.167724
74241_0075_00179;179;;Allée de la Géode;74490;74241;Saint-Jeoire;;;6.466895;46.133638
74241_0109_00011;11;;Route des Moulins;74490;74241;Saint-Jeoire;;;6.462708;46.136121
74241_0032_01123;1123;;Route de Chounaz;74490;74241;Saint-Jeoire;;;6.477345;46.142095
74241_0036_01301;1301;;Route de Cormand;74490;74241;Saint-Jeoire;;;6.476873;46.129497
74241_0099_00630;630;;Route de Marignier;74490;74241;Saint-Jeoire;;;6.48242;46.131833
74241_0099_00750;750;;Route de Marignier;74490;74241;Saint-Jeoire;;;6.48373;46.130977
74241_0073_00131;131;;Impasse des Gelinottes;74490;74241;Saint-Jeoire;;;6.466622;46.148418
74241_0150_00014;14;;Rue de la Sapinière;74490;74241;Saint-Jeoire;;;6.46926;46.137473
74241_a021_00052;52;;Lotissement le Château Vieux;74490;74241;Saint-Jeoire;;;6.471318;46.137853
74241_0099_00455;455;;Route de Marignier;74490;74241;Saint-Jeoire;;;6.481014;46.133082
74241_0036_01357;1357;;Route de Cormand;74490;74241;Saint-Jeoire;;;6.477331;46.129108
74241_0124_00879_a;879;a;Route de Pouilly;74490;74241;Saint-Jeoire;;;6.465535;46.144886
74241_0058_00033;33;;Rue du Faucigny;74490;74241;Saint-Jeoire;;;6.457168;46.138546
74241_0114_00337;337;;Rue de Narvik;74490;74241;Saint-Jeoire;;;6.463102;46.14559
74241_0030_00441;441;;Chemin du Château de Copponaz;74490;74241;Saint-Jeoire;;;6.468326;46.131428
74241_0099_00697;697;;Route de Marignier;74490;74241;Saint-Jeoire;;;6.483311;46.131373
74241_0015_00086;86;;Chemin des Beulets;74490;74241;Saint-Jeoire;;;6.489016;46.119551
74241_a010_00130;130;;Lotissement le Château;74490;74241;Saint-Jeoire;;;6.46038;46.14179
74241_0007_00227;227;;Impasse Barteudet;74490;74241;Saint-Jeoire;;;6.45535;46.135907
74241_0032_00192;192;;Route de Chounaz;74490;74241;Saint-Jeoire;;;6.479412;46.136924
74241_0172_00631;631;;Avenue de Tremercier;74490;74241;Saint-Jeoire;;;6.468331;46.135821
74241_0003_00360;360;;Route d’Anthon;74490;74241;Saint-Jeoire;;;6.49322;46.126094
74241_mptnl9_00018;18;;Lotissement Le Hameau de La Scierie;74490;74241;Saint-Jeoire;;;6.451163;46.136803
74241_0127_00020;20;;Impasse des Prés Verts;74490;74241;Saint-Jeoire;;;6.464371;46.145787
74241_0028_01249;1249;;Route de Charny;74490;74241;Saint-Jeoire;;;6.467647;46.145458
74241_0114_00194;194;;Rue de Narvik;74490;74241;Saint-Jeoire;;;6.464389;46.146142
74241_0036_02198;2198;;Route de Cormand;74490;74241;Saint-Jeoire;;;6.48466;46.123658
74241_a009_00108;108;;Lotissement les Bois de Risse;74490;74241;Saint-Jeoire;;;6.472318;46.13876
74241_a021_00051;51;;Lotissement le Château Vieux;74490;74241;Saint-Jeoire;;;6.471231;46.138887
74241_0080_00260;260;;Rue d’Hisson;74490;74241;Saint-Jeoire;;;6.460024;46.135789
74241_0028_00239;239;;Route de Charny;74490;74241;Saint-Jeoire;;;6.469264;46.137639
74241_0058_00256;256;;Rue du Faucigny;74490;74241;Saint-Jeoire;;;6.459839;46.137906
74241_a009_00014;14;;Lotissement les Bois de Risse;74490;74241;Saint-Jeoire;;;6.471873;46.138248
74241_0028_00331;331;;Route de Charny;74490;74241;Saint-Jeoire;;;6.470248;46.137974
74241_0002_00060;60;;Rue de l’Ancienne Gare;74490;74241;Saint-Jeoire;;;6.452819;46.136299
74241_0099_00753;753;;Route de Marignier;74490;74241;Saint-Jeoire;;;6.483976;46.131013
74241_0099_00770;770;;Route de Marignier;74490;74241;Saint-Jeoire;;;6.483929;46.130856
74241_0023_00407;407;;Route de sur Chable;74490;74241;Saint-Jeoire;;;6.470136;46.165653
74241_0036_01488;1488;;Route de Cormand;74490;74241;Saint-Jeoire;;;6.478265;46.128181
74241_0099_00373;373;;Route de Marignier;74490;74241;Saint-Jeoire;;;6.480464;46.133556
74241_0028_00155;155;;Route de Charny;74490;74241;Saint-Jeoire;;;6.468477;46.137377
74241_0004_00147;147;;Route d’Aveyran;74490;74241;Saint-Jeoire;;;6.469763;46.166887
74241_0002_00009;9;;Rue de l’Ancienne Gare;74490;74241;Saint-Jeoire;;;6.453591;46.135931
74241_a009_00135;135;;Lotissement les Bois de Risse;74490;74241;Saint-Jeoire;;;6.47231;46.139019
74241_0037_00037;37;;Chemin le Coteau;74490;74241;Saint-Jeoire;;;6.470604;46.137582
74241_a010_00161;161;;Lotissement le Château;74490;74241;Saint-Jeoire;;;6.460212;46.141387
74241_a017_00045;45;;Lotissement des Roches;74490;74241;Saint-Jeoire;;;6.456345;46.13671
74241_a012_00176;176;;Lotissement le Hameau du Mont Blanc;74490;74241;Saint-Jeoire;;;6.469562;46.147106
74241_a009_00075;75;;Lotissement les Bois de Risse;74490;74241;Saint-Jeoire;;;6.472144;46.138418
74241_0172_00659;659;;Avenue de Tremercier;74490;74241;Saint-Jeoire;;;6.468554;46.136028
74241_0007_00026;26;;Impasse Barteudet;74490;74241;Saint-Jeoire;;;6.457065;46.136797
74241_0178_00175;175;;Avenue de la Tour de Fer;74490;74241;Saint-Jeoire;;;6.454705;46.138171
74241_0143_00131;131;;Ancien Chemin de Saint-Jeoire;74490;74241;Saint-Jeoire;;;6.473449;46.164663
74241_0004_00120;120;;Route d’Aveyran;74490;74241;Saint-Jeoire;;;6.470159;46.166404
74241_0007_00090;90;;Impasse Barteudet;74490;74241;Saint-Jeoire;;;6.456969;46.136234
74241_0105_00058;58;;Avenue Gaspard Monge;74490;74241;Saint-Jeoire;;;6.4608;46.136711
74241_0091_00181;181;;Montée des Jourdillets;74490;74241;Saint-Jeoire;;;6.47473;46.1655
74241_0058_00121;121;;Rue du Faucigny;74490;74241;Saint-Jeoire;;;6.458241;46.138277
74241_0114_00120;120;;Rue de Narvik;74490;74241;Saint-Jeoire;;;6.46548;46.146327
74241_0080_00197;197;;Rue d’Hisson;74490;74241;Saint-Jeoire;;;6.459302;46.135672
74241_a009_00036;36;;Lotissement les Bois de Risse;74490;74241;Saint-Jeoire;;;6.472213;46.138297
74241_0178_00563;563;;Avenue de la Tour de Fer;74490;74241;Saint-Jeoire;;;6.450186;46.136704
74241_0127_00061;61;;Impasse des Prés Verts;74490;74241;Saint-Jeoire;;;6.464202;46.145435
74241_a010_00082;82;;Lotissement le Château;74490;74241;Saint-Jeoire;;;6.460957;46.141655
74241_0184_00483;483;;Route de l’Usine;74490;74241;Saint-Jeoire;;;6.491749;46.126022
74241_a014_00086;86;;Résidence Perreuse;74490;74241;Saint-Jeoire;;;6.4606;46.14062
74241_0114_00146;146;;Rue de Narvik;74490;74241;Saint-Jeoire;;;6.46531;46.146302
74241_0131_00268;268;;Chemin de la Ravoire;74490;74241;Saint-Jeoire;;;6.468094;46.143137
74241_0058_00011;11;;Rue du Faucigny;74490;74241;Saint-Jeoire;;;6.456983;46.138723
74241_0140_00146;146;;La Vieille Route;74490;74241;Saint-Jeoire;;;6.462191;46.136858
74241_0155_00193;193;;Route de la Serra;74490;74241;Saint-Jeoire;;;6.479462;46.135465
74241_a018_00073;73;;Lotissement les Terrasses du Mole;74490;74241;Saint-Jeoire;;;6.481032;46.126081
74241_0003_00346;346;;Route d’Anthon;74490;74241;Saint-Jeoire;;;6.493239;46.126279
74241_0007_00170;170;;Impasse Barteudet;74490;74241;Saint-Jeoire;;;6.456393;46.135897
74241_0016_00191;191;;Route de la Bevière;74490;74241;Saint-Jeoire;;;6.470349;46.14627
74241_0028_00610;610;;Route de Charny;74490;74241;Saint-Jeoire;;;6.470691;46.140355
74241_0111_00133;133;;Montée de la Mule;74490;74241;Saint-Jeoire;;;6.468655;46.167835
74241_0058_00003;3;;Rue du Faucigny;74490;74241;Saint-Jeoire;;;6.45678;46.1386
74241_0124_00744;744;;Route de Pouilly;74490;74241;Saint-Jeoire;;;6.464769;46.143836
74241_0037_00018;18;;Chemin le Coteau;74490;74241;Saint-Jeoire;;;6.470431;46.137649
74241_a009_00215;215;;Lotissement les Bois de Risse;74490;74241;Saint-Jeoire;;;6.472457;46.139584
74241_0105_00174;174;;Avenue Gaspard Monge;74490;74241;Saint-Jeoire;;;6.462243;46.136596
74241_0101_00015;15;;Chemin de la Minoterie;74490;74241;Saint-Jeoire;;;6.468724;46.148874
74241_0016_00295;295;;Route de la Bevière;74490;74241;Saint-Jeoire;;;6.470882;46.146985
74241_0058_00318;318;;Rue du Faucigny;74490;74241;Saint-Jeoire;;;6.460577;46.137586
74241_0098_00021;21;;Place du Marche;74490;74241;Saint-Jeoire;;;6.459259;46.138296
74241_0127_00062;62;;Impasse des Prés Verts;74490;74241;Saint-Jeoire;;;6.464138;46.145464
74241_0016_00469;469;;Route de la Bevière;74490;74241;Saint-Jeoire;;;6.469618;46.148398
74241_0131_00150;150;;Chemin de la Ravoire;74490;74241;Saint-Jeoire;;;6.46836;46.143802
74241_0114_00240;240;;Rue de Narvik;74490;74241;Saint-Jeoire;;;6.463957;46.146044
74241_0124_01054;1054;;Route de Pouilly;74490;74241;Saint-Jeoire;;;6.46669;46.146184
74241_0160_00015;15;;Place Germain Sommeiller;74490;74241;Saint-Jeoire;;;6.458114;46.139359
74241_0099_00619;619;;Route de Marignier;74490;74241;Saint-Jeoire;;;6.482543;46.131903
74241_0023_00351;351;;Route de sur Chable;74490;74241;Saint-Jeoire;;;6.470218;46.165308
74241_0036_01179;1179;;Route de Cormand;74490;74241;Saint-Jeoire;;;6.476005;46.130407
74241_0106_00060;60;;Rue Gaspard Monge;74490;74241;Saint-Jeoire;;;6.465002;46.135931
74241_mptnl9_00012;12;;Lotissement Le Hameau de La Scierie;74490;74241;Saint-Jeoire;;;6.450972;46.136255
74241_0032_00108;108;;Route de Chounaz;74490;74241;Saint-Jeoire;;;6.47961;46.135965
74241_0028_00011;11;;Route de Charny;74490;74241;Saint-Jeoire;;;6.466507;46.136796
74241_0111_00083;83;;Montée de la Mule;74490;74241;Saint-Jeoire;;;6.468587;46.167398
74241_0102_00079;79;;Route du Mole;74490;74241;Saint-Jeoire;;;6.459138;46.13374
74241_0016_00383;383;;Route de la Bevière;74490;74241;Saint-Jeoire;;;6.47;46.147857
74241_0032_00745;745;;Route de Chounaz;74490;74241;Saint-Jeoire;;;6.476369;46.140933
74241_0064_00182;182;;Chemin de la Fin;74490;74241;Saint-Jeoire;;;6.453795;46.136336
74241_a015_00036;36;;Lotissement de Pouilly;74490;74241;Saint-Jeoire;;;6.470106;46.148527
74241_a009_00208;208;;Lotissement les Bois de Risse;74490;74241;Saint-Jeoire;;;6.472558;46.139672
74241_0080_00156;156;;Rue d’Hisson;74490;74241;Saint-Jeoire;;;6.458817;46.135649
74241_0124_00741;741;;Route de Pouilly;74490;74241;Saint-Jeoire;;;6.464387;46.143918
