id;numero;rep;nom_voie;code_postal;code_insee;nom_commune;nom_ancienne_commune;nom_ld;lon;lat
14699_b085_00004;4;;Domaine Les Manoirs du Haut Bois;14800;14699;Touques;;;0.101801;49.35362
14699_0228_00035;35;;Rue du Fourchi;14800;14699;Touques;;;0.107336;49.348742
14699_0280_00017;17;;Rue des Glaieuls;14800;14699;Touques;;;0.099057;49.353025
14699_0720_00001;1;;Rue de Verdun;14800;14699;Touques;;;0.102063;49.345769
14699_0225_00017;17;;Rue de la Fosse Fournie;14800;14699;Touques;;;0.110123;49.350717
14699_0307_00007;7;;Rue des Héros de la Résistance;14800;14699;Touques;;;0.101712;49.350867
14699_0420_00036;36;;Rue Louvel et Brière;14800;14699;Touques;;;0.102669;49.342505
14699_b231_00978;978;;Chemin de Dauboeuf;14800;14699;Touques;;;0.125346;49.357121
14699_0280_00016;16;;Rue des Glaieuls;14800;14699;Touques;;;0.099272;49.353277
14699_n29xzd_00029;29;;Domaine Royal Panoramique;14800;14699;Touques;;;0.104774;49.347768
14699_0077_00027;27;;Allée des Chênes;14800;14699;Touques;;;0.112136;49.360959
14699_b231_02354;2354;;Chemin de Dauboeuf;14800;14699;Touques;;;0.12139;49.358442
14699_0590_00008;8;;Rue du Pré de la Hache;14800;14699;Touques;;;0.10792;49.34785
14699_0300_00005;5;;Chemin Hamon;14800;14699;Touques;;;0.095675;49.353598
14699_n29xzd_00014;14;;Domaine Royal Panoramique;14800;14699;Touques;;;0.10631;49.34808
14699_0130_00003;3;;Rue Émile Dupont;14800;14699;Touques;;;0.111025;49.34778
14699_s4nivs_00013;13;;Domaine Les Yearlings;14800;14699;Touques;;;0.095959;49.354473
14699_0250_00005;5;;Rue Georges Roger;14800;14699;Touques;;;0.103291;49.344431
14699_s4nivs_00020;20;;Domaine Les Yearlings;14800;14699;Touques;;;0.096437;49.353154
14699_0615_00002;2;;Avenue de Rollon;14800;14699;Touques;;;0.107486;49.349719
14699_0180_00014;14;;Rue des Églantiers;14800;14699;Touques;;;0.094625;49.35523
14699_0545_00133;133;;Allée des Ormes;14800;14699;Touques;;;0.114639;49.360241
14699_0180_00016;16;;Rue des Églantiers;14800;14699;Touques;;;0.094711;49.355227
14699_0310_00010;10;;Rue des Hirondelles;14800;14699;Touques;;;0.097066;49.357943
14699_b036_00033;33;;Chemin du Haut Bois;14800;14699;Touques;;;0.103967;49.353773
14699_dda1e6_00002;2;;Rue Lecordeur;14800;14699;Touques;;;0.099642;49.347366
14699_0080_00006;6;;Rue des Chèvrefeuilles;14800;14699;Touques;;;0.094732;49.35546
14699_0345_00001;1;;Rue des Iris;14800;14699;Touques;;;0.103474;49.35317
14699_0590_00007;7;;Rue du Pré de la Hache;14800;14699;Touques;;;0.108011;49.347924
14699_0225_00027;27;;Rue de la Fosse Fournie;14800;14699;Touques;;;0.110984;49.35129
14699_b037_00025;25;;Chemin du Marais;14800;14699;Touques;;;0.092735;49.35304
14699_0352_00011;11;;Rue Jean-Philippe Rameau;14800;14699;Touques;;;0.101623;49.348389
14699_vseng4_00004;4;;Chemin des Novets;14800;14699;Touques;;;0.100977;49.34723
14699_0670_00002;2;;Rue des Tonneliers;14800;14699;Touques;;;0.094846;49.348066
14699_0120_00006;6;;Rue du Docteur Lainé;14800;14699;Touques;;;0.09493;49.353071
14699_0420_00076;76;;Rue Louvel et Brière;14800;14699;Touques;;;0.101878;49.343922
14699_0070_00016;16;;Avenue Charles de Gaulle;14800;14699;Touques;;;0.106683;49.349769
14699_0200_00002;2;;Chemin de l'Épinay;14800;14699;Touques;;;0.095018;49.354991
14699_0070_00014;14;;Avenue Charles de Gaulle;14800;14699;Touques;;;0.106313;49.349598
14699_0620_00028;28;;Rue Schaeffer;14800;14699;Touques;;;0.10385;49.344992
14699_0320_00034;34;;Route de Honfleur;14800;14699;Touques;;;0.127622;49.371814
14699_0345_00028;28;;Rue des Iris;14800;14699;Touques;;;0.104886;49.35108
14699_0320_00004;4;;Route de Honfleur;14800;14699;Touques;;;0.108221;49.346749
14699_z8agqj_00013;13;;Impasse des Hauts de l'Épinay;14800;14699;Touques;;;0.097897;49.358521
14699_0352_00004;4;;Rue Jean-Philippe Rameau;14800;14699;Touques;;;0.101905;49.348285
14699_0080_00013;13;;Rue des Chèvrefeuilles;14800;14699;Touques;;;0.093906;49.356008
14699_0620_00022;22;;Rue Schaeffer;14800;14699;Touques;;;0.104122;49.34491
14699_0306_00025;25;;Rue des Hauts Prés;14800;14699;Touques;;;0.10196;49.351494
14699_0320_00005;5;;Route de Honfleur;14800;14699;Touques;;;0.102713;49.344898
14699_0540_00002;2;;Rue des Oeillets;14800;14699;Touques;;;0.099576;49.351738
14699_0423_00001;1;;Rue des Lupins;14800;14699;Touques;;;0.104378;49.350334
14699_0228_00007;7;;Rue du Fourchi;14800;14699;Touques;;;0.108509;49.348847
14699_0306_00027;27;;Rue des Hauts Prés;14800;14699;Touques;;;0.101874;49.351461
14699_0420_00063_bis;63;bis;Rue Louvel et Brière;14800;14699;Touques;;;0.102198;49.343073
14699_b036_00060;60;;Chemin du Haut Bois;14800;14699;Touques;;;0.116506;49.363284
14699_s4nivs_00019;19;;Domaine Les Yearlings;14800;14699;Touques;;;0.096355;49.353066
14699_yrql0c_00001;1;;Chemin du Marais de l'Évêque;14800;14699;Touques;;;0.093456;49.341754
14699_0345_00013;13;;Rue des Iris;14800;14699;Touques;;;0.105517;49.352332
14699_nlfrdd_00007;7;;Chemin du Roy;14800;14699;Touques;;;0.096097;49.347908
14699_0345_00020;20;;Rue des Iris;14800;14699;Touques;;;0.105393;49.352088
14699_0350_00013;13;;Rue des Jacinthes;14800;14699;Touques;;;0.104164;49.351869
14699_893lnl_00042;42;;Rue Aristide Briand;14800;14699;Touques;;;0.099304;49.348253
14699_893lnl_00031;31;;Rue Aristide Briand;14800;14699;Touques;;;0.101154;49.345941
14699_893lnl_00043;43;;Rue Aristide Briand;14800;14699;Touques;;;0.100203;49.346983
14699_0560_00001;1;;Rue de la Poste;14800;14699;Touques;;;0.102044;49.343989
14699_b036_00031;31;;Chemin du Haut Bois;14800;14699;Touques;;;0.10369;49.353642
14699_0250_00001;1;;Rue Georges Roger;14800;14699;Touques;;;0.103659;49.344537
14699_893lnl_00046_bis;46;bis;Rue Aristide Briand;14800;14699;Touques;;;0.098969;49.348627
14699_0353_00001;1;;Rue des Jonquilles;14800;14699;Touques;;;0.103319;49.350983
14699_0560_00003;3;;Rue de la Poste;14800;14699;Touques;;;0.102203;49.343988
14699_0080_00005;5;;Rue des Chèvrefeuilles;14800;14699;Touques;;;0.094329;49.355647
14699_0420_00058;58;;Rue Louvel et Brière;14800;14699;Touques;;;0.102078;49.343453
14699_0308_00006;6;;Rue des Hauts de l'Épinay;14800;14699;Touques;;;0.096965;49.358528
14699_0070_00001;1;;Avenue Charles de Gaulle;14800;14699;Touques;;;0.101735;49.347104
14699_c8akjk_00001;1;;Rue le Clos des Novets;14800;14699;Touques;;;0.107967;49.350229
14699_0228_00004;4;;Rue du Fourchi;14800;14699;Touques;;;0.10882;49.348532
14699_0320_00014;14;;Route de Honfleur;14800;14699;Touques;;;0.121027;49.357639
14699_0005_00007;7;;Rue Alcuin;14800;14699;Touques;;;0.108535;49.347265
14699_0310_00006;6;;Rue des Hirondelles;14800;14699;Touques;;;0.09653;49.357477
14699_0660_00002;2;;Place Saint-Pierre;14800;14699;Touques;;;0.10303;49.342224
14699_0180_00007;7;;Rue des Églantiers;14800;14699;Touques;;;0.093603;49.355452
14699_0013_00007;7;;Rue du Clos Batteux;14800;14699;Touques;;;0.100472;49.350177
14699_b036_00025;25;;Chemin du Haut Bois;14800;14699;Touques;;;0.102548;49.353093
14699_0400_00002;2;;Place Lemercier;14800;14699;Touques;;;0.101901;49.343295
14699_0005_00008;8;;Rue Alcuin;14800;14699;Touques;;;0.108015;49.347108
14699_0409_00004;4;;Impasse Léo Delibes;14800;14699;Touques;;;0.102621;49.350461
14699_0620_00024;24;;Rue Schaeffer;14800;14699;Touques;;;0.104051;49.34497
14699_0555_00001;1;;Impasse des Pinsons;14800;14699;Touques;;;0.098163;49.357193
14699_0610_00004;4;;Rue des Roses;14800;14699;Touques;;;0.102078;49.351974
14699_0225_00002;2;;Rue de la Fosse Fournie;14800;14699;Touques;;;0.108663;49.34942
14699_wx5v5q_00008;8;;Le Vallon des Ouïes;14800;14699;Touques;;;0.106098;49.345153
14699_0067_00004;4;;Rue des Écureuils;14800;14699;Touques;;;0.098094;49.356341
14699_0640_00001;1;;Rue de Saint-Andreasberg;14800;14699;Touques;;;0.103422;49.340187
14699_893lnl_00007;7;;Rue Aristide Briand;14800;14699;Touques;;;0.102002;49.344891
14699_893lnl_00048;48;;Rue Aristide Briand;14800;14699;Touques;;;0.098733;49.349103
14699_b037_00013;13;;Chemin du Marais;14800;14699;Touques;;;0.093465;49.352467
14699_0067_00003;3;;Rue des Écureuils;14800;14699;Touques;;;0.097944;49.356339
14699_0420_00014;14;;Rue Louvel et Brière;14800;14699;Touques;;;0.103007;49.341794
14699_0063_00003;3;;Rue Camille Saint-Saëns;14800;14699;Touques;;;0.101982;49.350001
14699_0005_00009;9;;Rue Alcuin;14800;14699;Touques;;;0.108562;49.347167
14699_0320_00006;6;;Route de Honfleur;14800;14699;Touques;;;0.110662;49.347105
14699_wx5v5q_00010;10;;Le Vallon des Ouïes;14800;14699;Touques;;;0.105666;49.344938
14699_yrql0c_00002;2;;Chemin du Marais de l'Évêque;14800;14699;Touques;;;0.093311;49.341686
14699_s4nivs_00009;9;;Domaine Les Yearlings;14800;14699;Touques;;;0.096081;49.354109
14699_0480_00009;9;;Rue du Mont Joly;14800;14699;Touques;;;0.093705;49.356116
14699_b037_00005;5;;Chemin du Marais;14800;14699;Touques;;;0.092381;49.350217
14699_zhviou_00027;27;;Domaine des Hauts d'Aguesseau;14800;14699;Touques;;;0.116703;49.366925
14699_b231_02219;2219;;Chemin de Dauboeuf;14800;14699;Touques;;;0.122583;49.359498
14699_893lnl_00026;26;;Rue Aristide Briand;14800;14699;Touques;;;0.100242;49.347204
14699_893lnl_00038;38;;Rue Aristide Briand;14800;14699;Touques;;;0.099639;49.347917
14699_0355_00006;6;;Rue Jules Massenet;14800;14699;Touques;;;0.103819;49.348703
14699_0460_00002;2;;Rue de la Mésange;14800;14699;Touques;;;0.09606;49.352333
14699_b036_00040;40;;Chemin du Haut Bois;14800;14699;Touques;;;0.106196;49.354465
14699_ks5qks_00002;2;;Place des Anciennes Écoles;14800;14699;Touques;;;0.101197;49.342743
14699_b085_00002;2;;Domaine Les Manoirs du Haut Bois;14800;14699;Touques;;;0.102243;49.353946
14699_0130_00004;4;;Rue Émile Dupont;14800;14699;Touques;;;0.110021;49.348298
14699_0610_00023;23;;Rue des Roses;14800;14699;Touques;;;0.107297;49.351074
14699_893lnl_00046;46;;Rue Aristide Briand;14800;14699;Touques;;;0.099111;49.348466
14699_s4nivs_00007;7;;Domaine Les Yearlings;14800;14699;Touques;;;0.096192;49.3535
14699_vseng4_00001_ter;1;ter;Chemin des Novets;14800;14699;Touques;;;0.100198;49.347707
14699_wx5v5q_00005;5;;Le Vallon des Ouïes;14800;14699;Touques;;;0.10603;49.345656
14699_0228_00008;8;;Rue du Fourchi;14800;14699;Touques;;;0.108598;49.348399
14699_b037_00029;29;;Chemin du Marais;14800;14699;Touques;;;0.093157;49.353101
14699_0307_00009;9;;Rue des Héros de la Résistance;14800;14699;Touques;;;0.101556;49.350727
14699_0350_00011;11;;Rue des Jacinthes;14800;14699;Touques;;;0.103856;49.352
14699_b034_00013;13;;Chemin du Calvaire;14800;14699;Touques;;;0.111704;49.349587
14699_0480_00003;3;;Rue du Mont Joly;14800;14699;Touques;;;0.09307;49.355795
14699_0345_00033;33;;Rue des Iris;14800;14699;Touques;;;0.105278;49.351175
14699_0345_00026;26;;Rue des Iris;14800;14699;Touques;;;0.105114;49.351243
14699_0063_00028;28;;Rue Camille Saint-Saëns;14800;14699;Touques;;;0.101632;49.349038
14699_n29xzd_00013;13;;Domaine Royal Panoramique;14800;14699;Touques;;;0.106548;49.348183
14699_0225_00025;25;;Rue de la Fosse Fournie;14800;14699;Touques;;;0.110759;49.351293
14699_0090_00007;7;;Rue de la Cour Miocque;14800;14699;Touques;;;0.099844;49.354062
14699_b034_00002_bis;2;bis;Chemin du Calvaire;14800;14699;Touques;;;0.109881;49.348892
14699_893lnl_00044;44;;Rue Aristide Briand;14800;14699;Touques;;;0.099266;49.34831
14699_0532_00090;90;;Allée des Noyers;14800;14699;Touques;;;0.115071;49.366134
14699_0420_00041_bis;41;bis;Rue Louvel et Brière;14800;14699;Touques;;;0.102237;49.342197
14699_0077_00062;62;;Allée des Chênes;14800;14699;Touques;;;0.112626;49.360407
14699_b036_00029;29;;Chemin du Haut Bois;14800;14699;Touques;;;0.103288;49.353458
14699_0532_00098;98;;Allée des Noyers;14800;14699;Touques;;;0.113722;49.365506
14699_0225_00043;43;;Rue de la Fosse Fournie;14800;14699;Touques;;;0.111555;49.350058
14699_0590_00004;4;;Rue du Pré de la Hache;14800;14699;Touques;;;0.108152;49.348106
14699_0080_00008;8;;Rue des Chèvrefeuilles;14800;14699;Touques;;;0.094638;49.355539
14699_b231_01621;1621;;Chemin de Dauboeuf;14800;14699;Touques;;;0.127121;49.362786
14699_0342_00004;4;;Rue des Hortensias;14800;14699;Touques;;;0.106806;49.351349
14699_0420_00047;47;;Rue Louvel et Brière;14800;14699;Touques;;;0.10245;49.342596
14699_0352_00002;2;;Rue Jean-Philippe Rameau;14800;14699;Touques;;;0.102087;49.348193
14699_b085_00038;38;;Domaine Les Manoirs du Haut Bois;14800;14699;Touques;;;0.10279;49.354724
14699_0350_00012;12;;Rue des Jacinthes;14800;14699;Touques;;;0.103333;49.352151
14699_0320_00001;1;;Route de Honfleur;14800;14699;Touques;;;0.102575;49.344841
14699_0120_00020;20;;Rue du Docteur Lainé;14800;14699;Touques;;;0.094276;49.353794
14699_0260_00009;9;;Rue des Géraniums;14800;14699;Touques;;;0.097356;49.351307
14699_0200_00042;42;;Chemin de l'Épinay;14800;14699;Touques;;;0.099088;49.357235
14699_b033_00005;5;;Chemin de la Coquetière;14800;14699;Touques;;;0.110805;49.346362
14699_0120_00021;21;;Rue du Docteur Lainé;14800;14699;Touques;;;0.093498;49.354345
14699_0310_00017;17;;Rue des Hirondelles;14800;14699;Touques;;;0.097708;49.356887
14699_b036_00002;2;;Chemin du Haut Bois;14800;14699;Touques;;;0.098624;49.350714
14699_b036_00064;64;;Chemin du Haut Bois;14800;14699;Touques;;;0.116664;49.363966
14699_0225_00022;22;;Rue de la Fosse Fournie;14800;14699;Touques;;;0.110325;49.349964
14699_0225_00045;45;;Rue de la Fosse Fournie;14800;14699;Touques;;;0.111282;49.34987
14699_0200_00007;7;;Chemin de l'Épinay;14800;14699;Touques;;;0.09436;49.354927
14699_0067_00030;30;;Rue des Écureuils;14800;14699;Touques;;;0.099076;49.356812
14699_893lnl_00040;40;;Rue Aristide Briand;14800;14699;Touques;;;0.099414;49.348133
14699_b231_00056;56;;Chemin de Dauboeuf;14800;14699;Touques;;;0.119062;49.350529
14699_b232_00007;7;;Chemin de Saint-Pierre;14800;14699;Touques;;;0.112929;49.343741
14699_0555_00007;7;;Impasse des Pinsons;14800;14699;Touques;;;0.097843;49.357593
14699_893lnl_00059;59;;Rue Aristide Briand;14800;14699;Touques;;;0.095352;49.352229
14699_r7jiam_00064;64;;Domaine du Vert Coteau;14800;14699;Touques;;;0.094844;49.356144
14699_r7jiam_00086;86;;Domaine du Vert Coteau;14800;14699;Touques;;;0.095497;49.356111
14699_0425_00007;7;;Rue des Lys;14800;14699;Touques;;;0.104696;49.35294
14699_r7jiam_00012;12;;Domaine du Vert Coteau;14800;14699;Touques;;;0.097059;49.356546
14699_0632_00011_bis;11;bis;Rue de Speyside;14800;14699;Touques;;;0.099552;49.349823
14699_0632_00003;3;;Rue de Speyside;14800;14699;Touques;;;0.098444;49.350218
14699_0480_00002;2;;Rue du Mont Joly;14800;14699;Touques;;;0.093065;49.355614
14699_0120_00027;27;;Rue du Docteur Lainé;14800;14699;Touques;;;0.092752;49.355167
14699_wx5v5q_00021;21;;Le Vallon des Ouïes;14800;14699;Touques;;;0.105376;49.344974
14699_0420_00028;28;;Rue Louvel et Brière;14800;14699;Touques;;;0.102816;49.342091
14699_0532_00097;97;;Allée des Noyers;14800;14699;Touques;;;0.113841;49.36508
14699_1m97pp_00005;5;;Impasse Cité Marie;14800;14699;Touques;;;0.101431;49.345203
14699_893lnl_00005;5;;Rue Aristide Briand;14800;14699;Touques;;;0.102029;49.344859
14699_0063_00019;19;;Rue Camille Saint-Saëns;14800;14699;Touques;;;0.104439;49.348928
14699_n29xzd_00024;24;;Domaine Royal Panoramique;14800;14699;Touques;;;0.104876;49.34786
14699_0063_00010;10;;Rue Camille Saint-Saëns;14800;14699;Touques;;;0.103962;49.348998
14699_0010_00008;8;;Rue des Anciennes Salines;14800;14699;Touques;;;0.098691;49.34302
14699_0610_00001;1;;Rue des Roses;14800;14699;Touques;;;0.102025;49.352195
14699_zhviou_00013;13;;Domaine des Hauts d'Aguesseau;14800;14699;Touques;;;0.116122;49.365962
14699_0355_00001;1;;Rue Jules Massenet;14800;14699;Touques;;;0.103717;49.348357
14699_0120_00003;3;;Rue du Docteur Lainé;14800;14699;Touques;;;0.094756;49.352968
14699_0409_00003;3;;Impasse Léo Delibes;14800;14699;Touques;;;0.10232;49.350545
14699_0320_00031;31;;Route de Honfleur;14800;14699;Touques;;;0.124442;49.366881
14699_0420_00030;30;;Rue Louvel et Brière;14800;14699;Touques;;;0.102805;49.342111
14699_0065_00084;84;;Allée des Cerisiers;14800;14699;Touques;;;0.11366;49.362148
14699_0353_00012;12;;Rue des Jonquilles;14800;14699;Touques;;;0.103839;49.35027
14699_0010_00010;10;;Rue des Anciennes Salines;14800;14699;Touques;;;0.098762;49.342939
14699_c8akjk_00005;5;;Rue le Clos des Novets;14800;14699;Touques;;;0.108575;49.350399
14699_0461_00014;14;;Rue Jean Monnet;14800;14699;Touques;;;0.098167;49.354244
14699_b036_00011;11;;Chemin du Haut Bois;14800;14699;Touques;;;0.101032;49.351989
14699_0080_00007;7;;Rue des Chèvrefeuilles;14800;14699;Touques;;;0.094185;49.355748
14699_zhviou_00019;19;;Domaine des Hauts d'Aguesseau;14800;14699;Touques;;;0.117063;49.368365
14699_vseng4_00003;3;;Chemin des Novets;14800;14699;Touques;;;0.10079;49.34756
14699_0342_00007;7;;Rue des Hortensias;14800;14699;Touques;;;0.106527;49.35129
14699_0480_00006;6;;Rue du Mont Joly;14800;14699;Touques;;;0.093354;49.355806
14699_0620_00018;18;;Rue Schaeffer;14800;14699;Touques;;;0.103996;49.34455
14699_0423_00002;2;;Rue des Lupins;14800;14699;Touques;;;0.104442;49.350231
14699_0420_00053;53;;Rue Louvel et Brière;14800;14699;Touques;;;0.102398;49.342763
14699_r7jiam_00090;90;;Domaine du Vert Coteau;14800;14699;Touques;;;0.095797;49.355941
14699_0610_00007;7;;Rue des Roses;14800;14699;Touques;;;0.103776;49.351305
14699_0090_00025;25;;Rue de la Cour Miocque;14800;14699;Touques;;;0.098741;49.354495
14699_b085_00045;45;;Domaine Les Manoirs du Haut Bois;14800;14699;Touques;;;0.103158;49.354298
14699_b036_00049;49;;Chemin du Haut Bois;14800;14699;Touques;;;0.110069;49.35738
14699_0067_00029;29;;Rue des Écureuils;14800;14699;Touques;;;0.099188;49.356852
14699_0077_00021;21;;Allée des Chênes;14800;14699;Touques;;;0.111493;49.363147
14699_b033_00004;4;;Chemin de la Coquetière;14800;14699;Touques;;;0.109676;49.346272
14699_0420_00011;11;;Rue Louvel et Brière;14800;14699;Touques;;;0.104351;49.340702
14699_0120_00041_bis;41;bis;Rue du Docteur Lainé;14800;14699;Touques;;;0.092284;49.355687
14699_0067_00015;15;;Rue des Écureuils;14800;14699;Touques;;;0.098457;49.356609
14699_0306_00035;35;;Rue des Hauts Prés;14800;14699;Touques;;;0.102307;49.351229
14699_0480_00005;5;;Rue du Mont Joly;14800;14699;Touques;;;0.093247;49.355867
14699_0120_00025_bis;25;bis;Rue du Docteur Lainé;14800;14699;Touques;;;0.092779;49.355144
14699_0700_00002;2;;Rue de la Vallée d'Auge;14800;14699;Touques;;;0.09491;49.34731
14699_0077_00018;18;;Allée des Chênes;14800;14699;Touques;;;0.110925;49.364109
14699_0228_00061;61;;Rue du Fourchi;14800;14699;Touques;;;0.107716;49.349363
14699_0353_00010;10;;Rue des Jonquilles;14800;14699;Touques;;;0.103625;49.350477
14699_0067_00061;61;;Rue des Écureuils;14800;14699;Touques;;;0.099925;49.357259
14699_0067_00008;8;;Rue des Écureuils;14800;14699;Touques;;;0.098413;49.356161
14699_0320_00016;16;;Route de Honfleur;14800;14699;Touques;;;0.122283;49.361894
14699_0420_00015;15;;Rue Louvel et Brière;14800;14699;Touques;;;0.10374;49.341143
14699_0090_00030;30;;Rue de la Cour Miocque;14800;14699;Touques;;;0.100336;49.354039
14699_0345_00031;31;;Rue des Iris;14800;14699;Touques;;;0.105565;49.351485
14699_0558_00115;115;;Allée des Pommiers;14800;14699;Touques;;;0.115121;49.362768
14699_b037_00019;19;;Chemin du Marais;14800;14699;Touques;;;0.093268;49.35262
14699_0225_00048;48;;Rue de la Fosse Fournie;14800;14699;Touques;;;0.111311;49.35009
14699_b231_02171;2171;;Chemin de Dauboeuf;14800;14699;Touques;;;0.122865;49.359668
14699_n29xzd_00033;33;;Domaine Royal Panoramique;14800;14699;Touques;;;0.104608;49.348262
14699_0480_00004;4;;Rue du Mont Joly;14800;14699;Touques;;;0.093209;49.355706
14699_0180_00003;3;;Rue des Églantiers;14800;14699;Touques;;;0.093241;49.355487
14699_0200_00004;4;;Chemin de l'Épinay;14800;14699;Touques;;;0.095279;49.355266
14699_0120_00008_b;8;b;Rue du Docteur Lainé;14800;14699;Touques;;;0.095641;49.353347
14699_b036_00051;51;;Chemin du Haut Bois;14800;14699;Touques;;;0.110132;49.357426
14699_0632_00007;7;;Rue de Speyside;14800;14699;Touques;;;0.099051;49.350268
14699_n29xzd_00012;12;;Domaine Royal Panoramique;14800;14699;Touques;;;0.106592;49.348243
14699_893lnl_00053;53;;Rue Aristide Briand;14800;14699;Touques;;;0.098665;49.348657
14699_0610_00032;32;;Rue des Roses;14800;14699;Touques;;;0.1068;49.350871
14699_0200_00016;16;;Chemin de l'Épinay;14800;14699;Touques;;;0.09606;49.355722
14699_0400_00008;8;;Place Lemercier;14800;14699;Touques;;;0.101202;49.343495
14699_0620_00014;14;;Rue Schaeffer;14800;14699;Touques;;;0.104439;49.344521
14699_zhviou_00004;4;;Domaine des Hauts d'Aguesseau;14800;14699;Touques;;;0.116207;49.365083
14699_0090_00040;40;;Rue de la Cour Miocque;14800;14699;Touques;;;0.100016;49.354452
14699_b230_00004;4;;Chemin de la Briqueterie;14800;14699;Touques;;;0.090425;49.350223
14699_0420_00048;48;;Rue Louvel et Brière;14800;14699;Touques;;;0.102338;49.343107
14699_0009_00021;21;;Rue des Écoles;14800;14699;Touques;;;0.10017;49.344646
14699_zhviou_00020;20;;Domaine des Hauts d'Aguesseau;14800;14699;Touques;;;0.117184;49.368356
14699_0077_00070;70;;Allée des Chênes;14800;14699;Touques;;;0.111772;49.363113
14699_0225_00032;32;;Rue de la Fosse Fournie;14800;14699;Touques;;;0.110582;49.351066
14699_0067_00005;5;;Rue des Écureuils;14800;14699;Touques;;;0.098166;49.356352
14699_2opzu0_00004;4;;Rue des Anciennes Écoles;14800;14699;Touques;;;0.101479;49.342681
14699_b036_00044;44;;Chemin du Haut Bois;14800;14699;Touques;;;0.108647;49.356465
14699_0307_00011;11;;Rue des Héros de la Résistance;14800;14699;Touques;;;0.101505;49.350652
14699_0077_00074;74;;Allée des Chênes;14800;14699;Touques;;;0.111486;49.365089
14699_0420_00096;96;;Rue Louvel et Brière;14800;14699;Touques;;;0.102355;49.344605
14699_893lnl_00037;37;;Rue Aristide Briand;14800;14699;Touques;;;0.100714;49.346417
14699_0463_00022;22;;Quai Monrival;14800;14699;Touques;;;0.102468;49.341438
14699_b033_00022;22;;Chemin de la Coquetière;14800;14699;Touques;;;0.126025;49.345994
14699_0463_00010;10;;Quai Monrival;14800;14699;Touques;;;0.102873;49.340976
14699_0200_00040;40;;Chemin de l'Épinay;14800;14699;Touques;;;0.098992;49.357224
14699_0225_00052;52;;Rue de la Fosse Fournie;14800;14699;Touques;;;0.110576;49.349484
14699_0350_00022;22;;Rue des Jacinthes;14800;14699;Touques;;;0.104212;49.351481
14699_0180_00018;18;;Rue des Églantiers;14800;14699;Touques;;;0.094815;49.355218
14699_0077_00013;13;;Allée des Chênes;14800;14699;Touques;;;0.111868;49.365555
14699_b085_00008;8;;Domaine Les Manoirs du Haut Bois;14800;14699;Touques;;;0.102156;49.354203
14699_0532_00089;89;;Allée des Noyers;14800;14699;Touques;;;0.115309;49.366929
14699_s4nivs_00011;11;;Domaine Les Yearlings;14800;14699;Touques;;;0.095964;49.354323
14699_0066_00002;2;;Impasse Cesar Franck;14800;14699;Touques;;;0.102835;49.348198
14699_0610_00013;13;;Rue des Roses;14800;14699;Touques;;;0.10554;49.350826
14699_b033_00006;6;;Chemin de la Coquetière;14800;14699;Touques;;;0.111171;49.34622
14699_wx5v5q_00007;7;;Le Vallon des Ouïes;14800;14699;Touques;;;0.106121;49.345322
14699_0463_00026;26;;Quai Monrival;14800;14699;Touques;;;0.1023;49.341538
14699_b230_00006;6;;Chemin de la Briqueterie;14800;14699;Touques;;;0.090759;49.349313
14699_b036_00004;4;;Chemin du Haut Bois;14800;14699;Touques;;;0.100024;49.351012
14699_0120_00009;9;;Rue du Docteur Lainé;14800;14699;Touques;;;0.09445;49.35331
14699_0345_00015;15;;Rue des Iris;14800;14699;Touques;;;0.105718;49.352427
14699_0420_00052;52;;Rue Louvel et Brière;14800;14699;Touques;;;0.102187;49.343313
14699_0308_00004;4;;Rue des Hauts de l'Épinay;14800;14699;Touques;;;0.097744;49.358016
14699_0420_00103;103;;Rue Louvel et Brière;14800;14699;Touques;;;0.102044;49.344556
14699_0555_00002;2;;Impasse des Pinsons;14800;14699;Touques;;;0.098238;49.35727
14699_0010_00002;2;;Rue des Anciennes Salines;14800;14699;Touques;;;0.099473;49.343832
14699_0420_00092;92;;Rue Louvel et Brière;14800;14699;Touques;;;0.102264;49.344549
14699_b035_00005;5;;Chemin du Clos Batteux;14800;14699;Touques;;;0.10052;49.347714
14699_0463_00014;14;;Quai Monrival;14800;14699;Touques;;;0.102752;49.341123
14699_0090_00005;5;;Rue de la Cour Miocque;14800;14699;Touques;;;0.098636;49.354111
14699_b036_00048;48;;Chemin du Haut Bois;14800;14699;Touques;;;0.111023;49.357601
14699_0320_00032;32;;Route de Honfleur;14800;14699;Touques;;;0.127564;49.371537
14699_0545_00045;45;;Allée des Ormes;14800;14699;Touques;;;0.116294;49.362002
14699_0080_00004;4;;Rue des Chèvrefeuilles;14800;14699;Touques;;;0.094863;49.355368
14699_1m97pp_00013;13;;Impasse Cité Marie;14800;14699;Touques;;;0.101714;49.344817
14699_n29xzd_00021;21;;Domaine Royal Panoramique;14800;14699;Touques;;;0.104951;49.34838
14699_r7jiam_00006;6;;Domaine du Vert Coteau;14800;14699;Touques;;;0.096586;49.356602
14699_0590_00011;11;;Rue du Pré de la Hache;14800;14699;Touques;;;0.107658;49.348005
14699_r7jiam_00020;20;;Domaine du Vert Coteau;14800;14699;Touques;;;0.096423;49.356938
14699_0080_00020;20;;Rue des Chèvrefeuilles;14800;14699;Touques;;;0.094072;49.356019
14699_b034_00018;18;;Chemin du Calvaire;14800;14699;Touques;;;0.116481;49.353428
14699_0558_00107;107;;Allée des Pommiers;14800;14699;Touques;;;0.112651;49.365722
14699_0680_00011;11;;Rue des Tulipes;14800;14699;Touques;;;0.098823;49.352184
14699_0660_00010;10;;Place Saint-Pierre;14800;14699;Touques;;;0.102763;49.342445
14699_0440_00001;1;;Chemin de la Mésange;14800;14699;Touques;;;0.103427;49.354888
14699_b036_00070;70;;Chemin du Haut Bois;14800;14699;Touques;;;0.11731;49.365501
14699_0680_00003;3;;Rue des Tulipes;14800;14699;Touques;;;0.098912;49.351149
14699_0350_00020;20;;Rue des Jacinthes;14800;14699;Touques;;;0.104148;49.351555
14699_0200_00012;12;;Chemin de l'Épinay;14800;14699;Touques;;;0.095746;49.355556
14699_0360_00006;6;;Rue Lecordeur;14800;14699;Touques;;;0.099672;49.346714
14699_0280_00002;2;;Rue des Glaieuls;14800;14699;Touques;;;0.100466;49.352168
14699_0610_00006;6;;Rue des Roses;14800;14699;Touques;;;0.102357;49.351787
14699_0067_00013;13;;Rue des Écureuils;14800;14699;Touques;;;0.098231;49.356766
14699_0120_00015;15;;Rue du Docteur Lainé;14800;14699;Touques;;;0.093918;49.353877
14699_0250_00007;7;;Rue Georges Roger;14800;14699;Touques;;;0.103126;49.344364
14699_0063_00006;6;;Rue Camille Saint-Saëns;14800;14699;Touques;;;0.104529;49.349457
14699_0532_00006;6;;Allée des Noyers;14800;14699;Touques;;;0.114365;49.366735
14699_893lnl_00058;58;;Rue Aristide Briand;14800;14699;Touques;;;0.097834;49.350031
14699_b036_00059;59;;Chemin du Haut Bois;14800;14699;Touques;;;0.116412;49.362768
14699_0345_00025;25;;Rue des Iris;14800;14699;Touques;;;0.106176;49.351748
14699_b231_01738;1738;;Chemin de Dauboeuf;14800;14699;Touques;;;0.12654;49.362438
14699_0310_00011;11;;Rue des Hirondelles;14800;14699;Touques;;;0.09726;49.357877
14699_b231_01211;1211;;Chemin de Dauboeuf;14800;14699;Touques;;;0.125076;49.359193
14699_0063_00027;27;;Rue Camille Saint-Saëns;14800;14699;Touques;;;0.103401;49.348916
14699_0680_00016;16;;Rue des Tulipes;14800;14699;Touques;;;0.098826;49.352593
14699_0306_00010;10;;Rue des Hauts Prés;14800;14699;Touques;;;0.101424;49.351428
14699_wx5v5q_00015;15;;Le Vallon des Ouïes;14800;14699;Touques;;;0.104445;49.345403
14699_r7jiam_00074;74;;Domaine du Vert Coteau;14800;14699;Touques;;;0.095329;49.355705
14699_0063_00011;11;;Rue Camille Saint-Saëns;14800;14699;Touques;;;0.103006;49.349981
14699_n29xzd_00022;22;;Domaine Royal Panoramique;14800;14699;Touques;;;0.104662;49.348138
14699_zhviou_00026;26;;Domaine des Hauts d'Aguesseau;14800;14699;Touques;;;0.116861;49.367305
14699_0420_00006;6;;Rue Louvel et Brière;14800;14699;Touques;;;0.103176;49.341649
14699_0063_00014;14;;Rue Camille Saint-Saëns;14800;14699;Touques;;;0.1035;49.34903
14699_0200_00006;6;;Chemin de l'Épinay;14800;14699;Touques;;;0.095559;49.355451
14699_zhviou_00007;7;;Domaine des Hauts d'Aguesseau;14800;14699;Touques;;;0.115924;49.363839
14699_0308_00016;16;;Rue des Hauts de l'Épinay;14800;14699;Touques;;;0.098731;49.358048
14699_0260_00004;4;;Rue des Géraniums;14800;14699;Touques;;;0.097702;49.351078
14699_893lnl_00028;28;;Rue Aristide Briand;14800;14699;Touques;;;0.100012;49.347472
14699_0225_00039;39;;Rue de la Fosse Fournie;14800;14699;Touques;;;0.111944;49.350334
14699_893lnl_00033;33;;Rue Aristide Briand;14800;14699;Touques;;;0.101009;49.346102
14699_893lnl_00004;4;;Rue Aristide Briand;14800;14699;Touques;;;0.101989;49.34517
14699_0070_00018;18;;Avenue Charles de Gaulle;14800;14699;Touques;;;0.107927;49.350584
14699_0345_00002;2;;Rue des Iris;14800;14699;Touques;;;0.103324;49.353086
14699_zhviou_00024;24;;Domaine des Hauts d'Aguesseau;14800;14699;Touques;;;0.116981;49.367437
14699_0632_00004;4;;Rue de Speyside;14800;14699;Touques;;;0.098855;49.349957
14699_b034_00014;14;;Chemin du Calvaire;14800;14699;Touques;;;0.116349;49.353317
14699_0425_00003;3;;Rue des Lys;14800;14699;Touques;;;0.104329;49.353058
14699_0532_00114;114;;Allée des Noyers;14800;14699;Touques;;;0.114406;49.364256
14699_zhviou_00006;6;;Domaine des Hauts d'Aguesseau;14800;14699;Touques;;;0.115947;49.364202
14699_0320_00048;48;;Route de Honfleur;14800;14699;Touques;;;0.128285;49.373624
14699_0590_00013;13;;Rue du Pré de la Hache;14800;14699;Touques;;;0.107498;49.348168
14699_0350_00010;10;;Rue des Jacinthes;14800;14699;Touques;;;0.103167;49.352267
14699_0120_00022;22;;Rue du Docteur Lainé;14800;14699;Touques;;;0.094171;49.353907
14699_0620_00006;6;;Rue Schaeffer;14800;14699;Touques;;;0.103035;49.342623
14699_0680_00013;13;;Rue des Tulipes;14800;14699;Touques;;;0.098694;49.352403
14699_b033_00007;7;;Chemin de la Coquetière;14800;14699;Touques;;;0.115917;49.346221
14699_vseng4_00002;2;;Chemin des Novets;14800;14699;Touques;;;0.100898;49.347267
14699_0225_00030;30;;Rue de la Fosse Fournie;14800;14699;Touques;;;0.1104;49.350873
14699_0558_00046;46;;Allée des Pommiers;14800;14699;Touques;;;0.116104;49.362685
14699_0420_00047_bis;47;bis;Rue Louvel et Brière;14800;14699;Touques;;;0.102302;49.342499
14699_0200_00050;50;;Chemin de l'Épinay;14800;14699;Touques;;;0.099967;49.357903
14699_0540_00006;6;;Rue des Oeillets;14800;14699;Touques;;;0.100005;49.351873
14699_s4nivs_00010;10;;Domaine Les Yearlings;14800;14699;Touques;;;0.096074;49.354181
14699_0077_00016;16;;Allée des Chênes;14800;14699;Touques;;;0.110836;49.364659
14699_0306_00043;43;;Rue des Hauts Prés;14800;14699;Touques;;;0.102339;49.351114
14699_b033_00003;3;;Chemin de la Coquetière;14800;14699;Touques;;;0.109257;49.346472
14699_0615_00005;5;;Avenue de Rollon;14800;14699;Touques;;;0.108817;49.349063
14699_0200_00015;15;;Chemin de l'Épinay;14800;14699;Touques;;;0.095072;49.355296
14699_0558_00108;108;;Allée des Pommiers;14800;14699;Touques;;;0.112481;49.365156
14699_s4nivs_00018;18;;Domaine Les Yearlings;14800;14699;Touques;;;0.096374;49.352981
14699_0280_00012;12;;Rue des Glaieuls;14800;14699;Touques;;;0.09961;49.353325
14699_0280_00011;11;;Rue des Glaieuls;14800;14699;Touques;;;0.100155;49.352878
14699_0610_00034;34;;Rue des Roses;14800;14699;Touques;;;0.107081;49.350933
14699_0225_00033;33;;Rue de la Fosse Fournie;14800;14699;Touques;;;0.111751;49.350865
14699_0558_00057;57;;Allée des Pommiers;14800;14699;Touques;;;0.11483;49.362595
14699_1m97pp_00002;2;;Impasse Cité Marie;14800;14699;Touques;;;0.101568;49.345257
14699_0730_00008;8;;Rue du Vert Galant;14800;14699;Touques;;;0.097889;49.352054
14699_n29xzd_00010;10;;Domaine Royal Panoramique;14800;14699;Touques;;;0.106542;49.348553
14699_0353_00006;6;;Rue des Jonquilles;14800;14699;Touques;;;0.103187;49.35087
14699_wx5v5q_00002;2;;Le Vallon des Ouïes;14800;14699;Touques;;;0.105294;49.345593
14699_b231_01128;1128;;Chemin de Dauboeuf;14800;14699;Touques;;;0.127214;49.359484
14699_0200_00018_ter;18;ter;Chemin de l'Épinay;14800;14699;Touques;;;0.096412;49.35561
14699_0590_00003;3;;Rue du Pré de la Hache;14800;14699;Touques;;;0.108085;49.348151
14699_0120_00008;8;;Rue du Docteur Lainé;14800;14699;Touques;;;0.094816;49.353192
14699_0225_00016;16;;Rue de la Fosse Fournie;14800;14699;Touques;;;0.110057;49.349857
14699_0409_00001;1;;Impasse Léo Delibes;14800;14699;Touques;;;0.102186;49.350426
14699_893lnl_00010;10;;Rue Aristide Briand;14800;14699;Touques;;;0.101599;49.345691
14699_0013_00014;14;;Rue du Clos Batteux;14800;14699;Touques;;;0.101019;49.350132
14699_0010_00009;9;;Rue des Anciennes Salines;14800;14699;Touques;;;0.099215;49.342847
14699_0306_00017;17;;Rue des Hauts Prés;14800;14699;Touques;;;0.101825;49.351492
14699_0420_00012;12;;Rue Louvel et Brière;14800;14699;Touques;;;0.103077;49.341742
14699_0730_00004;4;;Rue du Vert Galant;14800;14699;Touques;;;0.097592;49.352377
14699_0532_00122;122;;Allée des Noyers;14800;14699;Touques;;;0.114458;49.364471
14699_0350_00018;18;;Rue des Jacinthes;14800;14699;Touques;;;0.103995;49.351792
14699_0540_00012;12;;Rue des Oeillets;14800;14699;Touques;;;0.099373;49.351839
14699_0400_00017;17;;Place Lemercier;14800;14699;Touques;;;0.101567;49.343767
14699_0260_00013;13;;Rue des Géraniums;14800;14699;Touques;;;0.097751;49.351465
14699_0180_00011;11;;Rue des Églantiers;14800;14699;Touques;;;0.093815;49.355421
14699_0100_00002;2;;Rue des Cyclamens;14800;14699;Touques;;;0.099498;49.35244
14699_0080_00001;1;;Rue des Chèvrefeuilles;14800;14699;Touques;;;0.094617;49.355405
14699_0620_00008_bis;8;bis;Rue Schaeffer;14800;14699;Touques;;;0.103416;49.342851
14699_b033_00012;12;;Chemin de la Coquetière;14800;14699;Touques;;;0.117794;49.346557
14699_0500_00004;4;;Rue des Narcisses;14800;14699;Touques;;;0.100658;49.353336
14699_r7jiam_00040;40;;Domaine du Vert Coteau;14800;14699;Touques;;;0.095839;49.35629
14699_0120_00030;30;;Rue du Docteur Lainé;14800;14699;Touques;;;0.093412;49.354726
14699_0360_00008;8;;Rue Lecordeur;14800;14699;Touques;;;0.099758;49.346417
14699_0720_00004;4;;Rue de Verdun;14800;14699;Touques;;;0.10207;49.346262
14699_0306_00015;15;;Rue des Hauts Prés;14800;14699;Touques;;;0.101659;49.351495
14699_0306_00007;7;;Rue des Hauts Prés;14800;14699;Touques;;;0.101513;49.351854
14699_0320_00020;20;;Route de Honfleur;14800;14699;Touques;;;0.122689;49.363305
14699_0555_00003;3;;Impasse des Pinsons;14800;14699;Touques;;;0.097892;49.357349
14699_zhviou_00008;8;;Domaine des Hauts d'Aguesseau;14800;14699;Touques;;;0.115831;49.363809
14699_b231_00470;470;;Chemin de Dauboeuf;14800;14699;Touques;;;0.123371;49.352818
14699_0345_00021;21;;Rue des Iris;14800;14699;Touques;;;0.106198;49.351994
14699_0009_00015;15;;Rue des Écoles;14800;14699;Touques;;;0.100594;49.344922
14699_0130_00006;6;;Rue Émile Dupont;14800;14699;Touques;;;0.110402;49.347973
14699_b036_00005;5;;Chemin du Haut Bois;14800;14699;Touques;;;0.099997;49.351183
14699_0590_00021;21;;Rue du Pré de la Hache;14800;14699;Touques;;;0.107452;49.348342
14699_0730_00003;3;;Rue du Vert Galant;14800;14699;Touques;;;0.097404;49.352242
14699_0461_00024;24;;Rue Jean Monnet;14800;14699;Touques;;;0.098485;49.354794
14699_0260_00007;7;;Rue des Géraniums;14800;14699;Touques;;;0.09741;49.351181
14699_0320_00021_a;21;a;Route de Honfleur;14800;14699;Touques;;;0.119285;49.353507
14699_0013_00011;11;;Rue du Clos Batteux;14800;14699;Touques;;;0.100763;49.350566
14699_b035_00008;8;;Chemin du Clos Batteux;14800;14699;Touques;;;0.101057;49.348891
14699_s4nivs_00003;3;;Domaine Les Yearlings;14800;14699;Touques;;;0.097647;49.354909
14699_b036_00042;42;;Chemin du Haut Bois;14800;14699;Touques;;;0.106794;49.354853
14699_0090_00048;48;;Rue de la Cour Miocque;14800;14699;Touques;;;0.098966;49.354642
14699_b036_00026_bis;26;bis;Chemin du Haut Bois;14800;14699;Touques;;;0.10245;49.352814
14699_0120_00037;37;;Rue du Docteur Lainé;14800;14699;Touques;;;0.092446;49.355489
14699_0680_00017;17;;Rue des Tulipes;14800;14699;Touques;;;0.098318;49.352869
14699_0320_00030;30;;Route de Honfleur;14800;14699;Touques;;;0.124778;49.366852
14699_0590_00005;5;;Rue du Pré de la Hache;14800;14699;Touques;;;0.108217;49.348042
14699_0461_00008;8;;Rue Jean Monnet;14800;14699;Touques;;;0.098005;49.353639
14699_b231_00073;73;;Chemin de Dauboeuf;14800;14699;Touques;;;0.119201;49.350707
14699_0200_00017_bis;17;bis;Chemin de l'Épinay;14800;14699;Touques;;;0.09646;49.356076
14699_0228_00026;26;;Rue du Fourchi;14800;14699;Touques;;;0.106939;49.349145
14699_0250_00002;2;;Rue Georges Roger;14800;14699;Touques;;;0.103574;49.344513
14699_0730_00002;2;;Rue du Vert Galant;14800;14699;Touques;;;0.097224;49.352553
14699_0480_00008;8;;Rue du Mont Joly;14800;14699;Touques;;;0.093452;49.355869
14699_wx5v5q_00009;9;;Le Vallon des Ouïes;14800;14699;Touques;;;0.105983;49.345062
14699_b228_00019;19;;Chemin du Roy;14800;14699;Touques;;;0.094494;49.351024
14699_0420_00071;71;;Rue Louvel et Brière;14800;14699;Touques;;;0.102081;49.343242
14699_0400_00019;19;;Place Lemercier;14800;14699;Touques;;;0.101503;49.343839
14699_0306_00003;3;;Rue des Hauts Prés;14800;14699;Touques;;;0.101371;49.351849
14699_s4nivs_00016;16;;Domaine Les Yearlings;14800;14699;Touques;;;0.096326;49.354556
14699_0660_00004;4;;Place Saint-Pierre;14800;14699;Touques;;;0.103176;49.342231
14699_0077_00033;33;;Allée des Chênes;14800;14699;Touques;;;0.11286;49.35897
14699_0228_00006;6;;Rue du Fourchi;14800;14699;Touques;;;0.108686;49.348452
14699_0077_00020;20;;Allée des Chênes;14800;14699;Touques;;;0.111253;49.363529
14699_0005_00006;6;;Rue Alcuin;14800;14699;Touques;;;0.108348;49.347272
14699_893lnl_00045;45;;Rue Aristide Briand;14800;14699;Touques;;;0.100035;49.347155
14699_0555_00004;4;;Impasse des Pinsons;14800;14699;Touques;;;0.098235;49.357474
14699_0352_00015;15;;Rue Jean-Philippe Rameau;14800;14699;Touques;;;0.101448;49.348812
14699_0700_00010;10;;Rue de la Vallée d'Auge;14800;14699;Touques;;;0.096098;49.345682
14699_0620_00005;5;;Rue Schaeffer;14800;14699;Touques;;;0.103026;49.342701
14699_nlfrdd_00001;1;;Chemin du Roy;14800;14699;Touques;;;0.096694;49.347141
14699_0560_00007;7;;Rue de la Poste;14800;14699;Touques;;;0.102388;49.343997
14699_n29xzd_00018;18;;Domaine Royal Panoramique;14800;14699;Touques;;;0.106362;49.34852
14699_0500_00008;8;;Rue des Narcisses;14800;14699;Touques;;;0.100537;49.353586
14699_n29xzd_00011;11;;Domaine Royal Panoramique;14800;14699;Touques;;;0.106524;49.348487
14699_0010_00006;6;;Rue des Anciennes Salines;14800;14699;Touques;;;0.098678;49.343137
14699_0610_00003;3;;Rue des Roses;14800;14699;Touques;;;0.102489;49.351946
14699_0420_00062;62;;Rue Louvel et Brière;14800;14699;Touques;;;0.102042;49.343517
14699_0063_00031;31;;Rue Camille Saint-Saëns;14800;14699;Touques;;;0.103129;49.348859
14699_zhviou_00014;14;;Domaine des Hauts d'Aguesseau;14800;14699;Touques;;;0.116172;49.366047
14699_0680_00006;6;;Rue des Tulipes;14800;14699;Touques;;;0.099132;49.351422
14699_0580_00008;8;;Passage Pouettre;14800;14699;Touques;;;0.103629;49.342161
14699_0220_00003;3;;Place Foch;14800;14699;Touques;;;0.102441;49.344809
14699_z8agqj_00014;14;;Impasse des Hauts de l'Épinay;14800;14699;Touques;;;0.097923;49.358294
14699_0225_00042;42;;Rue de la Fosse Fournie;14800;14699;Touques;;;0.111144;49.350526
14699_0420_00097;97;;Rue Louvel et Brière;14800;14699;Touques;;;0.101939;49.344388
14699_0345_00012;12;;Rue des Iris;14800;14699;Touques;;;0.104372;49.352468
14699_b036_00013;13;;Chemin du Haut Bois;14800;14699;Touques;;;0.10123;49.35229
14699_0228_00023;23;;Rue du Fourchi;14800;14699;Touques;;;0.108152;49.348707
14699_b036_00041;41;;Chemin du Haut Bois;14800;14699;Touques;;;0.107722;49.355936
14699_0063_00020;20;;Rue Camille Saint-Saëns;14800;14699;Touques;;;0.102731;49.348981
14699_0307_00020;20;;Rue des Héros de la Résistance;14800;14699;Touques;;;0.10125;49.350842
14699_0070_00012;12;;Avenue Charles de Gaulle;14800;14699;Touques;;;0.106084;49.349465
14699_0350_00005;5;;Rue des Jacinthes;14800;14699;Touques;;;0.103274;49.352384
14699_893lnl_00046_ter;46;ter;Rue Aristide Briand;14800;14699;Touques;;;0.098942;49.348658
14699_0320_00002;2;;Route de Honfleur;14800;14699;Touques;;;0.102731;49.344787
14699_0320_00044;44;;Route de Honfleur;14800;14699;Touques;;;0.128223;49.373449
14699_0420_00045;45;;Rue Louvel et Brière;14800;14699;Touques;;;0.102539;49.342463
14699_893lnl_00049_c;49;c;Rue Aristide Briand;14800;14699;Touques;;;0.099405;49.347857
14699_b034_00015;15;;Chemin du Calvaire;14800;14699;Touques;;;0.115512;49.352307
14699_0110_00001;1;;Rue Daniel François Auber;14800;14699;Touques;;;0.102484;49.348549
14699_r7jiam_00010;10;;Domaine du Vert Coteau;14800;14699;Touques;;;0.096863;49.356511
14699_893lnl_00019;19;;Rue Aristide Briand;14800;14699;Touques;;;0.10185;49.345093
14699_0400_00004;4;;Place Lemercier;14800;14699;Touques;;;0.101768;49.343234
14699_b231_01644;1644;;Chemin de Dauboeuf;14800;14699;Touques;;;0.127674;49.362475
14699_0425_00005;5;;Rue des Lys;14800;14699;Touques;;;0.104517;49.353044
14699_0250_00004;4;;Rue Georges Roger;14800;14699;Touques;;;0.103411;49.344463
14699_0680_00005;5;;Rue des Tulipes;14800;14699;Touques;;;0.09889;49.351466
14699_0120_00032;32;;Rue du Docteur Lainé;14800;14699;Touques;;;0.093142;49.355024
14699_0420_00079;79;;Rue Louvel et Brière;14800;14699;Touques;;;0.101632;49.343918
14699_0225_00046;46;;Rue de la Fosse Fournie;14800;14699;Touques;;;0.111679;49.35032
14699_zhviou_00005;5;;Domaine des Hauts d'Aguesseau;14800;14699;Touques;;;0.116116;49.364599
14699_g2py7i_00006;6;;Clos Poulain;14800;14699;Touques;;;0.119037;49.363054
14699_b231_00176;176;;Chemin de Dauboeuf;14800;14699;Touques;;;0.12059;49.350958
14699_0730_00001;1;;Rue du Vert Galant;14800;14699;Touques;;;0.097283;49.352692
14699_0260_00002;2;;Rue des Géraniums;14800;14699;Touques;;;0.0983;49.350747
14699_0480_00011;11;;Rue du Mont Joly;14800;14699;Touques;;;0.09381;49.356219
14699_0632_00009;9;;Rue de Speyside;14800;14699;Touques;;;0.099139;49.35019
14699_0013_00012;12;;Rue du Clos Batteux;14800;14699;Touques;;;0.100756;49.350018
14699_0420_00027;27;;Rue Louvel et Brière;14800;14699;Touques;;;0.103006;49.341648
14699_b036_00024;24;;Chemin du Haut Bois;14800;14699;Touques;;;0.102136;49.352562
14699_g2py7i_00012;12;;Clos Poulain;14800;14699;Touques;;;0.117641;49.362792
14699_0532_00094;94;;Allée des Noyers;14800;14699;Touques;;;0.114673;49.364667
14699_n29xzd_00003;3;;Domaine Royal Panoramique;14800;14699;Touques;;;0.105766;49.348942
14699_0545_00043;43;;Allée des Ormes;14800;14699;Touques;;;0.116743;49.361608
14699_0077_00028;28;;Allée des Chênes;14800;14699;Touques;;;0.11222;49.360711
14699_0280_00008;8;;Rue des Glaieuls;14800;14699;Touques;;;0.100337;49.352949
14699_0308_00007;7;;Rue des Hauts de l'Épinay;14800;14699;Touques;;;0.096637;49.35862
14699_0532_00003;3;;Allée des Noyers;14800;14699;Touques;;;0.115874;49.367515
14699_0461_00012;12;;Rue Jean Monnet;14800;14699;Touques;;;0.097997;49.353758
14699_0067_00033;33;;Rue des Écureuils;14800;14699;Touques;;;0.098987;49.356992
14699_2opzu0_00009;9;;Rue des Anciennes Écoles;14800;14699;Touques;;;0.101439;49.342855
14699_893lnl_00050;50;;Rue Aristide Briand;14800;14699;Touques;;;0.098619;49.349277
14699_0420_00043;43;;Rue Louvel et Brière;14800;14699;Touques;;;0.10258;49.342385
14699_b085_00010;10;;Domaine Les Manoirs du Haut Bois;14800;14699;Touques;;;0.102398;49.35418
14699_0120_00013;13;;Rue du Docteur Lainé;14800;14699;Touques;;;0.094099;49.353688
14699_0560_00005;5;;Rue de la Poste;14800;14699;Touques;;;0.10229;49.343991
14699_0063_00008;8;;Rue Camille Saint-Saëns;14800;14699;Touques;;;0.104458;49.349067
14699_b232_00016;16;;Chemin de Saint-Pierre;14800;14699;Touques;;;0.123015;49.346071
14699_0070_00002;2;;Avenue Charles de Gaulle;14800;14699;Touques;;;0.10132;49.346569
14699_b034_00006;6;;Chemin du Calvaire;14800;14699;Touques;;;0.110326;49.349108
14699_zhviou_00011;11;;Domaine des Hauts d'Aguesseau;14800;14699;Touques;;;0.116001;49.365262
14699_0090_00009;9;;Rue de la Cour Miocque;14800;14699;Touques;;;0.100032;49.354198
14699_0307_00004;4;;Rue des Héros de la Résistance;14800;14699;Touques;;;0.101138;49.351127
14699_0590_00015;15;;Rue du Pré de la Hache;14800;14699;Touques;;;0.107131;49.348276
14699_b231_01753;1753;;Chemin de Dauboeuf;14800;14699;Touques;;;0.125284;49.362028
14699_b036_00053;53;;Chemin du Haut Bois;14800;14699;Touques;;;0.111903;49.358149
14699_0420_00075;75;;Rue Louvel et Brière;14800;14699;Touques;;;0.101664;49.343857
14699_b036_00047;47;;Chemin du Haut Bois;14800;14699;Touques;;;0.109894;49.357267
14699_0460_00008;8;;Rue de la Mésange;14800;14699;Touques;;;0.097563;49.35287
14699_n29xzd_00001;1;;Domaine Royal Panoramique;14800;14699;Touques;;;0.105437;49.34883
14699_0090_00011;11;;Rue de la Cour Miocque;14800;14699;Touques;;;0.09977;49.354496
14699_0310_00007;7;;Rue des Hirondelles;14800;14699;Touques;;;0.096661;49.357548
14699_0120_00007;7;;Rue du Docteur Lainé;14800;14699;Touques;;;0.094536;49.353207
14699_0009_00011;11;;Rue des Écoles;14800;14699;Touques;;;0.101088;49.345089
14699_0250_00003;3;;Rue Georges Roger;14800;14699;Touques;;;0.103497;49.344489
14699_0560_00017;17;;Rue de la Poste;14800;14699;Touques;;;0.102251;49.343512
14699_0009_00009;9;;Rue des Écoles;14800;14699;Touques;;;0.101059;49.345061
14699_0200_00014;14;;Chemin de l'Épinay;14800;14699;Touques;;;0.095905;49.355637
14699_0090_00036;36;;Rue de la Cour Miocque;14800;14699;Touques;;;0.100147;49.354298
14699_0620_00004;4;;Rue Schaeffer;14800;14699;Touques;;;0.102849;49.342563
14699_0260_00003;3;;Rue des Géraniums;14800;14699;Touques;;;0.097697;49.350756
14699_0307_00014;14;;Rue des Héros de la Résistance;14800;14699;Touques;;;0.100714;49.351151
14699_0120_00023;23;;Rue du Docteur Lainé;14800;14699;Touques;;;0.093015;49.354853
14699_1m97pp_00011;11;;Impasse Cité Marie;14800;14699;Touques;;;0.101609;49.344909
14699_r7jiam_00038;38;;Domaine du Vert Coteau;14800;14699;Touques;;;0.095976;49.356312
14699_0440_00002;2;;Chemin de la Mésange;14800;14699;Touques;;;0.102901;49.35509
14699_0620_00015;15;;Rue Schaeffer;14800;14699;Touques;;;0.103644;49.344242
14699_0120_00008_e;8;e;Rue du Docteur Lainé;14800;14699;Touques;;;0.095433;49.352999
14699_0200_00046;46;;Chemin de l'Épinay;14800;14699;Touques;;;0.09965;49.357678
14699_b036_00046;46;;Chemin du Haut Bois;14800;14699;Touques;;;0.109404;49.356862
14699_0680_00001;1;;Rue des Tulipes;14800;14699;Touques;;;0.098931;49.351072
14699_0228_00031;31;;Rue du Fourchi;14800;14699;Touques;;;0.107597;49.348594
14699_0420_00026;26;;Rue Louvel et Brière;14800;14699;Touques;;;0.102819;49.34206
14699_b232_00003;3;;Chemin de Saint-Pierre;14800;14699;Touques;;;0.109632;49.343049
14699_0077_00072;72;;Allée des Chênes;14800;14699;Touques;;;0.111373;49.364172
14699_0012_00003;3;;Chemin des Arguillers;14800;14699;Touques;;;0.125695;49.364767
14699_0420_00050;50;;Rue Louvel et Brière;14800;14699;Touques;;;0.102249;49.343232
14699_0463_00008;8;;Quai Monrival;14800;14699;Touques;;;0.102964;49.340743
14699_zhviou_00023;23;;Domaine des Hauts d'Aguesseau;14800;14699;Touques;;;0.117239;49.367895
14699_0066_00005;5;;Impasse Cesar Franck;14800;14699;Touques;;;0.102982;49.348394
14699_0420_00089;89;;Rue Louvel et Brière;14800;14699;Touques;;;0.101771;49.34419
14699_0558_00077;77;;Allée des Pommiers;14800;14699;Touques;;;0.112264;49.36458
14699_0380_00005;5;;Rue Legrip;14800;14699;Touques;;;0.10284;49.341368
14699_893lnl_00051_bis;51;bis;Rue Aristide Briand;14800;14699;Touques;;;0.099003;49.348279
14699_0720_00003;3;;Rue de Verdun;14800;14699;Touques;;;0.101792;49.346283
14699_0463_00012;12;;Quai Monrival;14800;14699;Touques;;;0.102814;49.341053
14699_0350_00016;16;;Rue des Jacinthes;14800;14699;Touques;;;0.10385;49.351865
14699_893lnl_00008;8;;Rue Aristide Briand;14800;14699;Touques;;;0.101755;49.345492
14699_0080_00012;12;;Rue des Chèvrefeuilles;14800;14699;Touques;;;0.09449;49.355652
14699_1m97pp_00003;3;;Impasse Cité Marie;14800;14699;Touques;;;0.101523;49.345239
14699_0463_00020;20;;Quai Monrival;14800;14699;Touques;;;0.10254;49.341358
14699_0077_00071;71;;Allée des Chênes;14800;14699;Touques;;;0.11144;49.36376
14699_dda1e6_00007;7;;Rue Lecordeur;14800;14699;Touques;;;0.098636;49.347152
14699_0436_00015;15;;Rue de Meautry;14800;14699;Touques;;;0.104249;49.342322
14699_0420_00068;68;;Rue Louvel et Brière;14800;14699;Touques;;;0.101939;49.343689
14699_0590_00014;14;;Rue du Pré de la Hache;14800;14699;Touques;;;0.107236;49.34822
14699_0320_00021_c;21;c;Route de Honfleur;14800;14699;Touques;;;0.118164;49.354126
14699_0225_00041;41;;Rue de la Fosse Fournie;14800;14699;Touques;;;0.111724;49.350144
14699_893lnl_00013;13;;Rue Aristide Briand;14800;14699;Touques;;;0.101935;49.344987
14699_b232_00012;12;;Chemin de Saint-Pierre;14800;14699;Touques;;;0.121129;49.345095
14699_0460_00010;10;;Rue de la Mésange;14800;14699;Touques;;;0.097845;49.352961
14699_wx5v5q_00019;19;;Le Vallon des Ouïes;14800;14699;Touques;;;0.105913;49.345398
14699_0380_00003;3;;Rue Legrip;14800;14699;Touques;;;0.102772;49.341347
14699_893lnl_00011;11;;Rue Aristide Briand;14800;14699;Touques;;;0.101958;49.344955
14699_0077_00022;22;;Allée des Chênes;14800;14699;Touques;;;0.111761;49.362644
14699_0306_00014;14;;Rue des Hauts Prés;14800;14699;Touques;;;0.101892;49.351164
14699_0067_00002;2;;Rue des Écureuils;14800;14699;Touques;;;0.097869;49.356503
14699_0306_00001;1;;Rue des Hauts Prés;14800;14699;Touques;;;0.101309;49.351796
14699_0310_00004;4;;Rue des Hirondelles;14800;14699;Touques;;;0.096932;49.357175
14699_r7jiam_00062;62;;Domaine du Vert Coteau;14800;14699;Touques;;;0.094743;49.356213
14699_zhviou_00003;3;;Domaine des Hauts d'Aguesseau;14800;14699;Touques;;;0.116219;49.36519
14699_0730_00001_bis;1;bis;Rue du Vert Galant;14800;14699;Touques;;;0.09726;49.352516
14699_0090_00034;34;;Rue de la Cour Miocque;14800;14699;Touques;;;0.100188;49.354247
14699_b037_00011;11;;Chemin du Marais;14800;14699;Touques;;;0.093848;49.352592
14699_0345_00019;19;;Rue des Iris;14800;14699;Touques;;;0.105957;49.352137
14699_b231_01736;1736;;Chemin de Dauboeuf;14800;14699;Touques;;;0.126572;49.362345
14699_b036_00026;26;;Chemin du Haut Bois;14800;14699;Touques;;;0.102235;49.352651
14699_0307_00002;2;;Rue des Héros de la Résistance;14800;14699;Touques;;;0.101237;49.351182
14699_b232_00017;17;;Chemin de Saint-Pierre;14800;14699;Touques;;;0.115489;49.34396
14699_0615_00003;3;;Avenue de Rollon;14800;14699;Touques;;;0.10908;49.348864
14699_0423_00005;5;;Rue des Lupins;14800;14699;Touques;;;0.104834;49.350377
14699_0352_00003;3;;Rue Jean-Philippe Rameau;14800;14699;Touques;;;0.102114;49.347971
14699_0280_00019;19;;Rue des Glaieuls;14800;14699;Touques;;;0.098803;49.352899
14699_0409_00002;2;;Impasse Léo Delibes;14800;14699;Touques;;;0.102518;49.350353
14699_0545_00052;52;;Allée des Ormes;14800;14699;Touques;;;0.11512;49.360789
14699_n29xzd_00020;20;;Domaine Royal Panoramique;14800;14699;Touques;;;0.106022;49.348887
14699_0605_00001_bis;1;bis;Rue de la Reine Mathilde;14800;14699;Touques;;;0.099189;49.349232
14699_0350_00007;7;;Rue des Jacinthes;14800;14699;Touques;;;0.103478;49.352221
14699_0100_00006;6;;Rue des Cyclamens;14800;14699;Touques;;;0.099434;49.352636
14699_r7jiam_00094;94;;Domaine du Vert Coteau;14800;14699;Touques;;;0.096074;49.356062
14699_0225_00023;23;;Rue de la Fosse Fournie;14800;14699;Touques;;;0.11059;49.351256
14699_0620_00020;20;;Rue Schaeffer;14800;14699;Touques;;;0.103861;49.344716
14699_0260_00005;5;;Rue des Géraniums;14800;14699;Touques;;;0.097517;49.350968
14699_0013_00015;15;;Rue du Clos Batteux;14800;14699;Touques;;;0.100849;49.350643
14699_wx5v5q_00011;11;;Le Vallon des Ouïes;14800;14699;Touques;;;0.105312;49.344822
14699_b036_00038;38;;Chemin du Haut Bois;14800;14699;Touques;;;0.104017;49.353623
14699_0077_00014;14;;Allée des Chênes;14800;14699;Touques;;;0.111481;49.365301
14699_0460_00006_bis;6;bis;Rue de la Mésange;14800;14699;Touques;;;0.096959;49.352648
14699_b232_00002;2;;Chemin de Saint-Pierre;14800;14699;Touques;;;0.10869;49.342478
14699_0532_00091;91;;Allée des Noyers;14800;14699;Touques;;;0.114667;49.366166
14699_0013_00016;16;;Rue du Clos Batteux;14800;14699;Touques;;;0.101193;49.350397
14699_0306_00004;4;;Rue des Hauts Prés;14800;14699;Touques;;;0.100947;49.351424
14699_0660_00003;3;;Place Saint-Pierre;14800;14699;Touques;;;0.103103;49.342226
14699_0420_00066;66;;Rue Louvel et Brière;14800;14699;Touques;;;0.101964;49.343634
14699_0067_00025;25;;Rue des Écureuils;14800;14699;Touques;;;0.099472;49.356763
14699_0077_00031;31;;Allée des Chênes;14800;14699;Touques;;;0.112712;49.359597
14699_0077_00061;61;;Allée des Chênes;14800;14699;Touques;;;0.112798;49.360073
14699_0500_00014;14;;Rue des Narcisses;14800;14699;Touques;;;0.100322;49.353322
14699_0632_00019;19;;Rue de Speyside;14800;14699;Touques;;;0.100767;49.349601
14699_0355_00003;3;;Rue Jules Massenet;14800;14699;Touques;;;0.103567;49.34851
14699_0180_00009;9;;Rue des Églantiers;14800;14699;Touques;;;0.093737;49.355428
14699_0200_00018_bis;18;bis;Chemin de l'Épinay;14800;14699;Touques;;;0.096295;49.355699
14699_b231_01124;1124;;Chemin de Dauboeuf;14800;14699;Touques;;;0.127394;49.358801
14699_0225_00040;40;;Rue de la Fosse Fournie;14800;14699;Touques;;;0.111074;49.350763
14699_b231_02029;2029;;Chemin de Dauboeuf;14800;14699;Touques;;;0.123627;49.360811
14699_0420_00029;29;;Rue Louvel et Brière;14800;14699;Touques;;;0.102879;49.341732
14699_b037_00023;23;;Chemin du Marais;14800;14699;Touques;;;0.092977;49.352918
14699_0320_00015;15;;Route de Honfleur;14800;14699;Touques;;;0.113807;49.347696
14699_0420_00093;93;;Rue Louvel et Brière;14800;14699;Touques;;;0.101849;49.344307
14699_0005_00001;1;;Rue Alcuin;14800;14699;Touques;;;0.108233;49.347518
14699_zhviou_00016;16;;Domaine des Hauts d'Aguesseau;14800;14699;Touques;;;0.116401;49.366783
14699_0200_00021;21;;Chemin de l'Épinay;14800;14699;Touques;;;0.099615;49.357798
14699_0130_00010;10;;Rue Émile Dupont;14800;14699;Touques;;;0.110885;49.347564
14699_0225_00003;3;;Rue de la Fosse Fournie;14800;14699;Touques;;;0.10863;49.349617
14699_0067_00021;21;;Rue des Écureuils;14800;14699;Touques;;;0.099236;49.356511
14699_nlfrdd_00015;15;;Chemin du Roy;14800;14699;Touques;;;0.094127;49.349452
14699_r7jiam_00072;72;;Domaine du Vert Coteau;14800;14699;Touques;;;0.095242;49.355856
14699_0063_00005;5;;Rue Camille Saint-Saëns;14800;14699;Touques;;;0.102025;49.350035
14699_b036_00015;15;;Chemin du Haut Bois;14800;14699;Touques;;;0.101423;49.352442
14699_0605_00008;8;;Rue de la Reine Mathilde;14800;14699;Touques;;;0.100164;49.349161
14699_0610_00005;5;;Rue des Roses;14800;14699;Touques;;;0.103057;49.351599
14699_0400_00005;5;;Place Lemercier;14800;14699;Touques;;;0.101479;49.343126
14699_n29xzd_00002;2;;Domaine Royal Panoramique;14800;14699;Touques;;;0.105639;49.348898
14699_b037_00031;31;;Chemin du Marais;14800;14699;Touques;;;0.093629;49.35306
14699_b036_00050;50;;Chemin du Haut Bois;14800;14699;Touques;;;0.111802;49.357943
14699_0320_00011;11;;Route de Honfleur;14800;14699;Touques;;;0.104356;49.345649
14699_0013_00005;5;;Rue du Clos Batteux;14800;14699;Touques;;;0.099989;49.350466
14699_zhviou_00022;22;;Domaine des Hauts d'Aguesseau;14800;14699;Touques;;;0.117288;49.367987
14699_b033_00001;1;;Chemin de la Coquetière;14800;14699;Touques;;;0.108731;49.346477
14699_g2py7i_00002;2;;Clos Poulain;14800;14699;Touques;;;0.117882;49.363108
14699_893lnl_00035;35;;Rue Aristide Briand;14800;14699;Touques;;;0.100787;49.346344
14699_b035_00006;6;;Chemin du Clos Batteux;14800;14699;Touques;;;0.101037;49.348918
14699_0558_00081;81;;Allée des Pommiers;14800;14699;Touques;;;0.113278;49.363267
14699_0558_00079;79;;Allée des Pommiers;14800;14699;Touques;;;0.112736;49.363809
14699_0436_00019;19;;Rue de Meautry;14800;14699;Touques;;;0.104752;49.342564
14699_0225_00011;11;;Rue de la Fosse Fournie;14800;14699;Touques;;;0.109754;49.350086
14699_0610_00005_bis;5;bis;Rue des Roses;14800;14699;Touques;;;0.103374;49.351449
14699_0420_00054_bis;54;bis;Rue Louvel et Brière;14800;14699;Touques;;;0.102137;49.34337
14699_893lnl_00002;2;;Rue Aristide Briand;14800;14699;Touques;;;0.102119;49.34499
14699_b037_00021;21;;Chemin du Marais;14800;14699;Touques;;;0.092829;49.352699
14699_0461_00006;6;;Rue Jean Monnet;14800;14699;Touques;;;0.098009;49.353599
14699_2opzu0_00007;7;;Rue des Anciennes Écoles;14800;14699;Touques;;;0.101577;49.342739
14699_dda1e6_00007_bis;7;bis;Rue Lecordeur;14800;14699;Touques;;;0.09838;49.347056
14699_0640_00009;9;;Rue de Saint-Andreasberg;14800;14699;Touques;;;0.104056;49.340605
14699_0010_00005;5;;Rue des Anciennes Salines;14800;14699;Touques;;;0.099061;49.343055
14699_0225_00026;26;;Rue de la Fosse Fournie;14800;14699;Touques;;;0.11029;49.350602
14699_0200_00008;8;;Chemin de l'Épinay;14800;14699;Touques;;;0.095612;49.355479
14699_0120_00004;4;;Rue du Docteur Lainé;14800;14699;Touques;;;0.095049;49.352934
14699_0680_00002;2;;Rue des Tulipes;14800;14699;Touques;;;0.09918;49.351067
14699_0228_00029;29;;Rue du Fourchi;14800;14699;Touques;;;0.107685;49.348547
14699_893lnl_00032;32;;Rue Aristide Briand;14800;14699;Touques;;;0.100075;49.347621
14699_0400_00016;16;;Place Lemercier;14800;14699;Touques;;;0.101627;49.343707
14699_b037_00002;2;;Chemin du Marais;14800;14699;Touques;;;0.092467;49.349925
14699_r7jiam_00046;46;;Domaine du Vert Coteau;14800;14699;Touques;;;0.095441;49.356372
14699_0110_00003;3;;Rue Daniel François Auber;14800;14699;Touques;;;0.102478;49.348715
14699_r7jiam_00084;84;;Domaine du Vert Coteau;14800;14699;Touques;;;0.095399;49.356079
14699_0120_00017;17;;Rue du Docteur Lainé;14800;14699;Touques;;;0.093712;49.354104
14699_0120_00038;38;;Rue du Docteur Lainé;14800;14699;Touques;;;0.092606;49.355616
14699_0306_00018;18;;Rue des Hauts Prés;14800;14699;Touques;;;0.101986;49.350968
14699_0400_00020;20;;Place Lemercier;14800;14699;Touques;;;0.101707;49.343779
14699_0077_00069;69;;Allée des Chênes;14800;14699;Touques;;;0.112541;49.362777
14699_0225_00034;34;;Rue de la Fosse Fournie;14800;14699;Touques;;;0.110995;49.351169
14699_0063_00030;30;;Rue Camille Saint-Saëns;14800;14699;Touques;;;0.101178;49.349315
14699_0005_00021;21;;Rue Alcuin;14800;14699;Touques;;;0.107597;49.346912
14699_0070_00005;5;;Avenue Charles de Gaulle;14800;14699;Touques;;;0.101795;49.347599
14699_0420_00037;37;;Rue Louvel et Brière;14800;14699;Touques;;;0.102658;49.342131
14699_0280_00001;1;;Rue des Glaieuls;14800;14699;Touques;;;0.100646;49.351925
14699_dda1e6_00001;1;;Rue Lecordeur;14800;14699;Touques;;;0.099185;49.34731
14699_893lnl_00012;12;;Rue Aristide Briand;14800;14699;Touques;;;0.101429;49.345884
14699_0380_00007;7;;Rue Legrip;14800;14699;Touques;;;0.102884;49.341394
14699_0225_00035;35;;Rue de la Fosse Fournie;14800;14699;Touques;;;0.111885;49.350691
14699_0070_00004;4;;Avenue Charles de Gaulle;14800;14699;Touques;;;0.103265;49.34691
14699_r7jiam_00060;60;;Domaine du Vert Coteau;14800;14699;Touques;;;0.094586;49.35632
14699_0420_00099;99;;Rue Louvel et Brière;14800;14699;Touques;;;0.10197;49.344439
14699_0307_00016;16;;Rue des Héros de la Résistance;14800;14699;Touques;;;0.100912;49.351041
14699_0110_00008;8;;Rue Daniel François Auber;14800;14699;Touques;;;0.102634;49.348751
14699_0200_00034;34;;Chemin de l'Épinay;14800;14699;Touques;;;0.098621;49.356892
14699_0100_00014;14;;Rue des Cyclamens;14800;14699;Touques;;;0.099116;49.352397
14699_0461_00026;26;;Rue Jean Monnet;14800;14699;Touques;;;0.098583;49.354857
14699_893lnl_00029;29;;Rue Aristide Briand;14800;14699;Touques;;;0.101551;49.345452
14699_0005_00003;3;;Rue Alcuin;14800;14699;Touques;;;0.108278;49.347485
14699_0310_00009;9;;Rue des Hirondelles;14800;14699;Touques;;;0.096938;49.357894
14699_n29xzd_00028;28;;Domaine Royal Panoramique;14800;14699;Touques;;;0.104913;49.347623
14699_0680_00009;9;;Rue des Tulipes;14800;14699;Touques;;;0.098882;49.351933
14699_b232_00005;5;;Chemin de Saint-Pierre;14800;14699;Touques;;;0.112712;49.343741
14699_0730_00013;13;;Rue du Vert Galant;14800;14699;Touques;;;0.097015;49.351871
14699_nlfrdd_00013;13;;Chemin du Roy;14800;14699;Touques;;;0.094703;49.349171
14699_0077_00067;67;;Allée des Chênes;14800;14699;Touques;;;0.112138;49.362301
14699_0352_00007;7;;Rue Jean-Philippe Rameau;14800;14699;Touques;;;0.101771;49.348119
14699_0306_00020;20;;Rue des Hauts Prés;14800;14699;Touques;;;0.101873;49.350872
14699_0420_00086;86;;Rue Louvel et Brière;14800;14699;Touques;;;0.102122;49.344411
14699_0730_00006;6;;Rue du Vert Galant;14800;14699;Touques;;;0.097691;49.352294
14699_0306_00002;2;;Rue des Hauts Prés;14800;14699;Touques;;;0.101038;49.351526
14699_b033_00010;10;;Chemin de la Coquetière;14800;14699;Touques;;;0.116177;49.346113
14699_0120_00040;40;;Rue du Docteur Lainé;14800;14699;Touques;;;0.092438;49.355794
14699_0063_00021;21;;Rue Camille Saint-Saëns;14800;14699;Touques;;;0.104328;49.348892
14699_0077_00030;30;;Allée des Chênes;14800;14699;Touques;;;0.112553;49.360022
14699_2opzu0_00003;3;;Rue des Anciennes Écoles;14800;14699;Touques;;;0.101721;49.342689
14699_b036_00017;17;;Chemin du Haut Bois;14800;14699;Touques;;;0.101733;49.352529
14699_0180_00012;12;;Rue des Églantiers;14800;14699;Touques;;;0.094579;49.355241
14699_b231_01408;1408;;Chemin de Dauboeuf;14800;14699;Touques;;;0.125582;49.360718
14699_0546_00001;1;;Rue des Peupliers;14800;14699;Touques;;;0.097943;49.345648
14699_0120_00014;14;;Rue du Docteur Lainé;14800;14699;Touques;;;0.09448;49.353559
14699_0460_00003;3;;Rue de la Mésange;14800;14699;Touques;;;0.095967;49.352632
14699_dda1e6_00003;3;;Rue Lecordeur;14800;14699;Touques;;;0.098994;49.347265
14699_wx5v5q_00003;3;;Le Vallon des Ouïes;14800;14699;Touques;;;0.1057;49.345748
14699_0632_00013;13;;Rue de Speyside;14800;14699;Touques;;;0.099953;49.349705
14699_b085_00042;42;;Domaine Les Manoirs du Haut Bois;14800;14699;Touques;;;0.103431;49.354563
14699_n29xzd_00036;36;;Domaine Royal Panoramique;14800;14699;Touques;;;0.105097;49.348662
14699_b232_00001;1;;Chemin de Saint-Pierre;14800;14699;Touques;;;0.108374;49.342796
14699_zhviou_00012;12;;Domaine des Hauts d'Aguesseau;14800;14699;Touques;;;0.115999;49.365371
14699_wx5v5q_00013;13;;Le Vallon des Ouïes;14800;14699;Touques;;;0.104904;49.344895
14699_0420_00084;84;;Rue Louvel et Brière;14800;14699;Touques;;;0.102027;49.344257
14699_wx5v5q_00004;4;;Le Vallon des Ouïes;14800;14699;Touques;;;0.10585;49.345737
14699_0063_00015;15;;Rue Camille Saint-Saëns;14800;14699;Touques;;;0.104776;49.349241
14699_9mno6u_00003;3;;Ancienne Route de Trouville;14800;14699;Touques;;;0.128727;49.372861
14699_0067_00026;26;;Rue des Écureuils;14800;14699;Touques;;;0.099611;49.356794
14699_0420_00101;101;;Rue Louvel et Brière;14800;14699;Touques;;;0.102023;49.344502
14699_0120_00008_c;8;c;Rue du Docteur Lainé;14800;14699;Touques;;;0.095704;49.353213
14699_0077_00066;66;;Allée des Chênes;14800;14699;Touques;;;0.112223;49.361882
14699_0013_00006;6;;Rue du Clos Batteux;14800;14699;Touques;;;0.099911;49.350359
14699_0308_00017;17;;Rue des Hauts de l'Épinay;14800;14699;Touques;;;0.098934;49.357894
14699_0352_00001;1;;Rue Jean-Philippe Rameau;14800;14699;Touques;;;0.102283;49.34803
14699_b085_00044;44;;Domaine Les Manoirs du Haut Bois;14800;14699;Touques;;;0.103305;49.354407
14699_0660_00006;6;;Place Saint-Pierre;14800;14699;Touques;;;0.103403;49.342269
14699_0307_00006;6;;Rue des Héros de la Résistance;14800;14699;Touques;;;0.100859;49.35121
14699_0063_00022;22;;Rue Camille Saint-Saëns;14800;14699;Touques;;;0.102437;49.348938
14699_0067_00006;6;;Rue des Écureuils;14800;14699;Touques;;;0.098467;49.356303
14699_b036_00009;9;;Chemin du Haut Bois;14800;14699;Touques;;;0.100421;49.351472
14699_0200_00017_ter;17;ter;Chemin de l'Épinay;14800;14699;Touques;;;0.09866;49.357409
14699_0280_00020;20;;Rue des Glaieuls;14800;14699;Touques;;;0.098749;49.353029
14699_0130_00008;8;;Rue Émile Dupont;14800;14699;Touques;;;0.110708;49.347703
14699_893lnl_00051_ter;51;ter;Rue Aristide Briand;14800;14699;Touques;;;0.09898;49.34832
14699_0077_00011;11;;Allée des Chênes;14800;14699;Touques;;;0.112595;49.365913
14699_0063_00024;24;;Rue Camille Saint-Saëns;14800;14699;Touques;;;0.101981;49.348945
14699_r7jiam_00088;88;;Domaine du Vert Coteau;14800;14699;Touques;;;0.095485;49.355998
14699_0010_00004;4;;Rue des Anciennes Salines;14800;14699;Touques;;;0.098571;49.343536
14699_nlfrdd_00005;5;;Chemin du Roy;14800;14699;Touques;;;0.096454;49.347526
14699_0436_00002;2;;Rue de Meautry;14800;14699;Touques;;;0.104474;49.342176
14699_b034_00010;10;;Chemin du Calvaire;14800;14699;Touques;;;0.11365;49.351095
14699_0420_00010;10;;Rue Louvel et Brière;14800;14699;Touques;;;0.10311;49.341713
14699_893lnl_00027;27;;Rue Aristide Briand;14800;14699;Touques;;;0.101672;49.345319
14699_0067_00012;12;;Rue des Écureuils;14800;14699;Touques;;;0.098151;49.356763
14699_b037_00006;6;;Chemin du Marais;14800;14699;Touques;;;0.093662;49.351358
14699_n29xzd_00030;30;;Domaine Royal Panoramique;14800;14699;Touques;;;0.104644;49.347935
14699_0306_00012;12;;Rue des Hauts Prés;14800;14699;Touques;;;0.101713;49.351263
14699_s4nivs_00004;4;;Domaine Les Yearlings;14800;14699;Touques;;;0.097675;49.3548
14699_0310_00001;1;;Rue des Hirondelles;14800;14699;Touques;;;0.097613;49.356785
14699_0320_00028;28;;Route de Honfleur;14800;14699;Touques;;;0.123357;49.364629
14699_b085_00040;40;;Domaine Les Manoirs du Haut Bois;14800;14699;Touques;;;0.103044;49.3548
14699_b036_00054;54;;Chemin du Haut Bois;14800;14699;Touques;;;0.113515;49.358909
14699_0065_00055;55;;Allée des Cerisiers;14800;14699;Touques;;;0.114444;49.362005
14699_0228_00033;33;;Rue du Fourchi;14800;14699;Touques;;;0.107465;49.348653
14699_zhviou_00009;9;;Domaine des Hauts d'Aguesseau;14800;14699;Touques;;;0.115871;49.36465
14699_wx5v5q_00014;14;;Le Vallon des Ouïes;14800;14699;Touques;;;0.104712;49.345129
14699_b036_00045;45;;Chemin du Haut Bois;14800;14699;Touques;;;0.109065;49.356845
14699_0306_00041;41;;Rue des Hauts Prés;14800;14699;Touques;;;0.102417;49.351162
14699_0605_00006;6;;Rue de la Reine Mathilde;14800;14699;Touques;;;0.099945;49.349135
14699_0420_00018;18;;Rue Louvel et Brière;14800;14699;Touques;;;0.102907;49.341889
14699_0306_00029;29;;Rue des Hauts Prés;14800;14699;Touques;;;0.101895;49.351362
14699_0420_00056;56;;Rue Louvel et Brière;14800;14699;Touques;;;0.102106;49.343415
14699_s4nivs_00012;12;;Domaine Les Yearlings;14800;14699;Touques;;;0.09596;49.354394
14699_0558_00110;110;;Allée des Pommiers;14800;14699;Touques;;;0.112648;49.364232
14699_0632_00002;2;;Rue de Speyside;14800;14699;Touques;;;0.098525;49.349982
14699_0306_00039;39;;Rue des Hauts Prés;14800;14699;Touques;;;0.102476;49.351221
14699_0013_00009;9;;Rue du Clos Batteux;14800;14699;Touques;;;0.10087;49.350458
14699_0120_00008_f;8;f;Rue du Docteur Lainé;14800;14699;Touques;;;0.095243;49.353334
14699_e6pngn_00001;1;;Chemin du Mont Poulain;14800;14699;Touques;;;0.118216;49.361561
14699_0610_00022;22;;Rue des Roses;14800;14699;Touques;;;0.105269;49.350718
14699_0065_00085;85;;Allée des Cerisiers;14800;14699;Touques;;;0.113647;49.361788
14699_r7jiam_00014;14;;Domaine du Vert Coteau;14800;14699;Touques;;;0.096985;49.356599
14699_0306_00005;5;;Rue des Hauts Prés;14800;14699;Touques;;;0.101457;49.351882
14699_0200_00036;36;;Chemin de l'Épinay;14800;14699;Touques;;;0.098655;49.357052
14699_0420_00054;54;;Rue Louvel et Brière;14800;14699;Touques;;;0.102157;49.343346
14699_0350_00026;26;;Rue des Jacinthes;14800;14699;Touques;;;0.104652;49.351532
14699_0200_00026;26;;Chemin de l'Épinay;14800;14699;Touques;;;0.097314;49.355987
14699_b228_00023;23;;Chemin du Roy;14800;14699;Touques;;;0.095395;49.349527
14699_0035_00003;3;;Rue des Bateliers;14800;14699;Touques;;;0.093491;49.34819
14699_n29xzd_00031;31;;Domaine Royal Panoramique;14800;14699;Touques;;;0.104518;49.348072
14699_0420_00019;19;;Rue Louvel et Brière;14800;14699;Touques;;;0.103497;49.341291
14699_0355_00004;4;;Rue Jules Massenet;14800;14699;Touques;;;0.103982;49.348605
14699_0090_00015;15;;Rue de la Cour Miocque;14800;14699;Touques;;;0.099605;49.35444
14699_b036_00003;3;;Chemin du Haut Bois;14800;14699;Touques;;;0.099895;49.351118
14699_893lnl_00025;25;;Rue Aristide Briand;14800;14699;Touques;;;0.101734;49.345248
14699_r7jiam_00018;18;;Domaine du Vert Coteau;14800;14699;Touques;;;0.096671;49.356721
14699_0425_00009;9;;Rue des Lys;14800;14699;Touques;;;0.104798;49.352863
14699_0100_00004;4;;Rue des Cyclamens;14800;14699;Touques;;;0.099646;49.352521
14699_0540_00008;8;;Rue des Oeillets;14800;14699;Touques;;;0.099919;49.35199
14699_0310_00016;16;;Rue des Hirondelles;14800;14699;Touques;;;0.097466;49.357017
14699_b033_00011;11;;Chemin de la Coquetière;14800;14699;Touques;;;0.116319;49.346299
14699_0610_00020;20;;Rue des Roses;14800;14699;Touques;;;0.104502;49.350909
14699_0260_00006;6;;Rue des Géraniums;14800;14699;Touques;;;0.098016;49.351289
14699_0420_00042;42;;Rue Louvel et Brière;14800;14699;Touques;;;0.102602;49.342679
14699_0280_00007;7;;Rue des Glaieuls;14800;14699;Touques;;;0.100251;49.352392
14699_s4nivs_00015;15;;Domaine Les Yearlings;14800;14699;Touques;;;0.096198;49.354555
14699_0350_00015;15;;Rue des Jacinthes;14800;14699;Touques;;;0.104488;49.351866
14699_0225_00008_bis;8;bis;Rue de la Fosse Fournie;14800;14699;Touques;;;0.109593;49.349373
14699_dda1e6_00009;9;;Rue Lecordeur;14800;14699;Touques;;;0.099156;49.347307
14699_0120_00043;43;;Rue du Docteur Lainé;14800;14699;Touques;;;0.092217;49.355765
14699_0620_00008;8;;Rue Schaeffer;14800;14699;Touques;;;0.103281;49.342767
14699_0225_00014;14;;Rue de la Fosse Fournie;14800;14699;Touques;;;0.109542;49.349647
14699_b036_00076;76;;Chemin du Haut Bois;14800;14699;Touques;;;0.118557;49.367516
14699_r7jiam_00076;76;;Domaine du Vert Coteau;14800;14699;Touques;;;0.095457;49.355701
14699_0460_00007;7;;Rue de la Mésange;14800;14699;Touques;;;0.097324;49.352901
14699_0067_00062;62;;Rue des Écureuils;14800;14699;Touques;;;0.100056;49.357349
14699_0532_00123;123;;Allée des Noyers;14800;14699;Touques;;;0.114429;49.364408
14699_0065_00133;133;;Allée des Cerisiers;14800;14699;Touques;;;0.114251;49.361862
14699_0420_00007;7;;Rue Louvel et Brière;14800;14699;Touques;;;0.1045;49.340603
14699_0320_00025;25;;Route de Honfleur;14800;14699;Touques;;;0.120011;49.355379
14699_0342_00005;5;;Rue des Hortensias;14800;14699;Touques;;;0.106342;49.351209
14699_0461_00005;5;;Rue Jean Monnet;14800;14699;Touques;;;0.097969;49.353367
14699_0420_00049;49;;Rue Louvel et Brière;14800;14699;Touques;;;0.102438;49.342646
14699_b085_00043;43;;Domaine Les Manoirs du Haut Bois;14800;14699;Touques;;;0.103373;49.354455
14699_0320_00036;36;;Route de Honfleur;14800;14699;Touques;;;0.127787;49.37222
14699_0610_00008;8;;Rue des Roses;14800;14699;Touques;;;0.102695;49.351588
14699_0400_00006;6;;Place Lemercier;14800;14699;Touques;;;0.101426;49.34326
14699_0320_00012;12;;Route de Honfleur;14800;14699;Touques;;;0.120731;49.356811
14699_0225_00054;54;;Rue de la Fosse Fournie;14800;14699;Touques;;;0.110638;49.349335
14699_0090_00004;4;;Rue de la Cour Miocque;14800;14699;Touques;;;0.098335;49.353964
14699_0352_00017;17;;Rue Jean-Philippe Rameau;14800;14699;Touques;;;0.101435;49.348892
14699_0180_00010;10;;Rue des Églantiers;14800;14699;Touques;;;0.094472;49.355257
14699_0532_00092;92;;Allée des Noyers;14800;14699;Touques;;;0.114786;49.365505
14699_0063_00002;2;;Rue Camille Saint-Saëns;14800;14699;Touques;;;0.102376;49.350005
14699_0425_00011;11;;Rue des Lys;14800;14699;Touques;;;0.104798;49.352763
14699_0500_00012;12;;Rue des Narcisses;14800;14699;Touques;;;0.100301;49.353481
14699_0420_00003;3;;Rue Louvel et Brière;14800;14699;Touques;;;0.104601;49.340527
14699_0090_00018;18;;Rue de la Cour Miocque;14800;14699;Touques;;;0.09945;49.353936
14699_0420_00035;35;;Rue Louvel et Brière;14800;14699;Touques;;;0.102689;49.341974
14699_0632_00005;5;;Rue de Speyside;14800;14699;Touques;;;0.098694;49.350431
14699_b033_00014;14;;Chemin de la Coquetière;14800;14699;Touques;;;0.118419;49.346741
14699_893lnl_00054;54;;Rue Aristide Briand;14800;14699;Touques;;;0.098352;49.349639
14699_b037_00007_bis;7;bis;Chemin du Marais;14800;14699;Touques;;;0.092337;49.3511
14699_0620_00002;2;;Rue Schaeffer;14800;14699;Touques;;;0.10265;49.34253
14699_0067_00023;23;;Rue des Écureuils;14800;14699;Touques;;;0.099338;49.356532
14699_b085_00037;37;;Domaine Les Manoirs du Haut Bois;14800;14699;Touques;;;0.102617;49.354621
14699_0420_00077;77;;Rue Louvel et Brière;14800;14699;Touques;;;0.10165;49.343887
14699_0420_00072;72;;Rue Louvel et Brière;14800;14699;Touques;;;0.10188;49.343809
14699_b085_00009;9;;Domaine Les Manoirs du Haut Bois;14800;14699;Touques;;;0.102198;49.354366
14699_0420_00002;2;;Rue Louvel et Brière;14800;14699;Touques;;;0.105252;49.340255
14699_893lnl_00014;14;;Rue Aristide Briand;14800;14699;Touques;;;0.101337;49.346006
14699_0280_00015;15;;Rue des Glaieuls;14800;14699;Touques;;;0.099517;49.35317
14699_s4nivs_00006;6;;Domaine Les Yearlings;14800;14699;Touques;;;0.096291;49.353434
14699_0460_00009;9;;Rue de la Mésange;14800;14699;Touques;;;0.097697;49.353101
14699_g2py7i_00001;1;;Clos Poulain;14800;14699;Touques;;;0.117707;49.362975
14699_0420_00073;73;;Rue Louvel et Brière;14800;14699;Touques;;;0.102044;49.343298
14699_b033_00024_a;24;a;Chemin de la Coquetière;14800;14699;Touques;;;0.126942;49.346252
14699_0632_00006;6;;Rue de Speyside;14800;14699;Touques;;;0.099358;49.349623
14699_0200_00018;18;;Chemin de l'Épinay;14800;14699;Touques;;;0.096173;49.355789
14699_0228_00010;10;;Rue du Fourchi;14800;14699;Touques;;;0.108482;49.348331
14699_b033_00015_bis;15;bis;Chemin de la Coquetière;14800;14699;Touques;;;0.126846;49.34639
14699_893lnl_00009;9;;Rue Aristide Briand;14800;14699;Touques;;;0.10198;49.344927
14699_n29xzd_00008;8;;Domaine Royal Panoramique;14800;14699;Touques;;;0.106418;49.34875
14699_0090_00050;50;;Rue de la Cour Miocque;14800;14699;Touques;;;0.098953;49.354863
14699_0420_00004;4;;Rue Louvel et Brière;14800;14699;Touques;;;0.103224;49.341628
14699_0310_00005;5;;Rue des Hirondelles;14800;14699;Touques;;;0.096677;49.357304
14699_893lnl_00023;23;;Rue Aristide Briand;14800;14699;Touques;;;0.101803;49.345153
14699_0120_00010;10;;Rue du Docteur Lainé;14800;14699;Touques;;;0.094692;49.353329
14699_893lnl_00024;24;;Rue Aristide Briand;14800;14699;Touques;;;0.100504;49.34693
14699_0320_00017;17;;Route de Honfleur;14800;14699;Touques;;;0.114427;49.347828
14699_0360_00010;10;;Rue Lecordeur;14800;14699;Touques;;;0.09995;49.346373
14699_b037_00015;15;;Chemin du Marais;14800;14699;Touques;;;0.092987;49.352248
14699_0320_00046;46;;Route de Honfleur;14800;14699;Touques;;;0.128299;49.373547
14699_0345_00027;27;;Rue des Iris;14800;14699;Touques;;;0.10597;49.351683
14699_0063_00016;16;;Rue Camille Saint-Saëns;14800;14699;Touques;;;0.103355;49.349032
14699_0320_00026;26;;Route de Honfleur;14800;14699;Touques;;;0.123088;49.364117
14699_0632_00004_bis;4;bis;Rue de Speyside;14800;14699;Touques;;;0.099099;49.349815
14699_0200_00028;28;;Chemin de l'Épinay;14800;14699;Touques;;;0.097257;49.356386
14699_b033_00024_b;24;b;Chemin de la Coquetière;14800;14699;Touques;;;0.127091;49.346053
14699_0280_00004;4;;Rue des Glaieuls;14800;14699;Touques;;;0.10043;49.352535
14699_0080_00024;24;;Rue des Chèvrefeuilles;14800;14699;Touques;;;0.094062;49.356356
14699_0225_00001;1;;Rue de la Fosse Fournie;14800;14699;Touques;;;0.108464;49.349423
14699_b036_00062;62;;Chemin du Haut Bois;14800;14699;Touques;;;0.116514;49.363359
14699_0067_00016;16;;Rue des Écureuils;14800;14699;Touques;;;0.098652;49.356635
14699_0012_00007;7;;Chemin des Arguillers;14800;14699;Touques;;;0.12701;49.365032
14699_0420_00087;87;;Rue Louvel et Brière;14800;14699;Touques;;;0.101728;49.344114
14699_0463_00008_bis;8;bis;Quai Monrival;14800;14699;Touques;;;0.102908;49.340841
14699_0067_00020;20;;Rue des Écureuils;14800;14699;Touques;;;0.09914;49.356492
14699_b085_00001;1;;Domaine Les Manoirs du Haut Bois;14800;14699;Touques;;;0.102679;49.35401
14699_b231_01587;1587;;Chemin de Dauboeuf;14800;14699;Touques;;;0.126821;49.36199
14699_0420_00044;44;;Rue Louvel et Brière;14800;14699;Touques;;;0.102546;49.342799
14699_0420_00046;46;;Rue Louvel et Brière;14800;14699;Touques;;;0.10245;49.342961
14699_0070_00008_bis;8;bis;Avenue Charles de Gaulle;14800;14699;Touques;;;0.103726;49.348081
14699_b033_00017;17;;Chemin de la Coquetière;14800;14699;Touques;;;0.12802;49.34703
14699_b231_00612;612;;Chemin de Dauboeuf;14800;14699;Touques;;;0.124246;49.354115
14699_0720_00002;2;;Rue de Verdun;14800;14699;Touques;;;0.102135;49.346128
14699_0120_00028;28;;Rue du Docteur Lainé;14800;14699;Touques;;;0.093521;49.354607
14699_b085_00003;3;;Domaine Les Manoirs du Haut Bois;14800;14699;Touques;;;0.102016;49.353781
14699_0077_00012;12;;Allée des Chênes;14800;14699;Touques;;;0.112258;49.365819
14699_0228_00013;13;;Rue du Fourchi;14800;14699;Touques;;;0.108294;49.348912
14699_s4nivs_00008;8;;Domaine Les Yearlings;14800;14699;Touques;;;0.096119;49.353639
14699_0070_00010;10;;Avenue Charles de Gaulle;14800;14699;Touques;;;0.105113;49.348795
14699_0345_00022;22;;Rue des Iris;14800;14699;Touques;;;0.105479;49.351718
14699_0228_00012;12;;Rue du Fourchi;14800;14699;Touques;;;0.108354;49.348281
14699_0345_00017;17;;Rue des Iris;14800;14699;Touques;;;0.105825;49.352228
14699_0558_00111;111;;Allée des Pommiers;14800;14699;Touques;;;0.112843;49.363937
14699_0420_00091;91;;Rue Louvel et Brière;14800;14699;Touques;;;0.101817;49.344255
14699_0532_00103;103;;Allée des Noyers;14800;14699;Touques;;;0.113575;49.365222
14699_0080_00014;14;;Rue des Chèvrefeuilles;14800;14699;Touques;;;0.09441;49.35572
14699_s4nivs_00017;17;;Domaine Les Yearlings;14800;14699;Touques;;;0.096606;49.354439
14699_0120_00001;1;;Rue du Docteur Lainé;14800;14699;Touques;;;0.09481;49.352908
14699_0225_00012;12;;Rue de la Fosse Fournie;14800;14699;Touques;;;0.109703;49.349654
14699_0070_00020;20;;Avenue Charles de Gaulle;14800;14699;Touques;;;0.107918;49.350685
14699_er3qo0_00001;1;;Allée du Grenier à Sel;14800;14699;Touques;;;0.101936;49.342403
14699_0320_00011_ter;11;ter;Route de Honfleur;14800;14699;Touques;;;0.104579;49.345788
14699_1m97pp_00006;6;;Impasse Cité Marie;14800;14699;Touques;;;0.101388;49.345186
14699_0420_00009;9;;Rue Louvel et Brière;14800;14699;Touques;;;0.104447;49.340636
14699_0090_00026;26;;Rue de la Cour Miocque;14800;14699;Touques;;;0.099998;49.354002
14699_0350_00017;17;;Rue des Jacinthes;14800;14699;Touques;;;0.104791;49.351632
14699_0700_00006;6;;Rue de la Vallée d'Auge;14800;14699;Touques;;;0.095259;49.346807
14699_0590_00012;12;;Rue du Pré de la Hache;14800;14699;Touques;;;0.107543;49.348139
14699_0120_00041;41;;Rue du Docteur Lainé;14800;14699;Touques;;;0.092325;49.355634
14699_0620_00011;11;;Rue Schaeffer;14800;14699;Touques;;;0.103736;49.343647
14699_0120_00011;11;;Rue du Docteur Lainé;14800;14699;Touques;;;0.094321;49.353447
14699_r7jiam_00050;50;;Domaine du Vert Coteau;14800;14699;Touques;;;0.095065;49.356356
14699_0200_00022;22;;Chemin de l'Épinay;14800;14699;Touques;;;0.096553;49.355987
14699_b033_00016;16;;Chemin de la Coquetière;14800;14699;Touques;;;0.119457;49.347195
14699_0225_00010;10;;Rue de la Fosse Fournie;14800;14699;Touques;;;0.109738;49.349471
14699_0632_00015;15;;Rue de Speyside;14800;14699;Touques;;;0.100206;49.34964
14699_0345_00010;10;;Rue des Iris;14800;14699;Touques;;;0.104169;49.352543
14699_0532_00105;105;;Allée des Noyers;14800;14699;Touques;;;0.113727;49.364602
14699_0420_00080;80;;Rue Louvel et Brière;14800;14699;Touques;;;0.101985;49.344107
14699_0320_00027;27;;Route de Honfleur;14800;14699;Touques;;;0.121011;49.359609
14699_0460_00006;6;;Rue de la Mésange;14800;14699;Touques;;;0.096739;49.352562
14699_b085_00047;47;;Domaine Les Manoirs du Haut Bois;14800;14699;Touques;;;0.102992;49.354036
14699_0532_00101;101;;Allée des Noyers;14800;14699;Touques;;;0.114677;49.366683
14699_0420_00041;41;;Rue Louvel et Brière;14800;14699;Touques;;;0.102562;49.342256
14699_0120_00031;31;;Rue du Docteur Lainé;14800;14699;Touques;;;0.092581;49.355356
14699_893lnl_00003;3;;Rue Aristide Briand;14800;14699;Touques;;;0.102053;49.344823
14699_893lnl_00049_b;49;b;Rue Aristide Briand;14800;14699;Touques;;;0.099454;49.347804
14699_0558_00112;112;;Allée des Pommiers;14800;14699;Touques;;;0.113896;49.363112
14699_0320_00008;8;;Route de Honfleur;14800;14699;Touques;;;0.119365;49.351582
14699_0610_00030;30;;Rue des Roses;14800;14699;Touques;;;0.106513;49.350793
14699_0420_00083;83;;Rue Louvel et Brière;14800;14699;Touques;;;0.101669;49.344009
14699_0700_00004;4;;Rue de la Vallée d'Auge;14800;14699;Touques;;;0.09511;49.347068
14699_b035_00003;3;;Chemin du Clos Batteux;14800;14699;Touques;;;0.10049;49.347759
14699_0532_00008;8;;Allée des Noyers;14800;14699;Touques;;;0.113743;49.366451
14699_0310_00008;8;;Rue des Hirondelles;14800;14699;Touques;;;0.096884;49.357688
14699_n29xzd_00026;26;;Domaine Royal Panoramique;14800;14699;Touques;;;0.105116;49.34761
14699_b085_00046;46;;Domaine Les Manoirs du Haut Bois;14800;14699;Touques;;;0.103069;49.354228
14699_0225_00038;38;;Rue de la Fosse Fournie;14800;14699;Touques;;;0.11133;49.350703
14699_0010_00001;1;;Rue des Anciennes Salines;14800;14699;Touques;;;0.099316;49.343573
14699_0353_00003;3;;Rue des Jonquilles;14800;14699;Touques;;;0.103606;49.350721
14699_r7jiam_00092;92;;Domaine du Vert Coteau;14800;14699;Touques;;;0.09589;49.355992
14699_0228_00019;19;;Rue du Fourchi;14800;14699;Touques;;;0.108099;49.34879
14699_b036_00068;68;;Chemin du Haut Bois;14800;14699;Touques;;;0.117176;49.365379
14699_2opzu0_00002;2;;Rue des Anciennes Écoles;14800;14699;Touques;;;0.101605;49.342571
14699_0610_00026;26;;Rue des Roses;14800;14699;Touques;;;0.105792;49.350643
14699_zhviou_00002;2;;Domaine des Hauts d'Aguesseau;14800;14699;Touques;;;0.116304;49.365793
14699_s4nivs_00014;14;;Domaine Les Yearlings;14800;14699;Touques;;;0.096071;49.354547
14699_b034_00001_bis;1;bis;Chemin du Calvaire;14800;14699;Touques;;;0.106393;49.346672
14699_0461_00002;2;;Rue Jean Monnet;14800;14699;Touques;;;0.098133;49.353365
14699_0090_00032;32;;Rue de la Cour Miocque;14800;14699;Touques;;;0.100287;49.354092
14699_0345_00029;29;;Rue des Iris;14800;14699;Touques;;;0.105761;49.351608
14699_0090_00012;12;;Rue de la Cour Miocque;14800;14699;Touques;;;0.098705;49.353897
14699_0532_00104;104;;Allée des Noyers;14800;14699;Touques;;;0.113645;49.364828
14699_0077_00026;26;;Allée des Chênes;14800;14699;Touques;;;0.111881;49.36135
14699_0308_00001;1;;Rue des Hauts de l'Épinay;14800;14699;Touques;;;0.098869;49.357638
14699_0590_00020;20;;Rue du Pré de la Hache;14800;14699;Touques;;;0.107403;49.348372
14699_0077_00024;24;;Allée des Chênes;14800;14699;Touques;;;0.111613;49.361915
14699_0067_00034;34;;Rue des Écureuils;14800;14699;Touques;;;0.098916;49.35697
14699_0225_00049;49;;Rue de la Fosse Fournie;14800;14699;Touques;;;0.110876;49.349552
14699_0590_00017;17;;Rue du Pré de la Hache;14800;14699;Touques;;;0.10713;49.348395
14699_0307_00012;12;;Rue des Héros de la Résistance;14800;14699;Touques;;;0.100658;49.351181
14699_0605_00005;5;;Rue de la Reine Mathilde;14800;14699;Touques;;;0.100542;49.349262
14699_b036_00007;7;;Chemin du Haut Bois;14800;14699;Touques;;;0.100327;49.351396
14699_0400_00007;7;;Place Lemercier;14800;14699;Touques;;;0.101297;49.343435
14699_0306_00021;21;;Rue des Hauts Prés;14800;14699;Touques;;;0.101914;49.351593
14699_0605_00003;3;;Rue de la Reine Mathilde;14800;14699;Touques;;;0.100743;49.349375
14699_b232_00014;14;;Chemin de Saint-Pierre;14800;14699;Touques;;;0.122899;49.34602
14699_0063_00004;4;;Rue Camille Saint-Saëns;14800;14699;Touques;;;0.102711;49.349967
14699_0090_00038;38;;Rue de la Cour Miocque;14800;14699;Touques;;;0.100088;49.354338
14699_0420_00065;65;;Rue Louvel et Brière;14800;14699;Touques;;;0.10218;49.343107
14699_b232_00015;15;;Chemin de Saint-Pierre;14800;14699;Touques;;;0.115018;49.343801
14699_0225_00031;31;;Rue de la Fosse Fournie;14800;14699;Touques;;;0.111579;49.350967
14699_0066_00003;3;;Impasse Cesar Franck;14800;14699;Touques;;;0.10302;49.348208
14699_b036_00036;36;;Chemin du Haut Bois;14800;14699;Touques;;;0.103744;49.353491
14699_0632_00001;1;;Rue de Speyside;14800;14699;Touques;;;0.098293;49.350242
14699_0350_00014;14;;Rue des Jacinthes;14800;14699;Touques;;;0.103676;49.351939
14699_b034_00011;11;;Chemin du Calvaire;14800;14699;Touques;;;0.109995;49.348752
14699_0605_00001;1;;Rue de la Reine Mathilde;14800;14699;Touques;;;0.099726;49.34931
14699_n29xzd_00025;25;;Domaine Royal Panoramique;14800;14699;Touques;;;0.105148;49.347746
14699_0532_00001;1;;Allée des Noyers;14800;14699;Touques;;;0.115965;49.368168
14699_0558_00058;58;;Allée des Pommiers;14800;14699;Touques;;;0.115597;49.362632
14699_0345_00018;18;;Rue des Iris;14800;14699;Touques;;;0.105158;49.352213
14699_0420_00005;5;;Rue Louvel et Brière;14800;14699;Touques;;;0.104546;49.340571
14699_0013_00002;2;;Rue du Clos Batteux;14800;14699;Touques;;;0.099624;49.350631
14699_0500_00006;6;;Rue des Narcisses;14800;14699;Touques;;;0.100641;49.353474
14699_0228_00011;11;;Rue du Fourchi;14800;14699;Touques;;;0.108394;49.348926
14699_n29xzd_00005;5;;Domaine Royal Panoramique;14800;14699;Touques;;;0.106024;49.349156
14699_0320_00038;38;;Route de Honfleur;14800;14699;Touques;;;0.127848;49.372456
14699_0280_00018;18;;Rue des Glaieuls;14800;14699;Touques;;;0.099004;49.353128
14699_1m97pp_00007;7;;Impasse Cité Marie;14800;14699;Touques;;;0.101333;49.345164
14699_0120_00039;39;;Rue du Docteur Lainé;14800;14699;Touques;;;0.092389;49.355568
14699_0460_00001;1;;Rue de la Mésange;14800;14699;Touques;;;0.095965;49.352427
14699_0225_00007;7;;Rue de la Fosse Fournie;14800;14699;Touques;;;0.109161;49.349862
14699_0436_00013;13;;Rue de Meautry;14800;14699;Touques;;;0.104059;49.342108
14699_0345_00009;9;;Rue des Iris;14800;14699;Touques;;;0.104624;49.352524
14699_0420_00090;90;;Rue Louvel et Brière;14800;14699;Touques;;;0.10222;49.344522
14699_0461_00028;28;;Rue Jean Monnet;14800;14699;Touques;;;0.099135;49.355114
14699_0067_00024;24;;Rue des Écureuils;14800;14699;Touques;;;0.099408;49.356754
14699_0225_00029;29;;Rue de la Fosse Fournie;14800;14699;Touques;;;0.111375;49.351121
14699_9mno6u_00001;1;;Ancienne Route de Trouville;14800;14699;Touques;;;0.128629;49.372884
14699_0353_00002;2;;Rue des Jonquilles;14800;14699;Touques;;;0.103145;49.351319
14699_0620_00026;26;;Rue Schaeffer;14800;14699;Touques;;;0.103952;49.34502
14699_b036_00052;52;;Chemin du Haut Bois;14800;14699;Touques;;;0.112741;49.358379
14699_0308_00018;18;;Rue des Hauts de l'Épinay;14800;14699;Touques;;;0.09904;49.357684
14699_0120_00005;5;;Rue du Docteur Lainé;14800;14699;Touques;;;0.0947;49.353028
14699_0320_00040;40;;Route de Honfleur;14800;14699;Touques;;;0.128028;49.372968
14699_r7jiam_00082;82;;Domaine du Vert Coteau;14800;14699;Touques;;;0.095389;49.355993
14699_vseng4_00001;1;;Chemin des Novets;14800;14699;Touques;;;0.100447;49.347549
14699_0590_00018;18;;Rue du Pré de la Hache;14800;14699;Touques;;;0.107179;49.348426
14699_wx5v5q_00016;16;;Le Vallon des Ouïes;14800;14699;Touques;;;0.105029;49.345371
14699_893lnl_00051;51;;Rue Aristide Briand;14800;14699;Touques;;;0.099153;49.34813
14699_0063_00013_bis;13;bis;Rue Camille Saint-Saëns;14800;14699;Touques;;;0.104797;49.349358
14699_s4nivs_00001;1;;Domaine Les Yearlings;14800;14699;Touques;;;0.097424;49.354787
14699_9mno6u_00004;4;;Ancienne Route de Trouville;14800;14699;Touques;;;0.129189;49.372884
14699_0400_00001;1;;Place Lemercier;14800;14699;Touques;;;0.101987;49.343321
14699_0005_00023;23;;Rue Alcuin;14800;14699;Touques;;;0.107302;49.346808
14699_0080_00003;3;;Rue des Chèvrefeuilles;14800;14699;Touques;;;0.094437;49.355564
14699_0545_00059;59;;Allée des Ormes;14800;14699;Touques;;;0.114579;49.360417
14699_0353_00014;14;;Rue des Jonquilles;14800;14699;Touques;;;0.104043;49.349924
14699_0400_00011;11;;Place Lemercier;14800;14699;Touques;;;0.101309;49.343569
14699_r7jiam_00058;58;;Domaine du Vert Coteau;14800;14699;Touques;;;0.094468;49.356364
14699_0307_00010;10;;Rue des Héros de la Résistance;14800;14699;Touques;;;0.100601;49.351214
14699_wx5v5q_00020;20;;Le Vallon des Ouïes;14800;14699;Touques;;;0.105441;49.345004
14699_0730_00011;11;;Rue du Vert Galant;14800;14699;Touques;;;0.097768;49.352
14699_0420_00021;21;;Rue Louvel et Brière;14800;14699;Touques;;;0.103308;49.341403
14699_0520_00001;1;;Rue des Novets;14800;14699;Touques;;;0.104722;49.346412
14699_0463_00002;2;;Quai Monrival;14800;14699;Touques;;;0.103294;49.340419
14699_0352_00006;6;;Rue Jean-Philippe Rameau;14800;14699;Touques;;;0.101752;49.348518
14699_0067_00059;59;;Rue des Écureuils;14800;14699;Touques;;;0.100464;49.357183
14699_0067_00014;14;;Rue des Écureuils;14800;14699;Touques;;;0.098277;49.356607
14699_0228_00003;3;;Rue du Fourchi;14800;14699;Touques;;;0.108683;49.348725
14699_0228_00063;63;;Rue du Fourchi;14800;14699;Touques;;;0.107652;49.349415
14699_0130_00001;1;;Rue Émile Dupont;14800;14699;Touques;;;0.110848;49.348003
14699_0532_00009;9;;Allée des Noyers;14800;14699;Touques;;;0.113592;49.366231
14699_0225_00008;8;;Rue de la Fosse Fournie;14800;14699;Touques;;;0.109451;49.34943
14699_0420_00069;69;;Rue Louvel et Brière;14800;14699;Touques;;;0.102129;49.343176
14699_b231_00218;218;;Chemin de Dauboeuf;14800;14699;Touques;;;0.121003;49.351233
14699_0700_00012;12;;Rue de la Vallée d'Auge;14800;14699;Touques;;;0.096299;49.345361
14699_0065_00083;83;;Allée des Cerisiers;14800;14699;Touques;;;0.113694;49.362518
14699_0306_00016;16;;Rue des Hauts Prés;14800;14699;Touques;;;0.101943;49.351136
14699_0228_00032;32;;Rue du Fourchi;14800;14699;Touques;;;0.107207;49.349354
14699_0010_00011;11;;Rue des Anciennes Salines;14800;14699;Touques;;;0.099164;49.342534
14699_0680_00018;18;;Rue des Tulipes;14800;14699;Touques;;;0.098348;49.353114
14699_b036_00072;72;;Chemin du Haut Bois;14800;14699;Touques;;;0.118496;49.367233
14699_6cox6r_00001;1;;Chemin du Hameau du Lièvre à la Forêt;14800;14699;Touques;;;0.123481;49.348297
14699_0013_00010;10;;Rue du Clos Batteux;14800;14699;Touques;;;0.100386;49.350087
14699_0090_00028;28;;Rue de la Cour Miocque;14800;14699;Touques;;;0.100075;49.354035
14699_b085_00007;7;;Domaine Les Manoirs du Haut Bois;14800;14699;Touques;;;0.101964;49.354019
14699_0228_00028;28;;Rue du Fourchi;14800;14699;Touques;;;0.107011;49.349205
14699_0200_00020;20;;Chemin de l'Épinay;14800;14699;Touques;;;0.096258;49.355832
14699_0423_00003;3;;Rue des Lupins;14800;14699;Touques;;;0.104445;49.350369
14699_b037_00027;27;;Chemin du Marais;14800;14699;Touques;;;0.092776;49.353271
14699_0425_00001;1;;Rue des Lys;14800;14699;Touques;;;0.104056;49.352923
14699_b036_00061;61;;Chemin du Haut Bois;14800;14699;Touques;;;0.117278;49.366101
14699_0461_00020;20;;Rue Jean Monnet;14800;14699;Touques;;;0.098335;49.354701
14699_0306_00008;8;;Rue des Hauts Prés;14800;14699;Touques;;;0.101223;49.351548
14699_c8akjk_00003;3;;Rue le Clos des Novets;14800;14699;Touques;;;0.108291;49.350293
14699_0353_00008;8;;Rue des Jonquilles;14800;14699;Touques;;;0.103375;49.350711
14699_b034_00002;2;;Chemin du Calvaire;14800;14699;Touques;;;0.10773;49.34746
14699_n29xzd_00034;34;;Domaine Royal Panoramique;14800;14699;Touques;;;0.104783;49.34841
14699_r7jiam_00048;48;;Domaine du Vert Coteau;14800;14699;Touques;;;0.095172;49.356347
14699_n29xzd_00007;7;;Domaine Royal Panoramique;14800;14699;Touques;;;0.106185;49.348917
14699_0228_00002;2;;Rue du Fourchi;14800;14699;Touques;;;0.10892;49.348599
14699_b231_00610;610;;Chemin de Dauboeuf;14800;14699;Touques;;;0.124208;49.353968
14699_0545_00041;41;;Allée des Ormes;14800;14699;Touques;;;0.116477;49.361263
14699_0423_00004;4;;Rue des Lupins;14800;14699;Touques;;;0.104826;49.350253
14699_0420_00051;51;;Rue Louvel et Brière;14800;14699;Touques;;;0.10243;49.342689
14699_0590_00001;1;;Rue du Pré de la Hache;14800;14699;Touques;;;0.107797;49.348072
14699_b036_00022;22;;Chemin du Haut Bois;14800;14699;Touques;;;0.101801;49.352359
14699_nlfrdd_00011;11;;Chemin du Roy;14800;14699;Touques;;;0.09501;49.34891
14699_0560_00015;15;;Rue de la Poste;14800;14699;Touques;;;0.102396;49.343561
14699_0306_00023;23;;Rue des Hauts Prés;14800;14699;Touques;;;0.102013;49.351546
14699_n29xzd_00027;27;;Domaine Royal Panoramique;14800;14699;Touques;;;0.105033;49.347594
14699_b231_01657;1657;;Chemin de Dauboeuf;14800;14699;Touques;;;0.127599;49.362609
14699_0352_00009;9;;Rue Jean-Philippe Rameau;14800;14699;Touques;;;0.101674;49.348238
14699_0250_00008;8;;Rue Georges Roger;14800;14699;Touques;;;0.103066;49.344347
14699_0228_00057;57;;Rue du Fourchi;14800;14699;Touques;;;0.107895;49.349225
14699_0345_00014;14;;Rue des Iris;14800;14699;Touques;;;0.104608;49.352388
14699_0228_00047;47;;Rue du Fourchi;14800;14699;Touques;;;0.107587;49.349132
14699_n29xzd_00004;4;;Domaine Royal Panoramique;14800;14699;Touques;;;0.105996;49.34904
14699_0532_00007;7;;Allée des Noyers;14800;14699;Touques;;;0.114106;49.366677
14699_0065_00132;132;;Allée des Cerisiers;14800;14699;Touques;;;0.113817;49.361228
14699_0632_00011;11;;Rue de Speyside;14800;14699;Touques;;;0.099288;49.349906
14699_0310_00014;14;;Rue des Hirondelles;14800;14699;Touques;;;0.096959;49.357302
14699_0352_00005;5;;Rue Jean-Philippe Rameau;14800;14699;Touques;;;0.101977;49.348021
14699_b036_00055_bis;55;bis;Chemin du Haut Bois;14800;14699;Touques;;;0.113579;49.35912
14699_0080_00006_bis;6;bis;Rue des Chèvrefeuilles;14800;14699;Touques;;;0.09492;49.355543
14699_b085_00048;48;;Domaine Les Manoirs du Haut Bois;14800;14699;Touques;;;0.102968;49.353915
14699_g2py7i_00005;5;;Clos Poulain;14800;14699;Touques;;;0.118926;49.363073
14699_0610_00017;17;;Rue des Roses;14800;14699;Touques;;;0.106406;49.350924
14699_ks5qks_00001;1;;Place des Anciennes Écoles;14800;14699;Touques;;;0.101307;49.343
14699_b231_01122;1122;;Chemin de Dauboeuf;14800;14699;Touques;;;0.127444;49.358541
14699_b036_00056;56;;Chemin du Haut Bois;14800;14699;Touques;;;0.117421;49.361935
14699_0228_00018;18;;Rue du Fourchi;14800;14699;Touques;;;0.106987;49.34886
14699_0610_00024;24;;Rue des Roses;14800;14699;Touques;;;0.105615;49.350658
14699_0308_00015;15;;Rue des Hauts de l'Épinay;14800;14699;Touques;;;0.098303;49.358099
14699_0067_00017;17;;Rue des Écureuils;14800;14699;Touques;;;0.098678;49.356471
14699_0225_00018;18;;Rue de la Fosse Fournie;14800;14699;Touques;;;0.110204;49.349749
14699_0200_00026_bis;26;bis;Chemin de l'Épinay;14800;14699;Touques;;;0.097194;49.355964
14699_b034_00005;5;;Chemin du Calvaire;14800;14699;Touques;;;0.107815;49.347351
14699_0065_00088;88;;Allée des Cerisiers;14800;14699;Touques;;;0.113786;49.360871
14699_0345_00006;6;;Rue des Iris;14800;14699;Touques;;;0.10382;49.352721
14699_b037_00009;9;;Chemin du Marais;14800;14699;Touques;;;0.093446;49.352092
14699_0320_00029;29;;Route de Honfleur;14800;14699;Touques;;;0.121977;49.362348
14699_0180_00013;13;;Rue des Églantiers;14800;14699;Touques;;;0.093963;49.355407
14699_0670_00003;3;;Rue des Tonneliers;14800;14699;Touques;;;0.093885;49.347538
14699_b036_00019;19;;Chemin du Haut Bois;14800;14699;Touques;;;0.101867;49.35261
14699_e6pngn_00003;3;;Chemin du Mont Poulain;14800;14699;Touques;;;0.118513;49.361661
14699_0420_00055;55;;Rue Louvel et Brière;14800;14699;Touques;;;0.10238;49.34282
14699_0420_00094;94;;Rue Louvel et Brière;14800;14699;Touques;;;0.102311;49.344561
14699_0306_00006;6;;Rue des Hauts Prés;14800;14699;Touques;;;0.100877;49.351382
14699_b085_00039;39;;Domaine Les Manoirs du Haut Bois;14800;14699;Touques;;;0.102875;49.354802
14699_b085_00041;41;;Domaine Les Manoirs du Haut Bois;14800;14699;Touques;;;0.103227;49.354697
14699_0632_00008;8;;Rue de Speyside;14800;14699;Touques;;;0.099563;49.349534
14699_0605_00004;4;;Rue de la Reine Mathilde;14800;14699;Touques;;;0.099688;49.349077
14699_0436_00009;9;;Rue de Meautry;14800;14699;Touques;;;0.103758;49.341925
14699_0063_00032;32;;Rue Camille Saint-Saëns;14800;14699;Touques;;;0.10115;49.349356
14699_0320_00007;7;;Route de Honfleur;14800;14699;Touques;;;0.102799;49.344937
14699_0420_00031;31;;Rue Louvel et Brière;14800;14699;Touques;;;0.10278;49.341814
14699_b231_00234;234;;Chemin de Dauboeuf;14800;14699;Touques;;;0.121196;49.351288
14699_6cox6r_00002;2;;Chemin du Hameau du Lièvre à la Forêt;14800;14699;Touques;;;0.123947;49.348424
14699_zhviou_00028;28;;Domaine des Hauts d'Aguesseau;14800;14699;Touques;;;0.117027;49.366343
14699_0308_00009;9;;Rue des Hauts de l'Épinay;14800;14699;Touques;;;0.097141;49.358566
14699_b231_00338;338;;Chemin de Dauboeuf;14800;14699;Touques;;;0.122215;49.351965
14699_0400_00010;10;;Place Lemercier;14800;14699;Touques;;;0.101265;49.34354
14699_0310_00013;13;;Rue des Hirondelles;14800;14699;Touques;;;0.096997;49.35762
14699_b033_00008;8;;Chemin de la Coquetière;14800;14699;Touques;;;0.112786;49.346075
14699_b036_00035;35;;Chemin du Haut Bois;14800;14699;Touques;;;0.104398;49.353951
14699_0345_00035;35;;Rue des Iris;14800;14699;Touques;;;0.105095;49.351044
14699_b035_00001;1;;Chemin du Clos Batteux;14800;14699;Touques;;;0.10123;49.347927
14699_893lnl_00060;60;;Rue Aristide Briand;14800;14699;Touques;;;0.097608;49.350232
14699_0345_00008;8;;Rue des Iris;14800;14699;Touques;;;0.103989;49.35263
14699_0307_00013;13;;Rue des Héros de la Résistance;14800;14699;Touques;;;0.101435;49.350667
14699_0120_00033;33;;Rue du Docteur Lainé;14800;14699;Touques;;;0.09255;49.355396
14699_vseng4_00001_bis;1;bis;Chemin des Novets;14800;14699;Touques;;;0.100222;49.347682
14699_0200_00016_bis;16;bis;Chemin de l'Épinay;14800;14699;Touques;;;0.096104;49.355754
14699_0320_00022;22;;Route de Honfleur;14800;14699;Touques;;;0.122773;49.363461
14699_0120_00025;25;;Rue du Docteur Lainé;14800;14699;Touques;;;0.092829;49.35506
14699_0420_00057;57;;Rue Louvel et Brière;14800;14699;Touques;;;0.102332;49.34287
14699_0067_00060;60;;Rue des Écureuils;14800;14699;Touques;;;0.100236;49.357049
14699_0420_00017;17;;Rue Louvel et Brière;14800;14699;Touques;;;0.103577;49.341247
14699_0342_00009;9;;Rue des Hortensias;14800;14699;Touques;;;0.106664;49.351342
14699_0200_00024;24;;Chemin de l'Épinay;14800;14699;Touques;;;0.097028;49.35606
14699_0228_00020;20;;Rue du Fourchi;14800;14699;Touques;;;0.106899;49.348929
14699_0228_00041;41;;Rue du Fourchi;14800;14699;Touques;;;0.107204;49.349186
14699_0090_00022;22;;Rue de la Cour Miocque;14800;14699;Touques;;;0.099861;49.353951
14699_b035_00004;4;;Chemin du Clos Batteux;14800;14699;Touques;;;0.101;49.349119
14699_0180_00015;15;;Rue des Églantiers;14800;14699;Touques;;;0.094107;49.355389
14699_0308_00003;3;;Rue des Hauts de l'Épinay;14800;14699;Touques;;;0.098257;49.357995
14699_b085_00036;36;;Domaine Les Manoirs du Haut Bois;14800;14699;Touques;;;0.102733;49.354473
14699_0320_00021_b;21;b;Route de Honfleur;14800;14699;Touques;;;0.118754;49.353804
14699_0306_00011;11;;Rue des Hauts Prés;14800;14699;Touques;;;0.101365;49.351756
14699_wx5v5q_00006;6;;Le Vallon des Ouïes;14800;14699;Touques;;;0.106103;49.345453
14699_r7jiam_00068;68;;Domaine du Vert Coteau;14800;14699;Touques;;;0.095048;49.355976
14699_0067_00063;63;;Rue des Écureuils;14800;14699;Touques;;;0.099949;49.357393
14699_b033_00002;2;;Chemin de la Coquetière;14800;14699;Touques;;;0.107439;49.346502
14699_0555_00005;5;;Impasse des Pinsons;14800;14699;Touques;;;0.097728;49.357466
14699_893lnl_00041;41;;Rue Aristide Briand;14800;14699;Touques;;;0.100232;49.346951
14699_0180_00005;5;;Rue des Églantiers;14800;14699;Touques;;;0.093435;49.355471
14699_0590_00002;2;;Rue du Pré de la Hache;14800;14699;Touques;;;0.10796;49.348153
14699_zhviou_00017;17;;Domaine des Hauts d'Aguesseau;14800;14699;Touques;;;0.116806;49.36794
14699_0225_00020;20;;Rue de la Fosse Fournie;14800;14699;Touques;;;0.110365;49.349834
14699_893lnl_00006;6;;Rue Aristide Briand;14800;14699;Touques;;;0.101879;49.34531
14699_0620_00007;7;;Rue Schaeffer;14800;14699;Touques;;;0.103321;49.343812
14699_0620_00003;3;;Rue Schaeffer;14800;14699;Touques;;;0.102877;49.342695
14699_0540_00010;10;;Rue des Oeillets;14800;14699;Touques;;;0.099594;49.351869
14699_b228_00017;17;;Chemin du Roy;14800;14699;Touques;;;0.094391;49.351302
14699_0089_00005;5;;Chemin de la Côte de Grâce;14800;14699;Touques;;;0.119387;49.348699
14699_0225_00021;21;;Rue de la Fosse Fournie;14800;14699;Touques;;;0.110378;49.351132
14699_b231_02031;2031;;Chemin de Dauboeuf;14800;14699;Touques;;;0.123502;49.360645
14699_0067_00019;19;;Rue des Écureuils;14800;14699;Touques;;;0.099059;49.356487
14699_0110_00006;6;;Rue Daniel François Auber;14800;14699;Touques;;;0.102687;49.348526
14699_zhviou_00010;10;;Domaine des Hauts d'Aguesseau;14800;14699;Touques;;;0.115886;49.364724
14699_0035_00001;1;;Rue des Bateliers;14800;14699;Touques;;;0.092928;49.348864
14699_yrql0c_00003;3;;Chemin du Marais de l'Évêque;14800;14699;Touques;;;0.09348;49.341493
14699_0120_00035;35;;Rue du Docteur Lainé;14800;14699;Touques;;;0.092488;49.355461
14699_0320_00011_bis;11;bis;Route de Honfleur;14800;14699;Touques;;;0.104383;49.345723
14699_0005_00012;12;;Rue Alcuin;14800;14699;Touques;;;0.107572;49.347051
14699_0080_00022;22;;Rue des Chèvrefeuilles;14800;14699;Touques;;;0.093981;49.356088
14699_893lnl_00030;30;;Rue Aristide Briand;14800;14699;Touques;;;0.099938;49.347563
14699_r7jiam_00022;22;;Domaine du Vert Coteau;14800;14699;Touques;;;0.096334;49.356971
14699_0350_00019;19;;Rue des Jacinthes;14800;14699;Touques;;;0.104952;49.351559
14699_0640_00007;7;;Rue de Saint-Andreasberg;14800;14699;Touques;;;0.103957;49.34055
14699_0350_00006;6;;Rue des Jacinthes;14800;14699;Touques;;;0.103006;49.352499
14699_0089_00001;1;;Chemin de la Côte de Grâce;14800;14699;Touques;;;0.120588;49.349504
14699_0225_00037;37;;Rue de la Fosse Fournie;14800;14699;Touques;;;0.111974;49.350537
14699_0310_00015;15;;Rue des Hirondelles;14800;14699;Touques;;;0.097214;49.357148
14699_wx5v5q_00012;12;;Le Vallon des Ouïes;14800;14699;Touques;;;0.105083;49.344802
14699_0420_00013;13;;Rue Louvel et Brière;14800;14699;Touques;;;0.104018;49.340914
14699_893lnl_00055;55;;Rue Aristide Briand;14800;14699;Touques;;;0.098439;49.348905
14699_0420_00060;60;;Rue Louvel et Brière;14800;14699;Touques;;;0.102056;49.34348
14699_0532_00099;99;;Allée des Noyers;14800;14699;Touques;;;0.113981;49.365893
14699_0307_00001;1;;Rue des Héros de la Résistance;14800;14699;Touques;;;0.10135;49.351116
14699_0080_00010;10;;Rue des Chèvrefeuilles;14800;14699;Touques;;;0.09456;49.3556
14699_0520_00003;3;;Rue des Novets;14800;14699;Touques;;;0.104556;49.346585
14699_b231_01544;1544;;Chemin de Dauboeuf;14800;14699;Touques;;;0.126848;49.361753
14699_0077_00017;17;;Allée des Chênes;14800;14699;Touques;;;0.110791;49.364492
14699_b036_00023;23;;Chemin du Haut Bois;14800;14699;Touques;;;0.102454;49.353012
14699_0070_00008;8;;Avenue Charles de Gaulle;14800;14699;Touques;;;0.102751;49.347652
14699_0532_00106;106;;Allée des Noyers;14800;14699;Touques;;;0.11424;49.364343
14699_0228_00025;25;;Rue du Fourchi;14800;14699;Touques;;;0.108206;49.34868
14699_0063_00013;13;;Rue Camille Saint-Saëns;14800;14699;Touques;;;0.103539;49.349869
14699_0225_00009;9;;Rue de la Fosse Fournie;14800;14699;Touques;;;0.109467;49.349955
14699_0320_00024;24;;Route de Honfleur;14800;14699;Touques;;;0.122839;49.363611
14699_0420_00095;95;;Rue Louvel et Brière;14800;14699;Touques;;;0.101921;49.344342
14699_0610_00018;18;;Rue des Roses;14800;14699;Touques;;;0.104202;49.350975
14699_0555_00006;6;;Impasse des Pinsons;14800;14699;Touques;;;0.097991;49.357571
14699_0345_00023;23;;Rue des Iris;14800;14699;Touques;;;0.106246;49.351927
14699_b036_00027;27;;Chemin du Haut Bois;14800;14699;Touques;;;0.102679;49.353154
14699_0540_00004;4;;Rue des Oeillets;14800;14699;Touques;;;0.099806;49.351761
14699_0420_00088;88;;Rue Louvel et Brière;14800;14699;Touques;;;0.102165;49.344454
14699_0461_00016;16;;Rue Jean Monnet;14800;14699;Touques;;;0.09833;49.35439
14699_0660_00005;5;;Place Saint-Pierre;14800;14699;Touques;;;0.103271;49.342259
14699_n29xzd_00019;19;;Domaine Royal Panoramique;14800;14699;Touques;;;0.106212;49.348754
14699_b231_01739;1739;;Chemin de Dauboeuf;14800;14699;Touques;;;0.126336;49.362361
14699_0067_00027;27;;Rue des Écureuils;14800;14699;Touques;;;0.099705;49.356836
14699_b231_01266;1266;;Chemin de Dauboeuf;14800;14699;Touques;;;0.125289;49.359522
14699_b037_00007;7;;Chemin du Marais;14800;14699;Touques;;;0.09244;49.350558
14699_0558_00056;56;;Allée des Pommiers;14800;14699;Touques;;;0.114264;49.362741
14699_0480_00007;7;;Rue du Mont Joly;14800;14699;Touques;;;0.093453;49.355977
14699_b033_00015;15;;Chemin de la Coquetière;14800;14699;Touques;;;0.127792;49.346946
14699_0350_00021;21;;Rue des Jacinthes;14800;14699;Touques;;;0.105155;49.351481
14699_0225_00050;50;;Rue de la Fosse Fournie;14800;14699;Touques;;;0.111048;49.349878
14699_0461_00001;1;;Rue Jean Monnet;14800;14699;Touques;;;0.097792;49.353846
14699_0120_00026;26;;Rue du Docteur Lainé;14800;14699;Touques;;;0.093818;49.354311
14699_b034_00004;4;;Chemin du Calvaire;14800;14699;Touques;;;0.110098;49.349001
14699_0308_00012;12;;Rue des Hauts de l'Épinay;14800;14699;Touques;;;0.097459;49.358247
14699_0090_00024;24;;Rue de la Cour Miocque;14800;14699;Touques;;;0.099925;49.353977
14699_0228_00014;14;;Rue du Fourchi;14800;14699;Touques;;;0.10717;49.348717
14699_0545_00060;60;;Allée des Ormes;14800;14699;Touques;;;0.114116;49.360159
14699_0005_00010;10;;Rue Alcuin;14800;14699;Touques;;;0.107919;49.347091
14699_0225_00044;44;;Rue de la Fosse Fournie;14800;14699;Touques;;;0.111249;49.350501
14699_0420_00016;16;;Rue Louvel et Brière;14800;14699;Touques;;;0.102967;49.341831
14699_0066_00001;1;;Impasse Cesar Franck;14800;14699;Touques;;;0.10272;49.348334
14699_0546_00003;3;;Rue des Peupliers;14800;14699;Touques;;;0.098388;49.344534
14699_0545_00040;40;;Allée des Ormes;14800;14699;Touques;;;0.115922;49.361029
14699_0200_00010;10;;Chemin de l'Épinay;14800;14699;Touques;;;0.09568;49.355509
14699_0660_00007;7;;Place Saint-Pierre;14800;14699;Touques;;;0.103464;49.342287
14699_0420_00063;63;;Rue Louvel et Brière;14800;14699;Touques;;;0.102219;49.343036
14699_0620_00016;16;;Rue Schaeffer;14800;14699;Touques;;;0.104365;49.344561
14699_0532_00096;96;;Allée des Noyers;14800;14699;Touques;;;0.114295;49.364525
14699_0353_00004;4;;Rue des Jonquilles;14800;14699;Touques;;;0.103029;49.351011
14699_0228_00001;1;;Rue du Fourchi;14800;14699;Touques;;;0.108724;49.348697
14699_0532_00002;2;;Allée des Noyers;14800;14699;Touques;;;0.11602;49.368024
14699_0350_00002;2;;Rue des Jacinthes;14800;14699;Touques;;;0.103473;49.352799
14699_0320_00050;50;;Route de Honfleur;14800;14699;Touques;;;0.128289;49.373885
14699_0610_00028;28;;Rue des Roses;14800;14699;Touques;;;0.106081;49.35066
14699_b036_00037;37;;Chemin du Haut Bois;14800;14699;Touques;;;0.104854;49.354266
14699_r7jiam_00044;44;;Domaine du Vert Coteau;14800;14699;Touques;;;0.095573;49.356352
14699_0420_00032;32;;Rue Louvel et Brière;14800;14699;Touques;;;0.102801;49.342158
14699_9mno6u_00006;6;;Ancienne Route de Trouville;14800;14699;Touques;;;0.130275;49.372622
14699_0067_00007;7;;Rue des Écureuils;14800;14699;Touques;;;0.098338;49.356173
14699_wx5v5q_00001;1;;Le Vallon des Ouïes;14800;14699;Touques;;;0.10462;49.345455
14699_0120_00042;42;;Rue du Docteur Lainé;14800;14699;Touques;;;0.092962;49.356203
14699_b033_00013;13;;Chemin de la Coquetière;14800;14699;Touques;;;0.119803;49.348178
14699_0310_00012;12;;Rue des Hirondelles;14800;14699;Touques;;;0.097201;49.357761
14699_0400_00015;15;;Place Lemercier;14800;14699;Touques;;;0.101551;49.34367
14699_0067_00028;28;;Rue des Écureuils;14800;14699;Touques;;;0.099248;49.356869
14699_0615_00001;1;;Avenue de Rollon;14800;14699;Touques;;;0.109155;49.348824
14699_b085_00011;11;;Domaine Les Manoirs du Haut Bois;14800;14699;Touques;;;0.102733;49.354139
14699_0090_00042;42;;Rue de la Cour Miocque;14800;14699;Touques;;;0.099943;49.354527
14699_893lnl_00049;49;;Rue Aristide Briand;14800;14699;Touques;;;0.0996;49.347639
14699_0090_00017;17;;Rue de la Cour Miocque;14800;14699;Touques;;;0.099527;49.354408
14699_0260_00008;8;;Rue des Géraniums;14800;14699;Touques;;;0.097984;49.351371
14699_b231_01976;1976;;Chemin de Dauboeuf;14800;14699;Touques;;;0.123791;49.361269
14699_0560_00011;11;;Rue de la Poste;14800;14699;Touques;;;0.102675;49.34389
14699_0545_00134;134;;Allée des Ormes;14800;14699;Touques;;;0.113715;49.359698
14699_0480_00010;10;;Rue du Mont Joly;14800;14699;Touques;;;0.093535;49.355913
14699_zhviou_00001;1;;Domaine des Hauts d'Aguesseau;14800;14699;Touques;;;0.116404;49.365968
14699_893lnl_00022;22;;Rue Aristide Briand;14800;14699;Touques;;;0.100741;49.346663
14699_0610_00021;21;;Rue des Roses;14800;14699;Touques;;;0.106949;49.351188
14699_0077_00019;19;;Allée des Chênes;14800;14699;Touques;;;0.110996;49.363944
14699_r7jiam_00070;70;;Domaine du Vert Coteau;14800;14699;Touques;;;0.095119;49.355877
14699_0632_00007_bis;7;bis;Rue de Speyside;14800;14699;Touques;;;0.099126;49.350429
14699_b036_00066;66;;Chemin du Haut Bois;14800;14699;Touques;;;0.116677;49.364016
14699_0463_00006;6;;Quai Monrival;14800;14699;Touques;;;0.103106;49.340645
14699_0560_00004;4;;Rue de la Poste;14800;14699;Touques;;;0.102704;49.343629
14699_0260_00011;11;;Rue des Géraniums;14800;14699;Touques;;;0.097672;49.351431
14699_zhviou_00021;21;;Domaine des Hauts d'Aguesseau;14800;14699;Touques;;;0.117239;49.368209
14699_0500_00002;2;;Rue des Narcisses;14800;14699;Touques;;;0.100456;49.353119
14699_0225_00024;24;;Rue de la Fosse Fournie;14800;14699;Touques;;;0.110145;49.350249
14699_0420_00074;74;;Rue Louvel et Brière;14800;14699;Touques;;;0.101888;49.343855
14699_0228_00053;53;;Rue du Fourchi;14800;14699;Touques;;;0.107877;49.349118
14699_0090_00001;1;;Rue de la Cour Miocque;14800;14699;Touques;;;0.098211;49.354066
14699_0180_00017;17;;Rue des Églantiers;14800;14699;Touques;;;0.094185;49.355377
14699_0461_00018;18;;Rue Jean Monnet;14800;14699;Touques;;;0.09821;49.354598
14699_0532_00004;4;;Allée des Noyers;14800;14699;Touques;;;0.115358;49.367131
14699_0352_00008;8;;Rue Jean-Philippe Rameau;14800;14699;Touques;;;0.101709;49.348619
14699_0320_00003;3;;Route de Honfleur;14800;14699;Touques;;;0.10265;49.344872
14699_0680_00015;15;;Rue des Tulipes;14800;14699;Touques;;;0.098517;49.352637
14699_n29xzd_00035;35;;Domaine Royal Panoramique;14800;14699;Touques;;;0.104999;49.348593
14699_0420_00107;107;;Rue Louvel et Brière;14800;14699;Touques;;;0.102108;49.344625
14699_0345_00016;16;;Rue des Iris;14800;14699;Touques;;;0.104909;49.352281
14699_0558_00080;80;;Allée des Pommiers;14800;14699;Touques;;;0.112961;49.363528
14699_b034_00008;8;;Chemin du Calvaire;14800;14699;Touques;;;0.112773;49.350627
14699_0620_00009;9;;Rue Schaeffer;14800;14699;Touques;;;0.10356;49.34338
14699_b034_00003;3;;Chemin du Calvaire;14800;14699;Touques;;;0.107729;49.347311
14699_0350_00008;8;;Rue des Jacinthes;14800;14699;Touques;;;0.102998;49.35239
14699_b232_00010;10;;Chemin de Saint-Pierre;14800;14699;Touques;;;0.119573;49.344469
14699_s4nivs_00001_bis;1;bis;Domaine Les Yearlings;14800;14699;Touques;;;0.097448;49.354885
14699_0228_00043;43;;Rue du Fourchi;14800;14699;Touques;;;0.107279;49.349245
14699_0350_00004;4;;Rue des Jacinthes;14800;14699;Touques;;;0.103299;49.352666
14699_0640_00004;4;;Rue de Saint-Andreasberg;14800;14699;Touques;;;0.103704;49.340564
14699_0420_00064;64;;Rue Louvel et Brière;14800;14699;Touques;;;0.102011;49.343575
14699_0005_00025;25;;Rue Alcuin;14800;14699;Touques;;;0.107248;49.346789
14699_0352_00010;10;;Rue Jean-Philippe Rameau;14800;14699;Touques;;;0.101641;49.348787
14699_0420_00025;25;;Rue Louvel et Brière;14800;14699;Touques;;;0.103077;49.341587
14699_0090_00046;46;;Rue de la Cour Miocque;14800;14699;Touques;;;0.099162;49.354525
14699_0730_00005;5;;Rue du Vert Galant;14800;14699;Touques;;;0.097084;49.352026
14699_893lnl_00051_quater;51;quater;Rue Aristide Briand;14800;14699;Touques;;;0.098897;49.348428
14699_0308_00005;5;;Rue des Hauts de l'Épinay;14800;14699;Touques;;;0.097174;49.358376
14699_0280_00014;14;;Rue des Glaieuls;14800;14699;Touques;;;0.099409;49.353303
14699_0420_00001;1;;Rue Louvel et Brière;14800;14699;Touques;;;0.105042;49.340167
14699_b035_00002;2;;Chemin du Clos Batteux;14800;14699;Touques;;;0.100983;49.349145
14699_0065_00086;86;;Allée des Cerisiers;14800;14699;Touques;;;0.113549;49.361327
14699_893lnl_00039;39;;Rue Aristide Briand;14800;14699;Touques;;;0.100519;49.34664
14699_0120_00008_d;8;d;Rue du Docteur Lainé;14800;14699;Touques;;;0.095654;49.353032
14699_0013_00004;4;;Rue du Clos Batteux;14800;14699;Touques;;;0.099812;49.350436
14699_n29xzd_00015;15;;Domaine Royal Panoramique;14800;14699;Touques;;;0.106221;49.348078
14699_0306_00022;22;;Rue des Hauts Prés;14800;14699;Touques;;;0.10226;49.350931
14699_0461_00010;10;;Rue Jean Monnet;14800;14699;Touques;;;0.097995;49.353714
14699_0558_00076;76;;Allée des Pommiers;14800;14699;Touques;;;0.112224;49.364853
14699_b232_00008;8;;Chemin de Saint-Pierre;14800;14699;Touques;;;0.118486;49.34407
14699_r7jiam_00096;96;;Domaine du Vert Coteau;14800;14699;Touques;;;0.096198;49.356156
14699_b034_00007;7;;Chemin du Calvaire;14800;14699;Touques;;;0.108939;49.348146
14699_2opzu0_00005;5;;Rue des Anciennes Écoles;14800;14699;Touques;;;0.101619;49.342681
14699_0225_00015;15;;Rue de la Fosse Fournie;14800;14699;Touques;;;0.110049;49.350532
14699_0090_00019;19;;Rue de la Cour Miocque;14800;14699;Touques;;;0.099167;49.354343
14699_0532_00010;10;;Allée des Noyers;14800;14699;Touques;;;0.113422;49.365866
14699_s4nivs_00021;21;;Domaine Les Yearlings;14800;14699;Touques;;;0.096564;49.353167
14699_0065_00050;50;;Allée des Cerisiers;14800;14699;Touques;;;0.114764;49.361889
14699_0228_00059;59;;Rue du Fourchi;14800;14699;Touques;;;0.107813;49.349301
14699_g2py7i_00004;4;;Clos Poulain;14800;14699;Touques;;;0.118042;49.362914
14699_0463_00004;4;;Quai Monrival;14800;14699;Touques;;;0.103195;49.340522
14699_0090_00006;6;;Rue de la Cour Miocque;14800;14699;Touques;;;0.098611;49.353895
14699_0307_00003;3;;Rue des Héros de la Résistance;14800;14699;Touques;;;0.101248;49.35105
14699_g2py7i_00008;8;;Clos Poulain;14800;14699;Touques;;;0.119033;49.36273
14699_0120_00024;24;;Rue du Docteur Lainé;14800;14699;Touques;;;0.094105;49.353979
14699_0730_00014;14;;Rue du Vert Galant;14800;14699;Touques;;;0.096687;49.351696
14699_b085_00005;5;;Domaine Les Manoirs du Haut Bois;14800;14699;Touques;;;0.101533;49.35375
14699_g2py7i_00009;9;;Clos Poulain;14800;14699;Touques;;;0.118825;49.36253
14699_0400_00018;18;;Place Lemercier;14800;14699;Touques;;;0.10152;49.343823
14699_0130_00002;2;;Rue Émile Dupont;14800;14699;Touques;;;0.109876;49.348448
14699_0225_00047;47;;Rue de la Fosse Fournie;14800;14699;Touques;;;0.111;49.349671
14699_b036_00074;74;;Chemin du Haut Bois;14800;14699;Touques;;;0.118608;49.367338
14699_0306_00031;31;;Rue des Hauts Prés;14800;14699;Touques;;;0.102085;49.351221
14699_0228_00039;39;;Rue du Fourchi;14800;14699;Touques;;;0.107108;49.349114
14699_r7jiam_00052;52;;Domaine du Vert Coteau;14800;14699;Touques;;;0.094942;49.356362
14699_zhviou_00018;18;;Domaine des Hauts d'Aguesseau;14800;14699;Touques;;;0.116769;49.368079
14699_0080_00018;18;;Rue des Chèvrefeuilles;14800;14699;Touques;;;0.094225;49.355884
14699_b037_00003;3;;Chemin du Marais;14800;14699;Touques;;;0.09233;49.350034
14699_b232_00004;4;;Chemin de Saint-Pierre;14800;14699;Touques;;;0.113141;49.343472
14699_0558_00078;78;;Allée des Pommiers;14800;14699;Touques;;;0.112485;49.364125
14699_0005_00019;19;;Rue Alcuin;14800;14699;Touques;;;0.107755;49.346951
14699_b230_00008;8;;Chemin de la Briqueterie;14800;14699;Touques;;;0.091974;49.347593
14699_0280_00009;9;;Rue des Glaieuls;14800;14699;Touques;;;0.100259;49.352652
14699_893lnl_00018;18;;Rue Aristide Briand;14800;14699;Touques;;;0.101067;49.34634
14699_b232_00013;13;;Chemin de Saint-Pierre;14800;14699;Touques;;;0.114549;49.343747
14699_n29xzd_00017;17;;Domaine Royal Panoramique;14800;14699;Touques;;;0.106365;49.348428
14699_0400_00003;3;;Place Lemercier;14800;14699;Touques;;;0.101828;49.343267
14699_0460_00004;4;;Rue de la Mésange;14800;14699;Touques;;;0.096421;49.352473
14699_0420_00022;22;;Rue Louvel et Brière;14800;14699;Touques;;;0.102841;49.341992
14699_n29xzd_00016;16;;Domaine Royal Panoramique;14800;14699;Touques;;;0.106296;49.348268
14699_0228_00009;9;;Rue du Fourchi;14800;14699;Touques;;;0.108428;49.348901
14699_0009_00017;17;;Rue des Écoles;14800;14699;Touques;;;0.100495;49.344875
14699_0360_00004;4;;Rue Lecordeur;14800;14699;Touques;;;0.099416;49.346986
14699_0307_00008;8;;Rue des Héros de la Résistance;14800;14699;Touques;;;0.100703;49.351277
14699_0560_00009;9;;Rue de la Poste;14800;14699;Touques;;;0.102498;49.34398
14699_0610_00015;15;;Rue des Roses;14800;14699;Touques;;;0.106001;49.350819
14699_b036_00058;58;;Chemin du Haut Bois;14800;14699;Touques;;;0.117064;49.362295
14699_893lnl_00036;36;;Rue Aristide Briand;14800;14699;Touques;;;0.099863;49.347637
14699_0228_00017;17;;Rue du Fourchi;14800;14699;Touques;;;0.108147;49.348816
14699_0400_00012;12;;Place Lemercier;14800;14699;Touques;;;0.101385;49.343595
14699_b231_01616;1616;;Chemin de Dauboeuf;14800;14699;Touques;;;0.127309;49.362328
14699_0005_00004;4;;Rue Alcuin;14800;14699;Touques;;;0.108302;49.347321
14699_wx5v5q_00018;18;;Le Vallon des Ouïes;14800;14699;Touques;;;0.105913;49.345456
14699_0463_00016;16;;Quai Monrival;14800;14699;Touques;;;0.102706;49.341191
14699_0228_00016;16;;Rue du Fourchi;14800;14699;Touques;;;0.107073;49.34879
14699_0228_00037;37;;Rue du Fourchi;14800;14699;Touques;;;0.107225;49.348833
14699_0420_00033;33;;Rue Louvel et Brière;14800;14699;Touques;;;0.102735;49.34189
14699_0077_00025;25;;Allée des Chênes;14800;14699;Touques;;;0.111686;49.361655
14699_0077_00128;128;;Allée des Chênes;14800;14699;Touques;;;0.112281;49.361174
14699_0320_00013;13;;Route de Honfleur;14800;14699;Touques;;;0.105773;49.346239
14699_0461_00030;30;;Rue Jean Monnet;14800;14699;Touques;;;0.099575;49.355468
14699_r7jiam_00042;42;;Domaine du Vert Coteau;14800;14699;Touques;;;0.095769;49.356276
14699_0090_00003;3;;Rue de la Cour Miocque;14800;14699;Touques;;;0.098587;49.354117
14699_0010_00003;3;;Rue des Anciennes Salines;14800;14699;Touques;;;0.098843;49.343309
14699_0640_00005;5;;Rue de Saint-Andreasberg;14800;14699;Touques;;;0.103917;49.340511
14699_0620_00012;12;;Rue Schaeffer;14800;14699;Touques;;;0.104557;49.344428
14699_1m97pp_00004;4;;Impasse Cité Marie;14800;14699;Touques;;;0.10149;49.34522
14699_0220_00001;1;;Place Foch;14800;14699;Touques;;;0.102289;49.344748
14699_0420_00039;39;;Rue Louvel et Brière;14800;14699;Touques;;;0.102649;49.342199
14699_0420_00020;20;;Rue Louvel et Brière;14800;14699;Touques;;;0.102871;49.341942
14699_9mno6u_00007;7;;Ancienne Route de Trouville;14800;14699;Touques;;;0.130695;49.372111
14699_0120_00008_a;8;a;Rue du Docteur Lainé;14800;14699;Touques;;;0.095503;49.353469
14699_0420_00061;61;;Rue Louvel et Brière;14800;14699;Touques;;;0.102264;49.342983
14699_z8agqj_00011;11;;Impasse des Hauts de l'Épinay;14800;14699;Touques;;;0.097695;49.358485
14699_r7jiam_00004;4;;Domaine du Vert Coteau;14800;14699;Touques;;;0.0963;49.356291
14699_0420_00078;78;;Rue Louvel et Brière;14800;14699;Touques;;;0.101882;49.343983
14699_0065_00087;87;;Allée des Cerisiers;14800;14699;Touques;;;0.113604;49.361123
14699_0320_00009;9;;Route de Honfleur;14800;14699;Touques;;;0.102942;49.344997
14699_b232_00009;9;;Chemin de Saint-Pierre;14800;14699;Touques;;;0.113291;49.343802
14699_0005_00002;2;;Rue Alcuin;14800;14699;Touques;;;0.108141;49.347462
14699_0013_00003;3;;Rue du Clos Batteux;14800;14699;Touques;;;0.099855;49.350572
14699_0070_00006;6;;Avenue Charles de Gaulle;14800;14699;Touques;;;0.103024;49.347469
14699_893lnl_00057;57;;Rue Aristide Briand;14800;14699;Touques;;;0.095488;49.352116
14699_g2py7i_00011;11;;Clos Poulain;14800;14699;Touques;;;0.117779;49.362731
14699_0306_00009;9;;Rue des Hauts Prés;14800;14699;Touques;;;0.101459;49.351784
14699_b034_00001;1;;Chemin du Calvaire;14800;14699;Touques;;;0.106738;49.346754
14699_0077_00023;23;;Allée des Chênes;14800;14699;Touques;;;0.11184;49.362349
14699_0280_00005;5;;Rue des Glaieuls;14800;14699;Touques;;;0.100272;49.352186
14699_0670_00004;4;;Rue des Tonneliers;14800;14699;Touques;;;0.094435;49.34792
14699_0200_00032;32;;Chemin de l'Épinay;14800;14699;Touques;;;0.098578;49.35687
14699_0670_00001;1;;Rue des Tonneliers;14800;14699;Touques;;;0.094802;49.347829
14699_r7jiam_00080;80;;Domaine du Vert Coteau;14800;14699;Touques;;;0.095662;49.355865
14699_0610_00014;14;;Rue des Roses;14800;14699;Touques;;;0.103902;49.351092
14699_0090_00044;44;;Rue de la Cour Miocque;14800;14699;Touques;;;0.099882;49.354574
14699_zhviou_00025;25;;Domaine des Hauts d'Aguesseau;14800;14699;Touques;;;0.116962;49.367381
14699_b034_00012;12;;Chemin du Calvaire;14800;14699;Touques;;;0.114318;49.351535
14699_0225_00004;4;;Rue de la Fosse Fournie;14800;14699;Touques;;;0.108818;49.349594
14699_0420_00109;109;;Rue Louvel et Brière;14800;14699;Touques;;;0.102118;49.344665
14699_0355_00002;2;;Rue Jules Massenet;14800;14699;Touques;;;0.103993;49.348521
14699_0200_00048;48;;Chemin de l'Épinay;14800;14699;Touques;;;0.099741;49.357719
14699_0077_00032;32;;Allée des Chênes;14800;14699;Touques;;;0.112842;49.359284
14699_b037_00001;1;;Chemin du Marais;14800;14699;Touques;;;0.092317;49.34995
14699_0228_00015;15;;Rue du Fourchi;14800;14699;Touques;;;0.108241;49.34887
14699_1m97pp_00009;9;;Impasse Cité Marie;14800;14699;Touques;;;0.101413;49.345051
14699_0532_00093;93;;Allée des Noyers;14800;14699;Touques;;;0.114365;49.365288
14699_0420_00008;8;;Rue Louvel et Brière;14800;14699;Touques;;;0.103147;49.341677
14699_0320_00010;10;;Route de Honfleur;14800;14699;Touques;;;0.120214;49.354813
14699_0380_00002;2;;Rue Legrip;14800;14699;Touques;;;0.102839;49.341287
14699_0590_00009;9;;Rue du Pré de la Hache;14800;14699;Touques;;;0.107866;49.347874
14699_0558_00109;109;;Allée des Pommiers;14800;14699;Touques;;;0.112488;49.364718
14699_n29xzd_00009;9;;Domaine Royal Panoramique;14800;14699;Touques;;;0.106505;49.348667
14699_0090_00014;14;;Rue de la Cour Miocque;14800;14699;Touques;;;0.098968;49.353946
14699_0228_00005;5;;Rue du Fourchi;14800;14699;Touques;;;0.108563;49.348809
14699_0532_00005;5;;Allée des Noyers;14800;14699;Touques;;;0.114878;49.366976
14699_0409_00005;5;;Impasse Léo Delibes;14800;14699;Touques;;;0.102614;49.350396
14699_0620_00010;10;;Rue Schaeffer;14800;14699;Touques;;;0.104263;49.344284
14699_0320_00019;19;;Route de Honfleur;14800;14699;Touques;;;0.117442;49.349784
14699_0067_00018;18;;Rue des Écureuils;14800;14699;Touques;;;0.098764;49.356476
14699_0463_00024;24;;Quai Monrival;14800;14699;Touques;;;0.102423;49.34149
14699_r7jiam_00066;66;;Domaine du Vert Coteau;14800;14699;Touques;;;0.094961;49.356058
14699_0307_00005;5;;Rue des Héros de la Résistance;14800;14699;Touques;;;0.101516;49.350937
14699_0077_00126;126;;Allée des Chênes;14800;14699;Touques;;;0.11243;49.360864
14699_0200_00044;44;;Chemin de l'Épinay;14800;14699;Touques;;;0.099104;49.357265
14699_b228_00025;25;;Chemin du Roy;14800;14699;Touques;;;0.095651;49.349436
14699_b230_00002;2;;Chemin de la Briqueterie;14800;14699;Touques;;;0.088861;49.350687
14699_0120_00018;18;;Rue du Docteur Lainé;14800;14699;Touques;;;0.094479;49.353639
14699_b036_00021;21;;Chemin du Haut Bois;14800;14699;Touques;;;0.102012;49.352695
14699_0065_00082;82;;Allée des Cerisiers;14800;14699;Touques;;;0.113548;49.362969
14699_0012_00009;9;;Chemin des Arguillers;14800;14699;Touques;;;0.128888;49.365598
14699_0545_00039;39;;Allée des Ormes;14800;14699;Touques;;;0.115484;49.360783
14699_b231_01342;1342;;Chemin de Dauboeuf;14800;14699;Touques;;;0.125538;49.360275
14699_0130_00005;5;;Rue Émile Dupont;14800;14699;Touques;;;0.111213;49.347675
14699_0700_00008;8;;Rue de la Vallée d'Auge;14800;14699;Touques;;;0.095617;49.346335
14699_b036_00001;1;;Chemin du Haut Bois;14800;14699;Touques;;;0.098576;49.350828
14699_0225_00036;36;;Rue de la Fosse Fournie;14800;14699;Touques;;;0.111257;49.351037
14699_b232_00006;6;;Chemin de Saint-Pierre;14800;14699;Touques;;;0.117934;49.343908
14699_0640_00002;2;;Rue de Saint-Andreasberg;14800;14699;Touques;;;0.103486;49.340428
14699_0225_00019;19;;Rue de la Fosse Fournie;14800;14699;Touques;;;0.11019;49.350894
14699_0200_00011;11;;Chemin de l'Épinay;14800;14699;Touques;;;0.094613;49.355063
14699_0680_00012;12;;Rue des Tulipes;14800;14699;Touques;;;0.099086;49.352109
14699_0089_00003;3;;Chemin de la Côte de Grâce;14800;14699;Touques;;;0.119947;49.348912
14699_b036_00043;43;;Chemin du Haut Bois;14800;14699;Touques;;;0.107605;49.355672
14699_0225_00005;5;;Rue de la Fosse Fournie;14800;14699;Touques;;;0.108853;49.349773
14699_0461_00022;22;;Rue Jean Monnet;14800;14699;Touques;;;0.098386;49.354733
14699_g2py7i_00010;10;;Clos Poulain;14800;14699;Touques;;;0.118685;49.362567
14699_0063_00017;17;;Rue Camille Saint-Saëns;14800;14699;Touques;;;0.104684;49.349069
14699_0461_00003;3;;Rue Jean Monnet;14800;14699;Touques;;;0.097926;49.353417
14699_b231_00260;260;;Chemin de Dauboeuf;14800;14699;Touques;;;0.121418;49.351491
14699_0077_00068;68;;Allée des Chênes;14800;14699;Touques;;;0.112443;49.362639
14699_0420_00100;100;;Rue Louvel et Brière;14800;14699;Touques;;;0.102443;49.344641
14699_0090_00016;16;;Rue de la Cour Miocque;14800;14699;Touques;;;0.09922;49.353876
14699_0260_00001;1;;Rue des Géraniums;14800;14699;Touques;;;0.097882;49.350637
14699_n29xzd_00023;23;;Domaine Royal Panoramique;14800;14699;Touques;;;0.10467;49.348102
14699_0012_00005;5;;Chemin des Arguillers;14800;14699;Touques;;;0.126275;49.364952
14699_0066_00004;4;;Impasse Cesar Franck;14800;14699;Touques;;;0.103122;49.348275
14699_b033_00024_c;24;c;Chemin de la Coquetière;14800;14699;Touques;;;0.127201;49.346361
14699_0063_00001;1;;Rue Camille Saint-Saëns;14800;14699;Touques;;;0.101341;49.34987
14699_0420_00085;85;;Rue Louvel et Brière;14800;14699;Touques;;;0.101698;49.344063
14699_b037_00017;17;;Chemin du Marais;14800;14699;Touques;;;0.093097;49.352428
14699_s4nivs_00005;5;;Domaine Les Yearlings;14800;14699;Touques;;;0.096536;49.353471
14699_0615_00004;4;;Avenue de Rollon;14800;14699;Touques;;;0.107318;49.349839
14699_0590_00019;19;;Rue du Pré de la Hache;14800;14699;Touques;;;0.107259;49.348473
14699_b085_00006;6;;Domaine Les Manoirs du Haut Bois;14800;14699;Touques;;;0.101766;49.353877
14699_b034_00016;16;;Chemin du Calvaire;14800;14699;Touques;;;0.116399;49.353398
14699_0228_00021;21;;Rue du Fourchi;14800;14699;Touques;;;0.108101;49.348748
14699_0280_00003;3;;Rue des Glaieuls;14800;14699;Touques;;;0.100412;49.352049
14699_g2py7i_00003;3;;Clos Poulain;14800;14699;Touques;;;0.117956;49.363095
14699_0320_00054;54;;Route de Honfleur;14800;14699;Touques;;;0.128585;49.374829
14699_0420_00081;81;;Rue Louvel et Brière;14800;14699;Touques;;;0.101657;49.343954
14699_0010_00013;13;;Rue des Anciennes Salines;14800;14699;Touques;;;0.098771;49.34254
14699_0067_00064;64;;Rue des Écureuils;14800;14699;Touques;;;0.099861;49.357358
14699_0590_00006;6;;Rue du Pré de la Hache;14800;14699;Touques;;;0.108111;49.347984
14699_9mno6u_00002;2;;Ancienne Route de Trouville;14800;14699;Touques;;;0.128677;49.372997
14699_0545_00042;42;;Allée des Ormes;14800;14699;Touques;;;0.116769;49.361395
14699_893lnl_00052;52;;Rue Aristide Briand;14800;14699;Touques;;;0.098402;49.349384
14699_0306_00013;13;;Rue des Hauts Prés;14800;14699;Touques;;;0.101384;49.351702
14699_b231_01682;1682;;Chemin de Dauboeuf;14800;14699;Touques;;;0.128103;49.362899
14699_0200_00019;19;;Chemin de l'Épinay;14800;14699;Touques;;;0.099419;49.357707
14699_n29xzd_00032;32;;Domaine Royal Panoramique;14800;14699;Touques;;;0.104524;49.348197
14699_b033_00019;19;;Chemin de la Coquetière;14800;14699;Touques;;;0.128506;49.347142
14699_0620_00013;13;;Rue Schaeffer;14800;14699;Touques;;;0.103929;49.344046
14699_0400_00009;9;;Place Lemercier;14800;14699;Touques;;;0.101208;49.343538
14699_0065_00121;121;;Allée des Cerisiers;14800;14699;Touques;;;0.114679;49.362041
14699_b231_00270;270;;Chemin de Dauboeuf;14800;14699;Touques;;;0.121577;49.351556
14699_0400_00014;14;;Place Lemercier;14800;14699;Touques;;;0.101503;49.343645
14699_b037_00004;4;;Chemin du Marais;14800;14699;Touques;;;0.092585;49.350498
14699_0436_00005;5;;Rue de Meautry;14800;14699;Touques;;;0.103617;49.341828
14699_0680_00004;4;;Rue des Tulipes;14800;14699;Touques;;;0.099137;49.35123
14699_0420_00067;67;;Rue Louvel et Brière;14800;14699;Touques;;;0.102164;49.343132
14699_b228_00021;21;;Chemin du Roy;14800;14699;Touques;;;0.095045;49.350079
14699_0345_00007;7;;Rue des Iris;14800;14699;Touques;;;0.104442;49.352578
14699_0280_00013;13;;Rue des Glaieuls;14800;14699;Touques;;;0.099913;49.353093
14699_0590_00016;16;;Rue du Pré de la Hache;14800;14699;Touques;;;0.107102;49.348306
14699_0545_00131;131;;Allée des Ormes;14800;14699;Touques;;;0.115066;49.360501
14699_0420_00105;105;;Rue Louvel et Brière;14800;14699;Touques;;;0.102086;49.344582
14699_0280_00010;10;;Rue des Glaieuls;14800;14699;Touques;;;0.09989;49.353232
14699_0077_00029;29;;Allée des Chênes;14800;14699;Touques;;;0.112429;49.360283
14699_0320_00052;52;;Route de Honfleur;14800;14699;Touques;;;0.128591;49.374591
14699_0063_00026;26;;Rue Camille Saint-Saëns;14800;14699;Touques;;;0.101881;49.348963
14699_0077_00015;15;;Allée des Chênes;14800;14699;Touques;;;0.111108;49.36507
14699_0532_00100;100;;Allée des Noyers;14800;14699;Touques;;;0.114194;49.366246
14699_0067_00001;1;;Rue des Écureuils;14800;14699;Touques;;;0.097786;49.356504
14699_0300_00003;3;;Chemin Hamon;14800;14699;Touques;;;0.095449;49.352816
14699_893lnl_00056;56;;Rue Aristide Briand;14800;14699;Touques;;;0.098071;49.349715
14699_0090_00010;10;;Rue de la Cour Miocque;14800;14699;Touques;;;0.099043;49.353712
14699_0500_00010;10;;Rue des Narcisses;14800;14699;Touques;;;0.100293;49.353597
14699_0228_00030;30;;Rue du Fourchi;14800;14699;Touques;;;0.107118;49.349268
14699_0090_00023;23;;Rue de la Cour Miocque;14800;14699;Touques;;;0.098948;49.354315
14699_0660_00001;1;;Place Saint-Pierre;14800;14699;Touques;;;0.102907;49.342214
14699_b033_00009;9;;Chemin de la Coquetière;14800;14699;Touques;;;0.116185;49.34627
14699_0063_00018;18;;Rue Camille Saint-Saëns;14800;14699;Touques;;;0.102996;49.349005
14699_0013_00008;8;;Rue du Clos Batteux;14800;14699;Touques;;;0.100112;49.350223
14699_b033_00020;20;;Chemin de la Coquetière;14800;14699;Touques;;;0.1248;49.346338
14699_r7jiam_00016;16;;Domaine du Vert Coteau;14800;14699;Touques;;;0.096742;49.356716
14699_0250_00006;6;;Rue Georges Roger;14800;14699;Touques;;;0.103188;49.344391
14699_0425_00002;2;;Rue des Lys;14800;14699;Touques;;;0.10432;49.352847
14699_0610_00010;10;;Rue des Roses;14800;14699;Touques;;;0.102776;49.351541
14699_0306_00019;19;;Rue des Hauts Prés;14800;14699;Touques;;;0.101825;49.351543
14699_0090_00020;20;;Rue de la Cour Miocque;14800;14699;Touques;;;0.099732;49.353843
14699_b232_00011;11;;Chemin de Saint-Pierre;14800;14699;Touques;;;0.113496;49.343824
14699_0420_00059;59;;Rue Louvel et Brière;14800;14699;Touques;;;0.102298;49.342927
14699_0228_00027;27;;Rue du Fourchi;14800;14699;Touques;;;0.107771;49.348517
14699_0532_00102;102;;Allée des Noyers;14800;14699;Touques;;;0.113488;49.365553
14699_0005_00014;14;;Rue Alcuin;14800;14699;Touques;;;0.107361;49.346947
14699_0200_00030;30;;Chemin de l'Épinay;14800;14699;Touques;;;0.098492;49.356889
14699_zhviou_00015;15;;Domaine des Hauts d'Aguesseau;14800;14699;Touques;;;0.116374;49.366673
14699_0420_00024;24;;Rue Louvel et Brière;14800;14699;Touques;;;0.102825;49.342029
14699_0320_00018;18;;Route de Honfleur;14800;14699;Touques;;;0.122616;49.363137
14699_0200_00005;5;;Chemin de l'Épinay;14800;14699;Touques;;;0.093769;49.354625
14699_0005_00005;5;;Rue Alcuin;14800;14699;Touques;;;0.108506;49.347323
14699_0013_00001;1;;Rue du Clos Batteux;14800;14699;Touques;;;0.099775;49.350708
14699_0640_00003;3;;Rue de Saint-Andreasberg;14800;14699;Touques;;;0.103679;49.34038
14699_0461_00004;4;;Rue Jean Monnet;14800;14699;Touques;;;0.098069;49.353477
14699_0120_00012;12;;Rue du Docteur Lainé;14800;14699;Touques;;;0.094644;49.353392
14699_0420_00082;82;;Rue Louvel et Brière;14800;14699;Touques;;;0.101987;49.344189
14699_0350_00009;9;;Rue des Jacinthes;14800;14699;Touques;;;0.103781;49.35204
14699_b231_00154;154;;Chemin de Dauboeuf;14800;14699;Touques;;;0.120301;49.350874
14699_0605_00002;2;;Rue de la Reine Mathilde;14800;14699;Touques;;;0.099478;49.349022
14699_0342_00001;1;;Rue des Hortensias;14800;14699;Touques;;;0.106506;49.351129
14699_0310_00003;3;;Rue des Hirondelles;14800;14699;Touques;;;0.097106;49.357065
14699_9mno6u_00005;5;;Ancienne Route de Trouville;14800;14699;Touques;;;0.129728;49.372623
14699_b232_00011_bis;11;bis;Chemin de Saint-Pierre;14800;14699;Touques;;;0.114034;49.34369
14699_0120_00029;29;;Rue du Docteur Lainé;14800;14699;Touques;;;0.09267;49.355266
14699_0090_00008;8;;Rue de la Cour Miocque;14800;14699;Touques;;;0.098716;49.353628
14699_nlfrdd_00003;3;;Chemin du Roy;14800;14699;Touques;;;0.096525;49.347423
14699_0090_00002;2;;Rue de la Cour Miocque;14800;14699;Touques;;;0.09819;49.353966
14699_893lnl_00015;15;;Rue Aristide Briand;14800;14699;Touques;;;0.101905;49.345023
14699_0228_00049;49;;Rue du Fourchi;14800;14699;Touques;;;0.107681;49.349076
14699_0610_00002;2;;Rue des Roses;14800;14699;Touques;;;0.101842;49.352119
14699_b231_01002;1002;;Chemin de Dauboeuf;14800;14699;Touques;;;0.125424;49.357355
14699_0306_00033;33;;Rue des Hauts Prés;14800;14699;Touques;;;0.102265;49.35115
14699_0350_00003;3;;Rue des Jacinthes;14800;14699;Touques;;;0.103435;49.352597
14699_0228_00024;24;;Rue du Fourchi;14800;14699;Touques;;;0.106858;49.349072
14699_0545_00048;48;;Allée des Ormes;14800;14699;Touques;;;0.116234;49.361784
14699_1m97pp_00001;1;;Impasse Cité Marie;14800;14699;Touques;;;0.101617;49.345281
14699_r7jiam_00078;78;;Domaine du Vert Coteau;14800;14699;Touques;;;0.095528;49.355856
14699_0590_00010;10;;Rue du Pré de la Hache;14800;14699;Touques;;;0.107728;49.347959
14699_0320_00042;42;;Route de Honfleur;14800;14699;Touques;;;0.128205;49.373394
14699_b085_00035;35;;Domaine Les Manoirs du Haut Bois;14800;14699;Touques;;;0.102887;49.354351
14699_r7jiam_00008;8;;Domaine du Vert Coteau;14800;14699;Touques;;;0.096704;49.356584
14699_nlfrdd_00009;9;;Chemin du Roy;14800;14699;Touques;;;0.095585;49.348388
14699_0306_00037;37;;Rue des Hauts Prés;14800;14699;Touques;;;0.102391;49.351273
14699_b036_00039;39;;Chemin du Haut Bois;14800;14699;Touques;;;0.106697;49.35494
14699_0420_00023;23;;Rue Louvel et Brière;14800;14699;Touques;;;0.10312;49.341545
14699_0228_00051;51;;Rue du Fourchi;14800;14699;Touques;;;0.107772;49.34906
14699_0225_00006;6;;Rue de la Fosse Fournie;14800;14699;Touques;;;0.109325;49.349521
14699_0680_00008;8;;Rue des Tulipes;14800;14699;Touques;;;0.099129;49.351555
14699_z8agqj_00010;10;;Impasse des Hauts de l'Épinay;14800;14699;Touques;;;0.097744;49.358566
14699_0005_00016;16;;Rue Alcuin;14800;14699;Touques;;;0.107315;49.346921
14699_0558_00075;75;;Allée des Pommiers;14800;14699;Touques;;;0.112273;49.365357
14699_0009_00019;19;;Rue des Écoles;14800;14699;Touques;;;0.100307;49.344765
14699_0610_00016;16;;Rue des Roses;14800;14699;Touques;;;0.104089;49.35103
14699_r7jiam_00024;24;;Domaine du Vert Coteau;14800;14699;Touques;;;0.0961;49.357126
14699_0080_00009;9;;Rue des Chèvrefeuilles;14800;14699;Touques;;;0.094147;49.355781
14699_0228_00045;45;;Rue du Fourchi;14800;14699;Touques;;;0.107381;49.349306
14699_b033_00018;18;;Chemin de la Coquetière;14800;14699;Touques;;;0.120675;49.347308
14699_0620_00001;1;;Rue Schaeffer;14800;14699;Touques;;;0.102752;49.342626
14699_0420_00040;40;;Rue Louvel et Brière;14800;14699;Touques;;;0.102632;49.34261
14699_0352_00013;13;;Rue Jean-Philippe Rameau;14800;14699;Touques;;;0.101556;49.348557
14699_0420_00070;70;;Rue Louvel et Brière;14800;14699;Touques;;;0.101912;49.343748
14699_0400_00013;13;;Place Lemercier;14800;14699;Touques;;;0.101427;49.34361
14699_0350_00028;28;;Rue des Jacinthes;14800;14699;Touques;;;0.104831;49.351464
14699_0080_00016;16;;Rue des Chèvrefeuilles;14800;14699;Touques;;;0.094292;49.355815
14699_893lnl_00016;16;;Rue Aristide Briand;14800;14699;Touques;;;0.101199;49.346154
14699_0310_00002;2;;Rue des Hirondelles;14800;14699;Touques;;;0.097393;49.356918
14699_0632_00017;17;;Rue de Speyside;14800;14699;Touques;;;0.100441;49.349603
14699_0080_00011;11;;Rue des Chèvrefeuilles;14800;14699;Touques;;;0.09408;49.355839
14699_0545_00047;47;;Allée des Ormes;14800;14699;Touques;;;0.116159;49.361954
14699_0308_00002;2;;Rue des Hauts de l'Épinay;14800;14699;Touques;;;0.098763;49.357867
14699_0436_00017;17;;Rue de Meautry;14800;14699;Touques;;;0.104403;49.342426
14699_0545_00051;51;;Allée des Ormes;14800;14699;Touques;;;0.11541;49.361005
14699_0228_00022;22;;Rue du Fourchi;14800;14699;Touques;;;0.106848;49.349018
14699_wx5v5q_00017;17;;Le Vallon des Ouïes;14800;14699;Touques;;;0.105109;49.345401
14699_0545_00044;44;;Allée des Ormes;14800;14699;Touques;;;0.116379;49.361916
14699_0228_00055;55;;Rue du Fourchi;14800;14699;Touques;;;0.107966;49.349172
14699_b034_00009;9;;Chemin du Calvaire;14800;14699;Touques;;;0.109519;49.34846
14699_g2py7i_00007;7;;Clos Poulain;14800;14699;Touques;;;0.119063;49.362843
14699_0200_00017;17;;Chemin de l'Épinay;14800;14699;Touques;;;0.095209;49.355382
14699_0345_00011;11;;Rue des Iris;14800;14699;Touques;;;0.104884;49.352442
14699_0730_00010;10;;Rue du Vert Galant;14800;14699;Touques;;;0.09658;49.351773
14699_dda1e6_00005;5;;Rue Lecordeur;14800;14699;Touques;;;0.098832;49.347204
14699_0610_00025;25;;Rue des Roses;14800;14699;Touques;;;0.107608;49.35097
14699_0307_00018;18;;Rue des Héros de la Résistance;14800;14699;Touques;;;0.10106;49.350943
14699_0730_00009;9;;Rue du Vert Galant;14800;14699;Touques;;;0.097451;49.352148
14699_0090_00013;13;;Rue de la Cour Miocque;14800;14699;Touques;;;0.099691;49.354476
14699_er3qo0_00002;2;;Allée du Grenier à Sel;14800;14699;Touques;;;0.101903;49.342532
14699_0225_00013;13;;Rue de la Fosse Fournie;14800;14699;Touques;;;0.109973;49.350322
14699_0308_00008;8;;Rue des Hauts de l'Épinay;14800;14699;Touques;;;0.096837;49.358738
14699_n29xzd_00006;6;;Domaine Royal Panoramique;14800;14699;Touques;;;0.106084;49.348997
14699_0005_00027;27;;Rue Alcuin;14800;14699;Touques;;;0.107054;49.346792
14699_0560_00013;13;;Rue de la Poste;14800;14699;Touques;;;0.102712;49.343871
14699_0200_00038;38;;Chemin de l'Épinay;14800;14699;Touques;;;0.098773;49.357073
