id;numero;rep;nom_voie;code_postal;code_insee;nom_commune;nom_ancienne_commune;nom_ld;lon;lat
33015_pjpcw6_00002;2;;Lieu Dit Brondeau;33500;33015;Arveyres;;;-0.2564;44.8975
33015_0038_00064;64;;Rue de l’Eglise;33500;33015;Arveyres;;;-0.280485;44.882427
33015_b145_00010;10;;Port Moran;33500;33015;Arveyres;;;-0.251926;44.907851
33015_b143_00044;44;;Port du Nouguey-Ouest;33500;33015;Arveyres;;;-0.255448;44.912544
33015_rt4sgs_00002;2;;Lieu Dit Sambosse;33500;33015;Arveyres;;;-0.297073;44.874954
33015_0083_00011;11;;Rue du Parlement;33500;33015;Arveyres;;;-0.252435;44.911555
33015_0090_00001;1;;Allée des Pommiers;33500;33015;Arveyres;;;-0.286379;44.878387
33015_0012_00011;11;;Route de Bordeaux;33500;33015;Arveyres;;;-0.287345;44.883479
33015_b100_00305_b;305;b;Male Piece;33500;33015;Arveyres;;;-0.294051;44.880263
33015_0044_00012_ter;12;ter;Rue de Feldbach;33500;33015;Arveyres;;;-0.283221;44.884231
33015_8qlma2_00001;1;;Larteau;33500;33015;Arveyres;;;-0.278704;44.893756
33015_8qlma2_00188;188;;Larteau;33500;33015;Arveyres;;;-0.27434;44.895148
33015_0088_00005;5;;Rue de Peytot;33500;33015;Arveyres;;;-0.284561;44.88404
33015_0069_00005;5;;Rue des Freres Lespinasse;33500;33015;Arveyres;;;-0.289871;44.884637
33015_0117_00002;2;;Route de Tillede;33500;33015;Arveyres;;;-0.286187;44.879811
33015_0012_00034;34;;Route de Bordeaux;33500;33015;Arveyres;;;-0.287856;44.883358
33015_b100_00304;304;;Male Piece;33500;33015;Arveyres;;;-0.29507;44.880065
33015_4r3re7_00033;33;;Lieu Dit la Pecherie;33500;33015;Arveyres;;;-0.25331;44.915957
33015_0038_00039;39;;Rue de l’Eglise;33500;33015;Arveyres;;;-0.281695;44.883676
33015_0107_00011;11;;Rue de Siston;33500;33015;Arveyres;;;-0.291248;44.885256
33015_0048_00005;5;;Route de Fonsegrede;33500;33015;Arveyres;;;-0.281003;44.880366
33015_0002_00039;39;;Rue Auguste Lemeland;33500;33015;Arveyres;;;-0.256288;44.910667
33015_b097_00012;12;;Maison Neuve;33500;33015;Arveyres;;;-0.259111;44.907358
33015_0085_00021_bis;21;bis;Rue des Pècheurs;33500;33015;Arveyres;;;-0.286709;44.888297
33015_0100_00004;4;;Impasse des Rouges Gorges;33500;33015;Arveyres;;;-0.286901;44.8826
33015_0020_00002;2;;Allee des Camelias;33500;33015;Arveyres;;;-0.287612;44.880441
33015_0082_00002;2;;Impasse de Pan Perdu;33500;33015;Arveyres;;;-0.286025;44.879453
33015_0090_00009;9;;Allée des Pommiers;33500;33015;Arveyres;;;-0.284936;44.878309
33015_0083_00007;7;;Rue du Parlement;33500;33015;Arveyres;;;-0.252251;44.91164
33015_3hfnn1_00209;209;;Lieu Dit la Plante;33500;33015;Arveyres;;;-0.262836;44.891543
33015_w7v947_00006;6;;Jaumette;33500;33015;Arveyres;;;-0.273217;44.900736
33015_0088_00008;8;;Rue de Peytot;33500;33015;Arveyres;;;-0.286036;44.882446
33015_0101_00004;4;;Chemin de Royne;33500;33015;Arveyres;;;-0.293259;44.884983
33015_0060_00025_b;25;b;Rue du 8 Mai 1945;33500;33015;Arveyres;;;-0.287004;44.885158
33015_0117_00571;571;;Route de Tillede;33500;33015;Arveyres;;;-0.28811;44.878414
33015_0067_00014_bis;14;bis;Chemin de Lande;33500;33015;Arveyres;;;-0.292774;44.882257
33015_bbpry7_00002;2;;le Prat;33500;33015;Arveyres;;;-0.295583;44.880106
33015_0009_00003;3;;Chemin de Beoulaygues;33500;33015;Arveyres;;;-0.283206;44.883134
33015_1481yg_00001;1;;Lieu Dit Lavergne;33500;33015;Arveyres;;;-0.28237;44.911771
33015_0066_00029;29;;Route de Jourdan;33500;33015;Arveyres;;;-0.255724;44.905242
33015_n7jip5_00469;469;;Lieu Dit Tillede;33500;33015;Arveyres;;;-0.295177;44.868981
33015_0069_00007;7;;Rue des Freres Lespinasse;33500;33015;Arveyres;;;-0.290077;44.884454
33015_5x7n1q_00005;5;;Damazac;33500;33015;Arveyres;;;-0.272886;44.916091
33015_0048_00024;24;;Route de Fonsegrede;33500;33015;Arveyres;;;-0.285193;44.87627
33015_0044_00028;28;;Rue de Feldbach;33500;33015;Arveyres;;;-0.285554;44.881148
33015_0088_00001;1;;Rue de Peytot;33500;33015;Arveyres;;;-0.284277;44.884361
33015_b164_00135;135;;Sang de Boeuf;33500;33015;Arveyres;;;-0.250068;44.90417
33015_0120_00008_bis;8;bis;Chemin de Tire Merle;33500;33015;Arveyres;;;-0.281628;44.877847
33015_0023_00004;4;;Allee de Cluzan;33500;33015;Arveyres;;;-0.282577;44.877227
33015_b005_00582;582;;Barail de Chapeau;33500;33015;Arveyres;;;-0.257617;44.909378
33015_b145_00007;7;;Port Moran;33500;33015;Arveyres;;;-0.251562;44.909289
33015_b141_00123;123;;Port du Nouguey Est;33500;33015;Arveyres;;;-0.251795;44.909624
33015_0083_00005;5;;Rue du Parlement;33500;33015;Arveyres;;;-0.252007;44.911656
33015_b143_00016;16;;Port du Nouguey-Ouest;33500;33015;Arveyres;;;-0.25755;44.910573
33015_0101_00003_bis;3;bis;Chemin de Royne;33500;33015;Arveyres;;;-0.293526;44.884508
33015_0038_00015;15;;Rue de l’Eglise;33500;33015;Arveyres;;;-0.283649;44.884513
33015_0049_00004;4;;Impasse des Gabarres;33500;33015;Arveyres;;;-0.251436;44.912308
33015_d07kds_00003;3;;Chemin de Cugnefesse;33500;33015;Arveyres;;;-0.271161;44.890878
33015_0009_00020;20;;Chemin de Beoulaygues;33500;33015;Arveyres;;;-0.284031;44.88288
33015_b143_00573;573;;Port du Nouguey-Ouest;33500;33015;Arveyres;;;-0.252042;44.912982
33015_521pz8_00141;141;;l'Orial;33500;33015;Arveyres;;;-0.254783;44.898915
33015_668ax3_00004;4;;Lieu Dit Franchot;33500;33015;Arveyres;;;-0.255204;44.897838
33015_pvnctu_00005;5;;Lieu Dit Gelleyre;33500;33015;Arveyres;;;-0.274241;44.916702
33015_0040_00003;3;;Rue Eugène Bernard;33500;33015;Arveyres;;;-0.251662;44.911442
33015_0038_00014;14;;Rue de l’Eglise;33500;33015;Arveyres;;;-0.283705;44.884456
33015_0067_00004;4;;Chemin de Lande;33500;33015;Arveyres;;;-0.292621;44.884948
33015_0107_00002;2;;Rue de Siston;33500;33015;Arveyres;;;-0.289279;44.88594
33015_0108_00003;3;;Impasse Siston;33500;33015;Arveyres;;;-0.289379;44.886275
33015_0002_00021;21;;Rue Auguste Lemeland;33500;33015;Arveyres;;;-0.254558;44.910535
33015_0091_00003_ter;3;ter;Rue du Port;33500;33015;Arveyres;;;-0.293227;44.88663
33015_0070_00028;28;;Avenue de la Libération;33500;33015;Arveyres;;;-0.251441;44.911319
33015_0107_00015_bis;15;bis;Rue de Siston;33500;33015;Arveyres;;;-0.291989;44.885689
33015_0120_00002;2;;Chemin de Tire Merle;33500;33015;Arveyres;;;-0.282952;44.878449
33015_0069_00032;32;;Rue des Freres Lespinasse;33500;33015;Arveyres;;;-0.289271;44.883368
33015_0120_00012;12;;Chemin de Tire Merle;33500;33015;Arveyres;;;-0.281247;44.877136
33015_0069_00010;10;;Rue des Freres Lespinasse;33500;33015;Arveyres;;;-0.2906;44.884777
33015_a030_00009_ter;9;ter;Lotissement Les Anémones;33500;33015;Arveyres;;;-0.253025;44.908884
33015_0060_00013_bis;13;bis;Rue du 8 Mai 1945;33500;33015;Arveyres;;;-0.286043;44.885009
33015_b9js2d_00001;1;;Malbâtit;33500;33015;Arveyres;;;-0.259961;44.890434
33015_0038_00043;43;;Rue de l’Eglise;33500;33015;Arveyres;;;-0.281267;44.88336
33015_b033_00447;447;;Barre Sud;33500;33015;Arveyres;;;-0.295516;44.879897
33015_1vngiy_00002;2;;Lieu Dit l’Estey;33500;33015;Arveyres;;;-0.25432;44.90179
33015_b143_00041_a;41;a;Port du Nouguey-Ouest;33500;33015;Arveyres;;;-0.252649;44.912972
33015_0022_00008;8;;Allee des Cerisiers;33500;33015;Arveyres;;;-0.287777;44.878239
33015_0038_00019;19;;Rue de l’Eglise;33500;33015;Arveyres;;;-0.283068;44.884263
33015_0117_00006;6;;Route de Tillede;33500;33015;Arveyres;;;-0.288038;44.879132
33015_0026_00001;1;;Allee des Coquelicots;33500;33015;Arveyres;;;-0.285012;44.879854
33015_b176_00004;4;;Brondeau Ouest;33500;33015;Arveyres;;;-0.289341;44.881798
33015_b032_00417;417;;Barre Nord;33500;33015;Arveyres;;;-0.299901;44.881345
33015_b141_00564;564;;Port du Nouguey Est;33500;33015;Arveyres;;;-0.257214;44.909561
33015_0085_00015;15;;Rue des Pècheurs;33500;33015;Arveyres;;;-0.287147;44.887677
33015_0002_00014;14;;Rue Auguste Lemeland;33500;33015;Arveyres;;;-0.252799;44.911144
33015_a030_00010;10;;Lotissement Les Anémones;33500;33015;Arveyres;;;-0.253538;44.908592
33015_0044_00005;5;;Rue de Feldbach;33500;33015;Arveyres;;;-0.283791;44.8834
33015_a230_00026;26;;Lotissement Nougueyrot;33500;33015;Arveyres;;;-0.290011;44.883741
33015_0048_00041_bis;41;bis;Route de Fonsegrede;33500;33015;Arveyres;;;-0.282435;44.879511
33015_0038_00056;56;;Rue de l’Eglise;33500;33015;Arveyres;;;-0.280815;44.8828
33015_0117_00014;14;;Route de Tillede;33500;33015;Arveyres;;;-0.288706;44.878416
33015_0117_00004;4;;Route de Tillede;33500;33015;Arveyres;;;-0.287817;44.879295
33015_0075_00016;16;;Rue du Moulin de la Mer;33500;33015;Arveyres;;;-0.298608;44.885376
33015_0067_00019;19;;Chemin de Lande;33500;33015;Arveyres;;;-0.292265;44.883242
33015_oml6st_00569;569;;Ld Viaduc de la Commanderie;33500;33015;Arveyres;;;-0.272788;44.894424
33015_4r3re7_00031;31;;Lieu Dit la Pecherie;33500;33015;Arveyres;;;-0.253806;44.916105
33015_0099_00011;11;;Route de la Rtd Port du Nouguey;33500;33015;Arveyres;;;-0.256447;44.911236
33015_b9js2d_00003;3;;Malbâtit;33500;33015;Arveyres;;;-0.262967;44.891453
33015_0015_00004_t;4;t;Route Brondeau du Tertre;33500;33015;Arveyres;;;-0.290201;44.881392
33015_0096_00009;9;;Route de Renéve;33500;33015;Arveyres;;;-0.284241;44.879994
33015_1vngiy_00005;5;;Lieu Dit l’Estey;33500;33015;Arveyres;;;-0.254311;44.901694
33015_4r3re7_00001;1;;Lieu Dit la Pecherie;33500;33015;Arveyres;;;-0.251952;44.91487
33015_6ho6p0_00006;6;;Impasse des Bleuets;33500;33015;Arveyres;;;-0.289067;44.8818
33015_0064_00004;4;;Allée des Jardins;33500;33015;Arveyres;;;-0.252585;44.909821
33015_b100_00305;305;;Male Piece;33500;33015;Arveyres;;;-0.294168;44.880284
33015_0088_00003;3;;Rue de Peytot;33500;33015;Arveyres;;;-0.284422;44.884204
33015_b145_00132;132;;Port Moran;33500;33015;Arveyres;;;-0.255115;44.906382
33015_tfnle8_00002;2;;Port de Brau;33500;33015;Arveyres;;;-0.285306;44.913529
33015_rt4sgs_00447;447;;Lieu Dit Sambosse;33500;33015;Arveyres;;;-0.298542;44.875573
33015_0044_00019;19;;Rue de Feldbach;33500;33015;Arveyres;;;-0.285106;44.881347
33015_py7bbq_00002;2;;Bastoney;33500;33015;Arveyres;;;-0.285019;44.91354
33015_0088_00015;15;;Rue de Peytot;33500;33015;Arveyres;;;-0.28547;44.882859
33015_pjpcw6_00146;146;;Lieu Dit Brondeau;33500;33015;Arveyres;;;-0.255638;44.897267
33015_0050_00003;3;;Avenue du Général de Gaulle;33500;33015;Arveyres;;;-0.251478;44.913486
33015_b097_00001;1;;Maison Neuve;33500;33015;Arveyres;;;-0.277589;44.911975
33015_0066_00023;23;;Route de Jourdan;33500;33015;Arveyres;;;-0.254991;44.90616
33015_0009_00016;16;;Chemin de Beoulaygues;33500;33015;Arveyres;;;-0.283642;44.882956
33015_0044_00007_bis;7;bis;Rue de Feldbach;33500;33015;Arveyres;;;-0.284004;44.883161
33015_0002_00003;3;;Rue Auguste Lemeland;33500;33015;Arveyres;;;-0.251961;44.911134
33015_0108_00005;5;;Impasse Siston;33500;33015;Arveyres;;;-0.289525;44.886337
33015_0091_00001_bis;1;bis;Rue du Port;33500;33015;Arveyres;;;-0.293227;44.88663
33015_0067_00007_ter;7;ter;Chemin de Lande;33500;33015;Arveyres;;;-0.292337;44.884445
33015_b010_00147;147;;Barrail du Grand Marais;33500;33015;Arveyres;;;-0.261792;44.906276
33015_0023_00010;10;;Allee de Cluzan;33500;33015;Arveyres;;;-0.28372;44.876882
33015_0066_00003;3;;Route de Jourdan;33500;33015;Arveyres;;;-0.257382;44.90933
33015_0038_00038;38;;Rue de l’Eglise;33500;33015;Arveyres;;;-0.281986;44.883742
33015_0038_00049;49;;Rue de l’Eglise;33500;33015;Arveyres;;;-0.280995;44.883126
33015_yxd10f_00160;160;;Lieu Dit Pruneyron;33500;33015;Arveyres;;;-0.273959;44.903915
33015_0090_00033;33;;Allée des Pommiers;33500;33015;Arveyres;;;-0.286856;44.87891
33015_gc8n2g_00006;6;;Route de Cadarsac;33500;33015;Arveyres;;;-0.287933;44.87157
33015_0067_00003_bis;3;bis;Chemin de Lande;33500;33015;Arveyres;;;-0.292282;44.884419
33015_0038_00052;52;;Rue de l’Eglise;33500;33015;Arveyres;;;-0.281115;44.883109
33015_0090_00026;26;;Allée des Pommiers;33500;33015;Arveyres;;;-0.28621;44.878475
33015_0069_00011;11;;Rue des Freres Lespinasse;33500;33015;Arveyres;;;-0.290394;44.884047
33015_q9fcpd_00003;3;;Place Gabriel Coquilleau;33500;33015;Arveyres;;;-0.283843;44.885003
33015_skz1jy_00001;1;;Lieu Dit le Lau;33500;33015;Arveyres;;;-0.300928;44.884803
33015_0015_00015;15;;Route Brondeau du Tertre;33500;33015;Arveyres;;;-0.285799;44.880502
33015_0020_00006;6;;Allee des Camelias;33500;33015;Arveyres;;;-0.287676;44.880031
33015_0107_00004;4;;Rue de Siston;33500;33015;Arveyres;;;-0.289824;44.885772
33015_yxd10f_00557;557;;Lieu Dit Pruneyron;33500;33015;Arveyres;;;-0.272314;44.90312
33015_xy3wty_00212;212;;Lieu Dit Penchille;33500;33015;Arveyres;;;-0.265086;44.886415
33015_b144_00364;364;;Port Laroque;33500;33015;Arveyres;;;-0.287302;44.887916
33015_a030_00016;16;;Lotissement Les Anémones;33500;33015;Arveyres;;;-0.255269;44.908657
33015_0083_00004;4;;Rue du Parlement;33500;33015;Arveyres;;;-0.251857;44.911727
33015_0015_00003_ter;3;ter;Route Brondeau du Tertre;33500;33015;Arveyres;;;-0.289329;44.881165
33015_0048_00025;25;;Route de Fonsegrede;33500;33015;Arveyres;;;-0.282555;44.878811
33015_0009_00005;5;;Chemin de Beoulaygues;33500;33015;Arveyres;;;-0.283436;44.882951
33015_0069_00013;13;;Rue des Freres Lespinasse;33500;33015;Arveyres;;;-0.28934;44.884032
33015_0066_00006;6;;Route de Jourdan;33500;33015;Arveyres;;;-0.264587;44.884088
33015_0101_00005;5;;Chemin de Royne;33500;33015;Arveyres;;;-0.293565;44.884459
33015_0044_00021;21;;Rue de Feldbach;33500;33015;Arveyres;;;-0.284914;44.880896
33015_0002_00006;6;;Rue Auguste Lemeland;33500;33015;Arveyres;;;-0.251844;44.911294
33015_0083_00021;21;;Rue du Parlement;33500;33015;Arveyres;;;-0.252975;44.911439
33015_b145_00130_a;130;a;Port Moran;33500;33015;Arveyres;;;-0.256093;44.907504
33015_0120_00006;6;;Chemin de Tire Merle;33500;33015;Arveyres;;;-0.282405;44.878203
33015_0107_00017;17;;Rue de Siston;33500;33015;Arveyres;;;-0.292312;44.885789
33015_0038_00029;29;;Rue de l’Eglise;33500;33015;Arveyres;;;-0.282464;44.884353
33015_0049_00003_bis;3;bis;Impasse des Gabarres;33500;33015;Arveyres;;;-0.251418;44.912091
33015_0120_00005;5;;Chemin de Tire Merle;33500;33015;Arveyres;;;-0.280843;44.87698
33015_0108_00008;8;;Impasse Siston;33500;33015;Arveyres;;;-0.289772;44.88642
33015_3gqzv7_00004;4;;Lieu Dit Blouin;33500;33015;Arveyres;;;-0.29708;44.87139
33015_0120_00008;8;;Chemin de Tire Merle;33500;33015;Arveyres;;;-0.281766;44.877916
33015_9iwq19_00184;184;;Le Perey;33500;33015;Arveyres;;;-0.280402;44.889367
33015_0040_00011_a;11;a;Rue Eugène Bernard;33500;33015;Arveyres;;;-0.252116;44.911335
33015_0082_00003;3;;Impasse de Pan Perdu;33500;33015;Arveyres;;;-0.285386;44.879338
33015_0025_00002;2;;Impasse de la Commanderie;33500;33015;Arveyres;;;-0.292125;44.886153
33015_0117_00016;16;;Route de Tillede;33500;33015;Arveyres;;;-0.288887;44.878042
33015_0022_00012;12;;Allee des Cerisiers;33500;33015;Arveyres;;;-0.287312;44.878059
33015_as1nnx_00001;1;;Chemin de Damazac;33500;33015;Arveyres;;;-0.272878;44.914732
33015_5em6qv_00001;1;;Lieu Dit Bozelle;33500;33015;Arveyres;;;-0.254104;44.901013
33015_rt4sgs_00001_a;1;a;Lieu Dit Sambosse;33500;33015;Arveyres;;;-0.297943;44.875762
33015_0020_00004;4;;Allee des Camelias;33500;33015;Arveyres;;;-0.287828;44.880162
33015_0002_00011;11;;Rue Auguste Lemeland;33500;33015;Arveyres;;;-0.253594;44.910851
33015_0009_00001;1;;Chemin de Beoulaygues;33500;33015;Arveyres;;;-0.281864;44.882858
33015_rt4sgs_00001;1;;Lieu Dit Sambosse;33500;33015;Arveyres;;;-0.297607;44.875702
33015_0026_00007;7;;Allee des Coquelicots;33500;33015;Arveyres;;;-0.284814;44.879679
33015_gc8n2g_00004_bis;4;bis;Route de Cadarsac;33500;33015;Arveyres;;;-0.287796;44.872258
33015_b100_00002;2;;Male Piece;33500;33015;Arveyres;;;-0.29521;44.880077
33015_grcu02_00001;1;;Tabac;33500;33015;Arveyres;;;-0.265631;44.916514
33015_joe3ij_00568;568;;La Commanderie;33500;33015;Arveyres;;;-0.27175;44.895207
33015_xcd06v_00002;2;;Lieu Dit Bessac;33500;33015;Arveyres;;;-0.303216;44.868396
33015_0075_00007;7;;Rue du Moulin de la Mer;33500;33015;Arveyres;;;-0.297394;44.887052
33015_0038_00046;46;;Rue de l’Eglise;33500;33015;Arveyres;;;-0.281629;44.883519
33015_0090_00019;19;;Allée des Pommiers;33500;33015;Arveyres;;;-0.286026;44.878854
33015_0060_00003_a;3;a;Rue du 8 Mai 1945;33500;33015;Arveyres;;;-0.285398;44.885159
33015_0054_00003;3;;Chemin de la Gravette;33500;33015;Arveyres;;;-0.282168;44.880671
33015_0002_00031_bis;31;bis;Rue Auguste Lemeland;33500;33015;Arveyres;;;-0.254616;44.910892
33015_0091_00018;18;;Rue du Port;33500;33015;Arveyres;;;-0.294638;44.886534
33015_b9js2d_00002;2;;Malbâtit;33500;33015;Arveyres;;;-0.263125;44.892187
33015_0022_00007;7;;Allee des Cerisiers;33500;33015;Arveyres;;;-0.287619;44.878326
33015_v9qrso_00483;483;;Lieu Dit Beaumard;33500;33015;Arveyres;;;-0.303322;44.872435
33015_0054_00008_bis;8;bis;Chemin de la Gravette;33500;33015;Arveyres;;;-0.282181;44.881825
33015_0069_00036_bis;36;bis;Rue des Freres Lespinasse;33500;33015;Arveyres;;;-0.289609;44.883684
33015_0002_00010;10;;Rue Auguste Lemeland;33500;33015;Arveyres;;;-0.25214;44.911248
33015_b177_00025_a;25;a;Barrail de Baron Ouest;33500;33015;Arveyres;;;-0.258583;44.909629
33015_0066_00009;9;;Route de Jourdan;33500;33015;Arveyres;;;-0.256604;44.908034
33015_0048_00001;1;;Route de Fonsegrede;33500;33015;Arveyres;;;-0.280933;44.88082
33015_0044_00007;7;;Rue de Feldbach;33500;33015;Arveyres;;;-0.283988;44.883179
33015_0060_00009;9;;Rue du 8 Mai 1945;33500;33015;Arveyres;;;-0.285714;44.885216
33015_0107_00003;3;;Rue de Siston;33500;33015;Arveyres;;;-0.289618;44.885743
33015_5e2qwr_00001;1;;la Tuilière;33500;33015;Arveyres;;;-0.299249;44.883341
33015_0117_00010;10;;Route de Tillede;33500;33015;Arveyres;;;-0.288308;44.878937
33015_0015_00003_bis;3;bis;Route Brondeau du Tertre;33500;33015;Arveyres;;;-0.289405;44.881212
33015_bdjf6f_00001;1;;Lieu Dit Montourin;33500;33015;Arveyres;;;-0.279851;44.889594
33015_0091_00004;4;;Rue du Port;33500;33015;Arveyres;;;-0.292905;44.88743
33015_0049_00003;3;;Impasse des Gabarres;33500;33015;Arveyres;;;-0.251442;44.912306
33015_6ho6p0_00007;7;;Impasse des Bleuets;33500;33015;Arveyres;;;-0.288889;44.881732
33015_b145_00129;129;;Port Moran;33500;33015;Arveyres;;;-0.256145;44.907532
33015_b145_00009;9;;Port Moran;33500;33015;Arveyres;;;-0.251926;44.907851
33015_0070_00010;10;;Avenue de la Libération;33500;33015;Arveyres;;;-0.251416;44.911995
33015_0038_00053;53;;Rue de l’Eglise;33500;33015;Arveyres;;;-0.280763;44.882919
33015_3hfnn1_00002;2;;Lieu Dit la Plante;33500;33015;Arveyres;;;-0.263405;44.890671
33015_b141_00096;96;;Port du Nouguey Est;33500;33015;Arveyres;;;-0.252968;44.911171
33015_0012_00011_b;11;b;Route de Bordeaux;33500;33015;Arveyres;;;-0.288407;44.882912
33015_joe3ij_00000;0;;La Commanderie;33500;33015;Arveyres;;;-0.272604;44.894611
33015_0064_00001;1;;Allée des Jardins;33500;33015;Arveyres;;;-0.252467;44.909761
33015_0082_00006;6;;Impasse de Pan Perdu;33500;33015;Arveyres;;;-0.28508;44.87915
33015_oml6st_00568;568;;Ld Viaduc de la Commanderie;33500;33015;Arveyres;;;-0.272939;44.894527
33015_b145_00172;172;;Port Moran;33500;33015;Arveyres;;;-0.254836;44.908659
33015_0015_00002;2;;Route Brondeau du Tertre;33500;33015;Arveyres;;;-0.291149;44.881638
33015_0048_00020;20;;Route de Fonsegrede;33500;33015;Arveyres;;;-0.284807;44.876555
33015_0091_00006;6;;Rue du Port;33500;33015;Arveyres;;;-0.293567;44.886694
33015_0038_00055;55;;Rue de l’Eglise;33500;33015;Arveyres;;;-0.280661;44.882813
33015_6ho6p0_00003_bis;3;bis;Impasse des Bleuets;33500;33015;Arveyres;;;-0.289245;44.881716
33015_0015_00010;10;;Route Brondeau du Tertre;33500;33015;Arveyres;;;-0.289686;44.88123
33015_zff3c1_00001;1;;Monmigron;33500;33015;Arveyres;;;-0.280712;44.902035
33015_0066_00016;16;;Route de Jourdan;33500;33015;Arveyres;;;-0.25611;44.907277
33015_0012_00020;20;;Route de Bordeaux;33500;33015;Arveyres;;;-0.286687;44.883993
33015_0107_00009_bis;9;bis;Rue de Siston;33500;33015;Arveyres;;;-0.290874;44.885558
33015_0012_00040;40;;Route de Bordeaux;33500;33015;Arveyres;;;-0.28854;44.883024
33015_0069_00026;26;;Rue des Freres Lespinasse;33500;33015;Arveyres;;;-0.290067;44.883539
33015_06bva6_00006;6;;Rue des Templiers;33500;33015;Arveyres;;;-0.28995;44.887011
33015_0090_00021;21;;Allée des Pommiers;33500;33015;Arveyres;;;-0.285465;44.878649
33015_0117_00101;101;;Route de Tillede;33500;33015;Arveyres;;;-0.294063;44.871402
33015_0066_00002;2;;Route de Jourdan;33500;33015;Arveyres;;;-0.257297;44.908869
33015_0015_00007;7;;Route Brondeau du Tertre;33500;33015;Arveyres;;;-0.28873;44.880969
33015_0083_00002;2;;Rue du Parlement;33500;33015;Arveyres;;;-0.251828;44.911726
33015_b143_00041;41;;Port du Nouguey-Ouest;33500;33015;Arveyres;;;-0.252697;44.914636
33015_t749fq_00543;543;;Beliquet;33500;33015;Arveyres;;;-0.255385;44.916493
33015_0060_00004;4;;Rue du 8 Mai 1945;33500;33015;Arveyres;;;-0.285117;44.885239
33015_0088_00033;33;;Rue de Peytot;33500;33015;Arveyres;;;-0.287002;44.881178
33015_0002_00018;18;;Rue Auguste Lemeland;33500;33015;Arveyres;;;-0.254197;44.911048
33015_0048_00005_bis;5;bis;Route de Fonsegrede;33500;33015;Arveyres;;;-0.280557;44.880153
33015_0099_00003;3;;Route de la Rtd Port du Nouguey;33500;33015;Arveyres;;;-0.254606;44.912629
33015_po9ssg_00491;491;;Fage;33500;33015;Arveyres;;;-0.304471;44.867014
33015_zobzd6_00004;4;;Lieu Dit Jeantieu;33500;33015;Arveyres;;;-0.297073;44.874954
33015_0025_00002_bis;2;bis;Impasse de la Commanderie;33500;33015;Arveyres;;;-0.272315;44.89421
33015_0117_00102;102;;Route de Tillede;33500;33015;Arveyres;;;-0.294144;44.871215
33015_b168_00013;13;;Taffard Sud;33500;33015;Arveyres;;;-0.273481;44.912633
33015_0090_00025;25;;Allée des Pommiers;33500;33015;Arveyres;;;-0.285812;44.878371
33015_pjpcw6_00005;5;;Lieu Dit Brondeau;33500;33015;Arveyres;;;-0.257521;44.896751
33015_0026_00008;8;;Allee des Coquelicots;33500;33015;Arveyres;;;-0.285135;44.879793
33015_0015_00008;8;;Route Brondeau du Tertre;33500;33015;Arveyres;;;-0.290013;44.881095
33015_zobzd6_00007_bis;7;bis;Lieu Dit Jeantieu;33500;33015;Arveyres;;;-0.299599;44.874104
33015_1481yg_00015;15;;Lieu Dit Lavergne;33500;33015;Arveyres;;;-0.283574;44.912395
33015_0088_00019;19;;Rue de Peytot;33500;33015;Arveyres;;;-0.285906;44.882444
33015_0108_00002;2;;Impasse Siston;33500;33015;Arveyres;;;-0.289368;44.886357
33015_b050_00002;2;;Lieu Dit Cache Cocu;33500;33015;Arveyres;;;-0.284175;44.916317
33015_b167_00005;5;;Taffard Nord;33500;33015;Arveyres;;;-0.276419;44.91442
33015_0064_00021;21;;Allée des Jardins;33500;33015;Arveyres;;;-0.255934;44.909728
33015_zff3c1_00169;169;;Monmigron;33500;33015;Arveyres;;;-0.279566;44.902075
33015_0044_00020;20;;Rue de Feldbach;33500;33015;Arveyres;;;-0.284789;44.882081
33015_ip6oc3_00005;5;;Port du Noyer Rotonde;33500;33015;Arveyres;;;-0.255374;44.911712
33015_0060_00033;33;;Rue du 8 Mai 1945;33500;33015;Arveyres;;;-0.288222;44.885648
33015_oml6st_00001;1;;Ld Viaduc de la Commanderie;33500;33015;Arveyres;;;-0.272817;44.894431
33015_0108_00012;12;;Impasse Siston;33500;33015;Arveyres;;;-0.289831;44.886423
33015_0070_00016;16;;Avenue de la Libération;33500;33015;Arveyres;;;-0.251419;44.911807
33015_0117_00009;9;;Route de Tillede;33500;33015;Arveyres;;;-0.287899;44.879189
33015_0075_00006;6;;Rue du Moulin de la Mer;33500;33015;Arveyres;;;-0.297747;44.887193
33015_668ax3_00001_bis;1;bis;Lieu Dit Franchot;33500;33015;Arveyres;;;-0.255193;44.898498
33015_0120_00018;18;;Chemin de Tire Merle;33500;33015;Arveyres;;;-0.280483;44.876778
33015_0038_00048;48;;Rue de l’Eglise;33500;33015;Arveyres;;;-0.281445;44.883376
33015_0002_00025;25;;Rue Auguste Lemeland;33500;33015;Arveyres;;;-0.254145;44.910822
33015_0044_00016;16;;Rue de Feldbach;33500;33015;Arveyres;;;-0.284493;44.882624
33015_6ho6p0_00001;1;;Impasse des Bleuets;33500;33015;Arveyres;;;-0.28911;44.881347
33015_668wdd_00002_bis;2;bis;Roynet;33500;33015;Arveyres;;;-0.297028;44.882102
33015_0066_00007;7;;Route de Jourdan;33500;33015;Arveyres;;;-0.256661;44.90814
33015_0026_00004;4;;Allee des Coquelicots;33500;33015;Arveyres;;;-0.28397;44.879544
33015_joe3ij_00004;4;;La Commanderie;33500;33015;Arveyres;;;-0.271891;44.893082
33015_0085_00009;9;;Rue des Pècheurs;33500;33015;Arveyres;;;-0.287386;44.887402
33015_0026_00003;3;;Allee des Coquelicots;33500;33015;Arveyres;;;-0.284444;44.879659
33015_a080_00004;4;;Lotissement Chupeau;33500;33015;Arveyres;;;-0.256461;44.909222
33015_po9ssg_00002;2;;Fage;33500;33015;Arveyres;;;-0.305342;44.865187
33015_b145_00008;8;;Port Moran;33500;33015;Arveyres;;;-0.255454;44.906787
33015_b9js2d_00208;208;;Malbâtit;33500;33015;Arveyres;;;-0.259891;44.890306
33015_b176_00007;7;;Brondeau Ouest;33500;33015;Arveyres;;;-0.288696;44.881804
33015_0060_00041;41;;Rue du 8 Mai 1945;33500;33015;Arveyres;;;-0.288972;44.885793
33015_0075_00003_b;3;b;Rue du Moulin de la Mer;33500;33015;Arveyres;;;-0.298388;44.883001
33015_ip6oc3_00004;4;;Port du Noyer Rotonde;33500;33015;Arveyres;;;-0.255624;44.912682
33015_n7jip5_00005;5;;Lieu Dit Tillede;33500;33015;Arveyres;;;-0.296902;44.86798
33015_0038_00047;47;;Rue de l’Eglise;33500;33015;Arveyres;;;-0.281036;44.88318
33015_0038_00022;22;;Rue de l’Eglise;33500;33015;Arveyres;;;-0.282888;44.884128
33015_0067_00021;21;;Chemin de Lande;33500;33015;Arveyres;;;-0.29209;44.883176
33015_0090_00008;8;;Allée des Pommiers;33500;33015;Arveyres;;;-0.28508;44.878155
33015_0049_00005_bis;5;bis;Impasse des Gabarres;33500;33015;Arveyres;;;-0.253406;44.912326
33015_0060_00002;2;;Rue du 8 Mai 1945;33500;33015;Arveyres;;;-0.285057;44.885216
33015_0060_00031_ter;31;ter;Rue du 8 Mai 1945;33500;33015;Arveyres;;;-0.287778;44.885471
33015_0088_00012;12;;Rue de Peytot;33500;33015;Arveyres;;;-0.28639;44.882047
33015_0067_00012;12;;Chemin de Lande;33500;33015;Arveyres;;;-0.292719;44.882398
33015_b176_00006;6;;Brondeau Ouest;33500;33015;Arveyres;;;-0.288994;44.881935
33015_0107_00017_bis;17;bis;Rue de Siston;33500;33015;Arveyres;;;-0.291989;44.885689
33015_0054_00006;6;;Chemin de la Gravette;33500;33015;Arveyres;;;-0.281642;44.881555
33015_0067_00009;9;;Chemin de Lande;33500;33015;Arveyres;;;-0.29182;44.883977
33015_b141_00117;117;;Port du Nouguey Est;33500;33015;Arveyres;;;-0.251978;44.910998
33015_0066_00017;17;;Route de Jourdan;33500;33015;Arveyres;;;-0.255456;44.90714
33015_0044_00023;23;;Rue de Feldbach;33500;33015;Arveyres;;;-0.285346;44.880826
33015_0040_00011_b;11;b;Rue Eugène Bernard;33500;33015;Arveyres;;;-0.252667;44.911204
33015_0048_00011;11;;Route de Fonsegrede;33500;33015;Arveyres;;;-0.281328;44.879789
33015_5m0gs9_00002;2;;Lieu Dit la Donne;33500;33015;Arveyres;;;-0.281899;44.890388
33015_0088_00021;21;;Rue de Peytot;33500;33015;Arveyres;;;-0.286103;44.882229
33015_647n9c_00028;28;;Ferran;33500;33015;Arveyres;;;-0.258652;44.916915
33015_0069_00005_bis;5;bis;Rue des Freres Lespinasse;33500;33015;Arveyres;;;-0.289954;44.884589
33015_nczfhe_00001;1;;Moustey;33500;33015;Arveyres;;;-0.280383;44.903001
33015_0075_00001;1;;Rue du Moulin de la Mer;33500;33015;Arveyres;;;-0.297358;44.887197
33015_0054_00008_ter;8;ter;Chemin de la Gravette;33500;33015;Arveyres;;;-0.281953;44.881709
33015_0067_00013;13;;Chemin de Lande;33500;33015;Arveyres;;;-0.292042;44.883759
33015_b182_00475;475;;Jeantieu-nord;33500;33015;Arveyres;;;-0.29652;44.876197
33015_b171_00468;468;;Tire Merle;33500;33015;Arveyres;;;-0.274134;44.868751
33015_o5thfm_00220_a;220;a;Lieu Dit Jourdan;33500;33015;Arveyres;;;-0.264525;44.88419
33015_0012_00042;42;;Route de Bordeaux;33500;33015;Arveyres;;;-0.288651;44.882942
33015_0060_00032;32;;Rue du 8 Mai 1945;33500;33015;Arveyres;;;-0.287271;44.884342
33015_1vngiy_00137;137;;Lieu Dit l’Estey;33500;33015;Arveyres;;;-0.254346;44.902185
33015_0075_00015;15;;Rue du Moulin de la Mer;33500;33015;Arveyres;;;-0.297536;44.886782
33015_0069_00022;22;;Rue des Freres Lespinasse;33500;33015;Arveyres;;;-0.29064;44.883721
33015_6ho6p0_00004;4;;Impasse des Bleuets;33500;33015;Arveyres;;;-0.289206;44.881792
33015_0060_00025_t;25;t;Rue du 8 Mai 1945;33500;33015;Arveyres;;;-0.287004;44.885158
33015_0083_00020;20;;Rue du Parlement;33500;33015;Arveyres;;;-0.253248;44.911399
33015_0038_00009;9;;Rue de l’Eglise;33500;33015;Arveyres;;;-0.283908;44.884642
33015_0067_00001_bis;1;bis;Chemin de Lande;33500;33015;Arveyres;;;-0.292391;44.88471
33015_oml6st_00001_bis;1;bis;Ld Viaduc de la Commanderie;33500;33015;Arveyres;;;-0.272693;44.89436
33015_0048_00017;17;;Route de Fonsegrede;33500;33015;Arveyres;;;-0.28231;44.879671
33015_ip6oc3_00009;9;;Port du Noyer Rotonde;33500;33015;Arveyres;;;-0.25628;44.911059
33015_0038_00037_bis;37;bis;Rue de l’Eglise;33500;33015;Arveyres;;;-0.281689;44.88367
33015_0091_00008;8;;Rue du Port;33500;33015;Arveyres;;;-0.296687;44.887206
33015_b143_00046;46;;Port du Nouguey-Ouest;33500;33015;Arveyres;;;-0.257019;44.911055
33015_0075_00019;19;;Rue du Moulin de la Mer;33500;33015;Arveyres;;;-0.298425;44.885435
33015_0040_00008;8;;Rue Eugène Bernard;33500;33015;Arveyres;;;-0.252089;44.911412
33015_rt4sgs_00447_a;447;a;Lieu Dit Sambosse;33500;33015;Arveyres;;;-0.298004;44.87554
33015_5em6qv_00003;3;;Lieu Dit Bozelle;33500;33015;Arveyres;;;-0.254104;44.90108
33015_xcd06v_00488;488;;Lieu Dit Bessac;33500;33015;Arveyres;;;-0.303333;44.868281
33015_0088_00010;10;;Rue de Peytot;33500;33015;Arveyres;;;-0.286178;44.882279
33015_0044_00018;18;;Rue de Feldbach;33500;33015;Arveyres;;;-0.284687;44.882279
33015_bqtkcr_00183;183;;Lieu Dit Chaussemelle;33500;33015;Arveyres;;;-0.281461;44.888427
33015_0023_00014;14;;Allee de Cluzan;33500;33015;Arveyres;;;-0.283319;44.877412
33015_0040_00009;9;;Rue Eugène Bernard;33500;33015;Arveyres;;;-0.252022;44.911375
33015_d07kds_00001;1;;Chemin de Cugnefesse;33500;33015;Arveyres;;;-0.282306;44.885377
33015_0069_00034_bis;34;bis;Rue des Freres Lespinasse;33500;33015;Arveyres;;;-0.289357;44.883633
33015_0060_00033_bis;33;bis;Rue du 8 Mai 1945;33500;33015;Arveyres;;;-0.288666;44.885287
33015_rt4sgs_00001_t;1;t;Lieu Dit Sambosse;33500;33015;Arveyres;;;-0.297607;44.875702
33015_0075_00002;2;;Rue du Moulin de la Mer;33500;33015;Arveyres;;;-0.297177;44.887428
33015_0050_00015;15;;Avenue du Général de Gaulle;33500;33015;Arveyres;;;-0.251703;44.91441
33015_0022_00003;3;;Allee des Cerisiers;33500;33015;Arveyres;;;-0.288118;44.878475
33015_skz1jy_00421;421;;Lieu Dit le Lau;33500;33015;Arveyres;;;-0.300928;44.884803
33015_0009_00002;2;;Chemin de Beoulaygues;33500;33015;Arveyres;;;-0.280832;44.88284
33015_0048_00018;18;;Route de Fonsegrede;33500;33015;Arveyres;;;-0.285214;44.877099
33015_as1nnx_00005;5;;Chemin de Damazac;33500;33015;Arveyres;;;-0.272878;44.914732
33015_0091_00001;1;;Rue du Port;33500;33015;Arveyres;;;-0.295517;44.886756
33015_5em6qv_00004;4;;Lieu Dit Bozelle;33500;33015;Arveyres;;;-0.254169;44.900894
33015_1vngiy_00001_a;1;a;Lieu Dit l’Estey;33500;33015;Arveyres;;;-0.254434;44.90267
33015_0067_00017;17;;Chemin de Lande;33500;33015;Arveyres;;;-0.291966;44.883466
33015_0038_00036;36;;Rue de l’Eglise;33500;33015;Arveyres;;;-0.28205;44.883787
33015_0017_00003;3;;Allee des Bruyeres;33500;33015;Arveyres;;;-0.286134;44.880214
33015_rt4sgs_00003;3;;Lieu Dit Sambosse;33500;33015;Arveyres;;;-0.297607;44.875702
33015_0054_00002;2;;Chemin de la Gravette;33500;33015;Arveyres;;;-0.280556;44.882026
33015_8qlma2_00186;186;;Larteau;33500;33015;Arveyres;;;-0.27769;44.894388
33015_0067_00007;7;;Chemin de Lande;33500;33015;Arveyres;;;-0.292324;44.88438
33015_a030_00007;7;;Lotissement Les Anémones;33500;33015;Arveyres;;;-0.253977;44.908826
33015_0044_00003;3;;Rue de Feldbach;33500;33015;Arveyres;;;-0.283415;44.883825
33015_0002_00009;9;;Rue Auguste Lemeland;33500;33015;Arveyres;;;-0.253063;44.91092
33015_0067_00023;23;;Chemin de Lande;33500;33015;Arveyres;;;-0.292351;44.88308
33015_6ho6p0_00005;5;;Impasse des Bleuets;33500;33015;Arveyres;;;-0.289223;44.881844
33015_b141_00581;581;;Port du Nouguey Est;33500;33015;Arveyres;;;-0.256764;44.909481
33015_0120_00002_bis;2;bis;Chemin de Tire Merle;33500;33015;Arveyres;;;-0.282535;44.878253
33015_0069_00003;3;;Rue des Freres Lespinasse;33500;33015;Arveyres;;;-0.289551;44.884836
33015_0088_00023;23;;Rue de Peytot;33500;33015;Arveyres;;;-0.286197;44.882112
33015_0012_00006_bis;6;bis;Route de Bordeaux;33500;33015;Arveyres;;;-0.28461;44.885444
33015_0002_00037;37;;Rue Auguste Lemeland;33500;33015;Arveyres;;;-0.255672;44.910699
33015_0066_00033;33;;Route de Jourdan;33500;33015;Arveyres;;;-0.255503;44.904928
33015_py7bbq_00001;1;;Bastoney;33500;33015;Arveyres;;;-0.286759;44.91186
33015_0038_00033;33;;Rue de l’Eglise;33500;33015;Arveyres;;;-0.28258;44.8841
33015_b100_00306;306;;Male Piece;33500;33015;Arveyres;;;-0.292704;44.880943
33015_0054_00008;8;;Chemin de la Gravette;33500;33015;Arveyres;;;-0.281222;44.881357
33015_0049_00002;2;;Impasse des Gabarres;33500;33015;Arveyres;;;-0.251442;44.912307
33015_0038_00013;13;;Rue de l’Eglise;33500;33015;Arveyres;;;-0.283747;44.884559
33015_b100_00307;307;;Male Piece;33500;33015;Arveyres;;;-0.292239;44.881153
33015_jx46uk_00153;153;;La Pelle;33500;33015;Arveyres;;;-0.273562;44.895008
33015_3gqzv7_00003_bis;3;bis;Lieu Dit Blouin;33500;33015;Arveyres;;;-0.294646;44.870357
33015_0044_00003_bis;3;bis;Rue de Feldbach;33500;33015;Arveyres;;;-0.283259;44.883825
33015_0067_00010;10;;Chemin de Lande;33500;33015;Arveyres;;;-0.29246;44.882937
33015_0064_00011;11;;Allée des Jardins;33500;33015;Arveyres;;;-0.253865;44.909762
33015_0107_00001;1;;Rue de Siston;33500;33015;Arveyres;;;-0.289311;44.88589
33015_pvnctu_00004;4;;Lieu Dit Gelleyre;33500;33015;Arveyres;;;-0.274467;44.916644
33015_n7jip5_00577;577;;Lieu Dit Tillede;33500;33015;Arveyres;;;-0.295178;44.86898
33015_0085_00002;2;;Rue des Pècheurs;33500;33015;Arveyres;;;-0.286839;44.887426
33015_pjpcw6_00206;206;;Lieu Dit Brondeau;33500;33015;Arveyres;;;-0.25921;44.892807
33015_0083_00023;23;;Rue du Parlement;33500;33015;Arveyres;;;-0.252983;44.911419
33015_q9fcpd_00001;1;;Place Gabriel Coquilleau;33500;33015;Arveyres;;;-0.284068;44.885259
33015_0038_00027_bis;27;bis;Rue de l’Eglise;33500;33015;Arveyres;;;-0.282494;44.884406
33015_3gqzv7_00002;2;;Lieu Dit Blouin;33500;33015;Arveyres;;;-0.297142;44.871041
33015_0044_00017;17;;Rue de Feldbach;33500;33015;Arveyres;;;-0.284794;44.881897
33015_0064_00002;2;;Allée des Jardins;33500;33015;Arveyres;;;-0.25263;44.909803
33015_b182_00476;476;;Jeantieu-nord;33500;33015;Arveyres;;;-0.296711;44.877143
33015_skz1jy_00002;2;;Lieu Dit le Lau;33500;33015;Arveyres;;;-0.300928;44.884803
33015_0022_00002;2;;Allee des Cerisiers;33500;33015;Arveyres;;;-0.28834;44.878385
33015_0075_00006_bis;6;bis;Rue du Moulin de la Mer;33500;33015;Arveyres;;;-0.298046;44.887016
33015_0012_00056;56;;Route de Bordeaux;33500;33015;Arveyres;;;-0.291739;44.881551
33015_0083_00017;17;;Rue du Parlement;33500;33015;Arveyres;;;-0.252717;44.91156
33015_0054_00005_ter;5;ter;Chemin de la Gravette;33500;33015;Arveyres;;;-0.282661;44.880196
33015_0060_00025_a;25;a;Rue du 8 Mai 1945;33500;33015;Arveyres;;;-0.287228;44.88524
33015_xcd06v_00486_a;486;a;Lieu Dit Bessac;33500;33015;Arveyres;;;-0.302765;44.869569
33015_0060_00039_ter;39;ter;Rue du 8 Mai 1945;33500;33015;Arveyres;;;-0.288947;44.885518
33015_0117_00018;18;;Route de Tillede;33500;33015;Arveyres;;;-0.289203;44.878016
33015_6ho6p0_00002;2;;Impasse des Bleuets;33500;33015;Arveyres;;;-0.289154;44.881682
33015_3gqzv7_00473;473;;Lieu Dit Blouin;33500;33015;Arveyres;;;-0.296911;44.870955
33015_b9js2d_00004;4;;Malbâtit;33500;33015;Arveyres;;;-0.263176;44.891167
33015_0060_00023_bis;23;bis;Rue du 8 Mai 1945;33500;33015;Arveyres;;;-0.286535;44.885166
33015_8qlma2_00187;187;;Larteau;33500;33015;Arveyres;;;-0.27769;44.894388
33015_9iwq19_00002;2;;Le Perey;33500;33015;Arveyres;;;-0.281936;44.89019
33015_pjpcw6_00001;1;;Lieu Dit Brondeau;33500;33015;Arveyres;;;-0.255822;44.897271
33015_0096_00007;7;;Route de Renéve;33500;33015;Arveyres;;;-0.28451;44.880088
33015_0002_00012;12;;Rue Auguste Lemeland;33500;33015;Arveyres;;;-0.252245;44.911235
33015_0088_00004;4;;Rue de Peytot;33500;33015;Arveyres;;;-0.285819;44.883622
33015_0044_00010;10;;Rue de Feldbach;33500;33015;Arveyres;;;-0.284087;44.883177
33015_0015_00022;22;;Route Brondeau du Tertre;33500;33015;Arveyres;;;-0.28733;44.88066
33015_zobzd6_00007_ter;7;ter;Lieu Dit Jeantieu;33500;33015;Arveyres;;;-0.300145;44.874142
33015_0100_00014;14;;Impasse des Rouges Gorges;33500;33015;Arveyres;;;-0.288193;44.882119
33015_0100_00002;2;;Impasse des Rouges Gorges;33500;33015;Arveyres;;;-0.286689;44.882483
33015_0068_00004;4;;Impasse de Lande;33500;33015;Arveyres;;;-0.293002;44.884195
33015_b132_00478;478;;Pey de Veau;33500;33015;Arveyres;;;-0.290997;44.874852
33015_0091_00007;7;;Rue du Port;33500;33015;Arveyres;;;-0.296945;44.887239
33015_a030_00001;1;;Lotissement Les Anémones;33500;33015;Arveyres;;;-0.255648;44.908706
33015_0050_00027;27;;Avenue du Général de Gaulle;33500;33015;Arveyres;;;-0.251948;44.914929
33015_0048_00003;3;;Route de Fonsegrede;33500;33015;Arveyres;;;-0.281108;44.880704
33015_a030_00002;2;;Lotissement Les Anémones;33500;33015;Arveyres;;;-0.255594;44.908767
33015_0075_00011;11;;Rue du Moulin de la Mer;33500;33015;Arveyres;;;-0.297559;44.887075
33015_b010_00001;1;;Barrail du Grand Marais;33500;33015;Arveyres;;;-0.262038;44.906065
33015_ctjjak_00211;211;;Bardon;33500;33015;Arveyres;;;-0.265699;44.889978
33015_nczfhe_00171;171;;Moustey;33500;33015;Arveyres;;;-0.280435;44.902729
33015_vk2xcg_00018;18;;Graney;33500;33015;Arveyres;;;-0.285137;44.908193
33015_jx46uk_00001;1;;La Pelle;33500;33015;Arveyres;;;-0.272267;44.896119
33015_0099_00007;7;;Route de la Rtd Port du Nouguey;33500;33015;Arveyres;;;-0.255905;44.911753
33015_0101_00006;6;;Chemin de Royne;33500;33015;Arveyres;;;-0.293583;44.885026
33015_0038_00023;23;;Rue de l’Eglise;33500;33015;Arveyres;;;-0.282799;44.884173
33015_0064_00019;19;;Allée des Jardins;33500;33015;Arveyres;;;-0.254987;44.909706
33015_0038_00010;10;;Rue de l’Eglise;33500;33015;Arveyres;;;-0.284189;44.884677
33015_a030_00012;12;;Lotissement Les Anémones;33500;33015;Arveyres;;;-0.253772;44.908504
33015_0oms1a_00004;4;;Vignaud;33500;33015;Arveyres;;;-0.278112;44.916855
33015_0069_00034;34;;Rue des Freres Lespinasse;33500;33015;Arveyres;;;-0.289069;44.883661
33015_0040_00005;5;;Rue Eugène Bernard;33500;33015;Arveyres;;;-0.251874;44.911433
33015_0048_00008;8;;Route de Fonsegrede;33500;33015;Arveyres;;;-0.282938;44.878936
33015_0038_00049_a;49;a;Rue de l’Eglise;33500;33015;Arveyres;;;-0.281127;44.883245
33015_0060_00011;11;;Rue du 8 Mai 1945;33500;33015;Arveyres;;;-0.285961;44.885068
33015_0066_00001;1;;Route de Jourdan;33500;33015;Arveyres;;;-0.2575;44.909416
33015_0048_00013;13;;Route de Fonsegrede;33500;33015;Arveyres;;;-0.280977;44.879296
33015_joe3ij_00569;569;;La Commanderie;33500;33015;Arveyres;;;-0.271086;44.8947
33015_3gqzv7_00007_b;7;b;Lieu Dit Blouin;33500;33015;Arveyres;;;-0.29697;44.87124
33015_0075_00009;9;;Rue du Moulin de la Mer;33500;33015;Arveyres;;;-0.297422;44.887129
33015_0070_00026;26;;Avenue de la Libération;33500;33015;Arveyres;;;-0.251437;44.911393
33015_0017_00006;6;;Allee des Bruyeres;33500;33015;Arveyres;;;-0.286681;44.8801
33015_0100_00008;8;;Impasse des Rouges Gorges;33500;33015;Arveyres;;;-0.287488;44.882604
33015_0009_00013;13;;Chemin de Beoulaygues;33500;33015;Arveyres;;;-0.283916;44.882811
33015_0083_00024;24;;Rue du Parlement;33500;33015;Arveyres;;;-0.253432;44.911365
33015_0012_00009;9;;Route de Bordeaux;33500;33015;Arveyres;;;-0.287162;44.883593
33015_0048_00019;19;;Route de Fonsegrede;33500;33015;Arveyres;;;-0.282412;44.87901
33015_0107_00009_ter;9;ter;Rue de Siston;33500;33015;Arveyres;;;-0.290682;44.885543
33015_0015_00018;18;;Route Brondeau du Tertre;33500;33015;Arveyres;;;-0.288228;44.88077
33015_b072_00006;6;;l'Estey Noir;33500;33015;Arveyres;;;-0.274428;44.916714
33015_0012_00014;14;;Route de Bordeaux;33500;33015;Arveyres;;;-0.285157;44.884965
33015_0085_00007;7;;Rue des Pècheurs;33500;33015;Arveyres;;;-0.287667;44.886754
33015_0083_00022;22;;Rue du Parlement;33500;33015;Arveyres;;;-0.253327;44.911379
33015_0009_00008;8;;Chemin de Beoulaygues;33500;33015;Arveyres;;;-0.28302;44.883187
33015_0044_00011;11;;Rue de Feldbach;33500;33015;Arveyres;;;-0.284153;44.882976
33015_0006_00002;2;;Chemin de Beaubuisson;33500;33015;Arveyres;;;-0.285468;44.885735
33015_0015_00001_ter;1;ter;Route Brondeau du Tertre;33500;33015;Arveyres;;;-0.290212;44.881463
33015_5em6qv_00002;2;;Lieu Dit Bozelle;33500;33015;Arveyres;;;-0.254112;44.901046
33015_5em6qv_00140;140;;Lieu Dit Bozelle;33500;33015;Arveyres;;;-0.249846;44.898915
33015_0069_00030;30;;Rue des Freres Lespinasse;33500;33015;Arveyres;;;-0.289542;44.883381
33015_0085_00019;19;;Rue des Pècheurs;33500;33015;Arveyres;;;-0.286815;44.888127
33015_0067_00017_bis;17;bis;Chemin de Lande;33500;33015;Arveyres;;;-0.29101;44.883277
33015_0069_00024;24;;Rue des Freres Lespinasse;33500;33015;Arveyres;;;-0.290368;44.883555
33015_a030_00005;5;;Lotissement Les Anémones;33500;33015;Arveyres;;;-0.254627;44.908794
33015_0015_00020;20;;Route Brondeau du Tertre;33500;33015;Arveyres;;;-0.287935;44.880756
33015_0048_00017_bis;17;bis;Route de Fonsegrede;33500;33015;Arveyres;;;-0.282328;44.87965
33015_0107_00013;13;;Rue de Siston;33500;33015;Arveyres;;;-0.291408;44.88547
33015_0038_00028;28;;Rue de l’Eglise;33500;33015;Arveyres;;;-0.282505;44.884003
33015_0099_00009;9;;Route de la Rtd Port du Nouguey;33500;33015;Arveyres;;;-0.25633;44.911365
33015_0090_00024;24;;Allée des Pommiers;33500;33015;Arveyres;;;-0.285742;44.878337
33015_b072_00006;6;;l'Estey Noir;33500;33015;Arveyres;;;-0.274428;44.916714
33015_a080_00005;5;;Lotissement Chupeau;33500;33015;Arveyres;;;-0.256561;44.908983
33015_06bva6_00004;4;;Rue des Templiers;33500;33015;Arveyres;;;-0.288987;44.887368
33015_6jfgdx_00001;1;;l'Ange;33500;33015;Arveyres;;;-0.260537;44.916955
33015_1481yg_00003;3;;Lieu Dit Lavergne;33500;33015;Arveyres;;;-0.282748;44.91198
33015_0069_00034_ter;34;ter;Rue des Freres Lespinasse;33500;33015;Arveyres;;;-0.288745;44.883641
33015_0085_00011;11;;Rue des Pècheurs;33500;33015;Arveyres;;;-0.28726;44.887548
33015_b182_00575;575;;Jeantieu-nord;33500;33015;Arveyres;;;-0.29629;44.87427
33015_a030_00014;14;;Lotissement Les Anémones;33500;33015;Arveyres;;;-0.254523;44.908699
33015_0040_00006;6;;Rue Eugène Bernard;33500;33015;Arveyres;;;-0.251794;44.911467
33015_0049_00005;5;;Impasse des Gabarres;33500;33015;Arveyres;;;-0.251441;44.912338
33015_0088_00035;35;;Rue de Peytot;33500;33015;Arveyres;;;-0.287097;44.881074
33015_0015_00004_a;4;a;Route Brondeau du Tertre;33500;33015;Arveyres;;;-0.290273;44.881412
33015_0085_00003;3;;Rue des Pècheurs;33500;33015;Arveyres;;;-0.28874;44.88652
33015_0038_00032;32;;Rue de l’Eglise;33500;33015;Arveyres;;;-0.282266;44.883894
33015_0090_00005;5;;Allée des Pommiers;33500;33015;Arveyres;;;-0.285364;44.878067
33015_pjpcw6_00004;4;;Lieu Dit Brondeau;33500;33015;Arveyres;;;-0.257521;44.896751
33015_0060_00015;15;;Rue du 8 Mai 1945;33500;33015;Arveyres;;;-0.286089;44.885198
33015_b032_00418;418;;Barre Nord;33500;33015;Arveyres;;;-0.297725;44.882215
33015_0023_00001;1;;Allee de Cluzan;33500;33015;Arveyres;;;-0.283239;44.877543
33015_0044_00024;24;;Rue de Feldbach;33500;33015;Arveyres;;;-0.285087;44.881564
33015_a060_00002;2;;Lotissement les Carrelets;33500;33015;Arveyres;;;-0.294703;44.886827
33015_0012_00015;15;;Route de Bordeaux;33500;33015;Arveyres;;;-0.289178;44.88253
33015_b176_00003;3;;Brondeau Ouest;33500;33015;Arveyres;;;-0.289384;44.881626
33015_0022_00005;5;;Allee des Cerisiers;33500;33015;Arveyres;;;-0.287653;44.878354
33015_0009_00007;7;;Chemin de Beoulaygues;33500;33015;Arveyres;;;-0.283581;44.882793
33015_0091_00014;14;;Rue du Port;33500;33015;Arveyres;;;-0.296948;44.887306
33015_0088_00011;11;;Rue de Peytot;33500;33015;Arveyres;;;-0.284667;44.883381
33015_b111_00528;528;;Moulin de Reau;33500;33015;Arveyres;;;-0.275192;44.896461
33015_0048_00007_bis;7;bis;Route de Fonsegrede;33500;33015;Arveyres;;;-0.281554;44.880333
33015_0090_00015;15;;Allée des Pommiers;33500;33015;Arveyres;;;-0.285758;44.87889
33015_0044_00013_bis;13;bis;Rue de Feldbach;33500;33015;Arveyres;;;-0.284231;44.882878
33015_0068_00001;1;;Impasse de Lande;33500;33015;Arveyres;;;-0.29271;44.884177
33015_b143_00045;45;;Port du Nouguey-Ouest;33500;33015;Arveyres;;;-0.255738;44.912274
33015_0048_00010;10;;Route de Fonsegrede;33500;33015;Arveyres;;;-0.283328;44.8782
33015_4r3re7_00004;4;;Lieu Dit la Pecherie;33500;33015;Arveyres;;;-0.255023;44.916318
33015_b164_00134;134;;Sang de Boeuf;33500;33015;Arveyres;;;-0.254602;44.903054
33015_wibyqg_00002;2;;la Sauvanelle;33500;33015;Arveyres;;;-0.251117;44.905096
33015_0075_00003;3;;Rue du Moulin de la Mer;33500;33015;Arveyres;;;-0.297251;44.887012
33015_a030_00009;9;;Lotissement Les Anémones;33500;33015;Arveyres;;;-0.253257;44.908866
33015_b176_00002;2;;Brondeau Ouest;33500;33015;Arveyres;;;-0.289079;44.881599
33015_0044_00002_bis;2;bis;Rue de Feldbach;33500;33015;Arveyres;;;-0.28346;44.883904
33015_0060_00014;14;;Rue du 8 Mai 1945;33500;33015;Arveyres;;;-0.288576;44.885845
33015_0038_00009_bis;9;bis;Rue de l’Eglise;33500;33015;Arveyres;;;-0.283908;44.884643
33015_0064_00003;3;;Allée des Jardins;33500;33015;Arveyres;;;-0.25302;44.909737
33015_0044_00012;12;;Rue de Feldbach;33500;33015;Arveyres;;;-0.284232;44.883011
33015_0044_00002;2;;Rue de Feldbach;33500;33015;Arveyres;;;-0.283221;44.884231
33015_h20pri_00001;1;;MAISON NEUVE (La);33500;33015;Arveyres;;;-0.273193;44.895353
33015_po9ssg_00001;1;;Fage;33500;33015;Arveyres;;;-0.304622;44.866899
33015_0002_00019;19;;Rue Auguste Lemeland;33500;33015;Arveyres;;;-0.25412;44.910559
33015_xxwcqy_00157;157;;l'Orme;33500;33015;Arveyres;;;-0.274838;44.906078
33015_0002_00008;8;;Rue Auguste Lemeland;33500;33015;Arveyres;;;-0.251948;44.911294
33015_0002_00017;17;;Rue Auguste Lemeland;33500;33015;Arveyres;;;-0.253695;44.910633
33015_b176_00148;148;;Brondeau Ouest;33500;33015;Arveyres;;;-0.259186;44.907311
33015_0050_00005;5;;Avenue du Général de Gaulle;33500;33015;Arveyres;;;-0.251481;44.913505
33015_0012_00013;13;;Route de Bordeaux;33500;33015;Arveyres;;;-0.288639;44.882804
33015_0012_00024;24;;Route de Bordeaux;33500;33015;Arveyres;;;-0.286852;44.883886
33015_0083_00019;19;;Rue du Parlement;33500;33015;Arveyres;;;-0.252867;44.91152
33015_6cfw2p_00002;2;;les Faunes;33500;33015;Arveyres;;;-0.279615;44.883233
33015_0091_00005;5;;Rue du Port;33500;33015;Arveyres;;;-0.29666;44.886725
33015_0009_00010;10;;Chemin de Beoulaygues;33500;33015;Arveyres;;;-0.28346;44.883289
33015_0083_00007_bis;7;bis;Rue du Parlement;33500;33015;Arveyres;;;-0.252214;44.91162
33015_0060_00003_b;3;b;Rue du 8 Mai 1945;33500;33015;Arveyres;;;-0.285428;44.88518
33015_0048_00006;6;;Route de Fonsegrede;33500;33015;Arveyres;;;-0.281616;44.880406
33015_0068_00003;3;;Impasse de Lande;33500;33015;Arveyres;;;-0.292746;44.884079
33015_0060_00005;5;;Rue du 8 Mai 1945;33500;33015;Arveyres;;;-0.285975;44.884662
33015_b121_00006;6;;Pan Perdu;33500;33015;Arveyres;;;-0.285281;44.877865
33015_0068_00006;6;;Impasse de Lande;33500;33015;Arveyres;;;-0.292944;44.884023
33015_a080_00002;2;;Lotissement Chupeau;33500;33015;Arveyres;;;-0.256698;44.909056
33015_0067_00027;27;;Chemin de Lande;33500;33015;Arveyres;;;-0.292438;44.88291
33015_0082_00004_bis;4;bis;Impasse de Pan Perdu;33500;33015;Arveyres;;;-0.28539;44.879246
33015_0099_00017;17;;Route de la Rtd Port du Nouguey;33500;33015;Arveyres;;;-0.257115;44.910664
33015_hv38gk_00002;2;;le Pin;33500;33015;Arveyres;;;-0.296306;44.882828
33015_0099_00001;1;;Route de la Rtd Port du Nouguey;33500;33015;Arveyres;;;-0.253974;44.91273
33015_ip6oc3_00013;13;;Port du Noyer Rotonde;33500;33015;Arveyres;;;-0.256187;44.911008
33015_0002_00013;13;;Rue Auguste Lemeland;33500;33015;Arveyres;;;-0.25277;44.910611
33015_b179_00009;9;;Lieu Dit la Capelle Damazac;33500;33015;Arveyres;;;-0.273358;44.914736
33015_0101_00003;3;;Chemin de Royne;33500;33015;Arveyres;;;-0.293398;44.884818
33015_b134_00215;215;;Lieu Dit Pique Tuile;33500;33015;Arveyres;;;-0.26466;44.889374
33015_0017_00004;4;;Allee des Bruyeres;33500;33015;Arveyres;;;-0.286357;44.8801
33015_b177_00025_b;25;b;Barrail de Baron Ouest;33500;33015;Arveyres;;;-0.258832;44.909394
33015_0015_00006_bis;6;bis;Route Brondeau du Tertre;33500;33015;Arveyres;;;-0.290152;44.881356
33015_0069_00012;12;;Rue des Freres Lespinasse;33500;33015;Arveyres;;;-0.290915;44.884757
33015_b022_00001;1;;Lieu Dit Barrail de Jacques;33500;33015;Arveyres;;;-0.272046;44.902069
33015_a030_00009_bis;9;bis;Lotissement Les Anémones;33500;33015;Arveyres;;;-0.253009;44.908826
33015_0088_00004_bis;4;bis;Rue de Peytot;33500;33015;Arveyres;;;-0.285191;44.883951
33015_0082_00009;9;;Impasse de Pan Perdu;33500;33015;Arveyres;;;-0.284168;44.87887
33015_0038_00027;27;;Rue de l’Eglise;33500;33015;Arveyres;;;-0.28259;44.884372
33015_0066_00011;11;;Route de Jourdan;33500;33015;Arveyres;;;-0.256509;44.90797
33015_0100_00001;1;;Impasse des Rouges Gorges;33500;33015;Arveyres;;;-0.286938;44.882451
33015_wibyqg_00001;1;;la Sauvanelle;33500;33015;Arveyres;;;-0.25496;44.906106
33015_0060_00039;39;;Rue du 8 Mai 1945;33500;33015;Arveyres;;;-0.288674;44.885622
33015_b143_00047_a;47;a;Port du Nouguey-Ouest;33500;33015;Arveyres;;;-0.257357;44.910792
33015_0038_00034;34;;Rue de l’Eglise;33500;33015;Arveyres;;;-0.282292;44.883907
33015_0012_00008;8;;Route de Bordeaux;33500;33015;Arveyres;;;-0.284693;44.885353
33015_0083_00014;14;;Rue du Parlement;33500;33015;Arveyres;;;-0.252984;44.911534
33015_0015_00006;6;;Route Brondeau du Tertre;33500;33015;Arveyres;;;-0.290361;44.880614
33015_a080_00003;3;;Lotissement Chupeau;33500;33015;Arveyres;;;-0.256709;44.909116
33015_0012_00026;26;;Route de Bordeaux;33500;33015;Arveyres;;;-0.287358;44.883605
33015_0066_00014;14;;Route de Jourdan;33500;33015;Arveyres;;;-0.256161;44.907357
33015_0067_00025;25;;Chemin de Lande;33500;33015;Arveyres;;;-0.292387;44.882987
33015_0120_00012_bis;12;bis;Chemin de Tire Merle;33500;33015;Arveyres;;;-0.281255;44.877183
33015_0040_00004;4;;Rue Eugène Bernard;33500;33015;Arveyres;;;-0.251729;44.911457
33015_0066_00008;8;;Route de Jourdan;33500;33015;Arveyres;;;-0.25671;44.907962
33015_0107_00015;15;;Rue de Siston;33500;33015;Arveyres;;;-0.292156;44.885725
33015_0096_00001;1;;Route de Renéve;33500;33015;Arveyres;;;-0.285255;44.88036
33015_0066_00010;10;;Route de Jourdan;33500;33015;Arveyres;;;-0.25627;44.90749
33015_b097_00001_bis;1;bis;Maison Neuve;33500;33015;Arveyres;;;-0.277589;44.911975
33015_0060_00012_bis;12;bis;Rue du 8 Mai 1945;33500;33015;Arveyres;;;-0.287527;44.886524
33015_ip6oc3_00008;8;;Port du Noyer Rotonde;33500;33015;Arveyres;;;-0.256934;44.911873
33015_m29hib_00006;6;;Lieu Dit Barrail de Baron;33500;33015;Arveyres;;;-0.259799;44.908694
33015_pjpcw6_00205;205;;Lieu Dit Brondeau;33500;33015;Arveyres;;;-0.257572;44.893995
33015_yxd10f_00003;3;;Lieu Dit Pruneyron;33500;33015;Arveyres;;;-0.272774;44.903351
33015_0044_00016_ter;16;ter;Rue de Feldbach;33500;33015;Arveyres;;;-0.284493;44.882624
33015_6cfw2p_00001;1;;les Faunes;33500;33015;Arveyres;;;-0.279615;44.883233
33015_v6oanl_00002;2;;les Gardolles;33500;33015;Arveyres;;;-0.271474;44.898825
33015_b097_00002;2;;Maison Neuve;33500;33015;Arveyres;;;-0.276101;44.912295
33015_0054_00005;5;;Chemin de la Gravette;33500;33015;Arveyres;;;-0.282344;44.880506
33015_0090_00027;27;;Allée des Pommiers;33500;33015;Arveyres;;;-0.286315;44.878518
33015_0012_00036;36;;Route de Bordeaux;33500;33015;Arveyres;;;-0.287994;44.883304
33015_0050_00001_bis;1;bis;Avenue du Général de Gaulle;33500;33015;Arveyres;;;-0.251466;44.913221
33015_0054_00009;9;;Chemin de la Gravette;33500;33015;Arveyres;;;-0.283062;44.879804
33015_0107_00013_ter;13;ter;Rue de Siston;33500;33015;Arveyres;;;-0.29167;44.885541
33015_f4oyug_00477;477;;Goudon;33500;33015;Arveyres;;;-0.296455;44.878297
33015_pjpcw6_00007;7;;Lieu Dit Brondeau;33500;33015;Arveyres;;;-0.259492;44.895496
33015_b010_00147_a;147;a;Barrail du Grand Marais;33500;33015;Arveyres;;;-0.260779;44.907179
33015_b182_00002_b;2;b;Jeantieu-nord;33500;33015;Arveyres;;;-0.296131;44.874383
33015_0060_00013;13;;Rue du 8 Mai 1945;33500;33015;Arveyres;;;-0.28602;44.885133
33015_0023_00008;8;;Allee de Cluzan;33500;33015;Arveyres;;;-0.283292;44.876669
33015_0067_00031;31;;Chemin de Lande;33500;33015;Arveyres;;;-0.292272;44.883182
33015_b179_00001;1;;Lieu Dit la Capelle Damazac;33500;33015;Arveyres;;;-0.270805;44.916416
33015_8qlma2_00002;2;;Larteau;33500;33015;Arveyres;;;-0.275309;44.893774
33015_ip6oc3_00021;21;;Port du Noyer Rotonde;33500;33015;Arveyres;;;-0.256733;44.910077
33015_0012_00005;5;;Route de Bordeaux;33500;33015;Arveyres;;;-0.28666;44.883901
33015_d07kds_00002;2;;Chemin de Cugnefesse;33500;33015;Arveyres;;;-0.277636;44.887571
33015_b145_00003;3;;Port Moran;33500;33015;Arveyres;;;-0.251632;44.909707
33015_9nisno_00001;1;;Port de Brau / Ferme la Rouquette;33500;33015;Arveyres;;;-0.270344;44.909435
33015_0060_00035;35;;Rue du 8 Mai 1945;33500;33015;Arveyres;;;-0.288374;44.88569
33015_0060_00008;8;;Rue du 8 Mai 1945;33500;33015;Arveyres;;;-0.285459;44.885345
33015_0038_00026;26;;Rue de l’Eglise;33500;33015;Arveyres;;;-0.282644;44.884054
33015_0099_00021;21;;Route de la Rtd Port du Nouguey;33500;33015;Arveyres;;;-0.257452;44.910323
33015_0117_00008;8;;Route de Tillede;33500;33015;Arveyres;;;-0.288201;44.87898
33015_521pz8_00001;1;;l'Orial;33500;33015;Arveyres;;;-0.250469;44.89813
33015_0067_00018;18;;Chemin de Lande;33500;33015;Arveyres;;;-0.291877;44.881741
33015_0090_00028;28;;Allée des Pommiers;33500;33015;Arveyres;;;-0.286713;44.878971
33015_oml6st_00191;191;;Ld Viaduc de la Commanderie;33500;33015;Arveyres;;;-0.272746;44.894397
33015_9iwq19_00185;185;;Le Perey;33500;33015;Arveyres;;;-0.280026;44.889655
33015_3hfnn1_00210;210;;Lieu Dit la Plante;33500;33015;Arveyres;;;-0.263125;44.890926
33015_v9qrso_00002;2;;Lieu Dit Beaumard;33500;33015;Arveyres;;;-0.303941;44.872176
33015_0022_00001;1;;Allee des Cerisiers;33500;33015;Arveyres;;;-0.288196;44.878498
33015_0088_00020;20;;Rue de Peytot;33500;33015;Arveyres;;;-0.286988;44.881294
33015_5x7n1q_00003;3;;Damazac;33500;33015;Arveyres;;;-0.273214;44.915923
33015_0002_00003_bis;3;bis;Rue Auguste Lemeland;33500;33015;Arveyres;;;-0.252097;44.911013
33015_0012_00022;22;;Route de Bordeaux;33500;33015;Arveyres;;;-0.28672;44.883971
33015_a030_00006;6;;Lotissement Les Anémones;33500;33015;Arveyres;;;-0.254167;44.908818
33015_n7jip5_00576;576;;Lieu Dit Tillede;33500;33015;Arveyres;;;-0.295193;44.868966
33015_xy3wty_00213;213;;Lieu Dit Penchille;33500;33015;Arveyres;;;-0.265219;44.886971
33015_0088_00016;16;;Rue de Peytot;33500;33015;Arveyres;;;-0.286724;44.881688
33015_0088_00029;29;;Rue de Peytot;33500;33015;Arveyres;;;-0.286279;44.881411
33015_0012_00004;4;;Route de Bordeaux;33500;33015;Arveyres;;;-0.284382;44.885589
33015_0067_00005_bis;5;bis;Chemin de Lande;33500;33015;Arveyres;;;-0.291709;44.884226
33015_0054_00010;10;;Chemin de la Gravette;33500;33015;Arveyres;;;-0.282905;44.880098
33015_0015_00011;11;;Route Brondeau du Tertre;33500;33015;Arveyres;;;-0.287924;44.880844
33015_0083_00026;26;;Rue du Parlement;33500;33015;Arveyres;;;-0.253624;44.911343
33015_b141_00121;121;;Port du Nouguey Est;33500;33015;Arveyres;;;-0.251848;44.910926
33015_bqtkcr_00003;3;;Lieu Dit Chaussemelle;33500;33015;Arveyres;;;-0.281549;44.888345
33015_0120_00001;1;;Chemin de Tire Merle;33500;33015;Arveyres;;;-0.28285;44.878502
33015_0069_00004;4;;Rue des Freres Lespinasse;33500;33015;Arveyres;;;-0.289805;44.885082
33015_0038_00017;17;;Rue de l’Eglise;33500;33015;Arveyres;;;-0.28328;44.884337
33015_b111_00163;163;;Moulin de Reau;33500;33015;Arveyres;;;-0.27531;44.89801
33015_0012_00018;18;;Route de Bordeaux;33500;33015;Arveyres;;;-0.286638;44.884009
33015_0096_00003;3;;Route de Renéve;33500;33015;Arveyres;;;-0.285131;44.880316
33015_0048_00026;26;;Route de Fonsegrede;33500;33015;Arveyres;;;-0.286108;44.875648
33015_0038_00005;5;;Rue de l’Eglise;33500;33015;Arveyres;;;-0.284004;44.884679
33015_0012_00007;7;;Route de Bordeaux;33500;33015;Arveyres;;;-0.286787;44.883814
33015_b108_00172;172;;Mouille - Cul;33500;33015;Arveyres;;;-0.280898;44.907311
33015_0060_00009_bis;9;bis;Rue du 8 Mai 1945;33500;33015;Arveyres;;;-0.285715;44.885216
33015_0050_00031;31;;Avenue du Général de Gaulle;33500;33015;Arveyres;;;-0.251985;44.914973
33015_d07kds_00001_bis;1;bis;Chemin de Cugnefesse;33500;33015;Arveyres;;;-0.281908;44.885417
33015_b138_00001;1;;Port de Chauvin;33500;33015;Arveyres;;;-0.27633;44.892821
33015_0066_00019;19;;Route de Jourdan;33500;33015;Arveyres;;;-0.252348;44.907322
33015_zobzd6_00485;485;;Lieu Dit Jeantieu;33500;33015;Arveyres;;;-0.296988;44.875098
33015_5x7n1q_00002;2;;Damazac;33500;33015;Arveyres;;;-0.272587;44.915937
33015_0083_00025;25;;Rue du Parlement;33500;33015;Arveyres;;;-0.253362;44.911348
33015_4r3re7_00034;34;;Lieu Dit la Pecherie;33500;33015;Arveyres;;;-0.25366;44.916058
33015_0038_00024;24;;Rue de l’Eglise;33500;33015;Arveyres;;;-0.282793;44.884109
33015_0067_00001;1;;Chemin de Lande;33500;33015;Arveyres;;;-0.292592;44.885146
33015_0067_00001_ter;1;ter;Chemin de Lande;33500;33015;Arveyres;;;-0.292442;44.884813
33015_0088_00037;37;;Rue de Peytot;33500;33015;Arveyres;;;-0.28717;44.880983
33015_0100_00012;12;;Impasse des Rouges Gorges;33500;33015;Arveyres;;;-0.288045;44.882153
33015_po9ssg_00004;4;;Fage;33500;33015;Arveyres;;;-0.304587;44.866546
33015_0060_00031_bis;31;bis;Rue du 8 Mai 1945;33500;33015;Arveyres;;;-0.287778;44.885471
33015_3gqzv7_00007_a;7;a;Lieu Dit Blouin;33500;33015;Arveyres;;;-0.296855;44.871199
33015_0002_00007;7;;Rue Auguste Lemeland;33500;33015;Arveyres;;;-0.252606;44.911002
33015_0002_00031;31;;Rue Auguste Lemeland;33500;33015;Arveyres;;;-0.254616;44.910892
33015_0048_00023;23;;Route de Fonsegrede;33500;33015;Arveyres;;;-0.2824;44.879009
33015_0066_00004;4;;Route de Jourdan;33500;33015;Arveyres;;;-0.263956;44.884115
33015_0070_00022;22;;Avenue de la Libération;33500;33015;Arveyres;;;-0.251508;44.911567
33015_668wdd_00445_a;445;a;Roynet;33500;33015;Arveyres;;;-0.297524;44.881935
33015_a030_00004;4;;Lotissement Les Anémones;33500;33015;Arveyres;;;-0.254753;44.90879
33015_b171_00003;3;;Tire Merle;33500;33015;Arveyres;;;-0.280535;44.877327
33015_0096_00002;2;;Route de Renéve;33500;33015;Arveyres;;;-0.285028;44.880182
33015_4r3re7_00002;2;;Lieu Dit la Pecherie;33500;33015;Arveyres;;;-0.252458;44.915438
33015_gc8n2g_00004;4;;Route de Cadarsac;33500;33015;Arveyres;;;-0.287496;44.873035
33015_joe3ij_00003;3;;La Commanderie;33500;33015;Arveyres;;;-0.271401;44.893636
33015_0069_00008;8;;Rue des Freres Lespinasse;33500;33015;Arveyres;;;-0.290741;44.88501
33015_0023_00011;11;;Allee de Cluzan;33500;33015;Arveyres;;;-0.283671;44.877008
33015_0091_00012;12;;Rue du Port;33500;33015;Arveyres;;;-0.296715;44.887419
33015_xcd06v_00486;486;;Lieu Dit Bessac;33500;33015;Arveyres;;;-0.301953;44.86956
33015_b100_00305_a;305;a;Male Piece;33500;33015;Arveyres;;;-0.294136;44.88027
33015_668wdd_00002;2;;Roynet;33500;33015;Arveyres;;;-0.297013;44.882039
33015_0012_00048;48;;Route de Bordeaux;33500;33015;Arveyres;;;-0.28977;44.882416
33015_0017_00001;1;;Allee des Bruyeres;33500;33015;Arveyres;;;-0.286459;44.880345
33015_0038_00025;25;;Rue de l’Eglise;33500;33015;Arveyres;;;-0.282588;44.884124
33015_0090_00029;29;;Allée des Pommiers;33500;33015;Arveyres;;;-0.286796;44.878992
33015_b141_00055;55;;Port du Nouguey Est;33500;33015;Arveyres;;;-0.256105;44.910939
33015_0088_00014;14;;Rue de Peytot;33500;33015;Arveyres;;;-0.286449;44.881988
33015_0038_00002;2;;Rue de l’Eglise;33500;33015;Arveyres;;;-0.284855;44.884923
33015_0009_00004_bis;4;bis;Chemin de Beoulaygues;33500;33015;Arveyres;;;-0.282404;44.882956
33015_b134_00001;1;;Lieu Dit Pique Tuile;33500;33015;Arveyres;;;-0.264446;44.889468
33015_0060_00027;27;;Rue du 8 Mai 1945;33500;33015;Arveyres;;;-0.28718;44.885237
33015_0012_00044;44;;Route de Bordeaux;33500;33015;Arveyres;;;-0.288931;44.882816
33015_0120_00014;14;;Chemin de Tire Merle;33500;33015;Arveyres;;;-0.280927;44.876948
33015_0023_00012;12;;Allee de Cluzan;33500;33015;Arveyres;;;-0.28361;44.876973
33015_0038_00018;18;;Rue de l’Eglise;33500;33015;Arveyres;;;-0.283278;44.884244
33015_0069_00009;9;;Rue des Freres Lespinasse;33500;33015;Arveyres;;;-0.290259;44.884235
33015_b145_00002;2;;Port Moran;33500;33015;Arveyres;;;-0.251632;44.909707
33015_pvnctu_00009;9;;Lieu Dit Gelleyre;33500;33015;Arveyres;;;-0.273249;44.916611
33015_0038_00037;37;;Rue de l’Eglise;33500;33015;Arveyres;;;-0.282253;44.883981
33015_0085_00005;5;;Rue des Pècheurs;33500;33015;Arveyres;;;-0.288047;44.886361
33015_0066_00012;12;;Route de Jourdan;33500;33015;Arveyres;;;-0.256676;44.907889
33015_0075_00004;4;;Rue du Moulin de la Mer;33500;33015;Arveyres;;;-0.297457;44.887197
33015_yxd10f_00001;1;;Lieu Dit Pruneyron;33500;33015;Arveyres;;;-0.271917;44.902177
33015_0060_00001;1;;Rue du 8 Mai 1945;33500;33015;Arveyres;;;-0.285101;44.885071
33015_ip6oc3_00010;10;;Port du Noyer Rotonde;33500;33015;Arveyres;;;-0.257268;44.911602
33015_0006_00003;3;;Chemin de Beaubuisson;33500;33015;Arveyres;;;-0.285384;44.886031
33015_0108_00006;6;;Impasse Siston;33500;33015;Arveyres;;;-0.289556;44.88642
33015_6ho6p0_00003;3;;Impasse des Bleuets;33500;33015;Arveyres;;;-0.289221;44.881711
33015_0040_00001;1;;Rue Eugène Bernard;33500;33015;Arveyres;;;-0.251386;44.911467
33015_0090_00007;7;;Allée des Pommiers;33500;33015;Arveyres;;;-0.285147;44.878099
33015_0067_00018_bis;18;bis;Chemin de Lande;33500;33015;Arveyres;;;-0.292263;44.881936
33015_hv38gk_00001;1;;le Pin;33500;33015;Arveyres;;;-0.296306;44.882828
33015_0038_00004;4;;Rue de l’Eglise;33500;33015;Arveyres;;;-0.28465;44.884831
33015_b176_00006_bis;6;bis;Brondeau Ouest;33500;33015;Arveyres;;;-0.288865;44.881902
33015_0009_00006;6;;Chemin de Beoulaygues;33500;33015;Arveyres;;;-0.282785;44.88309
33015_0060_00017;17;;Rue du 8 Mai 1945;33500;33015;Arveyres;;;-0.286316;44.88518
33015_3gqzv7_00001;1;;Lieu Dit Blouin;33500;33015;Arveyres;;;-0.294699;44.87037
33015_0085_00004;4;;Rue des Pècheurs;33500;33015;Arveyres;;;-0.286263;44.888237
33015_xcd06v_00001;1;;Lieu Dit Bessac;33500;33015;Arveyres;;;-0.304085;44.867919
33015_b124_00015;15;;Pele Anguille;33500;33015;Arveyres;;;-0.268829;44.88499
33015_0002_00024;24;;Rue Auguste Lemeland;33500;33015;Arveyres;;;-0.255398;44.910918
33015_a2k7y6_00002;2;;Port du Noyer;33500;33015;Arveyres;;;-0.251565;44.910972
33015_0002_00002;2;;Rue Auguste Lemeland;33500;33015;Arveyres;;;-0.251583;44.911319
33015_0009_00014;14;;Chemin de Beoulaygues;33500;33015;Arveyres;;;-0.283592;44.883053
33015_zobzd6_00003;3;;Lieu Dit Jeantieu;33500;33015;Arveyres;;;-0.296941;44.876468
33015_b145_00126;126;;Port Moran;33500;33015;Arveyres;;;-0.251599;44.909149
33015_0038_00066;66;;Rue de l’Eglise;33500;33015;Arveyres;;;-0.280464;44.882319
33015_0083_00003;3;;Rue du Parlement;33500;33015;Arveyres;;;-0.251827;44.911663
33015_0048_00002_bis;2;bis;Route de Fonsegrede;33500;33015;Arveyres;;;-0.280617;44.881524
33015_a030_00003;3;;Lotissement Les Anémones;33500;33015;Arveyres;;;-0.255064;44.908773
33015_0026_00012;12;;Allee des Coquelicots;33500;33015;Arveyres;;;-0.285155;44.880011
33015_0082_00005;5;;Impasse de Pan Perdu;33500;33015;Arveyres;;;-0.284704;44.879111
33015_0038_00030;30;;Rue de l’Eglise;33500;33015;Arveyres;;;-0.282442;44.883974
33015_0060_00003_c;3;c;Rue du 8 Mai 1945;33500;33015;Arveyres;;;-0.285531;44.88502
33015_0060_00003;3;;Rue du 8 Mai 1945;33500;33015;Arveyres;;;-0.285428;44.88518
33015_0117_00002_bis;2;bis;Route de Tillede;33500;33015;Arveyres;;;-0.288032;44.8797
33015_0117_00005;5;;Route de Tillede;33500;33015;Arveyres;;;-0.287117;44.879524
33015_0017_00002;2;;Allee des Bruyeres;33500;33015;Arveyres;;;-0.286478;44.880303
33015_0066_00020;20;;Route de Jourdan;33500;33015;Arveyres;;;-0.256621;44.905872
33015_0038_00020;20;;Rue de l’Eglise;33500;33015;Arveyres;;;-0.28303;44.884132
33015_0066_00018;18;;Route de Jourdan;33500;33015;Arveyres;;;-0.255878;44.907059
33015_b145_00172_a;172;a;Port Moran;33500;33015;Arveyres;;;-0.253652;44.907778
33015_0048_00015;15;;Route de Fonsegrede;33500;33015;Arveyres;;;-0.28097;44.879233
33015_0044_00004;4;;Rue de Feldbach;33500;33015;Arveyres;;;-0.283655;44.883679
33015_5em6qv_00005;5;;Lieu Dit Bozelle;33500;33015;Arveyres;;;-0.25026;44.898056
33015_0042_00001;1;;Chemin des Faunes;33500;33015;Arveyres;;;-0.279014;44.883411
33015_0067_00003;3;;Chemin de Lande;33500;33015;Arveyres;;;-0.292347;44.884515
33015_0044_00022;22;;Rue de Feldbach;33500;33015;Arveyres;;;-0.284929;44.881821
33015_o5thfm_00220;220;;Lieu Dit Jourdan;33500;33015;Arveyres;;;-0.264952;44.88446
33015_0069_00020;20;;Rue des Freres Lespinasse;33500;33015;Arveyres;;;-0.290918;44.883951
33015_0009_00013_bis;13;bis;Chemin de Beoulaygues;33500;33015;Arveyres;;;-0.283909;44.882753
33015_0048_00041;41;;Route de Fonsegrede;33500;33015;Arveyres;;;-0.285031;44.875425
33015_b179_00002;2;;Lieu Dit la Capelle Damazac;33500;33015;Arveyres;;;-0.271239;44.914175
33015_0038_00025_bis;25;bis;Rue de l’Eglise;33500;33015;Arveyres;;;-0.28285;44.884204
33015_0121_00001;1;;Place Eva Et Joseph Damiens;33500;33015;Arveyres;;;-0.285757;44.885797
33015_7zdpta_00580;580;;le Négrot;33500;33015;Arveyres;;;-0.281666;44.916233
33015_0068_00006_bis;6;bis;Impasse de Lande;33500;33015;Arveyres;;;-0.293025;44.884101
33015_0038_00014_bis;14;bis;Rue de l’Eglise;33500;33015;Arveyres;;;-0.283651;44.884431
33015_0026_00006;6;;Allee des Coquelicots;33500;33015;Arveyres;;;-0.28448;44.87958
33015_3hfnn1_00001;1;;Lieu Dit la Plante;33500;33015;Arveyres;;;-0.262625;44.891762
33015_0100_00005;5;;Impasse des Rouges Gorges;33500;33015;Arveyres;;;-0.287525;44.882245
33015_0090_00031;31;;Allée des Pommiers;33500;33015;Arveyres;;;-0.287299;44.879007
33015_po9ssg_00003;3;;Fage;33500;33015;Arveyres;;;-0.304587;44.866546
33015_0044_00026;26;;Rue de Feldbach;33500;33015;Arveyres;;;-0.285473;44.881419
33015_0064_00013;13;;Allée des Jardins;33500;33015;Arveyres;;;-0.254123;44.909747
33015_b176_00005;5;;Brondeau Ouest;33500;33015;Arveyres;;;-0.289199;44.882001
33015_0117_00003;3;;Route de Tillede;33500;33015;Arveyres;;;-0.286498;44.879708
33015_0069_00036;36;;Rue des Freres Lespinasse;33500;33015;Arveyres;;;-0.289023;44.883893
33015_0085_00021;21;;Rue des Pècheurs;33500;33015;Arveyres;;;-0.286564;44.888214
33015_0050_00019;19;;Avenue du Général de Gaulle;33500;33015;Arveyres;;;-0.25186;44.914776
33015_ip6oc3_00014;14;;Port du Noyer Rotonde;33500;33015;Arveyres;;;-0.257272;44.910994
33015_668ax3_00002;2;;Lieu Dit Franchot;33500;33015;Arveyres;;;-0.255157;44.898561
33015_b143_00579;579;;Port du Nouguey-Ouest;33500;33015;Arveyres;;;-0.256324;44.911785
33015_pjpcw6_00003;3;;Lieu Dit Brondeau;33500;33015;Arveyres;;;-0.258362;44.89627
33015_668wdd_00003;3;;Roynet;33500;33015;Arveyres;;;-0.297809;44.882647
33015_xxwcqy_00159;159;;l'Orme;33500;33015;Arveyres;;;-0.27615;44.90421
33015_0009_00004;4;;Chemin de Beoulaygues;33500;33015;Arveyres;;;-0.281439;44.882714
33015_0050_00023;23;;Avenue du Général de Gaulle;33500;33015;Arveyres;;;-0.251887;44.914829
33015_b179_00003;3;;Lieu Dit la Capelle Damazac;33500;33015;Arveyres;;;-0.270811;44.915871
33015_a030_00008;8;;Lotissement Les Anémones;33500;33015;Arveyres;;;-0.253621;44.908834
33015_0083_00016;16;;Rue du Parlement;33500;33015;Arveyres;;;-0.253064;44.911434
33015_0038_00008;8;;Rue de l’Eglise;33500;33015;Arveyres;;;-0.28434;44.884735
33015_0107_00009;9;;Rue de Siston;33500;33015;Arveyres;;;-0.290544;44.88555
33015_b144_00005;5;;Port Laroque;33500;33015;Arveyres;;;-0.287567;44.887971
33015_xy3wty_00002;2;;Lieu Dit Penchille;33500;33015;Arveyres;;;-0.265293;44.886861
33015_0020_00001;1;;Allee des Camelias;33500;33015;Arveyres;;;-0.287495;44.880555
33015_as1nnx_00003;3;;Chemin de Damazac;33500;33015;Arveyres;;;-0.272878;44.914732
33015_3hfnn1_00112_a;112;a;Lieu Dit la Plante;33500;33015;Arveyres;;;-0.262711;44.891937
33015_0060_00018;18;;Rue du 8 Mai 1945;33500;33015;Arveyres;;;-0.288968;44.886002
33015_0050_00017;17;;Avenue du Général de Gaulle;33500;33015;Arveyres;;;-0.251793;44.914672
33015_0088_00013;13;;Rue de Peytot;33500;33015;Arveyres;;;-0.285312;44.883159
33015_0048_00002;2;;Route de Fonsegrede;33500;33015;Arveyres;;;-0.280568;44.88145
33015_0120_00004;4;;Chemin de Tire Merle;33500;33015;Arveyres;;;-0.282026;44.87802
33015_skz1jy_00420;420;;Lieu Dit le Lau;33500;33015;Arveyres;;;-0.300842;44.88475
33015_3hfnn1_00210_a;210;a;Lieu Dit la Plante;33500;33015;Arveyres;;;-0.263167;44.890878
33015_b145_00006;6;;Port Moran;33500;33015;Arveyres;;;-0.251579;44.909358
33015_0002_00027;27;;Rue Auguste Lemeland;33500;33015;Arveyres;;;-0.254443;44.910829
33015_0090_00034;34;;Allée des Pommiers;33500;33015;Arveyres;;;-0.286786;44.878852
33015_668wdd_00001;1;;Roynet;33500;33015;Arveyres;;;-0.297612;44.882248
33015_0088_00009;9;;Rue de Peytot;33500;33015;Arveyres;;;-0.284488;44.883593
33015_0083_00006;6;;Rue du Parlement;33500;33015;Arveyres;;;-0.251982;44.911727
33015_b144_00356;356;;Port Laroque;33500;33015;Arveyres;;;-0.287532;44.888009
33015_0026_00005;5;;Allee des Coquelicots;33500;33015;Arveyres;;;-0.283994;44.879515
33015_0090_00030_bis;30;bis;Allée des Pommiers;33500;33015;Arveyres;;;-0.287275;44.87916
33015_0015_00018_bis;18;bis;Route Brondeau du Tertre;33500;33015;Arveyres;;;-0.287071;44.880643
33015_a030_00011;11;;Lotissement Les Anémones;33500;33015;Arveyres;;;-0.253516;44.908527
33015_0083_00015;15;;Rue du Parlement;33500;33015;Arveyres;;;-0.252358;44.911551
33015_668ax3_00003;3;;Lieu Dit Franchot;33500;33015;Arveyres;;;-0.255034;44.89877
33015_xxwcqy_00001;1;;l'Orme;33500;33015;Arveyres;;;-0.275893;44.904394
33015_9iwq19_00001;1;;Le Perey;33500;33015;Arveyres;;;-0.280026;44.889655
33015_0048_00033;33;;Route de Fonsegrede;33500;33015;Arveyres;;;-0.284499;44.876761
33015_0050_00013;13;;Avenue du Général de Gaulle;33500;33015;Arveyres;;;-0.251661;44.914368
33015_0015_00005;5;;Route Brondeau du Tertre;33500;33015;Arveyres;;;-0.288979;44.881026
33015_n7jip5_00016;16;;Lieu Dit Tillede;33500;33015;Arveyres;;;-0.251721;44.911373
33015_a060_00005;5;;Lotissement les Carrelets;33500;33015;Arveyres;;;-0.294168;44.887063
33015_0083_00013;13;;Rue du Parlement;33500;33015;Arveyres;;;-0.252365;44.911558
33015_ip6oc3_00003;3;;Port du Noyer Rotonde;33500;33015;Arveyres;;;-0.254461;44.912419
33015_0096_00005;5;;Route de Renéve;33500;33015;Arveyres;;;-0.284828;44.8802
33015_a030_00013;13;;Lotissement Les Anémones;33500;33015;Arveyres;;;-0.254218;44.908714
33015_0075_00013;13;;Rue du Moulin de la Mer;33500;33015;Arveyres;;;-0.29768;44.886989
33015_0067_00012_bis;12;bis;Chemin de Lande;33500;33015;Arveyres;;;-0.292753;44.882398
33015_po9ssg_00490;490;;Fage;33500;33015;Arveyres;;;-0.305296;44.865327
33015_n7jip5_00007;7;;Lieu Dit Tillede;33500;33015;Arveyres;;;-0.296902;44.86798
33015_0054_00007;7;;Chemin de la Gravette;33500;33015;Arveyres;;;-0.282816;44.880059
33015_b144_00362;362;;Port Laroque;33500;33015;Arveyres;;;-0.287174;44.887975
33015_b144_00357;357;;Port Laroque;33500;33015;Arveyres;;;-0.287358;44.888048
33015_d9kt5i_00415;415;;Lieu Dit Cantelaoudette;33500;33015;Arveyres;;;-0.300771;44.874216
33015_b100_00310;310;;Male Piece;33500;33015;Arveyres;;;-0.29175;44.881361
33015_d07kds_00004;4;;Chemin de Cugnefesse;33500;33015;Arveyres;;;-0.27753;44.887636
33015_0012_00042_bis;42;bis;Route de Bordeaux;33500;33015;Arveyres;;;-0.288748;44.882909
33015_7zdpta_00002;2;;le Négrot;33500;33015;Arveyres;;;-0.281775;44.916148
33015_0023_00007;7;;Allee de Cluzan;33500;33015;Arveyres;;;-0.283211;44.876712
33015_0082_00001;1;;Impasse de Pan Perdu;33500;33015;Arveyres;;;-0.28576;44.879472
33015_5x7n1q_00001;1;;Damazac;33500;33015;Arveyres;;;-0.272525;44.911501
33015_0091_00003;3;;Rue du Port;33500;33015;Arveyres;;;-0.296839;44.886514
33015_3hfnn1_00003;3;;Lieu Dit la Plante;33500;33015;Arveyres;;;-0.263122;44.891156
33015_b022_00166_a;166;a;Lieu Dit Barrail de Jacques;33500;33015;Arveyres;;;-0.273096;44.900751
33015_b143_00583;583;;Port du Nouguey-Ouest;33500;33015;Arveyres;;;-0.256635;44.911485
33015_6cfw2p_00003;3;;les Faunes;33500;33015;Arveyres;;;-0.279615;44.883233
33015_0038_00016;16;;Rue de l’Eglise;33500;33015;Arveyres;;;-0.283513;44.884361
33015_0038_00021;21;;Rue de l’Eglise;33500;33015;Arveyres;;;-0.282927;44.884215
33015_0038_00012;12;;Rue de l’Eglise;33500;33015;Arveyres;;;-0.283903;44.884546
33015_0015_00004;4;;Route Brondeau du Tertre;33500;33015;Arveyres;;;-0.289758;44.881269
33015_0090_00018;18;;Allée des Pommiers;33500;33015;Arveyres;;;-0.286131;44.878852
33015_0100_00006;6;;Impasse des Rouges Gorges;33500;33015;Arveyres;;;-0.28717;44.882693
33015_0088_00018;18;;Rue de Peytot;33500;33015;Arveyres;;;-0.286738;44.881611
33015_b145_00005;5;;Port Moran;33500;33015;Arveyres;;;-0.252104;44.908377
33015_0002_00033;33;;Rue Auguste Lemeland;33500;33015;Arveyres;;;-0.255387;44.910806
33015_0107_00004_ter;4;ter;Rue de Siston;33500;33015;Arveyres;;;-0.291054;44.885906
33015_6cfw2p_00002_ter;2;ter;les Faunes;33500;33015;Arveyres;;;-0.279615;44.883233
33015_0067_00015;15;;Chemin de Lande;33500;33015;Arveyres;;;-0.291667;44.88374
33015_0075_00005;5;;Rue du Moulin de la Mer;33500;33015;Arveyres;;;-0.297328;44.886961
33015_4r3re7_00007;7;;Lieu Dit la Pecherie;33500;33015;Arveyres;;;-0.256243;44.916043
33015_0022_00004;4;;Allee des Cerisiers;33500;33015;Arveyres;;;-0.288257;44.878362
33015_zobzd6_00509;509;;Lieu Dit Jeantieu;33500;33015;Arveyres;;;-0.29805;44.87387
33015_0038_00011;11;;Rue de l’Eglise;33500;33015;Arveyres;;;-0.283385;44.885134
33015_0070_00024;24;;Avenue de la Libération;33500;33015;Arveyres;;;-0.251437;44.911506
33015_0100_00016;16;;Impasse des Rouges Gorges;33500;33015;Arveyres;;;-0.28825;44.882046
33015_0064_00015;15;;Allée des Jardins;33500;33015;Arveyres;;;-0.254391;44.90973
33015_0101_00001;1;;Chemin de Royne;33500;33015;Arveyres;;;-0.293213;44.884853
33015_zobzd6_00006;6;;Lieu Dit Jeantieu;33500;33015;Arveyres;;;-0.297073;44.874954
33015_0048_00014;14;;Route de Fonsegrede;33500;33015;Arveyres;;;-0.283928;44.877561
33015_a080_00001;1;;Lotissement Chupeau;33500;33015;Arveyres;;;-0.256467;44.90884
33015_b022_00003;3;;Lieu Dit Barrail de Jacques;33500;33015;Arveyres;;;-0.273454;44.900609
33015_0100_00007;7;;Impasse des Rouges Gorges;33500;33015;Arveyres;;;-0.288203;44.881933
33015_wibyqg_00003;3;;la Sauvanelle;33500;33015;Arveyres;;;-0.251526;44.905395
33015_0020_00005;5;;Allee des Camelias;33500;33015;Arveyres;;;-0.287755;44.880056
33015_a055_00016;16;;Lotissement Brondeau Ouest;33500;33015;Arveyres;;;-0.287291;44.879669
33015_6ho6p0_00008;8;;Impasse des Bleuets;33500;33015;Arveyres;;;-0.288722;44.881673
33015_0002_00017_bis;17;bis;Rue Auguste Lemeland;33500;33015;Arveyres;;;-0.25323;44.910526
33015_1vngiy_00001;1;;Lieu Dit l’Estey;33500;33015;Arveyres;;;-0.254329;44.902086
33015_0066_00021;21;;Route de Jourdan;33500;33015;Arveyres;;;-0.255288;44.906575
33015_1481yg_00004;4;;Lieu Dit Lavergne;33500;33015;Arveyres;;;-0.282415;44.911788
33015_b168_00014;14;;Taffard Sud;33500;33015;Arveyres;;;-0.274752;44.911044
33015_b179_00004;4;;Lieu Dit la Capelle Damazac;33500;33015;Arveyres;;;-0.271239;44.914175
33015_0091_00010;10;;Rue du Port;33500;33015;Arveyres;;;-0.296604;44.887307
33015_06bva6_00002_bis;2;bis;Rue des Templiers;33500;33015;Arveyres;;;-0.288088;44.887418
33015_0100_00010;10;;Impasse des Rouges Gorges;33500;33015;Arveyres;;;-0.28758;44.882369
33015_0090_00014;14;;Allée des Pommiers;33500;33015;Arveyres;;;-0.285685;44.878845
33015_0022_00006;6;;Allee des Cerisiers;33500;33015;Arveyres;;;-0.287875;44.878261
33015_pvnctu_00008;8;;Lieu Dit Gelleyre;33500;33015;Arveyres;;;-0.274251;44.916636
33015_0044_00013;13;;Rue de Feldbach;33500;33015;Arveyres;;;-0.284455;44.882551
33015_0048_00022;22;;Route de Fonsegrede;33500;33015;Arveyres;;;-0.285016;44.876393
33015_0048_00011_bis;11;bis;Route de Fonsegrede;33500;33015;Arveyres;;;-0.282038;44.879936
33015_a030_00015;15;;Lotissement Les Anémones;33500;33015;Arveyres;;;-0.255041;44.908667
33015_o5thfm_00217;217;;Lieu Dit Jourdan;33500;33015;Arveyres;;;-0.264986;44.884024
33015_zobzd6_00007;7;;Lieu Dit Jeantieu;33500;33015;Arveyres;;;-0.299852;44.874737
33015_0023_00006;6;;Allee de Cluzan;33500;33015;Arveyres;;;-0.282925;44.877045
33015_0023_00013;13;;Allee de Cluzan;33500;33015;Arveyres;;;-0.283252;44.877396
33015_b141_00524;524;;Port du Nouguey Est;33500;33015;Arveyres;;;-0.254034;44.910947
33015_0067_00004_bis;4;bis;Chemin de Lande;33500;33015;Arveyres;;;-0.292707;44.885519
33015_0012_00012;12;;Route de Bordeaux;33500;33015;Arveyres;;;-0.28495;44.885174
33015_oml6st_00002;2;;Ld Viaduc de la Commanderie;33500;33015;Arveyres;;;-0.272615;44.894331
33015_0012_00030;30;;Route de Bordeaux;33500;33015;Arveyres;;;-0.287565;44.883507
33015_0069_00002;2;;Rue des Freres Lespinasse;33500;33015;Arveyres;;;-0.289834;44.885366
33015_0002_00024_bis;24;bis;Rue Auguste Lemeland;33500;33015;Arveyres;;;-0.256778;44.91083
33015_0044_00016_bis;16;bis;Rue de Feldbach;33500;33015;Arveyres;;;-0.284493;44.882624
33015_0101_00002;2;;Chemin de Royne;33500;33015;Arveyres;;;-0.292994;44.884971
33015_0090_00022;22;;Allée des Pommiers;33500;33015;Arveyres;;;-0.285204;44.878547
33015_0064_00012;12;;Allée des Jardins;33500;33015;Arveyres;;;-0.254675;44.909818
33015_0120_00016;16;;Chemin de Tire Merle;33500;33015;Arveyres;;;-0.280912;44.876931
33015_0060_00016;16;;Rue du 8 Mai 1945;33500;33015;Arveyres;;;-0.288719;44.885948
33015_0012_00006;6;;Route de Bordeaux;33500;33015;Arveyres;;;-0.284558;44.885471
33015_0060_00023;23;;Rue du 8 Mai 1945;33500;33015;Arveyres;;;-0.286995;44.884758
33015_t749fq_00029;29;;Beliquet;33500;33015;Arveyres;;;-0.255195;44.916427
33015_0012_00054;54;;Route de Bordeaux;33500;33015;Arveyres;;;-0.290965;44.881889
33015_bbpry7_00001;1;;le Prat;33500;33015;Arveyres;;;-0.295529;44.879911
33015_0049_00001;1;;Impasse des Gabarres;33500;33015;Arveyres;;;-0.251439;44.912327
33015_0117_00001;1;;Route de Tillede;33500;33015;Arveyres;;;-0.288396;44.878754
33015_0069_00028;28;;Rue des Freres Lespinasse;33500;33015;Arveyres;;;-0.289773;44.883521
33015_3gqzv7_00005;5;;Lieu Dit Blouin;33500;33015;Arveyres;;;-0.29708;44.87139
33015_0009_00018;18;;Chemin de Beoulaygues;33500;33015;Arveyres;;;-0.28379;44.882876
33015_0082_00008;8;;Impasse de Pan Perdu;33500;33015;Arveyres;;;-0.284534;44.878895
33015_0070_00020;20;;Avenue de la Libération;33500;33015;Arveyres;;;-0.251408;44.911705
33015_b176_00008;8;;Brondeau Ouest;33500;33015;Arveyres;;;-0.288452;44.88173
33015_0012_00019;19;;Route de Bordeaux;33500;33015;Arveyres;;;-0.291739;44.881377
33015_0068_00002;2;;Impasse de Lande;33500;33015;Arveyres;;;-0.292647;44.884438
33015_0002_00020;20;;Rue Auguste Lemeland;33500;33015;Arveyres;;;-0.254452;44.911248
33015_5e2qwr_00002;2;;la Tuilière;33500;33015;Arveyres;;;-0.299314;44.883391
33015_0090_00003;3;;Allée des Pommiers;33500;33015;Arveyres;;;-0.285835;44.878248
33015_o5thfm_00218;218;;Lieu Dit Jourdan;33500;33015;Arveyres;;;-0.264881;44.884035
33015_0075_00019_bis;19;bis;Rue du Moulin de la Mer;33500;33015;Arveyres;;;-0.298425;44.885435
33015_v9qrso_00001;1;;Lieu Dit Beaumard;33500;33015;Arveyres;;;-0.303426;44.872372
33015_y4jvgz_00444;444;;Royne;33500;33015;Arveyres;;;-0.293174;44.882096
33015_0026_00002;2;;Allee des Coquelicots;33500;33015;Arveyres;;;-0.284773;44.879757
33015_0023_00003;3;;Allee de Cluzan;33500;33015;Arveyres;;;-0.282645;44.877273
33015_0075_00008;8;;Rue du Moulin de la Mer;33500;33015;Arveyres;;;-0.298078;44.886767
33015_zobzd6_00484;484;;Lieu Dit Jeantieu;33500;33015;Arveyres;;;-0.299868;44.874041
33015_0085_00005_ter;5;ter;Rue des Pècheurs;33500;33015;Arveyres;;;-0.288043;44.886687
33015_b132_00001;1;;Pey de Veau;33500;33015;Arveyres;;;-0.29024;44.873724
33015_0040_00011;11;;Rue Eugène Bernard;33500;33015;Arveyres;;;-0.252181;44.911357
33015_0002_00004;4;;Rue Auguste Lemeland;33500;33015;Arveyres;;;-0.251685;44.91128
33015_0083_00002_bis;2;bis;Rue du Parlement;33500;33015;Arveyres;;;-0.251428;44.911725
33015_0048_00021;21;;Route de Fonsegrede;33500;33015;Arveyres;;;-0.282549;44.879442
33015_0090_00004;4;;Allée des Pommiers;33500;33015;Arveyres;;;-0.285746;44.878218
33015_0091_00003_bis;3;bis;Rue du Port;33500;33015;Arveyres;;;-0.294638;44.886534
33015_b168_00012;12;;Taffard Sud;33500;33015;Arveyres;;;-0.272763;44.910586
33015_0044_00005_ter;5;ter;Rue de Feldbach;33500;33015;Arveyres;;;-0.283773;44.883248
33015_0100_00003;3;;Impasse des Rouges Gorges;33500;33015;Arveyres;;;-0.287318;44.882511
33015_nczfhe_00002;2;;Moustey;33500;33015;Arveyres;;;-0.280697;44.902248
33015_0049_00002_bis;2;bis;Impasse des Gabarres;33500;33015;Arveyres;;;-0.251432;44.912329
33015_b141_00124;124;;Port du Nouguey Est;33500;33015;Arveyres;;;-0.251776;44.909476
33015_0075_00003_d;3;d;Rue du Moulin de la Mer;33500;33015;Arveyres;;;-0.298388;44.883001
33015_wibyqg_00004;4;;la Sauvanelle;33500;33015;Arveyres;;;-0.254364;44.905456
33015_0090_00006;6;;Allée des Pommiers;33500;33015;Arveyres;;;-0.285307;44.878006
33015_0044_00011_bis;11;bis;Rue de Feldbach;33500;33015;Arveyres;;;-0.284082;44.883069
33015_a030_00017;17;;Lotissement Les Anémones;33500;33015;Arveyres;;;-0.255741;44.908582
33015_0023_00009;9;;Allee de Cluzan;33500;33015;Arveyres;;;-0.283569;44.876819
33015_4r3re7_00003;3;;Lieu Dit la Pecherie;33500;33015;Arveyres;;;-0.252957;44.915785
33015_oml6st_00003_bis;3;bis;Ld Viaduc de la Commanderie;33500;33015;Arveyres;;;-0.272746;44.894397
33015_0083_00009;9;;Rue du Parlement;33500;33015;Arveyres;;;-0.252426;44.911596
33015_4r3re7_00030;30;;Lieu Dit la Pecherie;33500;33015;Arveyres;;;-0.25456;44.916289
33015_668ax3_00144;144;;Lieu Dit Franchot;33500;33015;Arveyres;;;-0.25497;44.898405
33015_0066_00031;31;;Route de Jourdan;33500;33015;Arveyres;;;-0.25505;44.906047
33015_0054_00004;4;;Chemin de la Gravette;33500;33015;Arveyres;;;-0.280776;44.881761
33015_0048_00012;12;;Route de Fonsegrede;33500;33015;Arveyres;;;-0.283615;44.87782
33015_n7jip5_00001;1;;Lieu Dit Tillede;33500;33015;Arveyres;;;-0.296902;44.86798
33015_eg462z_00001;1;;Lieu Dit la Capelle;33500;33015;Arveyres;;;-0.268814;44.916415
33015_4r3re7_00002_bis;2;bis;Lieu Dit la Pecherie;33500;33015;Arveyres;;;-0.252435;44.915382
33015_3hfnn1_00112;112;;Lieu Dit la Plante;33500;33015;Arveyres;;;-0.262708;44.891964
33015_0015_00001_bis;1;bis;Route Brondeau du Tertre;33500;33015;Arveyres;;;-0.290355;44.881507
33015_yxd10f_00161;161;;Lieu Dit Pruneyron;33500;33015;Arveyres;;;-0.273541;44.903625
33015_ab7ddp_00011;11;;Impasse du Lac;33500;33015;Arveyres;;;-0.274715;44.869192
33015_0107_00006;6;;Rue de Siston;33500;33015;Arveyres;;;-0.291599;44.885694
33015_0038_00041;41;;Rue de l’Eglise;33500;33015;Arveyres;;;-0.281552;44.883589
33015_0090_00012;12;;Allée des Pommiers;33500;33015;Arveyres;;;-0.285239;44.878687
33015_0048_00027;27;;Route de Fonsegrede;33500;33015;Arveyres;;;-0.283199;44.878269
33015_0099_00005;5;;Route de la Rtd Port du Nouguey;33500;33015;Arveyres;;;-0.255787;44.911872
33015_0048_00003_bis;3;bis;Route de Fonsegrede;33500;33015;Arveyres;;;-0.281125;44.880689
33015_0067_00029;29;;Chemin de Lande;33500;33015;Arveyres;;;-0.292471;44.882834
33015_0090_00032;32;;Allée des Pommiers;33500;33015;Arveyres;;;-0.287191;44.878978
33015_a030_00018;18;;Lotissement Les Anémones;33500;33015;Arveyres;;;-0.255856;44.908556
33015_0060_00021;21;;Rue du 8 Mai 1945;33500;33015;Arveyres;;;-0.28724;44.884652
33015_0048_00007;7;;Route de Fonsegrede;33500;33015;Arveyres;;;-0.281484;44.880066
33015_0009_00009;9;;Chemin de Beoulaygues;33500;33015;Arveyres;;;-0.28367;44.882712
33015_0060_00012;12;;Rue du 8 Mai 1945;33500;33015;Arveyres;;;-0.287967;44.885964
33015_0050_00011;11;;Avenue du Général de Gaulle;33500;33015;Arveyres;;;-0.251531;44.913748
33015_0108_00010;10;;Impasse Siston;33500;33015;Arveyres;;;-0.28986;44.88643
33015_0088_00026;26;;Rue de Peytot;33500;33015;Arveyres;;;-0.287297;44.880934
33015_0088_00031;31;;Rue de Peytot;33500;33015;Arveyres;;;-0.286805;44.881341
33015_0002_00023;23;;Rue Auguste Lemeland;33500;33015;Arveyres;;;-0.25507;44.91041
33015_0070_00004;4;;Avenue de la Libération;33500;33015;Arveyres;;;-0.251423;44.912121
33015_0050_00009;9;;Avenue du Général de Gaulle;33500;33015;Arveyres;;;-0.251623;44.914315
33015_0042_00002_bis;2;bis;Chemin des Faunes;33500;33015;Arveyres;;;-0.280078;44.882865
33015_0088_00027;27;;Rue de Peytot;33500;33015;Arveyres;;;-0.286239;44.881605
33015_0108_00007;7;;Impasse Siston;33500;33015;Arveyres;;;-0.289823;44.886393
33015_0042_00001_bis;1;bis;Chemin des Faunes;33500;33015;Arveyres;;;-0.279003;44.883442
33015_ip6oc3_00002;2;;Port du Noyer Rotonde;33500;33015;Arveyres;;;-0.252401;44.913137
33015_0083_00010;10;;Rue du Parlement;33500;33015;Arveyres;;;-0.252701;44.911606
33015_y4jvgz_00003;3;;Royne;33500;33015;Arveyres;;;-0.292764;44.882093
33015_0067_00019_bis;19;bis;Chemin de Lande;33500;33015;Arveyres;;;-0.292272;44.883182
33015_0044_00006;6;;Rue de Feldbach;33500;33015;Arveyres;;;-0.283814;44.883488
33015_nh4rep_00026;26;;le Nougeyrot;33500;33015;Arveyres;;;-0.290118;44.883623
33015_0038_00050;50;;Rue de l’Eglise;33500;33015;Arveyres;;;-0.281252;44.883223
33015_0023_00005;5;;Allee de Cluzan;33500;33015;Arveyres;;;-0.282905;44.877079
33015_w7v947_00001;1;;Jaumette;33500;33015;Arveyres;;;-0.273154;44.900857
33015_0117_00007;7;;Route de Tillede;33500;33015;Arveyres;;;-0.287382;44.879284
33015_rt4sgs_00001_b;1;b;Lieu Dit Sambosse;33500;33015;Arveyres;;;-0.297607;44.875702
33015_tfnle8_00001;1;;Port de Brau;33500;33015;Arveyres;;;-0.285272;44.913553
33015_0012_00038;38;;Route de Bordeaux;33500;33015;Arveyres;;;-0.288387;44.883107
33015_668ax3_00001;1;;Lieu Dit Franchot;33500;33015;Arveyres;;;-0.255097;44.898689
33015_0064_00001_bis;1;bis;Allée des Jardins;33500;33015;Arveyres;;;-0.252258;44.909756
33015_0023_00002;2;;Allee de Cluzan;33500;33015;Arveyres;;;-0.283102;44.877474
33015_bqtkcr_00001_bis;1;bis;Lieu Dit Chaussemelle;33500;33015;Arveyres;;;-0.281459;44.888429
33015_0090_00010;10;;Allée des Pommiers;33500;33015;Arveyres;;;-0.284838;44.878507
33015_0066_00018_bis;18;bis;Route de Jourdan;33500;33015;Arveyres;;;-0.256049;44.90581
33015_0002_00001;1;;Rue Auguste Lemeland;33500;33015;Arveyres;;;-0.251809;44.911184
33015_vk2xcg_00017;17;;Graney;33500;33015;Arveyres;;;-0.280949;44.908231
33015_0038_00051;51;;Rue de l’Eglise;33500;33015;Arveyres;;;-0.280865;44.883027
33015_0012_00017;17;;Route de Bordeaux;33500;33015;Arveyres;;;-0.289664;44.882308
33015_0120_00010;10;;Chemin de Tire Merle;33500;33015;Arveyres;;;-0.281205;44.877438
33015_0060_00031;31;;Rue du 8 Mai 1945;33500;33015;Arveyres;;;-0.287745;44.885223
33015_a2k7y6_00001;1;;Port du Noyer;33500;33015;Arveyres;;;-0.251559;44.91117
33015_0048_00035;35;;Route de Fonsegrede;33500;33015;Arveyres;;;-0.284442;44.876381
33015_0060_00029;29;;Rue du 8 Mai 1945;33500;33015;Arveyres;;;-0.287492;44.885354
33015_b100_00003;3;;Male Piece;33500;33015;Arveyres;;;-0.294146;44.880289
33015_0040_00007;7;;Rue Eugène Bernard;33500;33015;Arveyres;;;-0.251947;44.911417
33015_0085_00005_bis;5;bis;Rue des Pècheurs;33500;33015;Arveyres;;;-0.288133;44.886588
33015_v9qrso_00585;585;;Lieu Dit Beaumard;33500;33015;Arveyres;;;-0.303322;44.872435
33015_0083_00001;1;;Rue du Parlement;33500;33015;Arveyres;;;-0.251527;44.911667
33015_b097_00189;189;;Maison Neuve;33500;33015;Arveyres;;;-0.27363;44.895405
33015_0091_00016;16;;Rue du Port;33500;33015;Arveyres;;;-0.297048;44.887396
33015_0070_00008;8;;Avenue de la Libération;33500;33015;Arveyres;;;-0.25204;44.911992
33015_0090_00030;30;;Allée des Pommiers;33500;33015;Arveyres;;;-0.286958;44.879028
33015_4r3re7_00032;32;;Lieu Dit la Pecherie;33500;33015;Arveyres;;;-0.253439;44.915977
33015_a060_00004;4;;Lotissement les Carrelets;33500;33015;Arveyres;;;-0.294378;44.887116
33015_0066_00005;5;;Route de Jourdan;33500;33015;Arveyres;;;-0.25695;44.908553
33015_0117_00100;100;;Route de Tillede;33500;33015;Arveyres;;;-0.292747;44.873254
33015_0088_00022;22;;Rue de Peytot;33500;33015;Arveyres;;;-0.287022;44.881241
33015_zobzd6_00486;486;;Lieu Dit Jeantieu;33500;33015;Arveyres;;;-0.296988;44.875098
33015_0083_00012;12;;Rue du Parlement;33500;33015;Arveyres;;;-0.252864;44.911577
33015_0075_00012;12;;Rue du Moulin de la Mer;33500;33015;Arveyres;;;-0.298607;44.886225
33015_0075_00017;17;;Rue du Moulin de la Mer;33500;33015;Arveyres;;;-0.297884;44.886859
33015_pvnctu_00001;1;;Lieu Dit Gelleyre;33500;33015;Arveyres;;;-0.2743;44.916724
33015_ip6oc3_00017;17;;Port du Noyer Rotonde;33500;33015;Arveyres;;;-0.256822;44.910547
33015_0006_00004;4;;Chemin de Beaubuisson;33500;33015;Arveyres;;;-0.285413;44.886838
33015_0044_00008;8;;Rue de Feldbach;33500;33015;Arveyres;;;-0.283973;44.883308
33015_0060_00006;6;;Rue du 8 Mai 1945;33500;33015;Arveyres;;;-0.285213;44.885257
33015_a2k7y6_00004;4;;Port du Noyer;33500;33015;Arveyres;;;-0.252148;44.910117
33015_b168_00001;1;;Taffard Sud;33500;33015;Arveyres;;;-0.275799;44.912753
33015_joe3ij_00191;191;;La Commanderie;33500;33015;Arveyres;;;-0.272055;44.894197
33015_0090_00020;20;;Allée des Pommiers;33500;33015;Arveyres;;;-0.28557;44.878674
33015_0070_00014;14;;Avenue de la Libération;33500;33015;Arveyres;;;-0.251424;44.911858
33015_pvnctu_00007;7;;Lieu Dit Gelleyre;33500;33015;Arveyres;;;-0.274614;44.916608
33015_0002_00035;35;;Rue Auguste Lemeland;33500;33015;Arveyres;;;-0.255431;44.910678
33015_v9qrso_00482;482;;Lieu Dit Beaumard;33500;33015;Arveyres;;;-0.303941;44.872176
33015_b022_00167;167;;Lieu Dit Barrail de Jacques;33500;33015;Arveyres;;;-0.275112;44.898979
33015_0026_00011;11;;Allee des Coquelicots;33500;33015;Arveyres;;;-0.285524;44.880008
33015_0002_00029;29;;Rue Auguste Lemeland;33500;33015;Arveyres;;;-0.254901;44.910789
33015_0006_00005;5;;Chemin de Beaubuisson;33500;33015;Arveyres;;;-0.285577;44.886842
33015_5em6qv_00139;139;;Lieu Dit Bozelle;33500;33015;Arveyres;;;-0.249056;44.900134
33015_0012_00046;46;;Route de Bordeaux;33500;33015;Arveyres;;;-0.289364;44.882615
33015_4r3re7_00008;8;;Lieu Dit la Pecherie;33500;33015;Arveyres;;;-0.25889;44.916339
33015_0101_00007;7;;Chemin de Royne;33500;33015;Arveyres;;;-0.29355;44.884102
33015_b022_00166;166;;Lieu Dit Barrail de Jacques;33500;33015;Arveyres;;;-0.275013;44.899336
33015_0015_00002_bis;2;bis;Route Brondeau du Tertre;33500;33015;Arveyres;;;-0.290453;44.881455
33015_0069_00001;1;;Rue des Freres Lespinasse;33500;33015;Arveyres;;;-0.289422;44.885089
33015_0107_00004_bis;4;bis;Rue de Siston;33500;33015;Arveyres;;;-0.291073;44.885779
33015_0054_00001;1;;Chemin de la Gravette;33500;33015;Arveyres;;;-0.280574;44.881888
33015_0015_00001;1;;Route Brondeau du Tertre;33500;33015;Arveyres;;;-0.290543;44.881559
33015_bqtkcr_00002;2;;Lieu Dit Chaussemelle;33500;33015;Arveyres;;;-0.281748;44.888149
33015_0082_00004;4;;Impasse de Pan Perdu;33500;33015;Arveyres;;;-0.285622;44.879332
33015_668ax3_00143;143;;Lieu Dit Franchot;33500;33015;Arveyres;;;-0.254867;44.898663
33015_0015_00004_b;4;b;Route Brondeau du Tertre;33500;33015;Arveyres;;;-0.290506;44.881471
33015_0048_00009;9;;Route de Fonsegrede;33500;33015;Arveyres;;;-0.281849;44.879943
33015_0017_00005;5;;Allee des Bruyeres;33500;33015;Arveyres;;;-0.286555;44.880024
33015_0015_00016;16;;Route Brondeau du Tertre;33500;33015;Arveyres;;;-0.288349;44.880792
33015_0022_00010;10;;Allee des Cerisiers;33500;33015;Arveyres;;;-0.287456;44.878088
33015_0044_00005_bis;5;bis;Rue de Feldbach;33500;33015;Arveyres;;;-0.283773;44.883248
33015_0040_00002;2;;Rue Eugène Bernard;33500;33015;Arveyres;;;-0.251655;44.911468
33015_m29hib_00001;1;;Lieu Dit Barrail de Baron;33500;33015;Arveyres;;;-0.258048;44.909844
33015_0067_00016;16;;Chemin de Lande;33500;33015;Arveyres;;;-0.292303;44.881961
33015_o5thfm_00222;222;;Lieu Dit Jourdan;33500;33015;Arveyres;;;-0.264897;44.883973
33015_0088_00024;24;;Rue de Peytot;33500;33015;Arveyres;;;-0.28723;44.881008
33015_0012_00016;16;;Route de Bordeaux;33500;33015;Arveyres;;;-0.286116;44.884484
33015_0025_00006;6;;Impasse de la Commanderie;33500;33015;Arveyres;;;-0.291322;44.886381
33015_0060_00010;10;;Rue du 8 Mai 1945;33500;33015;Arveyres;;;-0.288735;44.885955
33015_0060_00017_bis;17;bis;Rue du 8 Mai 1945;33500;33015;Arveyres;;;-0.286405;44.885182
33015_0107_00013_bis;13;bis;Rue de Siston;33500;33015;Arveyres;;;-0.2916;44.885632
33015_zobzd6_00002;2;;Lieu Dit Jeantieu;33500;33015;Arveyres;;;-0.296989;44.876188
33015_0050_00021;21;;Avenue du Général de Gaulle;33500;33015;Arveyres;;;-0.252012;44.915004
33015_o5thfm_00221;221;;Lieu Dit Jourdan;33500;33015;Arveyres;;;-0.26404;44.883928
33015_0067_00014;14;;Chemin de Lande;33500;33015;Arveyres;;;-0.292263;44.881936
33015_0064_00006;6;;Allée des Jardins;33500;33015;Arveyres;;;-0.253202;44.909796
33015_0064_00007;7;;Allée des Jardins;33500;33015;Arveyres;;;-0.253625;44.909728
33015_0090_00013;13;;Allée des Pommiers;33500;33015;Arveyres;;;-0.285351;44.878737
33015_0012_00010;10;;Route de Bordeaux;33500;33015;Arveyres;;;-0.284848;44.885256
33015_gc8n2g_00002;2;;Route de Cadarsac;33500;33015;Arveyres;;;-0.287369;44.873541
33015_ip6oc3_00016;16;;Port du Noyer Rotonde;33500;33015;Arveyres;;;-0.257628;44.91101
33015_0020_00007;7;;Allee des Camelias;33500;33015;Arveyres;;;-0.287571;44.880132
33015_shfpiu_00036;36;;Le Coin;33500;33015;Arveyres;;;-0.288507;44.883843
33015_0012_00050;50;;Route de Bordeaux;33500;33015;Arveyres;;;-0.28989;44.882368
33015_d9kt5i_00001;1;;Lieu Dit Cantelaoudette;33500;33015;Arveyres;;;-0.299122;44.875232
33015_ip6oc3_00006;6;;Port du Noyer Rotonde;33500;33015;Arveyres;;;-0.256718;44.912497
33015_pvnctu_00003;3;;Lieu Dit Gelleyre;33500;33015;Arveyres;;;-0.274152;44.916618
33015_b141_00094;94;;Port du Nouguey Est;33500;33015;Arveyres;;;-0.252418;44.911197
33015_shfpiu_00513;513;;Le Coin;33500;33015;Arveyres;;;-0.286927;44.884038
33015_0038_00054;54;;Rue de l’Eglise;33500;33015;Arveyres;;;-0.281052;44.883055
33015_0038_00060_a;60;a;Rue de l’Eglise;33500;33015;Arveyres;;;-0.28059;44.882544
33015_zobzd6_00003_bis;3;bis;Lieu Dit Jeantieu;33500;33015;Arveyres;;;-0.297009;44.87556
33015_0038_00007;7;;Rue de l’Eglise;33500;33015;Arveyres;;;-0.283891;44.884627
33015_0088_00007;7;;Rue de Peytot;33500;33015;Arveyres;;;-0.284681;44.8839
33015_0038_00007_bis;7;bis;Rue de l’Eglise;33500;33015;Arveyres;;;-0.284033;44.884705
33015_0038_00001;1;;Rue de l’Eglise;33500;33015;Arveyres;;;-0.284579;44.884916
33015_0042_00002;2;;Chemin des Faunes;33500;33015;Arveyres;;;-0.278901;44.883325
33015_0082_00007;7;;Impasse de Pan Perdu;33500;33015;Arveyres;;;-0.2846;44.879065
33015_0022_00009;9;;Allee des Cerisiers;33500;33015;Arveyres;;;-0.287296;44.878252
33015_0060_00037;37;;Rue du 8 Mai 1945;33500;33015;Arveyres;;;-0.288505;44.885767
33015_0070_00018;18;;Avenue de la Libération;33500;33015;Arveyres;;;-0.251416;44.911758
33015_0042_00003;3;;Chemin des Faunes;33500;33015;Arveyres;;;-0.279233;44.883032
33015_0054_00001_bis;1;bis;Chemin de la Gravette;33500;33015;Arveyres;;;-0.281514;44.881031
33015_pjpcw6_00147;147;;Lieu Dit Brondeau;33500;33015;Arveyres;;;-0.257549;44.896674
33015_0075_00017_bis;17;bis;Rue du Moulin de la Mer;33500;33015;Arveyres;;;-0.297884;44.886859
33015_0090_00023;23;;Allée des Pommiers;33500;33015;Arveyres;;;-0.285414;44.878231
33015_yxd10f_00002;2;;Lieu Dit Pruneyron;33500;33015;Arveyres;;;-0.271976;44.902896
33015_0038_00034_bis;34;bis;Rue de l’Eglise;33500;33015;Arveyres;;;-0.282388;44.883952
33015_0015_00012;12;;Route Brondeau du Tertre;33500;33015;Arveyres;;;-0.2894;44.881081
33015_zobzd6_00002_bis;2;bis;Lieu Dit Jeantieu;33500;33015;Arveyres;;;-0.296328;44.874382
33015_xxwcqy_00002;2;;l'Orme;33500;33015;Arveyres;;;-0.27559;44.904358
33015_0015_00009;9;;Route Brondeau du Tertre;33500;33015;Arveyres;;;-0.288254;44.880882
33015_0060_00039_bis;39;bis;Rue du 8 Mai 1945;33500;33015;Arveyres;;;-0.289044;44.885425
33015_0044_00012_bis;12;bis;Rue de Feldbach;33500;33015;Arveyres;;;-0.284423;44.883115
33015_zobzd6_00001_bis;1;bis;Lieu Dit Jeantieu;33500;33015;Arveyres;;;-0.297066;44.876111
33015_0025_00003;3;;Impasse de la Commanderie;33500;33015;Arveyres;;;-0.292184;44.886175
33015_yxd10f_00004;4;;Lieu Dit Pruneyron;33500;33015;Arveyres;;;-0.273623;44.903764
33015_668ax3_00142;142;;Lieu Dit Franchot;33500;33015;Arveyres;;;-0.254796;44.898864
33015_b097_00003;3;;Maison Neuve;33500;33015;Arveyres;;;-0.276101;44.912295
33015_b143_00014;14;;Port du Nouguey-Ouest;33500;33015;Arveyres;;;-0.257344;44.910927
33015_0069_00018;18;;Rue des Freres Lespinasse;33500;33015;Arveyres;;;-0.291275;44.884046
33015_0064_00010;10;;Allée des Jardins;33500;33015;Arveyres;;;-0.254299;44.909808
33015_0038_00042;42;;Rue de l’Eglise;33500;33015;Arveyres;;;-0.281847;44.883661
33015_6cfw2p_00002_bis;2;bis;les Faunes;33500;33015;Arveyres;;;-0.279615;44.883233
33015_vk2xcg_00001;1;;Graney;33500;33015;Arveyres;;;-0.285235;44.90816
33015_b100_00001;1;;Male Piece;33500;33015;Arveyres;;;-0.29521;44.880077
33015_0107_00007;7;;Rue de Siston;33500;33015;Arveyres;;;-0.29032;44.885546
33015_0002_00016;16;;Rue Auguste Lemeland;33500;33015;Arveyres;;;-0.253535;44.911138
33015_0069_00016;16;;Rue des Freres Lespinasse;33500;33015;Arveyres;;;-0.29115;44.88431
33015_b144_00363;363;;Port Laroque;33500;33015;Arveyres;;;-0.287233;44.887946
33015_a030_00019;19;;Lotissement Les Anémones;33500;33015;Arveyres;;;-0.256394;44.908507
33015_0038_00035;35;;Rue de l’Eglise;33500;33015;Arveyres;;;-0.282417;44.884044
33015_ip6oc3_00012;12;;Port du Noyer Rotonde;33500;33015;Arveyres;;;-0.257207;44.911158
33015_0038_00070;70;;Rue de l’Eglise;33500;33015;Arveyres;;;-0.280477;44.882156
33015_0025_00001;1;;Impasse de la Commanderie;33500;33015;Arveyres;;;-0.292432;44.885957
33015_0020_00003;3;;Allee des Camelias;33500;33015;Arveyres;;;-0.287843;44.880246
33015_a060_00001;1;;Lotissement les Carrelets;33500;33015;Arveyres;;;-0.294464;44.886998
33015_0067_00033;33;;Chemin de Lande;33500;33015;Arveyres;;;-0.292272;44.883182
33015_joe3ij_00002;2;;La Commanderie;33500;33015;Arveyres;;;-0.27239;44.894275
33015_b097_00004;4;;Maison Neuve;33500;33015;Arveyres;;;-0.276101;44.912295
33015_b009_00154;154;;Barrail de Monsol;33500;33015;Arveyres;;;-0.265652;44.902943
33015_ip6oc3_00001;1;;Port du Noyer Rotonde;33500;33015;Arveyres;;;-0.253963;44.912492
33015_0069_00014;14;;Rue des Freres Lespinasse;33500;33015;Arveyres;;;-0.291011;44.884468
33015_0090_00017;17;;Allée des Pommiers;33500;33015;Arveyres;;;-0.286236;44.879012
33015_3gqzv7_00003;3;;Lieu Dit Blouin;33500;33015;Arveyres;;;-0.297041;44.871394
33015_0060_00009_ter;9;ter;Rue du 8 Mai 1945;33500;33015;Arveyres;;;-0.285715;44.885216
33015_0049_00007;7;;Impasse des Gabarres;33500;33015;Arveyres;;;-0.251974;44.912568
33015_0054_00005_bis;5;bis;Chemin de la Gravette;33500;33015;Arveyres;;;-0.282585;44.880276
33015_o5thfm_00219;219;;Lieu Dit Jourdan;33500;33015;Arveyres;;;-0.264875;44.88415
33015_0060_00005_bis;5;bis;Rue du 8 Mai 1945;33500;33015;Arveyres;;;-0.285981;44.885225
33015_po9ssg_00489;489;;Fage;33500;33015;Arveyres;;;-0.304698;44.866393
33015_d07kds_00006;6;;Chemin de Cugnefesse;33500;33015;Arveyres;;;-0.274241;44.889352
33015_0038_00018_bis;18;bis;Rue de l’Eglise;33500;33015;Arveyres;;;-0.282696;44.88407
33015_0075_00003_a;3;a;Rue du Moulin de la Mer;33500;33015;Arveyres;;;-0.298388;44.883001
33015_b179_00005;5;;Lieu Dit la Capelle Damazac;33500;33015;Arveyres;;;-0.272082;44.915295
33015_b097_00190;190;;Maison Neuve;33500;33015;Arveyres;;;-0.273129;44.895874
33015_0108_00001;1;;Impasse Siston;33500;33015;Arveyres;;;-0.289195;44.886122
33015_b143_00029;29;;Port du Nouguey-Ouest;33500;33015;Arveyres;;;-0.252277;44.915042
33015_0009_00012;12;;Chemin de Beoulaygues;33500;33015;Arveyres;;;-0.283395;44.883159
33015_668wdd_00446;446;;Roynet;33500;33015;Arveyres;;;-0.29436;44.88039
33015_b022_00168;168;;Lieu Dit Barrail de Jacques;33500;33015;Arveyres;;;-0.273588;44.900494
33015_0070_00012;12;;Avenue de la Libération;33500;33015;Arveyres;;;-0.251421;44.911914
33015_6ho6p0_00006_bis;6;bis;Impasse des Bleuets;33500;33015;Arveyres;;;-0.288966;44.881747
33015_0042_00002_ter;2;ter;Chemin des Faunes;33500;33015;Arveyres;;;-0.280314;44.882717
33015_b134_00002;2;;Lieu Dit Pique Tuile;33500;33015;Arveyres;;;-0.264721;44.888445
33015_0015_00003;3;;Route Brondeau du Tertre;33500;33015;Arveyres;;;-0.289831;44.881378
33015_0060_00025;25;;Rue du 8 Mai 1945;33500;33015;Arveyres;;;-0.286974;44.885022
33015_0040_00010;10;;Rue Eugène Bernard;33500;33015;Arveyres;;;-0.252016;44.91143
33015_b145_00544;544;;Port Moran;33500;33015;Arveyres;;;-0.251568;44.908746
33015_b144_00360;360;;Port Laroque;33500;33015;Arveyres;;;-0.287135;44.888058
33015_0064_00019_bis;19;bis;Allée des Jardins;33500;33015;Arveyres;;;-0.255314;44.909728
33015_0067_00011;11;;Chemin de Lande;33500;33015;Arveyres;;;-0.292002;44.883945
33015_0060_00019;19;;Rue du 8 Mai 1945;33500;33015;Arveyres;;;-0.286542;44.885167
33015_0038_00031;31;;Rue de l’Eglise;33500;33015;Arveyres;;;-0.282571;44.88428
33015_1481yg_00002;2;;Lieu Dit Lavergne;33500;33015;Arveyres;;;-0.282571;44.911893
33015_a080_00006;6;;Lotissement Chupeau;33500;33015;Arveyres;;;-0.256043;44.908837
33015_0002_00005;5;;Rue Auguste Lemeland;33500;33015;Arveyres;;;-0.25232;44.911067
33015_0067_00019_ter;19;ter;Chemin de Lande;33500;33015;Arveyres;;;-0.290744;44.882647
33015_0015_00014;14;;Route Brondeau du Tertre;33500;33015;Arveyres;;;-0.289103;44.880954
33015_0050_00001;1;;Avenue du Général de Gaulle;33500;33015;Arveyres;;;-0.251454;44.913272
33015_0048_00016;16;;Route de Fonsegrede;33500;33015;Arveyres;;;-0.284258;44.877128
33015_0070_00002;2;;Avenue de la Libération;33500;33015;Arveyres;;;-0.251453;44.912509
33015_a0dl7r_00001;1;;le Gravier;33500;33015;Arveyres;;;-0.281162;44.891056
33015_0044_00014;14;;Rue de Feldbach;33500;33015;Arveyres;;;-0.284427;44.882729
33015_0050_00007;7;;Avenue du Général de Gaulle;33500;33015;Arveyres;;;-0.251569;44.914116
33015_0038_00060;60;;Rue de l’Eglise;33500;33015;Arveyres;;;-0.280815;44.8828
33015_0075_00003_c;3;c;Rue du Moulin de la Mer;33500;33015;Arveyres;;;-0.298388;44.883001
33015_0085_00001;1;;Rue des Pècheurs;33500;33015;Arveyres;;;-0.288335;44.88598
33015_0083_00018;18;;Rue du Parlement;33500;33015;Arveyres;;;-0.25318;44.911415
33015_0026_00009;9;;Allee des Coquelicots;33500;33015;Arveyres;;;-0.285213;44.879814
33015_0044_00001;1;;Rue de Feldbach;33500;33015;Arveyres;;;-0.283197;44.883733
33015_b143_00047;47;;Port du Nouguey-Ouest;33500;33015;Arveyres;;;-0.257274;44.910842
33015_0088_00025;25;;Rue de Peytot;33500;33015;Arveyres;;;-0.286346;44.881879
33015_oml6st_00003;3;;Ld Viaduc de la Commanderie;33500;33015;Arveyres;;;-0.272746;44.894397
33015_0012_00002;2;;Route de Bordeaux;33500;33015;Arveyres;;;-0.284249;44.885703
33015_0038_00006;6;;Rue de l’Eglise;33500;33015;Arveyres;;;-0.284564;44.884815
33015_4r3re7_00006;6;;Lieu Dit la Pecherie;33500;33015;Arveyres;;;-0.255015;44.916379
33015_0090_00011;11;;Allée des Pommiers;33500;33015;Arveyres;;;-0.284911;44.878549
33015_jx46uk_00002;2;;La Pelle;33500;33015;Arveyres;;;-0.270878;44.898474
33015_0044_00015;15;;Rue de Feldbach;33500;33015;Arveyres;;;-0.284643;44.882173
33015_po9ssg_00492;492;;Fage;33500;33015;Arveyres;;;-0.305363;44.865455
33015_0012_00003;3;;Route de Bordeaux;33500;33015;Arveyres;;;-0.286493;44.884003
33015_0044_00019_a;19;a;Rue de Feldbach;33500;33015;Arveyres;;;-0.285193;44.881179
33015_0067_00002;2;;Chemin de Lande;33500;33015;Arveyres;;;-0.292959;44.885889
33015_a060_00003;3;;Lotissement les Carrelets;33500;33015;Arveyres;;;-0.294772;44.887104
33015_0064_00017;17;;Allée des Jardins;33500;33015;Arveyres;;;-0.254715;44.90973
33015_0107_00005;5;;Rue de Siston;33500;33015;Arveyres;;;-0.290158;44.885589
33015_b141_00122;122;;Port du Nouguey Est;33500;33015;Arveyres;;;-0.252564;44.90994
33015_b022_00511;511;;Lieu Dit Barrail de Jacques;33500;33015;Arveyres;;;-0.278805;44.898183
33015_0091_00018_bis;18;bis;Rue du Port;33500;33015;Arveyres;;;-0.293227;44.88663
33015_0090_00002;2;;Allée des Pommiers;33500;33015;Arveyres;;;-0.286284;44.878374
33015_0107_00004_quater;4;quater;Rue de Siston;33500;33015;Arveyres;;;-0.291098;44.886031
33015_m29hib_00049;49;;Lieu Dit Barrail de Baron;33500;33015;Arveyres;;;-0.259973;44.908197
33015_0025_00004;4;;Impasse de la Commanderie;33500;33015;Arveyres;;;-0.291796;44.886366
33015_5x7n1q_00004;4;;Damazac;33500;33015;Arveyres;;;-0.272587;44.915811
33015_0090_00016;16;;Allée des Pommiers;33500;33015;Arveyres;;;-0.28614;44.879041
33015_0048_00006_bis;6;bis;Route de Fonsegrede;33500;33015;Arveyres;;;-0.281295;44.880811
33015_0069_00006;6;;Rue des Freres Lespinasse;33500;33015;Arveyres;;;-0.290293;44.88491
33015_n7jip5_00010;10;;Lieu Dit Tillede;33500;33015;Arveyres;;;-0.288293;44.878921
33015_b143_00570;570;;Port du Nouguey-Ouest;33500;33015;Arveyres;;;-0.253018;44.912968
33015_b145_00130;130;;Port Moran;33500;33015;Arveyres;;;-0.256145;44.907577
33015_b022_00002;2;;Lieu Dit Barrail de Jacques;33500;33015;Arveyres;;;-0.272559;44.901242
33015_zobzd6_00001;1;;Lieu Dit Jeantieu;33500;33015;Arveyres;;;-0.296925;44.877068
33015_y4jvgz_00001;1;;Royne;33500;33015;Arveyres;;;-0.292764;44.882093
33015_bqtkcr_00001;1;;Lieu Dit Chaussemelle;33500;33015;Arveyres;;;-0.280547;44.889243
33015_4r3re7_00005;5;;Lieu Dit la Pecherie;33500;33015;Arveyres;;;-0.254262;44.916221
33015_0026_00010;10;;Allee des Coquelicots;33500;33015;Arveyres;;;-0.285565;44.879936
33015_0085_00017;17;;Rue des Pècheurs;33500;33015;Arveyres;;;-0.286966;44.887842
33015_0083_00008;8;;Rue du Parlement;33500;33015;Arveyres;;;-0.252415;44.911682
33015_06bva6_00002;2;;Rue des Templiers;33500;33015;Arveyres;;;-0.288572;44.887192
33015_0002_00022;22;;Rue Auguste Lemeland;33500;33015;Arveyres;;;-0.255173;44.911267
33015_0044_00013_ter;13;ter;Rue de Feldbach;33500;33015;Arveyres;;;-0.284463;44.882278
33015_b177_00049;49;;Barrail de Baron Ouest;33500;33015;Arveyres;;;-0.259742;44.908548
33015_xy3wty_00001;1;;Lieu Dit Penchille;33500;33015;Arveyres;;;-0.265097;44.886407
33015_0060_00010_bis;10;bis;Rue du 8 Mai 1945;33500;33015;Arveyres;;;-0.288735;44.885955
33015_0088_00017;17;;Rue de Peytot;33500;33015;Arveyres;;;-0.285681;44.882618
33015_b176_00003_bis;3;bis;Brondeau Ouest;33500;33015;Arveyres;;;-0.289525;44.881667
33015_7zdpta_00003;3;;le Négrot;33500;33015;Arveyres;;;-0.281835;44.916263
33015_0085_00013;13;;Rue des Pècheurs;33500;33015;Arveyres;;;-0.287199;44.887617
33015_7zdpta_00001;1;;le Négrot;33500;33015;Arveyres;;;-0.281843;44.916058
33015_b141_00120;120;;Port du Nouguey Est;33500;33015;Arveyres;;;-0.251681;44.911104
33015_3gqzv7_00473_a;473;a;Lieu Dit Blouin;33500;33015;Arveyres;;;-0.296592;44.870852
33015_0040_00001;1;;Rue Eugène Bernard;33500;33015;Arveyres;;;-0.251588;44.911442
33015_shfpiu_00529;529;;Le Coin;33500;33015;Arveyres;;;-0.287145;44.885369
33015_b050_00001;1;;Lieu Dit Cache Cocu;33500;33015;Arveyres;;;-0.284221;44.916224
