id;numero;rep;nom_voie;code_postal;code_insee;nom_commune;nom_ancienne_commune;nom_ld;lon;lat
43185_0030_00007;7;;Rue Aristide Briand;43250;43185;Sainte-Florine;;;3.316036;45.405631
43185_0090_00005;5;;Rue Casati;43250;43185;Sainte-Florine;;;3.31736;45.404443
43185_0487_00001;1;;Rue de Mègecoste;43250;43185;Sainte-Florine;;;3.325743;45.3936
43185_0001_00023;23;;Rue Ambroise Thomas;43250;43185;Sainte-Florine;;;3.312305;45.408803
43185_0150_00005;5;;Place de la Croix des Horts;43250;43185;Sainte-Florine;;;3.319362;45.403696
43185_0571_00022;22;;Place Jean Jaurès-Simonette;43250;43185;Sainte-Florine;;;3.319275;45.404105
43185_0210_00031;31;;Rue des Ecoles;43250;43185;Sainte-Florine;;;3.321286;45.40188
43185_x634t1_00003;3;;rue d'Arrest;43250;43185;Sainte-Florine;;;3.32577;45.394446
43185_0560_00028;28;;Rue Royale;43250;43185;Sainte-Florine;;;3.317374;45.403748
43185_0608_00005_ter;5;ter;Rue des Verreries;43250;43185;Sainte-Florine;;;3.323165;45.391588
43185_0089_00003_bis;3;bis;Chemin du Caffort;43250;43185;Sainte-Florine;;;3.315725;45.406089
43185_0060_00057;57;;Rue de Belgique;43250;43185;Sainte-Florine;;;3.317306;45.410333
43185_0170_00017;17;;Rue Denis Papin;43250;43185;Sainte-Florine;;;3.311358;45.406473
43185_0390_00048;48;;Rue Jules Ferry;43250;43185;Sainte-Florine;;;3.320872;45.401462
43185_0362_00026;26;;Rue Jacques Brel;43250;43185;Sainte-Florine;;;3.309946;45.411302
43185_0330_00041_bis;41;bis;Avenue de Grande Bretagne;43250;43185;Sainte-Florine;;;3.319762;45.406072
43185_0610_00004;4;;Place Victor Hugo;43250;43185;Sainte-Florine;;;3.314989;45.407425
43185_0230_00003;3;;Rue Emile Roux;43250;43185;Sainte-Florine;;;3.315525;45.405193
43185_0086_00010;10;;Chemin de Bourguet;43250;43185;Sainte-Florine;;;3.318885;45.399244
43185_0571_00012_bis;12;bis;Place Jean Jaurès-Simonette;43250;43185;Sainte-Florine;;;3.318793;45.403656
43185_0340_00003_ter;3;ter;Chemin du Gravaure;43250;43185;Sainte-Florine;;;3.321156;45.407844
43185_0190_00010;10;;Place Docteur Gigante;43250;43185;Sainte-Florine;;;3.317993;45.405557
43185_0542_00015;15;;Rue du Président;43250;43185;Sainte-Florine;;;3.305873;45.394828
43185_0484_00029;29;;Rue Nelson Mandela;43250;43185;Sainte-Florine;;;3.308528;45.406821
43185_0542_00035;35;;Rue du Président;43250;43185;Sainte-Florine;;;3.305553;45.398335
43185_0260_00020;20;;Rue Eugène Gilbert;43250;43185;Sainte-Florine;;;3.315921;45.401113
43185_0010_00015;15;;Rue Anatole France;43250;43185;Sainte-Florine;;;3.319085;45.405034
43185_0330_00036;36;;Avenue de Grande Bretagne;43250;43185;Sainte-Florine;;;3.320622;45.406267
43185_0170_00004;4;;Rue Denis Papin;43250;43185;Sainte-Florine;;;3.313684;45.407299
43185_0300_00012;12;;Rue Gabriel Péri;43250;43185;Sainte-Florine;;;3.321007;45.405858
43185_0097_00008;8;;Rue de Chamat;43250;43185;Sainte-Florine;;;3.323431;45.404341
43185_0571_00026;26;;Place Jean Jaurès-Simonette;43250;43185;Sainte-Florine;;;3.319233;45.404227
43185_0060_00067;67;;Rue de Belgique;43250;43185;Sainte-Florine;;;3.317259;45.410884
43185_0040_00028;28;;Rue d'Armois;43250;43185;Sainte-Florine;;;3.314994;45.40992
43185_0577_00001;1;;Rue Germaine Tillion;43250;43185;Sainte-Florine;;;3.318027;45.396228
43185_0088_00014;14;;Chemin de la Buge du Bois;43250;43185;Sainte-Florine;;;3.326866;45.390478
43185_0571_00010;10;;Place Jean Jaurès-Simonette;43250;43185;Sainte-Florine;;;3.318757;45.40369
43185_0097_00016;16;;Rue de Chamat;43250;43185;Sainte-Florine;;;3.323348;45.403703
43185_0500_00015_ter;15;ter;Rue du 11 Novembre;43250;43185;Sainte-Florine;;;3.314038;45.406912
43185_0220_00002;2;;Rue Elisabeth Barrody;43250;43185;Sainte-Florine;;;3.317607;45.405607
43185_0490_00004;4;;Chemin des Mineurs;43250;43185;Sainte-Florine;;;3.315459;45.404764
43185_0230_00049;49;;Rue Emile Roux;43250;43185;Sainte-Florine;;;3.313116;45.405335
43185_0086_00015;15;;Chemin de Bourguet;43250;43185;Sainte-Florine;;;3.319364;45.399843
43185_0320_00010;10;;Rue du Général Leclerc;43250;43185;Sainte-Florine;;;3.317008;45.404101
43185_0484_00026;26;;Rue Nelson Mandela;43250;43185;Sainte-Florine;;;3.309088;45.407241
43185_0340_00001;1;;Chemin du Gravaure;43250;43185;Sainte-Florine;;;3.321177;45.407272
43185_0578_00004;4;;Rue de Triebes;43250;43185;Sainte-Florine;;;3.31199;45.410514
43185_0572_00002;2;;Rue Sous la Coste;43250;43185;Sainte-Florine;;;3.320784;45.388635
43185_0330_00050_bis;50;bis;Avenue de Grande Bretagne;43250;43185;Sainte-Florine;;;3.321732;45.406343
43185_0547_00014;14;;Rue Robert Schuman;43250;43185;Sainte-Florine;;;3.309191;45.410809
43185_0560_00086;86;;Rue Royale;43250;43185;Sainte-Florine;;;3.310272;45.402055
43185_0516_00020;20;;Chemin des Pâtres;43250;43185;Sainte-Florine;;;3.319448;45.396266
43185_0510_00006;6;;Rue Pasteur;43250;43185;Sainte-Florine;;;3.320233;45.407325
43185_0340_00018;18;;Chemin du Gravaure;43250;43185;Sainte-Florine;;;3.322705;45.407354
43185_0490_00023;23;;Chemin des Mineurs;43250;43185;Sainte-Florine;;;3.313245;45.403901
43185_0547_00013;13;;Rue Robert Schuman;43250;43185;Sainte-Florine;;;3.310336;45.409918
43185_0430_00010;10;;Rue Julien Fayolle;43250;43185;Sainte-Florine;;;3.315386;45.405615
43185_0170_00020;20;;Rue Denis Papin;43250;43185;Sainte-Florine;;;3.311707;45.406668
43185_0210_00004;4;;Rue des Ecoles;43250;43185;Sainte-Florine;;;3.321553;45.404555
43185_0230_00031;31;;Rue Emile Roux;43250;43185;Sainte-Florine;;;3.313996;45.405645
43185_0350_00001;1;;Rue Guillaume de la Roche;43250;43185;Sainte-Florine;;;3.314999;45.407505
43185_0wk7ov_00001;1;;Impasse Marcelle et Elvire Barbier;43250;43185;Sainte-Florine;;;3.31189;45.403183
43185_0128_00003;3;;Chemin de Chenevaille;43250;43185;Sainte-Florine;;;3.319844;45.398562
43185_0230_00043;43;;Rue Emile Roux;43250;43185;Sainte-Florine;;;3.313354;45.405319
43185_0040_00014;14;;Rue d'Armois;43250;43185;Sainte-Florine;;;3.315631;45.408439
43185_0270_00025;25;;Rue Flandres Dunkerque;43250;43185;Sainte-Florine;;;3.318352;45.41119
43185_0560_00031;31;;Rue Royale;43250;43185;Sainte-Florine;;;3.316781;45.402978
43185_0146_00001;1;;Rue des Côteaux de la Vizade;43250;43185;Sainte-Florine;;;3.322597;45.399443
43185_0531_00002;2;;Impasse du Pré Bourguet;43250;43185;Sainte-Florine;;;3.317177;45.402837
43185_x634t1_00001;1;;rue d'Arrest;43250;43185;Sainte-Florine;;;3.326391;45.395207
43185_0510_00021;21;;Rue Pasteur;43250;43185;Sainte-Florine;;;3.320368;45.408684
43185_0360_00005;5;;Rue du 8 Mai;43250;43185;Sainte-Florine;;;3.319628;45.411066
43185_0010_00001;1;;Rue Anatole France;43250;43185;Sainte-Florine;;;3.318522;45.404807
43185_0002_00001;1;;Rue des Acacias;43250;43185;Sainte-Florine;;;3.321662;45.397563
43185_0580_00042;42;;Rue de l'Union Soviétique;43250;43185;Sainte-Florine;;;3.316656;45.404862
43185_0382_00001;1;;Rue Jean Moulin;43250;43185;Sainte-Florine;;;3.312168;45.409652
43185_0170_00006;6;;Rue Denis Papin;43250;43185;Sainte-Florine;;;3.313506;45.407268
43185_0205_00031;31;;Rue des Gours;43250;43185;Sainte-Florine;;;3.311163;45.401466
43185_0590_00001_bis;1;bis;Rue Veisseyre;43250;43185;Sainte-Florine;;;3.316558;45.407294
43185_0420_00011;11;;Rue Jules Vallès;43250;43185;Sainte-Florine;;;3.319464;45.404019
43185_0230_00030;30;;Rue Emile Roux;43250;43185;Sainte-Florine;;;3.312452;45.404867
43185_vacm5h_00007;7;;Chemin de la Direction;43250;43185;Sainte-Florine;;;3.30704;45.3946
43185_0440_00013;13;;Rue Lafayette;43250;43185;Sainte-Florine;;;3.316498;45.405555
43185_0523_00002;2;;Chemin de Pegray;43250;43185;Sainte-Florine;;;3.309383;45.401451
43185_0040_00025;25;;Rue d'Armois;43250;43185;Sainte-Florine;;;3.314725;45.409779
43185_0040_00029;29;;Rue d'Armois;43250;43185;Sainte-Florine;;;3.314628;45.410472
43185_0250_00001_bis;1;bis;Rue des Etats-unis;43250;43185;Sainte-Florine;;;3.318346;45.404945
43185_0001_00008;8;;Rue Ambroise Thomas;43250;43185;Sainte-Florine;;;3.314506;45.40726
43185_0608_00028;28;;Rue des Verreries;43250;43185;Sainte-Florine;;;3.322759;45.391397
43185_0146_00007;7;;Rue des Côteaux de la Vizade;43250;43185;Sainte-Florine;;;3.324472;45.399507
43185_0260_00009;9;;Rue Eugène Gilbert;43250;43185;Sainte-Florine;;;3.315825;45.401636
43185_0330_00039;39;;Avenue de Grande Bretagne;43250;43185;Sainte-Florine;;;3.319608;45.406191
43185_0527_00011;11;;Chemin des Pireyres;43250;43185;Sainte-Florine;;;3.316044;45.398316
43185_0060_00045;45;;Rue de Belgique;43250;43185;Sainte-Florine;;;3.317271;45.40945
43185_0280_00003_bis;3;bis;Impasse Fontevrault;43250;43185;Sainte-Florine;;;3.319223;45.404307
43185_0440_00004;4;;Rue Lafayette;43250;43185;Sainte-Florine;;;3.316361;45.40505
43185_0560_00055;55;;Rue Royale;43250;43185;Sainte-Florine;;;3.313588;45.402281
43185_0240_00005;5;;Rue Emile Zola;43250;43185;Sainte-Florine;;;3.316129;45.405919
43185_0010_00029;29;;Rue Anatole France;43250;43185;Sainte-Florine;;;3.320132;45.405199
43185_0550_00011;11;;Rue Roger Joffe;43250;43185;Sainte-Florine;;;3.315342;45.403209
43185_0286_00003;3;;Impasse des Forges;43250;43185;Sainte-Florine;;;3.323572;45.39673
43185_0140_00021;21;;Rue Clémenceau;43250;43185;Sainte-Florine;;;3.31539;45.406995
43185_0580_00040;40;;Rue de l'Union Soviétique;43250;43185;Sainte-Florine;;;3.316741;45.404872
43185_0270_00008;8;;Rue Flandres Dunkerque;43250;43185;Sainte-Florine;;;3.319365;45.408585
43185_0490_00027;27;;Chemin des Mineurs;43250;43185;Sainte-Florine;;;3.312565;45.40368
43185_0001_00038;38;;Rue Ambroise Thomas;43250;43185;Sainte-Florine;;;3.312891;45.408856
43185_0516_00017_bis;17;bis;Chemin des Pâtres;43250;43185;Sainte-Florine;;;3.320037;45.396564
43185_0547_00019;19;;Rue Robert Schuman;43250;43185;Sainte-Florine;;;3.309289;45.409891
43185_0547_00015;15;;Rue Robert Schuman;43250;43185;Sainte-Florine;;;3.309976;45.409887
43185_0142_00001;1;;Rue des Clostres;43250;43185;Sainte-Florine;;;3.314403;45.409957
43185_0570_00012;12;;Rue de Seiverag;43250;43185;Sainte-Florine;;;3.315689;45.407775
43185_0058_00002;2;;rue des Barthes;43250;43185;Sainte-Florine;;;3.318883;45.384011
43185_0244_00044;44;;Rue des Enfants de la Leuge;43250;43185;Sainte-Florine;;;3.323514;45.390593
43185_0487_00010;10;;Rue de Mègecoste;43250;43185;Sainte-Florine;;;3.325996;45.392822
43185_0040_00042;42;;Rue d'Armois;43250;43185;Sainte-Florine;;;3.314528;45.410895
43185_8yryno_00002;2;;Rue Emilien et Marguerite Thomas;43250;43185;Sainte-Florine;;;3.313352;45.411283
43185_0572_00001_f;1;f;Rue Sous la Coste;43250;43185;Sainte-Florine;;;3.321818;45.388929
43185_0510_00020;20;;Rue Pasteur;43250;43185;Sainte-Florine;;;3.320776;45.409293
43185_0470_00003;3;;Place Louis Conte;43250;43185;Sainte-Florine;;;3.319076;45.404511
43185_0290_00011;11;;Rue Fouret;43250;43185;Sainte-Florine;;;3.311712;45.406206
43185_0560_00057;57;;Rue Royale;43250;43185;Sainte-Florine;;;3.313364;45.402246
43185_0360_00011;11;;Rue du 8 Mai;43250;43185;Sainte-Florine;;;3.318867;45.410913
43185_0270_00020;20;;Rue Flandres Dunkerque;43250;43185;Sainte-Florine;;;3.319442;45.411686
43185_0060_00056;56;;Rue de Belgique;43250;43185;Sainte-Florine;;;3.317647;45.41113
43185_0030_00002;2;;Rue Aristide Briand;43250;43185;Sainte-Florine;;;3.315647;45.405293
43185_0wk7ov_00003;3;;Impasse Marcelle et Elvire Barbier;43250;43185;Sainte-Florine;;;3.311798;45.402553
43185_0560_00024;24;;Rue Royale;43250;43185;Sainte-Florine;;;3.317562;45.403815
43185_0520_00003;3;;Impasse Paul Bert;43250;43185;Sainte-Florine;;;3.316437;45.404948
43185_0507_00005;5;;Rue Papillon;43250;43185;Sainte-Florine;;;3.321697;45.396283
43185_0516_00002;2;;Chemin des Pâtres;43250;43185;Sainte-Florine;;;3.318306;45.398481
43185_0080_00003;3;;Rue Blanqui;43250;43185;Sainte-Florine;;;3.318236;45.403881
43185_0600_00007;7;;Rue Vercingétorix;43250;43185;Sainte-Florine;;;3.320121;45.403431
43185_0060_00050;50;;Rue de Belgique;43250;43185;Sainte-Florine;;;3.317579;45.410563
43185_0382_00007;7;;Rue Jean Moulin;43250;43185;Sainte-Florine;;;3.312876;45.40995
43185_0490_00029;29;;Chemin des Mineurs;43250;43185;Sainte-Florine;;;3.312534;45.403078
43185_0010_00025;25;;Rue Anatole France;43250;43185;Sainte-Florine;;;3.31931;45.405022
43185_0490_00058;58;;Chemin des Mineurs;43250;43185;Sainte-Florine;;;3.309105;45.402571
43185_0550_00009;9;;Rue Roger Joffe;43250;43185;Sainte-Florine;;;3.31526;45.40335
43185_0244_00038;38;;Rue des Enfants de la Leuge;43250;43185;Sainte-Florine;;;3.323604;45.390935
43185_0123_00006;6;;Rue des Chaumes;43250;43185;Sainte-Florine;;;3.323709;45.400409
43185_0292_00003;3;;Place Francois Mitterrand;43250;43185;Sainte-Florine;;;3.319571;45.405508
43185_0460_00006;6;;Place de la Libération;43250;43185;Sainte-Florine;;;3.316009;45.405288
43185_0577_00002_bis;2;bis;Rue Germaine Tillion;43250;43185;Sainte-Florine;;;3.318468;45.396207
43185_0086_00013;13;;Chemin de Bourguet;43250;43185;Sainte-Florine;;;3.319191;45.399948
43185_0550_00006;6;;Rue Roger Joffe;43250;43185;Sainte-Florine;;;3.314701;45.403908
43185_0020_00007;7;;Rue Antoine Gasquet;43250;43185;Sainte-Florine;;;3.318338;45.404133
43185_0275_00009;9;;Chemin de Fondary;43250;43185;Sainte-Florine;;;3.32417;45.397464
43185_0390_00060;60;;Rue Jules Ferry;43250;43185;Sainte-Florine;;;3.321406;45.400871
43185_0020_00006;6;;Rue Antoine Gasquet;43250;43185;Sainte-Florine;;;3.318203;45.404225
43185_0230_00050;50;;Rue Emile Roux;43250;43185;Sainte-Florine;;;3.309243;45.403767
43185_0260_00052;52;;Rue Eugène Gilbert;43250;43185;Sainte-Florine;;;3.31842;45.39878
43185_0230_00075;75;;Rue Emile Roux;43250;43185;Sainte-Florine;;;3.309232;45.403118
43185_0440_00026;26;;Rue Lafayette;43250;43185;Sainte-Florine;;;3.316656;45.405732
43185_0270_00012_bis;12;bis;Rue Flandres Dunkerque;43250;43185;Sainte-Florine;;;3.319362;45.409538
43185_0490_00009;9;;Chemin des Mineurs;43250;43185;Sainte-Florine;;;3.315461;45.404713
43185_0083_00001;1;;Rue du Bois;43250;43185;Sainte-Florine;;;3.325999;45.390421
43185_0205_00007;7;;Rue des Gours;43250;43185;Sainte-Florine;;;3.314928;45.400301
43185_0368_00001_ter;1;ter;Rue des Jardiniers;43250;43185;Sainte-Florine;;;3.322451;45.40077
43185_0270_00006;6;;Rue Flandres Dunkerque;43250;43185;Sainte-Florine;;;3.319286;45.408296
43185_0050_00015;15;;Rue Arnaud;43250;43185;Sainte-Florine;;;3.318848;45.401472
43185_0120_00005;5;;Rue du Château;43250;43185;Sainte-Florine;;;3.31542;45.407593
43185_0547_00005;5;;Rue Robert Schuman;43250;43185;Sainte-Florine;;;3.3117;45.409708
43185_0040_00018;18;;Rue d'Armois;43250;43185;Sainte-Florine;;;3.315479;45.408741
43185_0098_00008;8;;Chemin des Chanaux;43250;43185;Sainte-Florine;;;3.315397;45.411127
43185_0205_00020;20;;Rue des Gours;43250;43185;Sainte-Florine;;;3.313425;45.401111
43185_0260_00026;26;;Rue Eugène Gilbert;43250;43185;Sainte-Florine;;;3.316216;45.400684
43185_0060_00005_bis;5;bis;Rue de Belgique;43250;43185;Sainte-Florine;;;3.31752;45.406008
43185_0057_00002;2;;Chemin de la Barette;43250;43185;Sainte-Florine;;;3.310162;45.40368
43185_0230_00002;2;;Rue Emile Roux;43250;43185;Sainte-Florine;;;3.315458;45.405339
43185_0240_00009;9;;Rue Emile Zola;43250;43185;Sainte-Florine;;;3.316186;45.406256
43185_0510_00014;14;;Rue Pasteur;43250;43185;Sainte-Florine;;;3.320738;45.408634
43185_0490_00020;20;;Chemin des Mineurs;43250;43185;Sainte-Florine;;;3.313789;45.404215
43185_0200_00007;7;;Rue du Docteur Gigante;43250;43185;Sainte-Florine;;;3.320762;45.40546
43185_0230_00026;26;;Rue Emile Roux;43250;43185;Sainte-Florine;;;3.312831;45.405284
43185_0140_00004;4;;Rue Clémenceau;43250;43185;Sainte-Florine;;;3.316703;45.406541
43185_0516_00018;18;;Chemin des Pâtres;43250;43185;Sainte-Florine;;;3.319439;45.39655
43185_0146_00009;9;;Rue des Côteaux de la Vizade;43250;43185;Sainte-Florine;;;3.324783;45.399235
43185_0560_00058;58;;Rue Royale;43250;43185;Sainte-Florine;;;3.314559;45.402602
43185_0145_00036;36;;Rue du Commerce;43250;43185;Sainte-Florine;;;3.324628;45.389046
43185_0486_00003;3;;Rue des Mâtres;43250;43185;Sainte-Florine;;;3.310625;45.40577
43185_0382_00005;5;;Rue Jean Moulin;43250;43185;Sainte-Florine;;;3.312666;45.40987
43185_0516_00023;23;;Chemin des Pâtres;43250;43185;Sainte-Florine;;;3.319682;45.395176
43185_0230_00024;24;;Rue Emile Roux;43250;43185;Sainte-Florine;;;3.312897;45.40543
43185_0420_00021;21;;Rue Jules Vallès;43250;43185;Sainte-Florine;;;3.319812;45.403802
43185_0140_00016;16;;Rue Clémenceau;43250;43185;Sainte-Florine;;;3.316448;45.406701
43185_0270_00015;15;;Rue Flandres Dunkerque;43250;43185;Sainte-Florine;;;3.318475;45.410496
43185_0320_00021;21;;Rue du Général Leclerc;43250;43185;Sainte-Florine;;;3.315706;45.403536
43185_0260_00005_bis;5;bis;Rue Eugène Gilbert;43250;43185;Sainte-Florine;;;3.315711;45.401868
43185_0571_00008;8;;Place Jean Jaurès-Simonette;43250;43185;Sainte-Florine;;;3.318705;45.403745
43185_0170_00001;1;;Rue Denis Papin;43250;43185;Sainte-Florine;;;3.314154;45.407206
43185_0567_00004;4;;Rue des Saraliaires;43250;43185;Sainte-Florine;;;3.319408;45.409911
43185_0330_00028;28;;Avenue de Grande Bretagne;43250;43185;Sainte-Florine;;;3.32011;45.405847
43185_0368_00007;7;;Rue des Jardiniers;43250;43185;Sainte-Florine;;;3.323746;45.400712
43185_0390_00035;35;;Rue Jules Ferry;43250;43185;Sainte-Florine;;;3.321609;45.401049
43185_0510_00016;16;;Rue Pasteur;43250;43185;Sainte-Florine;;;3.320762;45.408872
43185_0490_00049;49;;Chemin des Mineurs;43250;43185;Sainte-Florine;;;3.309434;45.402462
43185_0390_00030;30;;Rue Jules Ferry;43250;43185;Sainte-Florine;;;3.319566;45.402698
43185_0010_00055;55;;Rue Anatole France;43250;43185;Sainte-Florine;;;3.324297;45.406792
43185_0490_00039;39;;Chemin des Mineurs;43250;43185;Sainte-Florine;;;3.311187;45.403174
43185_0484_00031;31;;Rue Nelson Mandela;43250;43185;Sainte-Florine;;;3.308572;45.406952
43185_0547_00006;6;;Rue Robert Schuman;43250;43185;Sainte-Florine;;;3.309405;45.41013
43185_0440_00017;17;;Rue Lafayette;43250;43185;Sainte-Florine;;;3.316274;45.405715
43185_0572_00001_a;1;a;Rue Sous la Coste;43250;43185;Sainte-Florine;;;3.321841;45.389692
43185_0460_00016;16;;Place de la Libération;43250;43185;Sainte-Florine;;;3.315754;45.405004
43185_0380_00011;11;;Rue Jean-Jacques Rousseau;43250;43185;Sainte-Florine;;;3.314984;45.405834
43185_0368_00002;2;;Rue des Jardiniers;43250;43185;Sainte-Florine;;;3.322184;45.400651
43185_0440_00024;24;;Rue Lafayette;43250;43185;Sainte-Florine;;;3.316787;45.405728
43185_vacm5h_00001;1;;Chemin de la Direction;43250;43185;Sainte-Florine;;;3.306272;45.394121
43185_0340_00003_bis;3;bis;Chemin du Gravaure;43250;43185;Sainte-Florine;;;3.321153;45.407584
43185_0290_00001;1;;Rue Fouret;43250;43185;Sainte-Florine;;;3.312219;45.405653
43185_0230_00027;27;;Rue Emile Roux;43250;43185;Sainte-Florine;;;3.314425;45.405527
43185_0542_00020;20;;Rue du Président;43250;43185;Sainte-Florine;;;3.30846;45.401853
43185_0500_00017;17;;Rue du 11 Novembre;43250;43185;Sainte-Florine;;;3.314157;45.407041
43185_0123_00001;1;;Rue des Chaumes;43250;43185;Sainte-Florine;;;3.323552;45.401528
43185_0290_00012;12;;Rue Fouret;43250;43185;Sainte-Florine;;;3.312141;45.405831
43185_8yryno_00003;3;;Rue Emilien et Marguerite Thomas;43250;43185;Sainte-Florine;;;3.313487;45.410787
43185_0244_00002;2;;Rue des Enfants de la Leuge;43250;43185;Sainte-Florine;;;3.324264;45.391921
43185_0360_00004;4;;Rue du 8 Mai;43250;43185;Sainte-Florine;;;3.319846;45.41115
43185_0300_00010;10;;Rue Gabriel Péri;43250;43185;Sainte-Florine;;;3.320959;45.405959
43185_0205_00011_bis;11;bis;Rue des Gours;43250;43185;Sainte-Florine;;;3.313829;45.400783
43185_0542_00003;3;;Rue du Président;43250;43185;Sainte-Florine;;;3.308738;45.401542
43185_0362_00040;40;;Rue Jacques Brel;43250;43185;Sainte-Florine;;;3.309192;45.41154
43185_0529_00004;4;;Chemin du Port de Bouxhors;43250;43185;Sainte-Florine;;;3.328099;45.393283
43185_0278_00007;7;;Chemin de la Fontaine des Chiens;43250;43185;Sainte-Florine;;;3.319002;45.412811
43185_x634t1_00005;5;;rue d'Arrest;43250;43185;Sainte-Florine;;;3.325958;45.394068
43185_0230_00041;41;;Rue Emile Roux;43250;43185;Sainte-Florine;;;3.313368;45.405375
43185_0330_00032;32;;Avenue de Grande Bretagne;43250;43185;Sainte-Florine;;;3.320365;45.406189
43185_0120_00004;4;;Rue du Château;43250;43185;Sainte-Florine;;;3.315557;45.407633
43185_0244_00048;48;;Rue des Enfants de la Leuge;43250;43185;Sainte-Florine;;;3.323412;45.390417
43185_0040_00041;41;;Rue d'Armois;43250;43185;Sainte-Florine;;;3.313681;45.411311
43185_0142_00017;17;;Rue des Clostres;43250;43185;Sainte-Florine;;;3.312684;45.410497
43185_0560_00027;27;;Rue Royale;43250;43185;Sainte-Florine;;;3.317073;45.403105
43185_0330_00027;27;;Avenue de Grande Bretagne;43250;43185;Sainte-Florine;;;3.319135;45.405798
43185_0060_00037_bis;37;bis;Rue de Belgique;43250;43185;Sainte-Florine;;;3.317195;45.408898
43185_0580_00032_bis;32;bis;Rue de l'Union Soviétique;43250;43185;Sainte-Florine;;;3.317056;45.404999
43185_0142_00006;6;;Rue des Clostres;43250;43185;Sainte-Florine;;;3.313422;45.410096
43185_0220_00024;24;;Rue Elisabeth Barrody;43250;43185;Sainte-Florine;;;3.316911;45.405478
43185_0086_00002;2;;Chemin de Bourguet;43250;43185;Sainte-Florine;;;3.318727;45.400179
43185_0606_00002;2;;Impasse du Verger;43250;43185;Sainte-Florine;;;3.320581;45.404537
43185_0280_00005;5;;Impasse Fontevrault;43250;43185;Sainte-Florine;;;3.31925;45.404514
43185_0105_00001;1;;Route de la Centrale;43250;43185;Sainte-Florine;;;3.331287;45.389696
43185_0001_00025_ter;25;ter;Rue Ambroise Thomas;43250;43185;Sainte-Florine;;;3.311881;45.408542
43185_0650_00002;2;;Rue Jean Zay;43250;43185;Sainte-Florine;;;3.309107;45.406456
43185_0260_00050;50;;Rue Eugène Gilbert;43250;43185;Sainte-Florine;;;3.318209;45.398934
43185_0230_00044;44;;Rue Emile Roux;43250;43185;Sainte-Florine;;;3.30996;45.403954
43185_0050_00014;14;;Rue Arnaud;43250;43185;Sainte-Florine;;;3.318513;45.401938
43185_0050_00023;23;;Rue Arnaud;43250;43185;Sainte-Florine;;;3.318569;45.400829
43185_0320_00004;4;;Rue du Général Leclerc;43250;43185;Sainte-Florine;;;3.317376;45.404191
43185_0230_00057;57;;Rue Emile Roux;43250;43185;Sainte-Florine;;;3.312443;45.404684
43185_0145_00044;44;;Rue du Commerce;43250;43185;Sainte-Florine;;;3.323945;45.388571
43185_0140_00014;14;;Rue Clémenceau;43250;43185;Sainte-Florine;;;3.316502;45.406778
43185_0050_00024;24;;Rue Arnaud;43250;43185;Sainte-Florine;;;3.318313;45.40085
43185_0060_00015;15;;Rue de Belgique;43250;43185;Sainte-Florine;;;3.317387;45.40699
43185_0001_00026;26;;Rue Ambroise Thomas;43250;43185;Sainte-Florine;;;3.313867;45.407776
43185_0520_00005;5;;Impasse Paul Bert;43250;43185;Sainte-Florine;;;3.316421;45.404996
43185_0362_00009;9;;Rue Jacques Brel;43250;43185;Sainte-Florine;;;3.311231;45.41137
43185_0200_00010;10;;Rue du Docteur Gigante;43250;43185;Sainte-Florine;;;3.320641;45.405307
43185_0490_00011;11;;Chemin des Mineurs;43250;43185;Sainte-Florine;;;3.31531;45.404648
43185_0500_00014;14;;Rue du 11 Novembre;43250;43185;Sainte-Florine;;;3.314495;45.406936
43185_0050_00022;22;;Rue Arnaud;43250;43185;Sainte-Florine;;;3.318585;45.401192
43185_0097_00014;14;;Rue de Chamat;43250;43185;Sainte-Florine;;;3.322809;45.403914
43185_c0m12g_00001;1;;chemin de la Fumade;43250;43185;Sainte-Florine;;;3.29572;45.415583
43185_0205_00014;14;;Rue des Gours;43250;43185;Sainte-Florine;;;3.314442;45.40082
43185_0010_00021;21;;Rue Anatole France;43250;43185;Sainte-Florine;;;3.319204;45.405104
43185_0507_00001;1;;Rue Papillon;43250;43185;Sainte-Florine;;;3.322718;45.396153
43185_0040_00024;24;;Rue d'Armois;43250;43185;Sainte-Florine;;;3.315051;45.409265
43185_0270_00019;19;;Rue Flandres Dunkerque;43250;43185;Sainte-Florine;;;3.318671;45.410698
43185_0050_00021;21;;Rue Arnaud;43250;43185;Sainte-Florine;;;3.318833;45.400932
43185_0560_00046;46;;Rue Royale;43250;43185;Sainte-Florine;;;3.317016;45.403233
43185_0002_00004;4;;Rue des Acacias;43250;43185;Sainte-Florine;;;3.320844;45.397163
43185_0040_00036;36;;Rue d'Armois;43250;43185;Sainte-Florine;;;3.314823;45.410537
43185_0010_00031_bis;31;bis;Rue Anatole France;43250;43185;Sainte-Florine;;;3.320345;45.40521
43185_0170_00014;14;;Rue Denis Papin;43250;43185;Sainte-Florine;;;3.312505;45.406936
43185_0002_00018;18;;Rue des Acacias;43250;43185;Sainte-Florine;;;3.320998;45.39537
43185_0390_00044_bis;44;bis;Rue Jules Ferry;43250;43185;Sainte-Florine;;;3.320327;45.401784
43185_0420_00007;7;;Rue Jules Vallès;43250;43185;Sainte-Florine;;;3.319352;45.403988
43185_0580_00012;12;;Rue de l'Union Soviétique;43250;43185;Sainte-Florine;;;3.317505;45.405225
43185_0250_00015;15;;Rue des Etats-unis;43250;43185;Sainte-Florine;;;3.31892;45.404421
43185_0180_00002;2;;Rue du 19 Mars 1962;43250;43185;Sainte-Florine;;;3.318898;45.40927
43185_0270_00040;40;;Rue Flandres Dunkerque;43250;43185;Sainte-Florine;;;3.319118;45.412683
43185_0350_00004;4;;Rue Guillaume de la Roche;43250;43185;Sainte-Florine;;;3.315318;45.407574
43185_0390_00070;70;;Rue Jules Ferry;43250;43185;Sainte-Florine;;;3.321742;45.40012
43185_0560_00066;66;;Rue Royale;43250;43185;Sainte-Florine;;;3.313479;45.402617
43185_0572_00006;6;;Rue Sous la Coste;43250;43185;Sainte-Florine;;;3.32178;45.388584
43185_0001_00050;50;;Rue Ambroise Thomas;43250;43185;Sainte-Florine;;;3.310191;45.409418
43185_0088_00012;12;;Chemin de la Buge du Bois;43250;43185;Sainte-Florine;;;3.327021;45.390556
43185_0275_00004;4;;Chemin de Fondary;43250;43185;Sainte-Florine;;;3.323942;45.396961
43185_0330_00040;40;;Avenue de Grande Bretagne;43250;43185;Sainte-Florine;;;3.320835;45.406314
43185_0510_00013_bis;13;bis;Rue Pasteur;43250;43185;Sainte-Florine;;;3.319654;45.408261
43185_0040_00008;8;;Rue d'Armois;43250;43185;Sainte-Florine;;;3.315938;45.407861
43185_0001_00017_bis;17;bis;Rue Ambroise Thomas;43250;43185;Sainte-Florine;;;3.313252;45.408023
43185_0510_00031;31;;Rue Pasteur;43250;43185;Sainte-Florine;;;3.320413;45.409997
43185_0060_00012;12;;Rue de Belgique;43250;43185;Sainte-Florine;;;3.317706;45.406587
43185_0510_00035;35;;Rue Pasteur;43250;43185;Sainte-Florine;;;3.32039;45.410343
43185_0545_00006;6;;Place de la Résistance;43250;43185;Sainte-Florine;;;3.322822;45.39454
43185_0440_00015;15;;Rue Lafayette;43250;43185;Sainte-Florine;;;3.316433;45.405668
43185_0145_00023;23;;Rue du Commerce;43250;43185;Sainte-Florine;;;3.325811;45.390169
43185_0547_00002_b;2;b;Rue Robert Schuman;43250;43185;Sainte-Florine;;;3.312443;45.40931
43185_0507_00002;2;;Rue Papillon;43250;43185;Sainte-Florine;;;3.322075;45.396316
43185_0088_00020;20;;Chemin de la Buge du Bois;43250;43185;Sainte-Florine;;;3.325701;45.389196
43185_0260_00017;17;;Rue Eugène Gilbert;43250;43185;Sainte-Florine;;;3.316328;45.400955
43185_0510_00037_bis;37;bis;Rue Pasteur;43250;43185;Sainte-Florine;;;3.320364;45.410671
43185_0260_00034;34;;Rue Eugène Gilbert;43250;43185;Sainte-Florine;;;3.316548;45.400137
43185_0526_00002;2;;Rue Pierre et Marie Curie;43250;43185;Sainte-Florine;;;3.31061;45.410273
43185_0300_00006;6;;Rue Gabriel Péri;43250;43185;Sainte-Florine;;;3.320951;45.406089
43185_0362_00012;12;;Rue Jacques Brel;43250;43185;Sainte-Florine;;;3.311534;45.411765
43185_0500_00002_bis;2;bis;Rue du 11 Novembre;43250;43185;Sainte-Florine;;;3.314468;45.405956
43185_0220_00019;19;;Rue Elisabeth Barrody;43250;43185;Sainte-Florine;;;3.316794;45.405348
43185_0525_00007;7;;Rue Pierre Bérégovoy;43250;43185;Sainte-Florine;;;3.310733;45.405383
43185_0542_00024;24;;Rue du Président;43250;43185;Sainte-Florine;;;3.308453;45.401603
43185_0060_00037;37;;Rue de Belgique;43250;43185;Sainte-Florine;;;3.31662;45.408799
43185_0650_00006;6;;Rue Jean Zay;43250;43185;Sainte-Florine;;;3.309655;45.406506
43185_0270_00036;36;;Rue Flandres Dunkerque;43250;43185;Sainte-Florine;;;3.319091;45.412505
43185_861z8a_00002;2;;Chemin de Pierre Blanche;43250;43185;Sainte-Florine;;;3.315116;45.399421
43185_0300_00004;4;;Rue Gabriel Péri;43250;43185;Sainte-Florine;;;3.320896;45.406162
43185_0250_00002_bis;2;bis;Rue des Etats-unis;43250;43185;Sainte-Florine;;;3.318068;45.404927
43185_0292_00001_bis;1;bis;Place Francois Mitterrand;43250;43185;Sainte-Florine;;;3.319495;45.405785
43185_0170_00005;5;;Rue Denis Papin;43250;43185;Sainte-Florine;;;3.31307;45.406984
43185_0230_00011;11;;Rue Emile Roux;43250;43185;Sainte-Florine;;;3.315093;45.405157
43185_0230_00067;67;;Rue Emile Roux;43250;43185;Sainte-Florine;;;3.311352;45.404324
43185_0030_00016;16;;Rue Aristide Briand;43250;43185;Sainte-Florine;;;3.31624;45.40555
43185_0300_00011;11;;Rue Gabriel Péri;43250;43185;Sainte-Florine;;;3.3212;45.405482
43185_0560_00084;84;;Rue Royale;43250;43185;Sainte-Florine;;;3.3108;45.402281
43185_0040_00023_bis;23;bis;Rue d'Armois;43250;43185;Sainte-Florine;;;3.314753;45.409613
43185_0550_00008;8;;Rue Roger Joffe;43250;43185;Sainte-Florine;;;3.314798;45.403741
43185_0470_00001;1;;Place Louis Conte;43250;43185;Sainte-Florine;;;3.318801;45.404577
43185_0490_00014;14;;Chemin des Mineurs;43250;43185;Sainte-Florine;;;3.314325;45.404937
43185_0490_00026;26;;Chemin des Mineurs;43250;43185;Sainte-Florine;;;3.313121;45.404034
43185_0220_00008;8;;Rue Elisabeth Barrody;43250;43185;Sainte-Florine;;;3.317151;45.405541
43185_0400_00009;9;;Impasse Jules Guesdes;43250;43185;Sainte-Florine;;;3.313462;45.405521
43185_0150_00009_bis;9;bis;Place de la Croix des Horts;43250;43185;Sainte-Florine;;;3.31958;45.403401
43185_0145_00029;29;;Rue du Commerce;43250;43185;Sainte-Florine;;;3.32545;45.389619
43185_0244_00028;28;;Rue des Enfants de la Leuge;43250;43185;Sainte-Florine;;;3.323751;45.391211
43185_0280_00007;7;;Impasse Fontevrault;43250;43185;Sainte-Florine;;;3.319397;45.404532
43185_0001_00013;13;;Rue Ambroise Thomas;43250;43185;Sainte-Florine;;;3.314315;45.407126
43185_0205_00035;35;;Rue des Gours;43250;43185;Sainte-Florine;;;3.310579;45.40081
43185_0360_00006;6;;Rue du 8 Mai;43250;43185;Sainte-Florine;;;3.319501;45.411081
43185_0487_00013_bis;13;bis;Rue de Mègecoste;43250;43185;Sainte-Florine;;;3.327271;45.392199
43185_0560_00012;12;;Rue Royale;43250;43185;Sainte-Florine;;;3.317887;45.404415
43185_0100_00004;4;;Rue de la Chapelle;43250;43185;Sainte-Florine;;;3.321249;45.405964
43185_0490_00043;43;;Chemin des Mineurs;43250;43185;Sainte-Florine;;;3.310357;45.402977
43185_0362_00006;6;;Rue Jacques Brel;43250;43185;Sainte-Florine;;;3.312143;45.411846
43185_0240_00007;7;;Rue Emile Zola;43250;43185;Sainte-Florine;;;3.316226;45.406082
43185_0230_00010;10;;Rue Emile Roux;43250;43185;Sainte-Florine;;;3.314825;45.405518
43185_0020_00010;10;;Rue Antoine Gasquet;43250;43185;Sainte-Florine;;;3.318299;45.403976
43185_0230_00046;46;;Rue Emile Roux;43250;43185;Sainte-Florine;;;3.309837;45.403926
43185_0205_00025;25;;Rue des Gours;43250;43185;Sainte-Florine;;;3.311941;45.401408
43185_0100_00007;7;;Rue de la Chapelle;43250;43185;Sainte-Florine;;;3.321582;45.406095
43185_0542_00030;30;;Rue du Président;43250;43185;Sainte-Florine;;;3.307411;45.399897
43185_0260_00060;60;;Rue Eugène Gilbert;43250;43185;Sainte-Florine;;;3.319756;45.398307
43185_0330_00018;18;;Avenue de Grande Bretagne;43250;43185;Sainte-Florine;;;3.319458;45.405861
43185_0608_00024;24;;Rue des Verreries;43250;43185;Sainte-Florine;;;3.323017;45.391951
43185_0230_00007;7;;Rue Emile Roux;43250;43185;Sainte-Florine;;;3.315368;45.405141
43185_0088_00037;37;;Chemin de la Buge du Bois;43250;43185;Sainte-Florine;;;3.326206;45.388881
43185_0610_00002;2;;Place Victor Hugo;43250;43185;Sainte-Florine;;;3.315272;45.407333
43185_0080_00005;5;;Rue Blanqui;43250;43185;Sainte-Florine;;;3.318084;45.403896
43185_0531_00001;1;;Impasse du Pré Bourguet;43250;43185;Sainte-Florine;;;3.317558;45.402965
43185_0145_00021;21;;Rue du Commerce;43250;43185;Sainte-Florine;;;3.325898;45.390312
43185_0480_00010;10;;Rue Louis Parassols;43250;43185;Sainte-Florine;;;3.318;45.404535
43185_0390_00040;40;;Rue Jules Ferry;43250;43185;Sainte-Florine;;;3.320002;45.402255
43185_0001_00021;21;;Rue Ambroise Thomas;43250;43185;Sainte-Florine;;;3.312765;45.408672
43185_0510_00007;7;;Rue Pasteur;43250;43185;Sainte-Florine;;;3.319915;45.407533
43185_4gzuug_00002;2;;Rue Georges Brassens;43250;43185;Sainte-Florine;;;3.323676;45.403103
43185_0260_00042;42;;Rue Eugène Gilbert;43250;43185;Sainte-Florine;;;3.31745;45.399404
43185_0487_00005;5;;Rue de Mègecoste;43250;43185;Sainte-Florine;;;3.325876;45.393241
43185_0210_00002;2;;Rue des Ecoles;43250;43185;Sainte-Florine;;;3.321649;45.404857
43185_0608_00030;30;;Rue des Verreries;43250;43185;Sainte-Florine;;;3.322765;45.3909
43185_0205_00032;32;;Rue des Gours;43250;43185;Sainte-Florine;;;3.311289;45.401695
43185_0547_00023;23;;Rue Robert Schuman;43250;43185;Sainte-Florine;;;3.30887;45.409869
43185_0010_00015_bis;15;bis;Rue Anatole France;43250;43185;Sainte-Florine;;;3.319006;45.405002
43185_0527_00009_bis;9;bis;Chemin des Pireyres;43250;43185;Sainte-Florine;;;3.316586;45.398559
43185_0270_00012_ter;12;ter;Rue Flandres Dunkerque;43250;43185;Sainte-Florine;;;3.319243;45.41011
43185_0487_00012;12;;Rue de Mègecoste;43250;43185;Sainte-Florine;;;3.32622;45.392441
43185_0292_00009;9;;Place Francois Mitterrand;43250;43185;Sainte-Florine;;;3.31901;45.405169
43185_0260_00010;10;;Rue Eugène Gilbert;43250;43185;Sainte-Florine;;;3.315521;45.401705
43185_0580_00026;26;;Rue de l'Union Soviétique;43250;43185;Sainte-Florine;;;3.317142;45.405142
43185_0548_00003;3;;Impasse la Rochille;43250;43185;Sainte-Florine;;;3.314517;45.408449
43185_58s6ac_00005;5;;Quartier Bouxhors;43250;43185;Sainte-Florine;;;3.322071;45.387262
43185_0527_00013;13;;Chemin des Pireyres;43250;43185;Sainte-Florine;;;3.315799;45.397997
43185_0230_00017;17;;Rue Emile Roux;43250;43185;Sainte-Florine;;;3.314991;45.405305
43185_0303_00015;15;;Chemin de la Gaieté;43250;43185;Sainte-Florine;;;3.324465;45.389861
43185_0330_00075;75;;Avenue de Grande Bretagne;43250;43185;Sainte-Florine;;;3.324015;45.407355
43185_0040_00038;38;;Rue d'Armois;43250;43185;Sainte-Florine;;;3.314665;45.410655
43185_0523_00003;3;;Chemin de Pegray;43250;43185;Sainte-Florine;;;3.309662;45.401417
43185_0140_00003;3;;Rue Clémenceau;43250;43185;Sainte-Florine;;;3.317055;45.40639
43185_0002_00010;10;;Rue des Acacias;43250;43185;Sainte-Florine;;;3.320707;45.396043
43185_0622_00022;22;;Avenue de la Vizade;43250;43185;Sainte-Florine;;;3.323045;45.394949
43185_0097_00025;25;;Rue de Chamat;43250;43185;Sainte-Florine;;;3.323891;45.40292
43185_0010_00039;39;;Rue Anatole France;43250;43185;Sainte-Florine;;;3.320218;45.405057
43185_0170_00009;9;;Rue Denis Papin;43250;43185;Sainte-Florine;;;3.312686;45.406774
43185_0060_00044;44;;Rue de Belgique;43250;43185;Sainte-Florine;;;3.317638;45.410047
43185_0560_00037;37;;Rue Royale;43250;43185;Sainte-Florine;;;3.31605;45.402754
43185_0360_00010;10;;Rue du 8 Mai;43250;43185;Sainte-Florine;;;3.318924;45.410965
43185_0040_00020;20;;Rue d'Armois;43250;43185;Sainte-Florine;;;3.315323;45.408897
43185_0230_00008;8;;Rue Emile Roux;43250;43185;Sainte-Florine;;;3.3151;45.405437
43185_0540_00001;1;;Rue de la première Armée;43250;43185;Sainte-Florine;;;3.320416;45.409236
43185_0097_00005;5;;Rue de Chamat;43250;43185;Sainte-Florine;;;3.323657;45.404992
43185_0622_00018;18;;Avenue de la Vizade;43250;43185;Sainte-Florine;;;3.322613;45.395183
43185_0260_00038;38;;Rue Eugène Gilbert;43250;43185;Sainte-Florine;;;3.317112;45.399619
43185_0286_00007;7;;Impasse des Forges;43250;43185;Sainte-Florine;;;3.323758;45.39679
43185_0129_00003;3;;Impasse de Chenevaille;43250;43185;Sainte-Florine;;;3.320515;45.399248
43185_0622_00004;4;;Avenue de la Vizade;43250;43185;Sainte-Florine;;;3.322275;45.397652
43185_0146_00022;22;;Rue des Côteaux de la Vizade;43250;43185;Sainte-Florine;;;3.326069;45.398644
43185_0260_00046;46;;Rue Eugène Gilbert;43250;43185;Sainte-Florine;;;3.317848;45.399235
43185_0123_00002;2;;Rue des Chaumes;43250;43185;Sainte-Florine;;;3.323631;45.401059
43185_0250_00028;28;;Rue des Etats-unis;43250;43185;Sainte-Florine;;;3.318685;45.40411
43185_0390_00074;74;;Rue Jules Ferry;43250;43185;Sainte-Florine;;;3.321783;45.399795
43185_0010_00035;35;;Rue Anatole France;43250;43185;Sainte-Florine;;;3.320447;45.405216
43185_0039_00005;5;;Chemin d'Armois;43250;43185;Sainte-Florine;;;3.308763;45.417641
43185_0382_00008;8;;Rue Jean Moulin;43250;43185;Sainte-Florine;;;3.3128;45.409766
43185_0200_00008;8;;Rue du Docteur Gigante;43250;43185;Sainte-Florine;;;3.320581;45.405418
43185_0205_00006;6;;Rue des Gours;43250;43185;Sainte-Florine;;;3.315478;45.400393
43185_0400_00003;3;;Impasse Jules Guesdes;43250;43185;Sainte-Florine;;;3.313442;45.405665
43185_0010_00043;43;;Rue Anatole France;43250;43185;Sainte-Florine;;;3.320388;45.40509
43185_0400_00013;13;;Impasse Jules Guesdes;43250;43185;Sainte-Florine;;;3.313335;45.405413
43185_0270_00005;5;;Rue Flandres Dunkerque;43250;43185;Sainte-Florine;;;3.318863;45.408299
43185_0145_00007;7;;Rue du Commerce;43250;43185;Sainte-Florine;;;3.326653;45.391101
43185_0244_00042;42;;Rue des Enfants de la Leuge;43250;43185;Sainte-Florine;;;3.323546;45.390651
43185_0060_00041;41;;Rue de Belgique;43250;43185;Sainte-Florine;;;3.316362;45.409218
43185_vacm5h_00009;9;;Chemin de la Direction;43250;43185;Sainte-Florine;;;3.307054;45.394669
43185_0390_00046;46;;Rue Jules Ferry;43250;43185;Sainte-Florine;;;3.320768;45.40163
43185_0220_00012;12;;Rue Elisabeth Barrody;43250;43185;Sainte-Florine;;;3.317213;45.405654
43185_0292_00011;11;;Place Francois Mitterrand;43250;43185;Sainte-Florine;;;3.318934;45.405366
43185_0280_00003;3;;Impasse Fontevrault;43250;43185;Sainte-Florine;;;3.319104;45.404369
43185_0060_00013;13;;Rue de Belgique;43250;43185;Sainte-Florine;;;3.317367;45.406814
43185_0320_00019;19;;Rue du Général Leclerc;43250;43185;Sainte-Florine;;;3.31597;45.403567
43185_0230_00023_bis;23;bis;Rue Emile Roux;43250;43185;Sainte-Florine;;;3.314687;45.405467
43185_0382_00004;4;;Rue Jean Moulin;43250;43185;Sainte-Florine;;;3.312371;45.409573
43185_0320_00020;20;;Rue du Général Leclerc;43250;43185;Sainte-Florine;;;3.316385;45.403918
43185_0060_00002;2;;Rue de Belgique;43250;43185;Sainte-Florine;;;3.317847;45.405642
43185_0270_00001;1;;Rue Flandres Dunkerque;43250;43185;Sainte-Florine;;;3.319187;45.40727
43185_0484_00010;10;;Rue Nelson Mandela;43250;43185;Sainte-Florine;;;3.308954;45.404834
43185_0040_00046;46;;Rue d'Armois;43250;43185;Sainte-Florine;;;3.313759;45.411524
43185_0170_00010;10;;Rue Denis Papin;43250;43185;Sainte-Florine;;;3.312923;45.407115
43185_0091_00007;7;;Rue Jean Catinot;43250;43185;Sainte-Florine;;;3.324021;45.4025
43185_e8mgop_00003;3;;chemin de la Taupe;43250;43185;Sainte-Florine;;;3.329207;45.390165
43185_0060_00025;25;;Rue de Belgique;43250;43185;Sainte-Florine;;;3.317237;45.407819
43185_0303_00007;7;;Chemin de la Gaieté;43250;43185;Sainte-Florine;;;3.325222;45.390905
43185_0362_00008;8;;Rue Jacques Brel;43250;43185;Sainte-Florine;;;3.311933;45.411714
43185_0260_00064;64;;Rue Eugène Gilbert;43250;43185;Sainte-Florine;;;3.320432;45.398145
43185_0610_00014;14;;Place Victor Hugo;43250;43185;Sainte-Florine;;;3.314902;45.407256
43185_0058_00004;4;;rue des Barthes;43250;43185;Sainte-Florine;;;3.318756;45.383934
43185_0560_00040;40;;Rue Royale;43250;43185;Sainte-Florine;;;3.317279;45.403329
43185_0250_00003_bis;3;bis;Rue des Etats-unis;43250;43185;Sainte-Florine;;;3.318362;45.404869
43185_0390_00072;72;;Rue Jules Ferry;43250;43185;Sainte-Florine;;;3.320781;45.39986
43185_0001_00043;43;;Rue Ambroise Thomas;43250;43185;Sainte-Florine;;;3.309291;45.409165
43185_0170_00003;3;;Rue Denis Papin;43250;43185;Sainte-Florine;;;3.31397;45.407198
43185_0090_00004;4;;Rue Casati;43250;43185;Sainte-Florine;;;3.316789;45.404648
43185_0440_00011;11;;Rue Lafayette;43250;43185;Sainte-Florine;;;3.316516;45.405352
43185_0390_00051;51;;Rue Jules Ferry;43250;43185;Sainte-Florine;;;3.32198;45.400272
43185_0230_00023;23;;Rue Emile Roux;43250;43185;Sainte-Florine;;;3.314765;45.405415
43185_0260_00003;3;;Rue Eugène Gilbert;43250;43185;Sainte-Florine;;;3.315617;45.402317
43185_0220_00004;4;;Rue Elisabeth Barrody;43250;43185;Sainte-Florine;;;3.317549;45.4056
43185_4gzuug_00005;5;;Rue Georges Brassens;43250;43185;Sainte-Florine;;;3.324456;45.403211
43185_0526_00005;5;;Rue Pierre et Marie Curie;43250;43185;Sainte-Florine;;;3.310374;45.410634
43185_0516_00010;10;;Chemin des Pâtres;43250;43185;Sainte-Florine;;;3.318256;45.397696
43185_0547_00007;7;;Rue Robert Schuman;43250;43185;Sainte-Florine;;;3.31145;45.409894
43185_0260_00019;19;;Rue Eugène Gilbert;43250;43185;Sainte-Florine;;;3.316509;45.4007
43185_0580_00010;10;;Rue de l'Union Soviétique;43250;43185;Sainte-Florine;;;3.317551;45.405126
43185_0330_00025_bis;25;bis;Avenue de Grande Bretagne;43250;43185;Sainte-Florine;;;3.318987;45.406187
43185_0484_00014;14;;Rue Nelson Mandela;43250;43185;Sainte-Florine;;;3.308743;45.405213
43185_0547_00003;3;;Rue Robert Schuman;43250;43185;Sainte-Florine;;;3.311792;45.409564
43185_0001_00027;27;;Rue Ambroise Thomas;43250;43185;Sainte-Florine;;;3.311323;45.408359
43185_0250_00004;4;;Rue des Etats-unis;43250;43185;Sainte-Florine;;;3.31793;45.404945
43185_0230_00025;25;;Rue Emile Roux;43250;43185;Sainte-Florine;;;3.314556;45.405479
43185_0060_00003;3;;Rue de Belgique;43250;43185;Sainte-Florine;;;3.3177;45.405648
43185_0260_00068;68;;Rue Eugène Gilbert;43250;43185;Sainte-Florine;;;3.320955;45.397878
43185_0510_00027;27;;Rue Pasteur;43250;43185;Sainte-Florine;;;3.320508;45.409029
43185_0060_00001;1;;Rue de Belgique;43250;43185;Sainte-Florine;;;3.317769;45.405538
43185_0484_00003;3;;Rue Nelson Mandela;43250;43185;Sainte-Florine;;;3.308706;45.404327
43185_0060_00009;9;;Rue de Belgique;43250;43185;Sainte-Florine;;;3.317442;45.406292
43185_0040_00021;21;;Rue d'Armois;43250;43185;Sainte-Florine;;;3.314803;45.409405
43185_0320_00011;11;;Rue du Général Leclerc;43250;43185;Sainte-Florine;;;3.31681;45.403895
43185_0058_00001;1;;rue des Barthes;43250;43185;Sainte-Florine;;;3.318672;45.383606
43185_0340_00004;4;;Chemin du Gravaure;43250;43185;Sainte-Florine;;;3.321108;45.407065
43185_0577_00006;6;;Rue Germaine Tillion;43250;43185;Sainte-Florine;;;3.317954;45.39595
43185_0390_00047;47;;Rue Jules Ferry;43250;43185;Sainte-Florine;;;3.321812;45.400573
43185_0145_00004;4;;Rue du Commerce;43250;43185;Sainte-Florine;;;3.326552;45.39146
43185_0330_00015_bis;15;bis;Avenue de Grande Bretagne;43250;43185;Sainte-Florine;;;3.318862;45.405891
43185_0608_00002;2;;Rue des Verreries;43250;43185;Sainte-Florine;;;3.322715;45.394131
43185_0571_00016;16;;Place Jean Jaurès-Simonette;43250;43185;Sainte-Florine;;;3.319144;45.403923
43185_0572_00005;5;;Rue Sous la Coste;43250;43185;Sainte-Florine;;;3.3226;45.38878
43185_0330_00046;46;;Avenue de Grande Bretagne;43250;43185;Sainte-Florine;;;3.321237;45.406231
43185_0340_00009;9;;Chemin du Gravaure;43250;43185;Sainte-Florine;;;3.322037;45.407434
43185_e8mgop_00001;1;;chemin de la Taupe;43250;43185;Sainte-Florine;;;3.329353;45.390057
43185_0230_00016;16;;Rue Emile Roux;43250;43185;Sainte-Florine;;;3.313445;45.405835
43185_0560_00065;65;;Rue Royale;43250;43185;Sainte-Florine;;;3.312665;45.402276
43185_0368_00005_bis;5;bis;Rue des Jardiniers;43250;43185;Sainte-Florine;;;3.323386;45.400784
43185_0330_00021_bis;21;bis;Avenue de Grande Bretagne;43250;43185;Sainte-Florine;;;3.319096;45.405774
43185_0516_00003;3;;Chemin des Pâtres;43250;43185;Sainte-Florine;;;3.31859;45.398076
43185_0390_00058;58;;Rue Jules Ferry;43250;43185;Sainte-Florine;;;3.321293;45.400978
43185_0362_00005;5;;Rue Jacques Brel;43250;43185;Sainte-Florine;;;3.312107;45.411557
43185_0088_00008;8;;Chemin de la Buge du Bois;43250;43185;Sainte-Florine;;;3.327333;45.390735
43185_0270_00004;4;;Rue Flandres Dunkerque;43250;43185;Sainte-Florine;;;3.319383;45.407519
43185_0275_00001;1;;Chemin de Fondary;43250;43185;Sainte-Florine;;;3.323582;45.396979
43185_0001_00034;34;;Rue Ambroise Thomas;43250;43185;Sainte-Florine;;;3.313258;45.408626
43185_0190_00016;16;;Place Docteur Gigante;43250;43185;Sainte-Florine;;;3.317812;45.405491
43185_0578_00016;16;;Rue de Triebes;43250;43185;Sainte-Florine;;;3.312382;45.410071
43185_0470_00001_ter;1;ter;Place Louis Conte;43250;43185;Sainte-Florine;;;3.319157;45.404581
43185_0120_00011;11;;Rue du Château;43250;43185;Sainte-Florine;;;3.315398;45.40774
43185_0060_00039;39;;Rue de Belgique;43250;43185;Sainte-Florine;;;3.317219;45.409023
43185_0240_00003;3;;Rue Emile Zola;43250;43185;Sainte-Florine;;;3.31613;45.405841
43185_0580_00023;23;;Rue de l'Union Soviétique;43250;43185;Sainte-Florine;;;3.317142;45.404836
43185_0230_00020;20;;Rue Emile Roux;43250;43185;Sainte-Florine;;;3.313209;45.405807
43185_0487_00022;22;;Rue de Mègecoste;43250;43185;Sainte-Florine;;;3.326771;45.391828
43185_0529_00011;11;;Chemin du Port de Bouxhors;43250;43185;Sainte-Florine;;;3.327841;45.393796
43185_0145_00020;20;;Rue du Commerce;43250;43185;Sainte-Florine;;;3.325637;45.390278
43185_0010_00041;41;;Rue Anatole France;43250;43185;Sainte-Florine;;;3.320318;45.405069
43185_0260_00032;32;;Rue Eugène Gilbert;43250;43185;Sainte-Florine;;;3.316426;45.400347
43185_0420_00013;13;;Rue Jules Vallès;43250;43185;Sainte-Florine;;;3.319506;45.404036
43185_0510_00045;45;;Rue Pasteur;43250;43185;Sainte-Florine;;;3.32015;45.412001
43185_0542_00014;14;;Rue du Président;43250;43185;Sainte-Florine;;;3.308507;45.401812
43185_0210_00017_bis;17;bis;Rue des Ecoles;43250;43185;Sainte-Florine;;;3.32213;45.403341
43185_0097_00011;11;;Rue de Chamat;43250;43185;Sainte-Florine;;;3.324595;45.404118
43185_0560_00033;33;;Rue Royale;43250;43185;Sainte-Florine;;;3.31662;45.402965
43185_0030_00020;20;;Rue Aristide Briand;43250;43185;Sainte-Florine;;;3.31623;45.405685
43185_0145_00042;42;;Rue du Commerce;43250;43185;Sainte-Florine;;;3.323878;45.388737
43185_0572_00007;7;;Rue Sous la Coste;43250;43185;Sainte-Florine;;;3.322584;45.388437
43185_0490_00001;1;;Chemin des Mineurs;43250;43185;Sainte-Florine;;;3.315806;45.404822
43185_0608_00009;9;;Rue des Verreries;43250;43185;Sainte-Florine;;;3.321552;45.38966
43185_0560_00039;39;;Rue Royale;43250;43185;Sainte-Florine;;;3.315829;45.402713
43185_0210_00007;7;;Rue des Ecoles;43250;43185;Sainte-Florine;;;3.32194;45.40431
43185_0330_00038;38;;Avenue de Grande Bretagne;43250;43185;Sainte-Florine;;;3.320743;45.406287
43185_0230_00053;53;;Rue Emile Roux;43250;43185;Sainte-Florine;;;3.312822;45.404769
43185_0320_00003;3;;Rue du Général Leclerc;43250;43185;Sainte-Florine;;;3.317326;45.404064
43185_0100_00006;6;;Rue de la Chapelle;43250;43185;Sainte-Florine;;;3.322114;45.40607
43185_0230_00029;29;;Rue Emile Roux;43250;43185;Sainte-Florine;;;3.31417;45.405634
43185_0560_00041;41;;Rue Royale;43250;43185;Sainte-Florine;;;3.315256;45.402504
43185_0145_00009;9;;Rue du Commerce;43250;43185;Sainte-Florine;;;3.326495;45.391097
43185_0487_00011;11;;Rue de Mègecoste;43250;43185;Sainte-Florine;;;3.326847;45.392261
43185_0140_00013;13;;Rue Clémenceau;43250;43185;Sainte-Florine;;;3.316415;45.406431
43185_0200_00005;5;;Rue du Docteur Gigante;43250;43185;Sainte-Florine;;;3.320683;45.405715
43185_861z8a_00001;1;;Chemin de Pierre Blanche;43250;43185;Sainte-Florine;;;3.315741;45.39961
43185_0097_00026;26;;Rue de Chamat;43250;43185;Sainte-Florine;;;3.323031;45.402894
43185_0490_00040;40;;Chemin des Mineurs;43250;43185;Sainte-Florine;;;3.311892;45.403696
43185_0330_00007;7;;Avenue de Grande Bretagne;43250;43185;Sainte-Florine;;;3.318563;45.405653
43185_0001_00028_bis;28;bis;Rue Ambroise Thomas;43250;43185;Sainte-Florine;;;3.313679;45.408008
43185_0040_00010;10;;Rue d'Armois;43250;43185;Sainte-Florine;;;3.315833;45.40801
43185_0010_00019;19;;Rue Anatole France;43250;43185;Sainte-Florine;;;3.319112;45.405114
43185_0330_00012;12;;Avenue de Grande Bretagne;43250;43185;Sainte-Florine;;;3.318862;45.405502
43185_0435_00001;1;;Impasse Julien Fayolle;43250;43185;Sainte-Florine;;;3.315465;45.405622
43185_0580_00014;14;;Rue de l'Union Soviétique;43250;43185;Sainte-Florine;;;3.317436;45.40531
43185_0567_00006;6;;Rue des Saraliaires;43250;43185;Sainte-Florine;;;3.318155;45.409794
43185_0560_00002;2;;Rue Royale;43250;43185;Sainte-Florine;;;3.318254;45.404648
43185_0128_00001;1;;Chemin de Chenevaille;43250;43185;Sainte-Florine;;;3.319653;45.39905
43185_0057_00006;6;;Chemin de la Barette;43250;43185;Sainte-Florine;;;3.310327;45.403257
43185_0030_00012;12;;Rue Aristide Briand;43250;43185;Sainte-Florine;;;3.316027;45.405468
43185_0089_00009;9;;Chemin du Caffort;43250;43185;Sainte-Florine;;;3.314716;45.406261
43185_0650_00004;4;;Rue Jean Zay;43250;43185;Sainte-Florine;;;3.309443;45.40649
43185_0270_00021;21;;Rue Flandres Dunkerque;43250;43185;Sainte-Florine;;;3.318601;45.410808
43185_0565_00004;4;;Rue Saint-Férréol;43250;43185;Sainte-Florine;;;3.318664;45.404618
43185_0060_00055;55;;Rue de Belgique;43250;43185;Sainte-Florine;;;3.317313;45.410159
43185_0608_00036;36;;Rue des Verreries;43250;43185;Sainte-Florine;;;3.322326;45.390256
43185_0050_00023_bis;23;bis;Rue Arnaud;43250;43185;Sainte-Florine;;;3.318485;45.400681
43185_0340_00010;10;;Chemin du Gravaure;43250;43185;Sainte-Florine;;;3.321866;45.407179
43185_8yryno_00018;18;;Rue Emilien et Marguerite Thomas;43250;43185;Sainte-Florine;;;3.311164;45.410331
43185_0010_00033;33;;Rue Anatole France;43250;43185;Sainte-Florine;;;3.320384;45.405242
43185_0390_00031;31;;Rue Jules Ferry;43250;43185;Sainte-Florine;;;3.321409;45.401248
43185_0040_00043;43;;Rue d'Armois;43250;43185;Sainte-Florine;;;3.31341;45.4116
43185_0050_00012;12;;Rue Arnaud;43250;43185;Sainte-Florine;;;3.318548;45.402279
43185_0230_00015;15;;Rue Emile Roux;43250;43185;Sainte-Florine;;;3.314853;45.405321
43185_0205_00011;11;;Rue des Gours;43250;43185;Sainte-Florine;;;3.314218;45.400612
43185_0500_00019;19;;Rue du 11 Novembre;43250;43185;Sainte-Florine;;;3.314179;45.407103
43185_0070_00006;6;;Rue Blaise Pascal;43250;43185;Sainte-Florine;;;3.318828;45.403473
43185_0275_00005;5;;Chemin de Fondary;43250;43185;Sainte-Florine;;;3.323913;45.397198
43185_0220_00020;20;;Rue Elisabeth Barrody;43250;43185;Sainte-Florine;;;3.316934;45.405641
43185_0098_00020;20;;Chemin des Chanaux;43250;43185;Sainte-Florine;;;3.314836;45.412074
43185_0001_00018;18;;Rue Ambroise Thomas;43250;43185;Sainte-Florine;;;3.314399;45.407427
43185_0260_00033_bis;33;bis;Rue Eugène Gilbert;43250;43185;Sainte-Florine;;;3.32045;45.39848
43185_0608_00012;12;;Rue des Verreries;43250;43185;Sainte-Florine;;;3.323159;45.393038
43185_0290_00008_bis;8;bis;Rue Fouret;43250;43185;Sainte-Florine;;;3.31239;45.405754
43185_0060_00049;49;;Rue de Belgique;43250;43185;Sainte-Florine;;;3.317283;45.409717
43185_0260_00023;23;;Rue Eugène Gilbert;43250;43185;Sainte-Florine;;;3.317895;45.399547
43185_0460_00002;2;;Place de la Libération;43250;43185;Sainte-Florine;;;3.316125;45.405002
43185_0260_00022;22;;Rue Eugène Gilbert;43250;43185;Sainte-Florine;;;3.315443;45.400914
43185_0001_00046;46;;Rue Ambroise Thomas;43250;43185;Sainte-Florine;;;3.310702;45.409378
43185_0490_00003;3;;Chemin des Mineurs;43250;43185;Sainte-Florine;;;3.315791;45.404771
43185_0010_00008;8;;Rue Anatole France;43250;43185;Sainte-Florine;;;3.319044;45.404897
43185_0622_00028;28;;Avenue de la Vizade;43250;43185;Sainte-Florine;;;3.323195;45.39484
43185_0510_00005;5;;Rue Pasteur;43250;43185;Sainte-Florine;;;3.320055;45.407129
43185_0145_00011;11;;Rue du Commerce;43250;43185;Sainte-Florine;;;3.326398;45.39104
43185_0430_00006;6;;Rue Julien Fayolle;43250;43185;Sainte-Florine;;;3.315836;45.405699
43185_0050_00017;17;;Rue Arnaud;43250;43185;Sainte-Florine;;;3.318805;45.401281
43185_0260_00048;48;;Rue Eugène Gilbert;43250;43185;Sainte-Florine;;;3.317818;45.3988
43185_0300_00007_bis;7;bis;Rue Gabriel Péri;43250;43185;Sainte-Florine;;;3.321149;45.405783
43185_0140_00005;5;;Rue Clémenceau;43250;43185;Sainte-Florine;;;3.31695;45.406405
43185_0230_00018;18;;Rue Emile Roux;43250;43185;Sainte-Florine;;;3.313299;45.405832
43185_0244_00014;14;;Rue des Enfants de la Leuge;43250;43185;Sainte-Florine;;;3.323858;45.391697
43185_0250_00003;3;;Rue des Etats-unis;43250;43185;Sainte-Florine;;;3.318296;45.404924
43185_0040_00062;62;;Rue d'Armois;43250;43185;Sainte-Florine;;;3.312851;45.412284
43185_vacm5h_00006;6;;Chemin de la Direction;43250;43185;Sainte-Florine;;;3.30731;45.394836
43185_8yryno_00014;14;;Rue Emilien et Marguerite Thomas;43250;43185;Sainte-Florine;;;3.311551;45.410781
43185_0098_00014;14;;Chemin des Chanaux;43250;43185;Sainte-Florine;;;3.315145;45.411771
43185_0220_00017;17;;Rue Elisabeth Barrody;43250;43185;Sainte-Florine;;;3.3169;45.405374
43185_0230_00013;13;;Rue Emile Roux;43250;43185;Sainte-Florine;;;3.31497;45.405166
43185_0260_00008;8;;Rue Eugène Gilbert;43250;43185;Sainte-Florine;;;3.315419;45.401792
43185_0580_00044;44;;Rue de l'Union Soviétique;43250;43185;Sainte-Florine;;;3.316459;45.404828
43185_0330_00056;56;;Avenue de Grande Bretagne;43250;43185;Sainte-Florine;;;3.322396;45.406399
43185_0120_00006;6;;Rue du Château;43250;43185;Sainte-Florine;;;3.315542;45.407669
43185_0089_00010;10;;Chemin du Caffort;43250;43185;Sainte-Florine;;;3.31485;45.406447
43185_0001_00045;45;;Rue Ambroise Thomas;43250;43185;Sainte-Florine;;;3.308768;45.409306
43185_0205_00029;29;;Rue des Gours;43250;43185;Sainte-Florine;;;3.311391;45.4015
43185_0292_00005_bis;5;bis;Place Francois Mitterrand;43250;43185;Sainte-Florine;;;3.31994;45.405427
43185_0430_00005;5;;Rue Julien Fayolle;43250;43185;Sainte-Florine;;;3.31534;45.405374
43185_0480_00002;2;;Rue Louis Parassols;43250;43185;Sainte-Florine;;;3.317782;45.404948
43185_0210_00029;29;;Rue des Ecoles;43250;43185;Sainte-Florine;;;3.321255;45.40217
43185_0260_00028;28;;Rue Eugène Gilbert;43250;43185;Sainte-Florine;;;3.316226;45.400546
43185_0540_00005;5;;Rue de la première Armée;43250;43185;Sainte-Florine;;;3.319617;45.409213
43185_0571_00028;28;;Place Jean Jaurès-Simonette;43250;43185;Sainte-Florine;;;3.31921;45.404262
43185_0060_00028;28;;Rue de Belgique;43250;43185;Sainte-Florine;;;3.317514;45.408441
43185_0244_00018;18;;Rue des Enfants de la Leuge;43250;43185;Sainte-Florine;;;3.323821;45.391609
43185_0368_00003;3;;Rue des Jardiniers;43250;43185;Sainte-Florine;;;3.322818;45.400775
43185_0560_00015;15;;Rue Royale;43250;43185;Sainte-Florine;;;3.317641;45.403403
43185_0560_00029;29;;Rue Royale;43250;43185;Sainte-Florine;;;3.31695;45.403061
43185_0610_00006;6;;Place Victor Hugo;43250;43185;Sainte-Florine;;;3.314875;45.407433
43185_0220_00001;1;;Rue Elisabeth Barrody;43250;43185;Sainte-Florine;;;3.31757;45.405491
43185_x634t1_00004;4;;rue d'Arrest;43250;43185;Sainte-Florine;;;3.325243;45.394125
43185_0100_00009;9;;Rue de la Chapelle;43250;43185;Sainte-Florine;;;3.32169;45.406096
43185_0170_00013;13;;Rue Denis Papin;43250;43185;Sainte-Florine;;;3.312172;45.406609
43185_0560_00047_bis;47;bis;Rue Royale;43250;43185;Sainte-Florine;;;3.314385;45.401873
43185_0382_00011;11;;Rue Jean Moulin;43250;43185;Sainte-Florine;;;3.31213;45.409554
43185_0368_00001_bis;1;bis;Rue des Jardiniers;43250;43185;Sainte-Florine;;;3.322101;45.400791
43185_0275_00002;2;;Chemin de Fondary;43250;43185;Sainte-Florine;;;3.323415;45.396876
43185_0010_00007;7;;Rue Anatole France;43250;43185;Sainte-Florine;;;3.318686;45.404889
43185_0547_00002;2;;Rue Robert Schuman;43250;43185;Sainte-Florine;;;3.310004;45.410145
43185_0420_00010;10;;Rue Jules Vallès;43250;43185;Sainte-Florine;;;3.319263;45.403776
43185_0578_00005;5;;Rue de Triebes;43250;43185;Sainte-Florine;;;3.312221;45.410358
43185_0083_00003;3;;Rue du Bois;43250;43185;Sainte-Florine;;;3.326312;45.390258
43185_0500_00001;1;;Rue du 11 Novembre;43250;43185;Sainte-Florine;;;3.314232;45.405829
43185_0010_00002;2;;Rue Anatole France;43250;43185;Sainte-Florine;;;3.318527;45.404723
43185_0270_00024;24;;Rue Flandres Dunkerque;43250;43185;Sainte-Florine;;;3.319209;45.411631
43185_0420_00017;17;;Rue Jules Vallès;43250;43185;Sainte-Florine;;;3.319648;45.403944
43185_0220_00015;15;;Rue Elisabeth Barrody;43250;43185;Sainte-Florine;;;3.316948;45.405393
43185_0250_00005;5;;Rue des Etats-unis;43250;43185;Sainte-Florine;;;3.318427;45.404782
43185_0435_00008;8;;Impasse Julien Fayolle;43250;43185;Sainte-Florine;;;3.315725;45.405743
43185_0400_00004;4;;Impasse Jules Guesdes;43250;43185;Sainte-Florine;;;3.313179;45.405578
43185_0489_00002;2;;Place Mendès France;43250;43185;Sainte-Florine;;;3.319987;45.403008
43185_0244_00010;10;;Rue des Enfants de la Leuge;43250;43185;Sainte-Florine;;;3.323944;45.391776
43185_0230_00051;51;;Rue Emile Roux;43250;43185;Sainte-Florine;;;3.313064;45.404963
43185_0320_00018;18;;Rue du Général Leclerc;43250;43185;Sainte-Florine;;;3.316611;45.403975
43185_0650_00003;3;;Rue Jean Zay;43250;43185;Sainte-Florine;;;3.309661;45.406906
43185_0400_00007;7;;Impasse Jules Guesdes;43250;43185;Sainte-Florine;;;3.313572;45.405666
43185_0230_00012_bis;12;bis;Rue Emile Roux;43250;43185;Sainte-Florine;;;3.313751;45.405911
43185_0548_00004;4;;Impasse la Rochille;43250;43185;Sainte-Florine;;;3.314202;45.408116
43185_0600_00013;13;;Rue Vercingétorix;43250;43185;Sainte-Florine;;;3.320557;45.404118
43185_0205_00033;33;;Rue des Gours;43250;43185;Sainte-Florine;;;3.310939;45.401435
43185_0608_00005;5;;Rue des Verreries;43250;43185;Sainte-Florine;;;3.323238;45.391955
43185_0320_00024;24;;Rue du Général Leclerc;43250;43185;Sainte-Florine;;;3.315704;45.403723
43185_0303_00017;17;;Chemin de la Gaieté;43250;43185;Sainte-Florine;;;3.324273;45.389511
43185_8yryno_00005;5;;Rue Emilien et Marguerite Thomas;43250;43185;Sainte-Florine;;;3.313071;45.410834
43185_0200_00003_bis;3;bis;Rue du Docteur Gigante;43250;43185;Sainte-Florine;;;3.320614;45.405861
43185_0210_00021;21;;Rue des Ecoles;43250;43185;Sainte-Florine;;;3.321297;45.40307
43185_58s6ac_00003;3;;Quartier Bouxhors;43250;43185;Sainte-Florine;;;3.321978;45.387192
43185_0420_00005;5;;Rue Jules Vallès;43250;43185;Sainte-Florine;;;3.319307;45.403956
43185_0098_00006;6;;Chemin des Chanaux;43250;43185;Sainte-Florine;;;3.31512;45.411047
43185_0527_00017;17;;Chemin des Pireyres;43250;43185;Sainte-Florine;;;3.315575;45.397506
43185_0050_00001;1;;Rue Arnaud;43250;43185;Sainte-Florine;;;3.319192;45.402864
43185_0060_00061;61;;Rue de Belgique;43250;43185;Sainte-Florine;;;3.317264;45.410631
43185_0390_00026;26;;Rue Jules Ferry;43250;43185;Sainte-Florine;;;3.319374;45.402993
43185_0330_00071;71;;Avenue de Grande Bretagne;43250;43185;Sainte-Florine;;;3.323551;45.407057
43185_0490_00060;60;;Chemin des Mineurs;43250;43185;Sainte-Florine;;;3.309141;45.402427
43185_0001_00001;1;;Rue Ambroise Thomas;43250;43185;Sainte-Florine;;;3.314931;45.407084
43185_0260_00007;7;;Rue Eugène Gilbert;43250;43185;Sainte-Florine;;;3.315778;45.401728
43185_0280_00023;23;;Impasse Fontevrault;43250;43185;Sainte-Florine;;;3.319373;45.404289
43185_0002_00012;12;;Rue des Acacias;43250;43185;Sainte-Florine;;;3.32081;45.395912
43185_0330_00023;23;;Avenue de Grande Bretagne;43250;43185;Sainte-Florine;;;3.31886;45.40609
43185_0150_00012;12;;Place de la Croix des Horts;43250;43185;Sainte-Florine;;;3.318968;45.4033
43185_0430_00012;12;;Rue Julien Fayolle;43250;43185;Sainte-Florine;;;3.315332;45.405492
43185_0567_00003;3;;Rue des Saraliaires;43250;43185;Sainte-Florine;;;3.319348;45.40975
43185_0190_00012;12;;Place Docteur Gigante;43250;43185;Sainte-Florine;;;3.317959;45.40553
43185_0145_00003;3;;Rue du Commerce;43250;43185;Sainte-Florine;;;3.326705;45.391358
43185_0146_00018;18;;Rue des Côteaux de la Vizade;43250;43185;Sainte-Florine;;;3.325355;45.398626
43185_0088_00016;16;;Chemin de la Buge du Bois;43250;43185;Sainte-Florine;;;3.32673;45.390442
43185_0330_00003;3;;Avenue de Grande Bretagne;43250;43185;Sainte-Florine;;;3.318538;45.405548
43185_0190_00042_ter;42;ter;Place Docteur Gigante;43250;43185;Sainte-Florine;;;3.318408;45.405158
43185_0484_00017;17;;Rue Nelson Mandela;43250;43185;Sainte-Florine;;;3.3083;45.40556
43185_0098_00026;26;;Chemin des Chanaux;43250;43185;Sainte-Florine;;;3.314388;45.412348
43185_0270_00012;12;;Rue Flandres Dunkerque;43250;43185;Sainte-Florine;;;3.319418;45.409375
43185_0542_00008;8;;Rue du Président;43250;43185;Sainte-Florine;;;3.308528;45.401728
43185_0142_00007;7;;Rue des Clostres;43250;43185;Sainte-Florine;;;3.313679;45.40988
43185_0303_00005;5;;Chemin de la Gaieté;43250;43185;Sainte-Florine;;;3.325308;45.391073
43185_0040_00023;23;;Rue d'Armois;43250;43185;Sainte-Florine;;;3.314804;45.40953
43185_0460_00014;14;;Place de la Libération;43250;43185;Sainte-Florine;;;3.315683;45.405114
43185_0145_00010;10;;Rue du Commerce;43250;43185;Sainte-Florine;;;3.325983;45.390867
43185_0560_00032;32;;Rue Royale;43250;43185;Sainte-Florine;;;3.317356;45.403613
43185_0123_00010;10;;Rue des Chaumes;43250;43185;Sainte-Florine;;;3.323962;45.399775
43185_0244_00054;54;;Rue des Enfants de la Leuge;43250;43185;Sainte-Florine;;;3.323296;45.390307
43185_0550_00013;13;;Rue Roger Joffe;43250;43185;Sainte-Florine;;;3.315391;45.403045
43185_0080_00006;6;;Rue Blanqui;43250;43185;Sainte-Florine;;;3.318121;45.40407
43185_0516_00022;22;;Chemin des Pâtres;43250;43185;Sainte-Florine;;;3.319448;45.39606
43185_0270_00003;3;;Rue Flandres Dunkerque;43250;43185;Sainte-Florine;;;3.319077;45.407603
43185_0160_00003;3;;Rue Danton;43250;43185;Sainte-Florine;;;3.318424;45.404332
43185_0510_00017;17;;Rue Pasteur;43250;43185;Sainte-Florine;;;3.320116;45.408372
43185_0010_00032;32;;Rue Anatole France;43250;43185;Sainte-Florine;;;3.321352;45.405062
43185_0230_00001;1;;Rue Emile Roux;43250;43185;Sainte-Florine;;;3.315625;45.40517
43185_0230_00019;19;;Rue Emile Roux;43250;43185;Sainte-Florine;;;3.31508;45.40535
43185_0440_00003;3;;Rue Lafayette;43250;43185;Sainte-Florine;;;3.316293;45.405275
43185_0510_00003_bis;3;bis;Rue Pasteur;43250;43185;Sainte-Florine;;;3.32013;45.406986
43185_0420_00015;15;;Rue Jules Vallès;43250;43185;Sainte-Florine;;;3.319704;45.404021
43185_0500_00002;2;;Rue du 11 Novembre;43250;43185;Sainte-Florine;;;3.314396;45.405729
43185_0650_00001;1;;Rue Jean Zay;43250;43185;Sainte-Florine;;;3.309627;45.406703
43185_0510_00009;9;;Rue Pasteur;43250;43185;Sainte-Florine;;;3.31989;45.407696
43185_0150_00009;9;;Place de la Croix des Horts;43250;43185;Sainte-Florine;;;3.319583;45.403463
43185_0330_00019;19;;Avenue de Grande Bretagne;43250;43185;Sainte-Florine;;;3.319039;45.405774
43185_0080_00010_bis;10;bis;Rue Blanqui;43250;43185;Sainte-Florine;;;3.317823;45.403973
43185_0490_00012;12;;Chemin des Mineurs;43250;43185;Sainte-Florine;;;3.3147;45.404481
43185_0095_00001;1;;Rue du Cézallier;43250;43185;Sainte-Florine;;;3.308108;45.402814
43185_0487_00013_ter;13;ter;Rue de Mègecoste;43250;43185;Sainte-Florine;;;3.327238;45.392215
43185_0060_00008;8;;Rue de Belgique;43250;43185;Sainte-Florine;;;3.317641;45.406208
43185_0580_00004;4;;Rue de l'Union Soviétique;43250;43185;Sainte-Florine;;;3.317769;45.40521
43185_0345_00004;4;;Chemin de Grigues;43250;43185;Sainte-Florine;;;3.33123;45.390056
43185_0460_00014_bis;14;bis;Place de la Libération;43250;43185;Sainte-Florine;;;3.315675;45.405031
43185_0527_00005;5;;Chemin des Pireyres;43250;43185;Sainte-Florine;;;3.316385;45.399106
43185_0362_00032;32;;Rue Jacques Brel;43250;43185;Sainte-Florine;;;3.309853;45.411776
43185_0098_00022;22;;Chemin des Chanaux;43250;43185;Sainte-Florine;;;3.314734;45.412142
43185_0560_00075;75;;Rue Royale;43250;43185;Sainte-Florine;;;3.311149;45.402172
43185_0040_00030;30;;Rue d'Armois;43250;43185;Sainte-Florine;;;3.31507;45.410097
43185_0484_00013;13;;Rue Nelson Mandela;43250;43185;Sainte-Florine;;;3.308442;45.405152
43185_0146_00015;15;;Rue des Côteaux de la Vizade;43250;43185;Sainte-Florine;;;3.326136;45.39896
43185_0097_00019;19;;Rue de Chamat;43250;43185;Sainte-Florine;;;3.32461;45.403475
43185_0540_00003_bis;3;bis;Rue de la première Armée;43250;43185;Sainte-Florine;;;3.319862;45.409218
43185_0230_00020_bis;20;bis;Rue Emile Roux;43250;43185;Sainte-Florine;;;3.312934;45.405653
43185_0220_00011;11;;Rue Elisabeth Barrody;43250;43185;Sainte-Florine;;;3.317062;45.405429
43185_0510_00001;1;;Rue Pasteur;43250;43185;Sainte-Florine;;;3.320222;45.406585
43185_0088_00004;4;;Chemin de la Buge du Bois;43250;43185;Sainte-Florine;;;3.32751;45.391196
43185_0572_00011;11;;Rue Sous la Coste;43250;43185;Sainte-Florine;;;3.323029;45.38866
43185_0560_00053;53;;Rue Royale;43250;43185;Sainte-Florine;;;3.313826;45.402259
43185_0390_00037;37;;Rue Jules Ferry;43250;43185;Sainte-Florine;;;3.321654;45.400947
43185_0086_00003_bis;3;bis;Chemin de Bourguet;43250;43185;Sainte-Florine;;;3.31904;45.400699
43185_0230_00069;69;;Rue Emile Roux;43250;43185;Sainte-Florine;;;3.310988;45.404183
43185_0060_00008_bis;8;bis;Rue de Belgique;43250;43185;Sainte-Florine;;;3.317589;45.406279
43185_0230_00059;59;;Rue Emile Roux;43250;43185;Sainte-Florine;;;3.312177;45.404607
43185_0490_00042;42;;Chemin des Mineurs;43250;43185;Sainte-Florine;;;3.311709;45.403566
43185_0010_00031;31;;Rue Anatole France;43250;43185;Sainte-Florine;;;3.320259;45.405206
43185_0622_00003;3;;Avenue de la Vizade;43250;43185;Sainte-Florine;;;3.322487;45.397986
43185_0390_00050;50;;Rue Jules Ferry;43250;43185;Sainte-Florine;;;3.321021;45.401418
43185_0205_00003_bis;3;bis;Rue des Gours;43250;43185;Sainte-Florine;;;3.315459;45.400219
43185_0001_00037_bis;37;bis;Rue Ambroise Thomas;43250;43185;Sainte-Florine;;;3.310038;45.409054
43185_0490_00008;8;;Chemin des Mineurs;43250;43185;Sainte-Florine;;;3.315156;45.404682
43185_0210_00008;8;;Rue des Ecoles;43250;43185;Sainte-Florine;;;3.321492;45.403698
43185_0091_00002;2;;Rue Jean Catinot;43250;43185;Sainte-Florine;;;3.322338;45.401762
43185_0516_00016;16;;Chemin des Pâtres;43250;43185;Sainte-Florine;;;3.318684;45.396828
43185_0500_00002_ter;2;ter;Rue du 11 Novembre;43250;43185;Sainte-Florine;;;3.314457;45.40602
43185_0350_00009;9;;Rue Guillaume de la Roche;43250;43185;Sainte-Florine;;;3.315411;45.408069
43185_0002_00006;6;;Rue des Acacias;43250;43185;Sainte-Florine;;;3.320807;45.396852
43185_0086_00007;7;;Chemin de Bourguet;43250;43185;Sainte-Florine;;;3.318952;45.400328
43185_0565_00006;6;;Rue Saint-Férréol;43250;43185;Sainte-Florine;;;3.318798;45.404655
43185_0220_00016;16;;Rue Elisabeth Barrody;43250;43185;Sainte-Florine;;;3.317041;45.405735
43185_0210_00009;9;;Rue des Ecoles;43250;43185;Sainte-Florine;;;3.321832;45.404208
43185_0100_00004_bis;4;bis;Rue de la Chapelle;43250;43185;Sainte-Florine;;;3.321786;45.405959
43185_0368_00001;1;;Rue des Jardiniers;43250;43185;Sainte-Florine;;;3.321798;45.400775
43185_0260_00013;13;;Rue Eugène Gilbert;43250;43185;Sainte-Florine;;;3.315999;45.401402
43185_0560_00048;48;;Rue Royale;43250;43185;Sainte-Florine;;;3.316845;45.403183
43185_0205_00010;10;;Rue des Gours;43250;43185;Sainte-Florine;;;3.314923;45.400581
43185_58s6ac_00001_a;1;a;Quartier Bouxhors;43250;43185;Sainte-Florine;;;3.320808;45.385766
43185_0390_00072_ter;72;ter;Rue Jules Ferry;43250;43185;Sainte-Florine;;;3.320841;45.40006
43185_0089_00001;1;;Chemin du Caffort;43250;43185;Sainte-Florine;;;3.316009;45.406425
43185_0095_00001_bis;1;bis;Rue du Cézallier;43250;43185;Sainte-Florine;;;3.308716;45.402696
43185_0240_00013;13;;Rue Emile Zola;43250;43185;Sainte-Florine;;;3.316265;45.406403
43185_0560_00061;61;;Rue Royale;43250;43185;Sainte-Florine;;;3.313044;45.40236
43185_0487_00002;2;;Rue de Mègecoste;43250;43185;Sainte-Florine;;;3.325545;45.393332
43185_0040_00017;17;;Rue d'Armois;43250;43185;Sainte-Florine;;;3.315227;45.408659
43185_0250_00013;13;;Rue des Etats-unis;43250;43185;Sainte-Florine;;;3.318731;45.404545
43185_0140_00007;7;;Rue Clémenceau;43250;43185;Sainte-Florine;;;3.316826;45.406427
43185_0390_00027;27;;Rue Jules Ferry;43250;43185;Sainte-Florine;;;3.320385;45.402316
43185_0180_00004;4;;Rue du 19 Mars 1962;43250;43185;Sainte-Florine;;;3.318524;45.409227
43185_0040_00032;32;;Rue d'Armois;43250;43185;Sainte-Florine;;;3.314958;45.410292
43185_0590_00003;3;;Rue Veisseyre;43250;43185;Sainte-Florine;;;3.316351;45.407271
43185_0250_00030;30;;Rue des Etats-unis;43250;43185;Sainte-Florine;;;3.318795;45.404155
43185_0260_00054;54;;Rue Eugène Gilbert;43250;43185;Sainte-Florine;;;3.318764;45.398596
43185_0560_00005;5;;Rue Royale;43250;43185;Sainte-Florine;;;3.31807;45.404356
43185_0080_00009;9;;Rue Blanqui;43250;43185;Sainte-Florine;;;3.317826;45.403853
43185_0050_00019;19;;Rue Arnaud;43250;43185;Sainte-Florine;;;3.318838;45.401133
43185_0382_00006;6;;Rue Jean Moulin;43250;43185;Sainte-Florine;;;3.31256;45.409664
43185_0050_00003;3;;Rue Arnaud;43250;43185;Sainte-Florine;;;3.319062;45.40258
43185_0001_00025_bis;25;bis;Rue Ambroise Thomas;43250;43185;Sainte-Florine;;;3.311598;45.408963
43185_0091_00003;3;;Rue Jean Catinot;43250;43185;Sainte-Florine;;;3.322771;45.40238
43185_0030_00006;6;;Rue Aristide Briand;43250;43185;Sainte-Florine;;;3.315741;45.405355
43185_8yryno_00012;12;;Rue Emilien et Marguerite Thomas;43250;43185;Sainte-Florine;;;3.311379;45.411072
43185_0039_00004;4;;Chemin d'Armois;43250;43185;Sainte-Florine;;;3.308515;45.417867
43185_0088_00001;1;;Chemin de la Buge du Bois;43250;43185;Sainte-Florine;;;3.327249;45.391576
43185_0460_00020;20;;Place de la Libération;43250;43185;Sainte-Florine;;;3.31582;45.404878
43185_0280_00009;9;;Impasse Fontevrault;43250;43185;Sainte-Florine;;;3.319389;45.40443
43185_0547_00002_a;2;a;Rue Robert Schuman;43250;43185;Sainte-Florine;;;3.312494;45.409083
43185_0088_00010;10;;Chemin de la Buge du Bois;43250;43185;Sainte-Florine;;;3.32718;45.390642
43185_0500_00011;11;;Rue du 11 Novembre;43250;43185;Sainte-Florine;;;3.314239;45.406482
43185_0580_00033;33;;Rue de l'Union Soviétique;43250;43185;Sainte-Florine;;;3.316351;45.404709
43185_0484_00018;18;;Rue Nelson Mandela;43250;43185;Sainte-Florine;;;3.308888;45.406319
43185_0286_00011;11;;Impasse des Forges;43250;43185;Sainte-Florine;;;3.323921;45.396801
43185_0060_00040;40;;Rue de Belgique;43250;43185;Sainte-Florine;;;3.317536;45.409234
43185_0542_00004;4;;Rue du Président;43250;43185;Sainte-Florine;;;3.30862;45.401743
43185_0527_00009;9;;Chemin des Pireyres;43250;43185;Sainte-Florine;;;3.316091;45.398621
43185_0060_00002_bis;2;bis;Rue de Belgique;43250;43185;Sainte-Florine;;;3.318032;45.405722
43185_0570_00008_bis;8;bis;Rue de Seiverag;43250;43185;Sainte-Florine;;;3.315668;45.407606
43185_0490_00044;44;;Chemin des Mineurs;43250;43185;Sainte-Florine;;;3.311394;45.403596
43185_0500_00015_bis;15;bis;Rue du 11 Novembre;43250;43185;Sainte-Florine;;;3.314184;45.406934
43185_0608_00008_bis;8;bis;Rue des Verreries;43250;43185;Sainte-Florine;;;3.322897;45.393397
43185_0580_00020;20;;Rue de l'Union Soviétique;43250;43185;Sainte-Florine;;;3.31742;45.405066
43185_0098_00012;12;;Chemin des Chanaux;43250;43185;Sainte-Florine;;;3.315222;45.41165
43185_0010_00051;51;;Rue Anatole France;43250;43185;Sainte-Florine;;;3.321058;45.405169
43185_0230_00034_bis;34;bis;Rue Emile Roux;43250;43185;Sainte-Florine;;;3.31168;45.404598
43185_0089_00008;8;;Chemin du Caffort;43250;43185;Sainte-Florine;;;3.31514;45.406558
43185_0440_00001;1;;Rue Lafayette;43250;43185;Sainte-Florine;;;3.316055;45.40518
43185_0205_00021;21;;Rue des Gours;43250;43185;Sainte-Florine;;;3.312428;45.401192
43185_0001_00020;20;;Rue Ambroise Thomas;43250;43185;Sainte-Florine;;;3.314247;45.407417
43185_0142_00003;3;;Rue des Clostres;43250;43185;Sainte-Florine;;;3.314158;45.40992
43185_0484_00033;33;;Rue Nelson Mandela;43250;43185;Sainte-Florine;;;3.308618;45.407073
43185_0098_00007;7;;Chemin des Chanaux;43250;43185;Sainte-Florine;;;3.314706;45.41176
43185_0510_00049;49;;Rue Pasteur;43250;43185;Sainte-Florine;;;3.320047;45.412576
43185_0145_00022;22;;Rue du Commerce;43250;43185;Sainte-Florine;;;3.325601;45.39017
43185_0330_00024;24;;Avenue de Grande Bretagne;43250;43185;Sainte-Florine;;;3.319747;45.405988
43185_0420_00023;23;;Rue Jules Vallès;43250;43185;Sainte-Florine;;;3.319718;45.403789
43185_0565_00005_ter;5;ter;Rue Saint-Férréol;43250;43185;Sainte-Florine;;;3.319044;45.404735
43185_0330_00033;33;;Avenue de Grande Bretagne;43250;43185;Sainte-Florine;;;3.319372;45.405904
43185_0487_00020;20;;Rue de Mègecoste;43250;43185;Sainte-Florine;;;3.326729;45.392011
43185_0520_00004;4;;Impasse Paul Bert;43250;43185;Sainte-Florine;;;3.316639;45.404949
43185_0270_00009;9;;Rue Flandres Dunkerque;43250;43185;Sainte-Florine;;;3.318856;45.408757
43185_0490_00024;24;;Chemin des Mineurs;43250;43185;Sainte-Florine;;;3.313295;45.404191
43185_0486_00008;8;;Rue des Mâtres;43250;43185;Sainte-Florine;;;3.310198;45.405924
43185_0050_00029;29;;Rue Arnaud;43250;43185;Sainte-Florine;;;3.317476;45.400436
43185_0510_00010_bis;10;bis;Rue Pasteur;43250;43185;Sainte-Florine;;;3.320303;45.408169
43185_0001_00016;16;;Rue Ambroise Thomas;43250;43185;Sainte-Florine;;;3.31449;45.407434
43185_0516_00007;7;;Chemin des Pâtres;43250;43185;Sainte-Florine;;;3.318748;45.397696
43185_0wk7ov_00004;4;;Impasse Marcelle et Elvire Barbier;43250;43185;Sainte-Florine;;;3.311544;45.403007
43185_0270_00002;2;;Rue Flandres Dunkerque;43250;43185;Sainte-Florine;;;3.319634;45.407456
43185_0200_00001;1;;Rue du Docteur Gigante;43250;43185;Sainte-Florine;;;3.320562;45.406105
43185_0220_00014;14;;Rue Elisabeth Barrody;43250;43185;Sainte-Florine;;;3.317124;45.40572
43185_0230_00032_bis;32;bis;Rue Emile Roux;43250;43185;Sainte-Florine;;;3.311976;45.404889
43185_0490_00007;7;;Chemin des Mineurs;43250;43185;Sainte-Florine;;;3.315562;45.404749
43185_0230_00030_bis;30;bis;Rue Emile Roux;43250;43185;Sainte-Florine;;;3.312209;45.404814
43185_0001_00019_bis;19;bis;Rue Ambroise Thomas;43250;43185;Sainte-Florine;;;3.312946;45.408521
43185_0123_00017;17;;Rue des Chaumes;43250;43185;Sainte-Florine;;;3.324088;45.400445
43185_0050_00025_bis;25;bis;Rue Arnaud;43250;43185;Sainte-Florine;;;3.317966;45.400599
43185_0205_00030;30;;Rue des Gours;43250;43185;Sainte-Florine;;;3.311844;45.401589
43185_0516_00017;17;;Chemin des Pâtres;43250;43185;Sainte-Florine;;;3.319777;45.396378
43185_0542_00026;26;;Rue du Président;43250;43185;Sainte-Florine;;;3.308249;45.401426
43185_8yryno_00001;1;;Rue Emilien et Marguerite Thomas;43250;43185;Sainte-Florine;;;3.313485;45.41101
43185_0560_00007;7;;Rue Royale;43250;43185;Sainte-Florine;;;3.317957;45.404286
43185_0560_00069;69;;Rue Royale;43250;43185;Sainte-Florine;;;3.312021;45.402363
43185_0542_00012;12;;Rue du Président;43250;43185;Sainte-Florine;;;3.308515;45.401793
43185_0001_00019;19;;Rue Ambroise Thomas;43250;43185;Sainte-Florine;;;3.312982;45.408388
43185_0390_00045;45;;Rue Jules Ferry;43250;43185;Sainte-Florine;;;3.32179;45.400666
43185_0123_00001_a;1;a;Rue des Chaumes;43250;43185;Sainte-Florine;;;3.323336;45.401487
43185_0547_00008;8;;Rue Robert Schuman;43250;43185;Sainte-Florine;;;3.308961;45.410096
43185_0542_00042;42;;Rue du Président;43250;43185;Sainte-Florine;;;3.30521;45.397398
43185_0140_00015;15;;Rue Clémenceau;43250;43185;Sainte-Florine;;;3.316049;45.406833
43185_0572_00001_c;1;c;Rue Sous la Coste;43250;43185;Sainte-Florine;;;3.321314;45.389185
43185_0510_00002_bis;2;bis;Rue Pasteur;43250;43185;Sainte-Florine;;;3.320387;45.406776
43185_0010_00028;28;;Rue Anatole France;43250;43185;Sainte-Florine;;;3.320538;45.404812
43185_0060_00058;58;;Rue de Belgique;43250;43185;Sainte-Florine;;;3.317637;45.41134
43185_0560_00002_bis;2;bis;Rue Royale;43250;43185;Sainte-Florine;;;3.318216;45.404629
43185_0487_00016;16;;Rue de Mègecoste;43250;43185;Sainte-Florine;;;3.326591;45.392137
43185_0278_00001;1;;Chemin de la Fontaine des Chiens;43250;43185;Sainte-Florine;;;3.319731;45.413021
43185_0542_00001;1;;Rue du Président;43250;43185;Sainte-Florine;;;3.309049;45.401789
43185_0145_00016;16;;Rue du Commerce;43250;43185;Sainte-Florine;;;3.325673;45.390403
43185_0145_00012;12;;Rue du Commerce;43250;43185;Sainte-Florine;;;3.325833;45.390703
43185_0146_00013;13;;Rue des Côteaux de la Vizade;43250;43185;Sainte-Florine;;;3.325607;45.399073
43185_0001_00048;48;;Rue Ambroise Thomas;43250;43185;Sainte-Florine;;;3.310396;45.409398
43185_0500_00003;3;;Rue du 11 Novembre;43250;43185;Sainte-Florine;;;3.31419;45.406073
43185_0230_00054;54;;Rue Emile Roux;43250;43185;Sainte-Florine;;;3.308573;45.403518
43185_0060_00069;69;;Rue de Belgique;43250;43185;Sainte-Florine;;;3.317264;45.411075
43185_0303_00003;3;;Chemin de la Gaieté;43250;43185;Sainte-Florine;;;3.325521;45.391297
43185_0244_00032;32;;Rue des Enfants de la Leuge;43250;43185;Sainte-Florine;;;3.323697;45.391111
43185_0146_00008;8;;Rue des Côteaux de la Vizade;43250;43185;Sainte-Florine;;;3.323227;45.398355
43185_0190_00024;24;;Place Docteur Gigante;43250;43185;Sainte-Florine;;;3.317928;45.405284
43185_0290_00008;8;;Rue Fouret;43250;43185;Sainte-Florine;;;3.312476;45.405781
43185_0160_00008;8;;Rue Danton;43250;43185;Sainte-Florine;;;3.318494;45.404292
43185_0040_00022;22;;Rue d'Armois;43250;43185;Sainte-Florine;;;3.315121;45.409093
43185_0420_00004;4;;Rue Jules Vallès;43250;43185;Sainte-Florine;;;3.3194;45.403899
43185_0362_00001;1;;Rue Jacques Brel;43250;43185;Sainte-Florine;;;3.312469;45.411873
43185_0030_00001;1;;Rue Aristide Briand;43250;43185;Sainte-Florine;;;3.315771;45.405434
43185_0140_00018;18;;Rue Clémenceau;43250;43185;Sainte-Florine;;;3.31637;45.40679
43185_0390_00064;64;;Rue Jules Ferry;43250;43185;Sainte-Florine;;;3.321545;45.40061
43185_0390_00054;54;;Rue Jules Ferry;43250;43185;Sainte-Florine;;;3.321178;45.401203
43185_0275_00017;17;;Chemin de Fondary;43250;43185;Sainte-Florine;;;3.324946;45.39732
43185_0608_00005_bis;5;bis;Rue des Verreries;43250;43185;Sainte-Florine;;;3.323184;45.391727
43185_0260_00033;33;;Rue Eugène Gilbert;43250;43185;Sainte-Florine;;;3.320258;45.398445
43185_0580_00028;28;;Rue de l'Union Soviétique;43250;43185;Sainte-Florine;;;3.317062;45.405205
43185_0060_00003_ter;3;ter;Rue de Belgique;43250;43185;Sainte-Florine;;;3.317638;45.405834
43185_0210_00010;10;;Rue des Ecoles;43250;43185;Sainte-Florine;;;3.321402;45.403567
43185_0060_00034;34;;Rue de Belgique;43250;43185;Sainte-Florine;;;3.317512;45.408917
43185_0529_00001;1;;Chemin du Port de Bouxhors;43250;43185;Sainte-Florine;;;3.326909;45.392395
43185_0290_00004;4;;Rue Fouret;43250;43185;Sainte-Florine;;;3.313003;45.405706
43185_0606_00003;3;;Impasse du Verger;43250;43185;Sainte-Florine;;;3.320954;45.404277
43185_0547_00021;21;;Rue Robert Schuman;43250;43185;Sainte-Florine;;;3.309107;45.40972
43185_0091_00001;1;;Rue Jean Catinot;43250;43185;Sainte-Florine;;;3.321544;45.401985
43185_0360_00002;2;;Rue du 8 Mai;43250;43185;Sainte-Florine;;;3.320177;45.411216
43185_0170_00012;12;;Rue Denis Papin;43250;43185;Sainte-Florine;;;3.312671;45.407009
43185_0350_00010;10;;Rue Guillaume de la Roche;43250;43185;Sainte-Florine;;;3.315231;45.407711
43185_0542_00006;6;;Rue du Président;43250;43185;Sainte-Florine;;;3.308579;45.401707
43185_vacm5h_00010;10;;Chemin de la Direction;43250;43185;Sainte-Florine;;;3.307117;45.395371
43185_0500_00013;13;;Rue du 11 Novembre;43250;43185;Sainte-Florine;;;3.314188;45.406666
43185_0170_00003_bis;3;bis;Rue Denis Papin;43250;43185;Sainte-Florine;;;3.313442;45.407015
43185_0098_00002;2;;Chemin des Chanaux;43250;43185;Sainte-Florine;;;3.314433;45.411243
43185_0097_00018;18;;Rue de Chamat;43250;43185;Sainte-Florine;;;3.323362;45.403618
43185_0490_00046;46;;Chemin des Mineurs;43250;43185;Sainte-Florine;;;3.31134;45.403492
43185_0330_00039_bis;39;bis;Avenue de Grande Bretagne;43250;43185;Sainte-Florine;;;3.31967;45.406011
43185_0484_00021;21;;Rue Nelson Mandela;43250;43185;Sainte-Florine;;;3.308464;45.405953
43185_0570_00001;1;;Rue de Seiverag;43250;43185;Sainte-Florine;;;3.31544;45.407319
43185_0040_00049;49;;Rue d'Armois;43250;43185;Sainte-Florine;;;3.312538;45.412278
43185_0430_00001;1;;Rue Julien Fayolle;43250;43185;Sainte-Florine;;;3.31558;45.405538
43185_0330_00059;59;;Avenue de Grande Bretagne;43250;43185;Sainte-Florine;;;3.322059;45.406566
43185_0150_00014;14;;Place de la Croix des Horts;43250;43185;Sainte-Florine;;;3.319152;45.403304
43185_0220_00003;3;;Rue Elisabeth Barrody;43250;43185;Sainte-Florine;;;3.317445;45.405476
43185_0330_00029;29;;Avenue de Grande Bretagne;43250;43185;Sainte-Florine;;;3.319138;45.405851
43185_0230_00004;4;;Rue Emile Roux;43250;43185;Sainte-Florine;;;3.315196;45.405545
43185_0260_00002;2;;Rue Eugène Gilbert;43250;43185;Sainte-Florine;;;3.31539;45.402385
43185_0320_00016;16;;Rue du Général Leclerc;43250;43185;Sainte-Florine;;;3.316707;45.404006
43185_0170_00016;16;;Rue Denis Papin;43250;43185;Sainte-Florine;;;3.312299;45.406849
43185_0170_00018;18;;Rue Denis Papin;43250;43185;Sainte-Florine;;;3.312096;45.406787
43185_861z8a_00005_bis;5;bis;Chemin de Pierre Blanche;43250;43185;Sainte-Florine;;;3.315376;45.399235
43185_0340_00003;3;;Chemin du Gravaure;43250;43185;Sainte-Florine;;;3.321183;45.407475
43185_0286_00015;15;;Impasse des Forges;43250;43185;Sainte-Florine;;;3.324033;45.396893
43185_0490_00052;52;;Chemin des Mineurs;43250;43185;Sainte-Florine;;;3.310018;45.402964
43185_0570_00002;2;;Rue de Seiverag;43250;43185;Sainte-Florine;;;3.315752;45.407474
43185_0510_00051;51;;Rue Pasteur;43250;43185;Sainte-Florine;;;3.320008;45.41277
43185_0578_00010;10;;Rue de Triebes;43250;43185;Sainte-Florine;;;3.311899;45.410073
43185_0190_00018;18;;Place Docteur Gigante;43250;43185;Sainte-Florine;;;3.317831;45.405449
43185_0309_00002;2;;Place Gambetta;43250;43185;Sainte-Florine;;;3.315927;45.406759
43185_0510_00053;53;;Rue Pasteur;43250;43185;Sainte-Florine;;;3.319992;45.412996
43185_0098_00001;1;;Chemin des Chanaux;43250;43185;Sainte-Florine;;;3.314102;45.411657
43185_0330_00002;2;;Avenue de Grande Bretagne;43250;43185;Sainte-Florine;;;3.318487;45.405221
43185_0270_00033;33;;Rue Flandres Dunkerque;43250;43185;Sainte-Florine;;;3.318671;45.412244
43185_0484_00008;8;;Rue Nelson Mandela;43250;43185;Sainte-Florine;;;3.30904;45.404672
43185_0300_00014;14;;Rue Gabriel Péri;43250;43185;Sainte-Florine;;;3.32101;45.405789
43185_0060_00062;62;;Rue de Belgique;43250;43185;Sainte-Florine;;;3.317619;45.411814
43185_0608_00016_ter;16;ter;Rue des Verreries;43250;43185;Sainte-Florine;;;3.322907;45.392704
43185_0220_00009;9;;Rue Elisabeth Barrody;43250;43185;Sainte-Florine;;;3.317186;45.405314
43185_0550_00010;10;;Rue Roger Joffe;43250;43185;Sainte-Florine;;;3.314883;45.403602
43185_0089_00005;5;;Chemin du Caffort;43250;43185;Sainte-Florine;;;3.315102;45.406312
43185_0098_00013;13;;Chemin des Chanaux;43250;43185;Sainte-Florine;;;3.314269;45.412056
43185_0362_00017;17;;Rue Jacques Brel;43250;43185;Sainte-Florine;;;3.309025;45.411191
43185_0123_00009;9;;Rue des Chaumes;43250;43185;Sainte-Florine;;;3.324167;45.400856
43185_0560_00016;16;;Rue Royale;43250;43185;Sainte-Florine;;;3.317743;45.404337
43185_0580_00034_bis;34;bis;Rue de l'Union Soviétique;43250;43185;Sainte-Florine;;;3.316984;45.405109
43185_0001_00033;33;;Rue Ambroise Thomas;43250;43185;Sainte-Florine;;;3.310721;45.40863
43185_0010_00022;22;;Rue Anatole France;43250;43185;Sainte-Florine;;;3.31945;45.40472
43185_58s6ac_00007_bis;7;bis;Quartier Bouxhors;43250;43185;Sainte-Florine;;;3.322208;45.387297
43185_0210_00017;17;;Rue des Ecoles;43250;43185;Sainte-Florine;;;3.321622;45.403379
43185_0362_00010;10;;Rue Jacques Brel;43250;43185;Sainte-Florine;;;3.311415;45.411952
43185_0260_00021;21;;Rue Eugène Gilbert;43250;43185;Sainte-Florine;;;3.31728;45.39977
43185_0507_00003;3;;Rue Papillon;43250;43185;Sainte-Florine;;;3.3221;45.395949
43185_0300_00007;7;;Rue Gabriel Péri;43250;43185;Sainte-Florine;;;3.321159;45.405826
43185_0240_00014;14;;Rue Emile Zola;43250;43185;Sainte-Florine;;;3.316483;45.406299
43185_0001_00002;2;;Rue Ambroise Thomas;43250;43185;Sainte-Florine;;;3.314761;45.407193
43185_0545_00002;2;;Place de la Résistance;43250;43185;Sainte-Florine;;;3.323126;45.394656
43185_0001_00017_ter;17;ter;Rue Ambroise Thomas;43250;43185;Sainte-Florine;;;3.313067;45.408161
43185_x634t1_00002;2;;rue d'Arrest;43250;43185;Sainte-Florine;;;3.325478;45.394747
43185_0230_00040;40;;Rue Emile Roux;43250;43185;Sainte-Florine;;;3.310673;45.404275
43185_0123_00007;7;;Rue des Chaumes;43250;43185;Sainte-Florine;;;3.324078;45.401044
43185_0050_00027;27;;Rue Arnaud;43250;43185;Sainte-Florine;;;3.317792;45.400536
43185_0430_00014;14;;Rue Julien Fayolle;43250;43185;Sainte-Florine;;;3.315286;45.405519
43185_0260_00025;25;;Rue Eugène Gilbert;43250;43185;Sainte-Florine;;;3.318847;45.398794
43185_0250_00019;19;;Rue des Etats-unis;43250;43185;Sainte-Florine;;;3.319002;45.404244
43185_0484_00024;24;;Rue Nelson Mandela;43250;43185;Sainte-Florine;;;3.309065;45.407083
43185_0275_00003;3;;Chemin de Fondary;43250;43185;Sainte-Florine;;;3.323812;45.39708
43185_0571_00024;24;;Place Jean Jaurès-Simonette;43250;43185;Sainte-Florine;;;3.319233;45.404182
43185_0210_00005;5;;Rue des Ecoles;43250;43185;Sainte-Florine;;;3.321865;45.404467
43185_0440_00008;8;;Rue Lafayette;43250;43185;Sainte-Florine;;;3.316753;45.405172
43185_0270_00028;28;;Rue Flandres Dunkerque;43250;43185;Sainte-Florine;;;3.319039;45.411875
43185_0320_00008;8;;Rue du Général Leclerc;43250;43185;Sainte-Florine;;;3.317145;45.404127
43185_0150_00001;1;;Place de la Croix des Horts;43250;43185;Sainte-Florine;;;3.319121;45.403838
43185_0390_00029;29;;Rue Jules Ferry;43250;43185;Sainte-Florine;;;3.320992;45.401761
43185_0390_00036;36;;Rue Jules Ferry;43250;43185;Sainte-Florine;;;3.319728;45.402495
43185_0490_00021;21;;Chemin des Mineurs;43250;43185;Sainte-Florine;;;3.313548;45.403986
43185_0510_00004;4;;Rue Pasteur;43250;43185;Sainte-Florine;;;3.320324;45.407054
43185_0091_00004;4;;Rue Jean Catinot;43250;43185;Sainte-Florine;;;3.322816;45.401821
43185_0490_00030;30;;Chemin des Mineurs;43250;43185;Sainte-Florine;;;3.312666;45.403991
43185_0330_00063;63;;Avenue de Grande Bretagne;43250;43185;Sainte-Florine;;;3.322483;45.406628
43185_0420_00012;12;;Rue Jules Vallès;43250;43185;Sainte-Florine;;;3.319199;45.403764
43185_0050_00026;26;;Rue Arnaud;43250;43185;Sainte-Florine;;;3.31801;45.400793
43185_0420_00019;19;;Rue Jules Vallès;43250;43185;Sainte-Florine;;;3.319789;45.40388
43185_0140_00002;2;;Rue Clémenceau;43250;43185;Sainte-Florine;;;3.317293;45.406541
43185_0280_00025;25;;Impasse Fontevrault;43250;43185;Sainte-Florine;;;3.319315;45.404229
43185_0260_00014;14;;Rue Eugène Gilbert;43250;43185;Sainte-Florine;;;3.315653;45.401468
43185_0150_00022;22;;Place de la Croix des Horts;43250;43185;Sainte-Florine;;;3.318959;45.403083
43185_0250_00006;6;;Rue des Etats-unis;43250;43185;Sainte-Florine;;;3.317959;45.404895
43185_0523_00007;7;;Chemin de Pegray;43250;43185;Sainte-Florine;;;3.310049;45.400982
43185_0050_00031;31;;Rue Arnaud;43250;43185;Sainte-Florine;;;3.317285;45.400275
43185_0523_00004;4;;Chemin de Pegray;43250;43185;Sainte-Florine;;;3.309451;45.401137
43185_0330_00008;8;;Avenue de Grande Bretagne;43250;43185;Sainte-Florine;;;3.318892;45.405321
43185_0010_00027;27;;Rue Anatole France;43250;43185;Sainte-Florine;;;3.319888;45.405042
43185_0580_00034;34;;Rue de l'Union Soviétique;43250;43185;Sainte-Florine;;;3.31703;45.405052
43185_0490_00010;10;;Chemin des Mineurs;43250;43185;Sainte-Florine;;;3.314924;45.404587
43185_0340_00005;5;;Chemin du Gravaure;43250;43185;Sainte-Florine;;;3.321517;45.407354
43185_0260_00027;27;;Rue Eugène Gilbert;43250;43185;Sainte-Florine;;;3.319141;45.398691
43185_0484_00002;2;;Rue Nelson Mandela;43250;43185;Sainte-Florine;;;3.308508;45.404041
43185_0090_00002;2;;Rue Casati;43250;43185;Sainte-Florine;;;3.31673;45.404741
43185_0001_00034_bis;34;bis;Rue Ambroise Thomas;43250;43185;Sainte-Florine;;;3.313801;45.408786
43185_0205_00026;26;;Rue des Gours;43250;43185;Sainte-Florine;;;3.312466;45.401503
43185_0001_00005;5;;Rue Ambroise Thomas;43250;43185;Sainte-Florine;;;3.314709;45.407034
43185_0340_00007;7;;Chemin du Gravaure;43250;43185;Sainte-Florine;;;3.321782;45.407475
43185_0560_00047;47;;Rue Royale;43250;43185;Sainte-Florine;;;3.314471;45.402402
43185_0440_00002;2;;Rue Lafayette;43250;43185;Sainte-Florine;;;3.316221;45.405056
43185_0230_00014;14;;Rue Emile Roux;43250;43185;Sainte-Florine;;;3.313584;45.405836
43185_0142_00013;13;;Rue des Clostres;43250;43185;Sainte-Florine;;;3.312807;45.410194
43185_0086_00023;23;;Chemin de Bourguet;43250;43185;Sainte-Florine;;;3.319332;45.399197
43185_0060_00016;16;;Rue de Belgique;43250;43185;Sainte-Florine;;;3.3176;45.406816
43185_0303_00011;11;;Chemin de la Gaieté;43250;43185;Sainte-Florine;;;3.324943;45.390458
43185_0123_00021;21;;Rue des Chaumes;43250;43185;Sainte-Florine;;;3.32451;45.399958
43185_0340_00008;8;;Chemin du Gravaure;43250;43185;Sainte-Florine;;;3.321625;45.407181
43185_0205_00034;34;;Rue des Gours;43250;43185;Sainte-Florine;;;3.310606;45.401647
43185_0484_00035;35;;Rue Nelson Mandela;43250;43185;Sainte-Florine;;;3.308646;45.40725
43185_0040_00026;26;;Rue d'Armois;43250;43185;Sainte-Florine;;;3.315009;45.409652
43185_0330_00009;9;;Avenue de Grande Bretagne;43250;43185;Sainte-Florine;;;3.318703;45.405582
43185_0531_00004;4;;Impasse du Pré Bourguet;43250;43185;Sainte-Florine;;;3.316702;45.402679
43185_0091_00006_bis;6;bis;Rue Jean Catinot;43250;43185;Sainte-Florine;;;3.324662;45.401846
43185_0490_00034;34;;Chemin des Mineurs;43250;43185;Sainte-Florine;;;3.312284;45.403781
43185_0490_00062;62;;Chemin des Mineurs;43250;43185;Sainte-Florine;;;3.309;45.402226
43185_0510_00003;3;;Rue Pasteur;43250;43185;Sainte-Florine;;;3.319721;45.406627
43185_0145_00013;13;;Rue du Commerce;43250;43185;Sainte-Florine;;;3.326265;45.390874
43185_0244_00006;6;;Rue des Enfants de la Leuge;43250;43185;Sainte-Florine;;;3.323964;45.391877
43185_0290_00005;5;;Rue Fouret;43250;43185;Sainte-Florine;;;3.311951;45.405846
43185_0230_00028;28;;Rue Emile Roux;43250;43185;Sainte-Florine;;;3.312805;45.405067
43185_0525_00002;2;;Rue Pierre Bérégovoy;43250;43185;Sainte-Florine;;;3.311291;45.404783
43185_0545_00004;4;;Place de la Résistance;43250;43185;Sainte-Florine;;;3.322909;45.394682
43185_0547_00010;10;;Rue Robert Schuman;43250;43185;Sainte-Florine;;;3.309064;45.410362
43185_0180_00006;6;;Rue du 19 Mars 1962;43250;43185;Sainte-Florine;;;3.318192;45.409112
43185_0487_00009;9;;Rue de Mègecoste;43250;43185;Sainte-Florine;;;3.326459;45.39271
43185_0490_00022;22;;Chemin des Mineurs;43250;43185;Sainte-Florine;;;3.313574;45.404153
43185_0520_00008;8;;Impasse Paul Bert;43250;43185;Sainte-Florine;;;3.316598;45.405048
43185_0571_00014;14;;Place Jean Jaurès-Simonette;43250;43185;Sainte-Florine;;;3.318936;45.403759
43185_0060_00046;46;;Rue de Belgique;43250;43185;Sainte-Florine;;;3.3176;45.410296
43185_0060_00060;60;;Rue de Belgique;43250;43185;Sainte-Florine;;;3.317636;45.41163
43185_0150_00013;13;;Place de la Croix des Horts;43250;43185;Sainte-Florine;;;3.319712;45.403237
43185_0510_00018;18;;Rue Pasteur;43250;43185;Sainte-Florine;;;3.320758;45.40905
43185_0070_00003;3;;Rue Blaise Pascal;43250;43185;Sainte-Florine;;;3.318823;45.403617
43185_0400_00008;8;;Impasse Jules Guesdes;43250;43185;Sainte-Florine;;;3.313143;45.405495
43185_0110_00051;51;;Route de Charbonnier;43250;43185;Sainte-Florine;;;3.309611;45.418576
43185_0608_00007;7;;Rue des Verreries;43250;43185;Sainte-Florine;;;3.323007;45.391406
43185_0142_00002;2;;Rue des Clostres;43250;43185;Sainte-Florine;;;3.314192;45.41
43185_0525_00004;4;;Rue Pierre Bérégovoy;43250;43185;Sainte-Florine;;;3.311231;45.404939
43185_0510_00033;33;;Rue Pasteur;43250;43185;Sainte-Florine;;;3.320392;45.4102
43185_0578_00006;6;;Rue de Triebes;43250;43185;Sainte-Florine;;;3.311987;45.410364
43185_0560_00059;59;;Rue Royale;43250;43185;Sainte-Florine;;;3.313196;45.402306
43185_0510_00008;8;;Rue Pasteur;43250;43185;Sainte-Florine;;;3.320238;45.407677
43185_0345_00009;9;;Chemin de Grigues;43250;43185;Sainte-Florine;;;3.328618;45.391937
43185_0275_00015;15;;Chemin de Fondary;43250;43185;Sainte-Florine;;;3.324746;45.397724
43185_0250_00001;1;;Rue des Etats-unis;43250;43185;Sainte-Florine;;;3.318266;45.404981
43185_0060_00035;35;;Rue de Belgique;43250;43185;Sainte-Florine;;;3.317177;45.40874
43185_0580_00024;24;;Rue de l'Union Soviétique;43250;43185;Sainte-Florine;;;3.317204;45.405161
43185_0547_00020;20;;Rue Robert Schuman;43250;43185;Sainte-Florine;;;3.309533;45.410484
43185_0430_00004;4;;Rue Julien Fayolle;43250;43185;Sainte-Florine;;;3.315956;45.405727
43185_0260_00066;66;;Rue Eugène Gilbert;43250;43185;Sainte-Florine;;;3.320693;45.397979
43185_0260_00037;37;;Rue Eugène Gilbert;43250;43185;Sainte-Florine;;;3.321054;45.398115
43185_0100_00009_bis;9;bis;Rue de la Chapelle;43250;43185;Sainte-Florine;;;3.321744;45.406222
43185_0330_00048;48;;Avenue de Grande Bretagne;43250;43185;Sainte-Florine;;;3.321569;45.40628
43185_0190_00044;44;;Place Docteur Gigante;43250;43185;Sainte-Florine;;;3.318439;45.405168
43185_0030_00014;14;;Rue Aristide Briand;43250;43185;Sainte-Florine;;;3.316185;45.405471
43185_0040_00003;3;;Rue d'Armois;43250;43185;Sainte-Florine;;;3.315858;45.407566
43185_0097_00022;22;;Rue de Chamat;43250;43185;Sainte-Florine;;;3.323182;45.403301
43185_0210_00020;20;;Rue des Ecoles;43250;43185;Sainte-Florine;;;3.320917;45.402736
43185_0523_00009;9;;Chemin de Pegray;43250;43185;Sainte-Florine;;;3.309786;45.400721
43185_0001_00032;32;;Rue Ambroise Thomas;43250;43185;Sainte-Florine;;;3.313303;45.408551
43185_0060_00053;53;;Rue de Belgique;43250;43185;Sainte-Florine;;;3.31728;45.410008
43185_0303_00001;1;;Chemin de la Gaieté;43250;43185;Sainte-Florine;;;3.325693;45.39153
43185_0039_00002;2;;Chemin d'Armois;43250;43185;Sainte-Florine;;;3.308627;45.418539
43185_0460_00012;12;;Place de la Libération;43250;43185;Sainte-Florine;;;3.315828;45.405221
43185_0040_00015;15;;Rue d'Armois;43250;43185;Sainte-Florine;;;3.315499;45.408146
43185_0490_00045;45;;Chemin des Mineurs;43250;43185;Sainte-Florine;;;3.310172;45.402894
43185_0060_00020;20;;Rue de Belgique;43250;43185;Sainte-Florine;;;3.317446;45.407507
43185_0622_00014;14;;Avenue de la Vizade;43250;43185;Sainte-Florine;;;3.323179;45.395362
43185_0100_00013;13;;Rue de la Chapelle;43250;43185;Sainte-Florine;;;3.321866;45.406098
43185_0060_00037_ter;37;ter;Rue de Belgique;43250;43185;Sainte-Florine;;;3.316676;45.40892
43185_0560_00035;35;;Rue Royale;43250;43185;Sainte-Florine;;;3.316333;45.402863
43185_0086_00017;17;;Chemin de Bourguet;43250;43185;Sainte-Florine;;;3.319235;45.399677
43185_0330_00021;21;;Avenue de Grande Bretagne;43250;43185;Sainte-Florine;;;3.319108;45.405769
43185_0205_00028;28;;Rue des Gours;43250;43185;Sainte-Florine;;;3.312077;45.401732
43185_0180_00001;1;;Rue du 19 Mars 1962;43250;43185;Sainte-Florine;;;3.318966;45.409216
43185_0330_00053;53;;Avenue de Grande Bretagne;43250;43185;Sainte-Florine;;;3.321216;45.406532
43185_0140_00012;12;;Rue Clémenceau;43250;43185;Sainte-Florine;;;3.316734;45.406811
43185_0330_00060;60;;Avenue de Grande Bretagne;43250;43185;Sainte-Florine;;;3.323558;45.406899
43185_0340_00014;14;;Chemin du Gravaure;43250;43185;Sainte-Florine;;;3.322191;45.407251
43185_0200_00003;3;;Rue du Docteur Gigante;43250;43185;Sainte-Florine;;;3.320691;45.405934
43185_0300_00008;8;;Rue Gabriel Péri;43250;43185;Sainte-Florine;;;3.32097;45.406036
43185_0140_00001;1;;Rue Clémenceau;43250;43185;Sainte-Florine;;;3.317295;45.406402
43185_0487_00008;8;;Rue de Mègecoste;43250;43185;Sainte-Florine;;;3.325589;45.392917
43185_861z8a_00007;7;;Chemin de Pierre Blanche;43250;43185;Sainte-Florine;;;3.315077;45.399142
43185_0420_00006;6;;Rue Jules Vallès;43250;43185;Sainte-Florine;;;3.319437;45.403808
43185_0145_00044_bis;44;bis;Rue du Commerce;43250;43185;Sainte-Florine;;;3.323802;45.388498
43185_0320_00013;13;;Rue du Général Leclerc;43250;43185;Sainte-Florine;;;3.316621;45.403721
43185_0060_00024;24;;Rue de Belgique;43250;43185;Sainte-Florine;;;3.317435;45.407774
43185_0001_00044;44;;Rue Ambroise Thomas;43250;43185;Sainte-Florine;;;3.31119;45.409292
43185_0170_00007;7;;Rue Denis Papin;43250;43185;Sainte-Florine;;;3.312831;45.406911
43185_0567_00005;5;;Rue des Saraliaires;43250;43185;Sainte-Florine;;;3.318335;45.409648
43185_0330_00061;61;;Avenue de Grande Bretagne;43250;43185;Sainte-Florine;;;3.32228;45.40658
43185_0080_00008;8;;Rue Blanqui;43250;43185;Sainte-Florine;;;3.318056;45.403997
43185_0244_00034;34;;Rue des Enfants de la Leuge;43250;43185;Sainte-Florine;;;3.323652;45.391029
43185_0542_00022;22;;Rue du Président;43250;43185;Sainte-Florine;;;3.308448;45.401864
43185_0390_00049;49;;Rue Jules Ferry;43250;43185;Sainte-Florine;;;3.32196;45.400386
43185_0490_00050;50;;Chemin des Mineurs;43250;43185;Sainte-Florine;;;3.310655;45.403248
43185_0220_00010;10;;Rue Elisabeth Barrody;43250;43185;Sainte-Florine;;;3.317191;45.405624
43185_0303_00013;13;;Chemin de la Gaieté;43250;43185;Sainte-Florine;;;3.324704;45.390201
43185_0060_00017;17;;Rue de Belgique;43250;43185;Sainte-Florine;;;3.317374;45.40718
43185_0527_00015;15;;Chemin des Pireyres;43250;43185;Sainte-Florine;;;3.315677;45.397762
43185_0390_00044;44;;Rue Jules Ferry;43250;43185;Sainte-Florine;;;3.320576;45.40184
43185_0580_00022;22;;Rue de l'Union Soviétique;43250;43185;Sainte-Florine;;;3.317264;45.405018
43185_0330_00067;67;;Avenue de Grande Bretagne;43250;43185;Sainte-Florine;;;3.322846;45.406723
43185_0145_00019;19;;Rue du Commerce;43250;43185;Sainte-Florine;;;3.326049;45.390646
43185_0230_00037;37;;Rue Emile Roux;43250;43185;Sainte-Florine;;;3.313088;45.405464
43185_0270_00034;34;;Rue Flandres Dunkerque;43250;43185;Sainte-Florine;;;3.319131;45.41241
43185_0330_00057;57;;Avenue de Grande Bretagne;43250;43185;Sainte-Florine;;;3.321817;45.406633
43185_0330_00015;15;;Avenue de Grande Bretagne;43250;43185;Sainte-Florine;;;3.318949;45.405707
43185_0400_00005;5;;Impasse Jules Guesdes;43250;43185;Sainte-Florine;;;3.313498;45.40562
43185_0500_00008;8;;Rue du 11 Novembre;43250;43185;Sainte-Florine;;;3.314448;45.406319
43185_0205_00003;3;;Rue des Gours;43250;43185;Sainte-Florine;;;3.315781;45.400161
43185_0040_00027;27;;Rue d'Armois;43250;43185;Sainte-Florine;;;3.314731;45.410218
43185_0040_00001;1;;Rue d'Armois;43250;43185;Sainte-Florine;;;3.315821;45.407538
43185_0516_00009;9;;Chemin des Pâtres;43250;43185;Sainte-Florine;;;3.318813;45.397108
43185_0002_00016;16;;Rue des Acacias;43250;43185;Sainte-Florine;;;3.320868;45.395555
43185_0170_00015;15;;Rue Denis Papin;43250;43185;Sainte-Florine;;;3.311823;45.406512
43185_0500_00009;9;;Rue du 11 Novembre;43250;43185;Sainte-Florine;;;3.314238;45.406274
43185_0244_00030;30;;Rue des Enfants de la Leuge;43250;43185;Sainte-Florine;;;3.323727;45.391168
43185_0578_00014;14;;Rue de Triebes;43250;43185;Sainte-Florine;;;3.312261;45.409982
43185_0622_00034;34;;Avenue de la Vizade;43250;43185;Sainte-Florine;;;3.324337;45.393811
43185_0240_00018;18;;Rue Emile Zola;43250;43185;Sainte-Florine;;;3.316412;45.40639
43185_0010_00006;6;;Rue Anatole France;43250;43185;Sainte-Florine;;;3.318955;45.404867
43185_0320_00005;5;;Rue du Général Leclerc;43250;43185;Sainte-Florine;;;3.317264;45.404033
43185_0578_00003;3;;Rue de Triebes;43250;43185;Sainte-Florine;;;3.312285;45.410481
43185_0098_00005;5;;Chemin des Chanaux;43250;43185;Sainte-Florine;;;3.314819;45.411608
43185_0123_00022;22;;Rue des Chaumes;43250;43185;Sainte-Florine;;;3.325946;45.400084
43185_0420_00002;2;;Rue Jules Vallès;43250;43185;Sainte-Florine;;;3.319228;45.403845
43185_0123_00012;12;;Rue des Chaumes;43250;43185;Sainte-Florine;;;3.32449;45.399793
43185_0330_00035;35;;Avenue de Grande Bretagne;43250;43185;Sainte-Florine;;;3.319454;45.405935
43185_0146_00010;10;;Rue des Côteaux de la Vizade;43250;43185;Sainte-Florine;;;3.323475;45.398783
43185_0330_00073;73;;Avenue de Grande Bretagne;43250;43185;Sainte-Florine;;;3.32385;45.407214
43185_0286_00005;5;;Impasse des Forges;43250;43185;Sainte-Florine;;;3.323659;45.396766
43185_0089_00006;6;;Chemin du Caffort;43250;43185;Sainte-Florine;;;3.315373;45.406532
43185_0500_00008_bis;8;bis;Rue du 11 Novembre;43250;43185;Sainte-Florine;;;3.31443;45.406795
43185_8yryno_00004;4;;Rue Emilien et Marguerite Thomas;43250;43185;Sainte-Florine;;;3.313047;45.411415
43185_0580_00025_bis;25;bis;Rue de l'Union Soviétique;43250;43185;Sainte-Florine;;;3.316904;45.404765
43185_0480_00006;6;;Rue Louis Parassols;43250;43185;Sainte-Florine;;;3.317868;45.404759
43185_0097_00007_bis;7;bis;Rue de Chamat;43250;43185;Sainte-Florine;;;3.324303;45.404567
43185_0001_00022;22;;Rue Ambroise Thomas;43250;43185;Sainte-Florine;;;3.314085;45.407526
43185_0622_00006;6;;Avenue de la Vizade;43250;43185;Sainte-Florine;;;3.322437;45.397387
43185_0040_00024_bis;24;bis;Rue d'Armois;43250;43185;Sainte-Florine;;;3.315025;45.409409
43185_0050_00011;11;;Rue Arnaud;43250;43185;Sainte-Florine;;;3.318887;45.401862
43185_0550_00012;12;;Rue Roger Joffe;43250;43185;Sainte-Florine;;;3.314991;45.403323
43185_0380_00007;7;;Rue Jean-Jacques Rousseau;43250;43185;Sainte-Florine;;;3.315349;45.405888
43185_0487_00007;7;;Rue de Mègecoste;43250;43185;Sainte-Florine;;;3.32618;45.393213
43185_0490_00047;47;;Chemin des Mineurs;43250;43185;Sainte-Florine;;;3.309677;45.402612
43185_0360_00001;1;;Rue du 8 Mai;43250;43185;Sainte-Florine;;;3.320181;45.411177
43185_0050_00007;7;;Rue Arnaud;43250;43185;Sainte-Florine;;;3.318975;45.402345
43185_0230_00022;22;;Rue Emile Roux;43250;43185;Sainte-Florine;;;3.312899;45.405518
43185_0440_00014;14;;Rue Lafayette;43250;43185;Sainte-Florine;;;3.31677;45.405258
43185_0435_00005;5;;Impasse Julien Fayolle;43250;43185;Sainte-Florine;;;3.315488;45.40578
43185_0600_00005;5;;Rue Vercingétorix;43250;43185;Sainte-Florine;;;3.320088;45.403514
43185_0550_00003;3;;Rue Roger Joffe;43250;43185;Sainte-Florine;;;3.314973;45.404058
43185_0088_00001_c;1;c;Chemin de la Buge du Bois;43250;43185;Sainte-Florine;;;3.327379;45.391494
43185_0150_00003;3;;Place de la Croix des Horts;43250;43185;Sainte-Florine;;;3.319173;45.403793
43185_0547_00001;1;;Rue Robert Schuman;43250;43185;Sainte-Florine;;;3.312031;45.409259
43185_0120_00001;1;;Rue du Château;43250;43185;Sainte-Florine;;;3.315479;45.407451
43185_0529_00003;3;;Chemin du Port de Bouxhors;43250;43185;Sainte-Florine;;;3.327372;45.392479
43185_0210_00015;15;;Rue des Ecoles;43250;43185;Sainte-Florine;;;3.321723;45.403655
43185_0608_00001;1;;Rue des Verreries;43250;43185;Sainte-Florine;;;3.323255;45.393456
43185_0390_00076;76;;Rue Jules Ferry;43250;43185;Sainte-Florine;;;3.321164;45.399654
43185_0010_00013;13;;Rue Anatole France;43250;43185;Sainte-Florine;;;3.318884;45.404979
43185_vacm5h_00008;8;;Chemin de la Direction;43250;43185;Sainte-Florine;;;3.307234;45.395182
43185_0002_00003;3;;Rue des Acacias;43250;43185;Sainte-Florine;;;3.321331;45.396561
43185_0548_00002;2;;Impasse la Rochille;43250;43185;Sainte-Florine;;;3.31401;45.407942
43185_0330_00052;52;;Avenue de Grande Bretagne;43250;43185;Sainte-Florine;;;3.321851;45.406316
43185_0260_00011;11;;Rue Eugène Gilbert;43250;43185;Sainte-Florine;;;3.315885;45.401524
43185_0270_00018;18;;Rue Flandres Dunkerque;43250;43185;Sainte-Florine;;;3.318906;45.411284
43185_0571_00018;18;;Place Jean Jaurès-Simonette;43250;43185;Sainte-Florine;;;3.319092;45.403978
43185_4gzuug_00001;1;;Rue Georges Brassens;43250;43185;Sainte-Florine;;;3.323646;45.403287
43185_0005_00001_ter;1;ter;Rue de l'Air;43250;43185;Sainte-Florine;;;3.323202;45.407404
43185_0160_00006;6;;Rue Danton;43250;43185;Sainte-Florine;;;3.318401;45.404308
43185_0390_00066;66;;Rue Jules Ferry;43250;43185;Sainte-Florine;;;3.321611;45.400503
43185_0330_00031;31;;Avenue de Grande Bretagne;43250;43185;Sainte-Florine;;;3.31925;45.405854
43185_0400_00011;11;;Impasse Jules Guesdes;43250;43185;Sainte-Florine;;;3.313349;45.405467
43185_0330_00058;58;;Avenue de Grande Bretagne;43250;43185;Sainte-Florine;;;3.323445;45.406763
43185_0260_00001;1;;Rue Eugène Gilbert;43250;43185;Sainte-Florine;;;3.315642;45.402576
43185_0362_00013;13;;Rue Jacques Brel;43250;43185;Sainte-Florine;;;3.309694;45.411148
43185_0142_00010;10;;Rue des Clostres;43250;43185;Sainte-Florine;;;3.31321;45.410396
43185_0560_00010;10;;Rue Royale;43250;43185;Sainte-Florine;;;3.317964;45.404453
43185_0560_00062;62;;Rue Royale;43250;43185;Sainte-Florine;;;3.314033;45.402528
43185_0547_00018;18;;Rue Robert Schuman;43250;43185;Sainte-Florine;;;3.309812;45.410765
43185_0010_00005;5;;Rue Anatole France;43250;43185;Sainte-Florine;;;3.318643;45.404846
43185_0123_00024;24;;Rue des Chaumes;43250;43185;Sainte-Florine;;;3.325878;45.40039
43185_0088_00009;9;;Chemin de la Buge du Bois;43250;43185;Sainte-Florine;;;3.327768;45.391004
43185_0150_00014_bis;14;bis;Place de la Croix des Horts;43250;43185;Sainte-Florine;;;3.319141;45.403245
43185_0608_00022;22;;Rue des Verreries;43250;43185;Sainte-Florine;;;3.323105;45.392165
43185_0484_00023;23;;Rue Nelson Mandela;43250;43185;Sainte-Florine;;;3.308428;45.406128
43185_0420_00003;3;;Rue Jules Vallès;43250;43185;Sainte-Florine;;;3.319227;45.403971
43185_0275_00013;13;;Chemin de Fondary;43250;43185;Sainte-Florine;;;3.324562;45.397297
43185_0002_00008;8;;Rue des Acacias;43250;43185;Sainte-Florine;;;3.320635;45.396311
43185_0060_00030;30;;Rue de Belgique;43250;43185;Sainte-Florine;;;3.317534;45.408613
43185_0190_00006;6;;Place Docteur Gigante;43250;43185;Sainte-Florine;;;3.318103;45.405575
43185_0362_00042;42;;Rue Jacques Brel;43250;43185;Sainte-Florine;;;3.309143;45.411332
43185_0270_00010;10;;Rue Flandres Dunkerque;43250;43185;Sainte-Florine;;;3.319271;45.408699
43185_0205_00037;37;;Rue des Gours;43250;43185;Sainte-Florine;;;3.310535;45.401438
43185_0286_00009;9;;Impasse des Forges;43250;43185;Sainte-Florine;;;3.323818;45.396801
43185_muim5u_00001;1;;Chemin du Moulin Dardelin;43250;43185;Sainte-Florine;;;3.293677;45.411112
43185_0088_00002;2;;Chemin de la Buge du Bois;43250;43185;Sainte-Florine;;;3.327383;45.391361
43185_0190_00008;8;;Place Docteur Gigante;43250;43185;Sainte-Florine;;;3.31804;45.405551
43185_0527_00004;4;;Chemin des Pireyres;43250;43185;Sainte-Florine;;;3.316002;45.399067
43185_0410_00005;5;;Rue Jules Maigne;43250;43185;Sainte-Florine;;;3.319748;45.405831
43185_0040_00004;4;;Rue d'Armois;43250;43185;Sainte-Florine;;;3.316014;45.407648
43185_0244_00012;12;;Rue des Enfants de la Leuge;43250;43185;Sainte-Florine;;;3.323891;45.39174
43185_0088_00018;18;;Chemin de la Buge du Bois;43250;43185;Sainte-Florine;;;3.326081;45.389027
43185_0510_00037;37;;Rue Pasteur;43250;43185;Sainte-Florine;;;3.3204;45.410492
43185_0440_00016;16;;Rue Lafayette;43250;43185;Sainte-Florine;;;3.316739;45.405302
43185_0086_00009;9;;Chemin de Bourguet;43250;43185;Sainte-Florine;;;3.319002;45.400198
43185_0330_00004;4;;Avenue de Grande Bretagne;43250;43185;Sainte-Florine;;;3.318601;45.405252
43185_0580_00025;25;;Rue de l'Union Soviétique;43250;43185;Sainte-Florine;;;3.317005;45.404783
43185_0057_00001;1;;Chemin de la Barette;43250;43185;Sainte-Florine;;;3.31017;45.403787
43185_0010_00003;3;;Rue Anatole France;43250;43185;Sainte-Florine;;;3.318575;45.404833
43185_0290_00006;6;;Rue Fouret;43250;43185;Sainte-Florine;;;3.312748;45.405788
43185_0570_00006;6;;Rue de Seiverag;43250;43185;Sainte-Florine;;;3.315727;45.407553
43185_0650_00010;10;;Rue Jean Zay;43250;43185;Sainte-Florine;;;3.310201;45.40659
43185_0278_00003;3;;Chemin de la Fontaine des Chiens;43250;43185;Sainte-Florine;;;3.319472;45.412972
43185_0060_00052;52;;Rue de Belgique;43250;43185;Sainte-Florine;;;3.3176;45.410707
43185_0571_00020;20;;Place Jean Jaurès-Simonette;43250;43185;Sainte-Florine;;;3.319086;45.404075
43185_0608_00004;4;;Rue des Verreries;43250;43185;Sainte-Florine;;;3.322829;45.393969
43185_0210_00015_bis;15;bis;Rue des Ecoles;43250;43185;Sainte-Florine;;;3.321665;45.403549
43185_0250_00024;24;;Rue des Etats-unis;43250;43185;Sainte-Florine;;;3.318659;45.404293
43185_x634t1_00006;6;;rue d'Arrest;43250;43185;Sainte-Florine;;;3.325072;45.393612
43185_0001_00052;52;;Rue Ambroise Thomas;43250;43185;Sainte-Florine;;;3.309905;45.409394
43185_0080_00010;10;;Rue Blanqui;43250;43185;Sainte-Florine;;;3.317941;45.403972
43185_0270_00004_bis;4;bis;Rue Flandres Dunkerque;43250;43185;Sainte-Florine;;;3.31932;45.408065
43185_0390_00053_bis;53;bis;Rue Jules Ferry;43250;43185;Sainte-Florine;;;3.323085;45.39994
43185_0572_00003;3;;Rue Sous la Coste;43250;43185;Sainte-Florine;;;3.32278;45.389069
43185_0150_00018;18;;Place de la Croix des Horts;43250;43185;Sainte-Florine;;;3.319043;45.403257
43185_0230_00032;32;;Rue Emile Roux;43250;43185;Sainte-Florine;;;3.31214;45.40472
43185_0622_00016;16;;Avenue de la Vizade;43250;43185;Sainte-Florine;;;3.323152;45.395228
43185_0580_00029;29;;Rue de l'Union Soviétique;43250;43185;Sainte-Florine;;;3.316509;45.404712
43185_0120_00003;3;;Rue du Château;43250;43185;Sainte-Florine;;;3.315457;45.407531
43185_0487_00010_bis;10;bis;Rue de Mègecoste;43250;43185;Sainte-Florine;;;3.32578;45.39268
43185_0650_00014;14;;Rue Jean Zay;43250;43185;Sainte-Florine;;;3.310103;45.406965
43185_0490_00020_bis;20;bis;Chemin des Mineurs;43250;43185;Sainte-Florine;;;3.313532;45.404677
43185_0210_00012;12;;Rue des Ecoles;43250;43185;Sainte-Florine;;;3.32133;45.403453
43185_0270_00031;31;;Rue Flandres Dunkerque;43250;43185;Sainte-Florine;;;3.318741;45.412031
43185_0088_00007;7;;Chemin de la Buge du Bois;43250;43185;Sainte-Florine;;;3.327677;45.391076
43185_0320_00007;7;;Rue du Général Leclerc;43250;43185;Sainte-Florine;;;3.31716;45.404009
43185_0089_00007;7;;Chemin du Caffort;43250;43185;Sainte-Florine;;;3.315011;45.4063
43185_0560_00070;70;;Rue Royale;43250;43185;Sainte-Florine;;;3.313003;45.402515
43185_0580_00032;32;;Rue de l'Union Soviétique;43250;43185;Sainte-Florine;;;3.317065;45.404957
43185_0123_00010_bis;10;bis;Rue des Chaumes;43250;43185;Sainte-Florine;;;3.324139;45.399793
43185_0510_00013;13;;Rue Pasteur;43250;43185;Sainte-Florine;;;3.319992;45.408046
43185_0362_00030;30;;Rue Jacques Brel;43250;43185;Sainte-Florine;;;3.309826;45.411569
43185_0490_00025;25;;Chemin des Mineurs;43250;43185;Sainte-Florine;;;3.312858;45.403768
43185_0320_00017;17;;Rue du Général Leclerc;43250;43185;Sainte-Florine;;;3.316198;45.403618
43185_0001_00010;10;;Rue Ambroise Thomas;43250;43185;Sainte-Florine;;;3.314545;45.407325
43185_0001_00009;9;;Rue Ambroise Thomas;43250;43185;Sainte-Florine;;;3.314604;45.407033
43185_0097_00013;13;;Rue de Chamat;43250;43185;Sainte-Florine;;;3.323904;45.404174
43185_0580_00016;16;;Rue de l'Union Soviétique;43250;43185;Sainte-Florine;;;3.317308;45.40522
43185_0050_00006;6;;Rue Arnaud;43250;43185;Sainte-Florine;;;3.318978;45.402805
43185_0390_00053;53;;Rue Jules Ferry;43250;43185;Sainte-Florine;;;3.322144;45.400048
43185_0270_00011;11;;Rue Flandres Dunkerque;43250;43185;Sainte-Florine;;;3.318878;45.408897
43185_0123_00005;5;;Rue des Chaumes;43250;43185;Sainte-Florine;;;3.323893;45.401152
43185_0260_00012;12;;Rue Eugène Gilbert;43250;43185;Sainte-Florine;;;3.315516;45.401607
43185_0560_00042;42;;Rue Royale;43250;43185;Sainte-Florine;;;3.317179;45.403306
43185_0210_00001;1;;Rue des Ecoles;43250;43185;Sainte-Florine;;;3.321944;45.405
43185_0547_00002_c;2;c;Rue Robert Schuman;43250;43185;Sainte-Florine;;;3.312755;45.40931
43185_0608_00032;32;;Rue des Verreries;43250;43185;Sainte-Florine;;;3.322836;45.39107
43185_0303_00004;4;;Chemin de la Gaieté;43250;43185;Sainte-Florine;;;3.325078;45.391167
43185_0180_00005;5;;Rue du 19 Mars 1962;43250;43185;Sainte-Florine;;;3.318401;45.40918
43185_0560_00088;88;;Rue Royale;43250;43185;Sainte-Florine;;;3.309463;45.402033
43185_0500_00012;12;;Rue du 11 Novembre;43250;43185;Sainte-Florine;;;3.314632;45.406919
43185_0622_00024;24;;Avenue de la Vizade;43250;43185;Sainte-Florine;;;3.323236;45.394965
43185_0560_00018;18;;Rue Royale;43250;43185;Sainte-Florine;;;3.317628;45.404281
43185_0001_00036;36;;Rue Ambroise Thomas;43250;43185;Sainte-Florine;;;3.312987;45.408756
43185_0368_00004;4;;Rue des Jardiniers;43250;43185;Sainte-Florine;;;3.323338;45.40066
43185_0484_00006;6;;Rue Nelson Mandela;43250;43185;Sainte-Florine;;;3.309006;45.404487
43185_0547_00011;11;;Rue Robert Schuman;43250;43185;Sainte-Florine;;;3.31072;45.409998
43185_vacm5h_00005;5;;Chemin de la Direction;43250;43185;Sainte-Florine;;;3.307088;45.394539
43185_0220_00026;26;;Rue Elisabeth Barrody;43250;43185;Sainte-Florine;;;3.316836;45.40549
43185_0050_00025;25;;Rue Arnaud;43250;43185;Sainte-Florine;;;3.318249;45.400729
43185_0580_00038;38;;Rue de l'Union Soviétique;43250;43185;Sainte-Florine;;;3.316801;45.404875
43185_0140_00017;17;;Rue Clémenceau;43250;43185;Sainte-Florine;;;3.315972;45.406865
43185_0516_00013;13;;Chemin des Pâtres;43250;43185;Sainte-Florine;;;3.319429;45.396706
43185_0010_00024;24;;Rue Anatole France;43250;43185;Sainte-Florine;;;3.319641;45.404907
43185_0086_00021;21;;Chemin de Bourguet;43250;43185;Sainte-Florine;;;3.31955;45.39932
43185_0489_00002_ter;2;ter;Place Mendès France;43250;43185;Sainte-Florine;;;3.320124;45.402987
43185_0146_00006;6;;Rue des Côteaux de la Vizade;43250;43185;Sainte-Florine;;;3.323153;45.398595
43185_0350_00002;2;;Rue Guillaume de la Roche;43250;43185;Sainte-Florine;;;3.315199;45.407423
43185_0516_00005;5;;Chemin des Pâtres;43250;43185;Sainte-Florine;;;3.318604;45.397908
43185_0531_00004_bis;4;bis;Impasse du Pré Bourguet;43250;43185;Sainte-Florine;;;3.317189;45.402584
43185_0088_00005;5;;Chemin de la Buge du Bois;43250;43185;Sainte-Florine;;;3.32757;45.391206
43185_0525_00001;1;;Rue Pierre Bérégovoy;43250;43185;Sainte-Florine;;;3.31119;45.404537
43185_0040_00019;19;;Rue d'Armois;43250;43185;Sainte-Florine;;;3.315029;45.408942
43185_0400_00002;2;;Impasse Jules Guesdes;43250;43185;Sainte-Florine;;;3.313126;45.405614
43185_0097_00006_bis;6;bis;Rue de Chamat;43250;43185;Sainte-Florine;;;3.322884;45.404785
43185_0210_00023;23;;Rue des Ecoles;43250;43185;Sainte-Florine;;;3.321272;45.402799
43185_0190_00042;42;;Place Docteur Gigante;43250;43185;Sainte-Florine;;;3.318349;45.405087
43185_0360_00009;9;;Rue du 8 Mai;43250;43185;Sainte-Florine;;;3.319141;45.410968
43185_0086_00011;11;;Chemin de Bourguet;43250;43185;Sainte-Florine;;;3.319186;45.400141
43185_0440_00020;20;;Rue Lafayette;43250;43185;Sainte-Florine;;;3.316664;45.405574
43185_0540_00003;3;;Rue de la première Armée;43250;43185;Sainte-Florine;;;3.320142;45.409256
43185_0050_00016;16;;Rue Arnaud;43250;43185;Sainte-Florine;;;3.318605;45.401773
43185_0486_00006;6;;Rue des Mâtres;43250;43185;Sainte-Florine;;;3.310693;45.405985
43185_0608_00014;14;;Rue des Verreries;43250;43185;Sainte-Florine;;;3.323166;45.392931
43185_0390_00052;52;;Rue Jules Ferry;43250;43185;Sainte-Florine;;;3.32112;45.401294
43185_0097_00009;9;;Rue de Chamat;43250;43185;Sainte-Florine;;;3.323776;45.404406
43185_0145_00024;24;;Rue du Commerce;43250;43185;Sainte-Florine;;;3.325424;45.389975
43185_0244_00026_bis;26;bis;Rue des Enfants de la Leuge;43250;43185;Sainte-Florine;;;3.323808;45.391305
43185_0580_00036;36;;Rue de l'Union Soviétique;43250;43185;Sainte-Florine;;;3.3169;45.404941
43185_0145_00025;25;;Rue du Commerce;43250;43185;Sainte-Florine;;;3.326012;45.389818
43185_0244_00020;20;;Rue des Enfants de la Leuge;43250;43185;Sainte-Florine;;;3.323796;45.391562
43185_0001_00011;11;;Rue Ambroise Thomas;43250;43185;Sainte-Florine;;;3.314462;45.406998
43185_0340_00020;20;;Chemin du Gravaure;43250;43185;Sainte-Florine;;;3.322855;45.407002
43185_0040_00039;39;;Rue d'Armois;43250;43185;Sainte-Florine;;;3.31393;45.411042
43185_0190_00004;4;;Place Docteur Gigante;43250;43185;Sainte-Florine;;;3.318219;45.40558
43185_0490_00017;17;;Chemin des Mineurs;43250;43185;Sainte-Florine;;;3.31398;45.404117
43185_0040_00031;31;;Rue d'Armois;43250;43185;Sainte-Florine;;;3.314467;45.410607
43185_0330_00050;50;;Avenue de Grande Bretagne;43250;43185;Sainte-Florine;;;3.32165;45.406228
43185_0590_00002;2;;Rue Veisseyre;43250;43185;Sainte-Florine;;;3.316458;45.407419
43185_0010_00026;26;;Rue Anatole France;43250;43185;Sainte-Florine;;;3.32023;45.404942
43185_0608_00004_bis;4;bis;Rue des Verreries;43250;43185;Sainte-Florine;;;3.322371;45.393879
43185_0487_00018;18;;Rue de Mègecoste;43250;43185;Sainte-Florine;;;3.32666;45.392086
43185_0362_00036;36;;Rue Jacques Brel;43250;43185;Sainte-Florine;;;3.309277;45.41188
43185_0086_00012;12;;Chemin de Bourguet;43250;43185;Sainte-Florine;;;3.318661;45.39903
43185_0040_00005;5;;Rue d'Armois;43250;43185;Sainte-Florine;;;3.315782;45.407656
43185_0380_00018;18;;Rue Jean-Jacques Rousseau;43250;43185;Sainte-Florine;;;3.315465;45.406071
43185_0123_00015;15;;Rue des Chaumes;43250;43185;Sainte-Florine;;;3.324536;45.400517
43185_0390_00029_bis;29;bis;Rue Jules Ferry;43250;43185;Sainte-Florine;;;3.321074;45.40162
43185_0286_00013;13;;Impasse des Forges;43250;43185;Sainte-Florine;;;3.323959;45.396882
43185_0097_00024;24;;Rue de Chamat;43250;43185;Sainte-Florine;;;3.322524;45.403112
43185_0070_00004;4;;Rue Blaise Pascal;43250;43185;Sainte-Florine;;;3.318749;45.403545
43185_0292_00005;5;;Place Francois Mitterrand;43250;43185;Sainte-Florine;;;3.319758;45.405354
43185_0098_00009;9;;Chemin des Chanaux;43250;43185;Sainte-Florine;;;3.314549;45.41183
43185_0362_00022;22;;Rue Jacques Brel;43250;43185;Sainte-Florine;;;3.310411;45.411644
43185_0040_00045;45;;Rue d'Armois;43250;43185;Sainte-Florine;;;3.313203;45.411785
43185_0244_00050;50;;Rue des Enfants de la Leuge;43250;43185;Sainte-Florine;;;3.323386;45.390363
43185_0560_00056;56;;Rue Royale;43250;43185;Sainte-Florine;;;3.314894;45.402646
43185_0622_00002;2;;Avenue de la Vizade;43250;43185;Sainte-Florine;;;3.322169;45.397873
43185_0560_00074;74;;Rue Royale;43250;43185;Sainte-Florine;;;3.312442;45.402538
43185_0275_00015_bis;15;bis;Chemin de Fondary;43250;43185;Sainte-Florine;;;3.325031;45.397565
43185_vacm5h_00013;13;;Chemin de la Direction;43250;43185;Sainte-Florine;;;3.306985;45.394951
43185_0210_00014;14;;Rue des Ecoles;43250;43185;Sainte-Florine;;;3.321185;45.403334
43185_0001_00003;3;;Rue Ambroise Thomas;43250;43185;Sainte-Florine;;;3.314788;45.407052
43185_0529_00009;9;;Chemin du Port de Bouxhors;43250;43185;Sainte-Florine;;;3.327754;45.393411
43185_0510_00010;10;;Rue Pasteur;43250;43185;Sainte-Florine;;;3.320292;45.407978
43185_0435_00016;16;;Impasse Julien Fayolle;43250;43185;Sainte-Florine;;;3.315528;45.405861
43185_0205_00012;12;;Rue des Gours;43250;43185;Sainte-Florine;;;3.314641;45.400677
43185_0040_00058;58;;Rue d'Armois;43250;43185;Sainte-Florine;;;3.313454;45.411809
43185_0560_00071;71;;Rue Royale;43250;43185;Sainte-Florine;;;3.311813;45.402335
43185_0622_00007_bis;7;bis;Avenue de la Vizade;43250;43185;Sainte-Florine;;;3.323228;45.396306
43185_0560_00054_bis;54;bis;Rue Royale;43250;43185;Sainte-Florine;;;3.314985;45.4028
43185_0572_00002_bis;2;bis;Rue Sous la Coste;43250;43185;Sainte-Florine;;;3.321282;45.388722
43185_0650_00008;8;;Rue Jean Zay;43250;43185;Sainte-Florine;;;3.309887;45.40655
43185_0600_00004;4;;Rue Vercingétorix;43250;43185;Sainte-Florine;;;3.320656;45.403508
43185_0330_00022;22;;Avenue de Grande Bretagne;43250;43185;Sainte-Florine;;;3.319652;45.405959
43185_0040_00030_bis;30;bis;Rue d'Armois;43250;43185;Sainte-Florine;;;3.314962;45.410203
43185_0490_00028;28;;Chemin des Mineurs;43250;43185;Sainte-Florine;;;3.312961;45.404031
43185_0230_00071;71;;Rue Emile Roux;43250;43185;Sainte-Florine;;;3.309806;45.403707
43185_0460_00018;18;;Place de la Libération;43250;43185;Sainte-Florine;;;3.315779;45.404934
43185_0362_00002;2;;Rue Jacques Brel;43250;43185;Sainte-Florine;;;3.312592;45.412101
43185_0523_00001;1;;Chemin de Pegray;43250;43185;Sainte-Florine;;;3.309581;45.401734
43185_0527_00002;2;;Chemin des Pireyres;43250;43185;Sainte-Florine;;;3.316342;45.399478
43185_0260_00062;62;;Rue Eugène Gilbert;43250;43185;Sainte-Florine;;;3.320025;45.398288
43185_0484_00027;27;;Rue Nelson Mandela;43250;43185;Sainte-Florine;;;3.30852;45.406664
43185_0060_00022_bis;22;bis;Rue de Belgique;43250;43185;Sainte-Florine;;;3.317442;45.407673
43185_0010_00023;23;;Rue Anatole France;43250;43185;Sainte-Florine;;;3.31931;45.405043
43185_0146_00005;5;;Rue des Côteaux de la Vizade;43250;43185;Sainte-Florine;;;3.32372;45.399274
43185_0290_00002;2;;Rue Fouret;43250;43185;Sainte-Florine;;;3.313092;45.405775
43185_0345_00002;2;;Chemin de Grigues;43250;43185;Sainte-Florine;;;3.330538;45.39022
43185_0060_00021_bis;21;bis;Rue de Belgique;43250;43185;Sainte-Florine;;;3.317261;45.407634
43185_0001_00035;35;;Rue Ambroise Thomas;43250;43185;Sainte-Florine;;;3.310337;45.409155
43185_0410_00008;8;;Rue Jules Maigne;43250;43185;Sainte-Florine;;;3.319865;45.405803
43185_0560_00050;50;;Rue Royale;43250;43185;Sainte-Florine;;;3.316617;45.403112
43185_0330_00051;51;;Avenue de Grande Bretagne;43250;43185;Sainte-Florine;;;3.320885;45.406478
43185_0060_00064;64;;Rue de Belgique;43250;43185;Sainte-Florine;;;3.317527;45.412021
43185_0330_00013;13;;Avenue de Grande Bretagne;43250;43185;Sainte-Florine;;;3.318854;45.405657
43185_0060_00027;27;;Rue de Belgique;43250;43185;Sainte-Florine;;;3.317188;45.407976
43185_0330_00016;16;;Avenue de Grande Bretagne;43250;43185;Sainte-Florine;;;3.319404;45.405822
43185_0320_00012;12;;Rue du Général Leclerc;43250;43185;Sainte-Florine;;;3.316894;45.404052
43185_0547_00009;9;;Rue Robert Schuman;43250;43185;Sainte-Florine;;;3.311035;45.409956
43185_0097_00002;2;;Rue de Chamat;43250;43185;Sainte-Florine;;;3.323177;45.404992
43185_0608_00004_ter;4;ter;Rue des Verreries;43250;43185;Sainte-Florine;;;3.322339;45.393702
43185_0060_00063;63;;Rue de Belgique;43250;43185;Sainte-Florine;;;3.316956;45.410751
43185_0010_00057;57;;Rue Anatole France;43250;43185;Sainte-Florine;;;3.324063;45.406946
43185_0510_00002;2;;Rue Pasteur;43250;43185;Sainte-Florine;;;3.320477;45.406555
43185_0484_00012;12;;Rue Nelson Mandela;43250;43185;Sainte-Florine;;;3.308901;45.404989
43185_0600_00003;3;;Rue Vercingétorix;43250;43185;Sainte-Florine;;;3.319922;45.403696
43185_0542_00010;10;;Rue du Président;43250;43185;Sainte-Florine;;;3.308525;45.401757
43185_0487_00003;3;;Rue de Mègecoste;43250;43185;Sainte-Florine;;;3.325839;45.393304
43185_0560_00043;43;;Rue Royale;43250;43185;Sainte-Florine;;;3.314832;45.402438
43185_0510_00012;12;;Rue Pasteur;43250;43185;Sainte-Florine;;;3.320443;45.4083
43185_0150_00016;16;;Place de la Croix des Horts;43250;43185;Sainte-Florine;;;3.319177;45.403159
43185_0230_00006;6;;Rue Emile Roux;43250;43185;Sainte-Florine;;;3.315161;45.405466
43185_0486_00001;1;;Rue des Mâtres;43250;43185;Sainte-Florine;;;3.310977;45.405883
43185_0486_00010;10;;Rue des Mâtres;43250;43185;Sainte-Florine;;;3.309849;45.405942
43185_0572_00009;9;;Rue Sous la Coste;43250;43185;Sainte-Florine;;;3.322914;45.388343
43185_0577_00008;8;;Rue Germaine Tillion;43250;43185;Sainte-Florine;;;3.317652;45.395842
43185_0560_00036;36;;Rue Royale;43250;43185;Sainte-Florine;;;3.317445;45.403516
43185_0608_00026;26;;Rue des Verreries;43250;43185;Sainte-Florine;;;3.322908;45.39169
43185_0580_00046;46;;Rue de l'Union Soviétique;43250;43185;Sainte-Florine;;;3.316218;45.404876
43185_0560_00073;73;;Rue Royale;43250;43185;Sainte-Florine;;;3.311554;45.40229
43185_0010_00034;34;;Rue Anatole France;43250;43185;Sainte-Florine;;;3.322372;45.405119
43185_0608_00042;42;;Rue des Verreries;43250;43185;Sainte-Florine;;;3.320688;45.389228
43185_0362_00024;24;;Rue Jacques Brel;43250;43185;Sainte-Florine;;;3.310414;45.411343
43185_0330_00043;43;;Avenue de Grande Bretagne;43250;43185;Sainte-Florine;;;3.319876;45.406145
43185_0145_00028_bis;28;bis;Rue du Commerce;43250;43185;Sainte-Florine;;;3.325137;45.389596
43185_0340_00002;2;;Chemin du Gravaure;43250;43185;Sainte-Florine;;;3.320768;45.406951
43185_0040_00056;56;;Rue d'Armois;43250;43185;Sainte-Florine;;;3.3135;45.41177
43185_0320_00002;2;;Rue du Général Leclerc;43250;43185;Sainte-Florine;;;3.317502;45.404233
43185_0098_00024;24;;Chemin des Chanaux;43250;43185;Sainte-Florine;;;3.314601;45.412303
43185_0490_00023_bis;23;bis;Chemin des Mineurs;43250;43185;Sainte-Florine;;;3.313129;45.403715
43185_0097_00023;23;;Rue de Chamat;43250;43185;Sainte-Florine;;;3.323774;45.403123
43185_0490_00048;48;;Chemin des Mineurs;43250;43185;Sainte-Florine;;;3.311075;45.403361
43185_0560_00067;67;;Rue Royale;43250;43185;Sainte-Florine;;;3.312422;45.40237
43185_0080_00007;7;;Rue Blanqui;43250;43185;Sainte-Florine;;;3.317973;45.403898
43185_0001_00015;15;;Rue Ambroise Thomas;43250;43185;Sainte-Florine;;;3.31358;45.40775
43185_0230_00061;61;;Rue Emile Roux;43250;43185;Sainte-Florine;;;3.312037;45.404528
43185_0110_00047;47;;Route de Charbonnier;43250;43185;Sainte-Florine;;;3.310469;45.418254
43185_0580_00037;37;;Rue de l'Union Soviétique;43250;43185;Sainte-Florine;;;3.316108;45.40481
43185_0097_00007_ter;7;ter;Rue de Chamat;43250;43185;Sainte-Florine;;;3.324213;45.404743
43185_58s6ac_00002;2;;Quartier Bouxhors;43250;43185;Sainte-Florine;;;3.321894;45.386995
43185_0330_00025;25;;Avenue de Grande Bretagne;43250;43185;Sainte-Florine;;;3.318892;45.406103
43185_0280_00029;29;;Impasse Fontevrault;43250;43185;Sainte-Florine;;;3.31901;45.404315
43185_0510_00019;19;;Rue Pasteur;43250;43185;Sainte-Florine;;;3.320191;45.408498
43185_0070_00002;2;;Rue Blaise Pascal;43250;43185;Sainte-Florine;;;3.31873;45.403699
43185_0230_00009;9;;Rue Emile Roux;43250;43185;Sainte-Florine;;;3.315202;45.405194
43185_0560_00020;20;;Rue Royale;43250;43185;Sainte-Florine;;;3.317617;45.404088
43185_0190_00040;40;;Place Docteur Gigante;43250;43185;Sainte-Florine;;;3.318311;45.405061
43185_0362_00018;18;;Rue Jacques Brel;43250;43185;Sainte-Florine;;;3.310881;45.411636
43185_0250_00012;12;;Rue des Etats-unis;43250;43185;Sainte-Florine;;;3.318277;45.404736
43185_0542_00028;28;;Rue du Président;43250;43185;Sainte-Florine;;;3.30763;45.400204
43185_0345_00007;7;;Chemin de Grigues;43250;43185;Sainte-Florine;;;3.328463;45.392144
43185_0240_00011;11;;Rue Emile Zola;43250;43185;Sainte-Florine;;;3.316268;45.406355
43185_0527_00001_bis;1;bis;Chemin des Pireyres;43250;43185;Sainte-Florine;;;3.317098;45.399136
43185_0145_00018;18;;Rue du Commerce;43250;43185;Sainte-Florine;;;3.325656;45.390366
43185_0578_00001;1;;Rue de Triebes;43250;43185;Sainte-Florine;;;3.312351;45.41065
43185_0170_00010_bis;10;bis;Rue Denis Papin;43250;43185;Sainte-Florine;;;3.312739;45.407443
43185_0400_00006;6;;Impasse Jules Guesdes;43250;43185;Sainte-Florine;;;3.313308;45.405584
43185_0150_00006;6;;Place de la Croix des Horts;43250;43185;Sainte-Florine;;;3.319068;45.403493
43185_0490_00018;18;;Chemin des Mineurs;43250;43185;Sainte-Florine;;;3.314019;45.40429
43185_e8mgop_00001_bis;1;bis;chemin de la Taupe;43250;43185;Sainte-Florine;;;3.32944;45.390115
43185_vacm5h_00003;3;;Chemin de la Direction;43250;43185;Sainte-Florine;;;3.307068;45.394347
43185_0050_00009;9;;Rue Arnaud;43250;43185;Sainte-Florine;;;3.318848;45.402063
43185_0030_00008;8;;Rue Aristide Briand;43250;43185;Sainte-Florine;;;3.315804;45.405386
43185_0560_00030;30;;Rue Royale;43250;43185;Sainte-Florine;;;3.317307;45.403653
43185_0260_00016;16;;Rue Eugène Gilbert;43250;43185;Sainte-Florine;;;3.315792;45.401394
43185_0435_00003;3;;Impasse Julien Fayolle;43250;43185;Sainte-Florine;;;3.315492;45.405707
43185_0123_00013;13;;Rue des Chaumes;43250;43185;Sainte-Florine;;;3.325034;45.40071
43185_0001_00017;17;;Rue Ambroise Thomas;43250;43185;Sainte-Florine;;;3.313397;45.407941
43185_0547_00012;12;;Rue Robert Schuman;43250;43185;Sainte-Florine;;;3.30902;45.410555
43185_0565_00005_bis;5;bis;Rue Saint-Férréol;43250;43185;Sainte-Florine;;;3.318967;45.404712
43185_0435_00012;12;;Impasse Julien Fayolle;43250;43185;Sainte-Florine;;;3.315695;45.405869
43185_0380_00009;9;;Rue Jean-Jacques Rousseau;43250;43185;Sainte-Florine;;;3.315152;45.405875
43185_0560_00051_bis;51;bis;Rue Royale;43250;43185;Sainte-Florine;;;3.313986;45.40224
43185_0486_00011;11;;Rue des Mâtres;43250;43185;Sainte-Florine;;;3.309395;45.405628
43185_0542_00013;13;;Rue du Président;43250;43185;Sainte-Florine;;;3.307075;45.399152
43185_0420_00009;9;;Rue Jules Vallès;43250;43185;Sainte-Florine;;;3.319417;45.40401
43185_0001_00028_ter;28;ter;Rue Ambroise Thomas;43250;43185;Sainte-Florine;;;3.313591;45.408422
43185_0560_00050_bis;50;bis;Rue Royale;43250;43185;Sainte-Florine;;;3.316254;45.403003
43185_0230_00027_bis;27;bis;Rue Emile Roux;43250;43185;Sainte-Florine;;;3.314284;45.405581
43185_0010_00009;9;;Rue Anatole France;43250;43185;Sainte-Florine;;;3.318745;45.404923
43185_0527_00006;6;;Chemin des Pireyres;43250;43185;Sainte-Florine;;;3.315558;45.398103
43185_0608_00034;34;;Rue des Verreries;43250;43185;Sainte-Florine;;;3.322598;45.390983
43185_0560_00003;3;;Rue Royale;43250;43185;Sainte-Florine;;;3.318282;45.404524
43185_0240_00006;6;;Rue Emile Zola;43250;43185;Sainte-Florine;;;3.316358;45.406094
43185_0205_00027;27;;Rue des Gours;43250;43185;Sainte-Florine;;;3.311605;45.401462
43185_0572_00001_d;1;d;Rue Sous la Coste;43250;43185;Sainte-Florine;;;3.321474;45.389048
43185_0060_00011;11;;Rue de Belgique;43250;43185;Sainte-Florine;;;3.317409;45.406369
43185_0571_00006;6;;Place Jean Jaurès-Simonette;43250;43185;Sainte-Florine;;;3.318642;45.403824
43185_0244_00026;26;;Rue des Enfants de la Leuge;43250;43185;Sainte-Florine;;;3.323794;45.391307
43185_0170_00019;19;;Rue Denis Papin;43250;43185;Sainte-Florine;;;3.310729;45.406643
43185_0510_00029;29;;Rue Pasteur;43250;43185;Sainte-Florine;;;3.320466;45.409405
43185_0340_00016;16;;Chemin du Gravaure;43250;43185;Sainte-Florine;;;3.322458;45.407219
43185_0516_00028;28;;Chemin des Pâtres;43250;43185;Sainte-Florine;;;3.31945;45.395165
43185_0580_00035_bis;35;bis;Rue de l'Union Soviétique;43250;43185;Sainte-Florine;;;3.316087;45.404722
43185_0205_00018;18;;Rue des Gours;43250;43185;Sainte-Florine;;;3.313911;45.400943
43185_0650_00007;7;;Rue Jean Zay;43250;43185;Sainte-Florine;;;3.309631;45.407243
43185_0510_00043;43;;Rue Pasteur;43250;43185;Sainte-Florine;;;3.320146;45.411778
43185_0572_00013;13;;Rue Sous la Coste;43250;43185;Sainte-Florine;;;3.323145;45.388762
43185_0600_00003_bis;3;bis;Rue Vercingétorix;43250;43185;Sainte-Florine;;;3.320195;45.403641
43185_0190_00038;38;;Place Docteur Gigante;43250;43185;Sainte-Florine;;;3.318252;45.405039
43185_0039_00003;3;;Chemin d'Armois;43250;43185;Sainte-Florine;;;3.30879;45.417977
43185_0484_00011;11;;Rue Nelson Mandela;43250;43185;Sainte-Florine;;;3.308556;45.40502
43185_0580_00006;6;;Rue de l'Union Soviétique;43250;43185;Sainte-Florine;;;3.317696;45.405178
43185_0572_00001;1;;Rue Sous la Coste;43250;43185;Sainte-Florine;;;3.321539;45.38959
43185_0040_00040;40;;Rue d'Armois;43250;43185;Sainte-Florine;;;3.314617;45.410738
43185_0050_00005;5;;Rue Arnaud;43250;43185;Sainte-Florine;;;3.31902;45.402471
43185_0390_00072_bis;72;bis;Rue Jules Ferry;43250;43185;Sainte-Florine;;;3.321125;45.399968
43185_0580_00021;21;;Rue de l'Union Soviétique;43250;43185;Sainte-Florine;;;3.317303;45.404865
43185_0250_00017;17;;Rue des Etats-unis;43250;43185;Sainte-Florine;;;3.318959;45.404332
43185_0480_00005;5;;Rue Louis Parassols;43250;43185;Sainte-Florine;;;3.317957;45.40489
43185_0390_00033;33;;Rue Jules Ferry;43250;43185;Sainte-Florine;;;3.321478;45.401134
43185_0650_00005;5;;Rue Jean Zay;43250;43185;Sainte-Florine;;;3.309606;45.407049
43185_0577_00004;4;;Rue Germaine Tillion;43250;43185;Sainte-Florine;;;3.318086;45.396001
43185_0010_00047;47;;Rue Anatole France;43250;43185;Sainte-Florine;;;3.320593;45.405096
43185_0570_00008;8;;Rue de Seiverag;43250;43185;Sainte-Florine;;;3.315727;45.407592
43185_0525_00010;10;;Rue Pierre Bérégovoy;43250;43185;Sainte-Florine;;;3.311044;45.405426
43185_0060_00077;77;;Rue de Belgique;43250;43185;Sainte-Florine;;;3.317306;45.411966
43185_0220_00013;13;;Rue Elisabeth Barrody;43250;43185;Sainte-Florine;;;3.317003;45.405422
43185_0057_00004;4;;Chemin de la Barette;43250;43185;Sainte-Florine;;;3.309861;45.403279
43185_0240_00009_bis;9;bis;Rue Emile Zola;43250;43185;Sainte-Florine;;;3.316163;45.406404
43185_0320_00014;14;;Rue du Général Leclerc;43250;43185;Sainte-Florine;;;3.316807;45.404006
43185_0440_00010;10;;Rue Lafayette;43250;43185;Sainte-Florine;;;3.316829;45.405202
43185_0270_00026;26;;Rue Flandres Dunkerque;43250;43185;Sainte-Florine;;;3.318957;45.411582
43185_0330_00049;49;;Avenue de Grande Bretagne;43250;43185;Sainte-Florine;;;3.320564;45.406366
43185_0360_00007;7;;Rue du 8 Mai;43250;43185;Sainte-Florine;;;3.319402;45.41102
43185_0210_00006;6;;Rue des Ecoles;43250;43185;Sainte-Florine;;;3.321494;45.404033
43185_0244_00046;46;;Rue des Enfants de la Leuge;43250;43185;Sainte-Florine;;;3.323464;45.390502
43185_0560_00038;38;;Rue Royale;43250;43185;Sainte-Florine;;;3.317346;45.403397
43185_0487_00024;24;;Rue de Mègecoste;43250;43185;Sainte-Florine;;;3.327586;45.391648
43185_0330_00010;10;;Avenue de Grande Bretagne;43250;43185;Sainte-Florine;;;3.318799;45.405459
43185_0330_00011;11;;Avenue de Grande Bretagne;43250;43185;Sainte-Florine;;;3.318782;45.405621
43185_0160_00001;1;;Rue Danton;43250;43185;Sainte-Florine;;;3.318325;45.404286
43185_0570_00010;10;;Rue de Seiverag;43250;43185;Sainte-Florine;;;3.315672;45.407705
43185_0560_00054;54;;Rue Royale;43250;43185;Sainte-Florine;;;3.315235;45.40273
43185_0526_00001;1;;Rue Pierre et Marie Curie;43250;43185;Sainte-Florine;;;3.310434;45.410191
43185_0330_00065;65;;Avenue de Grande Bretagne;43250;43185;Sainte-Florine;;;3.322662;45.406639
43185_0500_00010;10;;Rue du 11 Novembre;43250;43185;Sainte-Florine;;;3.314644;45.406834
43185_0160_00005;5;;Rue Danton;43250;43185;Sainte-Florine;;;3.318476;45.404357
43185_0098_00011;11;;Chemin des Chanaux;43250;43185;Sainte-Florine;;;3.314441;45.412029
43185_0567_00002;2;;Rue des Saraliaires;43250;43185;Sainte-Florine;;;3.319945;45.409933
43185_0150_00004;4;;Place de la Croix des Horts;43250;43185;Sainte-Florine;;;3.319026;45.403588
43185_0484_00004;4;;Rue Nelson Mandela;43250;43185;Sainte-Florine;;;3.309048;45.404355
43185_0300_00005;5;;Rue Gabriel Péri;43250;43185;Sainte-Florine;;;3.321154;45.405934
43185_0622_00020;20;;Avenue de la Vizade;43250;43185;Sainte-Florine;;;3.322959;45.395063
43185_0270_00017;17;;Rue Flandres Dunkerque;43250;43185;Sainte-Florine;;;3.318593;45.410588
43185_0580_00013;13;;Rue de l'Union Soviétique;43250;43185;Sainte-Florine;;;3.317654;45.404882
43185_0516_00006;6;;Chemin des Pâtres;43250;43185;Sainte-Florine;;;3.318099;45.398069
43185_0205_00008;8;;Rue des Gours;43250;43185;Sainte-Florine;;;3.315103;45.400479
43185_0080_00001;1;;Rue Blanqui;43250;43185;Sainte-Florine;;;3.318377;45.403894
43185_0550_00002;2;;Rue Roger Joffe;43250;43185;Sainte-Florine;;;3.31454;45.404236
43185_0145_00040;40;;Rue du Commerce;43250;43185;Sainte-Florine;;;3.324082;45.38869
43185_0146_00014;14;;Rue des Côteaux de la Vizade;43250;43185;Sainte-Florine;;;3.324228;45.398969
43185_0050_00007_bis;7;bis;Rue Arnaud;43250;43185;Sainte-Florine;;;3.318924;45.402194
43185_0470_00005;5;;Place Louis Conte;43250;43185;Sainte-Florine;;;3.318903;45.404479
43185_0410_00004;4;;Rue Jules Maigne;43250;43185;Sainte-Florine;;;3.319698;45.40579
43185_0210_00025;25;;Rue des Ecoles;43250;43185;Sainte-Florine;;;3.321384;45.402516
43185_0040_00012_bis;12;bis;Rue d'Armois;43250;43185;Sainte-Florine;;;3.315637;45.408326
43185_0040_00060;60;;Rue d'Armois;43250;43185;Sainte-Florine;;;3.313022;45.412174
43185_0330_00006;6;;Avenue de Grande Bretagne;43250;43185;Sainte-Florine;;;3.31871;45.405324
43185_0230_00016_bis;16;bis;Rue Emile Roux;43250;43185;Sainte-Florine;;;3.313378;45.405826
43185_0230_00065;65;;Rue Emile Roux;43250;43185;Sainte-Florine;;;3.311589;45.404391
43185_0097_00007;7;;Rue de Chamat;43250;43185;Sainte-Florine;;;3.32373;45.404729
43185_0098_00010;10;;Chemin des Chanaux;43250;43185;Sainte-Florine;;;3.31525;45.411399
43185_0146_00003;3;;Rue des Côteaux de la Vizade;43250;43185;Sainte-Florine;;;3.323219;45.399405
43185_0142_00015;15;;Rue des Clostres;43250;43185;Sainte-Florine;;;3.312707;45.410303
43185_0240_00007_bis;7;bis;Rue Emile Zola;43250;43185;Sainte-Florine;;;3.316278;45.40625
43185_0097_00010;10;;Rue de Chamat;43250;43185;Sainte-Florine;;;3.323481;45.404195
43185_0390_00062;62;;Rue Jules Ferry;43250;43185;Sainte-Florine;;;3.321458;45.400767
43185_0244_00040;40;;Rue des Enfants de la Leuge;43250;43185;Sainte-Florine;;;3.323562;45.390858
43185_0230_00005;5;;Rue Emile Roux;43250;43185;Sainte-Florine;;;3.315444;45.405223
43185_0260_00006;6;;Rue Eugène Gilbert;43250;43185;Sainte-Florine;;;3.315302;45.401923
43185_0190_00020;20;;Place Docteur Gigante;43250;43185;Sainte-Florine;;;3.317846;45.405397
43185_0230_00038;38;;Rue Emile Roux;43250;43185;Sainte-Florine;;;3.311027;45.404404
43185_0560_00060;60;;Rue Royale;43250;43185;Sainte-Florine;;;3.3143;45.402556
43185_0210_00022;22;;Rue des Ecoles;43250;43185;Sainte-Florine;;;3.320908;45.402458
43185_0060_00023;23;;Rue de Belgique;43250;43185;Sainte-Florine;;;3.317226;45.407752
43185_0097_00028;28;;Rue de Chamat;43250;43185;Sainte-Florine;;;3.323427;45.402956
43185_0542_00018;18;;Rue du Président;43250;43185;Sainte-Florine;;;3.308479;45.401842
43185_0060_00042;42;;Rue de Belgique;43250;43185;Sainte-Florine;;;3.317534;45.409742
43185_0098_00018;18;;Chemin des Chanaux;43250;43185;Sainte-Florine;;;3.314936;45.411986
43185_0145_00024_a;24;a;Rue du Commerce;43250;43185;Sainte-Florine;;;3.3254;45.39007
43185_0516_00011;11;;Chemin des Pâtres;43250;43185;Sainte-Florine;;;3.319121;45.39681
43185_0460_00010;10;;Place de la Libération;43250;43185;Sainte-Florine;;;3.3159;45.405353
43185_0205_00022;22;;Rue des Gours;43250;43185;Sainte-Florine;;;3.31324;45.401531
43185_0390_00057;57;;Rue Jules Ferry;43250;43185;Sainte-Florine;;;3.322341;45.399566
43185_0060_00043;43;;Rue de Belgique;43250;43185;Sainte-Florine;;;3.317302;45.409274
43185_0560_00028_bis;28;bis;Rue Royale;43250;43185;Sainte-Florine;;;3.317254;45.403724
43185_0600_00009;9;;Rue Vercingétorix;43250;43185;Sainte-Florine;;;3.320548;45.403818
43185_0145_00034;34;;Rue du Commerce;43250;43185;Sainte-Florine;;;3.324755;45.389143
43185_0270_00023;23;;Rue Flandres Dunkerque;43250;43185;Sainte-Florine;;;3.318434;45.411029
43185_0330_00005;5;;Avenue de Grande Bretagne;43250;43185;Sainte-Florine;;;3.318419;45.405596
43185_0480_00004;4;;Rue Louis Parassols;43250;43185;Sainte-Florine;;;3.317819;45.404822
43185_0500_00015;15;;Rue du 11 Novembre;43250;43185;Sainte-Florine;;;3.3143;45.406922
43185_0270_00014_bis;14;bis;Rue Flandres Dunkerque;43250;43185;Sainte-Florine;;;3.319105;45.41033
43185_0560_00017;17;;Rue Royale;43250;43185;Sainte-Florine;;;3.317588;45.403374
43185_0580_00015;15;;Rue de l'Union Soviétique;43250;43185;Sainte-Florine;;;3.31751;45.404787
43185_0560_00072;72;;Rue Royale;43250;43185;Sainte-Florine;;;3.31283;45.40253
43185_0098_00015;15;;Chemin des Chanaux;43250;43185;Sainte-Florine;;;3.314043;45.411907
43185_0244_00024;24;;Rue des Enfants de la Leuge;43250;43185;Sainte-Florine;;;3.323812;45.391337
43185_0516_00024;24;;Chemin des Pâtres;43250;43185;Sainte-Florine;;;3.319442;45.39581
43185_0250_00014;14;;Rue des Etats-unis;43250;43185;Sainte-Florine;;;3.318332;45.404699
43185_0440_00018;18;;Rue Lafayette;43250;43185;Sainte-Florine;;;3.316649;45.405524
43185_0362_00003;3;;Rue Jacques Brel;43250;43185;Sainte-Florine;;;3.312288;45.411709
43185_58s6ac_00007;7;;Quartier Bouxhors;43250;43185;Sainte-Florine;;;3.322151;45.387272
43185_0010_00045;45;;Rue Anatole France;43250;43185;Sainte-Florine;;;3.32047;45.405075
43185_0516_00007_bis;7;bis;Chemin des Pâtres;43250;43185;Sainte-Florine;;;3.318942;45.397444
43185_0220_00022;22;;Rue Elisabeth Barrody;43250;43185;Sainte-Florine;;;3.317021;45.405519
43185_0150_00002;2;;Place de la Croix des Horts;43250;43185;Sainte-Florine;;;3.319007;45.403631
43185_0205_00004;4;;Rue des Gours;43250;43185;Sainte-Florine;;;3.315804;45.400301
43185_0300_00009;9;;Rue Gabriel Péri;43250;43185;Sainte-Florine;;;3.321183;45.405655
43185_0362_00038;38;;Rue Jacques Brel;43250;43185;Sainte-Florine;;;3.309208;45.411703
43185_0330_00037;37;;Avenue de Grande Bretagne;43250;43185;Sainte-Florine;;;3.319455;45.406144
43185_0wk7ov_00002;2;;Impasse Marcelle et Elvire Barbier;43250;43185;Sainte-Florine;;;3.311467;45.403294
43185_0110_00049;49;;Route de Charbonnier;43250;43185;Sainte-Florine;;;3.310068;45.418571
43185_0390_00080;80;;Rue Jules Ferry;43250;43185;Sainte-Florine;;;3.321951;45.399379
43185_0010_00053;53;;Rue Anatole France;43250;43185;Sainte-Florine;;;3.324105;45.406351
43185_0382_00003;3;;Rue Jean Moulin;43250;43185;Sainte-Florine;;;3.312428;45.409754
43185_0244_00022;22;;Rue des Enfants de la Leuge;43250;43185;Sainte-Florine;;;3.323767;45.391508
43185_0230_00073;73;;Rue Emile Roux;43250;43185;Sainte-Florine;;;3.309217;45.403457
43185_0560_00052;52;;Rue Royale;43250;43185;Sainte-Florine;;;3.315653;45.402822
43185_0146_00016;16;;Rue des Côteaux de la Vizade;43250;43185;Sainte-Florine;;;3.3249;45.398833
43185_0330_00053_bis;53;bis;Avenue de Grande Bretagne;43250;43185;Sainte-Florine;;;3.321472;45.406507
43185_0303_00002;2;;Chemin de la Gaieté;43250;43185;Sainte-Florine;;;3.326104;45.392487
43185_0150_00020;20;;Place de la Croix des Horts;43250;43185;Sainte-Florine;;;3.318926;45.403148
43185_0516_00021;21;;Chemin des Pâtres;43250;43185;Sainte-Florine;;;3.319832;45.3955
43185_0516_00001;1;;Chemin des Pâtres;43250;43185;Sainte-Florine;;;3.318561;45.398285
43185_0330_00069;69;;Avenue de Grande Bretagne;43250;43185;Sainte-Florine;;;3.323229;45.406919
43185_0160_00007;7;;Rue Danton;43250;43185;Sainte-Florine;;;3.318531;45.404388
43185_0001_00024;24;;Rue Ambroise Thomas;43250;43185;Sainte-Florine;;;3.313966;45.407677
43185_0280_00011;11;;Impasse Fontevrault;43250;43185;Sainte-Florine;;;3.319508;45.404413
43185_0526_00003;3;;Rue Pierre et Marie Curie;43250;43185;Sainte-Florine;;;3.310423;45.410419
43185_0516_00008;8;;Chemin des Pâtres;43250;43185;Sainte-Florine;;;3.318191;45.397876
43185_0230_00042;42;;Rue Emile Roux;43250;43185;Sainte-Florine;;;3.310138;45.404051
43185_0510_00039;39;;Rue Pasteur;43250;43185;Sainte-Florine;;;3.320339;45.410886
43185_0060_00007;7;;Rue de Belgique;43250;43185;Sainte-Florine;;;3.317429;45.406204
43185_0484_00007;7;;Rue Nelson Mandela;43250;43185;Sainte-Florine;;;3.308665;45.404697
43185_0330_00055;55;;Avenue de Grande Bretagne;43250;43185;Sainte-Florine;;;3.321611;45.406644
43185_0525_00006;6;;Rue Pierre Bérégovoy;43250;43185;Sainte-Florine;;;3.311177;45.405056
43185_0510_00025;25;;Rue Pasteur;43250;43185;Sainte-Florine;;;3.320472;45.408885
43185_0580_00017;17;;Rue de l'Union Soviétique;43250;43185;Sainte-Florine;;;3.3175;45.404971
43185_0060_00004_bis;4;bis;Rue de Belgique;43250;43185;Sainte-Florine;;;3.318153;45.405849
43185_0350_00003;3;;Rue Guillaume de la Roche;43250;43185;Sainte-Florine;;;3.314929;45.407712
43185_0150_00008;8;;Place de la Croix des Horts;43250;43185;Sainte-Florine;;;3.319087;45.403426
43185_0040_00012;12;;Rue d'Armois;43250;43185;Sainte-Florine;;;3.31572;45.408196
43185_0160_00010;10;;Rue Danton;43250;43185;Sainte-Florine;;;3.318563;45.404375
43185_0490_00013;13;;Chemin des Mineurs;43250;43185;Sainte-Florine;;;3.31507;45.404547
43185_0001_00028;28;;Rue Ambroise Thomas;43250;43185;Sainte-Florine;;;3.313859;45.408039
43185_0060_00031;31;;Rue de Belgique;43250;43185;Sainte-Florine;;;3.317215;45.408403
43185_0510_00047;47;;Rue Pasteur;43250;43185;Sainte-Florine;;;3.3201;45.412224
43185_0490_00054;54;;Chemin des Mineurs;43250;43185;Sainte-Florine;;;3.309682;45.402718
43185_0560_00026;26;;Rue Royale;43250;43185;Sainte-Florine;;;3.317489;45.403683
43185_0039_00006;6;;Chemin d'Armois;43250;43185;Sainte-Florine;;;3.308409;45.41758
43185_0390_00068;68;;Rue Jules Ferry;43250;43185;Sainte-Florine;;;3.321651;45.400321
43185_0210_00013;13;;Rue des Ecoles;43250;43185;Sainte-Florine;;;3.321705;45.403815
43185_0580_00035;35;;Rue de l'Union Soviétique;43250;43185;Sainte-Florine;;;3.316257;45.404707
43185_0205_00023;23;;Rue des Gours;43250;43185;Sainte-Florine;;;3.312243;45.401322
43185_0150_00011;11;;Place de la Croix des Horts;43250;43185;Sainte-Florine;;;3.319703;45.403312
43185_0330_00008_bis;8;bis;Avenue de Grande Bretagne;43250;43185;Sainte-Florine;;;3.318854;45.40539
43185_0290_00010;10;;Rue Fouret;43250;43185;Sainte-Florine;;;3.313003;45.405706
43185_0600_00002;2;;Rue Vercingétorix;43250;43185;Sainte-Florine;;;3.320301;45.40333
43185_0578_00008;8;;Rue de Triebes;43250;43185;Sainte-Florine;;;3.311887;45.410207
43185_0250_00011;11;;Rue des Etats-unis;43250;43185;Sainte-Florine;;;3.318652;45.404586
43185_0244_00016;16;;Rue des Enfants de la Leuge;43250;43185;Sainte-Florine;;;3.32386;45.39165
43185_0560_00019;19;;Rue Royale;43250;43185;Sainte-Florine;;;3.31754;45.40333
43185_0330_00017;17;;Avenue de Grande Bretagne;43250;43185;Sainte-Florine;;;3.318982;45.40572
43185_0608_00016;16;;Rue des Verreries;43250;43185;Sainte-Florine;;;3.322622;45.392861
43185_0086_00004;4;;Chemin de Bourguet;43250;43185;Sainte-Florine;;;3.319042;45.399687
43185_0547_00004;4;;Rue Robert Schuman;43250;43185;Sainte-Florine;;;3.309673;45.410127
43185_0560_00051;51;;Rue Royale;43250;43185;Sainte-Florine;;;3.31412;45.402318
43185_0500_00021;21;;Rue du 11 Novembre;43250;43185;Sainte-Florine;;;3.314353;45.407051
43185_0500_00004;4;;Rue du 11 Novembre;43250;43185;Sainte-Florine;;;3.314475;45.406152
43185_0489_00002_bis;2;bis;Place Mendès France;43250;43185;Sainte-Florine;;;3.320119;45.402963
43185_0050_00013;13;;Rue Arnaud;43250;43185;Sainte-Florine;;;3.3188;45.401657
43185_0030_00005;5;;Rue Aristide Briand;43250;43185;Sainte-Florine;;;3.315905;45.405582
43185_0001_00007;7;;Rue Ambroise Thomas;43250;43185;Sainte-Florine;;;3.314834;45.406874
43185_8yryno_00010;10;;Rue Emilien et Marguerite Thomas;43250;43185;Sainte-Florine;;;3.311751;45.411181
43185_0560_00013;13;;Rue Royale;43250;43185;Sainte-Florine;;;3.317706;45.403572
43185_0140_00020;20;;Rue Clémenceau;43250;43185;Sainte-Florine;;;3.315913;45.407109
43185_0622_00012;12;;Avenue de la Vizade;43250;43185;Sainte-Florine;;;3.323101;45.395516
43185_0531_00003;3;;Impasse du Pré Bourguet;43250;43185;Sainte-Florine;;;3.317673;45.402772
43185_0330_00004_bis;4;bis;Avenue de Grande Bretagne;43250;43185;Sainte-Florine;;;3.318678;45.405183
43185_0040_00047;47;;Rue d'Armois;43250;43185;Sainte-Florine;;;3.312858;45.411966
43185_0380_00024;24;;Rue Jean-Jacques Rousseau;43250;43185;Sainte-Florine;;;3.315058;45.406008
43185_0330_00001;1;;Avenue de Grande Bretagne;43250;43185;Sainte-Florine;;;3.318497;45.405458
43185_0435_00010;10;;Impasse Julien Fayolle;43250;43185;Sainte-Florine;;;3.315765;45.405917
43185_0088_00003;3;;Chemin de la Buge du Bois;43250;43185;Sainte-Florine;;;3.327414;45.391392
43185_vacm5h_00011;11;;Chemin de la Direction;43250;43185;Sainte-Florine;;;3.307004;45.394749
43185_0608_00003;3;;Rue des Verreries;43250;43185;Sainte-Florine;;;3.323357;45.392052
43185_0057_00003;3;;Chemin de la Barette;43250;43185;Sainte-Florine;;;3.310348;45.403632
43185_0190_00042_bis;42;bis;Place Docteur Gigante;43250;43185;Sainte-Florine;;;3.318384;45.405141
43185_0350_00008;8;;Rue Guillaume de la Roche;43250;43185;Sainte-Florine;;;3.315169;45.407638
43185_0270_00007;7;;Rue Flandres Dunkerque;43250;43185;Sainte-Florine;;;3.318963;45.408594
43185_0490_00033;33;;Chemin des Mineurs;43250;43185;Sainte-Florine;;;3.311898;45.403544
43185_0320_00022;22;;Rue du Général Leclerc;43250;43185;Sainte-Florine;;;3.31606;45.403809
43185_0244_00008;8;;Rue des Enfants de la Leuge;43250;43185;Sainte-Florine;;;3.323938;45.391834
43185_0088_00006;6;;Chemin de la Buge du Bois;43250;43185;Sainte-Florine;;;3.327629;45.391054
43185_0490_00005;5;;Chemin des Mineurs;43250;43185;Sainte-Florine;;;3.315666;45.404784
43185_0010_00030;30;;Rue Anatole France;43250;43185;Sainte-Florine;;;3.320952;45.405006
43185_0145_00008;8;;Rue du Commerce;43250;43185;Sainte-Florine;;;3.326116;45.391015
43185_0040_00007;7;;Rue d'Armois;43250;43185;Sainte-Florine;;;3.315766;45.407694
43185_0540_00002;2;;Rue de la première Armée;43250;43185;Sainte-Florine;;;3.319709;45.409332
43185_0039_00001;1;;Chemin d'Armois;43250;43185;Sainte-Florine;;;3.30888;45.418613
43185_0275_00007;7;;Chemin de Fondary;43250;43185;Sainte-Florine;;;3.324155;45.397087
43185_0292_00007;7;;Place Francois Mitterrand;43250;43185;Sainte-Florine;;;3.319479;45.40518
43185_0040_00054;54;;Rue d'Armois;43250;43185;Sainte-Florine;;;3.313553;45.411711
43185_0005_00001_bis;1;bis;Rue de l'Air;43250;43185;Sainte-Florine;;;3.323583;45.407517
43185_0270_00013;13;;Rue Flandres Dunkerque;43250;43185;Sainte-Florine;;;3.318629;45.409845
43185_0650_00012;12;;Rue Jean Zay;43250;43185;Sainte-Florine;;;3.310299;45.406789
43185_0527_00001;1;;Chemin des Pireyres;43250;43185;Sainte-Florine;;;3.316711;45.399487
43185_0280_00001;1;;Impasse Fontevrault;43250;43185;Sainte-Florine;;;3.319099;45.404468
43185_0190_00002;2;;Place Docteur Gigante;43250;43185;Sainte-Florine;;;3.31825;45.405621
43185_0100_00011;11;;Rue de la Chapelle;43250;43185;Sainte-Florine;;;3.321825;45.406194
43185_0600_00011;11;;Rue Vercingétorix;43250;43185;Sainte-Florine;;;3.320478;45.404
43185_0510_00015;15;;Rue Pasteur;43250;43185;Sainte-Florine;;;3.320021;45.408232
43185_58s6ac_00009;9;;Quartier Bouxhors;43250;43185;Sainte-Florine;;;3.322339;45.387369
43185_0030_00003;3;;Rue Aristide Briand;43250;43185;Sainte-Florine;;;3.315878;45.40546
43185_0560_00044;44;;Rue Royale;43250;43185;Sainte-Florine;;;3.317094;45.403267
43185_0547_00017;17;;Rue Robert Schuman;43250;43185;Sainte-Florine;;;3.309652;45.409871
43185_0320_00015;15;;Rue du Général Leclerc;43250;43185;Sainte-Florine;;;3.316367;45.403701
43185_0460_00004;4;;Place de la Libération;43250;43185;Sainte-Florine;;;3.316123;45.405248
43185_0577_00002_ter;2;ter;Rue Germaine Tillion;43250;43185;Sainte-Florine;;;3.318268;45.395793
43185_0250_00007;7;;Rue des Etats-unis;43250;43185;Sainte-Florine;;;3.31854;45.40468
43185_0145_00031;31;;Rue du Commerce;43250;43185;Sainte-Florine;;;3.32522;45.389354
43185_0608_00008;8;;Rue des Verreries;43250;43185;Sainte-Florine;;;3.322973;45.39358
43185_0129_00001;1;;Impasse de Chenevaille;43250;43185;Sainte-Florine;;;3.320358;45.39887
43185_0484_00020;20;;Rue Nelson Mandela;43250;43185;Sainte-Florine;;;3.309043;45.406743
43185_0560_00023;23;;Rue Royale;43250;43185;Sainte-Florine;;;3.317339;45.40321
43185_0123_00008;8;;Rue des Chaumes;43250;43185;Sainte-Florine;;;3.323743;45.400018
43185_0542_00005;5;;Rue du Président;43250;43185;Sainte-Florine;;;3.308583;45.401337
43185_0088_00006_bis;6;bis;Chemin de la Buge du Bois;43250;43185;Sainte-Florine;;;3.327696;45.390973
43185_0145_00028;28;;Rue du Commerce;43250;43185;Sainte-Florine;;;3.325216;45.389682
43185_0123_00023;23;;Rue des Chaumes;43250;43185;Sainte-Florine;;;3.325265;45.400109
43185_0516_00014;14;;Chemin des Pâtres;43250;43185;Sainte-Florine;;;3.318499;45.397151
43185_0547_00016;16;;Rue Robert Schuman;43250;43185;Sainte-Florine;;;3.309511;45.410794
43185_8yryno_00016;16;;Rue Emilien et Marguerite Thomas;43250;43185;Sainte-Florine;;;3.311233;45.4106
43185_0260_00029;29;;Rue Eugène Gilbert;43250;43185;Sainte-Florine;;;3.319429;45.398614
43185_0560_00063;63;;Rue Royale;43250;43185;Sainte-Florine;;;3.312855;45.402341
43185_4gzuug_00009;9;;Rue Georges Brassens;43250;43185;Sainte-Florine;;;3.32509;45.403123
43185_0060_00033;33;;Rue de Belgique;43250;43185;Sainte-Florine;;;3.317175;45.408586
43185_0600_00001;1;;Rue Vercingétorix;43250;43185;Sainte-Florine;;;3.319739;45.403733
43185_0210_00018;18;;Rue des Ecoles;43250;43185;Sainte-Florine;;;3.320922;45.402939
43185_0430_00003;3;;Rue Julien Fayolle;43250;43185;Sainte-Florine;;;3.315408;45.405465
43185_0580_00030;30;;Rue de l'Union Soviétique;43250;43185;Sainte-Florine;;;3.317076;45.405052
43185_0542_00007;7;;Rue du Président;43250;43185;Sainte-Florine;;;3.3084;45.401203
43185_0523_00005;5;;Chemin de Pegray;43250;43185;Sainte-Florine;;;3.309792;45.401142
43185_0230_00045;45;;Rue Emile Roux;43250;43185;Sainte-Florine;;;3.313219;45.40537
43185_0345_00001;1;;Chemin de Grigues;43250;43185;Sainte-Florine;;;3.327932;45.393036
43185_0542_00034;34;;Rue du Président;43250;43185;Sainte-Florine;;;3.305647;45.398582
43185_0230_00052;52;;Rue Emile Roux;43250;43185;Sainte-Florine;;;3.308856;45.403585
43185_0516_00012;12;;Chemin des Pâtres;43250;43185;Sainte-Florine;;;3.318336;45.39744
43185_0330_00041;41;;Avenue de Grande Bretagne;43250;43185;Sainte-Florine;;;3.319661;45.406042
43185_0010_00055_bis;55;bis;Rue Anatole France;43250;43185;Sainte-Florine;;;3.324147;45.406865
43185_0484_00019;19;;Rue Nelson Mandela;43250;43185;Sainte-Florine;;;3.308396;45.405755
43185_0086_00008;8;;Chemin de Bourguet;43250;43185;Sainte-Florine;;;3.318912;45.399411
43185_0516_00019;19;;Chemin des Pâtres;43250;43185;Sainte-Florine;;;3.319717;45.395883
43185_0520_00001;1;;Impasse Paul Bert;43250;43185;Sainte-Florine;;;3.316476;45.404921
43185_0244_00052;52;;Rue des Enfants de la Leuge;43250;43185;Sainte-Florine;;;3.323371;45.390319
43185_0205_00017;17;;Rue des Gours;43250;43185;Sainte-Florine;;;3.312997;45.401083
43185_0548_00006;6;;Impasse la Rochille;43250;43185;Sainte-Florine;;;3.314714;45.408208
43185_vacm5h_00004;4;;Chemin de la Direction;43250;43185;Sainte-Florine;;;3.307387;45.394731
43185_0145_00015;15;;Rue du Commerce;43250;43185;Sainte-Florine;;;3.326489;45.39059
43185_0330_00006_bis;6;bis;Avenue de Grande Bretagne;43250;43185;Sainte-Florine;;;3.318799;45.405336
43185_0540_00007;7;;Rue de la première Armée;43250;43185;Sainte-Florine;;;3.319368;45.409213
43185_0565_00005;5;;Rue Saint-Férréol;43250;43185;Sainte-Florine;;;3.318875;45.404693
43185_0040_00011;11;;Rue d'Armois;43250;43185;Sainte-Florine;;;3.315718;45.407814
43185_0280_00013;13;;Impasse Fontevrault;43250;43185;Sainte-Florine;;;3.319507;45.40434
43185_0098_00016;16;;Chemin des Chanaux;43250;43185;Sainte-Florine;;;3.315044;45.41189
43185_0360_00003;3;;Rue du 8 Mai;43250;43185;Sainte-Florine;;;3.31988;45.411118
43185_0300_00016;16;;Rue Gabriel Péri;43250;43185;Sainte-Florine;;;3.321041;45.405703
43185_0205_00013;13;;Rue des Gours;43250;43185;Sainte-Florine;;;3.313498;45.400868
43185_0123_00019;19;;Rue des Chaumes;43250;43185;Sainte-Florine;;;3.324056;45.400133
43185_0142_00004;4;;Rue des Clostres;43250;43185;Sainte-Florine;;;3.31383;45.409958
43185_0527_00007;7;;Chemin des Pireyres;43250;43185;Sainte-Florine;;;3.316292;45.398818
43185_0060_00006;6;;Rue de Belgique;43250;43185;Sainte-Florine;;;3.317639;45.406115
43185_0097_00012;12;;Rue de Chamat;43250;43185;Sainte-Florine;;;3.323328;45.403991
43185_0086_00003;3;;Chemin de Bourguet;43250;43185;Sainte-Florine;;;3.319625;45.40082
43185_0220_00005;5;;Rue Elisabeth Barrody;43250;43185;Sainte-Florine;;;3.317336;45.405442
43185_0340_00012;12;;Chemin du Gravaure;43250;43185;Sainte-Florine;;;3.322049;45.407185
43185_0205_00016;16;;Rue des Gours;43250;43185;Sainte-Florine;;;3.314296;45.40094
43185_0240_00010;10;;Rue Emile Zola;43250;43185;Sainte-Florine;;;3.316389;45.406233
43185_0150_00010;10;;Place de la Croix des Horts;43250;43185;Sainte-Florine;;;3.318876;45.403387
43185_0250_00002;2;;Rue des Etats-unis;43250;43185;Sainte-Florine;;;3.318083;45.40505
43185_0230_00012;12;;Rue Emile Roux;43250;43185;Sainte-Florine;;;3.313946;45.405801
43185_0230_00055;55;;Rue Emile Roux;43250;43185;Sainte-Florine;;;3.31263;45.404735
43185_0210_00019;19;;Rue des Ecoles;43250;43185;Sainte-Florine;;;3.321402;45.403194
43185_0260_00030;30;;Rue Eugène Gilbert;43250;43185;Sainte-Florine;;;3.316254;45.400411
43185_0210_00011;11;;Rue des Ecoles;43250;43185;Sainte-Florine;;;3.321774;45.404013
43185_0123_00016;16;;Rue des Chaumes;43250;43185;Sainte-Florine;;;3.325237;45.399696
43185_0060_00032;32;;Rue de Belgique;43250;43185;Sainte-Florine;;;3.317461;45.408785
43185_0435_00014;14;;Impasse Julien Fayolle;43250;43185;Sainte-Florine;;;3.315593;45.405865
43185_0382_00010;10;;Rue Jean Moulin;43250;43185;Sainte-Florine;;;3.312975;45.409836
43185_0230_00008_bis;8;bis;Rue Emile Roux;43250;43185;Sainte-Florine;;;3.314987;45.405478
43185_0270_00014;14;;Rue Flandres Dunkerque;43250;43185;Sainte-Florine;;;3.319491;45.410265
43185_0060_00051;51;;Rue de Belgique;43250;43185;Sainte-Florine;;;3.317273;45.409865
43185_0097_00021;21;;Rue de Chamat;43250;43185;Sainte-Florine;;;3.323723;45.403337
43185_0340_00022;22;;Chemin du Gravaure;43250;43185;Sainte-Florine;;;3.322753;45.407126
43185_0170_00024;24;;Rue Denis Papin;43250;43185;Sainte-Florine;;;3.311215;45.406797
43185_0390_00032;32;;Rue Jules Ferry;43250;43185;Sainte-Florine;;;3.319646;45.402579
43185_0622_00001;1;;Avenue de la Vizade;43250;43185;Sainte-Florine;;;3.322406;45.398336
43185_0572_00004;4;;Rue Sous la Coste;43250;43185;Sainte-Florine;;;3.321098;45.388162
43185_0420_00008;8;;Rue Jules Vallès;43250;43185;Sainte-Florine;;;3.319327;45.40379
43185_0525_00008;8;;Rue Pierre Bérégovoy;43250;43185;Sainte-Florine;;;3.311065;45.405283
43185_0050_00028;28;;Rue Arnaud;43250;43185;Sainte-Florine;;;3.317719;45.400711
43185_0516_00026;26;;Chemin des Pâtres;43250;43185;Sainte-Florine;;;3.319424;45.395399
43185_0210_00004_bis;4;bis;Rue des Ecoles;43250;43185;Sainte-Florine;;;3.321558;45.404343
43185_0090_00001;1;;Rue Casati;43250;43185;Sainte-Florine;;;3.316819;45.404763
43185_0230_00048;48;;Rue Emile Roux;43250;43185;Sainte-Florine;;;3.309551;45.403846
43185_0622_00032;32;;Avenue de la Vizade;43250;43185;Sainte-Florine;;;3.323654;45.394381
43185_0205_00024;24;;Rue des Gours;43250;43185;Sainte-Florine;;;3.312778;45.40135
43185_0560_00076;76;;Rue Royale;43250;43185;Sainte-Florine;;;3.312134;45.402645
43185_0275_00011;11;;Chemin de Fondary;43250;43185;Sainte-Florine;;;3.324378;45.397181
43185_4gzuug_00004;4;;Rue Georges Brassens;43250;43185;Sainte-Florine;;;3.324574;45.402888
43185_0260_00040;40;;Rue Eugène Gilbert;43250;43185;Sainte-Florine;;;3.317319;45.399538
43185_0622_00026;26;;Avenue de la Vizade;43250;43185;Sainte-Florine;;;3.323252;45.394878
43185_0020_00002;2;;Rue Antoine Gasquet;43250;43185;Sainte-Florine;;;3.318121;45.404354
43185_0580_00011;11;;Rue de l'Union Soviétique;43250;43185;Sainte-Florine;;;3.317616;45.405015
43185_0390_00078;78;;Rue Jules Ferry;43250;43185;Sainte-Florine;;;3.321684;45.399537
43185_0430_00008;8;;Rue Julien Fayolle;43250;43185;Sainte-Florine;;;3.315675;45.405664
43185_0608_00014_bis;14;bis;Rue des Verreries;43250;43185;Sainte-Florine;;;3.322921;45.392879
43185_0060_00018;18;;Rue de Belgique;43250;43185;Sainte-Florine;;;3.317607;45.40727
43185_0086_00019;19;;Chemin de Bourguet;43250;43185;Sainte-Florine;;;3.319444;45.399487
43185_0410_00002;2;;Rue Jules Maigne;43250;43185;Sainte-Florine;;;3.319647;45.405756
43185_0098_00004;4;;Chemin des Chanaux;43250;43185;Sainte-Florine;;;3.314875;45.411318
43185_0060_00059;59;;Rue de Belgique;43250;43185;Sainte-Florine;;;3.317269;45.41045
43185_0205_00002;2;;Rue des Gours;43250;43185;Sainte-Florine;;;3.316335;45.400144
43185_vacm5h_00002;2;;Chemin de la Direction;43250;43185;Sainte-Florine;;;3.307663;45.394439
43185_0001_00004;4;;Rue Ambroise Thomas;43250;43185;Sainte-Florine;;;3.314653;45.407162
43185_0362_00016;16;;Rue Jacques Brel;43250;43185;Sainte-Florine;;;3.310943;45.411478
43185_0160_00002;2;;Rue Danton;43250;43185;Sainte-Florine;;;3.318287;45.404235
43185_0002_00002;2;;Rue des Acacias;43250;43185;Sainte-Florine;;;3.321236;45.397615
43185_0089_00004;4;;Chemin du Caffort;43250;43185;Sainte-Florine;;;3.315615;45.40655
43185_0560_00021;21;;Rue Royale;43250;43185;Sainte-Florine;;;3.317453;45.403271
43185_0098_00003;3;;Chemin des Chanaux;43250;43185;Sainte-Florine;;;3.314489;45.411423
43185_0050_00006_bis;6;bis;Rue Arnaud;43250;43185;Sainte-Florine;;;3.318935;45.402751
43185_0580_00027;27;;Rue de l'Union Soviétique;43250;43185;Sainte-Florine;;;3.316656;45.404753
43185_0608_00020;20;;Rue des Verreries;43250;43185;Sainte-Florine;;;3.323137;45.392334
43185_0040_00006;6;;Rue d'Armois;43250;43185;Sainte-Florine;;;3.315955;45.407791
43185_0030_00009;9;;Rue Aristide Briand;43250;43185;Sainte-Florine;;;3.316118;45.405671
43185_0123_00014;14;;Rue des Chaumes;43250;43185;Sainte-Florine;;;3.32499;45.399588
43185_0010_00011;11;;Rue Anatole France;43250;43185;Sainte-Florine;;;3.318807;45.404964
43185_0205_00009;9;;Rue des Gours;43250;43185;Sainte-Florine;;;3.3145;45.400496
43185_0486_00005;5;;Rue des Mâtres;43250;43185;Sainte-Florine;;;3.310311;45.405746
43185_0390_00042;42;;Rue Jules Ferry;43250;43185;Sainte-Florine;;;3.320295;45.40206
43185_0230_00063;63;;Rue Emile Roux;43250;43185;Sainte-Florine;;;3.311846;45.404484
43185_0050_00018;18;;Rue Arnaud;43250;43185;Sainte-Florine;;;3.317557;45.401632
43185_0250_00009;9;;Rue des Etats-unis;43250;43185;Sainte-Florine;;;3.3186;45.404634
43185_0090_00003_bis;3;bis;Rue Casati;43250;43185;Sainte-Florine;;;3.317038;45.404756
43185_0120_00008;8;;Rue du Château;43250;43185;Sainte-Florine;;;3.315509;45.407697
43185_0040_00044;44;;Rue d'Armois;43250;43185;Sainte-Florine;;;3.314;45.411319
43185_0145_00017;17;;Rue du Commerce;43250;43185;Sainte-Florine;;;3.326131;45.390732
43185_0362_00007;7;;Rue Jacques Brel;43250;43185;Sainte-Florine;;;3.311555;45.411449
43185_0060_00014;14;;Rue de Belgique;43250;43185;Sainte-Florine;;;3.317698;45.406713
43185_0088_00022;22;;Chemin de la Buge du Bois;43250;43185;Sainte-Florine;;;3.325341;45.389286
43185_0270_00032;32;;Rue Flandres Dunkerque;43250;43185;Sainte-Florine;;;3.3191;45.41232
43185_0145_00026;26;;Rue du Commerce;43250;43185;Sainte-Florine;;;3.325322;45.389812
43185_0590_00001;1;;Rue Veisseyre;43250;43185;Sainte-Florine;;;3.316843;45.40734
43185_8yryno_00006;6;;Rue Emilien et Marguerite Thomas;43250;43185;Sainte-Florine;;;3.312743;45.411252
43185_0490_00019;19;;Chemin des Mineurs;43250;43185;Sainte-Florine;;;3.313755;45.404044
43185_0362_00011;11;;Rue Jacques Brel;43250;43185;Sainte-Florine;;;3.310788;45.411269
43185_0606_00001;1;;Impasse du Verger;43250;43185;Sainte-Florine;;;3.320948;45.404546
43185_0550_00007;7;;Rue Roger Joffe;43250;43185;Sainte-Florine;;;3.314996;45.403879
43185_0290_00009;9;;Rue Fouret;43250;43185;Sainte-Florine;;;3.311836;45.406078
43185_0516_00004;4;;Chemin des Pâtres;43250;43185;Sainte-Florine;;;3.318172;45.398298
43185_0420_00023_bis;23;bis;Rue Jules Vallès;43250;43185;Sainte-Florine;;;3.319608;45.403771
43185_0145_00038;38;;Rue du Commerce;43250;43185;Sainte-Florine;;;3.324305;45.388851
43185_0146_00002;2;;Rue des Côteaux de la Vizade;43250;43185;Sainte-Florine;;;3.32267;45.398872
43185_0097_00015;15;;Rue de Chamat;43250;43185;Sainte-Florine;;;3.32377;45.403934
43185_0230_00035;35;;Rue Emile Roux;43250;43185;Sainte-Florine;;;3.313104;45.405555
43185_0486_00007_bis;7;bis;Rue des Mâtres;43250;43185;Sainte-Florine;;;3.309767;45.405672
43185_0004_00001;1;;Place Alfred Biscarlet;43250;43185;Sainte-Florine;;;3.316329;45.405919
43185_0086_00001;1;;Chemin de Bourguet;43250;43185;Sainte-Florine;;;3.318862;45.40083
43185_x634t1_00008;8;;rue d'Arrest;43250;43185;Sainte-Florine;;;3.324578;45.392471
43185_0123_00001_b;1;b;Rue des Chaumes;43250;43185;Sainte-Florine;;;3.322894;45.401413
43185_0572_00010;10;;Rue Sous la Coste;43250;43185;Sainte-Florine;;;3.32246;45.387979
43185_0320_00006;6;;Rue du Général Leclerc;43250;43185;Sainte-Florine;;;3.317253;45.404159
43185_0060_00029;29;;Rue de Belgique;43250;43185;Sainte-Florine;;;3.317217;45.408163
43185_0097_00017;17;;Rue de Chamat;43250;43185;Sainte-Florine;;;3.323737;45.403573
43185_0205_00005;5;;Rue des Gours;43250;43185;Sainte-Florine;;;3.315197;45.400219
43185_0140_00011;11;;Rue Clémenceau;43250;43185;Sainte-Florine;;;3.316508;45.406424
43185_0145_00042_bis;42;bis;Rue du Commerce;43250;43185;Sainte-Florine;;;3.323837;45.388741
43185_0362_00028;28;;Rue Jacques Brel;43250;43185;Sainte-Florine;;;3.309473;45.411484
43185_0360_00008;8;;Rue du 8 Mai;43250;43185;Sainte-Florine;;;3.31919;45.411019
43185_0571_00004;4;;Place Jean Jaurès-Simonette;43250;43185;Sainte-Florine;;;3.31856;45.403898
43185_0097_00020;20;;Rue de Chamat;43250;43185;Sainte-Florine;;;3.323309;45.403473
43185_8yryno_00008;8;;Rue Emilien et Marguerite Thomas;43250;43185;Sainte-Florine;;;3.311951;45.410974
43185_0622_00007;7;;Avenue de la Vizade;43250;43185;Sainte-Florine;;;3.322842;45.397472
43185_0210_00021_bis;21;bis;Rue des Ecoles;43250;43185;Sainte-Florine;;;3.321416;45.402961
43185_0330_00044;44;;Avenue de Grande Bretagne;43250;43185;Sainte-Florine;;;3.321094;45.406285
43185_0410_00001;1;;Rue Jules Maigne;43250;43185;Sainte-Florine;;;3.319554;45.405871
43185_0001_00041;41;;Rue Ambroise Thomas;43250;43185;Sainte-Florine;;;3.309599;45.409204
43185_0270_00016;16;;Rue Flandres Dunkerque;43250;43185;Sainte-Florine;;;3.31902;45.410549
43185_0123_00011;11;;Rue des Chaumes;43250;43185;Sainte-Florine;;;3.324627;45.400795
43185_0542_00040;40;;Rue du Président;43250;43185;Sainte-Florine;;;3.305132;45.397963
43185_0330_00032_bis;32;bis;Avenue de Grande Bretagne;43250;43185;Sainte-Florine;;;3.320322;45.406176
43185_0330_00030;30;;Avenue de Grande Bretagne;43250;43185;Sainte-Florine;;;3.320177;45.406156
43185_0330_00035_bis;35;bis;Avenue de Grande Bretagne;43250;43185;Sainte-Florine;;;3.319487;45.405954
43185_0578_00002;2;;Rue de Triebes;43250;43185;Sainte-Florine;;;3.312083;45.410683
43185_0260_00035;35;;Rue Eugène Gilbert;43250;43185;Sainte-Florine;;;3.320694;45.398283
43185_0400_00001;1;;Impasse Jules Guesdes;43250;43185;Sainte-Florine;;;3.313396;45.405691
43185_0240_00016;16;;Rue Emile Zola;43250;43185;Sainte-Florine;;;3.316512;45.406403
43185_0380_00020;20;;Rue Jean-Jacques Rousseau;43250;43185;Sainte-Florine;;;3.315312;45.406051
43185_0622_00010;10;;Avenue de la Vizade;43250;43185;Sainte-Florine;;;3.322661;45.396784
43185_0100_00003;3;;Rue de la Chapelle;43250;43185;Sainte-Florine;;;3.321271;45.406088
43185_0560_00001;1;;Rue Royale;43250;43185;Sainte-Florine;;;3.318347;45.40457
43185_0110_00047_bis;47;bis;Route de Charbonnier;43250;43185;Sainte-Florine;;;3.310755;45.418305
43185_0531_00006;6;;Impasse du Pré Bourguet;43250;43185;Sainte-Florine;;;3.317681;45.402523
43185_0362_00004;4;;Rue Jacques Brel;43250;43185;Sainte-Florine;;;3.312293;45.411931
43185_0060_00065;65;;Rue de Belgique;43250;43185;Sainte-Florine;;;3.316901;45.410892
43185_0622_00009;9;;Avenue de la Vizade;43250;43185;Sainte-Florine;;;3.323293;45.395793
43185_0490_00056;56;;Chemin des Mineurs;43250;43185;Sainte-Florine;;;3.309361;45.402619
43185_0565_00002;2;;Rue Saint-Férréol;43250;43185;Sainte-Florine;;;3.318611;45.404667
43185_0290_00007;7;;Rue Fouret;43250;43185;Sainte-Florine;;;3.311309;45.405532
43185_0200_00002;2;;Rue du Docteur Gigante;43250;43185;Sainte-Florine;;;3.320443;45.405918
43185_0244_00038_bis;38;bis;Rue des Enfants de la Leuge;43250;43185;Sainte-Florine;;;3.323563;45.390881
43185_0060_00036;36;;Rue de Belgique;43250;43185;Sainte-Florine;;;3.317494;45.409026
43185_0330_00028_bis;28;bis;Avenue de Grande Bretagne;43250;43185;Sainte-Florine;;;3.320197;45.40561
43185_0290_00003;3;;Rue Fouret;43250;43185;Sainte-Florine;;;3.31203;45.405685
43185_0484_00015;15;;Rue Nelson Mandela;43250;43185;Sainte-Florine;;;3.308419;45.405324
43185_0330_00034;34;;Avenue de Grande Bretagne;43250;43185;Sainte-Florine;;;3.320519;45.406243
43185_0120_00014;14;;Rue du Château;43250;43185;Sainte-Florine;;;3.315463;45.407868
43185_0382_00009;9;;Rue Jean Moulin;43250;43185;Sainte-Florine;;;3.313069;45.410037
43185_0040_00033;33;;Rue d'Armois;43250;43185;Sainte-Florine;;;3.314283;45.410734
43185_0145_00027;27;;Rue du Commerce;43250;43185;Sainte-Florine;;;3.325757;45.389781
43185_0001_00009_bis;9;bis;Rue Ambroise Thomas;43250;43185;Sainte-Florine;;;3.314546;45.406999
43185_0040_00013;13;;Rue d'Armois;43250;43185;Sainte-Florine;;;3.315679;45.407904
43185_0510_00014_bis;14;bis;Rue Pasteur;43250;43185;Sainte-Florine;;;3.320744;45.408822
43185_0330_00028_ter;28;ter;Avenue de Grande Bretagne;43250;43185;Sainte-Florine;;;3.320125;45.405695
43185_0060_00004;4;;Rue de Belgique;43250;43185;Sainte-Florine;;;3.318087;45.405721
43185_0362_00020;20;;Rue Jacques Brel;43250;43185;Sainte-Florine;;;3.310654;45.411776
43185_0145_00006;6;;Rue du Commerce;43250;43185;Sainte-Florine;;;3.326225;45.391115
43185_0292_00001;1;;Place Francois Mitterrand;43250;43185;Sainte-Florine;;;3.319468;45.405637
43185_0440_00022;22;;Rue Lafayette;43250;43185;Sainte-Florine;;;3.316696;45.405646
43185_0286_00017;17;;Impasse des Forges;43250;43185;Sainte-Florine;;;3.324128;45.396834
43185_0230_00034;34;;Rue Emile Roux;43250;43185;Sainte-Florine;;;3.311892;45.404689
43185_0520_00002;2;;Impasse Paul Bert;43250;43185;Sainte-Florine;;;3.31663;45.404914
43185_0146_00012;12;;Rue des Côteaux de la Vizade;43250;43185;Sainte-Florine;;;3.323954;45.398881
43185_0362_00015;15;;Rue Jacques Brel;43250;43185;Sainte-Florine;;;3.309401;45.411193
43185_0060_00003_bis;3;bis;Rue de Belgique;43250;43185;Sainte-Florine;;;3.317653;45.405685
43185_0622_00005;5;;Avenue de la Vizade;43250;43185;Sainte-Florine;;;3.32265;45.397732
43185_0010_00049;49;;Rue Anatole France;43250;43185;Sainte-Florine;;;3.320844;45.405137
43185_0091_00006;6;;Rue Jean Catinot;43250;43185;Sainte-Florine;;;3.323099;45.402094
43185_0484_00005;5;;Rue Nelson Mandela;43250;43185;Sainte-Florine;;;3.30869;45.404498
43185_0260_00036;36;;Rue Eugène Gilbert;43250;43185;Sainte-Florine;;;3.316908;45.399732
43185_0390_00034;34;;Rue Jules Ferry;43250;43185;Sainte-Florine;;;3.319695;45.40253
43185_0030_00004;4;;Rue Aristide Briand;43250;43185;Sainte-Florine;;;3.315696;45.405321
43185_0547_00022;22;;Rue Robert Schuman;43250;43185;Sainte-Florine;;;3.309981;45.410588
43185_0086_00005;5;;Chemin de Bourguet;43250;43185;Sainte-Florine;;;3.319013;45.400471
43185_0470_00001_bis;1;bis;Place Louis Conte;43250;43185;Sainte-Florine;;;3.318959;45.404595
43185_0080_00004;4;;Rue Blanqui;43250;43185;Sainte-Florine;;;3.318204;45.403979
43185_0244_00036;36;;Rue des Enfants de la Leuge;43250;43185;Sainte-Florine;;;3.323626;45.39098
43185_0260_00005;5;;Rue Eugène Gilbert;43250;43185;Sainte-Florine;;;3.315624;45.402069
43185_0440_00006;6;;Rue Lafayette;43250;43185;Sainte-Florine;;;3.316714;45.405126
43185_0270_00038;38;;Rue Flandres Dunkerque;43250;43185;Sainte-Florine;;;3.319088;45.412588
43185_0270_00030;30;;Rue Flandres Dunkerque;43250;43185;Sainte-Florine;;;3.319018;45.412114
43185_0570_00004;4;;Rue de Seiverag;43250;43185;Sainte-Florine;;;3.315795;45.407526
43185_0040_00016;16;;Rue d'Armois;43250;43185;Sainte-Florine;;;3.315573;45.408557
43185_0100_00001;1;;Rue de la Chapelle;43250;43185;Sainte-Florine;;;3.321103;45.406085
43185_0060_00048;48;;Rue de Belgique;43250;43185;Sainte-Florine;;;3.317623;45.410437
43185_0608_00010;10;;Rue des Verreries;43250;43185;Sainte-Florine;;;3.323025;45.393181
43185_0490_00016;16;;Chemin des Mineurs;43250;43185;Sainte-Florine;;;3.314288;45.40434
43185_58s6ac_00001;1;;Quartier Bouxhors;43250;43185;Sainte-Florine;;;3.321844;45.387165
43185_0040_00034;34;;Rue d'Armois;43250;43185;Sainte-Florine;;;3.314898;45.410383
43185_0345_00005;5;;Chemin de Grigues;43250;43185;Sainte-Florine;;;3.328197;45.392574
43185_0146_00020;20;;Rue des Côteaux de la Vizade;43250;43185;Sainte-Florine;;;3.32569;45.398669
43185_0010_00051_bis;51;bis;Rue Anatole France;43250;43185;Sainte-Florine;;;3.321737;45.405247
43185_0580_00007;7;;Rue de l'Union Soviétique;43250;43185;Sainte-Florine;;;3.31773;45.40502
43185_0460_00008;8;;Place de la Libération;43250;43185;Sainte-Florine;;;3.315924;45.405259
43185_0142_00008;8;;Rue des Clostres;43250;43185;Sainte-Florine;;;3.31334;45.410223
43185_0050_00020;20;;Rue Arnaud;43250;43185;Sainte-Florine;;;3.318546;45.401399
43185_0123_00001_c;1;c;Rue des Chaumes;43250;43185;Sainte-Florine;;;3.322506;45.401349
43185_0362_00034;34;;Rue Jacques Brel;43250;43185;Sainte-Florine;;;3.309635;45.41183
43185_0001_00037;37;;Rue Ambroise Thomas;43250;43185;Sainte-Florine;;;3.310052;45.408688
43185_0040_00002;2;;Rue d'Armois;43250;43185;Sainte-Florine;;;3.316078;45.407464
43185_0484_00016;16;;Rue Nelson Mandela;43250;43185;Sainte-Florine;;;3.308893;45.406156
43185_0260_00015;15;;Rue Eugène Gilbert;43250;43185;Sainte-Florine;;;3.316168;45.401164
43185_0260_00018;18;;Rue Eugène Gilbert;43250;43185;Sainte-Florine;;;3.315844;45.401239
43185_0560_00082;82;;Rue Royale;43250;43185;Sainte-Florine;;;3.310995;45.402405
43185_0577_00002;2;;Rue Germaine Tillion;43250;43185;Sainte-Florine;;;3.318719;45.396365
43185_0580_00018;18;;Rue de l'Union Soviétique;43250;43185;Sainte-Florine;;;3.317335;45.40512
43185_4gzuug_00007;7;;Rue Georges Brassens;43250;43185;Sainte-Florine;;;3.324841;45.403153
43185_0145_00002;2;;Rue du Commerce;43250;43185;Sainte-Florine;;;3.326682;45.391602
43185_0490_00038;38;;Chemin des Mineurs;43250;43185;Sainte-Florine;;;3.31211;45.403783
43185_0560_00009;9;;Rue Royale;43250;43185;Sainte-Florine;;;3.317846;45.404065
43185_0060_00038;38;;Rue de Belgique;43250;43185;Sainte-Florine;;;3.317494;45.409114
43185_0542_00032;32;;Rue du Président;43250;43185;Sainte-Florine;;;3.307091;45.399903
43185_0531_00005;5;;Impasse du Pré Bourguet;43250;43185;Sainte-Florine;;;3.317649;45.402705
43185_0145_00030;30;;Rue du Commerce;43250;43185;Sainte-Florine;;;3.325055;45.389494
43185_0525_00005;5;;Rue Pierre Bérégovoy;43250;43185;Sainte-Florine;;;3.310852;45.405101
43185_0123_00003;3;;Rue des Chaumes;43250;43185;Sainte-Florine;;;3.32377;45.401288
43185_0410_00006;6;;Rue Jules Maigne;43250;43185;Sainte-Florine;;;3.3198;45.40586
43185_0086_00006;6;;Chemin de Bourguet;43250;43185;Sainte-Florine;;;3.319153;45.399408
43185_0487_00014;14;;Rue de Mègecoste;43250;43185;Sainte-Florine;;;3.32643;45.392261
43185_0527_00008;8;;Chemin des Pireyres;43250;43185;Sainte-Florine;;;3.315103;45.397748
43185_0145_00005;5;;Rue du Commerce;43250;43185;Sainte-Florine;;;3.326636;45.391258
43185_0484_00001;1;;Rue Nelson Mandela;43250;43185;Sainte-Florine;;;3.308348;45.404261
43185_0278_00005;5;;Chemin de la Fontaine des Chiens;43250;43185;Sainte-Florine;;;3.319271;45.412898
43185_0060_00075;75;;Rue de Belgique;43250;43185;Sainte-Florine;;;3.317245;45.411611
43185_0001_00014;14;;Rue Ambroise Thomas;43250;43185;Sainte-Florine;;;3.31457;45.407447
43185_0526_00007;7;;Rue Pierre et Marie Curie;43250;43185;Sainte-Florine;;;3.310365;45.410927
43185_0060_00029_bis;29;bis;Rue de Belgique;43250;43185;Sainte-Florine;;;3.317219;45.408281
43185_0320_00026;26;;Rue du Général Leclerc;43250;43185;Sainte-Florine;;;3.315271;45.403585
43185_0205_00015;15;;Rue des Gours;43250;43185;Sainte-Florine;;;3.31325;45.401011
43185_0145_00014;14;;Rue du Commerce;43250;43185;Sainte-Florine;;;3.325739;45.390533
43185_0220_00028;28;;Rue Elisabeth Barrody;43250;43185;Sainte-Florine;;;3.316719;45.405446
43185_861z8a_00005;5;;Chemin de Pierre Blanche;43250;43185;Sainte-Florine;;;3.314998;45.398608
43185_0040_00037;37;;Rue d'Armois;43250;43185;Sainte-Florine;;;3.314044;45.410986
43185_0580_00034_ter;34;ter;Rue de l'Union Soviétique;43250;43185;Sainte-Florine;;;3.316892;45.405093
43185_0060_00054;54;;Rue de Belgique;43250;43185;Sainte-Florine;;;3.31765;45.410865
43185_0270_00027;27;;Rue Flandres Dunkerque;43250;43185;Sainte-Florine;;;3.318622;45.411489
43185_0345_00003;3;;Chemin de Grigues;43250;43185;Sainte-Florine;;;3.328013;45.392849
43185_0060_00071;71;;Rue de Belgique;43250;43185;Sainte-Florine;;;3.317341;45.411255
43185_0490_00015;15;;Chemin des Mineurs;43250;43185;Sainte-Florine;;;3.314272;45.404191
43185_0610_00012;12;;Place Victor Hugo;43250;43185;Sainte-Florine;;;3.314906;45.407317
43185_58s6ac_00011;11;;Quartier Bouxhors;43250;43185;Sainte-Florine;;;3.322733;45.387513
43185_0571_00012;12;;Place Jean Jaurès-Simonette;43250;43185;Sainte-Florine;;;3.318826;45.40372
43185_0490_00041;41;;Chemin des Mineurs;43250;43185;Sainte-Florine;;;3.310664;45.403115
43185_0270_00029;29;;Rue Flandres Dunkerque;43250;43185;Sainte-Florine;;;3.318638;45.411796
43185_0545_00008;8;;Place de la Résistance;43250;43185;Sainte-Florine;;;3.322866;45.39435
43185_0060_00026;26;;Rue de Belgique;43250;43185;Sainte-Florine;;;3.317592;45.408102
43185_0120_00010;10;;Rue du Château;43250;43185;Sainte-Florine;;;3.315465;45.407749
43185_0560_00049;49;;Rue Royale;43250;43185;Sainte-Florine;;;3.314267;45.40236
43185_0280_00007_bis;7;bis;Impasse Fontevrault;43250;43185;Sainte-Florine;;;3.31938;45.404494
43185_4gzuug_00003;3;;Rue Georges Brassens;43250;43185;Sainte-Florine;;;3.324105;45.403251
43185_0220_00006;6;;Rue Elisabeth Barrody;43250;43185;Sainte-Florine;;;3.317403;45.40559
43185_0140_00009;9;;Rue Clémenceau;43250;43185;Sainte-Florine;;;3.316707;45.40641
43185_0510_00041;41;;Rue Pasteur;43250;43185;Sainte-Florine;;;3.320178;45.411562
43185_0362_00014;14;;Rue Jacques Brel;43250;43185;Sainte-Florine;;;3.311648;45.411579
43185_0200_00004;4;;Rue du Docteur Gigante;43250;43185;Sainte-Florine;;;3.320477;45.405786
43185_0572_00008;8;;Rue Sous la Coste;43250;43185;Sainte-Florine;;;3.322135;45.388376
43185_0260_00022_bis;22;bis;Rue Eugène Gilbert;43250;43185;Sainte-Florine;;;3.315957;45.400925
43185_0320_00009;9;;Rue du Général Leclerc;43250;43185;Sainte-Florine;;;3.317034;45.403935
43185_0484_00009;9;;Rue Nelson Mandela;43250;43185;Sainte-Florine;;;3.308349;45.404753
43185_0548_00001;1;;Impasse la Rochille;43250;43185;Sainte-Florine;;;3.313928;45.408225
43185_0580_00019;19;;Rue de l'Union Soviétique;43250;43185;Sainte-Florine;;;3.317429;45.404952
43185_0100_00005;5;;Rue de la Chapelle;43250;43185;Sainte-Florine;;;3.321439;45.40609
43185_0001_00012;12;;Rue Ambroise Thomas;43250;43185;Sainte-Florine;;;3.314674;45.407367
43185_0542_00016;16;;Rue du Président;43250;43185;Sainte-Florine;;;3.308492;45.401828
43185_0560_00060_bis;60;bis;Rue Royale;43250;43185;Sainte-Florine;;;3.313888;45.402871
43185_0608_00006;6;;Rue des Verreries;43250;43185;Sainte-Florine;;;3.322893;45.39372
43185_0250_00026;26;;Rue des Etats-unis;43250;43185;Sainte-Florine;;;3.318499;45.404046
43185_0260_00024;24;;Rue Eugène Gilbert;43250;43185;Sainte-Florine;;;3.316129;45.400802
43185_0510_00011;11;;Rue Pasteur;43250;43185;Sainte-Florine;;;3.31994;45.407889
43185_0435_00002;2;;Impasse Julien Fayolle;43250;43185;Sainte-Florine;;;3.315697;45.405668
43185_0368_00005;5;;Rue des Jardiniers;43250;43185;Sainte-Florine;;;3.323148;45.400765
43185_0145_00032;32;;Rue du Commerce;43250;43185;Sainte-Florine;;;3.324893;45.389313
43185_0001_00039;39;;Rue Ambroise Thomas;43250;43185;Sainte-Florine;;;3.309762;45.4088
43185_0190_00022;22;;Place Docteur Gigante;43250;43185;Sainte-Florine;;;3.317854;45.405359
43185_0577_00003;3;;Rue Germaine Tillion;43250;43185;Sainte-Florine;;;3.317668;45.396114
43185_0170_00011;11;;Rue Denis Papin;43250;43185;Sainte-Florine;;;3.312494;45.40671
43185_0145_00001;1;;Rue du Commerce;43250;43185;Sainte-Florine;;;3.326803;45.39145
43185_861z8a_00003;3;;Chemin de Pierre Blanche;43250;43185;Sainte-Florine;;;3.315504;45.399404
43185_0542_00038;38;;Rue du Président;43250;43185;Sainte-Florine;;;3.305038;45.398204
43185_0487_00013;13;;Rue de Mègecoste;43250;43185;Sainte-Florine;;;3.327423;45.392074
43185_0542_00011;11;;Rue du Président;43250;43185;Sainte-Florine;;;3.308163;45.400908
43185_0382_00002;2;;Rue Jean Moulin;43250;43185;Sainte-Florine;;;3.31223;45.409504
43185_0572_00007_bis;7;bis;Rue Sous la Coste;43250;43185;Sainte-Florine;;;3.32278;45.388531
43185_0490_00002;2;;Chemin des Mineurs;43250;43185;Sainte-Florine;;;3.315633;45.40483
43185_0129_00007;7;;Impasse de Chenevaille;43250;43185;Sainte-Florine;;;3.32083;45.398834
43185_0300_00010_bis;10;bis;Rue Gabriel Péri;43250;43185;Sainte-Florine;;;3.320991;45.405902
43185_0140_00019;19;;Rue Clémenceau;43250;43185;Sainte-Florine;;;3.315806;45.406998
43185_0120_00002;2;;Rue du Château;43250;43185;Sainte-Florine;;;3.315585;45.407508
43185_0260_00044;44;;Rue Eugène Gilbert;43250;43185;Sainte-Florine;;;3.317712;45.399339
43185_0230_00077;77;;Rue Emile Roux;43250;43185;Sainte-Florine;;;3.308647;45.403263
43185_0060_00073;73;;Rue de Belgique;43250;43185;Sainte-Florine;;;3.31736;45.411427
43185_0560_00080;80;;Rue Royale;43250;43185;Sainte-Florine;;;3.311385;45.402536
43185_0300_00002;2;;Rue Gabriel Péri;43250;43185;Sainte-Florine;;;3.320887;45.406208
43185_0146_00011;11;;Rue des Côteaux de la Vizade;43250;43185;Sainte-Florine;;;3.325319;45.399187
43185_0020_00008;8;;Rue Antoine Gasquet;43250;43185;Sainte-Florine;;;3.318261;45.404077
43185_0170_00002;2;;Rue Denis Papin;43250;43185;Sainte-Florine;;;3.313971;45.407317
43185_0550_00005;5;;Rue Roger Joffe;43250;43185;Sainte-Florine;;;3.314956;45.403945
43185_0250_00008;8;;Rue des Etats-unis;43250;43185;Sainte-Florine;;;3.317959;45.404848
43185_0484_00022;22;;Rue Nelson Mandela;43250;43185;Sainte-Florine;;;3.309083;45.406914
43185_0060_00005;5;;Rue de Belgique;43250;43185;Sainte-Florine;;;3.317595;45.405887
43185_0608_00018;18;;Rue des Verreries;43250;43185;Sainte-Florine;;;3.323205;45.392561
43185_0020_00004;4;;Rue Antoine Gasquet;43250;43185;Sainte-Florine;;;3.318166;45.404279
43185_0060_00016_bis;16;bis;Rue de Belgique;43250;43185;Sainte-Florine;;;3.317585;45.406982
43185_0097_00006;6;;Rue de Chamat;43250;43185;Sainte-Florine;;;3.323284;45.404748
43185_0090_00003;3;;Rue Casati;43250;43185;Sainte-Florine;;;3.316916;45.404741
43185_0580_00015_bis;15;bis;Rue de l'Union Soviétique;43250;43185;Sainte-Florine;;;3.317484;45.404897
43185_0580_00008;8;;Rue de l'Union Soviétique;43250;43185;Sainte-Florine;;;3.317624;45.405154
43185_0567_00001;1;;Rue des Saraliaires;43250;43185;Sainte-Florine;;;3.320194;45.409785
43185_0560_00064;64;;Rue Royale;43250;43185;Sainte-Florine;;;3.313737;45.402523
43185_0350_00007;7;;Rue Guillaume de la Roche;43250;43185;Sainte-Florine;;;3.315232;45.407984
43185_0089_00003;3;;Chemin du Caffort;43250;43185;Sainte-Florine;;;3.315781;45.4064
43185_0275_00019;19;;Chemin de Fondary;43250;43185;Sainte-Florine;;;3.326252;45.397187
43185_0622_00030;30;;Avenue de la Vizade;43250;43185;Sainte-Florine;;;3.32322;45.394763
43185_0527_00003;3;;Chemin des Pireyres;43250;43185;Sainte-Florine;;;3.316549;45.399267
43185_0001_00031;31;;Rue Ambroise Thomas;43250;43185;Sainte-Florine;;;3.310704;45.409132
43185_0330_00054;54;;Avenue de Grande Bretagne;43250;43185;Sainte-Florine;;;3.322175;45.40633
43185_0560_00022;22;;Rue Royale;43250;43185;Sainte-Florine;;;3.317603;45.403938
43185_0382_00012;12;;Rue Jean Moulin;43250;43185;Sainte-Florine;;;3.313152;45.409907
43185_0560_00034;34;;Rue Royale;43250;43185;Sainte-Florine;;;3.317414;45.403576
43185_0146_00004;4;;Rue des Côteaux de la Vizade;43250;43185;Sainte-Florine;;;3.32267;45.399104
43185_0145_00036_bis;36;bis;Rue du Commerce;43250;43185;Sainte-Florine;;;3.324334;45.388976
43185_0542_00002;2;;Rue du Président;43250;43185;Sainte-Florine;;;3.308833;45.401874
43185_0340_00006;6;;Chemin du Gravaure;43250;43185;Sainte-Florine;;;3.321457;45.407124
43185_0580_00002;2;;Rue de l'Union Soviétique;43250;43185;Sainte-Florine;;;3.317852;45.405237
43185_0390_00055;55;;Rue Jules Ferry;43250;43185;Sainte-Florine;;;3.322237;45.399731
43185_0230_00036;36;;Rue Emile Roux;43250;43185;Sainte-Florine;;;3.311465;45.404535
43185_0608_00016_bis;16;bis;Rue des Verreries;43250;43185;Sainte-Florine;;;3.323084;45.392747
43185_0330_00026;26;;Avenue de Grande Bretagne;43250;43185;Sainte-Florine;;;3.31987;45.406017
43185_0001_00025;25;;Rue Ambroise Thomas;43250;43185;Sainte-Florine;;;3.31198;45.408879
43185_0578_00012;12;;Rue de Triebes;43250;43185;Sainte-Florine;;;3.312021;45.409976
43185_0150_00007;7;;Place de la Croix des Horts;43250;43185;Sainte-Florine;;;3.319475;45.403545
43185_0210_00003;3;;Rue des Ecoles;43250;43185;Sainte-Florine;;;3.321942;45.404738
43185_0380_00013;13;;Rue Jean-Jacques Rousseau;43250;43185;Sainte-Florine;;;3.314621;45.405842
43185_0010_00004;4;;Rue Anatole France;43250;43185;Sainte-Florine;;;3.318597;45.404739
43185_0010_00010;10;;Rue Anatole France;43250;43185;Sainte-Florine;;;3.319132;45.40493
43185_0205_00019;19;;Rue des Gours;43250;43185;Sainte-Florine;;;3.312685;45.401203
43185_0244_00004;4;;Rue des Enfants de la Leuge;43250;43185;Sainte-Florine;;;3.324053;45.391938
43185_0390_00056;56;;Rue Jules Ferry;43250;43185;Sainte-Florine;;;3.321235;45.401119
43185_0390_00038;38;;Rue Jules Ferry;43250;43185;Sainte-Florine;;;3.319865;45.402366
43185_0030_00018;18;;Rue Aristide Briand;43250;43185;Sainte-Florine;;;3.316257;45.405621
43185_0490_00032;32;;Chemin des Mineurs;43250;43185;Sainte-Florine;;;3.312491;45.403856
43185_0303_00009;9;;Chemin de la Gaieté;43250;43185;Sainte-Florine;;;3.32509;45.390689
43185_0560_00045;45;;Rue Royale;43250;43185;Sainte-Florine;;;3.314636;45.402393
43185_0390_00051_bis;51;bis;Rue Jules Ferry;43250;43185;Sainte-Florine;;;3.322527;45.400282
43185_0622_00008;8;;Avenue de la Vizade;43250;43185;Sainte-Florine;;;3.322515;45.397084
43185_0500_00005;5;;Rue du 11 Novembre;43250;43185;Sainte-Florine;;;3.314263;45.406154
43185_0610_00008;8;;Place Victor Hugo;43250;43185;Sainte-Florine;;;3.314752;45.407411
43185_0205_00001;1;;Rue des Gours;43250;43185;Sainte-Florine;;;3.316379;45.399953
43185_0001_00030;30;;Rue Ambroise Thomas;43250;43185;Sainte-Florine;;;3.313379;45.408504
43185_0440_00007;7;;Rue Lafayette;43250;43185;Sainte-Florine;;;3.316424;45.405154
43185_0145_00022_bis;22;bis;Rue du Commerce;43250;43185;Sainte-Florine;;;3.325586;45.390113
43185_0060_00047;47;;Rue de Belgique;43250;43185;Sainte-Florine;;;3.317233;45.409564
43185_0170_00008;8;;Rue Denis Papin;43250;43185;Sainte-Florine;;;3.31325;45.407189
43185_0490_00006;6;;Chemin des Mineurs;43250;43185;Sainte-Florine;;;3.315384;45.404737
43185_0001_00027_bis;27;bis;Rue Ambroise Thomas;43250;43185;Sainte-Florine;;;3.311116;45.409066
43185_0580_00031;31;;Rue de l'Union Soviétique;43250;43185;Sainte-Florine;;;3.316438;45.404732
43185_0040_00035;35;;Rue d'Armois;43250;43185;Sainte-Florine;;;3.314147;45.410867
43185_0440_00005;5;;Rue Lafayette;43250;43185;Sainte-Florine;;;3.316281;45.405154
43185_0010_00017;17;;Rue Anatole France;43250;43185;Sainte-Florine;;;3.319057;45.405067
43185_0180_00003;3;;Rue du 19 Mars 1962;43250;43185;Sainte-Florine;;;3.318682;45.409184
43185_0520_00006;6;;Impasse Paul Bert;43250;43185;Sainte-Florine;;;3.316618;45.405005
43185_0240_00012;12;;Rue Emile Zola;43250;43185;Sainte-Florine;;;3.316512;45.406228
43185_0001_00029;29;;Rue Ambroise Thomas;43250;43185;Sainte-Florine;;;3.310939;45.40919
43185_0560_00068;68;;Rue Royale;43250;43185;Sainte-Florine;;;3.313267;45.402475
43185_0526_00004;4;;Rue Pierre et Marie Curie;43250;43185;Sainte-Florine;;;3.310591;45.410667
43185_0240_00008;8;;Rue Emile Zola;43250;43185;Sainte-Florine;;;3.316373;45.406163
43185_0350_00005;5;;Rue Guillaume de la Roche;43250;43185;Sainte-Florine;;;3.315067;45.407774
43185_0050_00010;10;;Rue Arnaud;43250;43185;Sainte-Florine;;;3.318755;45.402339
43185_0547_00003_bis;3;bis;Rue Robert Schuman;43250;43185;Sainte-Florine;;;3.311752;45.409497
43185_0480_00008;8;;Rue Louis Parassols;43250;43185;Sainte-Florine;;;3.317908;45.404685
43185_0005_00001;1;;Rue de l'Air;43250;43185;Sainte-Florine;;;3.323791;45.407557
43185_0160_00004;4;;Rue Danton;43250;43185;Sainte-Florine;;;3.318388;45.404229
43185_07b07y_00002;2;;chemin de Bellevue;43250;43185;Sainte-Florine;;;3.304108;45.390655
43185_0550_00001;1;;Rue Roger Joffe;43250;43185;Sainte-Florine;;;3.314776;45.40433
43185_0486_00007;7;;Rue des Mâtres;43250;43185;Sainte-Florine;;;3.310234;45.405189
43185_0058_00006;6;;rue des Barthes;43250;43185;Sainte-Florine;;;3.318593;45.383858
43185_0303_00001_bis;1;bis;Chemin de la Gaieté;43250;43185;Sainte-Florine;;;3.325839;45.391302
43185_0490_00031;31;;Chemin des Mineurs;43250;43185;Sainte-Florine;;;3.312368;45.403568
43185_0230_00047;47;;Rue Emile Roux;43250;43185;Sainte-Florine;;;3.313062;45.40536
43185_0060_00010;10;;Rue de Belgique;43250;43185;Sainte-Florine;;;3.31766;45.40638
43185_0525_00003;3;;Rue Pierre Bérégovoy;43250;43185;Sainte-Florine;;;3.311009;45.404871
43185_0516_00015;15;;Chemin des Pâtres;43250;43185;Sainte-Florine;;;3.319707;45.396677
43185_0146_00003_bis;3;bis;Rue des Côteaux de la Vizade;43250;43185;Sainte-Florine;;;3.323397;45.399133
43185_0142_00005;5;;Rue des Clostres;43250;43185;Sainte-Florine;;;3.313909;45.409886
43185_0210_00027;27;;Rue des Ecoles;43250;43185;Sainte-Florine;;;3.321261;45.402412
43185_0091_00005;5;;Rue Jean Catinot;43250;43185;Sainte-Florine;;;3.3233;45.402433
43185_0220_00007;7;;Rue Elisabeth Barrody;43250;43185;Sainte-Florine;;;3.317188;45.405435
43185_0550_00004;4;;Rue Roger Joffe;43250;43185;Sainte-Florine;;;3.314588;45.404121
43185_0220_00018;18;;Rue Elisabeth Barrody;43250;43185;Sainte-Florine;;;3.316957;45.405732
43185_0390_00028;28;;Rue Jules Ferry;43250;43185;Sainte-Florine;;;3.319462;45.402827
43185_0230_00021;21;;Rue Emile Roux;43250;43185;Sainte-Florine;;;3.314854;45.405412
43185_0050_00008;8;;Rue Arnaud;43250;43185;Sainte-Florine;;;3.318875;45.402589
