id;numero;rep;nom_voie;code_postal;code_insee;nom_commune;nom_ancienne_commune;nom_ld;lon;lat
79162_0150_00162;162;;Route des deux Grèves;79460;79162;Magné;;;-0.539156;46.308178
79162_0265_00029;29;;Rue du Nolivet;79460;79162;Magné;;;-0.550482;46.31428
79162_0272_00136;136;;Route de l'Ouchette;79460;79162;Magné;;;-0.55055;46.295207
79162_0245_00026;26;;Rue Léonce Riffault;79460;79162;Magné;;;-0.550928;46.320483
79162_0014_00013;13;;Rue de l'Aigrette;79460;79162;Magné;;;-0.56022;46.31587
79162_0033_00002;2;;Allée des Baudounes;79460;79162;Magné;;;-0.563426;46.294466
79162_9awcj4_00021;21;;Chemin de la Fontaine Sainte Macrine;79460;79162;Magné;;;-0.552374;46.303068
79162_0011_00003;3;;Rue de l’Abreuvoir;79460;79162;Magné;;;-0.542832;46.319017
79162_0230_00157;157;;Route de Jousson;79460;79162;Magné;;;-0.540153;46.323807
79162_0393_00059;59;;Avenue de la Repentie;79460;79162;Magné;;;-0.579778;46.320798
79162_0085_00067;67;;Chemin des Cabanes du Gué;79460;79162;Magné;;;-0.56992;46.291537
79162_0423_00010;10;;Chemin de la Souche;79460;79162;Magné;;;-0.561183;46.295846
79162_0020_00002;2;;Chemin du Bateau a Chaine;79460;79162;Magné;;;-0.545795;46.318771
79162_0150_00048_bis;48;bis;Route des deux Grèves;79460;79162;Magné;;;-0.54161;46.310239
79162_0415_00009;9;;Allée de la Seigneurie;79460;79162;Magné;;;-0.543474;46.316025
79162_0210_00015;15;;Rue du Grand Port;79460;79162;Magné;;;-0.542782;46.315201
79162_0198_00012;12;;Allée des Frênes;79460;79162;Magné;;;-0.552258;46.312925
79162_0330_00030;30;;Rue du Pinier Prolongée;79460;79162;Magné;;;-0.548036;46.318608
79162_17sjxs_00035;35;;Rue de la Chevalerie;79460;79162;Magné;;;-0.545643;46.317961
79162_0210_00064;64;;Rue du Grand Port;79460;79162;Magné;;;-0.539606;46.31484
79162_0250_00123;123;;Avenue du Marais Poitevin;79460;79162;Magné;;;-0.533175;46.312924
79162_0016_00004;4;;Impasse des Ajoncs Bleus;79460;79162;Magné;;;-0.550434;46.316226
79162_0330_00028;28;;Rue du Pinier Prolongée;79460;79162;Magné;;;-0.54779;46.318651
79162_lhnb4e_00035;35;;Chemin de l’Ageasson;79460;79162;Magné;;;-0.55598;46.304716
79162_0415_00013;13;;Allée de la Seigneurie;79460;79162;Magné;;;-0.543355;46.315815
79162_0250_00362;362;;Avenue du Marais Poitevin;79460;79162;Magné;;;-0.548095;46.315423
79162_0440_00020;20;;Route de Tout-y-faut;79460;79162;Magné;;;-0.552126;46.311571
79162_0415_00012;12;;Allée de la Seigneurie;79460;79162;Magné;;;-0.543307;46.315879
79162_0120_00018;18;;Rue du Clouzis;79460;79162;Magné;;;-0.546651;46.312997
79162_0330_00087;87;;Rue du Pinier Prolongée;79460;79162;Magné;;;-0.551601;46.318725
79162_0220_00077;77;;Grande Rue;79460;79162;Magné;;;-0.54434;46.315536
79162_0015_00008;8;;Chemin des Ajoncs;79460;79162;Magné;;;-0.550984;46.315806
79162_0330_00065;65;;Rue du Pinier Prolongée;79460;79162;Magné;;;-0.550118;46.318885
79162_0230_00112;112;;Route de Jousson;79460;79162;Magné;;;-0.54154;46.322781
79162_0230_00066;66;;Route de Jousson;79460;79162;Magné;;;-0.540696;46.320705
79162_0150_00138;138;;Route des deux Grèves;79460;79162;Magné;;;-0.53788;46.308523
79162_0355_00008;8;;Rue du Port Macrou;79460;79162;Magné;;;-0.543863;46.312788
79162_0020_00018;18;;Chemin du Bateau a Chaine;79460;79162;Magné;;;-0.545768;46.319487
79162_0150_00152;152;;Route des deux Grèves;79460;79162;Magné;;;-0.538314;46.308363
79162_0272_00162;162;;Route de l'Ouchette;79460;79162;Magné;;;-0.551705;46.294491
79162_0145_00004;4;;Impasse de la Demoiselle;79460;79162;Magné;;;-0.541931;46.319599
79162_0330_00054;54;;Rue du Pinier Prolongée;79460;79162;Magné;;;-0.549399;46.318754
79162_0012_00002;2;;Allée de l'Artisanat;79460;79162;Magné;;;-0.561551;46.318935
79162_0265_00036;36;;Rue du Nolivet;79460;79162;Magné;;;-0.5499;46.314876
79162_0255_00010;10;;Rue du Martin pêcheur;79460;79162;Magné;;;-0.56021;46.316509
79162_0250_00188;188;;Avenue du Marais Poitevin;79460;79162;Magné;;;-0.537286;46.313449
79162_0150_00171;171;;Route des deux Grèves;79460;79162;Magné;;;-0.539563;46.30799
79162_0330_00094;94;;Rue du Pinier Prolongée;79460;79162;Magné;;;-0.551833;46.318745
79162_0035_00024;24;;Rue de Bel Air;79460;79162;Magné;;;-0.554199;46.30276
79162_0426_00067;67;;Chemin de Tartifume;79460;79162;Magné;;;-0.551778;46.321373
79162_0020_00023;23;;Chemin du Bateau a Chaine;79460;79162;Magné;;;-0.545928;46.319671
79162_0150_00127;127;;Route des deux Grèves;79460;79162;Magné;;;-0.537491;46.308902
79162_0220_00098;98;;Grande Rue;79460;79162;Magné;;;-0.544408;46.316336
79162_0250_00068_b;68;b;Avenue du Marais Poitevin;79460;79162;Magné;;;-0.529775;46.312217
79162_0283_00022;22;;Rue des Petits Champs;79460;79162;Magné;;;-0.552968;46.31534
79162_0150_00107;107;;Route des deux Grèves;79460;79162;Magné;;;-0.53822;46.309397
79162_ex5w7f_00005;5;;Rue Jean Bourolleau;79460;79162;Magné;;;-0.554481;46.320014
79162_0392_00031;31;;Rue de la Reine des prés;79460;79162;Magné;;;-0.556095;46.317307
79162_0268_00055;55;;Avenue des Ormes;79460;79162;Magné;;;-0.55445;46.312799
79162_0015_00033;33;;Chemin des Ajoncs;79460;79162;Magné;;;-0.550638;46.316825
79162_0454_00055;55;;Chemin de la Trigale;79460;79162;Magné;;;-0.587484;46.320213
79162_0020_00045;45;;Chemin du Bateau a Chaine;79460;79162;Magné;;;-0.546495;46.323268
79162_0260_00066;66;;Rue du Moulin;79460;79162;Magné;;;-0.549976;46.317631
79162_0426_00099;99;;Chemin de Tartifume;79460;79162;Magné;;;-0.550837;46.322447
79162_0260_00070;70;;Rue du Moulin;79460;79162;Magné;;;-0.550063;46.317631
79162_0426_00022;22;;Chemin de Tartifume;79460;79162;Magné;;;-0.552509;46.319141
79162_0016_00012;12;;Impasse des Ajoncs Bleus;79460;79162;Magné;;;-0.549685;46.316109
79162_0330_00029;29;;Rue du Pinier Prolongée;79460;79162;Magné;;;-0.547886;46.318023
79162_0119_00008;8;;Clos du Clouzis;79460;79162;Magné;;;-0.547765;46.31236
79162_0426_00036;36;;Chemin de Tartifume;79460;79162;Magné;;;-0.552098;46.319981
79162_0088_00163;163;;Route de la Chapelle;79460;79162;Magné;;;-0.565496;46.291929
79162_0426_00065;65;;Chemin de Tartifume;79460;79162;Magné;;;-0.551891;46.321047
79162_0198_00016;16;;Allée des Frênes;79460;79162;Magné;;;-0.552693;46.312609
79162_0250_00146;146;;Avenue du Marais Poitevin;79460;79162;Magné;;;-0.534532;46.31322
79162_0247_00004;4;;Allée des Marais Galants;79460;79162;Magné;;;-0.550355;46.316681
79162_0016_00010;10;;Impasse des Ajoncs Bleus;79460;79162;Magné;;;-0.549996;46.316137
79162_0265_00011;11;;Rue du Nolivet;79460;79162;Magné;;;-0.549672;46.314284
79162_0440_00003;3;;Route de Tout-y-faut;79460;79162;Magné;;;-0.551366;46.311348
79162_0120_00017;17;;Rue du Clouzis;79460;79162;Magné;;;-0.546393;46.312967
79162_0246_00010;10;;Allée des Libellules;79460;79162;Magné;;;-0.552985;46.320698
79162_zl7zgm_00028;28;;Chemin de la Trappe aux loups;79460;79162;Magné;;;-0.549225;46.311037
79162_0150_00042;42;;Route des deux Grèves;79460;79162;Magné;;;-0.542435;46.31055
79162_0250_00121;121;;Avenue du Marais Poitevin;79460;79162;Magné;;;-0.532987;46.312909
79162_0250_00217;217;;Avenue du Marais Poitevin;79460;79162;Magné;;;-0.539393;46.313748
79162_0014_00003;3;;Rue de l'Aigrette;79460;79162;Magné;;;-0.559151;46.315854
79162_0020_00033;33;;Chemin du Bateau a Chaine;79460;79162;Magné;;;-0.545866;46.320295
79162_0194_00117;117;;Chemin de Franc Girouard;79460;79162;Magné;;;-0.566838;46.315132
79162_0247_00020;20;;Allée des Marais Galants;79460;79162;Magné;;;-0.549411;46.316891
79162_0272_00131;131;;Route de l'Ouchette;79460;79162;Magné;;;-0.550264;46.295333
79162_0250_00457;457;;Avenue du Marais Poitevin;79460;79162;Magné;;;-0.554753;46.315871
79162_0145_00003;3;;Impasse de la Demoiselle;79460;79162;Magné;;;-0.541961;46.319506
79162_0460_00177;177;;Chemin du Verdonnier;79460;79162;Magné;;;-0.536934;46.307432
79162_0393_00090;90;;Avenue de la Repentie;79460;79162;Magné;;;-0.580468;46.322503
79162_y2d98w_00034;34;;Les Cénobites;79460;79162;Magné;;Les Cénobites tranquilles;-0.529428;46.312723
79162_0150_00044;44;;Route des deux Grèves;79460;79162;Magné;;;-0.541946;46.310373
79162_0230_00043;43;;Route de Jousson;79460;79162;Magné;;;-0.542363;46.320032
79162_0230_00098;98;;Route de Jousson;79460;79162;Magné;;;-0.540778;46.322366
79162_0250_00054;54;;Avenue du Marais Poitevin;79460;79162;Magné;;;-0.529025;46.311625
79162_0230_00092;92;;Route de Jousson;79460;79162;Magné;;;-0.541398;46.322152
79162_0223_00012;12;;Rue du Héron cendré;79460;79162;Magné;;;-0.558714;46.316159
79162_0415_00003;3;;Allée de la Seigneurie;79460;79162;Magné;;;-0.543406;46.315977
79162_0265_00067;67;;Rue du Nolivet;79460;79162;Magné;;;-0.551523;46.313773
79162_0330_00014;14;;Rue du Pinier Prolongée;79460;79162;Magné;;;-0.546996;46.318686
79162_0260_00126_b;126;b;Rue du Moulin;79460;79162;Magné;;;-0.553578;46.318804
79162_veipfz_00002;2;;Place des Écoles;79460;79162;Magné;;;-0.546615;46.31376
79162_0271_00039;39;;Rue des Oiseaux;79460;79162;Magné;;;-0.559271;46.317319
79162_0230_00125;125;;Route de Jousson;79460;79162;Magné;;;-0.541418;46.323558
79162_0250_00305;305;;Avenue du Marais Poitevin;79460;79162;Magné;;;-0.54446;46.314625
79162_0088_00155;155;;Route de la Chapelle;79460;79162;Magné;;;-0.565525;46.292176
79162_0260_00038;38;;Rue du Moulin;79460;79162;Magné;;;-0.547977;46.317346
79162_0019_00038;38;;Allée de la Bastide;79460;79162;Magné;;;-0.544116;46.316343
79162_0150_00170;170;;Route des deux Grèves;79460;79162;Magné;;;-0.539405;46.308136
79162_0228_00010_a;10;a;Impasse de Jousson;79460;79162;Magné;;;-0.541775;46.324059
79162_0460_00076;76;;Chemin du Verdonnier;79460;79162;Magné;;;-0.531511;46.309615
79162_0272_00170;170;;Route de l'Ouchette;79460;79162;Magné;;;-0.552527;46.294261
79162_0075_00157;157;;Chemin de la Brémaudière;79460;79162;Magné;;;-0.565379;46.30253
79162_0200_00012;12;;Rue des Frères Largeau;79460;79162;Magné;;;-0.544441;46.315188
79162_0250_00142;142;;Avenue du Marais Poitevin;79460;79162;Magné;;;-0.534081;46.313181
79162_0230_00064;64;;Route de Jousson;79460;79162;Magné;;;-0.540803;46.320642
79162_0078_00023;23;;Avenue de la Briéserie;79460;79162;Magné;;;-0.548597;46.314388
79162_0272_00158;158;;Route de l'Ouchette;79460;79162;Magné;;;-0.551618;46.294525
79162_0461_00015;15;;Rue des Violettes;79460;79162;Magné;;;-0.555076;46.31337
79162_0260_00008;8;;Rue du Moulin;79460;79162;Magné;;;-0.545928;46.316848
79162_0078_00061;61;;Avenue de la Briéserie;79460;79162;Magné;;;-0.548426;46.313685
79162_0440_00232_a;232;a;Route de Tout-y-faut;79460;79162;Magné;;;-0.566012;46.311704
79162_0260_00042;42;;Rue du Moulin;79460;79162;Magné;;;-0.548296;46.317432
79162_0019_00033;33;;Allée de la Bastide;79460;79162;Magné;;;-0.543727;46.316227
79162_0210_00007;7;;Rue du Grand Port;79460;79162;Magné;;;-0.543227;46.315173
79162_0085_00041;41;;Chemin des Cabanes du Gué;79460;79162;Magné;;;-0.568482;46.291648
79162_0265_00022;22;;Rue du Nolivet;79460;79162;Magné;;;-0.549758;46.314899
79162_0088_00002;2;;Route de la Chapelle;79460;79162;Magné;;;-0.546521;46.305875
79162_0020_00024;24;;Chemin du Bateau a Chaine;79460;79162;Magné;;;-0.545805;46.319727
79162_0220_00127;127;;Grande Rue;79460;79162;Magné;;;-0.543363;46.317407
79162_0035_00010;10;;Rue de Bel Air;79460;79162;Magné;;;-0.553593;46.303337
79162_0019_00036;36;;Allée de la Bastide;79460;79162;Magné;;;-0.543992;46.316287
79162_0250_00015;15;;Avenue du Marais Poitevin;79460;79162;Magné;;;-0.527127;46.310694
79162_0260_00146;146;;Rue du Moulin;79460;79162;Magné;;;-0.554954;46.318433
79162_0250_00100;100;;Avenue du Marais Poitevin;79460;79162;Magné;;;-0.531626;46.31284
79162_y2d98w_00012;12;;Les Cénobites;79460;79162;Magné;;Les Cénobites tranquilles;-0.52884;46.312473
79162_17sjxs_00041;41;;Rue de la Chevalerie;79460;79162;Magné;;;-0.545659;46.318013
79162_0454_00009;9;;Chemin de la Trigale;79460;79162;Magné;;;-0.584783;46.320693
79162_0462_00010;10;;Place Weitnau;79460;79162;Magné;;;-0.548858;46.314966
79162_0265_00084;84;;Rue du Nolivet;79460;79162;Magné;;;-0.550925;46.314751
79162_0250_00400;400;;Avenue du Marais Poitevin;79460;79162;Magné;;;-0.551033;46.315691
79162_0078_00110;110;;Avenue de la Briéserie;79460;79162;Magné;;;-0.551428;46.313225
79162_0250_00143;143;;Avenue du Marais Poitevin;79460;79162;Magné;;;-0.534956;46.313052
79162_0170_00083;83;;Rue des Fontenelles;79460;79162;Magné;;;-0.544642;46.309679
79162_0426_00011;11;;Chemin de Tartifume;79460;79162;Magné;;;-0.552828;46.318788
79162_0267_00001;1;;Square du 11ème GRCA;79460;79162;Magné;;;-0.541683;46.313903
79162_qaz07n_00002;2;;Chemin des Bassettes;79460;79162;Magné;;;-0.558482;46.304504
79162_0260_00046;46;;Rue du Moulin;79460;79162;Magné;;;-0.548653;46.317437
79162_0035_00015;15;;Rue de Bel Air;79460;79162;Magné;;;-0.553744;46.303026
79162_0255_00008;8;;Rue du Martin pêcheur;79460;79162;Magné;;;-0.560254;46.316713
79162_0440_00154;154;;Route de Tout-y-faut;79460;79162;Magné;;;-0.561192;46.312012
79162_0200_00024;24;;Rue des Frères Largeau;79460;79162;Magné;;;-0.545159;46.315442
79162_0224_00006;6;;Chemin de Halage;79460;79162;Magné;;;-0.556977;46.323765
79162_0330_00100;100;;Rue du Pinier Prolongée;79460;79162;Magné;;;-0.552888;46.318313
79162_0426_00097;97;;Chemin de Tartifume;79460;79162;Magné;;;-0.550903;46.32243
79162_0250_00292;292;;Avenue du Marais Poitevin;79460;79162;Magné;;;-0.543868;46.314626
79162_0019_00035;35;;Allée de la Bastide;79460;79162;Magné;;;-0.543877;46.316307
79162_0415_00026;26;;Allée de la Seigneurie;79460;79162;Magné;;;-0.543121;46.315946
79162_0245_00009;9;;Rue Léonce Riffault;79460;79162;Magné;;;-0.551251;46.320997
79162_0426_00055;55;;Chemin de Tartifume;79460;79162;Magné;;;-0.551916;46.320802
79162_0250_00069;69;;Avenue du Marais Poitevin;79460;79162;Magné;;;-0.53022;46.31197
79162_0220_00139;139;;Grande Rue;79460;79162;Magné;;;-0.543146;46.317728
79162_9awcj4_00109;109;;Chemin de la Fontaine Sainte Macrine;79460;79162;Magné;;;-0.55513;46.306165
79162_0330_00009;9;;Rue du Pinier Prolongée;79460;79162;Magné;;;-0.546444;46.31858
79162_0223_00017;17;;Rue du Héron cendré;79460;79162;Magné;;;-0.558135;46.315661
79162_0250_00132;132;;Avenue du Marais Poitevin;79460;79162;Magné;;;-0.533687;46.313141
79162_0198_00003;3;;Allée des Frênes;79460;79162;Magné;;;-0.551703;46.31242
79162_0230_00160;160;;Route de Jousson;79460;79162;Magné;;;-0.540155;46.323612
79162_0310_00009;9;;Rue Pierre l'Homme;79460;79162;Magné;;;-0.546097;46.314703
79162_0426_00005;5;;Chemin de Tartifume;79460;79162;Magné;;;-0.552815;46.31871
79162_0078_00092;92;;Avenue de la Briéserie;79460;79162;Magné;;;-0.550588;46.313081
79162_0250_00138;138;;Avenue du Marais Poitevin;79460;79162;Magné;;;-0.53399;46.313176
79162_0150_00052;52;;Route des deux Grèves;79460;79162;Magné;;;-0.540818;46.310077
79162_0170_00014;14;;Rue des Fontenelles;79460;79162;Magné;;;-0.545503;46.312441
79162_0120_00050;50;;Rue du Clouzis;79460;79162;Magné;;;-0.548751;46.31268
79162_0016_00003;3;;Impasse des Ajoncs Bleus;79460;79162;Magné;;;-0.550236;46.316294
79162_0250_00015_bis;15;bis;Avenue du Marais Poitevin;79460;79162;Magné;;;-0.527355;46.310625
79162_0085_00071;71;;Chemin des Cabanes du Gué;79460;79162;Magné;;;-0.570142;46.291578
79162_0320_00006;6;;Rue du Pinier;79460;79162;Magné;;;-0.544148;46.318487
79162_0260_00061;61;;Rue du Moulin;79460;79162;Magné;;;-0.549687;46.317497
79162_0246_00005_b;5;b;Allée des Libellules;79460;79162;Magné;;;-0.552772;46.320778
79162_0272_00206;206;;Route de l'Ouchette;79460;79162;Magné;;;-0.554134;46.29353
79162_0260_00047;47;;Rue du Moulin;79460;79162;Magné;;;-0.548578;46.317331
79162_0420_00021;21;;Quai de la Sèvre;79460;79162;Magné;;;-0.542404;46.316172
79162_0150_00064;64;;Route des deux Grèves;79460;79162;Magné;;;-0.54025;46.309981
79162_0150_00021;21;;Route des deux Grèves;79460;79162;Magné;;;-0.543471;46.31094
79162_0300_00003;3;;Rue de la Pichonnerie;79460;79162;Magné;;;-0.544144;46.314063
79162_0390_00022;22;;Rue du Puits Saint Denis;79460;79162;Magné;;;-0.54183;46.318479
79162_0230_00141;141;;Route de Jousson;79460;79162;Magné;;;-0.541031;46.324084
79162_0119_00002;2;;Clos du Clouzis;79460;79162;Magné;;;-0.547187;46.312083
79162_0250_00290;290;;Avenue du Marais Poitevin;79460;79162;Magné;;;-0.543602;46.314564
79162_0426_00081;81;;Chemin de Tartifume;79460;79162;Magné;;;-0.551576;46.321898
79162_0440_00157;157;;Route de Tout-y-faut;79460;79162;Magné;;;-0.561338;46.311933
79162_0420_00017;17;;Quai de la Sèvre;79460;79162;Magné;;;-0.542372;46.315961
79162_0031_00007;7;;Rue du Pivert;79460;79162;Magné;;;-0.55965;46.316537
79162_0223_00023;23;;Rue du Héron cendré;79460;79162;Magné;;;-0.557903;46.315646
79162_0020_00019;19;;Chemin du Bateau a Chaine;79460;79162;Magné;;;-0.545929;46.319588
79162_9awcj4_00030;30;;Chemin de la Fontaine Sainte Macrine;79460;79162;Magné;;;-0.552539;46.303261
79162_0440_00063;63;;Route de Tout-y-faut;79460;79162;Magné;;;-0.554881;46.311805
79162_0035_00030;30;;Rue de Bel Air;79460;79162;Magné;;;-0.554387;46.302564
79162_0088_00102;102;;Route de la Chapelle;79460;79162;Magné;;;-0.564268;46.294444
79162_0245_00017;17;;Rue Léonce Riffault;79460;79162;Magné;;;-0.550629;46.320873
79162_0230_00075;75;;Route de Jousson;79460;79162;Magné;;;-0.541682;46.321148
79162_0268_00079;79;;Avenue des Ormes;79460;79162;Magné;;;-0.55532;46.312108
79162_0330_00002;2;;Rue du Pinier Prolongée;79460;79162;Magné;;;-0.546001;46.318759
79162_0320_00002;2;;Rue du Pinier;79460;79162;Magné;;;-0.54378;46.318323
79162_0426_00029;29;;Chemin de Tartifume;79460;79162;Magné;;;-0.552432;46.319643
79162_0224_00004;4;;Chemin de Halage;79460;79162;Magné;;;-0.551819;46.322928
79162_0150_00082;82;;Route des deux Grèves;79460;79162;Magné;;;-0.53986;46.309908
79162_0200_00029;29;;Rue des Frères Largeau;79460;79162;Magné;;;-0.545521;46.31537
79162_9awcj4_00083;83;;Chemin de la Fontaine Sainte Macrine;79460;79162;Magné;;;-0.554907;46.305107
79162_0220_00125;125;;Grande Rue;79460;79162;Magné;;;-0.543495;46.317271
79162_0255_00007;7;;Rue du Martin pêcheur;79460;79162;Magné;;;-0.560068;46.316515
79162_0220_00100;100;;Grande Rue;79460;79162;Magné;;;-0.544346;46.316389
79162_0330_00008;8;;Rue du Pinier Prolongée;79460;79162;Magné;;;-0.546462;46.318717
79162_0150_00055;55;;Route des deux Grèves;79460;79162;Magné;;;-0.541524;46.310355
79162_0355_00016;16;;Rue du Port Macrou;79460;79162;Magné;;;-0.543391;46.312769
79162_0460_00029;29;;Chemin du Verdonnier;79460;79162;Magné;;;-0.528229;46.310196
79162_0267_00003;3;;Square du 11ème GRCA;79460;79162;Magné;;;-0.541629;46.313855
79162_0268_00010;10;;Avenue des Ormes;79460;79162;Magné;;;-0.553186;46.314748
79162_0130_00002;2;;Rue du Coin Macrou;79460;79162;Magné;;;-0.543658;46.313122
79162_0088_00066;66;;Route de la Chapelle;79460;79162;Magné;;;-0.562757;46.295717
79162_0393_00035;35;;Avenue de la Repentie;79460;79162;Magné;;;-0.578938;46.319912
79162_0045_00017;17;;Chemin du Bois Moreau;79460;79162;Magné;;;-0.560332;46.311208
79162_0135_00011;11;;Allée Colin Lefrancq Hélène;79460;79162;Magné;;;-0.5404;46.321294
79162_0248_00005;5;;Promenade du Marais Pin;79460;79162;Magné;;;-0.554053;46.322772
79162_0333_00052;52;;Rue du Plumail;79460;79162;Magné;;;-0.554831;46.312086
79162_y2d98w_00016;16;;Les Cénobites;79460;79162;Magné;;Les Cénobites tranquilles;-0.528706;46.312627
79162_0198_00005;5;;Allée des Frênes;79460;79162;Magné;;;-0.551815;46.312413
79162_33jw4g_00001;1;;Venelle du Bonhomme Nisson;79460;79162;Magné;;;-0.544592;46.313559
79162_0320_00003;3;;Rue du Pinier;79460;79162;Magné;;;-0.544065;46.318342
79162_0460_00072;72;;Chemin du Verdonnier;79460;79162;Magné;;;-0.531172;46.309706
79162_0135_00009;9;;Allée Colin Lefrancq Hélène;79460;79162;Magné;;;-0.540414;46.321139
79162_0290_00002;2;;Petite Rue Pilet;79460;79162;Magné;;;-0.544781;46.316226
79162_0461_00016;16;;Rue des Violettes;79460;79162;Magné;;;-0.554807;46.313424
79162_0255_00012;12;;Rue du Martin pêcheur;79460;79162;Magné;;;-0.560188;46.316338
79162_0120_00020;20;;Rue du Clouzis;79460;79162;Magné;;;-0.546714;46.312985
79162_0426_00091;91;;Chemin de Tartifume;79460;79162;Magné;;;-0.551748;46.322471
79162_0255_00005;5;;Rue du Martin pêcheur;79460;79162;Magné;;;-0.560135;46.316828
79162_0130_00008;8;;Rue du Coin Macrou;79460;79162;Magné;;;-0.543705;46.312917
79162_0085_00006;6;;Chemin des Cabanes du Gué;79460;79162;Magné;;;-0.566422;46.291912
79162_0340_00003;3;;Ruelle du Port de la Cure;79460;79162;Magné;;;-0.542558;46.314961
79162_0454_00013;13;;Chemin de la Trigale;79460;79162;Magné;;;-0.585028;46.320708
79162_0260_00022;22;;Rue du Moulin;79460;79162;Magné;;;-0.546841;46.317055
79162_0320_00023;23;;Rue du Pinier;79460;79162;Magné;;;-0.545218;46.318469
79162_0283_00025;25;;Rue des Petits Champs;79460;79162;Magné;;;-0.55325;46.31525
79162_0236_00180;180;;Route de la Garette;79460;79162;Magné;;;-0.577655;46.310628
79162_0460_00019;19;;Chemin du Verdonnier;79460;79162;Magné;;;-0.527792;46.310258
79162_0150_00142;142;;Route des deux Grèves;79460;79162;Magné;;;-0.537957;46.308484
79162_0119_00010;10;;Clos du Clouzis;79460;79162;Magné;;;-0.547771;46.312177
79162_0190_00013;13;;Rue du Four Banal;79460;79162;Magné;;;-0.545663;46.316065
79162_0370_00018;18;;Rue du Port Public;79460;79162;Magné;;;-0.543385;46.313658
79162_0130_00006;6;;Rue du Coin Macrou;79460;79162;Magné;;;-0.543682;46.31302
79162_0265_00092;92;;Rue du Nolivet;79460;79162;Magné;;;-0.550913;46.31467
79162_0247_00011;11;;Allée des Marais Galants;79460;79162;Magné;;;-0.550261;46.316961
79162_0150_00050;50;;Route des deux Grèves;79460;79162;Magné;;;-0.541267;46.310144
79162_0260_00150;150;;Rue du Moulin;79460;79162;Magné;;;-0.555373;46.318509
79162_0088_00092;92;;Route de la Chapelle;79460;79162;Magné;;;-0.563947;46.294736
79162_0250_00315;315;;Avenue du Marais Poitevin;79460;79162;Magné;;;-0.545057;46.314829
79162_ex5w7f_00001;1;;Rue Jean Bourolleau;79460;79162;Magné;;;-0.553441;46.31993
79162_0220_00022;22;;Grande Rue;79460;79162;Magné;;;-0.54456;46.313742
79162_0265_00040;40;;Rue du Nolivet;79460;79162;Magné;;;-0.549898;46.314712
79162_0440_00099;99;;Route de Tout-y-faut;79460;79162;Magné;;;-0.557282;46.311793
79162_ex5w7f_00015;15;;Rue Jean Bourolleau;79460;79162;Magné;;;-0.553439;46.319685
79162_0245_00011;11;;Rue Léonce Riffault;79460;79162;Magné;;;-0.550917;46.320971
79162_0440_00129;129;;Route de Tout-y-faut;79460;79162;Magné;;;-0.559134;46.311897
79162_0250_00556;556;;Avenue du Marais Poitevin;79460;79162;Magné;;;-0.560216;46.317954
79162_0230_00159;159;;Route de Jousson;79460;79162;Magné;;;-0.540127;46.323695
79162_0228_00012;12;;Impasse de Jousson;79460;79162;Magné;;;-0.542093;46.323938
79162_0440_00023;23;;Route de Tout-y-faut;79460;79162;Magné;;;-0.55232;46.311511
79162_0090_00029;29;;Rue du Château;79460;79162;Magné;;;-0.542889;46.315539
79162_0035_00021;21;;Rue de Bel Air;79460;79162;Magné;;;-0.553945;46.302839
79162_0015_00023;23;;Chemin des Ajoncs;79460;79162;Magné;;;-0.550817;46.316483
79162_0283_00009;9;;Rue des Petits Champs;79460;79162;Magné;;;-0.552356;46.315134
79162_0033_00008;8;;Allée des Baudounes;79460;79162;Magné;;;-0.563798;46.293843
79162_0430_00008;8;;Impasse des Terres Rouges;79460;79162;Magné;;;-0.543723;46.317882
79162_0230_00144;144;;Route de Jousson;79460;79162;Magné;;;-0.540901;46.323858
79162_0120_00046;46;;Rue du Clouzis;79460;79162;Magné;;;-0.548397;46.312773
79162_0320_00015;15;;Rue du Pinier;79460;79162;Magné;;;-0.544743;46.318465
79162_17sjxs_00019;19;;Rue de la Chevalerie;79460;79162;Magné;;;-0.545564;46.317201
79162_0290_00010;10;;Petite Rue Pilet;79460;79162;Magné;;;-0.545116;46.316459
79162_0088_00074;74;;Route de la Chapelle;79460;79162;Magné;;;-0.563027;46.295502
79162_0247_00024;24;;Allée des Marais Galants;79460;79162;Magné;;;-0.549823;46.316953
79162_0246_00001;1;;Allée des Libellules;79460;79162;Magné;;;-0.552983;46.320052
79162_0250_00155;155;;Avenue du Marais Poitevin;79460;79162;Magné;;;-0.535179;46.312946
79162_0420_00045;45;;Quai de la Sèvre;79460;79162;Magné;;;-0.542272;46.317259
79162_0248_00008;8;;Promenade du Marais Pin;79460;79162;Magné;;;-0.55357;46.322673
79162_0085_00026;26;;Chemin des Cabanes du Gué;79460;79162;Magné;;;-0.567289;46.291991
79162_0272_00195;195;;Route de l'Ouchette;79460;79162;Magné;;;-0.5535;46.293637
79162_0078_00143;143;;Avenue de la Briéserie;79460;79162;Magné;;;-0.550927;46.312694
79162_0260_00109;109;;Rue du Moulin;79460;79162;Magné;;;-0.558875;46.319175
79162_0012_00012;12;;Allée de l'Artisanat;79460;79162;Magné;;;-0.560743;46.318572
79162_0016_00016;16;;Impasse des Ajoncs Bleus;79460;79162;Magné;;;-0.549322;46.316044
79162_y2d98w_00020;20;;Les Cénobites;79460;79162;Magné;;Les Cénobites tranquilles;-0.528614;46.312701
79162_0260_00142;142;;Rue du Moulin;79460;79162;Magné;;;-0.554603;46.318355
79162_0440_00109;109;;Route de Tout-y-faut;79460;79162;Magné;;;-0.557951;46.311866
79162_0236_00118;118;;Route de la Garette;79460;79162;Magné;;;-0.57705;46.313111
79162_0150_00083;83;;Route des deux Grèves;79460;79162;Magné;;;-0.539658;46.309968
79162_0393_00042;42;;Avenue de la Repentie;79460;79162;Magné;;;-0.578994;46.320246
79162_0415_00015;15;;Allée de la Seigneurie;79460;79162;Magné;;;-0.543362;46.31576
79162_0247_00002;2;;Allée des Marais Galants;79460;79162;Magné;;;-0.550396;46.316694
79162_0330_00051;51;;Rue du Pinier Prolongée;79460;79162;Magné;;;-0.549288;46.318581
79162_0088_00001;1;;Route de la Chapelle;79460;79162;Magné;;;-0.5562;46.300241
79162_0085_00031;31;;Chemin des Cabanes du Gué;79460;79162;Magné;;;-0.567554;46.291902
79162_0440_00164;164;;Route de Tout-y-faut;79460;79162;Magné;;;-0.561985;46.312066
79162_0415_00030;30;;Allée de la Seigneurie;79460;79162;Magné;;;-0.542914;46.315733
79162_0320_00011;11;;Rue du Pinier;79460;79162;Magné;;;-0.544505;46.318441
79162_0223_00022;22;;Rue du Héron cendré;79460;79162;Magné;;;-0.55839;46.315307
79162_0014_00008;8;;Rue de l'Aigrette;79460;79162;Magné;;;-0.559657;46.316156
79162_0085_00042;42;;Chemin des Cabanes du Gué;79460;79162;Magné;;;-0.568491;46.291749
79162_0119_00004;4;;Clos du Clouzis;79460;79162;Magné;;;-0.546616;46.312139
79162_0150_00133;133;;Route des deux Grèves;79460;79162;Magné;;;-0.537111;46.308691
79162_0330_00062;62;;Rue du Pinier Prolongée;79460;79162;Magné;;;-0.549942;46.318946
79162_0350_00027;27;;Rue du Port Hulot;79460;79162;Magné;;;-0.543532;46.312248
79162_0440_00138;138;;Route de Tout-y-faut;79460;79162;Magné;;;-0.559834;46.312075
79162_0223_00006;6;;Rue du Héron cendré;79460;79162;Magné;;;-0.558703;46.316809
79162_0260_00035;35;;Rue du Moulin;79460;79162;Magné;;;-0.548042;46.317246
79162_0078_00131;131;;Avenue de la Briéserie;79460;79162;Magné;;;-0.550459;46.312712
79162_0194_00081;81;;Chemin de Franc Girouard;79460;79162;Magné;;;-0.567271;46.316457
79162_0440_00132;132;;Route de Tout-y-faut;79460;79162;Magné;;;-0.559279;46.312008
79162_0426_00019;19;;Chemin de Tartifume;79460;79162;Magné;;;-0.552592;46.319315
79162_0392_00020;20;;Rue de la Reine des prés;79460;79162;Magné;;;-0.555868;46.316994
79162_0462_00008_b;8;b;Place Weitnau;79460;79162;Magné;;;-0.549039;46.315062
79162_0415_00001;1;;Allée de la Seigneurie;79460;79162;Magné;;;-0.543516;46.316019
79162_0440_00033;33;;Route de Tout-y-faut;79460;79162;Magné;;;-0.553034;46.311605
79162_0230_00027;27;;Route de Jousson;79460;79162;Magné;;;-0.543268;46.319346
79162_0194_00101;101;;Chemin de Franc Girouard;79460;79162;Magné;;;-0.567284;46.315764
79162_0220_00072;72;;Grande Rue;79460;79162;Magné;;;-0.544015;46.315605
79162_y2d98w_00005;5;;Les Cénobites;79460;79162;Magné;;Les Cénobites tranquilles;-0.529072;46.312576
79162_0031_00008;8;;Rue du Pivert;79460;79162;Magné;;;-0.559714;46.316646
79162_0085_00051;51;;Chemin des Cabanes du Gué;79460;79162;Magné;;;-0.568953;46.29151
79162_0250_00431;431;;Avenue du Marais Poitevin;79460;79162;Magné;;;-0.55375;46.315811
79162_0250_00394;394;;Avenue du Marais Poitevin;79460;79162;Magné;;;-0.550355;46.31546
79162_0014_00005;5;;Rue de l'Aigrette;79460;79162;Magné;;;-0.559281;46.31595
79162_0393_00003;3;;Avenue de la Repentie;79460;79162;Magné;;;-0.577898;46.318766
79162_y2d98w_00004;4;;Les Cénobites;79460;79162;Magné;;Les Cénobites tranquilles;-0.529169;46.311959
79162_0247_00009;9;;Allée des Marais Galants;79460;79162;Magné;;;-0.549965;46.316914
79162_0040_00008;8;;Rue de Béthanie;79460;79162;Magné;;;-0.543711;46.314321
79162_0035_00034;34;;Rue de Bel Air;79460;79162;Magné;;;-0.554987;46.302276
79162_0440_00120;120;;Route de Tout-y-faut;79460;79162;Magné;;;-0.558533;46.311986
79162_0016_00024;24;;Impasse des Ajoncs Bleus;79460;79162;Magné;;;-0.548642;46.315847
79162_0290_00005;5;;Petite Rue Pilet;79460;79162;Magné;;;-0.545104;46.31622
79162_0230_00107;107;;Route de Jousson;79460;79162;Magné;;;-0.542062;46.322674
79162_0454_00041;41;;Chemin de la Trigale;79460;79162;Magné;;;-0.586661;46.320485
79162_0268_00011;11;;Avenue des Ormes;79460;79162;Magné;;;-0.552986;46.31452
79162_0462_00008;8;;Place Weitnau;79460;79162;Magné;;;-0.54883;46.315033
79162_0150_00056;56;;Route des deux Grèves;79460;79162;Magné;;;-0.540669;46.310065
79162_0015_00016;16;;Chemin des Ajoncs;79460;79162;Magné;;;-0.550852;46.316127
79162_0015_00043;43;;Chemin des Ajoncs;79460;79162;Magné;;;-0.550498;46.317276
79162_0355_00006;6;;Rue du Port Macrou;79460;79162;Magné;;;-0.544037;46.312826
79162_0035_00004;4;;Rue de Bel Air;79460;79162;Magné;;;-0.553516;46.303399
79162_0461_00006;6;;Rue des Violettes;79460;79162;Magné;;;-0.555064;46.312993
79162_0265_00063;63;;Rue du Nolivet;79460;79162;Magné;;;-0.551345;46.313614
79162_fgcvgh_00001;1;;Place du Général Largeau;79460;79162;Magné;;;-0.543546;46.314829
79162_0228_00010_d;10;d;Impasse de Jousson;79460;79162;Magné;;;-0.541914;46.324237
79162_0440_00084;84;;Route de Tout-y-faut;79460;79162;Magné;;;-0.556364;46.3118
79162_0423_00094;94;;Chemin de la Souche;79460;79162;Magné;;;-0.555997;46.294825
79162_0033_00001;1;;Allée des Baudounes;79460;79162;Magné;;;-0.56353;46.294837
79162_9awcj4_00080;80;;Chemin de la Fontaine Sainte Macrine;79460;79162;Magné;;;-0.554678;46.305143
79162_0330_00024;24;;Rue du Pinier Prolongée;79460;79162;Magné;;;-0.547456;46.318683
79162_0198_00001;1;;Allée des Frênes;79460;79162;Magné;;;-0.551464;46.312382
79162_0170_00025;25;;Rue des Fontenelles;79460;79162;Magné;;;-0.545205;46.311983
79162_0140_00005;5;;Rue Couverte;79460;79162;Magné;;;-0.544207;46.313074
79162_0250_00025;25;;Avenue du Marais Poitevin;79460;79162;Magné;;;-0.527674;46.310893
79162_0145_00005;5;;Impasse de la Demoiselle;79460;79162;Magné;;;-0.541984;46.31961
79162_0310_00018;18;;Rue Pierre l'Homme;79460;79162;Magné;;;-0.546131;46.31435
79162_0223_00015_b;15;b;Rue du Héron cendré;79460;79162;Magné;;;-0.558521;46.316025
79162_0120_00038;38;;Rue du Clouzis;79460;79162;Magné;;;-0.54781;46.312858
79162_0360_00013;13;;Rue du Port Musqué;79460;79162;Magné;;;-0.543877;46.313303
79162_0260_00018;18;;Rue du Moulin;79460;79162;Magné;;;-0.546786;46.317043
79162_0250_00046;46;;Avenue du Marais Poitevin;79460;79162;Magné;;;-0.528673;46.311539
79162_0088_00040;40;;Route de la Chapelle;79460;79162;Magné;;;-0.561571;46.296784
79162_0271_00035;35;;Rue des Oiseaux;79460;79162;Magné;;;-0.55916;46.317321
79162_0400_00008;8;;Rue du Roc;79460;79162;Magné;;;-0.542854;46.317164
79162_0268_00059;59;;Avenue des Ormes;79460;79162;Magné;;;-0.554562;46.312745
79162_0016_00009;9;;Impasse des Ajoncs Bleus;79460;79162;Magné;;;-0.549412;46.31615
79162_0230_00068;68;;Route de Jousson;79460;79162;Magné;;;-0.541641;46.32082
79162_0250_00550;550;;Avenue du Marais Poitevin;79460;79162;Magné;;;-0.559893;46.317888
79162_0230_00062;62;;Route de Jousson;79460;79162;Magné;;;-0.541718;46.320675
79162_0078_00065;65;;Avenue de la Briéserie;79460;79162;Magné;;;-0.548702;46.31369
79162_0232_00005;5;;Ruelle de Jousson;79460;79162;Magné;;;-0.541511;46.324026
79162_0150_00012;12;;Route des deux Grèves;79460;79162;Magné;;;-0.544072;46.310799
79162_0250_00056;56;;Avenue du Marais Poitevin;79460;79162;Magné;;;-0.529154;46.311692
79162_0230_00166;166;;Route de Jousson;79460;79162;Magné;;;-0.539912;46.323521
79162_0440_00244;244;;Route de Tout-y-faut;79460;79162;Magné;;;-0.566508;46.311706
79162_0015_00015;15;;Chemin des Ajoncs;79460;79162;Magné;;;-0.55102;46.316086
79162_0410_00028;28;;Rue Saint Denis;79460;79162;Magné;;;-0.542119;46.317595
79162_y2d98w_00014;14;;Les Cénobites;79460;79162;Magné;;Les Cénobites tranquilles;-0.528781;46.312555
79162_0230_00145;145;;Route de Jousson;79460;79162;Magné;;;-0.540866;46.323931
79162_0415_00014;14;;Allée de la Seigneurie;79460;79162;Magné;;;-0.543335;46.315771
79162_0150_00014;14;;Route des deux Grèves;79460;79162;Magné;;;-0.543847;46.310857
79162_0020_00052;52;;Chemin du Bateau a Chaine;79460;79162;Magné;;;-0.545395;46.322114
79162_0016_00002;2;;Impasse des Ajoncs Bleus;79460;79162;Magné;;;-0.550591;46.316259
79162_0035_00031;31;;Rue de Bel Air;79460;79162;Magné;;;-0.55444;46.302371
79162_0460_00027;27;;Chemin du Verdonnier;79460;79162;Magné;;;-0.52812;46.310206
79162_0340_00001;1;;Ruelle du Port de la Cure;79460;79162;Magné;;;-0.542545;46.31506
79162_0078_00003;3;;Avenue de la Briéserie;79460;79162;Magné;;;-0.548318;46.315236
79162_0220_00019;19;;Grande Rue;79460;79162;Magné;;;-0.544903;46.313634
79162_0460_00107;107;;Chemin du Verdonnier;79460;79162;Magné;;;-0.533317;46.308819
79162_0415_00023;23;;Allée de la Seigneurie;79460;79162;Magné;;;-0.543314;46.316132
79162_0462_00012;12;;Place Weitnau;79460;79162;Magné;;;-0.54884;46.314742
79162_0330_00055;55;;Rue du Pinier Prolongée;79460;79162;Magné;;;-0.549391;46.31861
79162_0440_00225;225;;Route de Tout-y-faut;79460;79162;Magné;;;-0.565292;46.31167
79162_0012_00016;16;;Allée de l'Artisanat;79460;79162;Magné;;;-0.560594;46.318757
79162_0223_00018;18;;Rue du Héron cendré;79460;79162;Magné;;;-0.558703;46.315423
79162_0260_00106;106;;Rue du Moulin;79460;79162;Magné;;;-0.552419;46.317955
79162_0423_00109;109;;Chemin de la Souche;79460;79162;Magné;;;-0.554943;46.294767
79162_0250_00286;286;;Avenue du Marais Poitevin;79460;79162;Magné;;;-0.543455;46.31456
79162_0394_00079;79;;Chemin de la Repentie;79460;79162;Magné;;;-0.584142;46.320546
79162_9awcj4_00020;20;;Chemin de la Fontaine Sainte Macrine;79460;79162;Magné;;;-0.552071;46.303006
79162_0454_00035;35;;Chemin de la Trigale;79460;79162;Magné;;;-0.586434;46.320533
79162_0283_00002;2;;Rue des Petits Champs;79460;79162;Magné;;;-0.551367;46.315257
79162_0440_00146;146;;Route de Tout-y-faut;79460;79162;Magné;;;-0.560506;46.312018
79162_0268_00021;21;;Avenue des Ormes;79460;79162;Magné;;;-0.553256;46.314084
79162_0150_00071;71;;Route des deux Grèves;79460;79162;Magné;;;-0.540405;46.310119
79162_9awcj4_00025;25;;Chemin de la Fontaine Sainte Macrine;79460;79162;Magné;;;-0.552642;46.303219
79162_0085_00019;19;;Chemin des Cabanes du Gué;79460;79162;Magné;;;-0.566879;46.291885
79162_0220_00068;68;;Grande Rue;79460;79162;Magné;;;-0.543833;46.315541
79162_0265_00072;72;;Rue du Nolivet;79460;79162;Magné;;;-0.550699;46.315063
79162_0084_00077;77;;Chemin de la Cabane des Epineaux;79460;79162;Magné;;;-0.575283;46.309285
79162_0014_00004;4;;Rue de l'Aigrette;79460;79162;Magné;;;-0.55908;46.316102
79162_0210_00022;22;;Rue du Grand Port;79460;79162;Magné;;;-0.542429;46.314988
79162_0333_00024;24;;Rue du Plumail;79460;79162;Magné;;;-0.553245;46.313031
79162_9awcj4_00077;77;;Chemin de la Fontaine Sainte Macrine;79460;79162;Magné;;;-0.554535;46.304906
79162_0265_00075;75;;Rue du Nolivet;79460;79162;Magné;;;-0.551436;46.313972
79162_0250_00034;34;;Avenue du Marais Poitevin;79460;79162;Magné;;;-0.527958;46.31116
79162_0078_00069;69;;Avenue de la Briéserie;79460;79162;Magné;;;-0.548941;46.313691
79162_0272_00146;146;;Route de l'Ouchette;79460;79162;Magné;;;-0.550847;46.294901
79162_0272_00198;198;;Route de l'Ouchette;79460;79162;Magné;;;-0.553706;46.293661
79162_0019_00043;43;;Allée de la Bastide;79460;79162;Magné;;;-0.544145;46.316054
79162_0198_00002;2;;Allée des Frênes;79460;79162;Magné;;;-0.551819;46.312533
79162_0230_00146;146;;Route de Jousson;79460;79162;Magné;;;-0.540693;46.323766
79162_0460_00063;63;;Chemin du Verdonnier;79460;79162;Magné;;;-0.530774;46.309699
79162_0170_00010;10;;Rue des Fontenelles;79460;79162;Magné;;;-0.545535;46.312575
79162_0423_00075;75;;Chemin de la Souche;79460;79162;Magné;;;-0.557245;46.295308
79162_0260_00113;113;;Rue du Moulin;79460;79162;Magné;;;-0.559284;46.319249
79162_0150_00049;49;;Route des deux Grèves;79460;79162;Magné;;;-0.541961;46.310487
79162_0250_00289;289;;Avenue du Marais Poitevin;79460;79162;Magné;;;-0.543678;46.314451
79162_0200_00028;28;;Rue des Frères Largeau;79460;79162;Magné;;;-0.545377;46.315457
79162_9awcj4_00051;51;;Chemin de la Fontaine Sainte Macrine;79460;79162;Magné;;;-0.553703;46.303939
79162_0230_00095;95;;Route de Jousson;79460;79162;Magné;;;-0.541519;46.322107
79162_0440_00126;126;;Route de Tout-y-faut;79460;79162;Magné;;;-0.559083;46.312006
79162_0265_00039;39;;Rue du Nolivet;79460;79162;Magné;;;-0.550772;46.314063
79162_0330_00035;35;;Rue du Pinier Prolongée;79460;79162;Magné;;;-0.548263;46.318535
79162_0078_00147;147;;Avenue de la Briéserie;79460;79162;Magné;;;-0.550962;46.312679
79162_0392_00015;15;;Rue de la Reine des prés;79460;79162;Magné;;;-0.555664;46.317079
79162_0310_00017;17;;Rue Pierre l'Homme;79460;79162;Magné;;;-0.545787;46.314273
79162_lhnb4e_00019;19;;Chemin de l’Ageasson;79460;79162;Magné;;;-0.555737;46.305398
79162_0426_00093;93;;Chemin de Tartifume;79460;79162;Magné;;;-0.551314;46.322385
79162_0220_00025;25;;Grande Rue;79460;79162;Magné;;;-0.54463;46.313817
79162_0426_00038;38;;Chemin de Tartifume;79460;79162;Magné;;;-0.55191;46.320394
79162_0290_00006_b;6;b;Petite Rue Pilet;79460;79162;Magné;;;-0.54493;46.31625
79162_0423_00105;105;;Chemin de la Souche;79460;79162;Magné;;;-0.555317;46.294811
79162_0210_00009;9;;Rue du Grand Port;79460;79162;Magné;;;-0.543147;46.315178
79162_0230_00102;102;;Route de Jousson;79460;79162;Magné;;;-0.541484;46.322608
79162_0426_00071;71;;Chemin de Tartifume;79460;79162;Magné;;;-0.551668;46.321538
79162_0020_00043;43;;Chemin du Bateau a Chaine;79460;79162;Magné;;;-0.545787;46.322913
79162_0246_00006;6;;Allée des Libellules;79460;79162;Magné;;;-0.552609;46.320983
79162_0360_00014;14;;Rue du Port Musqué;79460;79162;Magné;;;-0.543888;46.31316
79162_0440_00167;167;;Route de Tout-y-faut;79460;79162;Magné;;;-0.561876;46.311973
79162_0250_00267;267;;Avenue du Marais Poitevin;79460;79162;Magné;;;-0.54162;46.313827
79162_0460_00066;66;;Chemin du Verdonnier;79460;79162;Magné;;;-0.530698;46.309816
79162_0200_00014;14;;Rue des Frères Largeau;79460;79162;Magné;;;-0.544613;46.315275
79162_0094_00010;10;;Chemin de la Chaume aux Bêtes;79460;79162;Magné;;;-0.560566;46.312555
79162_0393_00053;53;;Avenue de la Repentie;79460;79162;Magné;;;-0.57969;46.320663
79162_0198_00014;14;;Allée des Frênes;79460;79162;Magné;;;-0.552412;46.312578
79162_0220_00067;67;;Grande Rue;79460;79162;Magné;;;-0.543826;46.31543
79162_0247_00018;18;;Allée des Marais Galants;79460;79162;Magné;;;-0.549368;46.316877
79162_0130_00004;4;;Rue du Coin Macrou;79460;79162;Magné;;;-0.543668;46.313075
79162_0270_00028;28;;Rue des Ouches;79460;79162;Magné;;;-0.550539;46.312306
79162_0265_00048;48;;Rue du Nolivet;79460;79162;Magné;;;-0.55017;46.314391
79162_0250_00110;110;;Avenue du Marais Poitevin;79460;79162;Magné;;;-0.53237;46.313129
79162_0236_00020;20;;Route de la Garette;79460;79162;Magné;;;-0.577261;46.317996
79162_0271_00013;13;;Rue des Oiseaux;79460;79162;Magné;;;-0.55777;46.316722
79162_0272_00175;175;;Route de l'Ouchette;79460;79162;Magné;;;-0.552499;46.29412
79162_y2d98w_00032;32;;Les Cénobites;79460;79162;Magné;;Les Cénobites tranquilles;-0.52914;46.312893
79162_0230_00123;123;;Route de Jousson;79460;79162;Magné;;;-0.541547;46.323387
79162_y2d98w_00001;1;;Les Cénobites;79460;79162;Magné;;Les Cénobites tranquilles;-0.5294;46.31203
79162_0088_00071;71;;Route de la Chapelle;79460;79162;Magné;;;-0.562813;46.295521
79162_0415_00020;20;;Allée de la Seigneurie;79460;79162;Magné;;;-0.543104;46.31633
79162_0015_00009;9;;Chemin des Ajoncs;79460;79162;Magné;;;-0.551111;46.315872
79162_0250_00011;11;;Avenue du Marais Poitevin;79460;79162;Magné;;;-0.526884;46.310607
79162_0088_00152;152;;Route de la Chapelle;79460;79162;Magné;;;-0.565696;46.292391
79162_0119_00003;3;;Clos du Clouzis;79460;79162;Magné;;;-0.546919;46.312109
79162_0460_00084;84;;Chemin du Verdonnier;79460;79162;Magné;;;-0.532118;46.309524
79162_0230_00069;69;;Route de Jousson;79460;79162;Magné;;;-0.541702;46.320981
79162_0150_00059;59;;Route des deux Grèves;79460;79162;Magné;;;-0.541039;46.310219
79162_0392_00023;23;;Rue de la Reine des prés;79460;79162;Magné;;;-0.556174;46.317075
79162_0088_00090;90;;Route de la Chapelle;79460;79162;Magné;;;-0.563692;46.294952
79162_0220_00006;6;;Grande Rue;79460;79162;Magné;;;-0.545074;46.313204
79162_0247_00022;22;;Allée des Marais Galants;79460;79162;Magné;;;-0.549769;46.316944
79162_0330_00025;25;;Rue du Pinier Prolongée;79460;79162;Magné;;;-0.547689;46.318522
79162_0246_00005_c;5;c;Allée des Libellules;79460;79162;Magné;;;-0.552632;46.320941
79162_0260_00057;57;;Rue du Moulin;79460;79162;Magné;;;-0.54955;46.317476
79162_0226_00012;12;;Rue José Nadal;79460;79162;Magné;;;-0.550829;46.321547
79162_0333_00034;34;;Rue du Plumail;79460;79162;Magné;;;-0.553794;46.312568
79162_0150_00166;166;;Route des deux Grèves;79460;79162;Magné;;;-0.539291;46.308158
79162_0120_00055;55;;Rue du Clouzis;79460;79162;Magné;;;-0.549056;46.312409
79162_zl7zgm_00012;12;;Chemin de la Trappe aux loups;79460;79162;Magné;;;-0.548991;46.311922
79162_0085_00077;77;;Chemin des Cabanes du Gué;79460;79162;Magné;;;-0.57069;46.291801
79162_ex5w7f_00002;2;;Rue Jean Bourolleau;79460;79162;Magné;;;-0.553511;46.319802
79162_0085_00008;8;;Chemin des Cabanes du Gué;79460;79162;Magné;;;-0.566548;46.291921
79162_0260_00019;19;;Rue du Moulin;79460;79162;Magné;;;-0.546929;46.316956
79162_0226_00021;21;;Rue José Nadal;79460;79162;Magné;;;-0.550219;46.321604
79162_0410_00020;20;;Rue Saint Denis;79460;79162;Magné;;;-0.542588;46.317803
79162_0248_00003;3;;Promenade du Marais Pin;79460;79162;Magné;;;-0.555847;46.322775
79162_0415_00010;10;;Allée de la Seigneurie;79460;79162;Magné;;;-0.5434;46.315995
79162_0140_00004;4;;Rue Couverte;79460;79162;Magné;;;-0.544301;46.313087
79162_0250_00396;396;;Avenue du Marais Poitevin;79460;79162;Magné;;;-0.550476;46.315468
79162_0078_00123;123;;Avenue de la Briéserie;79460;79162;Magné;;;-0.550489;46.31274
79162_ex5w7f_00007;7;;Rue Jean Bourolleau;79460;79162;Magné;;;-0.554601;46.31979
79162_0400_00010;10;;Rue du Roc;79460;79162;Magné;;;-0.542702;46.317109
79162_0392_00021;21;;Rue de la Reine des prés;79460;79162;Magné;;;-0.555981;46.317032
79162_0078_00119;119;;Avenue de la Briéserie;79460;79162;Magné;;;-0.550153;46.313013
79162_0078_00015;15;;Avenue de la Briéserie;79460;79162;Magné;;;-0.548441;46.314666
79162_0119_00005;5;;Clos du Clouzis;79460;79162;Magné;;;-0.547244;46.312168
79162_0150_00089;89;;Route des deux Grèves;79460;79162;Magné;;;-0.539238;46.30983
79162_0230_00085;85;;Route de Jousson;79460;79162;Magné;;;-0.541563;46.321578
79162_0223_00029;29;;Rue du Héron cendré;79460;79162;Magné;;;-0.557889;46.315549
79162_y2d98w_00009;9;;Les Cénobites;79460;79162;Magné;;Les Cénobites tranquilles;-0.529088;46.312761
79162_0150_00176;176;;Route des deux Grèves;79460;79162;Magné;;;-0.539988;46.308028
79162_0268_00048;48;;Avenue des Ormes;79460;79162;Magné;;;-0.554011;46.31323
79162_0290_00003;3;;Petite Rue Pilet;79460;79162;Magné;;;-0.544911;46.316146
79162_0394_00029;29;;Chemin de la Repentie;79460;79162;Magné;;;-0.580954;46.320083
79162_0246_00013;13;;Allée des Libellules;79460;79162;Magné;;;-0.553217;46.320169
79162_0440_00019;19;;Route de Tout-y-faut;79460;79162;Magné;;;-0.552072;46.311463
79162_0228_00010_b;10;b;Impasse de Jousson;79460;79162;Magné;;;-0.541671;46.324091
79162_0440_00035;35;;Route de Tout-y-faut;79460;79162;Magné;;;-0.553476;46.311704
79162_0088_00149;149;;Route de la Chapelle;79460;79162;Magné;;;-0.565553;46.292561
79162_0223_00009;9;;Rue du Héron cendré;79460;79162;Magné;;;-0.558532;46.316471
79162_y2d98w_00006;6;;Les Cénobites;79460;79162;Magné;;Les Cénobites tranquilles;-0.529134;46.312121
79162_0248_00002;2;;Promenade du Marais Pin;79460;79162;Magné;;;-0.556486;46.322912
79162_0260_00104;104;;Rue du Moulin;79460;79162;Magné;;;-0.553216;46.318198
79162_0440_00193;193;;Route de Tout-y-faut;79460;79162;Magné;;;-0.563292;46.311953
79162_0440_00156;156;;Route de Tout-y-faut;79460;79162;Magné;;;-0.560754;46.31202
79162_0330_00018;18;;Rue du Pinier Prolongée;79460;79162;Magné;;;-0.5473;46.318684
79162_0078_00055;55;;Avenue de la Briéserie;79460;79162;Magné;;;-0.548113;46.313718
79162_0210_00056;56;;Rue du Grand Port;79460;79162;Magné;;;-0.539985;46.314936
79162_0370_00024;24;;Rue du Port Public;79460;79162;Magné;;;-0.543199;46.313605
79162_0015_00010;10;;Chemin des Ajoncs;79460;79162;Magné;;;-0.550898;46.315998
79162_0018_00027;27;;Chemin des Barberies;79460;79162;Magné;;;-0.565864;46.310904
79162_0220_00043;43;;Grande Rue;79460;79162;Magné;;;-0.544233;46.314561
79162_0223_00021;21;;Rue du Héron cendré;79460;79162;Magné;;;-0.557975;46.315659
79162_0078_00135;135;;Avenue de la Briéserie;79460;79162;Magné;;;-0.550498;46.31258
79162_0085_00063;63;;Chemin des Cabanes du Gué;79460;79162;Magné;;;-0.569543;46.291491
79162_0440_00142;142;;Route de Tout-y-faut;79460;79162;Magné;;;-0.560167;46.311999
79162_0088_00080;80;;Route de la Chapelle;79460;79162;Magné;;;-0.563342;46.295224
79162_0150_00018;18;;Route des deux Grèves;79460;79162;Magné;;;-0.543732;46.310866
79162_0078_00051;51;;Avenue de la Briéserie;79460;79162;Magné;;;-0.54817;46.313851
79162_0426_00047;47;;Chemin de Tartifume;79460;79162;Magné;;;-0.552132;46.320322
79162_0230_00044;44;;Route de Jousson;79460;79162;Magné;;;-0.542261;46.319994
79162_0150_00131;131;;Route des deux Grèves;79460;79162;Magné;;;-0.537299;46.308782
79162_0283_00029;29;;Rue des Petits Champs;79460;79162;Magné;;;-0.553412;46.315267
79162_0150_00051;51;;Route des deux Grèves;79460;79162;Magné;;;-0.541671;46.310391
79162_0426_00034;34;;Chemin de Tartifume;79460;79162;Magné;;;-0.552148;46.319885
79162_0150_00016;16;;Route des deux Grèves;79460;79162;Magné;;;-0.543785;46.310875
79162_0248_00007;7;;Promenade du Marais Pin;79460;79162;Magné;;;-0.553689;46.322767
79162_0190_00014;14;;Rue du Four Banal;79460;79162;Magné;;;-0.545779;46.315814
79162_0220_00012;12;;Grande Rue;79460;79162;Magné;;;-0.544716;46.313483
79162_0333_00042;42;;Rue du Plumail;79460;79162;Magné;;;-0.55423;46.312377
79162_0220_00037;37;;Grande Rue;79460;79162;Magné;;;-0.544371;46.314289
79162_0272_00192;192;;Route de l'Ouchette;79460;79162;Magné;;;-0.5535;46.293726
79162_0220_00119;119;;Grande Rue;79460;79162;Magné;;;-0.543859;46.317061
79162_0440_00076;76;;Route de Tout-y-faut;79460;79162;Magné;;;-0.555677;46.311791
79162_0033_00010;10;;Allée des Baudounes;79460;79162;Magné;;;-0.564092;46.293629
79162_0250_00394_c;394;c;Avenue du Marais Poitevin;79460;79162;Magné;;;-0.550338;46.315787
79162_0270_00088;88;;Rue des Ouches;79460;79162;Magné;;;-0.551998;46.313911
79162_0145_00002;2;;Impasse de la Demoiselle;79460;79162;Magné;;;-0.541985;46.319478
79162_0078_00011;11;;Avenue de la Briéserie;79460;79162;Magné;;;-0.548382;46.314885
79162_0250_00311;311;;Avenue du Marais Poitevin;79460;79162;Magné;;;-0.544677;46.314676
79162_0019_00041;41;;Allée de la Bastide;79460;79162;Magné;;;-0.544321;46.316103
79162_0250_00378;378;;Avenue du Marais Poitevin;79460;79162;Magné;;;-0.549189;46.315435
79162_0247_00016;16;;Allée des Marais Galants;79460;79162;Magné;;;-0.54943;46.31676
79162_0426_00103;103;;Chemin de Tartifume;79460;79162;Magné;;;-0.550459;46.322539
79162_0020_00014;14;;Chemin du Bateau a Chaine;79460;79162;Magné;;;-0.545761;46.319366
79162_17sjxs_00014;14;;Rue de la Chevalerie;79460;79162;Magné;;;-0.545408;46.316932
79162_0255_00001;1;;Rue du Martin pêcheur;79460;79162;Magné;;;-0.56017;46.317251
79162_0150_00175;175;;Route des deux Grèves;79460;79162;Magné;;;-0.539747;46.30795
79162_0222_00010;10;;Route des Groies;79460;79162;Magné;;;-0.551106;46.310906
79162_0260_00082;82;;Rue du Moulin;79460;79162;Magné;;;-0.550691;46.317713
79162_0370_00011;11;;Rue du Port Public;79460;79162;Magné;;;-0.543775;46.313768
79162_0220_00020;20;;Grande Rue;79460;79162;Magné;;;-0.54422;46.313729
79162_0220_00102;102;;Grande Rue;79460;79162;Magné;;;-0.544286;46.316446
79162_9awcj4_00099;99;;Chemin de la Fontaine Sainte Macrine;79460;79162;Magné;;;-0.555093;46.305467
79162_0330_00075;75;;Rue du Pinier Prolongée;79460;79162;Magné;;;-0.550663;46.318941
79162_0120_00041;41;;Rue du Clouzis;79460;79162;Magné;;;-0.548218;46.312711
79162_0460_00105;105;;Chemin du Verdonnier;79460;79162;Magné;;;-0.533062;46.309009
79162_0250_00066;66;;Avenue du Marais Poitevin;79460;79162;Magné;;;-0.529829;46.311958
79162_0225_00001;1;;Rue des Iris;79460;79162;Magné;;;-0.55592;46.317761
79162_0040_00014;14;;Rue de Béthanie;79460;79162;Magné;;;-0.543476;46.314139
79162_0030_00011;11;;Impasse du Batelier;79460;79162;Magné;;;-0.544957;46.314169
79162_0220_00135;135;;Grande Rue;79460;79162;Magné;;;-0.543216;46.317612
79162_0050_00014;14;;Rue du Bon Conseil;79460;79162;Magné;;;-0.543095;46.316871
79162_0078_00034;34;;Avenue de la Briéserie;79460;79162;Magné;;;-0.549365;46.313917
79162_0250_00424;424;;Avenue du Marais Poitevin;79460;79162;Magné;;;-0.55217;46.315947
79162_f9ytbz_00020;20;;Rue des Chenevières;79460;79162;Magné;;;-0.544249;46.319086
79162_0440_00014;14;;Route de Tout-y-faut;79460;79162;Magné;;;-0.551618;46.311489
79162_0150_00154;154;;Route des deux Grèves;79460;79162;Magné;;;-0.538669;46.308273
79162_0040_00013;13;;Rue de Béthanie;79460;79162;Magné;;;-0.543491;46.314284
79162_0120_00068;68;;Rue du Clouzis;79460;79162;Magné;;;-0.549821;46.312286
79162_0250_00463;463;;Avenue du Marais Poitevin;79460;79162;Magné;;;-0.556322;46.315738
79162_0060_00003;3;;Impasse du Bon Conseil;79460;79162;Magné;;;-0.544132;46.316818
79162_0268_00060;60;;Avenue des Ormes;79460;79162;Magné;;;-0.554758;46.312782
79162_0220_00137;137;;Grande Rue;79460;79162;Magné;;;-0.543182;46.317647
79162_0150_00100;100;;Route des deux Grèves;79460;79162;Magné;;;-0.538679;46.309531
79162_0078_00019;19;;Avenue de la Briéserie;79460;79162;Magné;;;-0.548571;46.314434
79162_0415_00006;6;;Allée de la Seigneurie;79460;79162;Magné;;;-0.543341;46.315717
79162_0085_00070;70;;Chemin des Cabanes du Gué;79460;79162;Magné;;;-0.570118;46.291647
79162_0440_00002;2;;Route de Tout-y-faut;79460;79162;Magné;;;-0.551102;46.311423
79162_0220_00050;50;;Grande Rue;79460;79162;Magné;;;-0.543906;46.314827
79162_0045_00013;13;;Chemin du Bois Moreau;79460;79162;Magné;;;-0.560242;46.311558
79162_0310_00024;24;;Rue Pierre l'Homme;79460;79162;Magné;;;-0.546074;46.314119
79162_0283_00031;31;;Rue des Petits Champs;79460;79162;Magné;;;-0.553542;46.315449
79162_0250_00318;318;;Avenue du Marais Poitevin;79460;79162;Magné;;;-0.545409;46.315004
79162_0236_00121;121;;Route de la Garette;79460;79162;Magné;;;-0.576731;46.313616
79162_0220_00080;80;;Grande Rue;79460;79162;Magné;;;-0.544373;46.315673
79162_0423_00051;51;;Chemin de la Souche;79460;79162;Magné;;;-0.558782;46.29573
79162_0283_00005;5;;Rue des Petits Champs;79460;79162;Magné;;;-0.551931;46.315078
79162_0220_00083;83;;Grande Rue;79460;79162;Magné;;;-0.544612;46.31563
79162_0236_00121_b;121;b;Route de la Garette;79460;79162;Magné;;;-0.576326;46.313114
79162_0150_00158;158;;Route des deux Grèves;79460;79162;Magné;;;-0.538843;46.308233
79162_0078_00120;120;;Avenue de la Briéserie;79460;79162;Magné;;;-0.551205;46.312907
79162_0090_00005;5;;Rue du Château;79460;79162;Magné;;;-0.544246;46.315961
79162_0090_00011;11;;Rue du Château;79460;79162;Magné;;;-0.543972;46.315871
79162_0160_00004;4;;Rue de l'Eglise;79460;79162;Magné;;;-0.543544;46.314732
79162_lhnb4e_00025;25;;Chemin de l’Ageasson;79460;79162;Magné;;;-0.555836;46.305148
79162_0320_00014;14;;Rue du Pinier;79460;79162;Magné;;;-0.544527;46.318629
79162_0260_00052;52;;Rue du Moulin;79460;79162;Magné;;;-0.548893;46.317467
79162_0426_00058;58;;Chemin de Tartifume;79460;79162;Magné;;;-0.5517;46.320867
79162_0370_00020;20;;Rue du Port Public;79460;79162;Magné;;;-0.543334;46.313601
79162_y2d98w_00002;2;;Les Cénobites;79460;79162;Magné;;Les Cénobites tranquilles;-0.529387;46.311859
79162_0194_00107;107;;Chemin de Franc Girouard;79460;79162;Magné;;;-0.567081;46.315543
79162_0078_00027;27;;Avenue de la Briéserie;79460;79162;Magné;;;-0.548906;46.314079
79162_0260_00058;58;;Rue du Moulin;79460;79162;Magné;;;-0.549222;46.317516
79162_0246_00003;3;;Allée des Libellules;79460;79162;Magné;;;-0.552935;46.320476
79162_0245_00032;32;;Rue Léonce Riffault;79460;79162;Magné;;;-0.55094;46.320169
79162_0140_00009_b;9;b;Rue Couverte;79460;79162;Magné;;;-0.544375;46.312821
79162_0440_00233;233;;Route de Tout-y-faut;79460;79162;Magné;;;-0.565996;46.311607
79162_0415_00031;31;;Allée de la Seigneurie;79460;79162;Magné;;;-0.543059;46.315739
79162_0200_00002;2;;Rue des Frères Largeau;79460;79162;Magné;;;-0.543938;46.315033
79162_0135_00001;1;;Allée Colin Lefrancq Hélène;79460;79162;Magné;;;-0.54104;46.321043
79162_0440_00158;158;;Route de Tout-y-faut;79460;79162;Magné;;;-0.561257;46.312008
79162_0454_00061;61;;Chemin de la Trigale;79460;79162;Magné;;;-0.587786;46.320075
79162_0460_00095;95;;Chemin du Verdonnier;79460;79162;Magné;;;-0.532733;46.309235
79162_0265_00052;52;;Rue du Nolivet;79460;79162;Magné;;;-0.550358;46.314393
79162_0200_00003;3;;Rue des Frères Largeau;79460;79162;Magné;;;-0.544024;46.314958
79162_0220_00085;85;;Grande Rue;79460;79162;Magné;;;-0.544735;46.3158
79162_0230_00151;151;;Route de Jousson;79460;79162;Magné;;;-0.540564;46.323819
79162_0250_00384;384;;Avenue du Marais Poitevin;79460;79162;Magné;;;-0.549569;46.315418
79162_0330_00071;71;;Rue du Pinier Prolongée;79460;79162;Magné;;;-0.550305;46.318922
79162_0265_00010;10;;Rue du Nolivet;79460;79162;Magné;;;-0.549493;46.314393
79162_0194_00113;113;;Chemin de Franc Girouard;79460;79162;Magné;;;-0.566926;46.315348
79162_0265_00023;23;;Rue du Nolivet;79460;79162;Magné;;;-0.55018;46.314059
79162_0248_00004;4;;Promenade du Marais Pin;79460;79162;Magné;;;-0.55578;46.322758
79162_0220_00091;91;;Grande Rue;79460;79162;Magné;;;-0.544713;46.31606
79162_0268_00063;63;;Avenue des Ormes;79460;79162;Magné;;;-0.554969;46.312612
79162_0272_00157;157;;Route de l'Ouchette;79460;79162;Magné;;;-0.551441;46.294504
79162_0330_00005;5;;Rue du Pinier Prolongée;79460;79162;Magné;;;-0.546114;46.318607
79162_ex5w7f_00013;13;;Rue Jean Bourolleau;79460;79162;Magné;;;-0.5536;46.319361
79162_0230_00162_b;162;b;Route de Jousson;79460;79162;Magné;;;-0.540451;46.323174
79162_0223_00015;15;;Rue du Héron cendré;79460;79162;Magné;;;-0.558544;46.316157
79162_0246_00002;2;;Allée des Libellules;79460;79162;Magné;;;-0.553006;46.320309
79162_0268_00027;27;;Avenue des Ormes;79460;79162;Magné;;;-0.553386;46.313838
79162_0200_00008;8;;Rue des Frères Largeau;79460;79162;Magné;;;-0.544184;46.315082
79162_0232_00010;10;;Ruelle de Jousson;79460;79162;Magné;;;-0.541262;46.324224
79162_0420_00049;49;;Quai de la Sèvre;79460;79162;Magné;;;-0.54199;46.317508
79162_0150_00079;79;;Route des deux Grèves;79460;79162;Magné;;;-0.539862;46.310007
79162_y2d98w_00028;28;;Les Cénobites;79460;79162;Magné;;Les Cénobites tranquilles;-0.528955;46.312882
79162_0198_00004;4;;Allée des Frênes;79460;79162;Magné;;;-0.551938;46.312552
79162_0392_00012;12;;Rue de la Reine des prés;79460;79162;Magné;;;-0.555534;46.316908
79162_0180_00003;3;;Impasse de la Forge;79460;79162;Magné;;;-0.544797;46.313541
79162_0150_00110;110;;Route des deux Grèves;79460;79162;Magné;;;-0.538117;46.30919
79162_0230_00162_a;162;a;Route de Jousson;79460;79162;Magné;;;-0.540195;46.323348
79162_0265_00079;79;;Rue du Nolivet;79460;79162;Magné;;;-0.55142;46.314134
79162_0119_00001;1;;Clos du Clouzis;79460;79162;Magné;;;-0.547514;46.312048
79162_0230_00013;13;;Route de Jousson;79460;79162;Magné;;;-0.543439;46.31871
79162_9awcj4_00087;87;;Chemin de la Fontaine Sainte Macrine;79460;79162;Magné;;;-0.55509;46.305169
79162_0030_00007;7;;Impasse du Batelier;79460;79162;Magné;;;-0.544747;46.314198
79162_17sjxs_00040;40;;Rue de la Chevalerie;79460;79162;Magné;;;-0.545512;46.318
79162_0430_00014;14;;Impasse des Terres Rouges;79460;79162;Magné;;;-0.543938;46.317661
79162_0140_00017_a;17;a;Rue Couverte;79460;79162;Magné;;;-0.544407;46.312501
79162_0230_00096;96;;Route de Jousson;79460;79162;Magné;;;-0.540826;46.322314
79162_0440_00029;29;;Route de Tout-y-faut;79460;79162;Magné;;;-0.552949;46.311605
79162_0094_00021;21;;Chemin de la Chaume aux Bêtes;79460;79162;Magné;;;-0.560877;46.312845
79162_0460_00097;97;;Chemin du Verdonnier;79460;79162;Magné;;;-0.532844;46.309181
79162_0248_00009;9;;Promenade du Marais Pin;79460;79162;Magné;;;-0.553007;46.322751
79162_0265_00074;74;;Rue du Nolivet;79460;79162;Magné;;;-0.550862;46.31512
79162_0271_00033;33;;Rue des Oiseaux;79460;79162;Magné;;;-0.55884;46.317234
79162_0078_00075;75;;Avenue de la Briéserie;79460;79162;Magné;;;-0.54946;46.313695
79162_0250_00193;193;;Avenue du Marais Poitevin;79460;79162;Magné;;;-0.537426;46.313335
79162_0230_00079;79;;Route de Jousson;79460;79162;Magné;;;-0.541627;46.321313
79162_0220_00070;70;;Grande Rue;79460;79162;Magné;;;-0.543968;46.315565
79162_0247_00026;26;;Allée des Marais Galants;79460;79162;Magné;;;-0.550194;46.317006
79162_0014_00011;11;;Rue de l'Aigrette;79460;79162;Magné;;;-0.559829;46.315856
79162_0120_00074;74;;Rue du Clouzis;79460;79162;Magné;;;-0.550123;46.312321
79162_0135_00003;3;;Allée Colin Lefrancq Hélène;79460;79162;Magné;;;-0.54056;46.320982
79162_0330_00040;40;;Rue du Pinier Prolongée;79460;79162;Magné;;;-0.54857;46.318853
79162_0426_00010;10;;Chemin de Tartifume;79460;79162;Magné;;;-0.552625;46.318871
79162_0085_00020;20;;Chemin des Cabanes du Gué;79460;79162;Magné;;;-0.566962;46.291964
79162_0330_00045;45;;Rue du Pinier Prolongée;79460;79162;Magné;;;-0.548847;46.318538
79162_0250_00283;283;;Avenue du Marais Poitevin;79460;79162;Magné;;;-0.543424;46.3144
79162_0150_00180;180;;Route des deux Grèves;79460;79162;Magné;;;-0.540069;46.308004
79162_0230_00086;86;;Route de Jousson;79460;79162;Magné;;;-0.541427;46.321773
79162_0150_00095;95;;Route des deux Grèves;79460;79162;Magné;;;-0.538905;46.309727
79162_0247_00010;10;;Allée des Marais Galants;79460;79162;Magné;;;-0.549491;46.316544
79162_0228_00010_e;10;e;Impasse de Jousson;79460;79162;Magné;;;-0.541953;46.32409
79162_0440_00091;91;;Route de Tout-y-faut;79460;79162;Magné;;;-0.556775;46.311733
79162_0393_00041;41;;Avenue de la Repentie;79460;79162;Magné;;;-0.579168;46.320156
79162_0268_00008;8;;Avenue des Ormes;79460;79162;Magné;;;-0.552658;46.314833
79162_0078_00107;107;;Avenue de la Briéserie;79460;79162;Magné;;;-0.549877;46.312811
79162_0426_00015;15;;Chemin de Tartifume;79460;79162;Magné;;;-0.552692;46.319114
79162_0265_00033;33;;Rue du Nolivet;79460;79162;Magné;;;-0.550574;46.314288
79162_ex5w7f_00017;17;;Rue Jean Bourolleau;79460;79162;Magné;;;-0.553385;46.319962
79162_0033_00006;6;;Allée des Baudounes;79460;79162;Magné;;;-0.56368;46.294056
79162_0250_00014;14;;Avenue du Marais Poitevin;79460;79162;Magné;;;-0.527067;46.310827
79162_0440_00192;192;;Route de Tout-y-faut;79460;79162;Magné;;;-0.563627;46.312013
79162_0150_00033;33;;Route des deux Grèves;79460;79162;Magné;;;-0.543059;46.310854
79162_0080_00013;13;;Impasse de la Brieserie;79460;79162;Magné;;;-0.547278;46.313273
79162_0150_00090;90;;Route des deux Grèves;79460;79162;Magné;;;-0.539587;46.309842
79162_0410_00031;31;;Rue Saint Denis;79460;79162;Magné;;;-0.541897;46.317617
79162_0440_00165;165;;Route de Tout-y-faut;79460;79162;Magné;;;-0.561489;46.311944
79162_0150_00026;26;;Route des deux Grèves;79460;79162;Magné;;;-0.54341;46.310843
79162_0265_00041;41;;Rue du Nolivet;79460;79162;Magné;;;-0.550827;46.314054
79162_0268_00037;37;;Avenue des Ormes;79460;79162;Magné;;;-0.553767;46.31357
79162_0330_00044;44;;Rue du Pinier Prolongée;79460;79162;Magné;;;-0.548705;46.318641
79162_0120_00065;65;;Rue du Clouzis;79460;79162;Magné;;;-0.549759;46.312179
79162_0460_00103;103;;Chemin du Verdonnier;79460;79162;Magné;;;-0.532893;46.309154
79162_0120_00062;62;;Rue du Clouzis;79460;79162;Magné;;;-0.549322;46.312409
79162_0268_00050;50;;Avenue des Ormes;79460;79162;Magné;;;-0.554419;46.312992
79162_0440_00028;28;;Route de Tout-y-faut;79460;79162;Magné;;;-0.55287;46.31169
79162_0350_00004;4;;Rue du Port Hulot;79460;79162;Magné;;;-0.545095;46.312163
79162_0247_00001;1;;Allée des Marais Galants;79460;79162;Magné;;;-0.550483;46.316891
79162_0272_00155;155;;Route de l'Ouchette;79460;79162;Magné;;;-0.551315;46.294525
79162_0268_00033;33;;Avenue des Ormes;79460;79162;Magné;;;-0.553744;46.31362
79162_0250_00342;342;;Avenue du Marais Poitevin;79460;79162;Magné;;;-0.546942;46.315348
79162_y2d98w_00007;7;;Les Cénobites;79460;79162;Magné;;Les Cénobites tranquilles;-0.529013;46.312714
79162_0014_00009;9;;Rue de l'Aigrette;79460;79162;Magné;;;-0.559552;46.315869
79162_0268_00082;82;;Avenue des Ormes;79460;79162;Magné;;;-0.555448;46.312144
79162_0250_00232;232;;Avenue du Marais Poitevin;79460;79162;Magné;;;-0.540269;46.313938
79162_0350_00016;16;;Rue du Port Hulot;79460;79162;Magné;;;-0.544245;46.312072
79162_0035_00018;18;;Rue de Bel Air;79460;79162;Magné;;;-0.554005;46.302937
79162_0220_00038;38;;Grande Rue;79460;79162;Magné;;;-0.544169;46.314239
79162_0060_00005;5;;Impasse du Bon Conseil;79460;79162;Magné;;;-0.544572;46.316795
79162_0420_00025;25;;Quai de la Sèvre;79460;79162;Magné;;;-0.542431;46.316341
79162_0460_00015;15;;Chemin du Verdonnier;79460;79162;Magné;;;-0.527486;46.310306
79162_0360_00022;22;;Rue du Port Musqué;79460;79162;Magné;;;-0.543144;46.313147
79162_0394_00071;71;;Chemin de la Repentie;79460;79162;Magné;;;-0.583841;46.32049
79162_zl7zgm_00015;15;;Chemin de la Trappe aux loups;79460;79162;Magné;;;-0.548896;46.311978
79162_0440_00039;39;;Route de Tout-y-faut;79460;79162;Magné;;;-0.553613;46.311726
79162_0393_00061;61;;Avenue de la Repentie;79460;79162;Magné;;;-0.580221;46.321236
79162_0260_00094;94;;Rue du Moulin;79460;79162;Magné;;;-0.551785;46.31785
79162_0250_00408;408;;Avenue du Marais Poitevin;79460;79162;Magné;;;-0.551258;46.315533
79162_0270_00090;90;;Rue des Ouches;79460;79162;Magné;;;-0.552082;46.313726
79162_0255_00011;11;;Rue du Martin pêcheur;79460;79162;Magné;;;-0.560038;46.316172
79162_0083_00017;17;;Chemin de la Cabane;79460;79162;Magné;;;-0.566439;46.302672
79162_0360_00007;7;;Rue du Port Musqué;79460;79162;Magné;;;-0.544288;46.31331
79162_0247_00028;28;;Allée des Marais Galants;79460;79162;Magné;;;-0.55025;46.317023
79162_0423_00086;86;;Chemin de la Souche;79460;79162;Magné;;;-0.556854;46.295074
79162_0230_00135;135;;Route de Jousson;79460;79162;Magné;;;-0.541192;46.324015
79162_0330_00059;59;;Rue du Pinier Prolongée;79460;79162;Magné;;;-0.549872;46.318816
79162_0150_00153;153;;Route des deux Grèves;79460;79162;Magné;;;-0.538398;46.308216
79162_ex5w7f_00010;10;;Rue Jean Bourolleau;79460;79162;Magné;;;-0.554006;46.319676
79162_0410_00029;29;;Rue Saint Denis;79460;79162;Magné;;;-0.541984;46.317654
79162_0016_00001;1;;Impasse des Ajoncs Bleus;79460;79162;Magné;;;-0.550533;46.316335
79162_0050_00019;19;;Rue du Bon Conseil;79460;79162;Magné;;;-0.542504;46.316875
79162_0360_00015;15;;Rue du Port Musqué;79460;79162;Magné;;;-0.543741;46.313251
79162_0272_00171;171;;Route de l'Ouchette;79460;79162;Magné;;;-0.552374;46.294233
79162_0268_00001;1;;Avenue des Ormes;79460;79162;Magné;;;-0.552552;46.314812
79162_0230_00161;161;;Route de Jousson;79460;79162;Magné;;;-0.539958;46.323652
79162_0283_00010;10;;Rue des Petits Champs;79460;79162;Magné;;;-0.552247;46.315246
79162_0078_00046;46;;Avenue de la Briéserie;79460;79162;Magné;;;-0.54977;46.313639
79162_zl7zgm_00110;110;;Chemin de la Trappe aux loups;79460;79162;Magné;;;-0.545506;46.308236
79162_0461_00018;18;;Rue des Violettes;79460;79162;Magné;;;-0.555019;46.313786
79162_0355_00012;12;;Rue du Port Macrou;79460;79162;Magné;;;-0.543603;46.312794
79162_0250_00116;116;;Avenue du Marais Poitevin;79460;79162;Magné;;;-0.532497;46.313119
79162_y2d98w_00018;18;;Les Cénobites;79460;79162;Magné;;Les Cénobites tranquilles;-0.528631;46.312668
79162_0030_00009;9;;Impasse du Batelier;79460;79162;Magné;;;-0.544829;46.314147
79162_0020_00008;8;;Chemin du Bateau a Chaine;79460;79162;Magné;;;-0.545792;46.31904
79162_0392_00014;14;;Rue de la Reine des prés;79460;79162;Magné;;;-0.555697;46.316954
79162_0015_00019;19;;Chemin des Ajoncs;79460;79162;Magné;;;-0.550962;46.316178
79162_0250_00028;28;;Avenue du Marais Poitevin;79460;79162;Magné;;;-0.527882;46.311127
79162_0045_00002;2;;Chemin du Bois Moreau;79460;79162;Magné;;;-0.560621;46.311915
79162_0130_00001;1;;Rue du Coin Macrou;79460;79162;Magné;;;-0.543553;46.31314
79162_0210_00042;42;;Rue du Grand Port;79460;79162;Magné;;;-0.540955;46.315143
79162_0150_00047;47;;Route des deux Grèves;79460;79162;Magné;;;-0.542407;46.310651
79162_0018_00023;23;;Chemin des Barberies;79460;79162;Magné;;;-0.566176;46.310941
79162_0271_00049;49;;Rue des Oiseaux;79460;79162;Magné;;;-0.559827;46.317293
79162_0460_00035;35;;Chemin du Verdonnier;79460;79162;Magné;;;-0.528776;46.310118
79162_0440_00226;226;;Route de Tout-y-faut;79460;79162;Magné;;;-0.565621;46.311752
79162_0078_00045;45;;Avenue de la Briéserie;79460;79162;Magné;;;-0.548489;46.313782
79162_0220_00059;59;;Grande Rue;79460;79162;Magné;;;-0.543829;46.315136
79162_0440_00043;43;;Route de Tout-y-faut;79460;79162;Magné;;;-0.553833;46.311753
79162_0210_00011;11;;Rue du Grand Port;79460;79162;Magné;;;-0.543021;46.315199
79162_0080_00001;1;;Impasse de la Brieserie;79460;79162;Magné;;;-0.547721;46.312891
79162_0330_00034;34;;Rue du Pinier Prolongée;79460;79162;Magné;;;-0.548247;46.318626
79162_0260_00065;65;;Rue du Moulin;79460;79162;Magné;;;-0.550211;46.317569
79162_0230_00111;111;;Route de Jousson;79460;79162;Magné;;;-0.541654;46.322909
79162_0220_00086;86;;Grande Rue;79460;79162;Magné;;;-0.544562;46.315837
79162_0250_00122;122;;Avenue du Marais Poitevin;79460;79162;Magné;;;-0.532907;46.313069
79162_0210_00020;20;;Rue du Grand Port;79460;79162;Magné;;;-0.542426;46.315063
79162_0150_00168;168;;Route des deux Grèves;79460;79162;Magné;;;-0.539313;46.308179
79162_0440_00240;240;;Route de Tout-y-faut;79460;79162;Magné;;;-0.566408;46.311699
79162_0090_00013;13;;Rue du Château;79460;79162;Magné;;;-0.543905;46.315834
79162_0031_00001;1;;Rue du Pivert;79460;79162;Magné;;;-0.55934;46.316547
79162_0031_00002;2;;Rue du Pivert;79460;79162;Magné;;;-0.559174;46.316662
79162_0250_00068_a;68;a;Avenue du Marais Poitevin;79460;79162;Magné;;;-0.529877;46.312071
79162_0460_00016;16;;Chemin du Verdonnier;79460;79162;Magné;;;-0.527566;46.310374
79162_0426_00075;75;;Chemin de Tartifume;79460;79162;Magné;;;-0.55162;46.321715
79162_0210_00034;34;;Rue du Grand Port;79460;79162;Magné;;;-0.541417;46.315186
79162_0283_00026;26;;Rue des Petits Champs;79460;79162;Magné;;;-0.553254;46.315446
79162_0250_00189;189;;Avenue du Marais Poitevin;79460;79162;Magné;;;-0.537149;46.313282
79162_0460_00078;78;;Chemin du Verdonnier;79460;79162;Magné;;;-0.531642;46.309592
79162_0355_00013;13;;Rue du Port Macrou;79460;79162;Magné;;;-0.543464;46.312853
79162_0440_00179;179;;Route de Tout-y-faut;79460;79162;Magné;;;-0.56246;46.311985
79162_0350_00031;31;;Rue du Port Hulot;79460;79162;Magné;;;-0.543344;46.312113
79162_0265_00026;26;;Rue du Nolivet;79460;79162;Magné;;;-0.549762;46.31494
79162_0250_00329;329;;Avenue du Marais Poitevin;79460;79162;Magné;;;-0.545953;46.315033
79162_0m2vii_00006;6;;Chemin de Monpensier;79460;79162;Magné;;;-0.567638;46.321888
79162_0250_00065;65;;Avenue du Marais Poitevin;79460;79162;Magné;;;-0.530001;46.311876
79162_9awcj4_00069;69;;Chemin de la Fontaine Sainte Macrine;79460;79162;Magné;;;-0.55448;46.30484
79162_17sjxs_00006;6;;Rue de la Chevalerie;79460;79162;Magné;;;-0.545369;46.316553
79162_0260_00009;9;;Rue du Moulin;79460;79162;Magné;;;-0.546135;46.316796
79162_0415_00019;19;;Allée de la Seigneurie;79460;79162;Magné;;;-0.543087;46.316455
79162_0220_00074;74;;Grande Rue;79460;79162;Magné;;;-0.544122;46.315615
79162_0040_00022;22;;Rue de Béthanie;79460;79162;Magné;;;-0.543273;46.314161
79162_0268_00072;72;;Avenue des Ormes;79460;79162;Magné;;;-0.555378;46.312536
79162_0415_00024;24;;Allée de la Seigneurie;79460;79162;Magné;;;-0.54309;46.316161
79162_0426_00025;25;;Chemin de Tartifume;79460;79162;Magné;;;-0.552505;46.319494
79162_0210_00024;24;;Rue du Grand Port;79460;79162;Magné;;;-0.542279;46.315029
79162_0085_00004;4;;Chemin des Cabanes du Gué;79460;79162;Magné;;;-0.565909;46.291854
79162_0440_00046;46;;Route de Tout-y-faut;79460;79162;Magné;;;-0.553971;46.31237
79162_0220_00061;61;;Grande Rue;79460;79162;Magné;;;-0.543791;46.315237
79162_0200_00008_bis;8;bis;Rue des Frères Largeau;79460;79162;Magné;;;-0.544251;46.315105
79162_0016_00020;20;;Impasse des Ajoncs Bleus;79460;79162;Magné;;;-0.548953;46.31598
79162_0333_00004;4;;Rue du Plumail;79460;79162;Magné;;;-0.552496;46.313219
79162_0393_00036;36;;Avenue de la Repentie;79460;79162;Magné;;;-0.578935;46.32014
79162_0370_00015;15;;Rue du Port Public;79460;79162;Magné;;;-0.543386;46.313764
79162_0271_00043;43;;Rue des Oiseaux;79460;79162;Magné;;;-0.559613;46.317305
79162_0223_00008;8;;Rue du Héron cendré;79460;79162;Magné;;;-0.558941;46.316547
79162_0225_00003;3;;Rue des Iris;79460;79162;Magné;;;-0.554371;46.317631
79162_0370_00013;13;;Rue du Port Public;79460;79162;Magné;;;-0.543589;46.313754
79162_0223_00035;35;;Rue du Héron cendré;79460;79162;Magné;;;-0.557948;46.315301
79162_0085_00107;107;;Chemin des Cabanes du Gué;79460;79162;Magné;;;-0.571951;46.29273
79162_0268_00024;24;;Avenue des Ormes;79460;79162;Magné;;;-0.553561;46.314001
79162_0084_00067;67;;Chemin de la Cabane des Epineaux;79460;79162;Magné;;;-0.575622;46.309168
79162_0265_00056;56;;Rue du Nolivet;79460;79162;Magné;;;-0.550783;46.314492
79162_0094_00007;7;;Chemin de la Chaume aux Bêtes;79460;79162;Magné;;;-0.560775;46.312347
79162_0265_00071;71;;Rue du Nolivet;79460;79162;Magné;;;-0.551434;46.313815
79162_0150_00163;163;;Route des deux Grèves;79460;79162;Magné;;;-0.538624;46.308158
79162_0150_00121;121;;Route des deux Grèves;79460;79162;Magné;;;-0.537682;46.309032
79162_0440_00134;134;;Route de Tout-y-faut;79460;79162;Magné;;;-0.559361;46.311997
79162_0012_00004;4;;Allée de l'Artisanat;79460;79162;Magné;;;-0.561311;46.31888
79162_0226_00022;22;;Rue José Nadal;79460;79162;Magné;;;-0.549991;46.321357
79162_0170_00004;4;;Rue des Fontenelles;79460;79162;Magné;;;-0.54557;46.31277
79162_0283_00006;6;;Rue des Petits Champs;79460;79162;Magné;;;-0.551941;46.315208
79162_0265_00076;76;;Rue du Nolivet;79460;79162;Magné;;;-0.550915;46.315074
79162_0247_00014;14;;Allée des Marais Galants;79460;79162;Magné;;;-0.549472;46.316631
79162_0223_00014;14;;Rue du Héron cendré;79460;79162;Magné;;;-0.558477;46.315846
79162_9awcj4_00034;34;;Chemin de la Fontaine Sainte Macrine;79460;79162;Magné;;;-0.552851;46.303415
79162_0220_00023;23;;Grande Rue;79460;79162;Magné;;;-0.544724;46.313684
79162_0250_00018;18;;Avenue du Marais Poitevin;79460;79162;Magné;;;-0.527218;46.310889
79162_0330_00057;57;;Rue du Pinier Prolongée;79460;79162;Magné;;;-0.549788;46.318773
79162_0230_00094;94;;Route de Jousson;79460;79162;Magné;;;-0.541423;46.322338
79162_0333_00030;30;;Rue du Plumail;79460;79162;Magné;;;-0.553291;46.312852
79162_0260_00134;134;;Rue du Moulin;79460;79162;Magné;;;-0.554265;46.318278
79162_0150_00036;36;;Route des deux Grèves;79460;79162;Magné;;;-0.542732;46.310669
79162_0019_00040;40;;Allée de la Bastide;79460;79162;Magné;;;-0.544284;46.316152
79162_0226_00025;25;;Rue José Nadal;79460;79162;Magné;;;-0.549901;46.321582
79162_0140_00011;11;;Rue Couverte;79460;79162;Magné;;;-0.544467;46.312677
79162_0250_00254;254;;Avenue du Marais Poitevin;79460;79162;Magné;;;-0.541423;46.313975
79162_0423_00002;2;;Chemin de la Souche;79460;79162;Magné;;;-0.561822;46.296029
79162_0194_00064;64;;Chemin de Franc Girouard;79460;79162;Magné;;;-0.566856;46.31697
79162_0250_00013;13;;Avenue du Marais Poitevin;79460;79162;Magné;;;-0.527047;46.310621
79162_0223_00013;13;;Rue du Héron cendré;79460;79162;Magné;;;-0.558541;46.316194
79162_0150_00092;92;;Route des deux Grèves;79460;79162;Magné;;;-0.53913;46.309695
79162_0250_00084;84;;Avenue du Marais Poitevin;79460;79162;Magné;;;-0.530777;46.312465
79162_0245_00021;21;;Rue Léonce Riffault;79460;79162;Magné;;;-0.55041;46.320423
79162_0415_00011;11;;Allée de la Seigneurie;79460;79162;Magné;;;-0.543327;46.315925
79162_0011_00016;16;;Rue de l’Abreuvoir;79460;79162;Magné;;;-0.542146;46.318769
79162_0410_00007;7;;Rue Saint Denis;79460;79162;Magné;;;-0.543233;46.318073
79162_0019_00032;32;;Allée de la Bastide;79460;79162;Magné;;;-0.54376;46.316212
79162_0415_00005;5;;Allée de la Seigneurie;79460;79162;Magné;;;-0.543288;46.315799
79162_ltr3oy_00001;1;;Jardin public;79460;79162;Magné;;;-0.535496;46.313352
79162_0330_00096;96;;Rue du Pinier Prolongée;79460;79162;Magné;;;-0.552187;46.318616
79162_0265_00070;70;;Rue du Nolivet;79460;79162;Magné;;;-0.550697;46.314926
79162_0090_00040;40;;Rue du Château;79460;79162;Magné;;;-0.544256;46.316156
79162_0400_00006;6;;Rue du Roc;79460;79162;Magné;;;-0.543048;46.317275
79162_0268_00045;45;;Avenue des Ormes;79460;79162;Magné;;;-0.553931;46.313133
79162_0400_00013;13;;Rue du Roc;79460;79162;Magné;;;-0.542528;46.317121
79162_0250_00059;59;;Avenue du Marais Poitevin;79460;79162;Magné;;;-0.529801;46.311493
79162_0150_00141;141;;Route des deux Grèves;79460;79162;Magné;;;-0.537574;46.308541
79162_0m2vii_00002;2;;Chemin de Monpensier;79460;79162;Magné;;;-0.566747;46.321888
79162_0090_00009;9;;Rue du Château;79460;79162;Magné;;;-0.544044;46.315897
79162_0230_00124;124;;Route de Jousson;79460;79162;Magné;;;-0.54137;46.32337
79162_0198_00006;6;;Allée des Frênes;79460;79162;Magné;;;-0.55202;46.312865
79162_0236_00351;351;;Route de la Garette;79460;79162;Magné;;;-0.586011;46.305838
79162_0265_00066;66;;Rue du Nolivet;79460;79162;Magné;;;-0.550748;46.314818
79162_zl7zgm_00032;32;;Chemin de la Trappe aux loups;79460;79162;Magné;;;-0.549243;46.310954
79162_0016_00006;6;;Impasse des Ajoncs Bleus;79460;79162;Magné;;;-0.550287;46.316194
79162_0460_00025;25;;Chemin du Verdonnier;79460;79162;Magné;;;-0.528044;46.310225
79162_0460_00011;11;;Chemin du Verdonnier;79460;79162;Magné;;;-0.52716;46.310349
79162_0078_00105;105;;Avenue de la Briéserie;79460;79162;Magné;;;-0.549831;46.312804
79162_0426_00016;16;;Chemin de Tartifume;79460;79162;Magné;;;-0.552537;46.319094
79162_0320_00028;28;;Rue du Pinier;79460;79162;Magné;;;-0.545678;46.318655
79162_0272_00205;205;;Route de l'Ouchette;79460;79162;Magné;;;-0.5544;46.293398
79162_0420_00005;5;;Quai de la Sèvre;79460;79162;Magné;;;-0.542323;46.315491
79162_0415_00017;17;;Allée de la Seigneurie;79460;79162;Magné;;;-0.543337;46.31647
79162_0268_00003;3;;Avenue des Ormes;79460;79162;Magné;;;-0.552616;46.314721
79162_0272_00145;145;;Route de l'Ouchette;79460;79162;Magné;;;-0.550746;46.294761
79162_0088_00042;42;;Route de la Chapelle;79460;79162;Magné;;;-0.561761;46.296592
79162_0210_00032;32;;Rue du Grand Port;79460;79162;Magné;;;-0.541575;46.315191
79162_0230_00163;163;;Route de Jousson;79460;79162;Magné;;;-0.5398;46.323669
79162_0150_00134;134;;Route des deux Grèves;79460;79162;Magné;;;-0.537657;46.308637
79162_0310_00010;10;;Rue Pierre l'Homme;79460;79162;Magné;;;-0.54624;46.314778
79162_0370_00019;19;;Rue du Port Public;79460;79162;Magné;;;-0.543124;46.31382
79162_0250_00392;392;;Avenue du Marais Poitevin;79460;79162;Magné;;;-0.550103;46.315441
79162_0440_00080;80;;Route de Tout-y-faut;79460;79162;Magné;;;-0.555941;46.311777
79162_0440_00034;34;;Route de Tout-y-faut;79460;79162;Magné;;;-0.553028;46.311732
79162_0440_00122;122;;Route de Tout-y-faut;79460;79162;Magné;;;-0.558607;46.311986
79162_0415_00029;29;;Allée de la Seigneurie;79460;79162;Magné;;;-0.542802;46.315764
79162_0246_00011;11;;Allée des Libellules;79460;79162;Magné;;;-0.55306;46.320518
79162_0078_00116;116;;Avenue de la Briéserie;79460;79162;Magné;;;-0.551226;46.312941
79162_0340_00005;5;;Ruelle du Port de la Cure;79460;79162;Magné;;;-0.542529;46.314891
79162_0120_00025;25;;Rue du Clouzis;79460;79162;Magné;;;-0.547092;46.312838
79162_0330_00079;79;;Rue du Pinier Prolongée;79460;79162;Magné;;;-0.55103;46.318886
79162_0085_00044;44;;Chemin des Cabanes du Gué;79460;79162;Magné;;;-0.568746;46.291665
79162_17sjxs_00028;28;;Rue de la Chevalerie;79460;79162;Magné;;;-0.545442;46.317525
79162_0283_00014;14;;Rue des Petits Champs;79460;79162;Magné;;;-0.552385;46.315267
79162_0150_00115;115;;Route des deux Grèves;79460;79162;Magné;;;-0.53806;46.309285
79162_0426_00059;59;;Chemin de Tartifume;79460;79162;Magné;;;-0.551845;46.320982
79162_0440_00119;119;;Route de Tout-y-faut;79460;79162;Magné;;;-0.558497;46.311894
79162_0030_00013;13;;Impasse du Batelier;79460;79162;Magné;;;-0.545405;46.314299
79162_0330_00031;31;;Rue du Pinier Prolongée;79460;79162;Magné;;;-0.547822;46.318472
79162_17sjxs_00013;13;;Rue de la Chevalerie;79460;79162;Magné;;;-0.545538;46.31699
79162_9awcj4_00116;116;;Chemin de la Fontaine Sainte Macrine;79460;79162;Magné;;;-0.554849;46.306429
79162_0130_00008_b;8;b;Rue du Coin Macrou;79460;79162;Magné;;;-0.543759;46.312871
79162_0290_00014;14;;Petite Rue Pilet;79460;79162;Magné;;;-0.545207;46.316343
79162_0440_00211;211;;Route de Tout-y-faut;79460;79162;Magné;;;-0.564289;46.311778
79162_0255_00002;2;;Rue du Martin pêcheur;79460;79162;Magné;;;-0.560289;46.317238
79162_0230_00119;119;;Route de Jousson;79460;79162;Magné;;;-0.541612;46.323084
79162_0260_00064;64;;Rue du Moulin;79460;79162;Magné;;;-0.549504;46.317559
79162_0268_00076;76;;Avenue des Ormes;79460;79162;Magné;;;-0.555419;46.312364
79162_0390_00005;5;;Rue du Puits Saint Denis;79460;79162;Magné;;;-0.542364;46.318104
79162_0247_00005;5;;Allée des Marais Galants;79460;79162;Magné;;;-0.549715;46.316878
79162_0085_00075;75;;Chemin des Cabanes du Gué;79460;79162;Magné;;;-0.570576;46.291753
79162_0016_00022;22;;Impasse des Ajoncs Bleus;79460;79162;Magné;;;-0.54891;46.315952
79162_0268_00018;18;;Avenue des Ormes;79460;79162;Magné;;;-0.553232;46.314479
79162_0210_00035;35;;Rue du Grand Port;79460;79162;Magné;;;-0.541216;46.315256
79162_0440_00205;205;;Route de Tout-y-faut;79460;79162;Magné;;;-0.56402;46.311832
79162_y2d98w_00010;10;;Les Cénobites;79460;79162;Magné;;Les Cénobites tranquilles;-0.528952;46.312349
79162_0230_00152;152;;Route de Jousson;79460;79162;Magné;;;-0.540532;46.323699
79162_0260_00048;48;;Rue du Moulin;79460;79162;Magné;;;-0.548729;46.317447
79162_0333_00038;38;;Rue du Plumail;79460;79162;Magné;;;-0.553981;46.312495
79162_0320_00026;26;;Rue du Pinier;79460;79162;Magné;;;-0.545257;46.318617
79162_0248_00006;6;;Promenade du Marais Pin;79460;79162;Magné;;;-0.55398;46.322769
79162_0271_00041;41;;Rue des Oiseaux;79460;79162;Magné;;;-0.559329;46.317307
79162_0265_00028;28;;Rue du Nolivet;79460;79162;Magné;;;-0.549839;46.315107
79162_0078_00104;104;;Avenue de la Briéserie;79460;79162;Magné;;;-0.551214;46.313152
79162_0223_00025;25;;Rue du Héron cendré;79460;79162;Magné;;;-0.557812;46.31558
79162_0462_00011;11;;Place Weitnau;79460;79162;Magné;;;-0.549011;46.314843
79162_0210_00066;66;;Rue du Grand Port;79460;79162;Magné;;;-0.539285;46.314754
79162_0228_00002;2;;Impasse de Jousson;79460;79162;Magné;;;-0.541357;46.323646
79162_0050_00018;18;;Rue du Bon Conseil;79460;79162;Magné;;;-0.542821;46.31686
79162_0198_00007;7;;Allée des Frênes;79460;79162;Magné;;;-0.552326;46.312499
79162_0230_00091;91;;Route de Jousson;79460;79162;Magné;;;-0.541539;46.321824
79162_0033_00004;4;;Allée des Baudounes;79460;79162;Magné;;;-0.56351;46.294324
79162_0150_00101;101;;Route des deux Grèves;79460;79162;Magné;;;-0.53852;46.309572
79162_0268_00040;40;;Avenue des Ormes;79460;79162;Magné;;;-0.553954;46.313621
79162_0460_00069;69;;Chemin du Verdonnier;79460;79162;Magné;;;-0.531053;46.309625
79162_0250_00358;358;;Avenue du Marais Poitevin;79460;79162;Magné;;;-0.548019;46.315829
79162_0140_00017_b;17;b;Rue Couverte;79460;79162;Magné;;;-0.544092;46.312437
79162_0088_00167;167;;Route de la Chapelle;79460;79162;Magné;;;-0.565472;46.291839
79162_0420_00047;47;;Quai de la Sèvre;79460;79162;Magné;;;-0.542136;46.317374
79162_0230_00170;170;;Route de Jousson;79460;79162;Magné;;;-0.53992;46.323223
79162_0370_00010;10;;Rue du Port Public;79460;79162;Magné;;;-0.543699;46.31368
79162_0080_00009;9;;Impasse de la Brieserie;79460;79162;Magné;;;-0.547296;46.313242
79162_0230_00137;137;;Route de Jousson;79460;79162;Magné;;;-0.54112;46.324194
79162_0080_00004;4;;Impasse de la Brieserie;79460;79162;Magné;;;-0.547512;46.312967
79162_0170_00102;102;;Rue des Fontenelles;79460;79162;Magné;;;-0.544984;46.308551
79162_0440_00182;182;;Route de Tout-y-faut;79460;79162;Magné;;;-0.563208;46.312054
79162_0250_00554;554;;Avenue du Marais Poitevin;79460;79162;Magné;;;-0.559908;46.3183
79162_0012_00008;8;;Allée de l'Artisanat;79460;79162;Magné;;;-0.560946;46.318619
79162_y2d98w_00008;8;;Les Cénobites;79460;79162;Magné;;Les Cénobites tranquilles;-0.529012;46.312302
79162_0090_00047;47;;Rue du Château;79460;79162;Magné;;;-0.543882;46.315958
79162_0015_00012;12;;Chemin des Ajoncs;79460;79162;Magné;;;-0.550887;46.316037
79162_0423_00030;30;;Chemin de la Souche;79460;79162;Magné;;;-0.56029;46.295712
79162_0250_00388;388;;Avenue du Marais Poitevin;79460;79162;Magné;;;-0.549782;46.315422
79162_0078_00084;84;;Avenue de la Briéserie;79460;79162;Magné;;;-0.550385;46.313224
79162_0260_00023;23;;Rue du Moulin;79460;79162;Magné;;;-0.547217;46.317052
79162_0220_00028;28;;Grande Rue;79460;79162;Magné;;;-0.544375;46.313998
79162_0260_00076;76;;Rue du Moulin;79460;79162;Magné;;;-0.55048;46.317694
79162_0230_00109;109;;Route de Jousson;79460;79162;Magné;;;-0.542094;46.322749
79162_0250_00434;434;;Avenue du Marais Poitevin;79460;79162;Magné;;;-0.553217;46.315925
79162_0170_00098;98;;Rue des Fontenelles;79460;79162;Magné;;;-0.545003;46.308803
79162_0035_00014;14;;Rue de Bel Air;79460;79162;Magné;;;-0.553787;46.303141
79162_0150_00015;15;;Route des deux Grèves;79460;79162;Magné;;;-0.543562;46.310949
79162_0268_00005;5;;Avenue des Ormes;79460;79162;Magné;;;-0.55267;46.314669
79162_0220_00096;96;;Grande Rue;79460;79162;Magné;;;-0.544448;46.316289
79162_9awcj4_00040;40;;Chemin de la Fontaine Sainte Macrine;79460;79162;Magné;;;-0.553315;46.303667
79162_0310_00036;36;;Rue Pierre l'Homme;79460;79162;Magné;;;-0.545934;46.313466
79162_0272_00163;163;;Route de l'Ouchette;79460;79162;Magné;;;-0.551758;46.294195
79162_0423_00004;4;;Chemin de la Souche;79460;79162;Magné;;;-0.561358;46.29588
79162_17sjxs_00010;10;;Rue de la Chevalerie;79460;79162;Magné;;;-0.545405;46.316789
79162_0194_00093;93;;Chemin de Franc Girouard;79460;79162;Magné;;;-0.567438;46.316097
79162_0200_00006;6;;Rue des Frères Largeau;79460;79162;Magné;;;-0.544114;46.315061
79162_0330_00097;97;;Rue du Pinier Prolongée;79460;79162;Magné;;;-0.55238;46.318442
79162_0220_00065;65;;Grande Rue;79460;79162;Magné;;;-0.543791;46.315336
79162_0250_00106;106;;Avenue du Marais Poitevin;79460;79162;Magné;;;-0.531894;46.312924
79162_0460_00089;89;;Chemin du Verdonnier;79460;79162;Magné;;;-0.532303;46.309404
79162_f9ytbz_00027;27;;Rue des Chenevières;79460;79162;Magné;;;-0.543803;46.319167
79162_0394_00057;57;;Chemin de la Repentie;79460;79162;Magné;;;-0.58247;46.320476
79162_0440_00103;103;;Route de Tout-y-faut;79460;79162;Magné;;;-0.557367;46.311802
79162_0423_00147;147;;Chemin de la Souche;79460;79162;Magné;;;-0.553074;46.294249
79162_0260_00031;31;;Rue du Moulin;79460;79162;Magné;;;-0.547583;46.317159
79162_0260_00027;27;;Rue du Moulin;79460;79162;Magné;;;-0.547407;46.317098
79162_0440_00176;176;;Route de Tout-y-faut;79460;79162;Magné;;;-0.563053;46.312055
79162_0088_00108;108;;Route de la Chapelle;79460;79162;Magné;;;-0.564613;46.294099
79162_0230_00018;18;;Route de Jousson;79460;79162;Magné;;;-0.543259;46.318813
79162_0250_00049;49;;Avenue du Marais Poitevin;79460;79162;Magné;;;-0.529064;46.31147
79162_0360_00016;16;;Rue du Port Musqué;79460;79162;Magné;;;-0.543674;46.313171
79162_0250_00273;273;;Avenue du Marais Poitevin;79460;79162;Magné;;;-0.54253;46.313996
79162_0268_00041;41;;Avenue des Ormes;79460;79162;Magné;;;-0.553833;46.313335
79162_0283_00018;18;;Rue des Petits Champs;79460;79162;Magné;;;-0.55281;46.315322
79162_0260_00015;15;;Rue du Moulin;79460;79162;Magné;;;-0.546563;46.316874
79162_0410_00012;12;;Rue Saint Denis;79460;79162;Magné;;;-0.543057;46.317913
79162_zl7zgm_00019;19;;Chemin de la Trappe aux loups;79460;79162;Magné;;;-0.548747;46.311613
79162_0267_00002;2;;Square du 11ème GRCA;79460;79162;Magné;;;-0.541854;46.313165
79162_1u3evn_00002;2;;Passage Soullice;79460;79162;Magné;;;-0.54245;46.310662
79162_0426_00039;39;;Chemin de Tartifume;79460;79162;Magné;;;-0.552335;46.319987
79162_0250_00455;455;;Avenue du Marais Poitevin;79460;79162;Magné;;;-0.554656;46.316054
79162_0410_00009;9;;Rue Saint Denis;79460;79162;Magné;;;-0.543144;46.31805
79162_0250_00012;12;;Avenue du Marais Poitevin;79460;79162;Magné;;;-0.526919;46.31079
79162_0250_00197;197;;Avenue du Marais Poitevin;79460;79162;Magné;;;-0.537796;46.313419
79162_0120_00039;39;;Rue du Clouzis;79460;79162;Magné;;;-0.548015;46.312742
79162_0250_00294;294;;Avenue du Marais Poitevin;79460;79162;Magné;;;-0.543983;46.314694
79162_0228_00010_c;10;c;Impasse de Jousson;79460;79162;Magné;;;-0.541578;46.324264
79162_0014_00001;1;;Rue de l'Aigrette;79460;79162;Magné;;;-0.558938;46.315929
79162_0020_00041;41;;Chemin du Bateau a Chaine;79460;79162;Magné;;;-0.54553;46.321924
79162_0088_00168;168;;Route de la Chapelle;79460;79162;Magné;;;-0.565733;46.291567
79162_0085_00032;32;;Chemin des Cabanes du Gué;79460;79162;Magné;;;-0.567628;46.291972
79162_0440_00114;114;;Route de Tout-y-faut;79460;79162;Magné;;;-0.558195;46.311977
79162_0150_00006;6;;Route des deux Grèves;79460;79162;Magné;;;-0.54419;46.310282
79162_0440_00093;93;;Route de Tout-y-faut;79460;79162;Magné;;;-0.557008;46.311757
79162_y2d98w_00038;38;;Les Cénobites;79460;79162;Magné;;Les Cénobites tranquilles;-0.529713;46.312359
79162_y2d98w_00040;40;;Les Cénobites;79460;79162;Magné;;Les Cénobites tranquilles;-0.529514;46.311949
79162_0250_00382;382;;Avenue du Marais Poitevin;79460;79162;Magné;;;-0.549487;46.315424
79162_0078_00058;58;;Avenue de la Briéserie;79460;79162;Magné;;;-0.550436;46.31362
79162_0250_00323;323;;Avenue du Marais Poitevin;79460;79162;Magné;;;-0.545555;46.314943
79162_0265_00065;65;;Rue du Nolivet;79460;79162;Magné;;;-0.551473;46.313619
79162_0330_00068;68;;Rue du Pinier Prolongée;79460;79162;Magné;;;-0.550378;46.319037
79162_0019_00042;42;;Allée de la Bastide;79460;79162;Magné;;;-0.544132;46.31609
79162_0330_00041;41;;Rue du Pinier Prolongée;79460;79162;Magné;;;-0.548552;46.318528
79162_0220_00133;133;;Grande Rue;79460;79162;Magné;;;-0.543309;46.317474
79162_0310_00039;39;;Rue Pierre l'Homme;79460;79162;Magné;;;-0.545846;46.31352
79162_0170_00032;32;;Rue des Fontenelles;79460;79162;Magné;;;-0.545207;46.311698
79162_0230_00154;154;;Route de Jousson;79460;79162;Magné;;;-0.540358;46.323663
79162_0440_00001;1;;Route de Tout-y-faut;79460;79162;Magné;;;-0.551086;46.311315
79162_0088_00058;58;;Route de la Chapelle;79460;79162;Magné;;;-0.562308;46.296154
79162_0228_00006;6;;Impasse de Jousson;79460;79162;Magné;;;-0.541622;46.323766
79162_0230_00173;173;;Route de Jousson;79460;79162;Magné;;;-0.53973;46.323172
79162_0170_00029;29;;Rue des Fontenelles;79460;79162;Magné;;;-0.545021;46.311516
79162_0310_00028;28;;Rue Pierre l'Homme;79460;79162;Magné;;;-0.546044;46.313981
79162_0250_00349;349;;Avenue du Marais Poitevin;79460;79162;Magné;;;-0.547909;46.315093
79162_0230_00121;121;;Route de Jousson;79460;79162;Magné;;;-0.541581;46.323165
79162_ex5w7f_00014;14;;Rue Jean Bourolleau;79460;79162;Magné;;;-0.553521;46.319548
79162_0265_00030;30;;Rue du Nolivet;79460;79162;Magné;;;-0.549944;46.315114
79162_0268_00022;22;;Avenue des Ormes;79460;79162;Magné;;;-0.553273;46.314261
79162_0230_00028;28;;Route de Jousson;79460;79162;Magné;;;-0.542974;46.319323
79162_0150_00008;8;;Route des deux Grèves;79460;79162;Magné;;;-0.544197;46.310729
79162_0250_00321;321;;Avenue du Marais Poitevin;79460;79162;Magné;;;-0.545467;46.314916
79162_0268_00044;44;;Avenue des Ormes;79460;79162;Magné;;;-0.554046;46.313318
79162_0220_00078;78;;Grande Rue;79460;79162;Magné;;;-0.544274;46.315664
79162_0140_00009_a;9;a;Rue Couverte;79460;79162;Magné;;;-0.544345;46.31288
79162_0460_00024;24;;Chemin du Verdonnier;79460;79162;Magné;;;-0.527993;46.310307
79162_0272_00184;184;;Route de l'Ouchette;79460;79162;Magné;;;-0.553033;46.293925
79162_0426_00032;32;;Chemin de Tartifume;79460;79162;Magné;;;-0.552276;46.319624
79162_0210_00033;33;;Rue du Grand Port;79460;79162;Magné;;;-0.541538;46.315264
79162_0160_00003;3;;Rue de l'Eglise;79460;79162;Magné;;;-0.543476;46.3147
79162_0226_00016;16;;Rue José Nadal;79460;79162;Magné;;;-0.550423;46.321511
79162_0423_00107;107;;Chemin de la Souche;79460;79162;Magné;;;-0.555103;46.294868
79162_9awcj4_00055;55;;Chemin de la Fontaine Sainte Macrine;79460;79162;Magné;;;-0.554077;46.304394
79162_0271_00047;47;;Rue des Oiseaux;79460;79162;Magné;;;-0.55976;46.317297
79162_0370_00008;8;;Rue du Port Public;79460;79162;Magné;;;-0.544033;46.313741
79162_0210_00013;13;;Rue du Grand Port;79460;79162;Magné;;;-0.542899;46.315201
79162_0078_00111;111;;Avenue de la Briéserie;79460;79162;Magné;;;-0.550122;46.312993
79162_0020_00035_a;35;a;Chemin du Bateau a Chaine;79460;79162;Magné;;;-0.545838;46.32038
79162_0120_00047;47;;Rue du Clouzis;79460;79162;Magné;;;-0.548559;46.31263
79162_0085_00038;38;;Chemin des Cabanes du Gué;79460;79162;Magné;;;-0.568188;46.291848
79162_0030_00004;4;;Impasse du Batelier;79460;79162;Magné;;;-0.544646;46.31434
79162_y2d98w_00026;26;;Les Cénobites;79460;79162;Magné;;Les Cénobites tranquilles;-0.52885;46.312863
79162_0460_00053;53;;Chemin du Verdonnier;79460;79162;Magné;;;-0.530024;46.309912
79162_0250_00077;77;;Avenue du Marais Poitevin;79460;79162;Magné;;;-0.53055;46.312125
79162_0170_00012;12;;Rue des Fontenelles;79460;79162;Magné;;;-0.545534;46.312493
79162_0330_00052;52;;Rue du Pinier Prolongée;79460;79162;Magné;;;-0.549349;46.318722
79162_0420_00009;9;;Quai de la Sèvre;79460;79162;Magné;;;-0.542582;46.315572
79162_0290_00008;8;;Petite Rue Pilet;79460;79162;Magné;;;-0.545037;46.316443
79162_0210_00019;19;;Rue du Grand Port;79460;79162;Magné;;;-0.542642;46.315197
79162_0440_00155;155;;Route de Tout-y-faut;79460;79162;Magné;;;-0.56128;46.311927
79162_0150_00010;10;;Route des deux Grèves;79460;79162;Magné;;;-0.544128;46.310777
79162_0210_00005;5;;Rue du Grand Port;79460;79162;Magné;;;-0.543399;46.315173
79162_0440_00199;199;;Route de Tout-y-faut;79460;79162;Magné;;;-0.563524;46.311923
79162_0220_00104;104;;Grande Rue;79460;79162;Magné;;;-0.544258;46.316505
79162_y2d98w_00036;36;;Les Cénobites;79460;79162;Magné;;Les Cénobites tranquilles;-0.529659;46.312448
79162_0265_00007;7;;Rue du Nolivet;79460;79162;Magné;;;-0.549172;46.314048
79162_0016_00014;14;;Impasse des Ajoncs Bleus;79460;79162;Magné;;;-0.549639;46.316082
79162_0230_00061;61;;Route de Jousson;79460;79162;Magné;;;-0.541873;46.320646
79162_0330_00015;15;;Rue du Pinier Prolongée;79460;79162;Magné;;;-0.547045;46.318547
79162_0150_00174;174;;Route des deux Grèves;79460;79162;Magné;;;-0.539901;46.308007
79162_0150_00156;156;;Route des deux Grèves;79460;79162;Magné;;;-0.53877;46.308252
79162_0272_00130;130;;Route de l'Ouchette;79460;79162;Magné;;;-0.550402;46.295387
79162_0460_00170;170;;Chemin du Verdonnier;79460;79162;Magné;;;-0.536597;46.307532
79162_0423_00080;80;;Chemin de la Souche;79460;79162;Magné;;;-0.557068;46.295141
79162_0250_00306;306;;Avenue du Marais Poitevin;79460;79162;Magné;;;-0.544756;46.314943
79162_0085_00062;62;;Chemin des Cabanes du Gué;79460;79162;Magné;;;-0.569151;46.291564
79162_0224_00002;2;;Chemin de Halage;79460;79162;Magné;;;-0.544655;46.32447
79162_0250_00104;104;;Avenue du Marais Poitevin;79460;79162;Magné;;;-0.531772;46.312893
79162_0415_00021;21;;Allée de la Seigneurie;79460;79162;Magné;;;-0.543308;46.316271
79162_0330_00077;77;;Rue du Pinier Prolongée;79460;79162;Magné;;;-0.550943;46.318905
79162_0265_00098;98;;Rue du Nolivet;79460;79162;Magné;;;-0.551522;46.314484
79162_0223_00004;4;;Rue du Héron cendré;79460;79162;Magné;;;-0.558701;46.316991
79162_0035_00025;25;;Rue de Bel Air;79460;79162;Magné;;;-0.554248;46.302565
79162_0330_00074;74;;Rue du Pinier Prolongée;79460;79162;Magné;;;-0.550894;46.319008
79162_0085_00105;105;;Chemin des Cabanes du Gué;79460;79162;Magné;;;-0.571615;46.292451
79162_ex5w7f_00006;6;;Rue Jean Bourolleau;79460;79162;Magné;;;-0.554663;46.319944
79162_0031_00004;4;;Rue du Pivert;79460;79162;Magné;;;-0.559249;46.316655
79162_0330_00091;91;;Rue du Pinier Prolongée;79460;79162;Magné;;;-0.551843;46.318635
79162_0260_00034;34;;Rue du Moulin;79460;79162;Magné;;;-0.54765;46.317283
79162_0085_00053;53;;Chemin des Cabanes du Gué;79460;79162;Magné;;;-0.569397;46.291481
79162_0410_00024;24;;Rue Saint Denis;79460;79162;Magné;;;-0.542258;46.317644
79162_0200_00032;32;;Rue des Frères Largeau;79460;79162;Magné;;;-0.545761;46.315517
79162_0330_00048;48;;Rue du Pinier Prolongée;79460;79162;Magné;;;-0.549129;46.31869
79162_0330_00098;98;;Rue du Pinier Prolongée;79460;79162;Magné;;;-0.552264;46.318597
79162_0150_00137;137;;Route des deux Grèves;79460;79162;Magné;;;-0.537332;46.308645
79162_0078_00112;112;;Avenue de la Briéserie;79460;79162;Magné;;;-0.551428;46.313193
79162_0440_00210;210;;Route de Tout-y-faut;79460;79162;Magné;;;-0.56469;46.311862
79162_0194_00065;65;;Chemin de Franc Girouard;79460;79162;Magné;;;-0.56727;46.316772
79162_0440_00115;115;;Route de Tout-y-faut;79460;79162;Magné;;;-0.558216;46.311871
79162_0380_00008;8;;Impasse de la Prairie;79460;79162;Magné;;;-0.541587;46.318896
79162_9awcj4_00061;61;;Chemin de la Fontaine Sainte Macrine;79460;79162;Magné;;;-0.554193;46.304452
79162_0330_00003;3;;Rue du Pinier Prolongée;79460;79162;Magné;;;-0.545997;46.318607
79162_0190_00011;11;;Rue du Four Banal;79460;79162;Magné;;;-0.545942;46.31582
79162_0260_00005;5;;Rue du Moulin;79460;79162;Magné;;;-0.545715;46.316685
79162_0230_00049;49;;Route de Jousson;79460;79162;Magné;;;-0.542189;46.320215
79162_0078_00066;66;;Avenue de la Briéserie;79460;79162;Magné;;;-0.550621;46.313522
79162_0247_00003;3;;Allée des Marais Galants;79460;79162;Magné;;;-0.549538;46.316717
79162_0461_00002;2;;Rue des Violettes;79460;79162;Magné;;;-0.555103;46.312928
79162_0300_00008;8;;Rue de la Pichonnerie;79460;79162;Magné;;;-0.544047;46.313994
79162_0088_00075;75;;Route de la Chapelle;79460;79162;Magné;;;-0.563029;46.295342
79162_0226_00013;13;;Rue José Nadal;79460;79162;Magné;;;-0.550582;46.321659
79162_0440_00221;221;;Route de Tout-y-faut;79460;79162;Magné;;;-0.565115;46.31168
79162_0330_00027;27;;Rue du Pinier Prolongée;79460;79162;Magné;;;-0.547842;46.318047
79162_0394_00057_bis;57;bis;Chemin de la Repentie;79460;79162;Magné;;;-0.582922;46.320406
79162_0198_00009;9;;Allée des Frênes;79460;79162;Magné;;;-0.552446;46.312501
79162_0230_00171;171;;Route de Jousson;79460;79162;Magné;;;-0.539774;46.323251
79162_0075_00018;18;;Chemin de la Brémaudière;79460;79162;Magné;;;-0.562141;46.297832
79162_0350_00020;20;;Rue du Port Hulot;79460;79162;Magné;;;-0.544089;46.312171
79162_0420_00013;13;;Quai de la Sèvre;79460;79162;Magné;;;-0.542367;46.315925
79162_0393_00034;34;;Avenue de la Repentie;79460;79162;Magné;;;-0.578801;46.319994
79162_9awcj4_00122;122;;Chemin de la Fontaine Sainte Macrine;79460;79162;Magné;;;-0.554863;46.306788
79162_0410_00023;23;;Rue Saint Denis;79460;79162;Magné;;;-0.54217;46.317726
79162_0190_00007_b;7;b;Rue du Four Banal;79460;79162;Magné;;;-0.546135;46.315502
79162_0019_00039;39;;Allée de la Bastide;79460;79162;Magné;;;-0.544107;46.316309
79162_0223_00037;37;;Rue du Héron cendré;79460;79162;Magné;;;-0.558041;46.315306
79162_0355_00005;5;;Rue du Port Macrou;79460;79162;Magné;;;-0.544019;46.312883
79162_0423_00067;67;;Chemin de la Souche;79460;79162;Magné;;;-0.557673;46.295648
79162_0078_00108;108;;Avenue de la Briéserie;79460;79162;Magné;;;-0.551245;46.313177
79162_0200_00004;4;;Rue des Frères Largeau;79460;79162;Magné;;;-0.544044;46.315046
79162_0393_00009;9;;Avenue de la Repentie;79460;79162;Magné;;;-0.578113;46.318765
79162_0120_00086;86;;Rue du Clouzis;79460;79162;Magné;;;-0.5505;46.311927
79162_0426_00040;40;;Chemin de Tartifume;79460;79162;Magné;;;-0.551799;46.32064
79162_0011_00032;32;;Rue de l’Abreuvoir;79460;79162;Magné;;;-0.541275;46.318539
79162_0268_00049;49;;Avenue des Ormes;79460;79162;Magné;;;-0.554046;46.313017
79162_0454_00031;31;;Chemin de la Trigale;79460;79162;Magné;;;-0.58615;46.320588
79162_0220_00064;64;;Grande Rue;79460;79162;Magné;;;-0.543646;46.315322
79162_0245_00006;6;;Rue Léonce Riffault;79460;79162;Magné;;;-0.55132;46.320901
79162_0370_00022;22;;Rue du Port Public;79460;79162;Magné;;;-0.543231;46.313705
79162_0440_00206;206;;Route de Tout-y-faut;79460;79162;Magné;;;-0.564595;46.311891
79162_0250_00058;58;;Avenue du Marais Poitevin;79460;79162;Magné;;;-0.529276;46.311715
79162_0230_00169;169;;Route de Jousson;79460;79162;Magné;;;-0.539782;46.323442
79162_0250_00314;314;;Avenue du Marais Poitevin;79460;79162;Magné;;;-0.545087;46.315233
79162_0310_00004;4;;Rue Pierre l'Homme;79460;79162;Magné;;;-0.546253;46.314867
79162_0260_00044;44;;Rue du Moulin;79460;79162;Magné;;;-0.548453;46.317406
79162_0440_00184;184;;Route de Tout-y-faut;79460;79162;Magné;;;-0.563306;46.312047
79162_0230_00115;115;;Route de Jousson;79460;79162;Magné;;;-0.541646;46.322966
79162_0390_00024;24;;Rue du Puits Saint Denis;79460;79162;Magné;;;-0.54171;46.318564
79162_0078_00091;91;;Avenue de la Briéserie;79460;79162;Magné;;;-0.550042;46.313295
79162_0440_00024;24;;Route de Tout-y-faut;79460;79162;Magné;;;-0.552492;46.311639
79162_0272_00140;140;;Route de l'Ouchette;79460;79162;Magné;;;-0.550691;46.295041
79162_0230_00034;34;;Route de Jousson;79460;79162;Magné;;;-0.542874;46.319414
79162_0430_00007;7;;Impasse des Terres Rouges;79460;79162;Magné;;;-0.543663;46.317829
79162_0265_00032;32;;Rue du Nolivet;79460;79162;Magné;;;-0.549987;46.315076
79162_0250_00341_bis;341;bis;Avenue du Marais Poitevin;79460;79162;Magné;;;-0.546883;46.314892
79162_0440_00016;16;;Route de Tout-y-faut;79460;79162;Magné;;;-0.551957;46.311551
79162_0350_00014;14;;Rue du Port Hulot;79460;79162;Magné;;;-0.544434;46.31217
79162_0011_00027;27;;Rue de l’Abreuvoir;79460;79162;Magné;;;-0.541555;46.318747
79162_0260_00138;138;;Rue du Moulin;79460;79162;Magné;;;-0.554481;46.318328
79162_ex5w7f_00012;12;;Rue Jean Bourolleau;79460;79162;Magné;;;-0.553681;46.319211
79162_0220_00049;49;;Grande Rue;79460;79162;Magné;;;-0.544055;46.314775
79162_0230_00080;80;;Route de Jousson;79460;79162;Magné;;;-0.541474;46.321392
79162_0194_00083;83;;Chemin de Franc Girouard;79460;79162;Magné;;;-0.567281;46.316353
79162_0423_00078;78;;Chemin de la Souche;79460;79162;Magné;;;-0.557256;46.295196
79162_0084_00065;65;;Chemin de la Cabane des Epineaux;79460;79162;Magné;;;-0.575888;46.309225
79162_0150_00147;147;;Route des deux Grèves;79460;79162;Magné;;;-0.538148;46.308314
79162_0035_00059;59;;Rue de Bel Air;79460;79162;Magné;;;-0.555682;46.302157
79162_0085_00037;37;;Chemin des Cabanes du Gué;79460;79162;Magné;;;-0.568217;46.291732
79162_0012_00010;10;;Allée de l'Artisanat;79460;79162;Magné;;;-0.560818;46.318594
79162_0250_00270;270;;Avenue du Marais Poitevin;79460;79162;Magné;;;-0.542356;46.314239
79162_0150_00146;146;;Route des deux Grèves;79460;79162;Magné;;;-0.538082;46.308428
79162_0440_00133;133;;Route de Tout-y-faut;79460;79162;Magné;;;-0.559592;46.311907
79162_0019_00045;45;;Allée de la Bastide;79460;79162;Magné;;;-0.544019;46.316014
79162_0426_00105;105;;Chemin de Tartifume;79460;79162;Magné;;;-0.55025;46.322574
79162_0440_00085;85;;Route de Tout-y-faut;79460;79162;Magné;;;-0.556368;46.311683
79162_0250_00291;291;;Avenue du Marais Poitevin;79460;79162;Magné;;;-0.543793;46.314486
79162_0085_00060;60;;Chemin des Cabanes du Gué;79460;79162;Magné;;;-0.569092;46.291561
79162_0247_00007;7;;Allée des Marais Galants;79460;79162;Magné;;;-0.549916;46.316899
79162_0120_00013;13;;Rue du Clouzis;79460;79162;Magné;;;-0.546006;46.313038
79162_0078_00042;42;;Avenue de la Briéserie;79460;79162;Magné;;;-0.549735;46.313659
79162_0230_00036;36;;Route de Jousson;79460;79162;Magné;;;-0.542625;46.319653
79162_0220_00060;60;;Grande Rue;79460;79162;Magné;;;-0.543602;46.315211
79162_0320_00019;19;;Rue du Pinier;79460;79162;Magné;;;-0.544877;46.318462
79162_0220_00063_b;63;b;Grande Rue;79460;79162;Magné;;;-0.544015;46.315328
79162_0290_00006_c;6;c;Petite Rue Pilet;79460;79162;Magné;;;-0.544986;46.316361
79162_0423_00091;91;;Chemin de la Souche;79460;79162;Magné;;;-0.556132;46.294986
79162_0088_00106;106;;Route de la Chapelle;79460;79162;Magné;;;-0.564334;46.294391
79162_0246_00007_a;7;a;Allée des Libellules;79460;79162;Magné;;;-0.552859;46.321069
79162_0260_00100;100;;Rue du Moulin;79460;79162;Magné;;;-0.552068;46.317892
79162_0119_00007;7;;Clos du Clouzis;79460;79162;Magné;;;-0.547692;46.312362
79162_0255_00006;6;;Rue du Martin pêcheur;79460;79162;Magné;;;-0.560268;46.316898
79162_0415_00018;18;;Allée de la Seigneurie;79460;79162;Magné;;;-0.543166;46.316467
79162_0330_00021;21;;Rue du Pinier Prolongée;79460;79162;Magné;;;-0.547151;46.318544
79162_0150_00222;222;;Route des deux Grèves;79460;79162;Magné;;;-0.542759;46.307477
79162_0250_00033;33;;Avenue du Marais Poitevin;79460;79162;Magné;;;-0.528134;46.311073
79162_0230_00022;22;;Route de Jousson;79460;79162;Magné;;;-0.54304;46.319237
79162_0210_00036;36;;Rue du Grand Port;79460;79162;Magné;;;-0.541407;46.31489
79162_0250_00026;26;;Avenue du Marais Poitevin;79460;79162;Magné;;;-0.527652;46.311033
79162_0440_00194;194;;Route de Tout-y-faut;79460;79162;Magné;;;-0.564137;46.311919
79162_0016_00018;18;;Impasse des Ajoncs Bleus;79460;79162;Magné;;;-0.549274;46.316016
79162_0015_00037;37;;Chemin des Ajoncs;79460;79162;Magné;;;-0.550516;46.317183
79162_0078_00133;133;;Avenue de la Briéserie;79460;79162;Magné;;;-0.550457;46.312559
79162_0440_00040;40;;Route de Tout-y-faut;79460;79162;Magné;;;-0.553333;46.311763
79162_0084_00002;2;;Chemin de la Cabane des Epineaux;79460;79162;Magné;;;-0.576174;46.31072
79162_0220_00040;40;;Grande Rue;79460;79162;Magné;;;-0.544158;46.314339
79162_f9ytbz_00015;15;;Rue des Chenevières;79460;79162;Magné;;;-0.544293;46.319165
79162_0170_00057;57;;Rue des Fontenelles;79460;79162;Magné;;;-0.544746;46.31064
79162_0454_00021;21;;Chemin de la Trigale;79460;79162;Magné;;;-0.585346;46.320677
79162_zl7zgm_00016;16;;Chemin de la Trappe aux loups;79460;79162;Magné;;;-0.548915;46.311668
79162_0223_00019;19;;Rue du Héron cendré;79460;79162;Magné;;;-0.558031;46.315662
79162_0085_00054;54;;Chemin des Cabanes du Gué;79460;79162;Magné;;;-0.569049;46.291582
79162_0150_00185;185;;Route des deux Grèves;79460;79162;Magné;;;-0.540321;46.307809
79162_0150_00030;30;;Route des deux Grèves;79460;79162;Magné;;;-0.542809;46.309786
79162_0190_00006;6;;Rue du Four Banal;79460;79162;Magné;;;-0.545964;46.315427
79162_0031_00005;5;;Rue du Pivert;79460;79162;Magné;;;-0.559603;46.316542
79162_0400_00011;11;;Rue du Roc;79460;79162;Magné;;;-0.542677;46.317161
79162_0130_00003;3;;Rue du Coin Macrou;79460;79162;Magné;;;-0.543563;46.313033
79162_0250_00302;302;;Avenue du Marais Poitevin;79460;79162;Magné;;;-0.54447;46.314771
79162_0210_00021;21;;Rue du Grand Port;79460;79162;Magné;;;-0.542374;46.315208
79162_0140_00020;20;;Rue Couverte;79460;79162;Magné;;;-0.544577;46.312423
79162_0426_00026;26;;Chemin de Tartifume;79460;79162;Magné;;;-0.552361;46.319448
79162_0223_00027;27;;Rue du Héron cendré;79460;79162;Magné;;;-0.55768;46.315582
79162_0415_00025;25;;Allée de la Seigneurie;79460;79162;Magné;;;-0.542992;46.316074
79162_0090_00046;46;;Rue du Château;79460;79162;Magné;;;-0.543854;46.316005
79162_0415_00007;7;;Allée de la Seigneurie;79460;79162;Magné;;;-0.543307;46.315712
79162_0423_00004;4;;Chemin de la Souche;79460;79162;Magné;;;-0.561582;46.295947
79162_0230_00158;158;;Route de Jousson;79460;79162;Magné;;;-0.540607;46.322932
79162_0011_00031;31;;Rue de l’Abreuvoir;79460;79162;Magné;;;-0.541386;46.318665
79162_0135_00013;13;;Allée Colin Lefrancq Hélène;79460;79162;Magné;;;-0.540481;46.321311
79162_0250_00442;442;;Avenue du Marais Poitevin;79460;79162;Magné;;;-0.553323;46.31594
79162_0246_00008;8;;Allée des Libellules;79460;79162;Magné;;;-0.552946;46.321052
79162_0250_00055;55;;Avenue du Marais Poitevin;79460;79162;Magné;;;-0.529464;46.311477
79162_0423_00071;71;;Chemin de la Souche;79460;79162;Magné;;;-0.557386;46.295347
79162_0078_00062;62;;Avenue de la Briéserie;79460;79162;Magné;;;-0.550678;46.313645
79162_0198_00010;10;;Allée des Frênes;79460;79162;Magné;;;-0.552155;46.312934
79162_ex5w7f_00008;8;;Rue Jean Bourolleau;79460;79162;Magné;;;-0.554351;46.319762
79162_0440_00116;116;;Route de Tout-y-faut;79460;79162;Magné;;;-0.558466;46.311979
79162_0265_00006;6;;Rue du Nolivet;79460;79162;Magné;;;-0.549334;46.314389
79162_0045_00001;1;;Chemin du Bois Moreau;79460;79162;Magné;;;-0.559736;46.311907
79162_0094_00011;11;;Chemin de la Chaume aux Bêtes;79460;79162;Magné;;;-0.560788;46.312425
79162_0260_00152;152;;Rue du Moulin;79460;79162;Magné;;;-0.555542;46.318561
79162_0150_00032;32;;Route des deux Grèves;79460;79162;Magné;;;-0.542923;46.310704
79162_0333_00046;46;;Rue du Plumail;79460;79162;Magné;;;-0.554584;46.312209
79162_0084_00075;75;;Chemin de la Cabane des Epineaux;79460;79162;Magné;;;-0.575367;46.309245
79162_y2d98w_00022;22;;Les Cénobites;79460;79162;Magné;;Les Cénobites tranquilles;-0.528592;46.312772
79162_0440_00087;87;;Route de Tout-y-faut;79460;79162;Magné;;;-0.556673;46.311727
79162_0330_00039_b;39;b;Rue du Pinier Prolongée;79460;79162;Magné;;;-0.548505;46.318536
79162_0330_00081;81;;Rue du Pinier Prolongée;79460;79162;Magné;;;-0.55131;46.318826
79162_0230_00097;97;;Route de Jousson;79460;79162;Magné;;;-0.541547;46.322234
79162_0245_00010;10;;Rue Léonce Riffault;79460;79162;Magné;;;-0.551006;46.320874
79162_0210_00054;54;;Rue du Grand Port;79460;79162;Magné;;;-0.540361;46.315009
79162_0120_00040;40;;Rue du Clouzis;79460;79162;Magné;;;-0.548133;46.312816
79162_0250_00370;370;;Avenue du Marais Poitevin;79460;79162;Magné;;;-0.548641;46.31552
79162_0283_00017;17;;Rue des Petits Champs;79460;79162;Magné;;;-0.552655;46.315169
79162_zl7zgm_00020;20;;Chemin de la Trappe aux loups;79460;79162;Magné;;;-0.54895;46.311451
79162_0140_00016;16;;Rue Couverte;79460;79162;Magné;;;-0.544559;46.31264
79162_0020_00035_b;35;b;Chemin du Bateau a Chaine;79460;79162;Magné;;;-0.545817;46.320444
79162_0250_00361;361;;Avenue du Marais Poitevin;79460;79162;Magné;;;-0.549311;46.315278
79162_0094_00015;15;;Chemin de la Chaume aux Bêtes;79460;79162;Magné;;;-0.560832;46.312741
79162_0119_00006;6;;Clos du Clouzis;79460;79162;Magné;;;-0.547603;46.312328
79162_ex5w7f_00003;3;;Rue Jean Bourolleau;79460;79162;Magné;;;-0.554109;46.319798
79162_0220_00013;13;;Grande Rue;79460;79162;Magné;;;-0.544811;46.313536
79162_0333_00020;20;;Rue du Plumail;79460;79162;Magné;;;-0.553021;46.312971
79162_0236_00004;4;;Route de la Garette;79460;79162;Magné;;;-0.577518;46.318354
79162_0120_00056;56;;Rue du Clouzis;79460;79162;Magné;;;-0.549072;46.31252
79162_0223_00020;20;;Rue du Héron cendré;79460;79162;Magné;;;-0.558701;46.315379
79162_0120_00035;35;;Rue du Clouzis;79460;79162;Magné;;;-0.54796;46.312746
79162_0170_00079;79;;Rue des Fontenelles;79460;79162;Magné;;;-0.544643;46.309932
79162_0019_00037;37;;Allée de la Bastide;79460;79162;Magné;;;-0.543938;46.31631
79162_0220_00090;90;;Grande Rue;79460;79162;Magné;;;-0.544552;46.31596
79162_0247_00012;12;;Allée des Marais Galants;79460;79162;Magné;;;-0.549409;46.316557
79162_0194_00061;61;;Chemin de Franc Girouard;79460;79162;Magné;;;-0.566271;46.316987
79162_0426_00085;85;;Chemin de Tartifume;79460;79162;Magné;;;-0.551472;46.322099
79162_0135_00015;15;;Allée Colin Lefrancq Hélène;79460;79162;Magné;;;-0.540739;46.321278
79162_0078_00038;38;;Avenue de la Briéserie;79460;79162;Magné;;;-0.549514;46.313814
79162_0170_00022;22;;Rue des Fontenelles;79460;79162;Magné;;;-0.545373;46.312089
79162_0075_00079;79;;Chemin de la Brémaudière;79460;79162;Magné;;;-0.565236;46.298981
79162_0310_00030;30;;Rue Pierre l'Homme;79460;79162;Magné;;;-0.545997;46.313759
79162_0145_00001;1;;Impasse de la Demoiselle;79460;79162;Magné;;;-0.542075;46.319452
79162_0250_00112;112;;Avenue du Marais Poitevin;79460;79162;Magné;;;-0.532437;46.313122
79162_0210_00040;40;;Rue du Grand Port;79460;79162;Magné;;;-0.54126;46.315178
79162_17sjxs_00032;32;;Rue de la Chevalerie;79460;79162;Magné;;;-0.545484;46.317831
79162_0050_00007;7;;Rue du Bon Conseil;79460;79162;Magné;;;-0.54344;46.316919
79162_0260_00128;128;;Rue du Moulin;79460;79162;Magné;;;-0.553804;46.318214
79162_7rzi9j_00002;2;;Place Robin;79460;79162;Magné;;;-0.542279;46.317913
79162_0461_00012;12;;Rue des Violettes;79460;79162;Magné;;;-0.554926;46.313238
79162_y2d98w_00013;13;;Les Cénobites;79460;79162;Magné;;Les Cénobites tranquilles;-0.529554;46.312101
79162_0250_00461;461;;Avenue du Marais Poitevin;79460;79162;Magné;;;-0.555256;46.315864
79162_0223_00039;39;;Rue du Héron cendré;79460;79162;Magné;;;-0.558122;46.315302
79162_0078_00064;64;;Avenue de la Briéserie;79460;79162;Magné;;;-0.550656;46.313553
79162_0220_00123;123;;Grande Rue;79460;79162;Magné;;;-0.543563;46.31723
79162_0454_00005;5;;Chemin de la Trigale;79460;79162;Magné;;;-0.584712;46.320678
79162_0120_00070;70;;Rue du Clouzis;79460;79162;Magné;;;-0.549923;46.312289
79162_0246_00009;9;;Allée des Libellules;79460;79162;Magné;;;-0.553003;46.3209
79162_0150_00181;181;;Route des deux Grèves;79460;79162;Magné;;;-0.539996;46.30789
79162_0270_00068;68;;Rue des Ouches;79460;79162;Magné;;;-0.551764;46.314676
79162_0078_00083;83;;Avenue de la Briéserie;79460;79162;Magné;;;-0.549715;46.313526
79162_0078_00060;60;;Avenue de la Briéserie;79460;79162;Magné;;;-0.550632;46.313647
79162_0150_00136;136;;Route des deux Grèves;79460;79162;Magné;;;-0.537802;46.308994
79162_fgcvgh_00003;3;;Place du Général Largeau;79460;79162;Magné;;;-0.543629;46.314856
79162_0223_00001;1;;Rue du Héron cendré;79460;79162;Magné;;;-0.558533;46.31699
79162_0265_00055;55;;Rue du Nolivet;79460;79162;Magné;;;-0.551282;46.313879
79162_0426_00035;35;;Chemin de Tartifume;79460;79162;Magné;;;-0.552311;46.319938
79162_0075_00014;14;;Chemin de la Brémaudière;79460;79162;Magné;;;-0.561736;46.29753
79162_0260_00049;49;;Rue du Moulin;79460;79162;Magné;;;-0.548912;46.317376
79162_0268_00036;36;;Avenue des Ormes;79460;79162;Magné;;;-0.553822;46.31382
79162_0220_00142;142;;Grande Rue;79460;79162;Magné;;;-0.542904;46.31784
79162_0250_00298;298;;Avenue du Marais Poitevin;79460;79162;Magné;;;-0.544289;46.314739
79162_0260_00028;28;;Rue du Moulin;79460;79162;Magné;;;-0.547145;46.317146
79162_0018_00009;9;;Chemin des Barberies;79460;79162;Magné;;;-0.566594;46.311435
79162_0270_00082;82;;Rue des Ouches;79460;79162;Magné;;;-0.55194;46.314153
79162_0194_00063;63;;Chemin de Franc Girouard;79460;79162;Magné;;;-0.56675;46.316886
79162_0255_00004;4;;Rue du Martin pêcheur;79460;79162;Magné;;;-0.560284;46.317078
79162_0226_00007;7;;Rue José Nadal;79460;79162;Magné;;;-0.551091;46.321669
79162_0268_00014;14;;Avenue des Ormes;79460;79162;Magné;;;-0.553224;46.314529
79162_0250_00024;24;;Avenue du Marais Poitevin;79460;79162;Magné;;;-0.527494;46.310971
79162_0019_00044;44;;Allée de la Bastide;79460;79162;Magné;;;-0.54398;46.316046
79162_0440_00123;123;;Route de Tout-y-faut;79460;79162;Magné;;;-0.559004;46.311906
79162_0426_00101;101;;Chemin de Tartifume;79460;79162;Magné;;;-0.550613;46.322507
79162_0230_00101;101;;Route de Jousson;79460;79162;Magné;;;-0.54156;46.322462
79162_0226_00008;8;;Rue José Nadal;79460;79162;Magné;;;-0.550946;46.321556
79162_0420_00003;3;;Quai de la Sèvre;79460;79162;Magné;;;-0.542318;46.315355
79162_0270_00074;74;;Rue des Ouches;79460;79162;Magné;;;-0.551818;46.314561
79162_17sjxs_00001;1;;Rue de la Chevalerie;79460;79162;Magné;;;-0.54549;46.316379
79162_0245_00030;30;;Rue Léonce Riffault;79460;79162;Magné;;;-0.550979;46.320218
79162_0088_00065;65;;Route de la Chapelle;79460;79162;Magné;;;-0.562545;46.295736
79162_0250_00394_b;394;b;Avenue du Marais Poitevin;79460;79162;Magné;;;-0.550246;46.315719
79162_y2d98w_00011;11;;Les Cénobites;79460;79162;Magné;;Les Cénobites tranquilles;-0.529282;46.312494
79162_0247_00008;8;;Allée des Marais Galants;79460;79162;Magné;;;-0.549893;46.316611
79162_0394_00025;25;;Chemin de la Repentie;79460;79162;Magné;;;-0.580678;46.320061
79162_0333_00025;25;;Rue du Plumail;79460;79162;Magné;;;-0.553345;46.312618
79162_0310_00014;14;;Rue Pierre l'Homme;79460;79162;Magné;;;-0.546167;46.314514
79162_0035_00037;37;;Rue de Bel Air;79460;79162;Magné;;;-0.554611;46.30221
79162_0035_00011;11;;Rue de Bel Air;79460;79162;Magné;;;-0.553572;46.3032
79162_0248_00001;1;;Promenade du Marais Pin;79460;79162;Magné;;;-0.557313;46.323113
79162_0078_00050;50;;Avenue de la Briéserie;79460;79162;Magné;;;-0.550279;46.31351
79162_0330_00088;88;;Rue du Pinier Prolongée;79460;79162;Magné;;;-0.551473;46.31886
79162_0415_00022;22;;Allée de la Seigneurie;79460;79162;Magné;;;-0.543315;46.316255
79162_0392_00034;34;;Rue de la Reine des prés;79460;79162;Magné;;;-0.556022;46.317523
79162_0360_00005;5;;Rue du Port Musqué;79460;79162;Magné;;;-0.544511;46.313355
79162_0330_00073;73;;Rue du Pinier Prolongée;79460;79162;Magné;;;-0.550471;46.31894
79162_0194_00131;131;;Chemin de Franc Girouard;79460;79162;Magné;;;-0.566711;46.314318
79162_0270_00094;94;;Rue des Ouches;79460;79162;Magné;;;-0.552184;46.313516
79162_9awcj4_00026;26;;Chemin de la Fontaine Sainte Macrine;79460;79162;Magné;;;-0.552296;46.303154
79162_0223_00010;10;;Rue du Héron cendré;79460;79162;Magné;;;-0.558714;46.316333
79162_0260_00002;2;;Rue du Moulin;79460;79162;Magné;;;-0.545584;46.316744
79162_0440_00111;111;;Route de Tout-y-faut;79460;79162;Magné;;;-0.558019;46.311859
79162_f9ytbz_00019;19;;Rue des Chenevières;79460;79162;Magné;;;-0.54442;46.319132
79162_0230_00103;103;;Route de Jousson;79460;79162;Magné;;;-0.541624;46.322658
79162_0454_00027;27;;Chemin de la Trigale;79460;79162;Magné;;;-0.586091;46.320607
79162_0440_00178;178;;Route de Tout-y-faut;79460;79162;Magné;;;-0.563138;46.312063
79162_0330_00039_a;39;a;Rue du Pinier Prolongée;79460;79162;Magné;;;-0.548442;46.318533
79162_0440_00058;58;;Route de Tout-y-faut;79460;79162;Magné;;;-0.554722;46.311894
79162_0268_00017;17;;Avenue des Ormes;79460;79162;Magné;;;-0.553179;46.31418
79162_0462_00006;6;;Place Weitnau;79460;79162;Magné;;;-0.549035;46.315273
79162_0226_00003;3;;Rue José Nadal;79460;79162;Magné;;;-0.55117;46.321674
79162_0246_00004;4;;Allée des Libellules;79460;79162;Magné;;;-0.552856;46.32062
79162_0350_00028;28;;Rue du Port Hulot;79460;79162;Magné;;;-0.543465;46.312057
79162_0333_00022;22;;Rue du Plumail;79460;79162;Magné;;;-0.553162;46.313087
79162_0035_00043;43;;Rue de Bel Air;79460;79162;Magné;;;-0.554939;46.301896
79162_0120_00090;90;;Rue du Clouzis;79460;79162;Magné;;;-0.550746;46.311638
79162_0016_00005;5;;Impasse des Ajoncs Bleus;79460;79162;Magné;;;-0.549954;46.316236
79162_0423_00115;115;;Chemin de la Souche;79460;79162;Magné;;;-0.554493;46.294731
79162_0440_00166;166;;Route de Tout-y-faut;79460;79162;Magné;;;-0.562357;46.312081
79162_0271_00015;15;;Rue des Oiseaux;79460;79162;Magné;;;-0.557677;46.316674
79162_0272_00152;152;;Route de l'Ouchette;79460;79162;Magné;;;-0.551281;46.294663
79162_0360_00020;20;;Rue du Port Musqué;79460;79162;Magné;;;-0.543281;46.313157
79162_0255_00009;9;;Rue du Martin pêcheur;79460;79162;Magné;;;-0.560055;46.316347
79162_0094_00016;16;;Chemin de la Chaume aux Bêtes;79460;79162;Magné;;;-0.560616;46.312777
79162_0461_00009;9;;Rue des Violettes;79460;79162;Magné;;;-0.555116;46.313187
79162_0230_00084;84;;Route de Jousson;79460;79162;Magné;;;-0.541442;46.321646
79162_0220_00049_b;49;b;Grande Rue;79460;79162;Magné;;;-0.544024;46.314815
79162_0283_00021;21;;Rue des Petits Champs;79460;79162;Magné;;;-0.552915;46.315194
79162_0078_00079;79;;Avenue de la Briéserie;79460;79162;Magné;;;-0.549681;46.313547
79162_0220_00087;87;;Grande Rue;79460;79162;Magné;;;-0.544726;46.315839
79162_0415_00027;27;;Allée de la Seigneurie;79460;79162;Magné;;;-0.54298;46.315898
79162_ex5w7f_00016;16;;Rue Jean Bourolleau;79460;79162;Magné;;;-0.553234;46.319878
79162_0250_00374;374;;Avenue du Marais Poitevin;79460;79162;Magné;;;-0.549018;46.315441
79162_0355_00007;7;;Rue du Port Macrou;79460;79162;Magné;;;-0.543861;46.312865
79162_0260_00144;144;;Rue du Moulin;79460;79162;Magné;;;-0.554701;46.318379
79162_0088_00161;161;;Route de la Chapelle;79460;79162;Magné;;;-0.565492;46.292033
79162_0020_00050;50;;Chemin du Bateau a Chaine;79460;79162;Magné;;;-0.545412;46.322182
79162_0014_00006;6;;Rue de l'Aigrette;79460;79162;Magné;;;-0.559483;46.316102
79162_0333_00001;1;;Rue du Plumail;79460;79162;Magné;;;-0.552673;46.312896
79162_0265_00015;15;;Rue du Nolivet;79460;79162;Magné;;;-0.549774;46.314285
79162_0390_00006;6;;Rue du Puits Saint Denis;79460;79162;Magné;;;-0.542311;46.317987
79162_0170_00078;78;;Rue des Fontenelles;79460;79162;Magné;;;-0.544796;46.309673
79162_0170_00092;92;;Rue des Fontenelles;79460;79162;Magné;;;-0.544986;46.309092
79162_0360_00011_b;11;b;Rue du Port Musqué;79460;79162;Magné;;;-0.544094;46.313359
79162_0330_00055_b;55;b;Rue du Pinier Prolongée;79460;79162;Magné;;;-0.549517;46.318659
79162_lhnb4e_00015;15;;Chemin de l’Ageasson;79460;79162;Magné;;;-0.555618;46.30563
79162_0250_00284;284;;Avenue du Marais Poitevin;79460;79162;Magné;;;-0.543324;46.314513
79162_0031_00006;6;;Rue du Pivert;79460;79162;Magné;;;-0.559661;46.316649
79162_0020_00027;27;;Chemin du Bateau a Chaine;79460;79162;Magné;;;-0.545926;46.320037
79162_0014_00007;7;;Rue de l'Aigrette;79460;79162;Magné;;;-0.559463;46.315728
79162_0150_00054;54;;Route des deux Grèves;79460;79162;Magné;;;-0.540972;46.310085
79162_0170_00047;47;;Rue des Fontenelles;79460;79162;Magné;;;-0.54482;46.310958
79162_0220_00113;113;;Grande Rue;79460;79162;Magné;;;-0.544107;46.316867
79162_0220_00041;41;;Grande Rue;79460;79162;Magné;;;-0.544273;46.314423
79162_0230_00012;12;;Route de Jousson;79460;79162;Magné;;;-0.543289;46.318776
79162_0250_00010;10;;Avenue du Marais Poitevin;79460;79162;Magné;;;-0.526802;46.310739
79162_0415_00008;8;;Allée de la Seigneurie;79460;79162;Magné;;;-0.54359;46.316043
79162_0120_00031;31;;Rue du Clouzis;79460;79162;Magné;;;-0.547506;46.312792
79162_0410_00011;11;;Rue Saint Denis;79460;79162;Magné;;;-0.542961;46.317994
79162_0236_00094;94;;Route de la Garette;79460;79162;Magné;;;-0.576933;46.31485
79162_0019_00034;34;;Allée de la Bastide;79460;79162;Magné;;;-0.543889;46.316257
79162_0355_00014;14;;Rue du Port Macrou;79460;79162;Magné;;;-0.543535;46.312782
79162_0135_00005;5;;Allée Colin Lefrancq Hélène;79460;79162;Magné;;;-0.540493;46.320963
79162_0170_00005;5;;Rue des Fontenelles;79460;79162;Magné;;;-0.545345;46.313056
79162_0250_00345;345;;Avenue du Marais Poitevin;79460;79162;Magné;;;-0.547547;46.315091
79162_0220_00082;82;;Grande Rue;79460;79162;Magné;;;-0.544474;46.315695
79162_0078_00096;96;;Avenue de la Briéserie;79460;79162;Magné;;;-0.550758;46.312969
79162_0271_00045;45;;Rue des Oiseaux;79460;79162;Magné;;;-0.559711;46.317295
79162_0250_00082;82;;Avenue du Marais Poitevin;79460;79162;Magné;;;-0.530315;46.312196
79162_0088_00135;135;;Route de la Chapelle;79460;79162;Magné;;;-0.565229;46.293175
79162_0120_00072;72;;Rue du Clouzis;79460;79162;Magné;;;-0.550027;46.312302
79162_0170_00077;77;;Rue des Fontenelles;79460;79162;Magné;;;-0.544671;46.310328
79162_0320_00020;20;;Rue du Pinier;79460;79162;Magné;;;-0.544784;46.318783
79162_0220_00026;26;;Grande Rue;79460;79162;Magné;;;-0.544452;46.313894
79162_0150_00048;48;;Route des deux Grèves;79460;79162;Magné;;;-0.541769;46.309605
79162_0078_00033;33;;Avenue de la Briéserie;79460;79162;Magné;;;-0.548883;46.313777
79162_0135_00007;7;;Allée Colin Lefrancq Hélène;79460;79162;Magné;;;-0.540424;46.321083
79162_0150_00085;85;;Route des deux Grèves;79460;79162;Magné;;;-0.539546;46.309934
79162_0011_00021;21;;Rue de l’Abreuvoir;79460;79162;Magné;;;-0.541827;46.31877
79162_0220_00103;103;;Grande Rue;79460;79162;Magné;;;-0.544485;46.316459
79162_ex5w7f_00011;11;;Rue Jean Bourolleau;79460;79162;Magné;;;-0.553915;46.319398
79162_0426_00095;95;;Chemin de Tartifume;79460;79162;Magné;;;-0.551095;46.322389
79162_0250_00144;144;;Avenue du Marais Poitevin;79460;79162;Magné;;;-0.534324;46.3132
79162_0085_00109;109;;Chemin des Cabanes du Gué;79460;79162;Magné;;;-0.571971;46.292785
79162_0392_00022;22;;Rue de la Reine des prés;79460;79162;Magné;;;-0.556089;46.317054
79162_0223_00031;31;;Rue du Héron cendré;79460;79162;Magné;;;-0.557796;46.31554
79162_0265_00002;2;;Rue du Nolivet;79460;79162;Magné;;;-0.549029;46.314393
79162_0246_00007_b;7;b;Allée des Libellules;79460;79162;Magné;;;-0.552746;46.321055
79162_0250_00429;429;;Avenue du Marais Poitevin;79460;79162;Magné;;;-0.553541;46.315651
79162_0236_00339;339;;Route de la Garette;79460;79162;Magné;;;-0.585429;46.306385
79162_0230_00070;70;;Route de Jousson;79460;79162;Magné;;;-0.541482;46.321143
79162_0230_00082;82;;Route de Jousson;79460;79162;Magné;;;-0.541446;46.321595
79162_0415_00004;4;;Allée de la Seigneurie;79460;79162;Magné;;;-0.543311;46.315898
79162_0078_00087;87;;Avenue de la Briéserie;79460;79162;Magné;;;-0.550019;46.313318
79162_0220_00051;51;;Grande Rue;79460;79162;Magné;;;-0.543984;46.31489
79162_0250_00295;295;;Avenue du Marais Poitevin;79460;79162;Magné;;;-0.544065;46.314476
79162_0230_00009;9;;Route de Jousson;79460;79162;Magné;;;-0.543479;46.31864
79162_0200_00030;30;;Rue des Frères Largeau;79460;79162;Magné;;;-0.545579;46.31548
79162_0088_00142;142;;Route de la Chapelle;79460;79162;Magné;;;-0.565587;46.292927
79162_0440_00220;220;;Route de Tout-y-faut;79460;79162;Magné;;;-0.565335;46.311788
79162_0200_00025;25;;Rue des Frères Largeau;79460;79162;Magné;;;-0.545451;46.315343
79162_0426_00041;41;;Chemin de Tartifume;79460;79162;Magné;;;-0.552246;46.320179
79162_0250_00304;304;;Avenue du Marais Poitevin;79460;79162;Magné;;;-0.544628;46.314818
79162_0454_00017;17;;Chemin de la Trigale;79460;79162;Magné;;;-0.585222;46.320697
79162_0250_00098;98;;Avenue du Marais Poitevin;79460;79162;Magné;;;-0.531453;46.312779
79162_0040_00012;12;;Rue de Béthanie;79460;79162;Magné;;;-0.543525;46.314171
79162_0250_00134;134;;Avenue du Marais Poitevin;79460;79162;Magné;;;-0.533755;46.313146
79162_0250_00087;87;;Avenue du Marais Poitevin;79460;79162;Magné;;;-0.531162;46.312491
79162_0120_00066;66;;Rue du Clouzis;79460;79162;Magné;;;-0.549635;46.31232
79162_0078_00088;88;;Avenue de la Briéserie;79460;79162;Magné;;;-0.55042;46.3132
79162_0392_00013;13;;Rue de la Reine des prés;79460;79162;Magné;;;-0.555637;46.316941
79162_ex5w7f_00004;4;;Rue Jean Bourolleau;79460;79162;Magné;;;-0.554358;46.319952
79162_y2d98w_00024;24;;Les Cénobites;79460;79162;Magné;;Les Cénobites tranquilles;-0.52872;46.312834
79162_0283_00001;1;;Rue des Petits Champs;79460;79162;Magné;;;-0.551672;46.314813
79162_0320_00010;10;;Rue du Pinier;79460;79162;Magné;;;-0.544256;46.31849
79162_0230_00088;88;;Route de Jousson;79460;79162;Magné;;;-0.541416;46.321812
79162_9awcj4_00059;59;;Chemin de la Fontaine Sainte Macrine;79460;79162;Magné;;;-0.554111;46.304428
79162_0260_00004;4;;Rue du Moulin;79460;79162;Magné;;;-0.545696;46.316868
79162_0415_00016;16;;Allée de la Seigneurie;79460;79162;Magné;;;-0.543527;46.316164
79162_0223_00007;7;;Rue du Héron cendré;79460;79162;Magné;;;-0.558536;46.316692
79162_0245_00025;25;;Rue Léonce Riffault;79460;79162;Magné;;;-0.550422;46.32037
79162_0272_00124;124;;Route de l'Ouchette;79460;79162;Magné;;;-0.550213;46.295696
79162_0085_00007;7;;Chemin des Cabanes du Gué;79460;79162;Magné;;;-0.566171;46.291803
79162_0440_00017;17;;Route de Tout-y-faut;79460;79162;Magné;;;-0.551824;46.311432
79162_0020_00016;16;;Chemin du Bateau a Chaine;79460;79162;Magné;;;-0.545772;46.319423
79162_fgcvgh_00005;5;;Place du Général Largeau;79460;79162;Magné;;;-0.543727;46.314881
79162_0250_00073;73;;Avenue du Marais Poitevin;79460;79162;Magné;;;-0.530303;46.312004
79162_0430_00004;4;;Impasse des Terres Rouges;79460;79162;Magné;;;-0.543619;46.31806
79162_0223_00011;11;;Rue du Héron cendré;79460;79162;Magné;;;-0.558536;46.316419
79162_0250_00339;339;;Avenue du Marais Poitevin;79460;79162;Magné;;;-0.546691;46.315188
79162_0440_00239;239;;Route de Tout-y-faut;79460;79162;Magné;;;-0.566131;46.311604
79162_0423_00137;137;;Chemin de la Souche;79460;79162;Magné;;;-0.55327;46.294344
79162_0440_00010;10;;Route de Tout-y-faut;79460;79162;Magné;;;-0.551515;46.311475
79162_0423_00101;101;;Chemin de la Souche;79460;79162;Magné;;;-0.555647;46.29485
79162_0011_00035;35;;Rue de l’Abreuvoir;79460;79162;Magné;;;-0.541123;46.31858
79162_0460_00057;57;;Chemin du Verdonnier;79460;79162;Magné;;;-0.530276;46.309828
79162_0360_00004;4;;Rue du Port Musqué;79460;79162;Magné;;;-0.544462;46.313262
79162_0310_00013;13;;Rue Pierre l'Homme;79460;79162;Magné;;;-0.546039;46.314508
79162_0035_00044;44;;Rue de Bel Air;79460;79162;Magné;;;-0.555115;46.302204
79162_0m2vii_00004;4;;Chemin de Monpensier;79460;79162;Magné;;;-0.567047;46.322012
79162_0250_00459;459;;Avenue du Marais Poitevin;79460;79162;Magné;;;-0.554992;46.315781
79162_0426_00091_a;91;a;Chemin de Tartifume;79460;79162;Magné;;;-0.551488;46.322399
79162_0290_00001;1;;Petite Rue Pilet;79460;79162;Magné;;;-0.544768;46.316129
79162_0440_00168;168;;Route de Tout-y-faut;79460;79162;Magné;;;-0.562392;46.312108
79162_0310_00015;15;;Rue Pierre l'Homme;79460;79162;Magné;;;-0.545915;46.314277
79162_0250_00269;269;;Avenue du Marais Poitevin;79460;79162;Magné;;;-0.5425;46.313864
79162_0440_00113;113;;Route de Tout-y-faut;79460;79162;Magné;;;-0.55803;46.311877
79162_0190_00007;7;;Rue du Four Banal;79460;79162;Magné;;;-0.546138;46.315453
79162_0390_00014;14;;Rue du Puits Saint Denis;79460;79162;Magné;;;-0.541965;46.318431
79162_0336_00006;6;;Quai du Pont Levis;79460;79162;Magné;;;-0.541809;46.315682
79162_0012_00001;1;;Allée de l'Artisanat;79460;79162;Magné;;;-0.560637;46.318884
79162_0454_00047;47;;Chemin de la Trigale;79460;79162;Magné;;;-0.58711;46.320391
79162_zl7zgm_00034;34;;Chemin de la Trappe aux loups;79460;79162;Magné;;;-0.5493;46.310861
79162_0223_00033;33;;Rue du Héron cendré;79460;79162;Magné;;;-0.557716;46.315539
79162_0270_00076;76;;Rue des Ouches;79460;79162;Magné;;;-0.551903;46.314288
79162_0268_00069;69;;Avenue des Ormes;79460;79162;Magné;;;-0.555139;46.312553
79162_0120_00089;89;;Rue du Clouzis;79460;79162;Magné;;;-0.550753;46.311411
79162_0160_00002;2;;Rue de l'Eglise;79460;79162;Magné;;;-0.543569;46.314646
79162_17sjxs_00018;18;;Rue de la Chevalerie;79460;79162;Magné;;;-0.545416;46.317129
79162_0220_00033;33;;Grande Rue;79460;79162;Magné;;;-0.54447;46.314142
79162_0170_00077_b;77;b;Rue des Fontenelles;79460;79162;Magné;;;-0.544645;46.310118
79162_0440_00160;160;;Route de Tout-y-faut;79460;79162;Magné;;;-0.561623;46.312043
79162_0250_00108;108;;Avenue du Marais Poitevin;79460;79162;Magné;;;-0.531966;46.312941
79162_0198_00011;11;;Allée des Frênes;79460;79162;Magné;;;-0.55271;46.31257
79162_0150_00046;46;;Route des deux Grèves;79460;79162;Magné;;;-0.54178;46.310312
79162_0410_00003;3;;Rue Saint Denis;79460;79162;Magné;;;-0.543452;46.318163
79162_0440_00083;83;;Route de Tout-y-faut;79460;79162;Magné;;;-0.556298;46.311681
79162_0423_00045;45;;Chemin de la Souche;79460;79162;Magné;;;-0.559299;46.295786
79162_0415_00028;28;;Allée de la Seigneurie;79460;79162;Magné;;;-0.542915;46.315896
79162_0393_00033;33;;Avenue de la Repentie;79460;79162;Magné;;;-0.578845;46.319787
79162_0030_00005;5;;Impasse du Batelier;79460;79162;Magné;;;-0.544679;46.314255
79162_0250_00341;341;;Avenue du Marais Poitevin;79460;79162;Magné;;;-0.546853;46.315093
79162_0270_00036;36;;Rue des Ouches;79460;79162;Magné;;;-0.551169;46.312398
79162_0440_00008;8;;Route de Tout-y-faut;79460;79162;Magné;;;-0.551487;46.31146
79162_0265_00018;18;;Rue du Nolivet;79460;79162;Magné;;;-0.54976;46.314699
79162_0090_00007;7;;Rue du Château;79460;79162;Magné;;;-0.544132;46.315928
79162_0120_00082;82;;Rue du Clouzis;79460;79162;Magné;;;-0.550408;46.312034
79162_0360_00011;11;;Rue du Port Musqué;79460;79162;Magné;;;-0.544146;46.313294
79162_0150_00004;4;;Route des deux Grèves;79460;79162;Magné;;;-0.544325;46.310744
79162_0461_00001;1;;Rue des Violettes;79460;79162;Magné;;;-0.555309;46.312767
79162_0247_00006;6;;Allée des Marais Galants;79460;79162;Magné;;;-0.54994;46.316628
79162_0250_00207;207;;Avenue du Marais Poitevin;79460;79162;Magné;;;-0.53825;46.313498
79162_0393_00043;43;;Avenue de la Repentie;79460;79162;Magné;;;-0.579173;46.320169
79162_0230_00093;93;;Route de Jousson;79460;79162;Magné;;;-0.541533;46.322037
79162_0088_00015;15;;Route de la Chapelle;79460;79162;Magné;;;-0.560523;46.297499
79162_0230_00130;130;;Route de Jousson;79460;79162;Magné;;;-0.541213;46.323696
79162_9awcj4_00089;89;;Chemin de la Fontaine Sainte Macrine;79460;79162;Magné;;;-0.555238;46.305263
79162_0260_00053;53;;Rue du Moulin;79460;79162;Magné;;;-0.549232;46.317419
79162_0394_00033;33;;Chemin de la Repentie;79460;79162;Magné;;;-0.581277;46.320206
79162_0268_00075;75;;Avenue des Ormes;79460;79162;Magné;;;-0.555295;46.312313
79162_0220_00088;88;;Grande Rue;79460;79162;Magné;;;-0.544569;46.315898
79162_ex5w7f_00009;9;;Rue Jean Bourolleau;79460;79162;Magné;;;-0.554241;46.319738
79162_0390_00003;3;;Rue du Puits Saint Denis;79460;79162;Magné;;;-0.542482;46.317941
79162_0260_00041;41;;Rue du Moulin;79460;79162;Magné;;;-0.548251;46.317289
79162_0223_00005;5;;Rue du Héron cendré;79460;79162;Magné;;;-0.558532;46.316734
79162_0020_00012;12;;Chemin du Bateau a Chaine;79460;79162;Magné;;;-0.545778;46.31928
79162_0246_00012;12;;Allée des Libellules;79460;79162;Magné;;;-0.553127;46.320355
79162_0200_00007;7;;Rue des Frères Largeau;79460;79162;Magné;;;-0.5445;46.315054
79162_0075_00076;76;;Chemin de la Brémaudière;79460;79162;Magné;;;-0.564921;46.298973
79162_0078_00057;57;;Avenue de la Briéserie;79460;79162;Magné;;;-0.548183;46.31369
79162_0350_00001;1;;Rue du Port Hulot;79460;79162;Magné;;;-0.545202;46.312228
79162_0250_00307;307;;Avenue du Marais Poitevin;79460;79162;Magné;;;-0.544529;46.314632
79162_0223_00016;16;;Rue du Héron cendré;79460;79162;Magné;;;-0.558394;46.315617
79162_0440_00219;219;;Route de Tout-y-faut;79460;79162;Magné;;;-0.564992;46.311699
79162_0220_00076;76;;Grande Rue;79460;79162;Magné;;;-0.544203;46.315634
79162_0426_00064;64;;Chemin de Tartifume;79460;79162;Magné;;;-0.551581;46.321035
79162_0330_00084;84;;Rue du Pinier Prolongée;79460;79162;Magné;;;-0.551102;46.318971
79162_0260_00124;124;;Rue du Moulin;79460;79162;Magné;;;-0.553544;46.318152
79162_0260_00140;140;;Rue du Moulin;79460;79162;Magné;;;-0.554541;46.318331
79162_0250_00542;542;;Avenue du Marais Poitevin;79460;79162;Magné;;;-0.559545;46.317781
79162_0200_00034;34;;Rue des Frères Largeau;79460;79162;Magné;;;-0.545856;46.315537
79162_0220_00089;89;;Grande Rue;79460;79162;Magné;;;-0.544718;46.315953
79162_0246_00005_a;5;a;Allée des Libellules;79460;79162;Magné;;;-0.552806;46.320736
79162_0078_00007;7;;Avenue de la Briéserie;79460;79162;Magné;;;-0.548378;46.315052
79162_0390_00010;10;;Rue du Puits Saint Denis;79460;79162;Magné;;;-0.542221;46.318178
79162_0272_00151;151;;Route de l'Ouchette;79460;79162;Magné;;;-0.55112;46.29464
79162_9awcj4_00016;16;;Chemin de la Fontaine Sainte Macrine;79460;79162;Magné;;;-0.551825;46.302829
79162_0440_00075;75;;Route de Tout-y-faut;79460;79162;Magné;;;-0.555709;46.311684
79162_0265_00021;21;;Rue du Nolivet;79460;79162;Magné;;;-0.550086;46.31406
79162_0150_00087;87;;Route des deux Grèves;79460;79162;Magné;;;-0.539441;46.309876
79162_0260_00088;88;;Rue du Moulin;79460;79162;Magné;;;-0.551383;46.317793
79162_9awcj4_00046;46;;Chemin de la Fontaine Sainte Macrine;79460;79162;Magné;;;-0.55337;46.303749
79162_0018_00007;7;;Chemin des Barberies;79460;79162;Magné;;;-0.566458;46.311551
79162_0033_00012;12;;Allée des Baudounes;79460;79162;Magné;;;-0.564199;46.293452
79162_17sjxs_00025;25;;Rue de la Chevalerie;79460;79162;Magné;;;-0.54557;46.317506
79162_0393_00031;31;;Avenue de la Repentie;79460;79162;Magné;;;-0.578693;46.319649
79162_0150_00139;139;;Route des deux Grèves;79460;79162;Magné;;;-0.537496;46.308588
79162_y2d98w_00030;30;;Les Cénobites;79460;79162;Magné;;Les Cénobites tranquilles;-0.529048;46.312882
79162_0230_00055;55;;Route de Jousson;79460;79162;Magné;;;-0.541968;46.320464
79162_0220_00063;63;;Grande Rue;79460;79162;Magné;;;-0.543781;46.315271
79162_0410_00006;6;;Rue Saint Denis;79460;79162;Magné;;;-0.543309;46.317994
79162_0260_00126_a;126;a;Rue du Moulin;79460;79162;Magné;;;-0.553763;46.318198
79162_cv4h4s_00002;2;;Chemin du Marais Pin;79460;79162;Magné;;;-0.558368;46.320391
79162_0393_00080;80;;Avenue de la Repentie;79460;79162;Magné;;;-0.580123;46.321395
79162_0440_00217;217;;Route de Tout-y-faut;79460;79162;Magné;;;-0.564902;46.311704
79162_0440_00216;216;;Route de Tout-y-faut;79460;79162;Magné;;;-0.565246;46.311827
79162_zl7zgm_00002;2;;Chemin de la Trappe aux loups;79460;79162;Magné;;;-0.549168;46.312191
79162_0119_00009;9;;Clos du Clouzis;79460;79162;Magné;;;-0.547792;46.312333
79162_0230_00017;17;;Route de Jousson;79460;79162;Magné;;;-0.543285;46.319015
79162_0015_00029;29;;Chemin des Ajoncs;79460;79162;Magné;;;-0.550687;46.316757
79162_0272_00181;181;;Route de l'Ouchette;79460;79162;Magné;;;-0.552778;46.293998
79162_0078_00103;103;;Avenue de la Briéserie;79460;79162;Magné;;;-0.549789;46.312868
79162_0461_00005;5;;Rue des Violettes;79460;79162;Magné;;;-0.555216;46.312998
79162_0016_00007;7;;Impasse des Ajoncs Bleus;79460;79162;Magné;;;-0.54969;46.316197
79162_0200_00010;10;;Rue des Frères Largeau;79460;79162;Magné;;;-0.544302;46.315103
79162_0226_00004;4;;Rue José Nadal;79460;79162;Magné;;;-0.551226;46.321576
79162_0265_00061;61;;Rue du Nolivet;79460;79162;Magné;;;-0.55128;46.313705
79162_0460_00079;79;;Chemin du Verdonnier;79460;79162;Magné;;;-0.531831;46.309478
79162_f9ytbz_00010;10;;Rue des Chenevières;79460;79162;Magné;;;-0.543838;46.319084
79162_0394_00045;45;;Chemin de la Repentie;79460;79162;Magné;;;-0.581543;46.320345
79162_0150_00028;28;;Route des deux Grèves;79460;79162;Magné;;;-0.543049;46.310138
79162_0250_00334;334;;Avenue du Marais Poitevin;79460;79162;Magné;;;-0.546336;46.315243
79162_0050_00011;11;;Rue du Bon Conseil;79460;79162;Magné;;;-0.543318;46.316923
79162_0265_00080;80;;Rue du Nolivet;79460;79162;Magné;;;-0.550917;46.314931
79162_0226_00017;17;;Rue José Nadal;79460;79162;Magné;;;-0.550457;46.321642
79162_0220_00092;92;;Grande Rue;79460;79162;Magné;;;-0.544528;46.316029
79162_0350_00015;15;;Rue du Port Hulot;79460;79162;Magné;;;-0.544332;46.312283
79162_0290_00007;7;;Petite Rue Pilet;79460;79162;Magné;;;-0.545311;46.316235
79162_0350_00034;34;;Rue du Port Hulot;79460;79162;Magné;;;-0.543371;46.311969
79162_0220_00094;94;;Grande Rue;79460;79162;Magné;;;-0.544492;46.316229
79162_0210_00003;3;;Rue du Grand Port;79460;79162;Magné;;;-0.543523;46.315166
79162_0016_00026;26;;Impasse des Ajoncs Bleus;79460;79162;Magné;;;-0.548509;46.315942
79162_0250_00183;183;;Avenue du Marais Poitevin;79460;79162;Magné;;;-0.536909;46.31322
79162_0440_00171;171;;Route de Tout-y-faut;79460;79162;Magné;;;-0.562006;46.311984
79162_0223_00024;24;;Rue du Héron cendré;79460;79162;Magné;;;-0.558578;46.315098
79162_0016_00008;8;;Impasse des Ajoncs Bleus;79460;79162;Magné;;;-0.550049;46.316163
79162_0440_00107;107;;Route de Tout-y-faut;79460;79162;Magné;;;-0.557635;46.311825
79162_0255_00003;3;;Rue du Martin pêcheur;79460;79162;Magné;;;-0.560153;46.317044
79162_0271_00037;37;;Rue des Oiseaux;79460;79162;Magné;;;-0.559223;46.317323
79162_0230_00156;156;;Route de Jousson;79460;79162;Magné;;;-0.540655;46.323098
79162_0310_00031;31;;Rue Pierre l'Homme;79460;79162;Magné;;;-0.545888;46.31376
79162_0440_00128;128;;Route de Tout-y-faut;79460;79162;Magné;;;-0.55921;46.311998
79162_0440_00172;172;;Route de Tout-y-faut;79460;79162;Magné;;;-0.562447;46.312088
79162_0045_00012;12;;Chemin du Bois Moreau;79460;79162;Magné;;;-0.56039;46.311438
79162_y2d98w_00003;3;;Les Cénobites;79460;79162;Magné;;Les Cénobites tranquilles;-0.529091;46.312484
79162_0415_00002;2;;Allée de la Seigneurie;79460;79162;Magné;;;-0.543488;46.316057
79162_0078_00099;99;;Avenue de la Briéserie;79460;79162;Magné;;;-0.549748;46.313004
79162_0260_00148;148;;Rue du Moulin;79460;79162;Magné;;;-0.555304;46.318507
79162_0198_00008;8;;Allée des Frênes;79460;79162;Magné;;;-0.552091;46.312919
79162_0250_00126;126;;Avenue du Marais Poitevin;79460;79162;Magné;;;-0.533326;46.313108
79162_0085_00086;86;;Chemin des Cabanes du Gué;79460;79162;Magné;;;-0.571138;46.292187
79162_0350_00005;5;;Rue du Port Hulot;79460;79162;Magné;;;-0.544985;46.312236
79162_0290_00006_a;6;a;Petite Rue Pilet;79460;79162;Magné;;;-0.545055;46.316293
79162_0011_00015;15;;Rue de l’Abreuvoir;79460;79162;Magné;;;-0.542333;46.3189
79162_0454_00001;1;;Chemin de la Trigale;79460;79162;Magné;;;-0.584478;46.320614
79162_0236_00347;347;;Route de la Garette;79460;79162;Magné;;;-0.585727;46.306165
79162_0170_00048;48;;Rue des Fontenelles;79460;79162;Magné;;;-0.545006;46.310998
79162_0250_00309;309;;Avenue du Marais Poitevin;79460;79162;Magné;;;-0.544604;46.314662
79162_0423_00057;57;;Chemin de la Souche;79460;79162;Magné;;;-0.558169;46.295829
79162_0228_00007;7;;Impasse de Jousson;79460;79162;Magné;;;-0.542032;46.323826
79162_0230_00100;100;;Route de Jousson;79460;79162;Magné;;;-0.541431;46.322456
79162_0426_00051;51;;Chemin de Tartifume;79460;79162;Magné;;;-0.551988;46.320621
79162_0350_00023;23;;Rue du Port Hulot;79460;79162;Magné;;;-0.543932;46.31223
79162_0080_00011;11;;Impasse de la Brieserie;79460;79162;Magné;;;-0.547366;46.313271
79162_0255_00014;14;;Rue du Martin pêcheur;79460;79162;Magné;;;-0.560174;46.316165
79162_17sjxs_00024;24;;Rue de la Chevalerie;79460;79162;Magné;;;-0.545421;46.317474
79162_0190_00016;16;;Rue du Four Banal;79460;79162;Magné;;;-0.54568;46.315904
79162_0440_00187;187;;Route de Tout-y-faut;79460;79162;Magné;;;-0.562672;46.311979
79162_0220_00110;110;;Grande Rue;79460;79162;Magné;;;-0.544065;46.316707
79162_0035_00005;5;;Rue de Bel Air;79460;79162;Magné;;;-0.553263;46.303431
79162_0090_00041;41;;Rue du Château;79460;79162;Magné;;;-0.544287;46.316105
79162_0440_00232_b;232;b;Route de Tout-y-faut;79460;79162;Magné;;;-0.565937;46.311711
